ISO-10303-21;
HEADER;
/* Generated by software containing ST-Developer
 * from STEP Tools, Inc. (www.steptools.com) 
 */

FILE_DESCRIPTION(
/* description */ (''),
/* implementation_level */ '2;1');

FILE_NAME(
/* name */ 'synth-brackets.stp',
/* time_stamp */ '2025-04-09T21:48:18+01:00',
/* author */ ('iwheard'),
/* organization */ (''),
/* preprocessor_version */ 'ST-DEVELOPER v20',
/* originating_system */ 'Autodesk Inventor 2024',
/* authorisation */ '');

FILE_SCHEMA (('AUTOMOTIVE_DESIGN { 1 0 10303 214 3 1 1 }'));
ENDSEC;

DATA;
#10=MECHANICAL_DESIGN_GEOMETRIC_PRESENTATION_REPRESENTATION('',(#13),#1873);
#11=SHAPE_REPRESENTATION_RELATIONSHIP('SRR','None',#1880,#12);
#12=ADVANCED_BREP_SHAPE_REPRESENTATION('',(#14),#1872);
#13=STYLED_ITEM('',(#1889),#14);
#14=MANIFOLD_SOLID_BREP('bracket',#742);
#15=CONICAL_SURFACE('',#779,3.,0.785398163397448);
#16=CONICAL_SURFACE('',#785,3.,0.785398163397448);
#17=CONICAL_SURFACE('',#788,3.,0.785398163397449);
#18=CONICAL_SURFACE('',#793,9.05,0.78539816339745);
#19=CONICAL_SURFACE('',#797,9.05,0.785398163397448);
#20=FACE_BOUND('',#139,.T.);
#21=FACE_BOUND('',#168,.T.);
#22=FACE_BOUND('',#176,.T.);
#23=CIRCLE('',#769,8.1);
#24=CIRCLE('',#770,4.);
#25=CIRCLE('',#775,8.1);
#26=CIRCLE('',#776,4.);
#27=CIRCLE('',#777,4.);
#28=CIRCLE('',#778,4.);
#29=CIRCLE('',#780,2.);
#30=CIRCLE('',#781,2.);
#31=CIRCLE('',#783,2.);
#32=CIRCLE('',#786,2.);
#33=CIRCLE('',#789,2.);
#34=CIRCLE('',#791,2.);
#35=CIRCLE('',#795,10.);
#36=CIRCLE('',#798,10.);
#37=CIRCLE('',#799,1.5);
#38=CIRCLE('',#802,1.5);
#39=CIRCLE('',#809,1.5);
#40=CIRCLE('',#812,1.5);
#41=CIRCLE('',#821,10.);
#42=CIRCLE('',#824,10.);
#43=CIRCLE('',#826,2.);
#44=ELLIPSE('',#767,2.30488611432322,1.5);
#45=ELLIPSE('',#773,5.74308812612953,1.7);
#46=ELLIPSE('',#794,9.0958949067766,6.38158534996966);
#47=ELLIPSE('',#796,9.0958949067766,6.38158534996966);
#48=ELLIPSE('',#800,3.47311099736245,3.);
#49=ELLIPSE('',#803,5.35714285714288,1.5);
#50=ELLIPSE('',#804,5.95390456690708,3.);
#51=ELLIPSE('',#806,19.8463485563569,10.);
#52=ELLIPSE('',#807,11.5770366578748,10.);
#53=ELLIPSE('',#810,6.35083153803421,3.2);
#54=ELLIPSE('',#813,2.52476621579987,1.7);
#55=ELLIPSE('',#814,3.70465173051995,3.2);
#56=ELLIPSE('',#816,11.5770366578748,10.);
#57=ELLIPSE('',#817,19.8463485563569,10.);
#58=ELLIPSE('',#820,14.1421356237309,10.);
#59=ELLIPSE('',#822,14.142135623731,10.);
#60=CYLINDRICAL_SURFACE('',#766,1.5);
#61=CYLINDRICAL_SURFACE('',#772,1.7);
#62=CYLINDRICAL_SURFACE('',#782,2.);
#63=CYLINDRICAL_SURFACE('',#790,2.);
#64=CYLINDRICAL_SURFACE('',#801,1.5);
#65=CYLINDRICAL_SURFACE('',#808,1.5);
#66=CYLINDRICAL_SURFACE('',#811,1.5);
#67=CYLINDRICAL_SURFACE('',#818,1.7);
#68=CYLINDRICAL_SURFACE('',#819,10.);
#69=CYLINDRICAL_SURFACE('',#823,10.);
#70=CYLINDRICAL_SURFACE('',#829,2.);
#71=(
BOUNDED_CURVE()
B_SPLINE_CURVE(2,(#1247,#1248,#1249),.UNSPECIFIED.,.F.,.F.)
B_SPLINE_CURVE_WITH_KNOTS((3,3),(0.000602727753543437,0.252905014205419),
 .UNSPECIFIED.)
CURVE()
GEOMETRIC_REPRESENTATION_ITEM()
RATIONAL_B_SPLINE_CURVE((1.,1.,1.))
REPRESENTATION_ITEM('')
);
#72=(
BOUNDED_CURVE()
B_SPLINE_CURVE(2,(#1260,#1261,#1262),.UNSPECIFIED.,.F.,.F.)
B_SPLINE_CURVE_WITH_KNOTS((3,3),(0.13623343851189,0.31543372597022),
 .UNSPECIFIED.)
CURVE()
GEOMETRIC_REPRESENTATION_ITEM()
RATIONAL_B_SPLINE_CURVE((1.29629629629459,1.47591092023099,1.61538461538595))
REPRESENTATION_ITEM('')
);
#73=(
BOUNDED_CURVE()
B_SPLINE_CURVE(2,(#1264,#1265,#1266),.UNSPECIFIED.,.F.,.F.)
B_SPLINE_CURVE_WITH_KNOTS((3,3),(0.31543372597022,1.56073257795915),
 .UNSPECIFIED.)
CURVE()
GEOMETRIC_REPRESENTATION_ITEM()
RATIONAL_B_SPLINE_CURVE((1.61538461538595,2.58461538461405,1.61538461538595))
REPRESENTATION_ITEM('')
);
#74=(
BOUNDED_CURVE()
B_SPLINE_CURVE(2,(#1268,#1269,#1270),.UNSPECIFIED.,.F.,.F.)
B_SPLINE_CURVE_WITH_KNOTS((3,3),(1.56073257795915,1.73993286541748),
 .UNSPECIFIED.)
CURVE()
GEOMETRIC_REPRESENTATION_ITEM()
RATIONAL_B_SPLINE_CURVE((1.61538461538595,1.47591092023099,1.29629629629459))
REPRESENTATION_ITEM('')
);
#75=(
BOUNDED_CURVE()
B_SPLINE_CURVE(2,(#1483,#1484,#1485),.UNSPECIFIED.,.F.,.F.)
B_SPLINE_CURVE_WITH_KNOTS((3,3),(0.,0.252267898502027),.UNSPECIFIED.)
CURVE()
GEOMETRIC_REPRESENTATION_ITEM()
RATIONAL_B_SPLINE_CURVE((1.,1.,1.))
REPRESENTATION_ITEM('')
);
#76=(
BOUNDED_CURVE()
B_SPLINE_CURVE(2,(#1638,#1639,#1640),.UNSPECIFIED.,.F.,.F.)
B_SPLINE_CURVE_WITH_KNOTS((3,3),(0.35869499933554,0.546025211589001),
 .UNSPECIFIED.)
CURVE()
GEOMETRIC_REPRESENTATION_ITEM()
RATIONAL_B_SPLINE_CURVE((1.07368153632716,1.08591895414701,1.09084182374925))
REPRESENTATION_ITEM('')
);
#77=(
BOUNDED_CURVE()
B_SPLINE_CURVE(2,(#1644,#1645,#1646),.UNSPECIFIED.,.F.,.F.)
B_SPLINE_CURVE_WITH_KNOTS((3,3),(0.805499784086636,0.985511040350487),
 .UNSPECIFIED.)
CURVE()
GEOMETRIC_REPRESENTATION_ITEM()
RATIONAL_B_SPLINE_CURVE((1.09044598736186,1.08544084061526,1.07368153638514))
REPRESENTATION_ITEM('')
);
#78=PLANE('',#765);
#79=PLANE('',#768);
#80=PLANE('',#771);
#81=PLANE('',#774);
#82=PLANE('',#784);
#83=PLANE('',#787);
#84=PLANE('',#792);
#85=PLANE('',#805);
#86=PLANE('',#815);
#87=PLANE('',#825);
#88=PLANE('',#827);
#89=PLANE('',#828);
#90=PLANE('',#830);
#91=PLANE('',#831);
#92=PLANE('',#832);
#93=PLANE('',#833);
#94=FACE_OUTER_BOUND('',#134,.T.);
#95=FACE_OUTER_BOUND('',#135,.T.);
#96=FACE_OUTER_BOUND('',#136,.T.);
#97=FACE_OUTER_BOUND('',#137,.T.);
#98=FACE_OUTER_BOUND('',#138,.T.);
#99=FACE_OUTER_BOUND('',#140,.T.);
#100=FACE_OUTER_BOUND('',#141,.T.);
#101=FACE_OUTER_BOUND('',#142,.T.);
#102=FACE_OUTER_BOUND('',#143,.T.);
#103=FACE_OUTER_BOUND('',#144,.T.);
#104=FACE_OUTER_BOUND('',#145,.T.);
#105=FACE_OUTER_BOUND('',#146,.T.);
#106=FACE_OUTER_BOUND('',#147,.T.);
#107=FACE_OUTER_BOUND('',#148,.T.);
#108=FACE_OUTER_BOUND('',#149,.T.);
#109=FACE_OUTER_BOUND('',#150,.T.);
#110=FACE_OUTER_BOUND('',#151,.T.);
#111=FACE_OUTER_BOUND('',#152,.T.);
#112=FACE_OUTER_BOUND('',#153,.T.);
#113=FACE_OUTER_BOUND('',#154,.T.);
#114=FACE_OUTER_BOUND('',#155,.T.);
#115=FACE_OUTER_BOUND('',#156,.T.);
#116=FACE_OUTER_BOUND('',#157,.T.);
#117=FACE_OUTER_BOUND('',#158,.T.);
#118=FACE_OUTER_BOUND('',#159,.T.);
#119=FACE_OUTER_BOUND('',#160,.T.);
#120=FACE_OUTER_BOUND('',#161,.T.);
#121=FACE_OUTER_BOUND('',#162,.T.);
#122=FACE_OUTER_BOUND('',#163,.T.);
#123=FACE_OUTER_BOUND('',#164,.T.);
#124=FACE_OUTER_BOUND('',#165,.T.);
#125=FACE_OUTER_BOUND('',#166,.T.);
#126=FACE_OUTER_BOUND('',#167,.T.);
#127=FACE_OUTER_BOUND('',#169,.T.);
#128=FACE_OUTER_BOUND('',#170,.T.);
#129=FACE_OUTER_BOUND('',#171,.T.);
#130=FACE_OUTER_BOUND('',#172,.T.);
#131=FACE_OUTER_BOUND('',#173,.T.);
#132=FACE_OUTER_BOUND('',#174,.T.);
#133=FACE_OUTER_BOUND('',#175,.T.);
#134=EDGE_LOOP('',(#472,#473,#474,#475));
#135=EDGE_LOOP('',(#476,#477,#478,#479));
#136=EDGE_LOOP('',(#480,#481,#482,#483));
#137=EDGE_LOOP('',(#484,#485,#486,#487,#488));
#138=EDGE_LOOP('',(#489,#490,#491,#492,#493,#494,#495,#496,#497,#498));
#139=EDGE_LOOP('',(#499));
#140=EDGE_LOOP('',(#500,#501,#502,#503));
#141=EDGE_LOOP('',(#504,#505,#506,#507));
#142=EDGE_LOOP('',(#508,#509,#510,#511));
#143=EDGE_LOOP('',(#512,#513,#514,#515,#516));
#144=EDGE_LOOP('',(#517,#518,#519,#520,#521,#522,#523,#524,#525,#526,#527,
#528));
#145=EDGE_LOOP('',(#529,#530,#531,#532,#533));
#146=EDGE_LOOP('',(#534,#535,#536,#537,#538));
#147=EDGE_LOOP('',(#539,#540,#541,#542));
#148=EDGE_LOOP('',(#543,#544,#545,#546));
#149=EDGE_LOOP('',(#547,#548,#549,#550));
#150=EDGE_LOOP('',(#551,#552,#553,#554,#555,#556,#557,#558,#559,#560));
#151=EDGE_LOOP('',(#561,#562,#563,#564));
#152=EDGE_LOOP('',(#565,#566,#567,#568));
#153=EDGE_LOOP('',(#569,#570,#571,#572,#573,#574));
#154=EDGE_LOOP('',(#575,#576,#577,#578,#579,#580));
#155=EDGE_LOOP('',(#581,#582,#583,#584,#585,#586));
#156=EDGE_LOOP('',(#587,#588,#589,#590));
#157=EDGE_LOOP('',(#591,#592,#593,#594,#595,#596));
#158=EDGE_LOOP('',(#597,#598,#599,#600,#601,#602,#603,#604,#605));
#159=EDGE_LOOP('',(#606,#607,#608,#609,#610));
#160=EDGE_LOOP('',(#611,#612,#613,#614,#615,#616));
#161=EDGE_LOOP('',(#617,#618,#619,#620));
#162=EDGE_LOOP('',(#621,#622,#623,#624,#625,#626));
#163=EDGE_LOOP('',(#627,#628,#629,#630,#631,#632,#633,#634,#635));
#164=EDGE_LOOP('',(#636,#637,#638,#639,#640));
#165=EDGE_LOOP('',(#641,#642,#643,#644,#645,#646,#647,#648));
#166=EDGE_LOOP('',(#649,#650,#651,#652,#653,#654,#655,#656));
#167=EDGE_LOOP('',(#657,#658,#659,#660));
#168=EDGE_LOOP('',(#661,#662,#663,#664));
#169=EDGE_LOOP('',(#665,#666,#667,#668));
#170=EDGE_LOOP('',(#669,#670,#671,#672));
#171=EDGE_LOOP('',(#673,#674,#675,#676));
#172=EDGE_LOOP('',(#677,#678,#679,#680));
#173=EDGE_LOOP('',(#681,#682,#683,#684));
#174=EDGE_LOOP('',(#685,#686,#687,#688));
#175=EDGE_LOOP('',(#689,#690,#691,#692));
#176=EDGE_LOOP('',(#693));
#177=LINE('',#1204,#222);
#178=LINE('',#1237,#223);
#179=LINE('',#1250,#224);
#180=LINE('',#1251,#225);
#181=LINE('',#1254,#226);
#182=LINE('',#1257,#227);
#183=LINE('',#1272,#228);
#184=LINE('',#1274,#229);
#185=LINE('',#1480,#230);
#186=LINE('',#1487,#231);
#187=LINE('',#1488,#232);
#188=LINE('',#1539,#233);
#189=LINE('',#1542,#234);
#190=LINE('',#1545,#235);
#191=LINE('',#1574,#236);
#192=LINE('',#1578,#237);
#193=LINE('',#1582,#238);
#194=LINE('',#1588,#239);
#195=LINE('',#1592,#240);
#196=LINE('',#1594,#241);
#197=LINE('',#1595,#242);
#198=LINE('',#1598,#243);
#199=LINE('',#1602,#244);
#200=LINE('',#1603,#245);
#201=LINE('',#1608,#246);
#202=LINE('',#1611,#247);
#203=LINE('',#1614,#248);
#204=LINE('',#1615,#249);
#205=LINE('',#1713,#250);
#206=LINE('',#1714,#251);
#207=LINE('',#1757,#252);
#208=LINE('',#1795,#253);
#209=LINE('',#1796,#254);
#210=LINE('',#1834,#255);
#211=LINE('',#1839,#256);
#212=LINE('',#1843,#257);
#213=LINE('',#1847,#258);
#214=LINE('',#1850,#259);
#215=LINE('',#1853,#260);
#216=LINE('',#1855,#261);
#217=LINE('',#1856,#262);
#218=LINE('',#1859,#263);
#219=LINE('',#1863,#264);
#220=LINE('',#1866,#265);
#221=LINE('',#1868,#266);
#222=VECTOR('',#836,10.);
#223=VECTOR('',#837,10.);
#224=VECTOR('',#840,10.);
#225=VECTOR('',#841,10.);
#226=VECTOR('',#844,10.);
#227=VECTOR('',#847,10.);
#228=VECTOR('',#850,10.);
#229=VECTOR('',#851,10.);
#230=VECTOR('',#856,10.);
#231=VECTOR('',#859,10.);
#232=VECTOR('',#860,10.);
#233=VECTOR('',#863,10.);
#234=VECTOR('',#866,10.);
#235=VECTOR('',#869,10.);
#236=VECTOR('',#874,10.);
#237=VECTOR('',#877,10.);
#238=VECTOR('',#882,3.);
#239=VECTOR('',#889,2.);
#240=VECTOR('',#894,10.);
#241=VECTOR('',#895,10.);
#242=VECTOR('',#896,10.);
#243=VECTOR('',#899,10.);
#244=VECTOR('',#904,10.);
#245=VECTOR('',#905,10.);
#246=VECTOR('',#912,10.);
#247=VECTOR('',#915,10.);
#248=VECTOR('',#918,10.);
#249=VECTOR('',#919,10.);
#250=VECTOR('',#940,10.);
#251=VECTOR('',#941,10.);
#252=VECTOR('',#954,10.);
#253=VECTOR('',#963,10.);
#254=VECTOR('',#964,10.);
#255=VECTOR('',#977,10.);
#256=VECTOR('',#982,10.);
#257=VECTOR('',#985,10.);
#258=VECTOR('',#990,10.);
#259=VECTOR('',#993,10.);
#260=VECTOR('',#996,10.);
#261=VECTOR('',#997,10.);
#262=VECTOR('',#998,10.);
#263=VECTOR('',#1001,10.);
#264=VECTOR('',#1008,10.);
#265=VECTOR('',#1013,10.);
#266=VECTOR('',#1016,10.);
#267=B_SPLINE_CURVE_WITH_KNOTS('',3,(#1058,#1059,#1060,#1061,#1062,#1063,
#1064,#1065,#1066,#1067,#1068,#1069,#1070,#1071,#1072,#1073,#1074,#1075,
#1076,#1077,#1078,#1079,#1080,#1081,#1082,#1083,#1084,#1085,#1086,#1087,
#1088,#1089,#1090,#1091,#1092,#1093,#1094,#1095,#1096,#1097,#1098,#1099,
#1100,#1101,#1102,#1103,#1104,#1105,#1106,#1107,#1108,#1109,#1110,#1111,
#1112,#1113,#1114,#1115,#1116,#1117,#1118,#1119,#1120,#1121,#1122,#1123,
#1124,#1125,#1126,#1127),.UNSPECIFIED.,.F.,.F.,(4,3,3,3,3,3,3,3,3,3,3,3,
3,3,3,3,3,3,3,3,3,3,3,4),(0.,0.0346032196905824,0.0704696623889404,0.107932167040687,
0.147529153375672,0.190255561008679,0.238800962460463,0.320913881804879,
0.366716450678604,0.407935864259831,0.446461933353511,0.483815276281464,
0.524325264707298,0.562801408938047,0.603739387003512,0.648479726741703,
0.703303642684887,0.766176600822043,0.812608349388868,0.854396342463982,
0.892386100926186,0.928954197722003,0.964477098861002,1.),.UNSPECIFIED.);
#268=B_SPLINE_CURVE_WITH_KNOTS('',3,(#1129,#1130,#1131,#1132),
 .UNSPECIFIED.,.F.,.F.,(4,4),(0.,1.),.UNSPECIFIED.);
#269=B_SPLINE_CURVE_WITH_KNOTS('',3,(#1134,#1135,#1136,#1137,#1138,#1139,
#1140,#1141,#1142,#1143,#1144,#1145,#1146,#1147,#1148,#1149,#1150,#1151,
#1152,#1153,#1154,#1155,#1156,#1157,#1158,#1159,#1160,#1161,#1162,#1163,
#1164,#1165,#1166,#1167,#1168,#1169,#1170,#1171,#1172,#1173,#1174,#1175,
#1176,#1177,#1178,#1179,#1180,#1181,#1182,#1183,#1184,#1185,#1186,#1187,
#1188,#1189,#1190,#1191,#1192,#1193,#1194,#1195,#1196,#1197,#1198,#1199,
#1200,#1201,#1202,#1203),.UNSPECIFIED.,.F.,.F.,(4,3,3,3,3,3,3,3,3,3,3,3,
3,3,3,3,3,3,3,3,3,3,3,4),(0.,0.0346145325008284,0.0704934328130498,0.107970069589352,
0.147583839422718,0.19033213496303,0.238921348974579,0.321398837927578,
0.367148636701232,0.40834422104491,0.446857081088611,0.484195777328909,
0.524508543024737,0.562985389615087,0.603927546750046,0.648679515153825,
0.7035627334872,0.766202012475095,0.812609862681251,0.854381882406032,0.892358975322101,
0.928915587762972,0.964457793881486,1.),.UNSPECIFIED.);
#270=B_SPLINE_CURVE_WITH_KNOTS('',3,(#1230,#1231,#1232,#1233,#1234,#1235),
 .UNSPECIFIED.,.F.,.F.,(4,1,1,4),(1.00239614854908,1.75918798213983,2.26371587120032,
2.76824376026082),.UNSPECIFIED.);
#271=B_SPLINE_CURVE_WITH_KNOTS('',3,(#1238,#1239,#1240,#1241,#1242,#1243),
 .UNSPECIFIED.,.F.,.F.,(4,1,1,4),(-2.76824376026082,-2.26371587120032,-1.75918798213983,
-1.00239614854908),.UNSPECIFIED.);
#272=B_SPLINE_CURVE_WITH_KNOTS('',3,(#1276,#1277,#1278,#1279,#1280,#1281,
#1282,#1283),.UNSPECIFIED.,.F.,.F.,(4,2,2,4),(-0.000789759963446535,0.,
0.0740924282311984,0.139988027474941),.UNSPECIFIED.);
#273=B_SPLINE_CURVE_WITH_KNOTS('',3,(#1286,#1287,#1288,#1289,#1290,#1291,
#1292,#1293),.UNSPECIFIED.,.F.,.F.,(4,2,2,4),(0.0988885434305617,0.12848846774999,
0.235410983281307,0.236481894620105),.UNSPECIFIED.);
#274=B_SPLINE_CURVE_WITH_KNOTS('',3,(#1334,#1335,#1336,#1337,#1338,#1339,
#1340,#1341,#1342,#1343,#1344,#1345,#1346,#1347,#1348,#1349,#1350,#1351,
#1352,#1353,#1354,#1355,#1356,#1357,#1358,#1359,#1360,#1361,#1362,#1363,
#1364,#1365,#1366,#1367,#1368,#1369,#1370,#1371,#1372,#1373,#1374,#1375,
#1376,#1377,#1378,#1379,#1380,#1381,#1382,#1383,#1384,#1385,#1386,#1387,
#1388,#1389,#1390,#1391,#1392,#1393,#1394,#1395,#1396,#1397,#1398,#1399,
#1400,#1401,#1402,#1403),.UNSPECIFIED.,.F.,.F.,(4,3,3,3,3,3,3,3,3,3,3,3,
3,3,3,3,3,3,3,3,3,3,3,4),(0.,0.0344979611190411,0.0702515155230388,0.107590324883373,
0.147046381460803,0.189599959733584,0.237857396925767,0.323405028418745,
0.368753738959337,0.409692520571448,0.448005357988483,0.485156508589366,
0.524938958789339,0.563335699018186,0.604193339377142,0.64885743277593,
0.703705906843396,0.766310843417257,0.812597756504999,0.854268133770926,
0.892154013276077,0.928624340642536,0.964312170321268,1.),.UNSPECIFIED.);
#275=B_SPLINE_CURVE_WITH_KNOTS('',3,(#1405,#1406,#1407,#1408),
 .UNSPECIFIED.,.F.,.F.,(4,4),(0.,1.),.UNSPECIFIED.);
#276=B_SPLINE_CURVE_WITH_KNOTS('',3,(#1410,#1411,#1412,#1413,#1414,#1415,
#1416,#1417,#1418,#1419,#1420,#1421,#1422,#1423,#1424,#1425,#1426,#1427,
#1428,#1429,#1430,#1431,#1432,#1433,#1434,#1435,#1436,#1437,#1438,#1439,
#1440,#1441,#1442,#1443,#1444,#1445,#1446,#1447,#1448,#1449,#1450,#1451,
#1452,#1453,#1454,#1455,#1456,#1457,#1458,#1459,#1460,#1461,#1462,#1463,
#1464,#1465,#1466,#1467,#1468,#1469,#1470,#1471,#1472,#1473,#1474,#1475,
#1476,#1477,#1478,#1479),.UNSPECIFIED.,.F.,.F.,(4,3,3,3,3,3,3,3,3,3,3,3,
3,3,3,3,3,3,3,3,3,3,3,4),(0.,0.0345137977574514,0.0702847206543115,0.107643133719678,
0.147122363483895,0.189705912855082,0.238020536566154,0.323723268445455,
0.369044849963022,0.409974567376883,0.448284938612,0.485431558120637,0.525079431600118,
0.563470999767618,0.604325791091348,0.6489923577583,0.703881458788781,0.76630157247547,
0.812562262763243,0.854213594257011,0.892083333409868,0.928538795708391,
0.964269397854195,1.),.UNSPECIFIED.);
#277=B_SPLINE_CURVE_WITH_KNOTS('',3,(#1521,#1522,#1523,#1524,#1525,#1526,
#1527,#1528),.UNSPECIFIED.,.F.,.F.,(4,1,1,1,1,4),(1.06333389551169,1.65712211210543,
2.25091032869918,2.84469854529292,2.91892207236714,3.14159265358979),
 .UNSPECIFIED.);
#278=B_SPLINE_CURVE_WITH_KNOTS('',3,(#1529,#1530,#1531,#1532,#1533,#1534,
#1535,#1536),.UNSPECIFIED.,.F.,.F.,(4,1,1,1,1,4),(-3.14159265358979,-2.91892207236714,
-2.84469854529292,-2.25091032869918,-1.65712211210543,-1.06333389551169),
 .UNSPECIFIED.);
#279=B_SPLINE_CURVE_WITH_KNOTS('',3,(#1547,#1548,#1549,#1550,#1551,#1552,
#1553,#1554,#1555,#1556),.UNSPECIFIED.,.F.,.F.,(4,2,2,2,4),(-0.00051561538890947,
0.,0.0353737678219729,0.0732647396700271,0.0984846801267253),
 .UNSPECIFIED.);
#280=B_SPLINE_CURVE_WITH_KNOTS('',3,(#1559,#1560,#1561,#1562,#1563,#1564,
#1565,#1566,#1567,#1568,#1569,#1570),.UNSPECIFIED.,.F.,.F.,(4,2,2,2,2,4),
(0.0052054805816802,0.0172899385382375,0.0608917249115055,0.0919866579289251,
0.122184254659454,0.122717829952829),.UNSPECIFIED.);
#281=B_SPLINE_CURVE_WITH_KNOTS('',3,(#1624,#1625,#1626,#1627),
 .UNSPECIFIED.,.F.,.F.,(4,4),(-0.00395352296996455,0.),.UNSPECIFIED.);
#282=B_SPLINE_CURVE_WITH_KNOTS('',3,(#1628,#1629,#1630,#1631,#1632,#1633,
#1634),.UNSPECIFIED.,.F.,.F.,(4,3,4),(-0.392279936857564,-0.383042969865442,
-0.375110798783535),.UNSPECIFIED.);
#283=B_SPLINE_CURVE_WITH_KNOTS('',3,(#1647,#1648,#1649,#1650,#1651,#1652),
 .UNSPECIFIED.,.F.,.F.,(4,2,4),(-0.0716780516023162,-0.0406291136629206,
0.),.UNSPECIFIED.);
#284=B_SPLINE_CURVE_WITH_KNOTS('',3,(#1653,#1654,#1655,#1656,#1657,#1658,
#1659,#1660,#1661,#1662,#1663,#1664,#1665,#1666,#1667,#1668,#1669,#1670,
#1671,#1672,#1673,#1674),.UNSPECIFIED.,.F.,.F.,(4,3,3,3,3,3,3,4),(-0.225976144066717,
-0.211885563153446,-0.197619872081913,-0.194203293549261,-0.179865473973004,
-0.165345986914755,-0.161406759576183,-0.15691111484622),.UNSPECIFIED.);
#285=B_SPLINE_CURVE_WITH_KNOTS('',3,(#1703,#1704,#1705,#1706,#1707),
 .UNSPECIFIED.,.F.,.F.,(4,1,4),(0.430751645427877,0.673198425769242,0.719721404700251),
 .UNSPECIFIED.);
#286=B_SPLINE_CURVE_WITH_KNOTS('',3,(#1748,#1749,#1750,#1751),
 .UNSPECIFIED.,.F.,.F.,(4,4),(-0.371213688403819,-0.292821503890735),
 .UNSPECIFIED.);
#287=B_SPLINE_CURVE_WITH_KNOTS('',3,(#1786,#1787,#1788,#1789),
 .UNSPECIFIED.,.F.,.F.,(4,4),(0.340590673243856,0.358565942578264),
 .UNSPECIFIED.);
#288=B_SPLINE_CURVE_WITH_KNOTS('',3,(#1825,#1826,#1827,#1828),
 .UNSPECIFIED.,.F.,.F.,(4,4),(5.58722681277312,5.82649393219854),
 .UNSPECIFIED.);
#289=VERTEX_POINT('',#1056);
#290=VERTEX_POINT('',#1057);
#291=VERTEX_POINT('',#1128);
#292=VERTEX_POINT('',#1133);
#293=VERTEX_POINT('',#1229);
#294=VERTEX_POINT('',#1236);
#295=VERTEX_POINT('',#1245);
#296=VERTEX_POINT('',#1246);
#297=VERTEX_POINT('',#1253);
#298=VERTEX_POINT('',#1255);
#299=VERTEX_POINT('',#1259);
#300=VERTEX_POINT('',#1263);
#301=VERTEX_POINT('',#1267);
#302=VERTEX_POINT('',#1271);
#303=VERTEX_POINT('',#1273);
#304=VERTEX_POINT('',#1275);
#305=VERTEX_POINT('',#1284);
#306=VERTEX_POINT('',#1294);
#307=VERTEX_POINT('',#1332);
#308=VERTEX_POINT('',#1333);
#309=VERTEX_POINT('',#1404);
#310=VERTEX_POINT('',#1409);
#311=VERTEX_POINT('',#1482);
#312=VERTEX_POINT('',#1486);
#313=VERTEX_POINT('',#1538);
#314=VERTEX_POINT('',#1540);
#315=VERTEX_POINT('',#1544);
#316=VERTEX_POINT('',#1546);
#317=VERTEX_POINT('',#1557);
#318=VERTEX_POINT('',#1571);
#319=VERTEX_POINT('',#1573);
#320=VERTEX_POINT('',#1575);
#321=VERTEX_POINT('',#1577);
#322=VERTEX_POINT('',#1581);
#323=VERTEX_POINT('',#1583);
#324=VERTEX_POINT('',#1587);
#325=VERTEX_POINT('',#1591);
#326=VERTEX_POINT('',#1593);
#327=VERTEX_POINT('',#1597);
#328=VERTEX_POINT('',#1601);
#329=VERTEX_POINT('',#1607);
#330=VERTEX_POINT('',#1609);
#331=VERTEX_POINT('',#1613);
#332=VERTEX_POINT('',#1617);
#333=VERTEX_POINT('',#1618);
#334=VERTEX_POINT('',#1620);
#335=VERTEX_POINT('',#1622);
#336=VERTEX_POINT('',#1636);
#337=VERTEX_POINT('',#1637);
#338=VERTEX_POINT('',#1641);
#339=VERTEX_POINT('',#1643);
#340=VERTEX_POINT('',#1700);
#341=VERTEX_POINT('',#1702);
#342=VERTEX_POINT('',#1710);
#343=VERTEX_POINT('',#1711);
#344=VERTEX_POINT('',#1746);
#345=VERTEX_POINT('',#1753);
#346=VERTEX_POINT('',#1783);
#347=VERTEX_POINT('',#1785);
#348=VERTEX_POINT('',#1792);
#349=VERTEX_POINT('',#1793);
#350=VERTEX_POINT('',#1823);
#351=VERTEX_POINT('',#1830);
#352=VERTEX_POINT('',#1836);
#353=VERTEX_POINT('',#1838);
#354=VERTEX_POINT('',#1840);
#355=VERTEX_POINT('',#1842);
#356=VERTEX_POINT('',#1846);
#357=VERTEX_POINT('',#1848);
#358=VERTEX_POINT('',#1852);
#359=VERTEX_POINT('',#1854);
#360=VERTEX_POINT('',#1857);
#361=EDGE_CURVE('',#289,#290,#267,.T.);
#362=EDGE_CURVE('',#291,#290,#268,.T.);
#363=EDGE_CURVE('',#291,#292,#269,.T.);
#364=EDGE_CURVE('',#292,#289,#177,.T.);
#365=EDGE_CURVE('',#290,#293,#270,.T.);
#366=EDGE_CURVE('',#293,#294,#178,.T.);
#367=EDGE_CURVE('',#294,#291,#271,.T.);
#368=EDGE_CURVE('',#295,#296,#71,.T.);
#369=EDGE_CURVE('',#296,#294,#179,.T.);
#370=EDGE_CURVE('',#293,#295,#180,.T.);
#371=EDGE_CURVE('',#294,#297,#181,.T.);
#372=EDGE_CURVE('',#298,#297,#44,.T.);
#373=EDGE_CURVE('',#298,#292,#182,.T.);
#374=EDGE_CURVE('',#296,#299,#72,.T.);
#375=EDGE_CURVE('',#299,#300,#73,.T.);
#376=EDGE_CURVE('',#300,#301,#74,.T.);
#377=EDGE_CURVE('',#302,#301,#183,.T.);
#378=EDGE_CURVE('',#303,#302,#184,.T.);
#379=EDGE_CURVE('',#304,#303,#272,.F.);
#380=EDGE_CURVE('',#305,#304,#23,.T.);
#381=EDGE_CURVE('',#297,#305,#273,.F.);
#382=EDGE_CURVE('',#306,#306,#24,.T.);
#383=EDGE_CURVE('',#307,#308,#274,.T.);
#384=EDGE_CURVE('',#309,#308,#275,.T.);
#385=EDGE_CURVE('',#309,#310,#276,.T.);
#386=EDGE_CURVE('',#310,#307,#185,.T.);
#387=EDGE_CURVE('',#301,#311,#75,.T.);
#388=EDGE_CURVE('',#311,#312,#186,.T.);
#389=EDGE_CURVE('',#312,#302,#187,.T.);
#390=EDGE_CURVE('',#308,#302,#277,.T.);
#391=EDGE_CURVE('',#312,#309,#278,.T.);
#392=EDGE_CURVE('',#312,#313,#188,.T.);
#393=EDGE_CURVE('',#314,#313,#45,.T.);
#394=EDGE_CURVE('',#314,#310,#189,.T.);
#395=EDGE_CURVE('',#315,#293,#190,.T.);
#396=EDGE_CURVE('',#316,#315,#279,.F.);
#397=EDGE_CURVE('',#317,#316,#25,.T.);
#398=EDGE_CURVE('',#313,#317,#280,.F.);
#399=EDGE_CURVE('',#318,#311,#26,.T.);
#400=EDGE_CURVE('',#319,#318,#191,.T.);
#401=EDGE_CURVE('',#320,#319,#27,.T.);
#402=EDGE_CURVE('',#321,#320,#192,.T.);
#403=EDGE_CURVE('',#295,#321,#28,.T.);
#404=EDGE_CURVE('',#306,#322,#193,.T.);
#405=EDGE_CURVE('',#322,#323,#29,.T.);
#406=EDGE_CURVE('',#323,#322,#30,.T.);
#407=EDGE_CURVE('',#323,#324,#194,.T.);
#408=EDGE_CURVE('',#324,#324,#31,.T.);
#409=EDGE_CURVE('',#325,#319,#195,.T.);
#410=EDGE_CURVE('',#318,#326,#196,.T.);
#411=EDGE_CURVE('',#326,#325,#197,.T.);
#412=EDGE_CURVE('',#327,#320,#198,.T.);
#413=EDGE_CURVE('',#325,#327,#32,.T.);
#414=EDGE_CURVE('',#328,#321,#199,.T.);
#415=EDGE_CURVE('',#327,#328,#200,.T.);
#416=EDGE_CURVE('',#328,#326,#33,.T.);
#417=EDGE_CURVE('',#325,#329,#201,.T.);
#418=EDGE_CURVE('',#330,#329,#34,.T.);
#419=EDGE_CURVE('',#327,#330,#202,.T.);
#420=EDGE_CURVE('',#326,#331,#203,.T.);
#421=EDGE_CURVE('',#329,#331,#204,.T.);
#422=EDGE_CURVE('',#332,#333,#46,.F.);
#423=EDGE_CURVE('',#333,#334,#35,.T.);
#424=EDGE_CURVE('',#335,#334,#47,.T.);
#425=EDGE_CURVE('',#317,#335,#281,.T.);
#426=EDGE_CURVE('',#316,#332,#282,.F.);
#427=EDGE_CURVE('',#336,#337,#76,.F.);
#428=EDGE_CURVE('',#337,#338,#36,.T.);
#429=EDGE_CURVE('',#339,#338,#77,.T.);
#430=EDGE_CURVE('',#305,#339,#283,.T.);
#431=EDGE_CURVE('',#304,#336,#284,.F.);
#432=EDGE_CURVE('',#340,#298,#37,.T.);
#433=EDGE_CURVE('',#339,#341,#285,.T.);
#434=EDGE_CURVE('',#341,#340,#48,.T.);
#435=EDGE_CURVE('',#342,#343,#38,.T.);
#436=EDGE_CURVE('',#343,#298,#205,.T.);
#437=EDGE_CURVE('',#340,#342,#206,.T.);
#438=EDGE_CURVE('',#315,#343,#49,.T.);
#439=EDGE_CURVE('',#342,#344,#50,.T.);
#440=EDGE_CURVE('',#332,#344,#286,.F.);
#441=EDGE_CURVE('',#345,#338,#51,.T.);
#442=EDGE_CURVE('',#345,#333,#52,.T.);
#443=EDGE_CURVE('',#289,#343,#207,.T.);
#444=EDGE_CURVE('',#346,#314,#39,.T.);
#445=EDGE_CURVE('',#335,#347,#287,.T.);
#446=EDGE_CURVE('',#347,#346,#53,.T.);
#447=EDGE_CURVE('',#348,#349,#40,.T.);
#448=EDGE_CURVE('',#349,#314,#208,.T.);
#449=EDGE_CURVE('',#346,#348,#209,.T.);
#450=EDGE_CURVE('',#303,#349,#54,.T.);
#451=EDGE_CURVE('',#348,#350,#55,.T.);
#452=EDGE_CURVE('',#336,#350,#288,.F.);
#453=EDGE_CURVE('',#351,#334,#56,.T.);
#454=EDGE_CURVE('',#351,#337,#57,.T.);
#455=EDGE_CURVE('',#307,#349,#210,.T.);
#456=EDGE_CURVE('',#352,#345,#58,.T.);
#457=EDGE_CURVE('',#352,#353,#211,.T.);
#458=EDGE_CURVE('',#353,#354,#41,.T.);
#459=EDGE_CURVE('',#354,#355,#212,.T.);
#460=EDGE_CURVE('',#351,#355,#59,.T.);
#461=EDGE_CURVE('',#355,#356,#213,.T.);
#462=EDGE_CURVE('',#356,#357,#42,.T.);
#463=EDGE_CURVE('',#357,#352,#214,.T.);
#464=EDGE_CURVE('',#358,#353,#215,.T.);
#465=EDGE_CURVE('',#358,#359,#216,.T.);
#466=EDGE_CURVE('',#359,#354,#217,.T.);
#467=EDGE_CURVE('',#331,#360,#43,.T.);
#468=EDGE_CURVE('',#360,#330,#218,.T.);
#469=EDGE_CURVE('',#328,#360,#219,.T.);
#470=EDGE_CURVE('',#357,#358,#220,.T.);
#471=EDGE_CURVE('',#359,#356,#221,.T.);
#472=ORIENTED_EDGE('',*,*,#361,.T.);
#473=ORIENTED_EDGE('',*,*,#362,.F.);
#474=ORIENTED_EDGE('',*,*,#363,.T.);
#475=ORIENTED_EDGE('',*,*,#364,.T.);
#476=ORIENTED_EDGE('',*,*,#362,.T.);
#477=ORIENTED_EDGE('',*,*,#365,.T.);
#478=ORIENTED_EDGE('',*,*,#366,.T.);
#479=ORIENTED_EDGE('',*,*,#367,.T.);
#480=ORIENTED_EDGE('',*,*,#368,.T.);
#481=ORIENTED_EDGE('',*,*,#369,.T.);
#482=ORIENTED_EDGE('',*,*,#366,.F.);
#483=ORIENTED_EDGE('',*,*,#370,.T.);
#484=ORIENTED_EDGE('',*,*,#363,.F.);
#485=ORIENTED_EDGE('',*,*,#367,.F.);
#486=ORIENTED_EDGE('',*,*,#371,.T.);
#487=ORIENTED_EDGE('',*,*,#372,.F.);
#488=ORIENTED_EDGE('',*,*,#373,.T.);
#489=ORIENTED_EDGE('',*,*,#369,.F.);
#490=ORIENTED_EDGE('',*,*,#374,.T.);
#491=ORIENTED_EDGE('',*,*,#375,.T.);
#492=ORIENTED_EDGE('',*,*,#376,.T.);
#493=ORIENTED_EDGE('',*,*,#377,.F.);
#494=ORIENTED_EDGE('',*,*,#378,.F.);
#495=ORIENTED_EDGE('',*,*,#379,.F.);
#496=ORIENTED_EDGE('',*,*,#380,.F.);
#497=ORIENTED_EDGE('',*,*,#381,.F.);
#498=ORIENTED_EDGE('',*,*,#371,.F.);
#499=ORIENTED_EDGE('',*,*,#382,.F.);
#500=ORIENTED_EDGE('',*,*,#383,.T.);
#501=ORIENTED_EDGE('',*,*,#384,.F.);
#502=ORIENTED_EDGE('',*,*,#385,.T.);
#503=ORIENTED_EDGE('',*,*,#386,.T.);
#504=ORIENTED_EDGE('',*,*,#387,.T.);
#505=ORIENTED_EDGE('',*,*,#388,.T.);
#506=ORIENTED_EDGE('',*,*,#389,.T.);
#507=ORIENTED_EDGE('',*,*,#377,.T.);
#508=ORIENTED_EDGE('',*,*,#384,.T.);
#509=ORIENTED_EDGE('',*,*,#390,.T.);
#510=ORIENTED_EDGE('',*,*,#389,.F.);
#511=ORIENTED_EDGE('',*,*,#391,.T.);
#512=ORIENTED_EDGE('',*,*,#385,.F.);
#513=ORIENTED_EDGE('',*,*,#391,.F.);
#514=ORIENTED_EDGE('',*,*,#392,.T.);
#515=ORIENTED_EDGE('',*,*,#393,.F.);
#516=ORIENTED_EDGE('',*,*,#394,.T.);
#517=ORIENTED_EDGE('',*,*,#370,.F.);
#518=ORIENTED_EDGE('',*,*,#395,.F.);
#519=ORIENTED_EDGE('',*,*,#396,.F.);
#520=ORIENTED_EDGE('',*,*,#397,.F.);
#521=ORIENTED_EDGE('',*,*,#398,.F.);
#522=ORIENTED_EDGE('',*,*,#392,.F.);
#523=ORIENTED_EDGE('',*,*,#388,.F.);
#524=ORIENTED_EDGE('',*,*,#399,.F.);
#525=ORIENTED_EDGE('',*,*,#400,.F.);
#526=ORIENTED_EDGE('',*,*,#401,.F.);
#527=ORIENTED_EDGE('',*,*,#402,.F.);
#528=ORIENTED_EDGE('',*,*,#403,.F.);
#529=ORIENTED_EDGE('',*,*,#382,.T.);
#530=ORIENTED_EDGE('',*,*,#404,.T.);
#531=ORIENTED_EDGE('',*,*,#405,.T.);
#532=ORIENTED_EDGE('',*,*,#406,.T.);
#533=ORIENTED_EDGE('',*,*,#404,.F.);
#534=ORIENTED_EDGE('',*,*,#405,.F.);
#535=ORIENTED_EDGE('',*,*,#406,.F.);
#536=ORIENTED_EDGE('',*,*,#407,.T.);
#537=ORIENTED_EDGE('',*,*,#408,.F.);
#538=ORIENTED_EDGE('',*,*,#407,.F.);
#539=ORIENTED_EDGE('',*,*,#409,.T.);
#540=ORIENTED_EDGE('',*,*,#400,.T.);
#541=ORIENTED_EDGE('',*,*,#410,.T.);
#542=ORIENTED_EDGE('',*,*,#411,.T.);
#543=ORIENTED_EDGE('',*,*,#412,.T.);
#544=ORIENTED_EDGE('',*,*,#401,.T.);
#545=ORIENTED_EDGE('',*,*,#409,.F.);
#546=ORIENTED_EDGE('',*,*,#413,.T.);
#547=ORIENTED_EDGE('',*,*,#414,.T.);
#548=ORIENTED_EDGE('',*,*,#402,.T.);
#549=ORIENTED_EDGE('',*,*,#412,.F.);
#550=ORIENTED_EDGE('',*,*,#415,.T.);
#551=ORIENTED_EDGE('',*,*,#375,.F.);
#552=ORIENTED_EDGE('',*,*,#374,.F.);
#553=ORIENTED_EDGE('',*,*,#368,.F.);
#554=ORIENTED_EDGE('',*,*,#403,.T.);
#555=ORIENTED_EDGE('',*,*,#414,.F.);
#556=ORIENTED_EDGE('',*,*,#416,.T.);
#557=ORIENTED_EDGE('',*,*,#410,.F.);
#558=ORIENTED_EDGE('',*,*,#399,.T.);
#559=ORIENTED_EDGE('',*,*,#387,.F.);
#560=ORIENTED_EDGE('',*,*,#376,.F.);
#561=ORIENTED_EDGE('',*,*,#413,.F.);
#562=ORIENTED_EDGE('',*,*,#417,.T.);
#563=ORIENTED_EDGE('',*,*,#418,.F.);
#564=ORIENTED_EDGE('',*,*,#419,.F.);
#565=ORIENTED_EDGE('',*,*,#411,.F.);
#566=ORIENTED_EDGE('',*,*,#420,.T.);
#567=ORIENTED_EDGE('',*,*,#421,.F.);
#568=ORIENTED_EDGE('',*,*,#417,.F.);
#569=ORIENTED_EDGE('',*,*,#422,.T.);
#570=ORIENTED_EDGE('',*,*,#423,.T.);
#571=ORIENTED_EDGE('',*,*,#424,.F.);
#572=ORIENTED_EDGE('',*,*,#425,.F.);
#573=ORIENTED_EDGE('',*,*,#397,.T.);
#574=ORIENTED_EDGE('',*,*,#426,.T.);
#575=ORIENTED_EDGE('',*,*,#427,.T.);
#576=ORIENTED_EDGE('',*,*,#428,.T.);
#577=ORIENTED_EDGE('',*,*,#429,.F.);
#578=ORIENTED_EDGE('',*,*,#430,.F.);
#579=ORIENTED_EDGE('',*,*,#380,.T.);
#580=ORIENTED_EDGE('',*,*,#431,.T.);
#581=ORIENTED_EDGE('',*,*,#432,.T.);
#582=ORIENTED_EDGE('',*,*,#372,.T.);
#583=ORIENTED_EDGE('',*,*,#381,.T.);
#584=ORIENTED_EDGE('',*,*,#430,.T.);
#585=ORIENTED_EDGE('',*,*,#433,.T.);
#586=ORIENTED_EDGE('',*,*,#434,.T.);
#587=ORIENTED_EDGE('',*,*,#435,.T.);
#588=ORIENTED_EDGE('',*,*,#436,.T.);
#589=ORIENTED_EDGE('',*,*,#432,.F.);
#590=ORIENTED_EDGE('',*,*,#437,.T.);
#591=ORIENTED_EDGE('',*,*,#396,.T.);
#592=ORIENTED_EDGE('',*,*,#438,.T.);
#593=ORIENTED_EDGE('',*,*,#435,.F.);
#594=ORIENTED_EDGE('',*,*,#439,.T.);
#595=ORIENTED_EDGE('',*,*,#440,.F.);
#596=ORIENTED_EDGE('',*,*,#426,.F.);
#597=ORIENTED_EDGE('',*,*,#439,.F.);
#598=ORIENTED_EDGE('',*,*,#437,.F.);
#599=ORIENTED_EDGE('',*,*,#434,.F.);
#600=ORIENTED_EDGE('',*,*,#433,.F.);
#601=ORIENTED_EDGE('',*,*,#429,.T.);
#602=ORIENTED_EDGE('',*,*,#441,.F.);
#603=ORIENTED_EDGE('',*,*,#442,.T.);
#604=ORIENTED_EDGE('',*,*,#422,.F.);
#605=ORIENTED_EDGE('',*,*,#440,.T.);
#606=ORIENTED_EDGE('',*,*,#361,.F.);
#607=ORIENTED_EDGE('',*,*,#443,.T.);
#608=ORIENTED_EDGE('',*,*,#438,.F.);
#609=ORIENTED_EDGE('',*,*,#395,.T.);
#610=ORIENTED_EDGE('',*,*,#365,.F.);
#611=ORIENTED_EDGE('',*,*,#444,.T.);
#612=ORIENTED_EDGE('',*,*,#393,.T.);
#613=ORIENTED_EDGE('',*,*,#398,.T.);
#614=ORIENTED_EDGE('',*,*,#425,.T.);
#615=ORIENTED_EDGE('',*,*,#445,.T.);
#616=ORIENTED_EDGE('',*,*,#446,.T.);
#617=ORIENTED_EDGE('',*,*,#447,.T.);
#618=ORIENTED_EDGE('',*,*,#448,.T.);
#619=ORIENTED_EDGE('',*,*,#444,.F.);
#620=ORIENTED_EDGE('',*,*,#449,.T.);
#621=ORIENTED_EDGE('',*,*,#379,.T.);
#622=ORIENTED_EDGE('',*,*,#450,.T.);
#623=ORIENTED_EDGE('',*,*,#447,.F.);
#624=ORIENTED_EDGE('',*,*,#451,.T.);
#625=ORIENTED_EDGE('',*,*,#452,.F.);
#626=ORIENTED_EDGE('',*,*,#431,.F.);
#627=ORIENTED_EDGE('',*,*,#451,.F.);
#628=ORIENTED_EDGE('',*,*,#449,.F.);
#629=ORIENTED_EDGE('',*,*,#446,.F.);
#630=ORIENTED_EDGE('',*,*,#445,.F.);
#631=ORIENTED_EDGE('',*,*,#424,.T.);
#632=ORIENTED_EDGE('',*,*,#453,.F.);
#633=ORIENTED_EDGE('',*,*,#454,.T.);
#634=ORIENTED_EDGE('',*,*,#427,.F.);
#635=ORIENTED_EDGE('',*,*,#452,.T.);
#636=ORIENTED_EDGE('',*,*,#383,.F.);
#637=ORIENTED_EDGE('',*,*,#455,.T.);
#638=ORIENTED_EDGE('',*,*,#450,.F.);
#639=ORIENTED_EDGE('',*,*,#378,.T.);
#640=ORIENTED_EDGE('',*,*,#390,.F.);
#641=ORIENTED_EDGE('',*,*,#442,.F.);
#642=ORIENTED_EDGE('',*,*,#456,.F.);
#643=ORIENTED_EDGE('',*,*,#457,.T.);
#644=ORIENTED_EDGE('',*,*,#458,.T.);
#645=ORIENTED_EDGE('',*,*,#459,.T.);
#646=ORIENTED_EDGE('',*,*,#460,.F.);
#647=ORIENTED_EDGE('',*,*,#453,.T.);
#648=ORIENTED_EDGE('',*,*,#423,.F.);
#649=ORIENTED_EDGE('',*,*,#454,.F.);
#650=ORIENTED_EDGE('',*,*,#460,.T.);
#651=ORIENTED_EDGE('',*,*,#461,.T.);
#652=ORIENTED_EDGE('',*,*,#462,.T.);
#653=ORIENTED_EDGE('',*,*,#463,.T.);
#654=ORIENTED_EDGE('',*,*,#456,.T.);
#655=ORIENTED_EDGE('',*,*,#441,.T.);
#656=ORIENTED_EDGE('',*,*,#428,.F.);
#657=ORIENTED_EDGE('',*,*,#458,.F.);
#658=ORIENTED_EDGE('',*,*,#464,.F.);
#659=ORIENTED_EDGE('',*,*,#465,.T.);
#660=ORIENTED_EDGE('',*,*,#466,.T.);
#661=ORIENTED_EDGE('',*,*,#467,.T.);
#662=ORIENTED_EDGE('',*,*,#468,.T.);
#663=ORIENTED_EDGE('',*,*,#418,.T.);
#664=ORIENTED_EDGE('',*,*,#421,.T.);
#665=ORIENTED_EDGE('',*,*,#364,.F.);
#666=ORIENTED_EDGE('',*,*,#373,.F.);
#667=ORIENTED_EDGE('',*,*,#436,.F.);
#668=ORIENTED_EDGE('',*,*,#443,.F.);
#669=ORIENTED_EDGE('',*,*,#386,.F.);
#670=ORIENTED_EDGE('',*,*,#394,.F.);
#671=ORIENTED_EDGE('',*,*,#448,.F.);
#672=ORIENTED_EDGE('',*,*,#455,.F.);
#673=ORIENTED_EDGE('',*,*,#416,.F.);
#674=ORIENTED_EDGE('',*,*,#469,.T.);
#675=ORIENTED_EDGE('',*,*,#467,.F.);
#676=ORIENTED_EDGE('',*,*,#420,.F.);
#677=ORIENTED_EDGE('',*,*,#415,.F.);
#678=ORIENTED_EDGE('',*,*,#419,.T.);
#679=ORIENTED_EDGE('',*,*,#468,.F.);
#680=ORIENTED_EDGE('',*,*,#469,.F.);
#681=ORIENTED_EDGE('',*,*,#463,.F.);
#682=ORIENTED_EDGE('',*,*,#470,.T.);
#683=ORIENTED_EDGE('',*,*,#464,.T.);
#684=ORIENTED_EDGE('',*,*,#457,.F.);
#685=ORIENTED_EDGE('',*,*,#461,.F.);
#686=ORIENTED_EDGE('',*,*,#459,.F.);
#687=ORIENTED_EDGE('',*,*,#466,.F.);
#688=ORIENTED_EDGE('',*,*,#471,.T.);
#689=ORIENTED_EDGE('',*,*,#462,.F.);
#690=ORIENTED_EDGE('',*,*,#471,.F.);
#691=ORIENTED_EDGE('',*,*,#465,.F.);
#692=ORIENTED_EDGE('',*,*,#470,.F.);
#693=ORIENTED_EDGE('',*,*,#408,.T.);
#694=B_SPLINE_SURFACE_WITH_KNOTS('',3,3,((#1020,#1021,#1022,#1023,#1024,
#1025,#1026,#1027,#1028),(#1029,#1030,#1031,#1032,#1033,#1034,#1035,#1036,
#1037),(#1038,#1039,#1040,#1041,#1042,#1043,#1044,#1045,#1046),(#1047,#1048,
#1049,#1050,#1051,#1052,#1053,#1054,#1055)),.UNSPECIFIED.,.F.,.F.,.F.,(4,
4),(4,1,1,1,1,1,4),(0.,1.),(0.,0.142857142857143,0.214285714285714,0.5,
0.785714285714286,0.857142857142857,1.),.UNSPECIFIED.);
#695=B_SPLINE_SURFACE_WITH_KNOTS('',3,3,((#1205,#1206,#1207,#1208,#1209,
#1210),(#1211,#1212,#1213,#1214,#1215,#1216),(#1217,#1218,#1219,#1220,#1221,
#1222),(#1223,#1224,#1225,#1226,#1227,#1228)),.UNSPECIFIED.,.F.,.F.,.F.,
(4,4),(4,1,1,4),(0.,1.),(1.00239614854908,1.75918798213983,2.26371587120032,
2.76824376026082),.UNSPECIFIED.);
#696=B_SPLINE_SURFACE_WITH_KNOTS('',3,3,((#1296,#1297,#1298,#1299,#1300,
#1301,#1302,#1303,#1304),(#1305,#1306,#1307,#1308,#1309,#1310,#1311,#1312,
#1313),(#1314,#1315,#1316,#1317,#1318,#1319,#1320,#1321,#1322),(#1323,#1324,
#1325,#1326,#1327,#1328,#1329,#1330,#1331)),.UNSPECIFIED.,.F.,.F.,.F.,(4,
4),(4,1,1,1,1,1,4),(0.,1.),(0.,0.142857142857143,0.5,0.571428571428571,
0.785714285714286,0.857142857142857,1.),.UNSPECIFIED.);
#697=B_SPLINE_SURFACE_WITH_KNOTS('',3,3,((#1489,#1490,#1491,#1492,#1493,
#1494,#1495,#1496),(#1497,#1498,#1499,#1500,#1501,#1502,#1503,#1504),(#1505,
#1506,#1507,#1508,#1509,#1510,#1511,#1512),(#1513,#1514,#1515,#1516,#1517,
#1518,#1519,#1520)),.UNSPECIFIED.,.F.,.F.,.F.,(4,4),(4,1,1,1,1,4),(0.,1.),
(1.06333389551169,1.65712211210543,2.25091032869918,2.84469854529292,2.91892207236714,
3.14159265358979),.UNSPECIFIED.);
#698=B_SPLINE_SURFACE_WITH_KNOTS('',3,3,((#1675,#1676,#1677,#1678,#1679),
(#1680,#1681,#1682,#1683,#1684),(#1685,#1686,#1687,#1688,#1689),(#1690,
#1691,#1692,#1693,#1694),(#1695,#1696,#1697,#1698,#1699)),.UNSPECIFIED.,
 .F.,.F.,.F.,(4,1,4),(4,1,4),(0.,0.571428571428571,1.),(0.,0.673198425769242,
1.5707963267949),.UNSPECIFIED.);
#699=B_SPLINE_SURFACE_WITH_KNOTS('',3,3,((#1715,#1716,#1717,#1718,#1719,
#1720),(#1721,#1722,#1723,#1724,#1725,#1726),(#1727,#1728,#1729,#1730,#1731,
#1732),(#1733,#1734,#1735,#1736,#1737,#1738),(#1739,#1740,#1741,#1742,#1743,
#1744)),.UNSPECIFIED.,.F.,.F.,.F.,(4,1,4),(4,1,1,4),(0.,0.571428571428571,
1.),(-1.5707963267949,-0.897597901025655,-0.448798950512827,6.66133814775094E-16),
 .UNSPECIFIED.);
#700=B_SPLINE_SURFACE_WITH_KNOTS('',3,3,((#1758,#1759,#1760,#1761,#1762),
(#1763,#1764,#1765,#1766,#1767),(#1768,#1769,#1770,#1771,#1772),(#1773,
#1774,#1775,#1776,#1777),(#1778,#1779,#1780,#1781,#1782)),.UNSPECIFIED.,
 .F.,.F.,.F.,(4,1,4),(4,1,4),(0.,0.571428571428571,1.),(-8.88178419700125E-16,
0.673198425769241,1.5707963267949),.UNSPECIFIED.);
#701=B_SPLINE_SURFACE_WITH_KNOTS('',3,3,((#1797,#1798,#1799,#1800,#1801),
(#1802,#1803,#1804,#1805,#1806),(#1807,#1808,#1809,#1810,#1811),(#1812,
#1813,#1814,#1815,#1816),(#1817,#1818,#1819,#1820,#1821)),.UNSPECIFIED.,
 .F.,.F.,.F.,(4,1,4),(4,1,4),(0.,0.571428571428571,1.),(-1.5707963267949,
-0.897597901025655,2.42253261029604E-16),.UNSPECIFIED.);
#702=ADVANCED_FACE('',(#94),#694,.T.);
#703=ADVANCED_FACE('',(#95),#695,.T.);
#704=ADVANCED_FACE('',(#96),#78,.T.);
#705=ADVANCED_FACE('',(#97),#60,.F.);
#706=ADVANCED_FACE('',(#98,#20),#79,.T.);
#707=ADVANCED_FACE('',(#99),#696,.T.);
#708=ADVANCED_FACE('',(#100),#80,.T.);
#709=ADVANCED_FACE('',(#101),#697,.T.);
#710=ADVANCED_FACE('',(#102),#61,.F.);
#711=ADVANCED_FACE('',(#103),#81,.T.);
#712=ADVANCED_FACE('',(#104),#15,.F.);
#713=ADVANCED_FACE('',(#105),#62,.F.);
#714=ADVANCED_FACE('',(#106),#82,.T.);
#715=ADVANCED_FACE('',(#107),#16,.F.);
#716=ADVANCED_FACE('',(#108),#83,.T.);
#717=ADVANCED_FACE('',(#109),#17,.F.);
#718=ADVANCED_FACE('',(#110),#63,.F.);
#719=ADVANCED_FACE('',(#111),#84,.F.);
#720=ADVANCED_FACE('',(#112),#18,.T.);
#721=ADVANCED_FACE('',(#113),#19,.T.);
#722=ADVANCED_FACE('',(#114),#698,.F.);
#723=ADVANCED_FACE('',(#115),#64,.T.);
#724=ADVANCED_FACE('',(#116),#699,.F.);
#725=ADVANCED_FACE('',(#117),#85,.F.);
#726=ADVANCED_FACE('',(#118),#65,.F.);
#727=ADVANCED_FACE('',(#119),#700,.F.);
#728=ADVANCED_FACE('',(#120),#66,.T.);
#729=ADVANCED_FACE('',(#121),#701,.F.);
#730=ADVANCED_FACE('',(#122),#86,.T.);
#731=ADVANCED_FACE('',(#123),#67,.F.);
#732=ADVANCED_FACE('',(#124),#68,.T.);
#733=ADVANCED_FACE('',(#125),#69,.T.);
#734=ADVANCED_FACE('',(#126,#21),#87,.T.);
#735=ADVANCED_FACE('',(#127),#88,.F.);
#736=ADVANCED_FACE('',(#128),#89,.T.);
#737=ADVANCED_FACE('',(#129),#70,.F.);
#738=ADVANCED_FACE('',(#130),#90,.F.);
#739=ADVANCED_FACE('',(#131),#91,.T.);
#740=ADVANCED_FACE('',(#132),#92,.T.);
#741=ADVANCED_FACE('',(#133,#22),#93,.F.);
#742=CLOSED_SHELL('',(#702,#703,#704,#705,#706,#707,#708,#709,#710,#711,
#712,#713,#714,#715,#716,#717,#718,#719,#720,#721,#722,#723,#724,#725,#726,
#727,#728,#729,#730,#731,#732,#733,#734,#735,#736,#737,#738,#739,#740,#741));
#743=DERIVED_UNIT_ELEMENT(#746,1.);
#744=DERIVED_UNIT_ELEMENT(#1875,-3.);
#745=DIMENSIONAL_EXPONENTS(0.,1.,0.,0.,0.,0.,0.);
#746=(
CONVERSION_BASED_UNIT('gram',#748)
MASS_UNIT()
NAMED_UNIT(#745)
);
#747=(
MASS_UNIT()
NAMED_UNIT(*)
SI_UNIT(.KILO.,.GRAM.)
);
#748=MASS_MEASURE_WITH_UNIT(MASS_MEASURE(0.001),#747);
#749=DERIVED_UNIT((#743,#744));
#750=MEASURE_REPRESENTATION_ITEM('density measure',
POSITIVE_RATIO_MEASURE(1.),#749);
#751=PROPERTY_DEFINITION_REPRESENTATION(#756,#753);
#752=PROPERTY_DEFINITION_REPRESENTATION(#757,#754);
#753=REPRESENTATION('material name',(#755),#1872);
#754=REPRESENTATION('density',(#750),#1872);
#755=DESCRIPTIVE_REPRESENTATION_ITEM('Generic','Generic');
#756=PROPERTY_DEFINITION('material property','material name',#1882);
#757=PROPERTY_DEFINITION('material property','density of part',#1882);
#758=DATE_TIME_ROLE('creation_date');
#759=APPLIED_DATE_AND_TIME_ASSIGNMENT(#760,#758,(#1882));
#760=DATE_AND_TIME(#761,#762);
#761=CALENDAR_DATE(2025,9,2);
#762=LOCAL_TIME(0,0,0.,#763);
#763=COORDINATED_UNIVERSAL_TIME_OFFSET(0,0,.BEHIND.);
#764=AXIS2_PLACEMENT_3D('',#1019,#834,#835);
#765=AXIS2_PLACEMENT_3D('',#1244,#838,#839);
#766=AXIS2_PLACEMENT_3D('',#1252,#842,#843);
#767=AXIS2_PLACEMENT_3D('',#1256,#845,#846);
#768=AXIS2_PLACEMENT_3D('',#1258,#848,#849);
#769=AXIS2_PLACEMENT_3D('',#1285,#852,#853);
#770=AXIS2_PLACEMENT_3D('',#1295,#854,#855);
#771=AXIS2_PLACEMENT_3D('',#1481,#857,#858);
#772=AXIS2_PLACEMENT_3D('',#1537,#861,#862);
#773=AXIS2_PLACEMENT_3D('',#1541,#864,#865);
#774=AXIS2_PLACEMENT_3D('',#1543,#867,#868);
#775=AXIS2_PLACEMENT_3D('',#1558,#870,#871);
#776=AXIS2_PLACEMENT_3D('',#1572,#872,#873);
#777=AXIS2_PLACEMENT_3D('',#1576,#875,#876);
#778=AXIS2_PLACEMENT_3D('',#1579,#878,#879);
#779=AXIS2_PLACEMENT_3D('',#1580,#880,#881);
#780=AXIS2_PLACEMENT_3D('',#1584,#883,#884);
#781=AXIS2_PLACEMENT_3D('',#1585,#885,#886);
#782=AXIS2_PLACEMENT_3D('',#1586,#887,#888);
#783=AXIS2_PLACEMENT_3D('',#1589,#890,#891);
#784=AXIS2_PLACEMENT_3D('',#1590,#892,#893);
#785=AXIS2_PLACEMENT_3D('',#1596,#897,#898);
#786=AXIS2_PLACEMENT_3D('',#1599,#900,#901);
#787=AXIS2_PLACEMENT_3D('',#1600,#902,#903);
#788=AXIS2_PLACEMENT_3D('',#1604,#906,#907);
#789=AXIS2_PLACEMENT_3D('',#1605,#908,#909);
#790=AXIS2_PLACEMENT_3D('',#1606,#910,#911);
#791=AXIS2_PLACEMENT_3D('',#1610,#913,#914);
#792=AXIS2_PLACEMENT_3D('',#1612,#916,#917);
#793=AXIS2_PLACEMENT_3D('',#1616,#920,#921);
#794=AXIS2_PLACEMENT_3D('',#1619,#922,#923);
#795=AXIS2_PLACEMENT_3D('',#1621,#924,#925);
#796=AXIS2_PLACEMENT_3D('',#1623,#926,#927);
#797=AXIS2_PLACEMENT_3D('',#1635,#928,#929);
#798=AXIS2_PLACEMENT_3D('',#1642,#930,#931);
#799=AXIS2_PLACEMENT_3D('',#1701,#932,#933);
#800=AXIS2_PLACEMENT_3D('',#1708,#934,#935);
#801=AXIS2_PLACEMENT_3D('',#1709,#936,#937);
#802=AXIS2_PLACEMENT_3D('',#1712,#938,#939);
#803=AXIS2_PLACEMENT_3D('',#1745,#942,#943);
#804=AXIS2_PLACEMENT_3D('',#1747,#944,#945);
#805=AXIS2_PLACEMENT_3D('',#1752,#946,#947);
#806=AXIS2_PLACEMENT_3D('',#1754,#948,#949);
#807=AXIS2_PLACEMENT_3D('',#1755,#950,#951);
#808=AXIS2_PLACEMENT_3D('',#1756,#952,#953);
#809=AXIS2_PLACEMENT_3D('',#1784,#955,#956);
#810=AXIS2_PLACEMENT_3D('',#1790,#957,#958);
#811=AXIS2_PLACEMENT_3D('',#1791,#959,#960);
#812=AXIS2_PLACEMENT_3D('',#1794,#961,#962);
#813=AXIS2_PLACEMENT_3D('',#1822,#965,#966);
#814=AXIS2_PLACEMENT_3D('',#1824,#967,#968);
#815=AXIS2_PLACEMENT_3D('',#1829,#969,#970);
#816=AXIS2_PLACEMENT_3D('',#1831,#971,#972);
#817=AXIS2_PLACEMENT_3D('',#1832,#973,#974);
#818=AXIS2_PLACEMENT_3D('',#1833,#975,#976);
#819=AXIS2_PLACEMENT_3D('',#1835,#978,#979);
#820=AXIS2_PLACEMENT_3D('',#1837,#980,#981);
#821=AXIS2_PLACEMENT_3D('',#1841,#983,#984);
#822=AXIS2_PLACEMENT_3D('',#1844,#986,#987);
#823=AXIS2_PLACEMENT_3D('',#1845,#988,#989);
#824=AXIS2_PLACEMENT_3D('',#1849,#991,#992);
#825=AXIS2_PLACEMENT_3D('',#1851,#994,#995);
#826=AXIS2_PLACEMENT_3D('',#1858,#999,#1000);
#827=AXIS2_PLACEMENT_3D('',#1860,#1002,#1003);
#828=AXIS2_PLACEMENT_3D('',#1861,#1004,#1005);
#829=AXIS2_PLACEMENT_3D('',#1862,#1006,#1007);
#830=AXIS2_PLACEMENT_3D('',#1864,#1009,#1010);
#831=AXIS2_PLACEMENT_3D('',#1865,#1011,#1012);
#832=AXIS2_PLACEMENT_3D('',#1867,#1014,#1015);
#833=AXIS2_PLACEMENT_3D('',#1869,#1017,#1018);
#834=DIRECTION('axis',(0.,0.,1.));
#835=DIRECTION('refdir',(1.,0.,0.));
#836=DIRECTION('',(-0.707106781186548,0.707106781186547,0.));
#837=DIRECTION('',(0.707106781186547,-0.707106781186548,0.));
#838=DIRECTION('center_axis',(0.707106781186548,0.707106781186547,-3.14018491736755E-16));
#839=DIRECTION('ref_axis',(-4.44089209850062E-16,0.,-1.));
#840=DIRECTION('',(-4.44089209850062E-16,0.,-1.));
#841=DIRECTION('',(4.44089209850062E-16,0.,1.));
#842=DIRECTION('center_axis',(-1.,0.,3.04821548888082E-16));
#843=DIRECTION('ref_axis',(0.,-0.707106781186548,-0.707106781186547));
#844=DIRECTION('',(1.,0.,-3.04821548888082E-16));
#845=DIRECTION('center_axis',(-0.65079137345597,-0.759256602365295,-4.81682378025498E-16));
#846=DIRECTION('ref_axis',(0.759256602365295,-0.65079137345597,0.));
#847=DIRECTION('',(-1.,0.,3.04821548888082E-16));
#848=DIRECTION('center_axis',(0.,1.,0.));
#849=DIRECTION('ref_axis',(0.,0.,1.));
#850=DIRECTION('',(-4.44089209850062E-16,0.,-1.));
#851=DIRECTION('',(-1.,0.,1.85037170770859E-16));
#852=DIRECTION('center_axis',(0.,-1.,0.));
#853=DIRECTION('ref_axis',(0.707106781186548,0.,0.707106781186547));
#854=DIRECTION('center_axis',(0.,1.,0.));
#855=DIRECTION('ref_axis',(-1.,0.,0.));
#856=DIRECTION('',(0.707106781186548,-0.707106781186548,0.));
#857=DIRECTION('center_axis',(0.707106781186548,0.707106781186547,-3.14018491736755E-16));
#858=DIRECTION('ref_axis',(-4.44089209850062E-16,0.,-1.));
#859=DIRECTION('',(4.44089209850062E-16,0.,1.));
#860=DIRECTION('',(0.707106781186547,-0.707106781186548,0.));
#861=DIRECTION('center_axis',(0.,-1.,0.));
#862=DIRECTION('ref_axis',(-0.707106781186547,0.,0.707106781186548));
#863=DIRECTION('',(0.,1.,0.));
#864=DIRECTION('center_axis',(-0.955185462113276,-0.296007994769478,3.11902615536876E-16));
#865=DIRECTION('ref_axis',(-0.296007994769478,0.955185462113276,9.66573209606462E-17));
#866=DIRECTION('',(0.,-1.,0.));
#867=DIRECTION('center_axis',(1.,0.,-4.44089209850062E-16));
#868=DIRECTION('ref_axis',(-4.44089209850062E-16,0.,-1.));
#869=DIRECTION('',(0.,-1.,0.));
#870=DIRECTION('center_axis',(-1.,0.,4.44089209850062E-16));
#871=DIRECTION('ref_axis',(3.14018491736755E-16,0.707106781186548,0.707106781186548));
#872=DIRECTION('center_axis',(1.,0.,-4.44089209850062E-16));
#873=DIRECTION('ref_axis',(4.44089209850062E-16,-2.77555756156289E-16,1.));
#874=DIRECTION('',(0.,-1.,0.));
#875=DIRECTION('center_axis',(1.,0.,-4.44089209850062E-16));
#876=DIRECTION('ref_axis',(-4.44089209850062E-16,0.,-1.));
#877=DIRECTION('',(1.16008956650149E-31,1.,2.61228946970625E-16));
#878=DIRECTION('center_axis',(1.,0.,-4.44089209850062E-16));
#879=DIRECTION('ref_axis',(4.44089209850062E-16,-2.77555756156289E-16,1.));
#880=DIRECTION('center_axis',(0.,1.,0.));
#881=DIRECTION('ref_axis',(-1.,0.,0.));
#882=DIRECTION('',(-0.707106781186548,-0.707106781186548,8.65956056235493E-17));
#883=DIRECTION('center_axis',(0.,-1.,0.));
#884=DIRECTION('ref_axis',(-1.,0.,0.));
#885=DIRECTION('center_axis',(0.,-1.,0.));
#886=DIRECTION('ref_axis',(-1.,0.,0.));
#887=DIRECTION('center_axis',(0.,-1.,0.));
#888=DIRECTION('ref_axis',(1.,0.,0.));
#889=DIRECTION('',(0.,-1.,0.));
#890=DIRECTION('center_axis',(0.,1.,0.));
#891=DIRECTION('ref_axis',(1.,0.,0.));
#892=DIRECTION('center_axis',(0.707106781186547,0.,-0.707106781186548));
#893=DIRECTION('ref_axis',(-0.707106781186548,0.,-0.707106781186547));
#894=DIRECTION('',(0.707106781186548,0.,0.707106781186547));
#895=DIRECTION('',(-0.707106781186548,0.,-0.707106781186547));
#896=DIRECTION('',(0.,1.,0.));
#897=DIRECTION('center_axis',(1.,0.,0.));
#898=DIRECTION('ref_axis',(-4.4683050126889E-16,0.,-1.));
#899=DIRECTION('',(0.707106781186547,0.,-0.707106781186547));
#900=DIRECTION('center_axis',(-1.,0.,4.44089209850062E-16));
#901=DIRECTION('ref_axis',(-4.52313084106545E-16,0.,-1.));
#902=DIRECTION('center_axis',(0.707106781186548,-1.8471675984515E-16,0.707106781186548));
#903=DIRECTION('ref_axis',(0.707106781186548,0.,-0.707106781186548));
#904=DIRECTION('',(0.707106781186548,0.,-0.707106781186547));
#905=DIRECTION('',(-1.16008956650149E-31,-1.,-2.61228946970625E-16));
#906=DIRECTION('center_axis',(1.,0.,0.));
#907=DIRECTION('ref_axis',(4.4683050126889E-16,-2.77555756156289E-16,1.));
#908=DIRECTION('center_axis',(-1.,0.,4.44089209850062E-16));
#909=DIRECTION('ref_axis',(4.52313084106545E-16,-2.77555756156289E-16,1.));
#910=DIRECTION('center_axis',(-1.,0.,4.52313084106545E-16));
#911=DIRECTION('ref_axis',(-4.52313084106545E-16,0.,-1.));
#912=DIRECTION('',(-1.,0.,4.52313084106545E-16));
#913=DIRECTION('center_axis',(1.,0.,-3.06161699786838E-16));
#914=DIRECTION('ref_axis',(-4.52313084106545E-16,0.,-1.));
#915=DIRECTION('',(-1.,0.,4.52313084106545E-16));
#916=DIRECTION('center_axis',(4.52313084106545E-16,0.,1.));
#917=DIRECTION('ref_axis',(0.,1.,0.));
#918=DIRECTION('',(-1.,0.,4.52313084106545E-16));
#919=DIRECTION('',(0.,-1.,0.));
#920=DIRECTION('center_axis',(-1.,0.,0.));
#921=DIRECTION('ref_axis',(2.38116231993755E-16,0.707106781186547,0.707106781186547));
#922=DIRECTION('center_axis',(-0.863778900898434,-0.503871025524085,2.63298422468706E-16));
#923=DIRECTION('ref_axis',(-0.503871025524085,0.863778900898434,7.3234554884623E-16));
#924=DIRECTION('center_axis',(1.,0.,-4.44089209850062E-16));
#925=DIRECTION('ref_axis',(1.76635401601925E-16,0.707106781186547,0.707106781186547));
#926=DIRECTION('center_axis',(-0.863778900898434,-0.503871025524085,1.59831203993809E-16));
#927=DIRECTION('ref_axis',(0.503871025524085,-0.863778900898434,-9.76460731794973E-16));
#928=DIRECTION('center_axis',(0.,-1.,0.));
#929=DIRECTION('ref_axis',(0.707106781186548,0.,0.707106781186547));
#930=DIRECTION('center_axis',(0.,1.,0.));
#931=DIRECTION('ref_axis',(0.707106781186548,0.,0.707106781186547));
#932=DIRECTION('center_axis',(0.503871025524084,-0.863778900898435,5.860477479773E-16));
#933=DIRECTION('ref_axis',(0.863778900898434,0.503871025524084,0.));
#934=DIRECTION('center_axis',(0.863778900898434,0.503871025524085,-2.63298422468706E-16));
#935=DIRECTION('ref_axis',(0.503871025524085,-0.863778900898434,1.59831203993809E-16));
#936=DIRECTION('center_axis',(0.503871025524085,-0.863778900898434,-1.53590746440078E-16));
#937=DIRECTION('ref_axis',(0.610783918271146,0.356290618991502,0.707106781186547));
#938=DIRECTION('center_axis',(0.503871025524084,-0.863778900898434,-1.86469737992776E-16));
#939=DIRECTION('ref_axis',(0.863778900898434,0.503871025524084,0.));
#940=DIRECTION('',(0.503871025524085,-0.863778900898434,-1.53590746440078E-16));
#941=DIRECTION('',(-0.503871025524085,0.863778900898434,1.53590746440078E-16));
#942=DIRECTION('center_axis',(-0.96,-0.279999999999999,5.62512999143412E-16));
#943=DIRECTION('ref_axis',(-0.279999999999999,0.96,0.));
#944=DIRECTION('center_axis',(0.863778900898434,0.503871025524085,-2.63298422468706E-16));
#945=DIRECTION('ref_axis',(-0.503871025524085,0.863778900898434,1.86469737992776E-16));
#946=DIRECTION('center_axis',(-0.863778900898434,-0.503871025524085,2.63298422468706E-16));
#947=DIRECTION('ref_axis',(0.503871025524085,-0.863778900898434,-1.23412807718233E-16));
#948=DIRECTION('center_axis',(-0.863778900898434,-0.503871025524085,2.63298422468706E-16));
#949=DIRECTION('ref_axis',(0.503871025524085,-0.863778900898434,-1.67822764193499E-16));
#950=DIRECTION('center_axis',(0.863778900898434,0.503871025524085,-2.63298422468706E-16));
#951=DIRECTION('ref_axis',(-0.503871025524085,0.863778900898434,1.91797444792571E-16));
#952=DIRECTION('center_axis',(0.,1.,0.));
#953=DIRECTION('ref_axis',(-0.707106781186548,0.,-0.707106781186547));
#954=DIRECTION('',(0.,1.,0.));
#955=DIRECTION('center_axis',(-0.503871025524084,0.863778900898434,0.));
#956=DIRECTION('ref_axis',(0.863778900898434,0.503871025524084,0.));
#957=DIRECTION('center_axis',(0.863778900898434,0.503871025524085,-1.59831203993809E-16));
#958=DIRECTION('ref_axis',(-0.503871025524085,0.863778900898434,8.74076896841139E-17));
#959=DIRECTION('center_axis',(0.503871025524085,-0.863778900898434,-9.32348689963881E-17));
#960=DIRECTION('ref_axis',(0.610783918271146,0.356290618991501,-0.707106781186547));
#961=DIRECTION('center_axis',(-0.503871025524085,0.863778900898434,3.72939475985553E-16));
#962=DIRECTION('ref_axis',(0.863778900898434,0.503871025524085,-1.85037170770859E-16));
#963=DIRECTION('',(-0.503871025524085,0.863778900898434,9.32348689963882E-17));
#964=DIRECTION('',(0.503871025524085,-0.863778900898434,-9.32348689963882E-17));
#965=DIRECTION('center_axis',(-0.673329668846753,-0.739342381478785,-1.98310961186721E-16));
#966=DIRECTION('ref_axis',(0.739342381478785,-0.673329668846753,0.));
#967=DIRECTION('center_axis',(0.863778900898434,0.503871025524085,-1.59831203993809E-16));
#968=DIRECTION('ref_axis',(0.503871025524085,-0.863778900898434,7.49208768720978E-17));
#969=DIRECTION('center_axis',(0.863778900898434,0.503871025524085,-1.59831203993809E-16));
#970=DIRECTION('ref_axis',(0.503871025524085,-0.863778900898434,-1.23412807718233E-16));
#971=DIRECTION('center_axis',(-0.863778900898434,-0.503871025524085,1.59831203993809E-16));
#972=DIRECTION('ref_axis',(-0.503871025524085,0.863778900898434,1.91797444792571E-16));
#973=DIRECTION('center_axis',(0.863778900898434,0.503871025524085,-1.59831203993809E-16));
#974=DIRECTION('ref_axis',(0.503871025524085,-0.863778900898434,-1.95793224892415E-16));
#975=DIRECTION('center_axis',(1.,0.,-1.85037170770859E-16));
#976=DIRECTION('ref_axis',(0.,-0.707106781186548,0.707106781186548));
#977=DIRECTION('',(1.,0.,-1.85037170770859E-16));
#978=DIRECTION('center_axis',(1.,0.,-2.44929359829471E-16));
#979=DIRECTION('ref_axis',(1.76635401601925E-16,0.707106781186547,0.707106781186547));
#980=DIRECTION('center_axis',(0.707106781186548,-0.707106781186548,-1.57009245868378E-16));
#981=DIRECTION('ref_axis',(0.707106781186548,0.707106781186547,-1.96261557335472E-16));
#982=DIRECTION('',(-1.,0.,0.));
#983=DIRECTION('center_axis',(1.,0.,-3.06161699786838E-16));
#984=DIRECTION('ref_axis',(1.76635401601925E-16,0.707106781186547,0.707106781186547));
#985=DIRECTION('',(1.,0.,-2.44929359829471E-16));
#986=DIRECTION('center_axis',(0.707106781186548,-0.707106781186548,-1.57009245868378E-16));
#987=DIRECTION('ref_axis',(0.707106781186547,0.707106781186547,0.));
#988=DIRECTION('center_axis',(0.,1.,0.));
#989=DIRECTION('ref_axis',(0.707106781186548,0.,0.707106781186547));
#990=DIRECTION('',(0.,-1.,0.));
#991=DIRECTION('center_axis',(0.,1.,0.));
#992=DIRECTION('ref_axis',(0.707106781186547,0.,-0.707106781186547));
#993=DIRECTION('',(0.,1.,0.));
#994=DIRECTION('center_axis',(-1.,0.,3.06161699786838E-16));
#995=DIRECTION('ref_axis',(3.06161699786838E-16,0.,1.));
#996=DIRECTION('',(0.,1.,0.));
#997=DIRECTION('',(3.06161699786838E-16,0.,1.));
#998=DIRECTION('',(0.,1.,0.));
#999=DIRECTION('center_axis',(1.,0.,-3.06161699786838E-16));
#1000=DIRECTION('ref_axis',(4.52313084106545E-16,-2.77555756156289E-16,
1.));
#1001=DIRECTION('',(7.99782984380524E-32,1.,2.61228946970625E-16));
#1002=DIRECTION('center_axis',(-3.04821548888082E-16,0.,-1.));
#1003=DIRECTION('ref_axis',(-1.,0.,3.04821548888082E-16));
#1004=DIRECTION('center_axis',(-1.85037170770859E-16,0.,-1.));
#1005=DIRECTION('ref_axis',(-1.,0.,1.85037170770859E-16));
#1006=DIRECTION('center_axis',(-1.,0.,4.52313084106545E-16));
#1007=DIRECTION('ref_axis',(4.52313084106545E-16,-2.77555756156289E-16,
1.));
#1008=DIRECTION('',(-1.,0.,4.52313084106545E-16));
#1009=DIRECTION('center_axis',(-4.52313084106545E-16,2.61228946970625E-16,
-1.));
#1010=DIRECTION('ref_axis',(-1.16008956650149E-31,-1.,-2.61228946970625E-16));
#1011=DIRECTION('center_axis',(0.,0.,-1.));
#1012=DIRECTION('ref_axis',(-1.,0.,0.));
#1013=DIRECTION('',(-1.,0.,0.));
#1014=DIRECTION('center_axis',(2.44929359829471E-16,0.,1.));
#1015=DIRECTION('ref_axis',(1.,0.,-2.44929359829471E-16));
#1016=DIRECTION('',(1.,0.,-2.44929359829471E-16));
#1017=DIRECTION('center_axis',(0.,1.,0.));
#1018=DIRECTION('ref_axis',(0.,0.,1.));
#1019=CARTESIAN_POINT('',(0.,0.,0.));
#1020=CARTESIAN_POINT('Ctrl Pts',(4.2575775872357,6.49532486892444,-16.9802808428773));
#1021=CARTESIAN_POINT('Ctrl Pts',(4.26092689437193,6.49818514323185,-16.9808293517099));
#1022=CARTESIAN_POINT('Ctrl Pts',(4.26671896382705,6.50312766181175,-16.9818200313614));
#1023=CARTESIAN_POINT('Ctrl Pts',(4.30873014882291,6.53815343177876,-16.987976937559));
#1024=CARTESIAN_POINT('Ctrl Pts',(4.37724642964502,6.59483471699426,-16.9961655602647));
#1025=CARTESIAN_POINT('Ctrl Pts',(4.44727537028262,6.65031407288759,-16.9993092287321));
#1026=CARTESIAN_POINT('Ctrl Pts',(4.49044005295423,6.68453242027493,-17.0000398005155));
#1027=CARTESIAN_POINT('Ctrl Pts',(4.49649899046777,6.68925409304483,-17.));
#1028=CARTESIAN_POINT('Ctrl Pts',(4.50000000000001,6.69198291610847,-17.));
#1029=CARTESIAN_POINT('Ctrl Pts',(5.00349334779861,5.74940910836152,-16.9802808428773));
#1030=CARTESIAN_POINT('Ctrl Pts',(5.00667964399191,5.75243239361187,-16.9808293517099));
#1031=CARTESIAN_POINT('Ctrl Pts',(5.01188523171938,5.75796139391942,-16.9818200313614));
#1032=CARTESIAN_POINT('Ctrl Pts',(5.05166293343768,5.79522064716399,-16.987976937559));
#1033=CARTESIAN_POINT('Ctrl Pts',(5.11580952239267,5.85627162424661,-16.9961655602647));
#1034=CARTESIAN_POINT('Ctrl Pts',(5.18134741960325,5.91624202356696,-16.9993092287321));
#1035=CARTESIAN_POINT('Ctrl Pts',(5.22206625376746,5.95290621946169,-17.0000398005155));
#1036=CARTESIAN_POINT('Ctrl Pts',(5.22741735799346,5.95833572551914,-17.));
#1037=CARTESIAN_POINT('Ctrl Pts',(5.23066097203617,5.96132194407232,-17.));
#1038=CARTESIAN_POINT('Ctrl Pts',(5.74940910836153,5.0034933477986,-16.9802808428773));
#1039=CARTESIAN_POINT('Ctrl Pts',(5.75243239361188,5.0066796439919,-16.9808293517099));
#1040=CARTESIAN_POINT('Ctrl Pts',(5.75796139391943,5.01169461279724,-16.9839834372776));
#1041=CARTESIAN_POINT('Ctrl Pts',(5.795220647164,5.05396736590759,-16.9878087479072));
#1042=CARTESIAN_POINT('Ctrl Pts',(5.85627162424662,5.12021644552975,-16.9966863809914));
#1043=CARTESIAN_POINT('Ctrl Pts',(5.91624202356696,5.18353086649439,-16.9998915772761));
#1044=CARTESIAN_POINT('Ctrl Pts',(5.9529062194617,5.22258546776594,-16.9978720747164));
#1045=CARTESIAN_POINT('Ctrl Pts',(5.95833572551915,5.22741735799345,-17.));
#1046=CARTESIAN_POINT('Ctrl Pts',(5.96132194407233,5.23066097203616,-17.));
#1047=CARTESIAN_POINT('Ctrl Pts',(6.49532486892445,4.25757758723569,-16.9802808428773));
#1048=CARTESIAN_POINT('Ctrl Pts',(6.49818514323186,4.26092689437192,-16.9808293517099));
#1049=CARTESIAN_POINT('Ctrl Pts',(6.50312766181176,4.26671896382704,-16.9818200313614));
#1050=CARTESIAN_POINT('Ctrl Pts',(6.53815343177877,4.3087301488229,-16.987976937559));
#1051=CARTESIAN_POINT('Ctrl Pts',(6.59483471699427,4.37724642964501,-16.9961655602647));
#1052=CARTESIAN_POINT('Ctrl Pts',(6.65031407288759,4.44727537028261,-16.9993092287321));
#1053=CARTESIAN_POINT('Ctrl Pts',(6.68453242027494,4.49044005295422,-17.0000398005155));
#1054=CARTESIAN_POINT('Ctrl Pts',(6.68925409304484,4.49649899046776,-17.));
#1055=CARTESIAN_POINT('Ctrl Pts',(6.69198291610848,4.5,-17.));
#1056=CARTESIAN_POINT('',(4.50000000000001,6.69198291610847,-17.));
#1057=CARTESIAN_POINT('',(4.2575775872357,6.49532486892444,-16.9802808428773));
#1058=CARTESIAN_POINT('Ctrl Pts',(4.50000000000001,6.69198291610847,-17.));
#1059=CARTESIAN_POINT('Ctrl Pts',(4.49915197658613,6.6913219336607,-17.));
#1060=CARTESIAN_POINT('Ctrl Pts',(4.49830031620417,6.69065806175907,-16.9999993497814));
#1061=CARTESIAN_POINT('Ctrl Pts',(4.49733167451441,6.68990112549333,-16.9999976266778));
#1062=CARTESIAN_POINT('Ctrl Pts',(4.49632767165076,6.68911655655888,-16.9999958406707));
#1063=CARTESIAN_POINT('Ctrl Pts',(4.49519814826997,6.68823213076935,-16.999992908738));
#1064=CARTESIAN_POINT('Ctrl Pts',(4.49386247821565,6.6871836436677,-16.9999874435562));
#1065=CARTESIAN_POINT('Ctrl Pts',(4.49246737064829,6.68608849873646,-16.9999817351731));
#1066=CARTESIAN_POINT('Ctrl Pts',(4.49084755549336,6.68481452227568,-16.9999732683617));
#1067=CARTESIAN_POINT('Ctrl Pts',(4.48895735801281,6.68332522607193,-16.9999593528019));
#1068=CARTESIAN_POINT('Ctrl Pts',(4.48695946373148,6.68175107501138,-16.9999446443825));
#1069=CARTESIAN_POINT('Ctrl Pts',(4.48465975221831,6.67993657317738,-16.9999238251126));
#1070=CARTESIAN_POINT('Ctrl Pts',(4.48205142554417,6.67787601347397,-16.999892612381));
#1071=CARTESIAN_POINT('Ctrl Pts',(4.47923695810524,6.67565260401813,-16.9998589328509));
#1072=CARTESIAN_POINT('Ctrl Pts',(4.47606353412583,6.67314300257573,-16.9998130699935));
#1073=CARTESIAN_POINT('Ctrl Pts',(4.4725713653572,6.67037863769453,-16.9997492023674));
#1074=CARTESIAN_POINT('Ctrl Pts',(4.46860359122869,6.66723778850192,-16.9996766364832));
#1075=CARTESIAN_POINT('Ctrl Pts',(4.46422496766193,6.66376856214457,-16.9995806205069));
#1076=CARTESIAN_POINT('Ctrl Pts',(4.45954795811398,6.66005929205816,-16.9994544448923));
#1077=CARTESIAN_POINT('Ctrl Pts',(4.45163695323405,6.65378518603938,-16.9992410230695));
#1078=CARTESIAN_POINT('Ctrl Pts',(4.44287724298534,6.64682834768059,-16.9989385748769));
#1079=CARTESIAN_POINT('Ctrl Pts',(4.43394943385452,6.63972303387856,-16.9985450686289));
#1080=CARTESIAN_POINT('Ctrl Pts',(4.42896950382803,6.63575969135725,-16.9983255709277));
#1081=CARTESIAN_POINT('Ctrl Pts',(4.42393883989469,6.63175136918116,-16.9980786368519));
#1082=CARTESIAN_POINT('Ctrl Pts',(4.41895591158497,6.62777498372816,-16.9978090184443));
#1083=CARTESIAN_POINT('Ctrl Pts',(4.41447159142795,6.62419648844775,-16.997566378939));
#1084=CARTESIAN_POINT('Ctrl Pts',(4.41002645194327,6.62064427373071,-16.9973055375075));
#1085=CARTESIAN_POINT('Ctrl Pts',(4.40566337881847,6.61715133386431,-16.9970305948457));
#1086=CARTESIAN_POINT('Ctrl Pts',(4.40158539608988,6.61388662845146,-16.996773617391));
#1087=CARTESIAN_POINT('Ctrl Pts',(4.39757943349911,6.61067397000709,-16.9965044472441));
#1088=CARTESIAN_POINT('Ctrl Pts',(4.39364815136307,6.60751443305706,-16.9962250112505));
#1089=CARTESIAN_POINT('Ctrl Pts',(4.38983653670244,6.60445107180675,-16.995954081235));
#1090=CARTESIAN_POINT('Ctrl Pts',(4.38609550074556,6.6014379523435,-16.9956736191387));
#1091=CARTESIAN_POINT('Ctrl Pts',(4.3823907685331,6.59844665897484,-16.9953822483478));
#1092=CARTESIAN_POINT('Ctrl Pts',(4.3783729578826,6.59520257825156,-16.9950662544785));
#1093=CARTESIAN_POINT('Ctrl Pts',(4.37439409828117,6.59198111950506,-16.9947372552694));
#1094=CARTESIAN_POINT('Ctrl Pts',(4.37037127986587,6.58871475415061,-16.9943883012512));
#1095=CARTESIAN_POINT('Ctrl Pts',(4.36655043104374,6.58561237991227,-16.994056866816));
#1096=CARTESIAN_POINT('Ctrl Pts',(4.36268927208438,6.58246896906613,-16.9937072476371));
#1097=CARTESIAN_POINT('Ctrl Pts',(4.35875995519925,6.57926217808786,-16.993335611892));
#1098=CARTESIAN_POINT('Ctrl Pts',(4.35457922733081,6.57585020577739,-16.9929401976349));
#1099=CARTESIAN_POINT('Ctrl Pts',(4.35032165966971,6.57236673870567,-16.9925197699277));
#1100=CARTESIAN_POINT('Ctrl Pts',(4.3460007452759,6.56882357109627,-16.9920738016413));
#1101=CARTESIAN_POINT('Ctrl Pts',(4.34127849989168,6.56495131042084,-16.9915864113601));
#1102=CARTESIAN_POINT('Ctrl Pts',(4.33648109502457,6.56100814353895,-16.9910683975356));
#1103=CARTESIAN_POINT('Ctrl Pts',(4.33167445737777,6.5570493886105,-16.9905255823705));
#1104=CARTESIAN_POINT('Ctrl Pts',(4.3257844999063,6.55219840963476,-16.9898604275425));
#1105=CARTESIAN_POINT('Ctrl Pts',(4.31988161731696,6.54732475970888,-16.9891577363109));
#1106=CARTESIAN_POINT('Ctrl Pts',(4.31414727164629,6.54258040723693,-16.9884417232003));
#1107=CARTESIAN_POINT('Ctrl Pts',(4.30757103080152,6.53713950668787,-16.987620587724));
#1108=CARTESIAN_POINT('Ctrl Pts',(4.30122203427189,6.53187324333882,-16.9867824147268));
#1109=CARTESIAN_POINT('Ctrl Pts',(4.29539244662408,6.52702737452844,-16.9859797270157));
#1110=CARTESIAN_POINT('Ctrl Pts',(4.2910872897501,6.52344869509521,-16.9853869412603));
#1111=CARTESIAN_POINT('Ctrl Pts',(4.28706641133176,6.52010016637715,-16.9848140827269));
#1112=CARTESIAN_POINT('Ctrl Pts',(4.28342080070362,6.51705902073725,-16.98428213303));
#1113=CARTESIAN_POINT('Ctrl Pts',(4.28013979672712,6.51432202769125,-16.9838033849549));
#1114=CARTESIAN_POINT('Ctrl Pts',(4.27716322189719,6.51183441595876,-16.983357979767));
#1115=CARTESIAN_POINT('Ctrl Pts',(4.27452413037373,6.50962489482959,-16.9829567196032));
#1116=CARTESIAN_POINT('Ctrl Pts',(4.27212491370506,6.50761620362818,-16.9825919311656));
#1117=CARTESIAN_POINT('Ctrl Pts',(4.27000473962914,6.50583745587809,-16.9822637020135));
#1118=CARTESIAN_POINT('Ctrl Pts',(4.26815583838584,6.50428301899056,-16.9819744548154));
#1119=CARTESIAN_POINT('Ctrl Pts',(4.26637612715924,6.50278675260542,-16.981696031894));
#1120=CARTESIAN_POINT('Ctrl Pts',(4.2648480447876,6.50149855860971,-16.9814537927469));
#1121=CARTESIAN_POINT('Ctrl Pts',(4.26352979024619,6.50038424951167,-16.981243342567));
#1122=CARTESIAN_POINT('Ctrl Pts',(4.26224921428371,6.49930178978868,-16.9810389075105));
#1123=CARTESIAN_POINT('Ctrl Pts',(4.26116689369154,6.49838362587618,-16.9808645085587));
#1124=CARTESIAN_POINT('Ctrl Pts',(4.26020709273486,6.49756711812377,-16.9807090739323));
#1125=CARTESIAN_POINT('Ctrl Pts',(4.25924729177817,6.49675061037135,-16.9805536393058));
#1126=CARTESIAN_POINT('Ctrl Pts',(4.25841042697969,6.49603610561461,-16.9804172352525));
#1127=CARTESIAN_POINT('Ctrl Pts',(4.2575775872357,6.49532486892444,-16.9802808428773));
#1128=CARTESIAN_POINT('',(6.49532486892445,4.25757758723569,-16.9802808428773));
#1129=CARTESIAN_POINT('Ctrl Pts',(6.49532486892445,4.25757758723569,-16.9802808428773));
#1130=CARTESIAN_POINT('Ctrl Pts',(5.74940910836153,5.0034933477986,-16.9802808428773));
#1131=CARTESIAN_POINT('Ctrl Pts',(5.00349334779861,5.74940910836152,-16.9802808428773));
#1132=CARTESIAN_POINT('Ctrl Pts',(4.2575775872357,6.49532486892444,-16.9802808428773));
#1133=CARTESIAN_POINT('',(6.69198291610848,4.5,-17.));
#1134=CARTESIAN_POINT('Ctrl Pts',(6.49532486892445,4.25757758723569,-16.9802808428773));
#1135=CARTESIAN_POINT('Ctrl Pts',(6.49601791833027,4.25838913014074,-16.980413747515));
#1136=CARTESIAN_POINT('Ctrl Pts',(6.49671391812982,4.25920431222404,-16.9805466298523));
#1137=CARTESIAN_POINT('Ctrl Pts',(6.497504673017,4.26013369458709,-16.9806971856283));
#1138=CARTESIAN_POINT('Ctrl Pts',(6.49832431187151,4.26109702457443,-16.9808532407672));
#1139=CARTESIAN_POINT('Ctrl Pts',(6.4992456260621,4.26218289476335,-16.9810282657165));
#1140=CARTESIAN_POINT('Ctrl Pts',(6.50033387083864,4.26347019385154,-16.9812338271871));
#1141=CARTESIAN_POINT('Ctrl Pts',(6.5014705766423,4.26481481812739,-16.9814485425909));
#1142=CARTESIAN_POINT('Ctrl Pts',(6.50278925265887,4.26637901952843,-16.9816965492826));
#1143=CARTESIAN_POINT('Ctrl Pts',(6.50432679805442,4.26820791190049,-16.9819826004021));
#1144=CARTESIAN_POINT('Ctrl Pts',(6.50595202311854,4.27014109821892,-16.9822849637991));
#1145=CARTESIAN_POINT('Ctrl Pts',(6.50782158419673,4.2723697799961,-16.9826297718845));
#1146=CARTESIAN_POINT('Ctrl Pts',(6.50994085171635,4.27490155083365,-16.9830140552884));
#1147=CARTESIAN_POINT('Ctrl Pts',(6.51222781088835,4.27763365354589,-16.9834287459525));
#1148=CARTESIAN_POINT('Ctrl Pts',(6.51480525710549,4.28071836137866,-16.9838892694958));
#1149=CARTESIAN_POINT('Ctrl Pts',(6.51764045085044,4.28411787890762,-16.9843836801153));
#1150=CARTESIAN_POINT('Ctrl Pts',(6.52086303163166,4.28798188992051,-16.9849456445889));
#1151=CARTESIAN_POINT('Ctrl Pts',(6.52441809559728,4.29225203177769,-16.9855510906547));
#1152=CARTESIAN_POINT('Ctrl Pts',(6.52821424908678,4.29682052769778,-16.9861756632495));
#1153=CARTESIAN_POINT('Ctrl Pts',(6.53465800854788,4.30457529548826,-16.9872358404993));
#1154=CARTESIAN_POINT('Ctrl Pts',(6.54179230180396,4.31318507799381,-16.9883476524544));
#1155=CARTESIAN_POINT('Ctrl Pts',(6.54905889572759,4.32198526826588,-16.9893994612882));
#1156=CARTESIAN_POINT('Ctrl Pts',(6.55308963446608,4.3268666842647,-16.9899828937267));
#1157=CARTESIAN_POINT('Ctrl Pts',(6.55715984354975,4.33180509042219,-16.9905484822129));
#1158=CARTESIAN_POINT('Ctrl Pts',(6.56119028438692,4.33670584433828,-16.9910851815798));
#1159=CARTESIAN_POINT('Ctrl Pts',(6.56481951052344,4.3411187472736,-16.9915684546132));
#1160=CARTESIAN_POINT('Ctrl Pts',(6.56841606856753,4.3455005924149,-16.9920283832293));
#1161=CARTESIAN_POINT('Ctrl Pts',(6.5719455317055,4.34981048781861,-16.9924620968154));
#1162=CARTESIAN_POINT('Ctrl Pts',(6.57524515039103,4.35383971573541,-16.9928675662586));
#1163=CARTESIAN_POINT('Ctrl Pts',(6.57848585779798,4.35780572217549,-16.9932501925289));
#1164=CARTESIAN_POINT('Ctrl Pts',(6.58166581550706,4.36170696014879,-16.9936114070027));
#1165=CARTESIAN_POINT('Ctrl Pts',(6.5847488240092,4.36548925882723,-16.9939616089223));
#1166=CARTESIAN_POINT('Ctrl Pts',(6.58777442080659,4.36921029555442,-16.9942917394806));
#1167=CARTESIAN_POINT('Ctrl Pts',(6.59077080585346,4.37290498893408,-16.9946059206902));
#1168=CARTESIAN_POINT('Ctrl Pts',(6.59400585636384,4.37689396882704,-16.994945126789));
#1169=CARTESIAN_POINT('Ctrl Pts',(6.59720997196424,4.38085608862179,-16.9952661833519));
#1170=CARTESIAN_POINT('Ctrl Pts',(6.60044971962398,4.38487293848062,-16.9955753941898));
#1171=CARTESIAN_POINT('Ctrl Pts',(6.60354192308718,4.38870685344841,-16.9958705229851));
#1172=CARTESIAN_POINT('Ctrl Pts',(6.60666708540385,4.39259123671052,-16.9961547817281));
#1173=CARTESIAN_POINT('Ctrl Pts',(6.60984808376631,4.39655334470756,-16.9964286783903));
#1174=CARTESIAN_POINT('Ctrl Pts',(6.61323289687713,4.40076931515668,-16.9967201243162));
#1175=CARTESIAN_POINT('Ctrl Pts',(6.61668068053459,4.40507298394513,-16.9969996948912));
#1176=CARTESIAN_POINT('Ctrl Pts',(6.62018090505504,4.40944960624986,-16.9972643808599));
#1177=CARTESIAN_POINT('Ctrl Pts',(6.62400683773925,4.41423348860493,-16.9975536967859));
#1178=CARTESIAN_POINT('Ctrl Pts',(6.62789503428804,4.41910404896464,-16.9978250253538));
#1179=CARTESIAN_POINT('Ctrl Pts',(6.63179241036375,4.42399280613429,-16.9980730644667));
#1180=CARTESIAN_POINT('Ctrl Pts',(6.63657210050299,4.42998831285032,-16.998377256333));
#1181=CARTESIAN_POINT('Ctrl Pts',(6.6413648814578,4.43601028483376,-16.9986459579662));
#1182=CARTESIAN_POINT('Ctrl Pts',(6.64602319101845,4.44187026151883,-16.9988732212913));
#1183=CARTESIAN_POINT('Ctrl Pts',(6.65133980985099,4.44855836629083,-16.9991326013214));
#1184=CARTESIAN_POINT('Ctrl Pts',(6.65647680859265,4.45502982049442,-16.9993375751298));
#1185=CARTESIAN_POINT('Ctrl Pts',(6.66119842060736,4.46098441841551,-16.9994925089488));
#1186=CARTESIAN_POINT('Ctrl Pts',(6.66469654297803,4.46539602871538,-16.9996072954786));
#1187=CARTESIAN_POINT('Ctrl Pts',(6.66796578982087,4.46952285428223,-16.9996950312843));
#1188=CARTESIAN_POINT('Ctrl Pts',(6.67093139477228,4.4732696943252,-16.9997618113416));
#1189=CARTESIAN_POINT('Ctrl Pts',(6.6736007558389,4.47664225037952,-16.9998219205226));
#1190=CARTESIAN_POINT('Ctrl Pts',(6.67602370609778,4.47970644300598,-16.9998651851674));
#1191=CARTESIAN_POINT('Ctrl Pts',(6.67817265347297,4.48242694238545,-16.9998970590164));
#1192=CARTESIAN_POINT('Ctrl Pts',(6.68012637212668,4.484900288381,-16.9999260371729));
#1193=CARTESIAN_POINT('Ctrl Pts',(6.68185350418024,4.48708942090406,-16.9999456565916));
#1194=CARTESIAN_POINT('Ctrl Pts',(6.68335991006937,4.48900137906094,-16.9999596762372));
#1195=CARTESIAN_POINT('Ctrl Pts',(6.68480997093603,4.4908418230754,-16.9999731714973));
#1196=CARTESIAN_POINT('Ctrl Pts',(6.68605527697214,4.49242515032993,-16.9999814980165));
#1197=CARTESIAN_POINT('Ctrl Pts',(6.68712958818968,4.49379361930356,-16.9999871602246));
#1198=CARTESIAN_POINT('Ctrl Pts',(6.68817408843682,4.4951241147483,-16.9999926653126));
#1199=CARTESIAN_POINT('Ctrl Pts',(6.68905674179559,4.49625124776667,-16.9999956498274));
#1200=CARTESIAN_POINT('Ctrl Pts',(6.68983930442409,4.4972525674497,-16.9999974838694));
#1201=CARTESIAN_POINT('Ctrl Pts',(6.6906218670526,4.49825388713273,-16.9999993179113));
#1202=CARTESIAN_POINT('Ctrl Pts',(6.69130399736596,4.49912896478308,-17.));
#1203=CARTESIAN_POINT('Ctrl Pts',(6.69198291610848,4.5,-17.));
#1204=CARTESIAN_POINT('',(5.59599145805425,5.59599145805424,-17.));
#1205=CARTESIAN_POINT('Ctrl Pts',(6.49532486892445,4.25757758723569,-16.9802808428773));
#1206=CARTESIAN_POINT('Ctrl Pts',(6.08299227326328,3.77474679664596,-16.9012086818243));
#1207=CARTESIAN_POINT('Ctrl Pts',(5.36878705212268,3.21517308871849,-16.4301625961352));
#1208=CARTESIAN_POINT('Ctrl Pts',(4.71108353895589,2.99292298856082,-15.7357923203054));
#1209=CARTESIAN_POINT('Ctrl Pts',(4.61483576921909,3.00000000003038,-15.5315363619376));
#1210=CARTESIAN_POINT('Ctrl Pts',(4.60333333386033,3.,-15.5000000014448));
#1211=CARTESIAN_POINT('Ctrl Pts',(5.74940910836153,5.0034933477986,-16.9802808428773));
#1212=CARTESIAN_POINT('Ctrl Pts',(5.31357711439084,4.5441619555184,-16.9012086818243));
#1213=CARTESIAN_POINT('Ctrl Pts',(4.65091573098795,3.93304440985322,-16.4301625961352));
#1214=CARTESIAN_POINT('Ctrl Pts',(4.13836335549087,3.56564317202584,-15.7357923203054));
#1215=CARTESIAN_POINT('Ctrl Pts',(4.07655717948952,3.53827858975994,-15.5315363619376));
#1216=CARTESIAN_POINT('Ctrl Pts',(4.06888888924022,3.53444444462011,-15.5000000014448));
#1217=CARTESIAN_POINT('Ctrl Pts',(5.00349334779861,5.74940910836152,-16.9802808428773));
#1218=CARTESIAN_POINT('Ctrl Pts',(4.54416195551841,5.31357711439084,-16.9012086818243));
#1219=CARTESIAN_POINT('Ctrl Pts',(3.93304440985323,4.65091573098794,-16.4301625961352));
#1220=CARTESIAN_POINT('Ctrl Pts',(3.56564317202585,4.13836335549086,-15.7357923203054));
#1221=CARTESIAN_POINT('Ctrl Pts',(3.53827858975995,4.07655717948951,-15.5315363619376));
#1222=CARTESIAN_POINT('Ctrl Pts',(3.53444444462012,4.06888888924021,-15.5000000014448));
#1223=CARTESIAN_POINT('Ctrl Pts',(4.2575775872357,6.49532486892444,-16.9802808428773));
#1224=CARTESIAN_POINT('Ctrl Pts',(3.77474679664597,6.08299227326327,-16.9012086818243));
#1225=CARTESIAN_POINT('Ctrl Pts',(3.2151730887185,5.36878705212267,-16.4301625961352));
#1226=CARTESIAN_POINT('Ctrl Pts',(2.99292298856082,4.71108353895589,-15.7357923203054));
#1227=CARTESIAN_POINT('Ctrl Pts',(3.00000000003039,4.61483576921908,-15.5315363619376));
#1228=CARTESIAN_POINT('Ctrl Pts',(3.00000000000001,4.60333333386032,-15.5000000014448));
#1229=CARTESIAN_POINT('',(3.00000000000001,4.60333333427655,-15.500000001293));
#1230=CARTESIAN_POINT('Ctrl Pts',(4.2575775872357,6.49532486892444,-16.9802808428773));
#1231=CARTESIAN_POINT('Ctrl Pts',(3.77474679664597,6.08299227326327,-16.9012086818243));
#1232=CARTESIAN_POINT('Ctrl Pts',(3.2151730887185,5.36878705212267,-16.4301625961352));
#1233=CARTESIAN_POINT('Ctrl Pts',(2.99292298856082,4.71108353895589,-15.7357923203054));
#1234=CARTESIAN_POINT('Ctrl Pts',(3.00000000003039,4.61483576921908,-15.5315363619376));
#1235=CARTESIAN_POINT('Ctrl Pts',(3.00000000000001,4.60333333386032,-15.5000000014448));
#1236=CARTESIAN_POINT('',(4.60333333427656,3.,-15.500000001293));
#1237=CARTESIAN_POINT('',(3.00000000000001,4.60333333427655,-15.500000001293));
#1238=CARTESIAN_POINT('Ctrl Pts',(4.60333333386033,3.,-15.5000000014448));
#1239=CARTESIAN_POINT('Ctrl Pts',(4.61483576921909,3.00000000003038,-15.5315363619376));
#1240=CARTESIAN_POINT('Ctrl Pts',(4.71108353895589,2.99292298856082,-15.7357923203054));
#1241=CARTESIAN_POINT('Ctrl Pts',(5.36878705212268,3.21517308871849,-16.4301625961352));
#1242=CARTESIAN_POINT('Ctrl Pts',(6.08299227326328,3.77474679664596,-16.9012086818243));
#1243=CARTESIAN_POINT('Ctrl Pts',(6.49532486892445,4.25757758723569,-16.9802808428773));
#1244=CARTESIAN_POINT('Origin',(3.80000000000001,3.8,-5.));
#1245=CARTESIAN_POINT('',(3.00000000000001,4.6,-13.897435053981));
#1246=CARTESIAN_POINT('',(4.60000000000001,3.,-15.010987926547));
#1247=CARTESIAN_POINT('Ctrl Pts',(3.00000000000001,4.6,-13.897435053981));
#1248=CARTESIAN_POINT('Ctrl Pts',(3.70000000000063,3.89999999999938,-14.4542114902645));
#1249=CARTESIAN_POINT('Ctrl Pts',(4.60000000000159,2.99999999999842,-15.010987926548));
#1250=CARTESIAN_POINT('',(4.60000000000001,3.,-5.));
#1251=CARTESIAN_POINT('',(3.00000000000001,4.6,-5.));
#1252=CARTESIAN_POINT('Origin',(6.99999999999999,4.5,-15.5));
#1253=CARTESIAN_POINT('',(9.13844450131876,3.,-15.5));
#1254=CARTESIAN_POINT('',(6.99999999999999,3.,-15.5));
#1255=CARTESIAN_POINT('',(7.38844450131877,4.5,-17.));
#1256=CARTESIAN_POINT('Origin',(7.38844450131877,4.5,-15.5));
#1257=CARTESIAN_POINT('',(6.99999999999999,4.5,-17.));
#1258=CARTESIAN_POINT('Origin',(7.49999999999999,3.,-10.));
#1259=CARTESIAN_POINT('',(3.00000000000001,3.,-13.1224989991992));
#1260=CARTESIAN_POINT('Ctrl Pts',(4.60000000000001,3.,-15.010987926547));
#1261=CARTESIAN_POINT('Ctrl Pts',(3.61425049850878,3.,-13.9093693856004));
#1262=CARTESIAN_POINT('Ctrl Pts',(3.00000000000001,3.,-13.1224989991992));
#1263=CARTESIAN_POINT('',(3.00000000000001,3.,-6.8775010008008));
#1264=CARTESIAN_POINT('Ctrl Pts',(2.99999999999463,3.,-13.1224989991923));
#1265=CARTESIAN_POINT('Ctrl Pts',(0.562500000002113,3.,-10.));
#1266=CARTESIAN_POINT('Ctrl Pts',(2.99999999999463,3.,-6.8775010008077));
#1267=CARTESIAN_POINT('',(4.60000000000001,3.,-4.98901207345298));
#1268=CARTESIAN_POINT('Ctrl Pts',(3.00000000000001,3.,-6.8775010008008));
#1269=CARTESIAN_POINT('Ctrl Pts',(3.61425049849414,3.,-6.09063061441663));
#1270=CARTESIAN_POINT('Ctrl Pts',(4.60000000000001,3.,-4.98901207345298));
#1271=CARTESIAN_POINT('',(4.60000000000001,3.,-4.7));
#1272=CARTESIAN_POINT('',(4.60000000000001,3.,-5.));
#1273=CARTESIAN_POINT('',(9.13844450131876,3.,-4.7));
#1274=CARTESIAN_POINT('',(7.,3.,-4.7));
#1275=CARTESIAN_POINT('',(9.85830005106488,3.,-3.51872538663707));
#1276=CARTESIAN_POINT('Ctrl Pts',(9.13844450131876,3.,-4.7));
#1277=CARTESIAN_POINT('Ctrl Pts',(9.1402468735979,3.,-4.69808122818528));
#1278=CARTESIAN_POINT('Ctrl Pts',(9.14204734575913,3.,-4.69616068180771));
#1279=CARTESIAN_POINT('Ctrl Pts',(9.31258126153991,3.,-4.51389169163778));
#1280=CARTESIAN_POINT('Ctrl Pts',(9.46082470232186,3.,-4.3217990155526));
#1281=CARTESIAN_POINT('Ctrl Pts',(9.69867805513893,3.,-3.9233028711407));
#1282=CARTESIAN_POINT('Ctrl Pts',(9.79002237430471,3.,-3.7254082368482));
#1283=CARTESIAN_POINT('Ctrl Pts',(9.85830005106487,3.,-3.51872538663707));
#1284=CARTESIAN_POINT('',(9.81521036939483,3.,-16.5133516025524));
#1285=CARTESIAN_POINT('Origin',(4.99999999999999,3.,-10.));
#1286=CARTESIAN_POINT('Ctrl Pts',(9.81521036939482,3.,-16.5133516025524));
#1287=CARTESIAN_POINT('Ctrl Pts',(9.77918418447335,3.,-16.4217254250333));
#1288=CARTESIAN_POINT('Ctrl Pts',(9.7381601661614,3.,-16.3319659607392));
#1289=CARTESIAN_POINT('Ctrl Pts',(9.52692958817948,3.,-15.9279708947424));
#1290=CARTESIAN_POINT('Ctrl Pts',(9.32310840549913,3.,-15.685431241261));
#1291=CARTESIAN_POINT('Ctrl Pts',(9.14204127290477,3.,-15.5036005487847));
#1292=CARTESIAN_POINT('Ctrl Pts',(9.14024383423747,3.,-15.5017993329187));
#1293=CARTESIAN_POINT('Ctrl Pts',(9.13844450131876,3.,-15.5));
#1294=CARTESIAN_POINT('',(11.5,3.,-10.));
#1295=CARTESIAN_POINT('Origin',(7.5,3.,-10.));
#1296=CARTESIAN_POINT('Ctrl Pts',(6.70235335770982,4.45953008086307,-3.01709352072366));
#1297=CARTESIAN_POINT('Ctrl Pts',(6.70527859366755,4.46284345311992,-3.01662007411894));
#1298=CARTESIAN_POINT('Ctrl Pts',(6.72049235543688,4.4801581089786,-3.01383401126641));
#1299=CARTESIAN_POINT('Ctrl Pts',(6.78312547749535,4.55295156576351,-3.00578680673255));
#1300=CARTESIAN_POINT('Ctrl Pts',(6.8336054774381,4.61305991468438,-3.00206741831909));
#1301=CARTESIAN_POINT('Ctrl Pts',(6.86989550269768,4.65652742861751,-3.00032136910693));
#1302=CARTESIAN_POINT('Ctrl Pts',(6.89758786810906,4.68979485465892,-3.00001784324213));
#1303=CARTESIAN_POINT('Ctrl Pts',(6.90321244057832,4.69657460292806,-3.));
#1304=CARTESIAN_POINT('Ctrl Pts',(6.90604751584184,4.7,-3.));
#1305=CARTESIAN_POINT('Ctrl Pts',(5.95474559876091,5.20713783981198,-3.01709352072366));
#1306=CARTESIAN_POINT('Ctrl Pts',(5.95780021348501,5.21032183330246,-3.01662007411894));
#1307=CARTESIAN_POINT('Ctrl Pts',(5.97411464855946,5.22653581585601,-3.01383401126641));
#1308=CARTESIAN_POINT('Ctrl Pts',(6.03987593193748,5.29620111132138,-3.00578680673255));
#1309=CARTESIAN_POINT('Ctrl Pts',(6.09394010156414,5.35272529055834,-3.00206741831909));
#1310=CARTESIAN_POINT('Ctrl Pts',(6.13211662663565,5.39430630467954,-3.00032136910693));
#1311=CARTESIAN_POINT('Ctrl Pts',(6.16148355416231,5.42589916860566,-3.00001784324213));
#1312=CARTESIAN_POINT('Ctrl Pts',(6.1676664946949,5.43212054881147,-3.));
#1313=CARTESIAN_POINT('Ctrl Pts',(6.17069834389456,5.43534917194727,-3.));
#1314=CARTESIAN_POINT('Ctrl Pts',(5.207137839812,5.9547455987609,-3.01709352072366));
#1315=CARTESIAN_POINT('Ctrl Pts',(5.21032183330247,5.957800213485,-3.01662007411894));
#1316=CARTESIAN_POINT('Ctrl Pts',(5.22687996897211,5.97411464855945,-3.01102811085995));
#1317=CARTESIAN_POINT('Ctrl Pts',(5.29943877241936,6.03987593193746,-3.00770982636694));
#1318=CARTESIAN_POINT('Ctrl Pts',(5.3549370387491,6.09394010156413,-2.99990085405466));
#1319=CARTESIAN_POINT('Ctrl Pts',(5.39596424024871,6.13211662663564,-3.00125290071262));
#1320=CARTESIAN_POINT('Ctrl Pts',(5.42625261697827,6.1614835541623,-3.0015709813603));
#1321=CARTESIAN_POINT('Ctrl Pts',(5.43212054881149,6.16766649469489,-3.));
#1322=CARTESIAN_POINT('Ctrl Pts',(5.43534917194729,6.17069834389455,-3.));
#1323=CARTESIAN_POINT('Ctrl Pts',(4.45953008086309,6.70235335770981,-3.01709352072366));
#1324=CARTESIAN_POINT('Ctrl Pts',(4.46284345311993,6.70527859366754,-3.01662007411894));
#1325=CARTESIAN_POINT('Ctrl Pts',(4.48015810897861,6.72049235543687,-3.01383401126641));
#1326=CARTESIAN_POINT('Ctrl Pts',(4.55295156576352,6.78312547749533,-3.00578680673255));
#1327=CARTESIAN_POINT('Ctrl Pts',(4.61305991468439,6.83360547743809,-3.00206741831909));
#1328=CARTESIAN_POINT('Ctrl Pts',(4.65652742861753,6.86989550269766,-3.00032136910693));
#1329=CARTESIAN_POINT('Ctrl Pts',(4.68979485465893,6.89758786810904,-3.00001784324213));
#1330=CARTESIAN_POINT('Ctrl Pts',(4.69657460292807,6.9032124405783,-3.));
#1331=CARTESIAN_POINT('Ctrl Pts',(4.70000000000001,6.90604751584182,-3.));
#1332=CARTESIAN_POINT('',(6.90604751584184,4.7,-3.));
#1333=CARTESIAN_POINT('',(6.70235335770982,4.45953008086307,-3.01709352072366));
#1334=CARTESIAN_POINT('Ctrl Pts',(6.90604751584184,4.7,-3.));
#1335=CARTESIAN_POINT('Ctrl Pts',(6.90536288562836,4.69917281549496,-3.));
#1336=CARTESIAN_POINT('Ctrl Pts',(6.90467527799217,4.69834206446261,-3.00000054529666));
#1337=CARTESIAN_POINT('Ctrl Pts',(6.90389153585936,4.69739615759987,-3.00000199411742));
#1338=CARTESIAN_POINT('Ctrl Pts',(6.90307926852312,4.69641582336038,-3.00000349566969));
#1339=CARTESIAN_POINT('Ctrl Pts',(6.90216387108561,4.6953119523164,-3.00000596168966));
#1340=CARTESIAN_POINT('Ctrl Pts',(6.90107895017209,4.69400502440776,-3.00001057054238));
#1341=CARTESIAN_POINT('Ctrl Pts',(6.89994592561449,4.69264014942283,-3.0000153837442));
#1342=CARTESIAN_POINT('Ctrl Pts',(6.89862817157076,4.69105400175666,-3.00002252905312));
#1343=CARTESIAN_POINT('Ctrl Pts',(6.8970878543269,4.6892013083048,-3.00003429791726));
#1344=CARTESIAN_POINT('Ctrl Pts',(6.89546019545502,4.68724356035008,-3.00004673411909));
#1345=CARTESIAN_POINT('Ctrl Pts',(6.89358422658463,4.68498842878992,-3.00006435250948));
#1346=CARTESIAN_POINT('Ctrl Pts',(6.89145382028038,4.68242870631868,-3.0000908113554));
#1347=CARTESIAN_POINT('Ctrl Pts',(6.88915616513476,4.67966803127954,-3.00011934736908));
#1348=CARTESIAN_POINT('Ctrl Pts',(6.88656285665321,4.6765534208522,-3.00015823547093));
#1349=CARTESIAN_POINT('Ctrl Pts',(6.88370597121506,4.6731236147276,-3.0002124662433));
#1350=CARTESIAN_POINT('Ctrl Pts',(6.88046615037759,4.66923407922067,-3.00027396607945));
#1351=CARTESIAN_POINT('Ctrl Pts',(6.87688787223078,4.66493979673402,-3.00035537119714));
#1352=CARTESIAN_POINT('Ctrl Pts',(6.87306129962835,4.66034952410202,-3.00046246297381));
#1353=CARTESIAN_POINT('Ctrl Pts',(6.86627780174862,4.65221218871037,-3.00065230827807));
#1354=CARTESIAN_POINT('Ctrl Pts',(6.85871846271253,4.64314985630014,-3.00092575221292));
#1355=CARTESIAN_POINT('Ctrl Pts',(6.85101384738958,4.63392437200734,-3.00128459965026));
#1356=CARTESIAN_POINT('Ctrl Pts',(6.84692963881467,4.62903395237222,-3.00147482430383));
#1357=CARTESIAN_POINT('Ctrl Pts',(6.84280569656776,4.62409903585246,-3.00168819934659));
#1358=CARTESIAN_POINT('Ctrl Pts',(6.83871881497454,4.61921287594882,-3.00192066128006));
#1359=CARTESIAN_POINT('Ctrl Pts',(6.83502936160255,4.61480186997241,-3.00213051748577));
#1360=CARTESIAN_POINT('Ctrl Pts',(6.83137052679208,4.61043109499962,-3.00235578653643));
#1361=CARTESIAN_POINT('Ctrl Pts',(6.82777485713521,4.60614064458067,-3.0025930301191));
#1362=CARTESIAN_POINT('Ctrl Pts',(6.82440982521329,4.60212539735361,-3.00281505614071));
#1363=CARTESIAN_POINT('Ctrl Pts',(6.82110038330462,4.59818081774895,-3.00304746340012));
#1364=CARTESIAN_POINT('Ctrl Pts',(6.81784646887831,4.59430794473346,-3.00328871358338));
#1365=CARTESIAN_POINT('Ctrl Pts',(6.81469121666928,4.59055250143151,-3.00352264879923));
#1366=CARTESIAN_POINT('Ctrl Pts',(6.81158848358277,4.5868648446778,-3.00376479862675));
#1367=CARTESIAN_POINT('Ctrl Pts',(6.80850793389866,4.58320993004678,-3.00401648605881));
#1368=CARTESIAN_POINT('Ctrl Pts',(6.80520919853206,4.57929614926363,-3.00428599972311));
#1369=CARTESIAN_POINT('Ctrl Pts',(6.80193247161412,4.5754158800176,-3.00456663732258));
#1370=CARTESIAN_POINT('Ctrl Pts',(6.79861139135737,4.57149137815351,-3.0048641546734));
#1371=CARTESIAN_POINT('Ctrl Pts',(6.79540599160806,4.56770357529458,-3.00515130884254));
#1372=CARTESIAN_POINT('Ctrl Pts',(6.79215887583317,4.56387409529689,-3.00545432750605));
#1373=CARTESIAN_POINT('Ctrl Pts',(6.78884728745557,4.55997610710084,-3.0057764877628));
#1374=CARTESIAN_POINT('Ctrl Pts',(6.78532345480357,4.55582829145586,-3.00611929571549));
#1375=CARTESIAN_POINT('Ctrl Pts',(6.78172688203764,4.55160321703656,-3.00648385464191));
#1376=CARTESIAN_POINT('Ctrl Pts',(6.77806985265903,4.54731483417372,-3.00687057785396));
#1377=CARTESIAN_POINT('Ctrl Pts',(6.77407212052635,4.54262692926699,-3.00729332967003));
#1378=CARTESIAN_POINT('Ctrl Pts',(6.77000255145538,4.53786386070411,-3.00774267029928));
#1379=CARTESIAN_POINT('Ctrl Pts',(6.76591817196673,4.5330914500096,-3.00821350757843));
#1380=CARTESIAN_POINT('Ctrl Pts',(6.76090246549162,4.52723082631174,-3.00879170595501));
#1381=CARTESIAN_POINT('Ctrl Pts',(6.75586517460676,4.52135702893902,-3.00940258274201));
#1382=CARTESIAN_POINT('Ctrl Pts',(6.7509637611188,4.5156516790113,-3.01002494203357));
#1383=CARTESIAN_POINT('Ctrl Pts',(6.74536920838506,4.50913950020542,-3.01073531300809));
#1384=CARTESIAN_POINT('Ctrl Pts',(6.73995638140059,4.50285227927539,-3.01146021669539));
#1385=CARTESIAN_POINT('Ctrl Pts',(6.73497610973684,4.49707805518856,-3.01215442521718));
#1386=CARTESIAN_POINT('Ctrl Pts',(6.73129394960269,4.49280888692351,-3.01266768776917));
#1387=CARTESIAN_POINT('Ctrl Pts',(6.72784913004588,4.48882112822482,-3.01316367919628));
#1388=CARTESIAN_POINT('Ctrl Pts',(6.72472076749289,4.48520492638246,-3.01362427782252));
#1389=CARTESIAN_POINT('Ctrl Pts',(6.72190441965045,4.48194939506726,-3.01403893754473));
#1390=CARTESIAN_POINT('Ctrl Pts',(6.71934496909183,4.47899546772598,-3.01442473364941));
#1391=CARTESIAN_POINT('Ctrl Pts',(6.71707191865053,4.47637611525414,-3.01477231266183));
#1392=CARTESIAN_POINT('Ctrl Pts',(6.71500530632834,4.47399465200276,-3.01508832459758));
#1393=CARTESIAN_POINT('Ctrl Pts',(6.71317554559278,4.47188987169733,-3.01537268181049));
#1394=CARTESIAN_POINT('Ctrl Pts',(6.71157698000477,4.47005437816345,-3.01562325740403));
#1395=CARTESIAN_POINT('Ctrl Pts',(6.71003814255205,4.46828746524144,-3.01586447059602));
#1396=CARTESIAN_POINT('Ctrl Pts',(6.70871378779646,4.46677036800996,-3.01607432360206));
#1397=CARTESIAN_POINT('Ctrl Pts',(6.70756903261951,4.46546206424561,-3.0162565644695));
#1398=CARTESIAN_POINT('Ctrl Pts',(6.70644883900654,4.46418183110042,-3.01643489522513));
#1399=CARTESIAN_POINT('Ctrl Pts',(6.7055008807998,4.46310182831717,-3.01658674454091));
#1400=CARTESIAN_POINT('Ctrl Pts',(6.70465961031813,4.46214571675017,-3.01672184712695));
#1401=CARTESIAN_POINT('Ctrl Pts',(6.70381833983646,4.46118960518317,-3.01685694971299));
#1402=CARTESIAN_POINT('Ctrl Pts',(6.70308412496823,4.46035781031642,-3.01697524675113));
#1403=CARTESIAN_POINT('Ctrl Pts',(6.70235335770982,4.45953008086307,-3.01709352072366));
#1404=CARTESIAN_POINT('',(4.45953008086309,6.70235335770981,-3.01709352072366));
#1405=CARTESIAN_POINT('Ctrl Pts',(4.45953008086309,6.70235335770981,-3.01709352072366));
#1406=CARTESIAN_POINT('Ctrl Pts',(5.207137839812,5.9547455987609,-3.01709352072366));
#1407=CARTESIAN_POINT('Ctrl Pts',(5.95474559876091,5.20713783981198,-3.01709352072366));
#1408=CARTESIAN_POINT('Ctrl Pts',(6.70235335770982,4.45953008086307,-3.01709352072366));
#1409=CARTESIAN_POINT('',(4.70000000000001,6.90604751584182,-3.));
#1410=CARTESIAN_POINT('Ctrl Pts',(4.45953008086309,6.70235335770981,-3.01709352072366));
#1411=CARTESIAN_POINT('Ctrl Pts',(4.46033058028286,6.70306008472548,-3.01697913764111));
#1412=CARTESIAN_POINT('Ctrl Pts',(4.46113464736437,6.70376983287638,-3.01686477038136));
#1413=CARTESIAN_POINT('Ctrl Pts',(4.46205174395706,6.70457691751786,-3.01673512855341));
#1414=CARTESIAN_POINT('Ctrl Pts',(4.46300224473175,6.70541339928335,-3.01660076467192));
#1415=CARTESIAN_POINT('Ctrl Pts',(4.46407400663992,6.70635430627559,-3.01645000876188));
#1416=CARTESIAN_POINT('Ctrl Pts',(4.46534520851253,6.70746677659704,-3.01627284608463));
#1417=CARTESIAN_POINT('Ctrl Pts',(4.46667282549303,6.70862861762395,-3.0160878210436));
#1418=CARTESIAN_POINT('Ctrl Pts',(4.46821778988787,6.70997742568923,-3.01587401490728));
#1419=CARTESIAN_POINT('Ctrl Pts',(4.4700249176197,6.71155132198192,-3.01562727952387));
#1420=CARTESIAN_POINT('Ctrl Pts',(4.47193463500554,6.71321456750724,-3.01536653710754));
#1421=CARTESIAN_POINT('Ctrl Pts',(4.47413688547496,6.71512897142324,-3.01506907373864));
#1422=CARTESIAN_POINT('Ctrl Pts',(4.47663943657226,6.71730041336022,-3.01473739176791));
#1423=CARTESIAN_POINT('Ctrl Pts',(4.47933876755825,6.71964259950423,-3.01437962907445));
#1424=CARTESIAN_POINT('Ctrl Pts',(4.48238714007112,6.72228353044722,-3.01398217149631));
#1425=CARTESIAN_POINT('Ctrl Pts',(4.48574758275195,6.72519018052824,-3.01355524795404));
#1426=CARTESIAN_POINT('Ctrl Pts',(4.48956028803426,6.72848801988165,-3.01307086723419));
#1427=CARTESIAN_POINT('Ctrl Pts',(4.49377413859433,6.73212739516408,-3.0125488092132));
#1428=CARTESIAN_POINT('Ctrl Pts',(4.49828377072048,6.73601589843644,-3.01200990439954));
#1429=CARTESIAN_POINT('Ctrl Pts',(4.50628316641674,6.74291350681596,-3.01105396991831));
#1430=CARTESIAN_POINT('Ctrl Pts',(4.51520836908694,6.75059048870006,-3.01004855414687));
#1431=CARTESIAN_POINT('Ctrl Pts',(4.52431555477301,6.75840002129833,-3.00910231660657));
#1432=CARTESIAN_POINT('Ctrl Pts',(4.52913164463871,6.76252988227832,-3.00860192436845));
#1433=CARTESIAN_POINT('Ctrl Pts',(4.53399724824053,6.76669571223865,-3.0081174464408));
#1434=CARTESIAN_POINT('Ctrl Pts',(4.5388219232687,6.77081916670385,-3.00765794604602));
#1435=CARTESIAN_POINT('Ctrl Pts',(4.5431790656919,6.77454303997522,-3.00724297329617));
#1436=CARTESIAN_POINT('Ctrl Pts',(4.54750232488232,6.77823193170089,-3.00684830372225));
#1437=CARTESIAN_POINT('Ctrl Pts',(4.55175309711032,6.78185234994059,-3.00647620158924));
#1438=CARTESIAN_POINT('Ctrl Pts',(4.55573183608972,6.78524107518848,-3.00612791257691));
#1439=CARTESIAN_POINT('Ctrl Pts',(4.55964674471326,6.78856953871017,-3.00579933618891));
#1440=CARTESIAN_POINT('Ctrl Pts',(4.56349762735967,6.79183732178411,-3.00548912595299));
#1441=CARTESIAN_POINT('Ctrl Pts',(4.56723153198723,6.79500583961807,-3.00518833895382));
#1442=CARTESIAN_POINT('Ctrl Pts',(4.57090487369298,6.79811699653233,-3.00490477215438));
#1443=CARTESIAN_POINT('Ctrl Pts',(4.5745531919757,6.80120103185804,-3.00463481858435));
#1444=CARTESIAN_POINT('Ctrl Pts',(4.57844716842899,6.80449272956883,-3.00434668778991));
#1445=CARTESIAN_POINT('Ctrl Pts',(4.58231673938973,6.80775700935856,-3.0040736745078));
#1446=CARTESIAN_POINT('Ctrl Pts',(4.5862387456671,6.811059559444,-3.00381063055666));
#1447=CARTESIAN_POINT('Ctrl Pts',(4.59003647699886,6.81425746302885,-3.00355592156738));
#1448=CARTESIAN_POINT('Ctrl Pts',(4.59388381710092,6.81749162860454,-3.0033106342853));
#1449=CARTESIAN_POINT('Ctrl Pts',(4.59780710386881,6.82078515066539,-3.00307436462869));
#1450=CARTESIAN_POINT('Ctrl Pts',(4.60198211077413,6.82428998682965,-3.00282293578695));
#1451=CARTESIAN_POINT('Ctrl Pts',(4.60624282034759,6.8278617828945,-3.00258184148363));
#1452=CARTESIAN_POINT('Ctrl Pts',(4.61057427946895,6.83148910553351,-3.00235367626013));
#1453=CARTESIAN_POINT('Ctrl Pts',(4.61530986619797,6.83545485944458,-3.00210422309108));
#1454=CARTESIAN_POINT('Ctrl Pts',(4.62012954258483,6.83948658175277,-3.0018703989474));
#1455=CARTESIAN_POINT('Ctrl Pts',(4.62496547989194,6.8435287688645,-3.00165674235385));
#1456=CARTESIAN_POINT('Ctrl Pts',(4.6309081853926,6.84849606394259,-3.00139418762389));
#1457=CARTESIAN_POINT('Ctrl Pts',(4.63687455931287,6.85347842620954,-3.00116248835608));
#1458=CARTESIAN_POINT('Ctrl Pts',(4.64267748102011,6.85832136594064,-3.0009667075605));
#1459=CARTESIAN_POINT('Ctrl Pts',(4.64927658768938,6.86382877711914,-3.00074406482655));
#1460=CARTESIAN_POINT('Ctrl Pts',(4.65565877551152,6.86915127676249,-3.00056822979574));
#1461=CARTESIAN_POINT('Ctrl Pts',(4.66152973017409,6.87404511606461,-3.0004353385824));
#1462=CARTESIAN_POINT('Ctrl Pts',(4.66588080227726,6.87767203006559,-3.00033685046857));
#1463=CARTESIAN_POINT('Ctrl Pts',(4.66995002777002,6.88106261170266,-3.00026159424613));
#1464=CARTESIAN_POINT('Ctrl Pts',(4.6736440154698,6.88413943531468,-3.00020431754889));
#1465=CARTESIAN_POINT('Ctrl Pts',(4.6769699387377,6.88690968797228,-3.00015274783195));
#1466=CARTESIAN_POINT('Ctrl Pts',(4.6799911845199,6.88942517895574,-3.00011563915965));
#1467=CARTESIAN_POINT('Ctrl Pts',(4.68267300839684,6.89165714521672,-3.00008830365752));
#1468=CARTESIAN_POINT('Ctrl Pts',(4.68511134510857,6.89368646761939,-3.00006344999022));
#1469=CARTESIAN_POINT('Ctrl Pts',(4.68726896683266,6.89548130115777,-3.00004662732247));
#1470=CARTESIAN_POINT('Ctrl Pts',(4.6891526702993,6.89704741678862,-3.00003460757627));
#1471=CARTESIAN_POINT('Ctrl Pts',(4.69096602529581,6.8985550445308,-3.00002303671748));
#1472=CARTESIAN_POINT('Ctrl Pts',(4.69252525597681,6.89985048024541,-3.00001589975537));
#1473=CARTESIAN_POINT('Ctrl Pts',(4.69387168057502,6.900968254113,-3.00001104600618));
#1474=CARTESIAN_POINT('Ctrl Pts',(4.69519133361478,6.90206380278619,-3.00000628876623));
#1475=CARTESIAN_POINT('Ctrl Pts',(4.69630624087601,6.90298841747162,-3.00000372574842));
#1476=CARTESIAN_POINT('Ctrl Pts',(4.69729433158537,6.90380716402662,-3.00000215313124));
#1477=CARTESIAN_POINT('Ctrl Pts',(4.69828242229473,6.90462591058161,-3.00000058051406));
#1478=CARTESIAN_POINT('Ctrl Pts',(4.69914325950023,6.90533842321776,-3.));
#1479=CARTESIAN_POINT('Ctrl Pts',(4.70000000000001,6.90604751584182,-3.));
#1480=CARTESIAN_POINT('',(5.80302375792093,5.80302375792091,-3.));
#1481=CARTESIAN_POINT('Origin',(3.80000000000001,3.8,-5.));
#1482=CARTESIAN_POINT('',(3.00000000000001,4.6,-6.10256494601899));
#1483=CARTESIAN_POINT('Ctrl Pts',(4.60000000000001,3.,-4.98901207345298));
#1484=CARTESIAN_POINT('Ctrl Pts',(3.7,3.90000000000001,-5.54578850973599));
#1485=CARTESIAN_POINT('Ctrl Pts',(3.00000000000001,4.6,-6.10256494601899));
#1486=CARTESIAN_POINT('',(3.00000000000001,4.6,-4.7));
#1487=CARTESIAN_POINT('',(3.00000000000001,4.6,-5.));
#1488=CARTESIAN_POINT('',(3.00000000000001,4.6,-4.7));
#1489=CARTESIAN_POINT('Ctrl Pts',(4.45953008086309,6.70235335770981,-3.01709352072366));
#1490=CARTESIAN_POINT('Ctrl Pts',(4.05465317375012,6.34490469352972,-3.07494624059419));
#1491=CARTESIAN_POINT('Ctrl Pts',(3.39957910263576,5.60797254494188,-3.45365037967736));
#1492=CARTESIAN_POINT('Ctrl Pts',(3.00370098626347,4.7649894426739,-4.27808525607793));
#1493=CARTESIAN_POINT('Ctrl Pts',(3.00336488700073,4.61559530907642,-4.61216010568908));
#1494=CARTESIAN_POINT('Ctrl Pts',(2.99940478058331,4.60150473779353,-4.68058212188267));
#1495=CARTESIAN_POINT('Ctrl Pts',(3.00000000000001,4.6,-4.69257764729258));
#1496=CARTESIAN_POINT('Ctrl Pts',(3.00000000000001,4.6,-4.7));
#1497=CARTESIAN_POINT('Ctrl Pts',(5.207137839812,5.9547455987609,-3.01709352072366));
#1498=CARTESIAN_POINT('Ctrl Pts',(4.81807034700999,5.58148752026985,-3.07494624059419));
#1499=CARTESIAN_POINT('Ctrl Pts',(4.13571025007113,4.8718413975065,-3.45365037967735));
#1500=CARTESIAN_POINT('Ctrl Pts',(3.59079713840028,4.17789329053709,-4.27808525607793));
#1501=CARTESIAN_POINT('Ctrl Pts',(3.54077502769263,4.07818516838452,-4.61216010568908));
#1502=CARTESIAN_POINT('Ctrl Pts',(3.53343809965338,4.06747141872345,-4.68058212188267));
#1503=CARTESIAN_POINT('Ctrl Pts',(3.53333333333335,4.06666666666667,-4.69257764729258));
#1504=CARTESIAN_POINT('Ctrl Pts',(3.53333333333335,4.06666666666667,-4.7));
#1505=CARTESIAN_POINT('Ctrl Pts',(5.95474559876091,5.20713783981198,-3.01709352072366));
#1506=CARTESIAN_POINT('Ctrl Pts',(5.58148752026986,4.81807034700998,-3.07494624059419));
#1507=CARTESIAN_POINT('Ctrl Pts',(4.87184139750652,4.13571025007112,-3.45365037967735));
#1508=CARTESIAN_POINT('Ctrl Pts',(4.17789329053709,3.59079713840027,-4.27808525607793));
#1509=CARTESIAN_POINT('Ctrl Pts',(4.07818516838453,3.54077502769262,-4.61216010568908));
#1510=CARTESIAN_POINT('Ctrl Pts',(4.06747141872346,3.53343809965337,-4.68058212188268));
#1511=CARTESIAN_POINT('Ctrl Pts',(4.06666666666668,3.53333333333333,-4.69257764729258));
#1512=CARTESIAN_POINT('Ctrl Pts',(4.06666666666668,3.53333333333333,-4.7));
#1513=CARTESIAN_POINT('Ctrl Pts',(6.70235335770982,4.45953008086307,-3.01709352072366));
#1514=CARTESIAN_POINT('Ctrl Pts',(6.34490469352973,4.05465317375011,-3.07494624059419));
#1515=CARTESIAN_POINT('Ctrl Pts',(5.60797254494189,3.39957910263574,-3.45365037967735));
#1516=CARTESIAN_POINT('Ctrl Pts',(4.76498944267392,3.00370098626346,-4.27808525607793));
#1517=CARTESIAN_POINT('Ctrl Pts',(4.61559530907643,3.00336488700071,-4.61216010568908));
#1518=CARTESIAN_POINT('Ctrl Pts',(4.60150473779354,2.99940478058329,-4.68058212188268));
#1519=CARTESIAN_POINT('Ctrl Pts',(4.60000000000001,3.,-4.69257764729258));
#1520=CARTESIAN_POINT('Ctrl Pts',(4.60000000000001,3.,-4.7));
#1521=CARTESIAN_POINT('Ctrl Pts',(6.70235335770982,4.45953008086307,-3.01709352072366));
#1522=CARTESIAN_POINT('Ctrl Pts',(6.34490469352973,4.05465317375011,-3.07494624059419));
#1523=CARTESIAN_POINT('Ctrl Pts',(5.60797254494189,3.39957910263574,-3.45365037967735));
#1524=CARTESIAN_POINT('Ctrl Pts',(4.76498944267392,3.00370098626346,-4.27808525607793));
#1525=CARTESIAN_POINT('Ctrl Pts',(4.61559530907643,3.00336488700071,-4.61216010568908));
#1526=CARTESIAN_POINT('Ctrl Pts',(4.60150473779354,2.99940478058329,-4.68058212188268));
#1527=CARTESIAN_POINT('Ctrl Pts',(4.60000000000001,3.,-4.69257764729258));
#1528=CARTESIAN_POINT('Ctrl Pts',(4.60000000000001,3.,-4.7));
#1529=CARTESIAN_POINT('Ctrl Pts',(3.00000000000001,4.6,-4.7));
#1530=CARTESIAN_POINT('Ctrl Pts',(3.00000000000001,4.6,-4.69257764729258));
#1531=CARTESIAN_POINT('Ctrl Pts',(2.99940478058331,4.60150473779353,-4.68058212188267));
#1532=CARTESIAN_POINT('Ctrl Pts',(3.00336488700073,4.61559530907642,-4.61216010568908));
#1533=CARTESIAN_POINT('Ctrl Pts',(3.00370098626347,4.7649894426739,-4.27808525607793));
#1534=CARTESIAN_POINT('Ctrl Pts',(3.39957910263576,5.60797254494188,-3.45365037967736));
#1535=CARTESIAN_POINT('Ctrl Pts',(4.05465317375012,6.34490469352972,-3.07494624059419));
#1536=CARTESIAN_POINT('Ctrl Pts',(4.45953008086309,6.70235335770981,-3.01709352072366));
#1537=CARTESIAN_POINT('Origin',(4.70000000000001,6.,-4.7));
#1538=CARTESIAN_POINT('',(3.00000000000001,14.594476287975,-4.7));
#1539=CARTESIAN_POINT('',(3.00000000000001,6.,-4.7));
#1540=CARTESIAN_POINT('',(4.70000000000001,9.10876200226074,-3.));
#1541=CARTESIAN_POINT('Origin',(4.70000000000001,9.10876200226074,-4.7));
#1542=CARTESIAN_POINT('',(4.70000000000001,6.,-3.));
#1543=CARTESIAN_POINT('Origin',(3.00000000000002,3.,9.59402504878688E-16));
#1544=CARTESIAN_POINT('',(3.00000000000001,14.594476287975,-15.5));
#1545=CARTESIAN_POINT('',(3.00000000000001,6.,-15.5));
#1546=CARTESIAN_POINT('',(3.00000000000001,14.9890522105363,-16.3811721525546));
#1547=CARTESIAN_POINT('Ctrl Pts',(3.00000000000001,14.594476287975,-15.5));
#1548=CARTESIAN_POINT('Ctrl Pts',(3.00000000000001,14.5956916051017,-15.5012153171266));
#1549=CARTESIAN_POINT('Ctrl Pts',(3.00000000000001,14.5969043803587,-15.5024331563685));
#1550=CARTESIAN_POINT('Ctrl Pts',(3.00000000000001,14.6811430754573,-15.5873771660053));
#1551=CARTESIAN_POINT('Ctrl Pts',(3.00000000000001,14.7505417832575,-15.681468273402));
#1552=CARTESIAN_POINT('Ctrl Pts',(3.00000000000001,14.8680627671368,-15.8942017411016));
#1553=CARTESIAN_POINT('Ctrl Pts',(3.00000000000001,14.9133321182519,-16.0122964695889));
#1554=CARTESIAN_POINT('Ctrl Pts',(3.00000000000001,14.9654561152543,-16.2151996518467));
#1555=CARTESIAN_POINT('Ctrl Pts',(3.00000000000001,14.9800806218735,-16.2978446475127));
#1556=CARTESIAN_POINT('Ctrl Pts',(3.00000000000001,14.9890522105361,-16.3811721525546));
#1557=CARTESIAN_POINT('',(3.00000000000001,14.9993554033111,-3.62689671271124));
#1558=CARTESIAN_POINT('Origin',(3.00000000000001,10.,-10.));
#1559=CARTESIAN_POINT('Ctrl Pts',(3.00000000000001,14.9993554018019,-3.62689671267373));
#1560=CARTESIAN_POINT('Ctrl Pts',(3.00000000000001,14.9983544458408,-3.66716692143278));
#1561=CARTESIAN_POINT('Ctrl Pts',(3.00000000000009,14.996180068777,-3.70740758865294));
#1562=CARTESIAN_POINT('Ctrl Pts',(3.00000000000009,14.9805042176397,-3.89235297630384));
#1563=CARTESIAN_POINT('Ctrl Pts',(3.00000000000002,14.9522483601206,-4.0358058647293));
#1564=CARTESIAN_POINT('Ctrl Pts',(3.00000000000002,14.8723333775461,-4.27129529148037));
#1565=CARTESIAN_POINT('Ctrl Pts',(3.00000000000001,14.8298094636236,-4.36594371266297));
#1566=CARTESIAN_POINT('Ctrl Pts',(3.00000000000001,14.726443243621,-4.54190647549323));
#1567=CARTESIAN_POINT('Ctrl Pts',(3.00000000000001,14.6668583677367,-4.62234943824556));
#1568=CARTESIAN_POINT('Ctrl Pts',(3.00000000000001,14.5969128356584,-4.69740098757692));
#1569=CARTESIAN_POINT('Ctrl Pts',(3.00000000000001,14.5956958407596,-4.69870168691753));
#1570=CARTESIAN_POINT('Ctrl Pts',(3.00000000000001,14.594476287975,-4.7));
#1571=CARTESIAN_POINT('',(3.00000000000001,5.5,-6.));
#1572=CARTESIAN_POINT('Origin',(3.00000000000001,5.5,-10.));
#1573=CARTESIAN_POINT('',(3.00000000000001,14.,-6.));
#1574=CARTESIAN_POINT('',(3.00000000000001,4.25,-6.));
#1575=CARTESIAN_POINT('',(3.00000000000001,14.,-14.));
#1576=CARTESIAN_POINT('Origin',(3.00000000000001,14.,-10.));
#1577=CARTESIAN_POINT('',(3.00000000000001,5.5,-14.));
#1578=CARTESIAN_POINT('',(3.00000000000001,8.5,-14.));
#1579=CARTESIAN_POINT('Origin',(3.00000000000001,5.5,-10.));
#1580=CARTESIAN_POINT('Origin',(7.5,2.,-10.));
#1581=CARTESIAN_POINT('',(9.5,1.,-10.));
#1582=CARTESIAN_POINT('',(10.5,2.,-10.));
#1583=CARTESIAN_POINT('',(5.5,1.,-10.));
#1584=CARTESIAN_POINT('Origin',(7.5,1.,-10.));
#1585=CARTESIAN_POINT('Origin',(7.5,1.,-10.));
#1586=CARTESIAN_POINT('Origin',(7.5,3.,-10.));
#1587=CARTESIAN_POINT('',(5.5,0.,-10.));
#1588=CARTESIAN_POINT('',(5.5,3.,-10.));
#1589=CARTESIAN_POINT('Origin',(7.5,0.,-10.));
#1590=CARTESIAN_POINT('Origin',(2.00000000000001,4.25,-7.));
#1591=CARTESIAN_POINT('',(1.00000000000001,14.,-8.));
#1592=CARTESIAN_POINT('',(1.00000000000001,14.,-8.));
#1593=CARTESIAN_POINT('',(1.00000000000001,5.5,-8.));
#1594=CARTESIAN_POINT('',(3.00000000000001,5.5,-6.));
#1595=CARTESIAN_POINT('',(1.00000000000001,4.25,-8.));
#1596=CARTESIAN_POINT('Origin',(2.00000000000001,14.,-10.));
#1597=CARTESIAN_POINT('',(1.00000000000001,14.,-12.));
#1598=CARTESIAN_POINT('',(1.00000000000001,14.,-12.));
#1599=CARTESIAN_POINT('Origin',(1.00000000000001,14.,-10.));
#1600=CARTESIAN_POINT('Origin',(2.00000000000001,8.5,-13.));
#1601=CARTESIAN_POINT('',(1.00000000000001,5.5,-12.));
#1602=CARTESIAN_POINT('',(1.00000000000001,5.5,-12.));
#1603=CARTESIAN_POINT('',(1.00000000000001,8.5,-12.));
#1604=CARTESIAN_POINT('Origin',(2.00000000000001,5.5,-10.));
#1605=CARTESIAN_POINT('Origin',(1.00000000000001,5.5,-10.));
#1606=CARTESIAN_POINT('Origin',(3.00000000000001,14.,-10.));
#1607=CARTESIAN_POINT('',(-2.22044604925031E-15,14.,-8.));
#1608=CARTESIAN_POINT('',(3.00000000000001,14.,-8.));
#1609=CARTESIAN_POINT('',(-3.88578058618805E-15,14.,-12.));
#1610=CARTESIAN_POINT('Origin',(-1.66533453693773E-15,14.,-10.));
#1611=CARTESIAN_POINT('',(3.00000000000001,14.,-12.));
#1612=CARTESIAN_POINT('Origin',(3.00000000000001,5.5,-8.));
#1613=CARTESIAN_POINT('',(-2.22044604925031E-15,5.5,-8.));
#1614=CARTESIAN_POINT('',(3.00000000000001,5.5,-8.));
#1615=CARTESIAN_POINT('',(-2.4980018054066E-15,2.75,-8.));
#1616=CARTESIAN_POINT('Origin',(2.05000000000002,10.,-10.));
#1617=CARTESIAN_POINT('',(2.92338960779576,15.1313321009216,-16.3660339596922));
#1618=CARTESIAN_POINT('',(1.10000000000002,18.2571428571429,-15.6408857315793));
#1619=CARTESIAN_POINT('Origin',(3.24315789473685,14.5831578947368,-10.));
#1620=CARTESIAN_POINT('',(1.10000000000002,18.2571428571429,-4.35911426842072));
#1621=CARTESIAN_POINT('Origin',(1.10000000000002,10.,-10.));
#1622=CARTESIAN_POINT('',(2.9802421161934,15.0338706579542,-3.6289236160106));
#1623=CARTESIAN_POINT('Origin',(3.24315789473685,14.5831578947368,-10.));
#1624=CARTESIAN_POINT('Ctrl Pts',(3.0014669911558,14.996832106834,-3.62571937669098));
#1625=CARTESIAN_POINT('Ctrl Pts',(2.99493700111829,15.0084585055843,-3.62655614671257));
#1626=CARTESIAN_POINT('Ctrl Pts',(2.98835903387368,15.0199550614668,-3.62725243647188));
#1627=CARTESIAN_POINT('Ctrl Pts',(2.98172973870218,15.0313204479391,-3.6278006752533));
#1628=CARTESIAN_POINT('Ctrl Pts',(2.92378278349875,15.1306580854307,-16.3656619642521));
#1629=CARTESIAN_POINT('Ctrl Pts',(2.93833994933414,15.1055805817256,-16.3670998015251));
#1630=CARTESIAN_POINT('Ctrl Pts',(2.95242386930613,15.080170155802,-16.3693320747913));
#1631=CARTESIAN_POINT('Ctrl Pts',(2.96604864973204,15.0545696031111,-16.3721855325185));
#1632=CARTESIAN_POINT('Ctrl Pts',(2.97774882029494,15.0325853344753,-16.3746359163823));
#1633=CARTESIAN_POINT('Ctrl Pts',(2.98911046173174,15.0104606714648,-16.3775453286795));
#1634=CARTESIAN_POINT('Ctrl Pts',(3.00014496306439,14.9882879302857,-16.3808345686003));
#1635=CARTESIAN_POINT('Origin',(4.99999999999999,2.05,-10.));
#1636=CARTESIAN_POINT('',(10.2428102224947,2.58375390429472,-3.28886086170754));
#1637=CARTESIAN_POINT('',(11.1083333333333,1.1,-2.08240794882125));
#1638=CARTESIAN_POINT('Ctrl Pts',(11.1083333333333,1.10000000000005,-2.08240794882117));
#1639=CARTESIAN_POINT('Ctrl Pts',(10.63988129784,1.90306063227433,-2.73527628377177));
#1640=CARTESIAN_POINT('Ctrl Pts',(10.2428102224947,2.58375390429472,-3.28886086170754));
#1641=CARTESIAN_POINT('',(11.1083333333333,1.1,-17.9175920511788));
#1642=CARTESIAN_POINT('Origin',(4.99999999999999,1.1,-10.));
#1643=CARTESIAN_POINT('',(10.273802076712,2.53062501135085,-16.7543467005887));
#1644=CARTESIAN_POINT('Ctrl Pts',(10.273802076712,2.53062501135085,-16.7543467005887));
#1645=CARTESIAN_POINT('Ctrl Pts',(10.6579853489454,1.8720251160935,-17.2899548195334));
#1646=CARTESIAN_POINT('Ctrl Pts',(11.1083333333333,1.09999999999998,-17.9175920511787));
#1647=CARTESIAN_POINT('Ctrl Pts',(9.81521036939483,3.00000000000001,-16.5133516025524));
#1648=CARTESIAN_POINT('Ctrl Pts',(9.899342204519,2.94130708903772,-16.5241448313228));
#1649=CARTESIAN_POINT('Ctrl Pts',(9.97815361401503,2.87792362954518,-16.5438455632186));
#1650=CARTESIAN_POINT('Ctrl Pts',(10.1426660780062,2.71982637622459,-16.6168476482139));
#1651=CARTESIAN_POINT('Ctrl Pts',(10.2179630313791,2.62634908906434,-16.676498839435));
#1652=CARTESIAN_POINT('Ctrl Pts',(10.2738020767099,2.53062501135447,-16.7543467005858));
#1653=CARTESIAN_POINT('Ctrl Pts',(10.2396050064763,2.58924856032638,-3.29093802465735));
#1654=CARTESIAN_POINT('Ctrl Pts',(10.2221369454348,2.61916244518593,-3.31527199842969));
#1655=CARTESIAN_POINT('Ctrl Pts',(10.2026538702296,2.64890247690943,-3.33789719137841));
#1656=CARTESIAN_POINT('Ctrl Pts',(10.1812401749931,2.67843530109435,-3.35876632214173));
#1657=CARTESIAN_POINT('Ctrl Pts',(10.1595603618737,2.70833514332834,-3.37989480323371));
#1658=CARTESIAN_POINT('Ctrl Pts',(10.1359019473273,2.73802245011778,-3.39922353170108));
#1659=CARTESIAN_POINT('Ctrl Pts',(10.1103253237813,2.76745652115574,-3.41674889407993));
#1660=CARTESIAN_POINT('Ctrl Pts',(10.1041998201161,2.77450586876411,-3.42094615144239));
#1661=CARTESIAN_POINT('Ctrl Pts',(10.097964157897,2.78154066912509,-3.42504016356913));
#1662=CARTESIAN_POINT('Ctrl Pts',(10.0916189080031,2.78856032384195,-3.42903123547126));
#1663=CARTESIAN_POINT('Ctrl Pts',(10.0649907923972,2.81801860845509,-3.44577994131883));
#1664=CARTESIAN_POINT('Ctrl Pts',(10.0367799930386,2.84683106343433,-3.46048115458282));
#1665=CARTESIAN_POINT('Ctrl Pts',(10.0071598779176,2.87497888750306,-3.47328629723501));
#1666=CARTESIAN_POINT('Ctrl Pts',(9.97716446084074,2.90348335884963,-3.48625368757136));
#1667=CARTESIAN_POINT('Ctrl Pts',(9.94572377777908,2.93130635065806,-3.49727710243592));
#1668=CARTESIAN_POINT('Ctrl Pts',(9.91296928358337,2.95845000021619,-3.50651549765587));
#1669=CARTESIAN_POINT('Ctrl Pts',(9.90408278514997,2.96581424152713,-3.50902193186178));
#1670=CARTESIAN_POINT('Ctrl Pts',(9.89509930798995,2.97312859485637,-3.51139696459878));
#1671=CARTESIAN_POINT('Ctrl Pts',(9.88602087056139,2.98039335522746,-3.51364372759856));
#1672=CARTESIAN_POINT('Ctrl Pts',(9.8756601003204,2.98868426582228,-3.51620784674461));
#1673=CARTESIAN_POINT('Ctrl Pts',(9.86517808003427,2.99690852599333,-3.51860476698312));
#1674=CARTESIAN_POINT('Ctrl Pts',(9.85457757023081,3.00506669621004,-3.52083969588962));
#1675=CARTESIAN_POINT('Ctrl Pts',(10.4341128526664,2.25580653828613,-15.5));
#1676=CARTESIAN_POINT('Ctrl Pts',(10.4341128526664,2.25580653828613,-16.1731984257692));
#1677=CARTESIAN_POINT('Ctrl Pts',(10.1146502302005,2.80345674822769,-17.7472375345754));
#1678=CARTESIAN_POINT('Ctrl Pts',(9.20771162826471,4.35820863726047,-18.5));
#1679=CARTESIAN_POINT('Ctrl Pts',(8.68411285266641,5.25580653828613,-18.5));
#1680=CARTESIAN_POINT('Ctrl Pts',(10.2839993263264,2.51314401201182,-15.5));
#1681=CARTESIAN_POINT('Ctrl Pts',(10.2839993263264,2.51314401201182,-16.0957350400559));
#1682=CARTESIAN_POINT('Ctrl Pts',(9.98480051886126,3.02595261768574,-17.4899173406938));
#1683=CARTESIAN_POINT('Ctrl Pts',(9.147450724503,4.45793616225394,-18.0952344575494));
#1684=CARTESIAN_POINT('Ctrl Pts',(8.68411285266641,5.25580653828613,-18.0512010494872));
#1685=CARTESIAN_POINT('Ctrl Pts',(9.88356025021628,2.88193154589238,-15.5));
#1686=CARTESIAN_POINT('Ctrl Pts',(9.88356025021628,2.88193154589238,-15.9606666620735));
#1687=CARTESIAN_POINT('Ctrl Pts',(9.59210655800001,3.31766777346554,-17.0402428001948));
#1688=CARTESIAN_POINT('Ctrl Pts',(8.78980291459287,4.48097175854765,-17.3879814005286));
#1689=CARTESIAN_POINT('Ctrl Pts',(8.35915935133071,5.06625032917363,-17.2738763444691));
#1690=CARTESIAN_POINT('Ctrl Pts',(9.3618849038263,3.,-15.5));
#1691=CARTESIAN_POINT('Ctrl Pts',(9.3618849038263,3.,-15.865798006902));
#1692=CARTESIAN_POINT('Ctrl Pts',(9.05079805994131,3.32525955740913,-16.7221411470273));
#1693=CARTESIAN_POINT('Ctrl Pts',(8.17518434983099,4.20504472180323,-17.0511915788611));
#1694=CARTESIAN_POINT('Ctrl Pts',(7.67919179946752,4.66960259058678,-17.));
#1695=CARTESIAN_POINT('Ctrl Pts',(9.13844450131876,3.,-15.5));
#1696=CARTESIAN_POINT('Ctrl Pts',(9.13844450131876,3.,-15.8365992128846));
#1697=CARTESIAN_POINT('Ctrl Pts',(8.81898187885285,3.27382510497078,-16.6236187672877));
#1698=CARTESIAN_POINT('Ctrl Pts',(7.91204327691706,4.05120104948717,-17.));
#1699=CARTESIAN_POINT('Ctrl Pts',(7.38844450131876,4.5,-17.));
#1700=CARTESIAN_POINT('',(8.68411285266642,5.25580653828612,-18.5));
#1701=CARTESIAN_POINT('Origin',(7.38844450131877,4.5,-18.5));
#1702=CARTESIAN_POINT('',(9.99999999999999,3.,-17.4777100044813));
#1703=CARTESIAN_POINT('Ctrl Pts',(10.2735485982614,2.53105954583766,-16.7540805278097));
#1704=CARTESIAN_POINT('Ctrl Pts',(10.2147257513139,2.63189871203331,-16.9747207437342));
#1705=CARTESIAN_POINT('Ctrl Pts',(10.1263194831474,2.7834523146045,-17.2228557101415));
#1706=CARTESIAN_POINT('Ctrl Pts',(10.0180314400891,2.9690889598473,-17.443196455307));
#1707=CARTESIAN_POINT('Ctrl Pts',(10.0001081321767,2.99981463055412,-17.4779274648572));
#1708=CARTESIAN_POINT('Origin',(8.68411285266642,5.25580653828613,-15.5));
#1709=CARTESIAN_POINT('Origin',(3.45433164865235,11.2441934617139,-18.5));
#1710=CARTESIAN_POINT('',(5.79566835134766,10.207425683404,-18.5));
#1711=CARTESIAN_POINT('',(4.50000000000001,9.45161914511788,-17.));
#1712=CARTESIAN_POINT('Origin',(4.50000000000001,9.45161914511788,-18.5));
#1713=CARTESIAN_POINT('',(3.45433164865235,11.2441934617139,-17.));
#1714=CARTESIAN_POINT('',(4.75000000000001,12.,-18.5));
#1715=CARTESIAN_POINT('Ctrl Pts',(5.79566835134766,10.207425683404,-18.5));
#1716=CARTESIAN_POINT('Ctrl Pts',(5.12246992557842,11.3614801275799,-18.5));
#1717=CARTESIAN_POINT('Ctrl Pts',(4.00441863679646,13.2781394797775,-18.1069931913235));
#1718=CARTESIAN_POINT('Ctrl Pts',(3.00084196779225,14.9985566266419,-16.8449530368937));
#1719=CARTESIAN_POINT('Ctrl Pts',(2.79566835134766,15.3502828262612,-15.9487989505128));
#1720=CARTESIAN_POINT('Ctrl Pts',(2.79566835134766,15.3502828262612,-15.5));
#1721=CARTESIAN_POINT('Ctrl Pts',(5.79566835134766,10.207425683404,-18.0512010494872));
#1722=CARTESIAN_POINT('Ctrl Pts',(5.14615140988278,11.3162844497586,-18.1078154312815));
#1723=CARTESIAN_POINT('Ctrl Pts',(4.05747953257551,13.1867170159871,-17.8186494998745));
#1724=CARTESIAN_POINT('Ctrl Pts',(3.07249368458875,14.8735595236105,-16.7108906717775));
#1725=CARTESIAN_POINT('Ctrl Pts',(2.87169161245671,15.2199572357885,-15.9040004893258));
#1726=CARTESIAN_POINT('Ctrl Pts',(2.87169161245671,15.2199572357885,-15.5));
#1727=CARTESIAN_POINT('Ctrl Pts',(5.47068778050437,10.0178536837454,-17.2739024493917));
#1728=CARTESIAN_POINT('Ctrl Pts',(4.95288291349976,11.1021917186692,-17.4206089500396));
#1729=CARTESIAN_POINT('Ctrl Pts',(4.02008158809715,12.9510826182701,-17.3140772493647));
#1730=CARTESIAN_POINT('Ctrl Pts',(3.15082091559265,14.6275083459949,-16.4748266220213));
#1731=CARTESIAN_POINT('Ctrl Pts',(2.97002941923432,14.9716843337386,-15.8256219861362));
#1732=CARTESIAN_POINT('Ctrl Pts',(2.97002941923432,14.9716843337386,-15.5));
#1733=CARTESIAN_POINT('Ctrl Pts',(4.79074729814877,9.62122173570466,-17.));
#1734=CARTESIAN_POINT('Ctrl Pts',(4.41891290194228,10.7545715109544,-17.0658177442499));
#1735=CARTESIAN_POINT('Ctrl Pts',(3.75341924737486,12.6509290252251,-16.9315105992807));
#1736=CARTESIAN_POINT('Ctrl Pts',(3.12975307525509,14.3582103440674,-16.2592547051079));
#1737=CARTESIAN_POINT('Ctrl Pts',(3.00000000000001,14.7076350983521,-15.7534176455576));
#1738=CARTESIAN_POINT('Ctrl Pts',(3.00000000000001,14.7076350983521,-15.5));
#1739=CARTESIAN_POINT('Ctrl Pts',(4.50000000000001,9.45161914511788,-17.));
#1740=CARTESIAN_POINT('Ctrl Pts',(4.16340078711539,10.6056735892937,-17.));
#1741=CARTESIAN_POINT('Ctrl Pts',(3.60437514272441,12.5223329414914,-16.8034965956618));
#1742=CARTESIAN_POINT('Ctrl Pts',(3.1025868082223,14.2427500883558,-16.1724765184469));
#1743=CARTESIAN_POINT('Ctrl Pts',(3.00000000000001,14.594476287975,-15.7243994752564));
#1744=CARTESIAN_POINT('Ctrl Pts',(3.00000000000001,14.594476287975,-15.5));
#1745=CARTESIAN_POINT('Origin',(4.50000000000001,9.45161914511788,-15.5));
#1746=CARTESIAN_POINT('',(3.00000000000001,15.,-16.5882272139921));
#1747=CARTESIAN_POINT('Origin',(5.79566835134766,10.207425683404,-15.5));
#1748=CARTESIAN_POINT('Ctrl Pts',(3.00027074818469,14.9995358602548,-16.5878127735675));
#1749=CARTESIAN_POINT('Ctrl Pts',(2.97188445418912,15.048198078533,-16.5147706597825));
#1750=CARTESIAN_POINT('Ctrl Pts',(2.94636280145961,15.0919494832121,-16.440620753845));
#1751=CARTESIAN_POINT('Ctrl Pts',(2.92376181126985,15.1306940378231,-16.3655923458706));
#1752=CARTESIAN_POINT('Origin',(3.00000000000001,15.,-20.));
#1753=CARTESIAN_POINT('',(5.57894736842104,10.5789473684211,-19.9832269304368));
#1754=CARTESIAN_POINT('Origin',(4.99999999999999,11.5714285714286,-10.));
#1755=CARTESIAN_POINT('Origin',(5.91666666666667,10.,-10.));
#1756=CARTESIAN_POINT('Origin',(4.50000000000001,6.,-15.5));
#1757=CARTESIAN_POINT('',(4.50000000000001,6.,-17.));
#1758=CARTESIAN_POINT('Ctrl Pts',(2.79566835134766,15.3502828262612,-4.7));
#1759=CARTESIAN_POINT('Ctrl Pts',(2.79566835134766,15.3502828262612,-3.98192167917948));
#1760=CARTESIAN_POINT('Ctrl Pts',(3.37951070010022,14.3494102283997,-2.3026817026636));
#1761=CARTESIAN_POINT('Ctrl Pts',(5.03823059025363,11.5058904167081,-1.5));
#1762=CARTESIAN_POINT('Ctrl Pts',(5.99566835134767,9.86456854054687,-1.5));
#1763=CARTESIAN_POINT('Ctrl Pts',(2.87169161245671,15.2199572357885,-4.7));
#1764=CARTESIAN_POINT('Ctrl Pts',(2.87169161245671,15.2199572357885,-4.04911937096002));
#1765=CARTESIAN_POINT('Ctrl Pts',(3.44634949775713,14.2354108975228,-2.52634991577928));
#1766=CARTESIAN_POINT('Ctrl Pts',(5.06980590265944,11.4456295129464,-1.87331310812047));
#1767=CARTESIAN_POINT('Ctrl Pts',(5.99566835134767,9.86456854054687,-1.94879895051283));
#1768=CARTESIAN_POINT('Ctrl Pts',(2.97003255485436,14.9716852795632,-4.7));
#1769=CARTESIAN_POINT('Ctrl Pts',(2.97003255485436,14.9716852795632,-4.16668712574446));
#1770=CARTESIAN_POINT('Ctrl Pts',(3.48873890170098,13.9917177939959,-2.91691321953835));
#1771=CARTESIAN_POINT('Ctrl Pts',(4.92059716398412,11.2234540488978,-2.5306390666363));
#1772=CARTESIAN_POINT('Ctrl Pts',(5.67084351339197,9.67508738507271,-2.72624773416683));
#1773=CARTESIAN_POINT('Ctrl Pts',(3.00000000000001,14.7076350983521,-4.7));
#1774=CARTESIAN_POINT('Ctrl Pts',(3.00000000000001,14.7076350983521,-4.27499363661229));
#1775=CARTESIAN_POINT('Ctrl Pts',(3.38412615534623,13.7130244720657,-3.28008711990833));
#1776=CARTESIAN_POINT('Ctrl Pts',(4.43512824313841,10.8920802437739,-2.91224300766677));
#1777=CARTESIAN_POINT('Ctrl Pts',(4.99074729814877,9.27836459284751,-3.));
#1778=CARTESIAN_POINT('Ctrl Pts',(3.00000000000001,14.594476287975,-4.7));
#1779=CARTESIAN_POINT('Ctrl Pts',(3.00000000000001,14.594476287975,-4.3185208920641));
#1780=CARTESIAN_POINT('Ctrl Pts',(3.3101662477748,13.5936036901135,-3.42642465454004));
#1781=CARTESIAN_POINT('Ctrl Pts',(4.19136118941881,10.7500838784219,-3.));
#1782=CARTESIAN_POINT('Ctrl Pts',(4.70000000000001,9.10876200226074,-3.));
#1783=CARTESIAN_POINT('',(5.99566835134767,9.86456854054687,-1.5));
#1784=CARTESIAN_POINT('Origin',(4.70000000000001,9.10876200226074,-1.5));
#1785=CARTESIAN_POINT('',(3.00000000000002,15.,-3.57484617552352));
#1786=CARTESIAN_POINT('Ctrl Pts',(2.98097254911151,15.0326184872374,-3.62994052594063));
#1787=CARTESIAN_POINT('Ctrl Pts',(2.98737211528826,15.021647802363,-3.61183506389803));
#1788=CARTESIAN_POINT('Ctrl Pts',(2.99393103446713,15.0104039409135,-3.59378711364598));
#1789=CARTESIAN_POINT('Ctrl Pts',(3.00064830165687,14.9988886257311,-3.57579977052203));
#1790=CARTESIAN_POINT('Origin',(5.99566835134766,9.86456854054687,-4.7));
#1791=CARTESIAN_POINT('Origin',(3.45433164865236,11.2441934617139,-1.5));
#1792=CARTESIAN_POINT('',(8.56744618599975,5.45580653828613,-1.5));
#1793=CARTESIAN_POINT('',(7.2717778346521,4.7,-3.));
#1794=CARTESIAN_POINT('Origin',(7.2717778346521,4.7,-1.5));
#1795=CARTESIAN_POINT('',(3.45433164865236,11.2441934617139,-3.));
#1796=CARTESIAN_POINT('',(4.75000000000001,12.,-1.5));
#1797=CARTESIAN_POINT('Ctrl Pts',(8.56744618599975,5.45580653828613,-1.5));
#1798=CARTESIAN_POINT('Ctrl Pts',(8.98632520647839,4.7377282174656,-1.5));
#1799=CARTESIAN_POINT('Ctrl Pts',(9.965997648541,3.05828974535826,-2.08360418203621));
#1800=CARTESIAN_POINT('Ctrl Pts',(10.4341128526664,2.25580653828613,-3.74256223890597));
#1801=CARTESIAN_POINT('Ctrl Pts',(10.4341128526664,2.25580653828613,-4.7));
#1802=CARTESIAN_POINT('Ctrl Pts',(8.56744618599975,5.45580653828613,-1.94879895051283));
#1803=CARTESIAN_POINT('Ctrl Pts',(8.9411295286571,4.8125238612107,-1.91577389446617));
#1804=CARTESIAN_POINT('Ctrl Pts',(9.84277663016094,3.26910466791889,-2.36816757945797));
#1805=CARTESIAN_POINT('Ctrl Pts',(10.2839993263264,2.51314401201182,-3.84584675319049));
#1806=CARTESIAN_POINT('Ctrl Pts',(10.2839993263264,2.51314401201182,-4.7));
#1807=CARTESIAN_POINT('Ctrl Pts',(8.24273104323728,5.26638937167469,-2.72635352052142));
#1808=CARTESIAN_POINT('Ctrl Pts',(8.59189365446382,4.78255054865391,-2.64077472847681));
#1809=CARTESIAN_POINT('Ctrl Pts',(9.45231732845329,3.53451802846607,-2.86585472707687));
#1810=CARTESIAN_POINT('Ctrl Pts',(9.88360066028371,2.8819932777742,-4.02593792383364));
#1811=CARTESIAN_POINT('Ctrl Pts',(9.88360066028371,2.8819932777742,-4.7));
#1812=CARTESIAN_POINT('Ctrl Pts',(7.56252513280086,4.86960259058677,-3.));
#1813=CARTESIAN_POINT('Ctrl Pts',(7.96069948435337,4.47630429394784,-2.96160631585422));
#1814=CARTESIAN_POINT('Ctrl Pts',(8.90478443950417,3.49832805115173,-3.2080434015591));
#1815=CARTESIAN_POINT('Ctrl Pts',(9.3618849038263,3.,-4.15242946406231));
#1816=CARTESIAN_POINT('Ctrl Pts',(9.3618849038263,3.,-4.7));
#1817=CARTESIAN_POINT('Ctrl Pts',(7.2717778346521,4.7,-3.));
#1818=CARTESIAN_POINT('Ctrl Pts',(7.69065685513074,4.3185208920641,-3.));
#1819=CARTESIAN_POINT('Ctrl Pts',(8.67032929719335,3.42631920375707,-3.31003972170674));
#1820=CARTESIAN_POINT('Ctrl Pts',(9.13844450131876,3.,-4.1913611894188));
#1821=CARTESIAN_POINT('Ctrl Pts',(9.13844450131876,3.,-4.7));
#1822=CARTESIAN_POINT('Origin',(7.2717778346521,4.7,-4.7));
#1823=CARTESIAN_POINT('',(9.99999999999999,3.,-2.64841177462165));
#1824=CARTESIAN_POINT('Origin',(8.56744618599975,5.45580653828613,-4.7));
#1825=CARTESIAN_POINT('Ctrl Pts',(9.99850262481063,3.00256692889604,-2.64926104979234));
#1826=CARTESIAN_POINT('Ctrl Pts',(10.0929770018946,2.84061085389501,-2.84581409779754));
#1827=CARTESIAN_POINT('Ctrl Pts',(10.1739787047402,2.70175079187392,-3.06186364330109));
#1828=CARTESIAN_POINT('Ctrl Pts',(10.2396050064761,2.58924856032667,-3.29093802465676));
#1829=CARTESIAN_POINT('Origin',(3.00000000000002,15.,-7.34788079488416E-16));
#1830=CARTESIAN_POINT('',(5.57894736842107,10.578947368421,-0.0167730695632129));
#1831=CARTESIAN_POINT('Origin',(5.91666666666667,10.,-10.));
#1832=CARTESIAN_POINT('Origin',(4.99999999999999,11.5714285714286,-10.));
#1833=CARTESIAN_POINT('Origin',(7.,4.7,-4.7));
#1834=CARTESIAN_POINT('',(7.,4.7,-3.));
#1835=CARTESIAN_POINT('Origin',(0.750000000000004,10.,-10.));
#1836=CARTESIAN_POINT('',(4.99999999999999,10.,-20.));
#1837=CARTESIAN_POINT('Origin',(4.99999999999999,10.,-10.));
#1838=CARTESIAN_POINT('',(-6.12323399573677E-15,10.,-20.));
#1839=CARTESIAN_POINT('',(8.25,10.,-20.));
#1840=CARTESIAN_POINT('',(0.,10.,0.));
#1841=CARTESIAN_POINT('Origin',(-3.60822483003176E-15,10.,-10.));
#1842=CARTESIAN_POINT('',(4.99999999999999,10.,-1.04094977927525E-15));
#1843=CARTESIAN_POINT('',(0.750000000000007,10.,0.));
#1844=CARTESIAN_POINT('Origin',(4.99999999999999,10.,-10.));
#1845=CARTESIAN_POINT('Origin',(4.99999999999999,0.,-10.));
#1846=CARTESIAN_POINT('',(4.99999999999999,0.,-1.22464679914735E-15));
#1847=CARTESIAN_POINT('',(4.99999999999999,0.,-1.11022302462516E-15));
#1848=CARTESIAN_POINT('',(4.99999999999999,0.,-20.));
#1849=CARTESIAN_POINT('Origin',(4.99999999999999,0.,-10.));
#1850=CARTESIAN_POINT('',(4.99999999999999,0.,-20.));
#1851=CARTESIAN_POINT('Origin',(-6.12323399573677E-15,0.,-20.));
#1852=CARTESIAN_POINT('',(-6.12323399573677E-15,0.,-20.));
#1853=CARTESIAN_POINT('',(-6.12323399573677E-15,0.,-20.));
#1854=CARTESIAN_POINT('',(0.,0.,0.));
#1855=CARTESIAN_POINT('',(-6.12323399573677E-15,0.,-20.));
#1856=CARTESIAN_POINT('',(0.,0.,0.));
#1857=CARTESIAN_POINT('',(-3.88578058618805E-15,5.5,-12.));
#1858=CARTESIAN_POINT('Origin',(-1.66533453693773E-15,5.5,-10.));
#1859=CARTESIAN_POINT('',(-3.60822483003176E-15,7.,-12.));
#1860=CARTESIAN_POINT('Origin',(6.5,9.,-17.));
#1861=CARTESIAN_POINT('Origin',(6.5,9.,-3.));
#1862=CARTESIAN_POINT('Origin',(3.00000000000001,5.5,-10.));
#1863=CARTESIAN_POINT('',(3.00000000000001,5.5,-12.));
#1864=CARTESIAN_POINT('Origin',(3.00000000000001,14.,-12.));
#1865=CARTESIAN_POINT('Origin',(15.,0.,-20.));
#1866=CARTESIAN_POINT('',(15.,0.,-20.));
#1867=CARTESIAN_POINT('Origin',(0.,0.,0.));
#1868=CARTESIAN_POINT('',(0.,0.,0.));
#1869=CARTESIAN_POINT('Origin',(7.49999999999999,0.,-10.));
#1870=UNCERTAINTY_MEASURE_WITH_UNIT(LENGTH_MEASURE(0.01),#1874,
'DISTANCE_ACCURACY_VALUE',
'Maximum model space distance between geometric entities at asserted c
onnectivities');
#1871=UNCERTAINTY_MEASURE_WITH_UNIT(LENGTH_MEASURE(0.01),#1874,
'DISTANCE_ACCURACY_VALUE',
'Maximum model space distance between geometric entities at asserted c
onnectivities');
#1872=(
GEOMETRIC_REPRESENTATION_CONTEXT(3)
GLOBAL_UNCERTAINTY_ASSIGNED_CONTEXT((#1870))
GLOBAL_UNIT_ASSIGNED_CONTEXT((#1874,#1876,#1877))
REPRESENTATION_CONTEXT('','3D')
);
#1873=(
GEOMETRIC_REPRESENTATION_CONTEXT(3)
GLOBAL_UNCERTAINTY_ASSIGNED_CONTEXT((#1871))
GLOBAL_UNIT_ASSIGNED_CONTEXT((#1874,#1876,#1877))
REPRESENTATION_CONTEXT('','3D')
);
#1874=(
LENGTH_UNIT()
NAMED_UNIT(*)
SI_UNIT(.MILLI.,.METRE.)
);
#1875=(
LENGTH_UNIT()
NAMED_UNIT(*)
SI_UNIT(.CENTI.,.METRE.)
);
#1876=(
NAMED_UNIT(*)
PLANE_ANGLE_UNIT()
SI_UNIT($,.RADIAN.)
);
#1877=(
NAMED_UNIT(*)
SI_UNIT($,.STERADIAN.)
SOLID_ANGLE_UNIT()
);
#1878=SHAPE_DEFINITION_REPRESENTATION(#1879,#1880);
#1879=PRODUCT_DEFINITION_SHAPE('',$,#1882);
#1880=SHAPE_REPRESENTATION('',(#764),#1872);
#1881=PRODUCT_DEFINITION_CONTEXT('part definition',#1886,'design');
#1882=PRODUCT_DEFINITION('synth-brackets','synth-brackets',#1883,#1881);
#1883=PRODUCT_DEFINITION_FORMATION('',$,#1888);
#1884=PRODUCT_RELATED_PRODUCT_CATEGORY('synth-brackets',
'synth-brackets',(#1888));
#1885=APPLICATION_PROTOCOL_DEFINITION('international standard',
'automotive_design',2009,#1886);
#1886=APPLICATION_CONTEXT(
'Core Data for Automotive Mechanical Design Process');
#1887=PRODUCT_CONTEXT('part definition',#1886,'mechanical');
#1888=PRODUCT('synth-brackets','synth-brackets',$,(#1887));
#1889=PRESENTATION_STYLE_ASSIGNMENT((#1890));
#1890=SURFACE_STYLE_USAGE(.BOTH.,#1893);
#1891=SURFACE_STYLE_RENDERING_WITH_PROPERTIES($,#1897,(#1892));
#1892=SURFACE_STYLE_TRANSPARENT(0.);
#1893=SURFACE_SIDE_STYLE('',(#1894,#1891));
#1894=SURFACE_STYLE_FILL_AREA(#1895);
#1895=FILL_AREA_STYLE('',(#1896));
#1896=FILL_AREA_STYLE_COLOUR('',#1897);
#1897=COLOUR_RGB('',0.749019607843137,0.749019607843137,0.749019607843137);
ENDSEC;
END-ISO-10303-21;
