ISO-10303-21;
HEADER;
/* Generated by software containing ST-Developer
 * from STEP Tools, Inc. (www.steptools.com) 
 */

FILE_DESCRIPTION(
/* description */ (''),
/* implementation_level */ '2;1');

FILE_NAME(
/* name */ 'V2.0h6-case.stp',
/* time_stamp */ '2025-08-18T18:04:09+01:00',
/* author */ ('iwheard'),
/* organization */ (''),
/* preprocessor_version */ 'ST-DEVELOPER v20',
/* originating_system */ 'Autodesk Inventor 2024',
/* authorisation */ '');

FILE_SCHEMA (('AUTOMOTIVE_DESIGN { 1 0 10303 214 3 1 1 }'));
ENDSEC;

DATA;
#10=MECHANICAL_DESIGN_GEOMETRIC_PRESENTATION_REPRESENTATION('',(#13,#14),
#4539);
#11=SHAPE_REPRESENTATION_RELATIONSHIP('SRR','None',#4546,#12);
#12=ADVANCED_BREP_SHAPE_REPRESENTATION('',(#15,#16),#4538);
#13=STYLED_ITEM('',(#4555),#15);
#14=STYLED_ITEM('',(#4555),#16);
#15=MANIFOLD_SOLID_BREP('Solid1',#2285);
#16=MANIFOLD_SOLID_BREP('Solid2',#2286);
#17=FACE_BOUND('',#334,.T.);
#18=FACE_BOUND('',#340,.T.);
#19=FACE_BOUND('',#428,.T.);
#20=(
BOUNDED_SURFACE()
B_SPLINE_SURFACE(1,2,((#3495,#3496,#3497,#3498,#3499),(#3500,#3501,#3502,
#3503,#3504)),.UNSPECIFIED.,.F.,.F.,.F.)
B_SPLINE_SURFACE_WITH_KNOTS((2,2),(3,2,3),(0.,0.6199132483512),(-3.14159265358981,
-1.57079632679489,2.17367920904748E-14),.UNSPECIFIED.)
GEOMETRIC_REPRESENTATION_ITEM()
RATIONAL_B_SPLINE_SURFACE(((1.,0.707106781186541,1.,0.707106781186541,1.),
(1.,0.707106781186541,1.,0.707106781186541,1.)))
REPRESENTATION_ITEM('')
SURFACE()
);
#21=(
BOUNDED_SURFACE()
B_SPLINE_SURFACE(1,2,((#3684,#3685,#3686,#3687,#3688),(#3689,#3690,#3691,
#3692,#3693)),.UNSPECIFIED.,.F.,.F.,.F.)
B_SPLINE_SURFACE_WITH_KNOTS((2,2),(3,2,3),(0.,0.619913248351204),(-3.14159265358983,
-1.5707963267949,3.65445979664381E-14),.UNSPECIFIED.)
GEOMETRIC_REPRESENTATION_ITEM()
RATIONAL_B_SPLINE_SURFACE(((1.,0.707106781186534,1.,0.707106781186534,1.),
(1.,0.707106781186534,1.,0.707106781186534,1.)))
REPRESENTATION_ITEM('')
SURFACE()
);
#22=(
BOUNDED_SURFACE()
B_SPLINE_SURFACE(1,2,((#3889,#3890,#3891,#3892,#3893),(#3894,#3895,#3896,
#3897,#3898)),.UNSPECIFIED.,.F.,.F.,.F.)
B_SPLINE_SURFACE_WITH_KNOTS((2,2),(3,2,3),(0.,0.61991324835121),(-3.14159265358986,
-1.57079632679491,4.93841014993894E-14),.UNSPECIFIED.)
GEOMETRIC_REPRESENTATION_ITEM()
RATIONAL_B_SPLINE_SURFACE(((1.,0.707106781186527,1.,0.707106781186527,1.),
(1.,0.707106781186527,1.,0.707106781186527,1.)))
REPRESENTATION_ITEM('')
SURFACE()
);
#23=(
BOUNDED_SURFACE()
B_SPLINE_SURFACE(1,2,((#4105,#4106,#4107,#4108,#4109),(#4110,#4111,#4112,
#4113,#4114)),.UNSPECIFIED.,.F.,.F.,.F.)
B_SPLINE_SURFACE_WITH_KNOTS((2,2),(3,2,3),(0.,0.619913248351202),(-3.14159265358982,
-1.5707963267949,2.68908021638053E-14),.UNSPECIFIED.)
GEOMETRIC_REPRESENTATION_ITEM()
RATIONAL_B_SPLINE_SURFACE(((1.,0.707106781186538,1.,0.707106781186538,1.),
(1.,0.707106781186538,1.,0.707106781186538,1.)))
REPRESENTATION_ITEM('')
SURFACE()
);
#24=ELLIPSE('',#2354,23.5685186634886,1.32116314610444);
#25=ELLIPSE('',#2355,23.5685186634886,1.32116314610444);
#26=ELLIPSE('',#2356,23.5685186634886,1.32116314610444);
#27=ELLIPSE('',#2357,23.5685186634886,1.32116314610444);
#28=ELLIPSE('',#2359,23.5685186634886,1.32116314610444);
#29=ELLIPSE('',#2360,23.5685186634886,1.32116314610444);
#30=ELLIPSE('',#2366,23.5685186634886,1.32116314610444);
#31=ELLIPSE('',#2375,23.5685186634886,1.32116314610444);
#32=B_SPLINE_SURFACE_WITH_KNOTS('',3,3,((#3336,#3337,#3338,#3339,#3340,
#3341,#3342,#3343,#3344,#3345,#3346,#3347,#3348,#3349,#3350,#3351,#3352,
#3353,#3354,#3355,#3356,#3357,#3358),(#3359,#3360,#3361,#3362,#3363,#3364,
#3365,#3366,#3367,#3368,#3369,#3370,#3371,#3372,#3373,#3374,#3375,#3376,
#3377,#3378,#3379,#3380,#3381),(#3382,#3383,#3384,#3385,#3386,#3387,#3388,
#3389,#3390,#3391,#3392,#3393,#3394,#3395,#3396,#3397,#3398,#3399,#3400,
#3401,#3402,#3403,#3404),(#3405,#3406,#3407,#3408,#3409,#3410,#3411,#3412,
#3413,#3414,#3415,#3416,#3417,#3418,#3419,#3420,#3421,#3422,#3423,#3424,
#3425,#3426,#3427)),.UNSPECIFIED.,.F.,.F.,.F.,(4,4),(4,1,1,1,1,1,1,1,1,
1,1,1,1,1,1,1,1,1,1,1,4),(0.,1.),(-13.5490478790501,-13.452263111348,-13.3554783436459,
-13.2586935759438,-13.1619088082417,-12.9683392728375,-12.7747697374333,
-12.3876306666249,-12.0004915958165,-11.2262134541997,-10.9681207403275,
-10.4519353125829,-9.67765717096615,-9.29051810015776,-8.90337902934936,
-8.70980949394517,-8.51623995854097,-8.41945519083887,-8.32267042313677,
-8.22588565543468,-8.12910088773258),.UNSPECIFIED.);
#33=B_SPLINE_SURFACE_WITH_KNOTS('',3,3,((#3506,#3507,#3508,#3509,#3510,
#3511,#3512,#3513,#3514,#3515,#3516,#3517,#3518,#3519,#3520,#3521,#3522,
#3523,#3524,#3525,#3526,#3527,#3528),(#3529,#3530,#3531,#3532,#3533,#3534,
#3535,#3536,#3537,#3538,#3539,#3540,#3541,#3542,#3543,#3544,#3545,#3546,
#3547,#3548,#3549,#3550,#3551),(#3552,#3553,#3554,#3555,#3556,#3557,#3558,
#3559,#3560,#3561,#3562,#3563,#3564,#3565,#3566,#3567,#3568,#3569,#3570,
#3571,#3572,#3573,#3574),(#3575,#3576,#3577,#3578,#3579,#3580,#3581,#3582,
#3583,#3584,#3585,#3586,#3587,#3588,#3589,#3590,#3591,#3592,#3593,#3594,
#3595,#3596,#3597)),.UNSPECIFIED.,.F.,.F.,.F.,(4,4),(4,1,1,1,1,1,1,1,1,
1,1,1,1,1,1,1,1,1,1,1,4),(0.,1.),(-13.5490478790501,-13.452263111348,-13.3554783436459,
-13.2586935759438,-13.1619088082417,-12.9683392728375,-12.7747697374334,
-12.387630666625,-12.0004915958166,-11.2262134541998,-10.9681207403275,
-10.451935312583,-9.67765717096619,-9.2905181001578,-8.90337902934941,-8.70980949394521,
-8.51623995854101,-8.41945519083891,-8.32267042313681,-8.22588565543471,
-8.12910088773262),.UNSPECIFIED.);
#34=B_SPLINE_SURFACE_WITH_KNOTS('',3,3,((#3730,#3731,#3732,#3733,#3734,
#3735,#3736,#3737,#3738,#3739,#3740,#3741,#3742,#3743,#3744,#3745,#3746,
#3747,#3748,#3749,#3750,#3751,#3752),(#3753,#3754,#3755,#3756,#3757,#3758,
#3759,#3760,#3761,#3762,#3763,#3764,#3765,#3766,#3767,#3768,#3769,#3770,
#3771,#3772,#3773,#3774,#3775),(#3776,#3777,#3778,#3779,#3780,#3781,#3782,
#3783,#3784,#3785,#3786,#3787,#3788,#3789,#3790,#3791,#3792,#3793,#3794,
#3795,#3796,#3797,#3798),(#3799,#3800,#3801,#3802,#3803,#3804,#3805,#3806,
#3807,#3808,#3809,#3810,#3811,#3812,#3813,#3814,#3815,#3816,#3817,#3818,
#3819,#3820,#3821)),.UNSPECIFIED.,.F.,.F.,.F.,(4,4),(4,1,1,1,1,1,1,1,1,
1,1,1,1,1,1,1,1,1,1,1,4),(0.,1.),(-13.5490478790502,-13.4522631113481,-13.355478343646,
-13.2586935759439,-13.1619088082418,-12.9683392728376,-12.7747697374334,
-12.387630666625,-12.0004915958166,-11.2262134541998,-10.9681207403276,
-10.4519353125831,-9.67765717096626,-9.29051810015786,-8.90337902934946,
-8.70980949394527,-8.51623995854107,-8.41945519083897,-8.32267042313687,
-8.22588565543477,-8.12910088773267),.UNSPECIFIED.);
#35=B_SPLINE_SURFACE_WITH_KNOTS('',3,3,((#3946,#3947,#3948,#3949,#3950,
#3951,#3952,#3953,#3954,#3955,#3956,#3957,#3958,#3959,#3960,#3961,#3962,
#3963,#3964,#3965,#3966,#3967,#3968),(#3969,#3970,#3971,#3972,#3973,#3974,
#3975,#3976,#3977,#3978,#3979,#3980,#3981,#3982,#3983,#3984,#3985,#3986,
#3987,#3988,#3989,#3990,#3991),(#3992,#3993,#3994,#3995,#3996,#3997,#3998,
#3999,#4000,#4001,#4002,#4003,#4004,#4005,#4006,#4007,#4008,#4009,#4010,
#4011,#4012,#4013,#4014),(#4015,#4016,#4017,#4018,#4019,#4020,#4021,#4022,
#4023,#4024,#4025,#4026,#4027,#4028,#4029,#4030,#4031,#4032,#4033,#4034,
#4035,#4036,#4037)),.UNSPECIFIED.,.F.,.F.,.F.,(4,4),(4,1,1,1,1,1,1,1,1,
1,1,1,1,1,1,1,1,1,1,1,4),(0.,1.),(-13.5490478790501,-13.452263111348,-13.3554783436459,
-13.2586935759438,-13.1619088082417,-12.9683392728375,-12.7747697374333,
-12.3876306666249,-12.0004915958165,-11.2262134541997,-10.9681207403275,
-10.4519353125829,-9.67765717096615,-9.29051810015776,-8.90337902934937,
-8.70980949394517,-8.51623995854097,-8.41945519083887,-8.32267042313678,
-8.22588565543468,-8.12910088773258),.UNSPECIFIED.);
#36=B_SPLINE_CURVE_WITH_KNOTS('',3,(#3283,#3284,#3285,#3286,#3287,#3288,
#3289,#3290,#3291,#3292,#3293,#3294,#3295,#3296,#3297,#3298,#3299),
 .UNSPECIFIED.,.F.,.F.,(4,1,1,1,1,1,1,1,1,1,1,1,1,1,4),(8.46142901024118,
8.51623995854097,8.70980949394517,8.90337902934936,9.29051810015776,9.67765717096615,
10.4519353125829,10.9681207403275,11.2262134541997,12.0004915958165,12.3876306666249,
12.7747697374333,12.9683392728375,13.1619088082417,13.2165804685531),
 .UNSPECIFIED.);
#37=B_SPLINE_CURVE_WITH_KNOTS('',3,(#3307,#3308,#3309,#3310,#3311,#3312,
#3313,#3314,#3315,#3316,#3317,#3318,#3319,#3320,#3321,#3322,#3323),
 .UNSPECIFIED.,.F.,.F.,(4,1,1,1,1,1,1,1,1,1,1,1,1,1,4),(8.46146619342513,
8.51623995854097,8.70980949394517,8.90337902934937,9.29051810015776,9.67765717096615,
10.4519353125829,10.9681207403275,11.2262134541997,12.0004915958165,12.3876306666249,
12.7747697374333,12.9683392728375,13.1619088082417,13.2166676144481),
 .UNSPECIFIED.);
#38=B_SPLINE_CURVE_WITH_KNOTS('',3,(#3429,#3430,#3431,#3432,#3433,#3434,
#3435,#3436,#3437,#3438,#3439,#3440,#3441,#3442,#3443,#3444,#3445,#3446,
#3447,#3448,#3449,#3450,#3451,#3452,#3453,#3454,#3455,#3456,#3457,#3458,
#3459,#3460),.UNSPECIFIED.,.F.,.F.,(4,2,2,2,2,2,2,2,2,2,2,2,2,2,2,4),(0.,
0.0694024719690692,0.135575501447162,0.195235572648875,0.266409051406771,
0.319905744652095,0.348467242756528,0.362099858542794,0.369483048140898,
0.373128218541909,0.374917620922354,0.375764800706353,0.376126642498785,
0.376237901056356,0.376299222211417,0.376308097204195),.UNSPECIFIED.);
#39=B_SPLINE_CURVE_WITH_KNOTS('',3,(#3462,#3463,#3464,#3465,#3466,#3467,
#3468,#3469,#3470,#3471,#3472,#3473,#3474,#3475,#3476,#3477,#3478,#3479,
#3480,#3481,#3482,#3483,#3484,#3485,#3486,#3487,#3488,#3489,#3490,#3491,
#3492,#3493),.UNSPECIFIED.,.F.,.F.,(4,2,2,2,2,2,2,2,2,2,2,2,2,2,2,4),(-2.18884042277438E-6,
0.,1.86828650393394E-5,5.1232742006734E-5,0.000158029992951903,0.000407122282806831,
0.000932559586623945,0.00200278042807327,0.00417090751661117,0.00817512070029775,
0.0165660975292835,0.0322813763890448,0.0531891901989252,0.0707149414923415,
0.0901531988302268,0.11054017791089),.UNSPECIFIED.);
#40=B_SPLINE_CURVE_WITH_KNOTS('',3,(#3600,#3601,#3602,#3603,#3604,#3605,
#3606,#3607,#3608,#3609,#3610,#3611,#3612,#3613,#3614,#3615,#3616,#3617,
#3618,#3619,#3620,#3621,#3622,#3623,#3624,#3625,#3626,#3627,#3628,#3629,
#3630,#3631),.UNSPECIFIED.,.F.,.F.,(4,2,2,2,2,2,2,2,2,2,2,2,2,2,2,4),(0.,
0.0694024719690302,0.135575501447065,0.19523557264875,0.266409051414635,
0.319905744673922,0.348467242784734,0.362099858573065,0.369483048166676,
0.373128218566765,0.374917620978369,0.375764800750348,0.3761266426608,0.376237900978291,
0.376299222076221,0.376308096988105),.UNSPECIFIED.);
#41=B_SPLINE_CURVE_WITH_KNOTS('',3,(#3633,#3634,#3635,#3636,#3637,#3638,
#3639,#3640,#3641,#3642,#3643,#3644,#3645,#3646,#3647,#3648,#3649),
 .UNSPECIFIED.,.F.,.F.,(4,1,1,1,1,1,1,1,1,1,1,1,1,1,4),(8.46142901024123,
8.51623995854101,8.70980949394521,8.90337902934941,9.2905181001578,9.67765717096619,
10.451935312583,10.9681207403275,11.2262134541998,12.0004915958166,12.387630666625,
12.7747697374334,12.9683392728375,13.1619088082417,13.2165804685532),
 .UNSPECIFIED.);
#42=B_SPLINE_CURVE_WITH_KNOTS('',3,(#3651,#3652,#3653,#3654,#3655,#3656,
#3657,#3658,#3659,#3660,#3661,#3662,#3663,#3664,#3665,#3666,#3667,#3668,
#3669,#3670,#3671,#3672,#3673,#3674,#3675,#3676,#3677,#3678,#3679,#3680,
#3681,#3682),.UNSPECIFIED.,.F.,.F.,(4,2,2,2,2,2,2,2,2,2,2,2,2,2,2,4),(-2.18953319080429E-6,
0.,1.86838281005833E-5,5.1234726194082E-5,0.00015803760350548,0.000407143073033927,
0.000932608151718199,0.00200288557399777,0.00417112728933705,0.00817555217142705,
0.0165669726219916,0.0322830823372959,0.0531920015371697,0.0707186794123753,
0.0901579644456599,0.110546021380392),.UNSPECIFIED.);
#43=B_SPLINE_CURVE_WITH_KNOTS('',3,(#3707,#3708,#3709,#3710,#3711,#3712,
#3713,#3714,#3715,#3716,#3717,#3718,#3719,#3720,#3721,#3722,#3723),
 .UNSPECIFIED.,.F.,.F.,(4,1,1,1,1,1,1,1,1,1,1,1,1,1,4),(8.46142901024129,
8.51623995854107,8.70980949394527,8.90337902934946,9.29051810015786,9.67765717096626,
10.4519353125831,10.9681207403276,11.2262134541998,12.0004915958166,12.387630666625,
12.7747697374334,12.9683392728376,13.1619088082418,13.2165804685532),
 .UNSPECIFIED.);
#44=B_SPLINE_CURVE_WITH_KNOTS('',3,(#3823,#3824,#3825,#3826,#3827,#3828,
#3829,#3830,#3831,#3832,#3833,#3834,#3835,#3836,#3837,#3838,#3839,#3840,
#3841,#3842,#3843,#3844,#3845,#3846,#3847,#3848,#3849,#3850,#3851,#3852,
#3853,#3854),.UNSPECIFIED.,.F.,.F.,(4,2,2,2,2,2,2,2,2,2,2,2,2,2,2,4),(0.,
0.0694024719690764,0.135575501447244,0.19523557264909,0.26640905141634,
0.319905744672748,0.348467242778955,0.362099858564527,0.369483048157134,
0.373128218555578,0.37491762096429,0.375764800745963,0.376126642591795,
0.376237901219656,0.376299222609337,0.37630809750115),.UNSPECIFIED.);
#45=B_SPLINE_CURVE_WITH_KNOTS('',3,(#3856,#3857,#3858,#3859,#3860,#3861,
#3862,#3863,#3864,#3865,#3866,#3867,#3868,#3869,#3870,#3871,#3872,#3873,
#3874,#3875,#3876,#3877,#3878,#3879,#3880,#3881,#3882,#3883,#3884,#3885,
#3886,#3887),.UNSPECIFIED.,.F.,.F.,(4,2,2,2,2,2,2,2,2,2,2,2,2,2,2,4),(-2.1895081941509E-6,
0.,1.86837898160278E-5,5.12346401970635E-5,0.000158037161219683,0.000407141794574682,
0.000932605116202693,0.00200287896428082,0.00417111343814561,0.00817552494645309,
0.016566917372404,0.0322829746001762,0.0531918239639825,0.070718443297073,
0.0901576633998169,0.110545652234941),.UNSPECIFIED.);
#46=B_SPLINE_CURVE_WITH_KNOTS('',3,(#4039,#4040,#4041,#4042,#4043,#4044,
#4045,#4046,#4047,#4048,#4049,#4050,#4051,#4052,#4053,#4054,#4055,#4056,
#4057,#4058,#4059,#4060,#4061,#4062,#4063,#4064,#4065,#4066,#4067,#4068,
#4069,#4070),.UNSPECIFIED.,.F.,.F.,(4,2,2,2,2,2,2,2,2,2,2,2,2,2,2,4),(0.,
0.0694024719689724,0.135575501446781,0.195235572648453,0.266409051413267,
0.319905744652955,0.34846724274456,0.362099858522145,0.369483048107765,
0.373128218519378,0.374917620919337,0.375764800677956,0.376126642446642,
0.376237900506136,0.376299222063155,0.376308097119646),.UNSPECIFIED.);
#47=B_SPLINE_CURVE_WITH_KNOTS('',3,(#4072,#4073,#4074,#4075,#4076,#4077,
#4078,#4079,#4080,#4081,#4082,#4083,#4084,#4085,#4086,#4087,#4088,#4089,
#4090,#4091,#4092,#4093,#4094,#4095,#4096,#4097,#4098,#4099,#4100,#4101,
#4102,#4103),.UNSPECIFIED.,.F.,.F.,(4,2,2,2,2,2,2,2,2,2,2,2,2,2,2,4),(-2.18969926052491E-6,
0.,1.86840464647482E-5,5.1235126551674E-5,0.000158038805849793,0.000407146203081224,
0.00093261536139396,0.00200290108251309,0.00417115961785047,0.00817561556227135,
0.0165671011072016,0.0322833327399956,0.0531924141464187,0.0707192279896707,
0.0901586638285564,0.11054687892928),.UNSPECIFIED.);
#48=CYLINDRICAL_SURFACE('',#2341,10.);
#49=CYLINDRICAL_SURFACE('',#2344,10.);
#50=CYLINDRICAL_SURFACE('',#2347,10.);
#51=CYLINDRICAL_SURFACE('',#2350,10.);
#52=CYLINDRICAL_SURFACE('',#2376,10.);
#53=CYLINDRICAL_SURFACE('',#2396,10.);
#54=CYLINDRICAL_SURFACE('',#2399,10.);
#55=CYLINDRICAL_SURFACE('',#2401,10.);
#56=CYLINDRICAL_SURFACE('',#2404,10.);
#57=CYLINDRICAL_SURFACE('',#2407,10.);
#58=CYLINDRICAL_SURFACE('',#2410,10.);
#59=CYLINDRICAL_SURFACE('',#2412,10.);
#60=CYLINDRICAL_SURFACE('',#2414,10.);
#61=CYLINDRICAL_SURFACE('',#2416,10.);
#62=CYLINDRICAL_SURFACE('',#2418,10.);
#63=CYLINDRICAL_SURFACE('',#2420,10.);
#64=CYLINDRICAL_SURFACE('',#2421,5.);
#65=CYLINDRICAL_SURFACE('',#2423,5.);
#66=CYLINDRICAL_SURFACE('',#2425,5.);
#67=CYLINDRICAL_SURFACE('',#2427,5.);
#68=CYLINDRICAL_SURFACE('',#2429,5.);
#69=CYLINDRICAL_SURFACE('',#2431,5.);
#70=CYLINDRICAL_SURFACE('',#2433,5.);
#71=CYLINDRICAL_SURFACE('',#2435,5.);
#72=CYLINDRICAL_SURFACE('',#2479,10.);
#73=CYLINDRICAL_SURFACE('',#2482,10.);
#74=CYLINDRICAL_SURFACE('',#2485,10.);
#75=CYLINDRICAL_SURFACE('',#2488,10.);
#76=CYLINDRICAL_SURFACE('',#2492,10.);
#77=CYLINDRICAL_SURFACE('',#2495,10.);
#78=CYLINDRICAL_SURFACE('',#2497,10.);
#79=CYLINDRICAL_SURFACE('',#2500,10.);
#80=CIRCLE('',#2311,10.);
#81=CIRCLE('',#2312,6.);
#82=CIRCLE('',#2315,10.);
#83=CIRCLE('',#2316,6.);
#84=CIRCLE('',#2319,10.);
#85=CIRCLE('',#2320,6.00000000000002);
#86=CIRCLE('',#2323,10.);
#87=CIRCLE('',#2324,6.00000000000002);
#88=CIRCLE('',#2327,10.);
#89=CIRCLE('',#2328,5.99999999999999);
#90=CIRCLE('',#2331,10.);
#91=CIRCLE('',#2332,6.);
#92=CIRCLE('',#2335,10.);
#93=CIRCLE('',#2336,6.);
#94=CIRCLE('',#2339,10.);
#95=CIRCLE('',#2340,6.);
#96=CIRCLE('',#2342,10.);
#97=CIRCLE('',#2345,10.);
#98=CIRCLE('',#2348,10.);
#99=CIRCLE('',#2351,10.);
#100=CIRCLE('',#2362,10.);
#101=CIRCLE('',#2363,10.);
#102=CIRCLE('',#2364,10.);
#103=CIRCLE('',#2365,10.);
#104=CIRCLE('',#2367,5.);
#105=CIRCLE('',#2368,5.);
#106=CIRCLE('',#2369,5.);
#107=CIRCLE('',#2370,5.);
#108=CIRCLE('',#2371,5.);
#109=CIRCLE('',#2372,5.);
#110=CIRCLE('',#2373,5.);
#111=CIRCLE('',#2374,5.);
#112=CIRCLE('',#2377,10.);
#113=CIRCLE('',#2378,10.);
#114=CIRCLE('',#2381,5.);
#115=CIRCLE('',#2382,5.);
#116=CIRCLE('',#2383,5.);
#117=CIRCLE('',#2384,5.);
#118=CIRCLE('',#2385,5.);
#119=CIRCLE('',#2386,5.);
#120=CIRCLE('',#2387,5.);
#121=CIRCLE('',#2388,5.);
#122=CIRCLE('',#2389,10.);
#123=CIRCLE('',#2390,10.);
#124=CIRCLE('',#2391,10.);
#125=CIRCLE('',#2392,10.);
#126=CIRCLE('',#2393,10.);
#127=CIRCLE('',#2394,10.);
#128=CIRCLE('',#2395,10.);
#129=CIRCLE('',#2397,10.);
#130=CIRCLE('',#2400,10.);
#131=CIRCLE('',#2402,10.);
#132=CIRCLE('',#2405,10.);
#133=CIRCLE('',#2408,10.);
#134=CIRCLE('',#2411,10.);
#135=CIRCLE('',#2413,10.);
#136=CIRCLE('',#2449,10.);
#137=CIRCLE('',#2450,5.99999999999999);
#138=CIRCLE('',#2453,10.);
#139=CIRCLE('',#2454,6.00000000000001);
#140=CIRCLE('',#2457,10.);
#141=CIRCLE('',#2458,6.00000000000002);
#142=CIRCLE('',#2461,10.);
#143=CIRCLE('',#2462,6.);
#144=CIRCLE('',#2465,10.);
#145=CIRCLE('',#2466,6.);
#146=CIRCLE('',#2469,10.);
#147=CIRCLE('',#2470,6.);
#148=CIRCLE('',#2473,10.);
#149=CIRCLE('',#2474,6.);
#150=CIRCLE('',#2477,10.);
#151=CIRCLE('',#2478,6.);
#152=CIRCLE('',#2480,10.);
#153=CIRCLE('',#2483,10.);
#154=CIRCLE('',#2486,10.);
#155=CIRCLE('',#2489,10.);
#156=CIRCLE('',#2493,10.);
#157=CIRCLE('',#2496,10.);
#158=CIRCLE('',#2498,10.);
#159=CIRCLE('',#2501,10.);
#160=CONICAL_SURFACE('',#2310,8.,0.785398163397448);
#161=CONICAL_SURFACE('',#2314,8.,0.785398163397449);
#162=CONICAL_SURFACE('',#2318,8.00000000000001,0.785398163397446);
#163=CONICAL_SURFACE('',#2322,8.00000000000001,0.785398163397446);
#164=CONICAL_SURFACE('',#2326,7.99999999999999,0.78539816339745);
#165=CONICAL_SURFACE('',#2330,8.,0.785398163397448);
#166=CONICAL_SURFACE('',#2334,8.,0.785398163397448);
#167=CONICAL_SURFACE('',#2338,8.,0.785398163397449);
#168=CONICAL_SURFACE('',#2448,7.99999999999999,0.78539816339745);
#169=CONICAL_SURFACE('',#2452,8.00000000000001,0.785398163397446);
#170=CONICAL_SURFACE('',#2456,8.00000000000001,0.785398163397446);
#171=CONICAL_SURFACE('',#2460,8.,0.785398163397448);
#172=CONICAL_SURFACE('',#2464,8.,0.785398163397448);
#173=CONICAL_SURFACE('',#2468,8.,0.785398163397448);
#174=CONICAL_SURFACE('',#2472,8.,0.785398163397448);
#175=CONICAL_SURFACE('',#2476,8.,0.785398163397448);
#176=FACE_OUTER_BOUND('',#301,.T.);
#177=FACE_OUTER_BOUND('',#302,.T.);
#178=FACE_OUTER_BOUND('',#303,.T.);
#179=FACE_OUTER_BOUND('',#304,.T.);
#180=FACE_OUTER_BOUND('',#305,.T.);
#181=FACE_OUTER_BOUND('',#306,.T.);
#182=FACE_OUTER_BOUND('',#307,.T.);
#183=FACE_OUTER_BOUND('',#308,.T.);
#184=FACE_OUTER_BOUND('',#309,.T.);
#185=FACE_OUTER_BOUND('',#310,.T.);
#186=FACE_OUTER_BOUND('',#311,.T.);
#187=FACE_OUTER_BOUND('',#312,.T.);
#188=FACE_OUTER_BOUND('',#313,.T.);
#189=FACE_OUTER_BOUND('',#314,.T.);
#190=FACE_OUTER_BOUND('',#315,.T.);
#191=FACE_OUTER_BOUND('',#316,.T.);
#192=FACE_OUTER_BOUND('',#317,.T.);
#193=FACE_OUTER_BOUND('',#318,.T.);
#194=FACE_OUTER_BOUND('',#319,.T.);
#195=FACE_OUTER_BOUND('',#320,.T.);
#196=FACE_OUTER_BOUND('',#321,.T.);
#197=FACE_OUTER_BOUND('',#322,.T.);
#198=FACE_OUTER_BOUND('',#323,.T.);
#199=FACE_OUTER_BOUND('',#324,.T.);
#200=FACE_OUTER_BOUND('',#325,.T.);
#201=FACE_OUTER_BOUND('',#326,.T.);
#202=FACE_OUTER_BOUND('',#327,.T.);
#203=FACE_OUTER_BOUND('',#328,.T.);
#204=FACE_OUTER_BOUND('',#329,.T.);
#205=FACE_OUTER_BOUND('',#330,.T.);
#206=FACE_OUTER_BOUND('',#331,.T.);
#207=FACE_OUTER_BOUND('',#332,.T.);
#208=FACE_OUTER_BOUND('',#333,.T.);
#209=FACE_OUTER_BOUND('',#335,.T.);
#210=FACE_OUTER_BOUND('',#336,.T.);
#211=FACE_OUTER_BOUND('',#337,.T.);
#212=FACE_OUTER_BOUND('',#338,.T.);
#213=FACE_OUTER_BOUND('',#339,.T.);
#214=FACE_OUTER_BOUND('',#341,.T.);
#215=FACE_OUTER_BOUND('',#342,.T.);
#216=FACE_OUTER_BOUND('',#343,.T.);
#217=FACE_OUTER_BOUND('',#344,.T.);
#218=FACE_OUTER_BOUND('',#345,.T.);
#219=FACE_OUTER_BOUND('',#346,.T.);
#220=FACE_OUTER_BOUND('',#347,.T.);
#221=FACE_OUTER_BOUND('',#348,.T.);
#222=FACE_OUTER_BOUND('',#349,.T.);
#223=FACE_OUTER_BOUND('',#350,.T.);
#224=FACE_OUTER_BOUND('',#351,.T.);
#225=FACE_OUTER_BOUND('',#352,.T.);
#226=FACE_OUTER_BOUND('',#353,.T.);
#227=FACE_OUTER_BOUND('',#354,.T.);
#228=FACE_OUTER_BOUND('',#355,.T.);
#229=FACE_OUTER_BOUND('',#356,.T.);
#230=FACE_OUTER_BOUND('',#357,.T.);
#231=FACE_OUTER_BOUND('',#358,.T.);
#232=FACE_OUTER_BOUND('',#359,.T.);
#233=FACE_OUTER_BOUND('',#360,.T.);
#234=FACE_OUTER_BOUND('',#361,.T.);
#235=FACE_OUTER_BOUND('',#362,.T.);
#236=FACE_OUTER_BOUND('',#363,.T.);
#237=FACE_OUTER_BOUND('',#364,.T.);
#238=FACE_OUTER_BOUND('',#365,.T.);
#239=FACE_OUTER_BOUND('',#366,.T.);
#240=FACE_OUTER_BOUND('',#367,.T.);
#241=FACE_OUTER_BOUND('',#368,.T.);
#242=FACE_OUTER_BOUND('',#369,.T.);
#243=FACE_OUTER_BOUND('',#370,.T.);
#244=FACE_OUTER_BOUND('',#371,.T.);
#245=FACE_OUTER_BOUND('',#372,.T.);
#246=FACE_OUTER_BOUND('',#373,.T.);
#247=FACE_OUTER_BOUND('',#374,.T.);
#248=FACE_OUTER_BOUND('',#375,.T.);
#249=FACE_OUTER_BOUND('',#376,.T.);
#250=FACE_OUTER_BOUND('',#377,.T.);
#251=FACE_OUTER_BOUND('',#378,.T.);
#252=FACE_OUTER_BOUND('',#379,.T.);
#253=FACE_OUTER_BOUND('',#380,.T.);
#254=FACE_OUTER_BOUND('',#381,.T.);
#255=FACE_OUTER_BOUND('',#382,.T.);
#256=FACE_OUTER_BOUND('',#383,.T.);
#257=FACE_OUTER_BOUND('',#384,.T.);
#258=FACE_OUTER_BOUND('',#385,.T.);
#259=FACE_OUTER_BOUND('',#386,.T.);
#260=FACE_OUTER_BOUND('',#387,.T.);
#261=FACE_OUTER_BOUND('',#388,.T.);
#262=FACE_OUTER_BOUND('',#389,.T.);
#263=FACE_OUTER_BOUND('',#390,.T.);
#264=FACE_OUTER_BOUND('',#391,.T.);
#265=FACE_OUTER_BOUND('',#392,.T.);
#266=FACE_OUTER_BOUND('',#393,.T.);
#267=FACE_OUTER_BOUND('',#394,.T.);
#268=FACE_OUTER_BOUND('',#395,.T.);
#269=FACE_OUTER_BOUND('',#396,.T.);
#270=FACE_OUTER_BOUND('',#397,.T.);
#271=FACE_OUTER_BOUND('',#398,.T.);
#272=FACE_OUTER_BOUND('',#399,.T.);
#273=FACE_OUTER_BOUND('',#400,.T.);
#274=FACE_OUTER_BOUND('',#401,.T.);
#275=FACE_OUTER_BOUND('',#402,.T.);
#276=FACE_OUTER_BOUND('',#403,.T.);
#277=FACE_OUTER_BOUND('',#404,.T.);
#278=FACE_OUTER_BOUND('',#405,.T.);
#279=FACE_OUTER_BOUND('',#406,.T.);
#280=FACE_OUTER_BOUND('',#407,.T.);
#281=FACE_OUTER_BOUND('',#408,.T.);
#282=FACE_OUTER_BOUND('',#409,.T.);
#283=FACE_OUTER_BOUND('',#410,.T.);
#284=FACE_OUTER_BOUND('',#411,.T.);
#285=FACE_OUTER_BOUND('',#412,.T.);
#286=FACE_OUTER_BOUND('',#413,.T.);
#287=FACE_OUTER_BOUND('',#414,.T.);
#288=FACE_OUTER_BOUND('',#415,.T.);
#289=FACE_OUTER_BOUND('',#416,.T.);
#290=FACE_OUTER_BOUND('',#417,.T.);
#291=FACE_OUTER_BOUND('',#418,.T.);
#292=FACE_OUTER_BOUND('',#419,.T.);
#293=FACE_OUTER_BOUND('',#420,.T.);
#294=FACE_OUTER_BOUND('',#421,.T.);
#295=FACE_OUTER_BOUND('',#422,.T.);
#296=FACE_OUTER_BOUND('',#423,.T.);
#297=FACE_OUTER_BOUND('',#424,.T.);
#298=FACE_OUTER_BOUND('',#425,.T.);
#299=FACE_OUTER_BOUND('',#426,.T.);
#300=FACE_OUTER_BOUND('',#427,.T.);
#301=EDGE_LOOP('',(#1431,#1432,#1433,#1434));
#302=EDGE_LOOP('',(#1435,#1436,#1437,#1438));
#303=EDGE_LOOP('',(#1439,#1440,#1441,#1442));
#304=EDGE_LOOP('',(#1443,#1444,#1445,#1446));
#305=EDGE_LOOP('',(#1447,#1448,#1449,#1450));
#306=EDGE_LOOP('',(#1451,#1452,#1453,#1454));
#307=EDGE_LOOP('',(#1455,#1456,#1457,#1458));
#308=EDGE_LOOP('',(#1459,#1460,#1461,#1462));
#309=EDGE_LOOP('',(#1463,#1464,#1465,#1466));
#310=EDGE_LOOP('',(#1467,#1468,#1469,#1470));
#311=EDGE_LOOP('',(#1471,#1472,#1473,#1474));
#312=EDGE_LOOP('',(#1475,#1476,#1477,#1478));
#313=EDGE_LOOP('',(#1479,#1480,#1481,#1482));
#314=EDGE_LOOP('',(#1483,#1484,#1485,#1486));
#315=EDGE_LOOP('',(#1487,#1488,#1489,#1490));
#316=EDGE_LOOP('',(#1491,#1492,#1493,#1494));
#317=EDGE_LOOP('',(#1495,#1496,#1497,#1498));
#318=EDGE_LOOP('',(#1499,#1500,#1501,#1502));
#319=EDGE_LOOP('',(#1503,#1504,#1505,#1506));
#320=EDGE_LOOP('',(#1507,#1508,#1509,#1510));
#321=EDGE_LOOP('',(#1511,#1512,#1513,#1514));
#322=EDGE_LOOP('',(#1515,#1516,#1517,#1518,#1519,#1520,#1521,#1522,#1523,
#1524,#1525,#1526));
#323=EDGE_LOOP('',(#1527,#1528,#1529,#1530));
#324=EDGE_LOOP('',(#1531,#1532,#1533,#1534));
#325=EDGE_LOOP('',(#1535,#1536,#1537,#1538,#1539,#1540,#1541,#1542,#1543,
#1544,#1545,#1546,#1547,#1548,#1549,#1550));
#326=EDGE_LOOP('',(#1551,#1552,#1553,#1554));
#327=EDGE_LOOP('',(#1555,#1556,#1557,#1558,#1559,#1560));
#328=EDGE_LOOP('',(#1561,#1562,#1563,#1564));
#329=EDGE_LOOP('',(#1565,#1566,#1567,#1568,#1569,#1570));
#330=EDGE_LOOP('',(#1571,#1572,#1573,#1574,#1575,#1576,#1577,#1578,#1579,
#1580,#1581,#1582));
#331=EDGE_LOOP('',(#1583,#1584,#1585,#1586));
#332=EDGE_LOOP('',(#1587,#1588,#1589,#1590,#1591,#1592));
#333=EDGE_LOOP('',(#1593,#1594,#1595,#1596,#1597,#1598,#1599,#1600,#1601,
#1602,#1603,#1604,#1605,#1606,#1607,#1608,#1609,#1610,#1611,#1612,#1613,
#1614,#1615,#1616));
#334=EDGE_LOOP('',(#1617,#1618,#1619,#1620,#1621,#1622,#1623,#1624,#1625,
#1626,#1627,#1628,#1629,#1630,#1631,#1632));
#335=EDGE_LOOP('',(#1633,#1634,#1635,#1636));
#336=EDGE_LOOP('',(#1637,#1638,#1639,#1640,#1641,#1642));
#337=EDGE_LOOP('',(#1643,#1644,#1645,#1646));
#338=EDGE_LOOP('',(#1647,#1648,#1649,#1650));
#339=EDGE_LOOP('',(#1651,#1652,#1653,#1654,#1655,#1656,#1657,#1658,#1659,
#1660,#1661,#1662,#1663,#1664,#1665,#1666));
#340=EDGE_LOOP('',(#1667,#1668,#1669,#1670,#1671,#1672,#1673,#1674,#1675,
#1676,#1677,#1678,#1679,#1680,#1681,#1682,#1683,#1684,#1685,#1686,#1687,
#1688));
#341=EDGE_LOOP('',(#1689,#1690,#1691,#1692));
#342=EDGE_LOOP('',(#1693,#1694,#1695,#1696));
#343=EDGE_LOOP('',(#1697,#1698,#1699,#1700));
#344=EDGE_LOOP('',(#1701,#1702,#1703,#1704));
#345=EDGE_LOOP('',(#1705,#1706,#1707,#1708));
#346=EDGE_LOOP('',(#1709,#1710,#1711,#1712));
#347=EDGE_LOOP('',(#1713,#1714,#1715,#1716));
#348=EDGE_LOOP('',(#1717,#1718,#1719,#1720));
#349=EDGE_LOOP('',(#1721,#1722,#1723,#1724));
#350=EDGE_LOOP('',(#1725,#1726,#1727,#1728));
#351=EDGE_LOOP('',(#1729,#1730,#1731,#1732));
#352=EDGE_LOOP('',(#1733,#1734,#1735,#1736));
#353=EDGE_LOOP('',(#1737,#1738,#1739,#1740));
#354=EDGE_LOOP('',(#1741,#1742,#1743,#1744));
#355=EDGE_LOOP('',(#1745,#1746,#1747,#1748));
#356=EDGE_LOOP('',(#1749,#1750,#1751,#1752));
#357=EDGE_LOOP('',(#1753,#1754,#1755,#1756));
#358=EDGE_LOOP('',(#1757,#1758,#1759,#1760));
#359=EDGE_LOOP('',(#1761,#1762,#1763,#1764));
#360=EDGE_LOOP('',(#1765,#1766,#1767,#1768));
#361=EDGE_LOOP('',(#1769,#1770,#1771,#1772));
#362=EDGE_LOOP('',(#1773,#1774,#1775,#1776));
#363=EDGE_LOOP('',(#1777,#1778,#1779,#1780));
#364=EDGE_LOOP('',(#1781,#1782,#1783,#1784));
#365=EDGE_LOOP('',(#1785,#1786,#1787,#1788));
#366=EDGE_LOOP('',(#1789,#1790,#1791,#1792));
#367=EDGE_LOOP('',(#1793,#1794,#1795,#1796));
#368=EDGE_LOOP('',(#1797,#1798,#1799,#1800));
#369=EDGE_LOOP('',(#1801,#1802,#1803,#1804));
#370=EDGE_LOOP('',(#1805,#1806,#1807,#1808));
#371=EDGE_LOOP('',(#1809,#1810,#1811,#1812));
#372=EDGE_LOOP('',(#1813,#1814,#1815,#1816));
#373=EDGE_LOOP('',(#1817,#1818,#1819,#1820));
#374=EDGE_LOOP('',(#1821,#1822,#1823,#1824));
#375=EDGE_LOOP('',(#1825,#1826,#1827,#1828,#1829,#1830,#1831,#1832,#1833,
#1834,#1835,#1836,#1837,#1838,#1839,#1840,#1841,#1842,#1843,#1844,#1845,
#1846));
#376=EDGE_LOOP('',(#1847,#1848,#1849,#1850));
#377=EDGE_LOOP('',(#1851,#1852,#1853,#1854));
#378=EDGE_LOOP('',(#1855,#1856,#1857,#1858));
#379=EDGE_LOOP('',(#1859,#1860,#1861,#1862));
#380=EDGE_LOOP('',(#1863,#1864,#1865,#1866));
#381=EDGE_LOOP('',(#1867,#1868,#1869,#1870));
#382=EDGE_LOOP('',(#1871,#1872,#1873,#1874));
#383=EDGE_LOOP('',(#1875,#1876,#1877,#1878));
#384=EDGE_LOOP('',(#1879,#1880,#1881,#1882));
#385=EDGE_LOOP('',(#1883,#1884,#1885,#1886));
#386=EDGE_LOOP('',(#1887,#1888,#1889,#1890));
#387=EDGE_LOOP('',(#1891,#1892,#1893,#1894));
#388=EDGE_LOOP('',(#1895,#1896,#1897,#1898));
#389=EDGE_LOOP('',(#1899,#1900,#1901,#1902));
#390=EDGE_LOOP('',(#1903,#1904,#1905,#1906));
#391=EDGE_LOOP('',(#1907,#1908,#1909,#1910));
#392=EDGE_LOOP('',(#1911,#1912,#1913,#1914));
#393=EDGE_LOOP('',(#1915,#1916,#1917,#1918));
#394=EDGE_LOOP('',(#1919,#1920,#1921,#1922));
#395=EDGE_LOOP('',(#1923,#1924,#1925,#1926));
#396=EDGE_LOOP('',(#1927,#1928,#1929,#1930));
#397=EDGE_LOOP('',(#1931,#1932,#1933,#1934));
#398=EDGE_LOOP('',(#1935,#1936,#1937,#1938));
#399=EDGE_LOOP('',(#1939,#1940,#1941,#1942));
#400=EDGE_LOOP('',(#1943,#1944,#1945,#1946));
#401=EDGE_LOOP('',(#1947,#1948,#1949,#1950));
#402=EDGE_LOOP('',(#1951,#1952,#1953,#1954));
#403=EDGE_LOOP('',(#1955,#1956,#1957,#1958));
#404=EDGE_LOOP('',(#1959,#1960,#1961,#1962));
#405=EDGE_LOOP('',(#1963,#1964,#1965,#1966));
#406=EDGE_LOOP('',(#1967,#1968,#1969,#1970));
#407=EDGE_LOOP('',(#1971,#1972,#1973,#1974));
#408=EDGE_LOOP('',(#1975,#1976,#1977,#1978));
#409=EDGE_LOOP('',(#1979,#1980,#1981,#1982,#1983,#1984,#1985,#1986,#1987,
#1988,#1989,#1990,#1991,#1992,#1993,#1994));
#410=EDGE_LOOP('',(#1995,#1996,#1997,#1998));
#411=EDGE_LOOP('',(#1999,#2000,#2001,#2002));
#412=EDGE_LOOP('',(#2003,#2004,#2005,#2006));
#413=EDGE_LOOP('',(#2007,#2008,#2009,#2010));
#414=EDGE_LOOP('',(#2011,#2012,#2013,#2014));
#415=EDGE_LOOP('',(#2015,#2016,#2017,#2018));
#416=EDGE_LOOP('',(#2019,#2020,#2021,#2022,#2023,#2024,#2025,#2026));
#417=EDGE_LOOP('',(#2027,#2028,#2029,#2030));
#418=EDGE_LOOP('',(#2031,#2032,#2033,#2034));
#419=EDGE_LOOP('',(#2035,#2036,#2037,#2038));
#420=EDGE_LOOP('',(#2039,#2040,#2041,#2042));
#421=EDGE_LOOP('',(#2043,#2044,#2045,#2046));
#422=EDGE_LOOP('',(#2047,#2048,#2049,#2050));
#423=EDGE_LOOP('',(#2051,#2052,#2053,#2054));
#424=EDGE_LOOP('',(#2055,#2056,#2057,#2058));
#425=EDGE_LOOP('',(#2059,#2060,#2061,#2062));
#426=EDGE_LOOP('',(#2063,#2064,#2065,#2066));
#427=EDGE_LOOP('',(#2067,#2068,#2069,#2070,#2071,#2072,#2073,#2074,#2075,
#2076,#2077,#2078,#2079,#2080,#2081,#2082));
#428=EDGE_LOOP('',(#2083,#2084,#2085,#2086,#2087,#2088,#2089,#2090));
#429=LINE('',#3160,#659);
#430=LINE('',#3162,#660);
#431=LINE('',#3164,#661);
#432=LINE('',#3165,#662);
#433=LINE('',#3170,#663);
#434=LINE('',#3175,#664);
#435=LINE('',#3176,#665);
#436=LINE('',#3177,#666);
#437=LINE('',#3182,#667);
#438=LINE('',#3187,#668);
#439=LINE('',#3188,#669);
#440=LINE('',#3189,#670);
#441=LINE('',#3194,#671);
#442=LINE('',#3199,#672);
#443=LINE('',#3200,#673);
#444=LINE('',#3201,#674);
#445=LINE('',#3206,#675);
#446=LINE('',#3211,#676);
#447=LINE('',#3212,#677);
#448=LINE('',#3213,#678);
#449=LINE('',#3218,#679);
#450=LINE('',#3223,#680);
#451=LINE('',#3224,#681);
#452=LINE('',#3225,#682);
#453=LINE('',#3230,#683);
#454=LINE('',#3235,#684);
#455=LINE('',#3236,#685);
#456=LINE('',#3237,#686);
#457=LINE('',#3242,#687);
#458=LINE('',#3247,#688);
#459=LINE('',#3248,#689);
#460=LINE('',#3249,#690);
#461=LINE('',#3255,#691);
#462=LINE('',#3258,#692);
#463=LINE('',#3261,#693);
#464=LINE('',#3262,#694);
#465=LINE('',#3265,#695);
#466=LINE('',#3269,#696);
#467=LINE('',#3270,#697);
#468=LINE('',#3273,#698);
#469=LINE('',#3277,#699);
#470=LINE('',#3279,#700);
#471=LINE('',#3281,#701);
#472=LINE('',#3301,#702);
#473=LINE('',#3303,#703);
#474=LINE('',#3305,#704);
#475=LINE('',#3325,#705);
#476=LINE('',#3326,#706);
#477=LINE('',#3329,#707);
#478=LINE('',#3333,#708);
#479=LINE('',#3334,#709);
#480=LINE('',#3697,#710);
#481=LINE('',#3698,#711);
#482=LINE('',#3701,#712);
#483=LINE('',#3703,#713);
#484=LINE('',#3705,#714);
#485=LINE('',#3725,#715);
#486=LINE('',#3726,#716);
#487=LINE('',#3728,#717);
#488=LINE('',#3729,#718);
#489=LINE('',#3904,#719);
#490=LINE('',#3908,#720);
#491=LINE('',#3912,#721);
#492=LINE('',#3916,#722);
#493=LINE('',#3920,#723);
#494=LINE('',#3924,#724);
#495=LINE('',#3928,#725);
#496=LINE('',#3932,#726);
#497=LINE('',#3936,#727);
#498=LINE('',#3940,#728);
#499=LINE('',#3944,#729);
#500=LINE('',#4120,#730);
#501=LINE('',#4123,#731);
#502=LINE('',#4126,#732);
#503=LINE('',#4128,#733);
#504=LINE('',#4129,#734);
#505=LINE('',#4135,#735);
#506=LINE('',#4139,#736);
#507=LINE('',#4143,#737);
#508=LINE('',#4147,#738);
#509=LINE('',#4151,#739);
#510=LINE('',#4155,#740);
#511=LINE('',#4159,#741);
#512=LINE('',#4162,#742);
#513=LINE('',#4164,#743);
#514=LINE('',#4168,#744);
#515=LINE('',#4172,#745);
#516=LINE('',#4174,#746);
#517=LINE('',#4178,#747);
#518=LINE('',#4182,#748);
#519=LINE('',#4184,#749);
#520=LINE('',#4188,#750);
#521=LINE('',#4192,#751);
#522=LINE('',#4196,#752);
#523=LINE('',#4198,#753);
#524=LINE('',#4200,#754);
#525=LINE('',#4201,#755);
#526=LINE('',#4206,#756);
#527=LINE('',#4207,#757);
#528=LINE('',#4210,#758);
#529=LINE('',#4211,#759);
#530=LINE('',#4215,#760);
#531=LINE('',#4220,#761);
#532=LINE('',#4221,#762);
#533=LINE('',#4224,#763);
#534=LINE('',#4225,#764);
#535=LINE('',#4229,#765);
#536=LINE('',#4232,#766);
#537=LINE('',#4233,#767);
#538=LINE('',#4236,#768);
#539=LINE('',#4239,#769);
#540=LINE('',#4242,#770);
#541=LINE('',#4243,#771);
#542=LINE('',#4247,#772);
#543=LINE('',#4252,#773);
#544=LINE('',#4253,#774);
#545=LINE('',#4255,#775);
#546=LINE('',#4258,#776);
#547=LINE('',#4260,#777);
#548=LINE('',#4262,#778);
#549=LINE('',#4264,#779);
#550=LINE('',#4267,#780);
#551=LINE('',#4268,#781);
#552=LINE('',#4270,#782);
#553=LINE('',#4272,#783);
#554=LINE('',#4274,#784);
#555=LINE('',#4276,#785);
#556=LINE('',#4278,#786);
#557=LINE('',#4280,#787);
#558=LINE('',#4282,#788);
#559=LINE('',#4284,#789);
#560=LINE('',#4286,#790);
#561=LINE('',#4288,#791);
#562=LINE('',#4290,#792);
#563=LINE('',#4292,#793);
#564=LINE('',#4294,#794);
#565=LINE('',#4296,#795);
#566=LINE('',#4300,#796);
#567=LINE('',#4301,#797);
#568=LINE('',#4302,#798);
#569=LINE('',#4304,#799);
#570=LINE('',#4306,#800);
#571=LINE('',#4308,#801);
#572=LINE('',#4309,#802);
#573=LINE('',#4310,#803);
#574=LINE('',#4311,#804);
#575=LINE('',#4313,#805);
#576=LINE('',#4316,#806);
#577=LINE('',#4318,#807);
#578=LINE('',#4320,#808);
#579=LINE('',#4328,#809);
#580=LINE('',#4330,#810);
#581=LINE('',#4332,#811);
#582=LINE('',#4333,#812);
#583=LINE('',#4338,#813);
#584=LINE('',#4343,#814);
#585=LINE('',#4344,#815);
#586=LINE('',#4345,#816);
#587=LINE('',#4350,#817);
#588=LINE('',#4355,#818);
#589=LINE('',#4356,#819);
#590=LINE('',#4357,#820);
#591=LINE('',#4362,#821);
#592=LINE('',#4367,#822);
#593=LINE('',#4368,#823);
#594=LINE('',#4369,#824);
#595=LINE('',#4374,#825);
#596=LINE('',#4379,#826);
#597=LINE('',#4380,#827);
#598=LINE('',#4381,#828);
#599=LINE('',#4386,#829);
#600=LINE('',#4391,#830);
#601=LINE('',#4392,#831);
#602=LINE('',#4393,#832);
#603=LINE('',#4398,#833);
#604=LINE('',#4403,#834);
#605=LINE('',#4404,#835);
#606=LINE('',#4405,#836);
#607=LINE('',#4410,#837);
#608=LINE('',#4415,#838);
#609=LINE('',#4416,#839);
#610=LINE('',#4417,#840);
#611=LINE('',#4423,#841);
#612=LINE('',#4426,#842);
#613=LINE('',#4429,#843);
#614=LINE('',#4430,#844);
#615=LINE('',#4433,#845);
#616=LINE('',#4437,#846);
#617=LINE('',#4438,#847);
#618=LINE('',#4441,#848);
#619=LINE('',#4445,#849);
#620=LINE('',#4446,#850);
#621=LINE('',#4449,#851);
#622=LINE('',#4453,#852);
#623=LINE('',#4454,#853);
#624=LINE('',#4458,#854);
#625=LINE('',#4461,#855);
#626=LINE('',#4464,#856);
#627=LINE('',#4465,#857);
#628=LINE('',#4469,#858);
#629=LINE('',#4472,#859);
#630=LINE('',#4475,#860);
#631=LINE('',#4478,#861);
#632=LINE('',#4479,#862);
#633=LINE('',#4485,#863);
#634=LINE('',#4487,#864);
#635=LINE('',#4489,#865);
#636=LINE('',#4491,#866);
#637=LINE('',#4493,#867);
#638=LINE('',#4495,#868);
#639=LINE('',#4497,#869);
#640=LINE('',#4498,#870);
#641=LINE('',#4502,#871);
#642=LINE('',#4503,#872);
#643=LINE('',#4504,#873);
#644=LINE('',#4507,#874);
#645=LINE('',#4508,#875);
#646=LINE('',#4511,#876);
#647=LINE('',#4512,#877);
#648=LINE('',#4515,#878);
#649=LINE('',#4516,#879);
#650=LINE('',#4519,#880);
#651=LINE('',#4520,#881);
#652=LINE('',#4523,#882);
#653=LINE('',#4524,#883);
#654=LINE('',#4527,#884);
#655=LINE('',#4528,#885);
#656=LINE('',#4530,#886);
#657=LINE('',#4532,#887);
#658=LINE('',#4534,#888);
#659=VECTOR('',#2518,10.);
#660=VECTOR('',#2519,10.);
#661=VECTOR('',#2520,10.);
#662=VECTOR('',#2521,10.);
#663=VECTOR('',#2526,10.);
#664=VECTOR('',#2531,10.);
#665=VECTOR('',#2532,10.);
#666=VECTOR('',#2533,10.);
#667=VECTOR('',#2538,10.);
#668=VECTOR('',#2543,10.);
#669=VECTOR('',#2544,10.);
#670=VECTOR('',#2545,10.);
#671=VECTOR('',#2550,10.);
#672=VECTOR('',#2555,10.);
#673=VECTOR('',#2556,10.);
#674=VECTOR('',#2557,10.);
#675=VECTOR('',#2562,10.);
#676=VECTOR('',#2567,10.);
#677=VECTOR('',#2568,10.);
#678=VECTOR('',#2569,10.);
#679=VECTOR('',#2574,10.);
#680=VECTOR('',#2579,10.);
#681=VECTOR('',#2580,10.);
#682=VECTOR('',#2581,10.);
#683=VECTOR('',#2586,10.);
#684=VECTOR('',#2591,10.);
#685=VECTOR('',#2592,10.);
#686=VECTOR('',#2593,10.);
#687=VECTOR('',#2598,10.);
#688=VECTOR('',#2603,10.);
#689=VECTOR('',#2604,10.);
#690=VECTOR('',#2605,10.);
#691=VECTOR('',#2614,10.);
#692=VECTOR('',#2617,10.);
#693=VECTOR('',#2620,10.);
#694=VECTOR('',#2621,10.);
#695=VECTOR('',#2624,10.);
#696=VECTOR('',#2629,10.);
#697=VECTOR('',#2630,10.);
#698=VECTOR('',#2633,10.);
#699=VECTOR('',#2638,10.);
#700=VECTOR('',#2639,10.);
#701=VECTOR('',#2640,10.);
#702=VECTOR('',#2641,10.);
#703=VECTOR('',#2642,10.);
#704=VECTOR('',#2643,10.);
#705=VECTOR('',#2644,10.);
#706=VECTOR('',#2645,10.);
#707=VECTOR('',#2648,10.);
#708=VECTOR('',#2653,10.);
#709=VECTOR('',#2654,10.);
#710=VECTOR('',#2665,10.);
#711=VECTOR('',#2666,10.);
#712=VECTOR('',#2669,10.);
#713=VECTOR('',#2670,10.);
#714=VECTOR('',#2671,10.);
#715=VECTOR('',#2672,10.);
#716=VECTOR('',#2673,10.);
#717=VECTOR('',#2674,10.);
#718=VECTOR('',#2675,10.);
#719=VECTOR('',#2684,10.);
#720=VECTOR('',#2687,10.);
#721=VECTOR('',#2692,10.);
#722=VECTOR('',#2695,10.);
#723=VECTOR('',#2698,10.);
#724=VECTOR('',#2701,10.);
#725=VECTOR('',#2704,10.);
#726=VECTOR('',#2707,10.);
#727=VECTOR('',#2710,10.);
#728=VECTOR('',#2713,10.);
#729=VECTOR('',#2716,10.);
#730=VECTOR('',#2725,10.);
#731=VECTOR('',#2728,10.);
#732=VECTOR('',#2731,10.);
#733=VECTOR('',#2732,10.);
#734=VECTOR('',#2733,10.);
#735=VECTOR('',#2738,10.);
#736=VECTOR('',#2741,10.);
#737=VECTOR('',#2744,10.);
#738=VECTOR('',#2747,10.);
#739=VECTOR('',#2750,10.);
#740=VECTOR('',#2753,10.);
#741=VECTOR('',#2756,10.);
#742=VECTOR('',#2759,10.);
#743=VECTOR('',#2760,10.);
#744=VECTOR('',#2763,10.);
#745=VECTOR('',#2766,10.);
#746=VECTOR('',#2767,10.);
#747=VECTOR('',#2770,10.);
#748=VECTOR('',#2773,10.);
#749=VECTOR('',#2774,10.);
#750=VECTOR('',#2777,10.);
#751=VECTOR('',#2780,10.);
#752=VECTOR('',#2783,10.);
#753=VECTOR('',#2784,10.);
#754=VECTOR('',#2785,10.);
#755=VECTOR('',#2786,10.);
#756=VECTOR('',#2791,10.);
#757=VECTOR('',#2792,10.);
#758=VECTOR('',#2795,10.);
#759=VECTOR('',#2796,10.);
#760=VECTOR('',#2801,10.);
#761=VECTOR('',#2806,10.);
#762=VECTOR('',#2807,10.);
#763=VECTOR('',#2810,10.);
#764=VECTOR('',#2811,10.);
#765=VECTOR('',#2816,10.);
#766=VECTOR('',#2819,10.);
#767=VECTOR('',#2820,10.);
#768=VECTOR('',#2823,10.);
#769=VECTOR('',#2826,10.);
#770=VECTOR('',#2829,10.);
#771=VECTOR('',#2830,10.);
#772=VECTOR('',#2835,10.);
#773=VECTOR('',#2840,10.);
#774=VECTOR('',#2841,10.);
#775=VECTOR('',#2844,10.);
#776=VECTOR('',#2849,10.);
#777=VECTOR('',#2852,10.);
#778=VECTOR('',#2855,10.);
#779=VECTOR('',#2858,10.);
#780=VECTOR('',#2863,10.);
#781=VECTOR('',#2864,10.);
#782=VECTOR('',#2867,10.);
#783=VECTOR('',#2870,10.);
#784=VECTOR('',#2873,10.);
#785=VECTOR('',#2876,10.);
#786=VECTOR('',#2879,10.);
#787=VECTOR('',#2882,10.);
#788=VECTOR('',#2885,10.);
#789=VECTOR('',#2888,10.);
#790=VECTOR('',#2891,10.);
#791=VECTOR('',#2894,10.);
#792=VECTOR('',#2897,10.);
#793=VECTOR('',#2900,10.);
#794=VECTOR('',#2903,10.);
#795=VECTOR('',#2906,10.);
#796=VECTOR('',#2911,10.);
#797=VECTOR('',#2912,10.);
#798=VECTOR('',#2913,10.);
#799=VECTOR('',#2914,10.);
#800=VECTOR('',#2915,10.);
#801=VECTOR('',#2916,10.);
#802=VECTOR('',#2917,10.);
#803=VECTOR('',#2918,10.);
#804=VECTOR('',#2919,10.);
#805=VECTOR('',#2922,10.);
#806=VECTOR('',#2927,10.);
#807=VECTOR('',#2930,10.);
#808=VECTOR('',#2933,10.);
#809=VECTOR('',#2944,10.);
#810=VECTOR('',#2945,10.);
#811=VECTOR('',#2946,10.);
#812=VECTOR('',#2947,10.);
#813=VECTOR('',#2952,10.);
#814=VECTOR('',#2957,10.);
#815=VECTOR('',#2958,10.);
#816=VECTOR('',#2959,10.);
#817=VECTOR('',#2964,10.);
#818=VECTOR('',#2969,10.);
#819=VECTOR('',#2970,10.);
#820=VECTOR('',#2971,10.);
#821=VECTOR('',#2976,10.);
#822=VECTOR('',#2981,10.);
#823=VECTOR('',#2982,10.);
#824=VECTOR('',#2983,10.);
#825=VECTOR('',#2988,10.);
#826=VECTOR('',#2993,10.);
#827=VECTOR('',#2994,10.);
#828=VECTOR('',#2995,10.);
#829=VECTOR('',#3000,10.);
#830=VECTOR('',#3005,10.);
#831=VECTOR('',#3006,10.);
#832=VECTOR('',#3007,10.);
#833=VECTOR('',#3012,10.);
#834=VECTOR('',#3017,10.);
#835=VECTOR('',#3018,10.);
#836=VECTOR('',#3019,10.);
#837=VECTOR('',#3024,10.);
#838=VECTOR('',#3029,10.);
#839=VECTOR('',#3030,10.);
#840=VECTOR('',#3031,10.);
#841=VECTOR('',#3040,10.);
#842=VECTOR('',#3043,10.);
#843=VECTOR('',#3046,10.);
#844=VECTOR('',#3047,10.);
#845=VECTOR('',#3050,10.);
#846=VECTOR('',#3055,10.);
#847=VECTOR('',#3056,10.);
#848=VECTOR('',#3059,10.);
#849=VECTOR('',#3064,10.);
#850=VECTOR('',#3065,10.);
#851=VECTOR('',#3068,10.);
#852=VECTOR('',#3073,10.);
#853=VECTOR('',#3074,10.);
#854=VECTOR('',#3079,10.);
#855=VECTOR('',#3082,10.);
#856=VECTOR('',#3085,10.);
#857=VECTOR('',#3086,10.);
#858=VECTOR('',#3091,10.);
#859=VECTOR('',#3094,10.);
#860=VECTOR('',#3097,10.);
#861=VECTOR('',#3100,10.);
#862=VECTOR('',#3101,10.);
#863=VECTOR('',#3108,10.);
#864=VECTOR('',#3109,10.);
#865=VECTOR('',#3110,10.);
#866=VECTOR('',#3111,10.);
#867=VECTOR('',#3112,10.);
#868=VECTOR('',#3113,10.);
#869=VECTOR('',#3114,10.);
#870=VECTOR('',#3115,10.);
#871=VECTOR('',#3118,10.);
#872=VECTOR('',#3119,10.);
#873=VECTOR('',#3120,10.);
#874=VECTOR('',#3123,10.);
#875=VECTOR('',#3124,10.);
#876=VECTOR('',#3127,10.);
#877=VECTOR('',#3128,10.);
#878=VECTOR('',#3131,10.);
#879=VECTOR('',#3132,10.);
#880=VECTOR('',#3135,10.);
#881=VECTOR('',#3136,10.);
#882=VECTOR('',#3139,10.);
#883=VECTOR('',#3140,10.);
#884=VECTOR('',#3143,10.);
#885=VECTOR('',#3144,10.);
#886=VECTOR('',#3147,10.);
#887=VECTOR('',#3150,10.);
#888=VECTOR('',#3153,10.);
#889=VERTEX_POINT('',#3158);
#890=VERTEX_POINT('',#3159);
#891=VERTEX_POINT('',#3161);
#892=VERTEX_POINT('',#3163);
#893=VERTEX_POINT('',#3167);
#894=VERTEX_POINT('',#3169);
#895=VERTEX_POINT('',#3173);
#896=VERTEX_POINT('',#3174);
#897=VERTEX_POINT('',#3179);
#898=VERTEX_POINT('',#3181);
#899=VERTEX_POINT('',#3185);
#900=VERTEX_POINT('',#3186);
#901=VERTEX_POINT('',#3191);
#902=VERTEX_POINT('',#3193);
#903=VERTEX_POINT('',#3197);
#904=VERTEX_POINT('',#3198);
#905=VERTEX_POINT('',#3203);
#906=VERTEX_POINT('',#3205);
#907=VERTEX_POINT('',#3209);
#908=VERTEX_POINT('',#3210);
#909=VERTEX_POINT('',#3215);
#910=VERTEX_POINT('',#3217);
#911=VERTEX_POINT('',#3221);
#912=VERTEX_POINT('',#3222);
#913=VERTEX_POINT('',#3227);
#914=VERTEX_POINT('',#3229);
#915=VERTEX_POINT('',#3233);
#916=VERTEX_POINT('',#3234);
#917=VERTEX_POINT('',#3239);
#918=VERTEX_POINT('',#3241);
#919=VERTEX_POINT('',#3245);
#920=VERTEX_POINT('',#3246);
#921=VERTEX_POINT('',#3254);
#922=VERTEX_POINT('',#3256);
#923=VERTEX_POINT('',#3260);
#924=VERTEX_POINT('',#3264);
#925=VERTEX_POINT('',#3268);
#926=VERTEX_POINT('',#3272);
#927=VERTEX_POINT('',#3276);
#928=VERTEX_POINT('',#3278);
#929=VERTEX_POINT('',#3280);
#930=VERTEX_POINT('',#3282);
#931=VERTEX_POINT('',#3300);
#932=VERTEX_POINT('',#3302);
#933=VERTEX_POINT('',#3304);
#934=VERTEX_POINT('',#3306);
#935=VERTEX_POINT('',#3324);
#936=VERTEX_POINT('',#3328);
#937=VERTEX_POINT('',#3332);
#938=VERTEX_POINT('',#3428);
#939=VERTEX_POINT('',#3461);
#940=VERTEX_POINT('',#3598);
#941=VERTEX_POINT('',#3599);
#942=VERTEX_POINT('',#3632);
#943=VERTEX_POINT('',#3650);
#944=VERTEX_POINT('',#3694);
#945=VERTEX_POINT('',#3695);
#946=VERTEX_POINT('',#3700);
#947=VERTEX_POINT('',#3702);
#948=VERTEX_POINT('',#3704);
#949=VERTEX_POINT('',#3706);
#950=VERTEX_POINT('',#3724);
#951=VERTEX_POINT('',#3727);
#952=VERTEX_POINT('',#3822);
#953=VERTEX_POINT('',#3855);
#954=VERTEX_POINT('',#3901);
#955=VERTEX_POINT('',#3903);
#956=VERTEX_POINT('',#3905);
#957=VERTEX_POINT('',#3907);
#958=VERTEX_POINT('',#3910);
#959=VERTEX_POINT('',#3914);
#960=VERTEX_POINT('',#3915);
#961=VERTEX_POINT('',#3917);
#962=VERTEX_POINT('',#3919);
#963=VERTEX_POINT('',#3921);
#964=VERTEX_POINT('',#3923);
#965=VERTEX_POINT('',#3925);
#966=VERTEX_POINT('',#3927);
#967=VERTEX_POINT('',#3929);
#968=VERTEX_POINT('',#3931);
#969=VERTEX_POINT('',#3933);
#970=VERTEX_POINT('',#3935);
#971=VERTEX_POINT('',#3937);
#972=VERTEX_POINT('',#3939);
#973=VERTEX_POINT('',#3941);
#974=VERTEX_POINT('',#3943);
#975=VERTEX_POINT('',#4038);
#976=VERTEX_POINT('',#4071);
#977=VERTEX_POINT('',#4116);
#978=VERTEX_POINT('',#4117);
#979=VERTEX_POINT('',#4119);
#980=VERTEX_POINT('',#4121);
#981=VERTEX_POINT('',#4125);
#982=VERTEX_POINT('',#4127);
#983=VERTEX_POINT('',#4131);
#984=VERTEX_POINT('',#4132);
#985=VERTEX_POINT('',#4134);
#986=VERTEX_POINT('',#4136);
#987=VERTEX_POINT('',#4138);
#988=VERTEX_POINT('',#4140);
#989=VERTEX_POINT('',#4142);
#990=VERTEX_POINT('',#4144);
#991=VERTEX_POINT('',#4146);
#992=VERTEX_POINT('',#4148);
#993=VERTEX_POINT('',#4150);
#994=VERTEX_POINT('',#4152);
#995=VERTEX_POINT('',#4154);
#996=VERTEX_POINT('',#4156);
#997=VERTEX_POINT('',#4158);
#998=VERTEX_POINT('',#4160);
#999=VERTEX_POINT('',#4163);
#1000=VERTEX_POINT('',#4165);
#1001=VERTEX_POINT('',#4167);
#1002=VERTEX_POINT('',#4169);
#1003=VERTEX_POINT('',#4171);
#1004=VERTEX_POINT('',#4173);
#1005=VERTEX_POINT('',#4175);
#1006=VERTEX_POINT('',#4177);
#1007=VERTEX_POINT('',#4179);
#1008=VERTEX_POINT('',#4181);
#1009=VERTEX_POINT('',#4183);
#1010=VERTEX_POINT('',#4185);
#1011=VERTEX_POINT('',#4187);
#1012=VERTEX_POINT('',#4189);
#1013=VERTEX_POINT('',#4191);
#1014=VERTEX_POINT('',#4193);
#1015=VERTEX_POINT('',#4195);
#1016=VERTEX_POINT('',#4197);
#1017=VERTEX_POINT('',#4199);
#1018=VERTEX_POINT('',#4203);
#1019=VERTEX_POINT('',#4204);
#1020=VERTEX_POINT('',#4209);
#1021=VERTEX_POINT('',#4213);
#1022=VERTEX_POINT('',#4217);
#1023=VERTEX_POINT('',#4218);
#1024=VERTEX_POINT('',#4223);
#1025=VERTEX_POINT('',#4227);
#1026=VERTEX_POINT('',#4231);
#1027=VERTEX_POINT('',#4235);
#1028=VERTEX_POINT('',#4237);
#1029=VERTEX_POINT('',#4241);
#1030=VERTEX_POINT('',#4245);
#1031=VERTEX_POINT('',#4249);
#1032=VERTEX_POINT('',#4250);
#1033=VERTEX_POINT('',#4299);
#1034=VERTEX_POINT('',#4303);
#1035=VERTEX_POINT('',#4305);
#1036=VERTEX_POINT('',#4307);
#1037=VERTEX_POINT('',#4326);
#1038=VERTEX_POINT('',#4327);
#1039=VERTEX_POINT('',#4329);
#1040=VERTEX_POINT('',#4331);
#1041=VERTEX_POINT('',#4335);
#1042=VERTEX_POINT('',#4337);
#1043=VERTEX_POINT('',#4341);
#1044=VERTEX_POINT('',#4342);
#1045=VERTEX_POINT('',#4347);
#1046=VERTEX_POINT('',#4349);
#1047=VERTEX_POINT('',#4353);
#1048=VERTEX_POINT('',#4354);
#1049=VERTEX_POINT('',#4359);
#1050=VERTEX_POINT('',#4361);
#1051=VERTEX_POINT('',#4365);
#1052=VERTEX_POINT('',#4366);
#1053=VERTEX_POINT('',#4371);
#1054=VERTEX_POINT('',#4373);
#1055=VERTEX_POINT('',#4377);
#1056=VERTEX_POINT('',#4378);
#1057=VERTEX_POINT('',#4383);
#1058=VERTEX_POINT('',#4385);
#1059=VERTEX_POINT('',#4389);
#1060=VERTEX_POINT('',#4390);
#1061=VERTEX_POINT('',#4395);
#1062=VERTEX_POINT('',#4397);
#1063=VERTEX_POINT('',#4401);
#1064=VERTEX_POINT('',#4402);
#1065=VERTEX_POINT('',#4407);
#1066=VERTEX_POINT('',#4409);
#1067=VERTEX_POINT('',#4413);
#1068=VERTEX_POINT('',#4414);
#1069=VERTEX_POINT('',#4422);
#1070=VERTEX_POINT('',#4424);
#1071=VERTEX_POINT('',#4428);
#1072=VERTEX_POINT('',#4432);
#1073=VERTEX_POINT('',#4436);
#1074=VERTEX_POINT('',#4440);
#1075=VERTEX_POINT('',#4444);
#1076=VERTEX_POINT('',#4448);
#1077=VERTEX_POINT('',#4452);
#1078=VERTEX_POINT('',#4457);
#1079=VERTEX_POINT('',#4459);
#1080=VERTEX_POINT('',#4463);
#1081=VERTEX_POINT('',#4467);
#1082=VERTEX_POINT('',#4471);
#1083=VERTEX_POINT('',#4473);
#1084=VERTEX_POINT('',#4477);
#1085=VERTEX_POINT('',#4483);
#1086=VERTEX_POINT('',#4484);
#1087=VERTEX_POINT('',#4486);
#1088=VERTEX_POINT('',#4488);
#1089=VERTEX_POINT('',#4490);
#1090=VERTEX_POINT('',#4492);
#1091=VERTEX_POINT('',#4494);
#1092=VERTEX_POINT('',#4496);
#1093=VERTEX_POINT('',#4500);
#1094=VERTEX_POINT('',#4501);
#1095=VERTEX_POINT('',#4506);
#1096=VERTEX_POINT('',#4510);
#1097=VERTEX_POINT('',#4514);
#1098=VERTEX_POINT('',#4518);
#1099=VERTEX_POINT('',#4522);
#1100=VERTEX_POINT('',#4526);
#1101=EDGE_CURVE('',#889,#890,#429,.T.);
#1102=EDGE_CURVE('',#890,#891,#430,.T.);
#1103=EDGE_CURVE('',#891,#892,#431,.T.);
#1104=EDGE_CURVE('',#892,#889,#432,.T.);
#1105=EDGE_CURVE('',#889,#893,#80,.T.);
#1106=EDGE_CURVE('',#893,#894,#433,.T.);
#1107=EDGE_CURVE('',#894,#890,#81,.T.);
#1108=EDGE_CURVE('',#895,#896,#434,.T.);
#1109=EDGE_CURVE('',#896,#894,#435,.T.);
#1110=EDGE_CURVE('',#893,#895,#436,.T.);
#1111=EDGE_CURVE('',#895,#897,#82,.T.);
#1112=EDGE_CURVE('',#897,#898,#437,.T.);
#1113=EDGE_CURVE('',#898,#896,#83,.T.);
#1114=EDGE_CURVE('',#899,#900,#438,.T.);
#1115=EDGE_CURVE('',#900,#898,#439,.T.);
#1116=EDGE_CURVE('',#897,#899,#440,.T.);
#1117=EDGE_CURVE('',#899,#901,#84,.T.);
#1118=EDGE_CURVE('',#901,#902,#441,.T.);
#1119=EDGE_CURVE('',#902,#900,#85,.T.);
#1120=EDGE_CURVE('',#903,#904,#442,.T.);
#1121=EDGE_CURVE('',#904,#902,#443,.T.);
#1122=EDGE_CURVE('',#901,#903,#444,.T.);
#1123=EDGE_CURVE('',#903,#905,#86,.T.);
#1124=EDGE_CURVE('',#905,#906,#445,.T.);
#1125=EDGE_CURVE('',#906,#904,#87,.T.);
#1126=EDGE_CURVE('',#907,#908,#446,.T.);
#1127=EDGE_CURVE('',#908,#906,#447,.T.);
#1128=EDGE_CURVE('',#905,#907,#448,.T.);
#1129=EDGE_CURVE('',#907,#909,#88,.T.);
#1130=EDGE_CURVE('',#909,#910,#449,.T.);
#1131=EDGE_CURVE('',#910,#908,#89,.T.);
#1132=EDGE_CURVE('',#911,#912,#450,.T.);
#1133=EDGE_CURVE('',#912,#910,#451,.T.);
#1134=EDGE_CURVE('',#909,#911,#452,.T.);
#1135=EDGE_CURVE('',#911,#913,#90,.T.);
#1136=EDGE_CURVE('',#913,#914,#453,.T.);
#1137=EDGE_CURVE('',#914,#912,#91,.T.);
#1138=EDGE_CURVE('',#915,#916,#454,.T.);
#1139=EDGE_CURVE('',#916,#914,#455,.T.);
#1140=EDGE_CURVE('',#913,#915,#456,.T.);
#1141=EDGE_CURVE('',#915,#917,#92,.T.);
#1142=EDGE_CURVE('',#917,#918,#457,.T.);
#1143=EDGE_CURVE('',#918,#916,#93,.T.);
#1144=EDGE_CURVE('',#919,#920,#458,.T.);
#1145=EDGE_CURVE('',#920,#918,#459,.T.);
#1146=EDGE_CURVE('',#917,#919,#460,.T.);
#1147=EDGE_CURVE('',#919,#892,#94,.T.);
#1148=EDGE_CURVE('',#891,#920,#95,.T.);
#1149=EDGE_CURVE('',#903,#921,#461,.T.);
#1150=EDGE_CURVE('',#921,#922,#96,.T.);
#1151=EDGE_CURVE('',#922,#905,#462,.T.);
#1152=EDGE_CURVE('',#923,#901,#463,.T.);
#1153=EDGE_CURVE('',#921,#923,#464,.T.);
#1154=EDGE_CURVE('',#899,#924,#465,.T.);
#1155=EDGE_CURVE('',#924,#923,#97,.T.);
#1156=EDGE_CURVE('',#925,#897,#466,.T.);
#1157=EDGE_CURVE('',#924,#925,#467,.T.);
#1158=EDGE_CURVE('',#895,#926,#468,.T.);
#1159=EDGE_CURVE('',#926,#925,#98,.T.);
#1160=EDGE_CURVE('',#927,#893,#469,.T.);
#1161=EDGE_CURVE('',#928,#927,#470,.T.);
#1162=EDGE_CURVE('',#928,#929,#471,.T.);
#1163=EDGE_CURVE('',#930,#929,#36,.T.);
#1164=EDGE_CURVE('',#930,#931,#472,.T.);
#1165=EDGE_CURVE('',#932,#931,#473,.T.);
#1166=EDGE_CURVE('',#932,#933,#474,.T.);
#1167=EDGE_CURVE('',#934,#933,#37,.T.);
#1168=EDGE_CURVE('',#934,#935,#475,.T.);
#1169=EDGE_CURVE('',#926,#935,#476,.T.);
#1170=EDGE_CURVE('',#889,#936,#477,.T.);
#1171=EDGE_CURVE('',#936,#927,#99,.T.);
#1172=EDGE_CURVE('',#937,#892,#478,.T.);
#1173=EDGE_CURVE('',#936,#937,#479,.T.);
#1174=EDGE_CURVE('',#930,#938,#38,.T.);
#1175=EDGE_CURVE('',#929,#939,#39,.F.);
#1176=EDGE_CURVE('',#939,#938,#24,.T.);
#1177=EDGE_CURVE('',#931,#928,#25,.T.);
#1178=EDGE_CURVE('',#940,#941,#40,.T.);
#1179=EDGE_CURVE('',#940,#942,#41,.T.);
#1180=EDGE_CURVE('',#942,#943,#42,.F.);
#1181=EDGE_CURVE('',#941,#943,#26,.T.);
#1182=EDGE_CURVE('',#944,#945,#27,.T.);
#1183=EDGE_CURVE('',#940,#944,#480,.T.);
#1184=EDGE_CURVE('',#945,#942,#481,.T.);
#1185=EDGE_CURVE('',#946,#909,#482,.T.);
#1186=EDGE_CURVE('',#947,#946,#483,.T.);
#1187=EDGE_CURVE('',#947,#948,#484,.T.);
#1188=EDGE_CURVE('',#949,#948,#43,.T.);
#1189=EDGE_CURVE('',#949,#950,#485,.T.);
#1190=EDGE_CURVE('',#945,#950,#486,.T.);
#1191=EDGE_CURVE('',#951,#944,#487,.T.);
#1192=EDGE_CURVE('',#911,#951,#488,.T.);
#1193=EDGE_CURVE('',#949,#952,#44,.T.);
#1194=EDGE_CURVE('',#948,#953,#45,.F.);
#1195=EDGE_CURVE('',#953,#952,#28,.T.);
#1196=EDGE_CURVE('',#950,#947,#29,.T.);
#1197=EDGE_CURVE('',#954,#937,#100,.T.);
#1198=EDGE_CURVE('',#954,#955,#489,.T.);
#1199=EDGE_CURVE('',#956,#955,#101,.T.);
#1200=EDGE_CURVE('',#956,#957,#490,.T.);
#1201=EDGE_CURVE('',#951,#957,#102,.T.);
#1202=EDGE_CURVE('',#958,#946,#103,.T.);
#1203=EDGE_CURVE('',#958,#922,#491,.T.);
#1204=EDGE_CURVE('',#935,#932,#30,.T.);
#1205=EDGE_CURVE('',#959,#960,#492,.T.);
#1206=EDGE_CURVE('',#961,#959,#104,.F.);
#1207=EDGE_CURVE('',#962,#961,#493,.T.);
#1208=EDGE_CURVE('',#963,#962,#105,.F.);
#1209=EDGE_CURVE('',#964,#963,#494,.T.);
#1210=EDGE_CURVE('',#965,#964,#106,.F.);
#1211=EDGE_CURVE('',#966,#965,#495,.T.);
#1212=EDGE_CURVE('',#967,#966,#107,.F.);
#1213=EDGE_CURVE('',#968,#967,#496,.T.);
#1214=EDGE_CURVE('',#969,#968,#108,.F.);
#1215=EDGE_CURVE('',#970,#969,#497,.T.);
#1216=EDGE_CURVE('',#971,#970,#109,.F.);
#1217=EDGE_CURVE('',#972,#971,#498,.T.);
#1218=EDGE_CURVE('',#973,#972,#110,.F.);
#1219=EDGE_CURVE('',#974,#973,#499,.T.);
#1220=EDGE_CURVE('',#960,#974,#111,.F.);
#1221=EDGE_CURVE('',#934,#975,#46,.T.);
#1222=EDGE_CURVE('',#933,#976,#47,.F.);
#1223=EDGE_CURVE('',#975,#976,#31,.T.);
#1224=EDGE_CURVE('',#977,#978,#112,.T.);
#1225=EDGE_CURVE('',#978,#979,#500,.T.);
#1226=EDGE_CURVE('',#980,#979,#113,.T.);
#1227=EDGE_CURVE('',#980,#977,#501,.T.);
#1228=EDGE_CURVE('',#981,#978,#502,.T.);
#1229=EDGE_CURVE('',#982,#981,#503,.T.);
#1230=EDGE_CURVE('',#982,#979,#504,.T.);
#1231=EDGE_CURVE('',#983,#984,#114,.T.);
#1232=EDGE_CURVE('',#983,#985,#505,.T.);
#1233=EDGE_CURVE('',#986,#985,#115,.T.);
#1234=EDGE_CURVE('',#986,#987,#506,.T.);
#1235=EDGE_CURVE('',#988,#987,#116,.T.);
#1236=EDGE_CURVE('',#988,#989,#507,.T.);
#1237=EDGE_CURVE('',#990,#989,#117,.T.);
#1238=EDGE_CURVE('',#990,#991,#508,.T.);
#1239=EDGE_CURVE('',#992,#991,#118,.T.);
#1240=EDGE_CURVE('',#992,#993,#509,.T.);
#1241=EDGE_CURVE('',#994,#993,#119,.T.);
#1242=EDGE_CURVE('',#994,#995,#510,.T.);
#1243=EDGE_CURVE('',#996,#995,#120,.T.);
#1244=EDGE_CURVE('',#996,#997,#511,.T.);
#1245=EDGE_CURVE('',#998,#997,#121,.T.);
#1246=EDGE_CURVE('',#998,#984,#512,.T.);
#1247=EDGE_CURVE('',#977,#999,#513,.T.);
#1248=EDGE_CURVE('',#1000,#999,#122,.T.);
#1249=EDGE_CURVE('',#1000,#1001,#514,.T.);
#1250=EDGE_CURVE('',#1002,#1001,#123,.T.);
#1251=EDGE_CURVE('',#1002,#1003,#515,.T.);
#1252=EDGE_CURVE('',#1003,#1004,#516,.T.);
#1253=EDGE_CURVE('',#1005,#1004,#124,.T.);
#1254=EDGE_CURVE('',#1005,#1006,#517,.T.);
#1255=EDGE_CURVE('',#1007,#1006,#125,.T.);
#1256=EDGE_CURVE('',#1007,#1008,#518,.T.);
#1257=EDGE_CURVE('',#1008,#1009,#519,.T.);
#1258=EDGE_CURVE('',#1010,#1009,#126,.T.);
#1259=EDGE_CURVE('',#1010,#1011,#520,.T.);
#1260=EDGE_CURVE('',#1012,#1011,#127,.T.);
#1261=EDGE_CURVE('',#1012,#1013,#521,.T.);
#1262=EDGE_CURVE('',#1014,#1013,#128,.T.);
#1263=EDGE_CURVE('',#1014,#1015,#522,.T.);
#1264=EDGE_CURVE('',#1015,#1016,#523,.T.);
#1265=EDGE_CURVE('',#1016,#1017,#524,.T.);
#1266=EDGE_CURVE('',#1017,#981,#525,.T.);
#1267=EDGE_CURVE('',#1018,#1019,#129,.T.);
#1268=EDGE_CURVE('',#1018,#1000,#526,.T.);
#1269=EDGE_CURVE('',#1019,#999,#527,.T.);
#1270=EDGE_CURVE('',#1018,#1020,#528,.T.);
#1271=EDGE_CURVE('',#1001,#1020,#529,.T.);
#1272=EDGE_CURVE('',#1020,#1021,#130,.F.);
#1273=EDGE_CURVE('',#1021,#1002,#530,.T.);
#1274=EDGE_CURVE('',#1022,#1023,#131,.T.);
#1275=EDGE_CURVE('',#1022,#1005,#531,.T.);
#1276=EDGE_CURVE('',#1004,#1023,#532,.T.);
#1277=EDGE_CURVE('',#1022,#1024,#533,.T.);
#1278=EDGE_CURVE('',#1006,#1024,#534,.T.);
#1279=EDGE_CURVE('',#1025,#1024,#132,.T.);
#1280=EDGE_CURVE('',#1025,#1007,#535,.T.);
#1281=EDGE_CURVE('',#1025,#1026,#536,.T.);
#1282=EDGE_CURVE('',#1026,#1008,#537,.T.);
#1283=EDGE_CURVE('',#1009,#1027,#538,.T.);
#1284=EDGE_CURVE('',#1027,#1028,#133,.F.);
#1285=EDGE_CURVE('',#1028,#1010,#539,.T.);
#1286=EDGE_CURVE('',#1028,#1029,#540,.T.);
#1287=EDGE_CURVE('',#1011,#1029,#541,.T.);
#1288=EDGE_CURVE('',#1030,#1029,#134,.T.);
#1289=EDGE_CURVE('',#1030,#1012,#542,.T.);
#1290=EDGE_CURVE('',#1031,#1032,#135,.T.);
#1291=EDGE_CURVE('',#1031,#1014,#543,.T.);
#1292=EDGE_CURVE('',#1032,#1013,#544,.T.);
#1293=EDGE_CURVE('',#907,#958,#545,.T.);
#1294=EDGE_CURVE('',#919,#954,#546,.T.);
#1295=EDGE_CURVE('',#955,#917,#547,.T.);
#1296=EDGE_CURVE('',#915,#956,#548,.T.);
#1297=EDGE_CURVE('',#957,#913,#549,.T.);
#1298=EDGE_CURVE('',#984,#971,#550,.T.);
#1299=EDGE_CURVE('',#970,#983,#551,.T.);
#1300=EDGE_CURVE('',#972,#998,#552,.T.);
#1301=EDGE_CURVE('',#997,#973,#553,.T.);
#1302=EDGE_CURVE('',#974,#996,#554,.T.);
#1303=EDGE_CURVE('',#995,#960,#555,.T.);
#1304=EDGE_CURVE('',#959,#994,#556,.T.);
#1305=EDGE_CURVE('',#993,#961,#557,.T.);
#1306=EDGE_CURVE('',#962,#992,#558,.T.);
#1307=EDGE_CURVE('',#991,#963,#559,.T.);
#1308=EDGE_CURVE('',#964,#990,#560,.T.);
#1309=EDGE_CURVE('',#989,#965,#561,.T.);
#1310=EDGE_CURVE('',#966,#988,#562,.T.);
#1311=EDGE_CURVE('',#987,#967,#563,.T.);
#1312=EDGE_CURVE('',#968,#986,#564,.T.);
#1313=EDGE_CURVE('',#985,#969,#565,.T.);
#1314=EDGE_CURVE('',#1033,#1023,#566,.T.);
#1315=EDGE_CURVE('',#1021,#1033,#567,.T.);
#1316=EDGE_CURVE('',#980,#1019,#568,.T.);
#1317=EDGE_CURVE('',#1034,#982,#569,.T.);
#1318=EDGE_CURVE('',#1035,#1034,#570,.T.);
#1319=EDGE_CURVE('',#1036,#1035,#571,.T.);
#1320=EDGE_CURVE('',#1031,#1036,#572,.T.);
#1321=EDGE_CURVE('',#1030,#1032,#573,.T.);
#1322=EDGE_CURVE('',#1026,#1027,#574,.T.);
#1323=EDGE_CURVE('',#1033,#1003,#575,.T.);
#1324=EDGE_CURVE('',#1034,#1017,#576,.T.);
#1325=EDGE_CURVE('',#1035,#1016,#577,.T.);
#1326=EDGE_CURVE('',#1036,#1015,#578,.T.);
#1327=EDGE_CURVE('',#1037,#1038,#579,.T.);
#1328=EDGE_CURVE('',#1038,#1039,#580,.T.);
#1329=EDGE_CURVE('',#1039,#1040,#581,.T.);
#1330=EDGE_CURVE('',#1040,#1037,#582,.T.);
#1331=EDGE_CURVE('',#1037,#1041,#136,.T.);
#1332=EDGE_CURVE('',#1041,#1042,#583,.T.);
#1333=EDGE_CURVE('',#1042,#1038,#137,.T.);
#1334=EDGE_CURVE('',#1043,#1044,#584,.T.);
#1335=EDGE_CURVE('',#1044,#1042,#585,.T.);
#1336=EDGE_CURVE('',#1041,#1043,#586,.T.);
#1337=EDGE_CURVE('',#1043,#1045,#138,.T.);
#1338=EDGE_CURVE('',#1045,#1046,#587,.T.);
#1339=EDGE_CURVE('',#1046,#1044,#139,.T.);
#1340=EDGE_CURVE('',#1047,#1048,#588,.T.);
#1341=EDGE_CURVE('',#1048,#1046,#589,.T.);
#1342=EDGE_CURVE('',#1045,#1047,#590,.T.);
#1343=EDGE_CURVE('',#1047,#1049,#140,.T.);
#1344=EDGE_CURVE('',#1049,#1050,#591,.T.);
#1345=EDGE_CURVE('',#1050,#1048,#141,.T.);
#1346=EDGE_CURVE('',#1051,#1052,#592,.T.);
#1347=EDGE_CURVE('',#1052,#1050,#593,.T.);
#1348=EDGE_CURVE('',#1049,#1051,#594,.T.);
#1349=EDGE_CURVE('',#1051,#1053,#142,.T.);
#1350=EDGE_CURVE('',#1053,#1054,#595,.T.);
#1351=EDGE_CURVE('',#1054,#1052,#143,.T.);
#1352=EDGE_CURVE('',#1055,#1056,#596,.T.);
#1353=EDGE_CURVE('',#1056,#1054,#597,.T.);
#1354=EDGE_CURVE('',#1053,#1055,#598,.T.);
#1355=EDGE_CURVE('',#1055,#1057,#144,.T.);
#1356=EDGE_CURVE('',#1057,#1058,#599,.T.);
#1357=EDGE_CURVE('',#1058,#1056,#145,.T.);
#1358=EDGE_CURVE('',#1059,#1060,#600,.T.);
#1359=EDGE_CURVE('',#1060,#1058,#601,.T.);
#1360=EDGE_CURVE('',#1057,#1059,#602,.T.);
#1361=EDGE_CURVE('',#1059,#1061,#146,.T.);
#1362=EDGE_CURVE('',#1061,#1062,#603,.T.);
#1363=EDGE_CURVE('',#1062,#1060,#147,.T.);
#1364=EDGE_CURVE('',#1063,#1064,#604,.T.);
#1365=EDGE_CURVE('',#1064,#1062,#605,.T.);
#1366=EDGE_CURVE('',#1061,#1063,#606,.T.);
#1367=EDGE_CURVE('',#1063,#1065,#148,.T.);
#1368=EDGE_CURVE('',#1065,#1066,#607,.T.);
#1369=EDGE_CURVE('',#1066,#1064,#149,.T.);
#1370=EDGE_CURVE('',#1067,#1068,#608,.T.);
#1371=EDGE_CURVE('',#1068,#1066,#609,.T.);
#1372=EDGE_CURVE('',#1065,#1067,#610,.T.);
#1373=EDGE_CURVE('',#1067,#1040,#150,.T.);
#1374=EDGE_CURVE('',#1039,#1068,#151,.T.);
#1375=EDGE_CURVE('',#1051,#1069,#611,.T.);
#1376=EDGE_CURVE('',#1069,#1070,#152,.T.);
#1377=EDGE_CURVE('',#1070,#1053,#612,.T.);
#1378=EDGE_CURVE('',#1071,#1049,#613,.T.);
#1379=EDGE_CURVE('',#1071,#1069,#614,.T.);
#1380=EDGE_CURVE('',#1047,#1072,#615,.T.);
#1381=EDGE_CURVE('',#1072,#1071,#153,.T.);
#1382=EDGE_CURVE('',#1073,#1045,#616,.T.);
#1383=EDGE_CURVE('',#1073,#1072,#617,.T.);
#1384=EDGE_CURVE('',#1043,#1074,#618,.T.);
#1385=EDGE_CURVE('',#1074,#1073,#154,.T.);
#1386=EDGE_CURVE('',#1075,#1041,#619,.T.);
#1387=EDGE_CURVE('',#1075,#1074,#620,.T.);
#1388=EDGE_CURVE('',#1037,#1076,#621,.T.);
#1389=EDGE_CURVE('',#1076,#1075,#155,.T.);
#1390=EDGE_CURVE('',#1077,#1040,#622,.T.);
#1391=EDGE_CURVE('',#1077,#1076,#623,.T.);
#1392=EDGE_CURVE('',#1055,#1078,#624,.T.);
#1393=EDGE_CURVE('',#1078,#1079,#156,.T.);
#1394=EDGE_CURVE('',#1079,#1057,#625,.T.);
#1395=EDGE_CURVE('',#1079,#1080,#626,.T.);
#1396=EDGE_CURVE('',#1059,#1080,#627,.T.);
#1397=EDGE_CURVE('',#1080,#1081,#157,.T.);
#1398=EDGE_CURVE('',#1081,#1061,#628,.T.);
#1399=EDGE_CURVE('',#1063,#1082,#629,.T.);
#1400=EDGE_CURVE('',#1082,#1083,#158,.T.);
#1401=EDGE_CURVE('',#1083,#1065,#630,.T.);
#1402=EDGE_CURVE('',#1083,#1084,#631,.T.);
#1403=EDGE_CURVE('',#1067,#1084,#632,.T.);
#1404=EDGE_CURVE('',#1084,#1077,#159,.T.);
#1405=EDGE_CURVE('',#1085,#1086,#633,.T.);
#1406=EDGE_CURVE('',#1086,#1087,#634,.T.);
#1407=EDGE_CURVE('',#1087,#1088,#635,.T.);
#1408=EDGE_CURVE('',#1088,#1089,#636,.T.);
#1409=EDGE_CURVE('',#1089,#1090,#637,.T.);
#1410=EDGE_CURVE('',#1090,#1091,#638,.T.);
#1411=EDGE_CURVE('',#1091,#1092,#639,.T.);
#1412=EDGE_CURVE('',#1092,#1085,#640,.T.);
#1413=EDGE_CURVE('',#1093,#1094,#641,.T.);
#1414=EDGE_CURVE('',#1094,#1086,#642,.T.);
#1415=EDGE_CURVE('',#1093,#1085,#643,.T.);
#1416=EDGE_CURVE('',#1095,#1093,#644,.T.);
#1417=EDGE_CURVE('',#1095,#1092,#645,.T.);
#1418=EDGE_CURVE('',#1096,#1095,#646,.T.);
#1419=EDGE_CURVE('',#1096,#1091,#647,.T.);
#1420=EDGE_CURVE('',#1097,#1096,#648,.T.);
#1421=EDGE_CURVE('',#1097,#1090,#649,.T.);
#1422=EDGE_CURVE('',#1098,#1097,#650,.T.);
#1423=EDGE_CURVE('',#1098,#1089,#651,.T.);
#1424=EDGE_CURVE('',#1099,#1098,#652,.T.);
#1425=EDGE_CURVE('',#1099,#1088,#653,.T.);
#1426=EDGE_CURVE('',#1100,#1099,#654,.T.);
#1427=EDGE_CURVE('',#1100,#1087,#655,.T.);
#1428=EDGE_CURVE('',#1094,#1100,#656,.T.);
#1429=EDGE_CURVE('',#1081,#1082,#657,.T.);
#1430=EDGE_CURVE('',#1070,#1078,#658,.T.);
#1431=ORIENTED_EDGE('',*,*,#1101,.T.);
#1432=ORIENTED_EDGE('',*,*,#1102,.T.);
#1433=ORIENTED_EDGE('',*,*,#1103,.T.);
#1434=ORIENTED_EDGE('',*,*,#1104,.T.);
#1435=ORIENTED_EDGE('',*,*,#1101,.F.);
#1436=ORIENTED_EDGE('',*,*,#1105,.T.);
#1437=ORIENTED_EDGE('',*,*,#1106,.T.);
#1438=ORIENTED_EDGE('',*,*,#1107,.T.);
#1439=ORIENTED_EDGE('',*,*,#1108,.T.);
#1440=ORIENTED_EDGE('',*,*,#1109,.T.);
#1441=ORIENTED_EDGE('',*,*,#1106,.F.);
#1442=ORIENTED_EDGE('',*,*,#1110,.T.);
#1443=ORIENTED_EDGE('',*,*,#1108,.F.);
#1444=ORIENTED_EDGE('',*,*,#1111,.T.);
#1445=ORIENTED_EDGE('',*,*,#1112,.T.);
#1446=ORIENTED_EDGE('',*,*,#1113,.T.);
#1447=ORIENTED_EDGE('',*,*,#1114,.T.);
#1448=ORIENTED_EDGE('',*,*,#1115,.T.);
#1449=ORIENTED_EDGE('',*,*,#1112,.F.);
#1450=ORIENTED_EDGE('',*,*,#1116,.T.);
#1451=ORIENTED_EDGE('',*,*,#1114,.F.);
#1452=ORIENTED_EDGE('',*,*,#1117,.T.);
#1453=ORIENTED_EDGE('',*,*,#1118,.T.);
#1454=ORIENTED_EDGE('',*,*,#1119,.T.);
#1455=ORIENTED_EDGE('',*,*,#1120,.T.);
#1456=ORIENTED_EDGE('',*,*,#1121,.T.);
#1457=ORIENTED_EDGE('',*,*,#1118,.F.);
#1458=ORIENTED_EDGE('',*,*,#1122,.T.);
#1459=ORIENTED_EDGE('',*,*,#1120,.F.);
#1460=ORIENTED_EDGE('',*,*,#1123,.T.);
#1461=ORIENTED_EDGE('',*,*,#1124,.T.);
#1462=ORIENTED_EDGE('',*,*,#1125,.T.);
#1463=ORIENTED_EDGE('',*,*,#1126,.T.);
#1464=ORIENTED_EDGE('',*,*,#1127,.T.);
#1465=ORIENTED_EDGE('',*,*,#1124,.F.);
#1466=ORIENTED_EDGE('',*,*,#1128,.T.);
#1467=ORIENTED_EDGE('',*,*,#1126,.F.);
#1468=ORIENTED_EDGE('',*,*,#1129,.T.);
#1469=ORIENTED_EDGE('',*,*,#1130,.T.);
#1470=ORIENTED_EDGE('',*,*,#1131,.T.);
#1471=ORIENTED_EDGE('',*,*,#1132,.T.);
#1472=ORIENTED_EDGE('',*,*,#1133,.T.);
#1473=ORIENTED_EDGE('',*,*,#1130,.F.);
#1474=ORIENTED_EDGE('',*,*,#1134,.T.);
#1475=ORIENTED_EDGE('',*,*,#1132,.F.);
#1476=ORIENTED_EDGE('',*,*,#1135,.T.);
#1477=ORIENTED_EDGE('',*,*,#1136,.T.);
#1478=ORIENTED_EDGE('',*,*,#1137,.T.);
#1479=ORIENTED_EDGE('',*,*,#1138,.T.);
#1480=ORIENTED_EDGE('',*,*,#1139,.T.);
#1481=ORIENTED_EDGE('',*,*,#1136,.F.);
#1482=ORIENTED_EDGE('',*,*,#1140,.T.);
#1483=ORIENTED_EDGE('',*,*,#1138,.F.);
#1484=ORIENTED_EDGE('',*,*,#1141,.T.);
#1485=ORIENTED_EDGE('',*,*,#1142,.T.);
#1486=ORIENTED_EDGE('',*,*,#1143,.T.);
#1487=ORIENTED_EDGE('',*,*,#1144,.T.);
#1488=ORIENTED_EDGE('',*,*,#1145,.T.);
#1489=ORIENTED_EDGE('',*,*,#1142,.F.);
#1490=ORIENTED_EDGE('',*,*,#1146,.T.);
#1491=ORIENTED_EDGE('',*,*,#1144,.F.);
#1492=ORIENTED_EDGE('',*,*,#1147,.T.);
#1493=ORIENTED_EDGE('',*,*,#1103,.F.);
#1494=ORIENTED_EDGE('',*,*,#1148,.T.);
#1495=ORIENTED_EDGE('',*,*,#1123,.F.);
#1496=ORIENTED_EDGE('',*,*,#1149,.T.);
#1497=ORIENTED_EDGE('',*,*,#1150,.T.);
#1498=ORIENTED_EDGE('',*,*,#1151,.T.);
#1499=ORIENTED_EDGE('',*,*,#1122,.F.);
#1500=ORIENTED_EDGE('',*,*,#1152,.F.);
#1501=ORIENTED_EDGE('',*,*,#1153,.F.);
#1502=ORIENTED_EDGE('',*,*,#1149,.F.);
#1503=ORIENTED_EDGE('',*,*,#1117,.F.);
#1504=ORIENTED_EDGE('',*,*,#1154,.T.);
#1505=ORIENTED_EDGE('',*,*,#1155,.T.);
#1506=ORIENTED_EDGE('',*,*,#1152,.T.);
#1507=ORIENTED_EDGE('',*,*,#1116,.F.);
#1508=ORIENTED_EDGE('',*,*,#1156,.F.);
#1509=ORIENTED_EDGE('',*,*,#1157,.F.);
#1510=ORIENTED_EDGE('',*,*,#1154,.F.);
#1511=ORIENTED_EDGE('',*,*,#1111,.F.);
#1512=ORIENTED_EDGE('',*,*,#1158,.T.);
#1513=ORIENTED_EDGE('',*,*,#1159,.T.);
#1514=ORIENTED_EDGE('',*,*,#1156,.T.);
#1515=ORIENTED_EDGE('',*,*,#1110,.F.);
#1516=ORIENTED_EDGE('',*,*,#1160,.F.);
#1517=ORIENTED_EDGE('',*,*,#1161,.F.);
#1518=ORIENTED_EDGE('',*,*,#1162,.T.);
#1519=ORIENTED_EDGE('',*,*,#1163,.F.);
#1520=ORIENTED_EDGE('',*,*,#1164,.T.);
#1521=ORIENTED_EDGE('',*,*,#1165,.F.);
#1522=ORIENTED_EDGE('',*,*,#1166,.T.);
#1523=ORIENTED_EDGE('',*,*,#1167,.F.);
#1524=ORIENTED_EDGE('',*,*,#1168,.T.);
#1525=ORIENTED_EDGE('',*,*,#1169,.F.);
#1526=ORIENTED_EDGE('',*,*,#1158,.F.);
#1527=ORIENTED_EDGE('',*,*,#1105,.F.);
#1528=ORIENTED_EDGE('',*,*,#1170,.T.);
#1529=ORIENTED_EDGE('',*,*,#1171,.T.);
#1530=ORIENTED_EDGE('',*,*,#1160,.T.);
#1531=ORIENTED_EDGE('',*,*,#1104,.F.);
#1532=ORIENTED_EDGE('',*,*,#1172,.F.);
#1533=ORIENTED_EDGE('',*,*,#1173,.F.);
#1534=ORIENTED_EDGE('',*,*,#1170,.F.);
#1535=ORIENTED_EDGE('',*,*,#1102,.F.);
#1536=ORIENTED_EDGE('',*,*,#1107,.F.);
#1537=ORIENTED_EDGE('',*,*,#1109,.F.);
#1538=ORIENTED_EDGE('',*,*,#1113,.F.);
#1539=ORIENTED_EDGE('',*,*,#1115,.F.);
#1540=ORIENTED_EDGE('',*,*,#1119,.F.);
#1541=ORIENTED_EDGE('',*,*,#1121,.F.);
#1542=ORIENTED_EDGE('',*,*,#1125,.F.);
#1543=ORIENTED_EDGE('',*,*,#1127,.F.);
#1544=ORIENTED_EDGE('',*,*,#1131,.F.);
#1545=ORIENTED_EDGE('',*,*,#1133,.F.);
#1546=ORIENTED_EDGE('',*,*,#1137,.F.);
#1547=ORIENTED_EDGE('',*,*,#1139,.F.);
#1548=ORIENTED_EDGE('',*,*,#1143,.F.);
#1549=ORIENTED_EDGE('',*,*,#1145,.F.);
#1550=ORIENTED_EDGE('',*,*,#1148,.F.);
#1551=ORIENTED_EDGE('',*,*,#1174,.F.);
#1552=ORIENTED_EDGE('',*,*,#1163,.T.);
#1553=ORIENTED_EDGE('',*,*,#1175,.T.);
#1554=ORIENTED_EDGE('',*,*,#1176,.T.);
#1555=ORIENTED_EDGE('',*,*,#1177,.F.);
#1556=ORIENTED_EDGE('',*,*,#1164,.F.);
#1557=ORIENTED_EDGE('',*,*,#1174,.T.);
#1558=ORIENTED_EDGE('',*,*,#1176,.F.);
#1559=ORIENTED_EDGE('',*,*,#1175,.F.);
#1560=ORIENTED_EDGE('',*,*,#1162,.F.);
#1561=ORIENTED_EDGE('',*,*,#1178,.F.);
#1562=ORIENTED_EDGE('',*,*,#1179,.T.);
#1563=ORIENTED_EDGE('',*,*,#1180,.T.);
#1564=ORIENTED_EDGE('',*,*,#1181,.F.);
#1565=ORIENTED_EDGE('',*,*,#1182,.F.);
#1566=ORIENTED_EDGE('',*,*,#1183,.F.);
#1567=ORIENTED_EDGE('',*,*,#1178,.T.);
#1568=ORIENTED_EDGE('',*,*,#1181,.T.);
#1569=ORIENTED_EDGE('',*,*,#1180,.F.);
#1570=ORIENTED_EDGE('',*,*,#1184,.F.);
#1571=ORIENTED_EDGE('',*,*,#1134,.F.);
#1572=ORIENTED_EDGE('',*,*,#1185,.F.);
#1573=ORIENTED_EDGE('',*,*,#1186,.F.);
#1574=ORIENTED_EDGE('',*,*,#1187,.T.);
#1575=ORIENTED_EDGE('',*,*,#1188,.F.);
#1576=ORIENTED_EDGE('',*,*,#1189,.T.);
#1577=ORIENTED_EDGE('',*,*,#1190,.F.);
#1578=ORIENTED_EDGE('',*,*,#1184,.T.);
#1579=ORIENTED_EDGE('',*,*,#1179,.F.);
#1580=ORIENTED_EDGE('',*,*,#1183,.T.);
#1581=ORIENTED_EDGE('',*,*,#1191,.F.);
#1582=ORIENTED_EDGE('',*,*,#1192,.F.);
#1583=ORIENTED_EDGE('',*,*,#1193,.F.);
#1584=ORIENTED_EDGE('',*,*,#1188,.T.);
#1585=ORIENTED_EDGE('',*,*,#1194,.T.);
#1586=ORIENTED_EDGE('',*,*,#1195,.T.);
#1587=ORIENTED_EDGE('',*,*,#1196,.F.);
#1588=ORIENTED_EDGE('',*,*,#1189,.F.);
#1589=ORIENTED_EDGE('',*,*,#1193,.T.);
#1590=ORIENTED_EDGE('',*,*,#1195,.F.);
#1591=ORIENTED_EDGE('',*,*,#1194,.F.);
#1592=ORIENTED_EDGE('',*,*,#1187,.F.);
#1593=ORIENTED_EDGE('',*,*,#1177,.T.);
#1594=ORIENTED_EDGE('',*,*,#1161,.T.);
#1595=ORIENTED_EDGE('',*,*,#1171,.F.);
#1596=ORIENTED_EDGE('',*,*,#1173,.T.);
#1597=ORIENTED_EDGE('',*,*,#1197,.F.);
#1598=ORIENTED_EDGE('',*,*,#1198,.T.);
#1599=ORIENTED_EDGE('',*,*,#1199,.F.);
#1600=ORIENTED_EDGE('',*,*,#1200,.T.);
#1601=ORIENTED_EDGE('',*,*,#1201,.F.);
#1602=ORIENTED_EDGE('',*,*,#1191,.T.);
#1603=ORIENTED_EDGE('',*,*,#1182,.T.);
#1604=ORIENTED_EDGE('',*,*,#1190,.T.);
#1605=ORIENTED_EDGE('',*,*,#1196,.T.);
#1606=ORIENTED_EDGE('',*,*,#1186,.T.);
#1607=ORIENTED_EDGE('',*,*,#1202,.F.);
#1608=ORIENTED_EDGE('',*,*,#1203,.T.);
#1609=ORIENTED_EDGE('',*,*,#1150,.F.);
#1610=ORIENTED_EDGE('',*,*,#1153,.T.);
#1611=ORIENTED_EDGE('',*,*,#1155,.F.);
#1612=ORIENTED_EDGE('',*,*,#1157,.T.);
#1613=ORIENTED_EDGE('',*,*,#1159,.F.);
#1614=ORIENTED_EDGE('',*,*,#1169,.T.);
#1615=ORIENTED_EDGE('',*,*,#1204,.T.);
#1616=ORIENTED_EDGE('',*,*,#1165,.T.);
#1617=ORIENTED_EDGE('',*,*,#1205,.F.);
#1618=ORIENTED_EDGE('',*,*,#1206,.F.);
#1619=ORIENTED_EDGE('',*,*,#1207,.F.);
#1620=ORIENTED_EDGE('',*,*,#1208,.F.);
#1621=ORIENTED_EDGE('',*,*,#1209,.F.);
#1622=ORIENTED_EDGE('',*,*,#1210,.F.);
#1623=ORIENTED_EDGE('',*,*,#1211,.F.);
#1624=ORIENTED_EDGE('',*,*,#1212,.F.);
#1625=ORIENTED_EDGE('',*,*,#1213,.F.);
#1626=ORIENTED_EDGE('',*,*,#1214,.F.);
#1627=ORIENTED_EDGE('',*,*,#1215,.F.);
#1628=ORIENTED_EDGE('',*,*,#1216,.F.);
#1629=ORIENTED_EDGE('',*,*,#1217,.F.);
#1630=ORIENTED_EDGE('',*,*,#1218,.F.);
#1631=ORIENTED_EDGE('',*,*,#1219,.F.);
#1632=ORIENTED_EDGE('',*,*,#1220,.F.);
#1633=ORIENTED_EDGE('',*,*,#1221,.F.);
#1634=ORIENTED_EDGE('',*,*,#1167,.T.);
#1635=ORIENTED_EDGE('',*,*,#1222,.T.);
#1636=ORIENTED_EDGE('',*,*,#1223,.F.);
#1637=ORIENTED_EDGE('',*,*,#1204,.F.);
#1638=ORIENTED_EDGE('',*,*,#1168,.F.);
#1639=ORIENTED_EDGE('',*,*,#1221,.T.);
#1640=ORIENTED_EDGE('',*,*,#1223,.T.);
#1641=ORIENTED_EDGE('',*,*,#1222,.F.);
#1642=ORIENTED_EDGE('',*,*,#1166,.F.);
#1643=ORIENTED_EDGE('',*,*,#1224,.T.);
#1644=ORIENTED_EDGE('',*,*,#1225,.T.);
#1645=ORIENTED_EDGE('',*,*,#1226,.F.);
#1646=ORIENTED_EDGE('',*,*,#1227,.T.);
#1647=ORIENTED_EDGE('',*,*,#1225,.F.);
#1648=ORIENTED_EDGE('',*,*,#1228,.F.);
#1649=ORIENTED_EDGE('',*,*,#1229,.F.);
#1650=ORIENTED_EDGE('',*,*,#1230,.T.);
#1651=ORIENTED_EDGE('',*,*,#1231,.F.);
#1652=ORIENTED_EDGE('',*,*,#1232,.T.);
#1653=ORIENTED_EDGE('',*,*,#1233,.F.);
#1654=ORIENTED_EDGE('',*,*,#1234,.T.);
#1655=ORIENTED_EDGE('',*,*,#1235,.F.);
#1656=ORIENTED_EDGE('',*,*,#1236,.T.);
#1657=ORIENTED_EDGE('',*,*,#1237,.F.);
#1658=ORIENTED_EDGE('',*,*,#1238,.T.);
#1659=ORIENTED_EDGE('',*,*,#1239,.F.);
#1660=ORIENTED_EDGE('',*,*,#1240,.T.);
#1661=ORIENTED_EDGE('',*,*,#1241,.F.);
#1662=ORIENTED_EDGE('',*,*,#1242,.T.);
#1663=ORIENTED_EDGE('',*,*,#1243,.F.);
#1664=ORIENTED_EDGE('',*,*,#1244,.T.);
#1665=ORIENTED_EDGE('',*,*,#1245,.F.);
#1666=ORIENTED_EDGE('',*,*,#1246,.T.);
#1667=ORIENTED_EDGE('',*,*,#1224,.F.);
#1668=ORIENTED_EDGE('',*,*,#1247,.T.);
#1669=ORIENTED_EDGE('',*,*,#1248,.F.);
#1670=ORIENTED_EDGE('',*,*,#1249,.T.);
#1671=ORIENTED_EDGE('',*,*,#1250,.F.);
#1672=ORIENTED_EDGE('',*,*,#1251,.T.);
#1673=ORIENTED_EDGE('',*,*,#1252,.T.);
#1674=ORIENTED_EDGE('',*,*,#1253,.F.);
#1675=ORIENTED_EDGE('',*,*,#1254,.T.);
#1676=ORIENTED_EDGE('',*,*,#1255,.F.);
#1677=ORIENTED_EDGE('',*,*,#1256,.T.);
#1678=ORIENTED_EDGE('',*,*,#1257,.T.);
#1679=ORIENTED_EDGE('',*,*,#1258,.F.);
#1680=ORIENTED_EDGE('',*,*,#1259,.T.);
#1681=ORIENTED_EDGE('',*,*,#1260,.F.);
#1682=ORIENTED_EDGE('',*,*,#1261,.T.);
#1683=ORIENTED_EDGE('',*,*,#1262,.F.);
#1684=ORIENTED_EDGE('',*,*,#1263,.T.);
#1685=ORIENTED_EDGE('',*,*,#1264,.T.);
#1686=ORIENTED_EDGE('',*,*,#1265,.T.);
#1687=ORIENTED_EDGE('',*,*,#1266,.T.);
#1688=ORIENTED_EDGE('',*,*,#1228,.T.);
#1689=ORIENTED_EDGE('',*,*,#1267,.F.);
#1690=ORIENTED_EDGE('',*,*,#1268,.T.);
#1691=ORIENTED_EDGE('',*,*,#1248,.T.);
#1692=ORIENTED_EDGE('',*,*,#1269,.F.);
#1693=ORIENTED_EDGE('',*,*,#1268,.F.);
#1694=ORIENTED_EDGE('',*,*,#1270,.T.);
#1695=ORIENTED_EDGE('',*,*,#1271,.F.);
#1696=ORIENTED_EDGE('',*,*,#1249,.F.);
#1697=ORIENTED_EDGE('',*,*,#1250,.T.);
#1698=ORIENTED_EDGE('',*,*,#1271,.T.);
#1699=ORIENTED_EDGE('',*,*,#1272,.T.);
#1700=ORIENTED_EDGE('',*,*,#1273,.T.);
#1701=ORIENTED_EDGE('',*,*,#1274,.F.);
#1702=ORIENTED_EDGE('',*,*,#1275,.T.);
#1703=ORIENTED_EDGE('',*,*,#1253,.T.);
#1704=ORIENTED_EDGE('',*,*,#1276,.T.);
#1705=ORIENTED_EDGE('',*,*,#1275,.F.);
#1706=ORIENTED_EDGE('',*,*,#1277,.T.);
#1707=ORIENTED_EDGE('',*,*,#1278,.F.);
#1708=ORIENTED_EDGE('',*,*,#1254,.F.);
#1709=ORIENTED_EDGE('',*,*,#1279,.F.);
#1710=ORIENTED_EDGE('',*,*,#1280,.T.);
#1711=ORIENTED_EDGE('',*,*,#1255,.T.);
#1712=ORIENTED_EDGE('',*,*,#1278,.T.);
#1713=ORIENTED_EDGE('',*,*,#1280,.F.);
#1714=ORIENTED_EDGE('',*,*,#1281,.T.);
#1715=ORIENTED_EDGE('',*,*,#1282,.T.);
#1716=ORIENTED_EDGE('',*,*,#1256,.F.);
#1717=ORIENTED_EDGE('',*,*,#1258,.T.);
#1718=ORIENTED_EDGE('',*,*,#1283,.T.);
#1719=ORIENTED_EDGE('',*,*,#1284,.T.);
#1720=ORIENTED_EDGE('',*,*,#1285,.T.);
#1721=ORIENTED_EDGE('',*,*,#1285,.F.);
#1722=ORIENTED_EDGE('',*,*,#1286,.T.);
#1723=ORIENTED_EDGE('',*,*,#1287,.F.);
#1724=ORIENTED_EDGE('',*,*,#1259,.F.);
#1725=ORIENTED_EDGE('',*,*,#1260,.T.);
#1726=ORIENTED_EDGE('',*,*,#1287,.T.);
#1727=ORIENTED_EDGE('',*,*,#1288,.F.);
#1728=ORIENTED_EDGE('',*,*,#1289,.T.);
#1729=ORIENTED_EDGE('',*,*,#1290,.F.);
#1730=ORIENTED_EDGE('',*,*,#1291,.T.);
#1731=ORIENTED_EDGE('',*,*,#1262,.T.);
#1732=ORIENTED_EDGE('',*,*,#1292,.F.);
#1733=ORIENTED_EDGE('',*,*,#1129,.F.);
#1734=ORIENTED_EDGE('',*,*,#1293,.T.);
#1735=ORIENTED_EDGE('',*,*,#1202,.T.);
#1736=ORIENTED_EDGE('',*,*,#1185,.T.);
#1737=ORIENTED_EDGE('',*,*,#1128,.F.);
#1738=ORIENTED_EDGE('',*,*,#1151,.F.);
#1739=ORIENTED_EDGE('',*,*,#1203,.F.);
#1740=ORIENTED_EDGE('',*,*,#1293,.F.);
#1741=ORIENTED_EDGE('',*,*,#1147,.F.);
#1742=ORIENTED_EDGE('',*,*,#1294,.T.);
#1743=ORIENTED_EDGE('',*,*,#1197,.T.);
#1744=ORIENTED_EDGE('',*,*,#1172,.T.);
#1745=ORIENTED_EDGE('',*,*,#1146,.F.);
#1746=ORIENTED_EDGE('',*,*,#1295,.F.);
#1747=ORIENTED_EDGE('',*,*,#1198,.F.);
#1748=ORIENTED_EDGE('',*,*,#1294,.F.);
#1749=ORIENTED_EDGE('',*,*,#1141,.F.);
#1750=ORIENTED_EDGE('',*,*,#1296,.T.);
#1751=ORIENTED_EDGE('',*,*,#1199,.T.);
#1752=ORIENTED_EDGE('',*,*,#1295,.T.);
#1753=ORIENTED_EDGE('',*,*,#1140,.F.);
#1754=ORIENTED_EDGE('',*,*,#1297,.F.);
#1755=ORIENTED_EDGE('',*,*,#1200,.F.);
#1756=ORIENTED_EDGE('',*,*,#1296,.F.);
#1757=ORIENTED_EDGE('',*,*,#1135,.F.);
#1758=ORIENTED_EDGE('',*,*,#1192,.T.);
#1759=ORIENTED_EDGE('',*,*,#1201,.T.);
#1760=ORIENTED_EDGE('',*,*,#1297,.T.);
#1761=ORIENTED_EDGE('',*,*,#1231,.T.);
#1762=ORIENTED_EDGE('',*,*,#1298,.T.);
#1763=ORIENTED_EDGE('',*,*,#1216,.T.);
#1764=ORIENTED_EDGE('',*,*,#1299,.T.);
#1765=ORIENTED_EDGE('',*,*,#1298,.F.);
#1766=ORIENTED_EDGE('',*,*,#1246,.F.);
#1767=ORIENTED_EDGE('',*,*,#1300,.F.);
#1768=ORIENTED_EDGE('',*,*,#1217,.T.);
#1769=ORIENTED_EDGE('',*,*,#1245,.T.);
#1770=ORIENTED_EDGE('',*,*,#1301,.T.);
#1771=ORIENTED_EDGE('',*,*,#1218,.T.);
#1772=ORIENTED_EDGE('',*,*,#1300,.T.);
#1773=ORIENTED_EDGE('',*,*,#1301,.F.);
#1774=ORIENTED_EDGE('',*,*,#1244,.F.);
#1775=ORIENTED_EDGE('',*,*,#1302,.F.);
#1776=ORIENTED_EDGE('',*,*,#1219,.T.);
#1777=ORIENTED_EDGE('',*,*,#1243,.T.);
#1778=ORIENTED_EDGE('',*,*,#1303,.T.);
#1779=ORIENTED_EDGE('',*,*,#1220,.T.);
#1780=ORIENTED_EDGE('',*,*,#1302,.T.);
#1781=ORIENTED_EDGE('',*,*,#1303,.F.);
#1782=ORIENTED_EDGE('',*,*,#1242,.F.);
#1783=ORIENTED_EDGE('',*,*,#1304,.F.);
#1784=ORIENTED_EDGE('',*,*,#1205,.T.);
#1785=ORIENTED_EDGE('',*,*,#1241,.T.);
#1786=ORIENTED_EDGE('',*,*,#1305,.T.);
#1787=ORIENTED_EDGE('',*,*,#1206,.T.);
#1788=ORIENTED_EDGE('',*,*,#1304,.T.);
#1789=ORIENTED_EDGE('',*,*,#1305,.F.);
#1790=ORIENTED_EDGE('',*,*,#1240,.F.);
#1791=ORIENTED_EDGE('',*,*,#1306,.F.);
#1792=ORIENTED_EDGE('',*,*,#1207,.T.);
#1793=ORIENTED_EDGE('',*,*,#1239,.T.);
#1794=ORIENTED_EDGE('',*,*,#1307,.T.);
#1795=ORIENTED_EDGE('',*,*,#1208,.T.);
#1796=ORIENTED_EDGE('',*,*,#1306,.T.);
#1797=ORIENTED_EDGE('',*,*,#1307,.F.);
#1798=ORIENTED_EDGE('',*,*,#1238,.F.);
#1799=ORIENTED_EDGE('',*,*,#1308,.F.);
#1800=ORIENTED_EDGE('',*,*,#1209,.T.);
#1801=ORIENTED_EDGE('',*,*,#1237,.T.);
#1802=ORIENTED_EDGE('',*,*,#1309,.T.);
#1803=ORIENTED_EDGE('',*,*,#1210,.T.);
#1804=ORIENTED_EDGE('',*,*,#1308,.T.);
#1805=ORIENTED_EDGE('',*,*,#1309,.F.);
#1806=ORIENTED_EDGE('',*,*,#1236,.F.);
#1807=ORIENTED_EDGE('',*,*,#1310,.F.);
#1808=ORIENTED_EDGE('',*,*,#1211,.T.);
#1809=ORIENTED_EDGE('',*,*,#1235,.T.);
#1810=ORIENTED_EDGE('',*,*,#1311,.T.);
#1811=ORIENTED_EDGE('',*,*,#1212,.T.);
#1812=ORIENTED_EDGE('',*,*,#1310,.T.);
#1813=ORIENTED_EDGE('',*,*,#1311,.F.);
#1814=ORIENTED_EDGE('',*,*,#1234,.F.);
#1815=ORIENTED_EDGE('',*,*,#1312,.F.);
#1816=ORIENTED_EDGE('',*,*,#1213,.T.);
#1817=ORIENTED_EDGE('',*,*,#1233,.T.);
#1818=ORIENTED_EDGE('',*,*,#1313,.T.);
#1819=ORIENTED_EDGE('',*,*,#1214,.T.);
#1820=ORIENTED_EDGE('',*,*,#1312,.T.);
#1821=ORIENTED_EDGE('',*,*,#1299,.F.);
#1822=ORIENTED_EDGE('',*,*,#1215,.T.);
#1823=ORIENTED_EDGE('',*,*,#1313,.F.);
#1824=ORIENTED_EDGE('',*,*,#1232,.F.);
#1825=ORIENTED_EDGE('',*,*,#1274,.T.);
#1826=ORIENTED_EDGE('',*,*,#1314,.F.);
#1827=ORIENTED_EDGE('',*,*,#1315,.F.);
#1828=ORIENTED_EDGE('',*,*,#1272,.F.);
#1829=ORIENTED_EDGE('',*,*,#1270,.F.);
#1830=ORIENTED_EDGE('',*,*,#1267,.T.);
#1831=ORIENTED_EDGE('',*,*,#1316,.F.);
#1832=ORIENTED_EDGE('',*,*,#1226,.T.);
#1833=ORIENTED_EDGE('',*,*,#1230,.F.);
#1834=ORIENTED_EDGE('',*,*,#1317,.F.);
#1835=ORIENTED_EDGE('',*,*,#1318,.F.);
#1836=ORIENTED_EDGE('',*,*,#1319,.F.);
#1837=ORIENTED_EDGE('',*,*,#1320,.F.);
#1838=ORIENTED_EDGE('',*,*,#1290,.T.);
#1839=ORIENTED_EDGE('',*,*,#1321,.F.);
#1840=ORIENTED_EDGE('',*,*,#1288,.T.);
#1841=ORIENTED_EDGE('',*,*,#1286,.F.);
#1842=ORIENTED_EDGE('',*,*,#1284,.F.);
#1843=ORIENTED_EDGE('',*,*,#1322,.F.);
#1844=ORIENTED_EDGE('',*,*,#1281,.F.);
#1845=ORIENTED_EDGE('',*,*,#1279,.T.);
#1846=ORIENTED_EDGE('',*,*,#1277,.F.);
#1847=ORIENTED_EDGE('',*,*,#1273,.F.);
#1848=ORIENTED_EDGE('',*,*,#1315,.T.);
#1849=ORIENTED_EDGE('',*,*,#1323,.T.);
#1850=ORIENTED_EDGE('',*,*,#1251,.F.);
#1851=ORIENTED_EDGE('',*,*,#1316,.T.);
#1852=ORIENTED_EDGE('',*,*,#1269,.T.);
#1853=ORIENTED_EDGE('',*,*,#1247,.F.);
#1854=ORIENTED_EDGE('',*,*,#1227,.F.);
#1855=ORIENTED_EDGE('',*,*,#1317,.T.);
#1856=ORIENTED_EDGE('',*,*,#1229,.T.);
#1857=ORIENTED_EDGE('',*,*,#1266,.F.);
#1858=ORIENTED_EDGE('',*,*,#1324,.F.);
#1859=ORIENTED_EDGE('',*,*,#1318,.T.);
#1860=ORIENTED_EDGE('',*,*,#1324,.T.);
#1861=ORIENTED_EDGE('',*,*,#1265,.F.);
#1862=ORIENTED_EDGE('',*,*,#1325,.F.);
#1863=ORIENTED_EDGE('',*,*,#1319,.T.);
#1864=ORIENTED_EDGE('',*,*,#1325,.T.);
#1865=ORIENTED_EDGE('',*,*,#1264,.F.);
#1866=ORIENTED_EDGE('',*,*,#1326,.F.);
#1867=ORIENTED_EDGE('',*,*,#1291,.F.);
#1868=ORIENTED_EDGE('',*,*,#1320,.T.);
#1869=ORIENTED_EDGE('',*,*,#1326,.T.);
#1870=ORIENTED_EDGE('',*,*,#1263,.F.);
#1871=ORIENTED_EDGE('',*,*,#1321,.T.);
#1872=ORIENTED_EDGE('',*,*,#1292,.T.);
#1873=ORIENTED_EDGE('',*,*,#1261,.F.);
#1874=ORIENTED_EDGE('',*,*,#1289,.F.);
#1875=ORIENTED_EDGE('',*,*,#1283,.F.);
#1876=ORIENTED_EDGE('',*,*,#1257,.F.);
#1877=ORIENTED_EDGE('',*,*,#1282,.F.);
#1878=ORIENTED_EDGE('',*,*,#1322,.T.);
#1879=ORIENTED_EDGE('',*,*,#1276,.F.);
#1880=ORIENTED_EDGE('',*,*,#1252,.F.);
#1881=ORIENTED_EDGE('',*,*,#1323,.F.);
#1882=ORIENTED_EDGE('',*,*,#1314,.T.);
#1883=ORIENTED_EDGE('',*,*,#1327,.T.);
#1884=ORIENTED_EDGE('',*,*,#1328,.T.);
#1885=ORIENTED_EDGE('',*,*,#1329,.T.);
#1886=ORIENTED_EDGE('',*,*,#1330,.T.);
#1887=ORIENTED_EDGE('',*,*,#1327,.F.);
#1888=ORIENTED_EDGE('',*,*,#1331,.T.);
#1889=ORIENTED_EDGE('',*,*,#1332,.T.);
#1890=ORIENTED_EDGE('',*,*,#1333,.T.);
#1891=ORIENTED_EDGE('',*,*,#1334,.T.);
#1892=ORIENTED_EDGE('',*,*,#1335,.T.);
#1893=ORIENTED_EDGE('',*,*,#1332,.F.);
#1894=ORIENTED_EDGE('',*,*,#1336,.T.);
#1895=ORIENTED_EDGE('',*,*,#1334,.F.);
#1896=ORIENTED_EDGE('',*,*,#1337,.T.);
#1897=ORIENTED_EDGE('',*,*,#1338,.T.);
#1898=ORIENTED_EDGE('',*,*,#1339,.T.);
#1899=ORIENTED_EDGE('',*,*,#1340,.T.);
#1900=ORIENTED_EDGE('',*,*,#1341,.T.);
#1901=ORIENTED_EDGE('',*,*,#1338,.F.);
#1902=ORIENTED_EDGE('',*,*,#1342,.T.);
#1903=ORIENTED_EDGE('',*,*,#1340,.F.);
#1904=ORIENTED_EDGE('',*,*,#1343,.T.);
#1905=ORIENTED_EDGE('',*,*,#1344,.T.);
#1906=ORIENTED_EDGE('',*,*,#1345,.T.);
#1907=ORIENTED_EDGE('',*,*,#1346,.T.);
#1908=ORIENTED_EDGE('',*,*,#1347,.T.);
#1909=ORIENTED_EDGE('',*,*,#1344,.F.);
#1910=ORIENTED_EDGE('',*,*,#1348,.T.);
#1911=ORIENTED_EDGE('',*,*,#1346,.F.);
#1912=ORIENTED_EDGE('',*,*,#1349,.T.);
#1913=ORIENTED_EDGE('',*,*,#1350,.T.);
#1914=ORIENTED_EDGE('',*,*,#1351,.T.);
#1915=ORIENTED_EDGE('',*,*,#1352,.T.);
#1916=ORIENTED_EDGE('',*,*,#1353,.T.);
#1917=ORIENTED_EDGE('',*,*,#1350,.F.);
#1918=ORIENTED_EDGE('',*,*,#1354,.T.);
#1919=ORIENTED_EDGE('',*,*,#1352,.F.);
#1920=ORIENTED_EDGE('',*,*,#1355,.T.);
#1921=ORIENTED_EDGE('',*,*,#1356,.T.);
#1922=ORIENTED_EDGE('',*,*,#1357,.T.);
#1923=ORIENTED_EDGE('',*,*,#1358,.T.);
#1924=ORIENTED_EDGE('',*,*,#1359,.T.);
#1925=ORIENTED_EDGE('',*,*,#1356,.F.);
#1926=ORIENTED_EDGE('',*,*,#1360,.T.);
#1927=ORIENTED_EDGE('',*,*,#1358,.F.);
#1928=ORIENTED_EDGE('',*,*,#1361,.T.);
#1929=ORIENTED_EDGE('',*,*,#1362,.T.);
#1930=ORIENTED_EDGE('',*,*,#1363,.T.);
#1931=ORIENTED_EDGE('',*,*,#1364,.T.);
#1932=ORIENTED_EDGE('',*,*,#1365,.T.);
#1933=ORIENTED_EDGE('',*,*,#1362,.F.);
#1934=ORIENTED_EDGE('',*,*,#1366,.T.);
#1935=ORIENTED_EDGE('',*,*,#1364,.F.);
#1936=ORIENTED_EDGE('',*,*,#1367,.T.);
#1937=ORIENTED_EDGE('',*,*,#1368,.T.);
#1938=ORIENTED_EDGE('',*,*,#1369,.T.);
#1939=ORIENTED_EDGE('',*,*,#1370,.T.);
#1940=ORIENTED_EDGE('',*,*,#1371,.T.);
#1941=ORIENTED_EDGE('',*,*,#1368,.F.);
#1942=ORIENTED_EDGE('',*,*,#1372,.T.);
#1943=ORIENTED_EDGE('',*,*,#1370,.F.);
#1944=ORIENTED_EDGE('',*,*,#1373,.T.);
#1945=ORIENTED_EDGE('',*,*,#1329,.F.);
#1946=ORIENTED_EDGE('',*,*,#1374,.T.);
#1947=ORIENTED_EDGE('',*,*,#1349,.F.);
#1948=ORIENTED_EDGE('',*,*,#1375,.T.);
#1949=ORIENTED_EDGE('',*,*,#1376,.T.);
#1950=ORIENTED_EDGE('',*,*,#1377,.T.);
#1951=ORIENTED_EDGE('',*,*,#1348,.F.);
#1952=ORIENTED_EDGE('',*,*,#1378,.F.);
#1953=ORIENTED_EDGE('',*,*,#1379,.T.);
#1954=ORIENTED_EDGE('',*,*,#1375,.F.);
#1955=ORIENTED_EDGE('',*,*,#1343,.F.);
#1956=ORIENTED_EDGE('',*,*,#1380,.T.);
#1957=ORIENTED_EDGE('',*,*,#1381,.T.);
#1958=ORIENTED_EDGE('',*,*,#1378,.T.);
#1959=ORIENTED_EDGE('',*,*,#1342,.F.);
#1960=ORIENTED_EDGE('',*,*,#1382,.F.);
#1961=ORIENTED_EDGE('',*,*,#1383,.T.);
#1962=ORIENTED_EDGE('',*,*,#1380,.F.);
#1963=ORIENTED_EDGE('',*,*,#1337,.F.);
#1964=ORIENTED_EDGE('',*,*,#1384,.T.);
#1965=ORIENTED_EDGE('',*,*,#1385,.T.);
#1966=ORIENTED_EDGE('',*,*,#1382,.T.);
#1967=ORIENTED_EDGE('',*,*,#1336,.F.);
#1968=ORIENTED_EDGE('',*,*,#1386,.F.);
#1969=ORIENTED_EDGE('',*,*,#1387,.T.);
#1970=ORIENTED_EDGE('',*,*,#1384,.F.);
#1971=ORIENTED_EDGE('',*,*,#1331,.F.);
#1972=ORIENTED_EDGE('',*,*,#1388,.T.);
#1973=ORIENTED_EDGE('',*,*,#1389,.T.);
#1974=ORIENTED_EDGE('',*,*,#1386,.T.);
#1975=ORIENTED_EDGE('',*,*,#1330,.F.);
#1976=ORIENTED_EDGE('',*,*,#1390,.F.);
#1977=ORIENTED_EDGE('',*,*,#1391,.T.);
#1978=ORIENTED_EDGE('',*,*,#1388,.F.);
#1979=ORIENTED_EDGE('',*,*,#1328,.F.);
#1980=ORIENTED_EDGE('',*,*,#1333,.F.);
#1981=ORIENTED_EDGE('',*,*,#1335,.F.);
#1982=ORIENTED_EDGE('',*,*,#1339,.F.);
#1983=ORIENTED_EDGE('',*,*,#1341,.F.);
#1984=ORIENTED_EDGE('',*,*,#1345,.F.);
#1985=ORIENTED_EDGE('',*,*,#1347,.F.);
#1986=ORIENTED_EDGE('',*,*,#1351,.F.);
#1987=ORIENTED_EDGE('',*,*,#1353,.F.);
#1988=ORIENTED_EDGE('',*,*,#1357,.F.);
#1989=ORIENTED_EDGE('',*,*,#1359,.F.);
#1990=ORIENTED_EDGE('',*,*,#1363,.F.);
#1991=ORIENTED_EDGE('',*,*,#1365,.F.);
#1992=ORIENTED_EDGE('',*,*,#1369,.F.);
#1993=ORIENTED_EDGE('',*,*,#1371,.F.);
#1994=ORIENTED_EDGE('',*,*,#1374,.F.);
#1995=ORIENTED_EDGE('',*,*,#1355,.F.);
#1996=ORIENTED_EDGE('',*,*,#1392,.T.);
#1997=ORIENTED_EDGE('',*,*,#1393,.T.);
#1998=ORIENTED_EDGE('',*,*,#1394,.T.);
#1999=ORIENTED_EDGE('',*,*,#1360,.F.);
#2000=ORIENTED_EDGE('',*,*,#1394,.F.);
#2001=ORIENTED_EDGE('',*,*,#1395,.T.);
#2002=ORIENTED_EDGE('',*,*,#1396,.F.);
#2003=ORIENTED_EDGE('',*,*,#1361,.F.);
#2004=ORIENTED_EDGE('',*,*,#1396,.T.);
#2005=ORIENTED_EDGE('',*,*,#1397,.T.);
#2006=ORIENTED_EDGE('',*,*,#1398,.T.);
#2007=ORIENTED_EDGE('',*,*,#1367,.F.);
#2008=ORIENTED_EDGE('',*,*,#1399,.T.);
#2009=ORIENTED_EDGE('',*,*,#1400,.T.);
#2010=ORIENTED_EDGE('',*,*,#1401,.T.);
#2011=ORIENTED_EDGE('',*,*,#1372,.F.);
#2012=ORIENTED_EDGE('',*,*,#1401,.F.);
#2013=ORIENTED_EDGE('',*,*,#1402,.T.);
#2014=ORIENTED_EDGE('',*,*,#1403,.F.);
#2015=ORIENTED_EDGE('',*,*,#1373,.F.);
#2016=ORIENTED_EDGE('',*,*,#1403,.T.);
#2017=ORIENTED_EDGE('',*,*,#1404,.T.);
#2018=ORIENTED_EDGE('',*,*,#1390,.T.);
#2019=ORIENTED_EDGE('',*,*,#1405,.T.);
#2020=ORIENTED_EDGE('',*,*,#1406,.T.);
#2021=ORIENTED_EDGE('',*,*,#1407,.T.);
#2022=ORIENTED_EDGE('',*,*,#1408,.T.);
#2023=ORIENTED_EDGE('',*,*,#1409,.T.);
#2024=ORIENTED_EDGE('',*,*,#1410,.T.);
#2025=ORIENTED_EDGE('',*,*,#1411,.T.);
#2026=ORIENTED_EDGE('',*,*,#1412,.T.);
#2027=ORIENTED_EDGE('',*,*,#1413,.T.);
#2028=ORIENTED_EDGE('',*,*,#1414,.T.);
#2029=ORIENTED_EDGE('',*,*,#1405,.F.);
#2030=ORIENTED_EDGE('',*,*,#1415,.F.);
#2031=ORIENTED_EDGE('',*,*,#1416,.T.);
#2032=ORIENTED_EDGE('',*,*,#1415,.T.);
#2033=ORIENTED_EDGE('',*,*,#1412,.F.);
#2034=ORIENTED_EDGE('',*,*,#1417,.F.);
#2035=ORIENTED_EDGE('',*,*,#1418,.T.);
#2036=ORIENTED_EDGE('',*,*,#1417,.T.);
#2037=ORIENTED_EDGE('',*,*,#1411,.F.);
#2038=ORIENTED_EDGE('',*,*,#1419,.F.);
#2039=ORIENTED_EDGE('',*,*,#1420,.T.);
#2040=ORIENTED_EDGE('',*,*,#1419,.T.);
#2041=ORIENTED_EDGE('',*,*,#1410,.F.);
#2042=ORIENTED_EDGE('',*,*,#1421,.F.);
#2043=ORIENTED_EDGE('',*,*,#1422,.T.);
#2044=ORIENTED_EDGE('',*,*,#1421,.T.);
#2045=ORIENTED_EDGE('',*,*,#1409,.F.);
#2046=ORIENTED_EDGE('',*,*,#1423,.F.);
#2047=ORIENTED_EDGE('',*,*,#1424,.T.);
#2048=ORIENTED_EDGE('',*,*,#1423,.T.);
#2049=ORIENTED_EDGE('',*,*,#1408,.F.);
#2050=ORIENTED_EDGE('',*,*,#1425,.F.);
#2051=ORIENTED_EDGE('',*,*,#1426,.T.);
#2052=ORIENTED_EDGE('',*,*,#1425,.T.);
#2053=ORIENTED_EDGE('',*,*,#1407,.F.);
#2054=ORIENTED_EDGE('',*,*,#1427,.F.);
#2055=ORIENTED_EDGE('',*,*,#1428,.T.);
#2056=ORIENTED_EDGE('',*,*,#1427,.T.);
#2057=ORIENTED_EDGE('',*,*,#1406,.F.);
#2058=ORIENTED_EDGE('',*,*,#1414,.F.);
#2059=ORIENTED_EDGE('',*,*,#1366,.F.);
#2060=ORIENTED_EDGE('',*,*,#1398,.F.);
#2061=ORIENTED_EDGE('',*,*,#1429,.T.);
#2062=ORIENTED_EDGE('',*,*,#1399,.F.);
#2063=ORIENTED_EDGE('',*,*,#1354,.F.);
#2064=ORIENTED_EDGE('',*,*,#1377,.F.);
#2065=ORIENTED_EDGE('',*,*,#1430,.T.);
#2066=ORIENTED_EDGE('',*,*,#1392,.F.);
#2067=ORIENTED_EDGE('',*,*,#1389,.F.);
#2068=ORIENTED_EDGE('',*,*,#1391,.F.);
#2069=ORIENTED_EDGE('',*,*,#1404,.F.);
#2070=ORIENTED_EDGE('',*,*,#1402,.F.);
#2071=ORIENTED_EDGE('',*,*,#1400,.F.);
#2072=ORIENTED_EDGE('',*,*,#1429,.F.);
#2073=ORIENTED_EDGE('',*,*,#1397,.F.);
#2074=ORIENTED_EDGE('',*,*,#1395,.F.);
#2075=ORIENTED_EDGE('',*,*,#1393,.F.);
#2076=ORIENTED_EDGE('',*,*,#1430,.F.);
#2077=ORIENTED_EDGE('',*,*,#1376,.F.);
#2078=ORIENTED_EDGE('',*,*,#1379,.F.);
#2079=ORIENTED_EDGE('',*,*,#1381,.F.);
#2080=ORIENTED_EDGE('',*,*,#1383,.F.);
#2081=ORIENTED_EDGE('',*,*,#1385,.F.);
#2082=ORIENTED_EDGE('',*,*,#1387,.F.);
#2083=ORIENTED_EDGE('',*,*,#1428,.F.);
#2084=ORIENTED_EDGE('',*,*,#1413,.F.);
#2085=ORIENTED_EDGE('',*,*,#1416,.F.);
#2086=ORIENTED_EDGE('',*,*,#1418,.F.);
#2087=ORIENTED_EDGE('',*,*,#1420,.F.);
#2088=ORIENTED_EDGE('',*,*,#1422,.F.);
#2089=ORIENTED_EDGE('',*,*,#1424,.F.);
#2090=ORIENTED_EDGE('',*,*,#1426,.F.);
#2091=PLANE('',#2309);
#2092=PLANE('',#2313);
#2093=PLANE('',#2317);
#2094=PLANE('',#2321);
#2095=PLANE('',#2325);
#2096=PLANE('',#2329);
#2097=PLANE('',#2333);
#2098=PLANE('',#2337);
#2099=PLANE('',#2343);
#2100=PLANE('',#2346);
#2101=PLANE('',#2349);
#2102=PLANE('',#2352);
#2103=PLANE('',#2353);
#2104=PLANE('',#2358);
#2105=PLANE('',#2361);
#2106=PLANE('',#2379);
#2107=PLANE('',#2380);
#2108=PLANE('',#2398);
#2109=PLANE('',#2403);
#2110=PLANE('',#2406);
#2111=PLANE('',#2409);
#2112=PLANE('',#2415);
#2113=PLANE('',#2417);
#2114=PLANE('',#2419);
#2115=PLANE('',#2422);
#2116=PLANE('',#2424);
#2117=PLANE('',#2426);
#2118=PLANE('',#2428);
#2119=PLANE('',#2430);
#2120=PLANE('',#2432);
#2121=PLANE('',#2434);
#2122=PLANE('',#2436);
#2123=PLANE('',#2437);
#2124=PLANE('',#2438);
#2125=PLANE('',#2439);
#2126=PLANE('',#2440);
#2127=PLANE('',#2441);
#2128=PLANE('',#2442);
#2129=PLANE('',#2443);
#2130=PLANE('',#2444);
#2131=PLANE('',#2445);
#2132=PLANE('',#2446);
#2133=PLANE('',#2447);
#2134=PLANE('',#2451);
#2135=PLANE('',#2455);
#2136=PLANE('',#2459);
#2137=PLANE('',#2463);
#2138=PLANE('',#2467);
#2139=PLANE('',#2471);
#2140=PLANE('',#2475);
#2141=PLANE('',#2481);
#2142=PLANE('',#2484);
#2143=PLANE('',#2487);
#2144=PLANE('',#2490);
#2145=PLANE('',#2491);
#2146=PLANE('',#2494);
#2147=PLANE('',#2499);
#2148=PLANE('',#2502);
#2149=PLANE('',#2503);
#2150=PLANE('',#2504);
#2151=PLANE('',#2505);
#2152=PLANE('',#2506);
#2153=PLANE('',#2507);
#2154=PLANE('',#2508);
#2155=PLANE('',#2509);
#2156=PLANE('',#2510);
#2157=PLANE('',#2511);
#2158=PLANE('',#2512);
#2159=PLANE('',#2513);
#2160=ADVANCED_FACE('',(#176),#2091,.T.);
#2161=ADVANCED_FACE('',(#177),#160,.T.);
#2162=ADVANCED_FACE('',(#178),#2092,.T.);
#2163=ADVANCED_FACE('',(#179),#161,.T.);
#2164=ADVANCED_FACE('',(#180),#2093,.T.);
#2165=ADVANCED_FACE('',(#181),#162,.T.);
#2166=ADVANCED_FACE('',(#182),#2094,.T.);
#2167=ADVANCED_FACE('',(#183),#163,.T.);
#2168=ADVANCED_FACE('',(#184),#2095,.T.);
#2169=ADVANCED_FACE('',(#185),#164,.T.);
#2170=ADVANCED_FACE('',(#186),#2096,.T.);
#2171=ADVANCED_FACE('',(#187),#165,.T.);
#2172=ADVANCED_FACE('',(#188),#2097,.T.);
#2173=ADVANCED_FACE('',(#189),#166,.T.);
#2174=ADVANCED_FACE('',(#190),#2098,.T.);
#2175=ADVANCED_FACE('',(#191),#167,.T.);
#2176=ADVANCED_FACE('',(#192),#48,.T.);
#2177=ADVANCED_FACE('',(#193),#2099,.T.);
#2178=ADVANCED_FACE('',(#194),#49,.T.);
#2179=ADVANCED_FACE('',(#195),#2100,.T.);
#2180=ADVANCED_FACE('',(#196),#50,.T.);
#2181=ADVANCED_FACE('',(#197),#2101,.T.);
#2182=ADVANCED_FACE('',(#198),#51,.T.);
#2183=ADVANCED_FACE('',(#199),#2102,.T.);
#2184=ADVANCED_FACE('',(#200),#2103,.T.);
#2185=ADVANCED_FACE('',(#201),#32,.F.);
#2186=ADVANCED_FACE('',(#202),#20,.F.);
#2187=ADVANCED_FACE('',(#203),#33,.F.);
#2188=ADVANCED_FACE('',(#204),#21,.T.);
#2189=ADVANCED_FACE('',(#205),#2104,.T.);
#2190=ADVANCED_FACE('',(#206),#34,.F.);
#2191=ADVANCED_FACE('',(#207),#22,.F.);
#2192=ADVANCED_FACE('',(#208,#17),#2105,.T.);
#2193=ADVANCED_FACE('',(#209),#35,.F.);
#2194=ADVANCED_FACE('',(#210),#23,.T.);
#2195=ADVANCED_FACE('',(#211),#52,.T.);
#2196=ADVANCED_FACE('',(#212),#2106,.T.);
#2197=ADVANCED_FACE('',(#213,#18),#2107,.T.);
#2198=ADVANCED_FACE('',(#214),#53,.T.);
#2199=ADVANCED_FACE('',(#215),#2108,.T.);
#2200=ADVANCED_FACE('',(#216),#54,.T.);
#2201=ADVANCED_FACE('',(#217),#55,.F.);
#2202=ADVANCED_FACE('',(#218),#2109,.T.);
#2203=ADVANCED_FACE('',(#219),#56,.F.);
#2204=ADVANCED_FACE('',(#220),#2110,.T.);
#2205=ADVANCED_FACE('',(#221),#57,.T.);
#2206=ADVANCED_FACE('',(#222),#2111,.T.);
#2207=ADVANCED_FACE('',(#223),#58,.T.);
#2208=ADVANCED_FACE('',(#224),#59,.T.);
#2209=ADVANCED_FACE('',(#225),#60,.T.);
#2210=ADVANCED_FACE('',(#226),#2112,.T.);
#2211=ADVANCED_FACE('',(#227),#61,.T.);
#2212=ADVANCED_FACE('',(#228),#2113,.T.);
#2213=ADVANCED_FACE('',(#229),#62,.T.);
#2214=ADVANCED_FACE('',(#230),#2114,.T.);
#2215=ADVANCED_FACE('',(#231),#63,.T.);
#2216=ADVANCED_FACE('',(#232),#64,.T.);
#2217=ADVANCED_FACE('',(#233),#2115,.F.);
#2218=ADVANCED_FACE('',(#234),#65,.T.);
#2219=ADVANCED_FACE('',(#235),#2116,.T.);
#2220=ADVANCED_FACE('',(#236),#66,.T.);
#2221=ADVANCED_FACE('',(#237),#2117,.F.);
#2222=ADVANCED_FACE('',(#238),#67,.T.);
#2223=ADVANCED_FACE('',(#239),#2118,.T.);
#2224=ADVANCED_FACE('',(#240),#68,.T.);
#2225=ADVANCED_FACE('',(#241),#2119,.F.);
#2226=ADVANCED_FACE('',(#242),#69,.T.);
#2227=ADVANCED_FACE('',(#243),#2120,.T.);
#2228=ADVANCED_FACE('',(#244),#70,.T.);
#2229=ADVANCED_FACE('',(#245),#2121,.F.);
#2230=ADVANCED_FACE('',(#246),#71,.T.);
#2231=ADVANCED_FACE('',(#247),#2122,.T.);
#2232=ADVANCED_FACE('',(#248),#2123,.F.);
#2233=ADVANCED_FACE('',(#249),#2124,.T.);
#2234=ADVANCED_FACE('',(#250),#2125,.T.);
#2235=ADVANCED_FACE('',(#251),#2126,.T.);
#2236=ADVANCED_FACE('',(#252),#2127,.T.);
#2237=ADVANCED_FACE('',(#253),#2128,.T.);
#2238=ADVANCED_FACE('',(#254),#2129,.T.);
#2239=ADVANCED_FACE('',(#255),#2130,.T.);
#2240=ADVANCED_FACE('',(#256),#2131,.T.);
#2241=ADVANCED_FACE('',(#257),#2132,.T.);
#2242=ADVANCED_FACE('',(#258),#2133,.T.);
#2243=ADVANCED_FACE('',(#259),#168,.T.);
#2244=ADVANCED_FACE('',(#260),#2134,.T.);
#2245=ADVANCED_FACE('',(#261),#169,.T.);
#2246=ADVANCED_FACE('',(#262),#2135,.T.);
#2247=ADVANCED_FACE('',(#263),#170,.T.);
#2248=ADVANCED_FACE('',(#264),#2136,.T.);
#2249=ADVANCED_FACE('',(#265),#171,.T.);
#2250=ADVANCED_FACE('',(#266),#2137,.T.);
#2251=ADVANCED_FACE('',(#267),#172,.T.);
#2252=ADVANCED_FACE('',(#268),#2138,.T.);
#2253=ADVANCED_FACE('',(#269),#173,.T.);
#2254=ADVANCED_FACE('',(#270),#2139,.T.);
#2255=ADVANCED_FACE('',(#271),#174,.T.);
#2256=ADVANCED_FACE('',(#272),#2140,.T.);
#2257=ADVANCED_FACE('',(#273),#175,.T.);
#2258=ADVANCED_FACE('',(#274),#72,.T.);
#2259=ADVANCED_FACE('',(#275),#2141,.T.);
#2260=ADVANCED_FACE('',(#276),#73,.T.);
#2261=ADVANCED_FACE('',(#277),#2142,.T.);
#2262=ADVANCED_FACE('',(#278),#74,.T.);
#2263=ADVANCED_FACE('',(#279),#2143,.T.);
#2264=ADVANCED_FACE('',(#280),#75,.T.);
#2265=ADVANCED_FACE('',(#281),#2144,.T.);
#2266=ADVANCED_FACE('',(#282),#2145,.T.);
#2267=ADVANCED_FACE('',(#283),#76,.T.);
#2268=ADVANCED_FACE('',(#284),#2146,.T.);
#2269=ADVANCED_FACE('',(#285),#77,.T.);
#2270=ADVANCED_FACE('',(#286),#78,.T.);
#2271=ADVANCED_FACE('',(#287),#2147,.T.);
#2272=ADVANCED_FACE('',(#288),#79,.T.);
#2273=ADVANCED_FACE('',(#289),#2148,.F.);
#2274=ADVANCED_FACE('',(#290),#2149,.T.);
#2275=ADVANCED_FACE('',(#291),#2150,.T.);
#2276=ADVANCED_FACE('',(#292),#2151,.T.);
#2277=ADVANCED_FACE('',(#293),#2152,.T.);
#2278=ADVANCED_FACE('',(#294),#2153,.T.);
#2279=ADVANCED_FACE('',(#295),#2154,.T.);
#2280=ADVANCED_FACE('',(#296),#2155,.T.);
#2281=ADVANCED_FACE('',(#297),#2156,.T.);
#2282=ADVANCED_FACE('',(#298),#2157,.T.);
#2283=ADVANCED_FACE('',(#299),#2158,.T.);
#2284=ADVANCED_FACE('',(#300,#19),#2159,.F.);
#2285=CLOSED_SHELL('',(#2160,#2161,#2162,#2163,#2164,#2165,#2166,#2167,
#2168,#2169,#2170,#2171,#2172,#2173,#2174,#2175,#2176,#2177,#2178,#2179,
#2180,#2181,#2182,#2183,#2184,#2185,#2186,#2187,#2188,#2189,#2190,#2191,
#2192,#2193,#2194,#2195,#2196,#2197,#2198,#2199,#2200,#2201,#2202,#2203,
#2204,#2205,#2206,#2207,#2208,#2209,#2210,#2211,#2212,#2213,#2214,#2215,
#2216,#2217,#2218,#2219,#2220,#2221,#2222,#2223,#2224,#2225,#2226,#2227,
#2228,#2229,#2230,#2231,#2232,#2233,#2234,#2235,#2236,#2237,#2238,#2239,
#2240,#2241));
#2286=CLOSED_SHELL('',(#2242,#2243,#2244,#2245,#2246,#2247,#2248,#2249,
#2250,#2251,#2252,#2253,#2254,#2255,#2256,#2257,#2258,#2259,#2260,#2261,
#2262,#2263,#2264,#2265,#2266,#2267,#2268,#2269,#2270,#2271,#2272,#2273,
#2274,#2275,#2276,#2277,#2278,#2279,#2280,#2281,#2282,#2283,#2284));
#2287=DERIVED_UNIT_ELEMENT(#2290,1.);
#2288=DERIVED_UNIT_ELEMENT(#4541,-3.);
#2289=DIMENSIONAL_EXPONENTS(0.,1.,0.,0.,0.,0.,0.);
#2290=(
CONVERSION_BASED_UNIT('gram',#2292)
MASS_UNIT()
NAMED_UNIT(#2289)
);
#2291=(
MASS_UNIT()
NAMED_UNIT(*)
SI_UNIT(.KILO.,.GRAM.)
);
#2292=MASS_MEASURE_WITH_UNIT(MASS_MEASURE(0.001),#2291);
#2293=DERIVED_UNIT((#2287,#2288));
#2294=MEASURE_REPRESENTATION_ITEM('density measure',
POSITIVE_RATIO_MEASURE(1.),#2293);
#2295=PROPERTY_DEFINITION_REPRESENTATION(#2300,#2297);
#2296=PROPERTY_DEFINITION_REPRESENTATION(#2301,#2298);
#2297=REPRESENTATION('material name',(#2299),#4538);
#2298=REPRESENTATION('density',(#2294),#4538);
#2299=DESCRIPTIVE_REPRESENTATION_ITEM('Generic','Generic');
#2300=PROPERTY_DEFINITION('material property','material name',#4548);
#2301=PROPERTY_DEFINITION('material property','density of part',#4548);
#2302=DATE_TIME_ROLE('creation_date');
#2303=APPLIED_DATE_AND_TIME_ASSIGNMENT(#2304,#2302,(#4548));
#2304=DATE_AND_TIME(#2305,#2306);
#2305=CALENDAR_DATE(2025,18,8);
#2306=LOCAL_TIME(0,0,0.,#2307);
#2307=COORDINATED_UNIVERSAL_TIME_OFFSET(0,0,.BEHIND.);
#2308=AXIS2_PLACEMENT_3D('',#3156,#2514,#2515);
#2309=AXIS2_PLACEMENT_3D('',#3157,#2516,#2517);
#2310=AXIS2_PLACEMENT_3D('',#3166,#2522,#2523);
#2311=AXIS2_PLACEMENT_3D('',#3168,#2524,#2525);
#2312=AXIS2_PLACEMENT_3D('',#3171,#2527,#2528);
#2313=AXIS2_PLACEMENT_3D('',#3172,#2529,#2530);
#2314=AXIS2_PLACEMENT_3D('',#3178,#2534,#2535);
#2315=AXIS2_PLACEMENT_3D('',#3180,#2536,#2537);
#2316=AXIS2_PLACEMENT_3D('',#3183,#2539,#2540);
#2317=AXIS2_PLACEMENT_3D('',#3184,#2541,#2542);
#2318=AXIS2_PLACEMENT_3D('',#3190,#2546,#2547);
#2319=AXIS2_PLACEMENT_3D('',#3192,#2548,#2549);
#2320=AXIS2_PLACEMENT_3D('',#3195,#2551,#2552);
#2321=AXIS2_PLACEMENT_3D('',#3196,#2553,#2554);
#2322=AXIS2_PLACEMENT_3D('',#3202,#2558,#2559);
#2323=AXIS2_PLACEMENT_3D('',#3204,#2560,#2561);
#2324=AXIS2_PLACEMENT_3D('',#3207,#2563,#2564);
#2325=AXIS2_PLACEMENT_3D('',#3208,#2565,#2566);
#2326=AXIS2_PLACEMENT_3D('',#3214,#2570,#2571);
#2327=AXIS2_PLACEMENT_3D('',#3216,#2572,#2573);
#2328=AXIS2_PLACEMENT_3D('',#3219,#2575,#2576);
#2329=AXIS2_PLACEMENT_3D('',#3220,#2577,#2578);
#2330=AXIS2_PLACEMENT_3D('',#3226,#2582,#2583);
#2331=AXIS2_PLACEMENT_3D('',#3228,#2584,#2585);
#2332=AXIS2_PLACEMENT_3D('',#3231,#2587,#2588);
#2333=AXIS2_PLACEMENT_3D('',#3232,#2589,#2590);
#2334=AXIS2_PLACEMENT_3D('',#3238,#2594,#2595);
#2335=AXIS2_PLACEMENT_3D('',#3240,#2596,#2597);
#2336=AXIS2_PLACEMENT_3D('',#3243,#2599,#2600);
#2337=AXIS2_PLACEMENT_3D('',#3244,#2601,#2602);
#2338=AXIS2_PLACEMENT_3D('',#3250,#2606,#2607);
#2339=AXIS2_PLACEMENT_3D('',#3251,#2608,#2609);
#2340=AXIS2_PLACEMENT_3D('',#3252,#2610,#2611);
#2341=AXIS2_PLACEMENT_3D('',#3253,#2612,#2613);
#2342=AXIS2_PLACEMENT_3D('',#3257,#2615,#2616);
#2343=AXIS2_PLACEMENT_3D('',#3259,#2618,#2619);
#2344=AXIS2_PLACEMENT_3D('',#3263,#2622,#2623);
#2345=AXIS2_PLACEMENT_3D('',#3266,#2625,#2626);
#2346=AXIS2_PLACEMENT_3D('',#3267,#2627,#2628);
#2347=AXIS2_PLACEMENT_3D('',#3271,#2631,#2632);
#2348=AXIS2_PLACEMENT_3D('',#3274,#2634,#2635);
#2349=AXIS2_PLACEMENT_3D('',#3275,#2636,#2637);
#2350=AXIS2_PLACEMENT_3D('',#3327,#2646,#2647);
#2351=AXIS2_PLACEMENT_3D('',#3330,#2649,#2650);
#2352=AXIS2_PLACEMENT_3D('',#3331,#2651,#2652);
#2353=AXIS2_PLACEMENT_3D('',#3335,#2655,#2656);
#2354=AXIS2_PLACEMENT_3D('',#3494,#2657,#2658);
#2355=AXIS2_PLACEMENT_3D('',#3505,#2659,#2660);
#2356=AXIS2_PLACEMENT_3D('',#3683,#2661,#2662);
#2357=AXIS2_PLACEMENT_3D('',#3696,#2663,#2664);
#2358=AXIS2_PLACEMENT_3D('',#3699,#2667,#2668);
#2359=AXIS2_PLACEMENT_3D('',#3888,#2676,#2677);
#2360=AXIS2_PLACEMENT_3D('',#3899,#2678,#2679);
#2361=AXIS2_PLACEMENT_3D('',#3900,#2680,#2681);
#2362=AXIS2_PLACEMENT_3D('',#3902,#2682,#2683);
#2363=AXIS2_PLACEMENT_3D('',#3906,#2685,#2686);
#2364=AXIS2_PLACEMENT_3D('',#3909,#2688,#2689);
#2365=AXIS2_PLACEMENT_3D('',#3911,#2690,#2691);
#2366=AXIS2_PLACEMENT_3D('',#3913,#2693,#2694);
#2367=AXIS2_PLACEMENT_3D('',#3918,#2696,#2697);
#2368=AXIS2_PLACEMENT_3D('',#3922,#2699,#2700);
#2369=AXIS2_PLACEMENT_3D('',#3926,#2702,#2703);
#2370=AXIS2_PLACEMENT_3D('',#3930,#2705,#2706);
#2371=AXIS2_PLACEMENT_3D('',#3934,#2708,#2709);
#2372=AXIS2_PLACEMENT_3D('',#3938,#2711,#2712);
#2373=AXIS2_PLACEMENT_3D('',#3942,#2714,#2715);
#2374=AXIS2_PLACEMENT_3D('',#3945,#2717,#2718);
#2375=AXIS2_PLACEMENT_3D('',#4104,#2719,#2720);
#2376=AXIS2_PLACEMENT_3D('',#4115,#2721,#2722);
#2377=AXIS2_PLACEMENT_3D('',#4118,#2723,#2724);
#2378=AXIS2_PLACEMENT_3D('',#4122,#2726,#2727);
#2379=AXIS2_PLACEMENT_3D('',#4124,#2729,#2730);
#2380=AXIS2_PLACEMENT_3D('',#4130,#2734,#2735);
#2381=AXIS2_PLACEMENT_3D('',#4133,#2736,#2737);
#2382=AXIS2_PLACEMENT_3D('',#4137,#2739,#2740);
#2383=AXIS2_PLACEMENT_3D('',#4141,#2742,#2743);
#2384=AXIS2_PLACEMENT_3D('',#4145,#2745,#2746);
#2385=AXIS2_PLACEMENT_3D('',#4149,#2748,#2749);
#2386=AXIS2_PLACEMENT_3D('',#4153,#2751,#2752);
#2387=AXIS2_PLACEMENT_3D('',#4157,#2754,#2755);
#2388=AXIS2_PLACEMENT_3D('',#4161,#2757,#2758);
#2389=AXIS2_PLACEMENT_3D('',#4166,#2761,#2762);
#2390=AXIS2_PLACEMENT_3D('',#4170,#2764,#2765);
#2391=AXIS2_PLACEMENT_3D('',#4176,#2768,#2769);
#2392=AXIS2_PLACEMENT_3D('',#4180,#2771,#2772);
#2393=AXIS2_PLACEMENT_3D('',#4186,#2775,#2776);
#2394=AXIS2_PLACEMENT_3D('',#4190,#2778,#2779);
#2395=AXIS2_PLACEMENT_3D('',#4194,#2781,#2782);
#2396=AXIS2_PLACEMENT_3D('',#4202,#2787,#2788);
#2397=AXIS2_PLACEMENT_3D('',#4205,#2789,#2790);
#2398=AXIS2_PLACEMENT_3D('',#4208,#2793,#2794);
#2399=AXIS2_PLACEMENT_3D('',#4212,#2797,#2798);
#2400=AXIS2_PLACEMENT_3D('',#4214,#2799,#2800);
#2401=AXIS2_PLACEMENT_3D('',#4216,#2802,#2803);
#2402=AXIS2_PLACEMENT_3D('',#4219,#2804,#2805);
#2403=AXIS2_PLACEMENT_3D('',#4222,#2808,#2809);
#2404=AXIS2_PLACEMENT_3D('',#4226,#2812,#2813);
#2405=AXIS2_PLACEMENT_3D('',#4228,#2814,#2815);
#2406=AXIS2_PLACEMENT_3D('',#4230,#2817,#2818);
#2407=AXIS2_PLACEMENT_3D('',#4234,#2821,#2822);
#2408=AXIS2_PLACEMENT_3D('',#4238,#2824,#2825);
#2409=AXIS2_PLACEMENT_3D('',#4240,#2827,#2828);
#2410=AXIS2_PLACEMENT_3D('',#4244,#2831,#2832);
#2411=AXIS2_PLACEMENT_3D('',#4246,#2833,#2834);
#2412=AXIS2_PLACEMENT_3D('',#4248,#2836,#2837);
#2413=AXIS2_PLACEMENT_3D('',#4251,#2838,#2839);
#2414=AXIS2_PLACEMENT_3D('',#4254,#2842,#2843);
#2415=AXIS2_PLACEMENT_3D('',#4256,#2845,#2846);
#2416=AXIS2_PLACEMENT_3D('',#4257,#2847,#2848);
#2417=AXIS2_PLACEMENT_3D('',#4259,#2850,#2851);
#2418=AXIS2_PLACEMENT_3D('',#4261,#2853,#2854);
#2419=AXIS2_PLACEMENT_3D('',#4263,#2856,#2857);
#2420=AXIS2_PLACEMENT_3D('',#4265,#2859,#2860);
#2421=AXIS2_PLACEMENT_3D('',#4266,#2861,#2862);
#2422=AXIS2_PLACEMENT_3D('',#4269,#2865,#2866);
#2423=AXIS2_PLACEMENT_3D('',#4271,#2868,#2869);
#2424=AXIS2_PLACEMENT_3D('',#4273,#2871,#2872);
#2425=AXIS2_PLACEMENT_3D('',#4275,#2874,#2875);
#2426=AXIS2_PLACEMENT_3D('',#4277,#2877,#2878);
#2427=AXIS2_PLACEMENT_3D('',#4279,#2880,#2881);
#2428=AXIS2_PLACEMENT_3D('',#4281,#2883,#2884);
#2429=AXIS2_PLACEMENT_3D('',#4283,#2886,#2887);
#2430=AXIS2_PLACEMENT_3D('',#4285,#2889,#2890);
#2431=AXIS2_PLACEMENT_3D('',#4287,#2892,#2893);
#2432=AXIS2_PLACEMENT_3D('',#4289,#2895,#2896);
#2433=AXIS2_PLACEMENT_3D('',#4291,#2898,#2899);
#2434=AXIS2_PLACEMENT_3D('',#4293,#2901,#2902);
#2435=AXIS2_PLACEMENT_3D('',#4295,#2904,#2905);
#2436=AXIS2_PLACEMENT_3D('',#4297,#2907,#2908);
#2437=AXIS2_PLACEMENT_3D('',#4298,#2909,#2910);
#2438=AXIS2_PLACEMENT_3D('',#4312,#2920,#2921);
#2439=AXIS2_PLACEMENT_3D('',#4314,#2923,#2924);
#2440=AXIS2_PLACEMENT_3D('',#4315,#2925,#2926);
#2441=AXIS2_PLACEMENT_3D('',#4317,#2928,#2929);
#2442=AXIS2_PLACEMENT_3D('',#4319,#2931,#2932);
#2443=AXIS2_PLACEMENT_3D('',#4321,#2934,#2935);
#2444=AXIS2_PLACEMENT_3D('',#4322,#2936,#2937);
#2445=AXIS2_PLACEMENT_3D('',#4323,#2938,#2939);
#2446=AXIS2_PLACEMENT_3D('',#4324,#2940,#2941);
#2447=AXIS2_PLACEMENT_3D('',#4325,#2942,#2943);
#2448=AXIS2_PLACEMENT_3D('',#4334,#2948,#2949);
#2449=AXIS2_PLACEMENT_3D('',#4336,#2950,#2951);
#2450=AXIS2_PLACEMENT_3D('',#4339,#2953,#2954);
#2451=AXIS2_PLACEMENT_3D('',#4340,#2955,#2956);
#2452=AXIS2_PLACEMENT_3D('',#4346,#2960,#2961);
#2453=AXIS2_PLACEMENT_3D('',#4348,#2962,#2963);
#2454=AXIS2_PLACEMENT_3D('',#4351,#2965,#2966);
#2455=AXIS2_PLACEMENT_3D('',#4352,#2967,#2968);
#2456=AXIS2_PLACEMENT_3D('',#4358,#2972,#2973);
#2457=AXIS2_PLACEMENT_3D('',#4360,#2974,#2975);
#2458=AXIS2_PLACEMENT_3D('',#4363,#2977,#2978);
#2459=AXIS2_PLACEMENT_3D('',#4364,#2979,#2980);
#2460=AXIS2_PLACEMENT_3D('',#4370,#2984,#2985);
#2461=AXIS2_PLACEMENT_3D('',#4372,#2986,#2987);
#2462=AXIS2_PLACEMENT_3D('',#4375,#2989,#2990);
#2463=AXIS2_PLACEMENT_3D('',#4376,#2991,#2992);
#2464=AXIS2_PLACEMENT_3D('',#4382,#2996,#2997);
#2465=AXIS2_PLACEMENT_3D('',#4384,#2998,#2999);
#2466=AXIS2_PLACEMENT_3D('',#4387,#3001,#3002);
#2467=AXIS2_PLACEMENT_3D('',#4388,#3003,#3004);
#2468=AXIS2_PLACEMENT_3D('',#4394,#3008,#3009);
#2469=AXIS2_PLACEMENT_3D('',#4396,#3010,#3011);
#2470=AXIS2_PLACEMENT_3D('',#4399,#3013,#3014);
#2471=AXIS2_PLACEMENT_3D('',#4400,#3015,#3016);
#2472=AXIS2_PLACEMENT_3D('',#4406,#3020,#3021);
#2473=AXIS2_PLACEMENT_3D('',#4408,#3022,#3023);
#2474=AXIS2_PLACEMENT_3D('',#4411,#3025,#3026);
#2475=AXIS2_PLACEMENT_3D('',#4412,#3027,#3028);
#2476=AXIS2_PLACEMENT_3D('',#4418,#3032,#3033);
#2477=AXIS2_PLACEMENT_3D('',#4419,#3034,#3035);
#2478=AXIS2_PLACEMENT_3D('',#4420,#3036,#3037);
#2479=AXIS2_PLACEMENT_3D('',#4421,#3038,#3039);
#2480=AXIS2_PLACEMENT_3D('',#4425,#3041,#3042);
#2481=AXIS2_PLACEMENT_3D('',#4427,#3044,#3045);
#2482=AXIS2_PLACEMENT_3D('',#4431,#3048,#3049);
#2483=AXIS2_PLACEMENT_3D('',#4434,#3051,#3052);
#2484=AXIS2_PLACEMENT_3D('',#4435,#3053,#3054);
#2485=AXIS2_PLACEMENT_3D('',#4439,#3057,#3058);
#2486=AXIS2_PLACEMENT_3D('',#4442,#3060,#3061);
#2487=AXIS2_PLACEMENT_3D('',#4443,#3062,#3063);
#2488=AXIS2_PLACEMENT_3D('',#4447,#3066,#3067);
#2489=AXIS2_PLACEMENT_3D('',#4450,#3069,#3070);
#2490=AXIS2_PLACEMENT_3D('',#4451,#3071,#3072);
#2491=AXIS2_PLACEMENT_3D('',#4455,#3075,#3076);
#2492=AXIS2_PLACEMENT_3D('',#4456,#3077,#3078);
#2493=AXIS2_PLACEMENT_3D('',#4460,#3080,#3081);
#2494=AXIS2_PLACEMENT_3D('',#4462,#3083,#3084);
#2495=AXIS2_PLACEMENT_3D('',#4466,#3087,#3088);
#2496=AXIS2_PLACEMENT_3D('',#4468,#3089,#3090);
#2497=AXIS2_PLACEMENT_3D('',#4470,#3092,#3093);
#2498=AXIS2_PLACEMENT_3D('',#4474,#3095,#3096);
#2499=AXIS2_PLACEMENT_3D('',#4476,#3098,#3099);
#2500=AXIS2_PLACEMENT_3D('',#4480,#3102,#3103);
#2501=AXIS2_PLACEMENT_3D('',#4481,#3104,#3105);
#2502=AXIS2_PLACEMENT_3D('',#4482,#3106,#3107);
#2503=AXIS2_PLACEMENT_3D('',#4499,#3116,#3117);
#2504=AXIS2_PLACEMENT_3D('',#4505,#3121,#3122);
#2505=AXIS2_PLACEMENT_3D('',#4509,#3125,#3126);
#2506=AXIS2_PLACEMENT_3D('',#4513,#3129,#3130);
#2507=AXIS2_PLACEMENT_3D('',#4517,#3133,#3134);
#2508=AXIS2_PLACEMENT_3D('',#4521,#3137,#3138);
#2509=AXIS2_PLACEMENT_3D('',#4525,#3141,#3142);
#2510=AXIS2_PLACEMENT_3D('',#4529,#3145,#3146);
#2511=AXIS2_PLACEMENT_3D('',#4531,#3148,#3149);
#2512=AXIS2_PLACEMENT_3D('',#4533,#3151,#3152);
#2513=AXIS2_PLACEMENT_3D('',#4535,#3154,#3155);
#2514=DIRECTION('axis',(0.,0.,1.));
#2515=DIRECTION('refdir',(1.,0.,0.));
#2516=DIRECTION('center_axis',(-0.63218221534203,-0.707106781186548,-0.31677380984741));
#2517=DIRECTION('ref_axis',(-0.447985818090804,0.,0.894040662827767));
#2518=DIRECTION('',(0.632182215342029,-0.707106781186547,0.316773809847412));
#2519=DIRECTION('',(-0.447985818090804,0.,0.894040662827767));
#2520=DIRECTION('',(-0.632182215342029,0.707106781186547,-0.316773809847412));
#2521=DIRECTION('',(0.447985818090804,0.,-0.894040662827767));
#2522=DIRECTION('center_axis',(0.,1.,0.));
#2523=DIRECTION('ref_axis',(-0.525363770119903,0.,-0.850877728610522));
#2524=DIRECTION('center_axis',(0.,-1.,0.));
#2525=DIRECTION('ref_axis',(-0.525363770119903,0.,-0.850877728610522));
#2526=DIRECTION('',(3.92523114670944E-16,-0.707106781186549,0.707106781186546));
#2527=DIRECTION('center_axis',(0.,1.,0.));
#2528=DIRECTION('ref_axis',(-0.525363770119903,0.,-0.850877728610522));
#2529=DIRECTION('center_axis',(-1.45444524551826E-16,-0.707106781186547,
-0.707106781186548));
#2530=DIRECTION('ref_axis',(-1.,0.,2.05689619194098E-16));
#2531=DIRECTION('',(0.,-0.707106781186547,0.707106781186548));
#2532=DIRECTION('',(-1.,0.,2.05689619194098E-16));
#2533=DIRECTION('',(1.,0.,-2.05689619194098E-16));
#2534=DIRECTION('center_axis',(0.,1.,0.));
#2535=DIRECTION('ref_axis',(0.315001023505866,0.,-0.949091331321837));
#2536=DIRECTION('center_axis',(0.,-1.,0.));
#2537=DIRECTION('ref_axis',(0.315001023505866,0.,-0.949091331321837));
#2538=DIRECTION('',(-0.422799991063942,-0.707106781186547,0.566780528561392));
#2539=DIRECTION('center_axis',(0.,1.,0.));
#2540=DIRECTION('ref_axis',(0.315001023505866,0.,-0.949091331321837));
#2541=DIRECTION('center_axis',(0.422799991063942,-0.707106781186548,-0.566780528561392));
#2542=DIRECTION('ref_axis',(-0.801548710380512,0.,-0.59792948153385));
#2543=DIRECTION('',(-0.422799991063942,-0.707106781186548,0.566780528561391));
#2544=DIRECTION('',(-0.801548710380512,0.,-0.59792948153385));
#2545=DIRECTION('',(0.801548710380512,0.,0.59792948153385));
#2546=DIRECTION('center_axis',(0.,1.,0.));
#2547=DIRECTION('ref_axis',(0.89384827614474,0.,-0.448369556541338));
#2548=DIRECTION('center_axis',(0.,-1.,0.));
#2549=DIRECTION('ref_axis',(0.89384827614474,0.,-0.448369556541338));
#2550=DIRECTION('',(-0.707106781186543,-0.707106781186552,1.57009245868378E-15));
#2551=DIRECTION('center_axis',(0.,1.,0.));
#2552=DIRECTION('ref_axis',(0.89384827614474,0.,-0.448369556541338));
#2553=DIRECTION('center_axis',(0.707106781186549,-0.707106781186546,-4.11696564181844E-16));
#2554=DIRECTION('ref_axis',(-5.82226864648368E-16,0.,-1.));
#2555=DIRECTION('',(-0.707106781186546,-0.707106781186549,7.85046229341889E-16));
#2556=DIRECTION('',(-5.82226864648368E-16,0.,-1.));
#2557=DIRECTION('',(5.82226864648368E-16,0.,1.));
#2558=DIRECTION('center_axis',(0.,1.,0.));
#2559=DIRECTION('ref_axis',(0.89384827614474,0.,0.448369556541338));
#2560=DIRECTION('center_axis',(0.,-1.,0.));
#2561=DIRECTION('ref_axis',(0.89384827614474,0.,0.448369556541338));
#2562=DIRECTION('',(-0.422799991063937,-0.70710678118655,-0.566780528561393));
#2563=DIRECTION('center_axis',(0.,1.,0.));
#2564=DIRECTION('ref_axis',(0.89384827614474,0.,0.448369556541338));
#2565=DIRECTION('center_axis',(0.42279999106394,-0.707106781186548,0.566780528561392));
#2566=DIRECTION('ref_axis',(0.801548710380513,0.,-0.597929481533848));
#2567=DIRECTION('',(-0.422799991063941,-0.707106781186546,-0.566780528561394));
#2568=DIRECTION('',(0.801548710380513,0.,-0.597929481533848));
#2569=DIRECTION('',(-0.801548710380513,0.,0.597929481533848));
#2570=DIRECTION('center_axis',(0.,1.,0.));
#2571=DIRECTION('ref_axis',(0.315001023505869,0.,0.949091331321836));
#2572=DIRECTION('center_axis',(0.,-1.,0.));
#2573=DIRECTION('ref_axis',(0.315001023505869,0.,0.949091331321836));
#2574=DIRECTION('',(0.,-0.707106781186546,-0.707106781186549));
#2575=DIRECTION('center_axis',(0.,1.,0.));
#2576=DIRECTION('ref_axis',(0.315001023505869,0.,0.949091331321836));
#2577=DIRECTION('center_axis',(-8.63076094595767E-17,-0.707106781186548,
0.707106781186547));
#2578=DIRECTION('ref_axis',(1.,0.,1.22057391833734E-16));
#2579=DIRECTION('',(3.92523114670944E-16,-0.707106781186547,-0.707106781186548));
#2580=DIRECTION('',(1.,0.,1.22057391833734E-16));
#2581=DIRECTION('',(-1.,0.,-1.22057391833734E-16));
#2582=DIRECTION('center_axis',(0.,1.,0.));
#2583=DIRECTION('ref_axis',(-0.525363770119903,0.,0.850877728610522));
#2584=DIRECTION('center_axis',(0.,-1.,0.));
#2585=DIRECTION('ref_axis',(-0.525363770119903,0.,0.850877728610522));
#2586=DIRECTION('',(0.632182215342031,-0.707106781186547,-0.31677380984741));
#2587=DIRECTION('center_axis',(0.,1.,0.));
#2588=DIRECTION('ref_axis',(-0.525363770119903,0.,0.850877728610522));
#2589=DIRECTION('center_axis',(-0.63218221534203,-0.707106781186548,0.31677380984741));
#2590=DIRECTION('ref_axis',(0.447985818090803,0.,0.894040662827768));
#2591=DIRECTION('',(0.63218221534203,-0.707106781186547,-0.316773809847411));
#2592=DIRECTION('',(0.447985818090803,0.,0.894040662827768));
#2593=DIRECTION('',(-0.447985818090803,0.,-0.894040662827768));
#2594=DIRECTION('center_axis',(0.,1.,0.));
#2595=DIRECTION('ref_axis',(-0.973149696302621,0.,0.230173127419593));
#2596=DIRECTION('center_axis',(0.,-1.,0.));
#2597=DIRECTION('ref_axis',(-0.973149696302621,0.,0.230173127419593));
#2598=DIRECTION('',(0.707106781186547,-0.707106781186548,0.));
#2599=DIRECTION('center_axis',(0.,1.,0.));
#2600=DIRECTION('ref_axis',(-0.973149696302621,0.,0.230173127419593));
#2601=DIRECTION('center_axis',(-0.707106781186547,-0.707106781186548,-7.91445606028141E-17));
#2602=DIRECTION('ref_axis',(-1.11927310992559E-16,0.,1.));
#2603=DIRECTION('',(0.707106781186548,-0.707106781186547,0.));
#2604=DIRECTION('',(-1.11927310992559E-16,0.,1.));
#2605=DIRECTION('',(1.11927310992559E-16,0.,-1.));
#2606=DIRECTION('center_axis',(0.,1.,0.));
#2607=DIRECTION('ref_axis',(-0.973149696302621,0.,-0.230173127419593));
#2608=DIRECTION('center_axis',(0.,-1.,0.));
#2609=DIRECTION('ref_axis',(-0.973149696302621,0.,-0.230173127419593));
#2610=DIRECTION('center_axis',(0.,1.,0.));
#2611=DIRECTION('ref_axis',(-0.973149696302621,0.,-0.230173127419593));
#2612=DIRECTION('center_axis',(0.,1.,0.));
#2613=DIRECTION('ref_axis',(0.89384827614474,0.,0.448369556541338));
#2614=DIRECTION('',(0.,1.,0.));
#2615=DIRECTION('center_axis',(0.,-1.,0.));
#2616=DIRECTION('ref_axis',(0.89384827614474,0.,0.448369556541338));
#2617=DIRECTION('',(0.,-1.,0.));
#2618=DIRECTION('center_axis',(1.,0.,-5.82226864648368E-16));
#2619=DIRECTION('ref_axis',(-5.82226864648368E-16,0.,-1.));
#2620=DIRECTION('',(0.,-1.,0.));
#2621=DIRECTION('',(-5.82226864648368E-16,0.,-1.));
#2622=DIRECTION('center_axis',(0.,1.,0.));
#2623=DIRECTION('ref_axis',(0.89384827614474,0.,-0.448369556541338));
#2624=DIRECTION('',(0.,1.,0.));
#2625=DIRECTION('center_axis',(0.,-1.,0.));
#2626=DIRECTION('ref_axis',(0.89384827614474,0.,-0.448369556541338));
#2627=DIRECTION('center_axis',(0.59792948153385,0.,-0.801548710380512));
#2628=DIRECTION('ref_axis',(-0.801548710380512,0.,-0.59792948153385));
#2629=DIRECTION('',(0.,-1.,0.));
#2630=DIRECTION('',(-0.801548710380512,0.,-0.59792948153385));
#2631=DIRECTION('center_axis',(0.,1.,0.));
#2632=DIRECTION('ref_axis',(0.315001023505866,0.,-0.949091331321837));
#2633=DIRECTION('',(0.,1.,0.));
#2634=DIRECTION('center_axis',(0.,-1.,0.));
#2635=DIRECTION('ref_axis',(0.315001023505866,0.,-0.949091331321837));
#2636=DIRECTION('center_axis',(-2.05689619194098E-16,0.,-1.));
#2637=DIRECTION('ref_axis',(-1.,0.,2.05689619194098E-16));
#2638=DIRECTION('',(0.,-1.,0.));
#2639=DIRECTION('',(-1.,0.,2.05689619194098E-16));
#2640=DIRECTION('',(0.,-1.,0.));
#2641=DIRECTION('',(0.,1.,0.));
#2642=DIRECTION('',(-1.,0.,2.05689619194098E-16));
#2643=DIRECTION('',(0.,-1.,0.));
#2644=DIRECTION('',(0.,1.,0.));
#2645=DIRECTION('',(-1.,0.,2.05689619194098E-16));
#2646=DIRECTION('center_axis',(0.,1.,0.));
#2647=DIRECTION('ref_axis',(-0.525363770119903,0.,-0.850877728610522));
#2648=DIRECTION('',(0.,1.,0.));
#2649=DIRECTION('center_axis',(0.,-1.,0.));
#2650=DIRECTION('ref_axis',(-0.525363770119903,0.,-0.850877728610522));
#2651=DIRECTION('center_axis',(-0.894040662827767,0.,-0.447985818090804));
#2652=DIRECTION('ref_axis',(-0.447985818090804,0.,0.894040662827767));
#2653=DIRECTION('',(0.,-1.,0.));
#2654=DIRECTION('',(-0.447985818090804,0.,0.894040662827767));
#2655=DIRECTION('center_axis',(0.,-1.,0.));
#2656=DIRECTION('ref_axis',(0.,0.,-1.));
#2657=DIRECTION('center_axis',(0.,1.,0.));
#2658=DIRECTION('ref_axis',(1.,0.,-2.88914558473462E-16));
#2659=DIRECTION('center_axis',(0.,-1.,0.));
#2660=DIRECTION('ref_axis',(1.,0.,-2.88914558473462E-16));
#2661=DIRECTION('center_axis',(0.,-1.,0.));
#2662=DIRECTION('ref_axis',(1.,0.,1.22464679914735E-16));
#2663=DIRECTION('center_axis',(0.,-1.,0.));
#2664=DIRECTION('ref_axis',(1.,0.,1.22464679914735E-16));
#2665=DIRECTION('',(0.,1.,0.));
#2666=DIRECTION('',(0.,-1.,0.));
#2667=DIRECTION('center_axis',(-1.22057391833734E-16,0.,1.));
#2668=DIRECTION('ref_axis',(1.,0.,1.22057391833734E-16));
#2669=DIRECTION('',(0.,-1.,0.));
#2670=DIRECTION('',(1.,0.,1.22057391833734E-16));
#2671=DIRECTION('',(0.,-1.,0.));
#2672=DIRECTION('',(0.,1.,0.));
#2673=DIRECTION('',(1.,0.,1.22057391833734E-16));
#2674=DIRECTION('',(1.,0.,1.22057391833734E-16));
#2675=DIRECTION('',(0.,1.,0.));
#2676=DIRECTION('center_axis',(0.,1.,0.));
#2677=DIRECTION('ref_axis',(-1.,0.,4.11379238388197E-16));
#2678=DIRECTION('center_axis',(0.,-1.,0.));
#2679=DIRECTION('ref_axis',(-1.,0.,4.11379238388197E-16));
#2680=DIRECTION('center_axis',(0.,1.,0.));
#2681=DIRECTION('ref_axis',(0.,0.,1.));
#2682=DIRECTION('center_axis',(0.,-1.,0.));
#2683=DIRECTION('ref_axis',(-0.973149696302621,0.,-0.230173127419593));
#2684=DIRECTION('',(-1.11927310992559E-16,0.,1.));
#2685=DIRECTION('center_axis',(0.,-1.,0.));
#2686=DIRECTION('ref_axis',(-0.973149696302621,0.,0.230173127419593));
#2687=DIRECTION('',(0.447985818090803,0.,0.894040662827768));
#2688=DIRECTION('center_axis',(0.,-1.,0.));
#2689=DIRECTION('ref_axis',(-0.525363770119903,0.,0.850877728610522));
#2690=DIRECTION('center_axis',(0.,-1.,0.));
#2691=DIRECTION('ref_axis',(0.315001023505869,0.,0.949091331321836));
#2692=DIRECTION('',(0.801548710380513,0.,-0.597929481533848));
#2693=DIRECTION('center_axis',(0.,-1.,0.));
#2694=DIRECTION('ref_axis',(-1.,0.,0.));
#2695=DIRECTION('',(0.801548710380513,0.,-0.597929481533848));
#2696=DIRECTION('center_axis',(0.,-1.,0.));
#2697=DIRECTION('ref_axis',(0.315001023505863,0.,0.949091331321838));
#2698=DIRECTION('',(1.,0.,0.));
#2699=DIRECTION('center_axis',(0.,-1.,0.));
#2700=DIRECTION('ref_axis',(-0.525363770119903,0.,0.850877728610522));
#2701=DIRECTION('',(0.447985818090803,0.,0.894040662827768));
#2702=DIRECTION('center_axis',(0.,-1.,0.));
#2703=DIRECTION('ref_axis',(-0.973149696302621,0.,0.230173127419593));
#2704=DIRECTION('',(0.,0.,1.));
#2705=DIRECTION('center_axis',(0.,-1.,0.));
#2706=DIRECTION('ref_axis',(-0.973149696302621,0.,-0.230173127419593));
#2707=DIRECTION('',(-0.447985818090803,0.,0.894040662827768));
#2708=DIRECTION('center_axis',(0.,-1.,0.));
#2709=DIRECTION('ref_axis',(-0.525363770119903,0.,-0.850877728610522));
#2710=DIRECTION('',(-1.,0.,2.66453525910038E-16));
#2711=DIRECTION('center_axis',(0.,-1.,0.));
#2712=DIRECTION('ref_axis',(0.31500102350587,0.,-0.949091331321836));
#2713=DIRECTION('',(-0.801548710380512,0.,-0.597929481533849));
#2714=DIRECTION('center_axis',(0.,-1.,0.));
#2715=DIRECTION('ref_axis',(0.89384827614474,0.,-0.448369556541338));
#2716=DIRECTION('',(-4.44645016120212E-16,0.,-1.));
#2717=DIRECTION('center_axis',(0.,-1.,0.));
#2718=DIRECTION('ref_axis',(0.89384827614474,0.,0.448369556541339));
#2719=DIRECTION('center_axis',(0.,-1.,0.));
#2720=DIRECTION('ref_axis',(-1.,0.,0.));
#2721=DIRECTION('center_axis',(0.,-1.,0.));
#2722=DIRECTION('ref_axis',(-0.661437827766147,0.,-0.750000000000001));
#2723=DIRECTION('center_axis',(0.,-1.,0.));
#2724=DIRECTION('ref_axis',(-0.661437827766147,0.,-0.750000000000001));
#2725=DIRECTION('',(0.,-1.,0.));
#2726=DIRECTION('center_axis',(0.,-1.,0.));
#2727=DIRECTION('ref_axis',(-0.661437827766147,0.,-0.750000000000001));
#2728=DIRECTION('',(0.,1.,0.));
#2729=DIRECTION('center_axis',(-2.61228946970625E-16,0.,-1.));
#2730=DIRECTION('ref_axis',(-1.,0.,2.61228946970625E-16));
#2731=DIRECTION('',(-1.,0.,2.61228946970625E-16));
#2732=DIRECTION('',(0.,1.,0.));
#2733=DIRECTION('',(-1.,0.,2.61228946970625E-16));
#2734=DIRECTION('center_axis',(0.,1.,0.));
#2735=DIRECTION('ref_axis',(0.,0.,1.));
#2736=DIRECTION('center_axis',(0.,-1.,0.));
#2737=DIRECTION('ref_axis',(0.31500102350587,0.,-0.949091331321836));
#2738=DIRECTION('',(-1.,0.,2.66453525910038E-16));
#2739=DIRECTION('center_axis',(0.,-1.,0.));
#2740=DIRECTION('ref_axis',(-0.525363770119903,0.,-0.850877728610522));
#2741=DIRECTION('',(-0.447985818090803,0.,0.894040662827768));
#2742=DIRECTION('center_axis',(0.,-1.,0.));
#2743=DIRECTION('ref_axis',(-0.973149696302621,0.,-0.230173127419593));
#2744=DIRECTION('',(0.,0.,1.));
#2745=DIRECTION('center_axis',(0.,-1.,0.));
#2746=DIRECTION('ref_axis',(-0.973149696302621,0.,0.230173127419593));
#2747=DIRECTION('',(0.447985818090803,0.,0.894040662827768));
#2748=DIRECTION('center_axis',(0.,-1.,0.));
#2749=DIRECTION('ref_axis',(-0.525363770119903,0.,0.850877728610522));
#2750=DIRECTION('',(1.,0.,0.));
#2751=DIRECTION('center_axis',(0.,-1.,0.));
#2752=DIRECTION('ref_axis',(0.315001023505863,0.,0.949091331321838));
#2753=DIRECTION('',(0.801548710380513,0.,-0.597929481533848));
#2754=DIRECTION('center_axis',(0.,-1.,0.));
#2755=DIRECTION('ref_axis',(0.89384827614474,0.,0.448369556541339));
#2756=DIRECTION('',(-4.44645016120212E-16,0.,-1.));
#2757=DIRECTION('center_axis',(0.,-1.,0.));
#2758=DIRECTION('ref_axis',(0.89384827614474,0.,-0.448369556541338));
#2759=DIRECTION('',(-0.801548710380512,0.,-0.597929481533849));
#2760=DIRECTION('',(-1.,0.,3.66373598126302E-16));
#2761=DIRECTION('center_axis',(0.,-1.,0.));
#2762=DIRECTION('ref_axis',(0.992671492968882,0.,-0.120844143618672));
#2763=DIRECTION('',(-0.64018439966448,0.,-0.768221279597376));
#2764=DIRECTION('center_axis',(0.,-1.,0.));
#2765=DIRECTION('ref_axis',(0.240349125280461,0.,-0.970686508599413));
#2766=DIRECTION('',(-0.924678098474716,0.,0.380749805254295));
#2767=DIRECTION('',(-0.447985818090803,0.,-0.894040662827768));
#2768=DIRECTION('center_axis',(0.,1.,0.));
#2769=DIRECTION('ref_axis',(-0.973149696302621,0.,0.230173127419593));
#2770=DIRECTION('',(-1.30614473485312E-16,0.,-1.));
#2771=DIRECTION('center_axis',(0.,1.,0.));
#2772=DIRECTION('ref_axis',(-0.973149696302621,0.,-0.230173127419593));
#2773=DIRECTION('',(0.447985818090803,0.,-0.894040662827768));
#2774=DIRECTION('',(0.924678098474716,0.,0.380749805254295));
#2775=DIRECTION('center_axis',(0.,-1.,0.));
#2776=DIRECTION('ref_axis',(0.240349125280461,0.,0.970686508599413));
#2777=DIRECTION('',(0.64018439966448,0.,-0.768221279597376));
#2778=DIRECTION('center_axis',(0.,-1.,0.));
#2779=DIRECTION('ref_axis',(0.992671492968883,0.,0.120844143618668));
#2780=DIRECTION('',(1.,0.,0.));
#2781=DIRECTION('center_axis',(0.,-1.,0.));
#2782=DIRECTION('ref_axis',(-0.63804388563797,0.,0.770000000000001));
#2783=DIRECTION('',(1.,0.,-2.61228946970625E-16));
#2784=DIRECTION('',(0.801548710380512,0.,0.597929481533849));
#2785=DIRECTION('',(6.45947941600091E-16,0.,1.));
#2786=DIRECTION('',(-0.801548710380513,0.,0.597929481533848));
#2787=DIRECTION('center_axis',(0.,1.,0.));
#2788=DIRECTION('ref_axis',(0.992671492968882,0.,-0.120844143618672));
#2789=DIRECTION('center_axis',(0.,-1.,0.));
#2790=DIRECTION('ref_axis',(0.992671492968882,0.,-0.120844143618672));
#2791=DIRECTION('',(0.,1.,0.));
#2792=DIRECTION('',(0.,1.,0.));
#2793=DIRECTION('center_axis',(0.768221279597376,0.,-0.64018439966448));
#2794=DIRECTION('ref_axis',(-0.64018439966448,0.,-0.768221279597376));
#2795=DIRECTION('',(-0.64018439966448,0.,-0.768221279597376));
#2796=DIRECTION('',(0.,-1.,0.));
#2797=DIRECTION('center_axis',(0.,1.,0.));
#2798=DIRECTION('ref_axis',(0.240349125280461,0.,-0.970686508599413));
#2799=DIRECTION('center_axis',(0.,-1.,0.));
#2800=DIRECTION('ref_axis',(0.240349125280461,0.,-0.970686508599413));
#2801=DIRECTION('',(0.,1.,0.));
#2802=DIRECTION('center_axis',(0.,1.,0.));
#2803=DIRECTION('ref_axis',(-0.973149696302621,0.,0.230173127419593));
#2804=DIRECTION('center_axis',(0.,1.,0.));
#2805=DIRECTION('ref_axis',(-0.973149696302621,0.,0.230173127419593));
#2806=DIRECTION('',(0.,1.,0.));
#2807=DIRECTION('',(0.,-1.,0.));
#2808=DIRECTION('center_axis',(1.,0.,-1.30614473485312E-16));
#2809=DIRECTION('ref_axis',(-1.30614473485312E-16,0.,-1.));
#2810=DIRECTION('',(-1.30614473485312E-16,0.,-1.));
#2811=DIRECTION('',(0.,-1.,0.));
#2812=DIRECTION('center_axis',(0.,1.,0.));
#2813=DIRECTION('ref_axis',(-0.973149696302621,0.,-0.230173127419593));
#2814=DIRECTION('center_axis',(0.,1.,0.));
#2815=DIRECTION('ref_axis',(-0.973149696302621,0.,-0.230173127419593));
#2816=DIRECTION('',(0.,1.,0.));
#2817=DIRECTION('center_axis',(0.894040662827768,0.,0.447985818090803));
#2818=DIRECTION('ref_axis',(0.447985818090803,0.,-0.894040662827768));
#2819=DIRECTION('',(0.447985818090803,0.,-0.894040662827768));
#2820=DIRECTION('',(0.,1.,0.));
#2821=DIRECTION('center_axis',(0.,1.,0.));
#2822=DIRECTION('ref_axis',(0.240349125280461,0.,0.970686508599413));
#2823=DIRECTION('',(0.,-1.,0.));
#2824=DIRECTION('center_axis',(0.,-1.,0.));
#2825=DIRECTION('ref_axis',(0.240349125280461,0.,0.970686508599413));
#2826=DIRECTION('',(0.,1.,0.));
#2827=DIRECTION('center_axis',(0.768221279597376,0.,0.64018439966448));
#2828=DIRECTION('ref_axis',(0.64018439966448,0.,-0.768221279597376));
#2829=DIRECTION('',(0.64018439966448,0.,-0.768221279597376));
#2830=DIRECTION('',(0.,-1.,0.));
#2831=DIRECTION('center_axis',(0.,-1.,0.));
#2832=DIRECTION('ref_axis',(0.992671492968883,0.,0.120844143618668));
#2833=DIRECTION('center_axis',(0.,-1.,0.));
#2834=DIRECTION('ref_axis',(0.992671492968883,0.,0.120844143618668));
#2835=DIRECTION('',(0.,1.,0.));
#2836=DIRECTION('center_axis',(0.,1.,0.));
#2837=DIRECTION('ref_axis',(-0.63804388563797,0.,0.770000000000001));
#2838=DIRECTION('center_axis',(0.,-1.,0.));
#2839=DIRECTION('ref_axis',(-0.63804388563797,0.,0.770000000000001));
#2840=DIRECTION('',(0.,1.,0.));
#2841=DIRECTION('',(0.,1.,0.));
#2842=DIRECTION('center_axis',(0.,1.,0.));
#2843=DIRECTION('ref_axis',(0.315001023505869,0.,0.949091331321836));
#2844=DIRECTION('',(0.,1.,0.));
#2845=DIRECTION('center_axis',(0.597929481533848,0.,0.801548710380513));
#2846=DIRECTION('ref_axis',(0.801548710380513,0.,-0.597929481533848));
#2847=DIRECTION('center_axis',(0.,1.,0.));
#2848=DIRECTION('ref_axis',(-0.973149696302621,0.,-0.230173127419593));
#2849=DIRECTION('',(0.,1.,0.));
#2850=DIRECTION('center_axis',(-1.,0.,-1.11927310992559E-16));
#2851=DIRECTION('ref_axis',(-1.11927310992559E-16,0.,1.));
#2852=DIRECTION('',(0.,-1.,0.));
#2853=DIRECTION('center_axis',(0.,1.,0.));
#2854=DIRECTION('ref_axis',(-0.973149696302621,0.,0.230173127419593));
#2855=DIRECTION('',(0.,1.,0.));
#2856=DIRECTION('center_axis',(-0.894040662827768,0.,0.447985818090803));
#2857=DIRECTION('ref_axis',(0.447985818090803,0.,0.894040662827768));
#2858=DIRECTION('',(0.,-1.,0.));
#2859=DIRECTION('center_axis',(0.,1.,0.));
#2860=DIRECTION('ref_axis',(-0.525363770119903,0.,0.850877728610522));
#2861=DIRECTION('center_axis',(0.,-1.,0.));
#2862=DIRECTION('ref_axis',(0.31500102350587,0.,-0.949091331321836));
#2863=DIRECTION('',(0.,-1.,0.));
#2864=DIRECTION('',(0.,1.,0.));
#2865=DIRECTION('center_axis',(-0.597929481533849,0.,0.801548710380512));
#2866=DIRECTION('ref_axis',(-0.801548710380512,0.,-0.597929481533849));
#2867=DIRECTION('',(0.,1.,0.));
#2868=DIRECTION('center_axis',(0.,1.,0.));
#2869=DIRECTION('ref_axis',(0.89384827614474,0.,-0.448369556541338));
#2870=DIRECTION('',(0.,-1.,0.));
#2871=DIRECTION('center_axis',(1.,0.,-4.44645016120212E-16));
#2872=DIRECTION('ref_axis',(-4.44645016120212E-16,0.,-1.));
#2873=DIRECTION('',(0.,1.,0.));
#2874=DIRECTION('center_axis',(0.,-1.,0.));
#2875=DIRECTION('ref_axis',(0.89384827614474,0.,0.448369556541339));
#2876=DIRECTION('',(0.,-1.,0.));
#2877=DIRECTION('center_axis',(-0.597929481533848,0.,-0.801548710380513));
#2878=DIRECTION('ref_axis',(0.801548710380513,0.,-0.597929481533848));
#2879=DIRECTION('',(0.,1.,0.));
#2880=DIRECTION('center_axis',(0.,1.,0.));
#2881=DIRECTION('ref_axis',(0.315001023505863,0.,0.949091331321838));
#2882=DIRECTION('',(0.,-1.,0.));
#2883=DIRECTION('center_axis',(0.,0.,1.));
#2884=DIRECTION('ref_axis',(1.,0.,0.));
#2885=DIRECTION('',(0.,1.,0.));
#2886=DIRECTION('center_axis',(0.,-1.,0.));
#2887=DIRECTION('ref_axis',(-0.525363770119903,0.,0.850877728610522));
#2888=DIRECTION('',(0.,-1.,0.));
#2889=DIRECTION('center_axis',(0.894040662827768,0.,-0.447985818090803));
#2890=DIRECTION('ref_axis',(0.447985818090803,0.,0.894040662827768));
#2891=DIRECTION('',(0.,1.,0.));
#2892=DIRECTION('center_axis',(0.,1.,0.));
#2893=DIRECTION('ref_axis',(-0.973149696302621,0.,0.230173127419593));
#2894=DIRECTION('',(0.,-1.,0.));
#2895=DIRECTION('center_axis',(-1.,0.,0.));
#2896=DIRECTION('ref_axis',(0.,0.,1.));
#2897=DIRECTION('',(0.,1.,0.));
#2898=DIRECTION('center_axis',(0.,-1.,0.));
#2899=DIRECTION('ref_axis',(-0.973149696302621,0.,-0.230173127419593));
#2900=DIRECTION('',(0.,-1.,0.));
#2901=DIRECTION('center_axis',(0.894040662827768,0.,0.447985818090803));
#2902=DIRECTION('ref_axis',(-0.447985818090803,0.,0.894040662827768));
#2903=DIRECTION('',(0.,1.,0.));
#2904=DIRECTION('center_axis',(0.,1.,0.));
#2905=DIRECTION('ref_axis',(-0.525363770119903,0.,-0.850877728610522));
#2906=DIRECTION('',(0.,-1.,0.));
#2907=DIRECTION('center_axis',(-2.66453525910038E-16,0.,-1.));
#2908=DIRECTION('ref_axis',(-1.,0.,2.66453525910038E-16));
#2909=DIRECTION('center_axis',(0.,-1.,0.));
#2910=DIRECTION('ref_axis',(0.,0.,-1.));
#2911=DIRECTION('',(-0.447985818090803,0.,-0.894040662827768));
#2912=DIRECTION('',(-0.924678098474716,0.,0.380749805254295));
#2913=DIRECTION('',(-1.,0.,3.66373598126302E-16));
#2914=DIRECTION('',(-0.801548710380513,0.,0.597929481533848));
#2915=DIRECTION('',(6.45947941600091E-16,0.,1.));
#2916=DIRECTION('',(0.801548710380512,0.,0.597929481533849));
#2917=DIRECTION('',(1.,0.,-2.61228946970625E-16));
#2918=DIRECTION('',(1.,0.,0.));
#2919=DIRECTION('',(0.924678098474716,0.,0.380749805254295));
#2920=DIRECTION('center_axis',(-0.380749805254295,0.,-0.924678098474716));
#2921=DIRECTION('ref_axis',(-0.924678098474716,0.,0.380749805254295));
#2922=DIRECTION('',(0.,1.,0.));
#2923=DIRECTION('center_axis',(-3.66373598126302E-16,0.,-1.));
#2924=DIRECTION('ref_axis',(-1.,0.,3.66373598126302E-16));
#2925=DIRECTION('center_axis',(-0.597929481533848,0.,-0.801548710380513));
#2926=DIRECTION('ref_axis',(-0.801548710380513,0.,0.597929481533848));
#2927=DIRECTION('',(0.,1.,0.));
#2928=DIRECTION('center_axis',(-1.,0.,6.45947941600091E-16));
#2929=DIRECTION('ref_axis',(6.45947941600091E-16,0.,1.));
#2930=DIRECTION('',(0.,1.,0.));
#2931=DIRECTION('center_axis',(-0.597929481533849,0.,0.801548710380512));
#2932=DIRECTION('ref_axis',(0.801548710380512,0.,0.597929481533849));
#2933=DIRECTION('',(0.,1.,0.));
#2934=DIRECTION('center_axis',(2.61228946970625E-16,0.,1.));
#2935=DIRECTION('ref_axis',(1.,0.,-2.61228946970625E-16));
#2936=DIRECTION('center_axis',(0.,0.,1.));
#2937=DIRECTION('ref_axis',(1.,0.,0.));
#2938=DIRECTION('center_axis',(-0.380749805254295,0.,0.924678098474716));
#2939=DIRECTION('ref_axis',(0.924678098474716,0.,0.380749805254295));
#2940=DIRECTION('center_axis',(0.894040662827767,0.,-0.447985818090803));
#2941=DIRECTION('ref_axis',(-0.447985818090803,0.,-0.894040662827768));
#2942=DIRECTION('center_axis',(-9.08501152206071E-17,0.707106781186547,
0.707106781186548));
#2943=DIRECTION('ref_axis',(1.,0.,1.28481465088141E-16));
#2944=DIRECTION('',(0.,0.707106781186548,-0.707106781186547));
#2945=DIRECTION('',(-1.,0.,-1.28481465088141E-16));
#2946=DIRECTION('',(3.92523114670944E-16,-0.707106781186548,0.707106781186547));
#2947=DIRECTION('',(1.,0.,1.28481465088141E-16));
#2948=DIRECTION('center_axis',(0.,-1.,0.));
#2949=DIRECTION('ref_axis',(0.315001023505869,0.,0.949091331321836));
#2950=DIRECTION('center_axis',(0.,1.,0.));
#2951=DIRECTION('ref_axis',(0.315001023505869,0.,0.949091331321836));
#2952=DIRECTION('',(-0.42279999106394,0.707106781186546,-0.566780528561395));
#2953=DIRECTION('center_axis',(0.,-1.,0.));
#2954=DIRECTION('ref_axis',(0.315001023505869,0.,0.949091331321836));
#2955=DIRECTION('center_axis',(0.422799991063941,0.707106781186548,0.566780528561393));
#2956=DIRECTION('ref_axis',(0.801548710380513,0.,-0.597929481533848));
#2957=DIRECTION('',(-0.422799991063942,0.707106781186548,-0.566780528561391));
#2958=DIRECTION('',(-0.801548710380513,0.,0.597929481533848));
#2959=DIRECTION('',(0.801548710380513,0.,-0.597929481533848));
#2960=DIRECTION('center_axis',(0.,-1.,0.));
#2961=DIRECTION('ref_axis',(0.89384827614474,0.,0.448369556541338));
#2962=DIRECTION('center_axis',(0.,1.,0.));
#2963=DIRECTION('ref_axis',(0.89384827614474,0.,0.448369556541338));
#2964=DIRECTION('',(-0.707106781186546,0.707106781186549,3.92523114670944E-16));
#2965=DIRECTION('center_axis',(0.,-1.,0.));
#2966=DIRECTION('ref_axis',(0.89384827614474,0.,0.448369556541338));
#2967=DIRECTION('center_axis',(0.707106781186549,0.707106781186546,-4.11696564181844E-16));
#2968=DIRECTION('ref_axis',(-5.82226864648368E-16,0.,-1.));
#2969=DIRECTION('',(-0.707106781186546,0.707106781186549,1.57009245868378E-15));
#2970=DIRECTION('',(5.82226864648368E-16,0.,1.));
#2971=DIRECTION('',(-5.82226864648368E-16,0.,-1.));
#2972=DIRECTION('center_axis',(0.,-1.,0.));
#2973=DIRECTION('ref_axis',(0.89384827614474,0.,-0.448369556541338));
#2974=DIRECTION('center_axis',(0.,1.,0.));
#2975=DIRECTION('ref_axis',(0.89384827614474,0.,-0.448369556541338));
#2976=DIRECTION('',(-0.422799991063937,0.707106781186551,0.56678052856139));
#2977=DIRECTION('center_axis',(0.,-1.,0.));
#2978=DIRECTION('ref_axis',(0.89384827614474,0.,-0.448369556541338));
#2979=DIRECTION('center_axis',(0.422799991063943,0.707106781186546,-0.566780528561393));
#2980=DIRECTION('ref_axis',(-0.801548710380512,0.,-0.59792948153385));
#2981=DIRECTION('',(-0.422799991063943,0.70710678118655,0.566780528561388));
#2982=DIRECTION('',(0.801548710380512,0.,0.59792948153385));
#2983=DIRECTION('',(-0.801548710380512,0.,-0.59792948153385));
#2984=DIRECTION('center_axis',(0.,-1.,0.));
#2985=DIRECTION('ref_axis',(0.315001023505866,0.,-0.949091331321837));
#2986=DIRECTION('center_axis',(0.,1.,0.));
#2987=DIRECTION('ref_axis',(0.315001023505866,0.,-0.949091331321837));
#2988=DIRECTION('',(0.,0.707106781186547,0.707106781186547));
#2989=DIRECTION('center_axis',(0.,-1.,0.));
#2990=DIRECTION('ref_axis',(0.315001023505866,0.,-0.949091331321837));
#2991=DIRECTION('center_axis',(-1.45444524551826E-16,0.707106781186547,
-0.707106781186548));
#2992=DIRECTION('ref_axis',(-1.,0.,2.05689619194098E-16));
#2993=DIRECTION('',(3.92523114670943E-16,0.707106781186547,0.707106781186547));
#2994=DIRECTION('',(1.,0.,-2.05689619194098E-16));
#2995=DIRECTION('',(-1.,0.,2.05689619194098E-16));
#2996=DIRECTION('center_axis',(0.,-1.,0.));
#2997=DIRECTION('ref_axis',(-0.525363770119904,0.,-0.850877728610522));
#2998=DIRECTION('center_axis',(0.,1.,0.));
#2999=DIRECTION('ref_axis',(-0.525363770119904,0.,-0.850877728610522));
#3000=DIRECTION('',(0.632182215342029,0.707106781186548,0.31677380984741));
#3001=DIRECTION('center_axis',(0.,-1.,0.));
#3002=DIRECTION('ref_axis',(-0.525363770119904,0.,-0.850877728610522));
#3003=DIRECTION('center_axis',(-0.63218221534203,0.707106781186548,-0.31677380984741));
#3004=DIRECTION('ref_axis',(-0.447985818090804,0.,0.894040662827767));
#3005=DIRECTION('',(0.632182215342029,0.707106781186547,0.316773809847412));
#3006=DIRECTION('',(0.447985818090804,0.,-0.894040662827767));
#3007=DIRECTION('',(-0.447985818090804,0.,0.894040662827767));
#3008=DIRECTION('center_axis',(0.,-1.,0.));
#3009=DIRECTION('ref_axis',(-0.973149696302621,0.,-0.230173127419593));
#3010=DIRECTION('center_axis',(0.,1.,0.));
#3011=DIRECTION('ref_axis',(-0.973149696302621,0.,-0.230173127419593));
#3012=DIRECTION('',(0.707106781186547,0.707106781186548,0.));
#3013=DIRECTION('center_axis',(0.,-1.,0.));
#3014=DIRECTION('ref_axis',(-0.973149696302621,0.,-0.230173127419593));
#3015=DIRECTION('center_axis',(-0.707106781186547,0.707106781186548,-7.91445606028142E-17));
#3016=DIRECTION('ref_axis',(-1.11927310992559E-16,0.,1.));
#3017=DIRECTION('',(0.707106781186548,0.707106781186547,0.));
#3018=DIRECTION('',(1.11927310992559E-16,0.,-1.));
#3019=DIRECTION('',(-1.11927310992559E-16,0.,1.));
#3020=DIRECTION('center_axis',(0.,-1.,0.));
#3021=DIRECTION('ref_axis',(-0.973149696302621,0.,0.230173127419593));
#3022=DIRECTION('center_axis',(0.,1.,0.));
#3023=DIRECTION('ref_axis',(-0.973149696302621,0.,0.230173127419593));
#3024=DIRECTION('',(0.63218221534203,0.707106781186548,-0.31677380984741));
#3025=DIRECTION('center_axis',(0.,-1.,0.));
#3026=DIRECTION('ref_axis',(-0.973149696302621,0.,0.230173127419593));
#3027=DIRECTION('center_axis',(-0.632182215342031,0.707106781186547,0.31677380984741));
#3028=DIRECTION('ref_axis',(0.447985818090803,0.,0.894040662827768));
#3029=DIRECTION('',(0.63218221534203,0.707106781186547,-0.316773809847409));
#3030=DIRECTION('',(-0.447985818090803,0.,-0.894040662827768));
#3031=DIRECTION('',(0.447985818090803,0.,0.894040662827768));
#3032=DIRECTION('center_axis',(0.,-1.,0.));
#3033=DIRECTION('ref_axis',(-0.525363770119903,0.,0.850877728610522));
#3034=DIRECTION('center_axis',(0.,1.,0.));
#3035=DIRECTION('ref_axis',(-0.525363770119903,0.,0.850877728610522));
#3036=DIRECTION('center_axis',(0.,-1.,0.));
#3037=DIRECTION('ref_axis',(-0.525363770119903,0.,0.850877728610522));
#3038=DIRECTION('center_axis',(0.,1.,0.));
#3039=DIRECTION('ref_axis',(0.315001023505866,0.,-0.949091331321837));
#3040=DIRECTION('',(0.,-1.,0.));
#3041=DIRECTION('center_axis',(0.,1.,0.));
#3042=DIRECTION('ref_axis',(0.315001023505866,0.,-0.949091331321837));
#3043=DIRECTION('',(0.,1.,0.));
#3044=DIRECTION('center_axis',(0.59792948153385,0.,-0.801548710380512));
#3045=DIRECTION('ref_axis',(-0.801548710380512,0.,-0.59792948153385));
#3046=DIRECTION('',(0.,1.,0.));
#3047=DIRECTION('',(-0.801548710380512,0.,-0.59792948153385));
#3048=DIRECTION('center_axis',(0.,1.,0.));
#3049=DIRECTION('ref_axis',(0.89384827614474,0.,-0.448369556541338));
#3050=DIRECTION('',(0.,-1.,0.));
#3051=DIRECTION('center_axis',(0.,1.,0.));
#3052=DIRECTION('ref_axis',(0.89384827614474,0.,-0.448369556541338));
#3053=DIRECTION('center_axis',(1.,0.,-5.82226864648368E-16));
#3054=DIRECTION('ref_axis',(-5.82226864648368E-16,0.,-1.));
#3055=DIRECTION('',(0.,1.,0.));
#3056=DIRECTION('',(-5.82226864648368E-16,0.,-1.));
#3057=DIRECTION('center_axis',(0.,1.,0.));
#3058=DIRECTION('ref_axis',(0.89384827614474,0.,0.448369556541338));
#3059=DIRECTION('',(0.,-1.,0.));
#3060=DIRECTION('center_axis',(0.,1.,0.));
#3061=DIRECTION('ref_axis',(0.89384827614474,0.,0.448369556541338));
#3062=DIRECTION('center_axis',(0.597929481533848,0.,0.801548710380513));
#3063=DIRECTION('ref_axis',(0.801548710380513,0.,-0.597929481533848));
#3064=DIRECTION('',(0.,1.,0.));
#3065=DIRECTION('',(0.801548710380513,0.,-0.597929481533848));
#3066=DIRECTION('center_axis',(0.,1.,0.));
#3067=DIRECTION('ref_axis',(0.315001023505869,0.,0.949091331321836));
#3068=DIRECTION('',(0.,-1.,0.));
#3069=DIRECTION('center_axis',(0.,1.,0.));
#3070=DIRECTION('ref_axis',(0.315001023505869,0.,0.949091331321836));
#3071=DIRECTION('center_axis',(-1.28481465088141E-16,0.,1.));
#3072=DIRECTION('ref_axis',(1.,0.,1.28481465088141E-16));
#3073=DIRECTION('',(0.,1.,0.));
#3074=DIRECTION('',(1.,0.,1.28481465088141E-16));
#3075=DIRECTION('center_axis',(0.,1.,0.));
#3076=DIRECTION('ref_axis',(0.,0.,1.));
#3077=DIRECTION('center_axis',(0.,1.,0.));
#3078=DIRECTION('ref_axis',(-0.525363770119904,0.,-0.850877728610522));
#3079=DIRECTION('',(0.,-1.,0.));
#3080=DIRECTION('center_axis',(0.,1.,0.));
#3081=DIRECTION('ref_axis',(-0.525363770119904,0.,-0.850877728610522));
#3082=DIRECTION('',(0.,1.,0.));
#3083=DIRECTION('center_axis',(-0.894040662827767,0.,-0.447985818090804));
#3084=DIRECTION('ref_axis',(-0.447985818090804,0.,0.894040662827767));
#3085=DIRECTION('',(-0.447985818090804,0.,0.894040662827767));
#3086=DIRECTION('',(0.,-1.,0.));
#3087=DIRECTION('center_axis',(0.,1.,0.));
#3088=DIRECTION('ref_axis',(-0.973149696302621,0.,-0.230173127419593));
#3089=DIRECTION('center_axis',(0.,1.,0.));
#3090=DIRECTION('ref_axis',(-0.973149696302621,0.,-0.230173127419593));
#3091=DIRECTION('',(0.,1.,0.));
#3092=DIRECTION('center_axis',(0.,1.,0.));
#3093=DIRECTION('ref_axis',(-0.973149696302621,0.,0.230173127419593));
#3094=DIRECTION('',(0.,-1.,0.));
#3095=DIRECTION('center_axis',(0.,1.,0.));
#3096=DIRECTION('ref_axis',(-0.973149696302621,0.,0.230173127419593));
#3097=DIRECTION('',(0.,1.,0.));
#3098=DIRECTION('center_axis',(-0.894040662827768,0.,0.447985818090803));
#3099=DIRECTION('ref_axis',(0.447985818090803,0.,0.894040662827768));
#3100=DIRECTION('',(0.447985818090803,0.,0.894040662827768));
#3101=DIRECTION('',(0.,-1.,0.));
#3102=DIRECTION('center_axis',(0.,1.,0.));
#3103=DIRECTION('ref_axis',(-0.525363770119903,0.,0.850877728610522));
#3104=DIRECTION('center_axis',(0.,1.,0.));
#3105=DIRECTION('ref_axis',(-0.525363770119903,0.,0.850877728610522));
#3106=DIRECTION('center_axis',(0.,1.,0.));
#3107=DIRECTION('ref_axis',(0.,0.,1.));
#3108=DIRECTION('',(6.12434391017471E-16,0.,1.));
#3109=DIRECTION('',(-0.801548710380513,0.,0.597929481533848));
#3110=DIRECTION('',(-1.,0.,0.));
#3111=DIRECTION('',(-0.447985818090803,0.,-0.894040662827768));
#3112=DIRECTION('',(0.,0.,-1.));
#3113=DIRECTION('',(0.447985818090804,0.,-0.894040662827767));
#3114=DIRECTION('',(1.,0.,-3.13707128504475E-16));
#3115=DIRECTION('',(0.801548710380512,0.,0.59792948153385));
#3116=DIRECTION('center_axis',(-1.,0.,6.12434391017471E-16));
#3117=DIRECTION('ref_axis',(6.12434391017471E-16,0.,1.));
#3118=DIRECTION('',(6.12434391017471E-16,0.,1.));
#3119=DIRECTION('',(0.,1.,0.));
#3120=DIRECTION('',(0.,1.,0.));
#3121=DIRECTION('center_axis',(-0.59792948153385,0.,0.801548710380512));
#3122=DIRECTION('ref_axis',(0.801548710380512,0.,0.59792948153385));
#3123=DIRECTION('',(0.801548710380512,0.,0.59792948153385));
#3124=DIRECTION('',(0.,1.,0.));
#3125=DIRECTION('center_axis',(3.13707128504475E-16,0.,1.));
#3126=DIRECTION('ref_axis',(1.,0.,-3.13707128504475E-16));
#3127=DIRECTION('',(1.,0.,-3.13707128504475E-16));
#3128=DIRECTION('',(0.,1.,0.));
#3129=DIRECTION('center_axis',(0.894040662827767,0.,0.447985818090804));
#3130=DIRECTION('ref_axis',(0.447985818090804,0.,-0.894040662827767));
#3131=DIRECTION('',(0.447985818090804,0.,-0.894040662827767));
#3132=DIRECTION('',(0.,1.,0.));
#3133=DIRECTION('center_axis',(1.,0.,0.));
#3134=DIRECTION('ref_axis',(0.,0.,-1.));
#3135=DIRECTION('',(0.,0.,-1.));
#3136=DIRECTION('',(0.,1.,0.));
#3137=DIRECTION('center_axis',(0.894040662827768,0.,-0.447985818090803));
#3138=DIRECTION('ref_axis',(-0.447985818090803,0.,-0.894040662827768));
#3139=DIRECTION('',(-0.447985818090803,0.,-0.894040662827768));
#3140=DIRECTION('',(0.,1.,0.));
#3141=DIRECTION('center_axis',(0.,0.,-1.));
#3142=DIRECTION('ref_axis',(-1.,0.,0.));
#3143=DIRECTION('',(-1.,0.,0.));
#3144=DIRECTION('',(0.,1.,0.));
#3145=DIRECTION('center_axis',(-0.597929481533848,0.,-0.801548710380513));
#3146=DIRECTION('ref_axis',(-0.801548710380513,0.,0.597929481533848));
#3147=DIRECTION('',(-0.801548710380513,0.,0.597929481533848));
#3148=DIRECTION('center_axis',(-1.,0.,-1.11927310992559E-16));
#3149=DIRECTION('ref_axis',(-1.11927310992559E-16,0.,1.));
#3150=DIRECTION('',(-1.11927310992559E-16,0.,1.));
#3151=DIRECTION('center_axis',(-2.05689619194098E-16,0.,-1.));
#3152=DIRECTION('ref_axis',(-1.,0.,2.05689619194098E-16));
#3153=DIRECTION('',(-1.,0.,2.05689619194098E-16));
#3154=DIRECTION('center_axis',(0.,1.,0.));
#3155=DIRECTION('ref_axis',(0.,0.,1.));
#3156=CARTESIAN_POINT('',(0.,0.,0.));
#3157=CARTESIAN_POINT('Origin',(15.4579168333567,-1.,-82.140989830127));
#3158=CARTESIAN_POINT('',(10.8351746821874,1.,-77.3798581809081));
#3159=CARTESIAN_POINT('',(14.4113373334984,-3.,-75.5879149085449));
#3160=CARTESIAN_POINT('',(10.8351746821874,1.,-77.3798581809081));
#3161=CARTESIAN_POINT('',(1.63575602303339,-3.,-50.0918194484358));
#3162=CARTESIAN_POINT('',(17.2459981590123,-3.,-81.2450181939454));
#3163=CARTESIAN_POINT('',(-1.94040662827768,1.,-51.8837627207991));
#3164=CARTESIAN_POINT('',(1.63575602303339,-3.,-50.0918194484358));
#3165=CARTESIAN_POINT('',(13.6698355077012,1.,-83.0369614663086));
#3166=CARTESIAN_POINT('Origin',(19.775581310465,-1.,-72.9000000000001));
#3167=CARTESIAN_POINT('',(19.775581310465,1.,-82.9000000000001));
#3168=CARTESIAN_POINT('Origin',(19.775581310465,1.,-72.9000000000001));
#3169=CARTESIAN_POINT('',(19.775581310465,-3.,-78.9000000000001));
#3170=CARTESIAN_POINT('',(19.775581310465,1.,-82.9000000000001));
#3171=CARTESIAN_POINT('Origin',(19.775581310465,-3.,-72.9000000000001));
#3172=CARTESIAN_POINT('Origin',(143.161638393375,-1.,-80.9000000000001));
#3173=CARTESIAN_POINT('',(183.004301961986,1.,-82.9000000000001));
#3174=CARTESIAN_POINT('',(183.004301961986,-3.,-78.9000000000001));
#3175=CARTESIAN_POINT('',(183.004301961986,1.,-82.9000000000001));
#3176=CARTESIAN_POINT('',(143.161638393375,-3.,-78.9000000000001));
#3177=CARTESIAN_POINT('',(143.161638393375,1.,-82.9000000000001));
#3178=CARTESIAN_POINT('Origin',(183.004301961986,-1.,-72.9000000000001));
#3179=CARTESIAN_POINT('',(188.983596777325,1.,-80.9154871038052));
#3180=CARTESIAN_POINT('Origin',(183.004301961986,1.,-72.9000000000001));
#3181=CARTESIAN_POINT('',(186.591878851189,-3.,-77.7092922622832));
#3182=CARTESIAN_POINT('',(188.983596777325,1.,-80.9154871038052));
#3183=CARTESIAN_POINT('Origin',(183.004301961986,-3.,-72.9000000000001));
#3184=CARTESIAN_POINT('Origin',(176.027590294871,-1.,-88.0850803729085));
#3185=CARTESIAN_POINT('',(198.979294815339,1.,-73.4590188093192));
#3186=CARTESIAN_POINT('',(196.587576889203,-3.,-70.2528239677972));
#3187=CARTESIAN_POINT('',(198.979294815339,1.,-73.4590188093192));
#3188=CARTESIAN_POINT('',(174.831731331804,-3.,-86.4819829521475));
#3189=CARTESIAN_POINT('',(177.223449257939,1.,-89.6881777936696));
#3190=CARTESIAN_POINT('Origin',(193.,-1.,-65.4435317055141));
#3191=CARTESIAN_POINT('',(203.,1.,-65.4435317055141));
#3192=CARTESIAN_POINT('Origin',(193.,1.,-65.4435317055141));
#3193=CARTESIAN_POINT('',(199.,-3.,-65.4435317055141));
#3194=CARTESIAN_POINT('',(203.,1.,-65.4435317055141));
#3195=CARTESIAN_POINT('Origin',(193.,-3.,-65.4435317055141));
#3196=CARTESIAN_POINT('Origin',(201.,-1.,-24.6951487791356));
#3197=CARTESIAN_POINT('',(203.,1.,-14.456468294486));
#3198=CARTESIAN_POINT('',(199.,-3.,-14.456468294486));
#3199=CARTESIAN_POINT('',(203.,1.,-14.456468294486));
#3200=CARTESIAN_POINT('',(199.,-3.,-24.6951487791356));
#3201=CARTESIAN_POINT('',(203.,1.,-24.6951487791356));
#3202=CARTESIAN_POINT('Origin',(193.,-1.,-14.456468294486));
#3203=CARTESIAN_POINT('',(198.979294815339,1.,-6.44098119068088));
#3204=CARTESIAN_POINT('Origin',(193.,1.,-14.456468294486));
#3205=CARTESIAN_POINT('',(196.587576889203,-3.,-9.64717603220292));
#3206=CARTESIAN_POINT('',(198.979294815339,1.,-6.44098119068088));
#3207=CARTESIAN_POINT('Origin',(193.,-3.,-14.456468294486));
#3208=CARTESIAN_POINT('Origin',(167.689228688246,-1.,14.4052291520439));
#3209=CARTESIAN_POINT('',(188.983596777325,1.,1.01548710380514));
#3210=CARTESIAN_POINT('',(186.591878851189,-3.,-2.19070773771692));
#3211=CARTESIAN_POINT('',(188.983596777325,1.,1.01548710380514));
#3212=CARTESIAN_POINT('',(166.493369725179,-3.,12.8021317312829));
#3213=CARTESIAN_POINT('',(168.885087651314,1.,16.0083265728049));
#3214=CARTESIAN_POINT('Origin',(183.004301961986,-1.,-7.));
#3215=CARTESIAN_POINT('',(183.004301961986,1.,3.));
#3216=CARTESIAN_POINT('Origin',(183.004301961986,1.,-7.));
#3217=CARTESIAN_POINT('',(183.004301961986,-3.,-1.00000000000002));
#3218=CARTESIAN_POINT('',(183.004301961986,1.,3.));
#3219=CARTESIAN_POINT('Origin',(183.004301961986,-3.,-7.));
#3220=CARTESIAN_POINT('Origin',(56.7504954426372,-1.,0.999999999999984));
#3221=CARTESIAN_POINT('',(19.6753653277436,1.,2.99999999999998));
#3222=CARTESIAN_POINT('',(19.6753653277436,-3.,-1.00000000000002));
#3223=CARTESIAN_POINT('',(19.6753653277436,1.,2.99999999999998));
#3224=CARTESIAN_POINT('',(56.7504954426372,-3.,-1.00000000000002));
#3225=CARTESIAN_POINT('',(56.7504954426372,1.,2.99999999999998));
#3226=CARTESIAN_POINT('Origin',(19.6753653277436,-1.,-7.00000000000002));
#3227=CARTESIAN_POINT('',(10.7349586994659,1.,-2.52014181909199));
#3228=CARTESIAN_POINT('Origin',(19.6753653277436,1.,-7.00000000000002));
#3229=CARTESIAN_POINT('',(14.311121350777,-3.,-4.3120850914552));
#3230=CARTESIAN_POINT('',(10.7349586994659,1.,-2.52014181909199));
#3231=CARTESIAN_POINT('Origin',(19.6753653277436,-3.,-7.00000000000002));
#3232=CARTESIAN_POINT('Origin',(7.11726164558443,-1.,-14.2043694454704));
#3233=CARTESIAN_POINT('',(-1.94040662827768,1.,-27.816237279201));
#3234=CARTESIAN_POINT('',(1.6357560230334,-3.,-29.6081805515643));
#3235=CARTESIAN_POINT('',(-1.94040662827768,1.,-27.816237279201));
#3236=CARTESIAN_POINT('',(8.90534297123997,-3.,-15.100341081652));
#3237=CARTESIAN_POINT('',(5.3291803199289,1.,-13.3083978092888));
#3238=CARTESIAN_POINT('Origin',(7.,-1.,-32.2960954601091));
#3239=CARTESIAN_POINT('',(-3.,1.,-32.2960954601091));
#3240=CARTESIAN_POINT('Origin',(7.,1.,-32.2960954601091));
#3241=CARTESIAN_POINT('',(0.999999999999999,-3.,-32.2960954601091));
#3242=CARTESIAN_POINT('',(-3.,1.,-32.2960954601091));
#3243=CARTESIAN_POINT('Origin',(7.,-3.,-32.2960954601091));
#3244=CARTESIAN_POINT('Origin',(-0.999999999999997,-1.,-44.8595715950818));
#3245=CARTESIAN_POINT('',(-3.,1.,-47.403904539891));
#3246=CARTESIAN_POINT('',(1.00000000000001,-3.,-47.403904539891));
#3247=CARTESIAN_POINT('',(-3.,1.,-47.403904539891));
#3248=CARTESIAN_POINT('',(1.00000000000001,-3.,-44.8595715950818));
#3249=CARTESIAN_POINT('',(-3.,1.,-44.8595715950818));
#3250=CARTESIAN_POINT('Origin',(7.,-1.,-47.403904539891));
#3251=CARTESIAN_POINT('Origin',(7.,1.,-47.403904539891));
#3252=CARTESIAN_POINT('Origin',(7.,-3.,-47.403904539891));
#3253=CARTESIAN_POINT('Origin',(193.,-3.,-14.456468294486));
#3254=CARTESIAN_POINT('',(203.,29.,-14.456468294486));
#3255=CARTESIAN_POINT('',(203.,-3.,-14.456468294486));
#3256=CARTESIAN_POINT('',(198.979294815339,29.,-6.44098119068089));
#3257=CARTESIAN_POINT('Origin',(193.,29.,-14.456468294486));
#3258=CARTESIAN_POINT('',(198.979294815339,-3.,-6.44098119068088));
#3259=CARTESIAN_POINT('Origin',(203.,-3.,-9.44029755827112));
#3260=CARTESIAN_POINT('',(203.,29.,-65.4435317055141));
#3261=CARTESIAN_POINT('',(203.,-3.,-65.4435317055141));
#3262=CARTESIAN_POINT('',(203.,29.,-70.459702441729));
#3263=CARTESIAN_POINT('Origin',(193.,-3.,-65.4435317055141));
#3264=CARTESIAN_POINT('',(198.979294815339,29.,-73.4590188093192));
#3265=CARTESIAN_POINT('',(198.979294815339,-3.,-73.4590188093192));
#3266=CARTESIAN_POINT('Origin',(193.,29.,-65.4435317055141));
#3267=CARTESIAN_POINT('Origin',(203.,-3.,-70.459702441729));
#3268=CARTESIAN_POINT('',(188.983596777325,29.,-80.9154871038052));
#3269=CARTESIAN_POINT('',(188.983596777325,-3.,-80.9154871038052));
#3270=CARTESIAN_POINT('',(186.32327678675,29.,-82.9000000000001));
#3271=CARTESIAN_POINT('Origin',(183.004301961986,-3.,-72.9000000000001));
#3272=CARTESIAN_POINT('',(183.004301961986,29.,-82.9000000000001));
#3273=CARTESIAN_POINT('',(183.004301961986,-3.,-82.9000000000001));
#3274=CARTESIAN_POINT('Origin',(183.004301961986,29.,-72.9000000000001));
#3275=CARTESIAN_POINT('Origin',(186.32327678675,-3.,-82.9000000000001));
#3276=CARTESIAN_POINT('',(19.775581310465,29.,-82.9000000000001));
#3277=CARTESIAN_POINT('',(19.775581310465,-3.,-82.9000000000001));
#3278=CARTESIAN_POINT('',(30.7321987897629,29.,-82.9));
#3279=CARTESIAN_POINT('',(13.6012068679959,29.,-82.9000000000001));
#3280=CARTESIAN_POINT('',(30.7321987897629,14.3895630364909,-82.9000000000001));
#3281=CARTESIAN_POINT('',(30.7321987897629,29.,-82.9000000000001));
#3282=CARTESIAN_POINT('',(77.8692361167401,14.3895630364909,-82.9000000000001));
#3283=CARTESIAN_POINT('Ctrl Pts',(77.8694185499593,14.3901908906764,-82.9000000000002));
#3284=CARTESIAN_POINT('Ctrl Pts',(77.7087000104297,14.3008812384502,-82.9000000000002));
#3285=CARTESIAN_POINT('Ctrl Pts',(76.9614811586363,13.9308234320775,-82.9000000000002));
#3286=CARTESIAN_POINT('Ctrl Pts',(75.5611333284137,13.4924882222699,-82.9000000000001));
#3287=CARTESIAN_POINT('Ctrl Pts',(73.0000434695469,12.977667919878,-82.9000000000001));
#3288=CARTESIAN_POINT('Ctrl Pts',(69.7980228059607,12.6006394585256,-82.9000000000001));
#3289=CARTESIAN_POINT('Ctrl Pts',(64.6523742003224,12.2265100727019,-82.9000000000001));
#3290=CARTESIAN_POINT('Ctrl Pts',(59.0464663872512,12.0512294313643,-82.9000000000001));
#3291=CARTESIAN_POINT('Ctrl Pts',(53.8871312250234,12.0211812525297,-82.9000000000001));
#3292=CARTESIAN_POINT('Ctrl Pts',(48.6961184115275,12.0780767329165,-82.9));
#3293=CARTESIAN_POINT('Ctrl Pts',(43.9037601396885,12.2290076990758,-82.9000000000001));
#3294=CARTESIAN_POINT('Ctrl Pts',(38.7698586156867,12.6031936515609,-82.9));
#3295=CARTESIAN_POINT('Ctrl Pts',(35.5776094476445,12.981844829503,-82.9000000000001));
#3296=CARTESIAN_POINT('Ctrl Pts',(33.0603169477913,13.4877626044798,-82.9000000000001));
#3297=CARTESIAN_POINT('Ctrl Pts',(31.6376076841847,13.9319429018664,-82.9000000000001));
#3298=CARTESIAN_POINT('Ctrl Pts',(30.8926610427117,14.3003119648632,-82.9000000000001));
#3299=CARTESIAN_POINT('Ctrl Pts',(30.73288275574,14.3889792757088,-82.9000000000001));
#3300=CARTESIAN_POINT('',(77.8692361167401,29.,-82.9000000000001));
#3301=CARTESIAN_POINT('',(77.8692361167401,29.,-82.9000000000001));
#3302=CARTESIAN_POINT('',(122.13076388326,29.,-82.9000000000001));
#3303=CARTESIAN_POINT('',(13.6012068679959,29.,-82.9000000000001));
#3304=CARTESIAN_POINT('',(122.13076388326,14.389563036491,-82.9000000000001));
#3305=CARTESIAN_POINT('',(122.13076388326,29.,-82.9000000000001));
#3306=CARTESIAN_POINT('',(169.267801210237,14.3895630364909,-82.9000000000001));
#3307=CARTESIAN_POINT('Ctrl Pts',(169.267530045523,14.3900511276243,-82.9000000000001));
#3308=CARTESIAN_POINT('Ctrl Pts',(169.106905961456,14.3008145112484,-82.9000000000001));
#3309=CARTESIAN_POINT('Ctrl Pts',(168.359749229171,13.9308387893611,-82.9000000000001));
#3310=CARTESIAN_POINT('Ctrl Pts',(166.959493399052,13.4924771312015,-82.9000000000001));
#3311=CARTESIAN_POINT('Ctrl Pts',(164.398902768521,12.9773214496554,-82.9000000000001));
#3312=CARTESIAN_POINT('Ctrl Pts',(161.196320459664,12.6003912461356,-82.9000000000001));
#3313=CARTESIAN_POINT('Ctrl Pts',(156.050255614755,12.2263128000216,-82.9000000000001));
#3314=CARTESIAN_POINT('Ctrl Pts',(150.445126757771,12.0522252773512,-82.9000000000001));
#3315=CARTESIAN_POINT('Ctrl Pts',(145.287188482938,12.0212660374337,-82.9000000000001));
#3316=CARTESIAN_POINT('Ctrl Pts',(140.094321976101,12.0775108488666,-82.9000000000001));
#3317=CARTESIAN_POINT('Ctrl Pts',(135.30193348973,12.2291460390866,-82.9000000000001));
#3318=CARTESIAN_POINT('Ctrl Pts',(130.167150413033,12.602739236902,-82.9000000000001));
#3319=CARTESIAN_POINT('Ctrl Pts',(126.976669318912,12.9821687231068,-82.9000000000001));
#3320=CARTESIAN_POINT('Ctrl Pts',(124.458777070548,13.4877827688995,-82.9000000000001));
#3321=CARTESIAN_POINT('Ctrl Pts',(123.035897945022,13.9320702209204,-82.9000000000001));
#3322=CARTESIAN_POINT('Ctrl Pts',(122.290701920248,14.3005859254001,-82.9000000000001));
#3323=CARTESIAN_POINT('Ctrl Pts',(122.130680804762,14.3894137265735,-82.9000000000001));
#3324=CARTESIAN_POINT('',(169.267801210237,29.,-82.9000000000001));
#3325=CARTESIAN_POINT('',(169.267801210237,29.,-82.9000000000001));
#3326=CARTESIAN_POINT('',(13.6012068679959,29.,-82.9000000000001));
#3327=CARTESIAN_POINT('Origin',(19.775581310465,-3.,-72.9000000000001));
#3328=CARTESIAN_POINT('',(10.8351746821874,29.,-77.3798581809081));
#3329=CARTESIAN_POINT('',(10.8351746821874,-3.,-77.3798581809081));
#3330=CARTESIAN_POINT('Origin',(19.775581310465,29.,-72.9000000000001));
#3331=CARTESIAN_POINT('Origin',(13.6012068679959,-3.,-82.9000000000001));
#3332=CARTESIAN_POINT('',(-1.94040662827768,29.,-51.8837627207991));
#3333=CARTESIAN_POINT('',(-1.94040662827768,-3.,-51.8837627207991));
#3334=CARTESIAN_POINT('',(-3.,29.,-49.7691431901636));
#3335=CARTESIAN_POINT('Origin',(100.,-3.,-39.9500000000001));
#3336=CARTESIAN_POINT('Ctrl Pts',(31.3158069522702,17.,-82.6078121274387));
#3337=CARTESIAN_POINT('Ctrl Pts',(31.3158109521973,17.,-82.6078121516012));
#3338=CARTESIAN_POINT('Ctrl Pts',(31.3557160872945,17.,-82.59764470633));
#3339=CARTESIAN_POINT('Ctrl Pts',(31.5567271026603,17.,-82.5517893288216));
#3340=CARTESIAN_POINT('Ctrl Pts',(31.9360368316344,17.,-82.4803922105827));
#3341=CARTESIAN_POINT('Ctrl Pts',(32.6776278386221,17.,-82.3679711671418));
#3342=CARTESIAN_POINT('Ctrl Pts',(33.9278089524003,17.,-82.2276818521843));
#3343=CARTESIAN_POINT('Ctrl Pts',(36.1675975424439,17.,-82.0448074881834));
#3344=CARTESIAN_POINT('Ctrl Pts',(39.176728052331,17.,-81.8751453024953));
#3345=CARTESIAN_POINT('Ctrl Pts',(44.1258160610587,17.,-81.6896462373454));
#3346=CARTESIAN_POINT('Ctrl Pts',(48.8110484465976,17.,-81.6038076033163));
#3347=CARTESIAN_POINT('Ctrl Pts',(53.8954126598471,17.,-81.5729533255808));
#3348=CARTESIAN_POINT('Ctrl Pts',(58.950603030025,17.,-81.5887273718996));
#3349=CARTESIAN_POINT('Ctrl Pts',(64.4320899920007,17.,-81.6884856207574));
#3350=CARTESIAN_POINT('Ctrl Pts',(69.3919341016569,17.,-81.8737808809525));
#3351=CARTESIAN_POINT('Ctrl Pts',(72.4126687601218,17.,-82.0430043843795));
#3352=CARTESIAN_POINT('Ctrl Pts',(74.6907742724416,17.,-82.2292614509416));
#3353=CARTESIAN_POINT('Ctrl Pts',(75.9204250321112,17.,-82.3675804730976));
#3354=CARTESIAN_POINT('Ctrl Pts',(76.6665057977546,17.,-82.4805062195249));
#3355=CARTESIAN_POINT('Ctrl Pts',(77.0451853220107,17.,-82.5518945399519));
#3356=CARTESIAN_POINT('Ctrl Pts',(77.2457988935252,17.,-82.5976930869309));
#3357=CARTESIAN_POINT('Ctrl Pts',(77.2856239543057,17.,-82.6078121516012));
#3358=CARTESIAN_POINT('Ctrl Pts',(77.2856279542327,17.,-82.6078121274387));
#3359=CARTESIAN_POINT('Ctrl Pts',(30.5316425183571,17.,-82.8016498633328));
#3360=CARTESIAN_POINT('Ctrl Pts',(30.5316425183571,16.8935648833475,-82.8016498633328));
#3361=CARTESIAN_POINT('Ctrl Pts',(30.6034797670014,16.6818549681463,-82.798173939777));
#3362=CARTESIAN_POINT('Ctrl Pts',(30.9194870129882,16.4144220575566,-82.7825523614679));
#3363=CARTESIAN_POINT('Ctrl Pts',(31.4240566596162,16.2159099320866,-82.7581621428031));
#3364=CARTESIAN_POINT('Ctrl Pts',(32.3002824916187,16.0271710539756,-82.7195960399245));
#3365=CARTESIAN_POINT('Ctrl Pts',(33.6521919867025,15.8822704910702,-82.6709915201527));
#3366=CARTESIAN_POINT('Ctrl Pts',(35.9828219956417,15.7383339213516,-82.6071541604519));
#3367=CARTESIAN_POINT('Ctrl Pts',(39.0508820620762,15.6372499964235,-82.546588112252));
#3368=CARTESIAN_POINT('Ctrl Pts',(44.0582637691593,15.5424379096639,-82.4802968936151));
#3369=CARTESIAN_POINT('Ctrl Pts',(48.7762123876266,15.5070051513073,-82.4488287532253));
#3370=CARTESIAN_POINT('Ctrl Pts',(53.8929094800478,15.4933883224736,-82.4376890259222));
#3371=CARTESIAN_POINT('Ctrl Pts',(58.9796203402371,15.5006635095434,-82.4433044725895));
#3372=CARTESIAN_POINT('Ctrl Pts',(64.4990778975957,15.5417704645574,-82.4797989329159));
#3373=CARTESIAN_POINT('Ctrl Pts',(69.5175440926997,15.6366906858505,-82.5462861121117));
#3374=CARTESIAN_POINT('Ctrl Pts',(72.5965912630921,15.7371000073312,-82.606260148701));
#3375=CARTESIAN_POINT('Ctrl Pts',(74.967335810254,15.8836011694655,-82.6714073238419));
#3376=CARTESIAN_POINT('Ctrl Pts',(76.2972463006338,16.0266068019822,-82.7194585395293));
#3377=CARTESIAN_POINT('Ctrl Pts',(77.1787326555475,16.2164296266741,-82.7581839788779));
#3378=CARTESIAN_POINT('Ctrl Pts',(77.682698601941,16.4154126194657,-82.7825589729069));
#3379=CARTESIAN_POINT('Ctrl Pts',(77.9983097907539,16.6818978713711,-82.7981710932379));
#3380=CARTESIAN_POINT('Ctrl Pts',(78.0697923881459,16.8943455540578,-82.8016498633328));
#3381=CARTESIAN_POINT('Ctrl Pts',(78.0697923881459,17.,-82.8016498633328));
#3382=CARTESIAN_POINT('Ctrl Pts',(29.72391830955,17.,-82.9000000000001));
#3383=CARTESIAN_POINT('Ctrl Pts',(29.72391830955,16.7839300066705,-82.9000000000001));
#3384=CARTESIAN_POINT('Ctrl Pts',(29.8277473054412,16.3541461244662,-82.899977545614));
#3385=CARTESIAN_POINT('Ctrl Pts',(30.25903734685,15.8082977607815,-82.8999652193946));
#3386=CARTESIAN_POINT('Ctrl Pts',(30.8893772157904,15.398096826036,-82.8999796029439));
#3387=CARTESIAN_POINT('Ctrl Pts',(31.9011797917173,15.0008213294741,-82.9000508571092));
#3388=CARTESIAN_POINT('Ctrl Pts',(33.3563026862889,14.6851964763953,-82.9000959377781));
#3389=CARTESIAN_POINT('Ctrl Pts',(35.7802704205188,14.3604415216164,-82.9003533563414));
#3390=CARTESIAN_POINT('Ctrl Pts',(38.910423951993,14.1207540800269,-82.900008665408));
#3391=CARTESIAN_POINT('Ctrl Pts',(43.9810539569004,13.8865672380994,-82.9003167587321));
#3392=CARTESIAN_POINT('Ctrl Pts',(48.7361900386515,13.7935393022325,-82.9000718064989));
#3393=CARTESIAN_POINT('Ctrl Pts',(53.890022726089,13.7583493725432,-82.9001426675664));
#3394=CARTESIAN_POINT('Ctrl Pts',(59.0130220212253,13.776971629215,-82.9000307422049));
#3395=CARTESIAN_POINT('Ctrl Pts',(64.5756837009087,13.8849804316337,-82.9002360277997));
#3396=CARTESIAN_POINT('Ctrl Pts',(69.6577303697788,14.1192146186594,-82.9002032187471));
#3397=CARTESIAN_POINT('Ctrl Pts',(72.7982631280219,14.3577191675197,-82.9000858418404));
#3398=CARTESIAN_POINT('Ctrl Pts',(75.2641868559219,14.6882142766147,-82.8999581720132));
#3399=CARTESIAN_POINT('Ctrl Pts',(76.6958214609505,14.9996250291236,-82.9000483415534));
#3400=CARTESIAN_POINT('Ctrl Pts',(77.7136598469826,15.3991737458257,-82.8999615210392));
#3401=CARTESIAN_POINT('Ctrl Pts',(78.3434214070759,15.8103249983071,-82.8999354725363));
#3402=CARTESIAN_POINT('Ctrl Pts',(78.7743164442215,16.3542474458804,-82.8999581686666));
#3403=CARTESIAN_POINT('Ctrl Pts',(78.877516596953,16.7855148174028,-82.9000000000001));
#3404=CARTESIAN_POINT('Ctrl Pts',(78.877516596953,17.,-82.9000000000001));
#3405=CARTESIAN_POINT('Ctrl Pts',(28.9161478030813,17.,-82.9000000000001));
#3406=CARTESIAN_POINT('Ctrl Pts',(28.9161478030813,16.6742879552418,-82.9000000000001));
#3407=CARTESIAN_POINT('Ctrl Pts',(29.0519672154472,16.0264196123187,-82.9000000000001));
#3408=CARTESIAN_POINT('Ctrl Pts',(29.5985330235762,15.2021298752694,-82.9000000000001));
#3409=CARTESIAN_POINT('Ctrl Pts',(30.3546324359637,14.5801933987072,-82.9000000000001));
#3410=CARTESIAN_POINT('Ctrl Pts',(31.5019959758586,13.9742818747502,-82.9000000000001));
#3411=CARTESIAN_POINT('Ctrl Pts',(33.0603169477913,13.4877626044798,-82.9000000000001));
#3412=CARTESIAN_POINT('Ctrl Pts',(35.5776094476445,12.981844829503,-82.9000000000001));
#3413=CARTESIAN_POINT('Ctrl Pts',(38.7698586156867,12.6031936515609,-82.9));
#3414=CARTESIAN_POINT('Ctrl Pts',(43.9037601396885,12.2290076990758,-82.9000000000001));
#3415=CARTESIAN_POINT('Ctrl Pts',(48.6961184115275,12.0780767329165,-82.9));
#3416=CARTESIAN_POINT('Ctrl Pts',(53.8871312250234,12.0211812525297,-82.9000000000001));
#3417=CARTESIAN_POINT('Ctrl Pts',(59.0464663872512,12.0512294313643,-82.9000000000001));
#3418=CARTESIAN_POINT('Ctrl Pts',(64.6523742003224,12.2265100727019,-82.9000000000001));
#3419=CARTESIAN_POINT('Ctrl Pts',(69.7980228059607,12.6006394585256,-82.9000000000001));
#3420=CARTESIAN_POINT('Ctrl Pts',(73.0000434695469,12.977667919878,-82.9000000000001));
#3421=CARTESIAN_POINT('Ctrl Pts',(75.5611333284137,13.4924882222699,-82.9000000000001));
#3422=CARTESIAN_POINT('Ctrl Pts',(77.0944779781518,13.9724539381045,-82.9000000000002));
#3423=CARTESIAN_POINT('Ctrl Pts',(78.2486522833157,14.5818303029368,-82.9000000000002));
#3424=CARTESIAN_POINT('Ctrl Pts',(79.0041985856917,15.2051978702587,-82.9000000000002));
#3425=CARTESIAN_POINT('Ctrl Pts',(79.5503705159338,16.026581897761,-82.9000000000001));
#3426=CARTESIAN_POINT('Ctrl Pts',(79.6852871034217,16.6766769586207,-82.9000000000001));
#3427=CARTESIAN_POINT('Ctrl Pts',(79.6852871034217,17.,-82.9000000000001));
#3428=CARTESIAN_POINT('',(77.2856239543057,17.,-82.6078121516012));
#3429=CARTESIAN_POINT('Ctrl Pts',(77.8692361167401,14.3895630364909,-82.9000000000001));
#3430=CARTESIAN_POINT('Ctrl Pts',(77.8692361167401,14.6209046097212,-82.9000000000001));
#3431=CARTESIAN_POINT('Ctrl Pts',(77.8697978765462,14.8483005802488,-82.8938699130114));
#3432=CARTESIAN_POINT('Ctrl Pts',(77.8648351081555,15.2823187551564,-82.8724025586155));
#3433=CARTESIAN_POINT('Ctrl Pts',(77.8592399821175,15.500847461554,-82.8567818602311));
#3434=CARTESIAN_POINT('Ctrl Pts',(77.8274572687755,15.9007456936109,-82.8193914787983));
#3435=CARTESIAN_POINT('Ctrl Pts',(77.8022914655122,16.096665097625,-82.7971904960414));
#3436=CARTESIAN_POINT('Ctrl Pts',(77.7039135987257,16.500495676962,-82.7407757334271));
#3437=CARTESIAN_POINT('Ctrl Pts',(77.6378454162498,16.6424235206554,-82.7141492789134));
#3438=CARTESIAN_POINT('Ctrl Pts',(77.5359537306465,16.8108630715674,-82.6780487126055));
#3439=CARTESIAN_POINT('Ctrl Pts',(77.4907410557303,16.8662038131903,-82.663820834415));
#3440=CARTESIAN_POINT('Ctrl Pts',(77.4238222876092,16.9293758758261,-82.6442680409895));
#3441=CARTESIAN_POINT('Ctrl Pts',(77.3982392494231,16.9498990240829,-82.6370904037847));
#3442=CARTESIAN_POINT('Ctrl Pts',(77.3582793584926,16.974424178258,-82.6263679138935));
#3443=CARTESIAN_POINT('Ctrl Pts',(77.3446468561116,16.9816845945816,-82.6227812417032));
#3444=CARTESIAN_POINT('Ctrl Pts',(77.3232710161205,16.990723537031,-82.6172721340966));
#3445=CARTESIAN_POINT('Ctrl Pts',(77.3154508850282,16.9935892224868,-82.6152782816449));
#3446=CARTESIAN_POINT('Ctrl Pts',(77.3038162624335,16.9969297338944,-82.6123443282959));
#3447=CARTESIAN_POINT('Ctrl Pts',(77.2998469162497,16.9979172310021,-82.6113486937517));
#3448=CARTESIAN_POINT('Ctrl Pts',(77.2940251725725,16.9990451234773,-82.609896240259));
#3449=CARTESIAN_POINT('Ctrl Pts',(77.2920507069892,16.9993746485105,-82.609404926715));
#3450=CARTESIAN_POINT('Ctrl Pts',(77.2892160824822,16.999734977572,-82.6087014164253));
#3451=CARTESIAN_POINT('Ctrl Pts',(77.2882750252628,16.9998368532245,-82.6084681504045));
#3452=CARTESIAN_POINT('Ctrl Pts',(77.2869811709865,16.9999388947889,-82.6081478266522));
#3453=CARTESIAN_POINT('Ctrl Pts',(77.2865783272492,16.9999655606576,-82.608048146093));
#3454=CARTESIAN_POINT('Ctrl Pts',(77.2860784857821,16.9999881047704,-82.6079245279253));
#3455=CARTESIAN_POINT('Ctrl Pts',(77.2859571625395,16.9999927586551,-82.6078945276866));
#3456=CARTESIAN_POINT('Ctrl Pts',(77.2857765113894,16.9999977718066,-82.6078498641207));
#3457=CARTESIAN_POINT('Ctrl Pts',(77.2857076985651,16.9999992855524,-82.6078328526465));
#3458=CARTESIAN_POINT('Ctrl Pts',(77.2856408567259,16.9999999198116,-82.607816329715));
#3459=CARTESIAN_POINT('Ctrl Pts',(77.2856155030331,17.,-82.6078100625407));
#3460=CARTESIAN_POINT('Ctrl Pts',(77.2856239543057,17.,-82.6078121516012));
#3461=CARTESIAN_POINT('',(31.3158109521973,17.,-82.6078121516012));
#3462=CARTESIAN_POINT('Ctrl Pts',(31.3158109521973,17.,-82.6078121516012));
#3463=CARTESIAN_POINT('Ctrl Pts',(31.3158038692467,17.,-82.6078139024278));
#3464=CARTESIAN_POINT('Ctrl Pts',(31.3157923804072,16.9999999043413,-82.6078167423735));
#3465=CARTESIAN_POINT('Ctrl Pts',(31.3157248438632,16.9999992597179,-82.6078334370367));
#3466=CARTESIAN_POINT('Ctrl Pts',(31.3156534096846,16.9999976631669,-82.6078510965979));
#3467=CARTESIAN_POINT('Ctrl Pts',(31.3154706695123,16.9999925057498,-82.6078962769454));
#3468=CARTESIAN_POINT('Ctrl Pts',(31.3153499431272,16.99998783971,-82.6079261297782));
#3469=CARTESIAN_POINT('Ctrl Pts',(31.3148486195791,16.9999651096681,-82.6080501151524));
#3470=CARTESIAN_POINT('Ctrl Pts',(31.3144438825939,16.9999382197066,-82.6081502649786));
#3471=CARTESIAN_POINT('Ctrl Pts',(31.3131471791986,16.9998356083909,-82.6084712974598));
#3472=CARTESIAN_POINT('Ctrl Pts',(31.312205389522,16.9997334541764,-82.6087047477846));
#3473=CARTESIAN_POINT('Ctrl Pts',(31.3093706021629,16.9993725266321,-82.6094083075085));
#3474=CARTESIAN_POINT('Ctrl Pts',(31.307397137245,16.9990429000127,-82.6098993778816));
#3475=CARTESIAN_POINT('Ctrl Pts',(31.3015782803714,16.9979149058214,-82.6113511266746));
#3476=CARTESIAN_POINT('Ctrl Pts',(31.2976112921467,16.9969277613846,-82.6123461775669));
#3477=CARTESIAN_POINT('Ctrl Pts',(31.2859814975685,16.9935882172416,-82.6152789276311));
#3478=CARTESIAN_POINT('Ctrl Pts',(31.2781642037267,16.9907235567847,-82.6172720586965));
#3479=CARTESIAN_POINT('Ctrl Pts',(31.2567925634853,16.9816867111432,-82.6227800686715));
#3480=CARTESIAN_POINT('Ctrl Pts',(31.2431616268111,16.9744274811989,-82.6263663096575));
#3481=CARTESIAN_POINT('Ctrl Pts',(31.2032002737755,16.9499027538245,-82.6370891086422));
#3482=CARTESIAN_POINT('Ctrl Pts',(31.1776145607152,16.9293777333815,-82.6442674716633));
#3483=CARTESIAN_POINT('Ctrl Pts',(31.1106931920737,16.86620314557,-82.6638210305328));
#3484=CARTESIAN_POINT('Ctrl Pts',(31.0654800496524,16.8108616621093,-82.6780490701008));
#3485=CARTESIAN_POINT('Ctrl Pts',(30.963588070075,16.6424205711658,-82.7141498373311));
#3486=CARTESIAN_POINT('Ctrl Pts',(30.8975195215882,16.5004914660226,-82.7407764946396));
#3487=CARTESIAN_POINT('Ctrl Pts',(30.7991411869716,16.0966532287253,-82.7971920091383));
#3488=CARTESIAN_POINT('Ctrl Pts',(30.773975644403,15.9007293250569,-82.819393282935));
#3489=CARTESIAN_POINT('Ctrl Pts',(30.7421943457119,15.5008305387208,-82.8567831390561));
#3490=CARTESIAN_POINT('Ctrl Pts',(30.7365995533827,15.2823058443768,-82.8724033347062));
#3491=CARTESIAN_POINT('Ctrl Pts',(30.7316370579568,14.8482941005392,-82.8938700892935));
#3492=CARTESIAN_POINT('Ctrl Pts',(30.7321987897629,14.6209012833672,-82.9000000000001));
#3493=CARTESIAN_POINT('Ctrl Pts',(30.7321987897629,14.3895630364909,-82.9000000000001));
#3494=CARTESIAN_POINT('Origin',(54.3007174532515,17.,-82.9000000000001));
#3495=CARTESIAN_POINT('Ctrl Pts',(30.7321987897629,29.,-82.9000000000001));
#3496=CARTESIAN_POINT('Ctrl Pts',(30.7321987897627,29.,-81.5788368538956));
#3497=CARTESIAN_POINT('Ctrl Pts',(54.3007174532515,29.,-81.5788368538956));
#3498=CARTESIAN_POINT('Ctrl Pts',(77.8692361167403,29.,-81.5788368538956));
#3499=CARTESIAN_POINT('Ctrl Pts',(77.8692361167401,29.,-82.9000000000001));
#3500=CARTESIAN_POINT('Ctrl Pts',(30.7321987897629,14.3895630364909,-82.9000000000001));
#3501=CARTESIAN_POINT('Ctrl Pts',(30.7321987897627,14.3895630364909,-81.5788368538956));
#3502=CARTESIAN_POINT('Ctrl Pts',(54.3007174532515,14.3895630364909,-81.5788368538956));
#3503=CARTESIAN_POINT('Ctrl Pts',(77.8692361167403,14.3895630364909,-81.5788368538956));
#3504=CARTESIAN_POINT('Ctrl Pts',(77.8692361167401,14.3895630364909,-82.9000000000001));
#3505=CARTESIAN_POINT('Origin',(54.3007174532515,29.,-82.9000000000001));
#3506=CARTESIAN_POINT('Ctrl Pts',(77.2856279542328,17.,2.70781212743856));
#3507=CARTESIAN_POINT('Ctrl Pts',(77.2856239543057,17.,2.70781215160111));
#3508=CARTESIAN_POINT('Ctrl Pts',(77.2456948696834,17.,2.69764153124745));
#3509=CARTESIAN_POINT('Ctrl Pts',(77.044615268807,17.,2.65177646535366));
#3510=CARTESIAN_POINT('Ctrl Pts',(76.665300657681,17.,2.5803753632616));
#3511=CARTESIAN_POINT('Ctrl Pts',(75.9235295635143,17.,2.46793759460521));
#3512=CARTESIAN_POINT('Ctrl Pts',(74.6734868019582,17.,2.32765249237327));
#3513=CARTESIAN_POINT('Ctrl Pts',(72.4326937617121,17.,2.14474053465215));
#3514=CARTESIAN_POINT('Ctrl Pts',(69.4257222079024,17.,1.97523792009566));
#3515=CARTESIAN_POINT('Ctrl Pts',(64.4751970546077,17.,1.78962590021368));
#3516=CARTESIAN_POINT('Ctrl Pts',(59.790853365273,17.,1.70379025787217));
#3517=CARTESIAN_POINT('Ctrl Pts',(54.7057057337118,17.,1.67295179474648));
#3518=CARTESIAN_POINT('Ctrl Pts',(49.6508437946787,17.,1.68872958946914));
#3519=CARTESIAN_POINT('Ctrl Pts',(44.1694058239815,17.,1.78849997924399));
#3520=CARTESIAN_POINT('Ctrl Pts',(39.209585307381,17.,1.97377902850741));
#3521=CARTESIAN_POINT('Ctrl Pts',(36.1887844466549,17.,2.14299872623556));
#3522=CARTESIAN_POINT('Ctrl Pts',(33.9106336899524,17.,2.32924897958318));
#3523=CARTESIAN_POINT('Ctrl Pts',(32.6810062199414,17.,2.46757920412817));
#3524=CARTESIAN_POINT('Ctrl Pts',(31.9349119863157,17.,2.58050587863485));
#3525=CARTESIAN_POINT('Ctrl Pts',(31.5562465094661,17.,2.65189339510435));
#3526=CARTESIAN_POINT('Ctrl Pts',(31.3556382316891,17.,2.6976917213709));
#3527=CARTESIAN_POINT('Ctrl Pts',(31.3158109521972,17.,2.70781215160111));
#3528=CARTESIAN_POINT('Ctrl Pts',(31.3158069522702,17.,2.70781212743855));
#3529=CARTESIAN_POINT('Ctrl Pts',(78.0697923881459,17.,2.90164986333269));
#3530=CARTESIAN_POINT('Ctrl Pts',(78.0697923881459,16.8935648833475,2.90164986333269));
#3531=CARTESIAN_POINT('Ctrl Pts',(77.9979427907747,16.6818743844147,2.8981707635475));
#3532=CARTESIAN_POINT('Ctrl Pts',(77.6818631629157,16.4144440950755,2.88253735695375));
#3533=CARTESIAN_POINT('Ctrl Pts',(77.1772855721616,16.2159358175301,2.85814113287433));
#3534=CARTESIAN_POINT('Ctrl Pts',(76.3008837396932,16.027202233257,2.81954882701073));
#3535=CARTESIAN_POINT('Ctrl Pts',(74.9490938909548,15.8822731779437,2.77093156606885));
#3536=CARTESIAN_POINT('Ctrl Pts',(72.6175714928219,15.7384557189676,2.70697036854965));
#3537=CARTESIAN_POINT('Ctrl Pts',(69.5515691903151,15.6371966777999,2.64656886695888));
#3538=CARTESIAN_POINT('Ctrl Pts',(64.5427745292077,15.5424884865777,2.58025270050112));
#3539=CARTESIAN_POINT('Ctrl Pts',(59.8256764485851,15.5069153571461,2.54873120714954));
#3540=CARTESIAN_POINT('Ctrl Pts',(54.7081686702875,15.4933811112529,2.53764325067846));
#3541=CARTESIAN_POINT('Ctrl Pts',(49.6218275995318,15.5006482269531,2.54325396473395));
#3542=CARTESIAN_POINT('Ctrl Pts',(44.1023534270912,15.5418137939335,2.57972634045913));
#3543=CARTESIAN_POINT('Ctrl Pts',(39.0839543869492,15.6366924277422,2.64621006453013));
#3544=CARTESIAN_POINT('Ctrl Pts',(36.0048450735157,15.7371057360251,2.70622401735828));
#3545=CARTESIAN_POINT('Ctrl Pts',(33.6340731794366,15.8835936697384,2.77138614183547));
#3546=CARTESIAN_POINT('Ctrl Pts',(32.3041689021821,16.0266077809197,2.81945710227343));
#3547=CARTESIAN_POINT('Ctrl Pts',(31.4226762254712,16.2164173108619,2.85818589895339));
#3548=CARTESIAN_POINT('Ctrl Pts',(30.9187244315786,16.4154030790356,2.88256133335145));
#3549=CARTESIAN_POINT('Ctrl Pts',(30.6031228892362,16.6818891377123,2.89817311825925));
#3550=CARTESIAN_POINT('Ctrl Pts',(30.531642518357,16.8943455540577,2.90164986333268));
#3551=CARTESIAN_POINT('Ctrl Pts',(30.531642518357,17.,2.90164986333268));
#3552=CARTESIAN_POINT('Ctrl Pts',(78.8775165969531,17.,2.99999999999999));
#3553=CARTESIAN_POINT('Ctrl Pts',(78.8775165969531,16.7839300066705,2.99999999999999));
#3554=CARTESIAN_POINT('Ctrl Pts',(78.7736865720628,16.3541860312847,2.99997547369072));
#3555=CARTESIAN_POINT('Ctrl Pts',(78.3423197736435,15.8083441780148,2.99995458782651));
#3556=CARTESIAN_POINT('Ctrl Pts',(77.7119684000211,15.3981520929203,2.99996430386145));
#3557=CARTESIAN_POINT('Ctrl Pts',(76.6999930922173,15.0008909174085,3.00001494019508));
#3558=CARTESIAN_POINT('Ctrl Pts',(75.2449702091822,14.6852139066068,3.00004558424939));
#3559=CARTESIAN_POINT('Ctrl Pts',(72.8202200922341,14.3607277754221,3.00019129708962));
#3560=CARTESIAN_POINT('Ctrl Pts',(69.6920254723996,14.1206776859399,2.99995686297242));
#3561=CARTESIAN_POINT('Ctrl Pts',(64.6200066936135,13.8866744801074,3.00027990403212));
#3562=CARTESIAN_POINT('Ctrl Pts',(59.8656853738544,13.7934021557416,2.99997676504907));
#3563=CARTESIAN_POINT('Ctrl Pts',(54.7110119373529,13.7583557359879,3.00009606150814));
#3564=CARTESIAN_POINT('Ctrl Pts',(49.5884291492775,13.7769647745312,2.99997805650941));
#3565=CARTESIAN_POINT('Ctrl Pts',(44.0256847751777,13.8850985032486,3.00015725844086));
#3566=CARTESIAN_POINT('Ctrl Pts',(38.943750125337,14.119243461923,3.00012675256991));
#3567=CARTESIAN_POINT('Ctrl Pts',(35.8031590861969,14.3577387721175,3.00005151410788));
#3568=CARTESIAN_POINT('Ctrl Pts',(33.3372256159374,14.688201189788,2.99994125315249));
#3569=CARTESIAN_POINT('Ctrl Pts',(31.9055789043245,14.999626063056,3.0000475440209));
#3570=CARTESIAN_POINT('Ctrl Pts',(30.8877410736647,15.3991475245776,2.99996375407729));
#3571=CARTESIAN_POINT('Ctrl Pts',(30.2579934986933,15.8103042122,2.99993839638776));
#3572=CARTESIAN_POINT('Ctrl Pts',(29.8271120692541,16.3542287413252,2.99996075572655));
#3573=CARTESIAN_POINT('Ctrl Pts',(29.7239183095499,16.7855148174027,2.99999999999998));
#3574=CARTESIAN_POINT('Ctrl Pts',(29.7239183095499,17.,2.99999999999998));
#3575=CARTESIAN_POINT('Ctrl Pts',(79.6852871034218,17.,2.99999999999999));
#3576=CARTESIAN_POINT('Ctrl Pts',(79.6852871034218,16.6742879552418,2.99999999999999));
#3577=CARTESIAN_POINT('Ctrl Pts',(79.5494778913212,16.0264803024559,2.99999999999999));
#3578=CARTESIAN_POINT('Ctrl Pts',(79.0028307734578,15.2022019255152,2.99999999999999));
#3579=CARTESIAN_POINT('Ctrl Pts',(78.2467161204156,14.5802797415814,2.99999999999999));
#3580=CARTESIAN_POINT('Ctrl Pts',(77.0991828962597,13.9743940475184,2.99999999999999));
#3581=CARTESIAN_POINT('Ctrl Pts',(75.5409419097801,13.4878001804497,2.99999999999999));
#3582=CARTESIAN_POINT('Ctrl Pts',(73.0229766570022,12.9823162281704,2.99999999999999));
#3583=CARTESIAN_POINT('Ctrl Pts',(69.832587504348,12.6030993182261,2.99999999999999));
#3584=CARTESIAN_POINT('Ctrl Pts',(64.6973219940034,12.2291757687223,2.99999999999999));
#3585=CARTESIAN_POINT('Ctrl Pts',(59.9057432516231,12.0779077466688,2.99999999999999));
#3586=CARTESIAN_POINT('Ctrl Pts',(54.7138588992111,12.0212088979296,2.99999999999998));
#3587=CARTESIAN_POINT('Ctrl Pts',(49.5549887832234,12.0512396970748,2.99999999999998));
#3588=CARTESIAN_POINT('Ctrl Pts',(43.9489320371916,12.2267138656596,2.99999999999998));
#3589=CARTESIAN_POINT('Ctrl Pts',(38.8034407521605,12.6007047012605,2.99999999999998));
#3590=CARTESIAN_POINT('Ctrl Pts',(35.6013656134467,12.9777044402413,2.99999999999998));
#3591=CARTESIAN_POINT('Ctrl Pts',(33.0402835144093,13.4924703843433,2.99999999999998));
#3592=CARTESIAN_POINT('Ctrl Pts',(31.5069079876947,13.9724546287823,2.99999999999998));
#3593=CARTESIAN_POINT('Ctrl Pts',(30.3527410227347,14.5817895548563,2.99999999999998));
#3594=CARTESIAN_POINT('Ctrl Pts',(29.5972084339874,15.2051652552884,2.99999999999998));
#3595=CARTESIAN_POINT('Ctrl Pts',(29.0510539292887,16.0265528505785,2.99999999999998));
#3596=CARTESIAN_POINT('Ctrl Pts',(28.9161478030812,16.6766769586207,2.99999999999998));
#3597=CARTESIAN_POINT('Ctrl Pts',(28.9161478030812,17.,2.99999999999998));
#3598=CARTESIAN_POINT('',(30.7321987897629,14.3895630364908,2.99999999999998));
#3599=CARTESIAN_POINT('',(31.3158109521972,17.,2.70781215160111));
#3600=CARTESIAN_POINT('Ctrl Pts',(30.7321987897629,14.3895630364908,2.99999999999998));
#3601=CARTESIAN_POINT('Ctrl Pts',(30.7321987897629,14.6209046097209,2.99999999999998));
#3602=CARTESIAN_POINT('Ctrl Pts',(30.7316370299568,14.8483005802487,2.99386991301131));
#3603=CARTESIAN_POINT('Ctrl Pts',(30.7365997983475,15.2823187551564,2.97240255861536));
#3604=CARTESIAN_POINT('Ctrl Pts',(30.7421949243855,15.500847461554,2.95678186023099));
#3605=CARTESIAN_POINT('Ctrl Pts',(30.7739776377274,15.900745693611,2.91939147879816));
#3606=CARTESIAN_POINT('Ctrl Pts',(30.7991434409907,16.096665097625,2.89719049604127));
#3607=CARTESIAN_POINT('Ctrl Pts',(30.8975213077833,16.5004956769867,2.84077573342357));
#3608=CARTESIAN_POINT('Ctrl Pts',(30.9635894902642,16.6424235206736,2.8141492789094));
#3609=CARTESIAN_POINT('Ctrl Pts',(31.0654811758547,16.8108630715644,2.77804871260596));
#3610=CARTESIAN_POINT('Ctrl Pts',(31.1106938507706,16.8662038131884,2.76382083441546));
#3611=CARTESIAN_POINT('Ctrl Pts',(31.1776126188941,16.9293758758262,2.74426804098926));
#3612=CARTESIAN_POINT('Ctrl Pts',(31.2031956570801,16.9498990240829,2.73709040378457));
#3613=CARTESIAN_POINT('Ctrl Pts',(31.2431555480096,16.9744241782573,2.7263679138936));
#3614=CARTESIAN_POINT('Ctrl Pts',(31.2567880503912,16.9816845945814,2.7227812417031));
#3615=CARTESIAN_POINT('Ctrl Pts',(31.2781638903771,16.9907235370286,2.71727213409782));
#3616=CARTESIAN_POINT('Ctrl Pts',(31.2859840214725,16.9935892224864,2.71527828164533));
#3617=CARTESIAN_POINT('Ctrl Pts',(31.297618644071,16.9969297338952,2.71234432829539));
#3618=CARTESIAN_POINT('Ctrl Pts',(31.3015879902531,16.9979172310023,2.7113486937516));
#3619=CARTESIAN_POINT('Ctrl Pts',(31.3074097339629,16.9990451234839,2.70989624025078));
#3620=CARTESIAN_POINT('Ctrl Pts',(31.309384199528,16.9993746485118,2.70940492671139));
#3621=CARTESIAN_POINT('Ctrl Pts',(31.3122188239936,16.9997349775676,2.708701416432));
#3622=CARTESIAN_POINT('Ctrl Pts',(31.3131598812356,16.999836853224,2.70846815040551));
#3623=CARTESIAN_POINT('Ctrl Pts',(31.3144537356574,16.9999388947996,2.70814782661717));
#3624=CARTESIAN_POINT('Ctrl Pts',(31.3148565793628,16.9999655606621,2.70804814606588));
#3625=CARTESIAN_POINT('Ctrl Pts',(31.3153564205271,16.9999881047579,2.70792452797314));
#3626=CARTESIAN_POINT('Ctrl Pts',(31.3154777444506,16.9999927586764,2.70789452756599));
#3627=CARTESIAN_POINT('Ctrl Pts',(31.3156583963363,16.9999977718385,2.70784986381824));
#3628=CARTESIAN_POINT('Ctrl Pts',(31.315727208758,16.9999992855648,2.70783285244369));
#3629=CARTESIAN_POINT('Ctrl Pts',(31.315794050039,16.9999999198113,2.7078163296501));
#3630=CARTESIAN_POINT('Ctrl Pts',(31.3158194033388,17.,2.70781006257294));
#3631=CARTESIAN_POINT('Ctrl Pts',(31.3158109521972,17.,2.70781215160111));
#3632=CARTESIAN_POINT('',(77.8692361167401,14.3895630364908,2.99999999999999));
#3633=CARTESIAN_POINT('Ctrl Pts',(30.7319728348814,14.3901644256064,2.99999999999998));
#3634=CARTESIAN_POINT('Ctrl Pts',(30.8926903711143,14.3008589538745,2.99999999999998));
#3635=CARTESIAN_POINT('Ctrl Pts',(31.6399074853685,13.9308225156505,2.99999999999998));
#3636=CARTESIAN_POINT('Ctrl Pts',(33.0402835144093,13.4924703843433,2.99999999999998));
#3637=CARTESIAN_POINT('Ctrl Pts',(35.6013656134467,12.9777044402413,2.99999999999998));
#3638=CARTESIAN_POINT('Ctrl Pts',(38.8034407521605,12.6007047012605,2.99999999999998));
#3639=CARTESIAN_POINT('Ctrl Pts',(43.9489320371916,12.2267138656596,2.99999999999998));
#3640=CARTESIAN_POINT('Ctrl Pts',(49.5549887832234,12.0512396970748,2.99999999999998));
#3641=CARTESIAN_POINT('Ctrl Pts',(54.7138588992111,12.0212088979296,2.99999999999998));
#3642=CARTESIAN_POINT('Ctrl Pts',(59.9057432516231,12.0779077466688,2.99999999999999));
#3643=CARTESIAN_POINT('Ctrl Pts',(64.6973219940034,12.2291757687223,2.99999999999999));
#3644=CARTESIAN_POINT('Ctrl Pts',(69.832587504348,12.6030993182261,2.99999999999999));
#3645=CARTESIAN_POINT('Ctrl Pts',(73.0229766570022,12.9823162281704,2.99999999999999));
#3646=CARTESIAN_POINT('Ctrl Pts',(75.5409419097801,13.4878001804497,2.99999999999999));
#3647=CARTESIAN_POINT('Ctrl Pts',(76.9635781486073,13.9320485829044,2.99999999999998));
#3648=CARTESIAN_POINT('Ctrl Pts',(77.7086118627693,14.300409035683,2.99999999999999));
#3649=CARTESIAN_POINT('Ctrl Pts',(77.8684086646465,14.3890736135165,2.99999999999998));
#3650=CARTESIAN_POINT('',(77.2856239543057,17.,2.70781215160111));
#3651=CARTESIAN_POINT('Ctrl Pts',(77.2856239543057,17.,2.70781215160111));
#3652=CARTESIAN_POINT('Ctrl Pts',(77.2856310394981,17.,2.70781390298182));
#3653=CARTESIAN_POINT('Ctrl Pts',(77.2856425266725,16.9999999043551,2.70781674251593));
#3654=CARTESIAN_POINT('Ctrl Pts',(77.285710068574,16.9999992596271,2.7078334385035));
#3655=CARTESIAN_POINT('Ctrl Pts',(77.2857815045924,16.9999976629814,2.70785109851975));
#3656=CARTESIAN_POINT('Ctrl Pts',(77.2859642423435,16.999992505543,2.70789627826894));
#3657=CARTESIAN_POINT('Ctrl Pts',(77.2860849659003,16.9999878395968,2.70792613040247));
#3658=CARTESIAN_POINT('Ctrl Pts',(77.28658628697,16.9999651096662,2.7080501151637));
#3659=CARTESIAN_POINT('Ctrl Pts',(77.2869910239953,16.9999382196991,2.70815026499978));
#3660=CARTESIAN_POINT('Ctrl Pts',(77.2882877272865,16.9998356083921,2.70847129745527));
#3661=CARTESIAN_POINT('Ctrl Pts',(77.2892295169371,16.9997334541826,2.70870474777362));
#3662=CARTESIAN_POINT('Ctrl Pts',(77.2920643043472,16.9993725266315,2.70940830751013));
#3663=CARTESIAN_POINT('Ctrl Pts',(77.2940377692727,16.9990429000099,2.70989937788512));
#3664=CARTESIAN_POINT('Ctrl Pts',(77.2998566261324,16.9979149058212,2.71135112667469));
#3665=CARTESIAN_POINT('Ctrl Pts',(77.3038236143588,16.9969277613838,2.71234617756743));
#3666=CARTESIAN_POINT('Ctrl Pts',(77.315453408934,16.9935882172416,2.71527892763083));
#3667=CARTESIAN_POINT('Ctrl Pts',(77.3232707027754,16.9907235567851,2.71727205869614));
#3668=CARTESIAN_POINT('Ctrl Pts',(77.3446423430176,16.9816867111432,2.72278006867141));
#3669=CARTESIAN_POINT('Ctrl Pts',(77.3582732796916,16.974427481199,2.72636630965731));
#3670=CARTESIAN_POINT('Ctrl Pts',(77.3982346327272,16.9499027538247,2.73708910864198));
#3671=CARTESIAN_POINT('Ctrl Pts',(77.423820345787,16.9293777333825,2.74426747166288));
#3672=CARTESIAN_POINT('Ctrl Pts',(77.4907417144487,16.8662031455518,2.76382103053832));
#3673=CARTESIAN_POINT('Ctrl Pts',(77.5359548568671,16.8108616620819,2.77804907010653));
#3674=CARTESIAN_POINT('Ctrl Pts',(77.6378468364305,16.6424205711615,2.81414983733195));
#3675=CARTESIAN_POINT('Ctrl Pts',(77.7039153849162,16.5004914660167,2.84077649464029));
#3676=CARTESIAN_POINT('Ctrl Pts',(77.8022937195313,16.0966532287254,2.89719200913817));
#3677=CARTESIAN_POINT('Ctrl Pts',(77.8274592620999,15.9007293250575,2.91939328293486));
#3678=CARTESIAN_POINT('Ctrl Pts',(77.8592405607911,15.5008305387209,2.956783139056));
#3679=CARTESIAN_POINT('Ctrl Pts',(77.8648353531203,15.282305844377,2.9724033347061));
#3680=CARTESIAN_POINT('Ctrl Pts',(77.8697978485462,14.8482941005388,2.99387008929347));
#3681=CARTESIAN_POINT('Ctrl Pts',(77.8692361167401,14.6209012833666,2.99999999999999));
#3682=CARTESIAN_POINT('Ctrl Pts',(77.8692361167401,14.3895630364908,2.99999999999999));
#3683=CARTESIAN_POINT('Origin',(54.3007174532515,17.,2.99999999999994));
#3684=CARTESIAN_POINT('Ctrl Pts',(30.7321987897629,29.,2.99999999999993));
#3685=CARTESIAN_POINT('Ctrl Pts',(30.7321987897625,29.,1.67883685389547));
#3686=CARTESIAN_POINT('Ctrl Pts',(54.3007174532515,29.,1.6788368538955));
#3687=CARTESIAN_POINT('Ctrl Pts',(77.8692361167405,29.,1.67883685389548));
#3688=CARTESIAN_POINT('Ctrl Pts',(77.8692361167401,29.,2.99999999999994));
#3689=CARTESIAN_POINT('Ctrl Pts',(30.7321987897629,14.3895630364908,2.99999999999993));
#3690=CARTESIAN_POINT('Ctrl Pts',(30.7321987897625,14.3895630364908,1.67883685389547));
#3691=CARTESIAN_POINT('Ctrl Pts',(54.3007174532515,14.3895630364908,1.6788368538955));
#3692=CARTESIAN_POINT('Ctrl Pts',(77.8692361167405,14.3895630364908,1.67883685389548));
#3693=CARTESIAN_POINT('Ctrl Pts',(77.8692361167401,14.3895630364908,2.99999999999994));
#3694=CARTESIAN_POINT('',(30.7321987897629,29.,2.99999999999994));
#3695=CARTESIAN_POINT('',(77.8692361167401,29.,2.99999999999994));
#3696=CARTESIAN_POINT('Origin',(54.3007174532515,29.,2.99999999999994));
#3697=CARTESIAN_POINT('',(30.7321987897629,29.,2.99999999999998));
#3698=CARTESIAN_POINT('',(77.8692361167401,29.,2.99999999999999));
#3699=CARTESIAN_POINT('Origin',(13.5009908852744,-3.,2.99999999999998));
#3700=CARTESIAN_POINT('',(183.004301961986,29.,3.));
#3701=CARTESIAN_POINT('',(183.004301961986,-3.,3.));
#3702=CARTESIAN_POINT('',(169.267801210237,29.,2.9999999999999));
#3703=CARTESIAN_POINT('',(186.32327678675,29.,3.));
#3704=CARTESIAN_POINT('',(169.267801210237,14.3895630364907,3.));
#3705=CARTESIAN_POINT('',(169.267801210237,29.,3.));
#3706=CARTESIAN_POINT('',(122.13076388326,14.3895630364908,2.99999999999999));
#3707=CARTESIAN_POINT('Ctrl Pts',(122.130585129888,14.3901927743332,2.99999999999999));
#3708=CARTESIAN_POINT('Ctrl Pts',(122.291303743596,14.3008828304147,3.));
#3709=CARTESIAN_POINT('Ctrl Pts',(123.03852273723,13.9308234918442,3.));
#3710=CARTESIAN_POINT('Ctrl Pts',(124.438869125313,13.4924883886164,2.99999999999999));
#3711=CARTESIAN_POINT('Ctrl Pts',(126.999958587688,12.9776635290812,3.));
#3712=CARTESIAN_POINT('Ctrl Pts',(130.20197804444,12.6006314295614,2.99999999999999));
#3713=CARTESIAN_POINT('Ctrl Pts',(135.347630434877,12.2264908884278,3.));
#3714=CARTESIAN_POINT('Ctrl Pts',(140.953548895328,12.0512260139658,2.99999999999999));
#3715=CARTESIAN_POINT('Ctrl Pts',(146.112879961247,12.0211795381664,2.99999999999999));
#3716=CARTESIAN_POINT('Ctrl Pts',(151.303883229296,12.0780703844552,3.));
#3717=CARTESIAN_POINT('Ctrl Pts',(156.096239439268,12.2289940662436,2.99999999999999));
#3718=CARTESIAN_POINT('Ctrl Pts',(161.230137127905,12.6031808275414,3.));
#3719=CARTESIAN_POINT('Ctrl Pts',(164.422410118435,12.9818381446365,3.));
#3720=CARTESIAN_POINT('Ctrl Pts',(166.939701251872,13.4877588974144,3.));
#3721=CARTESIAN_POINT('Ctrl Pts',(168.362407084615,13.9319381374071,3.));
#3722=CARTESIAN_POINT('Ctrl Pts',(169.10734946862,14.3003065409755,3.));
#3723=CARTESIAN_POINT('Ctrl Pts',(169.267126856456,14.3889737746395,3.));
#3724=CARTESIAN_POINT('',(122.13076388326,29.,2.99999999999992));
#3725=CARTESIAN_POINT('',(122.13076388326,29.,2.99999999999999));
#3726=CARTESIAN_POINT('',(186.32327678675,29.,3.));
#3727=CARTESIAN_POINT('',(19.6753653277436,29.,2.99999999999998));
#3728=CARTESIAN_POINT('',(186.32327678675,29.,3.));
#3729=CARTESIAN_POINT('',(19.6753653277436,-3.,2.99999999999998));
#3730=CARTESIAN_POINT('Ctrl Pts',(168.68419304773,17.,2.70781212743854));
#3731=CARTESIAN_POINT('Ctrl Pts',(168.684189047803,17.,2.7078121516011));
#3732=CARTESIAN_POINT('Ctrl Pts',(168.644285690921,17.,2.69764503439893));
#3733=CARTESIAN_POINT('Ctrl Pts',(168.443277926693,17.,2.65179038872192));
#3734=CARTESIAN_POINT('Ctrl Pts',(168.063969985649,17.,2.5803937597561));
#3735=CARTESIAN_POINT('Ctrl Pts',(167.322384597426,17.,2.46797366849295));
#3736=CARTESIAN_POINT('Ctrl Pts',(166.072205393374,17.,2.32768485243813));
#3737=CARTESIAN_POINT('Ctrl Pts',(163.832421200569,17.,2.14481037716311));
#3738=CARTESIAN_POINT('Ctrl Pts',(160.823276629048,17.,1.97514426041715));
#3739=CARTESIAN_POINT('Ctrl Pts',(155.874193050798,17.,1.78964634953376));
#3740=CARTESIAN_POINT('Ctrl Pts',(151.188952727897,17.,1.70380707848822));
#3741=CARTESIAN_POINT('Ctrl Pts',(146.104592188796,17.,1.67295346104085));
#3742=CARTESIAN_POINT('Ctrl Pts',(141.049407063389,17.,1.68872727571606));
#3743=CARTESIAN_POINT('Ctrl Pts',(135.567898134677,17.,1.78848433098696));
#3744=CARTESIAN_POINT('Ctrl Pts',(130.608058933706,17.,1.97378111555008));
#3745=CARTESIAN_POINT('Ctrl Pts',(127.58732813107,17.,2.14300492554012));
#3746=CARTESIAN_POINT('Ctrl Pts',(125.309226957086,17.,2.32926246850977));
#3747=CARTESIAN_POINT('Ctrl Pts',(124.079575096029,17.,2.46758063772605));
#3748=CARTESIAN_POINT('Ctrl Pts',(123.333495303027,17.,2.58050630941521));
#3749=CARTESIAN_POINT('Ctrl Pts',(122.954814864892,17.,2.65189466450388));
#3750=CARTESIAN_POINT('Ctrl Pts',(122.754200965176,17.,2.69769320037434));
#3751=CARTESIAN_POINT('Ctrl Pts',(122.714376045694,17.,2.70781215160111));
#3752=CARTESIAN_POINT('Ctrl Pts',(122.714372045767,17.,2.70781212743855));
#3753=CARTESIAN_POINT('Ctrl Pts',(169.468357481643,17.,2.90164986333269));
#3754=CARTESIAN_POINT('Ctrl Pts',(169.468357481643,16.8935648833475,2.90164986333269));
#3755=CARTESIAN_POINT('Ctrl Pts',(169.396521312597,16.6818536498169,2.89817428748337));
#3756=CARTESIAN_POINT('Ctrl Pts',(169.080517831295,16.4144207336494,2.88255353089024));
#3757=CARTESIAN_POINT('Ctrl Pts',(168.575950177753,16.2159082052286,2.85816404403498));
#3758=CARTESIAN_POINT('Ctrl Pts',(167.699730465756,16.027169790221,2.81959918592519));
#3759=CARTESIAN_POINT('Ctrl Pts',(166.347823409831,15.8822701088367,2.77099705938011));
#3760=CARTESIAN_POINT('Ctrl Pts',(164.017196750964,15.738332983009,2.70716138373109));
#3761=CARTESIAN_POINT('Ctrl Pts',(160.949119343777,15.6372478457738,2.64659567787582));
#3762=CARTESIAN_POINT('Ctrl Pts',(155.941741945649,15.5424363983354,2.58030732892184));
#3763=CARTESIAN_POINT('Ctrl Pts',(151.223788779754,15.507005832444,2.54883667565761));
#3764=CARTESIAN_POINT('Ctrl Pts',(146.10709742578,15.4933903636303,2.53769639663393));
#3765=CARTESIAN_POINT('Ctrl Pts',(141.020391581498,15.500664670839,2.54331092420069));
#3766=CARTESIAN_POINT('Ctrl Pts',(135.500915939836,15.5417670164254,2.57980785240625));
#3767=CARTESIAN_POINT('Ctrl Pts',(130.482451810553,15.6366901616017,2.64629439775608));
#3768=CARTESIAN_POINT('Ctrl Pts',(127.403407592682,15.7370995013719,2.70626475060506));
#3769=CARTESIAN_POINT('Ctrl Pts',(125.03266603349,15.8836016467207,2.77141021444939));
#3770=CARTESIAN_POINT('Ctrl Pts',(123.702755228597,16.0266068613081,2.81945911983516));
#3771=CARTESIAN_POINT('Ctrl Pts',(122.821269345203,16.2164305607881,2.85818422038385));
#3772=CARTESIAN_POINT('Ctrl Pts',(122.317302398952,16.4154133510902,2.88255908315664));
#3773=CARTESIAN_POINT('Ctrl Pts',(122.001690478589,16.6818985035288,2.89817107857206));
#3774=CARTESIAN_POINT('Ctrl Pts',(121.930207611854,16.8943455540577,2.90164986333269));
#3775=CARTESIAN_POINT('Ctrl Pts',(121.930207611854,17.,2.90164986333269));
#3776=CARTESIAN_POINT('Ctrl Pts',(170.27608169045,17.,3.));
#3777=CARTESIAN_POINT('Ctrl Pts',(170.27608169045,16.7839300066705,3.));
#3778=CARTESIAN_POINT('Ctrl Pts',(170.172253105136,16.3541433992765,2.9999777804782));
#3779=CARTESIAN_POINT('Ctrl Pts',(169.740967393232,15.8082949492288,2.99996602885111));
#3780=CARTESIAN_POINT('Ctrl Pts',(169.110629773711,15.3980930783444,2.99998098012353));
#3781=CARTESIAN_POINT('Ctrl Pts',(168.098833876707,15.0008183837273,3.00005316019071));
#3782=CARTESIAN_POINT('Ctrl Pts',(166.643714061063,14.6851946728077,3.00010048871355));
#3783=CARTESIAN_POINT('Ctrl Pts',(164.219748677044,14.360438057497,3.00035964412239));
#3784=CARTESIAN_POINT('Ctrl Pts',(161.089574554196,14.1207470672876,3.0000166649338));
#3785=CARTESIAN_POINT('Ctrl Pts',(156.018948640065,13.8865603917693,3.00032730758228));
#3786=CARTESIAN_POINT('Ctrl Pts',(151.263811327963,13.793537114503,3.00008010107491));
#3787=CARTESIAN_POINT('Ctrl Pts',(146.109986308272,13.7583501444078,3.00015020055459));
#3788=CARTESIAN_POINT('Ctrl Pts',(140.986991605781,13.7769710382023,3.00003740044853));
#3789=CARTESIAN_POINT('Ctrl Pts',(135.424315582852,13.8849697787078,3.00024554945658));
#3790=CARTESIAN_POINT('Ctrl Pts',(130.342268067028,14.1192108415041,3.00021153376346));
#3791=CARTESIAN_POINT('Ctrl Pts',(127.201737383966,14.357716942759,3.00009029156669));
#3792=CARTESIAN_POINT('Ctrl Pts',(124.735815340171,14.6882147004221,2.99996072683932));
#3793=CARTESIAN_POINT('Ctrl Pts',(123.30418134293,14.9996250918836,3.00004885371091));
#3794=CARTESIAN_POINT('Ctrl Pts',(122.286342952341,15.3991756361486,2.99996171931912));
#3795=CARTESIAN_POINT('Ctrl Pts',(121.656580334125,15.8103265149448,2.99993552904489));
#3796=CARTESIAN_POINT('Ctrl Pts',(121.225684203127,16.3542487668301,2.9999581088103));
#3797=CARTESIAN_POINT('Ctrl Pts',(121.122483403047,16.7855148174027,2.99999999999999));
#3798=CARTESIAN_POINT('Ctrl Pts',(121.122483403047,17.,2.99999999999999));
#3799=CARTESIAN_POINT('Ctrl Pts',(171.083852196919,17.,3.));
#3800=CARTESIAN_POINT('Ctrl Pts',(171.083852196919,16.6742879552417,3.));
#3801=CARTESIAN_POINT('Ctrl Pts',(170.948032535911,16.0264154523681,3.));
#3802=CARTESIAN_POINT('Ctrl Pts',(170.401471638917,15.202125491149,3.));
#3803=CARTESIAN_POINT('Ctrl Pts',(169.645374749788,14.5801874877827,3.));
#3804=CARTESIAN_POINT('Ctrl Pts',(168.498018465914,13.9742770095009,3.));
#3805=CARTESIAN_POINT('Ctrl Pts',(166.939701251872,13.4877588974144,3.));
#3806=CARTESIAN_POINT('Ctrl Pts',(164.422410118435,12.9818381446365,3.));
#3807=CARTESIAN_POINT('Ctrl Pts',(161.230137127905,12.6031808275414,3.));
#3808=CARTESIAN_POINT('Ctrl Pts',(156.096239439268,12.2289940662436,2.99999999999999));
#3809=CARTESIAN_POINT('Ctrl Pts',(151.303883229296,12.0780703844552,3.));
#3810=CARTESIAN_POINT('Ctrl Pts',(146.112879961247,12.0211795381664,2.99999999999999));
#3811=CARTESIAN_POINT('Ctrl Pts',(140.953548895328,12.0512260139658,2.99999999999999));
#3812=CARTESIAN_POINT('Ctrl Pts',(135.347630434877,12.2264908884278,3.));
#3813=CARTESIAN_POINT('Ctrl Pts',(130.20197804444,12.6006314295614,2.99999999999999));
#3814=CARTESIAN_POINT('Ctrl Pts',(126.999958587688,12.9776635290812,3.));
#3815=CARTESIAN_POINT('Ctrl Pts',(124.438869125313,13.4924883886164,2.99999999999999));
#3816=CARTESIAN_POINT('Ctrl Pts',(122.90552605468,13.9724539877489,3.));
#3817=CARTESIAN_POINT('Ctrl Pts',(121.751351277593,14.5818331600998,2.99999999999999));
#3818=CARTESIAN_POINT('Ctrl Pts',(120.995803869219,15.2052001887567,2.99999999999999));
#3819=CARTESIAN_POINT('Ctrl Pts',(120.449630497783,16.0265839228661,2.99999999999999));
#3820=CARTESIAN_POINT('Ctrl Pts',(120.314712896578,16.6766769586207,2.99999999999999));
#3821=CARTESIAN_POINT('Ctrl Pts',(120.314712896578,17.,2.99999999999999));
#3822=CARTESIAN_POINT('',(122.714376045694,17.,2.70781215160111));
#3823=CARTESIAN_POINT('Ctrl Pts',(122.13076388326,14.3895630364908,2.99999999999999));
#3824=CARTESIAN_POINT('Ctrl Pts',(122.13076388326,14.620904609721,2.99999999999999));
#3825=CARTESIAN_POINT('Ctrl Pts',(122.130202123454,14.8483005802488,2.99386991301131));
#3826=CARTESIAN_POINT('Ctrl Pts',(122.135164891844,15.2823187551565,2.97240255861536));
#3827=CARTESIAN_POINT('Ctrl Pts',(122.140760017882,15.500847461554,2.95678186023099));
#3828=CARTESIAN_POINT('Ctrl Pts',(122.172542731224,15.900745693611,2.91939147879816));
#3829=CARTESIAN_POINT('Ctrl Pts',(122.197708534488,16.0966650976249,2.89719049604127));
#3830=CARTESIAN_POINT('Ctrl Pts',(122.296086401281,16.5004956769903,2.84077573342307));
#3831=CARTESIAN_POINT('Ctrl Pts',(122.362154583763,16.6424235206762,2.81414927890884));
#3832=CARTESIAN_POINT('Ctrl Pts',(122.464046269347,16.8108630715571,2.77804871260751));
#3833=CARTESIAN_POINT('Ctrl Pts',(122.509258944262,16.8662038131835,2.76382083441695));
#3834=CARTESIAN_POINT('Ctrl Pts',(122.576177712391,16.9293758758265,2.74426804098919));
#3835=CARTESIAN_POINT('Ctrl Pts',(122.601760750577,16.9498990240829,2.73709040378454));
#3836=CARTESIAN_POINT('Ctrl Pts',(122.641720641506,16.9744241782569,2.72636791389374));
#3837=CARTESIAN_POINT('Ctrl Pts',(122.655353143888,16.9816845945813,2.72278124170315));
#3838=CARTESIAN_POINT('Ctrl Pts',(122.676728983875,16.9907235370288,2.71727213409767));
#3839=CARTESIAN_POINT('Ctrl Pts',(122.68454911497,16.9935892224864,2.71527828164527));
#3840=CARTESIAN_POINT('Ctrl Pts',(122.696183737567,16.9969297338948,2.71234432829571));
#3841=CARTESIAN_POINT('Ctrl Pts',(122.70015308375,16.9979172310022,2.71134869375172));
#3842=CARTESIAN_POINT('Ctrl Pts',(122.705974827458,16.9990451234836,2.70989624025131));
#3843=CARTESIAN_POINT('Ctrl Pts',(122.707949293024,16.9993746485117,2.70940492671168));
#3844=CARTESIAN_POINT('Ctrl Pts',(122.710783917502,16.9997349775692,2.70870141642917));
#3845=CARTESIAN_POINT('Ctrl Pts',(122.711724974738,16.9998368532243,2.70846815040427));
#3846=CARTESIAN_POINT('Ctrl Pts',(122.713018829082,16.9999388947937,2.70814782663508));
#3847=CARTESIAN_POINT('Ctrl Pts',(122.713421672813,16.9999655606602,2.70804814607736));
#3848=CARTESIAN_POINT('Ctrl Pts',(122.713921514337,16.9999881047734,2.70792452789579));
#3849=CARTESIAN_POINT('Ctrl Pts',(122.714042838659,16.9999927587054,2.70789452739014));
#3850=CARTESIAN_POINT('Ctrl Pts',(122.714223491204,16.9999977718743,2.70784986347927));
#3851=CARTESIAN_POINT('Ctrl Pts',(122.714292303116,16.9999992855775,2.70783285223077));
#3852=CARTESIAN_POINT('Ctrl Pts',(122.714359143793,16.9999999198109,2.70781632958667));
#3853=CARTESIAN_POINT('Ctrl Pts',(122.714384496708,17.,2.70781006260465));
#3854=CARTESIAN_POINT('Ctrl Pts',(122.714376045694,17.,2.70781215160111));
#3855=CARTESIAN_POINT('',(168.684189047803,17.,2.7078121516011));
#3856=CARTESIAN_POINT('Ctrl Pts',(168.684189047803,17.,2.7078121516011));
#3857=CARTESIAN_POINT('Ctrl Pts',(168.684196132914,17.,2.70781390296181));
#3858=CARTESIAN_POINT('Ctrl Pts',(168.684207620149,16.9999999043546,2.70781674251073));
#3859=CARTESIAN_POINT('Ctrl Pts',(168.684275161845,16.9999992596305,2.70783343844769));
#3860=CARTESIAN_POINT('Ctrl Pts',(168.684346597775,16.999997662989,2.70785109844196));
#3861=CARTESIAN_POINT('Ctrl Pts',(168.6845293356,16.9999925055521,2.70789627820939));
#3862=CARTESIAN_POINT('Ctrl Pts',(168.684650059205,16.9999878396064,2.70792613035494));
#3863=CARTESIAN_POINT('Ctrl Pts',(168.685151380485,16.9999651096655,2.70805011516811));
#3864=CARTESIAN_POINT('Ctrl Pts',(168.685556117493,16.9999382196999,2.70815026499982));
#3865=CARTESIAN_POINT('Ctrl Pts',(168.686852820793,16.9998356083916,2.70847129745762));
#3866=CARTESIAN_POINT('Ctrl Pts',(168.687794610446,16.9997334541813,2.70870474777662));
#3867=CARTESIAN_POINT('Ctrl Pts',(168.690629397848,16.9993725266312,2.70940830751099));
#3868=CARTESIAN_POINT('Ctrl Pts',(168.692602862778,16.9990429000082,2.70989937788714));
#3869=CARTESIAN_POINT('Ctrl Pts',(168.698421719629,16.9979149058213,2.71135112667455));
#3870=CARTESIAN_POINT('Ctrl Pts',(168.702388707855,16.9969277613841,2.71234617756714));
#3871=CARTESIAN_POINT('Ctrl Pts',(168.714018502431,16.9935882172416,2.71527892763082));
#3872=CARTESIAN_POINT('Ctrl Pts',(168.721835796272,16.9907235567851,2.71727205869615));
#3873=CARTESIAN_POINT('Ctrl Pts',(168.743207436515,16.981686711143,2.72278006867149));
#3874=CARTESIAN_POINT('Ctrl Pts',(168.75683837319,16.9744274811983,2.72636630965757));
#3875=CARTESIAN_POINT('Ctrl Pts',(168.796799726224,16.9499027538248,2.73708910864188));
#3876=CARTESIAN_POINT('Ctrl Pts',(168.822385439283,16.9293777333832,2.74426747166265));
#3877=CARTESIAN_POINT('Ctrl Pts',(168.889306807945,16.8662031455527,2.76382103053803));
#3878=CARTESIAN_POINT('Ctrl Pts',(168.934519950363,16.8108616620832,2.77804907010623));
#3879=CARTESIAN_POINT('Ctrl Pts',(169.036411929912,16.6424205711871,2.81414983732646));
#3880=CARTESIAN_POINT('Ctrl Pts',(169.102480478405,16.5004914660516,2.84077649463542));
#3881=CARTESIAN_POINT('Ctrl Pts',(169.200858813028,16.0966532287253,2.89719200913817));
#3882=CARTESIAN_POINT('Ctrl Pts',(169.226024355597,15.9007293250573,2.91939328293488));
#3883=CARTESIAN_POINT('Ctrl Pts',(169.257805654288,15.5008305387208,2.956783139056));
#3884=CARTESIAN_POINT('Ctrl Pts',(169.263400446617,15.282305844377,2.9724033347061));
#3885=CARTESIAN_POINT('Ctrl Pts',(169.268362942043,14.8482941005386,2.99387008929348));
#3886=CARTESIAN_POINT('Ctrl Pts',(169.267801210237,14.6209012833665,3.));
#3887=CARTESIAN_POINT('Ctrl Pts',(169.267801210237,14.3895630364907,3.));
#3888=CARTESIAN_POINT('Origin',(145.699282546748,17.,2.99999999999992));
#3889=CARTESIAN_POINT('Ctrl Pts',(169.267801210237,29.,2.99999999999991));
#3890=CARTESIAN_POINT('Ctrl Pts',(169.267801210238,29.,1.67883685389544));
#3891=CARTESIAN_POINT('Ctrl Pts',(145.699282546748,29.,1.67883685389548));
#3892=CARTESIAN_POINT('Ctrl Pts',(122.130763883259,29.,1.67883685389545));
#3893=CARTESIAN_POINT('Ctrl Pts',(122.13076388326,29.,2.99999999999993));
#3894=CARTESIAN_POINT('Ctrl Pts',(169.267801210237,14.3895630364907,2.99999999999991));
#3895=CARTESIAN_POINT('Ctrl Pts',(169.267801210238,14.3895630364907,1.67883685389544));
#3896=CARTESIAN_POINT('Ctrl Pts',(145.699282546748,14.3895630364907,1.67883685389548));
#3897=CARTESIAN_POINT('Ctrl Pts',(122.130763883259,14.3895630364907,1.67883685389545));
#3898=CARTESIAN_POINT('Ctrl Pts',(122.13076388326,14.3895630364907,2.99999999999993));
#3899=CARTESIAN_POINT('Origin',(145.699282546748,29.,2.99999999999992));
#3900=CARTESIAN_POINT('Origin',(100.,29.,-39.9500000000001));
#3901=CARTESIAN_POINT('',(-3.,29.,-47.403904539891));
#3902=CARTESIAN_POINT('Origin',(7.,29.,-47.403904539891));
#3903=CARTESIAN_POINT('',(-3.,29.,-32.2960954601091));
#3904=CARTESIAN_POINT('',(-3.,29.,-29.9308568098365));
#3905=CARTESIAN_POINT('',(-1.94040662827768,29.,-27.816237279201));
#3906=CARTESIAN_POINT('Origin',(7.,29.,-32.2960954601091));
#3907=CARTESIAN_POINT('',(10.7349586994659,29.,-2.52014181909199));
#3908=CARTESIAN_POINT('',(13.5009908852744,29.,2.99999999999998));
#3909=CARTESIAN_POINT('Origin',(19.6753653277436,29.,-7.00000000000002));
#3910=CARTESIAN_POINT('',(188.983596777325,29.,1.01548710380514));
#3911=CARTESIAN_POINT('Origin',(183.004301961986,29.,-7.));
#3912=CARTESIAN_POINT('',(203.,29.,-9.44029755827112));
#3913=CARTESIAN_POINT('Origin',(145.699282546748,29.,-82.9000000000001));
#3914=CARTESIAN_POINT('',(186.657744334608,29.,-0.992256448097433));
#3915=CARTESIAN_POINT('',(197.989647407669,29.,-9.44549059534045));
#3916=CARTESIAN_POINT('',(167.490347205299,29.,13.3060035072342));
#3917=CARTESIAN_POINT('',(183.668096926939,29.,0.));
#3918=CARTESIAN_POINT('Origin',(183.668096926939,29.,-5.));
#3919=CARTESIAN_POINT('',(18.4404904392498,29.,0.));
#3920=CARTESIAN_POINT('',(50.,29.,0.));
#3921=CARTESIAN_POINT('',(13.9702871251109,29.,-2.76007090954598));
#3922=CARTESIAN_POINT('Origin',(18.4404904392498,29.,-5.));
#3923=CARTESIAN_POINT('',(0.52979668586116,29.,-29.5831186396005));
#3924=CARTESIAN_POINT('',(8.17024131417056,29.,-14.3351623339658));
#3925=CARTESIAN_POINT('',(0.,29.,-31.8230477300546));
#3926=CARTESIAN_POINT('Origin',(5.,29.,-31.8230477300546));
#3927=CARTESIAN_POINT('',(0.,29.,-47.8769522699455));
#3928=CARTESIAN_POINT('',(0.,29.,-59.9250000000001));
#3929=CARTESIAN_POINT('',(0.529796685861152,29.,-50.1168813603995));
#3930=CARTESIAN_POINT('Origin',(5.,29.,-47.8769522699455));
#3931=CARTESIAN_POINT('',(14.0705031078323,29.,-77.1399290904541));
#3932=CARTESIAN_POINT('',(15.9370526683132,29.,-80.8649827391724));
#3933=CARTESIAN_POINT('',(18.5407064219712,29.,-79.9000000000001));
#3934=CARTESIAN_POINT('Origin',(18.5407064219712,29.,-74.9000000000001));
#3935=CARTESIAN_POINT('',(183.668096926939,29.,-79.9000000000001));
#3936=CARTESIAN_POINT('',(150.,29.,-79.9000000000001));
#3937=CARTESIAN_POINT('',(186.657744334608,29.,-78.9077435519027));
#3938=CARTESIAN_POINT('Origin',(183.668096926939,29.,-74.9000000000001));
#3939=CARTESIAN_POINT('',(197.989647407669,29.,-70.4545094046597));
#3940=CARTESIAN_POINT('',(174.826555035638,29.,-87.7334291176665));
#3941=CARTESIAN_POINT('',(200.,29.,-66.4467658527571));
#3942=CARTESIAN_POINT('Origin',(195.,29.,-66.4467658527571));
#3943=CARTESIAN_POINT('',(200.,29.,-13.453234147243));
#3944=CARTESIAN_POINT('',(200.,29.,-19.9750000000001));
#3945=CARTESIAN_POINT('Origin',(195.,29.,-13.453234147243));
#3946=CARTESIAN_POINT('Ctrl Pts',(122.714372045767,17.,-82.6078121274387));
#3947=CARTESIAN_POINT('Ctrl Pts',(122.714376045694,17.,-82.6078121516012));
#3948=CARTESIAN_POINT('Ctrl Pts',(122.754282924279,17.,-82.5976467167692));
#3949=CARTESIAN_POINT('Ctrl Pts',(122.955312101174,17.,-82.5517949121093));
#3950=CARTESIAN_POINT('Ctrl Pts',(123.33461320211,17.,-82.4804015460579));
#3951=CARTESIAN_POINT('Ctrl Pts',(124.076271966284,17.,-82.3679827296682));
#3952=CARTESIAN_POINT('Ctrl Pts',(125.326324605441,17.,-82.2277043503831));
#3953=CARTESIAN_POINT('Ctrl Pts',(127.566917017515,17.,-82.0447967921878));
#3954=CARTESIAN_POINT('Ctrl Pts',(130.573709127426,17.,-81.875240688542));
#3955=CARTESIAN_POINT('Ctrl Pts',(135.524073585184,17.,-81.6897284417381));
#3956=CARTESIAN_POINT('Ctrl Pts',(140.208822121752,17.,-81.603742536871));
#3957=CARTESIAN_POINT('Ctrl Pts',(145.295271908952,17.,-81.5729664571349));
#3958=CARTESIAN_POINT('Ctrl Pts',(150.348589921566,17.,-81.5889608254502));
#3959=CARTESIAN_POINT('Ctrl Pts',(155.830148954869,17.,-81.6884233418079));
#3960=CARTESIAN_POINT('Ctrl Pts',(160.790401588493,17.,-81.873741710387));
#3961=CARTESIAN_POINT('Ctrl Pts',(163.811718131633,17.,-82.0429861902427));
#3962=CARTESIAN_POINT('Ctrl Pts',(166.089158885772,17.,-82.2292583833554));
#3963=CARTESIAN_POINT('Ctrl Pts',(167.31881382248,17.,-82.3675810294161));
#3964=CARTESIAN_POINT('Ctrl Pts',(168.064980268939,17.,-82.4805053020987));
#3965=CARTESIAN_POINT('Ctrl Pts',(168.443666739331,17.,-82.5518946564081));
#3966=CARTESIAN_POINT('Ctrl Pts',(168.64433516973,17.,-82.5976932751374));
#3967=CARTESIAN_POINT('Ctrl Pts',(168.684189047803,17.,-82.6078121516012));
#3968=CARTESIAN_POINT('Ctrl Pts',(168.68419304773,17.,-82.6078121274387));
#3969=CARTESIAN_POINT('Ctrl Pts',(121.930207611854,17.,-82.8016498633328));
#3970=CARTESIAN_POINT('Ctrl Pts',(121.930207611854,16.8935648833475,-82.8016498633328));
#3971=CARTESIAN_POINT('Ctrl Pts',(122.002048823337,16.6818498326301,-82.7981763624424));
#3972=CARTESIAN_POINT('Ctrl Pts',(122.318067060166,16.4144224745491,-82.7825582051714));
#3973=CARTESIAN_POINT('Ctrl Pts',(122.822625584116,16.2159102351205,-82.7581749050208));
#3974=CARTESIAN_POINT('Ctrl Pts',(123.698906473706,16.0271864761559,-82.7196082420747));
#3975=CARTESIAN_POINT('Ctrl Pts',(125.050690498191,15.8822871564635,-82.6710406310205));
#3976=CARTESIAN_POINT('Ctrl Pts',(127.382055693279,15.7384383622432,-82.6071307571081));
#3977=CARTESIAN_POINT('Ctrl Pts',(130.447969233008,15.6371844652453,-82.5469340260749));
#3978=CARTESIAN_POINT('Ctrl Pts',(135.456496283277,15.5424972156936,-82.4803896377127));
#3979=CARTESIAN_POINT('Ctrl Pts',(140.174134095337,15.506829653168,-82.4488547393773));
#3980=CARTESIAN_POINT('Ctrl Pts',(145.292828883317,15.4934280502903,-82.4377265948433));
#3981=CARTESIAN_POINT('Ctrl Pts',(150.377838641655,15.5010864137531,-82.4436794464233));
#3982=CARTESIAN_POINT('Ctrl Pts',(155.897078229465,15.541702860123,-82.479764463852));
#3983=CARTESIAN_POINT('Ctrl Pts',(160.915952658354,15.6366054112105,-82.5462705652352));
#3984=CARTESIAN_POINT('Ctrl Pts',(163.995575147735,15.7370018046453,-82.6063212435901));
#3985=CARTESIAN_POINT('Ctrl Pts',(166.365711416957,15.8835939351401,-82.6713979296353));
#3986=CARTESIAN_POINT('Ctrl Pts',(167.695634669119,16.0266217931386,-82.7194445926718));
#3987=CARTESIAN_POINT('Ctrl Pts',(168.577203416779,16.2164384256376,-82.7581759030179));
#3988=CARTESIAN_POINT('Ctrl Pts',(169.081178133942,16.4154225062039,-82.7825511198128));
#3989=CARTESIAN_POINT('Ctrl Pts',(169.396844270475,16.6819028294541,-82.7981677481664));
#3990=CARTESIAN_POINT('Ctrl Pts',(169.468357481643,16.8943455540578,-82.8016498633328));
#3991=CARTESIAN_POINT('Ctrl Pts',(169.468357481643,17.,-82.8016498633328));
#3992=CARTESIAN_POINT('Ctrl Pts',(121.122483403047,17.,-82.9000000000001));
#3993=CARTESIAN_POINT('Ctrl Pts',(121.122483403047,16.7839300066705,-82.9000000000001));
#3994=CARTESIAN_POINT('Ctrl Pts',(121.226318410419,16.3541350958752,-82.8999793086072));
#3995=CARTESIAN_POINT('Ctrl Pts',(121.657612007467,15.8082974618365,-82.899969235536));
#3996=CARTESIAN_POINT('Ctrl Pts',(122.287937945781,15.3980946237156,-82.8999893434973));
#3997=CARTESIAN_POINT('Ctrl Pts',(123.299782674143,15.0008501813879,-82.9000593119145));
#3998=CARTESIAN_POINT('Ctrl Pts',(124.754782304105,14.6852174578518,-82.9001380843745));
#3999=CARTESIAN_POINT('Ctrl Pts',(127.179417493126,14.3606538442443,-82.900333951378));
#4000=CARTESIAN_POINT('Ctrl Pts',(130.307613762623,14.1205168741383,-82.9003274564557));
#4001=CARTESIAN_POINT('Ctrl Pts',(135.379257520726,13.8866702562843,-82.9003838345997));
#4002=CARTESIAN_POINT('Ctrl Pts',(140.134253701537,13.793171667295,-82.9001180941304));
#4003=CARTESIAN_POINT('Ctrl Pts',(145.29000989787,13.7584143379557,-82.9001770054558));
#4004=CARTESIAN_POINT('Ctrl Pts',(150.411462971277,13.7777061290303,-82.9003375933107));
#4005=CARTESIAN_POINT('Ctrl Pts',(155.973624593783,13.8848466532014,-82.9002212966512));
#4006=CARTESIAN_POINT('Ctrl Pts',(161.056082916143,14.1190466132495,-82.9001997329637));
#4007=CARTESIAN_POINT('Ctrl Pts',(164.197184282029,14.3575007872532,-82.9001530850116));
#4008=CARTESIAN_POINT('Ctrl Pts',(166.662554478287,14.6882041104146,-82.8999494471569));
#4009=CARTESIAN_POINT('Ctrl Pts',(168.094209730475,14.9996605343682,-82.9000339705935));
#4010=CARTESIAN_POINT('Ctrl Pts',(169.112127299613,15.3991944856527,-82.8999535624912));
#4011=CARTESIAN_POINT('Ctrl Pts',(169.741899297799,15.8103478917,-82.8999274220183));
#4012=CARTESIAN_POINT('Ctrl Pts',(170.172849254681,16.3542587338751,-82.8999546800652));
#4013=CARTESIAN_POINT('Ctrl Pts',(170.27608169045,16.7855148174028,-82.9000000000001));
#4014=CARTESIAN_POINT('Ctrl Pts',(170.27608169045,17.,-82.9000000000001));
#4015=CARTESIAN_POINT('Ctrl Pts',(120.314712896578,17.,-82.9000000000001));
#4016=CARTESIAN_POINT('Ctrl Pts',(120.314712896578,16.6742879552417,-82.9000000000001));
#4017=CARTESIAN_POINT('Ctrl Pts',(120.450540308468,16.0264024704582,-82.9000000000001));
#4018=CARTESIAN_POINT('Ctrl Pts',(120.997102138165,15.2021284546575,-82.9000000000001));
#4019=CARTESIAN_POINT('Ctrl Pts',(121.753184704488,14.580187599453,-82.9000000000001));
#4020=CARTESIAN_POINT('Ctrl Pts',(122.90057739597,13.9743234389666,-82.9000000000001));
#4021=CARTESIAN_POINT('Ctrl Pts',(124.458777070548,13.4877827688995,-82.9000000000001));
#4022=CARTESIAN_POINT('Ctrl Pts',(126.976669318912,12.9821687231068,-82.9000000000001));
#4023=CARTESIAN_POINT('Ctrl Pts',(130.167150413033,12.602739236902,-82.9000000000001));
#4024=CARTESIAN_POINT('Ctrl Pts',(135.30193348973,12.2291460390866,-82.9000000000001));
#4025=CARTESIAN_POINT('Ctrl Pts',(140.094321976101,12.0775108488666,-82.9000000000001));
#4026=CARTESIAN_POINT('Ctrl Pts',(145.287188482938,12.0212660374337,-82.9000000000001));
#4027=CARTESIAN_POINT('Ctrl Pts',(150.445126757771,12.0522252773512,-82.9000000000001));
#4028=CARTESIAN_POINT('Ctrl Pts',(156.050255614755,12.2263128000216,-82.9000000000001));
#4029=CARTESIAN_POINT('Ctrl Pts',(161.196320459664,12.6003912461356,-82.9000000000001));
#4030=CARTESIAN_POINT('Ctrl Pts',(164.398902768521,12.9773214496554,-82.9000000000001));
#4031=CARTESIAN_POINT('Ctrl Pts',(166.959493399052,13.4924771312015,-82.9000000000001));
#4032=CARTESIAN_POINT('Ctrl Pts',(168.492866320412,13.9725121947424,-82.9000000000001));
#4033=CARTESIAN_POINT('Ctrl Pts',(169.647116602055,14.5818642855669,-82.9000000000001));
#4034=CARTESIAN_POINT('Ctrl Pts',(170.402674949461,15.2052350031928,-82.9000000000001));
#4035=CARTESIAN_POINT('Ctrl Pts',(170.948901711904,16.0266000341856,-82.9000000000001));
#4036=CARTESIAN_POINT('Ctrl Pts',(171.083852196919,16.6766769586207,-82.9000000000001));
#4037=CARTESIAN_POINT('Ctrl Pts',(171.083852196919,17.,-82.9000000000001));
#4038=CARTESIAN_POINT('',(168.684189047803,17.,-82.6078121516012));
#4039=CARTESIAN_POINT('Ctrl Pts',(169.267801210237,14.3895630364909,-82.9000000000001));
#4040=CARTESIAN_POINT('Ctrl Pts',(169.267801210237,14.6209046097208,-82.9000000000001));
#4041=CARTESIAN_POINT('Ctrl Pts',(169.268362970043,14.8483005802488,-82.8938699130115));
#4042=CARTESIAN_POINT('Ctrl Pts',(169.263400201652,15.2823187551558,-82.8724025586155));
#4043=CARTESIAN_POINT('Ctrl Pts',(169.257805075615,15.5008474615537,-82.8567818602311));
#4044=CARTESIAN_POINT('Ctrl Pts',(169.226022362272,15.9007456936119,-82.8193914787982));
#4045=CARTESIAN_POINT('Ctrl Pts',(169.200856559009,16.0966650976252,-82.7971904960414));
#4046=CARTESIAN_POINT('Ctrl Pts',(169.102478692217,16.5004956769832,-82.7407757334242));
#4047=CARTESIAN_POINT('Ctrl Pts',(169.036410509737,16.642423520671,-82.7141492789101));
#4048=CARTESIAN_POINT('Ctrl Pts',(168.934518824159,16.8108630715409,-82.6780487126111));
#4049=CARTESIAN_POINT('Ctrl Pts',(168.889306149246,16.8662038131728,-82.6638208344204));
#4050=CARTESIAN_POINT('Ctrl Pts',(168.822387381104,16.9293758758279,-82.6442680409889));
#4051=CARTESIAN_POINT('Ctrl Pts',(168.796804342919,16.9498990240832,-82.6370904037845));
#4052=CARTESIAN_POINT('Ctrl Pts',(168.756844451992,16.9744241782561,-82.6263679138942));
#4053=CARTESIAN_POINT('Ctrl Pts',(168.743211949609,16.9816845945812,-82.6227812417034));
#4054=CARTESIAN_POINT('Ctrl Pts',(168.721836109625,16.9907235370278,-82.6172721340984));
#4055=CARTESIAN_POINT('Ctrl Pts',(168.714015978528,16.9935892224862,-82.6152782816457));
#4056=CARTESIAN_POINT('Ctrl Pts',(168.702381355913,16.9969297339,-82.6123443282914));
#4057=CARTESIAN_POINT('Ctrl Pts',(168.69841200974,16.9979172310032,-82.61134869375));
#4058=CARTESIAN_POINT('Ctrl Pts',(168.692590266056,16.9990451234796,-82.6098962402556));
#4059=CARTESIAN_POINT('Ctrl Pts',(168.690615800477,16.999374648511,-82.6094049267129));
#4060=CARTESIAN_POINT('Ctrl Pts',(168.687781176011,16.9997349775668,-82.6087014164333));
#4061=CARTESIAN_POINT('Ctrl Pts',(168.686840118765,16.9998368532239,-82.6084681504059));
#4062=CARTESIAN_POINT('Ctrl Pts',(168.685546264487,16.9999388947882,-82.6081478266531));
#4063=CARTESIAN_POINT('Ctrl Pts',(168.685143420738,16.9999655606579,-82.6080481460911));
#4064=CARTESIAN_POINT('Ctrl Pts',(168.684643579785,16.9999881047471,-82.6079245280504));
#4065=CARTESIAN_POINT('Ctrl Pts',(168.684522256369,16.9999927586467,-82.6078945277688));
#4066=CARTESIAN_POINT('Ctrl Pts',(168.684341604436,16.999997771825,-82.6078498640093));
#4067=CARTESIAN_POINT('Ctrl Pts',(168.684272792026,16.9999992855528,-82.6078328526376));
#4068=CARTESIAN_POINT('Ctrl Pts',(168.684205950223,16.9999999198116,-82.607816329715));
#4069=CARTESIAN_POINT('Ctrl Pts',(168.68418059653,17.,-82.6078100625407));
#4070=CARTESIAN_POINT('Ctrl Pts',(168.684189047803,17.,-82.6078121516012));
#4071=CARTESIAN_POINT('',(122.714376045694,17.,-82.6078121516012));
#4072=CARTESIAN_POINT('Ctrl Pts',(122.714376045694,17.,-82.6078121516012));
#4073=CARTESIAN_POINT('Ctrl Pts',(122.714368959965,17.,-82.6078139031148));
#4074=CARTESIAN_POINT('Ctrl Pts',(122.714357473189,16.9999999043584,-82.6078167425502));
#4075=CARTESIAN_POINT('Ctrl Pts',(122.714289930044,16.9999992596058,-82.6078334388453));
#4076=CARTESIAN_POINT('Ctrl Pts',(122.71421849369,16.9999976629414,-82.6078510989444));
#4077=CARTESIAN_POINT('Ctrl Pts',(122.714035756501,16.9999925054981,-82.6078962785548));
#4078=CARTESIAN_POINT('Ctrl Pts',(122.713915033779,16.9999878395857,-82.607926130482));
#4079=CARTESIAN_POINT('Ctrl Pts',(122.713413712936,16.9999651096623,-82.6080501151872));
#4080=CARTESIAN_POINT('Ctrl Pts',(122.713008975906,16.9999382196923,-82.6081502650244));
#4081=CARTESIAN_POINT('Ctrl Pts',(122.711712272698,16.9998356083912,-82.6084712974593));
#4082=CARTESIAN_POINT('Ctrl Pts',(122.710770483037,16.9997334541793,-82.6087047477803));
#4083=CARTESIAN_POINT('Ctrl Pts',(122.707935695659,16.9993725266323,-82.6094083075088));
#4084=CARTESIAN_POINT('Ctrl Pts',(122.705962230746,16.9990429000142,-82.6098993778805));
#4085=CARTESIAN_POINT('Ctrl Pts',(122.700143373862,16.9979149058205,-82.6113511266763));
#4086=CARTESIAN_POINT('Ctrl Pts',(122.696176385627,16.9969277613797,-82.6123461775711));
#4087=CARTESIAN_POINT('Ctrl Pts',(122.684546591067,16.993588217242,-82.6152789276306));
#4088=CARTESIAN_POINT('Ctrl Pts',(122.676729297228,16.9907235567868,-82.6172720586953));
#4089=CARTESIAN_POINT('Ctrl Pts',(122.655357656981,16.9816867111427,-82.6227800686719));
#4090=CARTESIAN_POINT('Ctrl Pts',(122.641726720305,16.9744274811968,-82.6263663096584));
#4091=CARTESIAN_POINT('Ctrl Pts',(122.601765367274,16.9499027538251,-82.6370891086419));
#4092=CARTESIAN_POINT('Ctrl Pts',(122.576179654215,16.9293777333843,-82.6442674716625));
#4093=CARTESIAN_POINT('Ctrl Pts',(122.509258285538,16.866203145539,-82.6638210305425));
#4094=CARTESIAN_POINT('Ctrl Pts',(122.464045143121,16.8108616620625,-82.6780490701108));
#4095=CARTESIAN_POINT('Ctrl Pts',(122.362153163569,16.6424205711601,-82.7141498373324));
#4096=CARTESIAN_POINT('Ctrl Pts',(122.296084615083,16.5004914660149,-82.7407764946407));
#4097=CARTESIAN_POINT('Ctrl Pts',(122.197706280469,16.0966532287256,-82.7971920091383));
#4098=CARTESIAN_POINT('Ctrl Pts',(122.1725407379,15.900729325058,-82.8193932829349));
#4099=CARTESIAN_POINT('Ctrl Pts',(122.140759439209,15.5008305387207,-82.8567831390561));
#4100=CARTESIAN_POINT('Ctrl Pts',(122.13516464688,15.2823058443765,-82.8724033347062));
#4101=CARTESIAN_POINT('Ctrl Pts',(122.130202151454,14.8482941005391,-82.8938700892936));
#4102=CARTESIAN_POINT('Ctrl Pts',(122.13076388326,14.6209012833668,-82.9000000000001));
#4103=CARTESIAN_POINT('Ctrl Pts',(122.13076388326,14.389563036491,-82.9000000000001));
#4104=CARTESIAN_POINT('Origin',(145.699282546748,17.,-82.9000000000001));
#4105=CARTESIAN_POINT('Ctrl Pts',(169.267801210237,29.,-82.9000000000001));
#4106=CARTESIAN_POINT('Ctrl Pts',(169.267801210237,29.,-81.5788368538956));
#4107=CARTESIAN_POINT('Ctrl Pts',(145.699282546748,29.,-81.5788368538956));
#4108=CARTESIAN_POINT('Ctrl Pts',(122.13076388326,29.,-81.5788368538956));
#4109=CARTESIAN_POINT('Ctrl Pts',(122.13076388326,29.,-82.9000000000001));
#4110=CARTESIAN_POINT('Ctrl Pts',(169.267801210237,14.3895630364909,-82.9000000000001));
#4111=CARTESIAN_POINT('Ctrl Pts',(169.267801210237,14.3895630364909,-81.5788368538956));
#4112=CARTESIAN_POINT('Ctrl Pts',(145.699282546748,14.3895630364909,-81.5788368538956));
#4113=CARTESIAN_POINT('Ctrl Pts',(122.13076388326,14.3895630364909,-81.5788368538956));
#4114=CARTESIAN_POINT('Ctrl Pts',(122.13076388326,14.3895630364909,-82.9000000000001));
#4115=CARTESIAN_POINT('Origin',(123.214378277661,0.,6.79999999999994));
#4116=CARTESIAN_POINT('',(116.6,44.,-0.700000000000065));
#4117=CARTESIAN_POINT('',(123.214378277661,44.,-3.20000000000006));
#4118=CARTESIAN_POINT('Origin',(123.214378277661,44.,6.79999999999994));
#4119=CARTESIAN_POINT('',(123.214378277661,0.,-3.20000000000006));
#4120=CARTESIAN_POINT('',(123.214378277661,0.,-3.20000000000006));
#4121=CARTESIAN_POINT('',(116.6,0.,-0.700000000000062));
#4122=CARTESIAN_POINT('Origin',(123.214378277661,0.,6.79999999999994));
#4123=CARTESIAN_POINT('',(116.6,0.,-0.700000000000062));
#4124=CARTESIAN_POINT('Origin',(184.6,0.,-3.20000000000007));
#4125=CARTESIAN_POINT('',(184.6,44.,-3.20000000000007));
#4126=CARTESIAN_POINT('',(184.6,44.,-3.20000000000007));
#4127=CARTESIAN_POINT('',(184.6,0.,-3.20000000000007));
#4128=CARTESIAN_POINT('',(184.6,0.,-3.20000000000007));
#4129=CARTESIAN_POINT('',(184.6,0.,-3.20000000000007));
#4130=CARTESIAN_POINT('Origin',(100.,44.,-39.9500000000001));
#4131=CARTESIAN_POINT('',(183.668096926939,44.,-79.9000000000001));
#4132=CARTESIAN_POINT('',(186.657744334608,44.,-78.9077435519027));
#4133=CARTESIAN_POINT('Origin',(183.668096926939,44.,-74.9000000000001));
#4134=CARTESIAN_POINT('',(18.5407064219712,44.,-79.9000000000001));
#4135=CARTESIAN_POINT('',(200.,44.,-79.9000000000001));
#4136=CARTESIAN_POINT('',(14.0705031078323,44.,-77.1399290904541));
#4137=CARTESIAN_POINT('Origin',(18.5407064219712,44.,-74.9000000000001));
#4138=CARTESIAN_POINT('',(0.529796685861144,44.,-50.1168813603995));
#4139=CARTESIAN_POINT('',(15.9370526683132,44.,-80.8649827391724));
#4140=CARTESIAN_POINT('',(0.,44.,-47.8769522699455));
#4141=CARTESIAN_POINT('Origin',(5.,44.,-47.8769522699455));
#4142=CARTESIAN_POINT('',(0.,44.,-31.8230477300546));
#4143=CARTESIAN_POINT('',(0.,44.,-79.9000000000001));
#4144=CARTESIAN_POINT('',(0.529796685861164,44.,-29.5831186396005));
#4145=CARTESIAN_POINT('Origin',(5.,44.,-31.8230477300546));
#4146=CARTESIAN_POINT('',(13.9702871251109,44.,-2.76007090954599));
#4147=CARTESIAN_POINT('',(8.17024131417056,44.,-14.3351623339658));
#4148=CARTESIAN_POINT('',(18.4404904392498,44.,0.));
#4149=CARTESIAN_POINT('Origin',(18.4404904392498,44.,-5.));
#4150=CARTESIAN_POINT('',(183.668096926939,44.,0.));
#4151=CARTESIAN_POINT('',(0.,44.,0.));
#4152=CARTESIAN_POINT('',(186.657744334608,44.,-0.992256448097435));
#4153=CARTESIAN_POINT('Origin',(183.668096926939,44.,-5.));
#4154=CARTESIAN_POINT('',(197.989647407669,44.,-9.44549059534045));
#4155=CARTESIAN_POINT('',(167.490347205299,44.,13.3060035072342));
#4156=CARTESIAN_POINT('',(200.,44.,-13.453234147243));
#4157=CARTESIAN_POINT('Origin',(195.,44.,-13.453234147243));
#4158=CARTESIAN_POINT('',(200.,44.,-66.4467658527571));
#4159=CARTESIAN_POINT('',(200.,44.,0.));
#4160=CARTESIAN_POINT('',(197.989647407669,44.,-70.4545094046597));
#4161=CARTESIAN_POINT('Origin',(195.,44.,-66.4467658527571));
#4162=CARTESIAN_POINT('',(174.826555035638,44.,-87.7334291176665));
#4163=CARTESIAN_POINT('',(41.6,44.,-0.700000000000038));
#4164=CARTESIAN_POINT('',(116.6,44.,-0.700000000000062));
#4165=CARTESIAN_POINT('',(39.3554978662849,44.,-5.89340256045812));
#4166=CARTESIAN_POINT('Origin',(31.6732850703112,44.,0.508441436186682));
#4167=CARTESIAN_POINT('',(36.3004344794656,44.,-9.55947862464134));
#4168=CARTESIAN_POINT('',(41.6,44.,-3.20000000000004));
#4169=CARTESIAN_POINT('',(24.8107236309489,44.,-12.4044156127437));
#4170=CARTESIAN_POINT('Origin',(28.6182216834918,44.,-3.15763462799654));
#4171=CARTESIAN_POINT('',(14.6,44.,-8.20000000000004));
#4172=CARTESIAN_POINT('',(31.6,44.,-15.2));
#4173=CARTESIAN_POINT('',(4.05959337172233,44.,-29.2353804693645));
#4174=CARTESIAN_POINT('',(14.6,44.,-8.20000000000004));
#4175=CARTESIAN_POINT('',(3.,44.,-33.7152386502726));
#4176=CARTESIAN_POINT('Origin',(13.,44.,-33.7152386502726));
#4177=CARTESIAN_POINT('',(3.,44.,-45.9847613497275));
#4178=CARTESIAN_POINT('',(3.,44.,-31.35));
#4179=CARTESIAN_POINT('',(4.05959337172233,44.,-50.4646195306356));
#4180=CARTESIAN_POINT('Origin',(13.,44.,-45.9847613497275));
#4181=CARTESIAN_POINT('',(14.6,44.,-71.5));
#4182=CARTESIAN_POINT('',(3.,44.,-48.35));
#4183=CARTESIAN_POINT('',(24.8107236309489,44.,-67.2955843872564));
#4184=CARTESIAN_POINT('',(14.6,44.,-71.5));
#4185=CARTESIAN_POINT('',(36.3004344794656,44.,-70.1405213753587));
#4186=CARTESIAN_POINT('Origin',(28.6182216834918,44.,-76.5423653720035));
#4187=CARTESIAN_POINT('',(39.3554978662849,44.,-73.8065974395419));
#4188=CARTESIAN_POINT('',(31.6,44.,-64.5));
#4189=CARTESIAN_POINT('',(41.6,44.,-79.));
#4190=CARTESIAN_POINT('Origin',(31.6732850703112,44.,-80.2084414361867));
#4191=CARTESIAN_POINT('',(116.6,44.,-79.));
#4192=CARTESIAN_POINT('',(41.6,44.,-79.));
#4193=CARTESIAN_POINT('',(122.98043885638,44.,-76.7000000000001));
#4194=CARTESIAN_POINT('Origin',(122.98043885638,44.,-86.7));
#4195=CARTESIAN_POINT('',(184.6,44.,-76.7000000000001));
#4196=CARTESIAN_POINT('',(116.6,44.,-76.7000000000001));
#4197=CARTESIAN_POINT('',(197.,44.,-67.4500000000001));
#4198=CARTESIAN_POINT('',(184.6,44.,-76.7000000000001));
#4199=CARTESIAN_POINT('',(197.,44.,-12.4500000000001));
#4200=CARTESIAN_POINT('',(197.,44.,-67.4500000000001));
#4201=CARTESIAN_POINT('',(197.,44.,-12.4500000000001));
#4202=CARTESIAN_POINT('Origin',(31.6732850703112,0.,0.508441436186682));
#4203=CARTESIAN_POINT('',(39.3554978662849,0.,-5.89340256045812));
#4204=CARTESIAN_POINT('',(41.6,0.,-0.700000000000034));
#4205=CARTESIAN_POINT('Origin',(31.6732850703112,0.,0.508441436186682));
#4206=CARTESIAN_POINT('',(39.3554978662849,0.,-5.89340256045812));
#4207=CARTESIAN_POINT('',(41.6,0.,-0.700000000000034));
#4208=CARTESIAN_POINT('Origin',(41.6,0.,-3.20000000000004));
#4209=CARTESIAN_POINT('',(36.3004344794656,0.,-9.55947862464134));
#4210=CARTESIAN_POINT('',(41.6,0.,-3.20000000000004));
#4211=CARTESIAN_POINT('',(36.3004344794656,0.,-9.55947862464134));
#4212=CARTESIAN_POINT('Origin',(28.6182216834918,0.,-3.15763462799654));
#4213=CARTESIAN_POINT('',(24.8107236309489,0.,-12.4044156127437));
#4214=CARTESIAN_POINT('Origin',(28.6182216834918,0.,-3.15763462799654));
#4215=CARTESIAN_POINT('',(24.8107236309489,0.,-12.4044156127437));
#4216=CARTESIAN_POINT('Origin',(13.,0.,-33.7152386502726));
#4217=CARTESIAN_POINT('',(3.,0.,-33.7152386502726));
#4218=CARTESIAN_POINT('',(4.05959337172233,0.,-29.2353804693645));
#4219=CARTESIAN_POINT('Origin',(13.,0.,-33.7152386502726));
#4220=CARTESIAN_POINT('',(3.,0.,-33.7152386502726));
#4221=CARTESIAN_POINT('',(4.05959337172233,0.,-29.2353804693645));
#4222=CARTESIAN_POINT('Origin',(3.,0.,-31.35));
#4223=CARTESIAN_POINT('',(3.,0.,-45.9847613497275));
#4224=CARTESIAN_POINT('',(3.,0.,-31.35));
#4225=CARTESIAN_POINT('',(3.,0.,-45.9847613497275));
#4226=CARTESIAN_POINT('Origin',(13.,0.,-45.9847613497275));
#4227=CARTESIAN_POINT('',(4.05959337172233,0.,-50.4646195306356));
#4228=CARTESIAN_POINT('Origin',(13.,0.,-45.9847613497275));
#4229=CARTESIAN_POINT('',(4.05959337172233,0.,-50.4646195306356));
#4230=CARTESIAN_POINT('Origin',(3.,0.,-48.35));
#4231=CARTESIAN_POINT('',(14.6,0.,-71.5));
#4232=CARTESIAN_POINT('',(3.,0.,-48.35));
#4233=CARTESIAN_POINT('',(14.6,0.,-71.5));
#4234=CARTESIAN_POINT('Origin',(28.6182216834918,0.,-76.5423653720035));
#4235=CARTESIAN_POINT('',(24.8107236309489,0.,-67.2955843872564));
#4236=CARTESIAN_POINT('',(24.8107236309489,0.,-67.2955843872564));
#4237=CARTESIAN_POINT('',(36.3004344794656,0.,-70.1405213753587));
#4238=CARTESIAN_POINT('Origin',(28.6182216834918,0.,-76.5423653720035));
#4239=CARTESIAN_POINT('',(36.3004344794656,0.,-70.1405213753587));
#4240=CARTESIAN_POINT('Origin',(31.6,0.,-64.5));
#4241=CARTESIAN_POINT('',(39.3554978662849,0.,-73.8065974395419));
#4242=CARTESIAN_POINT('',(31.6,0.,-64.5));
#4243=CARTESIAN_POINT('',(39.3554978662849,0.,-73.8065974395419));
#4244=CARTESIAN_POINT('Origin',(31.6732850703112,0.,-80.2084414361867));
#4245=CARTESIAN_POINT('',(41.6,0.,-79.));
#4246=CARTESIAN_POINT('Origin',(31.6732850703112,0.,-80.2084414361867));
#4247=CARTESIAN_POINT('',(41.6,0.,-79.));
#4248=CARTESIAN_POINT('Origin',(122.98043885638,0.,-86.7));
#4249=CARTESIAN_POINT('',(122.98043885638,0.,-76.7000000000001));
#4250=CARTESIAN_POINT('',(116.6,0.,-79.));
#4251=CARTESIAN_POINT('Origin',(122.98043885638,0.,-86.7));
#4252=CARTESIAN_POINT('',(122.98043885638,0.,-76.7000000000001));
#4253=CARTESIAN_POINT('',(116.6,0.,-79.));
#4254=CARTESIAN_POINT('Origin',(183.004301961986,-3.,-7.));
#4255=CARTESIAN_POINT('',(188.983596777325,-3.,1.01548710380514));
#4256=CARTESIAN_POINT('Origin',(186.32327678675,-3.,3.));
#4257=CARTESIAN_POINT('Origin',(7.,-3.,-47.403904539891));
#4258=CARTESIAN_POINT('',(-3.,-3.,-47.403904539891));
#4259=CARTESIAN_POINT('Origin',(-3.,-3.,-49.7691431901636));
#4260=CARTESIAN_POINT('',(-3.,-3.,-32.2960954601091));
#4261=CARTESIAN_POINT('Origin',(7.,-3.,-32.2960954601091));
#4262=CARTESIAN_POINT('',(-1.94040662827768,-3.,-27.816237279201));
#4263=CARTESIAN_POINT('Origin',(-3.,-3.,-29.9308568098365));
#4264=CARTESIAN_POINT('',(10.7349586994659,-3.,-2.52014181909199));
#4265=CARTESIAN_POINT('Origin',(19.6753653277436,-3.,-7.00000000000002));
#4266=CARTESIAN_POINT('Origin',(183.668096926939,22.,-74.9000000000001));
#4267=CARTESIAN_POINT('',(186.657744334608,22.,-78.9077435519027));
#4268=CARTESIAN_POINT('',(183.668096926939,22.,-79.9000000000001));
#4269=CARTESIAN_POINT('Origin',(200.,44.,-68.9548512208646));
#4270=CARTESIAN_POINT('',(197.989647407669,22.,-70.4545094046597));
#4271=CARTESIAN_POINT('Origin',(195.,22.,-66.4467658527571));
#4272=CARTESIAN_POINT('',(200.,22.,-66.4467658527571));
#4273=CARTESIAN_POINT('Origin',(200.,0.,0.));
#4274=CARTESIAN_POINT('',(200.,22.,-13.453234147243));
#4275=CARTESIAN_POINT('Origin',(195.,22.,-13.453234147243));
#4276=CARTESIAN_POINT('',(197.989647407669,22.,-9.44549059534045));
#4277=CARTESIAN_POINT('Origin',(185.327584339321,44.,-4.44089209850063E-15));
#4278=CARTESIAN_POINT('',(186.657744334608,22.,-0.992256448097442));
#4279=CARTESIAN_POINT('Origin',(183.668096926939,22.,-5.));
#4280=CARTESIAN_POINT('',(183.668096926939,22.,0.));
#4281=CARTESIAN_POINT('Origin',(0.,0.,0.));
#4282=CARTESIAN_POINT('',(18.4404904392498,22.,0.));
#4283=CARTESIAN_POINT('Origin',(18.4404904392498,22.,-5.));
#4284=CARTESIAN_POINT('',(13.9702871251109,22.,-2.76007090954598));
#4285=CARTESIAN_POINT('Origin',(4.44089209850063E-15,44.,-30.6404284049183));
#4286=CARTESIAN_POINT('',(0.529796685861162,22.,-29.5831186396005));
#4287=CARTESIAN_POINT('Origin',(5.,22.,-31.8230477300546));
#4288=CARTESIAN_POINT('',(0.,22.,-31.8230477300546));
#4289=CARTESIAN_POINT('Origin',(0.,0.,-79.9000000000001));
#4290=CARTESIAN_POINT('',(0.,22.,-47.8769522699455));
#4291=CARTESIAN_POINT('Origin',(5.,22.,-47.8769522699455));
#4292=CARTESIAN_POINT('',(0.52979668586116,22.,-50.1168813603995));
#4293=CARTESIAN_POINT('Origin',(15.4535192007366,44.,-79.9000000000001));
#4294=CARTESIAN_POINT('',(14.0705031078323,22.,-77.1399290904541));
#4295=CARTESIAN_POINT('Origin',(18.5407064219712,22.,-74.9000000000001));
#4296=CARTESIAN_POINT('',(18.5407064219712,22.,-79.9000000000001));
#4297=CARTESIAN_POINT('Origin',(200.,0.,-79.9000000000001));
#4298=CARTESIAN_POINT('Origin',(100.,0.,-39.9500000000001));
#4299=CARTESIAN_POINT('',(14.6,0.,-8.20000000000004));
#4300=CARTESIAN_POINT('',(14.6,0.,-8.20000000000004));
#4301=CARTESIAN_POINT('',(31.6,0.,-15.2));
#4302=CARTESIAN_POINT('',(116.6,0.,-0.700000000000062));
#4303=CARTESIAN_POINT('',(197.,0.,-12.4500000000001));
#4304=CARTESIAN_POINT('',(197.,0.,-12.4500000000001));
#4305=CARTESIAN_POINT('',(197.,0.,-67.4500000000001));
#4306=CARTESIAN_POINT('',(197.,0.,-67.4500000000001));
#4307=CARTESIAN_POINT('',(184.6,0.,-76.7000000000001));
#4308=CARTESIAN_POINT('',(184.6,0.,-76.7000000000001));
#4309=CARTESIAN_POINT('',(116.6,0.,-76.7000000000001));
#4310=CARTESIAN_POINT('',(41.6,0.,-79.));
#4311=CARTESIAN_POINT('',(14.6,0.,-71.5));
#4312=CARTESIAN_POINT('Origin',(31.6,0.,-15.2));
#4313=CARTESIAN_POINT('',(14.6,0.,-8.20000000000004));
#4314=CARTESIAN_POINT('Origin',(116.6,0.,-0.700000000000062));
#4315=CARTESIAN_POINT('Origin',(197.,0.,-12.4500000000001));
#4316=CARTESIAN_POINT('',(197.,0.,-12.4500000000001));
#4317=CARTESIAN_POINT('Origin',(197.,0.,-67.4500000000001));
#4318=CARTESIAN_POINT('',(197.,0.,-67.4500000000001));
#4319=CARTESIAN_POINT('Origin',(184.6,0.,-76.7000000000001));
#4320=CARTESIAN_POINT('',(184.6,0.,-76.7000000000001));
#4321=CARTESIAN_POINT('Origin',(116.6,0.,-76.7000000000001));
#4322=CARTESIAN_POINT('Origin',(41.6,0.,-79.));
#4323=CARTESIAN_POINT('Origin',(14.6,0.,-71.5));
#4324=CARTESIAN_POINT('Origin',(14.6,0.,-8.20000000000004));
#4325=CARTESIAN_POINT('Origin',(56.7504954426372,46.,0.999999999999987));
#4326=CARTESIAN_POINT('',(183.004301961986,44.,3.));
#4327=CARTESIAN_POINT('',(183.004301961986,48.,-0.999999999999996));
#4328=CARTESIAN_POINT('',(183.004301961986,44.,3.));
#4329=CARTESIAN_POINT('',(19.6753653277436,48.,-1.00000000000002));
#4330=CARTESIAN_POINT('',(56.7504954426372,48.,-1.00000000000001));
#4331=CARTESIAN_POINT('',(19.6753653277436,44.,2.99999999999998));
#4332=CARTESIAN_POINT('',(19.6753653277436,48.,-1.00000000000002));
#4333=CARTESIAN_POINT('',(56.7504954426372,44.,2.99999999999999));
#4334=CARTESIAN_POINT('Origin',(183.004301961986,46.,-7.));
#4335=CARTESIAN_POINT('',(188.983596777325,44.,1.01548710380514));
#4336=CARTESIAN_POINT('Origin',(183.004301961986,44.,-7.));
#4337=CARTESIAN_POINT('',(186.591878851189,48.,-2.19070773771693));
#4338=CARTESIAN_POINT('',(188.983596777325,44.,1.01548710380514));
#4339=CARTESIAN_POINT('Origin',(183.004301961986,48.,-7.));
#4340=CARTESIAN_POINT('Origin',(167.689228688246,46.,14.4052291520439));
#4341=CARTESIAN_POINT('',(198.979294815338,44.,-6.44098119068088));
#4342=CARTESIAN_POINT('',(196.587576889203,48.,-9.64717603220293));
#4343=CARTESIAN_POINT('',(198.979294815338,44.,-6.44098119068088));
#4344=CARTESIAN_POINT('',(166.493369725179,48.,12.8021317312829));
#4345=CARTESIAN_POINT('',(168.885087651314,44.,16.008326572805));
#4346=CARTESIAN_POINT('Origin',(193.,46.,-14.456468294486));
#4347=CARTESIAN_POINT('',(203.,44.,-14.456468294486));
#4348=CARTESIAN_POINT('Origin',(193.,44.,-14.456468294486));
#4349=CARTESIAN_POINT('',(199.,48.,-14.456468294486));
#4350=CARTESIAN_POINT('',(203.,44.,-14.456468294486));
#4351=CARTESIAN_POINT('Origin',(193.,48.,-14.456468294486));
#4352=CARTESIAN_POINT('Origin',(201.,46.,-24.6951487791356));
#4353=CARTESIAN_POINT('',(203.,44.,-65.4435317055141));
#4354=CARTESIAN_POINT('',(199.,48.,-65.4435317055141));
#4355=CARTESIAN_POINT('',(203.,44.,-65.4435317055141));
#4356=CARTESIAN_POINT('',(199.,48.,-24.6951487791356));
#4357=CARTESIAN_POINT('',(203.,44.,-24.6951487791356));
#4358=CARTESIAN_POINT('Origin',(193.,46.,-65.4435317055141));
#4359=CARTESIAN_POINT('',(198.979294815339,44.,-73.4590188093192));
#4360=CARTESIAN_POINT('Origin',(193.,44.,-65.4435317055141));
#4361=CARTESIAN_POINT('',(196.587576889203,48.,-70.2528239677972));
#4362=CARTESIAN_POINT('',(198.979294815339,44.,-73.4590188093192));
#4363=CARTESIAN_POINT('Origin',(193.,48.,-65.4435317055141));
#4364=CARTESIAN_POINT('Origin',(176.027590294872,46.,-88.0850803729085));
#4365=CARTESIAN_POINT('',(188.983596777325,44.,-80.9154871038052));
#4366=CARTESIAN_POINT('',(186.591878851189,48.,-77.7092922622832));
#4367=CARTESIAN_POINT('',(188.983596777325,44.,-80.9154871038052));
#4368=CARTESIAN_POINT('',(174.831731331804,48.,-86.4819829521475));
#4369=CARTESIAN_POINT('',(177.223449257939,44.,-89.6881777936696));
#4370=CARTESIAN_POINT('Origin',(183.004301961986,46.,-72.9000000000001));
#4371=CARTESIAN_POINT('',(183.004301961986,44.,-82.9000000000001));
#4372=CARTESIAN_POINT('Origin',(183.004301961986,44.,-72.9000000000001));
#4373=CARTESIAN_POINT('',(183.004301961986,48.,-78.9000000000001));
#4374=CARTESIAN_POINT('',(183.004301961986,44.,-82.9000000000001));
#4375=CARTESIAN_POINT('Origin',(183.004301961986,48.,-72.9000000000001));
#4376=CARTESIAN_POINT('Origin',(143.161638393375,46.,-80.9000000000001));
#4377=CARTESIAN_POINT('',(19.775581310465,44.,-82.9000000000001));
#4378=CARTESIAN_POINT('',(19.775581310465,48.,-78.9000000000001));
#4379=CARTESIAN_POINT('',(19.775581310465,44.,-82.9000000000001));
#4380=CARTESIAN_POINT('',(143.161638393375,48.,-78.9000000000001));
#4381=CARTESIAN_POINT('',(143.161638393375,44.,-82.9000000000001));
#4382=CARTESIAN_POINT('Origin',(19.775581310465,46.,-72.9000000000001));
#4383=CARTESIAN_POINT('',(10.8351746821874,44.,-77.3798581809081));
#4384=CARTESIAN_POINT('Origin',(19.775581310465,44.,-72.9000000000001));
#4385=CARTESIAN_POINT('',(14.4113373334984,48.,-75.5879149085449));
#4386=CARTESIAN_POINT('',(10.8351746821874,44.,-77.3798581809081));
#4387=CARTESIAN_POINT('Origin',(19.775581310465,48.,-72.9000000000001));
#4388=CARTESIAN_POINT('Origin',(15.4579168333567,46.,-82.140989830127));
#4389=CARTESIAN_POINT('',(-1.94040662827768,44.,-51.8837627207991));
#4390=CARTESIAN_POINT('',(1.63575602303339,48.,-50.0918194484358));
#4391=CARTESIAN_POINT('',(-1.94040662827768,44.,-51.8837627207991));
#4392=CARTESIAN_POINT('',(17.2459981590123,48.,-81.2450181939454));
#4393=CARTESIAN_POINT('',(13.6698355077012,44.,-83.0369614663086));
#4394=CARTESIAN_POINT('Origin',(7.,46.,-47.403904539891));
#4395=CARTESIAN_POINT('',(-3.,44.,-47.403904539891));
#4396=CARTESIAN_POINT('Origin',(7.,44.,-47.403904539891));
#4397=CARTESIAN_POINT('',(1.,48.,-47.403904539891));
#4398=CARTESIAN_POINT('',(-3.,44.,-47.403904539891));
#4399=CARTESIAN_POINT('Origin',(7.,48.,-47.403904539891));
#4400=CARTESIAN_POINT('Origin',(-0.999999999999997,46.,-44.8595715950818));
#4401=CARTESIAN_POINT('',(-3.,44.,-32.2960954601091));
#4402=CARTESIAN_POINT('',(1.,48.,-32.2960954601091));
#4403=CARTESIAN_POINT('',(-3.,44.,-32.2960954601091));
#4404=CARTESIAN_POINT('',(1.00000000000001,48.,-44.8595715950818));
#4405=CARTESIAN_POINT('',(-3.,44.,-44.8595715950818));
#4406=CARTESIAN_POINT('Origin',(7.,46.,-32.2960954601091));
#4407=CARTESIAN_POINT('',(-1.94040662827768,44.,-27.816237279201));
#4408=CARTESIAN_POINT('Origin',(7.,44.,-32.2960954601091));
#4409=CARTESIAN_POINT('',(1.63575602303339,48.,-29.6081805515642));
#4410=CARTESIAN_POINT('',(-1.94040662827768,44.,-27.816237279201));
#4411=CARTESIAN_POINT('Origin',(7.,48.,-32.2960954601091));
#4412=CARTESIAN_POINT('Origin',(7.11726164558444,46.,-14.2043694454704));
#4413=CARTESIAN_POINT('',(10.7349586994659,44.,-2.52014181909198));
#4414=CARTESIAN_POINT('',(14.311121350777,48.,-4.31208509145519));
#4415=CARTESIAN_POINT('',(10.7349586994659,44.,-2.52014181909198));
#4416=CARTESIAN_POINT('',(8.90534297123997,48.,-15.100341081652));
#4417=CARTESIAN_POINT('',(5.3291803199289,44.,-13.3083978092887));
#4418=CARTESIAN_POINT('Origin',(19.6753653277436,46.,-7.00000000000002));
#4419=CARTESIAN_POINT('Origin',(19.6753653277436,44.,-7.00000000000002));
#4420=CARTESIAN_POINT('Origin',(19.6753653277436,48.,-7.00000000000002));
#4421=CARTESIAN_POINT('Origin',(183.004301961986,29.,-72.9000000000001));
#4422=CARTESIAN_POINT('',(188.983596777325,29.,-80.9154871038052));
#4423=CARTESIAN_POINT('',(188.983596777325,29.,-80.9154871038052));
#4424=CARTESIAN_POINT('',(183.004301961986,29.,-82.9000000000001));
#4425=CARTESIAN_POINT('Origin',(183.004301961986,29.,-72.9000000000001));
#4426=CARTESIAN_POINT('',(183.004301961986,29.,-82.9000000000001));
#4427=CARTESIAN_POINT('Origin',(203.,29.,-70.459702441729));
#4428=CARTESIAN_POINT('',(198.979294815339,29.,-73.4590188093192));
#4429=CARTESIAN_POINT('',(198.979294815339,29.,-73.4590188093192));
#4430=CARTESIAN_POINT('',(203.,29.,-70.459702441729));
#4431=CARTESIAN_POINT('Origin',(193.,29.,-65.4435317055141));
#4432=CARTESIAN_POINT('',(203.,29.,-65.4435317055141));
#4433=CARTESIAN_POINT('',(203.,29.,-65.4435317055141));
#4434=CARTESIAN_POINT('Origin',(193.,29.,-65.4435317055141));
#4435=CARTESIAN_POINT('Origin',(203.,29.,-9.44029755827112));
#4436=CARTESIAN_POINT('',(203.,29.,-14.456468294486));
#4437=CARTESIAN_POINT('',(203.,29.,-14.456468294486));
#4438=CARTESIAN_POINT('',(203.,29.,-9.44029755827112));
#4439=CARTESIAN_POINT('Origin',(193.,29.,-14.456468294486));
#4440=CARTESIAN_POINT('',(198.979294815338,29.,-6.44098119068087));
#4441=CARTESIAN_POINT('',(198.979294815338,29.,-6.44098119068088));
#4442=CARTESIAN_POINT('Origin',(193.,29.,-14.456468294486));
#4443=CARTESIAN_POINT('Origin',(186.32327678675,29.,3.));
#4444=CARTESIAN_POINT('',(188.983596777325,29.,1.01548710380514));
#4445=CARTESIAN_POINT('',(188.983596777325,29.,1.01548710380514));
#4446=CARTESIAN_POINT('',(186.32327678675,29.,3.));
#4447=CARTESIAN_POINT('Origin',(183.004301961986,29.,-7.));
#4448=CARTESIAN_POINT('',(183.004301961986,29.,3.));
#4449=CARTESIAN_POINT('',(183.004301961986,29.,3.));
#4450=CARTESIAN_POINT('Origin',(183.004301961986,29.,-7.));
#4451=CARTESIAN_POINT('Origin',(13.5009908852744,29.,2.99999999999998));
#4452=CARTESIAN_POINT('',(19.6753653277436,29.,2.99999999999998));
#4453=CARTESIAN_POINT('',(19.6753653277436,29.,2.99999999999998));
#4454=CARTESIAN_POINT('',(13.5009908852744,29.,2.99999999999998));
#4455=CARTESIAN_POINT('Origin',(100.,48.,-39.9500000000001));
#4456=CARTESIAN_POINT('Origin',(19.775581310465,29.,-72.9000000000001));
#4457=CARTESIAN_POINT('',(19.775581310465,29.,-82.9000000000001));
#4458=CARTESIAN_POINT('',(19.775581310465,29.,-82.9000000000001));
#4459=CARTESIAN_POINT('',(10.8351746821874,29.,-77.3798581809081));
#4460=CARTESIAN_POINT('Origin',(19.775581310465,29.,-72.9000000000001));
#4461=CARTESIAN_POINT('',(10.8351746821874,29.,-77.3798581809081));
#4462=CARTESIAN_POINT('Origin',(13.6012068679958,29.,-82.9000000000001));
#4463=CARTESIAN_POINT('',(-1.94040662827768,29.,-51.8837627207991));
#4464=CARTESIAN_POINT('',(13.6012068679958,29.,-82.9000000000001));
#4465=CARTESIAN_POINT('',(-1.94040662827768,29.,-51.8837627207991));
#4466=CARTESIAN_POINT('Origin',(7.,29.,-47.403904539891));
#4467=CARTESIAN_POINT('',(-3.,29.,-47.403904539891));
#4468=CARTESIAN_POINT('Origin',(7.,29.,-47.403904539891));
#4469=CARTESIAN_POINT('',(-3.,29.,-47.403904539891));
#4470=CARTESIAN_POINT('Origin',(7.,29.,-32.2960954601091));
#4471=CARTESIAN_POINT('',(-3.,29.,-32.2960954601091));
#4472=CARTESIAN_POINT('',(-3.,29.,-32.2960954601091));
#4473=CARTESIAN_POINT('',(-1.94040662827768,29.,-27.816237279201));
#4474=CARTESIAN_POINT('Origin',(7.,29.,-32.2960954601091));
#4475=CARTESIAN_POINT('',(-1.94040662827768,29.,-27.816237279201));
#4476=CARTESIAN_POINT('Origin',(-3.,29.,-29.9308568098365));
#4477=CARTESIAN_POINT('',(10.7349586994659,29.,-2.52014181909199));
#4478=CARTESIAN_POINT('',(-3.,29.,-29.9308568098365));
#4479=CARTESIAN_POINT('',(10.7349586994659,29.,-2.52014181909198));
#4480=CARTESIAN_POINT('Origin',(19.6753653277436,29.,-7.00000000000002));
#4481=CARTESIAN_POINT('Origin',(19.6753653277436,29.,-7.00000000000002));
#4482=CARTESIAN_POINT('Origin',(100.,45.,-39.9500000000001));
#4483=CARTESIAN_POINT('',(200.,45.,-68.9548512208646));
#4484=CARTESIAN_POINT('',(200.,45.,-10.9451487791356));
#4485=CARTESIAN_POINT('',(200.,45.,-68.9548512208646));
#4486=CARTESIAN_POINT('',(185.327584339321,45.,0.));
#4487=CARTESIAN_POINT('',(200.,45.,-10.9451487791356));
#4488=CARTESIAN_POINT('',(15.3533032180152,45.,0.));
#4489=CARTESIAN_POINT('',(185.327584339321,45.,0.));
#4490=CARTESIAN_POINT('',(0.,45.,-30.6404284049183));
#4491=CARTESIAN_POINT('',(15.3533032180152,45.,0.));
#4492=CARTESIAN_POINT('',(0.,45.,-49.0595715950818));
#4493=CARTESIAN_POINT('',(0.,45.,-30.6404284049183));
#4494=CARTESIAN_POINT('',(15.4535192007366,45.,-79.9000000000001));
#4495=CARTESIAN_POINT('',(0.,45.,-49.0595715950818));
#4496=CARTESIAN_POINT('',(185.327584339321,45.,-79.9000000000001));
#4497=CARTESIAN_POINT('',(15.4535192007366,45.,-79.9000000000001));
#4498=CARTESIAN_POINT('',(185.327584339321,45.,-79.9000000000001));
#4499=CARTESIAN_POINT('Origin',(200.,29.,-68.9548512208646));
#4500=CARTESIAN_POINT('',(200.,29.,-68.9548512208646));
#4501=CARTESIAN_POINT('',(200.,29.,-10.9451487791356));
#4502=CARTESIAN_POINT('',(200.,29.,-68.9548512208646));
#4503=CARTESIAN_POINT('',(200.,29.,-10.9451487791356));
#4504=CARTESIAN_POINT('',(200.,29.,-68.9548512208646));
#4505=CARTESIAN_POINT('Origin',(185.327584339321,29.,-79.9000000000001));
#4506=CARTESIAN_POINT('',(185.327584339321,29.,-79.9000000000001));
#4507=CARTESIAN_POINT('',(185.327584339321,29.,-79.9000000000001));
#4508=CARTESIAN_POINT('',(185.327584339321,29.,-79.9000000000001));
#4509=CARTESIAN_POINT('Origin',(15.4535192007366,29.,-79.9000000000001));
#4510=CARTESIAN_POINT('',(15.4535192007366,29.,-79.9000000000001));
#4511=CARTESIAN_POINT('',(15.4535192007366,29.,-79.9000000000001));
#4512=CARTESIAN_POINT('',(15.4535192007366,29.,-79.9000000000001));
#4513=CARTESIAN_POINT('Origin',(0.,29.,-49.0595715950818));
#4514=CARTESIAN_POINT('',(0.,29.,-49.0595715950818));
#4515=CARTESIAN_POINT('',(0.,29.,-49.0595715950818));
#4516=CARTESIAN_POINT('',(0.,29.,-49.0595715950818));
#4517=CARTESIAN_POINT('Origin',(0.,29.,-30.6404284049183));
#4518=CARTESIAN_POINT('',(0.,29.,-30.6404284049183));
#4519=CARTESIAN_POINT('',(0.,29.,-30.6404284049183));
#4520=CARTESIAN_POINT('',(0.,29.,-30.6404284049183));
#4521=CARTESIAN_POINT('Origin',(15.3533032180152,29.,0.));
#4522=CARTESIAN_POINT('',(15.3533032180152,29.,0.));
#4523=CARTESIAN_POINT('',(15.3533032180152,29.,0.));
#4524=CARTESIAN_POINT('',(15.3533032180152,29.,0.));
#4525=CARTESIAN_POINT('Origin',(185.327584339321,29.,0.));
#4526=CARTESIAN_POINT('',(185.327584339321,29.,0.));
#4527=CARTESIAN_POINT('',(185.327584339321,29.,0.));
#4528=CARTESIAN_POINT('',(185.327584339321,29.,0.));
#4529=CARTESIAN_POINT('Origin',(200.,29.,-10.9451487791356));
#4530=CARTESIAN_POINT('',(200.,29.,-10.9451487791356));
#4531=CARTESIAN_POINT('Origin',(-3.,29.,-49.7691431901636));
#4532=CARTESIAN_POINT('',(-3.,29.,-49.7691431901636));
#4533=CARTESIAN_POINT('Origin',(186.32327678675,29.,-82.9000000000001));
#4534=CARTESIAN_POINT('',(186.32327678675,29.,-82.9000000000001));
#4535=CARTESIAN_POINT('Origin',(100.,29.,-39.9500000000001));
#4536=UNCERTAINTY_MEASURE_WITH_UNIT(LENGTH_MEASURE(0.01),#4540,
'DISTANCE_ACCURACY_VALUE',
'Maximum model space distance between geometric entities at asserted c
onnectivities');
#4537=UNCERTAINTY_MEASURE_WITH_UNIT(LENGTH_MEASURE(0.01),#4540,
'DISTANCE_ACCURACY_VALUE',
'Maximum model space distance between geometric entities at asserted c
onnectivities');
#4538=(
GEOMETRIC_REPRESENTATION_CONTEXT(3)
GLOBAL_UNCERTAINTY_ASSIGNED_CONTEXT((#4536))
GLOBAL_UNIT_ASSIGNED_CONTEXT((#4540,#4542,#4543))
REPRESENTATION_CONTEXT('','3D')
);
#4539=(
GEOMETRIC_REPRESENTATION_CONTEXT(3)
GLOBAL_UNCERTAINTY_ASSIGNED_CONTEXT((#4537))
GLOBAL_UNIT_ASSIGNED_CONTEXT((#4540,#4542,#4543))
REPRESENTATION_CONTEXT('','3D')
);
#4540=(
LENGTH_UNIT()
NAMED_UNIT(*)
SI_UNIT(.MILLI.,.METRE.)
);
#4541=(
LENGTH_UNIT()
NAMED_UNIT(*)
SI_UNIT(.CENTI.,.METRE.)
);
#4542=(
NAMED_UNIT(*)
PLANE_ANGLE_UNIT()
SI_UNIT($,.RADIAN.)
);
#4543=(
NAMED_UNIT(*)
SI_UNIT($,.STERADIAN.)
SOLID_ANGLE_UNIT()
);
#4544=SHAPE_DEFINITION_REPRESENTATION(#4545,#4546);
#4545=PRODUCT_DEFINITION_SHAPE('',$,#4548);
#4546=SHAPE_REPRESENTATION('',(#2308),#4538);
#4547=PRODUCT_DEFINITION_CONTEXT('part definition',#4552,'design');
#4548=PRODUCT_DEFINITION('h6-case','h6-case',#4549,#4547);
#4549=PRODUCT_DEFINITION_FORMATION('',$,#4554);
#4550=PRODUCT_RELATED_PRODUCT_CATEGORY('h6-case','h6-case',(#4554));
#4551=APPLICATION_PROTOCOL_DEFINITION('international standard',
'automotive_design',2009,#4552);
#4552=APPLICATION_CONTEXT(
'Core Data for Automotive Mechanical Design Process');
#4553=PRODUCT_CONTEXT('part definition',#4552,'mechanical');
#4554=PRODUCT('h6-case','h6-case',$,(#4553));
#4555=PRESENTATION_STYLE_ASSIGNMENT((#4556));
#4556=SURFACE_STYLE_USAGE(.BOTH.,#4559);
#4557=SURFACE_STYLE_RENDERING_WITH_PROPERTIES($,#4563,(#4558));
#4558=SURFACE_STYLE_TRANSPARENT(0.);
#4559=SURFACE_SIDE_STYLE('',(#4560,#4557));
#4560=SURFACE_STYLE_FILL_AREA(#4561);
#4561=FILL_AREA_STYLE('',(#4562));
#4562=FILL_AREA_STYLE_COLOUR('',#4563);
#4563=COLOUR_RGB('',0.749019607843137,0.749019607843137,0.749019607843137);
ENDSEC;
END-ISO-10303-21;
