ISO-10303-21;
HEADER;
/* Generated by software containing ST-Developer
 * from STEP Tools, Inc. (www.steptools.com) 
 */

FILE_DESCRIPTION(
/* description */ (''),
/* implementation_level */ '2;1');

FILE_NAME(
/* name */ 'V3.7-h6-case-bottom.stp',
/* time_stamp */ '2025-08-20T15:04:30+01:00',
/* author */ ('iwheard'),
/* organization */ (''),
/* preprocessor_version */ 'ST-DEVELOPER v20',
/* originating_system */ 'Autodesk Inventor 2024',
/* authorisation */ '');

FILE_SCHEMA (('AUTOMOTIVE_DESIGN { 1 0 10303 214 3 1 1 }'));
ENDSEC;

DATA;
#10=MECHANICAL_DESIGN_GEOMETRIC_PRESENTATION_REPRESENTATION('',(#13),#8474);
#11=SHAPE_REPRESENTATION_RELATIONSHIP('SRR','None',#8481,#12);
#12=ADVANCED_BREP_SHAPE_REPRESENTATION('',(#14),#8473);
#13=STYLED_ITEM('',(#8490),#14);
#14=MANIFOLD_SOLID_BREP('Solid1',#4047);
#15=(
BOUNDED_SURFACE()
B_SPLINE_SURFACE(2,2,((#7497,#7498,#7499),(#7500,#7501,#7502),(#7503,#7504,
#7505)),.UNSPECIFIED.,.F.,.F.,.F.)
B_SPLINE_SURFACE_WITH_KNOTS((3,3),(3,3),(-1.5707963267949,0.),(2.12351143989168,
3.14159265358979),.UNSPECIFIED.)
GEOMETRIC_REPRESENTATION_ITEM()
RATIONAL_B_SPLINE_SURFACE(((1.,0.873212459828649,1.),(0.707106781186507,
0.617454451761388,0.707106781186507),(1.,0.873212459828649,1.)))
REPRESENTATION_ITEM('')
SURFACE()
);
#16=(
BOUNDED_SURFACE()
B_SPLINE_SURFACE(2,2,((#7521,#7522,#7523),(#7524,#7525,#7526),(#7527,#7528,
#7529)),.UNSPECIFIED.,.F.,.F.,.F.)
B_SPLINE_SURFACE_WITH_KNOTS((3,3),(3,3),(-1.57079632679492,0.),(-3.14159265358979,
-2.12351143989168),.UNSPECIFIED.)
GEOMETRIC_REPRESENTATION_ITEM()
RATIONAL_B_SPLINE_SURFACE(((1.,0.873212459828649,1.),(0.707106781186529,
0.617454451761407,0.707106781186529),(1.,0.873212459828649,1.)))
REPRESENTATION_ITEM('')
SURFACE()
);
#17=(
BOUNDED_SURFACE()
B_SPLINE_SURFACE(1,2,((#7824,#7825,#7826,#7827,#7828),(#7829,#7830,#7831,
#7832,#7833)),.UNSPECIFIED.,.F.,.F.,.F.)
B_SPLINE_SURFACE_WITH_KNOTS((2,2),(3,2,3),(0.,0.619913248351196),(-3.14159265358979,
-1.57079632679489,1.25455201782643E-14),.UNSPECIFIED.)
GEOMETRIC_REPRESENTATION_ITEM()
RATIONAL_B_SPLINE_SURFACE(((1.,0.707106781186545,1.,0.707106781186545,1.),
(1.,0.707106781186545,1.,0.707106781186545,1.)))
REPRESENTATION_ITEM('')
SURFACE()
);
#18=(
BOUNDED_SURFACE()
B_SPLINE_SURFACE(1,2,((#8008,#8009,#8010,#8011,#8012),(#8013,#8014,#8015,
#8016,#8017)),.UNSPECIFIED.,.F.,.F.,.F.)
B_SPLINE_SURFACE_WITH_KNOTS((2,2),(3,2,3),(0.,0.619913248351203),(-3.14159265358983,
-1.5707963267949,3.14288284631998E-14),.UNSPECIFIED.)
GEOMETRIC_REPRESENTATION_ITEM()
RATIONAL_B_SPLINE_SURFACE(((1.,0.707106781186536,1.,0.707106781186536,1.),
(1.,0.707106781186536,1.,0.707106781186536,1.)))
REPRESENTATION_ITEM('')
SURFACE()
);
#19=(
BOUNDED_SURFACE()
B_SPLINE_SURFACE(1,2,((#8023,#8024,#8025,#8026,#8027),(#8028,#8029,#8030,
#8031,#8032)),.UNSPECIFIED.,.F.,.F.,.F.)
B_SPLINE_SURFACE_WITH_KNOTS((2,2),(3,2,3),(0.,2.02536580159592),(-7.54549475277303E-16,
1.5707963267949,3.14159265358979),.UNSPECIFIED.)
GEOMETRIC_REPRESENTATION_ITEM()
RATIONAL_B_SPLINE_SURFACE(((1.,0.707106781186547,1.,0.707106781186547,1.),
(1.,0.707106781186547,1.,0.707106781186547,1.)))
REPRESENTATION_ITEM('')
SURFACE()
);
#20=(
BOUNDED_SURFACE()
B_SPLINE_SURFACE(1,2,((#8247,#8248,#8249,#8250,#8251),(#8252,#8253,#8254,
#8255,#8256)),.UNSPECIFIED.,.F.,.F.,.F.)
B_SPLINE_SURFACE_WITH_KNOTS((2,2),(3,2,3),(0.,0.619913248351202),(-3.14159265358982,
-1.5707963267949,1.88656275429169E-14),.UNSPECIFIED.)
GEOMETRIC_REPRESENTATION_ITEM()
RATIONAL_B_SPLINE_SURFACE(((1.,0.707106781186539,1.,0.707106781186539,1.),
(1.,0.707106781186539,1.,0.707106781186539,1.)))
REPRESENTATION_ITEM('')
SURFACE()
);
#21=(
BOUNDED_SURFACE()
B_SPLINE_SURFACE(1,2,((#8420,#8421,#8422,#8423,#8424),(#8425,#8426,#8427,
#8428,#8429)),.UNSPECIFIED.,.F.,.F.,.F.)
B_SPLINE_SURFACE_WITH_KNOTS((2,2),(3,2,3),(0.,0.619913248351199),(-3.14159265358981,
-1.5707963267949,1.84625657371723E-14),.UNSPECIFIED.)
GEOMETRIC_REPRESENTATION_ITEM()
RATIONAL_B_SPLINE_SURFACE(((1.,0.707106781186541,1.,0.707106781186541,1.),
(1.,0.707106781186541,1.,0.707106781186541,1.)))
REPRESENTATION_ITEM('')
SURFACE()
);
#22=(
BOUNDED_SURFACE()
B_SPLINE_SURFACE(1,2,((#8430,#8431,#8432,#8433,#8434),(#8435,#8436,#8437,
#8438,#8439)),.UNSPECIFIED.,.F.,.F.,.F.)
B_SPLINE_SURFACE_WITH_KNOTS((2,2),(3,2,3),(0.,2.02536580159592),(-5.2158252098716E-17,
1.5707963267949,3.14159265358979),.UNSPECIFIED.)
GEOMETRIC_REPRESENTATION_ITEM()
RATIONAL_B_SPLINE_SURFACE(((1.,0.707106781186547,1.,0.707106781186547,1.),
(1.,0.707106781186547,1.,0.707106781186547,1.)))
REPRESENTATION_ITEM('')
SURFACE()
);
#23=(
BOUNDED_CURVE()
B_SPLINE_CURVE(2,(#6699,#6700,#6701),.UNSPECIFIED.,.F.,.F.)
B_SPLINE_CURVE_WITH_KNOTS((3,3),(1.52293521417522,1.69705627484771),
 .UNSPECIFIED.)
CURVE()
GEOMETRIC_REPRESENTATION_ITEM()
RATIONAL_B_SPLINE_CURVE((1.6360897000514,1.64285714285715,1.64285714285715))
REPRESENTATION_ITEM('')
);
#24=(
BOUNDED_CURVE()
B_SPLINE_CURVE(2,(#6715,#6716,#6717),.UNSPECIFIED.,.F.,.F.)
B_SPLINE_CURVE_WITH_KNOTS((3,3),(1.6970562748477,1.87117733552022),
 .UNSPECIFIED.)
CURVE()
GEOMETRIC_REPRESENTATION_ITEM()
RATIONAL_B_SPLINE_CURVE((1.64285714285714,1.64285714285714,1.6360897000514))
REPRESENTATION_ITEM('')
);
#25=(
BOUNDED_CURVE()
B_SPLINE_CURVE(2,(#6729,#6730,#6731),.UNSPECIFIED.,.F.,.F.)
B_SPLINE_CURVE_WITH_KNOTS((3,3),(1.55089242475464,1.69705627484772),
 .UNSPECIFIED.)
CURVE()
GEOMETRIC_REPRESENTATION_ITEM()
RATIONAL_B_SPLINE_CURVE((1.63808842163526,1.64285714285715,1.64285714285715))
REPRESENTATION_ITEM('')
);
#26=(
BOUNDED_CURVE()
B_SPLINE_CURVE(2,(#6745,#6746,#6747),.UNSPECIFIED.,.F.,.F.)
B_SPLINE_CURVE_WITH_KNOTS((3,3),(1.69705627484772,1.84322012584548),
 .UNSPECIFIED.)
CURVE()
GEOMETRIC_REPRESENTATION_ITEM()
RATIONAL_B_SPLINE_CURVE((1.64285714285714,1.64285714285714,1.63808842157623))
REPRESENTATION_ITEM('')
);
#27=(
BOUNDED_CURVE()
B_SPLINE_CURVE(2,(#6759,#6760,#6761),.UNSPECIFIED.,.F.,.F.)
B_SPLINE_CURVE_WITH_KNOTS((3,3),(1.55089242475463,1.69705627484772),
 .UNSPECIFIED.)
CURVE()
GEOMETRIC_REPRESENTATION_ITEM()
RATIONAL_B_SPLINE_CURVE((1.63808842163526,1.64285714285714,1.64285714285714))
REPRESENTATION_ITEM('')
);
#28=(
BOUNDED_CURVE()
B_SPLINE_CURVE(2,(#6775,#6776,#6777),.UNSPECIFIED.,.F.,.F.)
B_SPLINE_CURVE_WITH_KNOTS((3,3),(1.69705627484771,1.84322012584549),
 .UNSPECIFIED.)
CURVE()
GEOMETRIC_REPRESENTATION_ITEM()
RATIONAL_B_SPLINE_CURVE((1.64285714285714,1.64285714285714,1.63808842157623))
REPRESENTATION_ITEM('')
);
#29=(
BOUNDED_CURVE()
B_SPLINE_CURVE(2,(#6789,#6790,#6791),.UNSPECIFIED.,.F.,.F.)
B_SPLINE_CURVE_WITH_KNOTS((3,3),(1.52293521417522,1.69705627484772),
 .UNSPECIFIED.)
CURVE()
GEOMETRIC_REPRESENTATION_ITEM()
RATIONAL_B_SPLINE_CURVE((1.63608970005141,1.64285714285715,1.64285714285715))
REPRESENTATION_ITEM('')
);
#30=(
BOUNDED_CURVE()
B_SPLINE_CURVE(2,(#6805,#6806,#6807),.UNSPECIFIED.,.F.,.F.)
B_SPLINE_CURVE_WITH_KNOTS((3,3),(1.69705627484771,1.87117733552021),
 .UNSPECIFIED.)
CURVE()
GEOMETRIC_REPRESENTATION_ITEM()
RATIONAL_B_SPLINE_CURVE((1.64285714285714,1.64285714285714,1.6360897000514))
REPRESENTATION_ITEM('')
);
#31=(
BOUNDED_CURVE()
B_SPLINE_CURVE(2,(#6819,#6820,#6821),.UNSPECIFIED.,.F.,.F.)
B_SPLINE_CURVE_WITH_KNOTS((3,3),(1.56871339727022,1.69705627484772),
 .UNSPECIFIED.)
CURVE()
GEOMETRIC_REPRESENTATION_ITEM()
RATIONAL_B_SPLINE_CURVE((1.63918038075337,1.64285714285714,1.64285714285714))
REPRESENTATION_ITEM('')
);
#32=(
BOUNDED_CURVE()
B_SPLINE_CURVE(2,(#6835,#6836,#6837),.UNSPECIFIED.,.F.,.F.)
B_SPLINE_CURVE_WITH_KNOTS((3,3),(1.69705627484771,1.8253991524875),
 .UNSPECIFIED.)
CURVE()
GEOMETRIC_REPRESENTATION_ITEM()
RATIONAL_B_SPLINE_CURVE((1.64285714285715,1.64285714285715,1.63918038074982))
REPRESENTATION_ITEM('')
);
#33=(
BOUNDED_CURVE()
B_SPLINE_CURVE(2,(#6849,#6850,#6851),.UNSPECIFIED.,.F.,.F.)
B_SPLINE_CURVE_WITH_KNOTS((3,3),(1.50363688086328,1.69705627484771),
 .UNSPECIFIED.)
CURVE()
GEOMETRIC_REPRESENTATION_ITEM()
RATIONAL_B_SPLINE_CURVE((1.63450645938184,1.64285714285714,1.64285714285714))
REPRESENTATION_ITEM('')
);
#34=(
BOUNDED_CURVE()
B_SPLINE_CURVE(2,(#6865,#6866,#6867),.UNSPECIFIED.,.F.,.F.)
B_SPLINE_CURVE_WITH_KNOTS((3,3),(1.69705627484771,1.89047566883217),
 .UNSPECIFIED.)
CURVE()
GEOMETRIC_REPRESENTATION_ITEM()
RATIONAL_B_SPLINE_CURVE((1.64285714285714,1.64285714285714,1.63450645938185))
REPRESENTATION_ITEM('')
);
#35=(
BOUNDED_CURVE()
B_SPLINE_CURVE(2,(#6879,#6880,#6881),.UNSPECIFIED.,.F.,.F.)
B_SPLINE_CURVE_WITH_KNOTS((3,3),(1.50363688086328,1.69705627484771),
 .UNSPECIFIED.)
CURVE()
GEOMETRIC_REPRESENTATION_ITEM()
RATIONAL_B_SPLINE_CURVE((1.63450645938185,1.64285714285714,1.64285714285714))
REPRESENTATION_ITEM('')
);
#36=(
BOUNDED_CURVE()
B_SPLINE_CURVE(2,(#6895,#6896,#6897),.UNSPECIFIED.,.F.,.F.)
B_SPLINE_CURVE_WITH_KNOTS((3,3),(1.69705627484772,1.89047566883217),
 .UNSPECIFIED.)
CURVE()
GEOMETRIC_REPRESENTATION_ITEM()
RATIONAL_B_SPLINE_CURVE((1.64285714285714,1.64285714285714,1.63450645938184))
REPRESENTATION_ITEM('')
);
#37=(
BOUNDED_CURVE()
B_SPLINE_CURVE(2,(#6909,#6910,#6911),.UNSPECIFIED.,.F.,.F.)
B_SPLINE_CURVE_WITH_KNOTS((3,3),(1.56871339727021,1.69705627484771),
 .UNSPECIFIED.)
CURVE()
GEOMETRIC_REPRESENTATION_ITEM()
RATIONAL_B_SPLINE_CURVE((1.63918038075335,1.64285714285712,1.64285714285712))
REPRESENTATION_ITEM('')
);
#38=(
BOUNDED_CURVE()
B_SPLINE_CURVE(2,(#6924,#6925,#6926),.UNSPECIFIED.,.F.,.F.)
B_SPLINE_CURVE_WITH_KNOTS((3,3),(1.69705627484771,1.8253991524875),
 .UNSPECIFIED.)
CURVE()
GEOMETRIC_REPRESENTATION_ITEM()
RATIONAL_B_SPLINE_CURVE((1.64285714285714,1.64285714285714,1.63918038074981))
REPRESENTATION_ITEM('')
);
#39=CONICAL_SURFACE('',#4162,8.5,0.785398163397448);
#40=CONICAL_SURFACE('',#4165,8.5,0.785398163397449);
#41=CONICAL_SURFACE('',#4168,8.5,0.785398163397448);
#42=CONICAL_SURFACE('',#4171,8.5,0.785398163397448);
#43=CONICAL_SURFACE('',#4174,8.5,0.785398163397449);
#44=CONICAL_SURFACE('',#4177,8.5,0.785398163397447);
#45=CONICAL_SURFACE('',#4180,8.50000000000001,0.785398163397447);
#46=CONICAL_SURFACE('',#4183,8.5,0.785398163397448);
#47=CONICAL_SURFACE('',#4271,3.75,0.78539816339745);
#48=CONICAL_SURFACE('',#4275,3.75,0.785398163397447);
#49=CONICAL_SURFACE('',#4279,3.75,0.785398163397447);
#50=CONICAL_SURFACE('',#4283,3.74999999999999,0.78539816339745);
#51=CONICAL_SURFACE('',#4287,3.75,0.785398163397449);
#52=CONICAL_SURFACE('',#4291,3.75,0.785398163397448);
#53=CONICAL_SURFACE('',#4295,3.75,0.785398163397448);
#54=CONICAL_SURFACE('',#4299,3.75,0.785398163397449);
#55=SPHERICAL_SURFACE('',#4141,1.);
#56=SPHERICAL_SURFACE('',#4151,1.);
#57=SPHERICAL_SURFACE('',#4153,1.);
#58=SPHERICAL_SURFACE('',#4156,1.);
#59=ELLIPSE('',#4114,1.35994263471905,0.9);
#60=ELLIPSE('',#4115,1.00229212571915,1.);
#61=ELLIPSE('',#4118,2.18859784658571,0.9);
#62=ELLIPSE('',#4120,0.987345370628966,0.9);
#63=ELLIPSE('',#4123,1.00229212571915,1.);
#64=ELLIPSE('',#4129,1.00409531856471,1.);
#65=ELLIPSE('',#4132,1.35994263471904,0.9);
#66=ELLIPSE('',#4133,0.987345370628969,0.9);
#67=ELLIPSE('',#4135,2.18859784658573,0.9);
#68=ELLIPSE('',#4149,1.00229212571915,1.);
#69=ELLIPSE('',#4150,1.00229212571915,1.);
#70=ELLIPSE('',#4159,8.,1.73608644825811);
#71=ELLIPSE('',#4160,8.,1.73608644825811);
#72=ELLIPSE('',#4215,2.61312592975275,1.);
#73=ELLIPSE('',#4237,2.61312592975272,1.);
#74=ELLIPSE('',#4256,1.41421356237309,1.);
#75=ELLIPSE('',#4326,1.18633653210288,1.);
#76=ELLIPSE('',#4331,1.4142135623731,1.);
#77=ELLIPSE('',#4333,1.06914059801731,1.);
#78=ELLIPSE('',#4335,1.06914059801731,1.);
#79=ELLIPSE('',#4337,1.0691405980173,1.);
#80=ELLIPSE('',#4339,1.06914059801731,1.);
#81=ELLIPSE('',#4341,1.06914059801731,1.);
#82=ELLIPSE('',#4343,1.06914059801731,1.);
#83=ELLIPSE('',#4345,1.1863365321029,1.);
#84=ELLIPSE('',#4366,1.0536393780009,1.);
#85=ELLIPSE('',#4368,1.11875810099799,1.);
#86=ELLIPSE('',#4370,1.11875810099797,1.);
#87=ELLIPSE('',#4372,1.05363937800092,1.);
#88=ELLIPSE('',#4398,2.82842712474619,2.00000000000001);
#89=ELLIPSE('',#4400,2.82842712474618,2.);
#90=ELLIPSE('',#4403,2.82842712474618,2.);
#91=ELLIPSE('',#4405,2.8284271247462,2.00000000000001);
#92=ELLIPSE('',#4456,23.5685186634886,1.32116314610444);
#93=ELLIPSE('',#4457,23.5685186634886,1.32116314610444);
#94=ELLIPSE('',#4458,23.5685186634886,1.32116314610444);
#95=ELLIPSE('',#4459,23.5685186634886,1.32116314610444);
#96=ELLIPSE('',#4460,8.,1.73608644825811);
#97=ELLIPSE('',#4464,8.,1.73608644825811);
#98=ELLIPSE('',#4467,23.5685186634886,1.32116314610444);
#99=ELLIPSE('',#4468,23.5685186634886,1.32116314610444);
#100=ELLIPSE('',#4471,23.5685186634886,1.32116314610444);
#101=ELLIPSE('',#4473,23.5685186634886,1.32116314610444);
#102=FACE_BOUND('',#526,.T.);
#103=FACE_BOUND('',#725,.T.);
#104=PLANE('',#4101);
#105=PLANE('',#4105);
#106=PLANE('',#4125);
#107=PLANE('',#4137);
#108=PLANE('',#4138);
#109=PLANE('',#4139);
#110=PLANE('',#4146);
#111=PLANE('',#4161);
#112=PLANE('',#4164);
#113=PLANE('',#4167);
#114=PLANE('',#4170);
#115=PLANE('',#4173);
#116=PLANE('',#4176);
#117=PLANE('',#4179);
#118=PLANE('',#4182);
#119=PLANE('',#4187);
#120=PLANE('',#4190);
#121=PLANE('',#4193);
#122=PLANE('',#4196);
#123=PLANE('',#4243);
#124=PLANE('',#4246);
#125=PLANE('',#4249);
#126=PLANE('',#4252);
#127=PLANE('',#4258);
#128=PLANE('',#4263);
#129=PLANE('',#4267);
#130=PLANE('',#4270);
#131=PLANE('',#4274);
#132=PLANE('',#4278);
#133=PLANE('',#4282);
#134=PLANE('',#4286);
#135=PLANE('',#4290);
#136=PLANE('',#4294);
#137=PLANE('',#4298);
#138=PLANE('',#4303);
#139=PLANE('',#4305);
#140=PLANE('',#4307);
#141=PLANE('',#4309);
#142=PLANE('',#4310);
#143=PLANE('',#4313);
#144=PLANE('',#4317);
#145=PLANE('',#4319);
#146=PLANE('',#4321);
#147=PLANE('',#4323);
#148=PLANE('',#4350);
#149=PLANE('',#4353);
#150=PLANE('',#4354);
#151=PLANE('',#4355);
#152=PLANE('',#4356);
#153=PLANE('',#4357);
#154=PLANE('',#4358);
#155=PLANE('',#4359);
#156=PLANE('',#4360);
#157=PLANE('',#4361);
#158=PLANE('',#4364);
#159=PLANE('',#4393);
#160=PLANE('',#4394);
#161=PLANE('',#4395);
#162=PLANE('',#4396);
#163=PLANE('',#4401);
#164=PLANE('',#4406);
#165=PLANE('',#4413);
#166=PLANE('',#4414);
#167=PLANE('',#4417);
#168=PLANE('',#4422);
#169=PLANE('',#4423);
#170=PLANE('',#4424);
#171=PLANE('',#4426);
#172=PLANE('',#4431);
#173=PLANE('',#4435);
#174=PLANE('',#4442);
#175=PLANE('',#4446);
#176=PLANE('',#4447);
#177=PLANE('',#4448);
#178=PLANE('',#4449);
#179=PLANE('',#4450);
#180=PLANE('',#4451);
#181=PLANE('',#4452);
#182=PLANE('',#4453);
#183=PLANE('',#4454);
#184=PLANE('',#4455);
#185=PLANE('',#4461);
#186=PLANE('',#4472);
#187=PLANE('',#4475);
#188=PLANE('',#4477);
#189=PLANE('',#4479);
#190=PLANE('',#4482);
#191=PLANE('',#4484);
#192=PLANE('',#4485);
#193=PLANE('',#4486);
#194=PLANE('',#4487);
#195=PLANE('',#4488);
#196=PLANE('',#4489);
#197=PLANE('',#4490);
#198=B_SPLINE_CURVE_WITH_KNOTS('',3,(#5754,#5755,#5756,#5757,#5758,#5759,
#5760,#5761,#5762,#5763,#5764,#5765,#5766,#5767,#5768,#5769),
 .UNSPECIFIED.,.F.,.F.,(4,3,3,3,3,4),(0.,0.00662660102328208,0.0114615611509785,
0.0114675656666478,0.0181627575240556,0.0234031126952874),.UNSPECIFIED.);
#199=B_SPLINE_CURVE_WITH_KNOTS('',3,(#5770,#5771,#5772,#5773,#5774),
 .UNSPECIFIED.,.F.,.F.,(4,1,4),(-0.136797729654434,-0.0683988648272175,
-8.95161588126509E-16),.UNSPECIFIED.);
#200=B_SPLINE_CURVE_WITH_KNOTS('',3,(#5775,#5776,#5777,#5778,#5779),
 .UNSPECIFIED.,.F.,.F.,(4,1,4),(8.95161588126509E-16,0.0683988648272175,
0.132849113188105),.UNSPECIFIED.);
#201=B_SPLINE_CURVE_WITH_KNOTS('',3,(#5803,#5804,#5805,#5806,#5807,#5808),
 .UNSPECIFIED.,.F.,.F.,(4,2,4),(0.219396166668927,0.229549852299725,0.237321981800759),
 .UNSPECIFIED.);
#202=B_SPLINE_CURVE_WITH_KNOTS('',3,(#5809,#5810,#5811,#5812),
 .UNSPECIFIED.,.F.,.F.,(4,4),(0.230158302151959,0.254609016541974),
 .UNSPECIFIED.);
#203=B_SPLINE_CURVE_WITH_KNOTS('',3,(#5838,#5839,#5840,#5841,#5842,#5843),
 .UNSPECIFIED.,.F.,.F.,(4,2,4),(0.254638399894796,0.317202796658948,0.31761966291959),
 .UNSPECIFIED.);
#204=B_SPLINE_CURVE_WITH_KNOTS('',3,(#5844,#5845,#5846,#5847,#5848,#5849,
#5850),.UNSPECIFIED.,.F.,.F.,(4,3,4),(0.151749903060548,0.152220711436561,
0.222880884297259),.UNSPECIFIED.);
#205=B_SPLINE_CURVE_WITH_KNOTS('',3,(#5858,#5859,#5860,#5861,#5862,#5863),
 .UNSPECIFIED.,.F.,.F.,(4,2,4),(0.298633285346497,0.333175001869882,0.334872105919044),
 .UNSPECIFIED.);
#206=B_SPLINE_CURVE_WITH_KNOTS('',3,(#5870,#5871,#5872,#5873,#5874,#5875),
 .UNSPECIFIED.,.F.,.F.,(4,2,4),(0.237321981800759,0.264091568823111,0.298633285346496),
 .UNSPECIFIED.);
#207=B_SPLINE_CURVE_WITH_KNOTS('',3,(#5882,#5883,#5884,#5885,#5886,#5887,
#5888,#5889),.UNSPECIFIED.,.F.,.F.,(4,2,2,4),(0.,0.0452913864344459,0.0679370796516688,
0.0905827728688917),.UNSPECIFIED.);
#208=B_SPLINE_CURVE_WITH_KNOTS('',3,(#5893,#5894,#5895,#5896,#5897,#5898,
#5899,#5900),.UNSPECIFIED.,.F.,.F.,(4,2,2,4),(0.331950236068246,0.354595929285469,
0.377241622502692,0.422533008937138),.UNSPECIFIED.);
#209=B_SPLINE_CURVE_WITH_KNOTS('',3,(#5955,#5956,#5957,#5958,#5959,#5960,
#5961,#5962,#5963,#5964,#5965,#5966),.UNSPECIFIED.,.F.,.F.,(4,2,1,1,1,1,
1,1,4),(-0.000434344540305139,0.,0.0143992281434999,0.0287984562869997,
0.0575969125739994,0.0719961407174993,0.0863953688609991,0.115193825147999,
0.143992281434999),.UNSPECIFIED.);
#210=B_SPLINE_CURVE_WITH_KNOTS('',3,(#5968,#5969,#5970,#5971,#5972,#5973,
#5974,#5975,#5976,#5977,#5978,#5979),.UNSPECIFIED.,.F.,.F.,(4,1,1,1,1,1,
1,2,4),(0.425359496474652,0.454163806648145,0.468565961734891,0.482968116821637,
0.511772426995129,0.540576737168621,0.554978892255367,0.569381047342113,
0.569805424871048),.UNSPECIFIED.);
#211=B_SPLINE_CURVE_WITH_KNOTS('',3,(#5986,#5987,#5988,#5989,#5990,#5991,
#5992,#5993,#5994,#5995,#5996,#5997),.UNSPECIFIED.,.F.,.F.,(4,2,1,1,1,1,
1,1,4),(-0.000424278352596317,0.,0.0143898074187986,0.0287796148375972,
0.0575592296751945,0.0719490370939931,0.0863388445127917,0.115118459350389,
0.143898074187986),.UNSPECIFIED.);
#212=B_SPLINE_CURVE_WITH_KNOTS('',3,(#6217,#6218,#6219,#6220,#6221,#6222,
#6223,#6224),.UNSPECIFIED.,.F.,.F.,(4,2,2,4),(0.135123143934422,0.135793895489106,
0.155147809836396,0.174501724183686),.UNSPECIFIED.);
#213=B_SPLINE_CURVE_WITH_KNOTS('',3,(#6236,#6237,#6238,#6239,#6240,#6241,
#6242,#6243,#6244,#6245,#6246,#6247,#6248,#6249,#6250,#6251,#6252,#6253,
#6254,#6255),.UNSPECIFIED.,.F.,.F.,(4,2,2,2,2,2,2,2,2,4),(0.162883504614559,
0.178430256357271,0.203736991054319,0.237026073904908,0.271636558612676,
0.306247043320444,0.340857528028211,0.375468012735979,0.408757095586568,
0.411550770346496),.UNSPECIFIED.);
#214=B_SPLINE_CURVE_WITH_KNOTS('',3,(#6266,#6267,#6268,#6269,#6270,#6271,
#6272,#6273,#6274,#6275,#6276,#6277,#6278,#6279,#6280,#6281,#6282,#6283,
#6284),.UNSPECIFIED.,.F.,.F.,(4,2,2,2,2,3,2,2,4),(0.469130547935006,0.484677299677719,
0.509984034374768,0.543273117225357,0.577883601933125,0.612494086640892,
0.647104571348659,0.681715056056427,0.705466781603519),.UNSPECIFIED.);
#215=B_SPLINE_CURVE_WITH_KNOTS('',3,(#6460,#6461,#6462,#6463,#6464,#6465,
#6466,#6467,#6468,#6469,#6470,#6471,#6472,#6473,#6474,#6475,#6476,#6477,
#6478,#6479),.UNSPECIFIED.,.F.,.F.,(4,2,2,2,2,2,2,2,2,4),(0.,0.2302907331123,
0.373515409552864,0.444034191315266,0.49116429901965,0.516722667900615,
0.528387129348054,0.5332296611283,0.535505534878136,0.536057561955846),
 .UNSPECIFIED.);
#216=B_SPLINE_CURVE_WITH_KNOTS('',3,(#6481,#6482,#6483,#6484,#6485,#6486,
#6487,#6488,#6489,#6490,#6491,#6492,#6493,#6494,#6495,#6496,#6497,#6498,
#6499,#6500,#6501),.UNSPECIFIED.,.F.,.F.,(4,1,1,1,1,1,1,1,1,1,1,1,1,1,1,
1,1,1,4),(4.61711347623482,4.85010898774128,4.87436488806814,4.89862078839501,
4.94713258904873,4.99564438970246,5.04415619035619,5.14117979166364,5.2382033929711,
5.38373879493228,5.432250595586,5.52927419689346,5.57778599754719,5.60204189787405,
5.62629779820091,5.82034500081582,6.01439220343073,6.20843940604564,6.24755428332624),
 .UNSPECIFIED.);
#217=B_SPLINE_CURVE_WITH_KNOTS('',3,(#6503,#6504,#6505,#6506,#6507,#6508,
#6509,#6510,#6511,#6512,#6513,#6514,#6515,#6516,#6517,#6518,#6519,#6520,
#6521,#6522),.UNSPECIFIED.,.F.,.F.,(4,2,2,2,2,2,2,2,2,4),(-0.000145880629656381,
0.,0.000726889263324133,0.00227723189169391,0.006012756793491,0.0141940843746845,
0.0292781949870136,0.0518497904484568,0.097692143419129,0.171402376654243),
 .UNSPECIFIED.);
#218=B_SPLINE_CURVE_WITH_KNOTS('',3,(#6626,#6627,#6628,#6629,#6630,#6631,
#6632,#6633,#6634,#6635,#6636,#6637,#6638,#6639,#6640,#6641,#6642,#6643,
#6644,#6645),.UNSPECIFIED.,.F.,.F.,(4,2,2,2,2,2,2,2,2,4),(0.,0.230290733112265,
0.373515409553134,0.444034191314969,0.491164299021491,0.516722667905982,
0.528387129353615,0.533229661145726,0.535505534860525,0.53605756193835),
 .UNSPECIFIED.);
#219=B_SPLINE_CURVE_WITH_KNOTS('',3,(#6647,#6648,#6649,#6650,#6651,#6652,
#6653,#6654,#6655,#6656,#6657,#6658,#6659,#6660,#6661,#6662,#6663,#6664,
#6665),.UNSPECIFIED.,.F.,.F.,(4,1,1,1,1,1,1,1,1,1,1,1,1,1,1,1,4),(4.61711347623482,
4.65606178512637,4.85010898774128,5.04415619035618,5.06841209068305,5.09266799100991,
5.14117979166364,5.23820339297109,5.38373879493227,5.432250595586,5.52927419689346,
5.62629779820091,5.72332139950836,5.82034500081582,6.01439220343073,6.20843940604563,
6.24755428332624),.UNSPECIFIED.);
#220=B_SPLINE_CURVE_WITH_KNOTS('',3,(#6667,#6668,#6669,#6670,#6671,#6672,
#6673,#6674,#6675,#6676,#6677,#6678,#6679,#6680,#6681,#6682,#6683,#6684,
#6685,#6686),.UNSPECIFIED.,.F.,.F.,(4,2,2,2,2,2,2,2,2,4),(-0.00014588062395128,
0.,0.000726889263127171,0.00227723188867674,0.00601275677881161,0.0141940843359765,
0.0292781948969409,0.0518497902753808,0.0976921430826954,0.171402376054416),
 .UNSPECIFIED.);
#221=B_SPLINE_CURVE_WITH_KNOTS('',3,(#6703,#6704,#6705,#6706,#6707,#6708,
#6709,#6710,#6711,#6712,#6713),.UNSPECIFIED.,.F.,.F.,(4,2,3,2,4),(2.9361576346149,
3.00592069698346,3.13650289800042,3.26915929248324,3.33692901852828),
 .UNSPECIFIED.);
#222=B_SPLINE_CURVE_WITH_KNOTS('',3,(#6733,#6734,#6735,#6736,#6737,#6738,
#6739,#6740,#6741,#6742,#6743),.UNSPECIFIED.,.F.,.F.,(4,2,3,2,4),(2.95923237413789,
3.00050411446251,3.13015574757863,3.25980738069474,3.30107912145995),
 .UNSPECIFIED.);
#223=B_SPLINE_CURVE_WITH_KNOTS('',3,(#6763,#6764,#6765,#6766,#6767,#6768,
#6769,#6770,#6771,#6772,#6773),.UNSPECIFIED.,.F.,.F.,(4,2,3,2,4),(2.95876880803747,
3.00004054836208,3.1296921814782,3.26131960905016,3.30071460607565),
 .UNSPECIFIED.);
#224=B_SPLINE_CURVE_WITH_KNOTS('',3,(#6793,#6794,#6795,#6796,#6797,#6798,
#6799,#6800,#6801,#6802,#6803),.UNSPECIFIED.,.F.,.F.,(4,2,3,2,4),(2.93683967250033,
3.00660273486889,3.13718493588586,3.26776713690282,3.33753019927138),
 .UNSPECIFIED.);
#225=B_SPLINE_CURVE_WITH_KNOTS('',3,(#6823,#6824,#6825,#6826,#6827,#6828,
#6829,#6830,#6831,#6832,#6833),.UNSPECIFIED.,.F.,.F.,(4,2,3,2,4),(2.97465496653808,
2.9971914442286,3.12632567195609,3.25545989968358,3.27799637740426),
 .UNSPECIFIED.);
#226=B_SPLINE_CURVE_WITH_KNOTS('',3,(#6853,#6854,#6855,#6856,#6857,#6858,
#6859,#6860,#6861,#6862,#6863),.UNSPECIFIED.,.F.,.F.,(4,2,3,2,4),(2.92264706541932,
3.01146472702305,3.14276982144329,3.27407491586354,3.36289257746729),
 .UNSPECIFIED.);
#227=B_SPLINE_CURVE_WITH_KNOTS('',3,(#6883,#6884,#6885,#6886,#6887,#6888,
#6889,#6890,#6891,#6892,#6893),.UNSPECIFIED.,.F.,.F.,(4,2,3,2,4),(2.92264706541931,
3.01146472702305,3.14276982144329,3.27407491586354,3.36289257746728),
 .UNSPECIFIED.);
#228=B_SPLINE_CURVE_WITH_KNOTS('',3,(#6913,#6914,#6915,#6916,#6917,#6918,
#6919,#6920,#6921,#6922,#6923),.UNSPECIFIED.,.F.,.F.,(4,2,3,2,4),(2.97465496653808,
2.99719144422861,3.1263256719561,3.25545989968359,3.27799637740426),
 .UNSPECIFIED.);
#229=B_SPLINE_CURVE_WITH_KNOTS('',3,(#6971,#6972,#6973,#6974,#6975,#6976,
#6977,#6978,#6979,#6980,#6981,#6982,#6983,#6984,#6985,#6986,#6987),
 .UNSPECIFIED.,.F.,.F.,(4,1,1,1,1,1,1,1,1,1,1,1,1,1,4),(8.46142901024113,
8.51623995854093,8.70980949394513,8.90337902934932,9.29051810015772,9.67765717096611,
10.4519353125829,10.9681207403274,11.2262134541997,12.0004915958165,12.3876306666248,
12.7747697374332,12.9683392728374,13.1619088082416,13.2165804685531),
 .UNSPECIFIED.);
#230=B_SPLINE_CURVE_WITH_KNOTS('',3,(#6995,#6996,#6997,#6998,#6999,#7000,
#7001,#7002,#7003,#7004,#7005,#7006,#7007,#7008,#7009,#7010,#7011),
 .UNSPECIFIED.,.F.,.F.,(4,1,1,1,1,1,1,1,1,1,1,1,1,1,4),(8.46142901024116,
8.51623995854095,8.70980949394515,8.90337902934934,9.29051810015773,9.67765717096612,
10.4519353125829,10.9681207403274,11.2262134541997,12.0004915958165,12.3876306666249,
12.7747697374333,12.9683392728375,13.1619088082417,13.2165804685531),
 .UNSPECIFIED.);
#231=B_SPLINE_CURVE_WITH_KNOTS('',3,(#7057,#7058,#7059,#7060,#7061,#7062),
 .UNSPECIFIED.,.F.,.F.,(4,2,4),(-0.129762643096897,-0.129068290016922,-0.103999647084971),
 .UNSPECIFIED.);
#232=B_SPLINE_CURVE_WITH_KNOTS('',3,(#7095,#7096,#7097,#7098,#7099,#7100),
 .UNSPECIFIED.,.F.,.F.,(4,2,4),(-0.146080617606802,0.,0.000652756635403138),
 .UNSPECIFIED.);
#233=B_SPLINE_CURVE_WITH_KNOTS('',3,(#7111,#7112,#7113,#7114,#7115,#7116),
 .UNSPECIFIED.,.F.,.F.,(4,2,4),(-0.0348073329675526,0.,0.000964096017851011),
 .UNSPECIFIED.);
#234=B_SPLINE_CURVE_WITH_KNOTS('',3,(#7120,#7121,#7122,#7123,#7124,#7125),
 .UNSPECIFIED.,.F.,.F.,(4,2,4),(-0.190427249539957,-0.18958011675925,0.),
 .UNSPECIFIED.);
#235=B_SPLINE_CURVE_WITH_KNOTS('',3,(#7178,#7179,#7180,#7181,#7182,#7183,
#7184,#7185,#7186,#7187),.UNSPECIFIED.,.F.,.F.,(4,2,2,2,4),(0.70119848666496,
0.75905151752038,0.812142091450556,0.851642854553367,0.883330842409976),
 .UNSPECIFIED.);
#236=B_SPLINE_CURVE_WITH_KNOTS('',3,(#7480,#7481,#7482,#7483,#7484,#7485,
#7486,#7487,#7488,#7489),.UNSPECIFIED.,.F.,.F.,(4,2,2,2,4),(0.,0.0316879878566087,
0.0711887509594186,0.124279324889595,0.182132355745014),.UNSPECIFIED.);
#237=B_SPLINE_CURVE_WITH_KNOTS('',3,(#7758,#7759,#7760,#7761,#7762,#7763,
#7764,#7765,#7766,#7767,#7768,#7769,#7770,#7771,#7772,#7773,#7774,#7775,
#7776,#7777,#7778,#7779,#7780,#7781,#7782,#7783,#7784,#7785,#7786,#7787,
#7788,#7789),.UNSPECIFIED.,.F.,.F.,(4,2,2,2,2,2,2,2,2,2,2,2,2,2,2,4),(0.,
0.0694024719691371,0.135575501447375,0.195235572649065,0.266409051416209,
0.319905744673726,0.34846724278109,0.362099858567252,0.369483048164999,
0.373128218552693,0.374917620982744,0.375764800717142,0.376126642651984,
0.376237900668929,0.376299221744676,0.376308096721933),.UNSPECIFIED.);
#238=B_SPLINE_CURVE_WITH_KNOTS('',3,(#7791,#7792,#7793,#7794,#7795,#7796,
#7797,#7798,#7799,#7800,#7801,#7802,#7803,#7804,#7805,#7806,#7807,#7808,
#7809,#7810,#7811,#7812,#7813,#7814,#7815,#7816,#7817,#7818,#7819,#7820,
#7821,#7822),.UNSPECIFIED.,.F.,.F.,(4,2,2,2,2,2,2,2,2,2,2,2,2,2,2,4),(-2.1904636753623E-6,
0.,1.86851384944938E-5,5.12377189275506E-5,0.000158049034686537,0.000407174116131552,
0.000932680584220317,0.00200304231942634,0.00417145484050128,0.00817619517749406,
0.0165682766738154,0.0322856244507354,0.0531961907871703,0.0707242493561991,
0.0901650657522067,0.110554728790765),.UNSPECIFIED.);
#239=B_SPLINE_CURVE_WITH_KNOTS('',3,(#7925,#7926,#7927,#7928,#7929,#7930,
#7931,#7932,#7933,#7934,#7935,#7936,#7937,#7938,#7939,#7940,#7941,#7942,
#7943,#7944,#7945,#7946,#7947,#7948,#7949,#7950,#7951,#7952,#7953,#7954,
#7955,#7956),.UNSPECIFIED.,.F.,.F.,(4,2,2,2,2,2,2,2,2,2,2,2,2,2,2,4),(0.,
0.0694024719689898,0.135575501447027,0.195235572648645,0.266409051415225,
0.319905744675697,0.348467242786809,0.36209985857515,0.369483048168641,
0.373128218567138,0.374917620981401,0.375764800752038,0.37612664266039,
0.37623790119593,0.376299222317169,0.376308097198004),.UNSPECIFIED.);
#240=B_SPLINE_CURVE_WITH_KNOTS('',3,(#7958,#7959,#7960,#7961,#7962,#7963,
#7964,#7965,#7966,#7967,#7968,#7969,#7970,#7971,#7972,#7973),
 .UNSPECIFIED.,.F.,.F.,(4,1,1,1,1,1,1,1,1,1,1,1,1,4),(8.46148116625003,
8.516239958541,8.7098094939452,8.90337902934939,9.29051810015779,9.67765717096618,
10.451935312583,11.2262134541998,12.0004915958165,12.3876306666249,12.7747697374333,
12.9683392728375,13.1619088082417,13.2166792855238),.UNSPECIFIED.);
#241=B_SPLINE_CURVE_WITH_KNOTS('',3,(#7975,#7976,#7977,#7978,#7979,#7980,
#7981,#7982,#7983,#7984,#7985,#7986,#7987,#7988,#7989,#7990,#7991,#7992,
#7993,#7994,#7995,#7996,#7997,#7998,#7999,#8000,#8001,#8002,#8003,#8004,
#8005,#8006),.UNSPECIFIED.,.F.,.F.,(4,2,2,2,2,2,2,2,2,2,2,2,2,2,2,4),(-2.18960377490679E-6,
0.,1.86839230799541E-5,5.12348756630729E-5,0.000158038164821163,0.000407144612352177,
0.000932611750453876,0.00200289336787836,0.0041711435823564,0.00817558416097058,
0.0165670375042055,0.032283208822666,0.0531922099795275,0.0707189565544216,
0.0901583177842748,0.110546454634504),.UNSPECIFIED.);
#242=B_SPLINE_CURVE_WITH_KNOTS('',3,(#8163,#8164,#8165,#8166,#8167,#8168,
#8169,#8170,#8171,#8172,#8173,#8174,#8175,#8176,#8177,#8178,#8179,#8180,
#8181,#8182,#8183,#8184,#8185,#8186,#8187,#8188,#8189,#8190,#8191,#8192,
#8193,#8194),.UNSPECIFIED.,.F.,.F.,(4,2,2,2,2,2,2,2,2,2,2,2,2,2,2,4),(0.,
0.0694024719689969,0.135575501446832,0.195235572648361,0.26640905142194,
0.319905744688565,0.348467242798121,0.362099858585185,0.369483048178359,
0.37312821857689,0.374917620993518,0.375764800770958,0.376126642657136,
0.376237901093986,0.376299222263793,0.376308097170276),.UNSPECIFIED.);
#243=B_SPLINE_CURVE_WITH_KNOTS('',3,(#8196,#8197,#8198,#8199,#8200,#8201,
#8202,#8203,#8204,#8205,#8206,#8207,#8208,#8209,#8210,#8211,#8212),
 .UNSPECIFIED.,.F.,.F.,(4,1,1,1,1,1,1,1,1,1,1,1,1,1,4),(8.46142901024119,
8.51623995854098,8.70980949394518,8.90337902934938,9.29051810015777,9.67765717096616,
10.451935312583,10.9681207403275,11.2262134541997,12.0004915958165,12.3876306666249,
12.7747697374333,12.9683392728375,13.1619088082417,13.2165804685531),
 .UNSPECIFIED.);
#244=B_SPLINE_CURVE_WITH_KNOTS('',3,(#8214,#8215,#8216,#8217,#8218,#8219,
#8220,#8221,#8222,#8223,#8224,#8225,#8226,#8227,#8228,#8229,#8230,#8231,
#8232,#8233,#8234,#8235,#8236,#8237,#8238,#8239,#8240,#8241,#8242,#8243,
#8244,#8245),.UNSPECIFIED.,.F.,.F.,(4,2,2,2,2,2,2,2,2,2,2,2,2,2,2,4),(-2.18969932445773E-6,
0.,1.86840617990654E-5,5.12352775201843E-5,0.000158039664812188,0.00040714866796431,
0.000932621198693959,0.00200291379352504,0.00417118625059209,0.0081756679079993,
0.0165672073331232,0.0322835398733359,0.0531927555205071,0.0707196818886242,
0.0901592425317648,0.110547588527987),.UNSPECIFIED.);
#245=B_SPLINE_CURVE_WITH_KNOTS('',3,(#8354,#8355,#8356,#8357,#8358,#8359,
#8360,#8361,#8362,#8363,#8364,#8365,#8366,#8367,#8368,#8369,#8370,#8371,
#8372,#8373,#8374,#8375,#8376,#8377,#8378,#8379,#8380,#8381,#8382,#8383,
#8384,#8385),.UNSPECIFIED.,.F.,.F.,(4,2,2,2,2,2,2,2,2,2,2,2,2,2,2,4),(0.,
0.0694024719691135,0.135575501447416,0.195235572649172,0.266409051415891,
0.319905744691629,0.348467242817781,0.362099858614638,0.369483048218503,
0.373128218610937,0.374917621018879,0.375764800808814,0.376126642762253,
0.376237900626995,0.376299221734311,0.376308096716162),.UNSPECIFIED.);
#246=B_SPLINE_CURVE_WITH_KNOTS('',3,(#8387,#8388,#8389,#8390,#8391,#8392,
#8393,#8394,#8395,#8396,#8397,#8398,#8399,#8400,#8401,#8402,#8403,#8404,
#8405,#8406,#8407,#8408,#8409,#8410,#8411,#8412,#8413,#8414,#8415,#8416,
#8417,#8418),.UNSPECIFIED.,.F.,.F.,(4,2,2,2,2,2,2,2,2,2,2,2,2,2,2,4),(-2.18969931398785E-6,
0.,1.8684065106291E-5,5.12354546936767E-5,0.00015804008541296,0.000407149609191721,
0.000932623263203603,0.00200291814654368,0.00417119524364236,0.00817568546674655,
0.0165672428433379,0.0322836090073834,0.0531928693920872,0.0707198332607631,
0.0901594354967197,0.110547825115786),.UNSPECIFIED.);
#247=B_SPLINE_SURFACE_WITH_KNOTS('',3,3,((#5727,#5728,#5729,#5730,#5731),
(#5732,#5733,#5734,#5735,#5736),(#5737,#5738,#5739,#5740,#5741),(#5742,
#5743,#5744,#5745,#5746),(#5747,#5748,#5749,#5750,#5751)),.UNSPECIFIED.,
 .F.,.F.,.F.,(4,1,4),(4,1,4),(0.,0.5,1.),(8.95161588126509E-16,0.0683988648272175,
0.136797729654434),.UNSPECIFIED.);
#248=B_SPLINE_SURFACE_WITH_KNOTS('',3,3,((#5780,#5781,#5782,#5783),(#5784,
#5785,#5786,#5787),(#5788,#5789,#5790,#5791),(#5792,#5793,#5794,#5795),
(#5796,#5797,#5798,#5799)),.UNSPECIFIED.,.F.,.F.,.F.,(4,1,4),(4,4),(0.,
0.5,1.),(-0.254609016541974,-0.230158302151959),.UNSPECIFIED.);
#249=B_SPLINE_SURFACE_WITH_KNOTS('',3,3,((#5813,#5814,#5815,#5816,#5817,
#5818),(#5819,#5820,#5821,#5822,#5823,#5824),(#5825,#5826,#5827,#5828,#5829,
#5830),(#5831,#5832,#5833,#5834,#5835,#5836)),.UNSPECIFIED.,.F.,.F.,.F.,
(4,4),(4,2,4),(0.,1.),(-0.31761966291959,-0.317202796658948,-0.254638399894796),
 .UNSPECIFIED.);
#250=B_SPLINE_SURFACE_WITH_KNOTS('',3,3,((#6004,#6005,#6006,#6007,#6008,
#6009,#6010,#6011,#6012,#6013,#6014,#6015),(#6016,#6017,#6018,#6019,#6020,
#6021,#6022,#6023,#6024,#6025,#6026,#6027),(#6028,#6029,#6030,#6031,#6032,
#6033,#6034,#6035,#6036,#6037,#6038,#6039),(#6040,#6041,#6042,#6043,#6044,
#6045,#6046,#6047,#6048,#6049,#6050,#6051),(#6052,#6053,#6054,#6055,#6056,
#6057,#6058,#6059,#6060,#6061,#6062,#6063)),.UNSPECIFIED.,.F.,.F.,.F.,(4,
1,4),(4,1,1,1,1,1,1,2,4),(0.,0.571428571428571,1.),(-0.143992281434999,
-0.115193825147999,-0.0863953688609991,-0.0719961407174993,-0.0575969125739994,
-0.0287984562869997,-0.0143992281434999,0.,0.000434344540305139),
 .UNSPECIFIED.);
#251=B_SPLINE_SURFACE_WITH_KNOTS('',3,3,((#6079,#6080,#6081,#6082,#6083,
#6084,#6085,#6086,#6087,#6088,#6089,#6090),(#6091,#6092,#6093,#6094,#6095,
#6096,#6097,#6098,#6099,#6100,#6101,#6102),(#6103,#6104,#6105,#6106,#6107,
#6108,#6109,#6110,#6111,#6112,#6113,#6114),(#6115,#6116,#6117,#6118,#6119,
#6120,#6121,#6122,#6123,#6124,#6125,#6126),(#6127,#6128,#6129,#6130,#6131,
#6132,#6133,#6134,#6135,#6136,#6137,#6138)),.UNSPECIFIED.,.F.,.F.,.F.,(4,
1,4),(4,2,1,1,1,1,1,1,4),(0.,0.571428571428571,1.),(-0.569805424871048,
-0.569381047342113,-0.554978892255367,-0.540576737168621,-0.511772426995129,
-0.482968116821637,-0.468565961734891,-0.454163806648145,-0.425359496474652),
 .UNSPECIFIED.);
#252=B_SPLINE_SURFACE_WITH_KNOTS('',3,3,((#6140,#6141,#6142,#6143,#6144,
#6145,#6146,#6147,#6148,#6149,#6150,#6151),(#6152,#6153,#6154,#6155,#6156,
#6157,#6158,#6159,#6160,#6161,#6162,#6163),(#6164,#6165,#6166,#6167,#6168,
#6169,#6170,#6171,#6172,#6173,#6174,#6175),(#6176,#6177,#6178,#6179,#6180,
#6181,#6182,#6183,#6184,#6185,#6186,#6187),(#6188,#6189,#6190,#6191,#6192,
#6193,#6194,#6195,#6196,#6197,#6198,#6199)),.UNSPECIFIED.,.F.,.F.,.F.,(4,
1,4),(4,1,1,1,1,1,1,2,4),(0.,0.571428571428571,1.),(-0.143898074187986,
-0.115118459350389,-0.0863388445127917,-0.0719490370939931,-0.0575592296751945,
-0.0287796148375972,-0.0143898074187986,0.,0.000424278352596317),
 .UNSPECIFIED.);
#253=B_SPLINE_SURFACE_WITH_KNOTS('',3,3,((#6338,#6339,#6340,#6341,#6342,
#6343,#6344,#6345,#6346,#6347,#6348,#6349,#6350,#6351,#6352,#6353,#6354,
#6355,#6356,#6357,#6358,#6359,#6360,#6361,#6362,#6363,#6364,#6365,#6366,
#6367),(#6368,#6369,#6370,#6371,#6372,#6373,#6374,#6375,#6376,#6377,#6378,
#6379,#6380,#6381,#6382,#6383,#6384,#6385,#6386,#6387,#6388,#6389,#6390,
#6391,#6392,#6393,#6394,#6395,#6396,#6397),(#6398,#6399,#6400,#6401,#6402,
#6403,#6404,#6405,#6406,#6407,#6408,#6409,#6410,#6411,#6412,#6413,#6414,
#6415,#6416,#6417,#6418,#6419,#6420,#6421,#6422,#6423,#6424,#6425,#6426,
#6427),(#6428,#6429,#6430,#6431,#6432,#6433,#6434,#6435,#6436,#6437,#6438,
#6439,#6440,#6441,#6442,#6443,#6444,#6445,#6446,#6447,#6448,#6449,#6450,
#6451,#6452,#6453,#6454,#6455,#6456,#6457)),.UNSPECIFIED.,.F.,.F.,.F.,(4,
4),(4,1,1,1,1,1,1,1,1,1,1,1,1,1,1,1,1,1,1,1,1,1,1,1,1,1,1,4),(0.,1.),(-6.79058101389036,
-6.69355741258291,-6.59653381127545,-6.40248660866055,-6.20843940604564,
-6.01439220343073,-5.82034500081582,-5.62629779820091,-5.60204189787405,
-5.57778599754719,-5.52927419689346,-5.432250595586,-5.38373879493228,-5.2382033929711,
-5.14117979166364,-5.04415619035619,-4.99564438970246,-4.94713258904873,
-4.89862078839501,-4.87436488806814,-4.85010898774128,-4.60754998447264,
-4.46201458251146,-4.41350278185773,-4.36499098120401,-4.26796737989655,
-4.1709437785891,-4.07392017728164),.UNSPECIFIED.);
#254=B_SPLINE_SURFACE_WITH_KNOTS('',3,3,((#6524,#6525,#6526,#6527,#6528,
#6529,#6530,#6531,#6532,#6533,#6534,#6535,#6536,#6537,#6538,#6539,#6540,
#6541,#6542,#6543,#6544,#6545,#6546,#6547,#6548),(#6549,#6550,#6551,#6552,
#6553,#6554,#6555,#6556,#6557,#6558,#6559,#6560,#6561,#6562,#6563,#6564,
#6565,#6566,#6567,#6568,#6569,#6570,#6571,#6572,#6573),(#6574,#6575,#6576,
#6577,#6578,#6579,#6580,#6581,#6582,#6583,#6584,#6585,#6586,#6587,#6588,
#6589,#6590,#6591,#6592,#6593,#6594,#6595,#6596,#6597,#6598),(#6599,#6600,
#6601,#6602,#6603,#6604,#6605,#6606,#6607,#6608,#6609,#6610,#6611,#6612,
#6613,#6614,#6615,#6616,#6617,#6618,#6619,#6620,#6621,#6622,#6623)),
 .UNSPECIFIED.,.F.,.F.,.F.,(4,4),(4,1,1,1,1,1,1,1,1,1,1,1,1,1,1,1,1,1,1,
1,1,1,4),(0.,1.),(-6.79058101389036,-6.69355741258291,-6.59653381127545,
-6.40248660866054,-6.20843940604563,-6.01439220343073,-5.82034500081582,
-5.72332139950836,-5.62629779820091,-5.52927419689346,-5.432250595586,-5.38373879493227,
-5.23820339297109,-5.14117979166364,-5.09266799100991,-5.06841209068305,
-5.04415619035618,-4.85010898774128,-4.65606178512637,-4.46201458251146,
-4.26796737989655,-4.17094377858909,-4.07392017728164),.UNSPECIFIED.);
#255=B_SPLINE_SURFACE_WITH_KNOTS('',3,3,((#7665,#7666,#7667,#7668,#7669,
#7670,#7671,#7672,#7673,#7674,#7675,#7676,#7677,#7678,#7679,#7680,#7681,
#7682,#7683,#7684,#7685,#7686,#7687),(#7688,#7689,#7690,#7691,#7692,#7693,
#7694,#7695,#7696,#7697,#7698,#7699,#7700,#7701,#7702,#7703,#7704,#7705,
#7706,#7707,#7708,#7709,#7710),(#7711,#7712,#7713,#7714,#7715,#7716,#7717,
#7718,#7719,#7720,#7721,#7722,#7723,#7724,#7725,#7726,#7727,#7728,#7729,
#7730,#7731,#7732,#7733),(#7734,#7735,#7736,#7737,#7738,#7739,#7740,#7741,
#7742,#7743,#7744,#7745,#7746,#7747,#7748,#7749,#7750,#7751,#7752,#7753,
#7754,#7755,#7756)),.UNSPECIFIED.,.F.,.F.,.F.,(4,4),(4,1,1,1,1,1,1,1,1,
1,1,1,1,1,1,1,1,1,1,1,4),(0.,1.),(-13.54904787905,-13.4522631113479,-13.3554783436458,
-13.2586935759437,-13.1619088082416,-12.9683392728374,-12.7747697374332,
-12.3876306666248,-12.0004915958165,-11.2262134541997,-10.9681207403274,
-10.4519353125829,-9.67765717096611,-9.29051810015772,-8.90337902934932,
-8.70980949394513,-8.51623995854093,-8.41945519083884,-8.32267042313674,
-8.22588565543464,-8.12910088773254),.UNSPECIFIED.);
#256=B_SPLINE_SURFACE_WITH_KNOTS('',3,3,((#7835,#7836,#7837,#7838,#7839,
#7840,#7841,#7842,#7843,#7844,#7845,#7846,#7847,#7848,#7849,#7850,#7851,
#7852,#7853,#7854,#7855,#7856),(#7857,#7858,#7859,#7860,#7861,#7862,#7863,
#7864,#7865,#7866,#7867,#7868,#7869,#7870,#7871,#7872,#7873,#7874,#7875,
#7876,#7877,#7878),(#7879,#7880,#7881,#7882,#7883,#7884,#7885,#7886,#7887,
#7888,#7889,#7890,#7891,#7892,#7893,#7894,#7895,#7896,#7897,#7898,#7899,
#7900),(#7901,#7902,#7903,#7904,#7905,#7906,#7907,#7908,#7909,#7910,#7911,
#7912,#7913,#7914,#7915,#7916,#7917,#7918,#7919,#7920,#7921,#7922)),
 .UNSPECIFIED.,.F.,.F.,.F.,(4,4),(4,1,1,1,1,1,1,1,1,1,1,1,1,1,1,1,1,1,1,
4),(0.,1.),(-13.5490478790501,-13.452263111348,-13.3554783436459,-13.2586935759438,
-13.1619088082417,-12.9683392728375,-12.7747697374333,-12.3876306666249,
-12.0004915958165,-11.2262134541998,-10.451935312583,-9.67765717096618,
-9.29051810015779,-8.90337902934939,-8.7098094939452,-8.516239958541,-8.4194551908389,
-8.3226704231368,-8.2258856554347,-8.1291008877326),.UNSPECIFIED.);
#257=B_SPLINE_SURFACE_WITH_KNOTS('',3,3,((#8069,#8070,#8071,#8072,#8073,
#8074,#8075,#8076,#8077,#8078,#8079,#8080,#8081,#8082,#8083,#8084,#8085,
#8086,#8087,#8088,#8089,#8090,#8091),(#8092,#8093,#8094,#8095,#8096,#8097,
#8098,#8099,#8100,#8101,#8102,#8103,#8104,#8105,#8106,#8107,#8108,#8109,
#8110,#8111,#8112,#8113,#8114),(#8115,#8116,#8117,#8118,#8119,#8120,#8121,
#8122,#8123,#8124,#8125,#8126,#8127,#8128,#8129,#8130,#8131,#8132,#8133,
#8134,#8135,#8136,#8137),(#8138,#8139,#8140,#8141,#8142,#8143,#8144,#8145,
#8146,#8147,#8148,#8149,#8150,#8151,#8152,#8153,#8154,#8155,#8156,#8157,
#8158,#8159,#8160)),.UNSPECIFIED.,.F.,.F.,.F.,(4,4),(4,1,1,1,1,1,1,1,1,
1,1,1,1,1,1,1,1,1,1,1,4),(0.,1.),(-13.5490478790501,-13.452263111348,-13.3554783436459,
-13.2586935759438,-13.1619088082417,-12.9683392728375,-12.7747697374333,
-12.3876306666249,-12.0004915958165,-11.2262134541997,-10.9681207403275,
-10.451935312583,-9.67765717096616,-9.29051810015777,-8.90337902934938,
-8.70980949394518,-8.51623995854098,-8.41945519083889,-8.32267042313679,
-8.22588565543469,-8.12910088773259),.UNSPECIFIED.);
#258=B_SPLINE_SURFACE_WITH_KNOTS('',3,3,((#8261,#8262,#8263,#8264,#8265,
#8266,#8267,#8268,#8269,#8270,#8271,#8272,#8273,#8274,#8275,#8276,#8277,
#8278,#8279,#8280,#8281,#8282,#8283),(#8284,#8285,#8286,#8287,#8288,#8289,
#8290,#8291,#8292,#8293,#8294,#8295,#8296,#8297,#8298,#8299,#8300,#8301,
#8302,#8303,#8304,#8305,#8306),(#8307,#8308,#8309,#8310,#8311,#8312,#8313,
#8314,#8315,#8316,#8317,#8318,#8319,#8320,#8321,#8322,#8323,#8324,#8325,
#8326,#8327,#8328,#8329),(#8330,#8331,#8332,#8333,#8334,#8335,#8336,#8337,
#8338,#8339,#8340,#8341,#8342,#8343,#8344,#8345,#8346,#8347,#8348,#8349,
#8350,#8351,#8352)),.UNSPECIFIED.,.F.,.F.,.F.,(4,4),(4,1,1,1,1,1,1,1,1,
1,1,1,1,1,1,1,1,1,1,1,4),(0.,1.),(-13.54904787905,-13.4522631113479,-13.3554783436459,
-13.2586935759438,-13.1619088082417,-12.9683392728375,-12.7747697374333,
-12.3876306666249,-12.0004915958165,-11.2262134541997,-10.9681207403274,
-10.4519353125829,-9.67765717096612,-9.29051810015773,-8.90337902934934,
-8.70980949394515,-8.51623995854095,-8.41945519083885,-8.32267042313675,
-8.22588565543466,-8.12910088773256),.UNSPECIFIED.);
#259=TOROIDAL_SURFACE('',#4087,4.6,0.4);
#260=TOROIDAL_SURFACE('',#4094,4.6,0.4);
#261=TOROIDAL_SURFACE('',#4197,4.,1.);
#262=TOROIDAL_SURFACE('',#4204,4.,1.);
#263=TOROIDAL_SURFACE('',#4210,4.,1.);
#264=TOROIDAL_SURFACE('',#4217,4.,1.);
#265=TOROIDAL_SURFACE('',#4222,4.,1.);
#266=TOROIDAL_SURFACE('',#4227,4.,1.);
#267=TOROIDAL_SURFACE('',#4232,4.,1.);
#268=TOROIDAL_SURFACE('',#4238,4.,1.);
#269=TOROIDAL_SURFACE('',#4259,9.,1.);
#270=TOROIDAL_SURFACE('',#4327,9.,1.);
#271=TOROIDAL_SURFACE('',#4346,9.,1.);
#272=TOROIDAL_SURFACE('',#4373,9.,1.);
#273=TOROIDAL_SURFACE('',#4380,3.,1.);
#274=TOROIDAL_SURFACE('',#4385,3.,1.);
#275=FACE_OUTER_BOUND('',#511,.T.);
#276=FACE_OUTER_BOUND('',#512,.T.);
#277=FACE_OUTER_BOUND('',#513,.T.);
#278=FACE_OUTER_BOUND('',#514,.T.);
#279=FACE_OUTER_BOUND('',#515,.T.);
#280=FACE_OUTER_BOUND('',#516,.T.);
#281=FACE_OUTER_BOUND('',#517,.T.);
#282=FACE_OUTER_BOUND('',#518,.T.);
#283=FACE_OUTER_BOUND('',#519,.T.);
#284=FACE_OUTER_BOUND('',#520,.T.);
#285=FACE_OUTER_BOUND('',#521,.T.);
#286=FACE_OUTER_BOUND('',#522,.T.);
#287=FACE_OUTER_BOUND('',#523,.T.);
#288=FACE_OUTER_BOUND('',#524,.T.);
#289=FACE_OUTER_BOUND('',#525,.T.);
#290=FACE_OUTER_BOUND('',#527,.T.);
#291=FACE_OUTER_BOUND('',#528,.T.);
#292=FACE_OUTER_BOUND('',#529,.T.);
#293=FACE_OUTER_BOUND('',#530,.T.);
#294=FACE_OUTER_BOUND('',#531,.T.);
#295=FACE_OUTER_BOUND('',#532,.T.);
#296=FACE_OUTER_BOUND('',#533,.T.);
#297=FACE_OUTER_BOUND('',#534,.T.);
#298=FACE_OUTER_BOUND('',#535,.T.);
#299=FACE_OUTER_BOUND('',#536,.T.);
#300=FACE_OUTER_BOUND('',#537,.T.);
#301=FACE_OUTER_BOUND('',#538,.T.);
#302=FACE_OUTER_BOUND('',#539,.T.);
#303=FACE_OUTER_BOUND('',#540,.T.);
#304=FACE_OUTER_BOUND('',#541,.T.);
#305=FACE_OUTER_BOUND('',#542,.T.);
#306=FACE_OUTER_BOUND('',#543,.T.);
#307=FACE_OUTER_BOUND('',#544,.T.);
#308=FACE_OUTER_BOUND('',#545,.T.);
#309=FACE_OUTER_BOUND('',#546,.T.);
#310=FACE_OUTER_BOUND('',#547,.T.);
#311=FACE_OUTER_BOUND('',#548,.T.);
#312=FACE_OUTER_BOUND('',#549,.T.);
#313=FACE_OUTER_BOUND('',#550,.T.);
#314=FACE_OUTER_BOUND('',#551,.T.);
#315=FACE_OUTER_BOUND('',#552,.T.);
#316=FACE_OUTER_BOUND('',#553,.T.);
#317=FACE_OUTER_BOUND('',#554,.T.);
#318=FACE_OUTER_BOUND('',#555,.T.);
#319=FACE_OUTER_BOUND('',#556,.T.);
#320=FACE_OUTER_BOUND('',#557,.T.);
#321=FACE_OUTER_BOUND('',#558,.T.);
#322=FACE_OUTER_BOUND('',#559,.T.);
#323=FACE_OUTER_BOUND('',#560,.T.);
#324=FACE_OUTER_BOUND('',#561,.T.);
#325=FACE_OUTER_BOUND('',#562,.T.);
#326=FACE_OUTER_BOUND('',#563,.T.);
#327=FACE_OUTER_BOUND('',#564,.T.);
#328=FACE_OUTER_BOUND('',#565,.T.);
#329=FACE_OUTER_BOUND('',#566,.T.);
#330=FACE_OUTER_BOUND('',#567,.T.);
#331=FACE_OUTER_BOUND('',#568,.T.);
#332=FACE_OUTER_BOUND('',#569,.T.);
#333=FACE_OUTER_BOUND('',#570,.T.);
#334=FACE_OUTER_BOUND('',#571,.T.);
#335=FACE_OUTER_BOUND('',#572,.T.);
#336=FACE_OUTER_BOUND('',#573,.T.);
#337=FACE_OUTER_BOUND('',#574,.T.);
#338=FACE_OUTER_BOUND('',#575,.T.);
#339=FACE_OUTER_BOUND('',#576,.T.);
#340=FACE_OUTER_BOUND('',#577,.T.);
#341=FACE_OUTER_BOUND('',#578,.T.);
#342=FACE_OUTER_BOUND('',#579,.T.);
#343=FACE_OUTER_BOUND('',#580,.T.);
#344=FACE_OUTER_BOUND('',#581,.T.);
#345=FACE_OUTER_BOUND('',#582,.T.);
#346=FACE_OUTER_BOUND('',#583,.T.);
#347=FACE_OUTER_BOUND('',#584,.T.);
#348=FACE_OUTER_BOUND('',#585,.T.);
#349=FACE_OUTER_BOUND('',#586,.T.);
#350=FACE_OUTER_BOUND('',#587,.T.);
#351=FACE_OUTER_BOUND('',#588,.T.);
#352=FACE_OUTER_BOUND('',#589,.T.);
#353=FACE_OUTER_BOUND('',#590,.T.);
#354=FACE_OUTER_BOUND('',#591,.T.);
#355=FACE_OUTER_BOUND('',#592,.T.);
#356=FACE_OUTER_BOUND('',#593,.T.);
#357=FACE_OUTER_BOUND('',#594,.T.);
#358=FACE_OUTER_BOUND('',#595,.T.);
#359=FACE_OUTER_BOUND('',#596,.T.);
#360=FACE_OUTER_BOUND('',#597,.T.);
#361=FACE_OUTER_BOUND('',#598,.T.);
#362=FACE_OUTER_BOUND('',#599,.T.);
#363=FACE_OUTER_BOUND('',#600,.T.);
#364=FACE_OUTER_BOUND('',#601,.T.);
#365=FACE_OUTER_BOUND('',#602,.T.);
#366=FACE_OUTER_BOUND('',#603,.T.);
#367=FACE_OUTER_BOUND('',#604,.T.);
#368=FACE_OUTER_BOUND('',#605,.T.);
#369=FACE_OUTER_BOUND('',#606,.T.);
#370=FACE_OUTER_BOUND('',#607,.T.);
#371=FACE_OUTER_BOUND('',#608,.T.);
#372=FACE_OUTER_BOUND('',#609,.T.);
#373=FACE_OUTER_BOUND('',#610,.T.);
#374=FACE_OUTER_BOUND('',#611,.T.);
#375=FACE_OUTER_BOUND('',#612,.T.);
#376=FACE_OUTER_BOUND('',#613,.T.);
#377=FACE_OUTER_BOUND('',#614,.T.);
#378=FACE_OUTER_BOUND('',#615,.T.);
#379=FACE_OUTER_BOUND('',#616,.T.);
#380=FACE_OUTER_BOUND('',#617,.T.);
#381=FACE_OUTER_BOUND('',#618,.T.);
#382=FACE_OUTER_BOUND('',#619,.T.);
#383=FACE_OUTER_BOUND('',#620,.T.);
#384=FACE_OUTER_BOUND('',#621,.T.);
#385=FACE_OUTER_BOUND('',#622,.T.);
#386=FACE_OUTER_BOUND('',#623,.T.);
#387=FACE_OUTER_BOUND('',#624,.T.);
#388=FACE_OUTER_BOUND('',#625,.T.);
#389=FACE_OUTER_BOUND('',#626,.T.);
#390=FACE_OUTER_BOUND('',#627,.T.);
#391=FACE_OUTER_BOUND('',#628,.T.);
#392=FACE_OUTER_BOUND('',#629,.T.);
#393=FACE_OUTER_BOUND('',#630,.T.);
#394=FACE_OUTER_BOUND('',#631,.T.);
#395=FACE_OUTER_BOUND('',#632,.T.);
#396=FACE_OUTER_BOUND('',#633,.T.);
#397=FACE_OUTER_BOUND('',#634,.T.);
#398=FACE_OUTER_BOUND('',#635,.T.);
#399=FACE_OUTER_BOUND('',#636,.T.);
#400=FACE_OUTER_BOUND('',#637,.T.);
#401=FACE_OUTER_BOUND('',#638,.T.);
#402=FACE_OUTER_BOUND('',#639,.T.);
#403=FACE_OUTER_BOUND('',#640,.T.);
#404=FACE_OUTER_BOUND('',#641,.T.);
#405=FACE_OUTER_BOUND('',#642,.T.);
#406=FACE_OUTER_BOUND('',#643,.T.);
#407=FACE_OUTER_BOUND('',#644,.T.);
#408=FACE_OUTER_BOUND('',#645,.T.);
#409=FACE_OUTER_BOUND('',#646,.T.);
#410=FACE_OUTER_BOUND('',#647,.T.);
#411=FACE_OUTER_BOUND('',#648,.T.);
#412=FACE_OUTER_BOUND('',#649,.T.);
#413=FACE_OUTER_BOUND('',#650,.T.);
#414=FACE_OUTER_BOUND('',#651,.T.);
#415=FACE_OUTER_BOUND('',#652,.T.);
#416=FACE_OUTER_BOUND('',#653,.T.);
#417=FACE_OUTER_BOUND('',#654,.T.);
#418=FACE_OUTER_BOUND('',#655,.T.);
#419=FACE_OUTER_BOUND('',#656,.T.);
#420=FACE_OUTER_BOUND('',#657,.T.);
#421=FACE_OUTER_BOUND('',#658,.T.);
#422=FACE_OUTER_BOUND('',#659,.T.);
#423=FACE_OUTER_BOUND('',#660,.T.);
#424=FACE_OUTER_BOUND('',#661,.T.);
#425=FACE_OUTER_BOUND('',#662,.T.);
#426=FACE_OUTER_BOUND('',#663,.T.);
#427=FACE_OUTER_BOUND('',#664,.T.);
#428=FACE_OUTER_BOUND('',#665,.T.);
#429=FACE_OUTER_BOUND('',#666,.T.);
#430=FACE_OUTER_BOUND('',#667,.T.);
#431=FACE_OUTER_BOUND('',#668,.T.);
#432=FACE_OUTER_BOUND('',#669,.T.);
#433=FACE_OUTER_BOUND('',#670,.T.);
#434=FACE_OUTER_BOUND('',#671,.T.);
#435=FACE_OUTER_BOUND('',#672,.T.);
#436=FACE_OUTER_BOUND('',#673,.T.);
#437=FACE_OUTER_BOUND('',#674,.T.);
#438=FACE_OUTER_BOUND('',#675,.T.);
#439=FACE_OUTER_BOUND('',#676,.T.);
#440=FACE_OUTER_BOUND('',#677,.T.);
#441=FACE_OUTER_BOUND('',#678,.T.);
#442=FACE_OUTER_BOUND('',#679,.T.);
#443=FACE_OUTER_BOUND('',#680,.T.);
#444=FACE_OUTER_BOUND('',#681,.T.);
#445=FACE_OUTER_BOUND('',#682,.T.);
#446=FACE_OUTER_BOUND('',#683,.T.);
#447=FACE_OUTER_BOUND('',#684,.T.);
#448=FACE_OUTER_BOUND('',#685,.T.);
#449=FACE_OUTER_BOUND('',#686,.T.);
#450=FACE_OUTER_BOUND('',#687,.T.);
#451=FACE_OUTER_BOUND('',#688,.T.);
#452=FACE_OUTER_BOUND('',#689,.T.);
#453=FACE_OUTER_BOUND('',#690,.T.);
#454=FACE_OUTER_BOUND('',#691,.T.);
#455=FACE_OUTER_BOUND('',#692,.T.);
#456=FACE_OUTER_BOUND('',#693,.T.);
#457=FACE_OUTER_BOUND('',#694,.T.);
#458=FACE_OUTER_BOUND('',#695,.T.);
#459=FACE_OUTER_BOUND('',#696,.T.);
#460=FACE_OUTER_BOUND('',#697,.T.);
#461=FACE_OUTER_BOUND('',#698,.T.);
#462=FACE_OUTER_BOUND('',#699,.T.);
#463=FACE_OUTER_BOUND('',#700,.T.);
#464=FACE_OUTER_BOUND('',#701,.T.);
#465=FACE_OUTER_BOUND('',#702,.T.);
#466=FACE_OUTER_BOUND('',#703,.T.);
#467=FACE_OUTER_BOUND('',#704,.T.);
#468=FACE_OUTER_BOUND('',#705,.T.);
#469=FACE_OUTER_BOUND('',#706,.T.);
#470=FACE_OUTER_BOUND('',#707,.T.);
#471=FACE_OUTER_BOUND('',#708,.T.);
#472=FACE_OUTER_BOUND('',#709,.T.);
#473=FACE_OUTER_BOUND('',#710,.T.);
#474=FACE_OUTER_BOUND('',#711,.T.);
#475=FACE_OUTER_BOUND('',#712,.T.);
#476=FACE_OUTER_BOUND('',#713,.T.);
#477=FACE_OUTER_BOUND('',#714,.T.);
#478=FACE_OUTER_BOUND('',#715,.T.);
#479=FACE_OUTER_BOUND('',#716,.T.);
#480=FACE_OUTER_BOUND('',#717,.T.);
#481=FACE_OUTER_BOUND('',#718,.T.);
#482=FACE_OUTER_BOUND('',#719,.T.);
#483=FACE_OUTER_BOUND('',#720,.T.);
#484=FACE_OUTER_BOUND('',#721,.T.);
#485=FACE_OUTER_BOUND('',#722,.T.);
#486=FACE_OUTER_BOUND('',#723,.T.);
#487=FACE_OUTER_BOUND('',#724,.T.);
#488=FACE_OUTER_BOUND('',#726,.T.);
#489=FACE_OUTER_BOUND('',#727,.T.);
#490=FACE_OUTER_BOUND('',#728,.T.);
#491=FACE_OUTER_BOUND('',#729,.T.);
#492=FACE_OUTER_BOUND('',#730,.T.);
#493=FACE_OUTER_BOUND('',#731,.T.);
#494=FACE_OUTER_BOUND('',#732,.T.);
#495=FACE_OUTER_BOUND('',#733,.T.);
#496=FACE_OUTER_BOUND('',#734,.T.);
#497=FACE_OUTER_BOUND('',#735,.T.);
#498=FACE_OUTER_BOUND('',#736,.T.);
#499=FACE_OUTER_BOUND('',#737,.T.);
#500=FACE_OUTER_BOUND('',#738,.T.);
#501=FACE_OUTER_BOUND('',#739,.T.);
#502=FACE_OUTER_BOUND('',#740,.T.);
#503=FACE_OUTER_BOUND('',#741,.T.);
#504=FACE_OUTER_BOUND('',#742,.T.);
#505=FACE_OUTER_BOUND('',#743,.T.);
#506=FACE_OUTER_BOUND('',#744,.T.);
#507=FACE_OUTER_BOUND('',#745,.T.);
#508=FACE_OUTER_BOUND('',#746,.T.);
#509=FACE_OUTER_BOUND('',#747,.T.);
#510=FACE_OUTER_BOUND('',#748,.T.);
#511=EDGE_LOOP('',(#2529,#2530,#2531,#2532,#2533));
#512=EDGE_LOOP('',(#2534,#2535,#2536,#2537));
#513=EDGE_LOOP('',(#2538,#2539,#2540,#2541,#2542,#2543,#2544));
#514=EDGE_LOOP('',(#2545,#2546,#2547,#2548,#2549));
#515=EDGE_LOOP('',(#2550,#2551,#2552,#2553));
#516=EDGE_LOOP('',(#2554,#2555,#2556,#2557));
#517=EDGE_LOOP('',(#2558,#2559,#2560,#2561));
#518=EDGE_LOOP('',(#2562,#2563,#2564,#2565));
#519=EDGE_LOOP('',(#2566,#2567,#2568,#2569));
#520=EDGE_LOOP('',(#2570,#2571,#2572));
#521=EDGE_LOOP('',(#2573,#2574,#2575,#2576,#2577,#2578));
#522=EDGE_LOOP('',(#2579,#2580,#2581,#2582));
#523=EDGE_LOOP('',(#2583,#2584,#2585,#2586,#2587));
#524=EDGE_LOOP('',(#2588,#2589,#2590,#2591));
#525=EDGE_LOOP('',(#2592,#2593,#2594,#2595,#2596,#2597,#2598,#2599,#2600,
#2601,#2602,#2603,#2604,#2605,#2606,#2607,#2608,#2609,#2610,#2611,#2612,
#2613));
#526=EDGE_LOOP('',(#2614,#2615,#2616,#2617,#2618,#2619,#2620,#2621,#2622,
#2623,#2624,#2625,#2626,#2627,#2628,#2629));
#527=EDGE_LOOP('',(#2630,#2631,#2632,#2633,#2634));
#528=EDGE_LOOP('',(#2635,#2636,#2637));
#529=EDGE_LOOP('',(#2638,#2639,#2640,#2641));
#530=EDGE_LOOP('',(#2642,#2643,#2644,#2645));
#531=EDGE_LOOP('',(#2646,#2647,#2648,#2649));
#532=EDGE_LOOP('',(#2650,#2651,#2652));
#533=EDGE_LOOP('',(#2653,#2654,#2655));
#534=EDGE_LOOP('',(#2656,#2657,#2658,#2659,#2660,#2661,#2662));
#535=EDGE_LOOP('',(#2663,#2664,#2665,#2666,#2667,#2668));
#536=EDGE_LOOP('',(#2669,#2670,#2671,#2672,#2673,#2674,#2675,#2676));
#537=EDGE_LOOP('',(#2677,#2678,#2679,#2680));
#538=EDGE_LOOP('',(#2681,#2682,#2683,#2684,#2685));
#539=EDGE_LOOP('',(#2686,#2687,#2688,#2689,#2690,#2691,#2692));
#540=EDGE_LOOP('',(#2693,#2694,#2695,#2696,#2697));
#541=EDGE_LOOP('',(#2698,#2699,#2700,#2701,#2702,#2703,#2704));
#542=EDGE_LOOP('',(#2705,#2706,#2707,#2708));
#543=EDGE_LOOP('',(#2709,#2710,#2711,#2712));
#544=EDGE_LOOP('',(#2713,#2714,#2715,#2716));
#545=EDGE_LOOP('',(#2717,#2718,#2719,#2720,#2721,#2722,#2723,#2724,#2725));
#546=EDGE_LOOP('',(#2726,#2727,#2728,#2729));
#547=EDGE_LOOP('',(#2730,#2731,#2732,#2733,#2734,#2735,#2736));
#548=EDGE_LOOP('',(#2737,#2738,#2739,#2740));
#549=EDGE_LOOP('',(#2741,#2742,#2743,#2744));
#550=EDGE_LOOP('',(#2745,#2746,#2747,#2748));
#551=EDGE_LOOP('',(#2749,#2750,#2751,#2752));
#552=EDGE_LOOP('',(#2753,#2754,#2755,#2756,#2757,#2758));
#553=EDGE_LOOP('',(#2759,#2760,#2761,#2762));
#554=EDGE_LOOP('',(#2763,#2764,#2765,#2766,#2767,#2768));
#555=EDGE_LOOP('',(#2769,#2770,#2771,#2772));
#556=EDGE_LOOP('',(#2773,#2774,#2775,#2776,#2777,#2778));
#557=EDGE_LOOP('',(#2779,#2780,#2781,#2782));
#558=EDGE_LOOP('',(#2783,#2784,#2785,#2786,#2787,#2788));
#559=EDGE_LOOP('',(#2789,#2790,#2791,#2792));
#560=EDGE_LOOP('',(#2793,#2794,#2795,#2796,#2797,#2798));
#561=EDGE_LOOP('',(#2799,#2800,#2801,#2802));
#562=EDGE_LOOP('',(#2803,#2804,#2805,#2806,#2807,#2808));
#563=EDGE_LOOP('',(#2809,#2810,#2811,#2812));
#564=EDGE_LOOP('',(#2813,#2814,#2815,#2816,#2817,#2818));
#565=EDGE_LOOP('',(#2819,#2820,#2821,#2822));
#566=EDGE_LOOP('',(#2823,#2824,#2825,#2826,#2827,#2828));
#567=EDGE_LOOP('',(#2829,#2830,#2831,#2832));
#568=EDGE_LOOP('',(#2833,#2834,#2835,#2836));
#569=EDGE_LOOP('',(#2837,#2838,#2839,#2840));
#570=EDGE_LOOP('',(#2841,#2842,#2843,#2844,#2845,#2846,#2847,#2848));
#571=EDGE_LOOP('',(#2849,#2850,#2851,#2852));
#572=EDGE_LOOP('',(#2853,#2854,#2855,#2856));
#573=EDGE_LOOP('',(#2857,#2858,#2859,#2860));
#574=EDGE_LOOP('',(#2861,#2862,#2863,#2864,#2865,#2866,#2867,#2868,#2869,
#2870,#2871,#2872));
#575=EDGE_LOOP('',(#2873,#2874,#2875,#2876));
#576=EDGE_LOOP('',(#2877,#2878,#2879,#2880));
#577=EDGE_LOOP('',(#2881,#2882,#2883,#2884));
#578=EDGE_LOOP('',(#2885,#2886,#2887,#2888));
#579=EDGE_LOOP('',(#2889,#2890,#2891,#2892));
#580=EDGE_LOOP('',(#2893,#2894,#2895,#2896,#2897,#2898,#2899,#2900));
#581=EDGE_LOOP('',(#2901,#2902,#2903,#2904));
#582=EDGE_LOOP('',(#2905,#2906,#2907,#2908));
#583=EDGE_LOOP('',(#2909,#2910,#2911,#2912));
#584=EDGE_LOOP('',(#2913,#2914,#2915,#2916));
#585=EDGE_LOOP('',(#2917,#2918,#2919,#2920));
#586=EDGE_LOOP('',(#2921,#2922,#2923,#2924));
#587=EDGE_LOOP('',(#2925,#2926,#2927,#2928));
#588=EDGE_LOOP('',(#2929,#2930,#2931,#2932,#2933,#2934,#2935,#2936,#2937,
#2938,#2939,#2940));
#589=EDGE_LOOP('',(#2941,#2942,#2943,#2944));
#590=EDGE_LOOP('',(#2945,#2946,#2947,#2948));
#591=EDGE_LOOP('',(#2949,#2950,#2951,#2952));
#592=EDGE_LOOP('',(#2953,#2954,#2955,#2956));
#593=EDGE_LOOP('',(#2957,#2958,#2959,#2960));
#594=EDGE_LOOP('',(#2961,#2962,#2963,#2964));
#595=EDGE_LOOP('',(#2965,#2966,#2967,#2968));
#596=EDGE_LOOP('',(#2969,#2970,#2971,#2972));
#597=EDGE_LOOP('',(#2973,#2974,#2975,#2976));
#598=EDGE_LOOP('',(#2977,#2978,#2979,#2980));
#599=EDGE_LOOP('',(#2981,#2982,#2983,#2984,#2985));
#600=EDGE_LOOP('',(#2986,#2987,#2988,#2989,#2990,#2991));
#601=EDGE_LOOP('',(#2992,#2993,#2994,#2995,#2996));
#602=EDGE_LOOP('',(#2997,#2998,#2999,#3000,#3001));
#603=EDGE_LOOP('',(#3002,#3003,#3004,#3005,#3006,#3007,#3008,#3009,#3010,
#3011,#3012,#3013,#3014,#3015,#3016,#3017,#3018));
#604=EDGE_LOOP('',(#3019,#3020,#3021,#3022));
#605=EDGE_LOOP('',(#3023,#3024,#3025,#3026));
#606=EDGE_LOOP('',(#3027,#3028,#3029,#3030));
#607=EDGE_LOOP('',(#3031,#3032,#3033,#3034));
#608=EDGE_LOOP('',(#3035,#3036,#3037,#3038));
#609=EDGE_LOOP('',(#3039,#3040,#3041,#3042));
#610=EDGE_LOOP('',(#3043,#3044,#3045,#3046));
#611=EDGE_LOOP('',(#3047,#3048,#3049,#3050));
#612=EDGE_LOOP('',(#3051,#3052,#3053,#3054));
#613=EDGE_LOOP('',(#3055,#3056,#3057,#3058));
#614=EDGE_LOOP('',(#3059,#3060,#3061,#3062));
#615=EDGE_LOOP('',(#3063,#3064,#3065,#3066));
#616=EDGE_LOOP('',(#3067,#3068,#3069,#3070));
#617=EDGE_LOOP('',(#3071,#3072,#3073,#3074));
#618=EDGE_LOOP('',(#3075,#3076,#3077,#3078));
#619=EDGE_LOOP('',(#3079,#3080,#3081,#3082));
#620=EDGE_LOOP('',(#3083,#3084,#3085,#3086));
#621=EDGE_LOOP('',(#3087,#3088,#3089,#3090,#3091,#3092));
#622=EDGE_LOOP('',(#3093,#3094,#3095,#3096));
#623=EDGE_LOOP('',(#3097,#3098,#3099,#3100,#3101,#3102));
#624=EDGE_LOOP('',(#3103,#3104,#3105,#3106));
#625=EDGE_LOOP('',(#3107,#3108,#3109,#3110,#3111,#3112));
#626=EDGE_LOOP('',(#3113,#3114,#3115,#3116));
#627=EDGE_LOOP('',(#3117,#3118,#3119,#3120,#3121,#3122));
#628=EDGE_LOOP('',(#3123,#3124,#3125,#3126,#3127,#3128,#3129,#3130,#3131,
#3132,#3133,#3134,#3135,#3136,#3137,#3138));
#629=EDGE_LOOP('',(#3139,#3140,#3141,#3142));
#630=EDGE_LOOP('',(#3143,#3144,#3145,#3146));
#631=EDGE_LOOP('',(#3147,#3148,#3149,#3150));
#632=EDGE_LOOP('',(#3151,#3152,#3153,#3154));
#633=EDGE_LOOP('',(#3155,#3156,#3157,#3158,#3159,#3160));
#634=EDGE_LOOP('',(#3161,#3162,#3163,#3164));
#635=EDGE_LOOP('',(#3165,#3166,#3167,#3168,#3169,#3170));
#636=EDGE_LOOP('',(#3171,#3172,#3173,#3174));
#637=EDGE_LOOP('',(#3175,#3176,#3177,#3178,#3179,#3180));
#638=EDGE_LOOP('',(#3181,#3182,#3183,#3184));
#639=EDGE_LOOP('',(#3185,#3186,#3187,#3188,#3189,#3190));
#640=EDGE_LOOP('',(#3191,#3192,#3193,#3194));
#641=EDGE_LOOP('',(#3195,#3196,#3197,#3198));
#642=EDGE_LOOP('',(#3199,#3200,#3201,#3202,#3203));
#643=EDGE_LOOP('',(#3204,#3205,#3206,#3207));
#644=EDGE_LOOP('',(#3208,#3209,#3210,#3211));
#645=EDGE_LOOP('',(#3212,#3213,#3214,#3215));
#646=EDGE_LOOP('',(#3216,#3217,#3218,#3219));
#647=EDGE_LOOP('',(#3220,#3221,#3222,#3223));
#648=EDGE_LOOP('',(#3224,#3225,#3226,#3227));
#649=EDGE_LOOP('',(#3228,#3229,#3230,#3231));
#650=EDGE_LOOP('',(#3232,#3233,#3234,#3235));
#651=EDGE_LOOP('',(#3236,#3237,#3238,#3239));
#652=EDGE_LOOP('',(#3240,#3241,#3242,#3243));
#653=EDGE_LOOP('',(#3244,#3245,#3246,#3247));
#654=EDGE_LOOP('',(#3248,#3249,#3250,#3251));
#655=EDGE_LOOP('',(#3252,#3253,#3254,#3255));
#656=EDGE_LOOP('',(#3256,#3257,#3258,#3259));
#657=EDGE_LOOP('',(#3260,#3261,#3262,#3263));
#658=EDGE_LOOP('',(#3264,#3265,#3266,#3267));
#659=EDGE_LOOP('',(#3268,#3269,#3270,#3271));
#660=EDGE_LOOP('',(#3272,#3273,#3274,#3275));
#661=EDGE_LOOP('',(#3276,#3277,#3278,#3279));
#662=EDGE_LOOP('',(#3280,#3281,#3282,#3283));
#663=EDGE_LOOP('',(#3284,#3285,#3286,#3287));
#664=EDGE_LOOP('',(#3288,#3289,#3290,#3291));
#665=EDGE_LOOP('',(#3292,#3293,#3294,#3295));
#666=EDGE_LOOP('',(#3296,#3297,#3298,#3299));
#667=EDGE_LOOP('',(#3300,#3301,#3302,#3303));
#668=EDGE_LOOP('',(#3304,#3305,#3306,#3307));
#669=EDGE_LOOP('',(#3308,#3309,#3310,#3311,#3312));
#670=EDGE_LOOP('',(#3313,#3314,#3315,#3316));
#671=EDGE_LOOP('',(#3317,#3318,#3319,#3320));
#672=EDGE_LOOP('',(#3321,#3322,#3323,#3324,#3325));
#673=EDGE_LOOP('',(#3326,#3327,#3328,#3329));
#674=EDGE_LOOP('',(#3330,#3331,#3332,#3333,#3334));
#675=EDGE_LOOP('',(#3335,#3336,#3337,#3338));
#676=EDGE_LOOP('',(#3339,#3340,#3341,#3342));
#677=EDGE_LOOP('',(#3343,#3344,#3345,#3346));
#678=EDGE_LOOP('',(#3347,#3348,#3349,#3350));
#679=EDGE_LOOP('',(#3351,#3352,#3353,#3354));
#680=EDGE_LOOP('',(#3355,#3356,#3357,#3358));
#681=EDGE_LOOP('',(#3359,#3360,#3361,#3362));
#682=EDGE_LOOP('',(#3363,#3364,#3365,#3366));
#683=EDGE_LOOP('',(#3367,#3368,#3369,#3370));
#684=EDGE_LOOP('',(#3371,#3372,#3373,#3374));
#685=EDGE_LOOP('',(#3375,#3376,#3377,#3378));
#686=EDGE_LOOP('',(#3379,#3380,#3381,#3382));
#687=EDGE_LOOP('',(#3383,#3384,#3385,#3386,#3387,#3388,#3389,#3390));
#688=EDGE_LOOP('',(#3391,#3392,#3393,#3394));
#689=EDGE_LOOP('',(#3395,#3396,#3397,#3398));
#690=EDGE_LOOP('',(#3399,#3400,#3401,#3402));
#691=EDGE_LOOP('',(#3403,#3404,#3405,#3406));
#692=EDGE_LOOP('',(#3407,#3408,#3409,#3410));
#693=EDGE_LOOP('',(#3411,#3412,#3413,#3414));
#694=EDGE_LOOP('',(#3415,#3416,#3417,#3418));
#695=EDGE_LOOP('',(#3419,#3420,#3421,#3422));
#696=EDGE_LOOP('',(#3423,#3424,#3425,#3426));
#697=EDGE_LOOP('',(#3427,#3428,#3429,#3430));
#698=EDGE_LOOP('',(#3431,#3432,#3433,#3434,#3435,#3436,#3437));
#699=EDGE_LOOP('',(#3438,#3439,#3440,#3441,#3442));
#700=EDGE_LOOP('',(#3443,#3444,#3445,#3446,#3447,#3448));
#701=EDGE_LOOP('',(#3449,#3450,#3451,#3452,#3453,#3454));
#702=EDGE_LOOP('',(#3455,#3456,#3457,#3458,#3459));
#703=EDGE_LOOP('',(#3460,#3461));
#704=EDGE_LOOP('',(#3462,#3463,#3464,#3465));
#705=EDGE_LOOP('',(#3466,#3467));
#706=EDGE_LOOP('',(#3468,#3469,#3470,#3471,#3472,#3473,#3474));
#707=EDGE_LOOP('',(#3475,#3476));
#708=EDGE_LOOP('',(#3477,#3478,#3479,#3480,#3481));
#709=EDGE_LOOP('',(#3482,#3483));
#710=EDGE_LOOP('',(#3484,#3485,#3486));
#711=EDGE_LOOP('',(#3487,#3488,#3489));
#712=EDGE_LOOP('',(#3490,#3491,#3492));
#713=EDGE_LOOP('',(#3493,#3494,#3495,#3496));
#714=EDGE_LOOP('',(#3497,#3498,#3499));
#715=EDGE_LOOP('',(#3500,#3501,#3502));
#716=EDGE_LOOP('',(#3503,#3504,#3505));
#717=EDGE_LOOP('',(#3506,#3507,#3508,#3509));
#718=EDGE_LOOP('',(#3510,#3511,#3512,#3513,#3514,#3515,#3516,#3517,#3518,
#3519,#3520));
#719=EDGE_LOOP('',(#3521,#3522,#3523,#3524));
#720=EDGE_LOOP('',(#3525,#3526,#3527,#3528,#3529,#3530));
#721=EDGE_LOOP('',(#3531,#3532,#3533,#3534));
#722=EDGE_LOOP('',(#3535,#3536,#3537,#3538,#3539,#3540));
#723=EDGE_LOOP('',(#3541,#3542,#3543,#3544,#3545,#3546));
#724=EDGE_LOOP('',(#3547,#3548,#3549,#3550,#3551,#3552,#3553,#3554,#3555,
#3556,#3557,#3558,#3559,#3560,#3561,#3562,#3563,#3564,#3565,#3566,#3567,
#3568,#3569,#3570,#3571,#3572,#3573,#3574));
#725=EDGE_LOOP('',(#3575,#3576,#3577,#3578,#3579,#3580,#3581,#3582,#3583,
#3584,#3585,#3586,#3587,#3588,#3589,#3590));
#726=EDGE_LOOP('',(#3591,#3592,#3593,#3594));
#727=EDGE_LOOP('',(#3595,#3596,#3597,#3598,#3599,#3600));
#728=EDGE_LOOP('',(#3601,#3602,#3603,#3604,#3605,#3606,#3607,#3608,#3609,
#3610,#3611,#3612));
#729=EDGE_LOOP('',(#3613,#3614,#3615,#3616));
#730=EDGE_LOOP('',(#3617,#3618,#3619,#3620,#3621,#3622));
#731=EDGE_LOOP('',(#3623,#3624,#3625,#3626,#3627,#3628));
#732=EDGE_LOOP('',(#3629,#3630,#3631,#3632));
#733=EDGE_LOOP('',(#3633,#3634,#3635,#3636));
#734=EDGE_LOOP('',(#3637,#3638,#3639,#3640));
#735=EDGE_LOOP('',(#3641,#3642,#3643,#3644,#3645,#3646,#3647,#3648));
#736=EDGE_LOOP('',(#3649,#3650,#3651,#3652));
#737=EDGE_LOOP('',(#3653,#3654,#3655,#3656));
#738=EDGE_LOOP('',(#3657,#3658,#3659,#3660));
#739=EDGE_LOOP('',(#3661,#3662,#3663,#3664));
#740=EDGE_LOOP('',(#3665,#3666,#3667,#3668));
#741=EDGE_LOOP('',(#3669,#3670,#3671,#3672));
#742=EDGE_LOOP('',(#3673,#3674,#3675,#3676));
#743=EDGE_LOOP('',(#3677,#3678,#3679,#3680));
#744=EDGE_LOOP('',(#3681,#3682,#3683,#3684,#3685));
#745=EDGE_LOOP('',(#3686,#3687,#3688,#3689,#3690));
#746=EDGE_LOOP('',(#3691,#3692,#3693,#3694,#3695,#3696));
#747=EDGE_LOOP('',(#3697,#3698,#3699,#3700,#3701,#3702,#3703,#3704,#3705,
#3706,#3707,#3708,#3709,#3710,#3711,#3712,#3713,#3714,#3715,#3716,#3717,
#3718));
#748=EDGE_LOOP('',(#3719,#3720,#3721,#3722,#3723,#3724));
#749=CIRCLE('',#4071,7.1);
#750=CIRCLE('',#4072,7.1);
#751=CIRCLE('',#4073,7.1);
#752=CIRCLE('',#4075,7.1);
#753=CIRCLE('',#4076,7.1);
#754=CIRCLE('',#4078,7.1);
#755=CIRCLE('',#4079,7.1);
#756=CIRCLE('',#4080,7.1);
#757=CIRCLE('',#4081,7.1);
#758=CIRCLE('',#4082,7.1);
#759=CIRCLE('',#4084,7.1);
#760=CIRCLE('',#4085,7.1);
#761=CIRCLE('',#4086,7.1);
#762=CIRCLE('',#4088,0.4);
#763=CIRCLE('',#4089,5.);
#764=CIRCLE('',#4090,0.4);
#765=CIRCLE('',#4091,4.6);
#766=CIRCLE('',#4093,0.4);
#767=CIRCLE('',#4095,0.399999999999999);
#768=CIRCLE('',#4096,4.6);
#769=CIRCLE('',#4097,5.);
#770=CIRCLE('',#4098,0.399999999999991);
#771=CIRCLE('',#4100,5.);
#772=CIRCLE('',#4103,5.);
#773=CIRCLE('',#4106,9.);
#774=CIRCLE('',#4107,9.);
#775=CIRCLE('',#4108,4.);
#776=CIRCLE('',#4109,4.);
#777=CIRCLE('',#4110,4.);
#778=CIRCLE('',#4111,4.);
#779=CIRCLE('',#4113,0.899999999999988);
#780=CIRCLE('',#4117,0.899999999999981);
#781=CIRCLE('',#4122,0.899999999999999);
#782=CIRCLE('',#4124,1.);
#783=CIRCLE('',#4126,1.);
#784=CIRCLE('',#4128,1.00000000000001);
#785=CIRCLE('',#4130,0.999999999999996);
#786=CIRCLE('',#4140,1.);
#787=CIRCLE('',#4142,0.999999999999996);
#788=CIRCLE('',#4143,0.999999999999996);
#789=CIRCLE('',#4145,0.999999999999998);
#790=CIRCLE('',#4148,0.999999999999996);
#791=CIRCLE('',#4152,0.999999999999996);
#792=CIRCLE('',#4154,1.);
#793=CIRCLE('',#4155,1.);
#794=CIRCLE('',#4157,1.);
#795=CIRCLE('',#4158,1.);
#796=CIRCLE('',#4163,10.);
#797=CIRCLE('',#4166,10.);
#798=CIRCLE('',#4169,10.);
#799=CIRCLE('',#4172,10.);
#800=CIRCLE('',#4175,10.);
#801=CIRCLE('',#4178,10.);
#802=CIRCLE('',#4181,10.);
#803=CIRCLE('',#4184,10.);
#804=CIRCLE('',#4186,10.);
#805=CIRCLE('',#4189,10.);
#806=CIRCLE('',#4192,10.);
#807=CIRCLE('',#4195,10.);
#808=CIRCLE('',#4198,0.999999999999987);
#809=CIRCLE('',#4199,4.);
#810=CIRCLE('',#4200,0.999999999999996);
#811=CIRCLE('',#4201,5.);
#812=CIRCLE('',#4203,0.999999999999996);
#813=CIRCLE('',#4205,0.999999999999996);
#814=CIRCLE('',#4206,5.);
#815=CIRCLE('',#4207,4.);
#816=CIRCLE('',#4209,0.999999999999996);
#817=CIRCLE('',#4211,0.999999999999996);
#818=CIRCLE('',#4212,5.);
#819=CIRCLE('',#4213,4.);
#820=CIRCLE('',#4216,0.999999999999996);
#821=CIRCLE('',#4218,0.999999999999996);
#822=CIRCLE('',#4219,5.);
#823=CIRCLE('',#4221,0.999999999999996);
#824=CIRCLE('',#4223,0.999999999999996);
#825=CIRCLE('',#4224,5.);
#826=CIRCLE('',#4226,0.999999999999996);
#827=CIRCLE('',#4228,0.999999999999996);
#828=CIRCLE('',#4229,5.);
#829=CIRCLE('',#4231,0.999999999999996);
#830=CIRCLE('',#4233,0.999999999999996);
#831=CIRCLE('',#4234,5.);
#832=CIRCLE('',#4236,0.999999999999996);
#833=CIRCLE('',#4239,0.999999999999996);
#834=CIRCLE('',#4240,5.);
#835=CIRCLE('',#4241,4.);
#836=CIRCLE('',#4245,5.);
#837=CIRCLE('',#4248,5.);
#838=CIRCLE('',#4251,5.);
#839=CIRCLE('',#4254,5.);
#840=CIRCLE('',#4257,1.00000000000001);
#841=CIRCLE('',#4260,9.);
#842=CIRCLE('',#4261,0.999999999999996);
#843=CIRCLE('',#4262,9.99999999999999);
#844=CIRCLE('',#4264,9.);
#845=CIRCLE('',#4265,1.00000000000001);
#846=CIRCLE('',#4266,3.);
#847=CIRCLE('',#4268,3.);
#848=CIRCLE('',#4269,1.00000000000001);
#849=CIRCLE('',#4272,2.49999999999999);
#850=CIRCLE('',#4273,5.);
#851=CIRCLE('',#4276,2.50000000000001);
#852=CIRCLE('',#4277,5.);
#853=CIRCLE('',#4280,2.50000000000001);
#854=CIRCLE('',#4281,5.);
#855=CIRCLE('',#4284,2.49999999999999);
#856=CIRCLE('',#4285,5.);
#857=CIRCLE('',#4288,5.);
#858=CIRCLE('',#4289,2.5);
#859=CIRCLE('',#4292,5.);
#860=CIRCLE('',#4293,2.5);
#861=CIRCLE('',#4296,5.);
#862=CIRCLE('',#4297,2.5);
#863=CIRCLE('',#4300,5.);
#864=CIRCLE('',#4301,2.5);
#865=CIRCLE('',#4312,5.);
#866=CIRCLE('',#4315,5.);
#867=CIRCLE('',#4325,0.999999999999987);
#868=CIRCLE('',#4328,0.999999999999998);
#869=CIRCLE('',#4329,10.);
#870=CIRCLE('',#4347,1.);
#871=CIRCLE('',#4348,10.);
#872=CIRCLE('',#4352,10.);
#873=CIRCLE('',#4363,10.);
#874=CIRCLE('',#4374,10.);
#875=CIRCLE('',#4375,0.999999999999996);
#876=CIRCLE('',#4377,0.999999999999996);
#877=CIRCLE('',#4378,0.999999999999999);
#878=CIRCLE('',#4379,2.00000000000001);
#879=CIRCLE('',#4381,2.);
#880=CIRCLE('',#4382,1.00000000000001);
#881=CIRCLE('',#4384,0.999999999999996);
#882=CIRCLE('',#4386,2.);
#883=CIRCLE('',#4387,1.00000000000002);
#884=CIRCLE('',#4388,0.999999999999988);
#885=CIRCLE('',#4389,2.00000000000001);
#886=CIRCLE('',#4392,10.);
#887=CIRCLE('',#4408,10.);
#888=CIRCLE('',#4412,0.999999999999998);
#889=CIRCLE('',#4416,1.);
#890=CIRCLE('',#4419,0.999999999999999);
#891=CIRCLE('',#4421,1.);
#892=CIRCLE('',#4425,7.1);
#893=CIRCLE('',#4427,7.1);
#894=CIRCLE('',#4429,7.1);
#895=CIRCLE('',#4430,7.1);
#896=CIRCLE('',#4433,7.1);
#897=CIRCLE('',#4434,7.1);
#898=CIRCLE('',#4437,7.1);
#899=CIRCLE('',#4438,7.1);
#900=CIRCLE('',#4439,7.1);
#901=CIRCLE('',#4440,7.1);
#902=CIRCLE('',#4441,7.1);
#903=CIRCLE('',#4444,7.1);
#904=CIRCLE('',#4445,7.1);
#905=CIRCLE('',#4462,10.);
#906=CIRCLE('',#4463,10.);
#907=CIRCLE('',#4465,10.);
#908=CIRCLE('',#4466,10.);
#909=CIRCLE('',#4469,5.);
#910=CIRCLE('',#4470,5.);
#911=LINE('',#5667,#1239);
#912=LINE('',#5673,#1240);
#913=LINE('',#5678,#1241);
#914=LINE('',#5680,#1242);
#915=LINE('',#5685,#1243);
#916=LINE('',#5695,#1244);
#917=LINE('',#5700,#1245);
#918=LINE('',#5704,#1246);
#919=LINE('',#5719,#1247);
#920=LINE('',#5720,#1248);
#921=LINE('',#5853,#1249);
#922=LINE('',#5857,#1250);
#923=LINE('',#5866,#1251);
#924=LINE('',#5867,#1252);
#925=LINE('',#5877,#1253);
#926=LINE('',#5891,#1254);
#927=LINE('',#5901,#1255);
#928=LINE('',#5905,#1256);
#929=LINE('',#5907,#1257);
#930=LINE('',#5911,#1258);
#931=LINE('',#5913,#1259);
#932=LINE('',#5915,#1260);
#933=LINE('',#5917,#1261);
#934=LINE('',#5919,#1262);
#935=LINE('',#5921,#1263);
#936=LINE('',#5923,#1264);
#937=LINE('',#5925,#1265);
#938=LINE('',#5927,#1266);
#939=LINE('',#5931,#1267);
#940=LINE('',#5933,#1268);
#941=LINE('',#5937,#1269);
#942=LINE('',#5941,#1270);
#943=LINE('',#5945,#1271);
#944=LINE('',#5948,#1272);
#945=LINE('',#5950,#1273);
#946=LINE('',#5951,#1274);
#947=LINE('',#5953,#1275);
#948=LINE('',#5981,#1276);
#949=LINE('',#5983,#1277);
#950=LINE('',#5985,#1278);
#951=LINE('',#6003,#1279);
#952=LINE('',#6068,#1280);
#953=LINE('',#6074,#1281);
#954=LINE('',#6078,#1282);
#955=LINE('',#6203,#1283);
#956=LINE('',#6205,#1284);
#957=LINE('',#6206,#1285);
#958=LINE('',#6208,#1286);
#959=LINE('',#6210,#1287);
#960=LINE('',#6228,#1288);
#961=LINE('',#6231,#1289);
#962=LINE('',#6234,#1290);
#963=LINE('',#6257,#1291);
#964=LINE('',#6262,#1292);
#965=LINE('',#6285,#1293);
#966=LINE('',#6288,#1294);
#967=LINE('',#6289,#1295);
#968=LINE('',#6290,#1296);
#969=LINE('',#6292,#1297);
#970=LINE('',#6293,#1298);
#971=LINE('',#6296,#1299);
#972=LINE('',#6297,#1300);
#973=LINE('',#6298,#1301);
#974=LINE('',#6303,#1302);
#975=LINE('',#6305,#1303);
#976=LINE('',#6306,#1304);
#977=LINE('',#6307,#1305);
#978=LINE('',#6314,#1306);
#979=LINE('',#6318,#1307);
#980=LINE('',#6320,#1308);
#981=LINE('',#6321,#1309);
#982=LINE('',#6326,#1310);
#983=LINE('',#6691,#1311);
#984=LINE('',#6693,#1312);
#985=LINE('',#6695,#1313);
#986=LINE('',#6696,#1314);
#987=LINE('',#6719,#1315);
#988=LINE('',#6724,#1316);
#989=LINE('',#6725,#1317);
#990=LINE('',#6726,#1318);
#991=LINE('',#6749,#1319);
#992=LINE('',#6754,#1320);
#993=LINE('',#6755,#1321);
#994=LINE('',#6756,#1322);
#995=LINE('',#6779,#1323);
#996=LINE('',#6784,#1324);
#997=LINE('',#6785,#1325);
#998=LINE('',#6786,#1326);
#999=LINE('',#6809,#1327);
#1000=LINE('',#6814,#1328);
#1001=LINE('',#6815,#1329);
#1002=LINE('',#6816,#1330);
#1003=LINE('',#6839,#1331);
#1004=LINE('',#6844,#1332);
#1005=LINE('',#6845,#1333);
#1006=LINE('',#6846,#1334);
#1007=LINE('',#6869,#1335);
#1008=LINE('',#6874,#1336);
#1009=LINE('',#6875,#1337);
#1010=LINE('',#6876,#1338);
#1011=LINE('',#6899,#1339);
#1012=LINE('',#6904,#1340);
#1013=LINE('',#6905,#1341);
#1014=LINE('',#6906,#1342);
#1015=LINE('',#6930,#1343);
#1016=LINE('',#6933,#1344);
#1017=LINE('',#6936,#1345);
#1018=LINE('',#6937,#1346);
#1019=LINE('',#6940,#1347);
#1020=LINE('',#6944,#1348);
#1021=LINE('',#6945,#1349);
#1022=LINE('',#6947,#1350);
#1023=LINE('',#6949,#1351);
#1024=LINE('',#6950,#1352);
#1025=LINE('',#6953,#1353);
#1026=LINE('',#6957,#1354);
#1027=LINE('',#6958,#1355);
#1028=LINE('',#6961,#1356);
#1029=LINE('',#6965,#1357);
#1030=LINE('',#6967,#1358);
#1031=LINE('',#6969,#1359);
#1032=LINE('',#6989,#1360);
#1033=LINE('',#6991,#1361);
#1034=LINE('',#6993,#1362);
#1035=LINE('',#7013,#1363);
#1036=LINE('',#7014,#1364);
#1037=LINE('',#7028,#1365);
#1038=LINE('',#7029,#1366);
#1039=LINE('',#7040,#1367);
#1040=LINE('',#7041,#1368);
#1041=LINE('',#7053,#1369);
#1042=LINE('',#7055,#1370);
#1043=LINE('',#7063,#1371);
#1044=LINE('',#7071,#1372);
#1045=LINE('',#7079,#1373);
#1046=LINE('',#7087,#1374);
#1047=LINE('',#7102,#1375);
#1048=LINE('',#7105,#1376);
#1049=LINE('',#7109,#1377);
#1050=LINE('',#7118,#1378);
#1051=LINE('',#7126,#1379);
#1052=LINE('',#7134,#1380);
#1053=LINE('',#7135,#1381);
#1054=LINE('',#7138,#1382);
#1055=LINE('',#7140,#1383);
#1056=LINE('',#7141,#1384);
#1057=LINE('',#7144,#1385);
#1058=LINE('',#7148,#1386);
#1059=LINE('',#7149,#1387);
#1060=LINE('',#7152,#1388);
#1061=LINE('',#7156,#1389);
#1062=LINE('',#7157,#1390);
#1063=LINE('',#7160,#1391);
#1064=LINE('',#7164,#1392);
#1065=LINE('',#7165,#1393);
#1066=LINE('',#7168,#1394);
#1067=LINE('',#7174,#1395);
#1068=LINE('',#7189,#1396);
#1069=LINE('',#7191,#1397);
#1070=LINE('',#7192,#1398);
#1071=LINE('',#7203,#1399);
#1072=LINE('',#7213,#1400);
#1073=LINE('',#7215,#1401);
#1074=LINE('',#7217,#1402);
#1075=LINE('',#7219,#1403);
#1076=LINE('',#7220,#1404);
#1077=LINE('',#7224,#1405);
#1078=LINE('',#7226,#1406);
#1079=LINE('',#7228,#1407);
#1080=LINE('',#7229,#1408);
#1081=LINE('',#7233,#1409);
#1082=LINE('',#7239,#1410);
#1083=LINE('',#7240,#1411);
#1084=LINE('',#7241,#1412);
#1085=LINE('',#7245,#1413);
#1086=LINE('',#7251,#1414);
#1087=LINE('',#7252,#1415);
#1088=LINE('',#7253,#1416);
#1089=LINE('',#7257,#1417);
#1090=LINE('',#7263,#1418);
#1091=LINE('',#7264,#1419);
#1092=LINE('',#7265,#1420);
#1093=LINE('',#7269,#1421);
#1094=LINE('',#7275,#1422);
#1095=LINE('',#7276,#1423);
#1096=LINE('',#7277,#1424);
#1097=LINE('',#7282,#1425);
#1098=LINE('',#7287,#1426);
#1099=LINE('',#7288,#1427);
#1100=LINE('',#7289,#1428);
#1101=LINE('',#7294,#1429);
#1102=LINE('',#7299,#1430);
#1103=LINE('',#7300,#1431);
#1104=LINE('',#7301,#1432);
#1105=LINE('',#7306,#1433);
#1106=LINE('',#7311,#1434);
#1107=LINE('',#7312,#1435);
#1108=LINE('',#7313,#1436);
#1109=LINE('',#7318,#1437);
#1110=LINE('',#7319,#1438);
#1111=LINE('',#7321,#1439);
#1112=LINE('',#7323,#1440);
#1113=LINE('',#7325,#1441);
#1114=LINE('',#7327,#1442);
#1115=LINE('',#7329,#1443);
#1116=LINE('',#7331,#1444);
#1117=LINE('',#7333,#1445);
#1118=LINE('',#7337,#1446);
#1119=LINE('',#7340,#1447);
#1120=LINE('',#7343,#1448);
#1121=LINE('',#7344,#1449);
#1122=LINE('',#7348,#1450);
#1123=LINE('',#7350,#1451);
#1124=LINE('',#7352,#1452);
#1125=LINE('',#7354,#1453);
#1126=LINE('',#7356,#1454);
#1127=LINE('',#7357,#1455);
#1128=LINE('',#7360,#1456);
#1129=LINE('',#7365,#1457);
#1130=LINE('',#7374,#1458);
#1131=LINE('',#7378,#1459);
#1132=LINE('',#7382,#1460);
#1133=LINE('',#7386,#1461);
#1134=LINE('',#7390,#1462);
#1135=LINE('',#7394,#1463);
#1136=LINE('',#7398,#1464);
#1137=LINE('',#7402,#1465);
#1138=LINE('',#7409,#1466);
#1139=LINE('',#7412,#1467);
#1140=LINE('',#7414,#1468);
#1141=LINE('',#7415,#1469);
#1142=LINE('',#7418,#1470);
#1143=LINE('',#7422,#1471);
#1144=LINE('',#7423,#1472);
#1145=LINE('',#7426,#1473);
#1146=LINE('',#7427,#1474);
#1147=LINE('',#7430,#1475);
#1148=LINE('',#7431,#1476);
#1149=LINE('',#7434,#1477);
#1150=LINE('',#7435,#1478);
#1151=LINE('',#7438,#1479);
#1152=LINE('',#7439,#1480);
#1153=LINE('',#7442,#1481);
#1154=LINE('',#7443,#1482);
#1155=LINE('',#7446,#1483);
#1156=LINE('',#7447,#1484);
#1157=LINE('',#7450,#1485);
#1158=LINE('',#7451,#1486);
#1159=LINE('',#7454,#1487);
#1160=LINE('',#7455,#1488);
#1161=LINE('',#7458,#1489);
#1162=LINE('',#7461,#1490);
#1163=LINE('',#7464,#1491);
#1164=LINE('',#7469,#1492);
#1165=LINE('',#7473,#1493);
#1166=LINE('',#7477,#1494);
#1167=LINE('',#7496,#1495);
#1168=LINE('',#7515,#1496);
#1169=LINE('',#7534,#1497);
#1170=LINE('',#7537,#1498);
#1171=LINE('',#7541,#1499);
#1172=LINE('',#7542,#1500);
#1173=LINE('',#7545,#1501);
#1174=LINE('',#7546,#1502);
#1175=LINE('',#7549,#1503);
#1176=LINE('',#7550,#1504);
#1177=LINE('',#7553,#1505);
#1178=LINE('',#7554,#1506);
#1179=LINE('',#7557,#1507);
#1180=LINE('',#7560,#1508);
#1181=LINE('',#7563,#1509);
#1182=LINE('',#7567,#1510);
#1183=LINE('',#7568,#1511);
#1184=LINE('',#7571,#1512);
#1185=LINE('',#7575,#1513);
#1186=LINE('',#7578,#1514);
#1187=LINE('',#7580,#1515);
#1188=LINE('',#7581,#1516);
#1189=LINE('',#7584,#1517);
#1190=LINE('',#7587,#1518);
#1191=LINE('',#7592,#1519);
#1192=LINE('',#7595,#1520);
#1193=LINE('',#7596,#1521);
#1194=LINE('',#7599,#1522);
#1195=LINE('',#7600,#1523);
#1196=LINE('',#7604,#1524);
#1197=LINE('',#7607,#1525);
#1198=LINE('',#7608,#1526);
#1199=LINE('',#7612,#1527);
#1200=LINE('',#7617,#1528);
#1201=LINE('',#7619,#1529);
#1202=LINE('',#7621,#1530);
#1203=LINE('',#7622,#1531);
#1204=LINE('',#7625,#1532);
#1205=LINE('',#7626,#1533);
#1206=LINE('',#7652,#1534);
#1207=LINE('',#7654,#1535);
#1208=LINE('',#7663,#1536);
#1209=LINE('',#7664,#1537);
#1210=LINE('',#8021,#1538);
#1211=LINE('',#8022,#1539);
#1212=LINE('',#8038,#1540);
#1213=LINE('',#8042,#1541);
#1214=LINE('',#8046,#1542);
#1215=LINE('',#8050,#1543);
#1216=LINE('',#8053,#1544);
#1217=LINE('',#8055,#1545);
#1218=LINE('',#8058,#1546);
#1219=LINE('',#8061,#1547);
#1220=LINE('',#8065,#1548);
#1221=LINE('',#8068,#1549);
#1222=LINE('',#8257,#1550);
#1223=LINE('',#8258,#1551);
#1224=LINE('',#8260,#1552);
#1225=LINE('',#8440,#1553);
#1226=LINE('',#8441,#1554);
#1227=LINE('',#8443,#1555);
#1228=LINE('',#8445,#1556);
#1229=LINE('',#8447,#1557);
#1230=LINE('',#8449,#1558);
#1231=LINE('',#8451,#1559);
#1232=LINE('',#8453,#1560);
#1233=LINE('',#8456,#1561);
#1234=LINE('',#8457,#1562);
#1235=LINE('',#8460,#1563);
#1236=LINE('',#8461,#1564);
#1237=LINE('',#8466,#1565);
#1238=LINE('',#8469,#1566);
#1239=VECTOR('',#4495,7.1);
#1240=VECTOR('',#4500,10.);
#1241=VECTOR('',#4505,7.1);
#1242=VECTOR('',#4508,10.);
#1243=VECTOR('',#4513,7.1);
#1244=VECTOR('',#4522,10.);
#1245=VECTOR('',#4527,7.1);
#1246=VECTOR('',#4532,10.);
#1247=VECTOR('',#4549,10.);
#1248=VECTOR('',#4550,10.);
#1249=VECTOR('',#4563,10.);
#1250=VECTOR('',#4566,10.);
#1251=VECTOR('',#4569,10.);
#1252=VECTOR('',#4570,10.);
#1253=VECTOR('',#4573,10.);
#1254=VECTOR('',#4578,10.);
#1255=VECTOR('',#4579,10.);
#1256=VECTOR('',#4582,10.);
#1257=VECTOR('',#4583,10.);
#1258=VECTOR('',#4586,10.);
#1259=VECTOR('',#4587,10.);
#1260=VECTOR('',#4588,10.);
#1261=VECTOR('',#4589,10.);
#1262=VECTOR('',#4590,10.);
#1263=VECTOR('',#4591,10.);
#1264=VECTOR('',#4592,10.);
#1265=VECTOR('',#4593,10.);
#1266=VECTOR('',#4594,10.);
#1267=VECTOR('',#4597,10.);
#1268=VECTOR('',#4598,10.);
#1269=VECTOR('',#4601,10.);
#1270=VECTOR('',#4604,10.);
#1271=VECTOR('',#4607,10.);
#1272=VECTOR('',#4610,10.);
#1273=VECTOR('',#4611,10.);
#1274=VECTOR('',#4612,10.);
#1275=VECTOR('',#4613,10.);
#1276=VECTOR('',#4614,10.);
#1277=VECTOR('',#4615,10.);
#1278=VECTOR('',#4616,10.);
#1279=VECTOR('',#4623,10.);
#1280=VECTOR('',#4628,10.);
#1281=VECTOR('',#4637,10.);
#1282=VECTOR('',#4642,10.);
#1283=VECTOR('',#4649,10.);
#1284=VECTOR('',#4650,10.);
#1285=VECTOR('',#4651,10.);
#1286=VECTOR('',#4652,10.);
#1287=VECTOR('',#4653,10.);
#1288=VECTOR('',#4662,10.);
#1289=VECTOR('',#4665,10.);
#1290=VECTOR('',#4668,10.);
#1291=VECTOR('',#4669,10.);
#1292=VECTOR('',#4676,10.);
#1293=VECTOR('',#4681,10.);
#1294=VECTOR('',#4684,10.);
#1295=VECTOR('',#4685,10.);
#1296=VECTOR('',#4686,10.);
#1297=VECTOR('',#4687,10.);
#1298=VECTOR('',#4688,10.);
#1299=VECTOR('',#4691,10.);
#1300=VECTOR('',#4692,10.);
#1301=VECTOR('',#4693,10.);
#1302=VECTOR('',#4698,10.);
#1303=VECTOR('',#4699,10.);
#1304=VECTOR('',#4700,10.);
#1305=VECTOR('',#4701,10.);
#1306=VECTOR('',#4710,10.);
#1307=VECTOR('',#4715,10.);
#1308=VECTOR('',#4716,10.);
#1309=VECTOR('',#4717,10.);
#1310=VECTOR('',#4722,10.);
#1311=VECTOR('',#4749,10.);
#1312=VECTOR('',#4750,10.);
#1313=VECTOR('',#4751,10.);
#1314=VECTOR('',#4752,10.);
#1315=VECTOR('',#4755,10.);
#1316=VECTOR('',#4760,10.);
#1317=VECTOR('',#4761,10.);
#1318=VECTOR('',#4762,10.);
#1319=VECTOR('',#4765,10.);
#1320=VECTOR('',#4770,10.);
#1321=VECTOR('',#4771,10.);
#1322=VECTOR('',#4772,10.);
#1323=VECTOR('',#4775,10.);
#1324=VECTOR('',#4780,10.);
#1325=VECTOR('',#4781,10.);
#1326=VECTOR('',#4782,10.);
#1327=VECTOR('',#4785,10.);
#1328=VECTOR('',#4790,10.);
#1329=VECTOR('',#4791,10.);
#1330=VECTOR('',#4792,10.);
#1331=VECTOR('',#4795,10.);
#1332=VECTOR('',#4800,10.);
#1333=VECTOR('',#4801,10.);
#1334=VECTOR('',#4802,10.);
#1335=VECTOR('',#4805,10.);
#1336=VECTOR('',#4810,10.);
#1337=VECTOR('',#4811,10.);
#1338=VECTOR('',#4812,10.);
#1339=VECTOR('',#4815,10.);
#1340=VECTOR('',#4820,10.);
#1341=VECTOR('',#4821,10.);
#1342=VECTOR('',#4822,10.);
#1343=VECTOR('',#4829,10.);
#1344=VECTOR('',#4832,10.);
#1345=VECTOR('',#4835,10.);
#1346=VECTOR('',#4836,10.);
#1347=VECTOR('',#4839,10.);
#1348=VECTOR('',#4844,10.);
#1349=VECTOR('',#4845,10.);
#1350=VECTOR('',#4846,10.);
#1351=VECTOR('',#4847,10.);
#1352=VECTOR('',#4848,10.);
#1353=VECTOR('',#4851,10.);
#1354=VECTOR('',#4856,10.);
#1355=VECTOR('',#4857,10.);
#1356=VECTOR('',#4860,10.);
#1357=VECTOR('',#4865,10.);
#1358=VECTOR('',#4866,10.);
#1359=VECTOR('',#4867,10.);
#1360=VECTOR('',#4868,10.);
#1361=VECTOR('',#4869,10.);
#1362=VECTOR('',#4870,10.);
#1363=VECTOR('',#4871,10.);
#1364=VECTOR('',#4872,10.);
#1365=VECTOR('',#4887,10.);
#1366=VECTOR('',#4888,10.);
#1367=VECTOR('',#4901,10.);
#1368=VECTOR('',#4902,10.);
#1369=VECTOR('',#4917,10.);
#1370=VECTOR('',#4918,10.);
#1371=VECTOR('',#4919,10.);
#1372=VECTOR('',#4930,10.);
#1373=VECTOR('',#4941,10.);
#1374=VECTOR('',#4952,10.);
#1375=VECTOR('',#4961,10.);
#1376=VECTOR('',#4964,10.);
#1377=VECTOR('',#4967,10.);
#1378=VECTOR('',#4968,10.);
#1379=VECTOR('',#4969,10.);
#1380=VECTOR('',#4980,10.);
#1381=VECTOR('',#4981,10.);
#1382=VECTOR('',#4984,10.);
#1383=VECTOR('',#4985,10.);
#1384=VECTOR('',#4986,10.);
#1385=VECTOR('',#4989,10.);
#1386=VECTOR('',#4994,10.);
#1387=VECTOR('',#4995,10.);
#1388=VECTOR('',#4998,10.);
#1389=VECTOR('',#5003,10.);
#1390=VECTOR('',#5004,10.);
#1391=VECTOR('',#5007,10.);
#1392=VECTOR('',#5012,10.);
#1393=VECTOR('',#5013,10.);
#1394=VECTOR('',#5016,10.);
#1395=VECTOR('',#5023,10.);
#1396=VECTOR('',#5028,10.);
#1397=VECTOR('',#5029,10.);
#1398=VECTOR('',#5030,10.);
#1399=VECTOR('',#5043,10.);
#1400=VECTOR('',#5054,10.);
#1401=VECTOR('',#5055,10.);
#1402=VECTOR('',#5056,10.);
#1403=VECTOR('',#5057,10.);
#1404=VECTOR('',#5058,10.);
#1405=VECTOR('',#5061,10.);
#1406=VECTOR('',#5062,10.);
#1407=VECTOR('',#5063,10.);
#1408=VECTOR('',#5064,10.);
#1409=VECTOR('',#5067,10.);
#1410=VECTOR('',#5074,10.);
#1411=VECTOR('',#5075,10.);
#1412=VECTOR('',#5076,10.);
#1413=VECTOR('',#5079,10.);
#1414=VECTOR('',#5086,10.);
#1415=VECTOR('',#5087,10.);
#1416=VECTOR('',#5088,10.);
#1417=VECTOR('',#5091,10.);
#1418=VECTOR('',#5098,10.);
#1419=VECTOR('',#5099,10.);
#1420=VECTOR('',#5100,10.);
#1421=VECTOR('',#5103,10.);
#1422=VECTOR('',#5110,10.);
#1423=VECTOR('',#5111,10.);
#1424=VECTOR('',#5112,10.);
#1425=VECTOR('',#5117,10.);
#1426=VECTOR('',#5122,10.);
#1427=VECTOR('',#5123,10.);
#1428=VECTOR('',#5124,10.);
#1429=VECTOR('',#5129,10.);
#1430=VECTOR('',#5134,10.);
#1431=VECTOR('',#5135,10.);
#1432=VECTOR('',#5136,10.);
#1433=VECTOR('',#5141,10.);
#1434=VECTOR('',#5146,10.);
#1435=VECTOR('',#5147,10.);
#1436=VECTOR('',#5148,10.);
#1437=VECTOR('',#5157,10.);
#1438=VECTOR('',#5158,10.);
#1439=VECTOR('',#5161,10.);
#1440=VECTOR('',#5164,10.);
#1441=VECTOR('',#5167,10.);
#1442=VECTOR('',#5170,10.);
#1443=VECTOR('',#5173,10.);
#1444=VECTOR('',#5176,10.);
#1445=VECTOR('',#5179,10.);
#1446=VECTOR('',#5184,10.);
#1447=VECTOR('',#5187,10.);
#1448=VECTOR('',#5190,10.);
#1449=VECTOR('',#5191,10.);
#1450=VECTOR('',#5198,10.);
#1451=VECTOR('',#5201,10.);
#1452=VECTOR('',#5204,10.);
#1453=VECTOR('',#5207,10.);
#1454=VECTOR('',#5210,10.);
#1455=VECTOR('',#5211,10.);
#1456=VECTOR('',#5216,10.);
#1457=VECTOR('',#5221,10.);
#1458=VECTOR('',#5234,10.);
#1459=VECTOR('',#5239,10.);
#1460=VECTOR('',#5244,10.);
#1461=VECTOR('',#5249,10.);
#1462=VECTOR('',#5254,10.);
#1463=VECTOR('',#5259,10.);
#1464=VECTOR('',#5264,10.);
#1465=VECTOR('',#5269,10.);
#1466=VECTOR('',#5280,10.);
#1467=VECTOR('',#5283,10.);
#1468=VECTOR('',#5284,10.);
#1469=VECTOR('',#5285,10.);
#1470=VECTOR('',#5288,10.);
#1471=VECTOR('',#5293,10.);
#1472=VECTOR('',#5294,10.);
#1473=VECTOR('',#5297,10.);
#1474=VECTOR('',#5298,10.);
#1475=VECTOR('',#5301,10.);
#1476=VECTOR('',#5302,10.);
#1477=VECTOR('',#5305,10.);
#1478=VECTOR('',#5306,10.);
#1479=VECTOR('',#5309,10.);
#1480=VECTOR('',#5310,10.);
#1481=VECTOR('',#5313,10.);
#1482=VECTOR('',#5314,10.);
#1483=VECTOR('',#5317,10.);
#1484=VECTOR('',#5318,10.);
#1485=VECTOR('',#5321,10.);
#1486=VECTOR('',#5322,10.);
#1487=VECTOR('',#5325,10.);
#1488=VECTOR('',#5326,10.);
#1489=VECTOR('',#5329,10.);
#1490=VECTOR('',#5334,10.);
#1491=VECTOR('',#5337,10.);
#1492=VECTOR('',#5344,10.);
#1493=VECTOR('',#5349,10.);
#1494=VECTOR('',#5354,10.);
#1495=VECTOR('',#5365,10.);
#1496=VECTOR('',#5378,10.);
#1497=VECTOR('',#5393,10.);
#1498=VECTOR('',#5396,10.);
#1499=VECTOR('',#5401,10.);
#1500=VECTOR('',#5402,10.);
#1501=VECTOR('',#5405,10.);
#1502=VECTOR('',#5406,10.);
#1503=VECTOR('',#5409,10.);
#1504=VECTOR('',#5410,10.);
#1505=VECTOR('',#5413,10.);
#1506=VECTOR('',#5414,10.);
#1507=VECTOR('',#5417,10.);
#1508=VECTOR('',#5420,2.);
#1509=VECTOR('',#5423,10.);
#1510=VECTOR('',#5428,10.);
#1511=VECTOR('',#5429,10.);
#1512=VECTOR('',#5432,10.);
#1513=VECTOR('',#5437,2.);
#1514=VECTOR('',#5442,2.);
#1515=VECTOR('',#5443,10.);
#1516=VECTOR('',#5444,10.);
#1517=VECTOR('',#5447,10.);
#1518=VECTOR('',#5452,10.);
#1519=VECTOR('',#5459,10.);
#1520=VECTOR('',#5462,10.);
#1521=VECTOR('',#5463,10.);
#1522=VECTOR('',#5466,10.);
#1523=VECTOR('',#5467,10.);
#1524=VECTOR('',#5472,10.);
#1525=VECTOR('',#5475,10.);
#1526=VECTOR('',#5476,10.);
#1527=VECTOR('',#5481,10.);
#1528=VECTOR('',#5488,10.);
#1529=VECTOR('',#5489,10.);
#1530=VECTOR('',#5490,10.);
#1531=VECTOR('',#5491,10.);
#1532=VECTOR('',#5494,10.);
#1533=VECTOR('',#5495,10.);
#1534=VECTOR('',#5544,10.);
#1535=VECTOR('',#5547,10.);
#1536=VECTOR('',#5562,10.);
#1537=VECTOR('',#5563,10.);
#1538=VECTOR('',#5572,10.);
#1539=VECTOR('',#5573,10.);
#1540=VECTOR('',#5580,10.);
#1541=VECTOR('',#5583,10.);
#1542=VECTOR('',#5586,10.);
#1543=VECTOR('',#5589,10.);
#1544=VECTOR('',#5592,10.);
#1545=VECTOR('',#5593,10.);
#1546=VECTOR('',#5596,10.);
#1547=VECTOR('',#5599,10.);
#1548=VECTOR('',#5602,10.);
#1549=VECTOR('',#5605,10.);
#1550=VECTOR('',#5608,10.);
#1551=VECTOR('',#5609,10.);
#1552=VECTOR('',#5612,10.);
#1553=VECTOR('',#5615,10.);
#1554=VECTOR('',#5616,10.);
#1555=VECTOR('',#5619,10.);
#1556=VECTOR('',#5622,10.);
#1557=VECTOR('',#5625,10.);
#1558=VECTOR('',#5628,10.);
#1559=VECTOR('',#5631,10.);
#1560=VECTOR('',#5634,10.);
#1561=VECTOR('',#5639,10.);
#1562=VECTOR('',#5640,10.);
#1563=VECTOR('',#5645,10.);
#1564=VECTOR('',#5646,10.);
#1565=VECTOR('',#5655,10.);
#1566=VECTOR('',#5660,10.);
#1567=VERTEX_POINT('',#5665);
#1568=VERTEX_POINT('',#5666);
#1569=VERTEX_POINT('',#5668);
#1570=VERTEX_POINT('',#5670);
#1571=VERTEX_POINT('',#5672);
#1572=VERTEX_POINT('',#5676);
#1573=VERTEX_POINT('',#5677);
#1574=VERTEX_POINT('',#5683);
#1575=VERTEX_POINT('',#5684);
#1576=VERTEX_POINT('',#5686);
#1577=VERTEX_POINT('',#5688);
#1578=VERTEX_POINT('',#5690);
#1579=VERTEX_POINT('',#5692);
#1580=VERTEX_POINT('',#5694);
#1581=VERTEX_POINT('',#5698);
#1582=VERTEX_POINT('',#5699);
#1583=VERTEX_POINT('',#5701);
#1584=VERTEX_POINT('',#5707);
#1585=VERTEX_POINT('',#5708);
#1586=VERTEX_POINT('',#5710);
#1587=VERTEX_POINT('',#5712);
#1588=VERTEX_POINT('',#5716);
#1589=VERTEX_POINT('',#5717);
#1590=VERTEX_POINT('',#5722);
#1591=VERTEX_POINT('',#5723);
#1592=VERTEX_POINT('',#5752);
#1593=VERTEX_POINT('',#5753);
#1594=VERTEX_POINT('',#5800);
#1595=VERTEX_POINT('',#5801);
#1596=VERTEX_POINT('',#5837);
#1597=VERTEX_POINT('',#5852);
#1598=VERTEX_POINT('',#5854);
#1599=VERTEX_POINT('',#5856);
#1600=VERTEX_POINT('',#5865);
#1601=VERTEX_POINT('',#5869);
#1602=VERTEX_POINT('',#5876);
#1603=VERTEX_POINT('',#5880);
#1604=VERTEX_POINT('',#5881);
#1605=VERTEX_POINT('',#5890);
#1606=VERTEX_POINT('',#5892);
#1607=VERTEX_POINT('',#5903);
#1608=VERTEX_POINT('',#5904);
#1609=VERTEX_POINT('',#5906);
#1610=VERTEX_POINT('',#5908);
#1611=VERTEX_POINT('',#5910);
#1612=VERTEX_POINT('',#5912);
#1613=VERTEX_POINT('',#5914);
#1614=VERTEX_POINT('',#5916);
#1615=VERTEX_POINT('',#5918);
#1616=VERTEX_POINT('',#5920);
#1617=VERTEX_POINT('',#5922);
#1618=VERTEX_POINT('',#5924);
#1619=VERTEX_POINT('',#5926);
#1620=VERTEX_POINT('',#5928);
#1621=VERTEX_POINT('',#5930);
#1622=VERTEX_POINT('',#5932);
#1623=VERTEX_POINT('',#5934);
#1624=VERTEX_POINT('',#5936);
#1625=VERTEX_POINT('',#5938);
#1626=VERTEX_POINT('',#5940);
#1627=VERTEX_POINT('',#5942);
#1628=VERTEX_POINT('',#5944);
#1629=VERTEX_POINT('',#5947);
#1630=VERTEX_POINT('',#5949);
#1631=VERTEX_POINT('',#5952);
#1632=VERTEX_POINT('',#5954);
#1633=VERTEX_POINT('',#5967);
#1634=VERTEX_POINT('',#5980);
#1635=VERTEX_POINT('',#5982);
#1636=VERTEX_POINT('',#5984);
#1637=VERTEX_POINT('',#5999);
#1638=VERTEX_POINT('',#6001);
#1639=VERTEX_POINT('',#6066);
#1640=VERTEX_POINT('',#6067);
#1641=VERTEX_POINT('',#6072);
#1642=VERTEX_POINT('',#6076);
#1643=VERTEX_POINT('',#6202);
#1644=VERTEX_POINT('',#6204);
#1645=VERTEX_POINT('',#6207);
#1646=VERTEX_POINT('',#6209);
#1647=VERTEX_POINT('',#6213);
#1648=VERTEX_POINT('',#6214);
#1649=VERTEX_POINT('',#6216);
#1650=VERTEX_POINT('',#6225);
#1651=VERTEX_POINT('',#6227);
#1652=VERTEX_POINT('',#6229);
#1653=VERTEX_POINT('',#6233);
#1654=VERTEX_POINT('',#6235);
#1655=VERTEX_POINT('',#6256);
#1656=VERTEX_POINT('',#6261);
#1657=VERTEX_POINT('',#6265);
#1658=VERTEX_POINT('',#6287);
#1659=VERTEX_POINT('',#6291);
#1660=VERTEX_POINT('',#6295);
#1661=VERTEX_POINT('',#6300);
#1662=VERTEX_POINT('',#6302);
#1663=VERTEX_POINT('',#6304);
#1664=VERTEX_POINT('',#6309);
#1665=VERTEX_POINT('',#6313);
#1666=VERTEX_POINT('',#6317);
#1667=VERTEX_POINT('',#6319);
#1668=VERTEX_POINT('',#6323);
#1669=VERTEX_POINT('',#6325);
#1670=VERTEX_POINT('',#6335);
#1671=VERTEX_POINT('',#6458);
#1672=VERTEX_POINT('',#6459);
#1673=VERTEX_POINT('',#6480);
#1674=VERTEX_POINT('',#6502);
#1675=VERTEX_POINT('',#6624);
#1676=VERTEX_POINT('',#6625);
#1677=VERTEX_POINT('',#6646);
#1678=VERTEX_POINT('',#6666);
#1679=VERTEX_POINT('',#6689);
#1680=VERTEX_POINT('',#6690);
#1681=VERTEX_POINT('',#6692);
#1682=VERTEX_POINT('',#6694);
#1683=VERTEX_POINT('',#6698);
#1684=VERTEX_POINT('',#6702);
#1685=VERTEX_POINT('',#6714);
#1686=VERTEX_POINT('',#6718);
#1687=VERTEX_POINT('',#6722);
#1688=VERTEX_POINT('',#6723);
#1689=VERTEX_POINT('',#6728);
#1690=VERTEX_POINT('',#6732);
#1691=VERTEX_POINT('',#6744);
#1692=VERTEX_POINT('',#6748);
#1693=VERTEX_POINT('',#6752);
#1694=VERTEX_POINT('',#6753);
#1695=VERTEX_POINT('',#6758);
#1696=VERTEX_POINT('',#6762);
#1697=VERTEX_POINT('',#6774);
#1698=VERTEX_POINT('',#6778);
#1699=VERTEX_POINT('',#6782);
#1700=VERTEX_POINT('',#6783);
#1701=VERTEX_POINT('',#6788);
#1702=VERTEX_POINT('',#6792);
#1703=VERTEX_POINT('',#6804);
#1704=VERTEX_POINT('',#6808);
#1705=VERTEX_POINT('',#6812);
#1706=VERTEX_POINT('',#6813);
#1707=VERTEX_POINT('',#6818);
#1708=VERTEX_POINT('',#6822);
#1709=VERTEX_POINT('',#6834);
#1710=VERTEX_POINT('',#6838);
#1711=VERTEX_POINT('',#6842);
#1712=VERTEX_POINT('',#6843);
#1713=VERTEX_POINT('',#6848);
#1714=VERTEX_POINT('',#6852);
#1715=VERTEX_POINT('',#6864);
#1716=VERTEX_POINT('',#6868);
#1717=VERTEX_POINT('',#6872);
#1718=VERTEX_POINT('',#6873);
#1719=VERTEX_POINT('',#6878);
#1720=VERTEX_POINT('',#6882);
#1721=VERTEX_POINT('',#6894);
#1722=VERTEX_POINT('',#6898);
#1723=VERTEX_POINT('',#6902);
#1724=VERTEX_POINT('',#6903);
#1725=VERTEX_POINT('',#6908);
#1726=VERTEX_POINT('',#6912);
#1727=VERTEX_POINT('',#6929);
#1728=VERTEX_POINT('',#6931);
#1729=VERTEX_POINT('',#6935);
#1730=VERTEX_POINT('',#6939);
#1731=VERTEX_POINT('',#6943);
#1732=VERTEX_POINT('',#6946);
#1733=VERTEX_POINT('',#6948);
#1734=VERTEX_POINT('',#6952);
#1735=VERTEX_POINT('',#6956);
#1736=VERTEX_POINT('',#6960);
#1737=VERTEX_POINT('',#6964);
#1738=VERTEX_POINT('',#6966);
#1739=VERTEX_POINT('',#6968);
#1740=VERTEX_POINT('',#6970);
#1741=VERTEX_POINT('',#6988);
#1742=VERTEX_POINT('',#6990);
#1743=VERTEX_POINT('',#6992);
#1744=VERTEX_POINT('',#6994);
#1745=VERTEX_POINT('',#7012);
#1746=VERTEX_POINT('',#7016);
#1747=VERTEX_POINT('',#7017);
#1748=VERTEX_POINT('',#7019);
#1749=VERTEX_POINT('',#7021);
#1750=VERTEX_POINT('',#7025);
#1751=VERTEX_POINT('',#7026);
#1752=VERTEX_POINT('',#7031);
#1753=VERTEX_POINT('',#7032);
#1754=VERTEX_POINT('',#7037);
#1755=VERTEX_POINT('',#7038);
#1756=VERTEX_POINT('',#7043);
#1757=VERTEX_POINT('',#7044);
#1758=VERTEX_POINT('',#7049);
#1759=VERTEX_POINT('',#7051);
#1760=VERTEX_POINT('',#7054);
#1761=VERTEX_POINT('',#7056);
#1762=VERTEX_POINT('',#7065);
#1763=VERTEX_POINT('',#7069);
#1764=VERTEX_POINT('',#7073);
#1765=VERTEX_POINT('',#7077);
#1766=VERTEX_POINT('',#7081);
#1767=VERTEX_POINT('',#7085);
#1768=VERTEX_POINT('',#7089);
#1769=VERTEX_POINT('',#7093);
#1770=VERTEX_POINT('',#7094);
#1771=VERTEX_POINT('',#7101);
#1772=VERTEX_POINT('',#7103);
#1773=VERTEX_POINT('',#7106);
#1774=VERTEX_POINT('',#7108);
#1775=VERTEX_POINT('',#7110);
#1776=VERTEX_POINT('',#7117);
#1777=VERTEX_POINT('',#7119);
#1778=VERTEX_POINT('',#7128);
#1779=VERTEX_POINT('',#7129);
#1780=VERTEX_POINT('',#7137);
#1781=VERTEX_POINT('',#7139);
#1782=VERTEX_POINT('',#7143);
#1783=VERTEX_POINT('',#7147);
#1784=VERTEX_POINT('',#7151);
#1785=VERTEX_POINT('',#7155);
#1786=VERTEX_POINT('',#7159);
#1787=VERTEX_POINT('',#7163);
#1788=VERTEX_POINT('',#7167);
#1789=VERTEX_POINT('',#7171);
#1790=VERTEX_POINT('',#7173);
#1791=VERTEX_POINT('',#7177);
#1792=VERTEX_POINT('',#7188);
#1793=VERTEX_POINT('',#7190);
#1794=VERTEX_POINT('',#7194);
#1795=VERTEX_POINT('',#7196);
#1796=VERTEX_POINT('',#7200);
#1797=VERTEX_POINT('',#7202);
#1798=VERTEX_POINT('',#7204);
#1799=VERTEX_POINT('',#7208);
#1800=VERTEX_POINT('',#7210);
#1801=VERTEX_POINT('',#7212);
#1802=VERTEX_POINT('',#7214);
#1803=VERTEX_POINT('',#7216);
#1804=VERTEX_POINT('',#7218);
#1805=VERTEX_POINT('',#7222);
#1806=VERTEX_POINT('',#7223);
#1807=VERTEX_POINT('',#7225);
#1808=VERTEX_POINT('',#7227);
#1809=VERTEX_POINT('',#7231);
#1810=VERTEX_POINT('',#7232);
#1811=VERTEX_POINT('',#7237);
#1812=VERTEX_POINT('',#7238);
#1813=VERTEX_POINT('',#7243);
#1814=VERTEX_POINT('',#7244);
#1815=VERTEX_POINT('',#7249);
#1816=VERTEX_POINT('',#7250);
#1817=VERTEX_POINT('',#7255);
#1818=VERTEX_POINT('',#7256);
#1819=VERTEX_POINT('',#7261);
#1820=VERTEX_POINT('',#7262);
#1821=VERTEX_POINT('',#7267);
#1822=VERTEX_POINT('',#7268);
#1823=VERTEX_POINT('',#7273);
#1824=VERTEX_POINT('',#7274);
#1825=VERTEX_POINT('',#7279);
#1826=VERTEX_POINT('',#7281);
#1827=VERTEX_POINT('',#7285);
#1828=VERTEX_POINT('',#7286);
#1829=VERTEX_POINT('',#7291);
#1830=VERTEX_POINT('',#7293);
#1831=VERTEX_POINT('',#7297);
#1832=VERTEX_POINT('',#7298);
#1833=VERTEX_POINT('',#7303);
#1834=VERTEX_POINT('',#7305);
#1835=VERTEX_POINT('',#7309);
#1836=VERTEX_POINT('',#7310);
#1837=VERTEX_POINT('',#7336);
#1838=VERTEX_POINT('',#7338);
#1839=VERTEX_POINT('',#7342);
#1840=VERTEX_POINT('',#7363);
#1841=VERTEX_POINT('',#7364);
#1842=VERTEX_POINT('',#7369);
#1843=VERTEX_POINT('',#7373);
#1844=VERTEX_POINT('',#7377);
#1845=VERTEX_POINT('',#7381);
#1846=VERTEX_POINT('',#7385);
#1847=VERTEX_POINT('',#7389);
#1848=VERTEX_POINT('',#7393);
#1849=VERTEX_POINT('',#7397);
#1850=VERTEX_POINT('',#7401);
#1851=VERTEX_POINT('',#7405);
#1852=VERTEX_POINT('',#7411);
#1853=VERTEX_POINT('',#7413);
#1854=VERTEX_POINT('',#7417);
#1855=VERTEX_POINT('',#7421);
#1856=VERTEX_POINT('',#7425);
#1857=VERTEX_POINT('',#7429);
#1858=VERTEX_POINT('',#7433);
#1859=VERTEX_POINT('',#7437);
#1860=VERTEX_POINT('',#7441);
#1861=VERTEX_POINT('',#7445);
#1862=VERTEX_POINT('',#7449);
#1863=VERTEX_POINT('',#7453);
#1864=VERTEX_POINT('',#7457);
#1865=VERTEX_POINT('',#7463);
#1866=VERTEX_POINT('',#7467);
#1867=VERTEX_POINT('',#7471);
#1868=VERTEX_POINT('',#7475);
#1869=VERTEX_POINT('',#7479);
#1870=VERTEX_POINT('',#7490);
#1871=VERTEX_POINT('',#7494);
#1872=VERTEX_POINT('',#7506);
#1873=VERTEX_POINT('',#7510);
#1874=VERTEX_POINT('',#7514);
#1875=VERTEX_POINT('',#7518);
#1876=VERTEX_POINT('',#7530);
#1877=VERTEX_POINT('',#7536);
#1878=VERTEX_POINT('',#7540);
#1879=VERTEX_POINT('',#7544);
#1880=VERTEX_POINT('',#7548);
#1881=VERTEX_POINT('',#7552);
#1882=VERTEX_POINT('',#7556);
#1883=VERTEX_POINT('',#7558);
#1884=VERTEX_POINT('',#7562);
#1885=VERTEX_POINT('',#7566);
#1886=VERTEX_POINT('',#7570);
#1887=VERTEX_POINT('',#7574);
#1888=VERTEX_POINT('',#7579);
#1889=VERTEX_POINT('',#7583);
#1890=VERTEX_POINT('',#7590);
#1891=VERTEX_POINT('',#7594);
#1892=VERTEX_POINT('',#7598);
#1893=VERTEX_POINT('',#7602);
#1894=VERTEX_POINT('',#7606);
#1895=VERTEX_POINT('',#7610);
#1896=VERTEX_POINT('',#7616);
#1897=VERTEX_POINT('',#7618);
#1898=VERTEX_POINT('',#7620);
#1899=VERTEX_POINT('',#7624);
#1900=VERTEX_POINT('',#7642);
#1901=VERTEX_POINT('',#7662);
#1902=VERTEX_POINT('',#7757);
#1903=VERTEX_POINT('',#7790);
#1904=VERTEX_POINT('',#7923);
#1905=VERTEX_POINT('',#7924);
#1906=VERTEX_POINT('',#7957);
#1907=VERTEX_POINT('',#7974);
#1908=VERTEX_POINT('',#8018);
#1909=VERTEX_POINT('',#8019);
#1910=VERTEX_POINT('',#8035);
#1911=VERTEX_POINT('',#8037);
#1912=VERTEX_POINT('',#8039);
#1913=VERTEX_POINT('',#8041);
#1914=VERTEX_POINT('',#8043);
#1915=VERTEX_POINT('',#8045);
#1916=VERTEX_POINT('',#8047);
#1917=VERTEX_POINT('',#8049);
#1918=VERTEX_POINT('',#8051);
#1919=VERTEX_POINT('',#8054);
#1920=VERTEX_POINT('',#8056);
#1921=VERTEX_POINT('',#8060);
#1922=VERTEX_POINT('',#8062);
#1923=VERTEX_POINT('',#8064);
#1924=VERTEX_POINT('',#8066);
#1925=VERTEX_POINT('',#8161);
#1926=VERTEX_POINT('',#8162);
#1927=VERTEX_POINT('',#8195);
#1928=VERTEX_POINT('',#8213);
#1929=VERTEX_POINT('',#8353);
#1930=VERTEX_POINT('',#8386);
#1931=EDGE_CURVE('',#1567,#1568,#911,.T.);
#1932=EDGE_CURVE('',#1569,#1567,#749,.T.);
#1933=EDGE_CURVE('',#1570,#1569,#750,.T.);
#1934=EDGE_CURVE('',#1570,#1571,#912,.T.);
#1935=EDGE_CURVE('',#1571,#1568,#751,.T.);
#1936=EDGE_CURVE('',#1572,#1573,#913,.T.);
#1937=EDGE_CURVE('',#1570,#1572,#752,.T.);
#1938=EDGE_CURVE('',#1570,#1571,#914,.T.);
#1939=EDGE_CURVE('',#1571,#1573,#753,.T.);
#1940=EDGE_CURVE('',#1574,#1575,#915,.T.);
#1941=EDGE_CURVE('',#1576,#1574,#754,.T.);
#1942=EDGE_CURVE('',#1577,#1576,#755,.T.);
#1943=EDGE_CURVE('',#1578,#1577,#756,.T.);
#1944=EDGE_CURVE('',#1579,#1578,#757,.T.);
#1945=EDGE_CURVE('',#1579,#1580,#916,.T.);
#1946=EDGE_CURVE('',#1580,#1575,#758,.T.);
#1947=EDGE_CURVE('',#1581,#1582,#917,.T.);
#1948=EDGE_CURVE('',#1583,#1581,#759,.T.);
#1949=EDGE_CURVE('',#1579,#1583,#760,.T.);
#1950=EDGE_CURVE('',#1579,#1580,#918,.T.);
#1951=EDGE_CURVE('',#1580,#1582,#761,.T.);
#1952=EDGE_CURVE('',#1584,#1585,#762,.T.);
#1953=EDGE_CURVE('',#1585,#1586,#763,.T.);
#1954=EDGE_CURVE('',#1586,#1587,#764,.T.);
#1955=EDGE_CURVE('',#1587,#1584,#765,.T.);
#1956=EDGE_CURVE('',#1588,#1589,#766,.T.);
#1957=EDGE_CURVE('',#1589,#1587,#919,.T.);
#1958=EDGE_CURVE('',#1586,#1588,#920,.T.);
#1959=EDGE_CURVE('',#1590,#1591,#767,.T.);
#1960=EDGE_CURVE('',#1591,#1589,#768,.T.);
#1961=EDGE_CURVE('',#1588,#1590,#769,.T.);
#1962=EDGE_CURVE('',#1592,#1593,#198,.F.);
#1963=EDGE_CURVE('',#1593,#1591,#199,.T.);
#1964=EDGE_CURVE('',#1590,#1592,#200,.T.);
#1965=EDGE_CURVE('',#1594,#1595,#770,.T.);
#1966=EDGE_CURVE('',#1595,#1585,#201,.T.);
#1967=EDGE_CURVE('',#1584,#1594,#202,.T.);
#1968=EDGE_CURVE('',#1594,#1596,#203,.T.);
#1969=EDGE_CURVE('',#1596,#1595,#204,.T.);
#1970=EDGE_CURVE('',#1588,#1597,#921,.T.);
#1971=EDGE_CURVE('',#1597,#1598,#771,.F.);
#1972=EDGE_CURVE('',#1598,#1599,#922,.T.);
#1973=EDGE_CURVE('',#1592,#1599,#205,.F.);
#1974=EDGE_CURVE('',#1600,#1586,#923,.T.);
#1975=EDGE_CURVE('',#1597,#1600,#924,.T.);
#1976=EDGE_CURVE('',#1585,#1601,#206,.T.);
#1977=EDGE_CURVE('',#1601,#1602,#925,.T.);
#1978=EDGE_CURVE('',#1602,#1600,#772,.F.);
#1979=EDGE_CURVE('',#1603,#1604,#207,.F.);
#1980=EDGE_CURVE('',#1604,#1605,#926,.T.);
#1981=EDGE_CURVE('',#1605,#1606,#208,.F.);
#1982=EDGE_CURVE('',#1606,#1603,#927,.T.);
#1983=EDGE_CURVE('',#1607,#1608,#928,.T.);
#1984=EDGE_CURVE('',#1609,#1607,#929,.T.);
#1985=EDGE_CURVE('',#1610,#1609,#773,.T.);
#1986=EDGE_CURVE('',#1611,#1610,#930,.T.);
#1987=EDGE_CURVE('',#1612,#1611,#931,.T.);
#1988=EDGE_CURVE('',#1613,#1612,#932,.T.);
#1989=EDGE_CURVE('',#1614,#1613,#933,.T.);
#1990=EDGE_CURVE('',#1615,#1614,#934,.T.);
#1991=EDGE_CURVE('',#1616,#1615,#935,.T.);
#1992=EDGE_CURVE('',#1617,#1616,#936,.T.);
#1993=EDGE_CURVE('',#1618,#1617,#937,.T.);
#1994=EDGE_CURVE('',#1619,#1618,#938,.T.);
#1995=EDGE_CURVE('',#1620,#1619,#774,.T.);
#1996=EDGE_CURVE('',#1621,#1620,#939,.T.);
#1997=EDGE_CURVE('',#1622,#1621,#940,.T.);
#1998=EDGE_CURVE('',#1623,#1622,#775,.T.);
#1999=EDGE_CURVE('',#1624,#1623,#941,.T.);
#2000=EDGE_CURVE('',#1625,#1624,#776,.T.);
#2001=EDGE_CURVE('',#1626,#1625,#942,.T.);
#2002=EDGE_CURVE('',#1627,#1626,#777,.T.);
#2003=EDGE_CURVE('',#1628,#1627,#943,.T.);
#2004=EDGE_CURVE('',#1608,#1628,#778,.T.);
#2005=EDGE_CURVE('',#1629,#1591,#944,.T.);
#2006=EDGE_CURVE('',#1630,#1629,#945,.T.);
#2007=EDGE_CURVE('',#1605,#1630,#946,.T.);
#2008=EDGE_CURVE('',#1631,#1604,#947,.T.);
#2009=EDGE_CURVE('',#1632,#1631,#209,.T.);
#2010=EDGE_CURVE('',#1633,#1632,#210,.T.);
#2011=EDGE_CURVE('',#1634,#1633,#948,.T.);
#2012=EDGE_CURVE('',#1635,#1634,#949,.T.);
#2013=EDGE_CURVE('',#1636,#1635,#950,.T.);
#2014=EDGE_CURVE('',#1596,#1636,#211,.T.);
#2015=EDGE_CURVE('',#1637,#1631,#779,.T.);
#2016=EDGE_CURVE('',#1603,#1638,#59,.F.);
#2017=EDGE_CURVE('',#1638,#1637,#951,.T.);
#2018=EDGE_CURVE('',#1632,#1637,#60,.F.);
#2019=EDGE_CURVE('',#1639,#1640,#952,.T.);
#2020=EDGE_CURVE('',#1640,#1636,#780,.T.);
#2021=EDGE_CURVE('',#1635,#1639,#61,.T.);
#2022=EDGE_CURVE('',#1634,#1641,#62,.T.);
#2023=EDGE_CURVE('',#1641,#1639,#953,.T.);
#2024=EDGE_CURVE('',#1633,#1642,#781,.T.);
#2025=EDGE_CURVE('',#1642,#1641,#954,.T.);
#2026=EDGE_CURVE('',#1642,#1632,#63,.F.);
#2027=EDGE_CURVE('',#1596,#1640,#782,.F.);
#2028=EDGE_CURVE('',#1639,#1643,#955,.T.);
#2029=EDGE_CURVE('',#1644,#1643,#956,.T.);
#2030=EDGE_CURVE('',#1569,#1644,#957,.T.);
#2031=EDGE_CURVE('',#1645,#1569,#958,.T.);
#2032=EDGE_CURVE('',#1645,#1646,#959,.T.);
#2033=EDGE_CURVE('',#1640,#1646,#783,.F.);
#2034=EDGE_CURVE('',#1647,#1648,#784,.T.);
#2035=EDGE_CURVE('',#1648,#1649,#212,.T.);
#2036=EDGE_CURVE('',#1649,#1650,#64,.F.);
#2037=EDGE_CURVE('',#1650,#1651,#960,.T.);
#2038=EDGE_CURVE('',#1652,#1651,#785,.T.);
#2039=EDGE_CURVE('',#1652,#1647,#961,.T.);
#2040=EDGE_CURVE('',#1653,#1649,#962,.T.);
#2041=EDGE_CURVE('',#1654,#1648,#213,.T.);
#2042=EDGE_CURVE('',#1654,#1655,#963,.T.);
#2043=EDGE_CURVE('',#1655,#1606,#65,.F.);
#2044=EDGE_CURVE('',#1630,#1653,#66,.T.);
#2045=EDGE_CURVE('',#1656,#1653,#964,.T.);
#2046=EDGE_CURVE('',#1629,#1656,#67,.T.);
#2047=EDGE_CURVE('',#1657,#1593,#214,.T.);
#2048=EDGE_CURVE('',#1657,#1656,#965,.T.);
#2049=EDGE_CURVE('',#1653,#1658,#966,.T.);
#2050=EDGE_CURVE('',#1576,#1658,#967,.T.);
#2051=EDGE_CURVE('',#1583,#1576,#968,.T.);
#2052=EDGE_CURVE('',#1659,#1583,#969,.T.);
#2053=EDGE_CURVE('',#1659,#1650,#970,.T.);
#2054=EDGE_CURVE('',#1660,#1656,#971,.T.);
#2055=EDGE_CURVE('',#1577,#1660,#972,.T.);
#2056=EDGE_CURVE('',#1658,#1577,#973,.T.);
#2057=EDGE_CURVE('',#1657,#1661,#786,.T.);
#2058=EDGE_CURVE('',#1661,#1662,#974,.T.);
#2059=EDGE_CURVE('',#1663,#1662,#975,.T.);
#2060=EDGE_CURVE('',#1578,#1663,#976,.T.);
#2061=EDGE_CURVE('',#1660,#1578,#977,.T.);
#2062=EDGE_CURVE('',#1595,#1664,#787,.T.);
#2063=EDGE_CURVE('',#1664,#1601,#788,.T.);
#2064=EDGE_CURVE('',#1665,#1664,#978,.T.);
#2065=EDGE_CURVE('',#1602,#1665,#789,.T.);
#2066=EDGE_CURVE('',#1666,#1664,#979,.T.);
#2067=EDGE_CURVE('',#1667,#1666,#980,.T.);
#2068=EDGE_CURVE('',#1665,#1667,#981,.T.);
#2069=EDGE_CURVE('',#1596,#1668,#790,.T.);
#2070=EDGE_CURVE('',#1668,#1669,#982,.T.);
#2071=EDGE_CURVE('',#1669,#1642,#68,.F.);
#2072=EDGE_CURVE('',#1637,#1666,#69,.F.);
#2073=EDGE_CURVE('',#1646,#1668,#791,.T.);
#2074=EDGE_CURVE('',#1651,#1661,#792,.T.);
#2075=EDGE_CURVE('',#1599,#1652,#793,.T.);
#2076=EDGE_CURVE('',#1647,#1670,#794,.T.);
#2077=EDGE_CURVE('',#1654,#1670,#795,.T.);
#2078=EDGE_CURVE('',#1671,#1672,#215,.T.);
#2079=EDGE_CURVE('',#1671,#1673,#216,.T.);
#2080=EDGE_CURVE('',#1673,#1674,#217,.F.);
#2081=EDGE_CURVE('',#1672,#1674,#70,.T.);
#2082=EDGE_CURVE('',#1675,#1676,#218,.T.);
#2083=EDGE_CURVE('',#1675,#1677,#219,.T.);
#2084=EDGE_CURVE('',#1677,#1678,#220,.F.);
#2085=EDGE_CURVE('',#1676,#1678,#71,.T.);
#2086=EDGE_CURVE('',#1679,#1680,#983,.T.);
#2087=EDGE_CURVE('',#1680,#1681,#984,.T.);
#2088=EDGE_CURVE('',#1681,#1682,#985,.T.);
#2089=EDGE_CURVE('',#1679,#1682,#986,.T.);
#2090=EDGE_CURVE('',#1683,#1679,#23,.T.);
#2091=EDGE_CURVE('',#1683,#1684,#221,.F.);
#2092=EDGE_CURVE('',#1685,#1684,#24,.T.);
#2093=EDGE_CURVE('',#1685,#1686,#987,.T.);
#2094=EDGE_CURVE('',#1686,#1680,#796,.T.);
#2095=EDGE_CURVE('',#1687,#1688,#988,.T.);
#2096=EDGE_CURVE('',#1688,#1686,#989,.T.);
#2097=EDGE_CURVE('',#1687,#1685,#990,.T.);
#2098=EDGE_CURVE('',#1687,#1689,#25,.F.);
#2099=EDGE_CURVE('',#1689,#1690,#222,.F.);
#2100=EDGE_CURVE('',#1691,#1690,#26,.T.);
#2101=EDGE_CURVE('',#1691,#1692,#991,.T.);
#2102=EDGE_CURVE('',#1692,#1688,#797,.T.);
#2103=EDGE_CURVE('',#1693,#1694,#992,.T.);
#2104=EDGE_CURVE('',#1694,#1692,#993,.T.);
#2105=EDGE_CURVE('',#1693,#1691,#994,.T.);
#2106=EDGE_CURVE('',#1693,#1695,#27,.F.);
#2107=EDGE_CURVE('',#1695,#1696,#223,.F.);
#2108=EDGE_CURVE('',#1697,#1696,#28,.T.);
#2109=EDGE_CURVE('',#1697,#1698,#995,.T.);
#2110=EDGE_CURVE('',#1698,#1694,#798,.T.);
#2111=EDGE_CURVE('',#1699,#1700,#996,.T.);
#2112=EDGE_CURVE('',#1700,#1698,#997,.T.);
#2113=EDGE_CURVE('',#1699,#1697,#998,.T.);
#2114=EDGE_CURVE('',#1701,#1699,#29,.T.);
#2115=EDGE_CURVE('',#1701,#1702,#224,.F.);
#2116=EDGE_CURVE('',#1703,#1702,#30,.T.);
#2117=EDGE_CURVE('',#1703,#1704,#999,.T.);
#2118=EDGE_CURVE('',#1704,#1700,#799,.T.);
#2119=EDGE_CURVE('',#1705,#1706,#1000,.T.);
#2120=EDGE_CURVE('',#1706,#1704,#1001,.T.);
#2121=EDGE_CURVE('',#1705,#1703,#1002,.T.);
#2122=EDGE_CURVE('',#1705,#1707,#31,.F.);
#2123=EDGE_CURVE('',#1707,#1708,#225,.F.);
#2124=EDGE_CURVE('',#1709,#1708,#32,.T.);
#2125=EDGE_CURVE('',#1709,#1710,#1003,.T.);
#2126=EDGE_CURVE('',#1710,#1706,#800,.T.);
#2127=EDGE_CURVE('',#1711,#1712,#1004,.T.);
#2128=EDGE_CURVE('',#1712,#1710,#1005,.T.);
#2129=EDGE_CURVE('',#1711,#1709,#1006,.T.);
#2130=EDGE_CURVE('',#1713,#1711,#33,.T.);
#2131=EDGE_CURVE('',#1713,#1714,#226,.F.);
#2132=EDGE_CURVE('',#1715,#1714,#34,.T.);
#2133=EDGE_CURVE('',#1715,#1716,#1007,.T.);
#2134=EDGE_CURVE('',#1716,#1712,#801,.T.);
#2135=EDGE_CURVE('',#1717,#1718,#1008,.T.);
#2136=EDGE_CURVE('',#1718,#1716,#1009,.T.);
#2137=EDGE_CURVE('',#1717,#1715,#1010,.T.);
#2138=EDGE_CURVE('',#1719,#1717,#35,.T.);
#2139=EDGE_CURVE('',#1719,#1720,#227,.F.);
#2140=EDGE_CURVE('',#1721,#1720,#36,.T.);
#2141=EDGE_CURVE('',#1721,#1722,#1011,.T.);
#2142=EDGE_CURVE('',#1722,#1718,#802,.T.);
#2143=EDGE_CURVE('',#1723,#1724,#1012,.T.);
#2144=EDGE_CURVE('',#1724,#1722,#1013,.T.);
#2145=EDGE_CURVE('',#1723,#1721,#1014,.T.);
#2146=EDGE_CURVE('',#1725,#1723,#37,.T.);
#2147=EDGE_CURVE('',#1725,#1726,#228,.F.);
#2148=EDGE_CURVE('',#1682,#1726,#38,.T.);
#2149=EDGE_CURVE('',#1681,#1724,#803,.T.);
#2150=EDGE_CURVE('',#1710,#1727,#1015,.T.);
#2151=EDGE_CURVE('',#1727,#1728,#804,.T.);
#2152=EDGE_CURVE('',#1728,#1706,#1016,.T.);
#2153=EDGE_CURVE('',#1729,#1712,#1017,.T.);
#2154=EDGE_CURVE('',#1727,#1729,#1018,.T.);
#2155=EDGE_CURVE('',#1716,#1730,#1019,.T.);
#2156=EDGE_CURVE('',#1730,#1729,#805,.T.);
#2157=EDGE_CURVE('',#1671,#1731,#1020,.T.);
#2158=EDGE_CURVE('',#1730,#1731,#1021,.T.);
#2159=EDGE_CURVE('',#1732,#1718,#1022,.T.);
#2160=EDGE_CURVE('',#1733,#1732,#1023,.T.);
#2161=EDGE_CURVE('',#1733,#1673,#1024,.T.);
#2162=EDGE_CURVE('',#1722,#1734,#1025,.T.);
#2163=EDGE_CURVE('',#1734,#1732,#806,.T.);
#2164=EDGE_CURVE('',#1735,#1724,#1026,.T.);
#2165=EDGE_CURVE('',#1734,#1735,#1027,.T.);
#2166=EDGE_CURVE('',#1681,#1736,#1028,.T.);
#2167=EDGE_CURVE('',#1736,#1735,#807,.T.);
#2168=EDGE_CURVE('',#1737,#1680,#1029,.T.);
#2169=EDGE_CURVE('',#1738,#1737,#1030,.T.);
#2170=EDGE_CURVE('',#1738,#1739,#1031,.T.);
#2171=EDGE_CURVE('',#1740,#1739,#229,.T.);
#2172=EDGE_CURVE('',#1740,#1741,#1032,.T.);
#2173=EDGE_CURVE('',#1742,#1741,#1033,.T.);
#2174=EDGE_CURVE('',#1742,#1743,#1034,.T.);
#2175=EDGE_CURVE('',#1744,#1743,#230,.T.);
#2176=EDGE_CURVE('',#1744,#1745,#1035,.T.);
#2177=EDGE_CURVE('',#1736,#1745,#1036,.T.);
#2178=EDGE_CURVE('',#1746,#1747,#808,.T.);
#2179=EDGE_CURVE('',#1747,#1748,#809,.T.);
#2180=EDGE_CURVE('',#1748,#1749,#810,.T.);
#2181=EDGE_CURVE('',#1749,#1746,#811,.T.);
#2182=EDGE_CURVE('',#1750,#1751,#812,.T.);
#2183=EDGE_CURVE('',#1751,#1749,#1037,.T.);
#2184=EDGE_CURVE('',#1748,#1750,#1038,.T.);
#2185=EDGE_CURVE('',#1752,#1753,#813,.T.);
#2186=EDGE_CURVE('',#1753,#1751,#814,.T.);
#2187=EDGE_CURVE('',#1750,#1752,#815,.T.);
#2188=EDGE_CURVE('',#1754,#1755,#816,.T.);
#2189=EDGE_CURVE('',#1755,#1753,#1039,.T.);
#2190=EDGE_CURVE('',#1752,#1754,#1040,.T.);
#2191=EDGE_CURVE('',#1756,#1757,#817,.T.);
#2192=EDGE_CURVE('',#1757,#1755,#818,.T.);
#2193=EDGE_CURVE('',#1754,#1756,#819,.T.);
#2194=EDGE_CURVE('',#1758,#1607,#72,.T.);
#2195=EDGE_CURVE('',#1608,#1759,#820,.T.);
#2196=EDGE_CURVE('',#1759,#1757,#1041,.T.);
#2197=EDGE_CURVE('',#1756,#1760,#1042,.T.);
#2198=EDGE_CURVE('',#1760,#1761,#231,.T.);
#2199=EDGE_CURVE('',#1761,#1758,#1043,.T.);
#2200=EDGE_CURVE('',#1628,#1762,#821,.T.);
#2201=EDGE_CURVE('',#1762,#1759,#822,.T.);
#2202=EDGE_CURVE('',#1627,#1763,#823,.T.);
#2203=EDGE_CURVE('',#1763,#1762,#1044,.T.);
#2204=EDGE_CURVE('',#1626,#1764,#824,.T.);
#2205=EDGE_CURVE('',#1764,#1763,#825,.T.);
#2206=EDGE_CURVE('',#1625,#1765,#826,.T.);
#2207=EDGE_CURVE('',#1765,#1764,#1045,.T.);
#2208=EDGE_CURVE('',#1624,#1766,#827,.T.);
#2209=EDGE_CURVE('',#1766,#1765,#828,.T.);
#2210=EDGE_CURVE('',#1623,#1767,#829,.T.);
#2211=EDGE_CURVE('',#1767,#1766,#1046,.T.);
#2212=EDGE_CURVE('',#1622,#1768,#830,.T.);
#2213=EDGE_CURVE('',#1768,#1767,#831,.T.);
#2214=EDGE_CURVE('',#1769,#1770,#232,.T.);
#2215=EDGE_CURVE('',#1770,#1771,#1047,.T.);
#2216=EDGE_CURVE('',#1771,#1772,#832,.T.);
#2217=EDGE_CURVE('',#1772,#1768,#1048,.T.);
#2218=EDGE_CURVE('',#1621,#1773,#73,.T.);
#2219=EDGE_CURVE('',#1773,#1774,#1049,.T.);
#2220=EDGE_CURVE('',#1774,#1775,#233,.T.);
#2221=EDGE_CURVE('',#1775,#1776,#1050,.T.);
#2222=EDGE_CURVE('',#1776,#1777,#234,.T.);
#2223=EDGE_CURVE('',#1777,#1769,#1051,.T.);
#2224=EDGE_CURVE('',#1778,#1779,#833,.T.);
#2225=EDGE_CURVE('',#1779,#1772,#834,.T.);
#2226=EDGE_CURVE('',#1771,#1778,#835,.T.);
#2227=EDGE_CURVE('',#1778,#1747,#1052,.T.);
#2228=EDGE_CURVE('',#1746,#1779,#1053,.T.);
#2229=EDGE_CURVE('',#1780,#1765,#1054,.T.);
#2230=EDGE_CURVE('',#1781,#1780,#1055,.T.);
#2231=EDGE_CURVE('',#1764,#1781,#1056,.T.);
#2232=EDGE_CURVE('',#1766,#1782,#1057,.T.);
#2233=EDGE_CURVE('',#1782,#1780,#836,.F.);
#2234=EDGE_CURVE('',#1783,#1767,#1058,.T.);
#2235=EDGE_CURVE('',#1782,#1783,#1059,.T.);
#2236=EDGE_CURVE('',#1768,#1784,#1060,.T.);
#2237=EDGE_CURVE('',#1784,#1783,#837,.F.);
#2238=EDGE_CURVE('',#1785,#1772,#1061,.T.);
#2239=EDGE_CURVE('',#1784,#1785,#1062,.T.);
#2240=EDGE_CURVE('',#1779,#1786,#1063,.T.);
#2241=EDGE_CURVE('',#1786,#1785,#838,.F.);
#2242=EDGE_CURVE('',#1787,#1746,#1064,.T.);
#2243=EDGE_CURVE('',#1787,#1786,#1065,.T.);
#2244=EDGE_CURVE('',#1749,#1788,#1066,.T.);
#2245=EDGE_CURVE('',#1788,#1787,#839,.F.);
#2246=EDGE_CURVE('',#1758,#1789,#74,.F.);
#2247=EDGE_CURVE('',#1789,#1790,#1067,.T.);
#2248=EDGE_CURVE('',#1790,#1609,#840,.T.);
#2249=EDGE_CURVE('',#1791,#1761,#235,.F.);
#2250=EDGE_CURVE('',#1792,#1791,#1068,.T.);
#2251=EDGE_CURVE('',#1792,#1793,#1069,.T.);
#2252=EDGE_CURVE('',#1793,#1789,#1070,.T.);
#2253=EDGE_CURVE('',#1760,#1794,#841,.T.);
#2254=EDGE_CURVE('',#1794,#1795,#842,.T.);
#2255=EDGE_CURVE('',#1795,#1791,#843,.T.);
#2256=EDGE_CURVE('',#1796,#1775,#844,.T.);
#2257=EDGE_CURVE('',#1797,#1796,#1071,.T.);
#2258=EDGE_CURVE('',#1798,#1797,#845,.T.);
#2259=EDGE_CURVE('',#1776,#1798,#846,.T.);
#2260=EDGE_CURVE('',#1799,#1770,#847,.T.);
#2261=EDGE_CURVE('',#1800,#1799,#848,.T.);
#2262=EDGE_CURVE('',#1801,#1800,#1072,.T.);
#2263=EDGE_CURVE('',#1802,#1801,#1073,.T.);
#2264=EDGE_CURVE('',#1803,#1802,#1074,.T.);
#2265=EDGE_CURVE('',#1804,#1803,#1075,.T.);
#2266=EDGE_CURVE('',#1794,#1804,#1076,.T.);
#2267=EDGE_CURVE('',#1805,#1806,#1077,.T.);
#2268=EDGE_CURVE('',#1806,#1807,#1078,.T.);
#2269=EDGE_CURVE('',#1807,#1808,#1079,.T.);
#2270=EDGE_CURVE('',#1808,#1805,#1080,.T.);
#2271=EDGE_CURVE('',#1809,#1810,#1081,.T.);
#2272=EDGE_CURVE('',#1810,#1806,#849,.T.);
#2273=EDGE_CURVE('',#1805,#1809,#850,.T.);
#2274=EDGE_CURVE('',#1811,#1812,#1082,.T.);
#2275=EDGE_CURVE('',#1812,#1810,#1083,.T.);
#2276=EDGE_CURVE('',#1809,#1811,#1084,.T.);
#2277=EDGE_CURVE('',#1813,#1814,#1085,.T.);
#2278=EDGE_CURVE('',#1814,#1812,#851,.T.);
#2279=EDGE_CURVE('',#1811,#1813,#852,.T.);
#2280=EDGE_CURVE('',#1815,#1816,#1086,.T.);
#2281=EDGE_CURVE('',#1816,#1814,#1087,.T.);
#2282=EDGE_CURVE('',#1813,#1815,#1088,.T.);
#2283=EDGE_CURVE('',#1817,#1818,#1089,.T.);
#2284=EDGE_CURVE('',#1818,#1816,#853,.T.);
#2285=EDGE_CURVE('',#1815,#1817,#854,.T.);
#2286=EDGE_CURVE('',#1819,#1820,#1090,.T.);
#2287=EDGE_CURVE('',#1820,#1818,#1091,.T.);
#2288=EDGE_CURVE('',#1817,#1819,#1092,.T.);
#2289=EDGE_CURVE('',#1821,#1822,#1093,.T.);
#2290=EDGE_CURVE('',#1822,#1820,#855,.T.);
#2291=EDGE_CURVE('',#1819,#1821,#856,.T.);
#2292=EDGE_CURVE('',#1823,#1824,#1094,.T.);
#2293=EDGE_CURVE('',#1824,#1822,#1095,.T.);
#2294=EDGE_CURVE('',#1821,#1823,#1096,.T.);
#2295=EDGE_CURVE('',#1823,#1825,#857,.T.);
#2296=EDGE_CURVE('',#1825,#1826,#1097,.T.);
#2297=EDGE_CURVE('',#1826,#1824,#858,.T.);
#2298=EDGE_CURVE('',#1827,#1828,#1098,.T.);
#2299=EDGE_CURVE('',#1828,#1826,#1099,.T.);
#2300=EDGE_CURVE('',#1825,#1827,#1100,.T.);
#2301=EDGE_CURVE('',#1827,#1829,#859,.T.);
#2302=EDGE_CURVE('',#1829,#1830,#1101,.T.);
#2303=EDGE_CURVE('',#1830,#1828,#860,.T.);
#2304=EDGE_CURVE('',#1831,#1832,#1102,.T.);
#2305=EDGE_CURVE('',#1832,#1830,#1103,.T.);
#2306=EDGE_CURVE('',#1829,#1831,#1104,.T.);
#2307=EDGE_CURVE('',#1831,#1833,#861,.T.);
#2308=EDGE_CURVE('',#1833,#1834,#1105,.T.);
#2309=EDGE_CURVE('',#1834,#1832,#862,.T.);
#2310=EDGE_CURVE('',#1835,#1836,#1106,.T.);
#2311=EDGE_CURVE('',#1836,#1834,#1107,.T.);
#2312=EDGE_CURVE('',#1833,#1835,#1108,.T.);
#2313=EDGE_CURVE('',#1835,#1808,#863,.T.);
#2314=EDGE_CURVE('',#1807,#1836,#864,.T.);
#2315=EDGE_CURVE('',#1819,#1708,#1109,.T.);
#2316=EDGE_CURVE('',#1821,#1707,#1110,.T.);
#2317=EDGE_CURVE('',#1817,#1713,#1111,.T.);
#2318=EDGE_CURVE('',#1815,#1714,#1112,.T.);
#2319=EDGE_CURVE('',#1813,#1719,#1113,.T.);
#2320=EDGE_CURVE('',#1811,#1720,#1114,.T.);
#2321=EDGE_CURVE('',#1809,#1725,#1115,.T.);
#2322=EDGE_CURVE('',#1805,#1726,#1116,.T.);
#2323=EDGE_CURVE('',#1808,#1683,#1117,.T.);
#2324=EDGE_CURVE('',#1762,#1837,#1118,.T.);
#2325=EDGE_CURVE('',#1837,#1838,#865,.F.);
#2326=EDGE_CURVE('',#1838,#1759,#1119,.T.);
#2327=EDGE_CURVE('',#1839,#1763,#1120,.T.);
#2328=EDGE_CURVE('',#1837,#1839,#1121,.T.);
#2329=EDGE_CURVE('',#1781,#1839,#866,.F.);
#2330=EDGE_CURVE('',#1835,#1684,#1122,.T.);
#2331=EDGE_CURVE('',#1833,#1689,#1123,.T.);
#2332=EDGE_CURVE('',#1831,#1690,#1124,.T.);
#2333=EDGE_CURVE('',#1829,#1695,#1125,.T.);
#2334=EDGE_CURVE('',#1823,#1702,#1126,.T.);
#2335=EDGE_CURVE('',#1825,#1701,#1127,.T.);
#2336=EDGE_CURVE('',#1827,#1696,#1128,.T.);
#2337=EDGE_CURVE('',#1840,#1841,#1129,.T.);
#2338=EDGE_CURVE('',#1841,#1619,#867,.T.);
#2339=EDGE_CURVE('',#1618,#1840,#75,.T.);
#2340=EDGE_CURVE('',#1842,#1620,#868,.T.);
#2341=EDGE_CURVE('',#1841,#1842,#869,.T.);
#2342=EDGE_CURVE('',#1842,#1843,#1130,.T.);
#2343=EDGE_CURVE('',#1843,#1773,#76,.F.);
#2344=EDGE_CURVE('',#1844,#1840,#1131,.T.);
#2345=EDGE_CURVE('',#1617,#1844,#77,.T.);
#2346=EDGE_CURVE('',#1845,#1844,#1132,.T.);
#2347=EDGE_CURVE('',#1616,#1845,#78,.T.);
#2348=EDGE_CURVE('',#1846,#1845,#1133,.T.);
#2349=EDGE_CURVE('',#1615,#1846,#79,.T.);
#2350=EDGE_CURVE('',#1847,#1846,#1134,.T.);
#2351=EDGE_CURVE('',#1614,#1847,#80,.T.);
#2352=EDGE_CURVE('',#1848,#1847,#1135,.T.);
#2353=EDGE_CURVE('',#1613,#1848,#81,.T.);
#2354=EDGE_CURVE('',#1849,#1848,#1136,.T.);
#2355=EDGE_CURVE('',#1612,#1849,#82,.T.);
#2356=EDGE_CURVE('',#1850,#1849,#1137,.T.);
#2357=EDGE_CURVE('',#1611,#1850,#83,.T.);
#2358=EDGE_CURVE('',#1851,#1610,#870,.T.);
#2359=EDGE_CURVE('',#1790,#1851,#871,.T.);
#2360=EDGE_CURVE('',#1851,#1850,#1138,.T.);
#2361=EDGE_CURVE('',#1852,#1842,#1139,.T.);
#2362=EDGE_CURVE('',#1852,#1853,#1140,.T.);
#2363=EDGE_CURVE('',#1853,#1843,#1141,.T.);
#2364=EDGE_CURVE('',#1841,#1854,#1142,.T.);
#2365=EDGE_CURVE('',#1854,#1852,#872,.F.);
#2366=EDGE_CURVE('',#1855,#1840,#1143,.T.);
#2367=EDGE_CURVE('',#1855,#1854,#1144,.T.);
#2368=EDGE_CURVE('',#1856,#1844,#1145,.T.);
#2369=EDGE_CURVE('',#1856,#1855,#1146,.T.);
#2370=EDGE_CURVE('',#1857,#1845,#1147,.T.);
#2371=EDGE_CURVE('',#1857,#1856,#1148,.T.);
#2372=EDGE_CURVE('',#1858,#1846,#1149,.T.);
#2373=EDGE_CURVE('',#1858,#1857,#1150,.T.);
#2374=EDGE_CURVE('',#1859,#1847,#1151,.T.);
#2375=EDGE_CURVE('',#1859,#1858,#1152,.T.);
#2376=EDGE_CURVE('',#1860,#1848,#1153,.T.);
#2377=EDGE_CURVE('',#1860,#1859,#1154,.T.);
#2378=EDGE_CURVE('',#1861,#1849,#1155,.T.);
#2379=EDGE_CURVE('',#1861,#1860,#1156,.T.);
#2380=EDGE_CURVE('',#1862,#1850,#1157,.T.);
#2381=EDGE_CURVE('',#1862,#1861,#1158,.T.);
#2382=EDGE_CURVE('',#1863,#1851,#1159,.T.);
#2383=EDGE_CURVE('',#1863,#1862,#1160,.T.);
#2384=EDGE_CURVE('',#1790,#1864,#1161,.T.);
#2385=EDGE_CURVE('',#1864,#1863,#873,.F.);
#2386=EDGE_CURVE('',#1793,#1864,#1162,.T.);
#2387=EDGE_CURVE('',#1865,#1795,#1163,.T.);
#2388=EDGE_CURVE('',#1804,#1865,#84,.T.);
#2389=EDGE_CURVE('',#1803,#1866,#85,.T.);
#2390=EDGE_CURVE('',#1866,#1865,#1164,.T.);
#2391=EDGE_CURVE('',#1802,#1867,#86,.T.);
#2392=EDGE_CURVE('',#1867,#1866,#1165,.T.);
#2393=EDGE_CURVE('',#1801,#1868,#87,.T.);
#2394=EDGE_CURVE('',#1868,#1867,#1166,.T.);
#2395=EDGE_CURVE('',#1774,#1869,#236,.F.);
#2396=EDGE_CURVE('',#1869,#1870,#874,.T.);
#2397=EDGE_CURVE('',#1870,#1796,#875,.T.);
#2398=EDGE_CURVE('',#1871,#1797,#876,.T.);
#2399=EDGE_CURVE('',#1870,#1871,#1167,.T.);
#2400=EDGE_CURVE('',#1872,#1798,#877,.T.);
#2401=EDGE_CURVE('',#1871,#1872,#878,.T.);
#2402=EDGE_CURVE('',#1872,#1873,#879,.T.);
#2403=EDGE_CURVE('',#1873,#1777,#880,.T.);
#2404=EDGE_CURVE('',#1873,#1874,#1168,.T.);
#2405=EDGE_CURVE('',#1874,#1769,#881,.T.);
#2406=EDGE_CURVE('',#1874,#1875,#882,.T.);
#2407=EDGE_CURVE('',#1875,#1799,#883,.T.);
#2408=EDGE_CURVE('',#1876,#1800,#884,.T.);
#2409=EDGE_CURVE('',#1875,#1876,#885,.T.);
#2410=EDGE_CURVE('',#1876,#1868,#1169,.T.);
#2411=EDGE_CURVE('',#1795,#1877,#1170,.T.);
#2412=EDGE_CURVE('',#1792,#1877,#886,.T.);
#2413=EDGE_CURVE('',#1878,#1865,#1171,.T.);
#2414=EDGE_CURVE('',#1878,#1877,#1172,.T.);
#2415=EDGE_CURVE('',#1879,#1866,#1173,.T.);
#2416=EDGE_CURVE('',#1879,#1878,#1174,.T.);
#2417=EDGE_CURVE('',#1880,#1867,#1175,.T.);
#2418=EDGE_CURVE('',#1880,#1879,#1176,.T.);
#2419=EDGE_CURVE('',#1881,#1868,#1177,.T.);
#2420=EDGE_CURVE('',#1881,#1880,#1178,.T.);
#2421=EDGE_CURVE('',#1882,#1875,#1179,.T.);
#2422=EDGE_CURVE('',#1882,#1883,#88,.T.);
#2423=EDGE_CURVE('',#1883,#1876,#1180,.T.);
#2424=EDGE_CURVE('',#1874,#1884,#1181,.T.);
#2425=EDGE_CURVE('',#1884,#1882,#89,.T.);
#2426=EDGE_CURVE('',#1885,#1873,#1182,.T.);
#2427=EDGE_CURVE('',#1884,#1885,#1183,.T.);
#2428=EDGE_CURVE('',#1872,#1886,#1184,.T.);
#2429=EDGE_CURVE('',#1886,#1885,#90,.T.);
#2430=EDGE_CURVE('',#1871,#1887,#1185,.T.);
#2431=EDGE_CURVE('',#1887,#1886,#91,.T.);
#2432=EDGE_CURVE('',#1887,#1883,#1186,.T.);
#2433=EDGE_CURVE('',#1888,#1870,#1187,.T.);
#2434=EDGE_CURVE('',#1888,#1881,#1188,.T.);
#2435=EDGE_CURVE('',#1889,#1869,#1189,.T.);
#2436=EDGE_CURVE('',#1888,#1889,#887,.T.);
#2437=EDGE_CURVE('',#1886,#1882,#1190,.T.);
#2438=EDGE_CURVE('',#1890,#1645,#888,.T.);
#2439=EDGE_CURVE('',#1890,#1668,#1191,.T.);
#2440=EDGE_CURVE('',#1891,#1890,#1192,.T.);
#2441=EDGE_CURVE('',#1669,#1891,#1193,.T.);
#2442=EDGE_CURVE('',#1892,#1659,#1194,.T.);
#2443=EDGE_CURVE('',#1892,#1651,#1195,.T.);
#2444=EDGE_CURVE('',#1893,#1598,#889,.T.);
#2445=EDGE_CURVE('',#1893,#1652,#1196,.T.);
#2446=EDGE_CURVE('',#1894,#1893,#1197,.T.);
#2447=EDGE_CURVE('',#1894,#1647,#1198,.T.);
#2448=EDGE_CURVE('',#1895,#1894,#890,.T.);
#2449=EDGE_CURVE('',#1670,#1895,#1199,.T.);
#2450=EDGE_CURVE('',#1662,#1892,#891,.T.);
#2451=EDGE_CURVE('',#1896,#1891,#1200,.T.);
#2452=EDGE_CURVE('',#1897,#1896,#1201,.T.);
#2453=EDGE_CURVE('',#1898,#1897,#1202,.T.);
#2454=EDGE_CURVE('',#1641,#1898,#1203,.T.);
#2455=EDGE_CURVE('',#1899,#1895,#1204,.T.);
#2456=EDGE_CURVE('',#1655,#1899,#1205,.T.);
#2457=EDGE_CURVE('',#1581,#1663,#892,.T.);
#2458=EDGE_CURVE('',#1567,#1896,#893,.T.);
#2459=EDGE_CURVE('',#1582,#1580,#894,.T.);
#2460=EDGE_CURVE('',#1663,#1579,#895,.T.);
#2461=EDGE_CURVE('',#1575,#1580,#896,.T.);
#2462=EDGE_CURVE('',#1574,#1579,#897,.T.);
#2463=EDGE_CURVE('',#1573,#1571,#898,.T.);
#2464=EDGE_CURVE('',#1644,#1570,#899,.T.);
#2465=EDGE_CURVE('',#1900,#1644,#900,.T.);
#2466=EDGE_CURVE('',#1897,#1900,#901,.T.);
#2467=EDGE_CURVE('',#1572,#1897,#902,.T.);
#2468=EDGE_CURVE('',#1568,#1571,#903,.T.);
#2469=EDGE_CURVE('',#1896,#1570,#904,.T.);
#2470=EDGE_CURVE('',#1900,#1898,#1206,.T.);
#2471=EDGE_CURVE('',#1643,#1900,#1207,.T.);
#2472=EDGE_CURVE('',#1667,#1901,#1208,.T.);
#2473=EDGE_CURVE('',#1901,#1899,#1209,.T.);
#2474=EDGE_CURVE('',#1740,#1902,#237,.T.);
#2475=EDGE_CURVE('',#1739,#1903,#238,.F.);
#2476=EDGE_CURVE('',#1903,#1902,#92,.T.);
#2477=EDGE_CURVE('',#1741,#1738,#93,.T.);
#2478=EDGE_CURVE('',#1904,#1905,#239,.T.);
#2479=EDGE_CURVE('',#1904,#1906,#240,.T.);
#2480=EDGE_CURVE('',#1906,#1907,#241,.F.);
#2481=EDGE_CURVE('',#1905,#1907,#94,.T.);
#2482=EDGE_CURVE('',#1908,#1909,#95,.T.);
#2483=EDGE_CURVE('',#1904,#1908,#1210,.T.);
#2484=EDGE_CURVE('',#1909,#1906,#1211,.T.);
#2485=EDGE_CURVE('',#1731,#1733,#96,.T.);
#2486=EDGE_CURVE('',#1910,#1737,#905,.T.);
#2487=EDGE_CURVE('',#1910,#1911,#1212,.T.);
#2488=EDGE_CURVE('',#1912,#1911,#906,.T.);
#2489=EDGE_CURVE('',#1912,#1913,#1213,.T.);
#2490=EDGE_CURVE('',#1913,#1914,#97,.T.);
#2491=EDGE_CURVE('',#1914,#1915,#1214,.T.);
#2492=EDGE_CURVE('',#1916,#1915,#907,.T.);
#2493=EDGE_CURVE('',#1916,#1917,#1215,.T.);
#2494=EDGE_CURVE('',#1918,#1917,#908,.T.);
#2495=EDGE_CURVE('',#1918,#1908,#1216,.T.);
#2496=EDGE_CURVE('',#1909,#1919,#1217,.T.);
#2497=EDGE_CURVE('',#1919,#1920,#98,.T.);
#2498=EDGE_CURVE('',#1920,#1728,#1218,.T.);
#2499=EDGE_CURVE('',#1745,#1742,#99,.T.);
#2500=EDGE_CURVE('',#1921,#1788,#1219,.T.);
#2501=EDGE_CURVE('',#1922,#1921,#909,.F.);
#2502=EDGE_CURVE('',#1923,#1922,#1220,.T.);
#2503=EDGE_CURVE('',#1924,#1923,#910,.F.);
#2504=EDGE_CURVE('',#1924,#1838,#1221,.T.);
#2505=EDGE_CURVE('',#1925,#1926,#242,.T.);
#2506=EDGE_CURVE('',#1925,#1927,#243,.T.);
#2507=EDGE_CURVE('',#1927,#1928,#244,.F.);
#2508=EDGE_CURVE('',#1928,#1926,#100,.T.);
#2509=EDGE_CURVE('',#1925,#1919,#1222,.T.);
#2510=EDGE_CURVE('',#1920,#1927,#1223,.T.);
#2511=EDGE_CURVE('',#1704,#1918,#1224,.T.);
#2512=EDGE_CURVE('',#1744,#1929,#245,.T.);
#2513=EDGE_CURVE('',#1743,#1930,#246,.F.);
#2514=EDGE_CURVE('',#1929,#1930,#101,.T.);
#2515=EDGE_CURVE('',#1675,#1913,#1225,.T.);
#2516=EDGE_CURVE('',#1914,#1677,#1226,.T.);
#2517=EDGE_CURVE('',#1686,#1910,#1227,.T.);
#2518=EDGE_CURVE('',#1911,#1688,#1228,.T.);
#2519=EDGE_CURVE('',#1692,#1912,#1229,.T.);
#2520=EDGE_CURVE('',#1915,#1694,#1230,.T.);
#2521=EDGE_CURVE('',#1698,#1916,#1231,.T.);
#2522=EDGE_CURVE('',#1917,#1700,#1232,.T.);
#2523=EDGE_CURVE('',#1753,#1922,#1233,.T.);
#2524=EDGE_CURVE('',#1921,#1751,#1234,.T.);
#2525=EDGE_CURVE('',#1757,#1924,#1235,.T.);
#2526=EDGE_CURVE('',#1923,#1755,#1236,.T.);
#2527=EDGE_CURVE('',#1638,#1901,#1237,.T.);
#2528=EDGE_CURVE('',#1853,#1889,#1238,.T.);
#2529=ORIENTED_EDGE('',*,*,#1931,.F.);
#2530=ORIENTED_EDGE('',*,*,#1932,.F.);
#2531=ORIENTED_EDGE('',*,*,#1933,.F.);
#2532=ORIENTED_EDGE('',*,*,#1934,.T.);
#2533=ORIENTED_EDGE('',*,*,#1935,.T.);
#2534=ORIENTED_EDGE('',*,*,#1936,.F.);
#2535=ORIENTED_EDGE('',*,*,#1937,.F.);
#2536=ORIENTED_EDGE('',*,*,#1938,.T.);
#2537=ORIENTED_EDGE('',*,*,#1939,.T.);
#2538=ORIENTED_EDGE('',*,*,#1940,.F.);
#2539=ORIENTED_EDGE('',*,*,#1941,.F.);
#2540=ORIENTED_EDGE('',*,*,#1942,.F.);
#2541=ORIENTED_EDGE('',*,*,#1943,.F.);
#2542=ORIENTED_EDGE('',*,*,#1944,.F.);
#2543=ORIENTED_EDGE('',*,*,#1945,.T.);
#2544=ORIENTED_EDGE('',*,*,#1946,.T.);
#2545=ORIENTED_EDGE('',*,*,#1947,.F.);
#2546=ORIENTED_EDGE('',*,*,#1948,.F.);
#2547=ORIENTED_EDGE('',*,*,#1949,.F.);
#2548=ORIENTED_EDGE('',*,*,#1950,.T.);
#2549=ORIENTED_EDGE('',*,*,#1951,.T.);
#2550=ORIENTED_EDGE('',*,*,#1952,.T.);
#2551=ORIENTED_EDGE('',*,*,#1953,.T.);
#2552=ORIENTED_EDGE('',*,*,#1954,.T.);
#2553=ORIENTED_EDGE('',*,*,#1955,.T.);
#2554=ORIENTED_EDGE('',*,*,#1956,.T.);
#2555=ORIENTED_EDGE('',*,*,#1957,.T.);
#2556=ORIENTED_EDGE('',*,*,#1954,.F.);
#2557=ORIENTED_EDGE('',*,*,#1958,.T.);
#2558=ORIENTED_EDGE('',*,*,#1959,.T.);
#2559=ORIENTED_EDGE('',*,*,#1960,.T.);
#2560=ORIENTED_EDGE('',*,*,#1956,.F.);
#2561=ORIENTED_EDGE('',*,*,#1961,.T.);
#2562=ORIENTED_EDGE('',*,*,#1962,.T.);
#2563=ORIENTED_EDGE('',*,*,#1963,.T.);
#2564=ORIENTED_EDGE('',*,*,#1959,.F.);
#2565=ORIENTED_EDGE('',*,*,#1964,.T.);
#2566=ORIENTED_EDGE('',*,*,#1965,.T.);
#2567=ORIENTED_EDGE('',*,*,#1966,.T.);
#2568=ORIENTED_EDGE('',*,*,#1952,.F.);
#2569=ORIENTED_EDGE('',*,*,#1967,.T.);
#2570=ORIENTED_EDGE('',*,*,#1965,.F.);
#2571=ORIENTED_EDGE('',*,*,#1968,.T.);
#2572=ORIENTED_EDGE('',*,*,#1969,.T.);
#2573=ORIENTED_EDGE('',*,*,#1964,.F.);
#2574=ORIENTED_EDGE('',*,*,#1961,.F.);
#2575=ORIENTED_EDGE('',*,*,#1970,.T.);
#2576=ORIENTED_EDGE('',*,*,#1971,.T.);
#2577=ORIENTED_EDGE('',*,*,#1972,.T.);
#2578=ORIENTED_EDGE('',*,*,#1973,.F.);
#2579=ORIENTED_EDGE('',*,*,#1958,.F.);
#2580=ORIENTED_EDGE('',*,*,#1974,.F.);
#2581=ORIENTED_EDGE('',*,*,#1975,.F.);
#2582=ORIENTED_EDGE('',*,*,#1970,.F.);
#2583=ORIENTED_EDGE('',*,*,#1953,.F.);
#2584=ORIENTED_EDGE('',*,*,#1976,.T.);
#2585=ORIENTED_EDGE('',*,*,#1977,.T.);
#2586=ORIENTED_EDGE('',*,*,#1978,.T.);
#2587=ORIENTED_EDGE('',*,*,#1974,.T.);
#2588=ORIENTED_EDGE('',*,*,#1979,.T.);
#2589=ORIENTED_EDGE('',*,*,#1980,.T.);
#2590=ORIENTED_EDGE('',*,*,#1981,.T.);
#2591=ORIENTED_EDGE('',*,*,#1982,.T.);
#2592=ORIENTED_EDGE('',*,*,#1983,.F.);
#2593=ORIENTED_EDGE('',*,*,#1984,.F.);
#2594=ORIENTED_EDGE('',*,*,#1985,.F.);
#2595=ORIENTED_EDGE('',*,*,#1986,.F.);
#2596=ORIENTED_EDGE('',*,*,#1987,.F.);
#2597=ORIENTED_EDGE('',*,*,#1988,.F.);
#2598=ORIENTED_EDGE('',*,*,#1989,.F.);
#2599=ORIENTED_EDGE('',*,*,#1990,.F.);
#2600=ORIENTED_EDGE('',*,*,#1991,.F.);
#2601=ORIENTED_EDGE('',*,*,#1992,.F.);
#2602=ORIENTED_EDGE('',*,*,#1993,.F.);
#2603=ORIENTED_EDGE('',*,*,#1994,.F.);
#2604=ORIENTED_EDGE('',*,*,#1995,.F.);
#2605=ORIENTED_EDGE('',*,*,#1996,.F.);
#2606=ORIENTED_EDGE('',*,*,#1997,.F.);
#2607=ORIENTED_EDGE('',*,*,#1998,.F.);
#2608=ORIENTED_EDGE('',*,*,#1999,.F.);
#2609=ORIENTED_EDGE('',*,*,#2000,.F.);
#2610=ORIENTED_EDGE('',*,*,#2001,.F.);
#2611=ORIENTED_EDGE('',*,*,#2002,.F.);
#2612=ORIENTED_EDGE('',*,*,#2003,.F.);
#2613=ORIENTED_EDGE('',*,*,#2004,.F.);
#2614=ORIENTED_EDGE('',*,*,#1960,.F.);
#2615=ORIENTED_EDGE('',*,*,#2005,.F.);
#2616=ORIENTED_EDGE('',*,*,#2006,.F.);
#2617=ORIENTED_EDGE('',*,*,#2007,.F.);
#2618=ORIENTED_EDGE('',*,*,#1980,.F.);
#2619=ORIENTED_EDGE('',*,*,#2008,.F.);
#2620=ORIENTED_EDGE('',*,*,#2009,.F.);
#2621=ORIENTED_EDGE('',*,*,#2010,.F.);
#2622=ORIENTED_EDGE('',*,*,#2011,.F.);
#2623=ORIENTED_EDGE('',*,*,#2012,.F.);
#2624=ORIENTED_EDGE('',*,*,#2013,.F.);
#2625=ORIENTED_EDGE('',*,*,#2014,.F.);
#2626=ORIENTED_EDGE('',*,*,#1968,.F.);
#2627=ORIENTED_EDGE('',*,*,#1967,.F.);
#2628=ORIENTED_EDGE('',*,*,#1955,.F.);
#2629=ORIENTED_EDGE('',*,*,#1957,.F.);
#2630=ORIENTED_EDGE('',*,*,#2015,.T.);
#2631=ORIENTED_EDGE('',*,*,#2008,.T.);
#2632=ORIENTED_EDGE('',*,*,#1979,.F.);
#2633=ORIENTED_EDGE('',*,*,#2016,.T.);
#2634=ORIENTED_EDGE('',*,*,#2017,.T.);
#2635=ORIENTED_EDGE('',*,*,#2015,.F.);
#2636=ORIENTED_EDGE('',*,*,#2018,.F.);
#2637=ORIENTED_EDGE('',*,*,#2009,.T.);
#2638=ORIENTED_EDGE('',*,*,#2019,.T.);
#2639=ORIENTED_EDGE('',*,*,#2020,.T.);
#2640=ORIENTED_EDGE('',*,*,#2013,.T.);
#2641=ORIENTED_EDGE('',*,*,#2021,.T.);
#2642=ORIENTED_EDGE('',*,*,#2012,.T.);
#2643=ORIENTED_EDGE('',*,*,#2022,.T.);
#2644=ORIENTED_EDGE('',*,*,#2023,.T.);
#2645=ORIENTED_EDGE('',*,*,#2021,.F.);
#2646=ORIENTED_EDGE('',*,*,#2011,.T.);
#2647=ORIENTED_EDGE('',*,*,#2024,.T.);
#2648=ORIENTED_EDGE('',*,*,#2025,.T.);
#2649=ORIENTED_EDGE('',*,*,#2022,.F.);
#2650=ORIENTED_EDGE('',*,*,#2024,.F.);
#2651=ORIENTED_EDGE('',*,*,#2010,.T.);
#2652=ORIENTED_EDGE('',*,*,#2026,.F.);
#2653=ORIENTED_EDGE('',*,*,#2020,.F.);
#2654=ORIENTED_EDGE('',*,*,#2027,.F.);
#2655=ORIENTED_EDGE('',*,*,#2014,.T.);
#2656=ORIENTED_EDGE('',*,*,#2019,.F.);
#2657=ORIENTED_EDGE('',*,*,#2028,.T.);
#2658=ORIENTED_EDGE('',*,*,#2029,.F.);
#2659=ORIENTED_EDGE('',*,*,#2030,.F.);
#2660=ORIENTED_EDGE('',*,*,#2031,.F.);
#2661=ORIENTED_EDGE('',*,*,#2032,.T.);
#2662=ORIENTED_EDGE('',*,*,#2033,.F.);
#2663=ORIENTED_EDGE('',*,*,#2034,.T.);
#2664=ORIENTED_EDGE('',*,*,#2035,.T.);
#2665=ORIENTED_EDGE('',*,*,#2036,.T.);
#2666=ORIENTED_EDGE('',*,*,#2037,.T.);
#2667=ORIENTED_EDGE('',*,*,#2038,.F.);
#2668=ORIENTED_EDGE('',*,*,#2039,.T.);
#2669=ORIENTED_EDGE('',*,*,#2040,.T.);
#2670=ORIENTED_EDGE('',*,*,#2035,.F.);
#2671=ORIENTED_EDGE('',*,*,#2041,.F.);
#2672=ORIENTED_EDGE('',*,*,#2042,.T.);
#2673=ORIENTED_EDGE('',*,*,#2043,.T.);
#2674=ORIENTED_EDGE('',*,*,#1981,.F.);
#2675=ORIENTED_EDGE('',*,*,#2007,.T.);
#2676=ORIENTED_EDGE('',*,*,#2044,.T.);
#2677=ORIENTED_EDGE('',*,*,#2045,.T.);
#2678=ORIENTED_EDGE('',*,*,#2044,.F.);
#2679=ORIENTED_EDGE('',*,*,#2006,.T.);
#2680=ORIENTED_EDGE('',*,*,#2046,.T.);
#2681=ORIENTED_EDGE('',*,*,#1963,.F.);
#2682=ORIENTED_EDGE('',*,*,#2047,.F.);
#2683=ORIENTED_EDGE('',*,*,#2048,.T.);
#2684=ORIENTED_EDGE('',*,*,#2046,.F.);
#2685=ORIENTED_EDGE('',*,*,#2005,.T.);
#2686=ORIENTED_EDGE('',*,*,#2040,.F.);
#2687=ORIENTED_EDGE('',*,*,#2049,.T.);
#2688=ORIENTED_EDGE('',*,*,#2050,.F.);
#2689=ORIENTED_EDGE('',*,*,#2051,.F.);
#2690=ORIENTED_EDGE('',*,*,#2052,.F.);
#2691=ORIENTED_EDGE('',*,*,#2053,.T.);
#2692=ORIENTED_EDGE('',*,*,#2036,.F.);
#2693=ORIENTED_EDGE('',*,*,#2045,.F.);
#2694=ORIENTED_EDGE('',*,*,#2054,.F.);
#2695=ORIENTED_EDGE('',*,*,#2055,.F.);
#2696=ORIENTED_EDGE('',*,*,#2056,.F.);
#2697=ORIENTED_EDGE('',*,*,#2049,.F.);
#2698=ORIENTED_EDGE('',*,*,#2048,.F.);
#2699=ORIENTED_EDGE('',*,*,#2057,.T.);
#2700=ORIENTED_EDGE('',*,*,#2058,.T.);
#2701=ORIENTED_EDGE('',*,*,#2059,.F.);
#2702=ORIENTED_EDGE('',*,*,#2060,.F.);
#2703=ORIENTED_EDGE('',*,*,#2061,.F.);
#2704=ORIENTED_EDGE('',*,*,#2054,.T.);
#2705=ORIENTED_EDGE('',*,*,#1966,.F.);
#2706=ORIENTED_EDGE('',*,*,#2062,.T.);
#2707=ORIENTED_EDGE('',*,*,#2063,.T.);
#2708=ORIENTED_EDGE('',*,*,#1976,.F.);
#2709=ORIENTED_EDGE('',*,*,#2063,.F.);
#2710=ORIENTED_EDGE('',*,*,#2064,.F.);
#2711=ORIENTED_EDGE('',*,*,#2065,.F.);
#2712=ORIENTED_EDGE('',*,*,#1977,.F.);
#2713=ORIENTED_EDGE('',*,*,#2066,.F.);
#2714=ORIENTED_EDGE('',*,*,#2067,.F.);
#2715=ORIENTED_EDGE('',*,*,#2068,.F.);
#2716=ORIENTED_EDGE('',*,*,#2064,.T.);
#2717=ORIENTED_EDGE('',*,*,#2069,.T.);
#2718=ORIENTED_EDGE('',*,*,#2070,.T.);
#2719=ORIENTED_EDGE('',*,*,#2071,.T.);
#2720=ORIENTED_EDGE('',*,*,#2026,.T.);
#2721=ORIENTED_EDGE('',*,*,#2018,.T.);
#2722=ORIENTED_EDGE('',*,*,#2072,.T.);
#2723=ORIENTED_EDGE('',*,*,#2066,.T.);
#2724=ORIENTED_EDGE('',*,*,#2062,.F.);
#2725=ORIENTED_EDGE('',*,*,#1969,.F.);
#2726=ORIENTED_EDGE('',*,*,#2027,.T.);
#2727=ORIENTED_EDGE('',*,*,#2033,.T.);
#2728=ORIENTED_EDGE('',*,*,#2073,.T.);
#2729=ORIENTED_EDGE('',*,*,#2069,.F.);
#2730=ORIENTED_EDGE('',*,*,#2038,.T.);
#2731=ORIENTED_EDGE('',*,*,#2074,.T.);
#2732=ORIENTED_EDGE('',*,*,#2057,.F.);
#2733=ORIENTED_EDGE('',*,*,#2047,.T.);
#2734=ORIENTED_EDGE('',*,*,#1962,.F.);
#2735=ORIENTED_EDGE('',*,*,#1973,.T.);
#2736=ORIENTED_EDGE('',*,*,#2075,.T.);
#2737=ORIENTED_EDGE('',*,*,#2034,.F.);
#2738=ORIENTED_EDGE('',*,*,#2076,.T.);
#2739=ORIENTED_EDGE('',*,*,#2077,.F.);
#2740=ORIENTED_EDGE('',*,*,#2041,.T.);
#2741=ORIENTED_EDGE('',*,*,#2078,.F.);
#2742=ORIENTED_EDGE('',*,*,#2079,.T.);
#2743=ORIENTED_EDGE('',*,*,#2080,.T.);
#2744=ORIENTED_EDGE('',*,*,#2081,.F.);
#2745=ORIENTED_EDGE('',*,*,#2082,.F.);
#2746=ORIENTED_EDGE('',*,*,#2083,.T.);
#2747=ORIENTED_EDGE('',*,*,#2084,.T.);
#2748=ORIENTED_EDGE('',*,*,#2085,.F.);
#2749=ORIENTED_EDGE('',*,*,#2086,.T.);
#2750=ORIENTED_EDGE('',*,*,#2087,.T.);
#2751=ORIENTED_EDGE('',*,*,#2088,.T.);
#2752=ORIENTED_EDGE('',*,*,#2089,.F.);
#2753=ORIENTED_EDGE('',*,*,#2090,.F.);
#2754=ORIENTED_EDGE('',*,*,#2091,.T.);
#2755=ORIENTED_EDGE('',*,*,#2092,.F.);
#2756=ORIENTED_EDGE('',*,*,#2093,.T.);
#2757=ORIENTED_EDGE('',*,*,#2094,.T.);
#2758=ORIENTED_EDGE('',*,*,#2086,.F.);
#2759=ORIENTED_EDGE('',*,*,#2095,.T.);
#2760=ORIENTED_EDGE('',*,*,#2096,.T.);
#2761=ORIENTED_EDGE('',*,*,#2093,.F.);
#2762=ORIENTED_EDGE('',*,*,#2097,.F.);
#2763=ORIENTED_EDGE('',*,*,#2098,.T.);
#2764=ORIENTED_EDGE('',*,*,#2099,.T.);
#2765=ORIENTED_EDGE('',*,*,#2100,.F.);
#2766=ORIENTED_EDGE('',*,*,#2101,.T.);
#2767=ORIENTED_EDGE('',*,*,#2102,.T.);
#2768=ORIENTED_EDGE('',*,*,#2095,.F.);
#2769=ORIENTED_EDGE('',*,*,#2103,.T.);
#2770=ORIENTED_EDGE('',*,*,#2104,.T.);
#2771=ORIENTED_EDGE('',*,*,#2101,.F.);
#2772=ORIENTED_EDGE('',*,*,#2105,.F.);
#2773=ORIENTED_EDGE('',*,*,#2106,.T.);
#2774=ORIENTED_EDGE('',*,*,#2107,.T.);
#2775=ORIENTED_EDGE('',*,*,#2108,.F.);
#2776=ORIENTED_EDGE('',*,*,#2109,.T.);
#2777=ORIENTED_EDGE('',*,*,#2110,.T.);
#2778=ORIENTED_EDGE('',*,*,#2103,.F.);
#2779=ORIENTED_EDGE('',*,*,#2111,.T.);
#2780=ORIENTED_EDGE('',*,*,#2112,.T.);
#2781=ORIENTED_EDGE('',*,*,#2109,.F.);
#2782=ORIENTED_EDGE('',*,*,#2113,.F.);
#2783=ORIENTED_EDGE('',*,*,#2114,.F.);
#2784=ORIENTED_EDGE('',*,*,#2115,.T.);
#2785=ORIENTED_EDGE('',*,*,#2116,.F.);
#2786=ORIENTED_EDGE('',*,*,#2117,.T.);
#2787=ORIENTED_EDGE('',*,*,#2118,.T.);
#2788=ORIENTED_EDGE('',*,*,#2111,.F.);
#2789=ORIENTED_EDGE('',*,*,#2119,.T.);
#2790=ORIENTED_EDGE('',*,*,#2120,.T.);
#2791=ORIENTED_EDGE('',*,*,#2117,.F.);
#2792=ORIENTED_EDGE('',*,*,#2121,.F.);
#2793=ORIENTED_EDGE('',*,*,#2122,.T.);
#2794=ORIENTED_EDGE('',*,*,#2123,.T.);
#2795=ORIENTED_EDGE('',*,*,#2124,.F.);
#2796=ORIENTED_EDGE('',*,*,#2125,.T.);
#2797=ORIENTED_EDGE('',*,*,#2126,.T.);
#2798=ORIENTED_EDGE('',*,*,#2119,.F.);
#2799=ORIENTED_EDGE('',*,*,#2127,.T.);
#2800=ORIENTED_EDGE('',*,*,#2128,.T.);
#2801=ORIENTED_EDGE('',*,*,#2125,.F.);
#2802=ORIENTED_EDGE('',*,*,#2129,.F.);
#2803=ORIENTED_EDGE('',*,*,#2130,.F.);
#2804=ORIENTED_EDGE('',*,*,#2131,.T.);
#2805=ORIENTED_EDGE('',*,*,#2132,.F.);
#2806=ORIENTED_EDGE('',*,*,#2133,.T.);
#2807=ORIENTED_EDGE('',*,*,#2134,.T.);
#2808=ORIENTED_EDGE('',*,*,#2127,.F.);
#2809=ORIENTED_EDGE('',*,*,#2135,.T.);
#2810=ORIENTED_EDGE('',*,*,#2136,.T.);
#2811=ORIENTED_EDGE('',*,*,#2133,.F.);
#2812=ORIENTED_EDGE('',*,*,#2137,.F.);
#2813=ORIENTED_EDGE('',*,*,#2138,.F.);
#2814=ORIENTED_EDGE('',*,*,#2139,.T.);
#2815=ORIENTED_EDGE('',*,*,#2140,.F.);
#2816=ORIENTED_EDGE('',*,*,#2141,.T.);
#2817=ORIENTED_EDGE('',*,*,#2142,.T.);
#2818=ORIENTED_EDGE('',*,*,#2135,.F.);
#2819=ORIENTED_EDGE('',*,*,#2143,.T.);
#2820=ORIENTED_EDGE('',*,*,#2144,.T.);
#2821=ORIENTED_EDGE('',*,*,#2141,.F.);
#2822=ORIENTED_EDGE('',*,*,#2145,.F.);
#2823=ORIENTED_EDGE('',*,*,#2146,.F.);
#2824=ORIENTED_EDGE('',*,*,#2147,.T.);
#2825=ORIENTED_EDGE('',*,*,#2148,.F.);
#2826=ORIENTED_EDGE('',*,*,#2088,.F.);
#2827=ORIENTED_EDGE('',*,*,#2149,.T.);
#2828=ORIENTED_EDGE('',*,*,#2143,.F.);
#2829=ORIENTED_EDGE('',*,*,#2126,.F.);
#2830=ORIENTED_EDGE('',*,*,#2150,.T.);
#2831=ORIENTED_EDGE('',*,*,#2151,.T.);
#2832=ORIENTED_EDGE('',*,*,#2152,.T.);
#2833=ORIENTED_EDGE('',*,*,#2128,.F.);
#2834=ORIENTED_EDGE('',*,*,#2153,.F.);
#2835=ORIENTED_EDGE('',*,*,#2154,.F.);
#2836=ORIENTED_EDGE('',*,*,#2150,.F.);
#2837=ORIENTED_EDGE('',*,*,#2134,.F.);
#2838=ORIENTED_EDGE('',*,*,#2155,.T.);
#2839=ORIENTED_EDGE('',*,*,#2156,.T.);
#2840=ORIENTED_EDGE('',*,*,#2153,.T.);
#2841=ORIENTED_EDGE('',*,*,#2157,.T.);
#2842=ORIENTED_EDGE('',*,*,#2158,.F.);
#2843=ORIENTED_EDGE('',*,*,#2155,.F.);
#2844=ORIENTED_EDGE('',*,*,#2136,.F.);
#2845=ORIENTED_EDGE('',*,*,#2159,.F.);
#2846=ORIENTED_EDGE('',*,*,#2160,.F.);
#2847=ORIENTED_EDGE('',*,*,#2161,.T.);
#2848=ORIENTED_EDGE('',*,*,#2079,.F.);
#2849=ORIENTED_EDGE('',*,*,#2142,.F.);
#2850=ORIENTED_EDGE('',*,*,#2162,.T.);
#2851=ORIENTED_EDGE('',*,*,#2163,.T.);
#2852=ORIENTED_EDGE('',*,*,#2159,.T.);
#2853=ORIENTED_EDGE('',*,*,#2144,.F.);
#2854=ORIENTED_EDGE('',*,*,#2164,.F.);
#2855=ORIENTED_EDGE('',*,*,#2165,.F.);
#2856=ORIENTED_EDGE('',*,*,#2162,.F.);
#2857=ORIENTED_EDGE('',*,*,#2149,.F.);
#2858=ORIENTED_EDGE('',*,*,#2166,.T.);
#2859=ORIENTED_EDGE('',*,*,#2167,.T.);
#2860=ORIENTED_EDGE('',*,*,#2164,.T.);
#2861=ORIENTED_EDGE('',*,*,#2087,.F.);
#2862=ORIENTED_EDGE('',*,*,#2168,.F.);
#2863=ORIENTED_EDGE('',*,*,#2169,.F.);
#2864=ORIENTED_EDGE('',*,*,#2170,.T.);
#2865=ORIENTED_EDGE('',*,*,#2171,.F.);
#2866=ORIENTED_EDGE('',*,*,#2172,.T.);
#2867=ORIENTED_EDGE('',*,*,#2173,.F.);
#2868=ORIENTED_EDGE('',*,*,#2174,.T.);
#2869=ORIENTED_EDGE('',*,*,#2175,.F.);
#2870=ORIENTED_EDGE('',*,*,#2176,.T.);
#2871=ORIENTED_EDGE('',*,*,#2177,.F.);
#2872=ORIENTED_EDGE('',*,*,#2166,.F.);
#2873=ORIENTED_EDGE('',*,*,#2178,.T.);
#2874=ORIENTED_EDGE('',*,*,#2179,.T.);
#2875=ORIENTED_EDGE('',*,*,#2180,.T.);
#2876=ORIENTED_EDGE('',*,*,#2181,.T.);
#2877=ORIENTED_EDGE('',*,*,#2182,.T.);
#2878=ORIENTED_EDGE('',*,*,#2183,.T.);
#2879=ORIENTED_EDGE('',*,*,#2180,.F.);
#2880=ORIENTED_EDGE('',*,*,#2184,.T.);
#2881=ORIENTED_EDGE('',*,*,#2185,.T.);
#2882=ORIENTED_EDGE('',*,*,#2186,.T.);
#2883=ORIENTED_EDGE('',*,*,#2182,.F.);
#2884=ORIENTED_EDGE('',*,*,#2187,.T.);
#2885=ORIENTED_EDGE('',*,*,#2188,.T.);
#2886=ORIENTED_EDGE('',*,*,#2189,.T.);
#2887=ORIENTED_EDGE('',*,*,#2185,.F.);
#2888=ORIENTED_EDGE('',*,*,#2190,.T.);
#2889=ORIENTED_EDGE('',*,*,#2191,.T.);
#2890=ORIENTED_EDGE('',*,*,#2192,.T.);
#2891=ORIENTED_EDGE('',*,*,#2188,.F.);
#2892=ORIENTED_EDGE('',*,*,#2193,.T.);
#2893=ORIENTED_EDGE('',*,*,#2194,.T.);
#2894=ORIENTED_EDGE('',*,*,#1983,.T.);
#2895=ORIENTED_EDGE('',*,*,#2195,.T.);
#2896=ORIENTED_EDGE('',*,*,#2196,.T.);
#2897=ORIENTED_EDGE('',*,*,#2191,.F.);
#2898=ORIENTED_EDGE('',*,*,#2197,.T.);
#2899=ORIENTED_EDGE('',*,*,#2198,.T.);
#2900=ORIENTED_EDGE('',*,*,#2199,.T.);
#2901=ORIENTED_EDGE('',*,*,#2200,.T.);
#2902=ORIENTED_EDGE('',*,*,#2201,.T.);
#2903=ORIENTED_EDGE('',*,*,#2195,.F.);
#2904=ORIENTED_EDGE('',*,*,#2004,.T.);
#2905=ORIENTED_EDGE('',*,*,#2202,.T.);
#2906=ORIENTED_EDGE('',*,*,#2203,.T.);
#2907=ORIENTED_EDGE('',*,*,#2200,.F.);
#2908=ORIENTED_EDGE('',*,*,#2003,.T.);
#2909=ORIENTED_EDGE('',*,*,#2204,.T.);
#2910=ORIENTED_EDGE('',*,*,#2205,.T.);
#2911=ORIENTED_EDGE('',*,*,#2202,.F.);
#2912=ORIENTED_EDGE('',*,*,#2002,.T.);
#2913=ORIENTED_EDGE('',*,*,#2206,.T.);
#2914=ORIENTED_EDGE('',*,*,#2207,.T.);
#2915=ORIENTED_EDGE('',*,*,#2204,.F.);
#2916=ORIENTED_EDGE('',*,*,#2001,.T.);
#2917=ORIENTED_EDGE('',*,*,#2208,.T.);
#2918=ORIENTED_EDGE('',*,*,#2209,.T.);
#2919=ORIENTED_EDGE('',*,*,#2206,.F.);
#2920=ORIENTED_EDGE('',*,*,#2000,.T.);
#2921=ORIENTED_EDGE('',*,*,#2210,.T.);
#2922=ORIENTED_EDGE('',*,*,#2211,.T.);
#2923=ORIENTED_EDGE('',*,*,#2208,.F.);
#2924=ORIENTED_EDGE('',*,*,#1999,.T.);
#2925=ORIENTED_EDGE('',*,*,#2212,.T.);
#2926=ORIENTED_EDGE('',*,*,#2213,.T.);
#2927=ORIENTED_EDGE('',*,*,#2210,.F.);
#2928=ORIENTED_EDGE('',*,*,#1998,.T.);
#2929=ORIENTED_EDGE('',*,*,#2214,.T.);
#2930=ORIENTED_EDGE('',*,*,#2215,.T.);
#2931=ORIENTED_EDGE('',*,*,#2216,.T.);
#2932=ORIENTED_EDGE('',*,*,#2217,.T.);
#2933=ORIENTED_EDGE('',*,*,#2212,.F.);
#2934=ORIENTED_EDGE('',*,*,#1997,.T.);
#2935=ORIENTED_EDGE('',*,*,#2218,.T.);
#2936=ORIENTED_EDGE('',*,*,#2219,.T.);
#2937=ORIENTED_EDGE('',*,*,#2220,.T.);
#2938=ORIENTED_EDGE('',*,*,#2221,.T.);
#2939=ORIENTED_EDGE('',*,*,#2222,.T.);
#2940=ORIENTED_EDGE('',*,*,#2223,.T.);
#2941=ORIENTED_EDGE('',*,*,#2224,.T.);
#2942=ORIENTED_EDGE('',*,*,#2225,.T.);
#2943=ORIENTED_EDGE('',*,*,#2216,.F.);
#2944=ORIENTED_EDGE('',*,*,#2226,.T.);
#2945=ORIENTED_EDGE('',*,*,#2224,.F.);
#2946=ORIENTED_EDGE('',*,*,#2227,.T.);
#2947=ORIENTED_EDGE('',*,*,#2178,.F.);
#2948=ORIENTED_EDGE('',*,*,#2228,.T.);
#2949=ORIENTED_EDGE('',*,*,#2207,.F.);
#2950=ORIENTED_EDGE('',*,*,#2229,.F.);
#2951=ORIENTED_EDGE('',*,*,#2230,.F.);
#2952=ORIENTED_EDGE('',*,*,#2231,.F.);
#2953=ORIENTED_EDGE('',*,*,#2209,.F.);
#2954=ORIENTED_EDGE('',*,*,#2232,.T.);
#2955=ORIENTED_EDGE('',*,*,#2233,.T.);
#2956=ORIENTED_EDGE('',*,*,#2229,.T.);
#2957=ORIENTED_EDGE('',*,*,#2211,.F.);
#2958=ORIENTED_EDGE('',*,*,#2234,.F.);
#2959=ORIENTED_EDGE('',*,*,#2235,.F.);
#2960=ORIENTED_EDGE('',*,*,#2232,.F.);
#2961=ORIENTED_EDGE('',*,*,#2213,.F.);
#2962=ORIENTED_EDGE('',*,*,#2236,.T.);
#2963=ORIENTED_EDGE('',*,*,#2237,.T.);
#2964=ORIENTED_EDGE('',*,*,#2234,.T.);
#2965=ORIENTED_EDGE('',*,*,#2217,.F.);
#2966=ORIENTED_EDGE('',*,*,#2238,.F.);
#2967=ORIENTED_EDGE('',*,*,#2239,.F.);
#2968=ORIENTED_EDGE('',*,*,#2236,.F.);
#2969=ORIENTED_EDGE('',*,*,#2225,.F.);
#2970=ORIENTED_EDGE('',*,*,#2240,.T.);
#2971=ORIENTED_EDGE('',*,*,#2241,.T.);
#2972=ORIENTED_EDGE('',*,*,#2238,.T.);
#2973=ORIENTED_EDGE('',*,*,#2228,.F.);
#2974=ORIENTED_EDGE('',*,*,#2242,.F.);
#2975=ORIENTED_EDGE('',*,*,#2243,.T.);
#2976=ORIENTED_EDGE('',*,*,#2240,.F.);
#2977=ORIENTED_EDGE('',*,*,#2181,.F.);
#2978=ORIENTED_EDGE('',*,*,#2244,.T.);
#2979=ORIENTED_EDGE('',*,*,#2245,.T.);
#2980=ORIENTED_EDGE('',*,*,#2242,.T.);
#2981=ORIENTED_EDGE('',*,*,#2194,.F.);
#2982=ORIENTED_EDGE('',*,*,#2246,.T.);
#2983=ORIENTED_EDGE('',*,*,#2247,.T.);
#2984=ORIENTED_EDGE('',*,*,#2248,.T.);
#2985=ORIENTED_EDGE('',*,*,#1984,.T.);
#2986=ORIENTED_EDGE('',*,*,#2199,.F.);
#2987=ORIENTED_EDGE('',*,*,#2249,.F.);
#2988=ORIENTED_EDGE('',*,*,#2250,.F.);
#2989=ORIENTED_EDGE('',*,*,#2251,.T.);
#2990=ORIENTED_EDGE('',*,*,#2252,.T.);
#2991=ORIENTED_EDGE('',*,*,#2246,.F.);
#2992=ORIENTED_EDGE('',*,*,#2198,.F.);
#2993=ORIENTED_EDGE('',*,*,#2253,.T.);
#2994=ORIENTED_EDGE('',*,*,#2254,.T.);
#2995=ORIENTED_EDGE('',*,*,#2255,.T.);
#2996=ORIENTED_EDGE('',*,*,#2249,.T.);
#2997=ORIENTED_EDGE('',*,*,#2221,.F.);
#2998=ORIENTED_EDGE('',*,*,#2256,.F.);
#2999=ORIENTED_EDGE('',*,*,#2257,.F.);
#3000=ORIENTED_EDGE('',*,*,#2258,.F.);
#3001=ORIENTED_EDGE('',*,*,#2259,.F.);
#3002=ORIENTED_EDGE('',*,*,#2197,.F.);
#3003=ORIENTED_EDGE('',*,*,#2193,.F.);
#3004=ORIENTED_EDGE('',*,*,#2190,.F.);
#3005=ORIENTED_EDGE('',*,*,#2187,.F.);
#3006=ORIENTED_EDGE('',*,*,#2184,.F.);
#3007=ORIENTED_EDGE('',*,*,#2179,.F.);
#3008=ORIENTED_EDGE('',*,*,#2227,.F.);
#3009=ORIENTED_EDGE('',*,*,#2226,.F.);
#3010=ORIENTED_EDGE('',*,*,#2215,.F.);
#3011=ORIENTED_EDGE('',*,*,#2260,.F.);
#3012=ORIENTED_EDGE('',*,*,#2261,.F.);
#3013=ORIENTED_EDGE('',*,*,#2262,.F.);
#3014=ORIENTED_EDGE('',*,*,#2263,.F.);
#3015=ORIENTED_EDGE('',*,*,#2264,.F.);
#3016=ORIENTED_EDGE('',*,*,#2265,.F.);
#3017=ORIENTED_EDGE('',*,*,#2266,.F.);
#3018=ORIENTED_EDGE('',*,*,#2253,.F.);
#3019=ORIENTED_EDGE('',*,*,#2267,.T.);
#3020=ORIENTED_EDGE('',*,*,#2268,.T.);
#3021=ORIENTED_EDGE('',*,*,#2269,.T.);
#3022=ORIENTED_EDGE('',*,*,#2270,.T.);
#3023=ORIENTED_EDGE('',*,*,#2271,.T.);
#3024=ORIENTED_EDGE('',*,*,#2272,.T.);
#3025=ORIENTED_EDGE('',*,*,#2267,.F.);
#3026=ORIENTED_EDGE('',*,*,#2273,.T.);
#3027=ORIENTED_EDGE('',*,*,#2274,.T.);
#3028=ORIENTED_EDGE('',*,*,#2275,.T.);
#3029=ORIENTED_EDGE('',*,*,#2271,.F.);
#3030=ORIENTED_EDGE('',*,*,#2276,.T.);
#3031=ORIENTED_EDGE('',*,*,#2277,.T.);
#3032=ORIENTED_EDGE('',*,*,#2278,.T.);
#3033=ORIENTED_EDGE('',*,*,#2274,.F.);
#3034=ORIENTED_EDGE('',*,*,#2279,.T.);
#3035=ORIENTED_EDGE('',*,*,#2280,.T.);
#3036=ORIENTED_EDGE('',*,*,#2281,.T.);
#3037=ORIENTED_EDGE('',*,*,#2277,.F.);
#3038=ORIENTED_EDGE('',*,*,#2282,.T.);
#3039=ORIENTED_EDGE('',*,*,#2283,.T.);
#3040=ORIENTED_EDGE('',*,*,#2284,.T.);
#3041=ORIENTED_EDGE('',*,*,#2280,.F.);
#3042=ORIENTED_EDGE('',*,*,#2285,.T.);
#3043=ORIENTED_EDGE('',*,*,#2286,.T.);
#3044=ORIENTED_EDGE('',*,*,#2287,.T.);
#3045=ORIENTED_EDGE('',*,*,#2283,.F.);
#3046=ORIENTED_EDGE('',*,*,#2288,.T.);
#3047=ORIENTED_EDGE('',*,*,#2289,.T.);
#3048=ORIENTED_EDGE('',*,*,#2290,.T.);
#3049=ORIENTED_EDGE('',*,*,#2286,.F.);
#3050=ORIENTED_EDGE('',*,*,#2291,.T.);
#3051=ORIENTED_EDGE('',*,*,#2292,.T.);
#3052=ORIENTED_EDGE('',*,*,#2293,.T.);
#3053=ORIENTED_EDGE('',*,*,#2289,.F.);
#3054=ORIENTED_EDGE('',*,*,#2294,.T.);
#3055=ORIENTED_EDGE('',*,*,#2292,.F.);
#3056=ORIENTED_EDGE('',*,*,#2295,.T.);
#3057=ORIENTED_EDGE('',*,*,#2296,.T.);
#3058=ORIENTED_EDGE('',*,*,#2297,.T.);
#3059=ORIENTED_EDGE('',*,*,#2298,.T.);
#3060=ORIENTED_EDGE('',*,*,#2299,.T.);
#3061=ORIENTED_EDGE('',*,*,#2296,.F.);
#3062=ORIENTED_EDGE('',*,*,#2300,.T.);
#3063=ORIENTED_EDGE('',*,*,#2298,.F.);
#3064=ORIENTED_EDGE('',*,*,#2301,.T.);
#3065=ORIENTED_EDGE('',*,*,#2302,.T.);
#3066=ORIENTED_EDGE('',*,*,#2303,.T.);
#3067=ORIENTED_EDGE('',*,*,#2304,.T.);
#3068=ORIENTED_EDGE('',*,*,#2305,.T.);
#3069=ORIENTED_EDGE('',*,*,#2302,.F.);
#3070=ORIENTED_EDGE('',*,*,#2306,.T.);
#3071=ORIENTED_EDGE('',*,*,#2304,.F.);
#3072=ORIENTED_EDGE('',*,*,#2307,.T.);
#3073=ORIENTED_EDGE('',*,*,#2308,.T.);
#3074=ORIENTED_EDGE('',*,*,#2309,.T.);
#3075=ORIENTED_EDGE('',*,*,#2310,.T.);
#3076=ORIENTED_EDGE('',*,*,#2311,.T.);
#3077=ORIENTED_EDGE('',*,*,#2308,.F.);
#3078=ORIENTED_EDGE('',*,*,#2312,.T.);
#3079=ORIENTED_EDGE('',*,*,#2310,.F.);
#3080=ORIENTED_EDGE('',*,*,#2313,.T.);
#3081=ORIENTED_EDGE('',*,*,#2269,.F.);
#3082=ORIENTED_EDGE('',*,*,#2314,.T.);
#3083=ORIENTED_EDGE('',*,*,#2291,.F.);
#3084=ORIENTED_EDGE('',*,*,#2315,.T.);
#3085=ORIENTED_EDGE('',*,*,#2123,.F.);
#3086=ORIENTED_EDGE('',*,*,#2316,.F.);
#3087=ORIENTED_EDGE('',*,*,#2288,.F.);
#3088=ORIENTED_EDGE('',*,*,#2317,.T.);
#3089=ORIENTED_EDGE('',*,*,#2130,.T.);
#3090=ORIENTED_EDGE('',*,*,#2129,.T.);
#3091=ORIENTED_EDGE('',*,*,#2124,.T.);
#3092=ORIENTED_EDGE('',*,*,#2315,.F.);
#3093=ORIENTED_EDGE('',*,*,#2285,.F.);
#3094=ORIENTED_EDGE('',*,*,#2318,.T.);
#3095=ORIENTED_EDGE('',*,*,#2131,.F.);
#3096=ORIENTED_EDGE('',*,*,#2317,.F.);
#3097=ORIENTED_EDGE('',*,*,#2282,.F.);
#3098=ORIENTED_EDGE('',*,*,#2319,.T.);
#3099=ORIENTED_EDGE('',*,*,#2138,.T.);
#3100=ORIENTED_EDGE('',*,*,#2137,.T.);
#3101=ORIENTED_EDGE('',*,*,#2132,.T.);
#3102=ORIENTED_EDGE('',*,*,#2318,.F.);
#3103=ORIENTED_EDGE('',*,*,#2279,.F.);
#3104=ORIENTED_EDGE('',*,*,#2320,.T.);
#3105=ORIENTED_EDGE('',*,*,#2139,.F.);
#3106=ORIENTED_EDGE('',*,*,#2319,.F.);
#3107=ORIENTED_EDGE('',*,*,#2276,.F.);
#3108=ORIENTED_EDGE('',*,*,#2321,.T.);
#3109=ORIENTED_EDGE('',*,*,#2146,.T.);
#3110=ORIENTED_EDGE('',*,*,#2145,.T.);
#3111=ORIENTED_EDGE('',*,*,#2140,.T.);
#3112=ORIENTED_EDGE('',*,*,#2320,.F.);
#3113=ORIENTED_EDGE('',*,*,#2273,.F.);
#3114=ORIENTED_EDGE('',*,*,#2322,.T.);
#3115=ORIENTED_EDGE('',*,*,#2147,.F.);
#3116=ORIENTED_EDGE('',*,*,#2321,.F.);
#3117=ORIENTED_EDGE('',*,*,#2270,.F.);
#3118=ORIENTED_EDGE('',*,*,#2323,.T.);
#3119=ORIENTED_EDGE('',*,*,#2090,.T.);
#3120=ORIENTED_EDGE('',*,*,#2089,.T.);
#3121=ORIENTED_EDGE('',*,*,#2148,.T.);
#3122=ORIENTED_EDGE('',*,*,#2322,.F.);
#3123=ORIENTED_EDGE('',*,*,#2268,.F.);
#3124=ORIENTED_EDGE('',*,*,#2272,.F.);
#3125=ORIENTED_EDGE('',*,*,#2275,.F.);
#3126=ORIENTED_EDGE('',*,*,#2278,.F.);
#3127=ORIENTED_EDGE('',*,*,#2281,.F.);
#3128=ORIENTED_EDGE('',*,*,#2284,.F.);
#3129=ORIENTED_EDGE('',*,*,#2287,.F.);
#3130=ORIENTED_EDGE('',*,*,#2290,.F.);
#3131=ORIENTED_EDGE('',*,*,#2293,.F.);
#3132=ORIENTED_EDGE('',*,*,#2297,.F.);
#3133=ORIENTED_EDGE('',*,*,#2299,.F.);
#3134=ORIENTED_EDGE('',*,*,#2303,.F.);
#3135=ORIENTED_EDGE('',*,*,#2305,.F.);
#3136=ORIENTED_EDGE('',*,*,#2309,.F.);
#3137=ORIENTED_EDGE('',*,*,#2311,.F.);
#3138=ORIENTED_EDGE('',*,*,#2314,.F.);
#3139=ORIENTED_EDGE('',*,*,#2201,.F.);
#3140=ORIENTED_EDGE('',*,*,#2324,.T.);
#3141=ORIENTED_EDGE('',*,*,#2325,.T.);
#3142=ORIENTED_EDGE('',*,*,#2326,.T.);
#3143=ORIENTED_EDGE('',*,*,#2203,.F.);
#3144=ORIENTED_EDGE('',*,*,#2327,.F.);
#3145=ORIENTED_EDGE('',*,*,#2328,.F.);
#3146=ORIENTED_EDGE('',*,*,#2324,.F.);
#3147=ORIENTED_EDGE('',*,*,#2205,.F.);
#3148=ORIENTED_EDGE('',*,*,#2231,.T.);
#3149=ORIENTED_EDGE('',*,*,#2329,.T.);
#3150=ORIENTED_EDGE('',*,*,#2327,.T.);
#3151=ORIENTED_EDGE('',*,*,#2313,.F.);
#3152=ORIENTED_EDGE('',*,*,#2330,.T.);
#3153=ORIENTED_EDGE('',*,*,#2091,.F.);
#3154=ORIENTED_EDGE('',*,*,#2323,.F.);
#3155=ORIENTED_EDGE('',*,*,#2312,.F.);
#3156=ORIENTED_EDGE('',*,*,#2331,.T.);
#3157=ORIENTED_EDGE('',*,*,#2098,.F.);
#3158=ORIENTED_EDGE('',*,*,#2097,.T.);
#3159=ORIENTED_EDGE('',*,*,#2092,.T.);
#3160=ORIENTED_EDGE('',*,*,#2330,.F.);
#3161=ORIENTED_EDGE('',*,*,#2307,.F.);
#3162=ORIENTED_EDGE('',*,*,#2332,.T.);
#3163=ORIENTED_EDGE('',*,*,#2099,.F.);
#3164=ORIENTED_EDGE('',*,*,#2331,.F.);
#3165=ORIENTED_EDGE('',*,*,#2306,.F.);
#3166=ORIENTED_EDGE('',*,*,#2333,.T.);
#3167=ORIENTED_EDGE('',*,*,#2106,.F.);
#3168=ORIENTED_EDGE('',*,*,#2105,.T.);
#3169=ORIENTED_EDGE('',*,*,#2100,.T.);
#3170=ORIENTED_EDGE('',*,*,#2332,.F.);
#3171=ORIENTED_EDGE('',*,*,#2295,.F.);
#3172=ORIENTED_EDGE('',*,*,#2334,.T.);
#3173=ORIENTED_EDGE('',*,*,#2115,.F.);
#3174=ORIENTED_EDGE('',*,*,#2335,.F.);
#3175=ORIENTED_EDGE('',*,*,#2294,.F.);
#3176=ORIENTED_EDGE('',*,*,#2316,.T.);
#3177=ORIENTED_EDGE('',*,*,#2122,.F.);
#3178=ORIENTED_EDGE('',*,*,#2121,.T.);
#3179=ORIENTED_EDGE('',*,*,#2116,.T.);
#3180=ORIENTED_EDGE('',*,*,#2334,.F.);
#3181=ORIENTED_EDGE('',*,*,#2301,.F.);
#3182=ORIENTED_EDGE('',*,*,#2336,.T.);
#3183=ORIENTED_EDGE('',*,*,#2107,.F.);
#3184=ORIENTED_EDGE('',*,*,#2333,.F.);
#3185=ORIENTED_EDGE('',*,*,#2300,.F.);
#3186=ORIENTED_EDGE('',*,*,#2335,.T.);
#3187=ORIENTED_EDGE('',*,*,#2114,.T.);
#3188=ORIENTED_EDGE('',*,*,#2113,.T.);
#3189=ORIENTED_EDGE('',*,*,#2108,.T.);
#3190=ORIENTED_EDGE('',*,*,#2336,.F.);
#3191=ORIENTED_EDGE('',*,*,#2337,.T.);
#3192=ORIENTED_EDGE('',*,*,#2338,.T.);
#3193=ORIENTED_EDGE('',*,*,#1994,.T.);
#3194=ORIENTED_EDGE('',*,*,#2339,.T.);
#3195=ORIENTED_EDGE('',*,*,#2340,.T.);
#3196=ORIENTED_EDGE('',*,*,#1995,.T.);
#3197=ORIENTED_EDGE('',*,*,#2338,.F.);
#3198=ORIENTED_EDGE('',*,*,#2341,.T.);
#3199=ORIENTED_EDGE('',*,*,#2218,.F.);
#3200=ORIENTED_EDGE('',*,*,#1996,.T.);
#3201=ORIENTED_EDGE('',*,*,#2340,.F.);
#3202=ORIENTED_EDGE('',*,*,#2342,.T.);
#3203=ORIENTED_EDGE('',*,*,#2343,.T.);
#3204=ORIENTED_EDGE('',*,*,#2344,.T.);
#3205=ORIENTED_EDGE('',*,*,#2339,.F.);
#3206=ORIENTED_EDGE('',*,*,#1993,.T.);
#3207=ORIENTED_EDGE('',*,*,#2345,.T.);
#3208=ORIENTED_EDGE('',*,*,#2346,.T.);
#3209=ORIENTED_EDGE('',*,*,#2345,.F.);
#3210=ORIENTED_EDGE('',*,*,#1992,.T.);
#3211=ORIENTED_EDGE('',*,*,#2347,.T.);
#3212=ORIENTED_EDGE('',*,*,#2348,.T.);
#3213=ORIENTED_EDGE('',*,*,#2347,.F.);
#3214=ORIENTED_EDGE('',*,*,#1991,.T.);
#3215=ORIENTED_EDGE('',*,*,#2349,.T.);
#3216=ORIENTED_EDGE('',*,*,#2350,.T.);
#3217=ORIENTED_EDGE('',*,*,#2349,.F.);
#3218=ORIENTED_EDGE('',*,*,#1990,.T.);
#3219=ORIENTED_EDGE('',*,*,#2351,.T.);
#3220=ORIENTED_EDGE('',*,*,#2352,.T.);
#3221=ORIENTED_EDGE('',*,*,#2351,.F.);
#3222=ORIENTED_EDGE('',*,*,#1989,.T.);
#3223=ORIENTED_EDGE('',*,*,#2353,.T.);
#3224=ORIENTED_EDGE('',*,*,#2354,.T.);
#3225=ORIENTED_EDGE('',*,*,#2353,.F.);
#3226=ORIENTED_EDGE('',*,*,#1988,.T.);
#3227=ORIENTED_EDGE('',*,*,#2355,.T.);
#3228=ORIENTED_EDGE('',*,*,#2356,.T.);
#3229=ORIENTED_EDGE('',*,*,#2355,.F.);
#3230=ORIENTED_EDGE('',*,*,#1987,.T.);
#3231=ORIENTED_EDGE('',*,*,#2357,.T.);
#3232=ORIENTED_EDGE('',*,*,#2358,.T.);
#3233=ORIENTED_EDGE('',*,*,#1985,.T.);
#3234=ORIENTED_EDGE('',*,*,#2248,.F.);
#3235=ORIENTED_EDGE('',*,*,#2359,.T.);
#3236=ORIENTED_EDGE('',*,*,#1986,.T.);
#3237=ORIENTED_EDGE('',*,*,#2358,.F.);
#3238=ORIENTED_EDGE('',*,*,#2360,.T.);
#3239=ORIENTED_EDGE('',*,*,#2357,.F.);
#3240=ORIENTED_EDGE('',*,*,#2342,.F.);
#3241=ORIENTED_EDGE('',*,*,#2361,.F.);
#3242=ORIENTED_EDGE('',*,*,#2362,.T.);
#3243=ORIENTED_EDGE('',*,*,#2363,.T.);
#3244=ORIENTED_EDGE('',*,*,#2341,.F.);
#3245=ORIENTED_EDGE('',*,*,#2364,.T.);
#3246=ORIENTED_EDGE('',*,*,#2365,.T.);
#3247=ORIENTED_EDGE('',*,*,#2361,.T.);
#3248=ORIENTED_EDGE('',*,*,#2337,.F.);
#3249=ORIENTED_EDGE('',*,*,#2366,.F.);
#3250=ORIENTED_EDGE('',*,*,#2367,.T.);
#3251=ORIENTED_EDGE('',*,*,#2364,.F.);
#3252=ORIENTED_EDGE('',*,*,#2344,.F.);
#3253=ORIENTED_EDGE('',*,*,#2368,.F.);
#3254=ORIENTED_EDGE('',*,*,#2369,.T.);
#3255=ORIENTED_EDGE('',*,*,#2366,.T.);
#3256=ORIENTED_EDGE('',*,*,#2346,.F.);
#3257=ORIENTED_EDGE('',*,*,#2370,.F.);
#3258=ORIENTED_EDGE('',*,*,#2371,.T.);
#3259=ORIENTED_EDGE('',*,*,#2368,.T.);
#3260=ORIENTED_EDGE('',*,*,#2348,.F.);
#3261=ORIENTED_EDGE('',*,*,#2372,.F.);
#3262=ORIENTED_EDGE('',*,*,#2373,.T.);
#3263=ORIENTED_EDGE('',*,*,#2370,.T.);
#3264=ORIENTED_EDGE('',*,*,#2350,.F.);
#3265=ORIENTED_EDGE('',*,*,#2374,.F.);
#3266=ORIENTED_EDGE('',*,*,#2375,.T.);
#3267=ORIENTED_EDGE('',*,*,#2372,.T.);
#3268=ORIENTED_EDGE('',*,*,#2352,.F.);
#3269=ORIENTED_EDGE('',*,*,#2376,.F.);
#3270=ORIENTED_EDGE('',*,*,#2377,.T.);
#3271=ORIENTED_EDGE('',*,*,#2374,.T.);
#3272=ORIENTED_EDGE('',*,*,#2354,.F.);
#3273=ORIENTED_EDGE('',*,*,#2378,.F.);
#3274=ORIENTED_EDGE('',*,*,#2379,.T.);
#3275=ORIENTED_EDGE('',*,*,#2376,.T.);
#3276=ORIENTED_EDGE('',*,*,#2356,.F.);
#3277=ORIENTED_EDGE('',*,*,#2380,.F.);
#3278=ORIENTED_EDGE('',*,*,#2381,.T.);
#3279=ORIENTED_EDGE('',*,*,#2378,.T.);
#3280=ORIENTED_EDGE('',*,*,#2360,.F.);
#3281=ORIENTED_EDGE('',*,*,#2382,.F.);
#3282=ORIENTED_EDGE('',*,*,#2383,.T.);
#3283=ORIENTED_EDGE('',*,*,#2380,.T.);
#3284=ORIENTED_EDGE('',*,*,#2359,.F.);
#3285=ORIENTED_EDGE('',*,*,#2384,.T.);
#3286=ORIENTED_EDGE('',*,*,#2385,.T.);
#3287=ORIENTED_EDGE('',*,*,#2382,.T.);
#3288=ORIENTED_EDGE('',*,*,#2247,.F.);
#3289=ORIENTED_EDGE('',*,*,#2252,.F.);
#3290=ORIENTED_EDGE('',*,*,#2386,.T.);
#3291=ORIENTED_EDGE('',*,*,#2384,.F.);
#3292=ORIENTED_EDGE('',*,*,#2387,.T.);
#3293=ORIENTED_EDGE('',*,*,#2254,.F.);
#3294=ORIENTED_EDGE('',*,*,#2266,.T.);
#3295=ORIENTED_EDGE('',*,*,#2388,.T.);
#3296=ORIENTED_EDGE('',*,*,#2265,.T.);
#3297=ORIENTED_EDGE('',*,*,#2389,.T.);
#3298=ORIENTED_EDGE('',*,*,#2390,.T.);
#3299=ORIENTED_EDGE('',*,*,#2388,.F.);
#3300=ORIENTED_EDGE('',*,*,#2264,.T.);
#3301=ORIENTED_EDGE('',*,*,#2391,.T.);
#3302=ORIENTED_EDGE('',*,*,#2392,.T.);
#3303=ORIENTED_EDGE('',*,*,#2389,.F.);
#3304=ORIENTED_EDGE('',*,*,#2263,.T.);
#3305=ORIENTED_EDGE('',*,*,#2393,.T.);
#3306=ORIENTED_EDGE('',*,*,#2394,.T.);
#3307=ORIENTED_EDGE('',*,*,#2391,.F.);
#3308=ORIENTED_EDGE('',*,*,#2220,.F.);
#3309=ORIENTED_EDGE('',*,*,#2395,.T.);
#3310=ORIENTED_EDGE('',*,*,#2396,.T.);
#3311=ORIENTED_EDGE('',*,*,#2397,.T.);
#3312=ORIENTED_EDGE('',*,*,#2256,.T.);
#3313=ORIENTED_EDGE('',*,*,#2398,.T.);
#3314=ORIENTED_EDGE('',*,*,#2257,.T.);
#3315=ORIENTED_EDGE('',*,*,#2397,.F.);
#3316=ORIENTED_EDGE('',*,*,#2399,.T.);
#3317=ORIENTED_EDGE('',*,*,#2400,.T.);
#3318=ORIENTED_EDGE('',*,*,#2258,.T.);
#3319=ORIENTED_EDGE('',*,*,#2398,.F.);
#3320=ORIENTED_EDGE('',*,*,#2401,.T.);
#3321=ORIENTED_EDGE('',*,*,#2222,.F.);
#3322=ORIENTED_EDGE('',*,*,#2259,.T.);
#3323=ORIENTED_EDGE('',*,*,#2400,.F.);
#3324=ORIENTED_EDGE('',*,*,#2402,.T.);
#3325=ORIENTED_EDGE('',*,*,#2403,.T.);
#3326=ORIENTED_EDGE('',*,*,#2223,.F.);
#3327=ORIENTED_EDGE('',*,*,#2403,.F.);
#3328=ORIENTED_EDGE('',*,*,#2404,.T.);
#3329=ORIENTED_EDGE('',*,*,#2405,.T.);
#3330=ORIENTED_EDGE('',*,*,#2214,.F.);
#3331=ORIENTED_EDGE('',*,*,#2405,.F.);
#3332=ORIENTED_EDGE('',*,*,#2406,.T.);
#3333=ORIENTED_EDGE('',*,*,#2407,.T.);
#3334=ORIENTED_EDGE('',*,*,#2260,.T.);
#3335=ORIENTED_EDGE('',*,*,#2408,.T.);
#3336=ORIENTED_EDGE('',*,*,#2261,.T.);
#3337=ORIENTED_EDGE('',*,*,#2407,.F.);
#3338=ORIENTED_EDGE('',*,*,#2409,.T.);
#3339=ORIENTED_EDGE('',*,*,#2262,.T.);
#3340=ORIENTED_EDGE('',*,*,#2408,.F.);
#3341=ORIENTED_EDGE('',*,*,#2410,.T.);
#3342=ORIENTED_EDGE('',*,*,#2393,.F.);
#3343=ORIENTED_EDGE('',*,*,#2255,.F.);
#3344=ORIENTED_EDGE('',*,*,#2411,.T.);
#3345=ORIENTED_EDGE('',*,*,#2412,.F.);
#3346=ORIENTED_EDGE('',*,*,#2250,.T.);
#3347=ORIENTED_EDGE('',*,*,#2387,.F.);
#3348=ORIENTED_EDGE('',*,*,#2413,.F.);
#3349=ORIENTED_EDGE('',*,*,#2414,.T.);
#3350=ORIENTED_EDGE('',*,*,#2411,.F.);
#3351=ORIENTED_EDGE('',*,*,#2390,.F.);
#3352=ORIENTED_EDGE('',*,*,#2415,.F.);
#3353=ORIENTED_EDGE('',*,*,#2416,.T.);
#3354=ORIENTED_EDGE('',*,*,#2413,.T.);
#3355=ORIENTED_EDGE('',*,*,#2392,.F.);
#3356=ORIENTED_EDGE('',*,*,#2417,.F.);
#3357=ORIENTED_EDGE('',*,*,#2418,.T.);
#3358=ORIENTED_EDGE('',*,*,#2415,.T.);
#3359=ORIENTED_EDGE('',*,*,#2394,.F.);
#3360=ORIENTED_EDGE('',*,*,#2419,.F.);
#3361=ORIENTED_EDGE('',*,*,#2420,.T.);
#3362=ORIENTED_EDGE('',*,*,#2417,.T.);
#3363=ORIENTED_EDGE('',*,*,#2409,.F.);
#3364=ORIENTED_EDGE('',*,*,#2421,.F.);
#3365=ORIENTED_EDGE('',*,*,#2422,.T.);
#3366=ORIENTED_EDGE('',*,*,#2423,.T.);
#3367=ORIENTED_EDGE('',*,*,#2406,.F.);
#3368=ORIENTED_EDGE('',*,*,#2424,.T.);
#3369=ORIENTED_EDGE('',*,*,#2425,.T.);
#3370=ORIENTED_EDGE('',*,*,#2421,.T.);
#3371=ORIENTED_EDGE('',*,*,#2404,.F.);
#3372=ORIENTED_EDGE('',*,*,#2426,.F.);
#3373=ORIENTED_EDGE('',*,*,#2427,.F.);
#3374=ORIENTED_EDGE('',*,*,#2424,.F.);
#3375=ORIENTED_EDGE('',*,*,#2402,.F.);
#3376=ORIENTED_EDGE('',*,*,#2428,.T.);
#3377=ORIENTED_EDGE('',*,*,#2429,.T.);
#3378=ORIENTED_EDGE('',*,*,#2426,.T.);
#3379=ORIENTED_EDGE('',*,*,#2401,.F.);
#3380=ORIENTED_EDGE('',*,*,#2430,.T.);
#3381=ORIENTED_EDGE('',*,*,#2431,.T.);
#3382=ORIENTED_EDGE('',*,*,#2428,.F.);
#3383=ORIENTED_EDGE('',*,*,#2410,.F.);
#3384=ORIENTED_EDGE('',*,*,#2423,.F.);
#3385=ORIENTED_EDGE('',*,*,#2432,.F.);
#3386=ORIENTED_EDGE('',*,*,#2430,.F.);
#3387=ORIENTED_EDGE('',*,*,#2399,.F.);
#3388=ORIENTED_EDGE('',*,*,#2433,.F.);
#3389=ORIENTED_EDGE('',*,*,#2434,.T.);
#3390=ORIENTED_EDGE('',*,*,#2419,.T.);
#3391=ORIENTED_EDGE('',*,*,#2396,.F.);
#3392=ORIENTED_EDGE('',*,*,#2435,.F.);
#3393=ORIENTED_EDGE('',*,*,#2436,.F.);
#3394=ORIENTED_EDGE('',*,*,#2433,.T.);
#3395=ORIENTED_EDGE('',*,*,#2427,.T.);
#3396=ORIENTED_EDGE('',*,*,#2429,.F.);
#3397=ORIENTED_EDGE('',*,*,#2437,.T.);
#3398=ORIENTED_EDGE('',*,*,#2425,.F.);
#3399=ORIENTED_EDGE('',*,*,#2437,.F.);
#3400=ORIENTED_EDGE('',*,*,#2431,.F.);
#3401=ORIENTED_EDGE('',*,*,#2432,.T.);
#3402=ORIENTED_EDGE('',*,*,#2422,.F.);
#3403=ORIENTED_EDGE('',*,*,#2073,.F.);
#3404=ORIENTED_EDGE('',*,*,#2032,.F.);
#3405=ORIENTED_EDGE('',*,*,#2438,.F.);
#3406=ORIENTED_EDGE('',*,*,#2439,.T.);
#3407=ORIENTED_EDGE('',*,*,#2070,.F.);
#3408=ORIENTED_EDGE('',*,*,#2439,.F.);
#3409=ORIENTED_EDGE('',*,*,#2440,.F.);
#3410=ORIENTED_EDGE('',*,*,#2441,.F.);
#3411=ORIENTED_EDGE('',*,*,#2037,.F.);
#3412=ORIENTED_EDGE('',*,*,#2053,.F.);
#3413=ORIENTED_EDGE('',*,*,#2442,.F.);
#3414=ORIENTED_EDGE('',*,*,#2443,.T.);
#3415=ORIENTED_EDGE('',*,*,#2075,.F.);
#3416=ORIENTED_EDGE('',*,*,#1972,.F.);
#3417=ORIENTED_EDGE('',*,*,#2444,.F.);
#3418=ORIENTED_EDGE('',*,*,#2445,.T.);
#3419=ORIENTED_EDGE('',*,*,#2039,.F.);
#3420=ORIENTED_EDGE('',*,*,#2445,.F.);
#3421=ORIENTED_EDGE('',*,*,#2446,.F.);
#3422=ORIENTED_EDGE('',*,*,#2447,.T.);
#3423=ORIENTED_EDGE('',*,*,#2076,.F.);
#3424=ORIENTED_EDGE('',*,*,#2447,.F.);
#3425=ORIENTED_EDGE('',*,*,#2448,.F.);
#3426=ORIENTED_EDGE('',*,*,#2449,.F.);
#3427=ORIENTED_EDGE('',*,*,#2074,.F.);
#3428=ORIENTED_EDGE('',*,*,#2443,.F.);
#3429=ORIENTED_EDGE('',*,*,#2450,.F.);
#3430=ORIENTED_EDGE('',*,*,#2058,.F.);
#3431=ORIENTED_EDGE('',*,*,#2025,.F.);
#3432=ORIENTED_EDGE('',*,*,#2071,.F.);
#3433=ORIENTED_EDGE('',*,*,#2441,.T.);
#3434=ORIENTED_EDGE('',*,*,#2451,.F.);
#3435=ORIENTED_EDGE('',*,*,#2452,.F.);
#3436=ORIENTED_EDGE('',*,*,#2453,.F.);
#3437=ORIENTED_EDGE('',*,*,#2454,.F.);
#3438=ORIENTED_EDGE('',*,*,#2042,.F.);
#3439=ORIENTED_EDGE('',*,*,#2077,.T.);
#3440=ORIENTED_EDGE('',*,*,#2449,.T.);
#3441=ORIENTED_EDGE('',*,*,#2455,.F.);
#3442=ORIENTED_EDGE('',*,*,#2456,.F.);
#3443=ORIENTED_EDGE('',*,*,#2450,.T.);
#3444=ORIENTED_EDGE('',*,*,#2442,.T.);
#3445=ORIENTED_EDGE('',*,*,#2052,.T.);
#3446=ORIENTED_EDGE('',*,*,#1948,.T.);
#3447=ORIENTED_EDGE('',*,*,#2457,.T.);
#3448=ORIENTED_EDGE('',*,*,#2059,.T.);
#3449=ORIENTED_EDGE('',*,*,#2440,.T.);
#3450=ORIENTED_EDGE('',*,*,#2438,.T.);
#3451=ORIENTED_EDGE('',*,*,#2031,.T.);
#3452=ORIENTED_EDGE('',*,*,#1932,.T.);
#3453=ORIENTED_EDGE('',*,*,#2458,.T.);
#3454=ORIENTED_EDGE('',*,*,#2451,.T.);
#3455=ORIENTED_EDGE('',*,*,#1947,.T.);
#3456=ORIENTED_EDGE('',*,*,#2459,.T.);
#3457=ORIENTED_EDGE('',*,*,#1945,.F.);
#3458=ORIENTED_EDGE('',*,*,#2460,.F.);
#3459=ORIENTED_EDGE('',*,*,#2457,.F.);
#3460=ORIENTED_EDGE('',*,*,#1951,.F.);
#3461=ORIENTED_EDGE('',*,*,#2459,.F.);
#3462=ORIENTED_EDGE('',*,*,#1940,.T.);
#3463=ORIENTED_EDGE('',*,*,#2461,.T.);
#3464=ORIENTED_EDGE('',*,*,#1950,.F.);
#3465=ORIENTED_EDGE('',*,*,#2462,.F.);
#3466=ORIENTED_EDGE('',*,*,#1946,.F.);
#3467=ORIENTED_EDGE('',*,*,#2461,.F.);
#3468=ORIENTED_EDGE('',*,*,#1936,.T.);
#3469=ORIENTED_EDGE('',*,*,#2463,.T.);
#3470=ORIENTED_EDGE('',*,*,#1934,.F.);
#3471=ORIENTED_EDGE('',*,*,#2464,.F.);
#3472=ORIENTED_EDGE('',*,*,#2465,.F.);
#3473=ORIENTED_EDGE('',*,*,#2466,.F.);
#3474=ORIENTED_EDGE('',*,*,#2467,.F.);
#3475=ORIENTED_EDGE('',*,*,#1939,.F.);
#3476=ORIENTED_EDGE('',*,*,#2463,.F.);
#3477=ORIENTED_EDGE('',*,*,#1931,.T.);
#3478=ORIENTED_EDGE('',*,*,#2468,.T.);
#3479=ORIENTED_EDGE('',*,*,#1938,.F.);
#3480=ORIENTED_EDGE('',*,*,#2469,.F.);
#3481=ORIENTED_EDGE('',*,*,#2458,.F.);
#3482=ORIENTED_EDGE('',*,*,#1935,.F.);
#3483=ORIENTED_EDGE('',*,*,#2468,.F.);
#3484=ORIENTED_EDGE('',*,*,#2466,.T.);
#3485=ORIENTED_EDGE('',*,*,#2470,.T.);
#3486=ORIENTED_EDGE('',*,*,#2453,.T.);
#3487=ORIENTED_EDGE('',*,*,#2465,.T.);
#3488=ORIENTED_EDGE('',*,*,#2029,.T.);
#3489=ORIENTED_EDGE('',*,*,#2471,.T.);
#3490=ORIENTED_EDGE('',*,*,#1933,.T.);
#3491=ORIENTED_EDGE('',*,*,#2030,.T.);
#3492=ORIENTED_EDGE('',*,*,#2464,.T.);
#3493=ORIENTED_EDGE('',*,*,#2469,.T.);
#3494=ORIENTED_EDGE('',*,*,#1937,.T.);
#3495=ORIENTED_EDGE('',*,*,#2467,.T.);
#3496=ORIENTED_EDGE('',*,*,#2452,.T.);
#3497=ORIENTED_EDGE('',*,*,#1943,.T.);
#3498=ORIENTED_EDGE('',*,*,#2055,.T.);
#3499=ORIENTED_EDGE('',*,*,#2061,.T.);
#3500=ORIENTED_EDGE('',*,*,#1942,.T.);
#3501=ORIENTED_EDGE('',*,*,#2050,.T.);
#3502=ORIENTED_EDGE('',*,*,#2056,.T.);
#3503=ORIENTED_EDGE('',*,*,#1944,.T.);
#3504=ORIENTED_EDGE('',*,*,#2060,.T.);
#3505=ORIENTED_EDGE('',*,*,#2460,.T.);
#3506=ORIENTED_EDGE('',*,*,#1941,.T.);
#3507=ORIENTED_EDGE('',*,*,#2462,.T.);
#3508=ORIENTED_EDGE('',*,*,#1949,.T.);
#3509=ORIENTED_EDGE('',*,*,#2051,.T.);
#3510=ORIENTED_EDGE('',*,*,#2068,.T.);
#3511=ORIENTED_EDGE('',*,*,#2472,.T.);
#3512=ORIENTED_EDGE('',*,*,#2473,.T.);
#3513=ORIENTED_EDGE('',*,*,#2455,.T.);
#3514=ORIENTED_EDGE('',*,*,#2448,.T.);
#3515=ORIENTED_EDGE('',*,*,#2446,.T.);
#3516=ORIENTED_EDGE('',*,*,#2444,.T.);
#3517=ORIENTED_EDGE('',*,*,#1971,.F.);
#3518=ORIENTED_EDGE('',*,*,#1975,.T.);
#3519=ORIENTED_EDGE('',*,*,#1978,.F.);
#3520=ORIENTED_EDGE('',*,*,#2065,.T.);
#3521=ORIENTED_EDGE('',*,*,#2474,.F.);
#3522=ORIENTED_EDGE('',*,*,#2171,.T.);
#3523=ORIENTED_EDGE('',*,*,#2475,.T.);
#3524=ORIENTED_EDGE('',*,*,#2476,.T.);
#3525=ORIENTED_EDGE('',*,*,#2477,.F.);
#3526=ORIENTED_EDGE('',*,*,#2172,.F.);
#3527=ORIENTED_EDGE('',*,*,#2474,.T.);
#3528=ORIENTED_EDGE('',*,*,#2476,.F.);
#3529=ORIENTED_EDGE('',*,*,#2475,.F.);
#3530=ORIENTED_EDGE('',*,*,#2170,.F.);
#3531=ORIENTED_EDGE('',*,*,#2478,.F.);
#3532=ORIENTED_EDGE('',*,*,#2479,.T.);
#3533=ORIENTED_EDGE('',*,*,#2480,.T.);
#3534=ORIENTED_EDGE('',*,*,#2481,.F.);
#3535=ORIENTED_EDGE('',*,*,#2482,.F.);
#3536=ORIENTED_EDGE('',*,*,#2483,.F.);
#3537=ORIENTED_EDGE('',*,*,#2478,.T.);
#3538=ORIENTED_EDGE('',*,*,#2481,.T.);
#3539=ORIENTED_EDGE('',*,*,#2480,.F.);
#3540=ORIENTED_EDGE('',*,*,#2484,.F.);
#3541=ORIENTED_EDGE('',*,*,#2161,.F.);
#3542=ORIENTED_EDGE('',*,*,#2485,.F.);
#3543=ORIENTED_EDGE('',*,*,#2157,.F.);
#3544=ORIENTED_EDGE('',*,*,#2078,.T.);
#3545=ORIENTED_EDGE('',*,*,#2081,.T.);
#3546=ORIENTED_EDGE('',*,*,#2080,.F.);
#3547=ORIENTED_EDGE('',*,*,#2477,.T.);
#3548=ORIENTED_EDGE('',*,*,#2169,.T.);
#3549=ORIENTED_EDGE('',*,*,#2486,.F.);
#3550=ORIENTED_EDGE('',*,*,#2487,.T.);
#3551=ORIENTED_EDGE('',*,*,#2488,.F.);
#3552=ORIENTED_EDGE('',*,*,#2489,.T.);
#3553=ORIENTED_EDGE('',*,*,#2490,.T.);
#3554=ORIENTED_EDGE('',*,*,#2491,.T.);
#3555=ORIENTED_EDGE('',*,*,#2492,.F.);
#3556=ORIENTED_EDGE('',*,*,#2493,.T.);
#3557=ORIENTED_EDGE('',*,*,#2494,.F.);
#3558=ORIENTED_EDGE('',*,*,#2495,.T.);
#3559=ORIENTED_EDGE('',*,*,#2482,.T.);
#3560=ORIENTED_EDGE('',*,*,#2496,.T.);
#3561=ORIENTED_EDGE('',*,*,#2497,.T.);
#3562=ORIENTED_EDGE('',*,*,#2498,.T.);
#3563=ORIENTED_EDGE('',*,*,#2151,.F.);
#3564=ORIENTED_EDGE('',*,*,#2154,.T.);
#3565=ORIENTED_EDGE('',*,*,#2156,.F.);
#3566=ORIENTED_EDGE('',*,*,#2158,.T.);
#3567=ORIENTED_EDGE('',*,*,#2485,.T.);
#3568=ORIENTED_EDGE('',*,*,#2160,.T.);
#3569=ORIENTED_EDGE('',*,*,#2163,.F.);
#3570=ORIENTED_EDGE('',*,*,#2165,.T.);
#3571=ORIENTED_EDGE('',*,*,#2167,.F.);
#3572=ORIENTED_EDGE('',*,*,#2177,.T.);
#3573=ORIENTED_EDGE('',*,*,#2499,.T.);
#3574=ORIENTED_EDGE('',*,*,#2173,.T.);
#3575=ORIENTED_EDGE('',*,*,#2235,.T.);
#3576=ORIENTED_EDGE('',*,*,#2237,.F.);
#3577=ORIENTED_EDGE('',*,*,#2239,.T.);
#3578=ORIENTED_EDGE('',*,*,#2241,.F.);
#3579=ORIENTED_EDGE('',*,*,#2243,.F.);
#3580=ORIENTED_EDGE('',*,*,#2245,.F.);
#3581=ORIENTED_EDGE('',*,*,#2500,.F.);
#3582=ORIENTED_EDGE('',*,*,#2501,.F.);
#3583=ORIENTED_EDGE('',*,*,#2502,.F.);
#3584=ORIENTED_EDGE('',*,*,#2503,.F.);
#3585=ORIENTED_EDGE('',*,*,#2504,.T.);
#3586=ORIENTED_EDGE('',*,*,#2325,.F.);
#3587=ORIENTED_EDGE('',*,*,#2328,.T.);
#3588=ORIENTED_EDGE('',*,*,#2329,.F.);
#3589=ORIENTED_EDGE('',*,*,#2230,.T.);
#3590=ORIENTED_EDGE('',*,*,#2233,.F.);
#3591=ORIENTED_EDGE('',*,*,#2505,.F.);
#3592=ORIENTED_EDGE('',*,*,#2506,.T.);
#3593=ORIENTED_EDGE('',*,*,#2507,.T.);
#3594=ORIENTED_EDGE('',*,*,#2508,.T.);
#3595=ORIENTED_EDGE('',*,*,#2497,.F.);
#3596=ORIENTED_EDGE('',*,*,#2509,.F.);
#3597=ORIENTED_EDGE('',*,*,#2505,.T.);
#3598=ORIENTED_EDGE('',*,*,#2508,.F.);
#3599=ORIENTED_EDGE('',*,*,#2507,.F.);
#3600=ORIENTED_EDGE('',*,*,#2510,.F.);
#3601=ORIENTED_EDGE('',*,*,#2120,.F.);
#3602=ORIENTED_EDGE('',*,*,#2152,.F.);
#3603=ORIENTED_EDGE('',*,*,#2498,.F.);
#3604=ORIENTED_EDGE('',*,*,#2510,.T.);
#3605=ORIENTED_EDGE('',*,*,#2506,.F.);
#3606=ORIENTED_EDGE('',*,*,#2509,.T.);
#3607=ORIENTED_EDGE('',*,*,#2496,.F.);
#3608=ORIENTED_EDGE('',*,*,#2484,.T.);
#3609=ORIENTED_EDGE('',*,*,#2479,.F.);
#3610=ORIENTED_EDGE('',*,*,#2483,.T.);
#3611=ORIENTED_EDGE('',*,*,#2495,.F.);
#3612=ORIENTED_EDGE('',*,*,#2511,.F.);
#3613=ORIENTED_EDGE('',*,*,#2512,.F.);
#3614=ORIENTED_EDGE('',*,*,#2175,.T.);
#3615=ORIENTED_EDGE('',*,*,#2513,.T.);
#3616=ORIENTED_EDGE('',*,*,#2514,.F.);
#3617=ORIENTED_EDGE('',*,*,#2499,.F.);
#3618=ORIENTED_EDGE('',*,*,#2176,.F.);
#3619=ORIENTED_EDGE('',*,*,#2512,.T.);
#3620=ORIENTED_EDGE('',*,*,#2514,.T.);
#3621=ORIENTED_EDGE('',*,*,#2513,.F.);
#3622=ORIENTED_EDGE('',*,*,#2174,.F.);
#3623=ORIENTED_EDGE('',*,*,#2515,.F.);
#3624=ORIENTED_EDGE('',*,*,#2082,.T.);
#3625=ORIENTED_EDGE('',*,*,#2085,.T.);
#3626=ORIENTED_EDGE('',*,*,#2084,.F.);
#3627=ORIENTED_EDGE('',*,*,#2516,.F.);
#3628=ORIENTED_EDGE('',*,*,#2490,.F.);
#3629=ORIENTED_EDGE('',*,*,#2094,.F.);
#3630=ORIENTED_EDGE('',*,*,#2517,.T.);
#3631=ORIENTED_EDGE('',*,*,#2486,.T.);
#3632=ORIENTED_EDGE('',*,*,#2168,.T.);
#3633=ORIENTED_EDGE('',*,*,#2096,.F.);
#3634=ORIENTED_EDGE('',*,*,#2518,.F.);
#3635=ORIENTED_EDGE('',*,*,#2487,.F.);
#3636=ORIENTED_EDGE('',*,*,#2517,.F.);
#3637=ORIENTED_EDGE('',*,*,#2102,.F.);
#3638=ORIENTED_EDGE('',*,*,#2519,.T.);
#3639=ORIENTED_EDGE('',*,*,#2488,.T.);
#3640=ORIENTED_EDGE('',*,*,#2518,.T.);
#3641=ORIENTED_EDGE('',*,*,#2515,.T.);
#3642=ORIENTED_EDGE('',*,*,#2489,.F.);
#3643=ORIENTED_EDGE('',*,*,#2519,.F.);
#3644=ORIENTED_EDGE('',*,*,#2104,.F.);
#3645=ORIENTED_EDGE('',*,*,#2520,.F.);
#3646=ORIENTED_EDGE('',*,*,#2491,.F.);
#3647=ORIENTED_EDGE('',*,*,#2516,.T.);
#3648=ORIENTED_EDGE('',*,*,#2083,.F.);
#3649=ORIENTED_EDGE('',*,*,#2110,.F.);
#3650=ORIENTED_EDGE('',*,*,#2521,.T.);
#3651=ORIENTED_EDGE('',*,*,#2492,.T.);
#3652=ORIENTED_EDGE('',*,*,#2520,.T.);
#3653=ORIENTED_EDGE('',*,*,#2112,.F.);
#3654=ORIENTED_EDGE('',*,*,#2522,.F.);
#3655=ORIENTED_EDGE('',*,*,#2493,.F.);
#3656=ORIENTED_EDGE('',*,*,#2521,.F.);
#3657=ORIENTED_EDGE('',*,*,#2118,.F.);
#3658=ORIENTED_EDGE('',*,*,#2511,.T.);
#3659=ORIENTED_EDGE('',*,*,#2494,.T.);
#3660=ORIENTED_EDGE('',*,*,#2522,.T.);
#3661=ORIENTED_EDGE('',*,*,#2186,.F.);
#3662=ORIENTED_EDGE('',*,*,#2523,.T.);
#3663=ORIENTED_EDGE('',*,*,#2501,.T.);
#3664=ORIENTED_EDGE('',*,*,#2524,.T.);
#3665=ORIENTED_EDGE('',*,*,#2183,.F.);
#3666=ORIENTED_EDGE('',*,*,#2524,.F.);
#3667=ORIENTED_EDGE('',*,*,#2500,.T.);
#3668=ORIENTED_EDGE('',*,*,#2244,.F.);
#3669=ORIENTED_EDGE('',*,*,#2192,.F.);
#3670=ORIENTED_EDGE('',*,*,#2525,.T.);
#3671=ORIENTED_EDGE('',*,*,#2503,.T.);
#3672=ORIENTED_EDGE('',*,*,#2526,.T.);
#3673=ORIENTED_EDGE('',*,*,#2189,.F.);
#3674=ORIENTED_EDGE('',*,*,#2526,.F.);
#3675=ORIENTED_EDGE('',*,*,#2502,.T.);
#3676=ORIENTED_EDGE('',*,*,#2523,.F.);
#3677=ORIENTED_EDGE('',*,*,#2196,.F.);
#3678=ORIENTED_EDGE('',*,*,#2326,.F.);
#3679=ORIENTED_EDGE('',*,*,#2504,.F.);
#3680=ORIENTED_EDGE('',*,*,#2525,.F.);
#3681=ORIENTED_EDGE('',*,*,#2023,.F.);
#3682=ORIENTED_EDGE('',*,*,#2454,.T.);
#3683=ORIENTED_EDGE('',*,*,#2470,.F.);
#3684=ORIENTED_EDGE('',*,*,#2471,.F.);
#3685=ORIENTED_EDGE('',*,*,#2028,.F.);
#3686=ORIENTED_EDGE('',*,*,#2017,.F.);
#3687=ORIENTED_EDGE('',*,*,#2527,.T.);
#3688=ORIENTED_EDGE('',*,*,#2472,.F.);
#3689=ORIENTED_EDGE('',*,*,#2067,.T.);
#3690=ORIENTED_EDGE('',*,*,#2072,.F.);
#3691=ORIENTED_EDGE('',*,*,#1982,.F.);
#3692=ORIENTED_EDGE('',*,*,#2043,.F.);
#3693=ORIENTED_EDGE('',*,*,#2456,.T.);
#3694=ORIENTED_EDGE('',*,*,#2473,.F.);
#3695=ORIENTED_EDGE('',*,*,#2527,.F.);
#3696=ORIENTED_EDGE('',*,*,#2016,.F.);
#3697=ORIENTED_EDGE('',*,*,#2381,.F.);
#3698=ORIENTED_EDGE('',*,*,#2383,.F.);
#3699=ORIENTED_EDGE('',*,*,#2385,.F.);
#3700=ORIENTED_EDGE('',*,*,#2386,.F.);
#3701=ORIENTED_EDGE('',*,*,#2251,.F.);
#3702=ORIENTED_EDGE('',*,*,#2412,.T.);
#3703=ORIENTED_EDGE('',*,*,#2414,.F.);
#3704=ORIENTED_EDGE('',*,*,#2416,.F.);
#3705=ORIENTED_EDGE('',*,*,#2418,.F.);
#3706=ORIENTED_EDGE('',*,*,#2420,.F.);
#3707=ORIENTED_EDGE('',*,*,#2434,.F.);
#3708=ORIENTED_EDGE('',*,*,#2436,.T.);
#3709=ORIENTED_EDGE('',*,*,#2528,.F.);
#3710=ORIENTED_EDGE('',*,*,#2362,.F.);
#3711=ORIENTED_EDGE('',*,*,#2365,.F.);
#3712=ORIENTED_EDGE('',*,*,#2367,.F.);
#3713=ORIENTED_EDGE('',*,*,#2369,.F.);
#3714=ORIENTED_EDGE('',*,*,#2371,.F.);
#3715=ORIENTED_EDGE('',*,*,#2373,.F.);
#3716=ORIENTED_EDGE('',*,*,#2375,.F.);
#3717=ORIENTED_EDGE('',*,*,#2377,.F.);
#3718=ORIENTED_EDGE('',*,*,#2379,.F.);
#3719=ORIENTED_EDGE('',*,*,#2219,.F.);
#3720=ORIENTED_EDGE('',*,*,#2343,.F.);
#3721=ORIENTED_EDGE('',*,*,#2363,.F.);
#3722=ORIENTED_EDGE('',*,*,#2528,.T.);
#3723=ORIENTED_EDGE('',*,*,#2435,.T.);
#3724=ORIENTED_EDGE('',*,*,#2395,.F.);
#3725=CYLINDRICAL_SURFACE('',#4070,7.1);
#3726=CYLINDRICAL_SURFACE('',#4074,7.1);
#3727=CYLINDRICAL_SURFACE('',#4077,7.1);
#3728=CYLINDRICAL_SURFACE('',#4083,7.1);
#3729=CYLINDRICAL_SURFACE('',#4092,0.4);
#3730=CYLINDRICAL_SURFACE('',#4099,5.);
#3731=CYLINDRICAL_SURFACE('',#4102,5.);
#3732=CYLINDRICAL_SURFACE('',#4104,0.4);
#3733=CYLINDRICAL_SURFACE('',#4112,0.9);
#3734=CYLINDRICAL_SURFACE('',#4116,0.9);
#3735=CYLINDRICAL_SURFACE('',#4119,0.9);
#3736=CYLINDRICAL_SURFACE('',#4121,0.9);
#3737=CYLINDRICAL_SURFACE('',#4127,1.);
#3738=CYLINDRICAL_SURFACE('',#4131,0.9);
#3739=CYLINDRICAL_SURFACE('',#4134,0.9);
#3740=CYLINDRICAL_SURFACE('',#4136,0.9);
#3741=CYLINDRICAL_SURFACE('',#4144,0.999999999999998);
#3742=CYLINDRICAL_SURFACE('',#4147,1.);
#3743=CYLINDRICAL_SURFACE('',#4185,10.);
#3744=CYLINDRICAL_SURFACE('',#4188,10.);
#3745=CYLINDRICAL_SURFACE('',#4191,10.);
#3746=CYLINDRICAL_SURFACE('',#4194,10.);
#3747=CYLINDRICAL_SURFACE('',#4202,1.);
#3748=CYLINDRICAL_SURFACE('',#4208,1.);
#3749=CYLINDRICAL_SURFACE('',#4214,1.);
#3750=CYLINDRICAL_SURFACE('',#4220,1.);
#3751=CYLINDRICAL_SURFACE('',#4225,1.);
#3752=CYLINDRICAL_SURFACE('',#4230,1.);
#3753=CYLINDRICAL_SURFACE('',#4235,1.);
#3754=CYLINDRICAL_SURFACE('',#4242,1.);
#3755=CYLINDRICAL_SURFACE('',#4244,5.);
#3756=CYLINDRICAL_SURFACE('',#4247,5.);
#3757=CYLINDRICAL_SURFACE('',#4250,5.);
#3758=CYLINDRICAL_SURFACE('',#4253,5.);
#3759=CYLINDRICAL_SURFACE('',#4255,1.);
#3760=CYLINDRICAL_SURFACE('',#4302,5.);
#3761=CYLINDRICAL_SURFACE('',#4304,5.);
#3762=CYLINDRICAL_SURFACE('',#4306,5.);
#3763=CYLINDRICAL_SURFACE('',#4308,5.);
#3764=CYLINDRICAL_SURFACE('',#4311,5.);
#3765=CYLINDRICAL_SURFACE('',#4314,5.);
#3766=CYLINDRICAL_SURFACE('',#4316,5.);
#3767=CYLINDRICAL_SURFACE('',#4318,5.);
#3768=CYLINDRICAL_SURFACE('',#4320,5.);
#3769=CYLINDRICAL_SURFACE('',#4322,5.);
#3770=CYLINDRICAL_SURFACE('',#4324,1.);
#3771=CYLINDRICAL_SURFACE('',#4330,1.);
#3772=CYLINDRICAL_SURFACE('',#4332,1.);
#3773=CYLINDRICAL_SURFACE('',#4334,1.);
#3774=CYLINDRICAL_SURFACE('',#4336,1.);
#3775=CYLINDRICAL_SURFACE('',#4338,1.);
#3776=CYLINDRICAL_SURFACE('',#4340,1.);
#3777=CYLINDRICAL_SURFACE('',#4342,1.);
#3778=CYLINDRICAL_SURFACE('',#4344,1.);
#3779=CYLINDRICAL_SURFACE('',#4349,1.);
#3780=CYLINDRICAL_SURFACE('',#4351,10.);
#3781=CYLINDRICAL_SURFACE('',#4362,10.);
#3782=CYLINDRICAL_SURFACE('',#4365,1.);
#3783=CYLINDRICAL_SURFACE('',#4367,1.);
#3784=CYLINDRICAL_SURFACE('',#4369,1.);
#3785=CYLINDRICAL_SURFACE('',#4371,1.);
#3786=CYLINDRICAL_SURFACE('',#4376,1.);
#3787=CYLINDRICAL_SURFACE('',#4383,1.);
#3788=CYLINDRICAL_SURFACE('',#4390,1.);
#3789=CYLINDRICAL_SURFACE('',#4391,10.);
#3790=CYLINDRICAL_SURFACE('',#4397,2.00000000000001);
#3791=CYLINDRICAL_SURFACE('',#4399,2.);
#3792=CYLINDRICAL_SURFACE('',#4402,2.);
#3793=CYLINDRICAL_SURFACE('',#4404,2.00000000000001);
#3794=CYLINDRICAL_SURFACE('',#4407,10.);
#3795=CYLINDRICAL_SURFACE('',#4409,2.);
#3796=CYLINDRICAL_SURFACE('',#4410,2.);
#3797=CYLINDRICAL_SURFACE('',#4411,0.999999999999998);
#3798=CYLINDRICAL_SURFACE('',#4415,1.);
#3799=CYLINDRICAL_SURFACE('',#4418,0.999999999999999);
#3800=CYLINDRICAL_SURFACE('',#4420,1.);
#3801=CYLINDRICAL_SURFACE('',#4428,7.1);
#3802=CYLINDRICAL_SURFACE('',#4432,7.1);
#3803=CYLINDRICAL_SURFACE('',#4436,7.1);
#3804=CYLINDRICAL_SURFACE('',#4443,7.1);
#3805=CYLINDRICAL_SURFACE('',#4474,10.);
#3806=CYLINDRICAL_SURFACE('',#4476,10.);
#3807=CYLINDRICAL_SURFACE('',#4478,10.);
#3808=CYLINDRICAL_SURFACE('',#4480,10.);
#3809=CYLINDRICAL_SURFACE('',#4481,5.);
#3810=CYLINDRICAL_SURFACE('',#4483,5.);
#3811=ADVANCED_FACE('',(#275),#3725,.F.);
#3812=ADVANCED_FACE('',(#276),#3726,.F.);
#3813=ADVANCED_FACE('',(#277),#3727,.F.);
#3814=ADVANCED_FACE('',(#278),#3728,.F.);
#3815=ADVANCED_FACE('',(#279),#259,.T.);
#3816=ADVANCED_FACE('',(#280),#3729,.T.);
#3817=ADVANCED_FACE('',(#281),#260,.T.);
#3818=ADVANCED_FACE('',(#282),#247,.F.);
#3819=ADVANCED_FACE('',(#283),#248,.F.);
#3820=ADVANCED_FACE('',(#284),#249,.F.);
#3821=ADVANCED_FACE('',(#285),#3730,.T.);
#3822=ADVANCED_FACE('',(#286),#104,.T.);
#3823=ADVANCED_FACE('',(#287),#3731,.T.);
#3824=ADVANCED_FACE('',(#288),#3732,.T.);
#3825=ADVANCED_FACE('',(#289,#102),#105,.T.);
#3826=ADVANCED_FACE('',(#290),#3733,.T.);
#3827=ADVANCED_FACE('',(#291),#250,.F.);
#3828=ADVANCED_FACE('',(#292),#3734,.T.);
#3829=ADVANCED_FACE('',(#293),#3735,.T.);
#3830=ADVANCED_FACE('',(#294),#3736,.T.);
#3831=ADVANCED_FACE('',(#295),#251,.F.);
#3832=ADVANCED_FACE('',(#296),#252,.F.);
#3833=ADVANCED_FACE('',(#297),#106,.F.);
#3834=ADVANCED_FACE('',(#298),#3737,.T.);
#3835=ADVANCED_FACE('',(#299),#3738,.T.);
#3836=ADVANCED_FACE('',(#300),#3739,.T.);
#3837=ADVANCED_FACE('',(#301),#3740,.T.);
#3838=ADVANCED_FACE('',(#302),#107,.F.);
#3839=ADVANCED_FACE('',(#303),#108,.F.);
#3840=ADVANCED_FACE('',(#304),#109,.F.);
#3841=ADVANCED_FACE('',(#305),#55,.T.);
#3842=ADVANCED_FACE('',(#306),#3741,.T.);
#3843=ADVANCED_FACE('',(#307),#110,.T.);
#3844=ADVANCED_FACE('',(#308),#3742,.T.);
#3845=ADVANCED_FACE('',(#309),#56,.T.);
#3846=ADVANCED_FACE('',(#310),#57,.T.);
#3847=ADVANCED_FACE('',(#311),#58,.T.);
#3848=ADVANCED_FACE('',(#312),#253,.F.);
#3849=ADVANCED_FACE('',(#313),#254,.F.);
#3850=ADVANCED_FACE('',(#314),#111,.T.);
#3851=ADVANCED_FACE('',(#315),#39,.T.);
#3852=ADVANCED_FACE('',(#316),#112,.T.);
#3853=ADVANCED_FACE('',(#317),#40,.T.);
#3854=ADVANCED_FACE('',(#318),#113,.T.);
#3855=ADVANCED_FACE('',(#319),#41,.T.);
#3856=ADVANCED_FACE('',(#320),#114,.T.);
#3857=ADVANCED_FACE('',(#321),#42,.T.);
#3858=ADVANCED_FACE('',(#322),#115,.T.);
#3859=ADVANCED_FACE('',(#323),#43,.T.);
#3860=ADVANCED_FACE('',(#324),#116,.T.);
#3861=ADVANCED_FACE('',(#325),#44,.T.);
#3862=ADVANCED_FACE('',(#326),#117,.T.);
#3863=ADVANCED_FACE('',(#327),#45,.T.);
#3864=ADVANCED_FACE('',(#328),#118,.T.);
#3865=ADVANCED_FACE('',(#329),#46,.T.);
#3866=ADVANCED_FACE('',(#330),#3743,.T.);
#3867=ADVANCED_FACE('',(#331),#119,.T.);
#3868=ADVANCED_FACE('',(#332),#3744,.T.);
#3869=ADVANCED_FACE('',(#333),#120,.T.);
#3870=ADVANCED_FACE('',(#334),#3745,.T.);
#3871=ADVANCED_FACE('',(#335),#121,.T.);
#3872=ADVANCED_FACE('',(#336),#3746,.T.);
#3873=ADVANCED_FACE('',(#337),#122,.T.);
#3874=ADVANCED_FACE('',(#338),#261,.T.);
#3875=ADVANCED_FACE('',(#339),#3747,.T.);
#3876=ADVANCED_FACE('',(#340),#262,.T.);
#3877=ADVANCED_FACE('',(#341),#3748,.T.);
#3878=ADVANCED_FACE('',(#342),#263,.T.);
#3879=ADVANCED_FACE('',(#343),#3749,.T.);
#3880=ADVANCED_FACE('',(#344),#264,.T.);
#3881=ADVANCED_FACE('',(#345),#3750,.T.);
#3882=ADVANCED_FACE('',(#346),#265,.T.);
#3883=ADVANCED_FACE('',(#347),#3751,.T.);
#3884=ADVANCED_FACE('',(#348),#266,.T.);
#3885=ADVANCED_FACE('',(#349),#3752,.T.);
#3886=ADVANCED_FACE('',(#350),#267,.T.);
#3887=ADVANCED_FACE('',(#351),#3753,.T.);
#3888=ADVANCED_FACE('',(#352),#268,.T.);
#3889=ADVANCED_FACE('',(#353),#3754,.T.);
#3890=ADVANCED_FACE('',(#354),#123,.T.);
#3891=ADVANCED_FACE('',(#355),#3755,.T.);
#3892=ADVANCED_FACE('',(#356),#124,.T.);
#3893=ADVANCED_FACE('',(#357),#3756,.T.);
#3894=ADVANCED_FACE('',(#358),#125,.T.);
#3895=ADVANCED_FACE('',(#359),#3757,.T.);
#3896=ADVANCED_FACE('',(#360),#126,.F.);
#3897=ADVANCED_FACE('',(#361),#3758,.T.);
#3898=ADVANCED_FACE('',(#362),#3759,.T.);
#3899=ADVANCED_FACE('',(#363),#127,.T.);
#3900=ADVANCED_FACE('',(#364),#269,.T.);
#3901=ADVANCED_FACE('',(#365),#128,.T.);
#3902=ADVANCED_FACE('',(#366),#129,.T.);
#3903=ADVANCED_FACE('',(#367),#130,.T.);
#3904=ADVANCED_FACE('',(#368),#47,.T.);
#3905=ADVANCED_FACE('',(#369),#131,.T.);
#3906=ADVANCED_FACE('',(#370),#48,.T.);
#3907=ADVANCED_FACE('',(#371),#132,.T.);
#3908=ADVANCED_FACE('',(#372),#49,.T.);
#3909=ADVANCED_FACE('',(#373),#133,.T.);
#3910=ADVANCED_FACE('',(#374),#50,.T.);
#3911=ADVANCED_FACE('',(#375),#134,.T.);
#3912=ADVANCED_FACE('',(#376),#51,.T.);
#3913=ADVANCED_FACE('',(#377),#135,.T.);
#3914=ADVANCED_FACE('',(#378),#52,.T.);
#3915=ADVANCED_FACE('',(#379),#136,.T.);
#3916=ADVANCED_FACE('',(#380),#53,.T.);
#3917=ADVANCED_FACE('',(#381),#137,.T.);
#3918=ADVANCED_FACE('',(#382),#54,.T.);
#3919=ADVANCED_FACE('',(#383),#3760,.T.);
#3920=ADVANCED_FACE('',(#384),#138,.F.);
#3921=ADVANCED_FACE('',(#385),#3761,.T.);
#3922=ADVANCED_FACE('',(#386),#139,.F.);
#3923=ADVANCED_FACE('',(#387),#3762,.T.);
#3924=ADVANCED_FACE('',(#388),#140,.F.);
#3925=ADVANCED_FACE('',(#389),#3763,.T.);
#3926=ADVANCED_FACE('',(#390),#141,.F.);
#3927=ADVANCED_FACE('',(#391),#142,.T.);
#3928=ADVANCED_FACE('',(#392),#3764,.T.);
#3929=ADVANCED_FACE('',(#393),#143,.T.);
#3930=ADVANCED_FACE('',(#394),#3765,.T.);
#3931=ADVANCED_FACE('',(#395),#3766,.T.);
#3932=ADVANCED_FACE('',(#396),#144,.F.);
#3933=ADVANCED_FACE('',(#397),#3767,.T.);
#3934=ADVANCED_FACE('',(#398),#145,.F.);
#3935=ADVANCED_FACE('',(#399),#3768,.T.);
#3936=ADVANCED_FACE('',(#400),#146,.F.);
#3937=ADVANCED_FACE('',(#401),#3769,.T.);
#3938=ADVANCED_FACE('',(#402),#147,.F.);
#3939=ADVANCED_FACE('',(#403),#3770,.T.);
#3940=ADVANCED_FACE('',(#404),#270,.T.);
#3941=ADVANCED_FACE('',(#405),#3771,.T.);
#3942=ADVANCED_FACE('',(#406),#3772,.T.);
#3943=ADVANCED_FACE('',(#407),#3773,.T.);
#3944=ADVANCED_FACE('',(#408),#3774,.T.);
#3945=ADVANCED_FACE('',(#409),#3775,.T.);
#3946=ADVANCED_FACE('',(#410),#3776,.T.);
#3947=ADVANCED_FACE('',(#411),#3777,.T.);
#3948=ADVANCED_FACE('',(#412),#3778,.T.);
#3949=ADVANCED_FACE('',(#413),#271,.T.);
#3950=ADVANCED_FACE('',(#414),#3779,.T.);
#3951=ADVANCED_FACE('',(#415),#148,.T.);
#3952=ADVANCED_FACE('',(#416),#3780,.T.);
#3953=ADVANCED_FACE('',(#417),#149,.T.);
#3954=ADVANCED_FACE('',(#418),#150,.T.);
#3955=ADVANCED_FACE('',(#419),#151,.T.);
#3956=ADVANCED_FACE('',(#420),#152,.T.);
#3957=ADVANCED_FACE('',(#421),#153,.T.);
#3958=ADVANCED_FACE('',(#422),#154,.T.);
#3959=ADVANCED_FACE('',(#423),#155,.T.);
#3960=ADVANCED_FACE('',(#424),#156,.T.);
#3961=ADVANCED_FACE('',(#425),#157,.T.);
#3962=ADVANCED_FACE('',(#426),#3781,.T.);
#3963=ADVANCED_FACE('',(#427),#158,.T.);
#3964=ADVANCED_FACE('',(#428),#3782,.T.);
#3965=ADVANCED_FACE('',(#429),#3783,.T.);
#3966=ADVANCED_FACE('',(#430),#3784,.T.);
#3967=ADVANCED_FACE('',(#431),#3785,.T.);
#3968=ADVANCED_FACE('',(#432),#272,.T.);
#3969=ADVANCED_FACE('',(#433),#3786,.T.);
#3970=ADVANCED_FACE('',(#434),#15,.F.);
#3971=ADVANCED_FACE('',(#435),#273,.T.);
#3972=ADVANCED_FACE('',(#436),#3787,.T.);
#3973=ADVANCED_FACE('',(#437),#274,.T.);
#3974=ADVANCED_FACE('',(#438),#16,.F.);
#3975=ADVANCED_FACE('',(#439),#3788,.T.);
#3976=ADVANCED_FACE('',(#440),#3789,.T.);
#3977=ADVANCED_FACE('',(#441),#159,.T.);
#3978=ADVANCED_FACE('',(#442),#160,.T.);
#3979=ADVANCED_FACE('',(#443),#161,.T.);
#3980=ADVANCED_FACE('',(#444),#162,.T.);
#3981=ADVANCED_FACE('',(#445),#3790,.T.);
#3982=ADVANCED_FACE('',(#446),#3791,.F.);
#3983=ADVANCED_FACE('',(#447),#163,.F.);
#3984=ADVANCED_FACE('',(#448),#3792,.F.);
#3985=ADVANCED_FACE('',(#449),#3793,.T.);
#3986=ADVANCED_FACE('',(#450),#164,.T.);
#3987=ADVANCED_FACE('',(#451),#3794,.T.);
#3988=ADVANCED_FACE('',(#452),#3795,.F.);
#3989=ADVANCED_FACE('',(#453),#3796,.T.);
#3990=ADVANCED_FACE('',(#454),#3797,.T.);
#3991=ADVANCED_FACE('',(#455),#165,.T.);
#3992=ADVANCED_FACE('',(#456),#166,.T.);
#3993=ADVANCED_FACE('',(#457),#3798,.T.);
#3994=ADVANCED_FACE('',(#458),#167,.T.);
#3995=ADVANCED_FACE('',(#459),#3799,.T.);
#3996=ADVANCED_FACE('',(#460),#3800,.T.);
#3997=ADVANCED_FACE('',(#461),#168,.F.);
#3998=ADVANCED_FACE('',(#462),#169,.F.);
#3999=ADVANCED_FACE('',(#463),#170,.F.);
#4000=ADVANCED_FACE('',(#464),#171,.F.);
#4001=ADVANCED_FACE('',(#465),#3801,.F.);
#4002=ADVANCED_FACE('',(#466),#172,.T.);
#4003=ADVANCED_FACE('',(#467),#3802,.F.);
#4004=ADVANCED_FACE('',(#468),#173,.T.);
#4005=ADVANCED_FACE('',(#469),#3803,.F.);
#4006=ADVANCED_FACE('',(#470),#174,.T.);
#4007=ADVANCED_FACE('',(#471),#3804,.F.);
#4008=ADVANCED_FACE('',(#472),#175,.T.);
#4009=ADVANCED_FACE('',(#473),#176,.F.);
#4010=ADVANCED_FACE('',(#474),#177,.F.);
#4011=ADVANCED_FACE('',(#475),#178,.F.);
#4012=ADVANCED_FACE('',(#476),#179,.F.);
#4013=ADVANCED_FACE('',(#477),#180,.F.);
#4014=ADVANCED_FACE('',(#478),#181,.F.);
#4015=ADVANCED_FACE('',(#479),#182,.F.);
#4016=ADVANCED_FACE('',(#480),#183,.F.);
#4017=ADVANCED_FACE('',(#481),#184,.F.);
#4018=ADVANCED_FACE('',(#482),#255,.F.);
#4019=ADVANCED_FACE('',(#483),#17,.F.);
#4020=ADVANCED_FACE('',(#484),#256,.F.);
#4021=ADVANCED_FACE('',(#485),#18,.T.);
#4022=ADVANCED_FACE('',(#486),#19,.T.);
#4023=ADVANCED_FACE('',(#487,#103),#185,.T.);
#4024=ADVANCED_FACE('',(#488),#257,.F.);
#4025=ADVANCED_FACE('',(#489),#20,.F.);
#4026=ADVANCED_FACE('',(#490),#186,.T.);
#4027=ADVANCED_FACE('',(#491),#258,.F.);
#4028=ADVANCED_FACE('',(#492),#21,.T.);
#4029=ADVANCED_FACE('',(#493),#22,.T.);
#4030=ADVANCED_FACE('',(#494),#3805,.T.);
#4031=ADVANCED_FACE('',(#495),#187,.T.);
#4032=ADVANCED_FACE('',(#496),#3806,.T.);
#4033=ADVANCED_FACE('',(#497),#188,.T.);
#4034=ADVANCED_FACE('',(#498),#3807,.T.);
#4035=ADVANCED_FACE('',(#499),#189,.T.);
#4036=ADVANCED_FACE('',(#500),#3808,.T.);
#4037=ADVANCED_FACE('',(#501),#3809,.T.);
#4038=ADVANCED_FACE('',(#502),#190,.T.);
#4039=ADVANCED_FACE('',(#503),#3810,.T.);
#4040=ADVANCED_FACE('',(#504),#191,.F.);
#4041=ADVANCED_FACE('',(#505),#192,.T.);
#4042=ADVANCED_FACE('',(#506),#193,.F.);
#4043=ADVANCED_FACE('',(#507),#194,.F.);
#4044=ADVANCED_FACE('',(#508),#195,.F.);
#4045=ADVANCED_FACE('',(#509),#196,.F.);
#4046=ADVANCED_FACE('',(#510),#197,.T.);
#4047=CLOSED_SHELL('',(#3811,#3812,#3813,#3814,#3815,#3816,#3817,#3818,
#3819,#3820,#3821,#3822,#3823,#3824,#3825,#3826,#3827,#3828,#3829,#3830,
#3831,#3832,#3833,#3834,#3835,#3836,#3837,#3838,#3839,#3840,#3841,#3842,
#3843,#3844,#3845,#3846,#3847,#3848,#3849,#3850,#3851,#3852,#3853,#3854,
#3855,#3856,#3857,#3858,#3859,#3860,#3861,#3862,#3863,#3864,#3865,#3866,
#3867,#3868,#3869,#3870,#3871,#3872,#3873,#3874,#3875,#3876,#3877,#3878,
#3879,#3880,#3881,#3882,#3883,#3884,#3885,#3886,#3887,#3888,#3889,#3890,
#3891,#3892,#3893,#3894,#3895,#3896,#3897,#3898,#3899,#3900,#3901,#3902,
#3903,#3904,#3905,#3906,#3907,#3908,#3909,#3910,#3911,#3912,#3913,#3914,
#3915,#3916,#3917,#3918,#3919,#3920,#3921,#3922,#3923,#3924,#3925,#3926,
#3927,#3928,#3929,#3930,#3931,#3932,#3933,#3934,#3935,#3936,#3937,#3938,
#3939,#3940,#3941,#3942,#3943,#3944,#3945,#3946,#3947,#3948,#3949,#3950,
#3951,#3952,#3953,#3954,#3955,#3956,#3957,#3958,#3959,#3960,#3961,#3962,
#3963,#3964,#3965,#3966,#3967,#3968,#3969,#3970,#3971,#3972,#3973,#3974,
#3975,#3976,#3977,#3978,#3979,#3980,#3981,#3982,#3983,#3984,#3985,#3986,
#3987,#3988,#3989,#3990,#3991,#3992,#3993,#3994,#3995,#3996,#3997,#3998,
#3999,#4000,#4001,#4002,#4003,#4004,#4005,#4006,#4007,#4008,#4009,#4010,
#4011,#4012,#4013,#4014,#4015,#4016,#4017,#4018,#4019,#4020,#4021,#4022,
#4023,#4024,#4025,#4026,#4027,#4028,#4029,#4030,#4031,#4032,#4033,#4034,
#4035,#4036,#4037,#4038,#4039,#4040,#4041,#4042,#4043,#4044,#4045,#4046));
#4048=DERIVED_UNIT_ELEMENT(#4051,1.);
#4049=DERIVED_UNIT_ELEMENT(#8476,-3.);
#4050=DIMENSIONAL_EXPONENTS(0.,1.,0.,0.,0.,0.,0.);
#4051=(
CONVERSION_BASED_UNIT('gram',#4053)
MASS_UNIT()
NAMED_UNIT(#4050)
);
#4052=(
MASS_UNIT()
NAMED_UNIT(*)
SI_UNIT(.KILO.,.GRAM.)
);
#4053=MASS_MEASURE_WITH_UNIT(MASS_MEASURE(0.001),#4052);
#4054=DERIVED_UNIT((#4048,#4049));
#4055=MEASURE_REPRESENTATION_ITEM('density measure',
POSITIVE_RATIO_MEASURE(1.),#4054);
#4056=PROPERTY_DEFINITION_REPRESENTATION(#4061,#4058);
#4057=PROPERTY_DEFINITION_REPRESENTATION(#4062,#4059);
#4058=REPRESENTATION('material name',(#4060),#8473);
#4059=REPRESENTATION('density',(#4055),#8473);
#4060=DESCRIPTIVE_REPRESENTATION_ITEM('Generic','Generic');
#4061=PROPERTY_DEFINITION('material property','material name',#8483);
#4062=PROPERTY_DEFINITION('material property','density of part',#8483);
#4063=DATE_TIME_ROLE('creation_date');
#4064=APPLIED_DATE_AND_TIME_ASSIGNMENT(#4065,#4063,(#8483));
#4065=DATE_AND_TIME(#4066,#4067);
#4066=CALENDAR_DATE(2025,18,8);
#4067=LOCAL_TIME(0,0,0.,#4068);
#4068=COORDINATED_UNIVERSAL_TIME_OFFSET(0,0,.BEHIND.);
#4069=AXIS2_PLACEMENT_3D('',#5663,#4491,#4492);
#4070=AXIS2_PLACEMENT_3D('',#5664,#4493,#4494);
#4071=AXIS2_PLACEMENT_3D('',#5669,#4496,#4497);
#4072=AXIS2_PLACEMENT_3D('',#5671,#4498,#4499);
#4073=AXIS2_PLACEMENT_3D('',#5674,#4501,#4502);
#4074=AXIS2_PLACEMENT_3D('',#5675,#4503,#4504);
#4075=AXIS2_PLACEMENT_3D('',#5679,#4506,#4507);
#4076=AXIS2_PLACEMENT_3D('',#5681,#4509,#4510);
#4077=AXIS2_PLACEMENT_3D('',#5682,#4511,#4512);
#4078=AXIS2_PLACEMENT_3D('',#5687,#4514,#4515);
#4079=AXIS2_PLACEMENT_3D('',#5689,#4516,#4517);
#4080=AXIS2_PLACEMENT_3D('',#5691,#4518,#4519);
#4081=AXIS2_PLACEMENT_3D('',#5693,#4520,#4521);
#4082=AXIS2_PLACEMENT_3D('',#5696,#4523,#4524);
#4083=AXIS2_PLACEMENT_3D('',#5697,#4525,#4526);
#4084=AXIS2_PLACEMENT_3D('',#5702,#4528,#4529);
#4085=AXIS2_PLACEMENT_3D('',#5703,#4530,#4531);
#4086=AXIS2_PLACEMENT_3D('',#5705,#4533,#4534);
#4087=AXIS2_PLACEMENT_3D('',#5706,#4535,#4536);
#4088=AXIS2_PLACEMENT_3D('',#5709,#4537,#4538);
#4089=AXIS2_PLACEMENT_3D('',#5711,#4539,#4540);
#4090=AXIS2_PLACEMENT_3D('',#5713,#4541,#4542);
#4091=AXIS2_PLACEMENT_3D('',#5714,#4543,#4544);
#4092=AXIS2_PLACEMENT_3D('',#5715,#4545,#4546);
#4093=AXIS2_PLACEMENT_3D('',#5718,#4547,#4548);
#4094=AXIS2_PLACEMENT_3D('',#5721,#4551,#4552);
#4095=AXIS2_PLACEMENT_3D('',#5724,#4553,#4554);
#4096=AXIS2_PLACEMENT_3D('',#5725,#4555,#4556);
#4097=AXIS2_PLACEMENT_3D('',#5726,#4557,#4558);
#4098=AXIS2_PLACEMENT_3D('',#5802,#4559,#4560);
#4099=AXIS2_PLACEMENT_3D('',#5851,#4561,#4562);
#4100=AXIS2_PLACEMENT_3D('',#5855,#4564,#4565);
#4101=AXIS2_PLACEMENT_3D('',#5864,#4567,#4568);
#4102=AXIS2_PLACEMENT_3D('',#5868,#4571,#4572);
#4103=AXIS2_PLACEMENT_3D('',#5878,#4574,#4575);
#4104=AXIS2_PLACEMENT_3D('',#5879,#4576,#4577);
#4105=AXIS2_PLACEMENT_3D('',#5902,#4580,#4581);
#4106=AXIS2_PLACEMENT_3D('',#5909,#4584,#4585);
#4107=AXIS2_PLACEMENT_3D('',#5929,#4595,#4596);
#4108=AXIS2_PLACEMENT_3D('',#5935,#4599,#4600);
#4109=AXIS2_PLACEMENT_3D('',#5939,#4602,#4603);
#4110=AXIS2_PLACEMENT_3D('',#5943,#4605,#4606);
#4111=AXIS2_PLACEMENT_3D('',#5946,#4608,#4609);
#4112=AXIS2_PLACEMENT_3D('',#5998,#4617,#4618);
#4113=AXIS2_PLACEMENT_3D('',#6000,#4619,#4620);
#4114=AXIS2_PLACEMENT_3D('',#6002,#4621,#4622);
#4115=AXIS2_PLACEMENT_3D('',#6064,#4624,#4625);
#4116=AXIS2_PLACEMENT_3D('',#6065,#4626,#4627);
#4117=AXIS2_PLACEMENT_3D('',#6069,#4629,#4630);
#4118=AXIS2_PLACEMENT_3D('',#6070,#4631,#4632);
#4119=AXIS2_PLACEMENT_3D('',#6071,#4633,#4634);
#4120=AXIS2_PLACEMENT_3D('',#6073,#4635,#4636);
#4121=AXIS2_PLACEMENT_3D('',#6075,#4638,#4639);
#4122=AXIS2_PLACEMENT_3D('',#6077,#4640,#4641);
#4123=AXIS2_PLACEMENT_3D('',#6139,#4643,#4644);
#4124=AXIS2_PLACEMENT_3D('',#6200,#4645,#4646);
#4125=AXIS2_PLACEMENT_3D('',#6201,#4647,#4648);
#4126=AXIS2_PLACEMENT_3D('',#6211,#4654,#4655);
#4127=AXIS2_PLACEMENT_3D('',#6212,#4656,#4657);
#4128=AXIS2_PLACEMENT_3D('',#6215,#4658,#4659);
#4129=AXIS2_PLACEMENT_3D('',#6226,#4660,#4661);
#4130=AXIS2_PLACEMENT_3D('',#6230,#4663,#4664);
#4131=AXIS2_PLACEMENT_3D('',#6232,#4666,#4667);
#4132=AXIS2_PLACEMENT_3D('',#6258,#4670,#4671);
#4133=AXIS2_PLACEMENT_3D('',#6259,#4672,#4673);
#4134=AXIS2_PLACEMENT_3D('',#6260,#4674,#4675);
#4135=AXIS2_PLACEMENT_3D('',#6263,#4677,#4678);
#4136=AXIS2_PLACEMENT_3D('',#6264,#4679,#4680);
#4137=AXIS2_PLACEMENT_3D('',#6286,#4682,#4683);
#4138=AXIS2_PLACEMENT_3D('',#6294,#4689,#4690);
#4139=AXIS2_PLACEMENT_3D('',#6299,#4694,#4695);
#4140=AXIS2_PLACEMENT_3D('',#6301,#4696,#4697);
#4141=AXIS2_PLACEMENT_3D('',#6308,#4702,#4703);
#4142=AXIS2_PLACEMENT_3D('',#6310,#4704,#4705);
#4143=AXIS2_PLACEMENT_3D('',#6311,#4706,#4707);
#4144=AXIS2_PLACEMENT_3D('',#6312,#4708,#4709);
#4145=AXIS2_PLACEMENT_3D('',#6315,#4711,#4712);
#4146=AXIS2_PLACEMENT_3D('',#6316,#4713,#4714);
#4147=AXIS2_PLACEMENT_3D('',#6322,#4718,#4719);
#4148=AXIS2_PLACEMENT_3D('',#6324,#4720,#4721);
#4149=AXIS2_PLACEMENT_3D('',#6327,#4723,#4724);
#4150=AXIS2_PLACEMENT_3D('',#6328,#4725,#4726);
#4151=AXIS2_PLACEMENT_3D('',#6329,#4727,#4728);
#4152=AXIS2_PLACEMENT_3D('',#6330,#4729,#4730);
#4153=AXIS2_PLACEMENT_3D('',#6331,#4731,#4732);
#4154=AXIS2_PLACEMENT_3D('',#6332,#4733,#4734);
#4155=AXIS2_PLACEMENT_3D('',#6333,#4735,#4736);
#4156=AXIS2_PLACEMENT_3D('',#6334,#4737,#4738);
#4157=AXIS2_PLACEMENT_3D('',#6336,#4739,#4740);
#4158=AXIS2_PLACEMENT_3D('',#6337,#4741,#4742);
#4159=AXIS2_PLACEMENT_3D('',#6523,#4743,#4744);
#4160=AXIS2_PLACEMENT_3D('',#6687,#4745,#4746);
#4161=AXIS2_PLACEMENT_3D('',#6688,#4747,#4748);
#4162=AXIS2_PLACEMENT_3D('',#6697,#4753,#4754);
#4163=AXIS2_PLACEMENT_3D('',#6720,#4756,#4757);
#4164=AXIS2_PLACEMENT_3D('',#6721,#4758,#4759);
#4165=AXIS2_PLACEMENT_3D('',#6727,#4763,#4764);
#4166=AXIS2_PLACEMENT_3D('',#6750,#4766,#4767);
#4167=AXIS2_PLACEMENT_3D('',#6751,#4768,#4769);
#4168=AXIS2_PLACEMENT_3D('',#6757,#4773,#4774);
#4169=AXIS2_PLACEMENT_3D('',#6780,#4776,#4777);
#4170=AXIS2_PLACEMENT_3D('',#6781,#4778,#4779);
#4171=AXIS2_PLACEMENT_3D('',#6787,#4783,#4784);
#4172=AXIS2_PLACEMENT_3D('',#6810,#4786,#4787);
#4173=AXIS2_PLACEMENT_3D('',#6811,#4788,#4789);
#4174=AXIS2_PLACEMENT_3D('',#6817,#4793,#4794);
#4175=AXIS2_PLACEMENT_3D('',#6840,#4796,#4797);
#4176=AXIS2_PLACEMENT_3D('',#6841,#4798,#4799);
#4177=AXIS2_PLACEMENT_3D('',#6847,#4803,#4804);
#4178=AXIS2_PLACEMENT_3D('',#6870,#4806,#4807);
#4179=AXIS2_PLACEMENT_3D('',#6871,#4808,#4809);
#4180=AXIS2_PLACEMENT_3D('',#6877,#4813,#4814);
#4181=AXIS2_PLACEMENT_3D('',#6900,#4816,#4817);
#4182=AXIS2_PLACEMENT_3D('',#6901,#4818,#4819);
#4183=AXIS2_PLACEMENT_3D('',#6907,#4823,#4824);
#4184=AXIS2_PLACEMENT_3D('',#6927,#4825,#4826);
#4185=AXIS2_PLACEMENT_3D('',#6928,#4827,#4828);
#4186=AXIS2_PLACEMENT_3D('',#6932,#4830,#4831);
#4187=AXIS2_PLACEMENT_3D('',#6934,#4833,#4834);
#4188=AXIS2_PLACEMENT_3D('',#6938,#4837,#4838);
#4189=AXIS2_PLACEMENT_3D('',#6941,#4840,#4841);
#4190=AXIS2_PLACEMENT_3D('',#6942,#4842,#4843);
#4191=AXIS2_PLACEMENT_3D('',#6951,#4849,#4850);
#4192=AXIS2_PLACEMENT_3D('',#6954,#4852,#4853);
#4193=AXIS2_PLACEMENT_3D('',#6955,#4854,#4855);
#4194=AXIS2_PLACEMENT_3D('',#6959,#4858,#4859);
#4195=AXIS2_PLACEMENT_3D('',#6962,#4861,#4862);
#4196=AXIS2_PLACEMENT_3D('',#6963,#4863,#4864);
#4197=AXIS2_PLACEMENT_3D('',#7015,#4873,#4874);
#4198=AXIS2_PLACEMENT_3D('',#7018,#4875,#4876);
#4199=AXIS2_PLACEMENT_3D('',#7020,#4877,#4878);
#4200=AXIS2_PLACEMENT_3D('',#7022,#4879,#4880);
#4201=AXIS2_PLACEMENT_3D('',#7023,#4881,#4882);
#4202=AXIS2_PLACEMENT_3D('',#7024,#4883,#4884);
#4203=AXIS2_PLACEMENT_3D('',#7027,#4885,#4886);
#4204=AXIS2_PLACEMENT_3D('',#7030,#4889,#4890);
#4205=AXIS2_PLACEMENT_3D('',#7033,#4891,#4892);
#4206=AXIS2_PLACEMENT_3D('',#7034,#4893,#4894);
#4207=AXIS2_PLACEMENT_3D('',#7035,#4895,#4896);
#4208=AXIS2_PLACEMENT_3D('',#7036,#4897,#4898);
#4209=AXIS2_PLACEMENT_3D('',#7039,#4899,#4900);
#4210=AXIS2_PLACEMENT_3D('',#7042,#4903,#4904);
#4211=AXIS2_PLACEMENT_3D('',#7045,#4905,#4906);
#4212=AXIS2_PLACEMENT_3D('',#7046,#4907,#4908);
#4213=AXIS2_PLACEMENT_3D('',#7047,#4909,#4910);
#4214=AXIS2_PLACEMENT_3D('',#7048,#4911,#4912);
#4215=AXIS2_PLACEMENT_3D('',#7050,#4913,#4914);
#4216=AXIS2_PLACEMENT_3D('',#7052,#4915,#4916);
#4217=AXIS2_PLACEMENT_3D('',#7064,#4920,#4921);
#4218=AXIS2_PLACEMENT_3D('',#7066,#4922,#4923);
#4219=AXIS2_PLACEMENT_3D('',#7067,#4924,#4925);
#4220=AXIS2_PLACEMENT_3D('',#7068,#4926,#4927);
#4221=AXIS2_PLACEMENT_3D('',#7070,#4928,#4929);
#4222=AXIS2_PLACEMENT_3D('',#7072,#4931,#4932);
#4223=AXIS2_PLACEMENT_3D('',#7074,#4933,#4934);
#4224=AXIS2_PLACEMENT_3D('',#7075,#4935,#4936);
#4225=AXIS2_PLACEMENT_3D('',#7076,#4937,#4938);
#4226=AXIS2_PLACEMENT_3D('',#7078,#4939,#4940);
#4227=AXIS2_PLACEMENT_3D('',#7080,#4942,#4943);
#4228=AXIS2_PLACEMENT_3D('',#7082,#4944,#4945);
#4229=AXIS2_PLACEMENT_3D('',#7083,#4946,#4947);
#4230=AXIS2_PLACEMENT_3D('',#7084,#4948,#4949);
#4231=AXIS2_PLACEMENT_3D('',#7086,#4950,#4951);
#4232=AXIS2_PLACEMENT_3D('',#7088,#4953,#4954);
#4233=AXIS2_PLACEMENT_3D('',#7090,#4955,#4956);
#4234=AXIS2_PLACEMENT_3D('',#7091,#4957,#4958);
#4235=AXIS2_PLACEMENT_3D('',#7092,#4959,#4960);
#4236=AXIS2_PLACEMENT_3D('',#7104,#4962,#4963);
#4237=AXIS2_PLACEMENT_3D('',#7107,#4965,#4966);
#4238=AXIS2_PLACEMENT_3D('',#7127,#4970,#4971);
#4239=AXIS2_PLACEMENT_3D('',#7130,#4972,#4973);
#4240=AXIS2_PLACEMENT_3D('',#7131,#4974,#4975);
#4241=AXIS2_PLACEMENT_3D('',#7132,#4976,#4977);
#4242=AXIS2_PLACEMENT_3D('',#7133,#4978,#4979);
#4243=AXIS2_PLACEMENT_3D('',#7136,#4982,#4983);
#4244=AXIS2_PLACEMENT_3D('',#7142,#4987,#4988);
#4245=AXIS2_PLACEMENT_3D('',#7145,#4990,#4991);
#4246=AXIS2_PLACEMENT_3D('',#7146,#4992,#4993);
#4247=AXIS2_PLACEMENT_3D('',#7150,#4996,#4997);
#4248=AXIS2_PLACEMENT_3D('',#7153,#4999,#5000);
#4249=AXIS2_PLACEMENT_3D('',#7154,#5001,#5002);
#4250=AXIS2_PLACEMENT_3D('',#7158,#5005,#5006);
#4251=AXIS2_PLACEMENT_3D('',#7161,#5008,#5009);
#4252=AXIS2_PLACEMENT_3D('',#7162,#5010,#5011);
#4253=AXIS2_PLACEMENT_3D('',#7166,#5014,#5015);
#4254=AXIS2_PLACEMENT_3D('',#7169,#5017,#5018);
#4255=AXIS2_PLACEMENT_3D('',#7170,#5019,#5020);
#4256=AXIS2_PLACEMENT_3D('',#7172,#5021,#5022);
#4257=AXIS2_PLACEMENT_3D('',#7175,#5024,#5025);
#4258=AXIS2_PLACEMENT_3D('',#7176,#5026,#5027);
#4259=AXIS2_PLACEMENT_3D('',#7193,#5031,#5032);
#4260=AXIS2_PLACEMENT_3D('',#7195,#5033,#5034);
#4261=AXIS2_PLACEMENT_3D('',#7197,#5035,#5036);
#4262=AXIS2_PLACEMENT_3D('',#7198,#5037,#5038);
#4263=AXIS2_PLACEMENT_3D('',#7199,#5039,#5040);
#4264=AXIS2_PLACEMENT_3D('',#7201,#5041,#5042);
#4265=AXIS2_PLACEMENT_3D('',#7205,#5044,#5045);
#4266=AXIS2_PLACEMENT_3D('',#7206,#5046,#5047);
#4267=AXIS2_PLACEMENT_3D('',#7207,#5048,#5049);
#4268=AXIS2_PLACEMENT_3D('',#7209,#5050,#5051);
#4269=AXIS2_PLACEMENT_3D('',#7211,#5052,#5053);
#4270=AXIS2_PLACEMENT_3D('',#7221,#5059,#5060);
#4271=AXIS2_PLACEMENT_3D('',#7230,#5065,#5066);
#4272=AXIS2_PLACEMENT_3D('',#7234,#5068,#5069);
#4273=AXIS2_PLACEMENT_3D('',#7235,#5070,#5071);
#4274=AXIS2_PLACEMENT_3D('',#7236,#5072,#5073);
#4275=AXIS2_PLACEMENT_3D('',#7242,#5077,#5078);
#4276=AXIS2_PLACEMENT_3D('',#7246,#5080,#5081);
#4277=AXIS2_PLACEMENT_3D('',#7247,#5082,#5083);
#4278=AXIS2_PLACEMENT_3D('',#7248,#5084,#5085);
#4279=AXIS2_PLACEMENT_3D('',#7254,#5089,#5090);
#4280=AXIS2_PLACEMENT_3D('',#7258,#5092,#5093);
#4281=AXIS2_PLACEMENT_3D('',#7259,#5094,#5095);
#4282=AXIS2_PLACEMENT_3D('',#7260,#5096,#5097);
#4283=AXIS2_PLACEMENT_3D('',#7266,#5101,#5102);
#4284=AXIS2_PLACEMENT_3D('',#7270,#5104,#5105);
#4285=AXIS2_PLACEMENT_3D('',#7271,#5106,#5107);
#4286=AXIS2_PLACEMENT_3D('',#7272,#5108,#5109);
#4287=AXIS2_PLACEMENT_3D('',#7278,#5113,#5114);
#4288=AXIS2_PLACEMENT_3D('',#7280,#5115,#5116);
#4289=AXIS2_PLACEMENT_3D('',#7283,#5118,#5119);
#4290=AXIS2_PLACEMENT_3D('',#7284,#5120,#5121);
#4291=AXIS2_PLACEMENT_3D('',#7290,#5125,#5126);
#4292=AXIS2_PLACEMENT_3D('',#7292,#5127,#5128);
#4293=AXIS2_PLACEMENT_3D('',#7295,#5130,#5131);
#4294=AXIS2_PLACEMENT_3D('',#7296,#5132,#5133);
#4295=AXIS2_PLACEMENT_3D('',#7302,#5137,#5138);
#4296=AXIS2_PLACEMENT_3D('',#7304,#5139,#5140);
#4297=AXIS2_PLACEMENT_3D('',#7307,#5142,#5143);
#4298=AXIS2_PLACEMENT_3D('',#7308,#5144,#5145);
#4299=AXIS2_PLACEMENT_3D('',#7314,#5149,#5150);
#4300=AXIS2_PLACEMENT_3D('',#7315,#5151,#5152);
#4301=AXIS2_PLACEMENT_3D('',#7316,#5153,#5154);
#4302=AXIS2_PLACEMENT_3D('',#7317,#5155,#5156);
#4303=AXIS2_PLACEMENT_3D('',#7320,#5159,#5160);
#4304=AXIS2_PLACEMENT_3D('',#7322,#5162,#5163);
#4305=AXIS2_PLACEMENT_3D('',#7324,#5165,#5166);
#4306=AXIS2_PLACEMENT_3D('',#7326,#5168,#5169);
#4307=AXIS2_PLACEMENT_3D('',#7328,#5171,#5172);
#4308=AXIS2_PLACEMENT_3D('',#7330,#5174,#5175);
#4309=AXIS2_PLACEMENT_3D('',#7332,#5177,#5178);
#4310=AXIS2_PLACEMENT_3D('',#7334,#5180,#5181);
#4311=AXIS2_PLACEMENT_3D('',#7335,#5182,#5183);
#4312=AXIS2_PLACEMENT_3D('',#7339,#5185,#5186);
#4313=AXIS2_PLACEMENT_3D('',#7341,#5188,#5189);
#4314=AXIS2_PLACEMENT_3D('',#7345,#5192,#5193);
#4315=AXIS2_PLACEMENT_3D('',#7346,#5194,#5195);
#4316=AXIS2_PLACEMENT_3D('',#7347,#5196,#5197);
#4317=AXIS2_PLACEMENT_3D('',#7349,#5199,#5200);
#4318=AXIS2_PLACEMENT_3D('',#7351,#5202,#5203);
#4319=AXIS2_PLACEMENT_3D('',#7353,#5205,#5206);
#4320=AXIS2_PLACEMENT_3D('',#7355,#5208,#5209);
#4321=AXIS2_PLACEMENT_3D('',#7358,#5212,#5213);
#4322=AXIS2_PLACEMENT_3D('',#7359,#5214,#5215);
#4323=AXIS2_PLACEMENT_3D('',#7361,#5217,#5218);
#4324=AXIS2_PLACEMENT_3D('',#7362,#5219,#5220);
#4325=AXIS2_PLACEMENT_3D('',#7366,#5222,#5223);
#4326=AXIS2_PLACEMENT_3D('',#7367,#5224,#5225);
#4327=AXIS2_PLACEMENT_3D('',#7368,#5226,#5227);
#4328=AXIS2_PLACEMENT_3D('',#7370,#5228,#5229);
#4329=AXIS2_PLACEMENT_3D('',#7371,#5230,#5231);
#4330=AXIS2_PLACEMENT_3D('',#7372,#5232,#5233);
#4331=AXIS2_PLACEMENT_3D('',#7375,#5235,#5236);
#4332=AXIS2_PLACEMENT_3D('',#7376,#5237,#5238);
#4333=AXIS2_PLACEMENT_3D('',#7379,#5240,#5241);
#4334=AXIS2_PLACEMENT_3D('',#7380,#5242,#5243);
#4335=AXIS2_PLACEMENT_3D('',#7383,#5245,#5246);
#4336=AXIS2_PLACEMENT_3D('',#7384,#5247,#5248);
#4337=AXIS2_PLACEMENT_3D('',#7387,#5250,#5251);
#4338=AXIS2_PLACEMENT_3D('',#7388,#5252,#5253);
#4339=AXIS2_PLACEMENT_3D('',#7391,#5255,#5256);
#4340=AXIS2_PLACEMENT_3D('',#7392,#5257,#5258);
#4341=AXIS2_PLACEMENT_3D('',#7395,#5260,#5261);
#4342=AXIS2_PLACEMENT_3D('',#7396,#5262,#5263);
#4343=AXIS2_PLACEMENT_3D('',#7399,#5265,#5266);
#4344=AXIS2_PLACEMENT_3D('',#7400,#5267,#5268);
#4345=AXIS2_PLACEMENT_3D('',#7403,#5270,#5271);
#4346=AXIS2_PLACEMENT_3D('',#7404,#5272,#5273);
#4347=AXIS2_PLACEMENT_3D('',#7406,#5274,#5275);
#4348=AXIS2_PLACEMENT_3D('',#7407,#5276,#5277);
#4349=AXIS2_PLACEMENT_3D('',#7408,#5278,#5279);
#4350=AXIS2_PLACEMENT_3D('',#7410,#5281,#5282);
#4351=AXIS2_PLACEMENT_3D('',#7416,#5286,#5287);
#4352=AXIS2_PLACEMENT_3D('',#7419,#5289,#5290);
#4353=AXIS2_PLACEMENT_3D('',#7420,#5291,#5292);
#4354=AXIS2_PLACEMENT_3D('',#7424,#5295,#5296);
#4355=AXIS2_PLACEMENT_3D('',#7428,#5299,#5300);
#4356=AXIS2_PLACEMENT_3D('',#7432,#5303,#5304);
#4357=AXIS2_PLACEMENT_3D('',#7436,#5307,#5308);
#4358=AXIS2_PLACEMENT_3D('',#7440,#5311,#5312);
#4359=AXIS2_PLACEMENT_3D('',#7444,#5315,#5316);
#4360=AXIS2_PLACEMENT_3D('',#7448,#5319,#5320);
#4361=AXIS2_PLACEMENT_3D('',#7452,#5323,#5324);
#4362=AXIS2_PLACEMENT_3D('',#7456,#5327,#5328);
#4363=AXIS2_PLACEMENT_3D('',#7459,#5330,#5331);
#4364=AXIS2_PLACEMENT_3D('',#7460,#5332,#5333);
#4365=AXIS2_PLACEMENT_3D('',#7462,#5335,#5336);
#4366=AXIS2_PLACEMENT_3D('',#7465,#5338,#5339);
#4367=AXIS2_PLACEMENT_3D('',#7466,#5340,#5341);
#4368=AXIS2_PLACEMENT_3D('',#7468,#5342,#5343);
#4369=AXIS2_PLACEMENT_3D('',#7470,#5345,#5346);
#4370=AXIS2_PLACEMENT_3D('',#7472,#5347,#5348);
#4371=AXIS2_PLACEMENT_3D('',#7474,#5350,#5351);
#4372=AXIS2_PLACEMENT_3D('',#7476,#5352,#5353);
#4373=AXIS2_PLACEMENT_3D('',#7478,#5355,#5356);
#4374=AXIS2_PLACEMENT_3D('',#7491,#5357,#5358);
#4375=AXIS2_PLACEMENT_3D('',#7492,#5359,#5360);
#4376=AXIS2_PLACEMENT_3D('',#7493,#5361,#5362);
#4377=AXIS2_PLACEMENT_3D('',#7495,#5363,#5364);
#4378=AXIS2_PLACEMENT_3D('',#7507,#5366,#5367);
#4379=AXIS2_PLACEMENT_3D('',#7508,#5368,#5369);
#4380=AXIS2_PLACEMENT_3D('',#7509,#5370,#5371);
#4381=AXIS2_PLACEMENT_3D('',#7511,#5372,#5373);
#4382=AXIS2_PLACEMENT_3D('',#7512,#5374,#5375);
#4383=AXIS2_PLACEMENT_3D('',#7513,#5376,#5377);
#4384=AXIS2_PLACEMENT_3D('',#7516,#5379,#5380);
#4385=AXIS2_PLACEMENT_3D('',#7517,#5381,#5382);
#4386=AXIS2_PLACEMENT_3D('',#7519,#5383,#5384);
#4387=AXIS2_PLACEMENT_3D('',#7520,#5385,#5386);
#4388=AXIS2_PLACEMENT_3D('',#7531,#5387,#5388);
#4389=AXIS2_PLACEMENT_3D('',#7532,#5389,#5390);
#4390=AXIS2_PLACEMENT_3D('',#7533,#5391,#5392);
#4391=AXIS2_PLACEMENT_3D('',#7535,#5394,#5395);
#4392=AXIS2_PLACEMENT_3D('',#7538,#5397,#5398);
#4393=AXIS2_PLACEMENT_3D('',#7539,#5399,#5400);
#4394=AXIS2_PLACEMENT_3D('',#7543,#5403,#5404);
#4395=AXIS2_PLACEMENT_3D('',#7547,#5407,#5408);
#4396=AXIS2_PLACEMENT_3D('',#7551,#5411,#5412);
#4397=AXIS2_PLACEMENT_3D('',#7555,#5415,#5416);
#4398=AXIS2_PLACEMENT_3D('',#7559,#5418,#5419);
#4399=AXIS2_PLACEMENT_3D('',#7561,#5421,#5422);
#4400=AXIS2_PLACEMENT_3D('',#7564,#5424,#5425);
#4401=AXIS2_PLACEMENT_3D('',#7565,#5426,#5427);
#4402=AXIS2_PLACEMENT_3D('',#7569,#5430,#5431);
#4403=AXIS2_PLACEMENT_3D('',#7572,#5433,#5434);
#4404=AXIS2_PLACEMENT_3D('',#7573,#5435,#5436);
#4405=AXIS2_PLACEMENT_3D('',#7576,#5438,#5439);
#4406=AXIS2_PLACEMENT_3D('',#7577,#5440,#5441);
#4407=AXIS2_PLACEMENT_3D('',#7582,#5445,#5446);
#4408=AXIS2_PLACEMENT_3D('',#7585,#5448,#5449);
#4409=AXIS2_PLACEMENT_3D('',#7586,#5450,#5451);
#4410=AXIS2_PLACEMENT_3D('',#7588,#5453,#5454);
#4411=AXIS2_PLACEMENT_3D('',#7589,#5455,#5456);
#4412=AXIS2_PLACEMENT_3D('',#7591,#5457,#5458);
#4413=AXIS2_PLACEMENT_3D('',#7593,#5460,#5461);
#4414=AXIS2_PLACEMENT_3D('',#7597,#5464,#5465);
#4415=AXIS2_PLACEMENT_3D('',#7601,#5468,#5469);
#4416=AXIS2_PLACEMENT_3D('',#7603,#5470,#5471);
#4417=AXIS2_PLACEMENT_3D('',#7605,#5473,#5474);
#4418=AXIS2_PLACEMENT_3D('',#7609,#5477,#5478);
#4419=AXIS2_PLACEMENT_3D('',#7611,#5479,#5480);
#4420=AXIS2_PLACEMENT_3D('',#7613,#5482,#5483);
#4421=AXIS2_PLACEMENT_3D('',#7614,#5484,#5485);
#4422=AXIS2_PLACEMENT_3D('',#7615,#5486,#5487);
#4423=AXIS2_PLACEMENT_3D('',#7623,#5492,#5493);
#4424=AXIS2_PLACEMENT_3D('',#7627,#5496,#5497);
#4425=AXIS2_PLACEMENT_3D('',#7628,#5498,#5499);
#4426=AXIS2_PLACEMENT_3D('',#7629,#5500,#5501);
#4427=AXIS2_PLACEMENT_3D('',#7630,#5502,#5503);
#4428=AXIS2_PLACEMENT_3D('',#7631,#5504,#5505);
#4429=AXIS2_PLACEMENT_3D('',#7632,#5506,#5507);
#4430=AXIS2_PLACEMENT_3D('',#7633,#5508,#5509);
#4431=AXIS2_PLACEMENT_3D('',#7634,#5510,#5511);
#4432=AXIS2_PLACEMENT_3D('',#7635,#5512,#5513);
#4433=AXIS2_PLACEMENT_3D('',#7636,#5514,#5515);
#4434=AXIS2_PLACEMENT_3D('',#7637,#5516,#5517);
#4435=AXIS2_PLACEMENT_3D('',#7638,#5518,#5519);
#4436=AXIS2_PLACEMENT_3D('',#7639,#5520,#5521);
#4437=AXIS2_PLACEMENT_3D('',#7640,#5522,#5523);
#4438=AXIS2_PLACEMENT_3D('',#7641,#5524,#5525);
#4439=AXIS2_PLACEMENT_3D('',#7643,#5526,#5527);
#4440=AXIS2_PLACEMENT_3D('',#7644,#5528,#5529);
#4441=AXIS2_PLACEMENT_3D('',#7645,#5530,#5531);
#4442=AXIS2_PLACEMENT_3D('',#7646,#5532,#5533);
#4443=AXIS2_PLACEMENT_3D('',#7647,#5534,#5535);
#4444=AXIS2_PLACEMENT_3D('',#7648,#5536,#5537);
#4445=AXIS2_PLACEMENT_3D('',#7649,#5538,#5539);
#4446=AXIS2_PLACEMENT_3D('',#7650,#5540,#5541);
#4447=AXIS2_PLACEMENT_3D('',#7651,#5542,#5543);
#4448=AXIS2_PLACEMENT_3D('',#7653,#5545,#5546);
#4449=AXIS2_PLACEMENT_3D('',#7655,#5548,#5549);
#4450=AXIS2_PLACEMENT_3D('',#7656,#5550,#5551);
#4451=AXIS2_PLACEMENT_3D('',#7657,#5552,#5553);
#4452=AXIS2_PLACEMENT_3D('',#7658,#5554,#5555);
#4453=AXIS2_PLACEMENT_3D('',#7659,#5556,#5557);
#4454=AXIS2_PLACEMENT_3D('',#7660,#5558,#5559);
#4455=AXIS2_PLACEMENT_3D('',#7661,#5560,#5561);
#4456=AXIS2_PLACEMENT_3D('',#7823,#5564,#5565);
#4457=AXIS2_PLACEMENT_3D('',#7834,#5566,#5567);
#4458=AXIS2_PLACEMENT_3D('',#8007,#5568,#5569);
#4459=AXIS2_PLACEMENT_3D('',#8020,#5570,#5571);
#4460=AXIS2_PLACEMENT_3D('',#8033,#5574,#5575);
#4461=AXIS2_PLACEMENT_3D('',#8034,#5576,#5577);
#4462=AXIS2_PLACEMENT_3D('',#8036,#5578,#5579);
#4463=AXIS2_PLACEMENT_3D('',#8040,#5581,#5582);
#4464=AXIS2_PLACEMENT_3D('',#8044,#5584,#5585);
#4465=AXIS2_PLACEMENT_3D('',#8048,#5587,#5588);
#4466=AXIS2_PLACEMENT_3D('',#8052,#5590,#5591);
#4467=AXIS2_PLACEMENT_3D('',#8057,#5594,#5595);
#4468=AXIS2_PLACEMENT_3D('',#8059,#5597,#5598);
#4469=AXIS2_PLACEMENT_3D('',#8063,#5600,#5601);
#4470=AXIS2_PLACEMENT_3D('',#8067,#5603,#5604);
#4471=AXIS2_PLACEMENT_3D('',#8246,#5606,#5607);
#4472=AXIS2_PLACEMENT_3D('',#8259,#5610,#5611);
#4473=AXIS2_PLACEMENT_3D('',#8419,#5613,#5614);
#4474=AXIS2_PLACEMENT_3D('',#8442,#5617,#5618);
#4475=AXIS2_PLACEMENT_3D('',#8444,#5620,#5621);
#4476=AXIS2_PLACEMENT_3D('',#8446,#5623,#5624);
#4477=AXIS2_PLACEMENT_3D('',#8448,#5626,#5627);
#4478=AXIS2_PLACEMENT_3D('',#8450,#5629,#5630);
#4479=AXIS2_PLACEMENT_3D('',#8452,#5632,#5633);
#4480=AXIS2_PLACEMENT_3D('',#8454,#5635,#5636);
#4481=AXIS2_PLACEMENT_3D('',#8455,#5637,#5638);
#4482=AXIS2_PLACEMENT_3D('',#8458,#5641,#5642);
#4483=AXIS2_PLACEMENT_3D('',#8459,#5643,#5644);
#4484=AXIS2_PLACEMENT_3D('',#8462,#5647,#5648);
#4485=AXIS2_PLACEMENT_3D('',#8463,#5649,#5650);
#4486=AXIS2_PLACEMENT_3D('',#8464,#5651,#5652);
#4487=AXIS2_PLACEMENT_3D('',#8465,#5653,#5654);
#4488=AXIS2_PLACEMENT_3D('',#8467,#5656,#5657);
#4489=AXIS2_PLACEMENT_3D('',#8468,#5658,#5659);
#4490=AXIS2_PLACEMENT_3D('',#8470,#5661,#5662);
#4491=DIRECTION('axis',(0.,0.,1.));
#4492=DIRECTION('refdir',(1.,0.,0.));
#4493=DIRECTION('center_axis',(0.,-1.,0.));
#4494=DIRECTION('ref_axis',(1.,0.,-8.79210968047781E-17));
#4495=DIRECTION('',(0.,-1.,0.));
#4496=DIRECTION('center_axis',(0.,-1.,0.));
#4497=DIRECTION('ref_axis',(1.,0.,-8.79210968047781E-17));
#4498=DIRECTION('center_axis',(0.,-1.,0.));
#4499=DIRECTION('ref_axis',(1.,0.,-8.79210968047781E-17));
#4500=DIRECTION('',(0.,-1.,0.));
#4501=DIRECTION('center_axis',(0.,-1.,0.));
#4502=DIRECTION('ref_axis',(1.,0.,-8.79210968047781E-17));
#4503=DIRECTION('center_axis',(0.,-1.,0.));
#4504=DIRECTION('ref_axis',(1.,0.,-8.79210968047781E-17));
#4505=DIRECTION('',(0.,-1.,0.));
#4506=DIRECTION('center_axis',(0.,-1.,0.));
#4507=DIRECTION('ref_axis',(1.,0.,-8.79210968047781E-17));
#4508=DIRECTION('',(0.,-1.,0.));
#4509=DIRECTION('center_axis',(0.,-1.,0.));
#4510=DIRECTION('ref_axis',(1.,0.,-8.79210968047781E-17));
#4511=DIRECTION('center_axis',(0.,-1.,0.));
#4512=DIRECTION('ref_axis',(1.,0.,-8.79210968047781E-17));
#4513=DIRECTION('',(0.,-1.,0.));
#4514=DIRECTION('center_axis',(0.,-1.,0.));
#4515=DIRECTION('ref_axis',(1.,0.,-8.79210968047781E-17));
#4516=DIRECTION('center_axis',(0.,-1.,0.));
#4517=DIRECTION('ref_axis',(1.,0.,-8.79210968047781E-17));
#4518=DIRECTION('center_axis',(0.,-1.,0.));
#4519=DIRECTION('ref_axis',(1.,0.,-8.79210968047781E-17));
#4520=DIRECTION('center_axis',(0.,-1.,0.));
#4521=DIRECTION('ref_axis',(1.,0.,-8.79210968047781E-17));
#4522=DIRECTION('',(0.,-1.,0.));
#4523=DIRECTION('center_axis',(0.,-1.,0.));
#4524=DIRECTION('ref_axis',(1.,0.,-8.79210968047781E-17));
#4525=DIRECTION('center_axis',(0.,-1.,0.));
#4526=DIRECTION('ref_axis',(1.,0.,-8.79210968047781E-17));
#4527=DIRECTION('',(0.,-1.,0.));
#4528=DIRECTION('center_axis',(0.,-1.,0.));
#4529=DIRECTION('ref_axis',(1.,0.,-8.79210968047781E-17));
#4530=DIRECTION('center_axis',(0.,-1.,0.));
#4531=DIRECTION('ref_axis',(1.,0.,-8.79210968047781E-17));
#4532=DIRECTION('',(0.,-1.,0.));
#4533=DIRECTION('center_axis',(0.,-1.,0.));
#4534=DIRECTION('ref_axis',(1.,0.,-8.79210968047781E-17));
#4535=DIRECTION('center_axis',(0.,-1.,0.));
#4536=DIRECTION('ref_axis',(0.,0.,-1.));
#4537=DIRECTION('center_axis',(-0.533756217964746,0.,0.845638397770566));
#4538=DIRECTION('ref_axis',(0.,1.,0.));
#4539=DIRECTION('center_axis',(0.,1.,0.));
#4540=DIRECTION('ref_axis',(-0.935330677606363,0.,-0.353774679037974));
#4541=DIRECTION('center_axis',(0.,0.,-1.));
#4542=DIRECTION('ref_axis',(-1.,0.,0.));
#4543=DIRECTION('center_axis',(0.,-1.,0.));
#4544=DIRECTION('ref_axis',(-0.935330677606363,0.,-0.353774679037974));
#4545=DIRECTION('center_axis',(0.,0.,1.));
#4546=DIRECTION('ref_axis',(-0.70710678118654,0.707106781186555,0.));
#4547=DIRECTION('center_axis',(0.,0.,-1.));
#4548=DIRECTION('ref_axis',(-1.,0.,0.));
#4549=DIRECTION('',(0.,0.,-1.));
#4550=DIRECTION('',(0.,0.,1.));
#4551=DIRECTION('center_axis',(0.,-1.,0.));
#4552=DIRECTION('ref_axis',(0.,0.,-1.));
#4553=DIRECTION('center_axis',(-0.249946442277461,1.73435184462237E-16,
-0.968259663516373));
#4554=DIRECTION('ref_axis',(-0.968259663516373,0.,0.249946442277461));
#4555=DIRECTION('center_axis',(0.,-1.,0.));
#4556=DIRECTION('ref_axis',(-0.998381003367977,0.,0.0568803315211159));
#4557=DIRECTION('center_axis',(0.,1.,0.));
#4558=DIRECTION('ref_axis',(-0.998381003367977,0.,0.0568803315211159));
#4559=DIRECTION('center_axis',(-0.245345419800311,-3.23460909182755E-15,
0.969435725039576));
#4560=DIRECTION('ref_axis',(-1.3183898417424E-14,1.,0.));
#4561=DIRECTION('center_axis',(0.,1.,0.));
#4562=DIRECTION('ref_axis',(-0.935330677606363,0.,0.353774679037975));
#4563=DIRECTION('',(0.,-1.,0.));
#4564=DIRECTION('center_axis',(0.,-1.,0.));
#4565=DIRECTION('ref_axis',(-0.935330677606363,0.,0.353774679037975));
#4566=DIRECTION('',(0.,1.,0.));
#4567=DIRECTION('center_axis',(-1.,0.,0.));
#4568=DIRECTION('ref_axis',(0.,0.,1.));
#4569=DIRECTION('',(0.,1.,0.));
#4570=DIRECTION('',(0.,0.,-1.));
#4571=DIRECTION('center_axis',(0.,-1.,0.));
#4572=DIRECTION('ref_axis',(-0.935330677606363,0.,-0.353774679037976));
#4573=DIRECTION('',(0.,-1.,0.));
#4574=DIRECTION('center_axis',(0.,-1.,0.));
#4575=DIRECTION('ref_axis',(-0.935330677606363,0.,-0.353774679037976));
#4576=DIRECTION('center_axis',(0.,0.,1.));
#4577=DIRECTION('ref_axis',(0.707106781186548,0.707106781186548,0.));
#4578=DIRECTION('',(0.,0.,1.));
#4579=DIRECTION('',(0.,0.,-1.));
#4580=DIRECTION('center_axis',(0.,1.,0.));
#4581=DIRECTION('ref_axis',(0.,0.,1.));
#4582=DIRECTION('',(-1.,0.,1.30614473485312E-16));
#4583=DIRECTION('',(0.707106781186547,0.,0.707106781186548));
#4584=DIRECTION('center_axis',(0.,-1.,0.));
#4585=DIRECTION('ref_axis',(0.245858618347209,0.,-0.969305699861711));
#4586=DIRECTION('',(0.958646866278097,0.,-0.284598288426309));
#4587=DIRECTION('',(0.661792620529126,0.,0.749686952943154));
#4588=DIRECTION('',(0.,0.,1.));
#4589=DIRECTION('',(-0.661792620529126,0.,0.749686952943155));
#4590=DIRECTION('',(-5.55111512312578E-16,0.,1.));
#4591=DIRECTION('',(0.661792620529126,0.,0.749686952943155));
#4592=DIRECTION('',(2.77555756156289E-16,0.,1.));
#4593=DIRECTION('',(-0.661792620529127,0.,0.749686952943154));
#4594=DIRECTION('',(-0.958646866278097,0.,-0.284598288426309));
#4595=DIRECTION('center_axis',(0.,-1.,0.));
#4596=DIRECTION('ref_axis',(0.245858618347207,0.,0.969305699861711));
#4597=DIRECTION('',(-0.707106781186548,0.,0.707106781186548));
#4598=DIRECTION('',(1.,0.,-1.7415263131375E-16));
#4599=DIRECTION('center_axis',(0.,-1.,0.));
#4600=DIRECTION('ref_axis',(-0.411222190227422,0.,-0.911535139347114));
#4601=DIRECTION('',(0.661792620529126,0.,-0.749686952943155));
#4602=DIRECTION('center_axis',(0.,-1.,0.));
#4603=DIRECTION('ref_axis',(-0.935330677606363,0.,-0.353774679037974));
#4604=DIRECTION('',(-1.9888013400852E-16,0.,-1.));
#4605=DIRECTION('center_axis',(0.,-1.,0.));
#4606=DIRECTION('ref_axis',(-0.935330677606363,0.,0.353774679037976));
#4607=DIRECTION('',(-0.661792620529126,0.,-0.749686952943155));
#4608=DIRECTION('center_axis',(0.,-1.,0.));
#4609=DIRECTION('ref_axis',(-0.41122219022742,0.,0.911535139347114));
#4610=DIRECTION('',(-0.661792620529127,0.,-0.749686952943154));
#4611=DIRECTION('',(1.,0.,-8.79210968047781E-17));
#4612=DIRECTION('',(0.661792620529126,0.,0.749686952943155));
#4613=DIRECTION('',(-0.661792620529125,0.,0.749686952943155));
#4614=DIRECTION('',(-0.661792620529125,0.,0.749686952943155));
#4615=DIRECTION('',(-1.,0.,0.));
#4616=DIRECTION('',(0.661792620529126,0.,-0.749686952943155));
#4617=DIRECTION('center_axis',(-0.661792620529125,0.,0.749686952943155));
#4618=DIRECTION('ref_axis',(0.530108728193183,0.707106781186545,0.467958049715366));
#4619=DIRECTION('center_axis',(-0.661792620529124,0.,0.749686952943157));
#4620=DIRECTION('ref_axis',(0.749686952943157,0.,0.661792620529124));
#4621=DIRECTION('center_axis',(-1.,0.,0.));
#4622=DIRECTION('ref_axis',(0.,0.,1.));
#4623=DIRECTION('',(0.661792620529125,0.,-0.749686952943155));
#4624=DIRECTION('center_axis',(-0.749686952943155,0.,-0.661792620529125));
#4625=DIRECTION('ref_axis',(-0.661792620529125,-3.53766600965012E-14,0.749686952943155));
#4626=DIRECTION('center_axis',(0.661792620529126,0.,-0.749686952943155));
#4627=DIRECTION('ref_axis',(-0.530108728193176,0.707106781186549,-0.467958049715369));
#4628=DIRECTION('',(-0.661792620529126,0.,0.749686952943155));
#4629=DIRECTION('center_axis',(0.661792620529129,0.,-0.749686952943152));
#4630=DIRECTION('ref_axis',(-0.749686952943152,0.,-0.661792620529129));
#4631=DIRECTION('center_axis',(0.411222190227418,0.,0.911535139347116));
#4632=DIRECTION('ref_axis',(-0.911535139347116,0.,0.411222190227418));
#4633=DIRECTION('center_axis',(-1.,0.,0.));
#4634=DIRECTION('ref_axis',(0.,0.707106781186547,0.707106781186547));
#4635=DIRECTION('center_axis',(0.911535139347112,-7.87116788467384E-15,
-0.411222190227427));
#4636=DIRECTION('ref_axis',(0.411222190227427,1.74476141732834E-14,0.911535139347112));
#4637=DIRECTION('',(1.,0.,0.));
#4638=DIRECTION('center_axis',(-0.661792620529125,0.,0.749686952943155));
#4639=DIRECTION('ref_axis',(0.530108728193183,0.707106781186545,0.467958049715366));
#4640=DIRECTION('center_axis',(0.661792620529126,0.,-0.749686952943155));
#4641=DIRECTION('ref_axis',(0.,1.,0.));
#4642=DIRECTION('',(0.661792620529125,0.,-0.749686952943155));
#4643=DIRECTION('center_axis',(-0.749686952943155,0.,-0.661792620529125));
#4644=DIRECTION('ref_axis',(0.661792620529126,-6.85379520460591E-15,-0.749686952943156));
#4645=DIRECTION('center_axis',(0.749686952943155,0.,0.661792620529126));
#4646=DIRECTION('ref_axis',(0.,-1.,0.));
#4647=DIRECTION('center_axis',(0.749686952943155,0.,0.661792620529126));
#4648=DIRECTION('ref_axis',(-0.661792620529126,0.,0.749686952943155));
#4649=DIRECTION('',(0.,-1.,0.));
#4650=DIRECTION('',(0.661792620529125,0.,-0.749686952943155));
#4651=DIRECTION('',(0.661792620529125,0.,-0.749686952943155));
#4652=DIRECTION('',(0.661792620529125,0.,-0.749686952943155));
#4653=DIRECTION('',(0.,1.,0.));
#4654=DIRECTION('center_axis',(0.749686952943155,0.,0.661792620529126));
#4655=DIRECTION('ref_axis',(0.,-1.,0.));
#4656=DIRECTION('center_axis',(0.806339672254089,0.,-0.591452730950808));
#4657=DIRECTION('ref_axis',(-0.418220236806623,0.707106781186542,-0.570168250190608));
#4658=DIRECTION('center_axis',(0.806339672254089,0.,-0.591452730950808));
#4659=DIRECTION('ref_axis',(-0.418220236806624,0.707106781186542,-0.570168250190607));
#4660=DIRECTION('center_axis',(-0.749686952943155,0.,0.661792620529126));
#4661=DIRECTION('ref_axis',(0.661792620529126,2.83334305817563E-15,0.749686952943155));
#4662=DIRECTION('',(0.806339672254089,0.,-0.591452730950808));
#4663=DIRECTION('center_axis',(0.806339672254089,0.,-0.591452730950808));
#4664=DIRECTION('ref_axis',(0.,1.,0.));
#4665=DIRECTION('',(-0.806339672254089,0.,0.591452730950808));
#4666=DIRECTION('center_axis',(0.661792620529126,0.,0.749686952943155));
#4667=DIRECTION('ref_axis',(0.530108728193183,0.707106781186549,-0.467958049715361));
#4668=DIRECTION('',(-0.661792620529126,0.,-0.749686952943155));
#4669=DIRECTION('',(-0.661792620529126,0.,-0.749686952943155));
#4670=DIRECTION('center_axis',(-1.,0.,0.));
#4671=DIRECTION('ref_axis',(-3.60790139828247E-17,-5.10234308915594E-17,
-1.));
#4672=DIRECTION('center_axis',(-0.91153513934712,-7.6091390637876E-16,-0.411222190227409));
#4673=DIRECTION('ref_axis',(0.411222190227409,1.68667883243001E-15,-0.91153513934712));
#4674=DIRECTION('center_axis',(1.,0.,-8.79210968047781E-17));
#4675=DIRECTION('ref_axis',(0.,0.707106781186546,-0.707106781186549));
#4676=DIRECTION('',(-1.,0.,8.79210968047781E-17));
#4677=DIRECTION('center_axis',(-0.411222190227421,-8.91637564943305E-15,
0.911535139347114));
#4678=DIRECTION('ref_axis',(-0.911535139347114,4.02245768174829E-15,-0.411222190227421));
#4679=DIRECTION('center_axis',(0.661792620529127,0.,0.749686952943154));
#4680=DIRECTION('ref_axis',(-0.530108728193183,0.707106781186549,0.46795804971536));
#4681=DIRECTION('',(0.661792620529127,0.,0.749686952943154));
#4682=DIRECTION('center_axis',(-0.749686952943155,0.,0.661792620529126));
#4683=DIRECTION('ref_axis',(-0.661792620529126,0.,-0.749686952943155));
#4684=DIRECTION('',(0.,-1.,0.));
#4685=DIRECTION('',(0.661792620529126,0.,0.749686952943155));
#4686=DIRECTION('',(0.661792620529126,0.,0.749686952943155));
#4687=DIRECTION('',(0.661792620529126,0.,0.749686952943155));
#4688=DIRECTION('',(0.,1.,0.));
#4689=DIRECTION('center_axis',(8.79210968047781E-17,0.,1.));
#4690=DIRECTION('ref_axis',(-1.,0.,8.79210968047781E-17));
#4691=DIRECTION('',(0.,1.,0.));
#4692=DIRECTION('',(1.,0.,-8.79210968047781E-17));
#4693=DIRECTION('',(1.,0.,-8.79210968047781E-17));
#4694=DIRECTION('center_axis',(0.749686952943154,0.,-0.661792620529127));
#4695=DIRECTION('ref_axis',(0.661792620529127,0.,0.749686952943154));
#4696=DIRECTION('center_axis',(0.749686952943154,0.,-0.661792620529127));
#4697=DIRECTION('ref_axis',(0.,1.,0.));
#4698=DIRECTION('',(0.,-1.,0.));
#4699=DIRECTION('',(-0.661792620529126,0.,-0.749686952943155));
#4700=DIRECTION('',(-0.661792620529126,0.,-0.749686952943155));
#4701=DIRECTION('',(-0.661792620529126,0.,-0.749686952943155));
#4702=DIRECTION('center_axis',(0.,0.,1.));
#4703=DIRECTION('ref_axis',(1.,0.,0.));
#4704=DIRECTION('center_axis',(0.792703704838921,0.,0.609607116374677));
#4705=DIRECTION('ref_axis',(0.,1.,0.));
#4706=DIRECTION('center_axis',(0.,1.,0.));
#4707=DIRECTION('ref_axis',(-0.609607116374678,0.,0.79270370483892));
#4708=DIRECTION('center_axis',(0.,1.,0.));
#4709=DIRECTION('ref_axis',(-0.609607116374677,0.,0.792703704838921));
#4710=DIRECTION('',(0.,1.,0.));
#4711=DIRECTION('center_axis',(0.,-1.,0.));
#4712=DIRECTION('ref_axis',(-0.609607116374677,0.,0.792703704838921));
#4713=DIRECTION('center_axis',(-0.609607116374673,0.,0.792703704838924));
#4714=DIRECTION('ref_axis',(0.792703704838924,0.,0.609607116374673));
#4715=DIRECTION('',(0.792703704838924,0.,0.609607116374673));
#4716=DIRECTION('',(0.,1.,0.));
#4717=DIRECTION('',(-0.792703704838924,0.,-0.609607116374673));
#4718=DIRECTION('center_axis',(0.792703704838921,0.,0.609607116374677));
#4719=DIRECTION('ref_axis',(0.431057325848116,0.707106781186543,-0.560526165163302));
#4720=DIRECTION('center_axis',(-0.792703704838921,0.,-0.609607116374677));
#4721=DIRECTION('ref_axis',(0.,1.,0.));
#4722=DIRECTION('',(-0.792703704838921,0.,-0.609607116374677));
#4723=DIRECTION('center_axis',(-0.749686952943155,0.,-0.661792620529125));
#4724=DIRECTION('ref_axis',(0.661792620529126,-6.85379520460591E-15,-0.749686952943156));
#4725=DIRECTION('center_axis',(-0.749686952943155,0.,-0.661792620529125));
#4726=DIRECTION('ref_axis',(-0.661792620529125,-3.53766600965012E-14,0.749686952943155));
#4727=DIRECTION('center_axis',(0.,0.,1.));
#4728=DIRECTION('ref_axis',(1.,0.,0.));
#4729=DIRECTION('center_axis',(0.,1.,0.));
#4730=DIRECTION('ref_axis',(-0.609607116374678,0.,0.79270370483892));
#4731=DIRECTION('center_axis',(0.,0.,1.));
#4732=DIRECTION('ref_axis',(1.,0.,0.));
#4733=DIRECTION('center_axis',(0.,1.,0.));
#4734=DIRECTION('ref_axis',(0.591452730950808,0.,0.806339672254088));
#4735=DIRECTION('center_axis',(0.,1.,0.));
#4736=DIRECTION('ref_axis',(0.591452730950808,0.,0.806339672254088));
#4737=DIRECTION('center_axis',(0.,0.,1.));
#4738=DIRECTION('ref_axis',(1.,0.,0.));
#4739=DIRECTION('center_axis',(0.,1.,0.));
#4740=DIRECTION('ref_axis',(-0.591452730950808,0.,-0.806339672254089));
#4741=DIRECTION('center_axis',(-0.749686952943155,0.,0.661792620529126));
#4742=DIRECTION('ref_axis',(0.,-1.,0.));
#4743=DIRECTION('center_axis',(0.,-1.,0.));
#4744=DIRECTION('ref_axis',(-1.22464679914735E-16,0.,1.));
#4745=DIRECTION('center_axis',(0.,-1.,0.));
#4746=DIRECTION('ref_axis',(0.,0.,-1.));
#4747=DIRECTION('center_axis',(-6.74499606498664E-17,-0.707106781186548,
-0.707106781186547));
#4748=DIRECTION('ref_axis',(-1.,0.,9.53886491325727E-17));
#4749=DIRECTION('',(-2.61682076447296E-16,0.707106781186547,-0.707106781186548));
#4750=DIRECTION('',(1.,0.,-9.53886491325728E-17));
#4751=DIRECTION('',(0.,-0.707106781186547,0.707106781186548));
#4752=DIRECTION('',(1.,0.,-1.94974247087729E-16));
#4753=DIRECTION('center_axis',(0.,1.,0.));
#4754=DIRECTION('ref_axis',(-0.411222190227421,0.,-0.911535139347114));
#4755=DIRECTION('',(-0.530108728193185,0.707106781186548,-0.467958049715359));
#4756=DIRECTION('center_axis',(0.,-1.,0.));
#4757=DIRECTION('ref_axis',(-0.411222190227421,0.,-0.911535139347114));
#4758=DIRECTION('center_axis',(-0.530108728193185,-0.707106781186548,-0.46795804971536));
#4759=DIRECTION('ref_axis',(-0.661792620529126,0.,0.749686952943155));
#4760=DIRECTION('',(-0.530108728193184,0.707106781186548,-0.467958049715361));
#4761=DIRECTION('',(0.661792620529126,0.,-0.749686952943155));
#4762=DIRECTION('',(0.661792620529126,0.,-0.749686952943155));
#4763=DIRECTION('center_axis',(0.,1.,0.));
#4764=DIRECTION('ref_axis',(-0.935330677606363,0.,-0.353774679037976));
#4765=DIRECTION('',(-0.707106781186547,0.707106781186548,0.));
#4766=DIRECTION('center_axis',(0.,-1.,0.));
#4767=DIRECTION('ref_axis',(-0.935330677606363,0.,-0.353774679037976));
#4768=DIRECTION('center_axis',(-0.707106781186547,-0.707106781186548,0.));
#4769=DIRECTION('ref_axis',(0.,0.,1.));
#4770=DIRECTION('',(-0.707106781186548,0.707106781186547,0.));
#4771=DIRECTION('',(0.,0.,-1.));
#4772=DIRECTION('',(-3.9776026801704E-16,0.,-1.));
#4773=DIRECTION('center_axis',(0.,1.,0.));
#4774=DIRECTION('ref_axis',(-0.935330677606363,0.,0.353774679037975));
#4775=DIRECTION('',(-0.530108728193186,0.707106781186547,0.46795804971536));
#4776=DIRECTION('center_axis',(0.,-1.,0.));
#4777=DIRECTION('ref_axis',(-0.935330677606363,0.,0.353774679037975));
#4778=DIRECTION('center_axis',(-0.530108728193184,-0.707106781186549,0.46795804971536));
#4779=DIRECTION('ref_axis',(0.661792620529126,0.,0.749686952943155));
#4780=DIRECTION('',(-0.530108728193186,0.707106781186546,0.467958049715361));
#4781=DIRECTION('',(-0.661792620529126,0.,-0.749686952943155));
#4782=DIRECTION('',(-0.661792620529126,0.,-0.749686952943155));
#4783=DIRECTION('center_axis',(0.,1.,0.));
#4784=DIRECTION('ref_axis',(-0.411222190227421,0.,0.911535139347114));
#4785=DIRECTION('',(-5.23364152894594E-16,0.70710678118655,0.707106781186545));
#4786=DIRECTION('center_axis',(0.,-1.,0.));
#4787=DIRECTION('ref_axis',(-0.411222190227421,0.,0.911535139347114));
#4788=DIRECTION('center_axis',(-4.63718479467833E-17,-0.707106781186547,
0.707106781186549));
#4789=DIRECTION('ref_axis',(1.,0.,6.55796962786438E-17));
#4790=DIRECTION('',(0.,0.707106781186549,0.707106781186546));
#4791=DIRECTION('',(-1.,0.,-6.55796962786438E-17));
#4792=DIRECTION('',(-1.,0.,7.26754254940984E-17));
#4793=DIRECTION('center_axis',(0.,1.,0.));
#4794=DIRECTION('ref_axis',(0.315001023505866,0.,0.949091331321837));
#4795=DIRECTION('',(0.422799991063939,0.707106781186549,0.566780528561392));
#4796=DIRECTION('center_axis',(0.,-1.,0.));
#4797=DIRECTION('ref_axis',(0.315001023505866,0.,0.949091331321837));
#4798=DIRECTION('center_axis',(0.422799991063941,-0.707106781186546,0.566780528561394));
#4799=DIRECTION('ref_axis',(0.801548710380514,0.,-0.597929481533847));
#4800=DIRECTION('',(0.422799991063938,0.707106781186549,0.566780528561393));
#4801=DIRECTION('',(-0.801548710380514,0.,0.597929481533848));
#4802=DIRECTION('',(-0.801548710380513,0.,0.597929481533848));
#4803=DIRECTION('center_axis',(0.,1.,0.));
#4804=DIRECTION('ref_axis',(0.89384827614474,0.,0.448369556541338));
#4805=DIRECTION('',(0.707106781186548,0.707106781186547,0.));
#4806=DIRECTION('center_axis',(0.,-1.,0.));
#4807=DIRECTION('ref_axis',(0.89384827614474,0.,0.448369556541338));
#4808=DIRECTION('center_axis',(0.707106781186547,-0.707106781186548,0.));
#4809=DIRECTION('ref_axis',(0.,0.,-1.));
#4810=DIRECTION('',(0.707106781186548,0.707106781186547,2.09345661157836E-15));
#4811=DIRECTION('',(0.,0.,1.));
#4812=DIRECTION('',(0.,0.,1.));
#4813=DIRECTION('center_axis',(0.,1.,0.));
#4814=DIRECTION('ref_axis',(0.893848276144741,0.,-0.448369556541337));
#4815=DIRECTION('',(0.422799991063945,0.707106781186546,-0.566780528561391));
#4816=DIRECTION('center_axis',(0.,-1.,0.));
#4817=DIRECTION('ref_axis',(0.893848276144741,0.,-0.448369556541337));
#4818=DIRECTION('center_axis',(0.422799991063944,-0.707106781186544,-0.566780528561395));
#4819=DIRECTION('ref_axis',(-0.801548710380512,0.,-0.597929481533849));
#4820=DIRECTION('',(0.422799991063939,0.707106781186551,-0.56678052856139));
#4821=DIRECTION('',(0.801548710380512,0.,0.597929481533849));
#4822=DIRECTION('',(0.801548710380512,0.,0.597929481533849));
#4823=DIRECTION('center_axis',(0.,1.,0.));
#4824=DIRECTION('ref_axis',(0.315001023505866,0.,-0.949091331321837));
#4825=DIRECTION('center_axis',(0.,-1.,0.));
#4826=DIRECTION('ref_axis',(0.315001023505866,0.,-0.949091331321837));
#4827=DIRECTION('center_axis',(0.,1.,0.));
#4828=DIRECTION('ref_axis',(0.315001023505866,0.,0.949091331321837));
#4829=DIRECTION('',(0.,1.,0.));
#4830=DIRECTION('center_axis',(0.,-1.,0.));
#4831=DIRECTION('ref_axis',(0.315001023505866,0.,0.949091331321837));
#4832=DIRECTION('',(0.,-1.,0.));
#4833=DIRECTION('center_axis',(0.597929481533848,0.,0.801548710380514));
#4834=DIRECTION('ref_axis',(0.801548710380514,0.,-0.597929481533848));
#4835=DIRECTION('',(0.,-1.,0.));
#4836=DIRECTION('',(0.801548710380514,0.,-0.597929481533848));
#4837=DIRECTION('center_axis',(0.,1.,0.));
#4838=DIRECTION('ref_axis',(0.89384827614474,0.,0.448369556541338));
#4839=DIRECTION('',(0.,1.,0.));
#4840=DIRECTION('center_axis',(0.,-1.,0.));
#4841=DIRECTION('ref_axis',(0.89384827614474,0.,0.448369556541338));
#4842=DIRECTION('center_axis',(1.,0.,0.));
#4843=DIRECTION('ref_axis',(0.,0.,-1.));
#4844=DIRECTION('',(0.,1.,0.));
#4845=DIRECTION('',(0.,0.,-1.));
#4846=DIRECTION('',(0.,-1.,0.));
#4847=DIRECTION('',(0.,0.,-1.));
#4848=DIRECTION('',(0.,-1.,0.));
#4849=DIRECTION('center_axis',(0.,1.,0.));
#4850=DIRECTION('ref_axis',(0.893848276144741,0.,-0.448369556541337));
#4851=DIRECTION('',(0.,1.,0.));
#4852=DIRECTION('center_axis',(0.,-1.,0.));
#4853=DIRECTION('ref_axis',(0.893848276144741,0.,-0.448369556541337));
#4854=DIRECTION('center_axis',(0.597929481533849,0.,-0.801548710380512));
#4855=DIRECTION('ref_axis',(-0.801548710380512,0.,-0.597929481533849));
#4856=DIRECTION('',(0.,-1.,0.));
#4857=DIRECTION('',(-0.801548710380512,0.,-0.597929481533849));
#4858=DIRECTION('center_axis',(0.,1.,0.));
#4859=DIRECTION('ref_axis',(0.315001023505866,0.,-0.949091331321837));
#4860=DIRECTION('',(0.,1.,0.));
#4861=DIRECTION('center_axis',(0.,-1.,0.));
#4862=DIRECTION('ref_axis',(0.315001023505866,0.,-0.949091331321837));
#4863=DIRECTION('center_axis',(-9.53886491325728E-17,0.,-1.));
#4864=DIRECTION('ref_axis',(-1.,0.,9.53886491325728E-17));
#4865=DIRECTION('',(0.,-1.,0.));
#4866=DIRECTION('',(-1.,0.,9.53886491325728E-17));
#4867=DIRECTION('',(0.,-1.,0.));
#4868=DIRECTION('',(0.,1.,0.));
#4869=DIRECTION('',(-1.,0.,9.53886491325728E-17));
#4870=DIRECTION('',(0.,-1.,0.));
#4871=DIRECTION('',(0.,1.,0.));
#4872=DIRECTION('',(-1.,0.,9.53886491325728E-17));
#4873=DIRECTION('center_axis',(0.,-1.,0.));
#4874=DIRECTION('ref_axis',(0.,0.,-1.));
#4875=DIRECTION('center_axis',(0.801548710380519,0.,0.59792948153384));
#4876=DIRECTION('ref_axis',(0.59792948153384,0.,-0.801548710380519));
#4877=DIRECTION('center_axis',(0.,-1.,0.));
#4878=DIRECTION('ref_axis',(0.893848276144741,0.,-0.448369556541337));
#4879=DIRECTION('center_axis',(0.,0.,-1.));
#4880=DIRECTION('ref_axis',(0.,1.,0.));
#4881=DIRECTION('center_axis',(0.,1.,0.));
#4882=DIRECTION('ref_axis',(0.893848276144741,0.,-0.448369556541337));
#4883=DIRECTION('center_axis',(0.,0.,-1.));
#4884=DIRECTION('ref_axis',(0.707106781186554,0.707106781186541,0.));
#4885=DIRECTION('center_axis',(0.,0.,-1.));
#4886=DIRECTION('ref_axis',(0.,1.,0.));
#4887=DIRECTION('',(0.,0.,-1.));
#4888=DIRECTION('',(0.,0.,1.));
#4889=DIRECTION('center_axis',(0.,-1.,0.));
#4890=DIRECTION('ref_axis',(0.,0.,-1.));
#4891=DIRECTION('center_axis',(0.801548710380518,0.,-0.597929481533842));
#4892=DIRECTION('ref_axis',(0.,1.,0.));
#4893=DIRECTION('center_axis',(0.,1.,0.));
#4894=DIRECTION('ref_axis',(0.893848276144739,0.,0.44836955654134));
#4895=DIRECTION('center_axis',(0.,-1.,0.));
#4896=DIRECTION('ref_axis',(0.893848276144739,0.,0.44836955654134));
#4897=DIRECTION('center_axis',(0.801548710380513,0.,-0.597929481533848));
#4898=DIRECTION('ref_axis',(0.422799991063955,0.707106781186546,0.566780528561384));
#4899=DIRECTION('center_axis',(0.801548710380519,0.,-0.59792948153384));
#4900=DIRECTION('ref_axis',(0.,1.,0.));
#4901=DIRECTION('',(0.801548710380513,0.,-0.597929481533848));
#4902=DIRECTION('',(-0.801548710380513,0.,0.597929481533848));
#4903=DIRECTION('center_axis',(0.,-1.,0.));
#4904=DIRECTION('ref_axis',(0.,0.,-1.));
#4905=DIRECTION('center_axis',(1.,0.,0.));
#4906=DIRECTION('ref_axis',(0.,1.,0.));
#4907=DIRECTION('center_axis',(0.,1.,0.));
#4908=DIRECTION('ref_axis',(0.315001023505865,0.,0.949091331321837));
#4909=DIRECTION('center_axis',(0.,-1.,0.));
#4910=DIRECTION('ref_axis',(0.315001023505865,0.,0.949091331321837));
#4911=DIRECTION('center_axis',(1.,0.,-1.30614473485312E-16));
#4912=DIRECTION('ref_axis',(0.,0.707106781186546,0.707106781186549));
#4913=DIRECTION('center_axis',(-0.38268343236509,0.,0.923879532511287));
#4914=DIRECTION('ref_axis',(0.923879532511287,-5.31079947192884E-17,0.38268343236509));
#4915=DIRECTION('center_axis',(1.,0.,0.));
#4916=DIRECTION('ref_axis',(0.,1.,0.));
#4917=DIRECTION('',(1.,0.,-1.30614473485312E-16));
#4918=DIRECTION('',(-1.,0.,1.30614473485312E-16));
#4919=DIRECTION('',(-1.,0.,1.30614473485312E-16));
#4920=DIRECTION('center_axis',(0.,-1.,0.));
#4921=DIRECTION('ref_axis',(0.,0.,-1.));
#4922=DIRECTION('center_axis',(0.661792620529126,0.,0.749686952943155));
#4923=DIRECTION('ref_axis',(0.,1.,0.));
#4924=DIRECTION('center_axis',(0.,1.,0.));
#4925=DIRECTION('ref_axis',(-0.41122219022742,0.,0.911535139347114));
#4926=DIRECTION('center_axis',(-0.661792620529126,0.,-0.749686952943155));
#4927=DIRECTION('ref_axis',(-0.530108728193184,0.707106781186548,0.46795804971536));
#4928=DIRECTION('center_axis',(0.66179262052913,0.,0.749686952943151));
#4929=DIRECTION('ref_axis',(0.,1.,0.));
#4930=DIRECTION('',(0.661792620529126,0.,0.749686952943155));
#4931=DIRECTION('center_axis',(0.,-1.,0.));
#4932=DIRECTION('ref_axis',(0.,0.,-1.));
#4933=DIRECTION('center_axis',(0.,0.,1.));
#4934=DIRECTION('ref_axis',(0.,1.,0.));
#4935=DIRECTION('center_axis',(0.,1.,0.));
#4936=DIRECTION('ref_axis',(-0.935330677606363,0.,0.353774679037976));
#4937=DIRECTION('center_axis',(-1.9888013400852E-16,0.,-1.));
#4938=DIRECTION('ref_axis',(-0.707106781186552,0.707106781186543,0.));
#4939=DIRECTION('center_axis',(0.,0.,1.));
#4940=DIRECTION('ref_axis',(0.,1.,0.));
#4941=DIRECTION('',(1.9888013400852E-16,0.,1.));
#4942=DIRECTION('center_axis',(0.,-1.,0.));
#4943=DIRECTION('ref_axis',(0.,0.,-1.));
#4944=DIRECTION('center_axis',(-0.661792620529128,0.,0.749686952943153));
#4945=DIRECTION('ref_axis',(0.,1.,0.));
#4946=DIRECTION('center_axis',(0.,1.,0.));
#4947=DIRECTION('ref_axis',(-0.935330677606363,0.,-0.353774679037974));
#4948=DIRECTION('center_axis',(0.661792620529126,0.,-0.749686952943155));
#4949=DIRECTION('ref_axis',(-0.530108728193186,0.707106781186546,-0.467958049715362));
#4950=DIRECTION('center_axis',(-0.661792620529127,0.,0.749686952943154));
#4951=DIRECTION('ref_axis',(0.,1.,0.));
#4952=DIRECTION('',(-0.661792620529126,0.,0.749686952943155));
#4953=DIRECTION('center_axis',(0.,-1.,0.));
#4954=DIRECTION('ref_axis',(0.,0.,-1.));
#4955=DIRECTION('center_axis',(-1.,0.,0.));
#4956=DIRECTION('ref_axis',(0.,1.,0.));
#4957=DIRECTION('center_axis',(0.,1.,0.));
#4958=DIRECTION('ref_axis',(-0.411222190227422,0.,-0.911535139347113));
#4959=DIRECTION('center_axis',(-1.,0.,1.7415263131375E-16));
#4960=DIRECTION('ref_axis',(0.,0.707106781186548,-0.707106781186548));
#4961=DIRECTION('',(1.,0.,-1.7415263131375E-16));
#4962=DIRECTION('center_axis',(-1.,0.,0.));
#4963=DIRECTION('ref_axis',(0.,1.,0.));
#4964=DIRECTION('',(-1.,0.,1.7415263131375E-16));
#4965=DIRECTION('center_axis',(-0.382683432365095,0.,-0.923879532511285));
#4966=DIRECTION('ref_axis',(0.923879532511285,0.,-0.382683432365095));
#4967=DIRECTION('',(1.,0.,-1.7415263131375E-16));
#4968=DIRECTION('',(1.,0.,-1.7415263131375E-16));
#4969=DIRECTION('',(1.,0.,-1.7415263131375E-16));
#4970=DIRECTION('center_axis',(0.,-1.,0.));
#4971=DIRECTION('ref_axis',(0.,0.,-1.));
#4972=DIRECTION('center_axis',(-0.801548710380516,0.,-0.597929481533844));
#4973=DIRECTION('ref_axis',(0.,1.,0.));
#4974=DIRECTION('center_axis',(0.,1.,0.));
#4975=DIRECTION('ref_axis',(0.315001023505865,0.,-0.949091331321837));
#4976=DIRECTION('center_axis',(0.,-1.,0.));
#4977=DIRECTION('ref_axis',(0.315001023505865,0.,-0.949091331321837));
#4978=DIRECTION('center_axis',(-0.801548710380513,0.,-0.597929481533849));
#4979=DIRECTION('ref_axis',(0.422799991063918,0.707106781186569,-0.566780528561384));
#4980=DIRECTION('',(0.801548710380513,0.,0.597929481533849));
#4981=DIRECTION('',(-0.801548710380513,0.,-0.597929481533849));
#4982=DIRECTION('center_axis',(-1.,0.,1.9888013400852E-16));
#4983=DIRECTION('ref_axis',(1.9888013400852E-16,0.,1.));
#4984=DIRECTION('',(0.,1.,0.));
#4985=DIRECTION('',(-1.9888013400852E-16,0.,-1.));
#4986=DIRECTION('',(0.,-1.,0.));
#4987=DIRECTION('center_axis',(0.,1.,0.));
#4988=DIRECTION('ref_axis',(-0.935330677606363,0.,-0.353774679037974));
#4989=DIRECTION('',(0.,-1.,0.));
#4990=DIRECTION('center_axis',(0.,-1.,0.));
#4991=DIRECTION('ref_axis',(-0.935330677606363,0.,-0.353774679037974));
#4992=DIRECTION('center_axis',(-0.749686952943155,0.,-0.661792620529126));
#4993=DIRECTION('ref_axis',(-0.661792620529126,0.,0.749686952943155));
#4994=DIRECTION('',(0.,1.,0.));
#4995=DIRECTION('',(0.661792620529126,0.,-0.749686952943155));
#4996=DIRECTION('center_axis',(0.,1.,0.));
#4997=DIRECTION('ref_axis',(-0.411222190227421,0.,-0.911535139347114));
#4998=DIRECTION('',(0.,-1.,0.));
#4999=DIRECTION('center_axis',(0.,-1.,0.));
#5000=DIRECTION('ref_axis',(-0.411222190227421,0.,-0.911535139347114));
#5001=DIRECTION('center_axis',(-1.7415263131375E-16,0.,-1.));
#5002=DIRECTION('ref_axis',(-1.,0.,1.7415263131375E-16));
#5003=DIRECTION('',(0.,1.,0.));
#5004=DIRECTION('',(1.,0.,-1.93214578432529E-16));
#5005=DIRECTION('center_axis',(0.,-1.,0.));
#5006=DIRECTION('ref_axis',(0.31500102350587,0.,-0.949091331321836));
#5007=DIRECTION('',(0.,-1.,0.));
#5008=DIRECTION('center_axis',(0.,-1.,0.));
#5009=DIRECTION('ref_axis',(0.31500102350587,0.,-0.949091331321836));
#5010=DIRECTION('center_axis',(-0.597929481533849,0.,0.801548710380513));
#5011=DIRECTION('ref_axis',(-0.801548710380513,0.,-0.597929481533849));
#5012=DIRECTION('',(0.,1.,0.));
#5013=DIRECTION('',(-0.801548710380513,0.,-0.597929481533849));
#5014=DIRECTION('center_axis',(0.,1.,0.));
#5015=DIRECTION('ref_axis',(0.893848276144741,0.,-0.448369556541336));
#5016=DIRECTION('',(0.,-1.,0.));
#5017=DIRECTION('center_axis',(0.,-1.,0.));
#5018=DIRECTION('ref_axis',(0.893848276144741,0.,-0.448369556541336));
#5019=DIRECTION('center_axis',(-0.707106781186547,0.,-0.707106781186548));
#5020=DIRECTION('ref_axis',(0.500000000000009,0.707106781186541,-0.5));
#5021=DIRECTION('center_axis',(3.67353206677441E-16,0.,1.));
#5022=DIRECTION('ref_axis',(1.,-3.43457725337076E-16,-3.81639164714898E-16));
#5023=DIRECTION('',(-0.707106781186547,0.,-0.707106781186548));
#5024=DIRECTION('center_axis',(0.707106781186545,0.,0.707106781186551));
#5025=DIRECTION('ref_axis',(0.707106781186551,0.,-0.707106781186544));
#5026=DIRECTION('center_axis',(-3.67353206677441E-16,0.,-1.));
#5027=DIRECTION('ref_axis',(-1.,0.,3.67353206677441E-16));
#5028=DIRECTION('',(0.,1.,0.));
#5029=DIRECTION('',(-1.,0.,3.67353206677441E-16));
#5030=DIRECTION('',(0.,1.,0.));
#5031=DIRECTION('center_axis',(0.,-1.,0.));
#5032=DIRECTION('ref_axis',(0.,0.,-1.));
#5033=DIRECTION('center_axis',(0.,-1.,0.));
#5034=DIRECTION('ref_axis',(-0.353553390593273,0.,-0.935414346693485));
#5035=DIRECTION('center_axis',(-1.,0.,0.));
#5036=DIRECTION('ref_axis',(0.,1.,0.));
#5037=DIRECTION('center_axis',(0.,1.,0.));
#5038=DIRECTION('ref_axis',(-0.353553390593273,0.,-0.935414346693486));
#5039=DIRECTION('center_axis',(0.,1.,0.));
#5040=DIRECTION('ref_axis',(0.,0.,1.));
#5041=DIRECTION('center_axis',(0.,-1.,0.));
#5042=DIRECTION('ref_axis',(-0.353553390593273,0.,0.935414346693486));
#5043=DIRECTION('',(-1.,0.,2.61228946970625E-16));
#5044=DIRECTION('center_axis',(0.,-1.,0.));
#5045=DIRECTION('ref_axis',(0.487339717240452,0.,0.873212459828647));
#5046=DIRECTION('center_axis',(0.,1.,0.));
#5047=DIRECTION('ref_axis',(-0.487339717240447,0.,-0.87321245982865));
#5048=DIRECTION('center_axis',(0.,1.,0.));
#5049=DIRECTION('ref_axis',(0.,0.,1.));
#5050=DIRECTION('center_axis',(0.,1.,0.));
#5051=DIRECTION('ref_axis',(0.48733971724044,0.,-0.873212459828653));
#5052=DIRECTION('center_axis',(0.,-1.,0.));
#5053=DIRECTION('ref_axis',(-0.48733971724044,0.,0.873212459828653));
#5054=DIRECTION('',(-1.,0.,2.61228946970625E-16));
#5055=DIRECTION('',(-0.801548710380514,0.,-0.597929481533846));
#5056=DIRECTION('',(0.,0.,-1.));
#5057=DIRECTION('',(0.801548710380513,0.,-0.597929481533848));
#5058=DIRECTION('',(1.,0.,-1.95921710227969E-16));
#5059=DIRECTION('center_axis',(-1.37867612272474E-16,-0.707106781186551,
-0.707106781186544));
#5060=DIRECTION('ref_axis',(-1.,0.,1.94974247087729E-16));
#5061=DIRECTION('',(0.,-0.707106781186545,0.70710678118655));
#5062=DIRECTION('',(-1.,0.,1.94974247087729E-16));
#5063=DIRECTION('',(-3.14018491736754E-16,0.707106781186545,-0.70710678118655));
#5064=DIRECTION('',(1.,0.,-1.94974247087729E-16));
#5065=DIRECTION('center_axis',(0.,1.,0.));
#5066=DIRECTION('ref_axis',(0.,0.,-1.));
#5067=DIRECTION('',(-0.422799991063935,-0.70710678118655,0.566780528561394));
#5068=DIRECTION('center_axis',(0.,1.,0.));
#5069=DIRECTION('ref_axis',(0.,0.,-1.));
#5070=DIRECTION('center_axis',(0.,-1.,0.));
#5071=DIRECTION('ref_axis',(0.,0.,-1.));
#5072=DIRECTION('center_axis',(0.42279999106394,-0.707106781186549,-0.566780528561391));
#5073=DIRECTION('ref_axis',(-0.801548710380512,0.,-0.597929481533849));
#5074=DIRECTION('',(-0.422799991063944,-0.707106781186547,0.566780528561391));
#5075=DIRECTION('',(-0.801548710380512,0.,-0.597929481533849));
#5076=DIRECTION('',(0.801548710380512,0.,0.597929481533849));
#5077=DIRECTION('center_axis',(0.,1.,0.));
#5078=DIRECTION('ref_axis',(0.597929481533848,0.,-0.801548710380513));
#5079=DIRECTION('',(-0.707106781186553,-0.707106781186542,0.));
#5080=DIRECTION('center_axis',(0.,1.,0.));
#5081=DIRECTION('ref_axis',(0.597929481533848,0.,-0.801548710380513));
#5082=DIRECTION('center_axis',(0.,-1.,0.));
#5083=DIRECTION('ref_axis',(0.597929481533848,0.,-0.801548710380513));
#5084=DIRECTION('center_axis',(0.707106781186548,-0.707106781186548,0.));
#5085=DIRECTION('ref_axis',(0.,0.,-1.));
#5086=DIRECTION('',(-0.707106781186547,-0.707106781186547,0.));
#5087=DIRECTION('',(0.,0.,-1.));
#5088=DIRECTION('',(0.,0.,1.));
#5089=DIRECTION('center_axis',(0.,1.,0.));
#5090=DIRECTION('ref_axis',(1.,0.,0.));
#5091=DIRECTION('',(-0.422799991063936,-0.70710678118655,-0.566780528561393));
#5092=DIRECTION('center_axis',(0.,1.,0.));
#5093=DIRECTION('ref_axis',(1.,0.,0.));
#5094=DIRECTION('center_axis',(0.,-1.,0.));
#5095=DIRECTION('ref_axis',(1.,0.,0.));
#5096=DIRECTION('center_axis',(0.422799991063939,-0.70710678118655,0.566780528561391));
#5097=DIRECTION('ref_axis',(0.801548710380513,0.,-0.597929481533848));
#5098=DIRECTION('',(-0.422799991063943,-0.707106781186546,-0.566780528561393));
#5099=DIRECTION('',(0.801548710380513,0.,-0.597929481533848));
#5100=DIRECTION('',(-0.801548710380513,0.,0.597929481533848));
#5101=DIRECTION('center_axis',(0.,1.,0.));
#5102=DIRECTION('ref_axis',(0.597929481533847,0.,0.801548710380514));
#5103=DIRECTION('',(0.,-0.707106781186544,-0.707106781186551));
#5104=DIRECTION('center_axis',(0.,1.,0.));
#5105=DIRECTION('ref_axis',(0.597929481533847,0.,0.801548710380514));
#5106=DIRECTION('center_axis',(0.,-1.,0.));
#5107=DIRECTION('ref_axis',(0.597929481533847,0.,0.801548710380514));
#5108=DIRECTION('center_axis',(5.13892861924947E-17,-0.707106781186547,
0.707106781186548));
#5109=DIRECTION('ref_axis',(1.,0.,-7.26754254940984E-17));
#5110=DIRECTION('',(-2.51214793389404E-15,-0.707106781186548,-0.707106781186547));
#5111=DIRECTION('',(1.,0.,-7.26754254940984E-17));
#5112=DIRECTION('',(-1.,0.,7.26754254940984E-17));
#5113=DIRECTION('center_axis',(0.,1.,0.));
#5114=DIRECTION('ref_axis',(-0.411222190227419,0.,0.911535139347115));
#5115=DIRECTION('center_axis',(0.,-1.,0.));
#5116=DIRECTION('ref_axis',(-0.411222190227419,0.,0.911535139347115));
#5117=DIRECTION('',(0.530108728193183,-0.70710678118655,-0.467958049715359));
#5118=DIRECTION('center_axis',(0.,1.,0.));
#5119=DIRECTION('ref_axis',(-0.411222190227419,0.,0.911535139347115));
#5120=DIRECTION('center_axis',(-0.530108728193185,-0.707106781186547,0.467958049715361));
#5121=DIRECTION('ref_axis',(0.661792620529126,0.,0.749686952943155));
#5122=DIRECTION('',(0.530108728193182,-0.707106781186548,-0.467958049715363));
#5123=DIRECTION('',(0.661792620529126,0.,0.749686952943155));
#5124=DIRECTION('',(-0.661792620529126,0.,-0.749686952943155));
#5125=DIRECTION('center_axis',(0.,1.,0.));
#5126=DIRECTION('ref_axis',(-0.935330677606363,0.,0.353774679037975));
#5127=DIRECTION('center_axis',(0.,-1.,0.));
#5128=DIRECTION('ref_axis',(-0.935330677606363,0.,0.353774679037975));
#5129=DIRECTION('',(0.707106781186547,-0.707106781186548,0.));
#5130=DIRECTION('center_axis',(0.,1.,0.));
#5131=DIRECTION('ref_axis',(-0.935330677606363,0.,0.353774679037975));
#5132=DIRECTION('center_axis',(-0.707106781186549,-0.707106781186546,2.81258982801428E-16));
#5133=DIRECTION('ref_axis',(3.9776026801704E-16,0.,1.));
#5134=DIRECTION('',(0.707106781186547,-0.707106781186548,0.));
#5135=DIRECTION('',(3.9776026801704E-16,0.,1.));
#5136=DIRECTION('',(-3.9776026801704E-16,0.,-1.));
#5137=DIRECTION('center_axis',(0.,1.,0.));
#5138=DIRECTION('ref_axis',(-0.935330677606363,0.,-0.353774679037976));
#5139=DIRECTION('center_axis',(0.,-1.,0.));
#5140=DIRECTION('ref_axis',(-0.935330677606362,0.,-0.353774679037976));
#5141=DIRECTION('',(0.530108728193185,-0.707106781186548,0.467958049715359));
#5142=DIRECTION('center_axis',(0.,1.,0.));
#5143=DIRECTION('ref_axis',(-0.935330677606362,0.,-0.353774679037976));
#5144=DIRECTION('center_axis',(-0.530108728193185,-0.707106781186548,-0.46795804971536));
#5145=DIRECTION('ref_axis',(-0.661792620529126,0.,0.749686952943155));
#5146=DIRECTION('',(0.530108728193185,-0.707106781186547,0.467958049715361));
#5147=DIRECTION('',(-0.661792620529126,0.,0.749686952943155));
#5148=DIRECTION('',(0.661792620529126,0.,-0.749686952943155));
#5149=DIRECTION('center_axis',(0.,1.,0.));
#5150=DIRECTION('ref_axis',(-0.411222190227421,0.,-0.911535139347114));
#5151=DIRECTION('center_axis',(0.,-1.,0.));
#5152=DIRECTION('ref_axis',(-0.411222190227421,0.,-0.911535139347114));
#5153=DIRECTION('center_axis',(0.,1.,0.));
#5154=DIRECTION('ref_axis',(-0.411222190227421,0.,-0.911535139347114));
#5155=DIRECTION('center_axis',(0.,1.,0.));
#5156=DIRECTION('ref_axis',(-0.597929481533847,0.,-0.801548710380514));
#5157=DIRECTION('',(0.,1.,0.));
#5158=DIRECTION('',(0.,1.,0.));
#5159=DIRECTION('center_axis',(-0.597929481533848,0.,-0.801548710380513));
#5160=DIRECTION('ref_axis',(-0.801548710380513,0.,0.597929481533848));
#5161=DIRECTION('',(0.,1.,0.));
#5162=DIRECTION('center_axis',(0.,1.,0.));
#5163=DIRECTION('ref_axis',(-1.,0.,0.));
#5164=DIRECTION('',(0.,1.,0.));
#5165=DIRECTION('center_axis',(-1.,0.,0.));
#5166=DIRECTION('ref_axis',(0.,0.,1.));
#5167=DIRECTION('',(0.,1.,0.));
#5168=DIRECTION('center_axis',(0.,1.,0.));
#5169=DIRECTION('ref_axis',(-0.597929481533848,0.,0.801548710380513));
#5170=DIRECTION('',(0.,1.,0.));
#5171=DIRECTION('center_axis',(-0.597929481533849,0.,0.801548710380513));
#5172=DIRECTION('ref_axis',(0.801548710380512,0.,0.597929481533849));
#5173=DIRECTION('',(0.,1.,0.));
#5174=DIRECTION('center_axis',(0.,1.,0.));
#5175=DIRECTION('ref_axis',(0.,0.,1.));
#5176=DIRECTION('',(0.,1.,0.));
#5177=DIRECTION('center_axis',(1.94974247087729E-16,0.,1.));
#5178=DIRECTION('ref_axis',(1.,0.,-1.94974247087729E-16));
#5179=DIRECTION('',(0.,1.,0.));
#5180=DIRECTION('center_axis',(0.,-1.,0.));
#5181=DIRECTION('ref_axis',(0.,0.,-1.));
#5182=DIRECTION('center_axis',(0.,1.,0.));
#5183=DIRECTION('ref_axis',(-0.411222190227421,0.,0.911535139347114));
#5184=DIRECTION('',(0.,-1.,0.));
#5185=DIRECTION('center_axis',(0.,-1.,0.));
#5186=DIRECTION('ref_axis',(-0.411222190227421,0.,0.911535139347114));
#5187=DIRECTION('',(0.,1.,0.));
#5188=DIRECTION('center_axis',(-0.749686952943155,0.,0.661792620529126));
#5189=DIRECTION('ref_axis',(0.661792620529126,0.,0.749686952943155));
#5190=DIRECTION('',(0.,1.,0.));
#5191=DIRECTION('',(-0.661792620529126,0.,-0.749686952943155));
#5192=DIRECTION('center_axis',(0.,1.,0.));
#5193=DIRECTION('ref_axis',(-0.935330677606362,0.,0.353774679037976));
#5194=DIRECTION('center_axis',(0.,-1.,0.));
#5195=DIRECTION('ref_axis',(-0.935330677606362,0.,0.353774679037976));
#5196=DIRECTION('center_axis',(0.,1.,0.));
#5197=DIRECTION('ref_axis',(-0.411222190227421,0.,-0.911535139347114));
#5198=DIRECTION('',(0.,1.,0.));
#5199=DIRECTION('center_axis',(0.749686952943155,0.,0.661792620529126));
#5200=DIRECTION('ref_axis',(0.661792620529126,0.,-0.749686952943155));
#5201=DIRECTION('',(0.,1.,0.));
#5202=DIRECTION('center_axis',(0.,1.,0.));
#5203=DIRECTION('ref_axis',(-0.935330677606362,0.,-0.353774679037976));
#5204=DIRECTION('',(0.,1.,0.));
#5205=DIRECTION('center_axis',(1.,0.,-3.9776026801704E-16));
#5206=DIRECTION('ref_axis',(-3.9776026801704E-16,0.,-1.));
#5207=DIRECTION('',(0.,1.,0.));
#5208=DIRECTION('center_axis',(0.,1.,0.));
#5209=DIRECTION('ref_axis',(-0.411222190227419,0.,0.911535139347115));
#5210=DIRECTION('',(0.,1.,0.));
#5211=DIRECTION('',(0.,1.,0.));
#5212=DIRECTION('center_axis',(-7.26754254940984E-17,0.,-1.));
#5213=DIRECTION('ref_axis',(-1.,0.,7.26754254940984E-17));
#5214=DIRECTION('center_axis',(0.,1.,0.));
#5215=DIRECTION('ref_axis',(-0.935330677606363,0.,0.353774679037975));
#5216=DIRECTION('',(0.,1.,0.));
#5217=DIRECTION('center_axis',(0.749686952943155,0.,-0.661792620529126));
#5218=DIRECTION('ref_axis',(-0.661792620529126,0.,-0.749686952943155));
#5219=DIRECTION('center_axis',(0.958646866278097,0.,0.284598288426309));
#5220=DIRECTION('ref_axis',(-0.201241379660322,0.707106781186548,0.677865699908477));
#5221=DIRECTION('',(0.958646866278097,0.,0.284598288426309));
#5222=DIRECTION('center_axis',(-0.958646866278098,0.,-0.284598288426307));
#5223=DIRECTION('ref_axis',(-0.284598288426307,0.,0.958646866278098));
#5224=DIRECTION('center_axis',(0.961193280630747,0.,-0.275875836691621));
#5225=DIRECTION('ref_axis',(-0.275875836691621,0.,-0.961193280630747));
#5226=DIRECTION('center_axis',(0.,-1.,0.));
#5227=DIRECTION('ref_axis',(0.245858618347208,0.,0.969305699861711));
#5228=DIRECTION('center_axis',(-0.707106781186548,0.,0.707106781186548));
#5229=DIRECTION('ref_axis',(0.707106781186548,0.,0.707106781186548));
#5230=DIRECTION('center_axis',(0.,1.,0.));
#5231=DIRECTION('ref_axis',(0.245858618347207,0.,0.969305699861711));
#5232=DIRECTION('center_axis',(0.707106781186548,0.,-0.707106781186548));
#5233=DIRECTION('ref_axis',(0.5,0.707106781186547,0.5));
#5234=DIRECTION('',(0.707106781186548,0.,-0.707106781186548));
#5235=DIRECTION('center_axis',(-2.61228946970625E-16,0.,-1.));
#5236=DIRECTION('ref_axis',(1.,-1.96261557335472E-16,-2.77555756156289E-16));
#5237=DIRECTION('center_axis',(0.661792620529127,0.,-0.749686952943154));
#5238=DIRECTION('ref_axis',(0.530108728193186,0.707106781186546,0.467958049715362));
#5239=DIRECTION('',(0.661792620529127,0.,-0.749686952943154));
#5240=DIRECTION('center_axis',(0.353774679037977,3.92768794197338E-16,-0.935330677606362));
#5241=DIRECTION('ref_axis',(-0.935330677606362,1.03842565391684E-15,-0.353774679037977));
#5242=DIRECTION('center_axis',(-2.77555756156289E-16,0.,-1.));
#5243=DIRECTION('ref_axis',(0.707106781186549,0.707106781186546,0.));
#5244=DIRECTION('',(-2.77555756156289E-16,0.,-1.));
#5245=DIRECTION('center_axis',(-0.353774679037977,1.22740248186668E-16,
-0.935330677606362));
#5246=DIRECTION('ref_axis',(-0.935330677606362,3.24508016849012E-16,0.353774679037977));
#5247=DIRECTION('center_axis',(-0.661792620529126,0.,-0.749686952943155));
#5248=DIRECTION('ref_axis',(0.530108728193186,0.707106781186546,-0.467958049715362));
#5249=DIRECTION('',(-0.661792620529126,0.,-0.749686952943155));
#5250=DIRECTION('center_axis',(-0.353774679037985,3.92768794197348E-16,
-0.935330677606359));
#5251=DIRECTION('ref_axis',(0.935330677606359,1.0384256539169E-15,-0.353774679037985));
#5252=DIRECTION('center_axis',(5.55111512312578E-16,0.,-1.));
#5253=DIRECTION('ref_axis',(0.707106781186549,0.707106781186546,0.));
#5254=DIRECTION('',(5.55111512312578E-16,0.,-1.));
#5255=DIRECTION('center_axis',(0.353774679037985,-9.81921985493369E-17,
-0.935330677606359));
#5256=DIRECTION('ref_axis',(0.935330677606359,-2.59606413479209E-16,0.353774679037985));
#5257=DIRECTION('center_axis',(0.661792620529126,0.,-0.749686952943155));
#5258=DIRECTION('ref_axis',(0.530108728193186,0.707106781186546,0.467958049715362));
#5259=DIRECTION('',(0.661792620529126,0.,-0.749686952943155));
#5260=DIRECTION('center_axis',(0.35377467903798,-4.15370261566734E-15,-0.935330677606361));
#5261=DIRECTION('ref_axis',(-0.935330677606361,-1.09818076654109E-14,-0.35377467903798));
#5262=DIRECTION('center_axis',(0.,0.,-1.));
#5263=DIRECTION('ref_axis',(0.707106781186549,0.707106781186546,0.));
#5264=DIRECTION('',(0.,0.,-1.));
#5265=DIRECTION('center_axis',(-0.353774679037988,-4.15370261566733E-15,
-0.935330677606358));
#5266=DIRECTION('ref_axis',(-0.935330677606358,-1.09818076654102E-14,0.353774679037988));
#5267=DIRECTION('center_axis',(-0.661792620529127,0.,-0.749686952943155));
#5268=DIRECTION('ref_axis',(0.530108728193185,0.707106781186545,-0.467958049715364));
#5269=DIRECTION('',(-0.661792620529126,0.,-0.749686952943154));
#5270=DIRECTION('center_axis',(-0.96119328063074,3.06283705832795E-16,-0.275875836691645));
#5271=DIRECTION('ref_axis',(-0.275875836691645,4.7986202572122E-16,0.96119328063074));
#5272=DIRECTION('center_axis',(0.,-1.,0.));
#5273=DIRECTION('ref_axis',(0.,0.,-1.));
#5274=DIRECTION('center_axis',(0.958646866278097,0.,-0.284598288426308));
#5275=DIRECTION('ref_axis',(-0.284598288426308,0.,-0.958646866278097));
#5276=DIRECTION('center_axis',(0.,1.,0.));
#5277=DIRECTION('ref_axis',(0.245858618347209,0.,-0.969305699861711));
#5278=DIRECTION('center_axis',(-0.958646866278097,0.,0.284598288426309));
#5279=DIRECTION('ref_axis',(-0.201241379660333,0.707106781186545,-0.677865699908477));
#5280=DIRECTION('',(-0.958646866278097,0.,0.284598288426309));
#5281=DIRECTION('center_axis',(0.707106781186548,0.,0.707106781186548));
#5282=DIRECTION('ref_axis',(0.707106781186548,0.,-0.707106781186548));
#5283=DIRECTION('',(0.,1.,0.));
#5284=DIRECTION('',(0.707106781186548,0.,-0.707106781186548));
#5285=DIRECTION('',(0.,1.,0.));
#5286=DIRECTION('center_axis',(0.,1.,0.));
#5287=DIRECTION('ref_axis',(0.245858618347208,0.,0.969305699861711));
#5288=DIRECTION('',(0.,-1.,0.));
#5289=DIRECTION('center_axis',(0.,-1.,0.));
#5290=DIRECTION('ref_axis',(0.245858618347208,0.,0.969305699861711));
#5291=DIRECTION('center_axis',(-0.284598288426309,0.,0.958646866278097));
#5292=DIRECTION('ref_axis',(0.958646866278097,0.,0.284598288426309));
#5293=DIRECTION('',(0.,1.,0.));
#5294=DIRECTION('',(0.958646866278097,0.,0.284598288426309));
#5295=DIRECTION('center_axis',(0.749686952943154,0.,0.661792620529127));
#5296=DIRECTION('ref_axis',(0.661792620529127,0.,-0.749686952943154));
#5297=DIRECTION('',(0.,1.,0.));
#5298=DIRECTION('',(0.661792620529127,0.,-0.749686952943154));
#5299=DIRECTION('center_axis',(1.,0.,-2.77555756156289E-16));
#5300=DIRECTION('ref_axis',(-2.77555756156289E-16,0.,-1.));
#5301=DIRECTION('',(0.,1.,0.));
#5302=DIRECTION('',(-2.77555756156289E-16,0.,-1.));
#5303=DIRECTION('center_axis',(0.749686952943155,0.,-0.661792620529126));
#5304=DIRECTION('ref_axis',(-0.661792620529126,0.,-0.749686952943155));
#5305=DIRECTION('',(0.,1.,0.));
#5306=DIRECTION('',(-0.661792620529126,0.,-0.749686952943155));
#5307=DIRECTION('center_axis',(1.,0.,5.55111512312578E-16));
#5308=DIRECTION('ref_axis',(5.55111512312578E-16,0.,-1.));
#5309=DIRECTION('',(0.,1.,0.));
#5310=DIRECTION('',(5.55111512312578E-16,0.,-1.));
#5311=DIRECTION('center_axis',(0.749686952943155,0.,0.661792620529126));
#5312=DIRECTION('ref_axis',(0.661792620529126,0.,-0.749686952943155));
#5313=DIRECTION('',(0.,1.,0.));
#5314=DIRECTION('',(0.661792620529126,0.,-0.749686952943155));
#5315=DIRECTION('center_axis',(1.,0.,0.));
#5316=DIRECTION('ref_axis',(0.,0.,-1.));
#5317=DIRECTION('',(0.,1.,0.));
#5318=DIRECTION('',(0.,0.,-1.));
#5319=DIRECTION('center_axis',(0.749686952943155,0.,-0.661792620529127));
#5320=DIRECTION('ref_axis',(-0.661792620529126,0.,-0.749686952943154));
#5321=DIRECTION('',(0.,1.,0.));
#5322=DIRECTION('',(-0.661792620529126,0.,-0.749686952943154));
#5323=DIRECTION('center_axis',(-0.284598288426309,0.,-0.958646866278097));
#5324=DIRECTION('ref_axis',(-0.958646866278097,0.,0.284598288426309));
#5325=DIRECTION('',(0.,1.,0.));
#5326=DIRECTION('',(-0.958646866278097,0.,0.284598288426309));
#5327=DIRECTION('center_axis',(0.,1.,0.));
#5328=DIRECTION('ref_axis',(0.245858618347209,0.,-0.969305699861711));
#5329=DIRECTION('',(0.,-1.,0.));
#5330=DIRECTION('center_axis',(0.,-1.,0.));
#5331=DIRECTION('ref_axis',(0.245858618347209,0.,-0.969305699861711));
#5332=DIRECTION('center_axis',(0.707106781186548,0.,-0.707106781186547));
#5333=DIRECTION('ref_axis',(-0.707106781186547,0.,-0.707106781186548));
#5334=DIRECTION('',(-0.707106781186547,0.,-0.707106781186548));
#5335=DIRECTION('center_axis',(-1.,0.,1.95921710227969E-16));
#5336=DIRECTION('ref_axis',(0.,0.707106781186546,-0.707106781186549));
#5337=DIRECTION('',(-1.,0.,1.95921710227969E-16));
#5338=DIRECTION('center_axis',(-0.949091331321849,-3.40978354349746E-15,
0.315001023505829));
#5339=DIRECTION('ref_axis',(0.315001023505829,-1.02736047229302E-14,0.949091331321849));
#5340=DIRECTION('center_axis',(-0.801548710380513,0.,0.597929481533848));
#5341=DIRECTION('ref_axis',(-0.422799991063914,0.707106781186561,-0.566780528561396));
#5342=DIRECTION('center_axis',(-0.448369556541314,1.98474187339483E-15,
0.893848276144752));
#5343=DIRECTION('ref_axis',(0.893848276144752,3.95668723766835E-15,0.448369556541314));
#5344=DIRECTION('',(-0.801548710380513,0.,0.597929481533848));
#5345=DIRECTION('center_axis',(0.,0.,1.));
#5346=DIRECTION('ref_axis',(-0.707106781186554,0.707106781186541,0.));
#5347=DIRECTION('center_axis',(0.44836955654133,0.,0.893848276144744));
#5348=DIRECTION('ref_axis',(0.893848276144744,0.,-0.44836955654133));
#5349=DIRECTION('',(0.,0.,1.));
#5350=DIRECTION('center_axis',(0.801548710380514,0.,0.597929481533846));
#5351=DIRECTION('ref_axis',(-0.422799991063953,0.707106781186543,0.566780528561388));
#5352=DIRECTION('center_axis',(0.949091331321839,0.,0.31500102350586));
#5353=DIRECTION('ref_axis',(0.31500102350586,0.,-0.949091331321839));
#5354=DIRECTION('',(0.801548710380514,0.,0.597929481533846));
#5355=DIRECTION('center_axis',(0.,-1.,0.));
#5356=DIRECTION('ref_axis',(0.,0.,-1.));
#5357=DIRECTION('center_axis',(0.,1.,0.));
#5358=DIRECTION('ref_axis',(-0.353553390593273,0.,0.935414346693486));
#5359=DIRECTION('center_axis',(-1.,0.,0.));
#5360=DIRECTION('ref_axis',(0.,0.,1.));
#5361=DIRECTION('center_axis',(1.,0.,-2.61228946970625E-16));
#5362=DIRECTION('ref_axis',(0.,0.707106781186548,0.707106781186548));
#5363=DIRECTION('center_axis',(-1.,0.,0.));
#5364=DIRECTION('ref_axis',(0.,0.,1.));
#5365=DIRECTION('',(1.,0.,-2.61228946970625E-16));
#5366=DIRECTION('center_axis',(-0.524999999999994,0.,0.851102226527464));
#5367=DIRECTION('ref_axis',(0.851102226527464,0.,0.524999999999994));
#5368=DIRECTION('center_axis',(0.,1.,0.));
#5369=DIRECTION('ref_axis',(0.487339717240452,0.,0.873212459828647));
#5370=DIRECTION('center_axis',(0.,1.,0.));
#5371=DIRECTION('ref_axis',(0.,0.,1.));
#5372=DIRECTION('center_axis',(0.,-1.,0.));
#5373=DIRECTION('ref_axis',(-0.487339717240447,0.,-0.87321245982865));
#5374=DIRECTION('center_axis',(-1.,0.,0.));
#5375=DIRECTION('ref_axis',(0.,0.,1.));
#5376=DIRECTION('center_axis',(1.,0.,-4.44089209850063E-16));
#5377=DIRECTION('ref_axis',(0.,0.707106781186548,0.707106781186548));
#5378=DIRECTION('',(1.,0.,-4.44089209850063E-16));
#5379=DIRECTION('center_axis',(-1.,0.,0.));
#5380=DIRECTION('ref_axis',(0.,0.,1.));
#5381=DIRECTION('center_axis',(0.,1.,0.));
#5382=DIRECTION('ref_axis',(0.,0.,1.));
#5383=DIRECTION('center_axis',(0.,-1.,0.));
#5384=DIRECTION('ref_axis',(0.48733971724044,0.,-0.873212459828653));
#5385=DIRECTION('center_axis',(-0.524999999999993,0.,-0.851102226527465));
#5386=DIRECTION('ref_axis',(-0.851102226527465,0.,0.524999999999992));
#5387=DIRECTION('center_axis',(-1.,0.,0.));
#5388=DIRECTION('ref_axis',(0.,0.,1.));
#5389=DIRECTION('center_axis',(0.,1.,0.));
#5390=DIRECTION('ref_axis',(-0.48733971724044,0.,0.873212459828653));
#5391=DIRECTION('center_axis',(1.,0.,-2.61228946970625E-16));
#5392=DIRECTION('ref_axis',(0.,0.707106781186548,0.707106781186548));
#5393=DIRECTION('',(1.,0.,-2.61228946970625E-16));
#5394=DIRECTION('center_axis',(0.,-1.,0.));
#5395=DIRECTION('ref_axis',(-0.661437827766147,0.,-0.750000000000001));
#5396=DIRECTION('',(0.,-1.,0.));
#5397=DIRECTION('center_axis',(0.,-1.,0.));
#5398=DIRECTION('ref_axis',(-0.661437827766147,0.,-0.750000000000001));
#5399=DIRECTION('center_axis',(-1.95921710227969E-16,0.,-1.));
#5400=DIRECTION('ref_axis',(-1.,0.,1.95921710227969E-16));
#5401=DIRECTION('',(0.,1.,0.));
#5402=DIRECTION('',(-1.,0.,1.95921710227969E-16));
#5403=DIRECTION('center_axis',(-0.597929481533848,0.,-0.801548710380513));
#5404=DIRECTION('ref_axis',(-0.801548710380513,0.,0.597929481533848));
#5405=DIRECTION('',(0.,1.,0.));
#5406=DIRECTION('',(-0.801548710380513,0.,0.597929481533848));
#5407=DIRECTION('center_axis',(-1.,0.,0.));
#5408=DIRECTION('ref_axis',(0.,0.,1.));
#5409=DIRECTION('',(0.,1.,0.));
#5410=DIRECTION('',(0.,0.,1.));
#5411=DIRECTION('center_axis',(-0.597929481533846,0.,0.801548710380514));
#5412=DIRECTION('ref_axis',(0.801548710380514,0.,0.597929481533846));
#5413=DIRECTION('',(0.,1.,0.));
#5414=DIRECTION('',(0.801548710380514,0.,0.597929481533846));
#5415=DIRECTION('center_axis',(0.,1.,0.));
#5416=DIRECTION('ref_axis',(-0.998749217771909,0.,0.0499999999999988));
#5417=DIRECTION('',(0.,1.,0.));
#5418=DIRECTION('center_axis',(0.707106781186546,0.707106781186549,0.));
#5419=DIRECTION('ref_axis',(0.707106781186549,-0.707106781186546,0.));
#5420=DIRECTION('',(0.,1.,0.));
#5421=DIRECTION('center_axis',(0.,-1.,0.));
#5422=DIRECTION('ref_axis',(0.487339717240442,0.,-0.873212459828653));
#5423=DIRECTION('',(0.,-1.,0.));
#5424=DIRECTION('center_axis',(-0.707106781186546,-0.707106781186549,0.));
#5425=DIRECTION('ref_axis',(-0.707106781186549,0.707106781186546,0.));
#5426=DIRECTION('center_axis',(-4.44089209850063E-16,0.,-1.));
#5427=DIRECTION('ref_axis',(1.,0.,-4.44089209850063E-16));
#5428=DIRECTION('',(0.,1.,0.));
#5429=DIRECTION('',(-1.,0.,4.44089209850063E-16));
#5430=DIRECTION('center_axis',(0.,-1.,0.));
#5431=DIRECTION('ref_axis',(-0.48733971724045,0.,-0.873212459828648));
#5432=DIRECTION('',(0.,-1.,0.));
#5433=DIRECTION('center_axis',(0.707106781186546,-0.707106781186549,0.));
#5434=DIRECTION('ref_axis',(0.707106781186549,0.707106781186546,0.));
#5435=DIRECTION('center_axis',(0.,-1.,0.));
#5436=DIRECTION('ref_axis',(0.998749217771909,0.,0.0500000000000032));
#5437=DIRECTION('',(0.,-1.,0.));
#5438=DIRECTION('center_axis',(-0.707106781186546,0.707106781186549,0.));
#5439=DIRECTION('ref_axis',(0.707106781186549,0.707106781186546,0.));
#5440=DIRECTION('center_axis',(2.61228946970625E-16,0.,1.));
#5441=DIRECTION('ref_axis',(1.,0.,-2.61228946970625E-16));
#5442=DIRECTION('',(1.,0.,-2.61228946970625E-16));
#5443=DIRECTION('',(0.,1.,0.));
#5444=DIRECTION('',(1.,0.,-2.61228946970625E-16));
#5445=DIRECTION('center_axis',(0.,1.,0.));
#5446=DIRECTION('ref_axis',(-0.661437827766148,0.,0.749999999999999));
#5447=DIRECTION('',(0.,1.,0.));
#5448=DIRECTION('center_axis',(0.,-1.,0.));
#5449=DIRECTION('ref_axis',(-0.661437827766148,0.,0.749999999999999));
#5450=DIRECTION('center_axis',(1.,0.,-2.61228946970625E-16));
#5451=DIRECTION('ref_axis',(0.,-0.487339717240446,-0.873212459828651));
#5452=DIRECTION('',(1.,0.,-2.61228946970625E-16));
#5453=DIRECTION('center_axis',(1.,0.,-2.61228946970625E-16));
#5454=DIRECTION('ref_axis',(0.,0.998749217771909,0.049999999999999));
#5455=DIRECTION('center_axis',(0.,1.,0.));
#5456=DIRECTION('ref_axis',(-0.609607116374677,0.,0.792703704838921));
#5457=DIRECTION('center_axis',(0.,-1.,0.));
#5458=DIRECTION('ref_axis',(-0.609607116374677,0.,0.792703704838921));
#5459=DIRECTION('',(0.,1.,0.));
#5460=DIRECTION('center_axis',(0.609607116374677,0.,-0.792703704838921));
#5461=DIRECTION('ref_axis',(-0.792703704838921,0.,-0.609607116374677));
#5462=DIRECTION('',(0.792703704838921,0.,0.609607116374677));
#5463=DIRECTION('',(0.,-1.,0.));
#5464=DIRECTION('center_axis',(0.591452730950808,0.,0.806339672254089));
#5465=DIRECTION('ref_axis',(0.806339672254089,0.,-0.591452730950808));
#5466=DIRECTION('',(-0.806339672254089,0.,0.591452730950808));
#5467=DIRECTION('',(0.,1.,0.));
#5468=DIRECTION('center_axis',(0.,1.,0.));
#5469=DIRECTION('ref_axis',(0.591452730950808,0.,0.806339672254089));
#5470=DIRECTION('center_axis',(0.,-1.,0.));
#5471=DIRECTION('ref_axis',(0.591452730950808,0.,0.806339672254089));
#5472=DIRECTION('',(0.,1.,0.));
#5473=DIRECTION('center_axis',(-0.591452730950808,0.,-0.806339672254089));
#5474=DIRECTION('ref_axis',(-0.806339672254089,0.,0.591452730950808));
#5475=DIRECTION('',(0.806339672254089,0.,-0.591452730950808));
#5476=DIRECTION('',(0.,1.,0.));
#5477=DIRECTION('center_axis',(0.,1.,0.));
#5478=DIRECTION('ref_axis',(-0.591452730950808,0.,-0.806339672254089));
#5479=DIRECTION('center_axis',(0.,-1.,0.));
#5480=DIRECTION('ref_axis',(-0.591452730950808,0.,-0.806339672254089));
#5481=DIRECTION('',(0.,-1.,0.));
#5482=DIRECTION('center_axis',(0.,1.,0.));
#5483=DIRECTION('ref_axis',(0.591452730950808,0.,0.806339672254089));
#5484=DIRECTION('center_axis',(0.,-1.,0.));
#5485=DIRECTION('ref_axis',(0.591452730950808,0.,0.806339672254089));
#5486=DIRECTION('center_axis',(-0.749686952943155,0.,-0.661792620529125));
#5487=DIRECTION('ref_axis',(0.661792620529125,0.,-0.749686952943155));
#5488=DIRECTION('',(-0.661792620529125,0.,0.749686952943155));
#5489=DIRECTION('',(-0.661792620529125,0.,0.749686952943155));
#5490=DIRECTION('',(-0.661792620529125,0.,0.749686952943155));
#5491=DIRECTION('',(0.,-1.,0.));
#5492=DIRECTION('center_axis',(-0.749686952943155,0.,0.661792620529126));
#5493=DIRECTION('ref_axis',(-0.661792620529126,0.,-0.749686952943155));
#5494=DIRECTION('',(0.661792620529126,0.,0.749686952943155));
#5495=DIRECTION('',(0.,-1.,0.));
#5496=DIRECTION('center_axis',(0.,-1.,0.));
#5497=DIRECTION('ref_axis',(0.,0.,-1.));
#5498=DIRECTION('center_axis',(0.,-1.,0.));
#5499=DIRECTION('ref_axis',(1.,0.,-8.79210968047781E-17));
#5500=DIRECTION('center_axis',(0.,-1.,0.));
#5501=DIRECTION('ref_axis',(0.,0.,-1.));
#5502=DIRECTION('center_axis',(0.,-1.,0.));
#5503=DIRECTION('ref_axis',(1.,0.,-8.79210968047781E-17));
#5504=DIRECTION('center_axis',(0.,-1.,0.));
#5505=DIRECTION('ref_axis',(1.,0.,-8.79210968047781E-17));
#5506=DIRECTION('center_axis',(0.,-1.,0.));
#5507=DIRECTION('ref_axis',(1.,0.,-8.79210968047781E-17));
#5508=DIRECTION('center_axis',(0.,-1.,0.));
#5509=DIRECTION('ref_axis',(1.,0.,-8.79210968047781E-17));
#5510=DIRECTION('center_axis',(0.,1.,0.));
#5511=DIRECTION('ref_axis',(0.,0.,1.));
#5512=DIRECTION('center_axis',(0.,-1.,0.));
#5513=DIRECTION('ref_axis',(1.,0.,-8.79210968047781E-17));
#5514=DIRECTION('center_axis',(0.,-1.,0.));
#5515=DIRECTION('ref_axis',(1.,0.,-8.79210968047781E-17));
#5516=DIRECTION('center_axis',(0.,-1.,0.));
#5517=DIRECTION('ref_axis',(1.,0.,-8.79210968047781E-17));
#5518=DIRECTION('center_axis',(0.,1.,0.));
#5519=DIRECTION('ref_axis',(0.,0.,1.));
#5520=DIRECTION('center_axis',(0.,-1.,0.));
#5521=DIRECTION('ref_axis',(1.,0.,-8.79210968047781E-17));
#5522=DIRECTION('center_axis',(0.,-1.,0.));
#5523=DIRECTION('ref_axis',(1.,0.,-8.79210968047781E-17));
#5524=DIRECTION('center_axis',(0.,-1.,0.));
#5525=DIRECTION('ref_axis',(1.,0.,-8.79210968047781E-17));
#5526=DIRECTION('center_axis',(0.,-1.,0.));
#5527=DIRECTION('ref_axis',(1.,0.,-8.79210968047781E-17));
#5528=DIRECTION('center_axis',(0.,-1.,0.));
#5529=DIRECTION('ref_axis',(1.,0.,-8.79210968047781E-17));
#5530=DIRECTION('center_axis',(0.,-1.,0.));
#5531=DIRECTION('ref_axis',(1.,0.,-8.79210968047781E-17));
#5532=DIRECTION('center_axis',(0.,1.,0.));
#5533=DIRECTION('ref_axis',(0.,0.,1.));
#5534=DIRECTION('center_axis',(0.,-1.,0.));
#5535=DIRECTION('ref_axis',(1.,0.,-8.79210968047781E-17));
#5536=DIRECTION('center_axis',(0.,-1.,0.));
#5537=DIRECTION('ref_axis',(1.,0.,-8.79210968047781E-17));
#5538=DIRECTION('center_axis',(0.,-1.,0.));
#5539=DIRECTION('ref_axis',(1.,0.,-8.79210968047781E-17));
#5540=DIRECTION('center_axis',(0.,1.,0.));
#5541=DIRECTION('ref_axis',(0.,0.,1.));
#5542=DIRECTION('center_axis',(0.,-1.,0.));
#5543=DIRECTION('ref_axis',(0.,0.,-1.));
#5544=DIRECTION('',(-1.,0.,0.));
#5545=DIRECTION('center_axis',(0.,-1.,0.));
#5546=DIRECTION('ref_axis',(0.,0.,-1.));
#5547=DIRECTION('',(-1.,0.,0.));
#5548=DIRECTION('center_axis',(0.,-1.,0.));
#5549=DIRECTION('ref_axis',(0.,0.,-1.));
#5550=DIRECTION('center_axis',(0.,-1.,0.));
#5551=DIRECTION('ref_axis',(0.,0.,-1.));
#5552=DIRECTION('center_axis',(0.,-1.,0.));
#5553=DIRECTION('ref_axis',(0.,0.,-1.));
#5554=DIRECTION('center_axis',(0.,-1.,0.));
#5555=DIRECTION('ref_axis',(0.,0.,-1.));
#5556=DIRECTION('center_axis',(0.,-1.,0.));
#5557=DIRECTION('ref_axis',(0.,0.,-1.));
#5558=DIRECTION('center_axis',(0.,-1.,0.));
#5559=DIRECTION('ref_axis',(0.,0.,-1.));
#5560=DIRECTION('center_axis',(0.,-1.,0.));
#5561=DIRECTION('ref_axis',(0.,0.,-1.));
#5562=DIRECTION('',(-0.661792620529125,0.,0.749686952943155));
#5563=DIRECTION('',(0.,0.,1.));
#5564=DIRECTION('center_axis',(0.,1.,0.));
#5565=DIRECTION('ref_axis',(1.,0.,-6.83126183504102E-17));
#5566=DIRECTION('center_axis',(0.,-1.,0.));
#5567=DIRECTION('ref_axis',(1.,0.,-6.83126183504102E-17));
#5568=DIRECTION('center_axis',(0.,-1.,0.));
#5569=DIRECTION('ref_axis',(1.,0.,1.22464679914735E-16));
#5570=DIRECTION('center_axis',(0.,-1.,0.));
#5571=DIRECTION('ref_axis',(1.,0.,1.22464679914735E-16));
#5572=DIRECTION('',(0.,1.,0.));
#5573=DIRECTION('',(0.,-1.,0.));
#5574=DIRECTION('center_axis',(0.,-1.,0.));
#5575=DIRECTION('ref_axis',(-1.22464679914735E-16,0.,1.));
#5576=DIRECTION('center_axis',(0.,1.,0.));
#5577=DIRECTION('ref_axis',(0.,0.,1.));
#5578=DIRECTION('center_axis',(0.,-1.,0.));
#5579=DIRECTION('ref_axis',(-0.411222190227421,0.,-0.911535139347114));
#5580=DIRECTION('',(-0.661792620529126,0.,0.749686952943155));
#5581=DIRECTION('center_axis',(0.,-1.,0.));
#5582=DIRECTION('ref_axis',(-0.935330677606363,0.,-0.353774679037976));
#5583=DIRECTION('',(0.,0.,1.));
#5584=DIRECTION('center_axis',(0.,-1.,0.));
#5585=DIRECTION('ref_axis',(0.,0.,-1.));
#5586=DIRECTION('',(0.,0.,1.));
#5587=DIRECTION('center_axis',(0.,-1.,0.));
#5588=DIRECTION('ref_axis',(-0.935330677606363,0.,0.353774679037975));
#5589=DIRECTION('',(0.661792620529126,0.,0.749686952943155));
#5590=DIRECTION('center_axis',(0.,-1.,0.));
#5591=DIRECTION('ref_axis',(-0.411222190227421,0.,0.911535139347114));
#5592=DIRECTION('',(1.,0.,6.55796962786438E-17));
#5593=DIRECTION('',(1.,0.,6.55796962786438E-17));
#5594=DIRECTION('center_axis',(0.,-1.,0.));
#5595=DIRECTION('ref_axis',(-1.,0.,1.90777298265146E-16));
#5596=DIRECTION('',(1.,0.,6.55796962786438E-17));
#5597=DIRECTION('center_axis',(0.,-1.,0.));
#5598=DIRECTION('ref_axis',(-1.,0.,0.));
#5599=DIRECTION('',(0.,0.,-1.));
#5600=DIRECTION('center_axis',(0.,-1.,0.));
#5601=DIRECTION('ref_axis',(0.89384827614474,0.,0.448369556541339));
#5602=DIRECTION('',(0.801548710380513,0.,-0.597929481533848));
#5603=DIRECTION('center_axis',(0.,-1.,0.));
#5604=DIRECTION('ref_axis',(0.315001023505869,0.,0.949091331321836));
#5605=DIRECTION('',(-1.,0.,4.83036446081323E-17));
#5606=DIRECTION('center_axis',(0.,1.,0.));
#5607=DIRECTION('ref_axis',(-1.,0.,1.90777298265146E-16));
#5608=DIRECTION('',(0.,1.,0.));
#5609=DIRECTION('',(0.,-1.,0.));
#5610=DIRECTION('center_axis',(-6.55796962786438E-17,0.,1.));
#5611=DIRECTION('ref_axis',(1.,0.,6.55796962786438E-17));
#5612=DIRECTION('',(0.,1.,0.));
#5613=DIRECTION('center_axis',(0.,-1.,0.));
#5614=DIRECTION('ref_axis',(-1.,0.,0.));
#5615=DIRECTION('',(0.,1.,0.));
#5616=DIRECTION('',(0.,-1.,0.));
#5617=DIRECTION('center_axis',(0.,1.,0.));
#5618=DIRECTION('ref_axis',(-0.411222190227421,0.,-0.911535139347114));
#5619=DIRECTION('',(0.,1.,0.));
#5620=DIRECTION('center_axis',(-0.749686952943155,0.,-0.661792620529126));
#5621=DIRECTION('ref_axis',(-0.661792620529126,0.,0.749686952943155));
#5622=DIRECTION('',(0.,-1.,0.));
#5623=DIRECTION('center_axis',(0.,1.,0.));
#5624=DIRECTION('ref_axis',(-0.935330677606363,0.,-0.353774679037976));
#5625=DIRECTION('',(0.,1.,0.));
#5626=DIRECTION('center_axis',(-1.,0.,0.));
#5627=DIRECTION('ref_axis',(0.,0.,1.));
#5628=DIRECTION('',(0.,-1.,0.));
#5629=DIRECTION('center_axis',(0.,1.,0.));
#5630=DIRECTION('ref_axis',(-0.935330677606363,0.,0.353774679037975));
#5631=DIRECTION('',(0.,1.,0.));
#5632=DIRECTION('center_axis',(-0.749686952943155,0.,0.661792620529126));
#5633=DIRECTION('ref_axis',(0.661792620529126,0.,0.749686952943155));
#5634=DIRECTION('',(0.,-1.,0.));
#5635=DIRECTION('center_axis',(0.,1.,0.));
#5636=DIRECTION('ref_axis',(-0.411222190227421,0.,0.911535139347114));
#5637=DIRECTION('center_axis',(0.,-1.,0.));
#5638=DIRECTION('ref_axis',(0.89384827614474,0.,0.448369556541339));
#5639=DIRECTION('',(0.,-1.,0.));
#5640=DIRECTION('',(0.,1.,0.));
#5641=DIRECTION('center_axis',(1.,0.,0.));
#5642=DIRECTION('ref_axis',(0.,0.,-1.));
#5643=DIRECTION('center_axis',(0.,1.,0.));
#5644=DIRECTION('ref_axis',(0.315001023505869,0.,0.949091331321836));
#5645=DIRECTION('',(0.,-1.,0.));
#5646=DIRECTION('',(0.,1.,0.));
#5647=DIRECTION('center_axis',(-0.597929481533848,0.,-0.801548710380513));
#5648=DIRECTION('ref_axis',(0.801548710380513,0.,-0.597929481533848));
#5649=DIRECTION('center_axis',(1.30614473485312E-16,0.,1.));
#5650=DIRECTION('ref_axis',(1.,0.,-1.30614473485312E-16));
#5651=DIRECTION('center_axis',(0.,0.,-1.));
#5652=DIRECTION('ref_axis',(1.,0.,0.));
#5653=DIRECTION('center_axis',(-0.749686952943155,0.,-0.661792620529125));
#5654=DIRECTION('ref_axis',(0.661792620529125,0.,-0.749686952943155));
#5655=DIRECTION('',(0.,-1.,0.));
#5656=DIRECTION('center_axis',(-1.,0.,0.));
#5657=DIRECTION('ref_axis',(0.,0.,-1.));
#5658=DIRECTION('center_axis',(0.,-1.,0.));
#5659=DIRECTION('ref_axis',(0.,0.,-1.));
#5660=DIRECTION('',(1.,0.,-2.61228946970625E-16));
#5661=DIRECTION('center_axis',(2.61228946970625E-16,0.,1.));
#5662=DIRECTION('ref_axis',(1.,0.,-2.61228946970625E-16));
#5663=CARTESIAN_POINT('',(0.,0.,0.));
#5664=CARTESIAN_POINT('Origin',(1.36059966844973,0.,-60.5544452682072));
#5665=CARTESIAN_POINT('',(-5.73940033155027,0.,-60.5544452682072));
#5666=CARTESIAN_POINT('',(-5.73940033155027,-2.,-60.5544452682072));
#5667=CARTESIAN_POINT('',(-5.73940033155027,0.,-60.5544452682072));
#5668=CARTESIAN_POINT('',(6.68337703434613,0.,-55.8557176624504));
#5669=CARTESIAN_POINT('Origin',(1.36059966844973,0.,-60.5544452682072));
#5670=CARTESIAN_POINT('',(6.05932727420653,0.,-65.8772226341036));
#5671=CARTESIAN_POINT('Origin',(1.36059966844973,0.,-60.5544452682072));
#5672=CARTESIAN_POINT('',(6.05932727420653,-2.,-65.8772226341036));
#5673=CARTESIAN_POINT('',(6.05932727420653,0.,-65.8772226341036));
#5674=CARTESIAN_POINT('Origin',(1.36059966844973,-2.,-60.5544452682072));
#5675=CARTESIAN_POINT('Origin',(10.7580548799633,0.,-71.2));
#5676=CARTESIAN_POINT('',(3.65805487996332,0.,-71.2));
#5677=CARTESIAN_POINT('',(3.65805487996332,-2.,-71.2));
#5678=CARTESIAN_POINT('',(3.65805487996332,0.,-71.2));
#5679=CARTESIAN_POINT('Origin',(10.7580548799633,0.,-71.2));
#5680=CARTESIAN_POINT('',(6.05932727420653,0.,-65.8772226341036));
#5681=CARTESIAN_POINT('Origin',(10.7580548799633,-2.,-71.2));
#5682=CARTESIAN_POINT('Origin',(10.7580548799633,0.,-9.1));
#5683=CARTESIAN_POINT('',(3.65805487996334,0.,-9.1));
#5684=CARTESIAN_POINT('',(3.65805487996334,-2.,-9.1));
#5685=CARTESIAN_POINT('',(3.65805487996334,0.,-9.1));
#5686=CARTESIAN_POINT('',(5.43527751406694,0.,-4.40127239424321));
#5687=CARTESIAN_POINT('Origin',(10.7580548799633,0.,-9.1));
#5688=CARTESIAN_POINT('',(10.7580548799633,0.,-2.00000000000001));
#5689=CARTESIAN_POINT('Origin',(10.7580548799633,0.,-9.1));
#5690=CARTESIAN_POINT('',(16.0808322458597,0.,-13.7987276057568));
#5691=CARTESIAN_POINT('Origin',(10.7580548799633,0.,-9.1));
#5692=CARTESIAN_POINT('',(6.05932727420654,0.,-14.4227773658964));
#5693=CARTESIAN_POINT('Origin',(10.7580548799633,0.,-9.1));
#5694=CARTESIAN_POINT('',(6.05932727420654,-2.,-14.4227773658964));
#5695=CARTESIAN_POINT('',(6.05932727420654,0.,-14.4227773658964));
#5696=CARTESIAN_POINT('Origin',(10.7580548799633,-2.,-9.1));
#5697=CARTESIAN_POINT('Origin',(1.36059966844974,0.,-19.7455547317928));
#5698=CARTESIAN_POINT('',(-5.73940033155026,0.,-19.7455547317928));
#5699=CARTESIAN_POINT('',(-5.73940033155026,-2.,-19.7455547317928));
#5700=CARTESIAN_POINT('',(-5.73940033155026,0.,-19.7455547317928));
#5701=CARTESIAN_POINT('',(-3.96217769744666,0.,-15.046827126036));
#5702=CARTESIAN_POINT('Origin',(1.36059966844974,0.,-19.7455547317928));
#5703=CARTESIAN_POINT('Origin',(1.36059966844974,0.,-19.7455547317928));
#5704=CARTESIAN_POINT('',(6.05932727420654,0.,-14.4227773658964));
#5705=CARTESIAN_POINT('Origin',(1.36059966844974,-2.,-19.7455547317928));
#5706=CARTESIAN_POINT('Origin',(5.,43.6,-46.3935302561799));
#5707=CARTESIAN_POINT('',(1.11006337025541,44.,-48.8488088588178));
#5708=CARTESIAN_POINT('',(0.771808011147185,43.5999999984782,-49.0623113460037));
#5709=CARTESIAN_POINT('Origin',(1.11006337025541,43.6,-48.8488088588178));
#5710=CARTESIAN_POINT('',(0.,43.6,-46.3935302561799));
#5711=CARTESIAN_POINT('Origin',(5.,43.6,-46.3935302561799));
#5712=CARTESIAN_POINT('',(0.4,44.,-46.3935302561799));
#5713=CARTESIAN_POINT('Origin',(0.4,43.6,-46.3935302561799));
#5714=CARTESIAN_POINT('Origin',(5.,44.,-46.3935302561799));
#5715=CARTESIAN_POINT('Origin',(0.4,43.6,-60.225));
#5716=CARTESIAN_POINT('',(0.,43.6,-33.9064697438201));
#5717=CARTESIAN_POINT('',(0.4,44.,-33.9064697438201));
#5718=CARTESIAN_POINT('Origin',(0.4,43.6,-33.9064697438201));
#5719=CARTESIAN_POINT('',(0.4,44.,-60.225));
#5720=CARTESIAN_POINT('',(0.,43.6,-60.225));
#5721=CARTESIAN_POINT('Origin',(5.,43.6,-33.9064697438201));
#5722=CARTESIAN_POINT('',(0.158701682418141,43.6,-32.6567375324327));
#5723=CARTESIAN_POINT('',(0.546005547824689,44.,-32.7567161093437));
#5724=CARTESIAN_POINT('Origin',(0.546005547824689,43.6,-32.7567161093437));
#5725=CARTESIAN_POINT('Origin',(5.,44.,-33.9064697438201));
#5726=CARTESIAN_POINT('Origin',(5.,43.6,-33.9064697438201));
#5727=CARTESIAN_POINT('Ctrl Pts',(0.158701682418138,43.6,-32.6567375324328));
#5728=CARTESIAN_POINT('Ctrl Pts',(0.220643903140529,43.6,-32.4167815112643));
#5729=CARTESIAN_POINT('Ctrl Pts',(0.381501817532296,43.538886482729,-31.9444082625353));
#5730=CARTESIAN_POINT('Ctrl Pts',(0.601656799297854,43.4233305027102,-31.5165864513251));
#5731=CARTESIAN_POINT('Ctrl Pts',(0.725477123221292,43.3593144094979,-31.3125433424171));
#5732=CARTESIAN_POINT('Ctrl Pts',(0.158701682418137,43.7047197551197,-32.6567375324328));
#5733=CARTESIAN_POINT('Ctrl Pts',(0.223500283840203,43.6923140031561,-32.4073187265736));
#5734=CARTESIAN_POINT('Ctrl Pts',(0.387978703471386,43.6064612900541,-31.9300343643168));
#5735=CARTESIAN_POINT('Ctrl Pts',(0.607865592003066,43.4699749693126,-31.5053454660583));
#5736=CARTESIAN_POINT('Ctrl Pts',(0.731001536392024,43.3958403542973,-31.3034396799283));
#5737=CARTESIAN_POINT('Ctrl Pts',(0.242712267889333,43.9132354794518,-32.6784240156597));
#5738=CARTESIAN_POINT('Ctrl Pts',(0.290032320623995,43.8771342561117,-32.408859016721));
#5739=CARTESIAN_POINT('Ctrl Pts',(0.430438701734327,43.7419918344308,-31.9159590410175));
#5740=CARTESIAN_POINT('Ctrl Pts',(0.635054929209189,43.5632449403382,-31.4912203912092));
#5741=CARTESIAN_POINT('Ctrl Pts',(0.751396519693188,43.4688873677514,-31.2909055849058));
#5742=CARTESIAN_POINT('Ctrl Pts',(0.444609632969016,44.,-32.7305417791154));
#5743=CARTESIAN_POINT('Ctrl Pts',(0.452778805353813,43.9802664761953,-32.4530028850408));
#5744=CARTESIAN_POINT('Ctrl Pts',(0.526298643041269,43.8489485035508,-31.9354720934968));
#5745=CARTESIAN_POINT('Ctrl Pts',(0.688549776789979,43.6458079577733,-31.4953964535454));
#5746=CARTESIAN_POINT('Ctrl Pts',(0.788825953381006,43.5360284808508,-31.2907226039687));
#5747=CARTESIAN_POINT('Ctrl Pts',(0.546005547824696,44.,-32.7567161093437));
#5748=CARTESIAN_POINT('Ctrl Pts',(0.540993434975522,44.,-32.4812264570621));
#5749=CARTESIAN_POINT('Ctrl Pts',(0.583031890294556,43.8899956689122,-31.9531140632801));
#5750=CARTESIAN_POINT('Ctrl Pts',(0.720420415864599,43.6819949048783,-31.5020026908996));
#5751=CARTESIAN_POINT('Ctrl Pts',(0.811046164849592,43.5667659370962,-31.2937245101859));
#5752=CARTESIAN_POINT('',(0.704171925285841,43.3703346788245,-31.34798168395));
#5753=CARTESIAN_POINT('',(0.81104616484959,43.5667659370962,-31.2937245101859));
#5754=CARTESIAN_POINT('Ctrl Pts',(0.811046164849592,43.5667659370962,-31.2937245101859));
#5755=CARTESIAN_POINT('Ctrl Pts',(0.795729866703339,43.5511407423817,-31.296753313089));
#5756=CARTESIAN_POINT('Ctrl Pts',(0.78170710566502,43.5344666469036,-31.3004031115713));
#5757=CARTESIAN_POINT('Ctrl Pts',(0.769119531646362,43.5169021020266,-31.3046541480974));
#5758=CARTESIAN_POINT('Ctrl Pts',(0.759935272888243,43.5040865011109,-31.3077558275305));
#5759=CARTESIAN_POINT('Ctrl Pts',(0.751515452043717,43.4907962428589,-31.311178198871));
#5760=CARTESIAN_POINT('Ctrl Pts',(0.74392792176495,43.4770885488575,-31.314925048026));
#5761=CARTESIAN_POINT('Ctrl Pts',(0.743918498844544,43.4770715253328,-31.3149297012215));
#5762=CARTESIAN_POINT('Ctrl Pts',(0.743909077269519,43.4770545012733,-31.3149343548894));
#5763=CARTESIAN_POINT('Ctrl Pts',(0.743899657039977,43.4770374766791,-31.3149390090298));
#5764=CARTESIAN_POINT('Ctrl Pts',(0.733395854969137,43.4580546093467,-31.3201284971643));
#5765=CARTESIAN_POINT('Ctrl Pts',(0.724561934377013,43.4384077577726,-31.3259025510105));
#5766=CARTESIAN_POINT('Ctrl Pts',(0.717487459247572,43.418300385832,-31.3322075345331));
#5767=CARTESIAN_POINT('Ctrl Pts',(0.71195023744454,43.4025622602079,-31.3371424719794));
#5768=CARTESIAN_POINT('Ctrl Pts',(0.707491415267745,43.386541372367,-31.3424033998931));
#5769=CARTESIAN_POINT('Ctrl Pts',(0.704171384406714,43.3703370034928,-31.3479786427802));
#5770=CARTESIAN_POINT('Ctrl Pts',(0.811046164849592,43.5667659370962,-31.2937245101859));
#5771=CARTESIAN_POINT('Ctrl Pts',(0.720420415864599,43.6819949048783,-31.5020026908996));
#5772=CARTESIAN_POINT('Ctrl Pts',(0.583031890294556,43.8899956689122,-31.9531140632801));
#5773=CARTESIAN_POINT('Ctrl Pts',(0.540993434975522,44.,-32.4812264570621));
#5774=CARTESIAN_POINT('Ctrl Pts',(0.546005547824696,44.,-32.7567161093437));
#5775=CARTESIAN_POINT('Ctrl Pts',(0.158701682418138,43.6,-32.6567375324328));
#5776=CARTESIAN_POINT('Ctrl Pts',(0.220643903140529,43.6,-32.4167815112643));
#5777=CARTESIAN_POINT('Ctrl Pts',(0.376858712627623,43.5406505020678,-31.9580431437055));
#5778=CARTESIAN_POINT('Ctrl Pts',(0.588996817502794,43.4299561052941,-31.541321410538));
#5779=CARTESIAN_POINT('Ctrl Pts',(0.704170561842117,43.3703374292861,-31.3479800236133));
#5780=CARTESIAN_POINT('Ctrl Pts',(0.839525929677765,43.7369845351449,-49.1666973103215));
#5781=CARTESIAN_POINT('Ctrl Pts',(0.809675743789983,43.6877378574162,-49.1219142439011));
#5782=CARTESIAN_POINT('Ctrl Pts',(0.78800158051337,43.6403221921446,-49.0879670734369));
#5783=CARTESIAN_POINT('Ctrl Pts',(0.771808011950905,43.5999999989577,-49.062311347277));
#5784=CARTESIAN_POINT('Ctrl Pts',(0.86655603714548,43.8134787768517,-49.1598565132551));
#5785=CARTESIAN_POINT('Ctrl Pts',(0.829205357428025,43.7761306386628,-49.1146442468561));
#5786=CARTESIAN_POINT('Ctrl Pts',(0.797072713850773,43.7383404043008,-49.0821142252778));
#5787=CARTESIAN_POINT('Ctrl Pts',(0.771808011720146,43.7047197542511,-49.0623113474227));
#5788=CARTESIAN_POINT('Ctrl Pts',(0.967308921478503,43.9486437923924,-49.1343579081756));
#5789=CARTESIAN_POINT('Ctrl Pts',(0.926994109925208,43.9372120928451,-49.0811055330481));
#5790=CARTESIAN_POINT('Ctrl Pts',(0.884030005478648,43.9250166578655,-49.0405298385327));
#5791=CARTESIAN_POINT('Ctrl Pts',(0.845189699392839,43.9132233251234,-49.0159937576467));
#5792=CARTESIAN_POINT('Ctrl Pts',(1.12492332212724,44.,-49.0944687537995));
#5793=CARTESIAN_POINT('Ctrl Pts',(1.09807770378531,44.0001317419011,-49.0241174822206));
#5794=CARTESIAN_POINT('Ctrl Pts',(1.06358691360798,43.9997808974151,-48.9586551113436));
#5795=CARTESIAN_POINT('Ctrl Pts',(1.02150832438461,44.,-48.9047036796827));
#5796=CARTESIAN_POINT('Ctrl Pts',(1.20385225359856,44.,-49.0744933688142));
#5797=CARTESIAN_POINT('Ctrl Pts',(1.18387035904381,44.,-48.9955387160185));
#5798=CARTESIAN_POINT('Ctrl Pts',(1.1535657733127,44.,-48.9177304017911));
#5799=CARTESIAN_POINT('Ctrl Pts',(1.11006337025541,44.,-48.8488088588178));
#5800=CARTESIAN_POINT('',(1.20385225359856,44.,-49.0744933688142));
#5801=CARTESIAN_POINT('',(0.839525929677766,43.736984535145,-49.1666973103215));
#5802=CARTESIAN_POINT('Origin',(1.20385225359856,43.6,-49.0744933688142));
#5803=CARTESIAN_POINT('Ctrl Pts',(0.839525929677944,43.7369845351452,-49.1666973103218));
#5804=CARTESIAN_POINT('Ctrl Pts',(0.824532069544691,43.7122477445381,-49.1442026083869));
#5805=CARTESIAN_POINT('Ctrl Pts',(0.810778693968458,43.686466253497,-49.1231688955802));
#5806=CARTESIAN_POINT('Ctrl Pts',(0.789327822581401,43.6416894629895,-49.089923048469));
#5807=CARTESIAN_POINT('Ctrl Pts',(0.78035831617204,43.621290366074,-49.0758577291576));
#5808=CARTESIAN_POINT('Ctrl Pts',(0.771808011537427,43.5999999979281,-49.0623113466219));
#5809=CARTESIAN_POINT('Ctrl Pts',(1.11006337025541,44.,-48.8488088588178));
#5810=CARTESIAN_POINT('Ctrl Pts',(1.1535657733127,44.,-48.9177304017911));
#5811=CARTESIAN_POINT('Ctrl Pts',(1.18387035904381,44.,-48.9955387160185));
#5812=CARTESIAN_POINT('Ctrl Pts',(1.20385225359856,44.,-49.0744933688142));
#5813=CARTESIAN_POINT('Ctrl Pts',(1.25156523528426,44.,-49.7024933588256));
#5814=CARTESIAN_POINT('Ctrl Pts',(1.25037984556186,44.,-49.7011505345307));
#5815=CARTESIAN_POINT('Ctrl Pts',(1.24920982626013,43.9999846885223,-49.6998215750268));
#5816=CARTESIAN_POINT('Ctrl Pts',(1.06691198010384,44.0008116435337,-49.4933304351601));
#5817=CARTESIAN_POINT('Ctrl Pts',(0.91591582461827,43.8630121770501,-49.2813020820247));
#5818=CARTESIAN_POINT('Ctrl Pts',(0.83952592967778,43.7369845351449,-49.1666973103215));
#5819=CARTESIAN_POINT('Ctrl Pts',(1.25156523528426,44.,-49.7024933588256));
#5820=CARTESIAN_POINT('Ctrl Pts',(1.25100253832453,43.9999378960908,-49.7012923689977));
#5821=CARTESIAN_POINT('Ctrl Pts',(1.24972226390773,44.0000527643768,-49.6996384704312));
#5822=CARTESIAN_POINT('Ctrl Pts',(1.13165146617375,43.9979376369247,-49.4954566615458));
#5823=CARTESIAN_POINT('Ctrl Pts',(1.01503424392777,43.9562541087116,-49.2746831379385));
#5824=CARTESIAN_POINT('Ctrl Pts',(0.893586144613201,43.8899730185585,-49.1530157161887));
#5825=CARTESIAN_POINT('Ctrl Pts',(1.25156523528426,44.,-49.7024933588256));
#5826=CARTESIAN_POINT('Ctrl Pts',(1.25115256513415,44.,-49.7010970793833));
#5827=CARTESIAN_POINT('Ctrl Pts',(1.25068248129378,44.,-49.6997683131373));
#5828=CARTESIAN_POINT('Ctrl Pts',(1.18587856114334,44.0000000000011,-49.491818077671));
#5829=CARTESIAN_POINT('Ctrl Pts',(1.13300260388205,44.,-49.2714736336346));
#5830=CARTESIAN_POINT('Ctrl Pts',(1.04599439065594,44.,-49.1144441387849));
#5831=CARTESIAN_POINT('Ctrl Pts',(1.25156523528426,44.,-49.7024933588256));
#5832=CARTESIAN_POINT('Ctrl Pts',(1.25150917643651,44.,-49.7011049367345));
#5833=CARTESIAN_POINT('Ctrl Pts',(1.25145499644817,44.,-49.6997164831666));
#5834=CARTESIAN_POINT('Ctrl Pts',(1.24298575673854,44.0000000000011,-49.4899398772063));
#5835=CARTESIAN_POINT('Ctrl Pts',(1.25501854756076,44.,-49.2766672399432));
#5836=CARTESIAN_POINT('Ctrl Pts',(1.20385225359858,44.,-49.0744933688142));
#5837=CARTESIAN_POINT('',(1.25156523528421,44.,-49.7024933588255));
#5838=CARTESIAN_POINT('Ctrl Pts',(1.20385225359858,44.,-49.0744933688142));
#5839=CARTESIAN_POINT('Ctrl Pts',(1.25501854756076,44.,-49.2766672399432));
#5840=CARTESIAN_POINT('Ctrl Pts',(1.24298575673854,44.0000000000011,-49.4899398772063));
#5841=CARTESIAN_POINT('Ctrl Pts',(1.25145499644817,44.,-49.6997164831666));
#5842=CARTESIAN_POINT('Ctrl Pts',(1.25150917643651,44.,-49.7011049367345));
#5843=CARTESIAN_POINT('Ctrl Pts',(1.25156523528426,44.,-49.7024933588256));
#5844=CARTESIAN_POINT('Ctrl Pts',(1.25156523528426,44.,-49.7024933588256));
#5845=CARTESIAN_POINT('Ctrl Pts',(1.25037984556186,44.,-49.7011505345307));
#5846=CARTESIAN_POINT('Ctrl Pts',(1.24920982626013,43.9999846885223,-49.6998215750268));
#5847=CARTESIAN_POINT('Ctrl Pts',(1.24800321626534,43.9999901620493,-49.6984548322021));
#5848=CARTESIAN_POINT('Ctrl Pts',(1.06691198010384,44.0008116435337,-49.4933304351601));
#5849=CARTESIAN_POINT('Ctrl Pts',(0.915915824618271,43.8630121770501,-49.2813020820247));
#5850=CARTESIAN_POINT('Ctrl Pts',(0.83952592967778,43.7369845351449,-49.1666973103215));
#5851=CARTESIAN_POINT('Origin',(5.,22.,-33.9064697438201));
#5852=CARTESIAN_POINT('',(0.,0.,-33.9064697438201));
#5853=CARTESIAN_POINT('',(0.,22.,-33.9064697438201));
#5854=CARTESIAN_POINT('',(0.668058587182192,0.,-31.4096150031685));
#5855=CARTESIAN_POINT('Origin',(5.,0.,-33.9064697438201));
#5856=CARTESIAN_POINT('',(0.668058587182192,43.,-31.4096150031685));
#5857=CARTESIAN_POINT('',(0.668058587182192,0.,-31.4096150031685));
#5858=CARTESIAN_POINT('Ctrl Pts',(0.668058587182192,43.,-31.4096150031685));
#5859=CARTESIAN_POINT('Ctrl Pts',(0.668058587182192,43.115139055078,-31.4096150031685));
#5860=CARTESIAN_POINT('Ctrl Pts',(0.678540524200453,43.2385360171373,-31.3911387318572));
#5861=CARTESIAN_POINT('Ctrl Pts',(0.701901944948347,43.3591019801942,-31.3517960462877));
#5862=CARTESIAN_POINT('Ctrl Pts',(0.703023346733996,43.3647288562044,-31.3499102041829));
#5863=CARTESIAN_POINT('Ctrl Pts',(0.704171925285844,43.3703346788245,-31.34798168395));
#5864=CARTESIAN_POINT('Origin',(0.,0.,-80.3));
#5865=CARTESIAN_POINT('',(0.,0.,-46.3935302561799));
#5866=CARTESIAN_POINT('',(0.,22.,-46.3935302561799));
#5867=CARTESIAN_POINT('',(0.,0.,-44.2173523078651));
#5868=CARTESIAN_POINT('Origin',(5.,22.,-46.3935302561799));
#5869=CARTESIAN_POINT('',(0.66805858718219,43.,-48.8903849968314));
#5870=CARTESIAN_POINT('Ctrl Pts',(0.771808011537427,43.5999999979281,-49.0623113466219));
#5871=CARTESIAN_POINT('Ctrl Pts',(0.742358151759164,43.5266694695647,-49.0156534691281));
#5872=CARTESIAN_POINT('Ctrl Pts',(0.718064966113961,43.4425177207766,-48.9754239017811));
#5873=CARTESIAN_POINT('Ctrl Pts',(0.67854052420045,43.2385360171373,-48.9088612681427));
#5874=CARTESIAN_POINT('Ctrl Pts',(0.668058587182189,43.115139055078,-48.8903849968314));
#5875=CARTESIAN_POINT('Ctrl Pts',(0.668058587182189,43.,-48.8903849968314));
#5876=CARTESIAN_POINT('',(0.66805858718219,0.,-48.8903849968314));
#5877=CARTESIAN_POINT('',(0.66805858718219,0.,-48.8903849968314));
#5878=CARTESIAN_POINT('Origin',(5.,0.,-46.3935302561799));
#5879=CARTESIAN_POINT('Origin',(-19.3015040533868,43.6,-36.0601413818123));
#5880=CARTESIAN_POINT('',(-18.9015040533868,43.6,-48.55889555892));
#5881=CARTESIAN_POINT('',(-19.3015040533868,44.,-49.2365348710945));
#5882=CARTESIAN_POINT('Ctrl Pts',(-19.3015040533868,44.,-49.2365348710945));
#5883=CARTESIAN_POINT('Ctrl Pts',(-19.2016392515693,44.,-49.1233122974044));
#5884=CARTESIAN_POINT('Ctrl Pts',(-19.0977291654046,43.9599273493428,-49.005724918059));
#5885=CARTESIAN_POINT('Ctrl Pts',(-18.9846866272853,43.8497876857912,-48.8346030271686));
#5886=CARTESIAN_POINT('Ctrl Pts',(-18.9539263285634,43.8050615661717,-48.778135397251));
#5887=CARTESIAN_POINT('Ctrl Pts',(-18.9123466699898,43.706741941805,-48.6670804886361));
#5888=CARTESIAN_POINT('Ctrl Pts',(-18.9015040533868,43.6531205298606,-48.6125266298219));
#5889=CARTESIAN_POINT('Ctrl Pts',(-18.9015040533868,43.6,-48.55889555892));
#5890=CARTESIAN_POINT('',(-19.3015040533868,44.,-31.0634651289055));
#5891=CARTESIAN_POINT('',(-19.3015040533868,44.,-36.0601413818123));
#5892=CARTESIAN_POINT('',(-18.9015040533868,43.6,-31.74110444108));
#5893=CARTESIAN_POINT('Ctrl Pts',(-18.9015040533868,43.6,-31.74110444108));
#5894=CARTESIAN_POINT('Ctrl Pts',(-18.9015040533868,43.6531205298606,-31.687473370178));
#5895=CARTESIAN_POINT('Ctrl Pts',(-18.9123466699898,43.706741941805,-31.6329195113639));
#5896=CARTESIAN_POINT('Ctrl Pts',(-18.9539263285634,43.8050615661717,-31.521864602749));
#5897=CARTESIAN_POINT('Ctrl Pts',(-18.9846866272853,43.8497876857912,-31.4653969728314));
#5898=CARTESIAN_POINT('Ctrl Pts',(-19.0977291654046,43.9599273493428,-31.2942750819409));
#5899=CARTESIAN_POINT('Ctrl Pts',(-19.2016392515693,44.,-31.1766877025956));
#5900=CARTESIAN_POINT('Ctrl Pts',(-19.3015040533868,44.,-31.0634651289055));
#5901=CARTESIAN_POINT('',(-18.9015040533868,43.6,-36.0601413818123));
#5902=CARTESIAN_POINT('Origin',(102.,44.,-40.15));
#5903=CARTESIAN_POINT('',(51.0857864376268,44.,-1.00000000000001));
#5904=CARTESIAN_POINT('',(7.44113673690593,44.,-1.));
#5905=CARTESIAN_POINT('',(51.,44.,-1.00000000000001));
#5906=CARTESIAN_POINT('',(48.1026476487535,44.,-3.98313878887327));
#5907=CARTESIAN_POINT('',(54.4303932188133,44.,2.34460678118656));
#5908=CARTESIAN_POINT('',(39.1773020222378,44.,-6.24699955469722));
#5909=CARTESIAN_POINT('Origin',(41.7386866180746,44.,2.38082224180566));
#5910=CARTESIAN_POINT('',(28.2727184166081,44.,-3.00970129677592));
#5911=CARTESIAN_POINT('',(75.5229649027408,44.,-17.0371182223465));
#5912=CARTESIAN_POINT('',(0.499999999999989,44.,-34.47098387809));
#5913=CARTESIAN_POINT('',(34.9933214140272,44.,4.60348178623788));
#5914=CARTESIAN_POINT('',(0.499999999999998,44.,-37.2274536219101));
#5915=CARTESIAN_POINT('',(0.499999999999998,44.,-37.499609375));
#5916=CARTESIAN_POINT('',(2.,44.,-38.9266723719101));
#5917=CARTESIAN_POINT('',(23.5770993818959,44.,-63.3694802654642));
#5918=CARTESIAN_POINT('',(2.,44.,-41.3733276280899));
#5919=CARTESIAN_POINT('',(2.,44.,-39.34921875));
#5920=CARTESIAN_POINT('',(0.499999999999998,44.,-43.0725463780899));
#5921=CARTESIAN_POINT('',(24.3270993818959,44.,-16.0809103595358));
#5922=CARTESIAN_POINT('',(0.499999999999997,44.,-45.82901612191));
#5923=CARTESIAN_POINT('',(0.499999999999998,44.,-41.800390625));
#5924=CARTESIAN_POINT('',(28.2727184166082,44.,-77.2902987032241));
#5925=CARTESIAN_POINT('',(21.4433214140273,44.,-69.5538724112379));
#5926=CARTESIAN_POINT('',(39.1773020222378,44.,-74.0530004453028));
#5927=CARTESIAN_POINT('',(67.5229649027408,44.,-65.6378817776535));
#5928=CARTESIAN_POINT('',(48.1026476487535,44.,-76.3168612111268));
#5929=CARTESIAN_POINT('Origin',(41.7386866180746,44.,-82.6808222418057));
#5930=CARTESIAN_POINT('',(51.0857864376268,44.,-79.3));
#5931=CARTESIAN_POINT('',(50.4303932188134,44.,-78.6446067811866));
#5932=CARTESIAN_POINT('',(7.4411367369059,44.,-79.3));
#5933=CARTESIAN_POINT('',(153.,44.,-79.3));
#5934=CARTESIAN_POINT('',(4.44238892513327,44.,-77.9471704821165));
#5935=CARTESIAN_POINT('Origin',(7.4411367369059,44.,-75.3));
#5936=CARTESIAN_POINT('',(-18.4002518651594,44.,-52.0707414618629));
#5937=CARTESIAN_POINT('',(17.1761124331575,44.,-92.3720916435503));
#5938=CARTESIAN_POINT('',(-19.4015040533868,44.,-49.4235709797464));
#5939=CARTESIAN_POINT('Origin',(-15.4015040533868,44.,-49.4235709797464));
#5940=CARTESIAN_POINT('',(-19.4015040533868,44.,-30.8764290202536));
#5941=CARTESIAN_POINT('',(-19.4015040533868,44.,-45.7323726696483));
#5942=CARTESIAN_POINT('',(-18.4002518651594,44.,-28.2292585381371));
#5943=CARTESIAN_POINT('Origin',(-15.4015040533868,44.,-30.8764290202536));
#5944=CARTESIAN_POINT('',(4.44238892513331,44.,-2.3528295178835));
#5945=CARTESIAN_POINT('',(4.38262072084715,44.,-2.42053568680141));
#5946=CARTESIAN_POINT('Origin',(7.44113673690593,44.,-5.));
#5947=CARTESIAN_POINT('',(28.4912445960728,44.,-1.1));
#5948=CARTESIAN_POINT('',(20.9931961952045,44.,-9.59388295410869));
#5949=CARTESIAN_POINT('',(7.14900309488827,44.,-1.1));
#5950=CARTESIAN_POINT('',(64.2481303765053,44.,-1.10000000000001));
#5951=CARTESIAN_POINT('',(18.098493024365,44.,11.3037190607355));
#5952=CARTESIAN_POINT('',(-11.3653313497469,44.,-58.2267305119366));
#5953=CARTESIAN_POINT('',(4.87023028731699,44.,-76.6185776789232));
#5954=CARTESIAN_POINT('',(-10.0306284404317,44.,-58.3787560166762));
#5955=CARTESIAN_POINT('Ctrl Pts',(-10.0306284404317,44.,-58.3787560166762));
#5956=CARTESIAN_POINT('Ctrl Pts',(-10.0319649552018,44.,-58.3793127005353));
#5957=CARTESIAN_POINT('Ctrl Pts',(-10.033301294857,44.,-58.3798693476212));
#5958=CARTESIAN_POINT('Ctrl Pts',(-10.0789550198365,43.9999999999999,-58.3988814523023));
#5959=CARTESIAN_POINT('Ctrl Pts',(-10.1675380105322,44.,-58.4355989576962));
#5960=CARTESIAN_POINT('Ctrl Pts',(-10.3488780811479,43.9999999999999,-58.5008443149269));
#5961=CARTESIAN_POINT('Ctrl Pts',(-10.5383209917888,44.,-58.5404160998555));
#5962=CARTESIAN_POINT('Ctrl Pts',(-10.7315465054007,44.,-58.5403501155634));
#5963=CARTESIAN_POINT('Ctrl Pts',(-10.9231105214482,44.,-58.5122372923303));
#5964=CARTESIAN_POINT('Ctrl Pts',(-11.1498756495222,44.,-58.4237293379577));
#5965=CARTESIAN_POINT('Ctrl Pts',(-11.301802663569,44.,-58.2986966017475));
#5966=CARTESIAN_POINT('Ctrl Pts',(-11.3653313497469,44.,-58.2267305119366));
#5967=CARTESIAN_POINT('',(-10.0453620464142,44.,-59.7220082383682));
#5968=CARTESIAN_POINT('Ctrl Pts',(-10.0453620464142,44.,-59.7220082383682));
#5969=CARTESIAN_POINT('Ctrl Pts',(-10.1089036461217,44.,-59.6500275199496));
#5970=CARTESIAN_POINT('Ctrl Pts',(-10.1879858805159,44.,-59.524787327044));
#5971=CARTESIAN_POINT('Ctrl Pts',(-10.2498097411368,44.,-59.3425407373012));
#5972=CARTESIAN_POINT('Ctrl Pts',(-10.2833925874573,44.,-59.1507983127516));
#5973=CARTESIAN_POINT('Ctrl Pts',(-10.2696754175956,44.,-58.9080178405885));
#5974=CARTESIAN_POINT('Ctrl Pts',(-10.1910723688579,44.0000000000001,-58.6787936738512));
#5975=CARTESIAN_POINT('Ctrl Pts',(-10.1041074142924,44.,-58.5076597614494));
#5976=CARTESIAN_POINT('Ctrl Pts',(-10.0565486329542,44.0000000000001,-58.4241223900297));
#5977=CARTESIAN_POINT('Ctrl Pts',(-10.0320318263348,44.,-58.3812126389905));
#5978=CARTESIAN_POINT('Ctrl Pts',(-10.0313301525679,44.,-58.3799842959325));
#5979=CARTESIAN_POINT('Ctrl Pts',(-10.0306284404317,44.,-58.3787560166762));
#5980=CARTESIAN_POINT('',(7.14900309488824,44.,-79.2));
#5981=CARTESIAN_POINT('',(4.87023028731699,44.,-76.6185776789232));
#5982=CARTESIAN_POINT('',(28.4912445960728,44.,-79.2));
#5983=CARTESIAN_POINT('',(54.7775107103546,44.,-79.2));
#5984=CARTESIAN_POINT('',(2.58475883632939,44.,-49.8528091002905));
#5985=CARTESIAN_POINT('',(35.1240851923994,44.,-86.7137647380263));
#5986=CARTESIAN_POINT('Ctrl Pts',(1.25156523528422,44.,-49.7024933588255));
#5987=CARTESIAN_POINT('Ctrl Pts',(1.25286705236136,44.,-49.7019407224472));
#5988=CARTESIAN_POINT('Ctrl Pts',(1.25416870785038,44.,-49.7013881139597));
#5989=CARTESIAN_POINT('Ctrl Pts',(1.29963211578838,44.0000000000001,-49.6820922408652));
#5990=CARTESIAN_POINT('Ctrl Pts',(1.38794972275227,44.,-49.6447970157679));
#5991=CARTESIAN_POINT('Ctrl Pts',(1.56884445704696,44.0000000000001,-49.5789016544134));
#5992=CARTESIAN_POINT('Ctrl Pts',(1.75814676437503,44.,-49.5392369910431));
#5993=CARTESIAN_POINT('Ctrl Pts',(1.95125361641069,44.,-49.5392717871422));
#5994=CARTESIAN_POINT('Ctrl Pts',(2.14280720364655,44.,-49.5674192390235));
#5995=CARTESIAN_POINT('Ctrl Pts',(2.36940543615478,44.,-49.6559124918859));
#5996=CARTESIAN_POINT('Ctrl Pts',(2.52127171392543,44.,-49.7808900944422));
#5997=CARTESIAN_POINT('Ctrl Pts',(2.5847588363294,44.,-49.8528091002905));
#5998=CARTESIAN_POINT('Origin',(4.87023028731699,43.1,-76.6185776789232));
#5999=CARTESIAN_POINT('',(-10.6906130920981,43.1,-57.6311171534604));
#6000=CARTESIAN_POINT('Origin',(-11.3653313497469,43.1,-58.2267305119366));
#6001=CARTESIAN_POINT('',(-18.9015040533868,43.1,-48.3297172363755));
#6002=CARTESIAN_POINT('Origin',(-18.9015040533868,43.1,-49.6896598710945));
#6003=CARTESIAN_POINT('',(5.54494854496583,43.1,-76.022964320447));
#6004=CARTESIAN_POINT('Ctrl Pts',(-10.6906130920981,43.1,-57.6311171534604));
#6005=CARTESIAN_POINT('Ctrl Pts',(-10.6899749188729,43.1095728209936,-57.631840084067));
#6006=CARTESIAN_POINT('Ctrl Pts',(-10.6879676477045,43.1339097206343,-57.6341139459374));
#6007=CARTESIAN_POINT('Ctrl Pts',(-10.6816231703102,43.1905536811444,-57.6413010492356));
#6008=CARTESIAN_POINT('Ctrl Pts',(-10.6686953906091,43.2756838471257,-57.6559457996782));
#6009=CARTESIAN_POINT('Ctrl Pts',(-10.6395151339819,43.3962937588301,-57.6890015591387));
#6010=CARTESIAN_POINT('Ctrl Pts',(-10.5763592127437,43.6250564386948,-57.7605453761663));
#6011=CARTESIAN_POINT('Ctrl Pts',(-10.3321677437147,43.922861933641,-58.0371685246758));
#6012=CARTESIAN_POINT('Ctrl Pts',(-10.1379470241329,43.9979528420296,-58.2571841835769));
#6013=CARTESIAN_POINT('Ctrl Pts',(-10.0365678007452,43.9999692457935,-58.3720278350711));
#6014=CARTESIAN_POINT('Ctrl Pts',(-10.0335979538614,44.,-58.3753921147441));
#6015=CARTESIAN_POINT('Ctrl Pts',(-10.0306284404317,44.,-58.3787560166762));
#6016=CARTESIAN_POINT('Ctrl Pts',(-10.6906130920981,43.3692793703077,-57.6311171534604));
#6017=CARTESIAN_POINT('Ctrl Pts',(-10.6923887798192,43.3770198698337,-57.6335658346113));
#6018=CARTESIAN_POINT('Ctrl Pts',(-10.6947208535146,43.3970326187861,-57.6411142615542));
#6019=CARTESIAN_POINT('Ctrl Pts',(-10.6913096928656,43.4420614140441,-57.664963885839));
#6020=CARTESIAN_POINT('Ctrl Pts',(-10.6737886496713,43.5074489680829,-57.7016160621884));
#6021=CARTESIAN_POINT('Ctrl Pts',(-10.6354553085125,43.5977471503814,-57.7597993217085));
#6022=CARTESIAN_POINT('Ctrl Pts',(-10.5467450089313,43.7606041896708,-57.8647637654717));
#6023=CARTESIAN_POINT('Ctrl Pts',(-10.3013867980266,43.9526926954654,-58.1125033980517));
#6024=CARTESIAN_POINT('Ctrl Pts',(-10.1267333353994,43.9987124592492,-58.2841772929696));
#6025=CARTESIAN_POINT('Ctrl Pts',(-10.0359452106485,43.999981359938,-58.3735213461689));
#6026=CARTESIAN_POINT('Ctrl Pts',(-10.0332869064977,44.,-58.37613889299));
#6027=CARTESIAN_POINT('Ctrl Pts',(-10.0306284404317,44.,-58.3787560166762));
#6028=CARTESIAN_POINT('Ctrl Pts',(-10.8601494472619,43.8353280312355,-57.7807768325016));
#6029=CARTESIAN_POINT('Ctrl Pts',(-10.8470714288637,43.8376595912536,-57.8024692744349));
#6030=CARTESIAN_POINT('Ctrl Pts',(-10.814444164632,43.8434598630271,-57.845497721735));
#6031=CARTESIAN_POINT('Ctrl Pts',(-10.7561163007165,43.8567033673798,-57.8993127836567));
#6032=CARTESIAN_POINT('Ctrl Pts',(-10.6908211024288,43.8752634854878,-57.9505128188932));
#6033=CARTESIAN_POINT('Ctrl Pts',(-10.6059133455429,43.9003733140447,-58.0121819790733));
#6034=CARTESIAN_POINT('Ctrl Pts',(-10.4743133895755,43.9432191732022,-58.1009826905201));
#6035=CARTESIAN_POINT('Ctrl Pts',(-10.2462838612169,43.9892638420397,-58.2449920468527));
#6036=CARTESIAN_POINT('Ctrl Pts',(-10.1070500134144,43.9997058064603,-58.3313848390877));
#6037=CARTESIAN_POINT('Ctrl Pts',(-10.0348567218544,43.9999956524268,-58.3761356222652));
#6038=CARTESIAN_POINT('Ctrl Pts',(-10.0327425736111,44.,-58.3774457549204));
#6039=CARTESIAN_POINT('Ctrl Pts',(-10.0306284404317,44.,-58.3787560166762));
#6040=CARTESIAN_POINT('Ctrl Pts',(-11.2139249267846,44.,-58.0930751868388));
#6041=CARTESIAN_POINT('Ctrl Pts',(-11.1654963186958,43.9999753159015,-58.1499842416817));
#6042=CARTESIAN_POINT('Ctrl Pts',(-11.0493270153762,44.00014655682,-58.2504903847644));
#6043=CARTESIAN_POINT('Ctrl Pts',(-10.8730016263432,44.0000854819831,-58.3285815350646));
#6044=CARTESIAN_POINT('Ctrl Pts',(-10.7192770606553,44.0000463198401,-58.3635753514125));
#6045=CARTESIAN_POINT('Ctrl Pts',(-10.5585202466982,43.9999465371395,-58.3820419977898));
#6046=CARTESIAN_POINT('Ctrl Pts',(-10.3864773683993,43.9999249144306,-58.3808879088305));
#6047=CARTESIAN_POINT('Ctrl Pts',(-10.1911497951421,43.9999295189654,-58.3784016380467));
#6048=CARTESIAN_POINT('Ctrl Pts',(-10.0873822461306,43.9999938838571,-58.3786313828482));
#6049=CARTESIAN_POINT('Ctrl Pts',(-10.0337679460426,44.0000001102872,-58.3787492494559));
#6050=CARTESIAN_POINT('Ctrl Pts',(-10.0321982407246,44.,-58.3787526168508));
#6051=CARTESIAN_POINT('Ctrl Pts',(-10.0306284404317,44.,-58.3787560166762));
#6052=CARTESIAN_POINT('Ctrl Pts',(-11.3653313497469,44.,-58.2267305119366));
#6053=CARTESIAN_POINT('Ctrl Pts',(-11.301802663569,44.,-58.2986966017475));
#6054=CARTESIAN_POINT('Ctrl Pts',(-11.1498756495222,44.,-58.4237293379577));
#6055=CARTESIAN_POINT('Ctrl Pts',(-10.9231105214482,44.,-58.5122372923303));
#6056=CARTESIAN_POINT('Ctrl Pts',(-10.7315465054007,44.,-58.5403501155634));
#6057=CARTESIAN_POINT('Ctrl Pts',(-10.5383209917888,44.,-58.5404160998555));
#6058=CARTESIAN_POINT('Ctrl Pts',(-10.3488780811479,43.9999999999999,-58.5008443149269));
#6059=CARTESIAN_POINT('Ctrl Pts',(-10.1675380105322,44.,-58.4355989576962));
#6060=CARTESIAN_POINT('Ctrl Pts',(-10.0789550198365,43.9999999999999,-58.3988814523023));
#6061=CARTESIAN_POINT('Ctrl Pts',(-10.033301294857,44.,-58.3798693476212));
#6062=CARTESIAN_POINT('Ctrl Pts',(-10.0319649552018,44.,-58.3793127005353));
#6063=CARTESIAN_POINT('Ctrl Pts',(-10.0306284404317,44.,-58.3787560166762));
#6064=CARTESIAN_POINT('Origin',(-10.0306284404317,43.,-58.3787560166762));
#6065=CARTESIAN_POINT('Origin',(35.1240851923994,43.1,-86.7137647380263));
#6066=CARTESIAN_POINT('',(26.4962607530105,43.1,-78.3));
#6067=CARTESIAN_POINT('',(1.91004057868056,43.1,-50.4484224587667));
#6068=CARTESIAN_POINT('',(34.4493669347505,43.1,-87.3093780965025));
#6069=CARTESIAN_POINT('Origin',(2.58475883632939,43.1,-49.8528091002905));
#6070=CARTESIAN_POINT('Origin',(28.4912445960728,43.1,-79.2));
#6071=CARTESIAN_POINT('Origin',(54.7775107103546,43.1,-79.2));
#6072=CARTESIAN_POINT('',(7.55502142070918,43.1,-78.3));
#6073=CARTESIAN_POINT('Origin',(7.14900309488823,43.1,-79.2));
#6074=CARTESIAN_POINT('',(54.7775107103546,43.1,-78.3));
#6075=CARTESIAN_POINT('Origin',(4.87023028731699,43.1,-76.6185776789232));
#6076=CARTESIAN_POINT('',(-9.37064378876533,43.1,-59.126394879892));
#6077=CARTESIAN_POINT('Origin',(-10.0453620464142,43.1,-59.7220082383682));
#6078=CARTESIAN_POINT('',(5.54494854496583,43.1,-76.022964320447));
#6079=CARTESIAN_POINT('Ctrl Pts',(-10.0306284404317,44.,-58.3787560166762));
#6080=CARTESIAN_POINT('Ctrl Pts',(-10.027727069146,44.,-58.3820427263357));
#6081=CARTESIAN_POINT('Ctrl Pts',(-10.0248251248451,43.9999712139902,-58.3853300851142));
#6082=CARTESIAN_POINT('Ctrl Pts',(-9.92350661465415,43.9979688143365,-58.50010495994));
#6083=CARTESIAN_POINT('Ctrl Pts',(-9.72900116508483,43.922482041277,-58.7204431645301));
#6084=CARTESIAN_POINT('Ctrl Pts',(-9.48562713180829,43.6245605054433,-58.9961403116013));
#6085=CARTESIAN_POINT('Ctrl Pts',(-9.40437654750805,43.3440107608885,-59.0881819891288));
#6086=CARTESIAN_POINT('Ctrl Pts',(-9.38421089105738,43.2297175201375,-59.1110258968269));
#6087=CARTESIAN_POINT('Ctrl Pts',(-9.3767546073776,43.1691364463522,-59.1194724681829));
#6088=CARTESIAN_POINT('Ctrl Pts',(-9.37267328770139,43.1289348121938,-59.1240958381286));
#6089=CARTESIAN_POINT('Ctrl Pts',(-9.37128209171244,43.1095747668684,-59.1256718023347));
#6090=CARTESIAN_POINT('Ctrl Pts',(-9.37064378876533,43.1,-59.126394879892));
#6091=CARTESIAN_POINT('Ctrl Pts',(-10.0306284404317,44.,-58.3787560166762));
#6092=CARTESIAN_POINT('Ctrl Pts',(-10.0283987345867,44.0000058581619,-58.3816670126723));
#6093=CARTESIAN_POINT('Ctrl Pts',(-10.0262144938895,43.999977328005,-58.3845269836915));
#6094=CARTESIAN_POINT('Ctrl Pts',(-9.94848353179625,43.998675365447,-58.4860585008755));
#6095=CARTESIAN_POINT('Ctrl Pts',(-9.80018374150795,43.9519257015993,-58.6798540909428));
#6096=CARTESIAN_POINT('Ctrl Pts',(-9.58439952857038,43.7605397829559,-58.9543542131291));
#6097=CARTESIAN_POINT('Ctrl Pts',(-9.46804727324173,43.5599300204638,-59.080210187025));
#6098=CARTESIAN_POINT('Ctrl Pts',(-9.41967622867887,43.4716127874594,-59.113661120345));
#6099=CARTESIAN_POINT('Ctrl Pts',(-9.3956589150524,43.4249641639278,-59.1250952966743));
#6100=CARTESIAN_POINT('Ctrl Pts',(-9.38003510049327,43.3924100998901,-59.1284202525512));
#6101=CARTESIAN_POINT('Ctrl Pts',(-9.37331778803441,43.3772732930219,-59.1277090906647));
#6102=CARTESIAN_POINT('Ctrl Pts',(-9.37064378876533,43.3692793703077,-59.126394879892));
#6103=CARTESIAN_POINT('Ctrl Pts',(-10.0306284404317,44.,-58.3787560166762));
#6104=CARTESIAN_POINT('Ctrl Pts',(-10.029606204294,44.0000034970575,-58.3809759946221));
#6105=CARTESIAN_POINT('Ctrl Pts',(-10.028609755241,43.9999926183558,-58.3831594740984));
#6106=CARTESIAN_POINT('Ctrl Pts',(-9.99295789775821,43.9997137204344,-58.4606640918798));
#6107=CARTESIAN_POINT('Ctrl Pts',(-9.92490034198401,43.9888566626635,-58.6091026844726));
#6108=CARTESIAN_POINT('Ctrl Pts',(-9.81002833595513,43.9433429384206,-58.8535918196061));
#6109=CARTESIAN_POINT('Ctrl Pts',(-9.72049922316652,43.8905119686427,-59.0301324632593));
#6110=CARTESIAN_POINT('Ctrl Pts',(-9.66547590268263,43.8652584379979,-59.1253680713855));
#6111=CARTESIAN_POINT('Ctrl Pts',(-9.62610629941477,43.8519043874761,-59.1842949998095));
#6112=CARTESIAN_POINT('Ctrl Pts',(-9.58912288506537,43.842203048196,-59.2318068416571));
#6113=CARTESIAN_POINT('Ctrl Pts',(-9.55990723578178,43.8377697831326,-59.2605232244853));
#6114=CARTESIAN_POINT('Ctrl Pts',(-9.54018022371197,43.8353279035448,-59.2760546293621));
#6115=CARTESIAN_POINT('Ctrl Pts',(-10.0306284404317,44.,-58.3787560166762));
#6116=CARTESIAN_POINT('Ctrl Pts',(-10.030814631919,44.,-58.380280150558));
#6117=CARTESIAN_POINT('Ctrl Pts',(-10.0310033996858,44.,-58.3817984469013));
#6118=CARTESIAN_POINT('Ctrl Pts',(-10.0375043111444,44.0000000000001,-58.4350562964224));
#6119=CARTESIAN_POINT('Ctrl Pts',(-10.0502943383114,44.,-58.5381348177474));
#6120=CARTESIAN_POINT('Ctrl Pts',(-10.0768274818582,44.0000000000001,-58.7311761619632));
#6121=CARTESIAN_POINT('Ctrl Pts',(-10.1049878402321,44.,-58.9446266404716));
#6122=CARTESIAN_POINT('Ctrl Pts',(-10.0981339003081,44.,-59.1431989856601));
#6123=CARTESIAN_POINT('Ctrl Pts',(-10.0628500072703,44.,-59.2951269631392));
#6124=CARTESIAN_POINT('Ctrl Pts',(-10.0084882014293,44.,-59.4369839010605));
#6125=CARTESIAN_POINT('Ctrl Pts',(-9.94434185066727,44.,-59.5332697910328));
#6126=CARTESIAN_POINT('Ctrl Pts',(-9.89395562345186,44.,-59.5883529132704));
#6127=CARTESIAN_POINT('Ctrl Pts',(-10.0306284404317,44.,-58.3787560166762));
#6128=CARTESIAN_POINT('Ctrl Pts',(-10.0313301525679,44.,-58.3799842959325));
#6129=CARTESIAN_POINT('Ctrl Pts',(-10.0320318263348,44.,-58.3812126389905));
#6130=CARTESIAN_POINT('Ctrl Pts',(-10.0565486329542,44.0000000000001,-58.4241223900297));
#6131=CARTESIAN_POINT('Ctrl Pts',(-10.1041074142924,44.,-58.5076597614494));
#6132=CARTESIAN_POINT('Ctrl Pts',(-10.1910723688579,44.0000000000001,-58.6787936738512));
#6133=CARTESIAN_POINT('Ctrl Pts',(-10.2696754175956,44.,-58.9080178405885));
#6134=CARTESIAN_POINT('Ctrl Pts',(-10.2833925874573,44.,-59.1507983127516));
#6135=CARTESIAN_POINT('Ctrl Pts',(-10.2498097411368,44.,-59.3425407373012));
#6136=CARTESIAN_POINT('Ctrl Pts',(-10.1879858805159,44.,-59.524787327044));
#6137=CARTESIAN_POINT('Ctrl Pts',(-10.1089036461217,44.,-59.6500275199496));
#6138=CARTESIAN_POINT('Ctrl Pts',(-10.0453620464142,44.,-59.7220082383682));
#6139=CARTESIAN_POINT('Origin',(-10.0306284404317,43.,-58.3787560166762));
#6140=CARTESIAN_POINT('Ctrl Pts',(1.91004057868057,43.1,-50.4484224587667));
#6141=CARTESIAN_POINT('Ctrl Pts',(1.90940570745593,43.1095451184117,-50.4477032687076));
#6142=CARTESIAN_POINT('Ctrl Pts',(1.90738110953678,43.1338352446252,-50.4454097788773));
#6143=CARTESIAN_POINT('Ctrl Pts',(1.90104699244714,43.190262824268,-50.4382344118617));
#6144=CARTESIAN_POINT('Ctrl Pts',(1.88833368230766,43.274570287185,-50.4238326152193));
#6145=CARTESIAN_POINT('Ctrl Pts',(1.85949745508814,43.3942741060454,-50.3911665765722));
#6146=CARTESIAN_POINT('Ctrl Pts',(1.79848504004914,43.6186194826045,-50.3220509501608));
#6147=CARTESIAN_POINT('Ctrl Pts',(1.55810385678352,43.9188129100714,-50.0497441409927));
#6148=CARTESIAN_POINT('Ctrl Pts',(1.36079719750572,43.9979272339209,-49.8262326910296));
#6149=CARTESIAN_POINT('Ctrl Pts',(1.25748488882608,43.999968985788,-49.7091992163534));
#6150=CARTESIAN_POINT('Ctrl Pts',(1.2545249614935,44.,-49.705846173672));
#6151=CARTESIAN_POINT('Ctrl Pts',(1.25156523528422,44.,-49.7024933588255));
#6152=CARTESIAN_POINT('Ctrl Pts',(1.91004057868057,43.3692793703077,-50.4484224587667));
#6153=CARTESIAN_POINT('Ctrl Pts',(1.91181304233851,43.3769974697677,-50.445983032641));
#6154=CARTESIAN_POINT('Ctrl Pts',(1.9141117294519,43.3969678705032,-50.4384334460519));
#6155=CARTESIAN_POINT('Ctrl Pts',(1.91069200215684,43.4418076185374,-50.414688026055));
#6156=CARTESIAN_POINT('Ctrl Pts',(1.8934065218799,43.5066028152227,-50.3784341355913));
#6157=CARTESIAN_POINT('Ctrl Pts',(1.85544627489265,43.5962043302127,-50.3208434907434));
#6158=CARTESIAN_POINT('Ctrl Pts',(1.76895796171556,43.7562468783741,-50.2184413895198));
#6159=CARTESIAN_POINT('Ctrl Pts',(1.52640563250067,43.9501929076397,-49.9733801386936));
#6160=CARTESIAN_POINT('Ctrl Pts',(1.34916735122377,43.998696482474,-49.7987712785671));
#6161=CARTESIAN_POINT('Ctrl Pts',(1.25685289220296,43.9999811929962,-49.707711559081));
#6162=CARTESIAN_POINT('Ctrl Pts',(1.25420916927785,44.,-49.7051022782006));
#6163=CARTESIAN_POINT('Ctrl Pts',(1.25156523528422,44.,-49.7024933588255));
#6164=CARTESIAN_POINT('Ctrl Pts',(2.0795678686002,43.8353425399775,-50.298770782148));
#6165=CARTESIAN_POINT('Ctrl Pts',(2.06649292192578,43.8376673527439,-50.2771017225497));
#6166=CARTESIAN_POINT('Ctrl Pts',(2.03385080031777,43.8434502400981,-50.2341040355915));
#6167=CARTESIAN_POINT('Ctrl Pts',(1.97554927152085,43.8566324736761,-50.1804432796302));
#6168=CARTESIAN_POINT('Ctrl Pts',(1.91044761255226,43.875031582819,-50.1296327195115));
#6169=CARTESIAN_POINT('Ctrl Pts',(1.82587855677655,43.8999427095836,-50.0685543650715));
#6170=CARTESIAN_POINT('Ctrl Pts',(1.69596734728458,43.942126117559,-49.981644790994));
#6171=CARTESIAN_POINT('Ctrl Pts',(1.46949069266545,43.9886915287102,-49.8387619915028));
#6172=CARTESIAN_POINT('Ctrl Pts',(1.32875928912356,43.9997021903574,-49.7507490203661));
#6173=CARTESIAN_POINT('Ctrl Pts',(1.25574784717212,43.9999956134845,-49.7051074356565));
#6174=CARTESIAN_POINT('Ctrl Pts',(1.25365653290047,44.,-49.7038004611257));
#6175=CARTESIAN_POINT('Ctrl Pts',(1.25156523528422,44.,-49.7024933588255));
#6176=CARTESIAN_POINT('Ctrl Pts',(2.43335241336708,44.,-49.9864644253883));
#6177=CARTESIAN_POINT('Ctrl Pts',(2.38495385950485,43.9999753873343,-49.9295953445236));
#6178=CARTESIAN_POINT('Ctrl Pts',(2.2688219812826,44.0001465259664,-49.8291379673695));
#6179=CARTESIAN_POINT('Ctrl Pts',(2.09262118103739,44.0000862533913,-49.7511032255943));
#6180=CARTESIAN_POINT('Ctrl Pts',(1.93896149645394,44.0000479124467,-49.7162018644573));
#6181=CARTESIAN_POINT('Ctrl Pts',(1.77838874930018,43.9999495086568,-49.697933552293));
#6182=CARTESIAN_POINT('Ctrl Pts',(1.6069498072758,43.9999272563372,-49.6997205259873));
#6183=CARTESIAN_POINT('Ctrl Pts',(1.41240043202684,43.9999293108781,-49.7030017859939));
#6184=CARTESIAN_POINT('Ctrl Pts',(1.30836902363887,43.9999938951546,-49.7026903371825));
#6185=CARTESIAN_POINT('Ctrl Pts',(1.25464247181186,44.0000001080036,-49.7025038918108));
#6186=CARTESIAN_POINT('Ctrl Pts',(1.25310389652309,44.,-49.7024986440508));
#6187=CARTESIAN_POINT('Ctrl Pts',(1.25156523528422,44.,-49.7024933588255));
#6188=CARTESIAN_POINT('Ctrl Pts',(2.5847588363294,44.,-49.8528091002905));
#6189=CARTESIAN_POINT('Ctrl Pts',(2.52127171392543,44.,-49.7808900944422));
#6190=CARTESIAN_POINT('Ctrl Pts',(2.36940543615478,44.,-49.6559124918859));
#6191=CARTESIAN_POINT('Ctrl Pts',(2.14280720364655,44.,-49.5674192390235));
#6192=CARTESIAN_POINT('Ctrl Pts',(1.95125361641069,44.,-49.5392717871422));
#6193=CARTESIAN_POINT('Ctrl Pts',(1.75814676437503,44.,-49.5392369910431));
#6194=CARTESIAN_POINT('Ctrl Pts',(1.56884445704696,44.0000000000001,-49.5789016544134));
#6195=CARTESIAN_POINT('Ctrl Pts',(1.38794972275227,44.,-49.6447970157679));
#6196=CARTESIAN_POINT('Ctrl Pts',(1.29963211578838,44.0000000000001,-49.6820922408652));
#6197=CARTESIAN_POINT('Ctrl Pts',(1.25416870785038,44.,-49.7013881139597));
#6198=CARTESIAN_POINT('Ctrl Pts',(1.25286705236136,44.,-49.7019407224472));
#6199=CARTESIAN_POINT('Ctrl Pts',(1.25156523528422,44.,-49.7024933588255));
#6200=CARTESIAN_POINT('Origin',(1.25156523528422,43.,-49.7024933588255));
#6201=CARTESIAN_POINT('Origin',(28.2617779943898,44.,-80.3));
#6202=CARTESIAN_POINT('',(26.4962607530105,0.,-78.3));
#6203=CARTESIAN_POINT('',(26.4962607530105,19.,-78.3));
#6204=CARTESIAN_POINT('',(16.0808322458597,0.,-66.5012723942432));
#6205=CARTESIAN_POINT('',(12.0617331086735,1.11022302462516E-15,-61.9483866528994));
#6206=CARTESIAN_POINT('',(12.0617331086735,1.11022302462516E-15,-61.9483866528994));
#6207=CARTESIAN_POINT('',(1.91335785581335,1.11022302462516E-15,-50.4521803117687));
#6208=CARTESIAN_POINT('',(12.0617331086735,1.11022302462516E-15,-61.9483866528994));
#6209=CARTESIAN_POINT('',(1.91335785581334,43.,-50.4521803117687));
#6210=CARTESIAN_POINT('',(1.91335785581334,0.,-50.4521803117687));
#6211=CARTESIAN_POINT('Origin',(1.25156523528422,43.,-49.7024933588255));
#6212=CARTESIAN_POINT('Origin',(36.2819070247526,43.,-56.2923744871317));
#6213=CARTESIAN_POINT('',(-10.8368023348499,43.,-22.9708224735683));
#6214=CARTESIAN_POINT('',(-9.72333548760212,43.4701312584247,-21.4528102205309));
#6215=CARTESIAN_POINT('Origin',(-10.2453496038991,43.,-22.1644828013142));
#6216=CARTESIAN_POINT('',(-9.58417759420452,43.1,-21.4154988840821));
#6217=CARTESIAN_POINT('Ctrl Pts',(-9.72333548760212,43.4701312584247,-21.4528102205309));
#6218=CARTESIAN_POINT('Ctrl Pts',(-9.72197838412414,43.4682444316866,-21.4525592216013));
#6219=CARTESIAN_POINT('Ctrl Pts',(-9.72062925146792,43.4663526902102,-21.4523087633934));
#6220=CARTESIAN_POINT('Ctrl Pts',(-9.68059316295156,43.4097313823982,-21.4448479499988));
#6221=CARTESIAN_POINT('Ctrl Pts',(-9.64864695109811,43.3508318400195,-21.4380965312192));
#6222=CARTESIAN_POINT('Ctrl Pts',(-9.60258702608783,43.228058135463,-21.425848498675));
#6223=CARTESIAN_POINT('Ctrl Pts',(-9.58846432885014,43.1641870381224,-21.4203549506728));
#6224=CARTESIAN_POINT('Ctrl Pts',(-9.58417759420451,43.1,-21.4154988840821));
#6225=CARTESIAN_POINT('',(-9.58084673176512,43.,-21.4117256414749));
#6226=CARTESIAN_POINT('Origin',(-10.2453496038991,43.,-22.1644828013142));
#6227=CARTESIAN_POINT('',(1.84301796623505,43.,-29.7911669689204));
#6228=CARTESIAN_POINT('',(31.1249023361117,43.,-51.2695228949474));
#6229=CARTESIAN_POINT('',(0.66011250433343,43.,-31.4038463134285));
#6230=CARTESIAN_POINT('Origin',(1.25156523528424,43.,-30.5975066411744));
#6231=CARTESIAN_POINT('',(35.6904542938018,43.,-57.0987141593858));
#6232=CARTESIAN_POINT('Origin',(18.098493024365,43.1,11.3037190607355));
#6233=CARTESIAN_POINT('',(7.5550214207092,43.1,-2.));
#6234=CARTESIAN_POINT('',(18.7732112820139,43.1,10.7081057022592));
#6235=CARTESIAN_POINT('',(-10.9038249472954,43.1,-22.9104119012554));
#6236=CARTESIAN_POINT('Ctrl Pts',(-10.9038249472954,43.1,-22.9104119012554));
#6237=CARTESIAN_POINT('Ctrl Pts',(-10.9002557857893,43.1536613849934,-22.9063687104867));
#6238=CARTESIAN_POINT('Ctrl Pts',(-10.897367098948,43.2081329053431,-22.8956498947369));
#6239=CARTESIAN_POINT('Ctrl Pts',(-10.8912300339399,43.3460807887688,-22.8508878448532));
#6240=CARTESIAN_POINT('Ctrl Pts',(-10.8888520568036,43.4262671166569,-22.805822677179));
#6241=CARTESIAN_POINT('Ctrl Pts',(-10.8816980483164,43.5797826299162,-22.6852761211338));
#6242=CARTESIAN_POINT('Ctrl Pts',(-10.8745465114304,43.6644401202278,-22.5827452796916));
#6243=CARTESIAN_POINT('Ctrl Pts',(-10.8451883332637,43.7767508482661,-22.3884503414773));
#6244=CARTESIAN_POINT('Ctrl Pts',(-10.819737564419,43.8204800869626,-22.2735507298113));
#6245=CARTESIAN_POINT('Ctrl Pts',(-10.7319514563429,43.8748913964168,-22.0513961221991));
#6246=CARTESIAN_POINT('Ctrl Pts',(-10.6685075745689,43.8865650854681,-21.9448250637723));
#6247=CARTESIAN_POINT('Ctrl Pts',(-10.515807818752,43.8865650854681,-21.771844871636));
#6248=CARTESIAN_POINT('Ctrl Pts',(-10.417930980732,43.8748913964168,-21.6956698021712));
#6249=CARTESIAN_POINT('Ctrl Pts',(-10.2083834465295,43.8204800869626,-21.5810011431395));
#6250=CARTESIAN_POINT('Ctrl Pts',(-10.0975289311232,43.7767508482661,-21.54149242499));
#6251=CARTESIAN_POINT('Ctrl Pts',(-9.90837720823179,43.6644401202278,-21.488256615912));
#6252=CARTESIAN_POINT('Ctrl Pts',(-9.8075256871634,43.5797826299162,-21.4684402432652));
#6253=CARTESIAN_POINT('Ctrl Pts',(-9.73441424660012,43.4852492095081,-21.454859673648));
#6254=CARTESIAN_POINT('Ctrl Pts',(-9.72882795306373,43.4777676184071,-21.4538260627084));
#6255=CARTESIAN_POINT('Ctrl Pts',(-9.72333548760213,43.4701312584247,-21.4528102205309));
#6256=CARTESIAN_POINT('',(-18.9015040533868,43.1,-31.9702827636245));
#6257=CARTESIAN_POINT('',(18.7732112820139,43.1,10.7081057022592));
#6258=CARTESIAN_POINT('Origin',(-18.9015040533868,43.1,-30.6103401289055));
#6259=CARTESIAN_POINT('Origin',(7.14900309488827,43.1,-1.1));
#6260=CARTESIAN_POINT('Origin',(64.2481303765053,43.1,-1.10000000000001));
#6261=CARTESIAN_POINT('',(26.4962607530105,43.1,-2.00000000000001));
#6262=CARTESIAN_POINT('',(64.2481303765053,43.1,-2.00000000000001));
#6263=CARTESIAN_POINT('Origin',(28.4912445960728,43.1,-1.1));
#6264=CARTESIAN_POINT('Origin',(20.9931961952045,43.1,-9.59388295410869));
#6265=CARTESIAN_POINT('',(1.91004057868058,43.1,-29.8515775412333));
#6266=CARTESIAN_POINT('Ctrl Pts',(1.91004057868057,43.1,-29.8515775412333));
#6267=CARTESIAN_POINT('Ctrl Pts',(1.90647141717444,43.1536613849934,-29.8556207320019));
#6268=CARTESIAN_POINT('Ctrl Pts',(1.90358273033315,43.2081329053431,-29.8663395477518));
#6269=CARTESIAN_POINT('Ctrl Pts',(1.89744566532507,43.3460807887688,-29.9111015976355));
#6270=CARTESIAN_POINT('Ctrl Pts',(1.89506768818878,43.4262671166569,-29.9561667653096));
#6271=CARTESIAN_POINT('Ctrl Pts',(1.88791367970154,43.5797826299163,-30.0767133213548));
#6272=CARTESIAN_POINT('Ctrl Pts',(1.88076214281551,43.6644401202278,-30.179244162797));
#6273=CARTESIAN_POINT('Ctrl Pts',(1.85140396464883,43.7767508482661,-30.3735391010113));
#6274=CARTESIAN_POINT('Ctrl Pts',(1.82595319580419,43.8204800869626,-30.4884387126773));
#6275=CARTESIAN_POINT('Ctrl Pts',(1.73816708772804,43.8748913964168,-30.7105933202895));
#6276=CARTESIAN_POINT('Ctrl Pts',(1.67472320595408,43.8865650854681,-30.8171643787163));
#6277=CARTESIAN_POINT('Ctrl Pts',(1.59837332804563,43.8865650854681,-30.9036544747845));
#6278=CARTESIAN_POINT('Ctrl Pts',(1.52202345013717,43.8865650854681,-30.9901445708527));
#6279=CARTESIAN_POINT('Ctrl Pts',(1.42414661211719,43.8748913964168,-31.0663196403175));
#6280=CARTESIAN_POINT('Ctrl Pts',(1.21459907791461,43.8204800869626,-31.1809882993491));
#6281=CARTESIAN_POINT('Ctrl Pts',(1.10374456250834,43.7767508482661,-31.2204970174986));
#6282=CARTESIAN_POINT('Ctrl Pts',(0.941161603316894,43.6802155895104,-31.2662551805359));
#6283=CARTESIAN_POINT('Ctrl Pts',(0.869944679232255,43.6268523069773,-31.2820773099524));
#6284=CARTESIAN_POINT('Ctrl Pts',(0.811046164849593,43.5667659370962,-31.2937245101859));
#6285=CARTESIAN_POINT('',(20.3184779375557,43.1,-8.99826959563248));
#6286=CARTESIAN_POINT('Origin',(7.5550214207092,19.,-2.00000000000001));
#6287=CARTESIAN_POINT('',(7.5550214207092,0.,-2.));
#6288=CARTESIAN_POINT('',(7.5550214207092,19.,-2.));
#6289=CARTESIAN_POINT('',(-2.73166392337352,-1.11022302462516E-15,-13.6528857413438));
#6290=CARTESIAN_POINT('',(-2.73166392337352,-1.11022302462516E-15,-13.6528857413438));
#6291=CARTESIAN_POINT('',(-9.58084673176512,0.,-21.4117256414749));
#6292=CARTESIAN_POINT('',(-2.73166392337352,-1.11022302462516E-15,-13.6528857413438));
#6293=CARTESIAN_POINT('',(-9.58084673176512,9.5,-21.4117256414749));
#6294=CARTESIAN_POINT('Origin',(26.4962607530105,19.,-2.00000000000001));
#6295=CARTESIAN_POINT('',(26.4962607530105,0.,-2.00000000000001));
#6296=CARTESIAN_POINT('',(26.4962607530105,31.5,-2.00000000000001));
#6297=CARTESIAN_POINT('',(15.1468195514112,0.,-2.));
#6298=CARTESIAN_POINT('',(15.1468195514112,0.,-2.));
#6299=CARTESIAN_POINT('Origin',(-1.33226762955019E-14,44.,-32.0152953842699));
#6300=CARTESIAN_POINT('',(1.91335785581335,43.,-29.8478196882313));
#6301=CARTESIAN_POINT('Origin',(1.25156523528423,43.,-30.5975066411744));
#6302=CARTESIAN_POINT('',(1.91335785581335,0.,-29.8478196882313));
#6303=CARTESIAN_POINT('',(1.91335785581335,0.,-29.8478196882313));
#6304=CARTESIAN_POINT('',(6.68337703434613,0.,-24.4442823375496));
#6305=CARTESIAN_POINT('',(-1.18639726783172,-1.11022302462516E-15,-33.3592610392355));
#6306=CARTESIAN_POINT('',(-1.18639726783172,-1.11022302462516E-15,-33.3592610392355));
#6307=CARTESIAN_POINT('',(-1.18639726783172,-1.11022302462516E-15,-33.3592610392355));
#6308=CARTESIAN_POINT('Origin',(1.25156523528422,43.,-49.7024933588255));
#6309=CARTESIAN_POINT('',(0.64195811890958,43.,-48.9097896539867));
#6310=CARTESIAN_POINT('Origin',(1.25156523528422,43.,-49.7024933588255));
#6311=CARTESIAN_POINT('Origin',(1.25156523528422,43.,-49.7024933588255));
#6312=CARTESIAN_POINT('Origin',(1.25156523528422,0.,-49.7024933588255));
#6313=CARTESIAN_POINT('',(0.64195811890958,0.,-48.9097896539867));
#6314=CARTESIAN_POINT('',(0.64195811890958,0.,-48.9097896539867));
#6315=CARTESIAN_POINT('Origin',(1.25156523528422,0.,-49.7024933588255));
#6316=CARTESIAN_POINT('Origin',(-10.6939379728471,0.,-57.6273506869869));
#6317=CARTESIAN_POINT('',(-10.6939379728471,43.,-57.6273506869869));
#6318=CARTESIAN_POINT('',(28.9361816935068,43.,-27.1508904106996));
#6319=CARTESIAN_POINT('',(-10.6939379728471,0.,-57.6273506869869));
#6320=CARTESIAN_POINT('',(-10.6939379728471,9.5,-57.6273506869869));
#6321=CARTESIAN_POINT('',(-1.9180589376385,0.,-50.8785007955971));
#6322=CARTESIAN_POINT('Origin',(35.2137368557595,43.,-23.5848135990383));
#6323=CARTESIAN_POINT('',(1.86117235165889,43.,-50.4951970636645));
#6324=CARTESIAN_POINT('Origin',(1.25156523528421,43.,-49.7024933588255));
#6325=CARTESIAN_POINT('',(-9.36731890801633,43.,-59.1301613463655));
#6326=CARTESIAN_POINT('',(35.8233439721342,43.,-24.3775173038772));
#6327=CARTESIAN_POINT('Origin',(-10.0306284404317,43.,-58.3787560166762));
#6328=CARTESIAN_POINT('Origin',(-10.0306284404317,43.,-58.3787560166762));
#6329=CARTESIAN_POINT('Origin',(1.25156523528422,43.,-49.7024933588255));
#6330=CARTESIAN_POINT('Origin',(1.25156523528422,43.,-49.7024933588255));
#6331=CARTESIAN_POINT('Origin',(1.25156523528424,43.,-30.5975066411744));
#6332=CARTESIAN_POINT('Origin',(1.25156523528424,43.,-30.5975066411744));
#6333=CARTESIAN_POINT('Origin',(1.25156523528424,43.,-30.5975066411744));
#6334=CARTESIAN_POINT('Origin',(-10.2453496038991,43.,-22.1644828013142));
#6335=CARTESIAN_POINT('',(-10.9071422244282,43.,-22.9141697542573));
#6336=CARTESIAN_POINT('Origin',(-10.2453496038991,43.,-22.1644828013142));
#6337=CARTESIAN_POINT('Origin',(-10.2453496038991,43.,-22.1644828013142));
#6338=CARTESIAN_POINT('Ctrl Pts',(206.208279429764,17.,-47.2696887791186));
#6339=CARTESIAN_POINT('Ctrl Pts',(206.208279604187,17.,-47.2696847829233));
#6340=CARTESIAN_POINT('Ctrl Pts',(206.199162243019,17.,-47.2486736084207));
#6341=CARTESIAN_POINT('Ctrl Pts',(206.145271163547,17.,-47.116093304703));
#6342=CARTESIAN_POINT('Ctrl Pts',(206.011543780163,17.,-46.7590844753019));
#6343=CARTESIAN_POINT('Ctrl Pts',(205.781451638146,17.,-45.914184020324));
#6344=CARTESIAN_POINT('Ctrl Pts',(205.560181934897,17.,-44.7165675642327));
#6345=CARTESIAN_POINT('Ctrl Pts',(205.390703442629,17.,-43.294420149907));
#6346=CARTESIAN_POINT('Ctrl Pts',(205.316908704525,17.0000000000001,-42.1948212538816));
#6347=CARTESIAN_POINT('Ctrl Pts',(205.289949254446,17.0000000000001,-41.537127412841));
#6348=CARTESIAN_POINT('Ctrl Pts',(205.28060613371,17.0000000000001,-41.2732472614102));
#6349=CARTESIAN_POINT('Ctrl Pts',(205.268058206478,17.0000000000001,-40.8098019998684));
#6350=CARTESIAN_POINT('Ctrl Pts',(205.26240473297,17.,-40.2792893123306));
#6351=CARTESIAN_POINT('Ctrl Pts',(205.26670912248,17.,-39.4877820113788));
#6352=CARTESIAN_POINT('Ctrl Pts',(205.288085066134,17.0000000000001,-38.6943507400395));
#6353=CARTESIAN_POINT('Ctrl Pts',(205.338474767136,17.0000000000001,-37.7823259979726));
#6354=CARTESIAN_POINT('Ctrl Pts',(205.388727912072,17.0000000000001,-37.1487868124039));
#6355=CARTESIAN_POINT('Ctrl Pts',(205.437083896683,17.0000000000001,-36.6579601996557));
#6356=CARTESIAN_POINT('Ctrl Pts',(205.477279695482,17.0000000000001,-36.299417548618));
#6357=CARTESIAN_POINT('Ctrl Pts',(205.513829281245,17.0000000000001,-36.0099270960196));
#6358=CARTESIAN_POINT('Ctrl Pts',(205.544832370357,17.0000000000001,-35.7846238512574));
#6359=CARTESIAN_POINT('Ctrl Pts',(205.640646911553,17.0000000000001,-35.1230184087403));
#6360=CARTESIAN_POINT('Ctrl Pts',(205.803467109943,17.,-34.2955800365666));
#6361=CARTESIAN_POINT('Ctrl Pts',(205.970187146442,17.,-33.7016749951378));
#6362=CARTESIAN_POINT('Ctrl Pts',(206.04742583043,17.,-33.4604271068425));
#6363=CARTESIAN_POINT('Ctrl Pts',(206.103575102283,17.,-33.2963548969451));
#6364=CARTESIAN_POINT('Ctrl Pts',(206.158694080238,17.,-33.1503275010484));
#6365=CARTESIAN_POINT('Ctrl Pts',(206.199374135671,17.,-33.051076891772));
#6366=CARTESIAN_POINT('Ctrl Pts',(206.208279604187,17.,-33.0303152170767));
#6367=CARTESIAN_POINT('Ctrl Pts',(206.208279429764,17.,-33.0303112208815));
#6368=CARTESIAN_POINT('Ctrl Pts',(206.729015677555,17.,-48.4992908882381));
#6369=CARTESIAN_POINT('Ctrl Pts',(206.729015677555,16.8974023604707,-48.4992908882381));
#6370=CARTESIAN_POINT('Ctrl Pts',(206.725713952795,16.692450487396,-48.4581577298739));
#6371=CARTESIAN_POINT('Ctrl Pts',(206.706755802897,16.3085932685243,-48.2128758638759));
#6372=CARTESIAN_POINT('Ctrl Pts',(206.659275344154,15.9252520620904,-47.6181072013818));
#6373=CARTESIAN_POINT('Ctrl Pts',(206.576998557373,15.6453405249986,-46.4934743404983));
#6374=CARTESIAN_POINT('Ctrl Pts',(206.496703250289,15.490014006315,-45.0906992152608));
#6375=CARTESIAN_POINT('Ctrl Pts',(206.434444279702,15.4042941090024,-43.5179327105416));
#6376=CARTESIAN_POINT('Ctrl Pts',(206.406903567046,15.3737947719781,-42.3339042028353));
#6377=CARTESIAN_POINT('Ctrl Pts',(206.396914233574,15.3629600558616,-41.6299368536355));
#6378=CARTESIAN_POINT('Ctrl Pts',(206.393463408105,15.3592604066239,-41.3478239889577));
#6379=CARTESIAN_POINT('Ctrl Pts',(206.388807906939,15.3543562407785,-40.853071377111));
#6380=CARTESIAN_POINT('Ctrl Pts',(206.386728207498,15.3521986055765,-40.2877883724437));
#6381=CARTESIAN_POINT('Ctrl Pts',(206.388315317102,15.353856210521,-39.4443960532427));
#6382=CARTESIAN_POINT('Ctrl Pts',(206.396353810708,15.3621274785376,-38.5979216079414));
#6383=CARTESIAN_POINT('Ctrl Pts',(206.415044531383,15.3828450597701,-37.6184646653941));
#6384=CARTESIAN_POINT('Ctrl Pts',(206.433560876989,15.4050848141958,-36.9320314305389));
#6385=CARTESIAN_POINT('Ctrl Pts',(206.451365672375,15.428357135281,-36.3948893887964));
#6386=CARTESIAN_POINT('Ctrl Pts',(206.466083562905,15.4488636017999,-35.9992675504113));
#6387=CARTESIAN_POINT('Ctrl Pts',(206.479451015948,15.4688571873053,-35.6766718596093));
#6388=CARTESIAN_POINT('Ctrl Pts',(206.490729290013,15.4867847202826,-35.4233183245722));
#6389=CARTESIAN_POINT('Ctrl Pts',(206.525706429039,15.5450262442201,-34.6746895302515));
#6390=CARTESIAN_POINT('Ctrl Pts',(206.585246075709,15.6608789141239,-33.6945224456882));
#6391=CARTESIAN_POINT('Ctrl Pts',(206.644441906441,15.8891147846058,-32.8879209283074));
#6392=CARTESIAN_POINT('Ctrl Pts',(206.671913701875,16.0511221685244,-32.5295194525448));
#6393=CARTESIAN_POINT('Ctrl Pts',(206.691729920887,16.197036578182,-32.2736156987091));
#6394=CARTESIAN_POINT('Ctrl Pts',(206.711329792762,16.4047508253963,-32.0253940033773));
#6395=CARTESIAN_POINT('Ctrl Pts',(206.725693887514,16.6931029966887,-31.8413747339995));
#6396=CARTESIAN_POINT('Ctrl Pts',(206.729015677555,16.8972288397783,-31.800709111762));
#6397=CARTESIAN_POINT('Ctrl Pts',(206.729015677555,17.,-31.800709111762));
#6398=CARTESIAN_POINT('Ctrl Pts',(207.,17.,-49.834048738387));
#6399=CARTESIAN_POINT('Ctrl Pts',(207.,16.7860099569286,-49.834048738387));
#6400=CARTESIAN_POINT('Ctrl Pts',(206.999895856256,16.3585825318849,-49.772411929072));
#6401=CARTESIAN_POINT('Ctrl Pts',(206.999902714371,15.5542892938976,-49.4120335350414));
#6402=CARTESIAN_POINT('Ctrl Pts',(206.999655812392,14.7369265990031,-48.5732035290804));
#6403=CARTESIAN_POINT('Ctrl Pts',(206.999859611732,14.1067640526006,-47.1549347545783));
#6404=CARTESIAN_POINT('Ctrl Pts',(207.000208942792,13.7297009716335,-45.5287078246779));
#6405=CARTESIAN_POINT('Ctrl Pts',(207.000565267455,13.5061213388445,-43.7847633973539));
#6406=CARTESIAN_POINT('Ctrl Pts',(207.000533387086,13.4220366340284,-42.5010768754162));
#6407=CARTESIAN_POINT('Ctrl Pts',(207.000612241547,13.3918452609029,-41.7417756148154));
#6408=CARTESIAN_POINT('Ctrl Pts',(207.000653004132,13.3814815447328,-41.4378000453216));
#6409=CARTESIAN_POINT('Ctrl Pts',(207.000689606465,13.3676941775837,-40.9053880721113));
#6410=CARTESIAN_POINT('Ctrl Pts',(207.000726452134,13.361571331504,-40.298094578335));
#6411=CARTESIAN_POINT('Ctrl Pts',(207.000702675573,13.3662598286855,-39.3919921364587));
#6412=CARTESIAN_POINT('Ctrl Pts',(207.000745111922,13.38953886838,-38.4816475462248));
#6413=CARTESIAN_POINT('Ctrl Pts',(207.000639169592,13.4468356924188,-37.4221416141889));
#6414=CARTESIAN_POINT('Ctrl Pts',(207.000473808158,13.5070276562965,-36.6739093453872));
#6415=CARTESIAN_POINT('Ctrl Pts',(207.000368445249,13.5685392130536,-36.0834679486202));
#6416=CARTESIAN_POINT('Ctrl Pts',(207.000235560612,13.6219473883929,-35.6456031282924));
#6417=CARTESIAN_POINT('Ctrl Pts',(207.00013721681,13.6731349935081,-35.2856873059238));
#6418=CARTESIAN_POINT('Ctrl Pts',(207.000019675432,13.7184644023428,-35.0009682427915));
#6419=CARTESIAN_POINT('Ctrl Pts',(206.999831185403,13.8641135862883,-34.1555326536435));
#6420=CARTESIAN_POINT('Ctrl Pts',(207.000172415706,14.1439795224213,-33.0098870421161));
#6421=CARTESIAN_POINT('Ctrl Pts',(206.999694334294,14.6526288474002,-31.980730771169));
#6422=CARTESIAN_POINT('Ctrl Pts',(206.999699343043,15.0033245030286,-31.5010667070697));
#6423=CARTESIAN_POINT('Ctrl Pts',(206.99960267391,15.3161371793688,-31.1504870595549));
#6424=CARTESIAN_POINT('Ctrl Pts',(206.999745927231,15.7558294533816,-30.7974837843977));
#6425=CARTESIAN_POINT('Ctrl Pts',(206.999799372561,16.3600561418114,-30.5268980690202));
#6426=CARTESIAN_POINT('Ctrl Pts',(207.,16.7856480411905,-30.465951261613));
#6427=CARTESIAN_POINT('Ctrl Pts',(207.,17.,-30.465951261613));
#6428=CARTESIAN_POINT('Ctrl Pts',(207.,17.,-51.1693753772042));
#6429=CARTESIAN_POINT('Ctrl Pts',(207.,16.6745631947645,-51.1693753772042));
#6430=CARTESIAN_POINT('Ctrl Pts',(207.,16.0245777987057,-51.087242103019));
#6431=CARTESIAN_POINT('Ctrl Pts',(207.,14.7996203533284,-50.6117977284575));
#6432=CARTESIAN_POINT('Ctrl Pts',(207.,13.5479132147914,-49.5289829559208));
#6433=CARTESIAN_POINT('Ctrl Pts',(207.,12.5667008527986,-47.8171349556528));
#6434=CARTESIAN_POINT('Ctrl Pts',(207.,11.9668683617653,-45.9674154384852));
#6435=CARTESIAN_POINT('Ctrl Pts',(207.,11.6044433198977,-44.0521247317614));
#6436=CARTESIAN_POINT('Ctrl Pts',(207.000000000001,11.4663257033539,-42.6686292901347));
#6437=CARTESIAN_POINT('Ctrl Pts',(207.000000000001,11.4165923468448,-41.8538780802402));
#6438=CARTESIAN_POINT('Ctrl Pts',(207.000000000001,11.3994972303444,-41.5279919572649));
#6439=CARTESIAN_POINT('Ctrl Pts',(207.000000000001,11.3767390507024,-40.9578375710502));
#6440=CARTESIAN_POINT('Ctrl Pts',(207.000000000001,11.3666070094241,-40.3084386402895));
#6441=CARTESIAN_POINT('Ctrl Pts',(207.000000000001,11.3743589200841,-39.3394763774639));
#6442=CARTESIAN_POINT('Ctrl Pts',(207.000000000001,11.41277538706,-38.3651309011812));
#6443=CARTESIAN_POINT('Ctrl Pts',(207.000000000001,11.5069846927855,-37.2254283788011));
#6444=CARTESIAN_POINT('Ctrl Pts',(207.000000000001,11.6054581869786,-36.4152988130003));
#6445=CARTESIAN_POINT('Ctrl Pts',(207.000000000001,11.7055008096081,-35.7714938282368));
#6446=CARTESIAN_POINT('Ctrl Pts',(207.000000000001,11.792053899379,-35.2913406425988));
#6447=CARTESIAN_POINT('Ctrl Pts',(207.000000000001,11.8746442644379,-34.8940729303097));
#6448=CARTESIAN_POINT('Ctrl Pts',(207.000000000001,11.9475535123775,-34.5779652049491));
#6449=CARTESIAN_POINT('Ctrl Pts',(207.000000000001,12.1811163733139,-33.6356634347291));
#6450=CARTESIAN_POINT('Ctrl Pts',(207.,12.6256129409757,-32.3245301142387));
#6451=CARTESIAN_POINT('Ctrl Pts',(207.,13.4153072251252,-31.0728575732965));
#6452=CARTESIAN_POINT('Ctrl Pts',(207.,13.9549237801305,-30.4719622841756));
#6453=CARTESIAN_POINT('Ctrl Pts',(207.,14.4348218468805,-30.0267307866656));
#6454=CARTESIAN_POINT('Ctrl Pts',(207.,15.1066330735318,-29.5689753151165));
#6455=CARTESIAN_POINT('Ctrl Pts',(207.,16.0268933741456,-29.2118462925231));
#6456=CARTESIAN_POINT('Ctrl Pts',(207.,16.6740127920454,-29.1306246227958));
#6457=CARTESIAN_POINT('Ctrl Pts',(207.,17.,-29.1306246227958));
#6458=CARTESIAN_POINT('',(207.,12.7970735874813,-32.1500000000042));
#6459=CARTESIAN_POINT('',(206.208279604187,17.,-33.0303152170767));
#6460=CARTESIAN_POINT('Ctrl Pts',(207.,12.7970735874834,-32.15));
#6461=CARTESIAN_POINT('Ctrl Pts',(207.,13.5647093645244,-32.15));
#6462=CARTESIAN_POINT('Ctrl Pts',(206.929482512536,14.2738528831814,-32.1446531241312));
#6463=CARTESIAN_POINT('Ctrl Pts',(206.776284102878,15.2556358525945,-32.2120409108518));
#6464=CARTESIAN_POINT('Ctrl Pts',(206.675260236753,15.7820492047593,-32.2665498971723));
#6465=CARTESIAN_POINT('Ctrl Pts',(206.480570917891,16.4613931247727,-32.5103055725482));
#6466=CARTESIAN_POINT('Ctrl Pts',(206.422638087261,16.6239811018175,-32.6014655487281));
#6467=CARTESIAN_POINT('Ctrl Pts',(206.340797499109,16.8171339696921,-32.747369826873));
#6468=CARTESIAN_POINT('Ctrl Pts',(206.311344165279,16.8750220171185,-32.805135454571));
#6469=CARTESIAN_POINT('Ctrl Pts',(206.271202272615,16.9397268346975,-32.8886919500928));
#6470=CARTESIAN_POINT('Ctrl Pts',(206.256329293282,16.9606366468905,-32.9207419109734));
#6471=CARTESIAN_POINT('Ctrl Pts',(206.234862076682,16.9834836947305,-32.9687826805004));
#6472=CARTESIAN_POINT('Ctrl Pts',(206.227832458163,16.9898950325078,-32.9847742217098));
#6473=CARTESIAN_POINT('Ctrl Pts',(206.218177404632,16.9962651009229,-33.0071126120995));
#6474=CARTESIAN_POINT('Ctrl Pts',(206.215215857942,16.9979091245424,-33.0140122578846));
#6475=CARTESIAN_POINT('Ctrl Pts',(206.211074851735,16.9994652836897,-33.02372625116));
#6476=CARTESIAN_POINT('Ctrl Pts',(206.209914805644,16.9997838655482,-33.0264573884016));
#6477=CARTESIAN_POINT('Ctrl Pts',(206.208739016611,16.9999646656908,-33.02923071176));
#6478=CARTESIAN_POINT('Ctrl Pts',(206.208049882557,17.,-33.0308576552379));
#6479=CARTESIAN_POINT('Ctrl Pts',(206.208279604187,17.,-33.0303152170767));
#6480=CARTESIAN_POINT('',(207.,12.7970735872326,-48.149999999497));
#6481=CARTESIAN_POINT('Ctrl Pts',(207.,12.7974648305165,-32.1492892777791));
#6482=CARTESIAN_POINT('Ctrl Pts',(207.000000000001,12.4482081512132,-32.8481201143986));
#6483=CARTESIAN_POINT('Ctrl Pts',(207.000000000001,12.1734423762437,-33.6666239264567));
#6484=CARTESIAN_POINT('Ctrl Pts',(207.000000000001,11.9475535123775,-34.5779652049491));
#6485=CARTESIAN_POINT('Ctrl Pts',(207.000000000001,11.8746442644379,-34.8940729303097));
#6486=CARTESIAN_POINT('Ctrl Pts',(207.000000000001,11.792053899379,-35.2913406425988));
#6487=CARTESIAN_POINT('Ctrl Pts',(207.000000000001,11.7055008096081,-35.7714938282368));
#6488=CARTESIAN_POINT('Ctrl Pts',(207.000000000001,11.6054581869786,-36.4152988130003));
#6489=CARTESIAN_POINT('Ctrl Pts',(207.000000000001,11.5069846927855,-37.2254283788011));
#6490=CARTESIAN_POINT('Ctrl Pts',(207.000000000001,11.41277538706,-38.3651309011812));
#6491=CARTESIAN_POINT('Ctrl Pts',(207.000000000001,11.3743589200841,-39.3394763774639));
#6492=CARTESIAN_POINT('Ctrl Pts',(207.000000000001,11.3666070094241,-40.3084386402895));
#6493=CARTESIAN_POINT('Ctrl Pts',(207.000000000001,11.3767390507024,-40.9578375710502));
#6494=CARTESIAN_POINT('Ctrl Pts',(207.000000000001,11.3994972303444,-41.5279919572649));
#6495=CARTESIAN_POINT('Ctrl Pts',(207.000000000001,11.4165923468448,-41.8538780802402));
#6496=CARTESIAN_POINT('Ctrl Pts',(207.000000000001,11.4663257033539,-42.6686292901347));
#6497=CARTESIAN_POINT('Ctrl Pts',(207.,11.6044433198977,-44.0521247317614));
#6498=CARTESIAN_POINT('Ctrl Pts',(207.,11.9668683617653,-45.9674154384852));
#6499=CARTESIAN_POINT('Ctrl Pts',(207.,12.4070602406271,-47.3248469244433));
#6500=CARTESIAN_POINT('Ctrl Pts',(207.,12.7390794041705,-48.0325292112818));
#6501=CARTESIAN_POINT('Ctrl Pts',(207.,12.7975514559371,-48.1499402857301));
#6502=CARTESIAN_POINT('',(206.208279604187,17.,-47.2696847829233));
#6503=CARTESIAN_POINT('Ctrl Pts',(206.208279604187,17.,-47.2696847829233));
#6504=CARTESIAN_POINT('Ctrl Pts',(206.20846923396,17.,-47.2701325527989));
#6505=CARTESIAN_POINT('Ctrl Pts',(206.208776509346,16.9999588458498,-47.2708577201874));
#6506=CARTESIAN_POINT('Ctrl Pts',(206.209910041321,16.9997848680926,-47.2735313831269));
#6507=CARTESIAN_POINT('Ctrl Pts',(206.211067535529,16.9994674144465,-47.2762565355527));
#6508=CARTESIAN_POINT('Ctrl Pts',(206.215206124979,16.9979140940585,-47.2859650184191));
#6509=CARTESIAN_POINT('Ctrl Pts',(206.218168684364,16.9962702675005,-47.2928671277665));
#6510=CARTESIAN_POINT('Ctrl Pts',(206.227828230651,16.9898992326186,-47.3152162005306));
#6511=CARTESIAN_POINT('Ctrl Pts',(206.23486212346,16.983484055009,-47.3312175185534));
#6512=CARTESIAN_POINT('Ctrl Pts',(206.256334798742,16.96062988909,-47.3792702027422));
#6513=CARTESIAN_POINT('Ctrl Pts',(206.271209414408,16.9397165877275,-47.4113233440837));
#6514=CARTESIAN_POINT('Ctrl Pts',(206.311351454348,16.8750079346131,-47.494878927738));
#6515=CARTESIAN_POINT('Ctrl Pts',(206.340802708035,16.8171223151734,-47.5526397469409));
#6516=CARTESIAN_POINT('Ctrl Pts',(206.42264106886,16.623973108472,-47.6985393367189));
#6517=CARTESIAN_POINT('Ctrl Pts',(206.480574308656,16.4613829007361,-47.7896994004613));
#6518=CARTESIAN_POINT('Ctrl Pts',(206.675262451409,15.7820382118334,-48.0334513976413));
#6519=CARTESIAN_POINT('Ctrl Pts',(206.77628499642,15.2556306265192,-48.0879595507694));
#6520=CARTESIAN_POINT('Ctrl Pts',(206.929482701465,14.2738508680548,-48.1553468487082));
#6521=CARTESIAN_POINT('Ctrl Pts',(207.,13.5647083389687,-48.15));
#6522=CARTESIAN_POINT('Ctrl Pts',(207.,12.7970735874835,-48.15));
#6523=CARTESIAN_POINT('Origin',(207.,17.,-40.15));
#6524=CARTESIAN_POINT('Ctrl Pts',(-22.6097834831503,17.,-33.0303112208814));
#6525=CARTESIAN_POINT('Ctrl Pts',(-22.6097836575733,17.,-33.0303152170767));
#6526=CARTESIAN_POINT('Ctrl Pts',(-22.6006663328916,17.,-33.0513414221245));
#6527=CARTESIAN_POINT('Ctrl Pts',(-22.5467751606683,17.,-33.183945387348));
#6528=CARTESIAN_POINT('Ctrl Pts',(-22.4130436324673,17.,-33.5410342061122));
#6529=CARTESIAN_POINT('Ctrl Pts',(-22.1829566202456,17.,-34.3859830896795));
#6530=CARTESIAN_POINT('Ctrl Pts',(-21.9616804046036,17.,-35.5836854689326));
#6531=CARTESIAN_POINT('Ctrl Pts',(-21.8205035563195,17.,-36.7686743776046));
#6532=CARTESIAN_POINT('Ctrl Pts',(-21.740113395915,17.,-37.7820996118474));
#6533=CARTESIAN_POINT('Ctrl Pts',(-21.6969006491758,17.,-38.5637730988442));
#6534=CARTESIAN_POINT('Ctrl Pts',(-21.6710464181826,17.,-39.3577112961738));
#6535=CARTESIAN_POINT('Ctrl Pts',(-21.663987292739,17.,-40.0209299578861));
#6536=CARTESIAN_POINT('Ctrl Pts',(-21.6682958666706,17.,-40.8125012051843));
#6537=CARTESIAN_POINT('Ctrl Pts',(-21.6896863774568,17.,-41.6056102614452));
#6538=CARTESIAN_POINT('Ctrl Pts',(-21.7329109203278,17.,-42.3876095103122));
#6539=CARTESIAN_POINT('Ctrl Pts',(-21.7655947707043,17.,-42.8341830142942));
#6540=CARTESIAN_POINT('Ctrl Pts',(-21.7863672438353,17.,-43.0860967399937));
#6541=CARTESIAN_POINT('Ctrl Pts',(-21.841747067615,17.,-43.7097762083789));
#6542=CARTESIAN_POINT('Ctrl Pts',(-21.9619727803403,17.,-44.7176579792889));
#6543=CARTESIAN_POINT('Ctrl Pts',(-22.1831197204743,17.,-45.9146206706708));
#6544=CARTESIAN_POINT('Ctrl Pts',(-22.4133844170035,17.,-46.7609701761415));
#6545=CARTESIAN_POINT('Ctrl Pts',(-22.5467984208906,17.,-47.116091178221));
#6546=CARTESIAN_POINT('Ctrl Pts',(-22.6007243150693,17.,-47.2489307702771));
#6547=CARTESIAN_POINT('Ctrl Pts',(-22.6097836575733,17.,-47.2696847829233));
#6548=CARTESIAN_POINT('Ctrl Pts',(-22.6097834831503,17.,-47.2696887791186));
#6549=CARTESIAN_POINT('Ctrl Pts',(-23.1305197309421,17.,-31.800709111762));
#6550=CARTESIAN_POINT('Ctrl Pts',(-23.1305197309421,16.8974023604707,-31.800709111762));
#6551=CARTESIAN_POINT('Ctrl Pts',(-23.1272216960304,16.6924580814515,-31.8418540754684));
#6552=CARTESIAN_POINT('Ctrl Pts',(-23.1082599315068,16.3085810868772,-32.0871609126087));
#6553=CARTESIAN_POINT('Ctrl Pts',(-23.0607748754501,15.9252173359032,-32.6820003820415));
#6554=CARTESIAN_POINT('Ctrl Pts',(-22.9784113108643,15.6452291564639,-33.8066953298603));
#6555=CARTESIAN_POINT('Ctrl Pts',(-22.8980913608896,15.4899199668257,-35.209538929279));
#6556=CARTESIAN_POINT('Ctrl Pts',(-22.8459818213325,15.4183150545175,-36.5201004469577));
#6557=CARTESIAN_POINT('Ctrl Pts',(-22.8163274735695,15.3826897844583,-37.6181587702224));
#6558=CARTESIAN_POINT('Ctrl Pts',(-22.8002522741305,15.3648969085117,-38.457657200549));
#6559=CARTESIAN_POINT('Ctrl Pts',(-22.7906150840741,15.3547420502414,-39.3057724118514));
#6560=CARTESIAN_POINT('Ctrl Pts',(-22.7879948826589,15.3520382789714,-40.012471795852));
#6561=CARTESIAN_POINT('Ctrl Pts',(-22.7895607682521,15.3536814152056,-40.8559292203516));
#6562=CARTESIAN_POINT('Ctrl Pts',(-22.7975959624204,15.3619572646844,-41.7021066221815));
#6563=CARTESIAN_POINT('Ctrl Pts',(-22.8136267012657,15.379695861265,-42.5419431042622));
#6564=CARTESIAN_POINT('Ctrl Pts',(-22.825674140237,15.3939621848475,-43.0247198023564));
#6565=CARTESIAN_POINT('Ctrl Pts',(-22.8333084129155,15.4033412201897,-43.298176117637));
#6566=CARTESIAN_POINT('Ctrl Pts',(-22.8536847867372,15.4289953726391,-43.9772613845007));
#6567=CARTESIAN_POINT('Ctrl Pts',(-22.8982044844343,15.4898940285552,-45.0921018029446));
#6568=CARTESIAN_POINT('Ctrl Pts',(-22.9786471073007,15.6454618426792,-46.4941987605225));
#6569=CARTESIAN_POINT('Ctrl Pts',(-23.0608345773665,15.9259671879976,-47.6201861122028));
#6570=CARTESIAN_POINT('Ctrl Pts',(-23.1082900478797,16.3088027077053,-48.2129484688744));
#6571=CARTESIAN_POINT('Ctrl Pts',(-23.1272370144234,16.6931115222635,-48.4584861635566));
#6572=CARTESIAN_POINT('Ctrl Pts',(-23.1305197309421,16.8972288397783,-48.4992908882381));
#6573=CARTESIAN_POINT('Ctrl Pts',(-23.1305197309421,17.,-48.4992908882381));
#6574=CARTESIAN_POINT('Ctrl Pts',(-23.4015040533868,17.,-30.465951261613));
#6575=CARTESIAN_POINT('Ctrl Pts',(-23.4015040533868,16.7860099569285,-30.465951261613));
#6576=CARTESIAN_POINT('Ctrl Pts',(-23.4014039156227,16.358600310849,-30.5276016123971));
#6577=CARTESIAN_POINT('Ctrl Pts',(-23.401407255308,15.5542710686697,-30.888009836292));
#6578=CARTESIAN_POINT('Ctrl Pts',(-23.4011581209296,14.7368650262052,-31.7269239258097));
#6579=CARTESIAN_POINT('Ctrl Pts',(-23.4012704097564,14.1065953632164,-33.1452744687787));
#6580=CARTESIAN_POINT('Ctrl Pts',(-23.4015974151087,13.7295735911571,-34.7715696454245));
#6581=CARTESIAN_POINT('Ctrl Pts',(-23.4016363258681,13.5430702274906,-36.2247992475268));
#6582=CARTESIAN_POINT('Ctrl Pts',(-23.4018643306908,13.4467103788501,-37.4217172342188));
#6583=CARTESIAN_POINT('Ctrl Pts',(-23.4019062721332,13.3975500871983,-38.3298450815854));
#6584=CARTESIAN_POINT('Ctrl Pts',(-23.4019336644813,13.369071772856,-39.2430187495577));
#6585=CARTESIAN_POINT('Ctrl Pts',(-23.4019559245269,13.3614182370935,-40.0022446672667));
#6586=CARTESIAN_POINT('Ctrl Pts',(-23.4019082355773,13.3660929281523,-40.9084161407113));
#6587=CARTESIAN_POINT('Ctrl Pts',(-23.4019435440925,13.3893830397829,-41.8184679275602));
#6588=CARTESIAN_POINT('Ctrl Pts',(-23.401850515266,13.4384652796328,-42.7269494044454));
#6589=CARTESIAN_POINT('Ctrl Pts',(-23.4017396531247,13.4772351068991,-43.2521822472425));
#6590=CARTESIAN_POINT('Ctrl Pts',(-23.4016580490703,13.5024822365712,-43.5507325365253));
#6591=CARTESIAN_POINT('Ctrl Pts',(-23.4014880364842,13.571019301169,-44.294049564354));
#6592=CARTESIAN_POINT('Ctrl Pts',(-23.4016062902843,13.7295883003778,-45.5303747409204));
#6593=CARTESIAN_POINT('Ctrl Pts',(-23.4014542053661,14.1070074402661,-47.155909793547));
#6594=CARTESIAN_POINT('Ctrl Pts',(-23.4010880164535,14.7385517417076,-48.5754688756835));
#6595=CARTESIAN_POINT('Ctrl Pts',(-23.4014300727083,15.5547199528452,-49.4121717816372));
#6596=CARTESIAN_POINT('Ctrl Pts',(-23.4013977818028,16.3599755424016,-49.7728100686433));
#6597=CARTESIAN_POINT('Ctrl Pts',(-23.4015040533868,16.7856480411905,-49.834048738387));
#6598=CARTESIAN_POINT('Ctrl Pts',(-23.4015040533868,17.,-49.834048738387));
#6599=CARTESIAN_POINT('Ctrl Pts',(-23.4015040533868,17.,-29.1306246227958));
#6600=CARTESIAN_POINT('Ctrl Pts',(-23.4015040533868,16.6745631947644,-29.1306246227958));
#6601=CARTESIAN_POINT('Ctrl Pts',(-23.4015040533868,16.0246062876019,-29.2127748469065));
#6602=CARTESIAN_POINT('Ctrl Pts',(-23.4015040533868,14.7995980089687,-29.6882550580965));
#6603=CARTESIAN_POINT('Ctrl Pts',(-23.4015040533868,13.5478279789532,-30.7711746833959));
#6604=CARTESIAN_POINT('Ctrl Pts',(-23.4015040533868,12.5664946413235,-32.4831261069876));
#6605=CARTESIAN_POINT('Ctrl Pts',(-23.4015040533868,11.9667309644062,-34.332919176868));
#6606=CARTESIAN_POINT('Ctrl Pts',(-23.4015040533868,11.6645589755779,-35.9289450577833));
#6607=CARTESIAN_POINT('Ctrl Pts',(-23.4015040533868,11.5069456282928,-37.2248735699744));
#6608=CARTESIAN_POINT('Ctrl Pts',(-23.4015040533868,11.4261419186043,-38.2017539053979));
#6609=CARTESIAN_POINT('Ctrl Pts',(-23.4015040533868,11.3791697355466,-39.1801226420127));
#6610=CARTESIAN_POINT('Ctrl Pts',(-23.4015040533868,11.3665161097786,-39.991991780362));
#6611=CARTESIAN_POINT('Ctrl Pts',(-23.4015040533868,11.3742598139738,-40.9610276635512));
#6612=CARTESIAN_POINT('Ctrl Pts',(-23.4015040533867,11.4126946898445,-41.9350784120341));
#6613=CARTESIAN_POINT('Ctrl Pts',(-23.4015040533867,11.493406709371,-42.9123276056887));
#6614=CARTESIAN_POINT('Ctrl Pts',(-23.4015040533867,11.5568966661343,-43.4800870502357));
#6615=CARTESIAN_POINT('Ctrl Pts',(-23.4015040533867,11.5981491502206,-43.8037701995465));
#6616=CARTESIAN_POINT('Ctrl Pts',(-23.4015040533867,11.7099206117167,-44.6114104852775));
#6617=CARTESIAN_POINT('Ctrl Pts',(-23.4015040533867,11.9667852265584,-45.9693232822117));
#6618=CARTESIAN_POINT('Ctrl Pts',(-23.4015040533867,12.5670510951254,-47.8183448761803));
#6619=CARTESIAN_POINT('Ctrl Pts',(-23.4015040533868,13.5504677725585,-49.53142233535));
#6620=CARTESIAN_POINT('Ctrl Pts',(-23.4015040533868,14.8002698481056,-50.6119983218186));
#6621=CARTESIAN_POINT('Ctrl Pts',(-23.4015040533868,16.026705090528,-51.0877079689515));
#6622=CARTESIAN_POINT('Ctrl Pts',(-23.4015040533868,16.6740127920454,-51.1693753772042));
#6623=CARTESIAN_POINT('Ctrl Pts',(-23.4015040533868,17.,-51.1693753772042));
#6624=CARTESIAN_POINT('',(-23.4015040533868,12.7970735874813,-48.1499999999958));
#6625=CARTESIAN_POINT('',(-22.6097836575733,17.,-47.2696847829233));
#6626=CARTESIAN_POINT('Ctrl Pts',(-23.4015040533868,12.7970735874834,-48.15));
#6627=CARTESIAN_POINT('Ctrl Pts',(-23.4015040533868,13.5647093645243,-48.15));
#6628=CARTESIAN_POINT('Ctrl Pts',(-23.3309865659225,14.2738528831813,-48.1553468758689));
#6629=CARTESIAN_POINT('Ctrl Pts',(-23.1777881562647,15.2556358525954,-48.0879590891482));
#6630=CARTESIAN_POINT('Ctrl Pts',(-23.0767642901401,15.7820492047598,-48.0334501028276));
#6631=CARTESIAN_POINT('Ctrl Pts',(-22.8820749712787,16.4613931247703,-47.7896944274528));
#6632=CARTESIAN_POINT('Ctrl Pts',(-22.8241421406489,16.6239811018157,-47.6985344512733));
#6633=CARTESIAN_POINT('Ctrl Pts',(-22.7423015524931,16.8171339696974,-47.552630173123));
#6634=CARTESIAN_POINT('Ctrl Pts',(-22.7128482186635,16.8750220171217,-47.4948645454249));
#6635=CARTESIAN_POINT('Ctrl Pts',(-22.6727063260018,16.9397268346976,-47.4113080499072));
#6636=CARTESIAN_POINT('Ctrl Pts',(-22.6578333466687,16.9606366468904,-47.3792580890267));
#6637=CARTESIAN_POINT('Ctrl Pts',(-22.6363661300697,16.9834836947295,-47.3312173195016));
#6638=CARTESIAN_POINT('Ctrl Pts',(-22.62933651155,16.9898950325075,-47.3152257782914));
#6639=CARTESIAN_POINT('Ctrl Pts',(-22.6196814580121,16.9962651009275,-47.2928873878853));
#6640=CARTESIAN_POINT('Ctrl Pts',(-22.6167199113243,16.9979091245439,-47.285987742106));
#6641=CARTESIAN_POINT('Ctrl Pts',(-22.6125789051423,16.9994652836808,-47.2762737488886));
#6642=CARTESIAN_POINT('Ctrl Pts',(-22.6114188590483,16.9997838655444,-47.2735426116401));
#6643=CARTESIAN_POINT('Ctrl Pts',(-22.6102430700068,16.999964665691,-47.2707692882616));
#6644=CARTESIAN_POINT('Ctrl Pts',(-22.6095539359392,17.,-47.2691423447513));
#6645=CARTESIAN_POINT('Ctrl Pts',(-22.6097836575733,17.,-47.2696847829233));
#6646=CARTESIAN_POINT('',(-23.4015040533868,12.7970735872326,-32.1500000005031));
#6647=CARTESIAN_POINT('Ctrl Pts',(-23.4015040533868,12.7977419535446,-48.1500556937721));
#6648=CARTESIAN_POINT('Ctrl Pts',(-23.4015040533868,12.7394388343844,-48.0330977284072));
#6649=CARTESIAN_POINT('Ctrl Pts',(-23.4015040533867,12.4071233887047,-47.3257135304208));
#6650=CARTESIAN_POINT('Ctrl Pts',(-23.4015040533867,11.9667852265584,-45.9693232822117));
#6651=CARTESIAN_POINT('Ctrl Pts',(-23.4015040533867,11.7099206117167,-44.6114104852775));
#6652=CARTESIAN_POINT('Ctrl Pts',(-23.4015040533867,11.5981491502206,-43.8037701995465));
#6653=CARTESIAN_POINT('Ctrl Pts',(-23.4015040533867,11.5568966661343,-43.4800870502357));
#6654=CARTESIAN_POINT('Ctrl Pts',(-23.4015040533867,11.493406709371,-42.9123276056887));
#6655=CARTESIAN_POINT('Ctrl Pts',(-23.4015040533867,11.4126946898445,-41.9350784120341));
#6656=CARTESIAN_POINT('Ctrl Pts',(-23.4015040533868,11.3742598139738,-40.9610276635512));
#6657=CARTESIAN_POINT('Ctrl Pts',(-23.4015040533868,11.3665161097786,-39.991991780362));
#6658=CARTESIAN_POINT('Ctrl Pts',(-23.4015040533868,11.3791697355466,-39.1801226420127));
#6659=CARTESIAN_POINT('Ctrl Pts',(-23.4015040533868,11.4261419186043,-38.2017539053979));
#6660=CARTESIAN_POINT('Ctrl Pts',(-23.4015040533868,11.5069456282928,-37.2248735699744));
#6661=CARTESIAN_POINT('Ctrl Pts',(-23.4015040533868,11.6645589755779,-35.9289450577833));
#6662=CARTESIAN_POINT('Ctrl Pts',(-23.4015040533868,11.9667309644062,-34.332919176868));
#6663=CARTESIAN_POINT('Ctrl Pts',(-23.4015040533868,12.4068723434777,-32.9754337136624));
#6664=CARTESIAN_POINT('Ctrl Pts',(-23.4015040533868,12.7389096143827,-32.2677147793814));
#6665=CARTESIAN_POINT('Ctrl Pts',(-23.4015040533868,12.7973856678756,-32.1502973649336));
#6666=CARTESIAN_POINT('',(-22.6097836575733,17.,-33.0303152170767));
#6667=CARTESIAN_POINT('Ctrl Pts',(-22.6097836575733,17.,-33.0303152170767));
#6668=CARTESIAN_POINT('Ctrl Pts',(-22.609973287339,17.,-33.0298674472186));
#6669=CARTESIAN_POINT('Ctrl Pts',(-22.6102805627309,16.999958845849,-33.0291422798167));
#6670=CARTESIAN_POINT('Ctrl Pts',(-22.6114140946983,16.9997848680948,-33.0264686168952));
#6671=CARTESIAN_POINT('Ctrl Pts',(-22.6125715889117,16.9994674144473,-33.0237434644572));
#6672=CARTESIAN_POINT('Ctrl Pts',(-22.6167101783633,16.9979140940594,-33.014034981587));
#6673=CARTESIAN_POINT('Ctrl Pts',(-22.6196727377469,16.996270267503,-33.0071328722422));
#6674=CARTESIAN_POINT('Ctrl Pts',(-22.6293322840377,16.9898992326184,-32.9847837994686));
#6675=CARTESIAN_POINT('Ctrl Pts',(-22.636366176848,16.9834840550077,-32.9687824814444));
#6676=CARTESIAN_POINT('Ctrl Pts',(-22.6578388521288,16.9606298890899,-32.9207297972579));
#6677=CARTESIAN_POINT('Ctrl Pts',(-22.6727134677952,16.9397165877268,-32.8886766559158));
#6678=CARTESIAN_POINT('Ctrl Pts',(-22.7128555077215,16.875007934634,-32.8051210722892));
#6679=CARTESIAN_POINT('Ctrl Pts',(-22.7423067614074,16.8171223152072,-32.7473602530846));
#6680=CARTESIAN_POINT('Ctrl Pts',(-22.8241451222552,16.623973108453,-32.6014606632667));
#6681=CARTESIAN_POINT('Ctrl Pts',(-22.8820783620502,16.4613829007097,-32.5103005995294));
#6682=CARTESIAN_POINT('Ctrl Pts',(-23.0767665047955,15.7820382118352,-32.2665486023594));
#6683=CARTESIAN_POINT('Ctrl Pts',(-23.1777890498059,15.2556306265228,-32.2120404492309));
#6684=CARTESIAN_POINT('Ctrl Pts',(-23.3309867548516,14.2738508680551,-32.1446531512919));
#6685=CARTESIAN_POINT('Ctrl Pts',(-23.4015040533868,13.5647083389691,-32.15));
#6686=CARTESIAN_POINT('Ctrl Pts',(-23.4015040533868,12.7970735874834,-32.15));
#6687=CARTESIAN_POINT('Origin',(-23.4015040533868,17.,-40.15));
#6688=CARTESIAN_POINT('Origin',(140.927208325974,8.5,-81.8));
#6689=CARTESIAN_POINT('',(8.34339968317465,7.,-80.3));
#6690=CARTESIAN_POINT('',(8.34339968317465,10.,-83.3));
#6691=CARTESIAN_POINT('',(8.34339968317465,7.,-80.3));
#6692=CARTESIAN_POINT('',(186.736193853878,10.,-83.3));
#6693=CARTESIAN_POINT('',(140.927208325974,10.,-83.3));
#6694=CARTESIAN_POINT('',(186.736193853878,7.,-80.3));
#6695=CARTESIAN_POINT('',(186.736193853878,10.,-83.3));
#6696=CARTESIAN_POINT('',(187.399988818831,7.,-80.3));
#6697=CARTESIAN_POINT('Origin',(8.34339968317465,8.5,-73.3));
#6698=CARTESIAN_POINT('',(7.44113673690589,7.05790892716883,-80.3));
#6699=CARTESIAN_POINT('Ctrl Pts',(7.44113673691355,7.05790892716786,-80.3));
#6700=CARTESIAN_POINT('Ctrl Pts',(7.89412656179158,7.,-80.3));
#6701=CARTESIAN_POINT('Ctrl Pts',(8.34339968317465,7.,-80.3));
#6702=CARTESIAN_POINT('',(3.69270197219012,7.05790892716883,-78.6089631026456));
#6703=CARTESIAN_POINT('Ctrl Pts',(3.69270197219012,7.05790892716883,-78.6089631026456));
#6704=CARTESIAN_POINT('Ctrl Pts',(3.85428204918751,7.08912102524072,-78.7920030336193));
#6705=CARTESIAN_POINT('Ctrl Pts',(4.03336638137245,7.11572001222576,-78.9673867006102));
#6706=CARTESIAN_POINT('Ctrl Pts',(4.58362401648174,7.17570020370923,-79.4296527345423));
#6707=CARTESIAN_POINT('Ctrl Pts',(4.98825823643461,7.19410082361991,-79.6786813677125));
#6708=CARTESIAN_POINT('Ctrl Pts',(5.38502578576878,7.19410082361991,-79.8576756967356));
#6709=CARTESIAN_POINT('Ctrl Pts',(5.78809566920272,7.19410082361991,-80.0395132070252));
#6710=CARTESIAN_POINT('Ctrl Pts',(6.24996420955481,7.17511457299575,-80.1792663090897));
#6711=CARTESIAN_POINT('Ctrl Pts',(6.96093055648834,7.11423194124445,-80.2828123534971));
#6712=CARTESIAN_POINT('Ctrl Pts',(7.2036198893371,7.08827240350259,-80.3));
#6713=CARTESIAN_POINT('Ctrl Pts',(7.44113673690588,7.05790892716884,-80.3));
#6714=CARTESIAN_POINT('',(3.09559101257257,7.,-77.9325483437039));
#6715=CARTESIAN_POINT('Ctrl Pts',(3.09559101257253,6.99999999999999,-77.9325483437038));
#6716=CARTESIAN_POINT('Ctrl Pts',(3.39291664890597,6.99999999999999,-78.2693625411128));
#6717=CARTESIAN_POINT('Ctrl Pts',(3.69270197218506,7.05790892716786,-78.6089631026399));
#6718=CARTESIAN_POINT('',(0.846530153743106,10.,-79.9179262052913));
#6719=CARTESIAN_POINT('',(3.09559101257257,7.,-77.9325483437039));
#6720=CARTESIAN_POINT('Origin',(8.34339968317465,10.,-73.3));
#6721=CARTESIAN_POINT('Origin',(13.5159192779529,8.5,-92.0033975146952));
#6722=CARTESIAN_POINT('',(-18.6493127239889,7.,-53.2996495796302));
#6723=CARTESIAN_POINT('',(-20.8983735828183,10.,-55.2850274412176));
#6724=CARTESIAN_POINT('',(-18.6493127239889,7.,-53.2996495796302));
#6725=CARTESIAN_POINT('',(12.3913888485382,10.,-92.9960864454889));
#6726=CARTESIAN_POINT('',(5.18547937123397,7.,-80.3));
#6727=CARTESIAN_POINT('Origin',(-13.4015040533868,8.5,-48.6671012359264));
#6728=CARTESIAN_POINT('',(-19.1499388181025,7.04075610096779,-52.7325340823921));
#6729=CARTESIAN_POINT('Ctrl Pts',(-19.1499388181026,7.0407561009678,-52.732534082392));
#6730=CARTESIAN_POINT('Ctrl Pts',(-18.8988991873955,6.99999999999999,-53.0169149140524));
#6731=CARTESIAN_POINT('Ctrl Pts',(-18.6493127239888,6.99999999999999,-53.2996495796302));
#6732=CARTESIAN_POINT('',(-20.4015040533868,7.0407561014738,-49.4235709844559));
#6733=CARTESIAN_POINT('Ctrl Pts',(-20.4015040533868,7.04075610147312,-49.4235709844496));
#6734=CARTESIAN_POINT('Ctrl Pts',(-20.4015040532487,7.05652382268084,-49.570327256571));
#6735=CARTESIAN_POINT('Ctrl Pts',(-20.3950050769272,7.07052721639091,-49.7183343607278));
#6736=CARTESIAN_POINT('Ctrl Pts',(-20.3407437151692,7.12046372431603,-50.3293334025147));
#6737=CARTESIAN_POINT('Ctrl Pts',(-20.2310489910599,7.13828119603462,-50.7882205420854));
#6738=CARTESIAN_POINT('Ctrl Pts',(-20.0781574414186,7.13828119603462,-51.1924443749363));
#6739=CARTESIAN_POINT('Ctrl Pts',(-19.9252658917772,7.13828119603462,-51.5966682077872));
#6740=CARTESIAN_POINT('Ctrl Pts',(-19.703814472625,7.12046372431602,-52.0132850681234));
#6741=CARTESIAN_POINT('Ctrl Pts',(-19.3401388496415,7.07052721626217,-52.5072528480764));
#6742=CARTESIAN_POINT('Ctrl Pts',(-19.2470610370297,7.05652382238159,-52.6225128187635));
#6743=CARTESIAN_POINT('Ctrl Pts',(-19.1499388181042,7.04075610096807,-52.7325340823902));
#6744=CARTESIAN_POINT('',(-20.4015040533868,7.,-48.6671012359264));
#6745=CARTESIAN_POINT('Ctrl Pts',(-20.4015040533868,7.00000000000001,-48.6671012359264));
#6746=CARTESIAN_POINT('Ctrl Pts',(-20.4015040533868,7.00000000000002,-49.0442382078556));
#6747=CARTESIAN_POINT('Ctrl Pts',(-20.4015040533868,7.04075610147381,-49.4235709844559));
#6748=CARTESIAN_POINT('',(-23.4015040533868,10.,-48.6671012359264));
#6749=CARTESIAN_POINT('',(-20.4015040533868,7.,-48.6671012359264));
#6750=CARTESIAN_POINT('Origin',(-13.4015040533868,10.,-48.6671012359264));
#6751=CARTESIAN_POINT('Origin',(-21.9015040533868,8.5,-46.2997249775134));
#6752=CARTESIAN_POINT('',(-20.4015040533868,7.,-31.6328987640737));
#6753=CARTESIAN_POINT('',(-23.4015040533868,10.,-31.6328987640737));
#6754=CARTESIAN_POINT('',(-20.4015040533868,7.,-31.6328987640737));
#6755=CARTESIAN_POINT('',(-23.4015040533868,10.,-46.2997249775134));
#6756=CARTESIAN_POINT('',(-20.4015040533868,7.,-51.3147453392966));
#6757=CARTESIAN_POINT('Origin',(-13.4015040533868,8.5,-31.6328987640737));
#6758=CARTESIAN_POINT('',(-20.4015040533868,7.04075610096779,-30.8764290202536));
#6759=CARTESIAN_POINT('Ctrl Pts',(-20.4015040533868,7.0407561009678,-30.8764290202535));
#6760=CARTESIAN_POINT('Ctrl Pts',(-20.4015040533868,7.,-31.2557617944787));
#6761=CARTESIAN_POINT('Ctrl Pts',(-20.4015040533868,7.,-31.6328987640737));
#6762=CARTESIAN_POINT('',(-19.1499388212192,7.04075610147378,-27.5674659211386));
#6763=CARTESIAN_POINT('Ctrl Pts',(-19.1499388212151,7.04075610147311,-27.5674659211339));
#6764=CARTESIAN_POINT('Ctrl Pts',(-19.2470610390179,7.05652382268083,-27.6774871836972));
#6765=CARTESIAN_POINT('Ctrl Pts',(-19.340138850579,7.07052721639089,-27.792747153197));
#6766=CARTESIAN_POINT('Ctrl Pts',(-19.703814472625,7.12046372431602,-28.2867149318767));
#6767=CARTESIAN_POINT('Ctrl Pts',(-19.9252658917772,7.13828119603461,-28.7033317922128));
#6768=CARTESIAN_POINT('Ctrl Pts',(-20.0781574414186,7.13828119603461,-29.1075556250637));
#6769=CARTESIAN_POINT('Ctrl Pts',(-20.2333789445581,7.13828119603461,-29.5179395284719));
#6770=CARTESIAN_POINT('Ctrl Pts',(-20.3438010381041,7.11991977861752,-29.9839263721156));
#6771=CARTESIAN_POINT('Ctrl Pts',(-20.3955826603271,7.06925168116567,-30.5951076504735));
#6772=CARTESIAN_POINT('Ctrl Pts',(-20.4015040533869,7.05581212884264,-30.7362967532569));
#6773=CARTESIAN_POINT('Ctrl Pts',(-20.4015040533868,7.0407561009674,-30.8764290202572));
#6774=CARTESIAN_POINT('',(-18.6493127239888,7.,-27.0003504203698));
#6775=CARTESIAN_POINT('Ctrl Pts',(-18.6493127239888,7.,-27.0003504203698));
#6776=CARTESIAN_POINT('Ctrl Pts',(-18.8988991889403,7.,-27.2830850876976));
#6777=CARTESIAN_POINT('Ctrl Pts',(-19.1499388212193,7.04075610147379,-27.5674659211386));
#6778=CARTESIAN_POINT('',(-20.8983735828183,10.,-25.0149725587824));
#6779=CARTESIAN_POINT('',(-18.6493127239888,7.,-27.0003504203698));
#6780=CARTESIAN_POINT('Origin',(-13.4015040533868,10.,-31.6328987640737));
#6781=CARTESIAN_POINT('Origin',(-0.100875224655892,8.5,-3.72187750779146));
#6782=CARTESIAN_POINT('',(3.09559101257257,7.,-2.36745165629615));
#6783=CARTESIAN_POINT('',(0.846530153743101,10.,-0.382073794708765));
#6784=CARTESIAN_POINT('',(3.09559101257257,7.,-2.36745165629615));
#6785=CARTESIAN_POINT('',(-1.22540565407063,10.,-2.72918857699777));
#6786=CARTESIAN_POINT('',(-20.4015040533868,7.,-28.9852546607034));
#6787=CARTESIAN_POINT('Origin',(8.34339968317465,8.5,-7.00000000000002));
#6788=CARTESIAN_POINT('',(3.69270197219013,7.05790892716883,-1.69103689735438));
#6789=CARTESIAN_POINT('Ctrl Pts',(3.69270197218505,7.05790892716784,-1.69103689736014));
#6790=CARTESIAN_POINT('Ctrl Pts',(3.39291664890599,6.99999999999998,-2.03063745888721));
#6791=CARTESIAN_POINT('Ctrl Pts',(3.09559101257257,6.99999999999998,-2.36745165629616));
#6792=CARTESIAN_POINT('',(7.44113673690588,7.05790892716885,-4.82209732751618E-15));
#6793=CARTESIAN_POINT('Ctrl Pts',(7.44113673690588,7.05790892716885,-9.49761103097302E-15));
#6794=CARTESIAN_POINT('Ctrl Pts',(7.19698158620595,7.08912102524074,-9.810648453334E-15));
#6795=CARTESIAN_POINT('Ctrl Pts',(6.94698204981113,7.1157200122258,-0.0181895707396474));
#6796=CARTESIAN_POINT('Ctrl Pts',(6.2362707930783,7.17570020370926,-0.12478629056091));
#6797=CARTESIAN_POINT('Ctrl Pts',(5.78179333510295,7.19410082361993,-0.263329974241397));
#6798=CARTESIAN_POINT('Ctrl Pts',(5.38502578576877,7.19410082361992,-0.442324303264445));
#6799=CARTESIAN_POINT('Ctrl Pts',(4.9882582364346,7.19410082361992,-0.621318632287493));
#6800=CARTESIAN_POINT('Ctrl Pts',(4.58362401648173,7.17570020370926,-0.870347265457719));
#6801=CARTESIAN_POINT('Ctrl Pts',(4.03336638137244,7.11572001222579,-1.33261329938983));
#6802=CARTESIAN_POINT('Ctrl Pts',(3.85428204918751,7.08912102524073,-1.50799696638077));
#6803=CARTESIAN_POINT('Ctrl Pts',(3.69270197219012,7.05790892716884,-1.69103689735438));
#6804=CARTESIAN_POINT('',(8.34339968317465,7.,0.));
#6805=CARTESIAN_POINT('Ctrl Pts',(8.34339968317466,7.00000000000002,-4.80176203178008E-31));
#6806=CARTESIAN_POINT('Ctrl Pts',(7.89412656179158,7.00000000000002,3.46685353228141E-17));
#6807=CARTESIAN_POINT('Ctrl Pts',(7.44113673691356,7.05790892716788,6.96238731723466E-17));
#6808=CARTESIAN_POINT('',(8.34339968317465,10.,2.99999999999998));
#6809=CARTESIAN_POINT('',(8.34339968317465,7.,0.));
#6810=CARTESIAN_POINT('Origin',(8.34339968317465,10.,-7.00000000000002));
#6811=CARTESIAN_POINT('Origin',(47.8156664625687,8.5,1.49999999999998));
#6812=CARTESIAN_POINT('',(186.736193853878,7.,-4.21231030231079E-15));
#6813=CARTESIAN_POINT('',(186.736193853878,10.,2.99999999999999));
#6814=CARTESIAN_POINT('',(186.736193853878,7.,-4.21231030231079E-15));
#6815=CARTESIAN_POINT('',(47.8156664625687,10.,2.99999999999998));
#6816=CARTESIAN_POINT('',(5.18547937123401,7.,0.));
#6817=CARTESIAN_POINT('Origin',(186.736193853878,8.5,-7.00000000000001));
#6818=CARTESIAN_POINT('',(187.399988818831,7.03140268762192,-1.88994025648261E-14));
#6819=CARTESIAN_POINT('Ctrl Pts',(187.399988818831,7.0314026876219,-1.28187870755862E-14));
#6820=CARTESIAN_POINT('Ctrl Pts',(187.067348540128,7.00000000000001,-1.27931186108971E-14));
#6821=CARTESIAN_POINT('Ctrl Pts',(186.736193853878,7.00000000000001,-1.27675647831893E-14));
#6822=CARTESIAN_POINT('',(190.389636226241,7.03140268765247,-0.992256447903933));
#6823=CARTESIAN_POINT('Ctrl Pts',(190.389636226241,7.03140268765247,-0.992256447903973));
#6824=CARTESIAN_POINT('Ctrl Pts',(190.324997052641,7.03901572322053,-0.944037709539534));
#6825=CARTESIAN_POINT('Ctrl Pts',(190.25901313674,7.04608130202523,-0.897254025095359));
#6826=CARTESIAN_POINT('Ctrl Pts',(189.807347675295,7.0897827214318,-0.59324363038813));
#6827=CARTESIAN_POINT('Ctrl Pts',(189.383527856737,7.10727875600183,-0.390134723070154));
#6828=CARTESIAN_POINT('Ctrl Pts',(188.97499393636,7.10727875600183,-0.254543343390827));
#6829=CARTESIAN_POINT('Ctrl Pts',(188.566460015983,7.10727875600183,-0.118951963711502));
#6830=CARTESIAN_POINT('Ctrl Pts',(188.105302983337,7.08978272143178,-0.028339282065011));
#6831=CARTESIAN_POINT('Ctrl Pts',(187.561494337396,7.04608130201652,-0.00195432669104225));
#6832=CARTESIAN_POINT('Ctrl Pts',(187.480631670408,7.03901572320161,-2.38353294260465E-14));
#6833=CARTESIAN_POINT('Ctrl Pts',(187.399988818831,7.0314026876219,-2.4980018054066E-14));
#6834=CARTESIAN_POINT('',(190.921700224615,7.,-1.38915902733643));
#6835=CARTESIAN_POINT('Ctrl Pts',(190.921700224615,6.99999999999997,-1.38915902733648));
#6836=CARTESIAN_POINT('Ctrl Pts',(190.656263612786,6.99999999999996,-1.19115187738337));
#6837=CARTESIAN_POINT('Ctrl Pts',(190.389636226241,7.0314026876524,-0.992256447904138));
#6838=CARTESIAN_POINT('',(192.715488669217,10.,1.0154871038051));
#6839=CARTESIAN_POINT('',(190.921700224615,7.,-1.38915902733643));
#6840=CARTESIAN_POINT('Origin',(186.736193853878,10.,-7.00000000000001));
#6841=CARTESIAN_POINT('Origin',(167.934767749591,8.5,17.6297283084161));
#6842=CARTESIAN_POINT('',(201.185506370737,7.,-9.04562732182241));
#6843=CARTESIAN_POINT('',(202.979294815339,10.,-6.64098119068087));
#6844=CARTESIAN_POINT('',(201.185506370737,7.,-9.04562732182241));
#6845=CARTESIAN_POINT('',(168.831661971892,10.,18.8320513739869));
#6846=CARTESIAN_POINT('',(190.3896362265,7.,-0.992256448097459));
#6847=CARTESIAN_POINT('Origin',(197.,8.5,-14.656468294486));
#6848=CARTESIAN_POINT('',(201.989647407669,7.07152591412874,-9.64549059534049));
#6849=CARTESIAN_POINT('Ctrl Pts',(201.989647407661,7.07152591412718,-9.64549059533392));
#6850=CARTESIAN_POINT('Ctrl Pts',(201.585533154813,6.99999999999999,-9.34403439865301));
#6851=CARTESIAN_POINT('Ctrl Pts',(201.185506370737,6.99999999999999,-9.04562732182243));
#6852=CARTESIAN_POINT('',(204.,7.07152591412878,-13.6532341472428));
#6853=CARTESIAN_POINT('Ctrl Pts',(204.,7.07152591412879,-13.6532341472428));
#6854=CARTESIAN_POINT('Ctrl Pts',(204.,7.11496798705445,-13.3470227355784));
#6855=CARTESIAN_POINT('Ctrl Pts',(203.971076705638,7.15152307077735,-13.0288719903063));
#6856=CARTESIAN_POINT('Ctrl Pts',(203.823126647046,7.21865811585002,-12.2535429947099));
#6857=CARTESIAN_POINT('Ctrl Pts',(203.665485403913,7.23751620199594,-11.8026091388582));
#6858=CARTESIAN_POINT('Ctrl Pts',(203.469241380724,7.23751620199594,-11.4113863645363));
#6859=CARTESIAN_POINT('Ctrl Pts',(203.272997357534,7.23751620199594,-11.0201635902145));
#6860=CARTESIAN_POINT('Ctrl Pts',(203.005810253684,7.21865811585002,-10.6241798084433));
#6861=CARTESIAN_POINT('Ctrl Pts',(202.47280999897,7.15152307077734,-10.0419985654228));
#6862=CARTESIAN_POINT('Ctrl Pts',(202.235090769793,7.1149679870544,-9.82858342595678));
#6863=CARTESIAN_POINT('Ctrl Pts',(201.989647407669,7.07152591412874,-9.6454905953405));
#6864=CARTESIAN_POINT('',(204.,7.,-14.656468294486));
#6865=CARTESIAN_POINT('Ctrl Pts',(204.,7.00000000000001,-14.656468294486));
#6866=CARTESIAN_POINT('Ctrl Pts',(204.,7.00000000000001,-14.1574009528571));
#6867=CARTESIAN_POINT('Ctrl Pts',(204.,7.07152591412722,-13.6532341472538));
#6868=CARTESIAN_POINT('',(207.,10.,-14.656468294486));
#6869=CARTESIAN_POINT('',(204.,7.,-14.656468294486));
#6870=CARTESIAN_POINT('Origin',(197.,10.,-14.656468294486));
#6871=CARTESIAN_POINT('Origin',(205.5,8.5,-24.8951487791356));
#6872=CARTESIAN_POINT('',(204.,7.,-65.643531705514));
#6873=CARTESIAN_POINT('',(207.,10.,-65.643531705514));
#6874=CARTESIAN_POINT('',(204.,7.,-65.643531705514));
#6875=CARTESIAN_POINT('',(207.,10.,-24.8951487791356));
#6876=CARTESIAN_POINT('',(204.,7.,-13.653234147243));
#6877=CARTESIAN_POINT('Origin',(197.,8.5,-65.643531705514));
#6878=CARTESIAN_POINT('',(204.,7.07152591412876,-66.646765852757));
#6879=CARTESIAN_POINT('Ctrl Pts',(204.,7.0715259141272,-66.646765852746));
#6880=CARTESIAN_POINT('Ctrl Pts',(204.,7.00000000000001,-66.1425990471428));
#6881=CARTESIAN_POINT('Ctrl Pts',(204.,7.00000000000001,-65.643531705514));
#6882=CARTESIAN_POINT('',(201.989647407669,7.07152591412879,-70.6545094046594));
#6883=CARTESIAN_POINT('Ctrl Pts',(201.989647407669,7.07152591412879,-70.6545094046595));
#6884=CARTESIAN_POINT('Ctrl Pts',(202.235090769793,7.11496798705445,-70.4714165740432));
#6885=CARTESIAN_POINT('Ctrl Pts',(202.47280999897,7.15152307077735,-70.2580014345772));
#6886=CARTESIAN_POINT('Ctrl Pts',(203.005810253684,7.21865811585001,-69.6758201915566));
#6887=CARTESIAN_POINT('Ctrl Pts',(203.272997357534,7.23751620199594,-69.2798364097855));
#6888=CARTESIAN_POINT('Ctrl Pts',(203.469241380724,7.23751620199593,-68.8886136354636));
#6889=CARTESIAN_POINT('Ctrl Pts',(203.665485403913,7.23751620199593,-68.4973908611418));
#6890=CARTESIAN_POINT('Ctrl Pts',(203.823126647046,7.21865811584997,-68.04645700529));
#6891=CARTESIAN_POINT('Ctrl Pts',(203.971076705638,7.15152307077728,-67.2711280096936));
#6892=CARTESIAN_POINT('Ctrl Pts',(204.,7.11496798705436,-66.9529772644215));
#6893=CARTESIAN_POINT('Ctrl Pts',(204.,7.0715259141287,-66.646765852757));
#6894=CARTESIAN_POINT('',(201.185506370737,7.,-71.2543726781776));
#6895=CARTESIAN_POINT('Ctrl Pts',(201.185506370737,7.,-71.2543726781776));
#6896=CARTESIAN_POINT('Ctrl Pts',(201.585533154813,7.,-70.9559656013469));
#6897=CARTESIAN_POINT('Ctrl Pts',(201.989647407661,7.0715259141272,-70.654509404666));
#6898=CARTESIAN_POINT('',(202.979294815339,10.,-73.6590188093191));
#6899=CARTESIAN_POINT('',(201.185506370737,7.,-71.2543726781776));
#6900=CARTESIAN_POINT('Origin',(197.,10.,-65.643531705514));
#6901=CARTESIAN_POINT('Origin',(176.40718341027,8.5,-91.6095795292806));
#6902=CARTESIAN_POINT('',(190.921700224615,7.,-78.9108409726636));
#6903=CARTESIAN_POINT('',(192.715488669217,10.,-81.3154871038051));
#6904=CARTESIAN_POINT('',(190.921700224615,7.,-78.9108409726636));
#6905=CARTESIAN_POINT('',(177.304077632571,10.,-92.8119025948513));
#6906=CARTESIAN_POINT('',(201.989647407669,7.,-70.6545094046596));
#6907=CARTESIAN_POINT('Origin',(186.736193853878,8.5,-73.3));
#6908=CARTESIAN_POINT('',(190.3896362265,7.03140268762195,-79.3077435519026));
#6909=CARTESIAN_POINT('Ctrl Pts',(190.3896362265,7.03140268762193,-79.3077435519025));
#6910=CARTESIAN_POINT('Ctrl Pts',(190.656263612915,7.00000000000004,-79.1088481225207));
#6911=CARTESIAN_POINT('Ctrl Pts',(190.921700224615,7.00000000000004,-78.9108409726636));
#6912=CARTESIAN_POINT('',(187.399988819155,7.03140268765248,-80.3));
#6913=CARTESIAN_POINT('Ctrl Pts',(187.399988819155,7.03140268765248,-80.3));
#6914=CARTESIAN_POINT('Ctrl Pts',(187.480631670624,7.03901572322055,-80.2999999999948));
#6915=CARTESIAN_POINT('Ctrl Pts',(187.561494337504,7.04608130202524,-80.2980456733038));
#6916=CARTESIAN_POINT('Ctrl Pts',(188.105302983337,7.08978272143181,-80.271660717935));
#6917=CARTESIAN_POINT('Ctrl Pts',(188.566460015983,7.10727875600186,-80.1810480362886));
#6918=CARTESIAN_POINT('Ctrl Pts',(188.97499393636,7.10727875600186,-80.0454566566092));
#6919=CARTESIAN_POINT('Ctrl Pts',(189.383527856737,7.10727875600186,-79.9098652769299));
#6920=CARTESIAN_POINT('Ctrl Pts',(189.807347675295,7.0897827214318,-79.7067563696119));
#6921=CARTESIAN_POINT('Ctrl Pts',(190.25901313683,7.04608130201654,-79.4027459748443));
#6922=CARTESIAN_POINT('Ctrl Pts',(190.324997052817,7.03901572320163,-79.3559622903354));
#6923=CARTESIAN_POINT('Ctrl Pts',(190.3896362265,7.03140268762191,-79.3077435519026));
#6924=CARTESIAN_POINT('Ctrl Pts',(186.736193853878,7.00000000000003,-80.3));
#6925=CARTESIAN_POINT('Ctrl Pts',(187.067348540289,7.00000000000003,-80.3));
#6926=CARTESIAN_POINT('Ctrl Pts',(187.399988819154,7.03140268765247,-80.3));
#6927=CARTESIAN_POINT('Origin',(186.736193853878,10.,-73.3));
#6928=CARTESIAN_POINT('Origin',(186.736193853878,-3.,-7.00000000000001));
#6929=CARTESIAN_POINT('',(192.715488669217,29.,1.0154871038051));
#6930=CARTESIAN_POINT('',(192.715488669217,-3.,1.0154871038051));
#6931=CARTESIAN_POINT('',(186.736193853878,29.,2.99999999999999));
#6932=CARTESIAN_POINT('Origin',(186.736193853878,29.,-7.00000000000001));
#6933=CARTESIAN_POINT('',(186.736193853878,-3.,2.99999999999999));
#6934=CARTESIAN_POINT('Origin',(190.055168678642,-3.,2.99999999999999));
#6935=CARTESIAN_POINT('',(202.979294815339,29.,-6.64098119068087));
#6936=CARTESIAN_POINT('',(202.979294815339,-3.,-6.64098119068087));
#6937=CARTESIAN_POINT('',(207.,29.,-9.64029755827112));
#6938=CARTESIAN_POINT('Origin',(197.,-3.,-14.656468294486));
#6939=CARTESIAN_POINT('',(207.,29.,-14.656468294486));
#6940=CARTESIAN_POINT('',(207.,-3.,-14.656468294486));
#6941=CARTESIAN_POINT('Origin',(197.,29.,-14.656468294486));
#6942=CARTESIAN_POINT('Origin',(207.,-3.,-9.64029755827111));
#6943=CARTESIAN_POINT('',(207.,29.,-32.15));
#6944=CARTESIAN_POINT('',(207.,29.,-32.15));
#6945=CARTESIAN_POINT('',(207.,29.,-70.6597024417289));
#6946=CARTESIAN_POINT('',(207.,29.,-65.643531705514));
#6947=CARTESIAN_POINT('',(207.,-3.,-65.643531705514));
#6948=CARTESIAN_POINT('',(207.,29.,-48.15));
#6949=CARTESIAN_POINT('',(207.,29.,-70.6597024417289));
#6950=CARTESIAN_POINT('',(207.,29.,-48.15));
#6951=CARTESIAN_POINT('Origin',(197.,-3.,-65.643531705514));
#6952=CARTESIAN_POINT('',(202.979294815339,29.,-73.6590188093191));
#6953=CARTESIAN_POINT('',(202.979294815339,-3.,-73.6590188093191));
#6954=CARTESIAN_POINT('Origin',(197.,29.,-65.643531705514));
#6955=CARTESIAN_POINT('Origin',(207.,-3.,-70.6597024417289));
#6956=CARTESIAN_POINT('',(192.715488669217,29.,-81.3154871038051));
#6957=CARTESIAN_POINT('',(192.715488669217,-3.,-81.3154871038051));
#6958=CARTESIAN_POINT('',(190.055168678642,29.,-83.3));
#6959=CARTESIAN_POINT('Origin',(186.736193853878,-3.,-73.3));
#6960=CARTESIAN_POINT('',(186.736193853878,29.,-83.3));
#6961=CARTESIAN_POINT('',(186.736193853878,-3.,-83.3));
#6962=CARTESIAN_POINT('Origin',(186.736193853878,29.,-73.3));
#6963=CARTESIAN_POINT('Origin',(190.055168678642,-3.,-83.3));
#6964=CARTESIAN_POINT('',(8.34339968317465,29.,-83.3));
#6965=CARTESIAN_POINT('',(8.34339968317465,-3.,-83.3));
#6966=CARTESIAN_POINT('',(26.0299772831247,29.,-83.3));
#6967=CARTESIAN_POINT('',(3.8320849518308,29.,-83.3));
#6968=CARTESIAN_POINT('',(26.0299772831247,14.389563036491,-83.3));
#6969=CARTESIAN_POINT('',(26.0299772831247,13.,-83.3));
#6970=CARTESIAN_POINT('',(73.1670146101018,14.389563036491,-83.3));
#6971=CARTESIAN_POINT('Ctrl Pts',(73.1671984918392,14.3901901368761,-83.3));
#6972=CARTESIAN_POINT('Ctrl Pts',(73.0064799827573,14.3008806059331,-83.3));
#6973=CARTESIAN_POINT('Ctrl Pts',(72.2592611869935,13.9308234287645,-83.3));
#6974=CARTESIAN_POINT('Ctrl Pts',(70.858912623706,13.4924879451603,-83.3));
#6975=CARTESIAN_POINT('Ctrl Pts',(68.2978229211705,12.9776701269181,-83.3));
#6976=CARTESIAN_POINT('Ctrl Pts',(65.0958005890086,12.6006410765767,-83.3));
#6977=CARTESIAN_POINT('Ctrl Pts',(59.9501562184566,12.2265220546841,-83.3));
#6978=CARTESIAN_POINT('Ctrl Pts',(54.3442397656099,12.0512185093497,-83.3));
#6979=CARTESIAN_POINT('Ctrl Pts',(49.1849075757544,12.0211869160912,-83.3));
#6980=CARTESIAN_POINT('Ctrl Pts',(43.9938261934044,12.0780171558335,-83.3));
#6981=CARTESIAN_POINT('Ctrl Pts',(39.2013998427302,12.2290605941343,-83.3));
#6982=CARTESIAN_POINT('Ctrl Pts',(34.0669541701725,12.6027994886298,-83.3));
#6983=CARTESIAN_POINT('Ctrl Pts',(30.8760280555939,12.9822016957183,-83.3));
#6984=CARTESIAN_POINT('Ctrl Pts',(28.3581524927922,13.4877904069835,-83.3));
#6985=CARTESIAN_POINT('Ctrl Pts',(26.9354992823421,13.9320044133845,-83.3));
#6986=CARTESIAN_POINT('Ctrl Pts',(26.1905162385291,14.3003543867284,-83.3));
#6987=CARTESIAN_POINT('Ctrl Pts',(26.0307300379454,14.3890175101929,-83.3));
#6988=CARTESIAN_POINT('',(73.1670146101018,29.,-83.3));
#6989=CARTESIAN_POINT('',(73.1670146101018,13.,-83.3));
#6990=CARTESIAN_POINT('',(110.431481336511,29.,-83.3));
#6991=CARTESIAN_POINT('',(3.8320849518308,29.,-83.3));
#6992=CARTESIAN_POINT('',(110.431481336511,14.3895630364909,-83.3));
#6993=CARTESIAN_POINT('',(110.431481336511,13.,-83.3));
#6994=CARTESIAN_POINT('',(157.568518663489,14.389563036491,-83.3));
#6995=CARTESIAN_POINT('Ctrl Pts',(157.568605689956,14.3902384624114,-83.3));
#6996=CARTESIAN_POINT('Ctrl Pts',(157.407879866454,14.300931273396,-83.3));
#6997=CARTESIAN_POINT('Ctrl Pts',(156.660626205095,13.9308843951405,-83.3));
#6998=CARTESIAN_POINT('Ctrl Pts',(155.260294816916,13.492515275918,-83.3));
#6999=CARTESIAN_POINT('Ctrl Pts',(152.699756634232,12.977334824517,-83.3));
#7000=CARTESIAN_POINT('Ctrl Pts',(149.49727280219,12.6005914987126,-83.3));
#7001=CARTESIAN_POINT('Ctrl Pts',(144.351814851748,12.2262729765427,-83.3));
#7002=CARTESIAN_POINT('Ctrl Pts',(138.745606981983,12.051233349793,-83.3000000000001));
#7003=CARTESIAN_POINT('Ctrl Pts',(133.586373155352,12.0211450462352,-83.3));
#7004=CARTESIAN_POINT('Ctrl Pts',(128.395372737032,12.0780409092332,-83.3));
#7005=CARTESIAN_POINT('Ctrl Pts',(123.6030480507,12.2289203941006,-83.3));
#7006=CARTESIAN_POINT('Ctrl Pts',(118.469154992614,12.6031164634762,-83.3));
#7007=CARTESIAN_POINT('Ctrl Pts',(115.276783397976,12.9818048959819,-83.3));
#7008=CARTESIAN_POINT('Ctrl Pts',(112.759497916158,13.4877387177714,-83.3));
#7009=CARTESIAN_POINT('Ctrl Pts',(111.33680922077,13.9319153610043,-83.3000000000001));
#7010=CARTESIAN_POINT('Ctrl Pts',(110.591884973237,14.3002816656735,-83.3000000000001));
#7011=CARTESIAN_POINT('Ctrl Pts',(110.432111436714,14.388948716549,-83.3000000000001));
#7012=CARTESIAN_POINT('',(157.568518663489,29.,-83.3));
#7013=CARTESIAN_POINT('',(157.568518663489,13.,-83.3));
#7014=CARTESIAN_POINT('',(3.8320849518308,29.,-83.3));
#7015=CARTESIAN_POINT('Origin',(199.,43.,-66.646765852757));
#7016=CARTESIAN_POINT('',(201.989647407669,43.,-70.6545094046596));
#7017=CARTESIAN_POINT('',(201.391717926135,44.,-69.8529606942791));
#7018=CARTESIAN_POINT('Origin',(201.391717926135,43.,-69.8529606942791));
#7019=CARTESIAN_POINT('',(203.,44.,-66.646765852757));
#7020=CARTESIAN_POINT('Origin',(199.,44.,-66.646765852757));
#7021=CARTESIAN_POINT('',(204.,43.,-66.646765852757));
#7022=CARTESIAN_POINT('Origin',(203.,43.,-66.646765852757));
#7023=CARTESIAN_POINT('Origin',(199.,43.,-66.646765852757));
#7024=CARTESIAN_POINT('Origin',(203.,43.,-20.075));
#7025=CARTESIAN_POINT('',(203.,44.,-13.653234147243));
#7026=CARTESIAN_POINT('',(204.,43.,-13.653234147243));
#7027=CARTESIAN_POINT('Origin',(203.,43.,-13.653234147243));
#7028=CARTESIAN_POINT('',(204.,43.,-20.075));
#7029=CARTESIAN_POINT('',(203.,44.,-20.075));
#7030=CARTESIAN_POINT('Origin',(199.,43.,-13.653234147243));
#7031=CARTESIAN_POINT('',(201.391717926135,44.,-10.447039305721));
#7032=CARTESIAN_POINT('',(201.989647407669,43.,-9.64549059534048));
#7033=CARTESIAN_POINT('Origin',(201.391717926135,43.,-10.447039305721));
#7034=CARTESIAN_POINT('Origin',(199.,43.,-13.653234147243));
#7035=CARTESIAN_POINT('Origin',(199.,44.,-13.653234147243));
#7036=CARTESIAN_POINT('Origin',(170.115883334598,43.,12.8837244016756));
#7037=CARTESIAN_POINT('',(189.791706744966,44.,-1.79380515847797));
#7038=CARTESIAN_POINT('',(190.3896362265,43.,-0.992256448097467));
#7039=CARTESIAN_POINT('Origin',(189.791706744966,43.,-1.79380515847797));
#7040=CARTESIAN_POINT('',(170.713812816132,43.,13.6852731120561));
#7041=CARTESIAN_POINT('',(170.115883334598,44.,12.8837244016756));
#7042=CARTESIAN_POINT('Origin',(187.399988818831,43.,-5.00000000000002));
#7043=CARTESIAN_POINT('',(187.399988818831,44.,-1.00000000000003));
#7044=CARTESIAN_POINT('',(187.399988818831,43.,-2.44249065417534E-14));
#7045=CARTESIAN_POINT('Origin',(187.399988818831,43.,-1.00000000000003));
#7046=CARTESIAN_POINT('Origin',(187.399988818831,43.,-5.00000000000002));
#7047=CARTESIAN_POINT('Origin',(187.399988818831,44.,-5.00000000000002));
#7048=CARTESIAN_POINT('Origin',(51.,43.,-1.00000000000001));
#7049=CARTESIAN_POINT('',(51.327207793864,43.9949874371066,-0.899999999999991));
#7050=CARTESIAN_POINT('Origin',(51.0857864376268,43.,-1.00000000000001));
#7051=CARTESIAN_POINT('',(7.44113673690593,43.,-1.11022302462516E-15));
#7052=CARTESIAN_POINT('Origin',(7.44113673690593,43.,-1.));
#7053=CARTESIAN_POINT('',(51.,43.,-6.66133814775094E-15));
#7054=CARTESIAN_POINT('',(122.393589960384,44.,-1.00000000000002));
#7055=CARTESIAN_POINT('',(51.,44.,-1.00000000000001));
#7056=CARTESIAN_POINT('',(122.06073878697,43.9949874371066,-0.900000000000013));
#7057=CARTESIAN_POINT('Ctrl Pts',(122.393589960384,44.,-1.00000000000002));
#7058=CARTESIAN_POINT('Ctrl Pts',(122.390503811835,44.,-0.999103754887511));
#7059=CARTESIAN_POINT('Ctrl Pts',(122.387417893067,43.9999987951192,-0.998206715875828));
#7060=CARTESIAN_POINT('Ctrl Pts',(122.272927832882,43.9999091462237,-0.96489392878888));
#7061=CARTESIAN_POINT('Ctrl Pts',(122.165090597232,43.9982434666552,-0.932397084956955));
#7062=CARTESIAN_POINT('Ctrl Pts',(122.06073878697,43.9949874371066,-0.899999999999657));
#7063=CARTESIAN_POINT('',(51.,43.9949874371066,-0.899999999999991));
#7064=CARTESIAN_POINT('Origin',(7.44113673690593,43.,-5.));
#7065=CARTESIAN_POINT('',(3.69270197219015,43.,-1.69103689735437));
#7066=CARTESIAN_POINT('Origin',(4.44238892513331,43.,-2.3528295178835));
#7067=CARTESIAN_POINT('Origin',(7.44113673690593,43.,-5.));
#7068=CARTESIAN_POINT('Origin',(4.38262072084715,43.,-2.42053568680141));
#7069=CARTESIAN_POINT('',(-19.1499388181025,43.,-27.5674659176079));
#7070=CARTESIAN_POINT('Origin',(-18.4002518651594,43.,-28.2292585381371));
#7071=CARTESIAN_POINT('',(3.632933767904,43.,-1.75874306627228));
#7072=CARTESIAN_POINT('Origin',(-15.4015040533868,43.,-30.8764290202536));
#7073=CARTESIAN_POINT('',(-20.4015040533868,43.,-30.8764290202536));
#7074=CARTESIAN_POINT('Origin',(-19.4015040533868,43.,-30.8764290202536));
#7075=CARTESIAN_POINT('Origin',(-15.4015040533868,43.,-30.8764290202536));
#7076=CARTESIAN_POINT('Origin',(-19.4015040533868,43.,-45.7323726696483));
#7077=CARTESIAN_POINT('',(-20.4015040533868,43.,-49.4235709797464));
#7078=CARTESIAN_POINT('Origin',(-19.4015040533868,43.,-49.4235709797464));
#7079=CARTESIAN_POINT('',(-20.4015040533868,43.,-45.7323726696483));
#7080=CARTESIAN_POINT('Origin',(-15.4015040533868,43.,-49.4235709797464));
#7081=CARTESIAN_POINT('',(-19.1499388181025,43.,-52.7325340823921));
#7082=CARTESIAN_POINT('Origin',(-18.4002518651594,43.,-52.0707414618629));
#7083=CARTESIAN_POINT('Origin',(-15.4015040533868,43.,-49.4235709797464));
#7084=CARTESIAN_POINT('Origin',(17.1761124331575,43.,-92.3720916435503));
#7085=CARTESIAN_POINT('',(3.69270197219012,43.,-78.6089631026456));
#7086=CARTESIAN_POINT('Origin',(4.44238892513327,43.,-77.9471704821165));
#7087=CARTESIAN_POINT('',(16.4264254802143,43.,-93.0338842640794));
#7088=CARTESIAN_POINT('Origin',(7.4411367369059,43.,-75.3));
#7089=CARTESIAN_POINT('',(7.4411367369059,43.,-80.3));
#7090=CARTESIAN_POINT('Origin',(7.4411367369059,43.,-79.3));
#7091=CARTESIAN_POINT('Origin',(7.4411367369059,43.,-75.3));
#7092=CARTESIAN_POINT('Origin',(153.,43.,-79.3));
#7093=CARTESIAN_POINT('',(164.568083465794,43.9682458365519,-79.55));
#7094=CARTESIAN_POINT('',(166.226395860972,44.,-79.3));
#7095=CARTESIAN_POINT('Ctrl Pts',(164.568083465794,43.9682458365519,-79.55));
#7096=CARTESIAN_POINT('Ctrl Pts',(165.200017187342,43.9682458365519,-79.55));
#7097=CARTESIAN_POINT('Ctrl Pts',(165.753793900321,43.9997347266393,-79.4419613007735));
#7098=CARTESIAN_POINT('Ctrl Pts',(166.222229083327,43.9999994082063,-79.3012551471371));
#7099=CARTESIAN_POINT('Ctrl Pts',(166.22431263798,44.,-79.3006281153653));
#7100=CARTESIAN_POINT('Ctrl Pts',(166.226395860972,44.,-79.3000000000001));
#7101=CARTESIAN_POINT('',(187.399988818831,44.,-79.3000000000001));
#7102=CARTESIAN_POINT('',(153.,44.,-79.3));
#7103=CARTESIAN_POINT('',(187.399988818831,43.,-80.3));
#7104=CARTESIAN_POINT('Origin',(187.399988818831,43.,-79.3000000000001));
#7105=CARTESIAN_POINT('',(153.,43.,-80.3));
#7106=CARTESIAN_POINT('',(51.327207793864,43.9949874371066,-79.4));
#7107=CARTESIAN_POINT('Origin',(51.0857864376268,43.,-79.3));
#7108=CARTESIAN_POINT('',(122.06073878697,43.9949874371066,-79.4));
#7109=CARTESIAN_POINT('',(153.,43.9949874371066,-79.4));
#7110=CARTESIAN_POINT('',(122.393589960384,44.,-79.3));
#7111=CARTESIAN_POINT('Ctrl Pts',(122.06073878697,43.9949874371066,-79.4000000000004));
#7112=CARTESIAN_POINT('Ctrl Pts',(122.16509059729,43.998243466657,-79.3676029150253));
#7113=CARTESIAN_POINT('Ctrl Pts',(122.272927832943,43.9999091462238,-79.3351060711934));
#7114=CARTESIAN_POINT('Ctrl Pts',(122.387417893062,43.9999987951192,-79.3017932841258));
#7115=CARTESIAN_POINT('Ctrl Pts',(122.390503811841,44.,-79.300896245111));
#7116=CARTESIAN_POINT('Ctrl Pts',(122.393589960384,44.,-79.3));
#7117=CARTESIAN_POINT('',(145.723592011749,44.,-79.3));
#7118=CARTESIAN_POINT('',(153.,44.,-79.3));
#7119=CARTESIAN_POINT('',(147.381904406926,43.9682458365519,-79.55));
#7120=CARTESIAN_POINT('Ctrl Pts',(145.723592011749,44.,-79.3));
#7121=CARTESIAN_POINT('Ctrl Pts',(145.725675234746,44.,-79.300628115367));
#7122=CARTESIAN_POINT('Ctrl Pts',(145.727758789388,43.9999994082063,-79.3012551471354));
#7123=CARTESIAN_POINT('Ctrl Pts',(146.196193971198,43.9997347266399,-79.4419613004124));
#7124=CARTESIAN_POINT('Ctrl Pts',(146.749970684396,43.9682458365519,-79.55));
#7125=CARTESIAN_POINT('Ctrl Pts',(147.381904406926,43.9682458365519,-79.55));
#7126=CARTESIAN_POINT('',(153.,43.9682458365519,-79.55));
#7127=CARTESIAN_POINT('Origin',(187.399988818831,43.,-75.3));
#7128=CARTESIAN_POINT('',(189.791706744966,44.,-78.5061948415221));
#7129=CARTESIAN_POINT('',(190.3896362265,43.,-79.3077435519026));
#7130=CARTESIAN_POINT('Origin',(189.791706744966,43.,-78.5061948415221));
#7131=CARTESIAN_POINT('Origin',(187.399988818831,43.,-75.3));
#7132=CARTESIAN_POINT('Origin',(187.399988818831,44.,-75.3));
#7133=CARTESIAN_POINT('Origin',(177.586145218992,43.,-87.6111500121079));
#7134=CARTESIAN_POINT('',(177.586145218992,44.,-87.6111500121079));
#7135=CARTESIAN_POINT('',(178.184074700526,43.,-88.4126987224884));
#7136=CARTESIAN_POINT('Origin',(-20.4015040533868,19.,-51.3147453392966));
#7137=CARTESIAN_POINT('',(-20.4015040533868,29.,-49.4235709797464));
#7138=CARTESIAN_POINT('',(-20.4015040533868,19.,-49.4235709797464));
#7139=CARTESIAN_POINT('',(-20.4015040533868,29.,-30.8764290202536));
#7140=CARTESIAN_POINT('',(-20.4015040533868,29.,-51.3147453392966));
#7141=CARTESIAN_POINT('',(-20.4015040533868,19.,-30.8764290202536));
#7142=CARTESIAN_POINT('Origin',(-15.4015040533868,19.,-49.4235709797464));
#7143=CARTESIAN_POINT('',(-19.1499388181026,29.,-52.7325340823921));
#7144=CARTESIAN_POINT('',(-19.1499388181025,19.,-52.7325340823921));
#7145=CARTESIAN_POINT('Origin',(-15.4015040533868,29.,-49.4235709797464));
#7146=CARTESIAN_POINT('Origin',(5.18547937123397,19.,-80.3));
#7147=CARTESIAN_POINT('',(3.69270197219012,29.,-78.6089631026456));
#7148=CARTESIAN_POINT('',(3.69270197219012,9.5,-78.6089631026456));
#7149=CARTESIAN_POINT('',(7.83375523330291,29.,-83.3));
#7150=CARTESIAN_POINT('Origin',(7.4411367369059,9.5,-75.3));
#7151=CARTESIAN_POINT('',(7.44113673690588,29.,-80.3));
#7152=CARTESIAN_POINT('',(7.4411367369059,9.5,-80.3));
#7153=CARTESIAN_POINT('Origin',(7.4411367369059,29.,-75.3));
#7154=CARTESIAN_POINT('Origin',(204.,0.,-80.3));
#7155=CARTESIAN_POINT('',(187.399988818831,29.,-80.3));
#7156=CARTESIAN_POINT('',(187.399988818831,22.,-80.3));
#7157=CARTESIAN_POINT('',(189.059476231213,29.,-80.3));
#7158=CARTESIAN_POINT('Origin',(187.399988818831,22.,-75.3));
#7159=CARTESIAN_POINT('',(190.3896362265,29.,-79.3077435519026));
#7160=CARTESIAN_POINT('',(190.3896362265,22.,-79.3077435519026));
#7161=CARTESIAN_POINT('Origin',(187.399988818831,29.,-75.3));
#7162=CARTESIAN_POINT('Origin',(204.,44.,-69.1548512208644));
#7163=CARTESIAN_POINT('',(201.989647407669,29.,-70.6545094046596));
#7164=CARTESIAN_POINT('',(201.989647407669,22.,-70.6545094046596));
#7165=CARTESIAN_POINT('',(179.498827082898,29.,-87.431935856606));
#7166=CARTESIAN_POINT('Origin',(199.,22.,-66.646765852757));
#7167=CARTESIAN_POINT('',(204.,29.,-66.646765852757));
#7168=CARTESIAN_POINT('',(204.,22.,-66.646765852757));
#7169=CARTESIAN_POINT('Origin',(199.,29.,-66.646765852757));
#7170=CARTESIAN_POINT('Origin',(54.4303932188133,43.,2.34460678118656));
#7171=CARTESIAN_POINT('',(52.5999999999999,43.,-0.899999999999991));
#7172=CARTESIAN_POINT('Origin',(51.1857864376268,43.,-0.899999999999991));
#7173=CARTESIAN_POINT('',(48.8097544299401,43.,-4.69024557005982));
#7174=CARTESIAN_POINT('',(55.1374999999999,43.,1.63750000000001));
#7175=CARTESIAN_POINT('Origin',(48.1026476487535,43.,-3.98313878887327));
#7176=CARTESIAN_POINT('Origin',(120.6,0.,-0.900000000000016));
#7177=CARTESIAN_POINT('',(120.6,43.,-0.900000000000016));
#7178=CARTESIAN_POINT('Ctrl Pts',(122.06073878697,43.9949874371066,-0.900000000000017));
#7179=CARTESIAN_POINT('Ctrl Pts',(121.855241063626,43.9832907718663,-0.900000000000017));
#7180=CARTESIAN_POINT('Ctrl Pts',(121.636121825755,43.946710727846,-0.900000000000017));
#7181=CARTESIAN_POINT('Ctrl Pts',(121.283282636886,43.8359613082492,-0.900000000000016));
#7182=CARTESIAN_POINT('Ctrl Pts',(121.091269511885,43.7452491014023,-0.900000000000016));
#7183=CARTESIAN_POINT('Ctrl Pts',(120.847458792892,43.5560042367739,-0.900000000000016));
#7184=CARTESIAN_POINT('Ctrl Pts',(120.741349606613,43.4389324418854,-0.900000000000016));
#7185=CARTESIAN_POINT('Ctrl Pts',(120.632236417416,43.2282107629381,-0.900000000000016));
#7186=CARTESIAN_POINT('Ctrl Pts',(120.6,43.1056266261887,-0.900000000000016));
#7187=CARTESIAN_POINT('Ctrl Pts',(120.6,43.,-0.900000000000016));
#7188=CARTESIAN_POINT('',(120.6,0.,-0.900000000000016));
#7189=CARTESIAN_POINT('',(120.6,0.,-0.900000000000016));
#7190=CARTESIAN_POINT('',(52.5999999999999,0.,-0.899999999999991));
#7191=CARTESIAN_POINT('',(120.6,0.,-0.900000000000016));
#7192=CARTESIAN_POINT('',(52.5999999999999,0.,-0.899999999999991));
#7193=CARTESIAN_POINT('Origin',(127.214378277661,43.,6.59999999999999));
#7194=CARTESIAN_POINT('',(127.214378277661,44.,-2.40000000000001));
#7195=CARTESIAN_POINT('Origin',(127.214378277661,44.,6.59999999999999));
#7196=CARTESIAN_POINT('',(127.214378277661,43.,-3.40000000000002));
#7197=CARTESIAN_POINT('Origin',(127.214378277661,43.,-2.40000000000001));
#7198=CARTESIAN_POINT('Origin',(127.214378277661,43.,6.59999999999999));
#7199=CARTESIAN_POINT('Origin',(102.,44.,-40.15));
#7200=CARTESIAN_POINT('',(127.214378277661,44.,-77.9));
#7201=CARTESIAN_POINT('Origin',(127.214378277661,44.,-86.9));
#7202=CARTESIAN_POINT('',(143.977495500817,44.,-77.9));
#7203=CARTESIAN_POINT('',(111.3,44.,-77.9));
#7204=CARTESIAN_POINT('',(144.828597727344,44.,-78.375));
#7205=CARTESIAN_POINT('Origin',(143.977495500817,44.,-78.9));
#7206=CARTESIAN_POINT('Origin',(147.381904406926,44.,-76.8));
#7207=CARTESIAN_POINT('Origin',(102.,44.,-40.15));
#7208=CARTESIAN_POINT('',(167.121390145377,44.,-78.375));
#7209=CARTESIAN_POINT('Origin',(164.568083465794,44.,-76.8));
#7210=CARTESIAN_POINT('',(167.972492371904,44.,-77.9));
#7211=CARTESIAN_POINT('Origin',(167.972492371904,44.,-78.9));
#7212=CARTESIAN_POINT('',(188.931897482476,44.,-77.9));
#7213=CARTESIAN_POINT('',(111.3,44.,-77.9));
#7214=CARTESIAN_POINT('',(202.,44.,-68.1516170736215));
#7215=CARTESIAN_POINT('',(170.185109959759,44.,-91.8844987568659));
#7216=CARTESIAN_POINT('',(202.,44.,-12.1483829263786));
#7217=CARTESIAN_POINT('',(202.,44.,-53.9));
#7218=CARTESIAN_POINT('',(188.931897482476,44.,-2.40000000000001));
#7219=CARTESIAN_POINT('',(176.385109959759,44.,6.95949875686587));
#7220=CARTESIAN_POINT('',(145.3,44.,-2.40000000000002));
#7221=CARTESIAN_POINT('Origin',(53.592739685617,-1.75,-79.05));
#7222=CARTESIAN_POINT('',(187.399988818831,-0.5,-80.3));
#7223=CARTESIAN_POINT('',(187.399988818831,-3.,-77.8));
#7224=CARTESIAN_POINT('',(187.399988818831,-0.5,-80.3));
#7225=CARTESIAN_POINT('',(7.44113673690589,-3.,-77.8));
#7226=CARTESIAN_POINT('',(53.592739685617,-3.,-77.8));
#7227=CARTESIAN_POINT('',(7.44113673690589,-0.5,-80.3));
#7228=CARTESIAN_POINT('',(7.44113673690589,-3.,-77.8));
#7229=CARTESIAN_POINT('',(53.592739685617,-0.5,-80.3));
#7230=CARTESIAN_POINT('Origin',(187.399988818831,-1.75,-75.3));
#7231=CARTESIAN_POINT('',(190.3896362265,-0.5,-79.3077435519026));
#7232=CARTESIAN_POINT('',(188.894812522666,-3.,-77.3038717759513));
#7233=CARTESIAN_POINT('',(190.3896362265,-0.5,-79.3077435519026));
#7234=CARTESIAN_POINT('Origin',(187.399988818831,-3.,-75.3));
#7235=CARTESIAN_POINT('Origin',(187.399988818831,-0.5,-75.3));
#7236=CARTESIAN_POINT('Origin',(170.631480961858,-1.75,-92.4872090000318));
#7237=CARTESIAN_POINT('',(201.989647407669,-0.5,-70.6545094046596));
#7238=CARTESIAN_POINT('',(200.494823703835,-3.,-68.6506376287083));
#7239=CARTESIAN_POINT('',(201.989647407669,-0.5,-70.6545094046596));
#7240=CARTESIAN_POINT('',(169.884069109941,-3.,-91.4852731120562));
#7241=CARTESIAN_POINT('',(171.378892813776,-0.5,-93.4891448880075));
#7242=CARTESIAN_POINT('Origin',(199.,-1.75,-66.646765852757));
#7243=CARTESIAN_POINT('',(204.,-0.5,-66.646765852757));
#7244=CARTESIAN_POINT('',(201.5,-3.,-66.646765852757));
#7245=CARTESIAN_POINT('',(204.,-0.5,-66.646765852757));
#7246=CARTESIAN_POINT('Origin',(199.,-3.,-66.646765852757));
#7247=CARTESIAN_POINT('Origin',(199.,-0.5,-66.646765852757));
#7248=CARTESIAN_POINT('Origin',(202.75,-1.75,-53.3983829263785));
#7249=CARTESIAN_POINT('',(204.,-0.5,-13.653234147243));
#7250=CARTESIAN_POINT('',(201.5,-3.,-13.653234147243));
#7251=CARTESIAN_POINT('',(204.,-0.5,-13.653234147243));
#7252=CARTESIAN_POINT('',(201.5,-3.,-53.3983829263785));
#7253=CARTESIAN_POINT('',(204.,-0.5,-53.3983829263785));
#7254=CARTESIAN_POINT('Origin',(199.,-1.75,-13.653234147243));
#7255=CARTESIAN_POINT('',(201.989647407669,-0.5,-9.64549059534048));
#7256=CARTESIAN_POINT('',(200.494823703835,-3.,-11.6493623712918));
#7257=CARTESIAN_POINT('',(201.989647407669,-0.5,-9.64549059534048));
#7258=CARTESIAN_POINT('Origin',(199.,-3.,-13.653234147243));
#7259=CARTESIAN_POINT('Origin',(199.,-0.5,-13.653234147243));
#7260=CARTESIAN_POINT('Origin',(176.431486552443,-1.75,7.86059192641026));
#7261=CARTESIAN_POINT('',(190.3896362265,-0.5,-0.992256448097459));
#7262=CARTESIAN_POINT('',(188.894812522666,-3.,-2.99612822404875));
#7263=CARTESIAN_POINT('',(190.3896362265,-0.5,-0.992256448097459));
#7264=CARTESIAN_POINT('',(175.684074700526,-3.,6.85865603843461));
#7265=CARTESIAN_POINT('',(177.17889840436,-0.5,8.8625278143859));
#7266=CARTESIAN_POINT('Origin',(187.399988818831,-1.75,-5.00000000000002));
#7267=CARTESIAN_POINT('',(187.399988818831,-0.5,-1.32425170053025E-14));
#7268=CARTESIAN_POINT('',(187.399988818831,-3.,-2.50000000000004));
#7269=CARTESIAN_POINT('',(187.399988818831,-0.5,-1.32425170053025E-14));
#7270=CARTESIAN_POINT('Origin',(187.399988818831,-3.,-5.00000000000002));
#7271=CARTESIAN_POINT('Origin',(187.399988818831,-0.5,-5.00000000000002));
#7272=CARTESIAN_POINT('Origin',(144.699994409415,-1.75,-1.25000000000001));
#7273=CARTESIAN_POINT('',(7.44113673690589,-0.5,0.));
#7274=CARTESIAN_POINT('',(7.44113673690588,-3.,-2.5));
#7275=CARTESIAN_POINT('',(7.44113673690589,-0.5,0.));
#7276=CARTESIAN_POINT('',(144.699994409415,-3.,-2.50000000000001));
#7277=CARTESIAN_POINT('',(144.699994409415,-0.5,-1.02695629777827E-14));
#7278=CARTESIAN_POINT('Origin',(7.44113673690589,-1.75,-5.00000000000001));
#7279=CARTESIAN_POINT('',(3.69270197219013,-0.5,-1.69103689735439));
#7280=CARTESIAN_POINT('Origin',(7.44113673690589,-0.5,-5.00000000000001));
#7281=CARTESIAN_POINT('',(5.56691935454801,-3.,-3.34551844867719));
#7282=CARTESIAN_POINT('',(3.69270197219013,-0.5,-1.69103689735439));
#7283=CARTESIAN_POINT('Origin',(7.44113673690589,-3.,-5.00000000000001));
#7284=CARTESIAN_POINT('Origin',(17.3635341713933,-1.75,11.906643488418));
#7285=CARTESIAN_POINT('',(-19.1499388181025,-0.5,-27.5674659176079));
#7286=CARTESIAN_POINT('',(-17.2757214357447,-3.,-29.2219474689308));
#7287=CARTESIAN_POINT('',(-19.1499388181025,-0.5,-27.5674659176079));
#7288=CARTESIAN_POINT('',(18.3006428625723,-3.,11.0794027127566));
#7289=CARTESIAN_POINT('',(16.4264254802144,-0.5,12.7338842640794));
#7290=CARTESIAN_POINT('Origin',(-15.4015040533868,-1.75,-30.8764290202536));
#7291=CARTESIAN_POINT('',(-20.4015040533868,-0.5,-30.8764290202536));
#7292=CARTESIAN_POINT('Origin',(-15.4015040533868,-0.5,-30.8764290202536));
#7293=CARTESIAN_POINT('',(-17.9015040533868,-3.,-30.8764290202536));
#7294=CARTESIAN_POINT('',(-20.4015040533868,-0.5,-30.8764290202536));
#7295=CARTESIAN_POINT('Origin',(-15.4015040533868,-3.,-30.8764290202536));
#7296=CARTESIAN_POINT('Origin',(-19.1515040533868,-1.75,-34.5676273303517));
#7297=CARTESIAN_POINT('',(-20.4015040533868,-0.5,-49.4235709797464));
#7298=CARTESIAN_POINT('',(-17.9015040533868,-3.,-49.4235709797464));
#7299=CARTESIAN_POINT('',(-20.4015040533868,-0.5,-49.4235709797464));
#7300=CARTESIAN_POINT('',(-17.9015040533868,-3.,-34.5676273303517));
#7301=CARTESIAN_POINT('',(-20.4015040533868,-0.5,-34.5676273303517));
#7302=CARTESIAN_POINT('Origin',(-15.4015040533868,-1.75,-49.4235709797464));
#7303=CARTESIAN_POINT('',(-19.1499388181025,-0.5,-52.7325340823921));
#7304=CARTESIAN_POINT('Origin',(-15.4015040533868,-0.5,-49.4235709797464));
#7305=CARTESIAN_POINT('',(-17.2757214357447,-3.,-51.0780525310692));
#7306=CARTESIAN_POINT('',(-19.1499388181025,-0.5,-52.7325340823921));
#7307=CARTESIAN_POINT('Origin',(-15.4015040533868,-3.,-49.4235709797464));
#7308=CARTESIAN_POINT('Origin',(4.57004245908289,-1.75,-77.7140161580663));
#7309=CARTESIAN_POINT('',(3.69270197219012,-0.5,-78.6089631026456));
#7310=CARTESIAN_POINT('',(5.56691935454801,-3.,-76.9544815513228));
#7311=CARTESIAN_POINT('',(3.69270197219012,-0.5,-78.6089631026456));
#7312=CARTESIAN_POINT('',(5.50715115026184,-3.,-76.8867753824049));
#7313=CARTESIAN_POINT('',(3.63293376790395,-0.5,-78.5412569337277));
#7314=CARTESIAN_POINT('Origin',(7.44113673690589,-1.75,-75.3));
#7315=CARTESIAN_POINT('Origin',(7.44113673690589,-0.5,-75.3));
#7316=CARTESIAN_POINT('Origin',(7.44113673690589,-3.,-75.3));
#7317=CARTESIAN_POINT('Origin',(187.399988818831,-3.,-5.00000000000002));
#7318=CARTESIAN_POINT('',(190.3896362265,-3.,-0.992256448097459));
#7319=CARTESIAN_POINT('',(187.399988818831,-3.,-1.32425170053025E-14));
#7320=CARTESIAN_POINT('Origin',(201.989647407669,-3.,-9.64549059534048));
#7321=CARTESIAN_POINT('',(201.989647407669,-3.,-9.64549059534048));
#7322=CARTESIAN_POINT('Origin',(199.,-3.,-13.653234147243));
#7323=CARTESIAN_POINT('',(204.,-3.,-13.653234147243));
#7324=CARTESIAN_POINT('Origin',(204.,-3.,-66.646765852757));
#7325=CARTESIAN_POINT('',(204.,-3.,-66.646765852757));
#7326=CARTESIAN_POINT('Origin',(199.,-3.,-66.646765852757));
#7327=CARTESIAN_POINT('',(201.989647407669,-3.,-70.6545094046596));
#7328=CARTESIAN_POINT('Origin',(190.3896362265,-3.,-79.3077435519026));
#7329=CARTESIAN_POINT('',(190.3896362265,-3.,-79.3077435519026));
#7330=CARTESIAN_POINT('Origin',(187.399988818831,-3.,-75.3));
#7331=CARTESIAN_POINT('',(187.399988818831,-3.,-80.3));
#7332=CARTESIAN_POINT('Origin',(5.18547937123397,-3.,-80.3));
#7333=CARTESIAN_POINT('',(7.44113673690589,-3.,-80.3));
#7334=CARTESIAN_POINT('Origin',(102.,-3.,-40.15));
#7335=CARTESIAN_POINT('Origin',(7.44113673690593,9.5,-5.));
#7336=CARTESIAN_POINT('',(3.69270197219015,29.,-1.69103689735437));
#7337=CARTESIAN_POINT('',(3.69270197219015,9.5,-1.69103689735437));
#7338=CARTESIAN_POINT('',(7.44113673690593,29.,-4.54984857024976E-15));
#7339=CARTESIAN_POINT('Origin',(7.44113673690593,29.,-5.));
#7340=CARTESIAN_POINT('',(7.44113673690593,9.5,-1.11022302462516E-15));
#7341=CARTESIAN_POINT('Origin',(-20.4015040533868,19.,-28.9852546607034));
#7342=CARTESIAN_POINT('',(-19.1499388181025,29.,-27.5674659176079));
#7343=CARTESIAN_POINT('',(-19.1499388181025,19.,-27.5674659176079));
#7344=CARTESIAN_POINT('',(-20.4015040533868,29.,-28.9852546607034));
#7345=CARTESIAN_POINT('Origin',(-15.4015040533868,19.,-30.8764290202536));
#7346=CARTESIAN_POINT('Origin',(-15.4015040533868,29.,-30.8764290202536));
#7347=CARTESIAN_POINT('Origin',(7.44113673690589,-3.,-75.3));
#7348=CARTESIAN_POINT('',(3.69270197219012,-3.,-78.6089631026456));
#7349=CARTESIAN_POINT('Origin',(-20.4015040533868,-3.,-51.3147453392966));
#7350=CARTESIAN_POINT('',(-19.1499388181025,-3.,-52.7325340823921));
#7351=CARTESIAN_POINT('Origin',(-15.4015040533868,-3.,-49.4235709797464));
#7352=CARTESIAN_POINT('',(-20.4015040533868,-3.,-49.4235709797464));
#7353=CARTESIAN_POINT('Origin',(-20.4015040533868,-3.,-28.9852546607034));
#7354=CARTESIAN_POINT('',(-20.4015040533868,-3.,-30.8764290202536));
#7355=CARTESIAN_POINT('Origin',(7.44113673690589,-3.,-5.00000000000001));
#7356=CARTESIAN_POINT('',(7.44113673690589,-3.,0.));
#7357=CARTESIAN_POINT('',(3.69270197219013,-3.,-1.69103689735439));
#7358=CARTESIAN_POINT('Origin',(187.399988818831,-3.,-1.32425170053025E-14));
#7359=CARTESIAN_POINT('Origin',(-15.4015040533868,-3.,-30.8764290202536));
#7360=CARTESIAN_POINT('',(-19.1499388181025,-3.,-27.5674659176079));
#7361=CARTESIAN_POINT('Origin',(5.18547937123401,-3.,4.44089209850063E-15));
#7362=CARTESIAN_POINT('Origin',(67.5229649027408,43.,-65.6378817776535));
#7363=CARTESIAN_POINT('',(28.5999999999999,43.,-76.15));
#7364=CARTESIAN_POINT('',(38.8927037338115,43.,-73.0943535790247));
#7365=CARTESIAN_POINT('',(67.2383666143145,43.,-64.6792349113754));
#7366=CARTESIAN_POINT('Origin',(39.1773020222378,43.,-74.0530004453028));
#7367=CARTESIAN_POINT('Origin',(28.2727184166082,43.,-77.2902987032241));
#7368=CARTESIAN_POINT('Origin',(41.7386866180746,43.,-82.6808222418057));
#7369=CARTESIAN_POINT('',(48.8097544299401,43.,-75.6097544299402));
#7370=CARTESIAN_POINT('Origin',(48.1026476487535,43.,-76.3168612111268));
#7371=CARTESIAN_POINT('Origin',(41.7386866180746,43.,-82.6808222418057));
#7372=CARTESIAN_POINT('Origin',(50.4303932188134,43.,-78.6446067811866));
#7373=CARTESIAN_POINT('',(52.5999999999999,43.,-79.4));
#7374=CARTESIAN_POINT('',(51.1374999999999,43.,-77.9375000000001));
#7375=CARTESIAN_POINT('Origin',(51.1857864376268,43.,-79.4));
#7376=CARTESIAN_POINT('Origin',(21.4433214140273,43.,-69.5538724112379));
#7377=CARTESIAN_POINT('',(1.5,43.,-45.45078125));
#7378=CARTESIAN_POINT('',(22.1930083669704,43.,-68.8920797907088));
#7379=CARTESIAN_POINT('Origin',(0.499999999999998,43.,-45.82901612191));
#7380=CARTESIAN_POINT('Origin',(0.499999999999998,43.,-41.800390625));
#7381=CARTESIAN_POINT('',(1.5,43.,-43.45078125));
#7382=CARTESIAN_POINT('',(1.5,43.,-41.800390625));
#7383=CARTESIAN_POINT('Origin',(0.499999999999998,43.,-43.0725463780899));
#7384=CARTESIAN_POINT('Origin',(24.3270993818959,43.,-16.0809103595358));
#7385=CARTESIAN_POINT('',(3.,43.,-41.7515625));
#7386=CARTESIAN_POINT('',(25.0767863348391,43.,-16.742702980065));
#7387=CARTESIAN_POINT('Origin',(2.,43.,-41.3733276280899));
#7388=CARTESIAN_POINT('Origin',(2.,43.,-39.34921875));
#7389=CARTESIAN_POINT('',(3.,43.,-38.5484375));
#7390=CARTESIAN_POINT('',(3.,43.,-39.34921875));
#7391=CARTESIAN_POINT('Origin',(2.,43.,-38.9266723719101));
#7392=CARTESIAN_POINT('Origin',(23.5770993818959,43.,-63.3694802654642));
#7393=CARTESIAN_POINT('',(1.5,43.,-36.84921875));
#7394=CARTESIAN_POINT('',(24.3267863348391,43.,-62.707687644935));
#7395=CARTESIAN_POINT('Origin',(0.499999999999998,43.,-37.2274536219101));
#7396=CARTESIAN_POINT('Origin',(0.499999999999998,43.,-37.499609375));
#7397=CARTESIAN_POINT('',(1.5,43.,-34.84921875));
#7398=CARTESIAN_POINT('',(1.5,43.,-37.499609375));
#7399=CARTESIAN_POINT('Origin',(0.499999999999998,43.,-34.4709838780899));
#7400=CARTESIAN_POINT('Origin',(34.9933214140272,43.,4.60348178623788));
#7401=CARTESIAN_POINT('',(28.5999999999999,43.,-4.15000000000001));
#7402=CARTESIAN_POINT('',(35.7430083669703,43.,3.94168916570875));
#7403=CARTESIAN_POINT('Origin',(28.2727184166081,43.,-3.00970129677593));
#7404=CARTESIAN_POINT('Origin',(41.7386866180746,43.,2.38082224180566));
#7405=CARTESIAN_POINT('',(38.8927037338115,43.,-7.20564642097532));
#7406=CARTESIAN_POINT('Origin',(39.1773020222378,43.,-6.24699955469722));
#7407=CARTESIAN_POINT('Origin',(41.7386866180746,43.,2.38082224180566));
#7408=CARTESIAN_POINT('Origin',(75.5229649027408,43.,-17.0371182223465));
#7409=CARTESIAN_POINT('',(75.2383666143145,43.,-17.9957650886246));
#7410=CARTESIAN_POINT('Origin',(44.5999999999999,0.,-71.4));
#7411=CARTESIAN_POINT('',(48.8097544299401,0.,-75.6097544299402));
#7412=CARTESIAN_POINT('',(48.8097544299401,0.,-75.6097544299402));
#7413=CARTESIAN_POINT('',(52.5999999999999,0.,-79.4));
#7414=CARTESIAN_POINT('',(44.5999999999999,0.,-71.4));
#7415=CARTESIAN_POINT('',(52.5999999999999,0.,-79.4));
#7416=CARTESIAN_POINT('Origin',(41.7386866180746,0.,-82.6808222418057));
#7417=CARTESIAN_POINT('',(38.8927037338115,0.,-73.0943535790247));
#7418=CARTESIAN_POINT('',(38.8927037338115,0.,-73.0943535790247));
#7419=CARTESIAN_POINT('Origin',(41.7386866180746,0.,-82.6808222418057));
#7420=CARTESIAN_POINT('Origin',(28.5999999999999,0.,-76.15));
#7421=CARTESIAN_POINT('',(28.5999999999999,0.,-76.15));
#7422=CARTESIAN_POINT('',(28.5999999999999,0.,-76.15));
#7423=CARTESIAN_POINT('',(28.5999999999999,0.,-76.15));
#7424=CARTESIAN_POINT('Origin',(1.5,0.,-45.45078125));
#7425=CARTESIAN_POINT('',(1.5,0.,-45.45078125));
#7426=CARTESIAN_POINT('',(1.5,0.,-45.45078125));
#7427=CARTESIAN_POINT('',(1.5,0.,-45.45078125));
#7428=CARTESIAN_POINT('Origin',(1.5,0.,-43.45078125));
#7429=CARTESIAN_POINT('',(1.5,0.,-43.45078125));
#7430=CARTESIAN_POINT('',(1.5,0.,-43.45078125));
#7431=CARTESIAN_POINT('',(1.5,0.,-43.45078125));
#7432=CARTESIAN_POINT('Origin',(3.,0.,-41.7515625));
#7433=CARTESIAN_POINT('',(3.,0.,-41.7515625));
#7434=CARTESIAN_POINT('',(3.,0.,-41.7515625));
#7435=CARTESIAN_POINT('',(3.,0.,-41.7515625));
#7436=CARTESIAN_POINT('Origin',(3.,0.,-38.5484375));
#7437=CARTESIAN_POINT('',(3.,0.,-38.5484375));
#7438=CARTESIAN_POINT('',(3.,0.,-38.5484375));
#7439=CARTESIAN_POINT('',(3.,0.,-33.15));
#7440=CARTESIAN_POINT('Origin',(1.5,0.,-36.84921875));
#7441=CARTESIAN_POINT('',(1.5,0.,-36.84921875));
#7442=CARTESIAN_POINT('',(1.5,0.,-36.84921875));
#7443=CARTESIAN_POINT('',(1.5,0.,-36.84921875));
#7444=CARTESIAN_POINT('Origin',(1.5,0.,-34.84921875));
#7445=CARTESIAN_POINT('',(1.5,0.,-34.84921875));
#7446=CARTESIAN_POINT('',(1.5,0.,-34.84921875));
#7447=CARTESIAN_POINT('',(1.5,0.,-34.84921875));
#7448=CARTESIAN_POINT('Origin',(28.5999999999999,0.,-4.15000000000001));
#7449=CARTESIAN_POINT('',(28.5999999999999,0.,-4.15000000000001));
#7450=CARTESIAN_POINT('',(28.5999999999999,0.,-4.15000000000001));
#7451=CARTESIAN_POINT('',(28.5999999999999,0.,-4.15000000000001));
#7452=CARTESIAN_POINT('Origin',(44.5999999999999,0.,-8.89999999999999));
#7453=CARTESIAN_POINT('',(38.8927037338115,0.,-7.20564642097532));
#7454=CARTESIAN_POINT('',(38.8927037338115,0.,-7.20564642097532));
#7455=CARTESIAN_POINT('',(44.5999999999999,0.,-8.89999999999999));
#7456=CARTESIAN_POINT('Origin',(41.7386866180746,0.,2.38082224180566));
#7457=CARTESIAN_POINT('',(48.8097544299401,0.,-4.69024557005981));
#7458=CARTESIAN_POINT('',(48.8097544299401,0.,-4.69024557005982));
#7459=CARTESIAN_POINT('Origin',(41.7386866180746,0.,2.38082224180566));
#7460=CARTESIAN_POINT('Origin',(52.5999999999999,0.,-0.899999999999991));
#7461=CARTESIAN_POINT('',(52.5999999999999,0.,-0.899999999999991));
#7462=CARTESIAN_POINT('Origin',(145.3,43.,-2.40000000000002));
#7463=CARTESIAN_POINT('',(188.6,43.,-3.40000000000003));
#7464=CARTESIAN_POINT('',(145.3,43.,-3.40000000000002));
#7465=CARTESIAN_POINT('Origin',(188.931897482476,43.,-2.40000000000002));
#7466=CARTESIAN_POINT('Origin',(176.385109959759,43.,6.95949875686587));
#7467=CARTESIAN_POINT('',(201.,43.,-12.65));
#7468=CARTESIAN_POINT('Origin',(202.,43.,-12.1483829263786));
#7469=CARTESIAN_POINT('',(175.787180478225,43.,6.15795004648537));
#7470=CARTESIAN_POINT('Origin',(202.,43.,-53.9));
#7471=CARTESIAN_POINT('',(201.,43.,-67.65));
#7472=CARTESIAN_POINT('Origin',(202.,43.,-68.1516170736215));
#7473=CARTESIAN_POINT('',(201.,43.,-53.9));
#7474=CARTESIAN_POINT('Origin',(170.185109959759,43.,-91.8844987568659));
#7475=CARTESIAN_POINT('',(188.6,43.,-76.9));
#7476=CARTESIAN_POINT('Origin',(188.931897482476,43.,-77.9));
#7477=CARTESIAN_POINT('',(169.587180478225,43.,-91.0829500464854));
#7478=CARTESIAN_POINT('Origin',(127.214378277661,43.,-86.9));
#7479=CARTESIAN_POINT('',(120.6,43.,-79.4));
#7480=CARTESIAN_POINT('Ctrl Pts',(120.6,43.,-79.4));
#7481=CARTESIAN_POINT('Ctrl Pts',(120.6,43.1056266261887,-79.4));
#7482=CARTESIAN_POINT('Ctrl Pts',(120.632236417416,43.2282107629381,-79.4));
#7483=CARTESIAN_POINT('Ctrl Pts',(120.741349606613,43.4389324418854,-79.4));
#7484=CARTESIAN_POINT('Ctrl Pts',(120.847458792892,43.5560042367739,-79.4));
#7485=CARTESIAN_POINT('Ctrl Pts',(121.091269511885,43.7452491014023,-79.4));
#7486=CARTESIAN_POINT('Ctrl Pts',(121.283282636886,43.8359613082492,-79.4));
#7487=CARTESIAN_POINT('Ctrl Pts',(121.636121825755,43.946710727846,-79.4));
#7488=CARTESIAN_POINT('Ctrl Pts',(121.855241063626,43.9832907718663,-79.4));
#7489=CARTESIAN_POINT('Ctrl Pts',(122.06073878697,43.9949874371066,-79.4));
#7490=CARTESIAN_POINT('',(127.214378277661,43.,-76.9));
#7491=CARTESIAN_POINT('Origin',(127.214378277661,43.,-86.9));
#7492=CARTESIAN_POINT('Origin',(127.214378277661,43.,-77.9));
#7493=CARTESIAN_POINT('Origin',(111.3,43.,-77.9));
#7494=CARTESIAN_POINT('',(143.977495500817,43.,-76.9));
#7495=CARTESIAN_POINT('Origin',(143.977495500817,43.,-77.9));
#7496=CARTESIAN_POINT('',(111.3,43.,-76.9));
#7497=CARTESIAN_POINT('Ctrl Pts',(144.828597727344,44.,-78.375));
#7498=CARTESIAN_POINT('Ctrl Pts',(144.53559532149,44.,-77.9));
#7499=CARTESIAN_POINT('Ctrl Pts',(143.977495500817,44.,-77.9));
#7500=CARTESIAN_POINT('Ctrl Pts',(145.679699953871,44.,-77.85));
#7501=CARTESIAN_POINT('Ctrl Pts',(145.093695142164,44.,-76.9));
#7502=CARTESIAN_POINT('Ctrl Pts',(143.977495500817,44.,-76.9));
#7503=CARTESIAN_POINT('Ctrl Pts',(145.679699953871,43.,-77.85));
#7504=CARTESIAN_POINT('Ctrl Pts',(145.093695142164,43.,-76.9));
#7505=CARTESIAN_POINT('Ctrl Pts',(143.977495500817,43.,-76.9));
#7506=CARTESIAN_POINT('',(145.679699953871,43.,-77.85));
#7507=CARTESIAN_POINT('Origin',(144.828597727344,43.,-78.375));
#7508=CARTESIAN_POINT('Origin',(143.977495500817,43.,-78.9));
#7509=CARTESIAN_POINT('Origin',(147.381904406926,43.,-76.8));
#7510=CARTESIAN_POINT('',(147.381904406926,43.,-78.8));
#7511=CARTESIAN_POINT('Origin',(147.381904406926,43.,-76.8));
#7512=CARTESIAN_POINT('Origin',(147.381904406926,43.,-79.8));
#7513=CARTESIAN_POINT('Origin',(123.98749696818,43.,-79.8));
#7514=CARTESIAN_POINT('',(164.568083465794,43.,-78.8));
#7515=CARTESIAN_POINT('',(123.98749696818,43.,-78.8));
#7516=CARTESIAN_POINT('Origin',(164.568083465794,43.,-79.8));
#7517=CARTESIAN_POINT('Origin',(164.568083465794,43.,-76.8));
#7518=CARTESIAN_POINT('',(166.270287918849,43.,-77.85));
#7519=CARTESIAN_POINT('Origin',(164.568083465794,43.,-76.8));
#7520=CARTESIAN_POINT('Origin',(167.121390145377,43.,-78.375));
#7521=CARTESIAN_POINT('Ctrl Pts',(167.972492371904,44.,-77.9));
#7522=CARTESIAN_POINT('Ctrl Pts',(167.41439255123,44.,-77.9));
#7523=CARTESIAN_POINT('Ctrl Pts',(167.121390145377,44.,-78.375));
#7524=CARTESIAN_POINT('Ctrl Pts',(167.972492371904,44.,-76.9));
#7525=CARTESIAN_POINT('Ctrl Pts',(166.856292730557,44.,-76.9));
#7526=CARTESIAN_POINT('Ctrl Pts',(166.270287918849,44.,-77.85));
#7527=CARTESIAN_POINT('Ctrl Pts',(167.972492371904,43.,-76.9));
#7528=CARTESIAN_POINT('Ctrl Pts',(166.856292730557,43.,-76.9));
#7529=CARTESIAN_POINT('Ctrl Pts',(166.270287918849,43.,-77.85));
#7530=CARTESIAN_POINT('',(167.972492371904,43.,-76.9));
#7531=CARTESIAN_POINT('Origin',(167.972492371904,43.,-77.9));
#7532=CARTESIAN_POINT('Origin',(167.972492371904,43.,-78.9));
#7533=CARTESIAN_POINT('Origin',(111.3,43.,-77.9));
#7534=CARTESIAN_POINT('',(111.3,43.,-76.9));
#7535=CARTESIAN_POINT('Origin',(127.214378277661,0.,6.59999999999999));
#7536=CARTESIAN_POINT('',(127.214378277661,0.,-3.40000000000001));
#7537=CARTESIAN_POINT('',(127.214378277661,0.,-3.40000000000002));
#7538=CARTESIAN_POINT('Origin',(127.214378277661,0.,6.59999999999999));
#7539=CARTESIAN_POINT('Origin',(188.6,0.,-3.40000000000003));
#7540=CARTESIAN_POINT('',(188.6,0.,-3.40000000000003));
#7541=CARTESIAN_POINT('',(188.6,0.,-3.40000000000003));
#7542=CARTESIAN_POINT('',(188.6,0.,-3.40000000000003));
#7543=CARTESIAN_POINT('Origin',(201.,0.,-12.65));
#7544=CARTESIAN_POINT('',(201.,0.,-12.65));
#7545=CARTESIAN_POINT('',(201.,0.,-12.65));
#7546=CARTESIAN_POINT('',(201.,0.,-12.65));
#7547=CARTESIAN_POINT('Origin',(201.,0.,-67.65));
#7548=CARTESIAN_POINT('',(201.,0.,-67.65));
#7549=CARTESIAN_POINT('',(201.,0.,-67.65));
#7550=CARTESIAN_POINT('',(201.,0.,-67.65));
#7551=CARTESIAN_POINT('Origin',(188.6,0.,-76.9));
#7552=CARTESIAN_POINT('',(188.6,0.,-76.9));
#7553=CARTESIAN_POINT('',(188.6,0.,-76.9));
#7554=CARTESIAN_POINT('',(188.6,0.,-76.9));
#7555=CARTESIAN_POINT('Origin',(167.972492371904,44.,-78.9));
#7556=CARTESIAN_POINT('',(166.270287918849,23.7047060175111,-77.85));
#7557=CARTESIAN_POINT('',(166.270287918849,44.,-77.85));
#7558=CARTESIAN_POINT('',(167.972492371904,22.0025015644562,-76.9));
#7559=CARTESIAN_POINT('Origin',(167.972492371904,22.0025015644562,-78.9));
#7560=CARTESIAN_POINT('',(167.972492371904,44.,-76.9));
#7561=CARTESIAN_POINT('Origin',(164.568083465794,44.,-76.8));
#7562=CARTESIAN_POINT('',(164.568083465794,25.406910470566,-78.8));
#7563=CARTESIAN_POINT('',(164.568083465794,44.,-78.8));
#7564=CARTESIAN_POINT('Origin',(164.568083465794,25.406910470566,-76.8));
#7565=CARTESIAN_POINT('Origin',(145.97499393636,44.,-78.8));
#7566=CARTESIAN_POINT('',(147.381904406926,25.406910470566,-78.8));
#7567=CARTESIAN_POINT('',(147.381904406926,44.,-78.8));
#7568=CARTESIAN_POINT('',(165.97499393636,25.406910470566,-78.8));
#7569=CARTESIAN_POINT('Origin',(147.381904406926,44.,-76.8));
#7570=CARTESIAN_POINT('',(145.679699953871,23.7047060175111,-77.85));
#7571=CARTESIAN_POINT('',(145.679699953871,44.,-77.85));
#7572=CARTESIAN_POINT('Origin',(147.381904406926,25.406910470566,-76.8));
#7573=CARTESIAN_POINT('Origin',(143.977495500817,44.,-78.9));
#7574=CARTESIAN_POINT('',(143.977495500817,22.0025015644562,-76.9));
#7575=CARTESIAN_POINT('',(143.977495500817,44.,-76.9));
#7576=CARTESIAN_POINT('Origin',(143.977495500817,22.0025015644562,-78.9));
#7577=CARTESIAN_POINT('Origin',(120.6,0.,-76.9));
#7578=CARTESIAN_POINT('',(165.97499393636,22.0025015644562,-76.9));
#7579=CARTESIAN_POINT('',(127.214378277661,0.,-76.9));
#7580=CARTESIAN_POINT('',(127.214378277661,0.,-76.9));
#7581=CARTESIAN_POINT('',(120.6,0.,-76.9));
#7582=CARTESIAN_POINT('Origin',(127.214378277661,0.,-86.9));
#7583=CARTESIAN_POINT('',(120.6,0.,-79.4));
#7584=CARTESIAN_POINT('',(120.6,0.,-79.4));
#7585=CARTESIAN_POINT('Origin',(127.214378277661,0.,-86.9));
#7586=CARTESIAN_POINT('Origin',(165.97499393636,25.406910470566,-76.8));
#7587=CARTESIAN_POINT('',(165.97499393636,23.7047060175111,-77.8500000000001));
#7588=CARTESIAN_POINT('Origin',(165.97499393636,22.0025015644562,-78.9));
#7589=CARTESIAN_POINT('Origin',(1.25156523528422,0.,-49.7024933588255));
#7590=CARTESIAN_POINT('',(1.86117235165889,0.,-50.4951970636645));
#7591=CARTESIAN_POINT('Origin',(1.25156523528422,0.,-49.7024933588255));
#7592=CARTESIAN_POINT('',(1.86117235165889,0.,-50.4951970636645));
#7593=CARTESIAN_POINT('Origin',(1.86117235165889,0.,-50.4951970636645));
#7594=CARTESIAN_POINT('',(-9.36731890801633,-1.11022302462516E-15,-59.1301613463655));
#7595=CARTESIAN_POINT('',(4.96910334098915,0.,-48.1051276887747));
#7596=CARTESIAN_POINT('',(-9.36731890801633,9.5,-59.1301613463655));
#7597=CARTESIAN_POINT('Origin',(-9.65389687294827,0.,-21.3581431290601));
#7598=CARTESIAN_POINT('',(1.84301796623505,0.,-29.7911669689204));
#7599=CARTESIAN_POINT('',(-0.799967993150617,0.,-27.8525283066635));
#7600=CARTESIAN_POINT('',(1.84301796623505,0.,-29.7911669689204));
#7601=CARTESIAN_POINT('Origin',(1.25156523528424,0.,-30.5975066411744));
#7602=CARTESIAN_POINT('',(0.66011250433343,0.,-31.4038463134285));
#7603=CARTESIAN_POINT('Origin',(1.25156523528424,0.,-30.5975066411744));
#7604=CARTESIAN_POINT('',(0.66011250433343,0.,-31.4038463134285));
#7605=CARTESIAN_POINT('Origin',(0.66011250433343,0.,-31.4038463134285));
#7606=CARTESIAN_POINT('',(-10.8368023348499,0.,-22.9708224735683));
#7607=CARTESIAN_POINT('',(3.76558396453943,0.,-33.6817195711018));
#7608=CARTESIAN_POINT('',(-10.8368023348499,0.,-22.9708224735683));
#7609=CARTESIAN_POINT('Origin',(-10.2453496038991,0.,-22.1644828013142));
#7610=CARTESIAN_POINT('',(-10.9071422244282,0.,-22.9141697542573));
#7611=CARTESIAN_POINT('Origin',(-10.2453496038991,0.,-22.1644828013142));
#7612=CARTESIAN_POINT('',(-10.9071422244282,0.,-22.9141697542573));
#7613=CARTESIAN_POINT('Origin',(1.25156523528424,0.,-30.5975066411744));
#7614=CARTESIAN_POINT('Origin',(1.25156523528424,0.,-30.5975066411744));
#7615=CARTESIAN_POINT('Origin',(-18.9015040533868,19.,-48.3297172363755));
#7616=CARTESIAN_POINT('',(-3.96217769744666,0.,-65.253172873964));
#7617=CARTESIAN_POINT('',(-15.9599266604215,-1.11022302462516E-15,-51.661972876844));
#7618=CARTESIAN_POINT('',(5.43527751406692,0.,-75.8987276057568));
#7619=CARTESIAN_POINT('',(-15.9599266604215,-1.11022302462516E-15,-51.661972876844));
#7620=CARTESIAN_POINT('',(7.55502142070918,0.,-78.3));
#7621=CARTESIAN_POINT('',(-15.9599266604215,-1.11022302462516E-15,-51.661972876844));
#7622=CARTESIAN_POINT('',(7.55502142070918,19.,-78.3));
#7623=CARTESIAN_POINT('Origin',(7.5550214207092,19.,-2.00000000000001));
#7624=CARTESIAN_POINT('',(-18.9015040533868,0.,-31.9702827636245));
#7625=CARTESIAN_POINT('',(-2.73166392337352,-1.11022302462516E-15,-13.6528857413438));
#7626=CARTESIAN_POINT('',(-18.9015040533868,19.,-31.9702827636245));
#7627=CARTESIAN_POINT('Origin',(3.79737834981188,0.,-40.15));
#7628=CARTESIAN_POINT('Origin',(1.36059966844974,0.,-19.7455547317928));
#7629=CARTESIAN_POINT('Origin',(3.79737834981188,0.,-40.15));
#7630=CARTESIAN_POINT('Origin',(1.36059966844973,0.,-60.5544452682072));
#7631=CARTESIAN_POINT('Origin',(1.36059966844974,0.,-19.7455547317928));
#7632=CARTESIAN_POINT('Origin',(1.36059966844974,-2.,-19.7455547317928));
#7633=CARTESIAN_POINT('Origin',(1.36059966844974,0.,-19.7455547317928));
#7634=CARTESIAN_POINT('Origin',(1.36059966844974,-2.,-19.7455547317928));
#7635=CARTESIAN_POINT('Origin',(10.7580548799633,0.,-9.1));
#7636=CARTESIAN_POINT('Origin',(10.7580548799633,-2.,-9.1));
#7637=CARTESIAN_POINT('Origin',(10.7580548799633,0.,-9.1));
#7638=CARTESIAN_POINT('Origin',(10.7580548799633,-2.,-9.1));
#7639=CARTESIAN_POINT('Origin',(10.7580548799633,0.,-71.2));
#7640=CARTESIAN_POINT('Origin',(10.7580548799633,-2.,-71.2));
#7641=CARTESIAN_POINT('Origin',(10.7580548799633,0.,-71.2));
#7642=CARTESIAN_POINT('',(10.7580548799633,0.,-78.3));
#7643=CARTESIAN_POINT('Origin',(10.7580548799633,0.,-71.2));
#7644=CARTESIAN_POINT('Origin',(10.7580548799633,0.,-71.2));
#7645=CARTESIAN_POINT('Origin',(10.7580548799633,0.,-71.2));
#7646=CARTESIAN_POINT('Origin',(10.7580548799633,-2.,-71.2));
#7647=CARTESIAN_POINT('Origin',(1.36059966844973,0.,-60.5544452682072));
#7648=CARTESIAN_POINT('Origin',(1.36059966844973,-2.,-60.5544452682072));
#7649=CARTESIAN_POINT('Origin',(1.36059966844973,0.,-60.5544452682072));
#7650=CARTESIAN_POINT('Origin',(1.36059966844973,-2.,-60.5544452682072));
#7651=CARTESIAN_POINT('Origin',(3.79737834981188,0.,-40.15));
#7652=CARTESIAN_POINT('',(5.67619988526053,0.,-78.3));
#7653=CARTESIAN_POINT('Origin',(3.79737834981188,0.,-40.15));
#7654=CARTESIAN_POINT('',(5.67619988526053,0.,-78.3));
#7655=CARTESIAN_POINT('Origin',(3.79737834981188,0.,-40.15));
#7656=CARTESIAN_POINT('Origin',(3.79737834981188,0.,-40.15));
#7657=CARTESIAN_POINT('Origin',(3.79737834981188,0.,-40.15));
#7658=CARTESIAN_POINT('Origin',(3.79737834981188,0.,-40.15));
#7659=CARTESIAN_POINT('Origin',(3.79737834981188,0.,-40.15));
#7660=CARTESIAN_POINT('Origin',(3.79737834981188,0.,-40.15));
#7661=CARTESIAN_POINT('Origin',(3.79737834981188,0.,-40.15));
#7662=CARTESIAN_POINT('',(-18.9015040533868,0.,-48.3297172363755));
#7663=CARTESIAN_POINT('',(-15.9599266604215,-1.11022302462516E-15,-51.661972876844));
#7664=CARTESIAN_POINT('',(-18.9015040533868,0.,-36.0601413818123));
#7665=CARTESIAN_POINT('Ctrl Pts',(26.613585445632,17.,-83.0078121274386));
#7666=CARTESIAN_POINT('Ctrl Pts',(26.613589445559,17.,-83.0078121516012));
#7667=CARTESIAN_POINT('Ctrl Pts',(26.6535084519003,17.,-82.9976440750443));
#7668=CARTESIAN_POINT('Ctrl Pts',(26.8545592504207,17.,-82.9517868826689));
#7669=CARTESIAN_POINT('Ctrl Pts',(27.2338750303843,17.,-82.8803894276673));
#7670=CARTESIAN_POINT('Ctrl Pts',(27.9755688665067,17.,-82.7679639260033));
#7671=CARTESIAN_POINT('Ctrl Pts',(29.2256619146942,17.,-82.6276784327696));
#7672=CARTESIAN_POINT('Ctrl Pts',(31.4662688363746,17.,-82.4447705465389));
#7673=CARTESIAN_POINT('Ctrl Pts',(34.4735430670738,17.,-82.2751923390462));
#7674=CARTESIAN_POINT('Ctrl Pts',(39.4235159951661,17.,-82.0896374840717));
#7675=CARTESIAN_POINT('Ctrl Pts',(44.1087084307518,17.,-82.0038157025641));
#7676=CARTESIAN_POINT('Ctrl Pts',(49.1931917924873,17.,-81.9729524403773));
#7677=CARTESIAN_POINT('Ctrl Pts',(54.2483648824917,17.,-81.9887289914623));
#7678=CARTESIAN_POINT('Ctrl Pts',(59.729869402349,17.,-82.0884855131611));
#7679=CARTESIAN_POINT('Ctrl Pts',(64.6897077558228,17.,-82.2737809825662));
#7680=CARTESIAN_POINT('Ctrl Pts',(67.7104467252822,17.,-82.4430040970178));
#7681=CARTESIAN_POINT('Ctrl Pts',(69.9885530721501,17.,-82.6292610639353));
#7682=CARTESIAN_POINT('Ctrl Pts',(71.2182036394709,17.,-82.7675804030532));
#7683=CARTESIAN_POINT('Ctrl Pts',(71.9642847335802,17.,-82.8805061861182));
#7684=CARTESIAN_POINT('Ctrl Pts',(72.342963907347,17.,-82.9518944895626));
#7685=CARTESIAN_POINT('Ctrl Pts',(72.5435773280614,17.,-82.9976930418007));
#7686=CARTESIAN_POINT('Ctrl Pts',(72.5834024476674,17.,-83.0078121516012));
#7687=CARTESIAN_POINT('Ctrl Pts',(72.5834064475945,17.,-83.0078121274386));
#7688=CARTESIAN_POINT('Ctrl Pts',(25.8294210117189,17.,-83.2016498633327));
#7689=CARTESIAN_POINT('Ctrl Pts',(25.8294210117189,16.8935648833475,-83.2016498633327));
#7690=CARTESIAN_POINT('Ctrl Pts',(25.9012705859939,16.6818571249452,-83.1981729184539));
#7691=CARTESIAN_POINT('Ctrl Pts',(26.2173141185432,16.414428753098,-83.182547650011));
#7692=CARTESIAN_POINT('Ctrl Pts',(26.7218894079203,16.2159176771979,-83.1581576431285));
#7693=CARTESIAN_POINT('Ctrl Pts',(27.5982085580479,16.0271901106568,-83.1195808920203));
#7694=CARTESIAN_POINT('Ctrl Pts',(28.9500389351583,15.8822806418532,-83.0709904081188));
#7695=CARTESIAN_POINT('Ctrl Pts',(31.2814078209285,15.7384359414258,-83.0070634551393));
#7696=CARTESIAN_POINT('Ctrl Pts',(34.347791296174,15.637165981168,-82.9467770889594));
#7697=CARTESIAN_POINT('Ctrl Pts',(39.3559441340145,15.542420862521,-82.8801835904503));
#7698=CARTESIAN_POINT('Ctrl Pts',(44.0738882505507,15.5069963852929,-82.8488701313268));
#7699=CARTESIAN_POINT('Ctrl Pts',(49.1906877012705,15.4933866776334,-82.8376777834097));
#7700=CARTESIAN_POINT('Ctrl Pts',(54.2773860656078,15.5006617702195,-82.8433119393347));
#7701=CARTESIAN_POINT('Ctrl Pts',(59.7968582662483,15.5417720283255,-82.8797910043563));
#7702=CARTESIAN_POINT('Ctrl Pts',(64.8153192213816,15.6366907652138,-82.9462842225239));
#7703=CARTESIAN_POINT('Ctrl Pts',(67.8943698182434,15.7371002245975,-83.0062578486323));
#7704=CARTESIAN_POINT('Ctrl Pts',(70.2651148545085,15.8836009568876,-83.0714063488834));
#7705=CARTESIAN_POINT('Ctrl Pts',(71.5950254434908,16.0266067828844,-83.1194582803092));
#7706=CARTESIAN_POINT('Ctrl Pts',(72.4765119394075,16.2164292493371,-83.1581839001248));
#7707=CARTESIAN_POINT('Ctrl Pts',(72.9804775007202,16.4154123252166,-83.1825589279173));
#7708=CARTESIAN_POINT('Ctrl Pts',(73.2960883854774,16.6818976157435,-83.198171105098));
#7709=CARTESIAN_POINT('Ctrl Pts',(73.3675708815076,16.8943455540577,-83.2016498633327));
#7710=CARTESIAN_POINT('Ctrl Pts',(73.3675708815076,17.,-83.2016498633327));
#7711=CARTESIAN_POINT('Ctrl Pts',(25.0216968029118,17.,-83.3));
#7712=CARTESIAN_POINT('Ctrl Pts',(25.0216968029118,16.7839300066705,-83.3));
#7713=CARTESIAN_POINT('Ctrl Pts',(25.1255366157148,16.3541505944538,-83.2999767429237));
#7714=CARTESIAN_POINT('Ctrl Pts',(25.5568595379607,15.8083120001718,-83.2999613362896));
#7715=CARTESIAN_POINT('Ctrl Pts',(26.1872046756226,15.3981129229979,-83.2999760652631));
#7716=CARTESIAN_POINT('Ctrl Pts',(27.1990912602757,15.0008623706644,-83.3000381382205));
#7717=CARTESIAN_POINT('Ctrl Pts',(28.6541438972955,14.6852155479209,-83.3000961176404));
#7718=CARTESIAN_POINT('Ctrl Pts',(31.0787724928854,14.3606655831262,-83.300274813529));
#7719=CARTESIAN_POINT('Ctrl Pts',(34.207426356901,14.1205278018796,-83.3001841183701));
#7720=CARTESIAN_POINT('Ctrl Pts',(39.2787140963105,13.886576693215,-83.3002043297508));
#7721=CARTESIAN_POINT('Ctrl Pts',(44.0338818296931,13.7935080229778,-83.3001110416466));
#7722=CARTESIAN_POINT('Ctrl Pts',(49.1878000160225,13.7583505241283,-83.3001314934122));
#7723=CARTESIAN_POINT('Ctrl Pts',(54.3107915777439,13.7769658031085,-83.3000377510869));
#7724=CARTESIAN_POINT('Ctrl Pts',(59.8734649155454,13.8849866227111,-83.3002279973541));
#7725=CARTESIAN_POINT('Ctrl Pts',(64.9555068476988,14.1192153684691,-83.3002012738079));
#7726=CARTESIAN_POINT('Ctrl Pts',(68.0960421531331,14.3577202556137,-83.3000836186067));
#7727=CARTESIAN_POINT('Ctrl Pts',(70.5619660438883,14.6882140029263,-83.299957327086));
#7728=CARTESIAN_POINT('Ctrl Pts',(71.9936010902447,14.9996250251013,-83.3000481103595));
#7729=CARTESIAN_POINT('Ctrl Pts',(73.0114394397393,15.3991729779339,-83.2999614588073));
#7730=CARTESIAN_POINT('Ctrl Pts',(73.6412005908736,15.8103243901532,-83.2999354490778));
#7731=CARTESIAN_POINT('Ctrl Pts',(74.0720951866232,16.3542469104623,-83.2999581985463));
#7732=CARTESIAN_POINT('Ctrl Pts',(74.1752950903147,16.7855148174027,-83.3));
#7733=CARTESIAN_POINT('Ctrl Pts',(74.1752950903147,17.,-83.3));
#7734=CARTESIAN_POINT('Ctrl Pts',(24.2139262964431,17.,-83.3));
#7735=CARTESIAN_POINT('Ctrl Pts',(24.2139262964431,16.6742879552417,-83.3));
#7736=CARTESIAN_POINT('Ctrl Pts',(24.349755025089,16.0264264988805,-83.3));
#7737=CARTESIAN_POINT('Ctrl Pts',(24.8963503261993,15.2021521717933,-83.3));
#7738=CARTESIAN_POINT('Ctrl Pts',(25.652454643249,14.5802182910453,-83.3));
#7739=CARTESIAN_POINT('Ctrl Pts',(26.7998929169659,13.9743465993894,-83.3));
#7740=CARTESIAN_POINT('Ctrl Pts',(28.3581524927922,13.4877904069835,-83.3));
#7741=CARTESIAN_POINT('Ctrl Pts',(30.8760280555939,12.9822016957183,-83.3));
#7742=CARTESIAN_POINT('Ctrl Pts',(34.0669541701725,12.6027994886298,-83.3));
#7743=CARTESIAN_POINT('Ctrl Pts',(39.2013998427302,12.2290605941343,-83.3));
#7744=CARTESIAN_POINT('Ctrl Pts',(43.9938261934044,12.0780171558335,-83.3));
#7745=CARTESIAN_POINT('Ctrl Pts',(49.1849075757544,12.0211869160912,-83.3));
#7746=CARTESIAN_POINT('Ctrl Pts',(54.3442397656099,12.0512185093497,-83.3));
#7747=CARTESIAN_POINT('Ctrl Pts',(59.9501562184566,12.2265220546841,-83.3));
#7748=CARTESIAN_POINT('Ctrl Pts',(65.0958005890086,12.6006410765767,-83.3));
#7749=CARTESIAN_POINT('Ctrl Pts',(68.2978229211705,12.9776701269181,-83.3));
#7750=CARTESIAN_POINT('Ctrl Pts',(70.858912623706,13.4924879451603,-83.3));
#7751=CARTESIAN_POINT('Ctrl Pts',(72.3922580761311,13.9724539607951,-83.3));
#7752=CARTESIAN_POINT('Ctrl Pts',(73.5464321706895,14.5818291386554,-83.3));
#7753=CARTESIAN_POINT('Ctrl Pts',(74.3019780442433,15.2051969423329,-83.3));
#7754=CARTESIAN_POINT('Ctrl Pts',(74.8481494015577,16.0265810759141,-83.3));
#7755=CARTESIAN_POINT('Ctrl Pts',(74.9830655967833,16.6766769586206,-83.3));
#7756=CARTESIAN_POINT('Ctrl Pts',(74.9830655967833,17.,-83.3));
#7757=CARTESIAN_POINT('',(72.5834024476674,17.,-83.0078121516012));
#7758=CARTESIAN_POINT('Ctrl Pts',(73.1670146101018,14.389563036491,-83.3));
#7759=CARTESIAN_POINT('Ctrl Pts',(73.1670146101018,14.6209046097215,-83.3));
#7760=CARTESIAN_POINT('Ctrl Pts',(73.1675763699079,14.8483005802491,-83.2938699130113));
#7761=CARTESIAN_POINT('Ctrl Pts',(73.1626136015172,15.2823187551566,-83.2724025586154));
#7762=CARTESIAN_POINT('Ctrl Pts',(73.1570184754792,15.5008474615541,-83.256781860231));
#7763=CARTESIAN_POINT('Ctrl Pts',(73.1252357621373,15.9007456936105,-83.2193914787982));
#7764=CARTESIAN_POINT('Ctrl Pts',(73.100069958874,16.0966650976249,-83.1971904960413));
#7765=CARTESIAN_POINT('Ctrl Pts',(73.0016920920804,16.5004956769908,-83.140775733423));
#7766=CARTESIAN_POINT('Ctrl Pts',(72.9356239095987,16.6424235206766,-83.1141492789088));
#7767=CARTESIAN_POINT('Ctrl Pts',(72.8337322240135,16.8108630715585,-83.0780487126073));
#7768=CARTESIAN_POINT('Ctrl Pts',(72.7885195490982,16.8662038131845,-83.0638208344167));
#7769=CARTESIAN_POINT('Ctrl Pts',(72.7216007809704,16.9293758758264,-83.0442680409893));
#7770=CARTESIAN_POINT('Ctrl Pts',(72.6960177427845,16.9498990240829,-83.0370904037846));
#7771=CARTESIAN_POINT('Ctrl Pts',(72.6560578518556,16.974424178257,-83.0263679138938));
#7772=CARTESIAN_POINT('Ctrl Pts',(72.6424253494738,16.9816845945814,-83.0227812417032));
#7773=CARTESIAN_POINT('Ctrl Pts',(72.6210495094822,16.9907235370309,-83.0172721340965));
#7774=CARTESIAN_POINT('Ctrl Pts',(72.6132293783898,16.9935892224868,-83.0152782816448));
#7775=CARTESIAN_POINT('Ctrl Pts',(72.601594755809,16.9969297338904,-83.0123443282993));
#7776=CARTESIAN_POINT('Ctrl Pts',(72.5976254096176,16.9979172310014,-83.0113486937532));
#7777=CARTESIAN_POINT('Ctrl Pts',(72.5918036658745,16.9990451234897,-83.009896240244));
#7778=CARTESIAN_POINT('Ctrl Pts',(72.5898292003256,16.9993746485129,-83.0094049267087));
#7779=CARTESIAN_POINT('Ctrl Pts',(72.5869945759209,16.9997349775606,-83.0087014164444));
#7780=CARTESIAN_POINT('Ctrl Pts',(72.5860535186501,16.9998368532226,-83.0084681504107));
#7781=CARTESIAN_POINT('Ctrl Pts',(72.5847596641679,16.9999388948035,-83.0081478266075));
#7782=CARTESIAN_POINT('Ctrl Pts',(72.5843568204939,16.9999655606625,-83.008048146064));
#7783=CARTESIAN_POINT('Ctrl Pts',(72.5838569796695,16.9999881047431,-83.0079245280553));
#7784=CARTESIAN_POINT('Ctrl Pts',(72.5837356561848,16.9999927586464,-83.0078945277566));
#7785=CARTESIAN_POINT('Ctrl Pts',(72.5835550047074,16.9999977718101,-83.0078498641098));
#7786=CARTESIAN_POINT('Ctrl Pts',(72.5834861919551,16.9999992855522,-83.0078328526535));
#7787=CARTESIAN_POINT('Ctrl Pts',(72.583419350088,16.9999999198116,-83.007816329715));
#7788=CARTESIAN_POINT('Ctrl Pts',(72.5833939963947,17.,-83.0078100625406));
#7789=CARTESIAN_POINT('Ctrl Pts',(72.5834024476674,17.,-83.0078121516012));
#7790=CARTESIAN_POINT('',(26.613589445559,17.,-83.0078121516012));
#7791=CARTESIAN_POINT('Ctrl Pts',(26.613589445559,17.,-83.0078121516012));
#7792=CARTESIAN_POINT('Ctrl Pts',(26.6135823573557,17.,-83.0078139037261));
#7793=CARTESIAN_POINT('Ctrl Pts',(26.6135708724175,16.9999999043735,-83.0078167427075));
#7794=CARTESIAN_POINT('Ctrl Pts',(26.6135033232656,16.9999992595047,-83.0078334404874));
#7795=CARTESIAN_POINT('Ctrl Pts',(26.6134318843992,16.9999976627155,-83.0078511012079));
#7796=CARTESIAN_POINT('Ctrl Pts',(26.6132491504916,16.9999925052683,-83.0078962800073));
#7797=CARTESIAN_POINT('Ctrl Pts',(26.6131284307603,16.9999878394513,-83.007926131195));
#7798=CARTESIAN_POINT('Ctrl Pts',(26.612627112921,16.9999651096673,-83.0080501151573));
#7799=CARTESIAN_POINT('Ctrl Pts',(26.6122223759622,16.9999382197081,-83.0081502649769));
#7800=CARTESIAN_POINT('Ctrl Pts',(26.6109256725558,16.9998356083909,-83.0084712974609));
#7801=CARTESIAN_POINT('Ctrl Pts',(26.6099838828938,16.9997334541786,-83.0087047477821));
#7802=CARTESIAN_POINT('Ctrl Pts',(26.6071490955108,16.9993725266308,-83.0094083075119));
#7803=CARTESIAN_POINT('Ctrl Pts',(26.6051756305745,16.9990429000061,-83.0098993778895));
#7804=CARTESIAN_POINT('Ctrl Pts',(26.5993567737341,16.9979149058214,-83.0113511266743));
#7805=CARTESIAN_POINT('Ctrl Pts',(26.595389785509,16.9969277613845,-83.0123461775667));
#7806=CARTESIAN_POINT('Ctrl Pts',(26.5837599909298,16.9935882172413,-83.0152789276311));
#7807=CARTESIAN_POINT('Ctrl Pts',(26.5759426970862,16.9907235567834,-83.017272058697));
#7808=CARTESIAN_POINT('Ctrl Pts',(26.5545710568484,16.9816867111434,-83.0227800686712));
#7809=CARTESIAN_POINT('Ctrl Pts',(26.5409401201756,16.9744274812005,-83.0263663096567));
#7810=CARTESIAN_POINT('Ctrl Pts',(26.500978767138,16.9499027538249,-83.0370891086419));
#7811=CARTESIAN_POINT('Ctrl Pts',(26.4753930540789,16.9293777333836,-83.0442674716626));
#7812=CARTESIAN_POINT('Ctrl Pts',(26.4084716854047,16.8662031455411,-83.0638210305417));
#7813=CARTESIAN_POINT('Ctrl Pts',(26.363258542988,16.8108616620658,-83.07804907011));
#7814=CARTESIAN_POINT('Ctrl Pts',(26.2613665634386,16.6424205711688,-83.1141498373304));
#7815=CARTESIAN_POINT('Ctrl Pts',(26.195298014951,16.5004914660266,-83.140776494639));
#7816=CARTESIAN_POINT('Ctrl Pts',(26.0969196803335,16.0966532287255,-83.1971920091382));
#7817=CARTESIAN_POINT('Ctrl Pts',(26.0717541377648,15.9007293250574,-83.2193932829349));
#7818=CARTESIAN_POINT('Ctrl Pts',(26.0399728390736,15.500830538721,-83.256783139056));
#7819=CARTESIAN_POINT('Ctrl Pts',(26.0343780467444,15.2823058443772,-83.2724033347061));
#7820=CARTESIAN_POINT('Ctrl Pts',(26.0294155513185,14.848294100539,-83.2938700892935));
#7821=CARTESIAN_POINT('Ctrl Pts',(26.0299772831247,14.6209012833667,-83.3));
#7822=CARTESIAN_POINT('Ctrl Pts',(26.0299772831247,14.389563036491,-83.3));
#7823=CARTESIAN_POINT('Origin',(49.5984959466132,17.,-83.3));
#7824=CARTESIAN_POINT('Ctrl Pts',(26.0299772831247,29.,-83.3));
#7825=CARTESIAN_POINT('Ctrl Pts',(26.0299772831246,29.,-81.9788368538956));
#7826=CARTESIAN_POINT('Ctrl Pts',(49.5984959466132,29.,-81.9788368538956));
#7827=CARTESIAN_POINT('Ctrl Pts',(73.1670146101019,29.,-81.9788368538956));
#7828=CARTESIAN_POINT('Ctrl Pts',(73.1670146101018,29.,-83.3));
#7829=CARTESIAN_POINT('Ctrl Pts',(26.0299772831247,14.389563036491,-83.3));
#7830=CARTESIAN_POINT('Ctrl Pts',(26.0299772831246,14.389563036491,-81.9788368538956));
#7831=CARTESIAN_POINT('Ctrl Pts',(49.5984959466132,14.389563036491,-81.9788368538956));
#7832=CARTESIAN_POINT('Ctrl Pts',(73.1670146101019,14.389563036491,-81.9788368538956));
#7833=CARTESIAN_POINT('Ctrl Pts',(73.1670146101018,14.389563036491,-83.3));
#7834=CARTESIAN_POINT('Origin',(49.5984959466132,29.,-83.3));
#7835=CARTESIAN_POINT('Ctrl Pts',(72.5834064475945,17.,2.70781212743856));
#7836=CARTESIAN_POINT('Ctrl Pts',(72.5834024476675,17.,2.70781215160111));
#7837=CARTESIAN_POINT('Ctrl Pts',(72.5434743970111,17.,2.69764055643732));
#7838=CARTESIAN_POINT('Ctrl Pts',(72.3423843575329,17.,2.65177273785189));
#7839=CARTESIAN_POINT('Ctrl Pts',(71.9630862564131,17.,2.58036970135574));
#7840=CARTESIAN_POINT('Ctrl Pts',(71.221263959294,17.,2.46792771740207));
#7841=CARTESIAN_POINT('Ctrl Pts',(69.9713562164499,17.,2.32763441263357));
#7842=CARTESIAN_POINT('Ctrl Pts',(67.7302507763696,17.,2.14471582190148));
#7843=CARTESIAN_POINT('Ctrl Pts',(64.7221745255129,17.,1.97520671347467));
#7844=CARTESIAN_POINT('Ctrl Pts',(59.7747208476219,17.,1.78964021664882));
#7845=CARTESIAN_POINT('Ctrl Pts',(53.3811896797812,17.,1.67264559986331));
#7846=CARTESIAN_POINT('Ctrl Pts',(45.7882022938068,17.,1.67333893779674));
#7847=CARTESIAN_POINT('Ctrl Pts',(39.468819899555,17.,1.78852960897769));
#7848=CARTESIAN_POINT('Ctrl Pts',(34.5070903692095,17.,1.97375516983929));
#7849=CARTESIAN_POINT('Ctrl Pts',(31.4862310528272,17.,2.14301252608945));
#7850=CARTESIAN_POINT('Ctrl Pts',(29.2090456680383,17.,2.32917197866684));
#7851=CARTESIAN_POINT('Ctrl Pts',(27.9788481509101,17.,2.46757678832023));
#7852=CARTESIAN_POINT('Ctrl Pts',(27.2325447233916,17.,2.58054005623454));
#7853=CARTESIAN_POINT('Ctrl Pts',(26.8539530448671,17.,2.6519264999491));
#7854=CARTESIAN_POINT('Ctrl Pts',(26.6534730810284,17.,2.69763840391616));
#7855=CARTESIAN_POINT('Ctrl Pts',(26.613589445559,17.,2.70781215160111));
#7856=CARTESIAN_POINT('Ctrl Pts',(26.6135854456319,17.,2.70781212743855));
#7857=CARTESIAN_POINT('Ctrl Pts',(73.3675708815076,17.,2.90164986333268));
#7858=CARTESIAN_POINT('Ctrl Pts',(73.3675708815076,16.8935648833475,2.90164986333268));
#7859=CARTESIAN_POINT('Ctrl Pts',(73.2957234434463,16.6818768081028,2.8981697399222));
#7860=CARTESIAN_POINT('Ctrl Pts',(72.9796307696025,16.4144457218335,2.88253213599604));
#7861=CARTESIAN_POINT('Ctrl Pts',(72.4750625479963,16.2159294109431,2.85813400139199));
#7862=CARTESIAN_POINT('Ctrl Pts',(71.5986144929509,16.0272054205752,2.81953137377562));
#7863=CARTESIAN_POINT('Ctrl Pts',(70.2469099449865,15.8822045915819,2.77090687737016));
#7864=CARTESIAN_POINT('Ctrl Pts',(67.91515033197,15.7385083173963,2.70687494260703));
#7865=CARTESIAN_POINT('Ctrl Pts',(64.8481086318538,15.6372334841503,2.64669448210041));
#7866=CARTESIAN_POINT('Ctrl Pts',(59.842282119464,15.5426496252145,2.58002032145094));
#7867=CARTESIAN_POINT('Ctrl Pts',(53.4042483803554,15.4936142329486,2.53756317352895));
#7868=CARTESIAN_POINT('Ctrl Pts',(45.7649775425317,15.4938508754123,2.5376645017844));
#7869=CARTESIAN_POINT('Ctrl Pts',(39.4017999330687,15.5420053805503,2.57971692865735));
#7870=CARTESIAN_POINT('Ctrl Pts',(34.3814438843574,15.6366764401953,2.64619991773811));
#7871=CARTESIAN_POINT('Ctrl Pts',(31.3023613932547,15.7369899867044,2.70628639093382));
#7872=CARTESIAN_POINT('Ctrl Pts',(28.9325364339207,15.8836882755137,2.77144343607827));
#7873=CARTESIAN_POINT('Ctrl Pts',(27.6019092562825,16.0267598263269,2.81941144955683));
#7874=CARTESIAN_POINT('Ctrl Pts',(26.7203727151639,16.2163173926003,2.85819329170029));
#7875=CARTESIAN_POINT('Ctrl Pts',(26.2164058007807,16.4153672959724,2.88258479806276));
#7876=CARTESIAN_POINT('Ctrl Pts',(25.901228510619,16.6818371872867,2.89816920759995));
#7877=CARTESIAN_POINT('Ctrl Pts',(25.8294210117188,16.8943455540577,2.90164986333268));
#7878=CARTESIAN_POINT('Ctrl Pts',(25.8294210117188,17.,2.90164986333268));
#7879=CARTESIAN_POINT('Ctrl Pts',(74.1752950903148,17.,2.99999999999998));
#7880=CARTESIAN_POINT('Ctrl Pts',(74.1752950903148,16.7839300066705,2.99999999999998));
#7881=CARTESIAN_POINT('Ctrl Pts',(74.0714683011072,16.3541913045382,2.99997475956602));
#7882=CARTESIAN_POINT('Ctrl Pts',(73.6400857171615,15.808348546414,2.999950582022));
#7883=CARTESIAN_POINT('Ctrl Pts',(73.0097364806575,15.398140977043,2.99995895103672));
#7884=CARTESIAN_POINT('Ctrl Pts',(71.9977196892464,15.000900794869,3.00000071841807));
#7885=CARTESIAN_POINT('Ctrl Pts',(70.5427322184745,14.6850834227193,3.00002619229887));
#7886=CARTESIAN_POINT('Ctrl Pts',(68.1178190163515,14.3608574568197,3.00010372502264));
#7887=CARTESIAN_POINT('Ctrl Pts',(64.9886503727,14.1206947693615,3.00009522209511));
#7888=CARTESIAN_POINT('Ctrl Pts',(59.919501636576,13.8870798665357,3.00004120822049));
#7889=CARTESIAN_POINT('Ctrl Pts',(53.4308578588601,13.7586894765678,3.00013591468489));
#7890=CARTESIAN_POINT('Ctrl Pts',(45.7381756239873,13.7594226050742,2.99997843695543));
#7891=CARTESIAN_POINT('Ctrl Pts',(39.3251640425408,13.8854733927702,3.00014133575233));
#7892=CARTESIAN_POINT('Ctrl Pts',(34.2412245180487,14.1192144600239,3.00012373901238));
#7893=CARTESIAN_POINT('Ctrl Pts',(31.1007441390852,14.3574854706474,3.00011015585068));
#7894=CARTESIAN_POINT('Ctrl Pts',(28.6357399094194,14.6883492096119,3.00002666574292));
#7895=CARTESIAN_POINT('Ctrl Pts',(27.2032193287175,14.9999473743371,3.00000224392183));
#7896=CARTESIAN_POINT('Ctrl Pts',(26.1855014361642,15.3989513440691,2.9999594763527));
#7897=CARTESIAN_POINT('Ctrl Pts',(25.5556490690184,15.8102327216149,2.99995087611621));
#7898=CARTESIAN_POINT('Ctrl Pts',(25.1254880951629,16.3541111527731,2.99997490851863));
#7899=CARTESIAN_POINT('Ctrl Pts',(25.0216968029116,16.7855148174028,2.99999999999998));
#7900=CARTESIAN_POINT('Ctrl Pts',(25.0216968029116,17.,2.99999999999998));
#7901=CARTESIAN_POINT('Ctrl Pts',(74.9830655967835,17.,2.99999999999998));
#7902=CARTESIAN_POINT('Ctrl Pts',(74.9830655967835,16.6742879552417,2.99999999999998));
#7903=CARTESIAN_POINT('Ctrl Pts',(74.8472606794853,16.0264885362235,2.99999999999998));
#7904=CARTESIAN_POINT('Ctrl Pts',(74.3005949947578,15.202209552108,2.99999999999998));
#7905=CARTESIAN_POINT('Ctrl Pts',(73.5444752093266,14.5802645815667,2.99999999999998));
#7906=CARTESIAN_POINT('Ctrl Pts',(72.3969051749043,13.9744124036184,2.99999999999998));
#7907=CARTESIAN_POINT('Ctrl Pts',(70.838649606255,13.487610134561,2.99999999999998));
#7908=CARTESIAN_POINT('Ctrl Pts',(68.3205951339095,12.9825345525833,2.99999999999998));
#7909=CARTESIAN_POINT('Ctrl Pts',(65.129297727504,12.6030760110755,2.99999999999998));
#7910=CARTESIAN_POINT('Ctrl Pts',(59.9968050305546,12.2298618625248,2.99999999999998));
#7911=CARTESIAN_POINT('Ctrl Pts',(53.4575013433254,12.0216338564557,2.99999999999998));
#7912=CARTESIAN_POINT('Ctrl Pts',(45.7113393950909,12.022892579411,2.99999999999998));
#7913=CARTESIAN_POINT('Ctrl Pts',(39.2484436866989,12.2272739153907,2.99999999999998));
#7914=CARTESIAN_POINT('Ctrl Pts',(34.1009002724607,12.6006630572029,2.99999999999998));
#7915=CARTESIAN_POINT('Ctrl Pts',(30.8990191588492,12.9773054459543,2.99999999999998));
#7916=CARTESIAN_POINT('Ctrl Pts',(28.3388484678076,13.4926600945455,2.99999999999998));
#7917=CARTESIAN_POINT('Ctrl Pts',(26.8044490557677,13.9729505511547,2.99999999999998));
#7918=CARTESIAN_POINT('Ctrl Pts',(25.6505653873752,14.5814974258318,2.99999999999998));
#7919=CARTESIAN_POINT('Ctrl Pts',(24.8948380307153,15.2050563839943,2.99999999999998));
#7920=CARTESIAN_POINT('Ctrl Pts',(24.3497001587532,16.0263678361967,2.99999999999998));
#7921=CARTESIAN_POINT('Ctrl Pts',(24.2139262964429,16.6766769586207,2.99999999999998));
#7922=CARTESIAN_POINT('Ctrl Pts',(24.2139262964429,17.,2.99999999999998));
#7923=CARTESIAN_POINT('',(26.0299772831247,14.3895630364909,2.99999999999998));
#7924=CARTESIAN_POINT('',(26.613589445559,17.,2.70781215160111));
#7925=CARTESIAN_POINT('Ctrl Pts',(26.0299772831247,14.3895630364909,2.99999999999998));
#7926=CARTESIAN_POINT('Ctrl Pts',(26.0299772831247,14.6209046097208,2.99999999999998));
#7927=CARTESIAN_POINT('Ctrl Pts',(26.0294155233185,14.8483005802485,2.99386991301132));
#7928=CARTESIAN_POINT('Ctrl Pts',(26.0343782917092,15.2823187551567,2.97240255861534));
#7929=CARTESIAN_POINT('Ctrl Pts',(26.0399734177472,15.5008474615541,2.95678186023098));
#7930=CARTESIAN_POINT('Ctrl Pts',(26.0717561310891,15.9007456936107,2.91939147879818));
#7931=CARTESIAN_POINT('Ctrl Pts',(26.0969219343524,16.0966650976249,2.89719049604127));
#7932=CARTESIAN_POINT('Ctrl Pts',(26.1952998011456,16.5004956769892,2.84077573342322));
#7933=CARTESIAN_POINT('Ctrl Pts',(26.261367983627,16.6424235206754,2.81414927890901));
#7934=CARTESIAN_POINT('Ctrl Pts',(26.3632596692162,16.8108630715639,2.77804871260605));
#7935=CARTESIAN_POINT('Ctrl Pts',(26.408472344132,16.8662038131881,2.76382083441555));
#7936=CARTESIAN_POINT('Ctrl Pts',(26.4753911122557,16.9293758758261,2.74426804098928));
#7937=CARTESIAN_POINT('Ctrl Pts',(26.5009741504418,16.9498990240829,2.73709040378458));
#7938=CARTESIAN_POINT('Ctrl Pts',(26.5409340413712,16.9744241782572,2.72636791389363));
#7939=CARTESIAN_POINT('Ctrl Pts',(26.5545665437529,16.9816845945814,2.72278124170311));
#7940=CARTESIAN_POINT('Ctrl Pts',(26.5759423837387,16.9907235370285,2.71727213409785));
#7941=CARTESIAN_POINT('Ctrl Pts',(26.5837625148342,16.9935892224864,2.71527828164535));
#7942=CARTESIAN_POINT('Ctrl Pts',(26.5953971374311,16.9969297338947,2.71234432829581));
#7943=CARTESIAN_POINT('Ctrl Pts',(26.599366483614,16.9979172310022,2.7113486937518));
#7944=CARTESIAN_POINT('Ctrl Pts',(26.6051882273281,16.9990451234848,2.70989624024991));
#7945=CARTESIAN_POINT('Ctrl Pts',(26.6071626928907,16.9993746485119,2.70940492671115));
#7946=CARTESIAN_POINT('Ctrl Pts',(26.6099973173518,16.9997349775672,2.70870141643287));
#7947=CARTESIAN_POINT('Ctrl Pts',(26.6109383745949,16.9998368532238,2.7084681504061));
#7948=CARTESIAN_POINT('Ctrl Pts',(26.6122322290157,16.9999388947995,2.70814782661801));
#7949=CARTESIAN_POINT('Ctrl Pts',(26.6126350727183,16.9999655606619,2.70804814606743));
#7950=CARTESIAN_POINT('Ctrl Pts',(26.6131349141122,16.9999881047683,2.70792452791792));
#7951=CARTESIAN_POINT('Ctrl Pts',(26.6132562382312,16.9999927586925,2.70789452746242));
#7952=CARTESIAN_POINT('Ctrl Pts',(26.6134368902863,16.9999977718523,2.70784986367281));
#7953=CARTESIAN_POINT('Ctrl Pts',(26.6135057025508,16.9999992855712,2.70783285233711));
#7954=CARTESIAN_POINT('Ctrl Pts',(26.6135725435335,16.9999999198111,2.70781632961729));
#7955=CARTESIAN_POINT('Ctrl Pts',(26.6135978966342,17.,2.70781006258934));
#7956=CARTESIAN_POINT('Ctrl Pts',(26.613589445559,17.,2.70781215160111));
#7957=CARTESIAN_POINT('',(73.1670146101018,14.3895630364909,2.99999999999998));
#7958=CARTESIAN_POINT('Ctrl Pts',(26.0301589777073,14.3898903437614,2.99999999999998));
#7959=CARTESIAN_POINT('Ctrl Pts',(26.190713535818,14.3007633025079,2.99999999999998));
#7960=CARTESIAN_POINT('Ctrl Pts',(26.9377027350237,13.9312401138641,2.99999999999998));
#7961=CARTESIAN_POINT('Ctrl Pts',(28.3388484678076,13.4926600945455,2.99999999999998));
#7962=CARTESIAN_POINT('Ctrl Pts',(30.8990191588492,12.9773054459543,2.99999999999998));
#7963=CARTESIAN_POINT('Ctrl Pts',(34.1009002724607,12.6006630572029,2.99999999999998));
#7964=CARTESIAN_POINT('Ctrl Pts',(39.2484436866989,12.2272739153907,2.99999999999998));
#7965=CARTESIAN_POINT('Ctrl Pts',(45.7113393950909,12.022892579411,2.99999999999998));
#7966=CARTESIAN_POINT('Ctrl Pts',(53.4575013433254,12.0216338564557,2.99999999999998));
#7967=CARTESIAN_POINT('Ctrl Pts',(59.9968050305546,12.2298618625248,2.99999999999998));
#7968=CARTESIAN_POINT('Ctrl Pts',(65.129297727504,12.6030760110755,2.99999999999998));
#7969=CARTESIAN_POINT('Ctrl Pts',(68.3205951339095,12.9825345525833,2.99999999999998));
#7970=CARTESIAN_POINT('Ctrl Pts',(70.838649606255,13.487610134561,2.99999999999998));
#7971=CARTESIAN_POINT('Ctrl Pts',(72.2616173531442,13.9321482077229,2.99999999999998));
#7972=CARTESIAN_POINT('Ctrl Pts',(73.0069472944224,14.3006996690383,2.99999999999998));
#7973=CARTESIAN_POINT('Ctrl Pts',(73.1670216997235,14.3895502955722,2.99999999999998));
#7974=CARTESIAN_POINT('',(72.5834024476675,17.,2.70781215160111));
#7975=CARTESIAN_POINT('Ctrl Pts',(72.5834024476675,17.,2.70781215160111));
#7976=CARTESIAN_POINT('Ctrl Pts',(72.5834095330882,17.,2.70781390303827));
#7977=CARTESIAN_POINT('Ctrl Pts',(72.5834210200929,16.9999999043565,2.70781674253044));
#7978=CARTESIAN_POINT('Ctrl Pts',(72.5834885625301,16.999999259618,2.70783343865043));
#7979=CARTESIAN_POINT('Ctrl Pts',(72.583559998674,16.9999976629652,2.70785109869772));
#7980=CARTESIAN_POINT('Ctrl Pts',(72.5837427362676,16.9999925055217,2.70789627840799));
#7981=CARTESIAN_POINT('Ctrl Pts',(72.583863459532,16.9999878395851,2.70792613046923));
#7982=CARTESIAN_POINT('Ctrl Pts',(72.5843647803498,16.9999651096654,2.70805011516817));
#7983=CARTESIAN_POINT('Ctrl Pts',(72.5847695173844,16.9999382196969,2.70815026500655));
#7984=CARTESIAN_POINT('Ctrl Pts',(72.5860662206462,16.9998356083922,2.70847129745476));
#7985=CARTESIAN_POINT('Ctrl Pts',(72.5870080102931,16.9997334541834,2.70870474777221));
#7986=CARTESIAN_POINT('Ctrl Pts',(72.5898427977096,16.9993725266315,2.70940830751029));
#7987=CARTESIAN_POINT('Ctrl Pts',(72.5918162626354,16.9990429000097,2.70989937788535));
#7988=CARTESIAN_POINT('Ctrl Pts',(72.5976351194945,16.9979149058212,2.71135112667477));
#7989=CARTESIAN_POINT('Ctrl Pts',(72.6016021077211,16.9969277613836,2.71234617756759));
#7990=CARTESIAN_POINT('Ctrl Pts',(72.6132319022956,16.9935882172417,2.71527892763081));
#7991=CARTESIAN_POINT('Ctrl Pts',(72.6210491961369,16.9907235567852,2.71727205869608));
#7992=CARTESIAN_POINT('Ctrl Pts',(72.6424208363793,16.9816867111432,2.72278006867141));
#7993=CARTESIAN_POINT('Ctrl Pts',(72.6560517730534,16.974427481199,2.72636630965732));
#7994=CARTESIAN_POINT('Ctrl Pts',(72.6960131260889,16.9499027538247,2.73708910864198));
#7995=CARTESIAN_POINT('Ctrl Pts',(72.7215988391487,16.9293777333825,2.74426747166287));
#7996=CARTESIAN_POINT('Ctrl Pts',(72.7885202078082,16.8662031455539,2.76382103053767));
#7997=CARTESIAN_POINT('Ctrl Pts',(72.833733350227,16.810861662085,2.77804907010586));
#7998=CARTESIAN_POINT('Ctrl Pts',(72.935625329793,16.6424205711604,2.81414983733219));
#7999=CARTESIAN_POINT('Ctrl Pts',(73.0016938782783,16.5004914660152,2.8407764946405));
#8000=CARTESIAN_POINT('Ctrl Pts',(73.100072212893,16.0966532287255,2.89719200913816));
#8001=CARTESIAN_POINT('Ctrl Pts',(73.1252377554617,15.9007293250577,2.91939328293484));
#8002=CARTESIAN_POINT('Ctrl Pts',(73.1570190541529,15.5008305387208,2.956783139056));
#8003=CARTESIAN_POINT('Ctrl Pts',(73.1626138464821,15.2823058443767,2.97240333470611));
#8004=CARTESIAN_POINT('Ctrl Pts',(73.167576341908,14.848294100539,2.99387008929345));
#8005=CARTESIAN_POINT('Ctrl Pts',(73.1670146101018,14.6209012833669,2.99999999999998));
#8006=CARTESIAN_POINT('Ctrl Pts',(73.1670146101018,14.3895630364909,2.99999999999998));
#8007=CARTESIAN_POINT('Origin',(49.5984959466132,17.,2.99999999999994));
#8008=CARTESIAN_POINT('Ctrl Pts',(26.0299772831247,29.,2.99999999999993));
#8009=CARTESIAN_POINT('Ctrl Pts',(26.0299772831243,29.,1.67883685389548));
#8010=CARTESIAN_POINT('Ctrl Pts',(49.5984959466132,29.,1.6788368538955));
#8011=CARTESIAN_POINT('Ctrl Pts',(73.1670146101022,29.,1.67883685389548));
#8012=CARTESIAN_POINT('Ctrl Pts',(73.1670146101018,29.,2.99999999999994));
#8013=CARTESIAN_POINT('Ctrl Pts',(26.0299772831247,14.3895630364909,2.99999999999993));
#8014=CARTESIAN_POINT('Ctrl Pts',(26.0299772831243,14.3895630364909,1.67883685389548));
#8015=CARTESIAN_POINT('Ctrl Pts',(49.5984959466132,14.3895630364909,1.6788368538955));
#8016=CARTESIAN_POINT('Ctrl Pts',(73.1670146101022,14.3895630364909,1.67883685389548));
#8017=CARTESIAN_POINT('Ctrl Pts',(73.1670146101018,14.3895630364909,2.99999999999994));
#8018=CARTESIAN_POINT('',(26.0299772831246,29.,2.99999999999994));
#8019=CARTESIAN_POINT('',(73.1670146101018,29.,2.99999999999994));
#8020=CARTESIAN_POINT('Origin',(49.5984959466132,29.,2.99999999999994));
#8021=CARTESIAN_POINT('',(26.0299772831246,13.,2.99999999999998));
#8022=CARTESIAN_POINT('',(73.1670146101018,13.,2.99999999999998));
#8023=CARTESIAN_POINT('Ctrl Pts',(207.,29.,-32.15));
#8024=CARTESIAN_POINT('Ctrl Pts',(205.263913551742,29.,-32.15));
#8025=CARTESIAN_POINT('Ctrl Pts',(205.263913551742,29.,-40.15));
#8026=CARTESIAN_POINT('Ctrl Pts',(205.263913551742,29.,-48.15));
#8027=CARTESIAN_POINT('Ctrl Pts',(207.,29.,-48.15));
#8028=CARTESIAN_POINT('Ctrl Pts',(207.,12.7970735872326,-32.15));
#8029=CARTESIAN_POINT('Ctrl Pts',(205.263913551742,12.7970735872326,-32.15));
#8030=CARTESIAN_POINT('Ctrl Pts',(205.263913551742,12.7970735872326,-40.15));
#8031=CARTESIAN_POINT('Ctrl Pts',(205.263913551742,12.7970735872326,-48.15));
#8032=CARTESIAN_POINT('Ctrl Pts',(207.,12.7970735872326,-48.15));
#8033=CARTESIAN_POINT('Origin',(207.,29.,-40.15));
#8034=CARTESIAN_POINT('Origin',(106.092739685617,29.,-40.15));
#8035=CARTESIAN_POINT('',(0.846530153743106,29.,-79.9179262052913));
#8036=CARTESIAN_POINT('Origin',(8.34339968317465,29.,-73.3));
#8037=CARTESIAN_POINT('',(-20.8983735828183,29.,-55.2850274412176));
#8038=CARTESIAN_POINT('',(-23.4015040533868,29.,-52.4494499550268));
#8039=CARTESIAN_POINT('',(-23.4015040533868,29.,-48.6671012359264));
#8040=CARTESIAN_POINT('Origin',(-13.4015040533868,29.,-48.6671012359264));
#8041=CARTESIAN_POINT('',(-23.4015040533868,29.,-48.15));
#8042=CARTESIAN_POINT('',(-23.4015040533868,29.,-27.8505500449732));
#8043=CARTESIAN_POINT('',(-23.4015040533868,29.,-32.15));
#8044=CARTESIAN_POINT('Origin',(-23.4015040533868,29.,-40.15));
#8045=CARTESIAN_POINT('',(-23.4015040533868,29.,-31.6328987640737));
#8046=CARTESIAN_POINT('',(-23.4015040533868,29.,-27.8505500449732));
#8047=CARTESIAN_POINT('',(-20.8983735828183,29.,-25.0149725587824));
#8048=CARTESIAN_POINT('Origin',(-13.4015040533868,29.,-31.6328987640737));
#8049=CARTESIAN_POINT('',(0.846530153743102,29.,-0.382073794708765));
#8050=CARTESIAN_POINT('',(3.8320849518308,29.,2.99999999999998));
#8051=CARTESIAN_POINT('',(8.34339968317465,29.,2.99999999999998));
#8052=CARTESIAN_POINT('Origin',(8.34339968317465,29.,-7.00000000000002));
#8053=CARTESIAN_POINT('',(190.055168678642,29.,2.99999999999999));
#8054=CARTESIAN_POINT('',(110.431481336511,29.,2.99999999999995));
#8055=CARTESIAN_POINT('',(190.055168678642,29.,2.99999999999999));
#8056=CARTESIAN_POINT('',(157.568518663489,29.,2.99999999999994));
#8057=CARTESIAN_POINT('Origin',(134.,29.,2.99999999999995));
#8058=CARTESIAN_POINT('',(190.055168678642,29.,2.99999999999999));
#8059=CARTESIAN_POINT('Origin',(134.,29.,-83.3));
#8060=CARTESIAN_POINT('',(204.,29.,-13.653234147243));
#8061=CARTESIAN_POINT('',(204.,29.,-20.075));
#8062=CARTESIAN_POINT('',(201.989647407669,29.,-9.64549059534048));
#8063=CARTESIAN_POINT('Origin',(199.,29.,-13.653234147243));
#8064=CARTESIAN_POINT('',(190.3896362265,29.,-0.992256448097459));
#8065=CARTESIAN_POINT('',(172.028565198504,29.,12.7045102461738));
#8066=CARTESIAN_POINT('',(187.399988818831,29.,-1.32425170053025E-14));
#8067=CARTESIAN_POINT('Origin',(187.399988818831,29.,-5.00000000000002));
#8068=CARTESIAN_POINT('',(5.18547937123401,29.,-4.44089209850063E-15));
#8069=CARTESIAN_POINT('Ctrl Pts',(156.984910500981,17.,2.70781212743857));
#8070=CARTESIAN_POINT('Ctrl Pts',(156.984906501054,17.,2.70781215160112));
#8071=CARTESIAN_POINT('Ctrl Pts',(156.945001334043,17.,2.69764470044905));
#8072=CARTESIAN_POINT('Ctrl Pts',(156.743990259818,17.,2.65178930963326));
#8073=CARTESIAN_POINT('Ctrl Pts',(156.364680499271,17.,2.58039218261083));
#8074=CARTESIAN_POINT('Ctrl Pts',(155.623089389243,17.,2.46797112171416));
#8075=CARTESIAN_POINT('Ctrl Pts',(154.372908242928,17.,2.32768179792567));
#8076=CARTESIAN_POINT('Ctrl Pts',(152.133119572209,17.,2.14480743609217));
#8077=CARTESIAN_POINT('Ctrl Pts',(149.123989322522,17.,1.97514532204158));
#8078=CARTESIAN_POINT('Ctrl Pts',(144.174901230363,17.,1.78964623528716));
#8079=CARTESIAN_POINT('Ctrl Pts',(139.489668989941,17.,1.70380761285873));
#8080=CARTESIAN_POINT('Ctrl Pts',(134.405304707786,17.,1.67295332296831));
#8081=CARTESIAN_POINT('Ctrl Pts',(129.350114241216,17.,1.68872737344016));
#8082=CARTESIAN_POINT('Ctrl Pts',(123.868627677343,17.,1.78848564430606));
#8083=CARTESIAN_POINT('Ctrl Pts',(118.908783475813,17.,1.97378087676475));
#8084=CARTESIAN_POINT('Ctrl Pts',(115.888048748261,17.,2.14300437462054));
#8085=CARTESIAN_POINT('Ctrl Pts',(113.609943156389,17.,2.32926143235954));
#8086=CARTESIAN_POINT('Ctrl Pts',(112.380292418438,17.,2.46758047017851));
#8087=CARTESIAN_POINT('Ctrl Pts',(111.634211634828,17.,2.580506217971));
#8088=CARTESIAN_POINT('Ctrl Pts',(111.255532127626,17.,2.65189453772461));
#8089=CARTESIAN_POINT('Ctrl Pts',(111.054918562289,17.,2.6976930848657));
#8090=CARTESIAN_POINT('Ctrl Pts',(111.015093498946,17.,2.70781215160112));
#8091=CARTESIAN_POINT('Ctrl Pts',(111.015089499019,17.,2.70781212743857));
#8092=CARTESIAN_POINT('Ctrl Pts',(157.769074934894,17.,2.90164986333269));
#8093=CARTESIAN_POINT('Ctrl Pts',(157.769074934894,16.8935648833475,2.90164986333269));
#8094=CARTESIAN_POINT('Ctrl Pts',(157.697237667304,16.6818549924628,2.89817393370395));
#8095=CARTESIAN_POINT('Ctrl Pts',(157.381230352938,16.414422081811,2.88255234069977));
#8096=CARTESIAN_POINT('Ctrl Pts',(156.876660670939,16.2159099636352,2.85816210904398));
#8097=CARTESIAN_POINT('Ctrl Pts',(156.000434726616,16.027171076866,2.81959598361087));
#8098=CARTESIAN_POINT('Ctrl Pts',(154.648525189126,15.8822704974439,2.77099142086483));
#8099=CARTESIAN_POINT('Ctrl Pts',(152.317895118857,15.7383339380139,2.70715403052415));
#8100=CARTESIAN_POINT('Ctrl Pts',(149.249835371597,15.6372500349655,2.64658797988735));
#8101=CARTESIAN_POINT('Ctrl Pts',(144.24245358304,15.5424379365082,2.58029670874518));
#8102=CARTESIAN_POINT('Ctrl Pts',(139.524505049336,15.5070051392386,2.54882861500852));
#8103=CARTESIAN_POINT('Ctrl Pts',(134.407807851284,15.4933882857372,2.53768889719875));
#8104=CARTESIAN_POINT('Ctrl Pts',(129.321096899564,15.5006634887054,2.543304360942));
#8105=CARTESIAN_POINT('Ctrl Pts',(123.801639669388,15.5417705274508,2.57979877522536));
#8106=CARTESIAN_POINT('Ctrl Pts',(118.783173434248,15.6366906948867,2.64628596490055));
#8107=CARTESIAN_POINT('Ctrl Pts',(115.704126210708,15.7371000164188,2.70626006775328));
#8108=CARTESIAN_POINT('Ctrl Pts',(113.333381608569,15.8836011605156,2.77140727332408));
#8109=CARTESIAN_POINT('Ctrl Pts',(112.003471124583,16.0266068010254,2.81945852986194));
#8110=CARTESIAN_POINT('Ctrl Pts',(111.12198476092,16.2164296094854,2.85818397526276));
#8111=CARTESIAN_POINT('Ctrl Pts',(110.61801883303,16.4154126060123,2.88255897149364));
#8112=CARTESIAN_POINT('Ctrl Pts',(110.302407657656,16.6818978597079,2.89817109380156));
#8113=CARTESIAN_POINT('Ctrl Pts',(110.230925065106,16.8943455540578,2.90164986333269));
#8114=CARTESIAN_POINT('Ctrl Pts',(110.230925065106,17.,2.90164986333269));
#8115=CARTESIAN_POINT('Ctrl Pts',(158.576799143702,17.,2.99999999999999));
#8116=CARTESIAN_POINT('Ctrl Pts',(158.576799143702,16.7839300066705,2.99999999999999));
#8117=CARTESIAN_POINT('Ctrl Pts',(158.472970141304,16.3541461746655,2.99997754156651));
#8118=CARTESIAN_POINT('Ctrl Pts',(158.041680021074,15.8082978121355,2.99996520514833));
#8119=CARTESIAN_POINT('Ctrl Pts',(157.411340112046,15.3980968942715,2.99997957865453));
#8120=CARTESIAN_POINT('Ctrl Pts',(156.399537413475,15.0008213825744,3.0000508161137));
#8121=CARTESIAN_POINT('Ctrl Pts',(154.944414464648,14.6851965076152,3.00009585637327));
#8122=CARTESIAN_POINT('Ctrl Pts',(152.520446687582,14.3604415834153,3.00035324328775));
#8123=CARTESIAN_POINT('Ctrl Pts',(149.390293533841,14.120754204671,3.00000852502185));
#8124=CARTESIAN_POINT('Ctrl Pts',(144.319663451185,13.8865673595331,3.00031657187602));
#8125=CARTESIAN_POINT('Ctrl Pts',(139.564527395064,13.7935393402472,3.00007166164166));
#8126=CARTESIAN_POINT('Ctrl Pts',(134.410694567647,13.7583493569827,3.00014253606832));
#8127=CARTESIAN_POINT('Ctrl Pts',(129.287695189357,13.7769716380443,3.00003062700873));
#8128=CARTESIAN_POINT('Ctrl Pts',(123.725033768392,13.8849806240408,3.00023585921051));
#8129=CARTESIAN_POINT('Ctrl Pts',(118.642987112558,14.1192146851968,3.00020307101921));
#8130=CARTESIAN_POINT('Ctrl Pts',(115.502454316685,14.3577192068057,3.00008576367183));
#8131=CARTESIAN_POINT('Ctrl Pts',(113.036530557563,14.6882142676515,2.99995812765397));
#8132=CARTESIAN_POINT('Ctrl Pts',(111.604895941195,14.9996250279484,3.00004833311173));
#8133=CARTESIAN_POINT('Ctrl Pts',(110.587057555178,15.3991737108107,2.99996151819202));
#8134=CARTESIAN_POINT('Ctrl Pts',(109.957296014541,15.8103249702443,2.99993547209492));
#8135=CARTESIAN_POINT('Ctrl Pts',(109.526400997364,16.3542474214287,2.99995817005641));
#8136=CARTESIAN_POINT('Ctrl Pts',(109.423200856299,16.7855148174028,2.99999999999998));
#8137=CARTESIAN_POINT('Ctrl Pts',(109.423200856299,17.,2.99999999999998));
#8138=CARTESIAN_POINT('Ctrl Pts',(159.38456965017,17.,2.99999999999999));
#8139=CARTESIAN_POINT('Ctrl Pts',(159.38456965017,16.6742879552417,2.99999999999999));
#8140=CARTESIAN_POINT('Ctrl Pts',(159.248750243563,16.0264196888844,2.99999999999999));
#8141=CARTESIAN_POINT('Ctrl Pts',(158.702184345869,15.2021299552131,2.99999999999999));
#8142=CARTESIAN_POINT('Ctrl Pts',(157.946084888363,14.5801935061315,2.99999999999999));
#8143=CARTESIAN_POINT('Ctrl Pts',(156.798721215173,13.9742819622739,2.99999999999999));
#8144=CARTESIAN_POINT('Ctrl Pts',(155.240400176431,13.4877626691472,2.99999999999999));
#8145=CARTESIAN_POINT('Ctrl Pts',(152.723107651947,12.981844948921,2.99999999999999));
#8146=CARTESIAN_POINT('Ctrl Pts',(149.530858919876,12.6031938788962,2.99999999999999));
#8147=CARTESIAN_POINT('Ctrl Pts',(144.396957322534,12.2290079408366,2.99999999999999));
#8148=CARTESIAN_POINT('Ctrl Pts',(139.604599017605,12.0780768436183,2.99999999999999));
#8149=CARTESIAN_POINT('Ctrl Pts',(134.413586030692,12.0211812794381,2.99999999999998));
#8150=CARTESIAN_POINT('Ctrl Pts',(129.254250795008,12.05122948849,2.99999999999998));
#8151=CARTESIAN_POINT('Ctrl Pts',(123.648343172973,12.2265104181246,2.99999999999998));
#8152=CARTESIAN_POINT('Ctrl Pts',(118.502694633887,12.6006396003106,2.99999999999998));
#8153=CARTESIAN_POINT('Ctrl Pts',(115.300673948043,12.9776679971518,2.99999999999998));
#8154=CARTESIAN_POINT('Ctrl Pts',(112.739584081423,13.4924882167454,2.99999999999998));
#8155=CARTESIAN_POINT('Ctrl Pts',(111.206239401739,13.9724539369089,2.99999999999998));
#8156=CARTESIAN_POINT('Ctrl Pts',(110.052065105199,14.5818302498149,2.99999999999998));
#8157=CARTESIAN_POINT('Ctrl Pts',(109.296518823046,15.2051978272136,2.99999999999998));
#8158=CARTESIAN_POINT('Ctrl Pts',(108.750346919033,16.0265818602084,2.99999999999998));
#8159=CARTESIAN_POINT('Ctrl Pts',(108.61543034983,16.6766769586207,2.99999999999998));
#8160=CARTESIAN_POINT('Ctrl Pts',(108.61543034983,17.,2.99999999999998));
#8161=CARTESIAN_POINT('',(110.431481336511,14.3895630364909,2.99999999999998));
#8162=CARTESIAN_POINT('',(111.015093498946,17.,2.70781215160112));
#8163=CARTESIAN_POINT('Ctrl Pts',(110.431481336511,14.3895630364909,2.99999999999998));
#8164=CARTESIAN_POINT('Ctrl Pts',(110.431481336511,14.6209046097209,2.99999999999998));
#8165=CARTESIAN_POINT('Ctrl Pts',(110.430919576705,14.8483005802486,2.99386991301132));
#8166=CARTESIAN_POINT('Ctrl Pts',(110.435882345096,15.282318755156,2.97240255861538));
#8167=CARTESIAN_POINT('Ctrl Pts',(110.441477471134,15.5008474615539,2.956781860231));
#8168=CARTESIAN_POINT('Ctrl Pts',(110.473260184476,15.9007456936112,2.91939147879815));
#8169=CARTESIAN_POINT('Ctrl Pts',(110.498425987739,16.0966650976251,2.89719049604127));
#8170=CARTESIAN_POINT('Ctrl Pts',(110.596803854538,16.500495677011,2.84077573342019));
#8171=CARTESIAN_POINT('Ctrl Pts',(110.662872037024,16.6424235206915,2.81414927890559));
#8172=CARTESIAN_POINT('Ctrl Pts',(110.764763722596,16.810863071553,2.77804871260839));
#8173=CARTESIAN_POINT('Ctrl Pts',(110.809976397511,16.8662038131809,2.76382083441779));
#8174=CARTESIAN_POINT('Ctrl Pts',(110.876895165643,16.9293758758263,2.74426804098926));
#8175=CARTESIAN_POINT('Ctrl Pts',(110.902478203829,16.9498990240829,2.73709040378459));
#8176=CARTESIAN_POINT('Ctrl Pts',(110.942438094758,16.9744241782569,2.72636791389379));
#8177=CARTESIAN_POINT('Ctrl Pts',(110.956070597139,16.9816845945814,2.72278124170319));
#8178=CARTESIAN_POINT('Ctrl Pts',(110.977446437126,16.9907235370288,2.71727213409777));
#8179=CARTESIAN_POINT('Ctrl Pts',(110.985266568221,16.9935892224864,2.71527828164535));
#8180=CARTESIAN_POINT('Ctrl Pts',(110.996901190818,16.9969297338948,2.71234432829582));
#8181=CARTESIAN_POINT('Ctrl Pts',(111.000870537001,16.9979172310022,2.71134869375186));
#8182=CARTESIAN_POINT('Ctrl Pts',(111.006692280717,16.9990451234853,2.70989624024936));
#8183=CARTESIAN_POINT('Ctrl Pts',(111.008666746278,16.999374648512,2.70940492671097));
#8184=CARTESIAN_POINT('Ctrl Pts',(111.011501370744,16.9997349775679,2.70870141643144));
#8185=CARTESIAN_POINT('Ctrl Pts',(111.012442427985,16.999836853224,2.70846815040524));
#8186=CARTESIAN_POINT('Ctrl Pts',(111.013736282378,16.9999388947973,2.70814782662411));
#8187=CARTESIAN_POINT('Ctrl Pts',(111.014139126092,16.9999655606613,2.70804814607057));
#8188=CARTESIAN_POINT('Ctrl Pts',(111.014638967394,16.9999881047639,2.70792452794387));
#8189=CARTESIAN_POINT('Ctrl Pts',(111.014760291403,16.9999927586845,2.70789452751565));
#8190=CARTESIAN_POINT('Ctrl Pts',(111.014940943425,16.9999977718471,2.70784986373423));
#8191=CARTESIAN_POINT('Ctrl Pts',(111.015009755728,16.9999992855681,2.70783285238903));
#8192=CARTESIAN_POINT('Ctrl Pts',(111.015076596853,16.9999999198112,2.70781632963389));
#8193=CARTESIAN_POINT('Ctrl Pts',(111.015101950055,17.,2.70781006258107));
#8194=CARTESIAN_POINT('Ctrl Pts',(111.015093498946,17.,2.70781215160112));
#8195=CARTESIAN_POINT('',(157.568518663489,14.3895630364909,2.99999999999999));
#8196=CARTESIAN_POINT('Ctrl Pts',(110.431298836388,14.3901908555516,2.99999999999998));
#8197=CARTESIAN_POINT('Ctrl Pts',(110.59201737457,14.3008812087014,2.99999999999998));
#8198=CARTESIAN_POINT('Ctrl Pts',(111.339236223852,13.9308234305064,2.99999999999998));
#8199=CARTESIAN_POINT('Ctrl Pts',(112.739584081423,13.4924882167454,2.99999999999998));
#8200=CARTESIAN_POINT('Ctrl Pts',(115.300673948043,12.9776679971518,2.99999999999998));
#8201=CARTESIAN_POINT('Ctrl Pts',(118.502694633887,12.6006396003106,2.99999999999998));
#8202=CARTESIAN_POINT('Ctrl Pts',(123.648343172973,12.2265104181246,2.99999999999998));
#8203=CARTESIAN_POINT('Ctrl Pts',(129.254250795008,12.05122948849,2.99999999999998));
#8204=CARTESIAN_POINT('Ctrl Pts',(134.413586030692,12.0211812794381,2.99999999999998));
#8205=CARTESIAN_POINT('Ctrl Pts',(139.604599017605,12.0780768436183,2.99999999999999));
#8206=CARTESIAN_POINT('Ctrl Pts',(144.396957322534,12.2290079408366,2.99999999999999));
#8207=CARTESIAN_POINT('Ctrl Pts',(149.530858919876,12.6031938788962,2.99999999999999));
#8208=CARTESIAN_POINT('Ctrl Pts',(152.723107651947,12.981844948921,2.99999999999999));
#8209=CARTESIAN_POINT('Ctrl Pts',(155.240400176431,13.4877626691472,2.99999999999999));
#8210=CARTESIAN_POINT('Ctrl Pts',(156.663109501033,13.931942987401,2.99999999999999));
#8211=CARTESIAN_POINT('Ctrl Pts',(157.408056220551,14.3003120630082,2.99999999999999));
#8212=CARTESIAN_POINT('Ctrl Pts',(157.567834523987,14.3889793753759,2.99999999999999));
#8213=CARTESIAN_POINT('',(156.984906501054,17.,2.70781215160112));
#8214=CARTESIAN_POINT('Ctrl Pts',(156.984906501054,17.,2.70781215160112));
#8215=CARTESIAN_POINT('Ctrl Pts',(156.984913586784,17.,2.70781390311471));
#8216=CARTESIAN_POINT('Ctrl Pts',(156.984925073559,16.9999999043584,2.70781674255013));
#8217=CARTESIAN_POINT('Ctrl Pts',(156.984992616755,16.9999992596053,2.7078334388575));
#8218=CARTESIAN_POINT('Ctrl Pts',(156.985064053299,16.9999976629331,2.70785109900384));
#8219=CARTESIAN_POINT('Ctrl Pts',(156.985246790317,16.9999925054948,2.70789627857184));
#8220=CARTESIAN_POINT('Ctrl Pts',(156.985367513167,16.9999878395735,2.7079261305307));
#8221=CARTESIAN_POINT('Ctrl Pts',(156.985868833728,16.9999651096658,2.70805011516595));
#8222=CARTESIAN_POINT('Ctrl Pts',(156.986273570761,16.9999382196977,2.70815026500404));
#8223=CARTESIAN_POINT('Ctrl Pts',(156.987570274034,16.9998356083922,2.70847129745492));
#8224=CARTESIAN_POINT('Ctrl Pts',(156.988512063684,16.9997334541828,2.70870474777317));
#8225=CARTESIAN_POINT('Ctrl Pts',(156.991346851092,16.9993725266319,2.70940830750923));
#8226=CARTESIAN_POINT('Ctrl Pts',(156.993320316011,16.9990429000123,2.70989937788246));
#8227=CARTESIAN_POINT('Ctrl Pts',(156.999139172884,16.9979149058208,2.71135112667546));
#8228=CARTESIAN_POINT('Ctrl Pts',(157.003106161114,16.9969277613817,2.71234617756925));
#8229=CARTESIAN_POINT('Ctrl Pts',(157.014735955682,16.9935882172417,2.71527892763079));
#8230=CARTESIAN_POINT('Ctrl Pts',(157.022553249524,16.9907235567852,2.71727205869608));
#8231=CARTESIAN_POINT('Ctrl Pts',(157.043924889766,16.9816867111432,2.72278006867137));
#8232=CARTESIAN_POINT('Ctrl Pts',(157.05755582644,16.9744274811993,2.72636630965721));
#8233=CARTESIAN_POINT('Ctrl Pts',(157.097517179476,16.9499027538247,2.73708910864201));
#8234=CARTESIAN_POINT('Ctrl Pts',(157.123102892536,16.9293777333823,2.74426747166295));
#8235=CARTESIAN_POINT('Ctrl Pts',(157.190024261197,16.8662031455521,2.76382103053822));
#8236=CARTESIAN_POINT('Ctrl Pts',(157.235237403615,16.8108616620823,2.77804907010643));
#8237=CARTESIAN_POINT('Ctrl Pts',(157.337129383174,16.6424205711696,2.81414983733023));
#8238=CARTESIAN_POINT('Ctrl Pts',(157.403197931662,16.5004914660277,2.84077649463876));
#8239=CARTESIAN_POINT('Ctrl Pts',(157.50157626628,16.0966532287253,2.89719200913819));
#8240=CARTESIAN_POINT('Ctrl Pts',(157.526741808848,15.9007293250571,2.91939328293491));
#8241=CARTESIAN_POINT('Ctrl Pts',(157.55852310754,15.500830538721,2.95678313905599));
#8242=CARTESIAN_POINT('Ctrl Pts',(157.564117899869,15.2823058443775,2.97240333470608));
#8243=CARTESIAN_POINT('Ctrl Pts',(157.569080395295,14.8482941005388,2.99387008929347));
#8244=CARTESIAN_POINT('Ctrl Pts',(157.568518663489,14.6209012833666,2.99999999999999));
#8245=CARTESIAN_POINT('Ctrl Pts',(157.568518663489,14.3895630364909,2.99999999999999));
#8246=CARTESIAN_POINT('Origin',(134.,17.,2.99999999999995));
#8247=CARTESIAN_POINT('Ctrl Pts',(157.568518663489,29.,2.99999999999995));
#8248=CARTESIAN_POINT('Ctrl Pts',(157.568518663489,29.,1.6788368538955));
#8249=CARTESIAN_POINT('Ctrl Pts',(134.,29.,1.67883685389552));
#8250=CARTESIAN_POINT('Ctrl Pts',(110.431481336511,29.,1.67883685389551));
#8251=CARTESIAN_POINT('Ctrl Pts',(110.431481336511,29.,2.99999999999996));
#8252=CARTESIAN_POINT('Ctrl Pts',(157.568518663489,14.3895630364909,2.99999999999995));
#8253=CARTESIAN_POINT('Ctrl Pts',(157.568518663489,14.3895630364909,1.6788368538955));
#8254=CARTESIAN_POINT('Ctrl Pts',(134.,14.3895630364909,1.67883685389552));
#8255=CARTESIAN_POINT('Ctrl Pts',(110.431481336511,14.3895630364909,1.67883685389551));
#8256=CARTESIAN_POINT('Ctrl Pts',(110.431481336511,14.3895630364909,2.99999999999996));
#8257=CARTESIAN_POINT('',(110.431481336511,13.,2.99999999999998));
#8258=CARTESIAN_POINT('',(157.568518663489,13.,2.99999999999999));
#8259=CARTESIAN_POINT('Origin',(3.8320849518308,-3.,2.99999999999998));
#8260=CARTESIAN_POINT('',(8.34339968317465,-3.,2.99999999999998));
#8261=CARTESIAN_POINT('Ctrl Pts',(111.015089499019,17.,-83.0078121274386));
#8262=CARTESIAN_POINT('Ctrl Pts',(111.015093498946,17.,-83.0078121516012));
#8263=CARTESIAN_POINT('Ctrl Pts',(111.054988423654,17.,-82.9976465935056));
#8264=CARTESIAN_POINT('Ctrl Pts',(111.255981415398,17.,-82.951795198765));
#8265=CARTESIAN_POINT('Ctrl Pts',(111.635280222315,17.,-82.880400879839));
#8266=CARTESIAN_POINT('Ctrl Pts',(112.376841753118,17.,-82.7679848472859));
#8267=CARTESIAN_POINT('Ctrl Pts',(113.627009477721,17.,-82.6276985507011));
#8268=CARTESIAN_POINT('Ctrl Pts',(115.866775863639,17.,-82.4448237456097));
#8269=CARTESIAN_POINT('Ctrl Pts',(118.875972845071,17.,-82.2751405228545));
#8270=CARTESIAN_POINT('Ctrl Pts',(123.825050603522,17.,-82.0896467510043));
#8271=CARTESIAN_POINT('Ctrl Pts',(128.510304377853,17.,-82.0038049897691));
#8272=CARTESIAN_POINT('Ctrl Pts',(133.594703514185,17.,-81.9729530985688));
#8273=CARTESIAN_POINT('Ctrl Pts',(138.649765929908,17.,-81.988727706165));
#8274=CARTESIAN_POINT('Ctrl Pts',(144.131685671208,17.,-82.0884739393549));
#8275=CARTESIAN_POINT('Ctrl Pts',(149.091232802856,17.,-82.2737823655046));
#8276=CARTESIAN_POINT('Ctrl Pts',(152.112556050002,17.,-82.4429959426741));
#8277=CARTESIAN_POINT('Ctrl Pts',(154.389934448028,17.,-82.6292680870791));
#8278=CARTESIAN_POINT('Ctrl Pts',(155.619560993745,17.,-82.7675839192001));
#8279=CARTESIAN_POINT('Ctrl Pts',(156.365718114289,17.,-82.880507784553));
#8280=CARTESIAN_POINT('Ctrl Pts',(156.744400190893,17.,-82.951896350591));
#8281=CARTESIAN_POINT('Ctrl Pts',(156.945059312808,17.,-82.9976940509469));
#8282=CARTESIAN_POINT('Ctrl Pts',(156.984906501054,17.,-83.0078121516012));
#8283=CARTESIAN_POINT('Ctrl Pts',(156.984910500981,17.,-83.0078121274386));
#8284=CARTESIAN_POINT('Ctrl Pts',(110.230925065106,17.,-83.2016498633327));
#8285=CARTESIAN_POINT('Ctrl Pts',(110.230925065106,16.8935648833475,-83.2016498633327));
#8286=CARTESIAN_POINT('Ctrl Pts',(110.302755589518,16.6818482113635,-83.1981761711362));
#8287=CARTESIAN_POINT('Ctrl Pts',(110.618742243603,16.4144150660495,-83.1825594167505));
#8288=CARTESIAN_POINT('Ctrl Pts',(111.12329994349,16.215900707869,-83.1581736179949));
#8289=CARTESIAN_POINT('Ctrl Pts',(111.999493776547,16.0271640353407,-83.119614440554));
#8290=CARTESIAN_POINT('Ctrl Pts',(113.351387335427,15.8822676757805,-83.071023734988));
#8291=CARTESIAN_POINT('Ctrl Pts',(115.682000412125,15.7383281419572,-83.0071956546393));
#8292=CARTESIAN_POINT('Ctrl Pts',(118.75014586408,15.637237855977,-82.9466368365399));
#8293=CARTESIAN_POINT('Ctrl Pts',(123.757517497307,15.5424276912411,-82.8803618862236));
#8294=CARTESIAN_POINT('Ctrl Pts',(128.475468783792,15.5070110798337,-82.848879960606));
#8295=CARTESIAN_POINT('Ctrl Pts',(133.592184275942,15.4933943553347,-82.8377409782101));
#8296=CARTESIAN_POINT('Ctrl Pts',(138.678775354184,15.5006788370814,-82.8433432982728));
#8297=CARTESIAN_POINT('Ctrl Pts',(144.19862027088,15.5417160186601,-82.8798756345916));
#8298=CARTESIAN_POINT('Ctrl Pts',(149.216825141708,15.6366873532502,-82.9463336281251));
#8299=CARTESIAN_POINT('Ctrl Pts',(152.296418325759,15.7370106393401,-83.0063387806279));
#8300=CARTESIAN_POINT('Ctrl Pts',(154.666495838781,15.8836108026142,-83.0714141051323));
#8301=CARTESIAN_POINT('Ctrl Pts',(155.996384549027,16.026625149894,-83.1194499294761));
#8302=CARTESIAN_POINT('Ctrl Pts',(156.877943720703,16.2164413482415,-83.1581804154966));
#8303=CARTESIAN_POINT('Ctrl Pts',(157.381913310312,16.4154242373275,-83.1825543892131));
#8304=CARTESIAN_POINT('Ctrl Pts',(157.697569308662,16.6819035703188,-83.1981693336215));
#8305=CARTESIAN_POINT('Ctrl Pts',(157.769074934894,16.8943455540577,-83.2016498633327));
#8306=CARTESIAN_POINT('Ctrl Pts',(157.769074934894,17.,-83.2016498633327));
#8307=CARTESIAN_POINT('Ctrl Pts',(109.423200856299,17.,-83.3));
#8308=CARTESIAN_POINT('Ctrl Pts',(109.423200856299,16.7839300066705,-83.3));
#8309=CARTESIAN_POINT('Ctrl Pts',(109.527026439722,16.3541320634516,-83.2999791318027));
#8310=CARTESIAN_POINT('Ctrl Pts',(109.958293027533,15.8082826946999,-83.2999702885593));
#8311=CARTESIAN_POINT('Ctrl Pts',(110.588619629616,15.3980764752488,-83.299988156596));
#8312=CARTESIAN_POINT('Ctrl Pts',(111.600387361734,15.0008045989373,-83.3000646622706));
#8313=CARTESIAN_POINT('Ctrl Pts',(113.055491136416,14.6851845597576,-83.3001226691353));
#8314=CARTESIAN_POINT('Ctrl Pts',(115.479446941461,14.3604206815101,-83.3003895996438));
#8315=CARTESIAN_POINT('Ctrl Pts',(118.609704459233,14.1207124883962,-83.300059557464));
#8316=CARTESIAN_POINT('Ctrl Pts',(123.680325095004,13.8865229825143,-83.3003825193728));
#8317=CARTESIAN_POINT('Ctrl Pts',(128.435445627314,13.7935284868674,-83.3001251501127));
#8318=CARTESIAN_POINT('Ctrl Pts',(133.589281144693,13.7583385053126,-83.3001960434263));
#8319=CARTESIAN_POINT('Ctrl Pts',(138.712169701451,13.7769845090538,-83.3000705982643));
#8320=CARTESIAN_POINT('Ctrl Pts',(144.275174870402,13.8848403003987,-83.3003178140467));
#8321=CARTESIAN_POINT('Ctrl Pts',(149.356995566052,14.1191918967303,-83.300250916527));
#8322=CARTESIAN_POINT('Ctrl Pts',(152.498032812494,14.3575130730984,-83.3001678100057));
#8323=CARTESIAN_POINT('Ctrl Pts',(154.963347465726,14.6882327468361,-83.2999628397416));
#8324=CARTESIAN_POINT('Ctrl Pts',(156.394962259012,14.9996655478819,-83.3000384885564));
#8325=CARTESIAN_POINT('Ctrl Pts',(157.412869982931,15.3991988954566,-83.299957370764));
#8326=CARTESIAN_POINT('Ctrl Pts',(158.042636152141,15.8103503011237,-83.2999302153794));
#8327=CARTESIAN_POINT('Ctrl Pts',(158.473575162279,16.3542596978457,-83.299956050383));
#8328=CARTESIAN_POINT('Ctrl Pts',(158.576799143702,16.7855148174028,-83.3));
#8329=CARTESIAN_POINT('Ctrl Pts',(158.576799143702,17.,-83.3));
#8330=CARTESIAN_POINT('Ctrl Pts',(108.61543034983,17.,-83.3));
#8331=CARTESIAN_POINT('Ctrl Pts',(108.61543034983,16.6742879552417,-83.3));
#8332=CARTESIAN_POINT('Ctrl Pts',(108.751249603555,16.0263980614206,-83.3));
#8333=CARTESIAN_POINT('Ctrl Pts',(109.297788999752,15.2021061950143,-83.3000000000001));
#8334=CARTESIAN_POINT('Ctrl Pts',(110.053873724251,14.5801610212823,-83.3));
#8335=CARTESIAN_POINT('Ctrl Pts',(111.201199472993,13.9742539855766,-83.3000000000001));
#8336=CARTESIAN_POINT('Ctrl Pts',(112.759497916158,13.4877387177714,-83.3));
#8337=CARTESIAN_POINT('Ctrl Pts',(115.276783397976,12.9818048959819,-83.3));
#8338=CARTESIAN_POINT('Ctrl Pts',(118.469154992614,12.6031164634762,-83.3));
#8339=CARTESIAN_POINT('Ctrl Pts',(123.6030480507,12.2289203941006,-83.3));
#8340=CARTESIAN_POINT('Ctrl Pts',(128.395372737032,12.0780409092332,-83.3));
#8341=CARTESIAN_POINT('Ctrl Pts',(133.586373155352,12.0211450462352,-83.3));
#8342=CARTESIAN_POINT('Ctrl Pts',(138.745606981983,12.051233349793,-83.3000000000001));
#8343=CARTESIAN_POINT('Ctrl Pts',(144.351814851748,12.2262729765427,-83.3));
#8344=CARTESIAN_POINT('Ctrl Pts',(149.49727280219,12.6005914987126,-83.3));
#8345=CARTESIAN_POINT('Ctrl Pts',(152.699756634232,12.977334824517,-83.3));
#8346=CARTESIAN_POINT('Ctrl Pts',(155.260294816916,13.492515275918,-83.3));
#8347=CARTESIAN_POINT('Ctrl Pts',(156.793621463042,13.9725181216848,-83.3));
#8348=CARTESIAN_POINT('Ctrl Pts',(157.947861626926,14.5818695552692,-83.3));
#8349=CARTESIAN_POINT('Ctrl Pts',(158.703413457849,15.2052376369719,-83.3));
#8350=CARTESIAN_POINT('Ctrl Pts',(159.249628476651,16.0266010016228,-83.3000000000001));
#8351=CARTESIAN_POINT('Ctrl Pts',(159.38456965017,16.6766769586207,-83.3));
#8352=CARTESIAN_POINT('Ctrl Pts',(159.38456965017,17.,-83.3));
#8353=CARTESIAN_POINT('',(156.984906501054,17.,-83.0078121516012));
#8354=CARTESIAN_POINT('Ctrl Pts',(157.568518663489,14.389563036491,-83.3));
#8355=CARTESIAN_POINT('Ctrl Pts',(157.568518663489,14.6209046097213,-83.3));
#8356=CARTESIAN_POINT('Ctrl Pts',(157.569080423295,14.848300580249,-83.2938699130113));
#8357=CARTESIAN_POINT('Ctrl Pts',(157.564117654904,15.2823187551568,-83.2724025586154));
#8358=CARTESIAN_POINT('Ctrl Pts',(157.558522528866,15.5008474615541,-83.256781860231));
#8359=CARTESIAN_POINT('Ctrl Pts',(157.526739815524,15.9007456936104,-83.2193914787982));
#8360=CARTESIAN_POINT('Ctrl Pts',(157.501574012261,16.0966650976249,-83.1971904960413));
#8361=CARTESIAN_POINT('Ctrl Pts',(157.403196145468,16.5004956769892,-83.1407757334233));
#8362=CARTESIAN_POINT('Ctrl Pts',(157.337127962986,16.6424235206754,-83.1141492789091));
#8363=CARTESIAN_POINT('Ctrl Pts',(157.235236277385,16.8108630715844,-83.0780487126017));
#8364=CARTESIAN_POINT('Ctrl Pts',(157.190023602467,16.8662038132017,-83.0638208344114));
#8365=CARTESIAN_POINT('Ctrl Pts',(157.123104834359,16.9293758758241,-83.0442680409899));
#8366=CARTESIAN_POINT('Ctrl Pts',(157.097521796172,16.9498990240825,-83.0370904037849));
#8367=CARTESIAN_POINT('Ctrl Pts',(157.057561905241,16.9744241782583,-83.0263679138933));
#8368=CARTESIAN_POINT('Ctrl Pts',(157.04392940286,16.9816845945817,-83.0227812417031));
#8369=CARTESIAN_POINT('Ctrl Pts',(157.022553562869,16.9907235370309,-83.0172721340965));
#8370=CARTESIAN_POINT('Ctrl Pts',(157.014733431777,16.9935892224868,-83.0152782816448));
#8371=CARTESIAN_POINT('Ctrl Pts',(157.003098809194,16.9969297338909,-83.0123443282989));
#8372=CARTESIAN_POINT('Ctrl Pts',(156.999129463004,16.9979172310015,-83.011348693753));
#8373=CARTESIAN_POINT('Ctrl Pts',(156.993307719288,16.9990451234845,-83.0098962402506));
#8374=CARTESIAN_POINT('Ctrl Pts',(156.991333253725,16.9993746485118,-83.0094049267119));
#8375=CARTESIAN_POINT('Ctrl Pts',(156.98849862924,16.9997349775704,-83.0087014164277));
#8376=CARTESIAN_POINT('Ctrl Pts',(156.987557572013,16.9998368532243,-83.0084681504047));
#8377=CARTESIAN_POINT('Ctrl Pts',(156.986263717561,16.9999388948023,-83.0081478266091));
#8378=CARTESIAN_POINT('Ctrl Pts',(156.985860873871,16.9999655606629,-83.0080481460615));
#8379=CARTESIAN_POINT('Ctrl Pts',(156.985361033205,16.9999881047358,-83.007924528092));
#8380=CARTESIAN_POINT('Ctrl Pts',(156.985239709658,16.999992758644,-83.0078945277781));
#8381=CARTESIAN_POINT('Ctrl Pts',(156.985059058034,16.9999977718129,-83.0078498640948));
#8382=CARTESIAN_POINT('Ctrl Pts',(156.984990245342,16.9999992855522,-83.0078328526536));
#8383=CARTESIAN_POINT('Ctrl Pts',(156.984923403475,16.9999999198116,-83.007816329715));
#8384=CARTESIAN_POINT('Ctrl Pts',(156.984898049781,17.,-83.0078100625406));
#8385=CARTESIAN_POINT('Ctrl Pts',(156.984906501054,17.,-83.0078121516012));
#8386=CARTESIAN_POINT('',(111.015093498946,17.,-83.0078121516012));
#8387=CARTESIAN_POINT('Ctrl Pts',(111.015093498946,17.,-83.0078121516012));
#8388=CARTESIAN_POINT('Ctrl Pts',(111.015086413216,17.,-83.0078139031147));
#8389=CARTESIAN_POINT('Ctrl Pts',(111.015074926441,16.9999999043584,-83.0078167425502));
#8390=CARTESIAN_POINT('Ctrl Pts',(111.015007383235,16.9999992596052,-83.0078334388602));
#8391=CARTESIAN_POINT('Ctrl Pts',(111.014935946497,16.9999976629244,-83.0078510990543));
#8392=CARTESIAN_POINT('Ctrl Pts',(111.014753209881,16.9999925055001,-83.0078962785229));
#8393=CARTESIAN_POINT('Ctrl Pts',(111.014632487159,16.9999878395892,-83.0079261304501));
#8394=CARTESIAN_POINT('Ctrl Pts',(111.014131166269,16.9999651096657,-83.008050115167));
#8395=CARTESIAN_POINT('Ctrl Pts',(111.013726429294,16.9999382197038,-83.0081502649904));
#8396=CARTESIAN_POINT('Ctrl Pts',(111.012429725939,16.9998356083906,-83.0084712974618));
#8397=CARTESIAN_POINT('Ctrl Pts',(111.011487936272,16.9997334541773,-83.0087047477843));
#8398=CARTESIAN_POINT('Ctrl Pts',(111.008653148907,16.999372526632,-83.0094083075095));
#8399=CARTESIAN_POINT('Ctrl Pts',(111.006679683989,16.9990429000123,-83.0098993778826));
#8400=CARTESIAN_POINT('Ctrl Pts',(111.000860827113,16.9979149058204,-83.0113511266762));
#8401=CARTESIAN_POINT('Ctrl Pts',(110.996893838878,16.9969277613793,-83.0123461775712));
#8402=CARTESIAN_POINT('Ctrl Pts',(110.985264044321,16.9935882172423,-83.0152789276301));
#8403=CARTESIAN_POINT('Ctrl Pts',(110.977446750484,16.9907235567885,-83.0172720586943));
#8404=CARTESIAN_POINT('Ctrl Pts',(110.956075110233,16.9816867111429,-83.0227800686717));
#8405=CARTESIAN_POINT('Ctrl Pts',(110.942444173557,16.9744274811975,-83.026366309658));
#8406=CARTESIAN_POINT('Ctrl Pts',(110.902482820525,16.9499027538249,-83.0370891086419));
#8407=CARTESIAN_POINT('Ctrl Pts',(110.876897107466,16.9293777333836,-83.0442674716626));
#8408=CARTESIAN_POINT('Ctrl Pts',(110.809975738793,16.8662031455422,-83.0638210305414));
#8409=CARTESIAN_POINT('Ctrl Pts',(110.764762596376,16.8108616620674,-83.0780490701097));
#8410=CARTESIAN_POINT('Ctrl Pts',(110.662870616827,16.6424205711714,-83.1141498373299));
#8411=CARTESIAN_POINT('Ctrl Pts',(110.596802068339,16.5004914660302,-83.1407764946384));
#8412=CARTESIAN_POINT('Ctrl Pts',(110.49842373372,16.0966532287254,-83.1971920091382));
#8413=CARTESIAN_POINT('Ctrl Pts',(110.473258191152,15.9007293250573,-83.2193932829349));
#8414=CARTESIAN_POINT('Ctrl Pts',(110.44147689246,15.5008305387209,-83.256783139056));
#8415=CARTESIAN_POINT('Ctrl Pts',(110.435882100131,15.2823058443772,-83.2724033347061));
#8416=CARTESIAN_POINT('Ctrl Pts',(110.430919604705,14.848294100539,-83.2938700892935));
#8417=CARTESIAN_POINT('Ctrl Pts',(110.431481336511,14.6209012833667,-83.3));
#8418=CARTESIAN_POINT('Ctrl Pts',(110.431481336511,14.3895630364909,-83.3));
#8419=CARTESIAN_POINT('Origin',(134.,17.,-83.3));
#8420=CARTESIAN_POINT('Ctrl Pts',(157.568518663489,29.,-83.3));
#8421=CARTESIAN_POINT('Ctrl Pts',(157.568518663489,29.,-81.9788368538956));
#8422=CARTESIAN_POINT('Ctrl Pts',(134.,29.,-81.9788368538956));
#8423=CARTESIAN_POINT('Ctrl Pts',(110.431481336511,29.,-81.9788368538956));
#8424=CARTESIAN_POINT('Ctrl Pts',(110.431481336511,29.,-83.3));
#8425=CARTESIAN_POINT('Ctrl Pts',(157.568518663489,14.3895630364909,-83.3));
#8426=CARTESIAN_POINT('Ctrl Pts',(157.568518663489,14.3895630364909,-81.9788368538956));
#8427=CARTESIAN_POINT('Ctrl Pts',(134.,14.3895630364909,-81.9788368538956));
#8428=CARTESIAN_POINT('Ctrl Pts',(110.431481336511,14.3895630364909,-81.9788368538956));
#8429=CARTESIAN_POINT('Ctrl Pts',(110.431481336511,14.3895630364909,-83.3));
#8430=CARTESIAN_POINT('Ctrl Pts',(-23.4015040533868,29.,-48.15));
#8431=CARTESIAN_POINT('Ctrl Pts',(-21.6654176051286,29.,-48.15));
#8432=CARTESIAN_POINT('Ctrl Pts',(-21.6654176051286,29.,-40.15));
#8433=CARTESIAN_POINT('Ctrl Pts',(-21.6654176051286,29.,-32.15));
#8434=CARTESIAN_POINT('Ctrl Pts',(-23.4015040533868,29.,-32.15));
#8435=CARTESIAN_POINT('Ctrl Pts',(-23.4015040533868,12.7970735872326,-48.15));
#8436=CARTESIAN_POINT('Ctrl Pts',(-21.6654176051286,12.7970735872326,-48.15));
#8437=CARTESIAN_POINT('Ctrl Pts',(-21.6654176051286,12.7970735872326,-40.15));
#8438=CARTESIAN_POINT('Ctrl Pts',(-21.6654176051286,12.7970735872326,-32.15));
#8439=CARTESIAN_POINT('Ctrl Pts',(-23.4015040533868,12.7970735872326,-32.15));
#8440=CARTESIAN_POINT('',(-23.4015040533868,29.,-48.15));
#8441=CARTESIAN_POINT('',(-23.4015040533868,29.,-32.15));
#8442=CARTESIAN_POINT('Origin',(8.34339968317465,-3.,-73.3));
#8443=CARTESIAN_POINT('',(0.846530153743106,-3.,-79.9179262052913));
#8444=CARTESIAN_POINT('Origin',(3.8320849518308,-3.,-83.3));
#8445=CARTESIAN_POINT('',(-20.8983735828183,-3.,-55.2850274412176));
#8446=CARTESIAN_POINT('Origin',(-13.4015040533868,-3.,-48.6671012359264));
#8447=CARTESIAN_POINT('',(-23.4015040533868,-3.,-48.6671012359264));
#8448=CARTESIAN_POINT('Origin',(-23.4015040533868,-3.,-52.4494499550268));
#8449=CARTESIAN_POINT('',(-23.4015040533868,-3.,-31.6328987640737));
#8450=CARTESIAN_POINT('Origin',(-13.4015040533868,-3.,-31.6328987640737));
#8451=CARTESIAN_POINT('',(-20.8983735828183,-3.,-25.0149725587824));
#8452=CARTESIAN_POINT('Origin',(-23.4015040533868,-3.,-27.8505500449732));
#8453=CARTESIAN_POINT('',(0.846530153743101,-3.,-0.382073794708765));
#8454=CARTESIAN_POINT('Origin',(8.34339968317465,-3.,-7.00000000000002));
#8455=CARTESIAN_POINT('Origin',(199.,22.,-13.653234147243));
#8456=CARTESIAN_POINT('',(201.989647407669,22.,-9.64549059534048));
#8457=CARTESIAN_POINT('',(204.,22.,-13.653234147243));
#8458=CARTESIAN_POINT('Origin',(204.,0.,-2.66453525910038E-14));
#8459=CARTESIAN_POINT('Origin',(187.399988818831,22.,-5.00000000000002));
#8460=CARTESIAN_POINT('',(187.399988818831,22.,-2.44249065417534E-14));
#8461=CARTESIAN_POINT('',(190.3896362265,22.,-0.992256448097467));
#8462=CARTESIAN_POINT('Origin',(189.059476231213,44.,-4.44089209850063E-15));
#8463=CARTESIAN_POINT('Origin',(0.,0.,0.));
#8464=CARTESIAN_POINT('Origin',(7.55502142070918,19.,-78.3));
#8465=CARTESIAN_POINT('Origin',(-18.9015040533868,19.,-48.3297172363755));
#8466=CARTESIAN_POINT('',(-18.9015040533868,19.,-48.3297172363755));
#8467=CARTESIAN_POINT('Origin',(-18.9015040533868,19.,-31.9702827636245));
#8468=CARTESIAN_POINT('Origin',(102.,0.,-40.15));
#8469=CARTESIAN_POINT('',(52.5999999999999,0.,-79.4));
#8470=CARTESIAN_POINT('Origin',(52.5999999999999,0.,-79.4));
#8471=UNCERTAINTY_MEASURE_WITH_UNIT(LENGTH_MEASURE(0.01),#8475,
'DISTANCE_ACCURACY_VALUE',
'Maximum model space distance between geometric entities at asserted c
onnectivities');
#8472=UNCERTAINTY_MEASURE_WITH_UNIT(LENGTH_MEASURE(0.01),#8475,
'DISTANCE_ACCURACY_VALUE',
'Maximum model space distance between geometric entities at asserted c
onnectivities');
#8473=(
GEOMETRIC_REPRESENTATION_CONTEXT(3)
GLOBAL_UNCERTAINTY_ASSIGNED_CONTEXT((#8471))
GLOBAL_UNIT_ASSIGNED_CONTEXT((#8475,#8477,#8478))
REPRESENTATION_CONTEXT('','3D')
);
#8474=(
GEOMETRIC_REPRESENTATION_CONTEXT(3)
GLOBAL_UNCERTAINTY_ASSIGNED_CONTEXT((#8472))
GLOBAL_UNIT_ASSIGNED_CONTEXT((#8475,#8477,#8478))
REPRESENTATION_CONTEXT('','3D')
);
#8475=(
LENGTH_UNIT()
NAMED_UNIT(*)
SI_UNIT(.MILLI.,.METRE.)
);
#8476=(
LENGTH_UNIT()
NAMED_UNIT(*)
SI_UNIT(.CENTI.,.METRE.)
);
#8477=(
NAMED_UNIT(*)
PLANE_ANGLE_UNIT()
SI_UNIT($,.RADIAN.)
);
#8478=(
NAMED_UNIT(*)
SI_UNIT($,.STERADIAN.)
SOLID_ANGLE_UNIT()
);
#8479=SHAPE_DEFINITION_REPRESENTATION(#8480,#8481);
#8480=PRODUCT_DEFINITION_SHAPE('',$,#8483);
#8481=SHAPE_REPRESENTATION('',(#4069),#8473);
#8482=PRODUCT_DEFINITION_CONTEXT('part definition',#8487,'design');
#8483=PRODUCT_DEFINITION('h6-case','h6-case',#8484,#8482);
#8484=PRODUCT_DEFINITION_FORMATION('',$,#8489);
#8485=PRODUCT_RELATED_PRODUCT_CATEGORY('h6-case','h6-case',(#8489));
#8486=APPLICATION_PROTOCOL_DEFINITION('international standard',
'automotive_design',2009,#8487);
#8487=APPLICATION_CONTEXT(
'Core Data for Automotive Mechanical Design Process');
#8488=PRODUCT_CONTEXT('part definition',#8487,'mechanical');
#8489=PRODUCT('h6-case','h6-case',$,(#8488));
#8490=PRESENTATION_STYLE_ASSIGNMENT((#8492));
#8491=PRESENTATION_STYLE_ASSIGNMENT((#8493));
#8492=SURFACE_STYLE_USAGE(.BOTH.,#8498);
#8493=SURFACE_STYLE_USAGE(.BOTH.,#8499);
#8494=SURFACE_STYLE_RENDERING_WITH_PROPERTIES($,#8506,(#8496));
#8495=SURFACE_STYLE_RENDERING_WITH_PROPERTIES($,#8507,(#8497));
#8496=SURFACE_STYLE_TRANSPARENT(0.);
#8497=SURFACE_STYLE_TRANSPARENT(0.);
#8498=SURFACE_SIDE_STYLE('',(#8500,#8494));
#8499=SURFACE_SIDE_STYLE('',(#8501,#8495));
#8500=SURFACE_STYLE_FILL_AREA(#8502);
#8501=SURFACE_STYLE_FILL_AREA(#8503);
#8502=FILL_AREA_STYLE('',(#8504));
#8503=FILL_AREA_STYLE('',(#8505));
#8504=FILL_AREA_STYLE_COLOUR('',#8506);
#8505=FILL_AREA_STYLE_COLOUR('',#8507);
#8506=COLOUR_RGB('',0.749019607843137,0.749019607843137,0.749019607843137);
#8507=COLOUR_RGB('',0.866666666666667,0.486274509803922,0.0588235294117647);
ENDSEC;
END-ISO-10303-21;
