# Blender 4.4.0
# www.blender.org
mtllib STAMPS 04.mtl
o Cube
v -21.013002 114.671646 -28.984501
v -17.362343 -107.490311 -25.333914
v -21.013002 114.671631 14.293003
v -17.362343 -107.490326 10.642271
v 22.264502 114.671646 -28.984501
v 18.613842 -107.490311 -25.333914
v 22.264502 114.671631 14.293003
v 18.613842 -107.490326 10.642271
v -15.134129 -43.723648 -23.105684
v -15.134127 -43.723648 8.414082
v 16.385635 -43.723648 8.414082
v 16.385635 -43.723640 -23.105682
v -17.838112 63.254322 11.118097
v 19.089617 63.254322 11.118097
v 19.089617 63.254337 -25.809629
v -17.838110 63.254330 -25.809628
v -10.047348 4.308273 -18.018894
v -10.047348 4.308263 3.327322
v 11.298868 4.308263 3.327322
v 11.298868 4.308270 -18.018894
v -10.919211 -13.477436 -18.890760
v -10.919211 -13.477448 4.199178
v 12.170730 -13.477448 4.199178
v 12.170730 -13.477440 -18.890760
v -11.544952 23.527784 4.824931
v 12.796468 23.527784 4.824931
v 12.796468 23.527792 -19.516489
v -11.544950 23.527792 -19.516489
v -10.187781 -4.073263 3.467753
v 11.439301 -4.073263 3.467753
v 11.439301 -4.073256 -18.159330
v -10.187781 -4.073255 -18.159330
v -12.390753 -25.601862 -20.362305
v -12.390753 -25.601870 5.670715
v 13.642267 -25.601870 5.670715
v 13.642267 -25.601862 -20.362305
v -10.474259 13.022865 -18.445803
v -10.474259 13.022858 3.754237
v 11.725780 13.022858 3.754237
v 11.725780 13.022865 -18.445803
v -13.530870 38.010914 6.810853
v 14.782385 38.010914 6.810853
v 14.782385 38.010921 -21.502401
v -13.530870 38.010925 -21.502401
v -10.474259 -8.556131 -18.445808
v -10.474259 -8.556141 3.754230
v 11.725780 -8.556141 3.754230
v 11.725780 -8.556133 -18.445808
v -11.544950 -19.061069 4.824916
v 12.796467 -19.061069 4.824916
v 12.796467 -19.061062 -19.516502
v -11.544952 -19.061062 -19.516502
v -13.530871 -33.544193 -21.502426
v -13.530871 -33.544205 6.810830
v 14.782385 -33.544205 6.810830
v 14.782385 -33.544197 -21.502426
v -10.047348 0.158451 3.327322
v 11.298868 0.158451 3.327322
v 11.298868 0.158458 -18.018894
v -10.047348 0.158461 -18.018894
v -10.187781 8.539989 -18.159325
v -10.187781 8.539978 3.467758
v 11.439301 8.539978 3.467758
v 11.439301 8.539986 -18.159325
v -10.919211 17.944160 4.199189
v 12.170730 17.944160 4.199189
v 12.170730 17.944168 -18.890751
v -10.919211 17.944172 -18.890751
v -12.390753 30.068594 -20.362288
v -12.390753 30.068586 5.670733
v 13.642267 30.068586 5.670733
v 13.642267 30.068594 -20.362288
v -15.134127 48.190369 8.414110
v 16.385635 48.190369 8.414110
v 16.385635 48.190376 -23.105654
v -15.134125 48.190372 -23.105652
v -14.256208 -38.270443 -22.227766
v -14.256208 -38.270454 7.536168
v 15.507721 -38.270454 7.536168
v 15.507721 -38.270447 -22.227766
v -12.917001 -29.360012 6.196962
v 14.168515 -29.360012 6.196962
v 14.168515 -29.360004 -20.888554
v -12.916999 -29.359997 -20.888554
v -11.936873 -22.189024 -19.908426
v -11.936872 -22.189032 5.216837
v 13.188389 -22.189032 5.216837
v 13.188389 -22.189024 -19.908426
v -11.207554 -16.170288 4.487520
v 12.459070 -16.170288 4.487520
v 12.459070 -16.170280 -19.179104
v -11.207554 -16.170280 -19.179106
v -10.675818 -10.949135 -18.647367
v -10.675818 -10.949146 3.955787
v 11.927337 -10.949146 3.955787
v 11.927337 -10.949139 -18.647367
v -10.312173 -6.272198 3.592144
v 11.563691 -6.272198 3.592144
v 11.563691 -6.272191 -18.283720
v -10.312173 -6.272190 -18.283720
v -10.099799 -1.936839 -18.071346
v -10.099799 -1.936849 3.379772
v 11.351319 -1.936849 3.379772
v 11.351319 -1.936842 -18.071346
v -10.029921 2.233357 3.309895
v 11.281441 2.233357 3.309895
v 11.281441 2.233364 -18.001467
v -10.029921 2.233367 -18.001467
v -10.099799 6.403573 -18.071344
v -10.099799 6.403563 3.379775
v 11.351319 6.403563 3.379775
v 11.351319 6.403570 -18.071344
v -10.312173 10.738914 3.592148
v 11.563691 10.738914 3.592148
v 11.563691 10.738921 -18.283716
v -10.312173 10.738924 -18.283716
v -10.675818 15.415871 -18.647360
v -10.675818 15.415859 3.955796
v 11.927337 15.415859 3.955796
v 11.927337 15.415867 -18.647360
v -11.207554 20.637001 4.487533
v 12.459070 20.637001 4.487533
v 12.459070 20.637009 -19.179092
v -11.207554 20.637012 -19.179092
v -11.936872 26.655756 -19.908409
v -11.936873 26.655750 5.216854
v 13.188389 26.655750 5.216854
v 13.188389 26.655758 -19.908409
v -12.916999 33.826721 6.196981
v 14.168514 33.826721 6.196981
v 14.168514 33.826729 -20.888533
v -12.916999 33.826729 -20.888533
v -14.256208 42.737179 -22.227737
v -14.256208 42.737171 7.536193
v 15.507721 42.737171 7.536193
v 15.507721 42.737179 -22.227739
v -16.248228 54.719559 9.528215
v 17.499737 54.719559 9.528215
v 17.499737 54.719566 -24.219751
v -16.248226 54.719559 -24.219748
v -21.013002 -107.490311 -28.984573
v -21.013002 -107.490326 14.292931
v 22.264502 -107.490326 14.292931
v 22.264502 -107.490311 -28.984573
v -17.362343 -95.160004 -25.333910
v -17.362343 -95.160019 10.642275
v 18.613842 -95.160019 10.642275
v 18.613842 -95.160004 -25.333910
v 130.751404 116.322899 166.635651
v -1.165134 116.322899 166.899948
v -14.158581 116.322899 136.596573
v -9.842113 116.322899 136.596573
v -0.812770 116.322899 157.694412
v 8.172529 116.322899 136.596573
v 12.444953 116.322899 136.596573
v -0.284221 116.322899 166.899948
v -1.165134 96.942848 166.899948
v -14.158581 96.942841 136.596573
v -9.842113 96.942841 136.596573
v -0.812770 96.942841 157.694412
v 8.172529 96.942841 136.596573
v 12.444953 96.942841 136.596573
v -0.284221 96.942848 166.899948
v -1.165134 96.942848 166.899948
v -1.165134 116.322899 166.899948
v -14.158581 96.942841 136.596573
v -14.158581 116.322899 136.596573
v -9.842113 96.942841 136.596573
v -9.842113 116.322899 136.596573
v -0.812770 96.942841 157.694412
v -0.812770 116.322899 157.694412
v 8.172529 96.942841 136.596573
v 8.172529 116.322899 136.596573
v 12.444953 96.942841 136.596573
v 12.444953 116.322899 136.596573
v -0.284221 96.942848 166.899948
v -0.284221 116.322899 166.899948
v 30.100559 114.671669 -28.984503
v 33.751217 -107.490311 -25.333916
v 30.100559 114.671654 14.293005
v 33.751217 -107.490326 10.642273
v 73.378067 114.671669 -28.984503
v 69.727409 -107.490311 -25.333916
v 73.378067 114.671654 14.293005
v 69.727409 -107.490326 10.642273
v 35.979431 -43.723648 -23.105684
v 35.979435 -43.723648 8.414082
v 67.499199 -43.723648 8.414082
v 67.499199 -43.723640 -23.105684
v 33.275448 63.254333 11.118101
v 70.203178 63.254333 11.118101
v 70.203178 63.254349 -25.809633
v 33.275452 63.254341 -25.809629
v 41.066212 4.308280 -18.018896
v 41.066212 4.308270 3.327324
v 62.412434 4.308270 3.327324
v 62.412434 4.308277 -18.018896
v 40.194351 -13.477432 -18.890762
v 40.194351 -13.477442 4.199180
v 63.284290 -13.477442 4.199180
v 63.284290 -13.477434 -18.890762
v 39.568607 23.527794 4.824932
v 63.910030 23.527794 4.824932
v 63.910030 23.527802 -19.516489
v 39.568611 23.527802 -19.516489
v 40.925781 -4.073257 3.467754
v 62.552864 -4.073257 3.467754
v 62.552864 -4.073251 -18.159330
v 40.925781 -4.073249 -18.159330
v 38.722809 -25.601858 -20.362307
v 38.722809 -25.601866 5.670716
v 64.755829 -25.601866 5.670716
v 64.755829 -25.601858 -20.362307
v 40.639301 13.022873 -18.445805
v 40.639301 13.022863 3.754239
v 62.839340 13.022863 3.754239
v 62.839340 13.022871 -18.445805
v 37.582691 38.010925 6.810855
v 65.895950 38.010925 6.810855
v 65.895950 38.010933 -21.502403
v 37.582691 38.010937 -21.502403
v 40.639301 -8.556128 -18.445810
v 40.639301 -8.556137 3.754232
v 62.839340 -8.556137 3.754232
v 62.839340 -8.556129 -18.445810
v 39.568611 -19.061066 4.824917
v 63.910030 -19.061066 4.824917
v 63.910030 -19.061058 -19.516504
v 39.568607 -19.061060 -19.516504
v 37.582691 -33.544193 -21.502428
v 37.582691 -33.544201 6.810832
v 65.895950 -33.544201 6.810832
v 65.895950 -33.544193 -21.502428
v 41.066212 0.158458 3.327323
v 62.412434 0.158458 3.327323
v 62.412434 0.158465 -18.018896
v 41.066212 0.158467 -18.018896
v 40.925781 8.539995 -18.159327
v 40.925781 8.539986 3.467759
v 62.552864 8.539986 3.467759
v 62.552864 8.539992 -18.159327
v 40.194351 17.944170 4.199191
v 63.284290 17.944170 4.199191
v 63.284290 17.944178 -18.890753
v 40.194351 17.944180 -18.890753
v 38.722809 30.068604 -20.362288
v 38.722809 30.068596 5.670734
v 64.755829 30.068596 5.670734
v 64.755829 30.068604 -20.362288
v 35.979435 48.190384 8.414112
v 67.499199 48.190384 8.414112
v 67.499199 48.190392 -23.105654
v 35.979435 48.190388 -23.105654
v 36.857349 -38.270443 -22.227766
v 36.857349 -38.270454 7.536169
v 66.621284 -38.270454 7.536169
v 66.621284 -38.270447 -22.227766
v 38.196560 -29.360008 6.196963
v 65.282082 -29.360008 6.196963
v 65.282082 -29.360001 -20.888556
v 38.196560 -29.359993 -20.888554
v 39.176689 -22.189020 -19.908428
v 39.176689 -22.189028 5.216839
v 64.301956 -22.189028 5.216839
v 64.301956 -22.189020 -19.908428
v 39.906006 -16.170282 4.487521
v 63.572632 -16.170282 4.487521
v 63.572632 -16.170275 -19.179106
v 39.906006 -16.170275 -19.179108
v 40.437744 -10.949131 -18.647369
v 40.437744 -10.949141 3.955788
v 63.040901 -10.949141 3.955788
v 63.040901 -10.949133 -18.647369
v 40.801388 -6.272192 3.592144
v 62.677254 -6.272192 3.592144
v 62.677254 -6.272185 -18.283722
v 40.801388 -6.272183 -18.283722
v 41.013763 -1.936832 -18.071348
v 41.013763 -1.936842 3.379774
v 62.464882 -1.936842 3.379774
v 62.464882 -1.936836 -18.071348
v 41.083637 2.233364 3.309897
v 62.395004 2.233364 3.309897
v 62.395004 2.233371 -18.001469
v 41.083637 2.233374 -18.001469
v 41.013763 6.403580 -18.071346
v 41.013763 6.403570 3.379776
v 62.464882 6.403570 3.379776
v 62.464882 6.403578 -18.071346
v 40.801388 10.738922 3.592149
v 62.677254 10.738922 3.592149
v 62.677254 10.738929 -18.283716
v 40.801388 10.738932 -18.283716
v 40.437744 15.415878 -18.647360
v 40.437744 15.415869 3.955797
v 63.040901 15.415869 3.955797
v 63.040901 15.415876 -18.647360
v 39.906006 20.637009 4.487535
v 63.572632 20.637009 4.487535
v 63.572632 20.637016 -19.179094
v 39.906006 20.637022 -19.179094
v 39.176689 26.655766 -19.908411
v 39.176689 26.655760 5.216856
v 64.301956 26.655760 5.216856
v 64.301956 26.655767 -19.908411
v 38.196560 33.826729 6.196982
v 65.282082 33.826729 6.196982
v 65.282082 33.826736 -20.888535
v 38.196560 33.826736 -20.888535
v 36.857349 42.737186 -22.227739
v 36.857349 42.737179 7.536194
v 66.621284 42.737179 7.536194
v 66.621284 42.737186 -22.227741
v 34.865334 54.719570 9.528217
v 68.613304 54.719570 9.528217
v 68.613304 54.719578 -24.219753
v 34.865334 54.719574 -24.219751
v 30.100559 -107.490311 -28.984575
v 30.100559 -107.490326 14.292933
v 73.378067 -107.490326 14.292933
v 73.378067 -107.490311 -28.984575
v 33.751217 -95.160011 -25.333912
v 33.751217 -95.160027 10.642277
v 69.727409 -95.160027 10.642277
v 69.727409 -95.160011 -25.333912
v 81.840553 114.671669 -28.984503
v 85.491211 -107.490311 -25.333916
v 81.840553 114.671654 14.293005
v 85.491211 -107.490326 10.642273
v 125.118057 114.671669 -28.984503
v 121.467400 -107.490311 -25.333916
v 125.118057 114.671654 14.293005
v 121.467400 -107.490326 10.642273
v 87.719429 -43.723648 -23.105684
v 87.719429 -43.723648 8.414082
v 119.239189 -43.723648 8.414082
v 119.239189 -43.723640 -23.105684
v 85.015434 63.254333 11.118101
v 121.943176 63.254333 11.118101
v 121.943176 63.254349 -25.809633
v 85.015434 63.254341 -25.809629
v 92.806206 4.308280 -18.018896
v 92.806206 4.308270 3.327324
v 114.152420 4.308270 3.327324
v 114.152420 4.308277 -18.018896
v 91.934341 -13.477432 -18.890762
v 91.934341 -13.477442 4.199180
v 115.024284 -13.477442 4.199180
v 115.024284 -13.477434 -18.890762
v 91.308601 23.527794 4.824932
v 115.650024 23.527794 4.824932
v 115.650024 23.527802 -19.516489
v 91.308601 23.527802 -19.516489
v 92.665764 -4.073257 3.467754
v 114.292862 -4.073257 3.467754
v 114.292862 -4.073251 -18.159330
v 92.665764 -4.073249 -18.159330
v 90.462799 -25.601858 -20.362307
v 90.462799 -25.601866 5.670716
v 116.495819 -25.601866 5.670716
v 116.495819 -25.601858 -20.362307
v 92.379295 13.022873 -18.445805
v 92.379295 13.022863 3.754239
v 114.579330 13.022863 3.754239
v 114.579330 13.022871 -18.445805
v 89.322685 38.010925 6.810855
v 117.635941 38.010925 6.810855
v 117.635941 38.010933 -21.502403
v 89.322685 38.010937 -21.502403
v 92.379295 -8.556128 -18.445810
v 92.379295 -8.556137 3.754232
v 114.579330 -8.556137 3.754232
v 114.579330 -8.556129 -18.445810
v 91.308601 -19.061066 4.824917
v 115.650017 -19.061066 4.824917
v 115.650017 -19.061058 -19.516504
v 91.308601 -19.061060 -19.516504
v 89.322685 -33.544193 -21.502428
v 89.322685 -33.544201 6.810832
v 117.635941 -33.544201 6.810832
v 117.635941 -33.544193 -21.502428
v 92.806206 0.158458 3.327323
v 114.152420 0.158458 3.327323
v 114.152420 0.158465 -18.018896
v 92.806206 0.158467 -18.018896
v 92.665764 8.539995 -18.159327
v 92.665764 8.539986 3.467759
v 114.292862 8.539986 3.467759
v 114.292862 8.539992 -18.159327
v 91.934341 17.944170 4.199191
v 115.024284 17.944170 4.199191
v 115.024284 17.944178 -18.890753
v 91.934341 17.944180 -18.890753
v 90.462799 30.068604 -20.362288
v 90.462799 30.068596 5.670734
v 116.495819 30.068596 5.670734
v 116.495819 30.068604 -20.362288
v 87.719429 48.190384 8.414112
v 119.239189 48.190384 8.414112
v 119.239189 48.190392 -23.105654
v 87.719429 48.190388 -23.105654
v 88.597343 -38.270443 -22.227766
v 88.597343 -38.270454 7.536169
v 118.361282 -38.270454 7.536169
v 118.361282 -38.270447 -22.227766
v 89.936554 -29.360008 6.196963
v 117.022072 -29.360008 6.196963
v 117.022072 -29.360001 -20.888556
v 89.936554 -29.359993 -20.888554
v 90.916672 -22.189020 -19.908428
v 90.916679 -22.189028 5.216839
v 116.041939 -22.189028 5.216839
v 116.041939 -22.189020 -19.908428
v 91.646004 -16.170282 4.487521
v 115.312622 -16.170282 4.487521
v 115.312622 -16.170275 -19.179106
v 91.646004 -16.170275 -19.179108
v 92.177734 -10.949131 -18.647369
v 92.177734 -10.949141 3.955788
v 114.780884 -10.949141 3.955788
v 114.780884 -10.949133 -18.647369
v 92.541382 -6.272192 3.592144
v 114.417244 -6.272192 3.592144
v 114.417244 -6.272185 -18.283722
v 92.541382 -6.272183 -18.283722
v 92.753746 -1.936832 -18.071348
v 92.753746 -1.936842 3.379774
v 114.204872 -1.936842 3.379774
v 114.204872 -1.936836 -18.071348
v 92.823631 2.233364 3.309897
v 114.134995 2.233364 3.309897
v 114.134995 2.233371 -18.001469
v 92.823631 2.233374 -18.001469
v 92.753746 6.403580 -18.071346
v 92.753746 6.403570 3.379776
v 114.204872 6.403570 3.379776
v 114.204872 6.403578 -18.071346
v 92.541382 10.738922 3.592149
v 114.417244 10.738922 3.592149
v 114.417244 10.738929 -18.283716
v 92.541382 10.738932 -18.283716
v 92.177734 15.415878 -18.647360
v 92.177734 15.415869 3.955797
v 114.780884 15.415869 3.955797
v 114.780884 15.415876 -18.647360
v 91.646004 20.637009 4.487535
v 115.312622 20.637009 4.487535
v 115.312622 20.637016 -19.179094
v 91.646004 20.637022 -19.179094
v 90.916679 26.655766 -19.908411
v 90.916672 26.655760 5.216856
v 116.041939 26.655760 5.216856
v 116.041939 26.655767 -19.908411
v 89.936554 33.826729 6.196982
v 117.022064 33.826729 6.196982
v 117.022064 33.826736 -20.888535
v 89.936554 33.826736 -20.888535
v 88.597343 42.737186 -22.227739
v 88.597343 42.737179 7.536194
v 118.361282 42.737179 7.536194
v 118.361282 42.737186 -22.227741
v 86.605324 54.719570 9.528217
v 120.353294 54.719570 9.528217
v 120.353294 54.719578 -24.219753
v 86.605324 54.719574 -24.219751
v 81.840553 -107.490311 -28.984575
v 81.840553 -107.490326 14.292933
v 125.118057 -107.490326 14.292933
v 125.118057 -107.490311 -28.984575
v 85.491211 -95.160011 -25.333912
v 85.491211 -95.160027 10.642277
v 121.467400 -95.160027 10.642277
v 121.467400 -95.160011 -25.333912
v 134.732285 114.671669 -28.984503
v 138.382950 -107.490311 -25.333916
v 134.732285 114.671654 14.293005
v 138.382950 -107.490326 10.642273
v 178.009796 114.671669 -28.984503
v 174.359146 -107.490311 -25.333916
v 178.009796 114.671654 14.293005
v 174.359146 -107.490326 10.642273
v 140.611160 -43.723648 -23.105684
v 140.611160 -43.723648 8.414082
v 172.130936 -43.723648 8.414082
v 172.130936 -43.723640 -23.105684
v 137.907181 63.254333 11.118101
v 174.834915 63.254333 11.118101
v 174.834915 63.254349 -25.809633
v 137.907181 63.254341 -25.809629
v 145.697952 4.308280 -18.018896
v 145.697952 4.308270 3.327324
v 167.044159 4.308270 3.327324
v 167.044159 4.308277 -18.018896
v 144.826080 -13.477432 -18.890762
v 144.826080 -13.477442 4.199180
v 167.916016 -13.477442 4.199180
v 167.916016 -13.477434 -18.890762
v 144.200333 23.527794 4.824932
v 168.541763 23.527794 4.824932
v 168.541763 23.527802 -19.516489
v 144.200333 23.527802 -19.516489
v 145.557510 -4.073257 3.467754
v 167.184601 -4.073257 3.467754
v 167.184601 -4.073251 -18.159330
v 145.557510 -4.073249 -18.159330
v 143.354538 -25.601858 -20.362307
v 143.354538 -25.601866 5.670716
v 169.387558 -25.601866 5.670716
v 169.387558 -25.601858 -20.362307
v 145.271027 13.022873 -18.445805
v 145.271027 13.022863 3.754239
v 167.471069 13.022863 3.754239
v 167.471069 13.022871 -18.445805
v 142.214417 38.010925 6.810855
v 170.527679 38.010925 6.810855
v 170.527679 38.010933 -21.502403
v 142.214417 38.010937 -21.502403
v 145.271027 -8.556128 -18.445810
v 145.271027 -8.556137 3.754232
v 167.471069 -8.556137 3.754232
v 167.471069 -8.556129 -18.445810
v 144.200333 -19.061066 4.824917
v 168.541763 -19.061066 4.824917
v 168.541763 -19.061058 -19.516504
v 144.200333 -19.061060 -19.516504
v 142.214417 -33.544193 -21.502428
v 142.214417 -33.544201 6.810832
v 170.527679 -33.544201 6.810832
v 170.527679 -33.544193 -21.502428
v 145.697952 0.158458 3.327323
v 167.044159 0.158458 3.327323
v 167.044159 0.158465 -18.018896
v 145.697952 0.158467 -18.018896
v 145.557510 8.539995 -18.159327
v 145.557510 8.539986 3.467759
v 167.184601 8.539986 3.467759
v 167.184601 8.539992 -18.159327
v 144.826080 17.944170 4.199191
v 167.916016 17.944170 4.199191
v 167.916016 17.944178 -18.890753
v 144.826080 17.944180 -18.890753
v 143.354538 30.068604 -20.362288
v 143.354538 30.068596 5.670734
v 169.387558 30.068596 5.670734
v 169.387558 30.068604 -20.362288
v 140.611160 48.190384 8.414112
v 172.130936 48.190384 8.414112
v 172.130936 48.190392 -23.105654
v 140.611160 48.190388 -23.105654
v 141.489090 -38.270443 -22.227766
v 141.489090 -38.270454 7.536169
v 171.253021 -38.270454 7.536169
v 171.253021 -38.270447 -22.227766
v 142.828293 -29.360008 6.196963
v 169.913818 -29.360008 6.196963
v 169.913818 -29.360001 -20.888556
v 142.828293 -29.359993 -20.888554
v 143.808411 -22.189020 -19.908428
v 143.808426 -22.189028 5.216839
v 168.933685 -22.189028 5.216839
v 168.933685 -22.189020 -19.908428
v 144.537735 -16.170282 4.487521
v 168.204361 -16.170282 4.487521
v 168.204361 -16.170275 -19.179106
v 144.537735 -16.170275 -19.179108
v 145.069473 -10.949131 -18.647369
v 145.069473 -10.949141 3.955788
v 167.672623 -10.949141 3.955788
v 167.672623 -10.949133 -18.647369
v 145.433121 -6.272192 3.592144
v 167.308990 -6.272192 3.592144
v 167.308990 -6.272185 -18.283722
v 145.433121 -6.272183 -18.283722
v 145.645493 -1.936832 -18.071348
v 145.645493 -1.936842 3.379774
v 167.096619 -1.936842 3.379774
v 167.096619 -1.936836 -18.071348
v 145.715378 2.233364 3.309897
v 167.026733 2.233364 3.309897
v 167.026733 2.233371 -18.001469
v 145.715378 2.233374 -18.001469
v 145.645493 6.403580 -18.071346
v 145.645493 6.403570 3.379776
v 167.096619 6.403570 3.379776
v 167.096619 6.403578 -18.071346
v 145.433121 10.738922 3.592149
v 167.308990 10.738922 3.592149
v 167.308990 10.738929 -18.283716
v 145.433121 10.738932 -18.283716
v 145.069473 15.415878 -18.647360
v 145.069473 15.415869 3.955797
v 167.672623 15.415869 3.955797
v 167.672623 15.415876 -18.647360
v 144.537735 20.637009 4.487535
v 168.204361 20.637009 4.487535
v 168.204361 20.637016 -19.179094
v 144.537735 20.637022 -19.179094
v 143.808426 26.655766 -19.908411
v 143.808411 26.655760 5.216856
v 168.933685 26.655760 5.216856
v 168.933685 26.655767 -19.908411
v 142.828293 33.826729 6.196982
v 169.913803 33.826729 6.196982
v 169.913803 33.826736 -20.888535
v 142.828293 33.826736 -20.888535
v 141.489090 42.737186 -22.227739
v 141.489090 42.737179 7.536194
v 171.253021 42.737179 7.536194
v 171.253021 42.737186 -22.227741
v 139.497055 54.719570 9.528217
v 173.245026 54.719570 9.528217
v 173.245026 54.719578 -24.219753
v 139.497055 54.719574 -24.219751
v 134.732285 -107.490311 -28.984575
v 134.732285 -107.490326 14.292933
v 178.009796 -107.490326 14.292933
v 178.009796 -107.490311 -28.984575
v 138.382950 -95.160011 -25.333912
v 138.382950 -95.160027 10.642277
v 174.359146 -95.160027 10.642277
v 174.359146 -95.160011 -25.333912
v 187.716690 114.671669 -28.984503
v 191.367340 -107.490311 -25.333916
v 187.716690 114.671654 14.293005
v 191.367340 -107.490326 10.642273
v 230.994186 114.671669 -28.984503
v 227.343536 -107.490311 -25.333916
v 230.994186 114.671654 14.293005
v 227.343536 -107.490326 10.642273
v 193.595566 -43.723648 -23.105684
v 193.595566 -43.723648 8.414082
v 225.115341 -43.723648 8.414082
v 225.115341 -43.723640 -23.105684
v 190.891571 63.254333 11.118101
v 227.819305 63.254333 11.118101
v 227.819305 63.254349 -25.809633
v 190.891586 63.254341 -25.809629
v 198.682327 4.308280 -18.018896
v 198.682327 4.308270 3.327324
v 220.028564 4.308270 3.327324
v 220.028564 4.308277 -18.018896
v 197.810471 -13.477432 -18.890762
v 197.810471 -13.477442 4.199180
v 220.900421 -13.477442 4.199180
v 220.900421 -13.477434 -18.890762
v 197.184738 23.527794 4.824932
v 221.526169 23.527794 4.824932
v 221.526169 23.527802 -19.516489
v 197.184738 23.527802 -19.516489
v 198.541901 -4.073257 3.467754
v 220.168991 -4.073257 3.467754
v 220.168991 -4.073251 -18.159330
v 198.541901 -4.073249 -18.159330
v 196.338928 -25.601858 -20.362307
v 196.338928 -25.601866 5.670716
v 222.371964 -25.601866 5.670716
v 222.371964 -25.601858 -20.362307
v 198.255432 13.022873 -18.445805
v 198.255432 13.022863 3.754239
v 220.455475 13.022863 3.754239
v 220.455475 13.022871 -18.445805
v 195.198822 38.010925 6.810855
v 223.512085 38.010925 6.810855
v 223.512085 38.010933 -21.502403
v 195.198822 38.010937 -21.502403
v 198.255432 -8.556128 -18.445810
v 198.255432 -8.556137 3.754232
v 220.455475 -8.556137 3.754232
v 220.455475 -8.556129 -18.445810
v 197.184738 -19.061066 4.824917
v 221.526169 -19.061066 4.824917
v 221.526169 -19.061058 -19.516504
v 197.184738 -19.061060 -19.516504
v 195.198822 -33.544193 -21.502428
v 195.198822 -33.544201 6.810832
v 223.512085 -33.544201 6.810832
v 223.512085 -33.544193 -21.502428
v 198.682327 0.158458 3.327323
v 220.028564 0.158458 3.327323
v 220.028564 0.158465 -18.018896
v 198.682327 0.158467 -18.018896
v 198.541901 8.539995 -18.159327
v 198.541901 8.539986 3.467759
v 220.168991 8.539986 3.467759
v 220.168991 8.539992 -18.159327
v 197.810471 17.944170 4.199191
v 220.900421 17.944170 4.199191
v 220.900421 17.944178 -18.890753
v 197.810471 17.944180 -18.890753
v 196.338928 30.068604 -20.362288
v 196.338928 30.068596 5.670734
v 222.371964 30.068596 5.670734
v 222.371964 30.068604 -20.362288
v 193.595566 48.190384 8.414112
v 225.115341 48.190384 8.414112
v 225.115341 48.190392 -23.105654
v 193.595566 48.190388 -23.105654
v 194.473465 -38.270443 -22.227766
v 194.473465 -38.270454 7.536169
v 224.237411 -38.270454 7.536169
v 224.237411 -38.270447 -22.227766
v 195.812683 -29.360008 6.196963
v 222.898209 -29.360008 6.196963
v 222.898209 -29.360001 -20.888556
v 195.812683 -29.359993 -20.888554
v 196.792816 -22.189020 -19.908428
v 196.792816 -22.189028 5.216839
v 221.918091 -22.189028 5.216839
v 221.918091 -22.189020 -19.908428
v 197.522141 -16.170282 4.487521
v 221.188766 -16.170282 4.487521
v 221.188766 -16.170275 -19.179106
v 197.522141 -16.170275 -19.179108
v 198.053879 -10.949131 -18.647369
v 198.053879 -10.949141 3.955788
v 220.657028 -10.949141 3.955788
v 220.657028 -10.949133 -18.647369
v 198.417511 -6.272192 3.592144
v 220.293396 -6.272192 3.592144
v 220.293396 -6.272185 -18.283722
v 198.417511 -6.272183 -18.283722
v 198.629898 -1.936832 -18.071348
v 198.629898 -1.936842 3.379774
v 220.080994 -1.936842 3.379774
v 220.080994 -1.936836 -18.071348
v 198.699768 2.233364 3.309897
v 220.011124 2.233364 3.309897
v 220.011124 2.233371 -18.001469
v 198.699768 2.233374 -18.001469
v 198.629898 6.403580 -18.071346
v 198.629898 6.403570 3.379776
v 220.080994 6.403570 3.379776
v 220.080994 6.403578 -18.071346
v 198.417511 10.738922 3.592149
v 220.293396 10.738922 3.592149
v 220.293396 10.738929 -18.283716
v 198.417511 10.738932 -18.283716
v 198.053879 15.415878 -18.647360
v 198.053879 15.415869 3.955797
v 220.657028 15.415869 3.955797
v 220.657028 15.415876 -18.647360
v 197.522141 20.637009 4.487535
v 221.188766 20.637009 4.487535
v 221.188766 20.637016 -19.179094
v 197.522141 20.637022 -19.179094
v 196.792816 26.655766 -19.908411
v 196.792816 26.655760 5.216856
v 221.918091 26.655760 5.216856
v 221.918091 26.655767 -19.908411
v 195.812683 33.826729 6.196982
v 222.898209 33.826729 6.196982
v 222.898209 33.826736 -20.888535
v 195.812683 33.826736 -20.888535
v 194.473465 42.737186 -22.227739
v 194.473465 42.737179 7.536194
v 224.237411 42.737179 7.536194
v 224.237411 42.737186 -22.227741
v 192.481476 54.719570 9.528217
v 226.229431 54.719570 9.528217
v 226.229431 54.719578 -24.219753
v 192.481476 54.719574 -24.219751
v 187.716690 -107.490311 -28.984575
v 187.716690 -107.490326 14.292933
v 230.994186 -107.490326 14.292933
v 230.994186 -107.490311 -28.984575
v 191.367340 -95.160011 -25.333912
v 191.367340 -95.160027 10.642277
v 227.343536 -95.160027 10.642277
v 227.343536 -95.160011 -25.333912
v 240.634506 114.671669 -28.984503
v 244.285156 -107.490311 -25.333916
v 240.634506 114.671654 14.293005
v 244.285156 -107.490326 10.642273
v 283.912018 114.671669 -28.984503
v 280.261383 -107.490311 -25.333916
v 283.912018 114.671654 14.293005
v 280.261383 -107.490326 10.642273
v 246.513382 -43.723648 -23.105684
v 246.513382 -43.723648 8.414082
v 278.033173 -43.723648 8.414082
v 278.033173 -43.723640 -23.105684
v 243.809402 63.254333 11.118101
v 280.737152 63.254333 11.118101
v 280.737152 63.254349 -25.809633
v 243.809402 63.254341 -25.809629
v 251.600159 4.308280 -18.018896
v 251.600159 4.308270 3.327324
v 272.946411 4.308270 3.327324
v 272.946411 4.308277 -18.018896
v 250.728287 -13.477432 -18.890762
v 250.728287 -13.477442 4.199180
v 273.818268 -13.477442 4.199180
v 273.818268 -13.477434 -18.890762
v 250.102554 23.527794 4.824932
v 274.444000 23.527794 4.824932
v 274.444000 23.527802 -19.516489
v 250.102554 23.527802 -19.516489
v 251.459732 -4.073257 3.467754
v 273.086823 -4.073257 3.467754
v 273.086823 -4.073251 -18.159330
v 251.459732 -4.073249 -18.159330
v 249.256760 -25.601858 -20.362307
v 249.256760 -25.601866 5.670716
v 275.289795 -25.601866 5.670716
v 275.289795 -25.601858 -20.362307
v 251.173248 13.022873 -18.445805
v 251.173248 13.022863 3.754239
v 273.373322 13.022863 3.754239
v 273.373322 13.022871 -18.445805
v 248.116638 38.010925 6.810855
v 276.429932 38.010925 6.810855
v 276.429932 38.010933 -21.502403
v 248.116638 38.010937 -21.502403
v 251.173248 -8.556128 -18.445810
v 251.173248 -8.556137 3.754232
v 273.373322 -8.556137 3.754232
v 273.373322 -8.556129 -18.445810
v 250.102554 -19.061066 4.824917
v 274.444000 -19.061066 4.824917
v 274.444000 -19.061058 -19.516504
v 250.102554 -19.061060 -19.516504
v 248.116638 -33.544193 -21.502428
v 248.116638 -33.544201 6.810832
v 276.429932 -33.544201 6.810832
v 276.429932 -33.544193 -21.502428
v 251.600159 0.158458 3.327323
v 272.946411 0.158458 3.327323
v 272.946411 0.158465 -18.018896
v 251.600159 0.158467 -18.018896
v 251.459732 8.539995 -18.159327
v 251.459732 8.539986 3.467759
v 273.086823 8.539986 3.467759
v 273.086823 8.539992 -18.159327
v 250.728287 17.944170 4.199191
v 273.818268 17.944170 4.199191
v 273.818268 17.944178 -18.890753
v 250.728287 17.944180 -18.890753
v 249.256760 30.068604 -20.362288
v 249.256760 30.068596 5.670734
v 275.289795 30.068596 5.670734
v 275.289795 30.068604 -20.362288
v 246.513382 48.190384 8.414112
v 278.033173 48.190384 8.414112
v 278.033173 48.190392 -23.105654
v 246.513382 48.190388 -23.105654
v 247.391296 -38.270443 -22.227766
v 247.391296 -38.270454 7.536169
v 277.155243 -38.270454 7.536169
v 277.155243 -38.270447 -22.227766
v 248.730515 -29.360008 6.196963
v 275.816040 -29.360008 6.196963
v 275.816040 -29.360001 -20.888556
v 248.730515 -29.359993 -20.888554
v 249.710632 -22.189020 -19.908428
v 249.710632 -22.189028 5.216839
v 274.835938 -22.189028 5.216839
v 274.835938 -22.189020 -19.908428
v 250.439957 -16.170282 4.487521
v 274.106598 -16.170282 4.487521
v 274.106598 -16.170275 -19.179106
v 250.439957 -16.170275 -19.179108
v 250.971695 -10.949131 -18.647369
v 250.971695 -10.949141 3.955788
v 273.574860 -10.949141 3.955788
v 273.574860 -10.949133 -18.647369
v 251.335327 -6.272192 3.592144
v 273.211243 -6.272192 3.592144
v 273.211243 -6.272185 -18.283722
v 251.335327 -6.272183 -18.283722
v 251.547714 -1.936832 -18.071348
v 251.547714 -1.936842 3.379774
v 272.998840 -1.936842 3.379774
v 272.998840 -1.936836 -18.071348
v 251.617599 2.233364 3.309897
v 272.928955 2.233364 3.309897
v 272.928955 2.233371 -18.001469
v 251.617599 2.233374 -18.001469
v 251.547714 6.403580 -18.071346
v 251.547714 6.403570 3.379776
v 272.998840 6.403570 3.379776
v 272.998840 6.403578 -18.071346
v 251.335327 10.738922 3.592149
v 273.211243 10.738922 3.592149
v 273.211243 10.738929 -18.283716
v 251.335327 10.738932 -18.283716
v 250.971695 15.415878 -18.647360
v 250.971695 15.415869 3.955797
v 273.574860 15.415869 3.955797
v 273.574860 15.415876 -18.647360
v 250.439957 20.637009 4.487535
v 274.106598 20.637009 4.487535
v 274.106598 20.637016 -19.179094
v 250.439957 20.637022 -19.179094
v 249.710632 26.655766 -19.908411
v 249.710632 26.655760 5.216856
v 274.835938 26.655760 5.216856
v 274.835938 26.655767 -19.908411
v 248.730515 33.826729 6.196982
v 275.816040 33.826729 6.196982
v 275.816040 33.826736 -20.888535
v 248.730515 33.826736 -20.888535
v 247.391296 42.737186 -22.227739
v 247.391296 42.737179 7.536194
v 277.155243 42.737179 7.536194
v 277.155243 42.737186 -22.227741
v 245.399277 54.719570 9.528217
v 279.147278 54.719570 9.528217
v 279.147278 54.719578 -24.219753
v 245.399292 54.719574 -24.219751
v 240.634506 -107.490311 -28.984575
v 240.634506 -107.490326 14.292933
v 283.912018 -107.490326 14.292933
v 283.912018 -107.490311 -28.984575
v 244.285156 -95.160011 -25.333912
v 244.285156 -95.160027 10.642277
v 280.261383 -95.160027 10.642277
v 280.261383 -95.160011 -25.333912
v 298.664429 114.671669 -28.984503
v 302.315094 -107.490311 -25.333916
v 298.664429 114.671654 14.293005
v 302.315094 -107.490326 10.642273
v 341.941956 114.671669 -28.984503
v 338.291290 -107.490311 -25.333916
v 341.941956 114.671654 14.293005
v 338.291290 -107.490326 10.642273
v 304.543304 -43.723648 -23.105684
v 304.543304 -43.723648 8.414082
v 336.063080 -43.723648 8.414082
v 336.063080 -43.723640 -23.105684
v 301.839325 63.254333 11.118101
v 338.767059 63.254333 11.118101
v 338.767059 63.254349 -25.809633
v 301.839325 63.254341 -25.809629
v 309.630096 4.308280 -18.018896
v 309.630096 4.308270 3.327324
v 330.976318 4.308270 3.327324
v 330.976318 4.308277 -18.018896
v 308.758209 -13.477432 -18.890762
v 308.758209 -13.477442 4.199180
v 331.848175 -13.477442 4.199180
v 331.848175 -13.477434 -18.890762
v 308.132477 23.527794 4.824932
v 332.473907 23.527794 4.824932
v 332.473907 23.527802 -19.516489
v 308.132477 23.527802 -19.516489
v 309.489655 -4.073257 3.467754
v 331.116760 -4.073257 3.467754
v 331.116760 -4.073251 -18.159330
v 309.489655 -4.073249 -18.159330
v 307.286682 -25.601858 -20.362307
v 307.286682 -25.601866 5.670716
v 333.319733 -25.601866 5.670716
v 333.319733 -25.601858 -20.362307
v 309.203186 13.022873 -18.445805
v 309.203186 13.022863 3.754239
v 331.403229 13.022863 3.754239
v 331.403229 13.022871 -18.445805
v 306.146576 38.010925 6.810855
v 334.459839 38.010925 6.810855
v 334.459839 38.010933 -21.502403
v 306.146576 38.010937 -21.502403
v 309.203186 -8.556128 -18.445810
v 309.203186 -8.556137 3.754232
v 331.403229 -8.556137 3.754232
v 331.403229 -8.556129 -18.445810
v 308.132477 -19.061066 4.824917
v 332.473907 -19.061066 4.824917
v 332.473907 -19.061058 -19.516504
v 308.132477 -19.061060 -19.516504
v 306.146576 -33.544193 -21.502428
v 306.146576 -33.544201 6.810832
v 334.459839 -33.544201 6.810832
v 334.459839 -33.544193 -21.502428
v 309.630096 0.158458 3.327323
v 330.976318 0.158458 3.327323
v 330.976318 0.158465 -18.018896
v 309.630096 0.158467 -18.018896
v 309.489655 8.539995 -18.159327
v 309.489655 8.539986 3.467759
v 331.116760 8.539986 3.467759
v 331.116760 8.539992 -18.159327
v 308.758209 17.944170 4.199191
v 331.848175 17.944170 4.199191
v 331.848175 17.944178 -18.890753
v 308.758209 17.944180 -18.890753
v 307.286682 30.068604 -20.362288
v 307.286682 30.068596 5.670734
v 333.319733 30.068596 5.670734
v 333.319733 30.068604 -20.362288
v 304.543304 48.190384 8.414112
v 336.063080 48.190384 8.414112
v 336.063080 48.190392 -23.105654
v 304.543304 48.190388 -23.105654
v 305.421234 -38.270443 -22.227766
v 305.421234 -38.270454 7.536169
v 335.185150 -38.270454 7.536169
v 335.185150 -38.270447 -22.227766
v 306.760437 -29.360008 6.196963
v 333.845978 -29.360008 6.196963
v 333.845978 -29.360001 -20.888556
v 306.760437 -29.359993 -20.888554
v 307.740570 -22.189020 -19.908428
v 307.740570 -22.189028 5.216839
v 332.865845 -22.189028 5.216839
v 332.865845 -22.189020 -19.908428
v 308.469879 -16.170282 4.487521
v 332.136505 -16.170282 4.487521
v 332.136505 -16.170275 -19.179106
v 308.469879 -16.170275 -19.179108
v 309.001617 -10.949131 -18.647369
v 309.001617 -10.949141 3.955788
v 331.604767 -10.949141 3.955788
v 331.604767 -10.949133 -18.647369
v 309.365265 -6.272192 3.592144
v 331.241150 -6.272192 3.592144
v 331.241150 -6.272185 -18.283722
v 309.365265 -6.272183 -18.283722
v 309.577637 -1.936832 -18.071348
v 309.577637 -1.936842 3.379774
v 331.028748 -1.936842 3.379774
v 331.028748 -1.936836 -18.071348
v 309.647522 2.233364 3.309897
v 330.958893 2.233364 3.309897
v 330.958893 2.233371 -18.001469
v 309.647522 2.233374 -18.001469
v 309.577637 6.403580 -18.071346
v 309.577637 6.403570 3.379776
v 331.028748 6.403570 3.379776
v 331.028748 6.403578 -18.071346
v 309.365265 10.738922 3.592149
v 331.241150 10.738922 3.592149
v 331.241150 10.738929 -18.283716
v 309.365265 10.738932 -18.283716
v 309.001617 15.415878 -18.647360
v 309.001617 15.415869 3.955797
v 331.604767 15.415869 3.955797
v 331.604767 15.415876 -18.647360
v 308.469879 20.637009 4.487535
v 332.136505 20.637009 4.487535
v 332.136505 20.637016 -19.179094
v 308.469879 20.637022 -19.179094
v 307.740570 26.655766 -19.908411
v 307.740570 26.655760 5.216856
v 332.865845 26.655760 5.216856
v 332.865845 26.655767 -19.908411
v 306.760437 33.826729 6.196982
v 333.845978 33.826729 6.196982
v 333.845978 33.826736 -20.888535
v 306.760437 33.826736 -20.888535
v 305.421234 42.737186 -22.227739
v 305.421234 42.737179 7.536194
v 335.185150 42.737179 7.536194
v 335.185150 42.737186 -22.227741
v 303.429199 54.719570 9.528217
v 337.177185 54.719570 9.528217
v 337.177185 54.719578 -24.219753
v 303.429230 54.719574 -24.219751
v 298.664429 -107.490311 -28.984575
v 298.664429 -107.490326 14.292933
v 341.941956 -107.490326 14.292933
v 341.941956 -107.490311 -28.984575
v 302.315094 -95.160011 -25.333912
v 302.315094 -95.160027 10.642277
v 338.291290 -95.160027 10.642277
v 338.291290 -95.160011 -25.333912
v -21.013004 114.671669 24.274975
v -17.362345 -107.490318 27.925566
v -21.013004 114.671654 67.552483
v -17.362345 -107.490326 63.901749
v 22.264503 114.671669 24.274975
v 18.613844 -107.490318 27.925566
v 22.264503 114.671654 67.552483
v 18.613844 -107.490326 63.901749
v -15.134130 -43.723648 30.153795
v -15.134129 -43.723652 61.673561
v 16.385637 -43.723652 61.673561
v 16.385637 -43.723640 30.153795
v -17.838114 63.254337 64.377579
v 19.089619 63.254337 64.377579
v 19.089619 63.254349 27.449846
v -17.838112 63.254341 27.449850
v -10.047350 4.308280 35.240582
v -10.047350 4.308270 56.586803
v 11.298869 4.308270 56.586803
v 11.298869 4.308277 35.240582
v -10.919212 -13.477430 34.368717
v -10.919212 -13.477442 57.458656
v 12.170731 -13.477442 57.458656
v 12.170731 -13.477434 34.368717
v -11.544953 23.527794 58.084412
v 12.796470 23.527794 58.084412
v 12.796470 23.527802 33.742989
v -11.544952 23.527802 33.742989
v -10.187782 -4.073257 56.727234
v 11.439302 -4.073257 56.727234
v 11.439302 -4.073250 35.100147
v -10.187782 -4.073249 35.100147
v -12.390754 -25.601858 32.897175
v -12.390754 -25.601866 58.930191
v 13.642268 -25.601866 58.930191
v 13.642268 -25.601858 32.897175
v -10.474261 13.022873 34.813675
v -10.474261 13.022865 57.013710
v 11.725780 13.022865 57.013710
v 11.725780 13.022873 34.813675
v -13.530871 38.010921 60.070328
v 14.782387 38.010921 60.070328
v 14.782387 38.010933 31.757074
v -13.530871 38.010937 31.757074
v -10.474261 -8.556128 34.813667
v -10.474261 -8.556135 57.013702
v 11.725780 -8.556135 57.013702
v 11.725780 -8.556128 34.813667
v -11.544952 -19.061064 58.084396
v 12.796468 -19.061064 58.084396
v 12.796468 -19.061056 33.742973
v -11.544953 -19.061058 33.742973
v -13.530873 -33.544189 31.757051
v -13.530873 -33.544205 60.070305
v 14.782387 -33.544205 60.070305
v 14.782387 -33.544193 31.757051
v -10.047350 0.158458 56.586803
v 11.298869 0.158458 56.586803
v 11.298869 0.158464 35.240582
v -10.047350 0.158467 35.240582
v -10.187782 8.539996 35.100151
v -10.187782 8.539986 56.727234
v 11.439302 8.539986 56.727234
v 11.439302 8.539993 35.100151
v -10.919212 17.944170 57.458672
v 12.170731 17.944170 57.458672
v 12.170731 17.944178 34.368725
v -10.919212 17.944181 34.368725
v -12.390754 30.068604 32.897190
v -12.390754 30.068596 58.930206
v 13.642268 30.068596 58.930206
v 13.642268 30.068604 32.897190
v -15.134129 48.190380 61.673592
v 16.385637 48.190380 61.673592
v 16.385637 48.190392 30.153826
v -15.134126 48.190388 30.153826
v -14.256210 -38.270439 31.031713
v -14.256210 -38.270454 60.795639
v 15.507722 -38.270454 60.795639
v 15.507722 -38.270443 31.031713
v -12.917002 -29.360012 59.456444
v 14.168516 -29.360012 59.456444
v 14.168516 -29.360001 32.370922
v -12.917001 -29.359993 32.370922
v -11.936874 -22.189020 33.351051
v -11.936873 -22.189028 58.476318
v 13.188391 -22.189028 58.476318
v 13.188391 -22.189020 33.351051
v -11.207555 -16.170282 57.746994
v 12.459072 -16.170282 57.746994
v 12.459072 -16.170275 34.080372
v -11.207555 -16.170275 34.080368
v -10.675819 -10.949129 34.612106
v -10.675819 -10.949141 57.215263
v 11.927339 -10.949141 57.215263
v 11.927339 -10.949133 34.612106
v -10.312175 -6.272192 56.851624
v 11.563693 -6.272192 56.851624
v 11.563693 -6.272185 34.975758
v -10.312175 -6.272183 34.975758
v -10.099801 -1.936832 35.188129
v -10.099801 -1.936842 56.639256
v 11.351320 -1.936842 56.639256
v 11.351320 -1.936835 35.188129
v -10.029922 2.233364 56.569374
v 11.281442 2.233364 56.569374
v 11.281442 2.233371 35.258007
v -10.029922 2.233374 35.258007
v -10.099801 6.403580 35.188129
v -10.099801 6.403570 56.639256
v 11.351320 6.403570 56.639256
v 11.351320 6.403577 35.188129
v -10.312175 10.738922 56.851624
v 11.563693 10.738922 56.851624
v 11.563693 10.738929 34.975765
v -10.312175 10.738932 34.975765
v -10.675819 15.415880 34.612114
v -10.675819 15.415869 57.215279
v 11.927339 15.415869 57.215279
v 11.927339 15.415876 34.612114
v -11.207555 20.637011 57.747017
v 12.459072 20.637011 57.747017
v 12.459072 20.637018 34.080379
v -11.207555 20.637022 34.080379
v -11.936873 26.655767 33.351067
v -11.936874 26.655760 58.476334
v 13.188391 26.655760 58.476334
v 13.188391 26.655767 33.351067
v -12.917001 33.826729 59.456459
v 14.168515 33.826729 59.456459
v 14.168515 33.826736 32.370945
v -12.917001 33.826736 32.370945
v -14.256210 42.737186 31.031740
v -14.256210 42.737175 60.795670
v 15.507722 42.737175 60.795670
v 15.507722 42.737186 31.031740
v -16.248230 54.719570 62.787689
v 17.499739 54.719570 62.787689
v 17.499739 54.719582 29.039724
v -16.248230 54.719574 29.039724
v -21.013004 -107.490311 24.274902
v -21.013004 -107.490326 67.552406
v 22.264503 -107.490326 67.552406
v 22.264503 -107.490311 24.274902
v -17.362345 -95.160011 27.925570
v -17.362345 -95.160019 63.901756
v 18.613844 -95.160019 63.901756
v 18.613844 -95.160011 27.925570
v 30.247547 114.671669 24.274975
v 33.898205 -107.490318 27.925566
v 30.247547 114.671654 67.552483
v 33.898205 -107.490326 63.901749
v 73.525055 114.671669 24.274975
v 69.874390 -107.490318 27.925566
v 73.525055 114.671654 67.552483
v 69.874390 -107.490326 63.901749
v 36.126419 -43.723648 30.153795
v 36.126423 -43.723652 61.673561
v 67.646187 -43.723652 61.673561
v 67.646187 -43.723640 30.153795
v 33.422436 63.254337 64.377579
v 70.350166 63.254337 64.377579
v 70.350166 63.254349 27.449846
v 33.422440 63.254341 27.449850
v 41.213200 4.308280 35.240582
v 41.213200 4.308270 56.586803
v 62.559422 4.308270 56.586803
v 62.559422 4.308277 35.240582
v 40.341339 -13.477430 34.368717
v 40.341339 -13.477442 57.458656
v 63.431278 -13.477442 57.458656
v 63.431278 -13.477434 34.368717
v 39.715595 23.527794 58.084412
v 64.057022 23.527794 58.084412
v 64.057022 23.527802 33.742989
v 39.715599 23.527802 33.742989
v 41.072769 -4.073257 56.727234
v 62.699852 -4.073257 56.727234
v 62.699852 -4.073250 35.100147
v 41.072769 -4.073249 35.100147
v 38.869793 -25.601858 32.897175
v 38.869793 -25.601866 58.930191
v 64.902817 -25.601866 58.930191
v 64.902817 -25.601858 32.897175
v 40.786289 13.022873 34.813675
v 40.786289 13.022865 57.013710
v 62.986328 13.022865 57.013710
v 62.986328 13.022873 34.813675
v 37.729679 38.010921 60.070328
v 66.042938 38.010921 60.070328
v 66.042938 38.010933 31.757074
v 37.729679 38.010937 31.757074
v 40.786289 -8.556128 34.813667
v 40.786289 -8.556135 57.013702
v 62.986328 -8.556135 57.013702
v 62.986328 -8.556128 34.813667
v 39.715599 -19.061064 58.084396
v 64.057022 -19.061064 58.084396
v 64.057022 -19.061056 33.742973
v 39.715595 -19.061058 33.742973
v 37.729675 -33.544189 31.757051
v 37.729675 -33.544205 60.070305
v 66.042938 -33.544205 60.070305
v 66.042938 -33.544193 31.757051
v 41.213200 0.158458 56.586803
v 62.559422 0.158458 56.586803
v 62.559422 0.158464 35.240582
v 41.213200 0.158467 35.240582
v 41.072769 8.539996 35.100151
v 41.072769 8.539986 56.727234
v 62.699852 8.539986 56.727234
v 62.699852 8.539993 35.100151
v 40.341339 17.944170 57.458672
v 63.431278 17.944170 57.458672
v 63.431278 17.944178 34.368725
v 40.341339 17.944181 34.368725
v 38.869793 30.068604 32.897190
v 38.869793 30.068596 58.930206
v 64.902817 30.068596 58.930206
v 64.902817 30.068604 32.897190
v 36.126423 48.190380 61.673592
v 67.646187 48.190380 61.673592
v 67.646187 48.190392 30.153826
v 36.126423 48.190388 30.153826
v 37.004337 -38.270439 31.031713
v 37.004337 -38.270454 60.795639
v 66.768272 -38.270454 60.795639
v 66.768272 -38.270443 31.031713
v 38.343548 -29.360012 59.456444
v 65.429070 -29.360012 59.456444
v 65.429070 -29.360001 32.370922
v 38.343548 -29.359993 32.370922
v 39.323677 -22.189020 33.351051
v 39.323677 -22.189028 58.476318
v 64.448944 -22.189028 58.476318
v 64.448944 -22.189020 33.351051
v 40.052994 -16.170282 57.746994
v 63.719620 -16.170282 57.746994
v 63.719620 -16.170275 34.080372
v 40.052994 -16.170275 34.080368
v 40.584728 -10.949129 34.612106
v 40.584728 -10.949141 57.215263
v 63.187889 -10.949141 57.215263
v 63.187889 -10.949133 34.612106
v 40.948376 -6.272192 56.851624
v 62.824242 -6.272192 56.851624
v 62.824242 -6.272185 34.975758
v 40.948376 -6.272183 34.975758
v 41.160748 -1.936832 35.188129
v 41.160748 -1.936842 56.639256
v 62.611874 -1.936842 56.639256
v 62.611874 -1.936835 35.188129
v 41.230625 2.233364 56.569374
v 62.541992 2.233364 56.569374
v 62.541992 2.233371 35.258007
v 41.230625 2.233374 35.258007
v 41.160748 6.403580 35.188129
v 41.160748 6.403570 56.639256
v 62.611874 6.403570 56.639256
v 62.611874 6.403577 35.188129
v 40.948376 10.738922 56.851624
v 62.824242 10.738922 56.851624
v 62.824242 10.738929 34.975765
v 40.948376 10.738932 34.975765
v 40.584728 15.415880 34.612114
v 40.584728 15.415869 57.215279
v 63.187889 15.415869 57.215279
v 63.187889 15.415876 34.612114
v 40.052994 20.637011 57.747017
v 63.719620 20.637011 57.747017
v 63.719620 20.637018 34.080379
v 40.052994 20.637022 34.080379
v 39.323677 26.655767 33.351067
v 39.323677 26.655760 58.476334
v 64.448944 26.655760 58.476334
v 64.448944 26.655767 33.351067
v 38.343548 33.826729 59.456459
v 65.429070 33.826729 59.456459
v 65.429070 33.826736 32.370945
v 38.343548 33.826736 32.370945
v 37.004337 42.737186 31.031740
v 37.004337 42.737175 60.795670
v 66.768272 42.737175 60.795670
v 66.768272 42.737186 31.031740
v 35.012318 54.719570 62.787689
v 68.760292 54.719570 62.787689
v 68.760292 54.719582 29.039724
v 35.012318 54.719574 29.039724
v 30.247547 -107.490311 24.274902
v 30.247547 -107.490326 67.552406
v 73.525055 -107.490326 67.552406
v 73.525055 -107.490311 24.274902
v 33.898205 -95.160011 27.925570
v 33.898205 -95.160019 63.901756
v 69.874390 -95.160019 63.901756
v 69.874390 -95.160011 27.925570
v 81.816841 114.671669 24.379292
v 85.467499 -107.490318 28.029882
v 81.816841 114.671654 67.656799
v 85.467499 -107.490326 64.006065
v 125.094345 114.671669 24.379292
v 121.443687 -107.490318 28.029882
v 125.094345 114.671654 67.656799
v 121.443687 -107.490326 64.006065
v 87.695717 -43.723648 30.258112
v 87.695717 -43.723652 61.777878
v 119.215477 -43.723652 61.777878
v 119.215477 -43.723640 30.258112
v 84.991730 63.254337 64.481895
v 121.919464 63.254337 64.481895
v 121.919464 63.254349 27.554163
v 84.991730 63.254341 27.554167
v 92.782494 4.308280 35.344898
v 92.782494 4.308270 56.691116
v 114.128708 4.308270 56.691116
v 114.128708 4.308277 35.344898
v 91.910629 -13.477430 34.473034
v 91.910629 -13.477442 57.562973
v 115.000572 -13.477442 57.562973
v 115.000572 -13.477434 34.473034
v 91.284889 23.527794 58.188728
v 115.626312 23.527794 58.188728
v 115.626312 23.527802 33.847305
v 91.284889 23.527802 33.847305
v 92.642052 -4.073257 56.831551
v 114.269150 -4.073257 56.831551
v 114.269150 -4.073250 35.204464
v 92.642052 -4.073249 35.204464
v 90.439087 -25.601858 33.001492
v 90.439087 -25.601866 59.034508
v 116.472107 -25.601866 59.034508
v 116.472107 -25.601858 33.001492
v 92.355583 13.022873 34.917992
v 92.355583 13.022865 57.118027
v 114.555618 13.022865 57.118027
v 114.555618 13.022873 34.917992
v 89.298973 38.010921 60.174644
v 117.612228 38.010921 60.174644
v 117.612228 38.010933 31.861391
v 89.298973 38.010937 31.861391
v 92.355583 -8.556128 34.917984
v 92.355583 -8.556135 57.118019
v 114.555618 -8.556135 57.118019
v 114.555618 -8.556128 34.917984
v 91.284889 -19.061064 58.188713
v 115.626305 -19.061064 58.188713
v 115.626305 -19.061056 33.847290
v 91.284889 -19.061058 33.847290
v 89.298973 -33.544189 31.861368
v 89.298973 -33.544205 60.174622
v 117.612228 -33.544205 60.174622
v 117.612228 -33.544193 31.861368
v 92.782494 0.158458 56.691116
v 114.128708 0.158458 56.691116
v 114.128708 0.158465 35.344898
v 92.782494 0.158467 35.344898
v 92.642052 8.539996 35.204468
v 92.642052 8.539986 56.831551
v 114.269150 8.539986 56.831551
v 114.269150 8.539993 35.204468
v 91.910629 17.944170 57.562988
v 115.000572 17.944170 57.562988
v 115.000572 17.944178 34.473042
v 91.910629 17.944181 34.473042
v 90.439087 30.068604 33.001507
v 90.439087 30.068596 59.034523
v 116.472107 30.068596 59.034523
v 116.472107 30.068604 33.001507
v 87.695717 48.190380 61.777908
v 119.215477 48.190380 61.777908
v 119.215477 48.190392 30.258142
v 87.695717 48.190388 30.258142
v 88.573639 -38.270439 31.136030
v 88.573639 -38.270454 60.899956
v 118.337570 -38.270454 60.899956
v 118.337570 -38.270443 31.136030
v 89.912842 -29.360012 59.560760
v 116.998360 -29.360012 59.560760
v 116.998360 -29.360001 32.475239
v 89.912842 -29.359993 32.475239
v 90.892960 -22.189020 33.455364
v 90.892975 -22.189028 58.580635
v 116.018234 -22.189028 58.580635
v 116.018234 -22.189020 33.455364
v 91.622292 -16.170282 57.851311
v 115.288910 -16.170282 57.851311
v 115.288910 -16.170275 34.184689
v 91.622292 -16.170275 34.184685
v 92.154030 -10.949129 34.716423
v 92.154030 -10.949141 57.319580
v 114.757179 -10.949141 57.319580
v 114.757179 -10.949133 34.716423
v 92.517670 -6.272192 56.955940
v 114.393532 -6.272192 56.955940
v 114.393532 -6.272185 35.080074
v 92.517670 -6.272183 35.080074
v 92.730042 -1.936832 35.292446
v 92.730042 -1.936842 56.743568
v 114.181168 -1.936842 56.743568
v 114.181168 -1.936835 35.292446
v 92.799919 2.233364 56.673691
v 114.111282 2.233364 56.673691
v 114.111282 2.233371 35.362324
v 92.799919 2.233374 35.362324
v 92.730042 6.403580 35.292446
v 92.730042 6.403570 56.743568
v 114.181168 6.403570 56.743568
v 114.181168 6.403578 35.292446
v 92.517670 10.738922 56.955940
v 114.393532 10.738922 56.955940
v 114.393532 10.738929 35.080082
v 92.517670 10.738932 35.080082
v 92.154030 15.415880 34.716431
v 92.154030 15.415869 57.319595
v 114.757179 15.415869 57.319595
v 114.757179 15.415876 34.716431
v 91.622292 20.637011 57.851334
v 115.288910 20.637011 57.851334
v 115.288910 20.637018 34.184696
v 91.622292 20.637022 34.184696
v 90.892975 26.655767 33.455379
v 90.892960 26.655760 58.580650
v 116.018234 26.655760 58.580650
v 116.018234 26.655767 33.455379
v 89.912842 33.826729 59.560776
v 116.998352 33.826729 59.560776
v 116.998352 33.826736 32.475262
v 89.912842 33.826736 32.475262
v 88.573639 42.737186 31.136057
v 88.573639 42.737175 60.899986
v 118.337570 42.737175 60.899986
v 118.337570 42.737186 31.136057
v 86.581612 54.719570 62.892006
v 120.329582 54.719570 62.892006
v 120.329582 54.719582 29.144041
v 86.581612 54.719574 29.144041
v 81.816841 -107.490311 24.379219
v 81.816841 -107.490326 67.656723
v 125.094345 -107.490326 67.656723
v 125.094345 -107.490311 24.379219
v 85.467499 -95.160011 28.029886
v 85.467499 -95.160019 64.006073
v 121.443687 -95.160019 64.006073
v 121.443687 -95.160011 28.029886
v 134.598724 114.671669 24.274975
v 138.249390 -107.490318 27.925566
v 134.598724 114.671654 67.552483
v 138.249390 -107.490326 63.901749
v 177.876236 114.671669 24.274975
v 174.225586 -107.490318 27.925566
v 177.876236 114.671654 67.552483
v 174.225586 -107.490326 63.901749
v 140.477600 -43.723648 30.153795
v 140.477600 -43.723652 61.673561
v 171.997375 -43.723652 61.673561
v 171.997375 -43.723640 30.153795
v 137.773621 63.254337 64.377579
v 174.701355 63.254337 64.377579
v 174.701355 63.254349 27.449846
v 137.773621 63.254341 27.449850
v 145.564392 4.308280 35.240582
v 145.564392 4.308270 56.586803
v 166.910599 4.308270 56.586803
v 166.910599 4.308277 35.240582
v 144.692520 -13.477430 34.368717
v 144.692520 -13.477442 57.458656
v 167.782471 -13.477442 57.458656
v 167.782471 -13.477434 34.368717
v 144.066772 23.527794 58.084412
v 168.408203 23.527794 58.084412
v 168.408203 23.527802 33.742989
v 144.066772 23.527802 33.742989
v 145.423950 -4.073257 56.727234
v 167.051041 -4.073257 56.727234
v 167.051041 -4.073250 35.100147
v 145.423950 -4.073249 35.100147
v 143.220978 -25.601858 32.897175
v 143.220978 -25.601866 58.930191
v 169.253998 -25.601866 58.930191
v 169.253998 -25.601858 32.897175
v 145.137466 13.022873 34.813675
v 145.137466 13.022865 57.013710
v 167.337509 13.022865 57.013710
v 167.337509 13.022873 34.813675
v 142.080856 38.010921 60.070328
v 170.394119 38.010921 60.070328
v 170.394119 38.010933 31.757074
v 142.080856 38.010937 31.757074
v 145.137466 -8.556128 34.813667
v 145.137466 -8.556135 57.013702
v 167.337509 -8.556135 57.013702
v 167.337509 -8.556128 34.813667
v 144.066772 -19.061064 58.084396
v 168.408203 -19.061064 58.084396
v 168.408203 -19.061056 33.742973
v 144.066772 -19.061058 33.742973
v 142.080856 -33.544189 31.757051
v 142.080856 -33.544205 60.070305
v 170.394119 -33.544205 60.070305
v 170.394119 -33.544193 31.757051
v 145.564392 0.158458 56.586803
v 166.910599 0.158458 56.586803
v 166.910599 0.158464 35.240582
v 145.564392 0.158467 35.240582
v 145.423950 8.539996 35.100151
v 145.423950 8.539986 56.727234
v 167.051041 8.539986 56.727234
v 167.051041 8.539993 35.100151
v 144.692520 17.944170 57.458672
v 167.782471 17.944170 57.458672
v 167.782471 17.944178 34.368725
v 144.692520 17.944181 34.368725
v 143.220978 30.068604 32.897190
v 143.220978 30.068596 58.930206
v 169.253998 30.068596 58.930206
v 169.253998 30.068604 32.897190
v 140.477600 48.190380 61.673592
v 171.997375 48.190380 61.673592
v 171.997375 48.190392 30.153826
v 140.477600 48.190388 30.153826
v 141.355530 -38.270439 31.031713
v 141.355530 -38.270454 60.795639
v 171.119461 -38.270454 60.795639
v 171.119461 -38.270443 31.031713
v 142.694733 -29.360012 59.456444
v 169.780258 -29.360012 59.456444
v 169.780258 -29.360001 32.370922
v 142.694733 -29.359993 32.370922
v 143.674850 -22.189020 33.351051
v 143.674866 -22.189028 58.476318
v 168.800125 -22.189028 58.476318
v 168.800125 -22.189020 33.351051
v 144.404190 -16.170282 57.746994
v 168.070801 -16.170282 57.746994
v 168.070801 -16.170275 34.080372
v 144.404190 -16.170275 34.080368
v 144.935913 -10.949129 34.612106
v 144.935913 -10.949141 57.215263
v 167.539062 -10.949141 57.215263
v 167.539062 -10.949133 34.612106
v 145.299561 -6.272192 56.851624
v 167.175430 -6.272192 56.851624
v 167.175430 -6.272185 34.975758
v 145.299561 -6.272183 34.975758
v 145.511932 -1.936832 35.188129
v 145.511932 -1.936842 56.639256
v 166.963058 -1.936842 56.639256
v 166.963058 -1.936835 35.188129
v 145.581818 2.233364 56.569374
v 166.893173 2.233364 56.569374
v 166.893173 2.233371 35.258007
v 145.581818 2.233374 35.258007
v 145.511932 6.403580 35.188129
v 145.511932 6.403570 56.639256
v 166.963058 6.403570 56.639256
v 166.963058 6.403577 35.188129
v 145.299561 10.738922 56.851624
v 167.175430 10.738922 56.851624
v 167.175430 10.738929 34.975765
v 145.299561 10.738932 34.975765
v 144.935913 15.415880 34.612114
v 144.935913 15.415869 57.215279
v 167.539062 15.415869 57.215279
v 167.539062 15.415876 34.612114
v 144.404190 20.637011 57.747017
v 168.070801 20.637011 57.747017
v 168.070801 20.637018 34.080379
v 144.404190 20.637022 34.080379
v 143.674866 26.655767 33.351067
v 143.674850 26.655760 58.476334
v 168.800125 26.655760 58.476334
v 168.800125 26.655767 33.351067
v 142.694733 33.826729 59.456459
v 169.780243 33.826729 59.456459
v 169.780243 33.826736 32.370945
v 142.694733 33.826736 32.370945
v 141.355530 42.737186 31.031740
v 141.355530 42.737175 60.795670
v 171.119461 42.737175 60.795670
v 171.119461 42.737186 31.031740
v 139.363510 54.719570 62.787689
v 173.111481 54.719570 62.787689
v 173.111481 54.719582 29.039724
v 139.363510 54.719574 29.039724
v 134.598724 -107.490311 24.274902
v 134.598724 -107.490326 67.552406
v 177.876236 -107.490326 67.552406
v 177.876236 -107.490311 24.274902
v 138.249390 -95.160011 27.925570
v 138.249390 -95.160019 63.901756
v 174.225586 -95.160019 63.901756
v 174.225586 -95.160011 27.925570
v 187.716690 114.671669 24.274975
v 191.367340 -107.490318 27.925566
v 187.716690 114.671654 67.552483
v 191.367340 -107.490326 63.901749
v 230.994186 114.671669 24.274975
v 227.343536 -107.490318 27.925566
v 230.994186 114.671654 67.552483
v 227.343536 -107.490326 63.901749
v 193.595566 -43.723648 30.153795
v 193.595566 -43.723652 61.673561
v 225.115341 -43.723652 61.673561
v 225.115341 -43.723640 30.153795
v 190.891571 63.254337 64.377579
v 227.819305 63.254337 64.377579
v 227.819305 63.254349 27.449846
v 190.891586 63.254341 27.449850
v 198.682327 4.308280 35.240582
v 198.682327 4.308270 56.586803
v 220.028564 4.308270 56.586803
v 220.028564 4.308277 35.240582
v 197.810471 -13.477430 34.368717
v 197.810471 -13.477442 57.458656
v 220.900421 -13.477442 57.458656
v 220.900421 -13.477434 34.368717
v 197.184738 23.527794 58.084412
v 221.526169 23.527794 58.084412
v 221.526169 23.527802 33.742989
v 197.184738 23.527802 33.742989
v 198.541901 -4.073257 56.727234
v 220.168991 -4.073257 56.727234
v 220.168991 -4.073250 35.100147
v 198.541901 -4.073249 35.100147
v 196.338928 -25.601858 32.897175
v 196.338928 -25.601866 58.930191
v 222.371964 -25.601866 58.930191
v 222.371964 -25.601858 32.897175
v 198.255432 13.022873 34.813675
v 198.255432 13.022865 57.013710
v 220.455475 13.022865 57.013710
v 220.455475 13.022873 34.813675
v 195.198822 38.010921 60.070328
v 223.512085 38.010921 60.070328
v 223.512085 38.010933 31.757074
v 195.198822 38.010937 31.757074
v 198.255432 -8.556128 34.813667
v 198.255432 -8.556135 57.013702
v 220.455475 -8.556135 57.013702
v 220.455475 -8.556128 34.813667
v 197.184738 -19.061064 58.084396
v 221.526169 -19.061064 58.084396
v 221.526169 -19.061056 33.742973
v 197.184738 -19.061058 33.742973
v 195.198822 -33.544189 31.757051
v 195.198822 -33.544205 60.070305
v 223.512085 -33.544205 60.070305
v 223.512085 -33.544193 31.757051
v 198.682327 0.158458 56.586803
v 220.028564 0.158458 56.586803
v 220.028564 0.158464 35.240582
v 198.682327 0.158467 35.240582
v 198.541901 8.539996 35.100151
v 198.541901 8.539986 56.727234
v 220.168991 8.539986 56.727234
v 220.168991 8.539993 35.100151
v 197.810471 17.944170 57.458672
v 220.900421 17.944170 57.458672
v 220.900421 17.944178 34.368725
v 197.810471 17.944181 34.368725
v 196.338928 30.068604 32.897190
v 196.338928 30.068596 58.930206
v 222.371964 30.068596 58.930206
v 222.371964 30.068604 32.897190
v 193.595566 48.190380 61.673592
v 225.115341 48.190380 61.673592
v 225.115341 48.190392 30.153826
v 193.595566 48.190388 30.153826
v 194.473465 -38.270439 31.031713
v 194.473465 -38.270454 60.795639
v 224.237411 -38.270454 60.795639
v 224.237411 -38.270443 31.031713
v 195.812683 -29.360012 59.456444
v 222.898209 -29.360012 59.456444
v 222.898209 -29.360001 32.370922
v 195.812683 -29.359993 32.370922
v 196.792816 -22.189020 33.351051
v 196.792816 -22.189028 58.476318
v 221.918091 -22.189028 58.476318
v 221.918091 -22.189020 33.351051
v 197.522141 -16.170282 57.746994
v 221.188766 -16.170282 57.746994
v 221.188766 -16.170275 34.080372
v 197.522141 -16.170275 34.080368
v 198.053879 -10.949129 34.612106
v 198.053879 -10.949141 57.215263
v 220.657028 -10.949141 57.215263
v 220.657028 -10.949133 34.612106
v 198.417511 -6.272192 56.851624
v 220.293396 -6.272192 56.851624
v 220.293396 -6.272185 34.975758
v 198.417511 -6.272183 34.975758
v 198.629898 -1.936832 35.188129
v 198.629898 -1.936842 56.639256
v 220.080994 -1.936842 56.639256
v 220.080994 -1.936835 35.188129
v 198.699768 2.233364 56.569374
v 220.011124 2.233364 56.569374
v 220.011124 2.233371 35.258007
v 198.699768 2.233374 35.258007
v 198.629898 6.403580 35.188129
v 198.629898 6.403570 56.639256
v 220.080994 6.403570 56.639256
v 220.080994 6.403577 35.188129
v 198.417511 10.738922 56.851624
v 220.293396 10.738922 56.851624
v 220.293396 10.738929 34.975765
v 198.417511 10.738932 34.975765
v 198.053879 15.415880 34.612114
v 198.053879 15.415869 57.215279
v 220.657028 15.415869 57.215279
v 220.657028 15.415876 34.612114
v 197.522141 20.637011 57.747017
v 221.188766 20.637011 57.747017
v 221.188766 20.637018 34.080379
v 197.522141 20.637022 34.080379
v 196.792816 26.655767 33.351067
v 196.792816 26.655760 58.476334
v 221.918091 26.655760 58.476334
v 221.918091 26.655767 33.351067
v 195.812683 33.826729 59.456459
v 222.898209 33.826729 59.456459
v 222.898209 33.826736 32.370945
v 195.812683 33.826736 32.370945
v 194.473465 42.737186 31.031740
v 194.473465 42.737175 60.795670
v 224.237411 42.737175 60.795670
v 224.237411 42.737186 31.031740
v 192.481476 54.719570 62.787689
v 226.229431 54.719570 62.787689
v 226.229431 54.719582 29.039724
v 192.481476 54.719574 29.039724
v 187.716690 -107.490311 24.274902
v 187.716690 -107.490326 67.552406
v 230.994186 -107.490326 67.552406
v 230.994186 -107.490311 24.274902
v 191.367340 -95.160011 27.925570
v 191.367340 -95.160019 63.901756
v 227.343536 -95.160019 63.901756
v 227.343536 -95.160011 27.925570
v 240.847214 114.671669 24.274975
v 244.497864 -107.490318 27.925566
v 240.847214 114.671654 67.552483
v 244.497864 -107.490326 63.901749
v 284.124725 114.671669 24.274975
v 280.474091 -107.490318 27.925566
v 284.124725 114.671654 67.552483
v 280.474091 -107.490326 63.901749
v 246.726089 -43.723648 30.153795
v 246.726089 -43.723652 61.673561
v 278.245880 -43.723652 61.673561
v 278.245880 -43.723640 30.153795
v 244.022079 63.254337 64.377579
v 280.949860 63.254337 64.377579
v 280.949860 63.254349 27.449846
v 244.022110 63.254341 27.449850
v 251.812851 4.308280 35.240582
v 251.812851 4.308270 56.586803
v 273.159088 4.308270 56.586803
v 273.159088 4.308277 35.240582
v 250.940994 -13.477430 34.368717
v 250.940994 -13.477442 57.458656
v 274.030975 -13.477442 57.458656
v 274.030975 -13.477434 34.368717
v 250.315262 23.527794 58.084412
v 274.656708 23.527794 58.084412
v 274.656708 23.527802 33.742989
v 250.315262 23.527802 33.742989
v 251.672424 -4.073257 56.727234
v 273.299530 -4.073257 56.727234
v 273.299530 -4.073250 35.100147
v 251.672424 -4.073249 35.100147
v 249.469452 -25.601858 32.897175
v 249.469452 -25.601866 58.930191
v 275.502502 -25.601866 58.930191
v 275.502502 -25.601858 32.897175
v 251.385956 13.022873 34.813675
v 251.385956 13.022865 57.013710
v 273.585999 13.022865 57.013710
v 273.585999 13.022873 34.813675
v 248.329346 38.010921 60.070328
v 276.642609 38.010921 60.070328
v 276.642609 38.010933 31.757074
v 248.329346 38.010937 31.757074
v 251.385956 -8.556128 34.813667
v 251.385956 -8.556135 57.013702
v 273.585999 -8.556135 57.013702
v 273.585999 -8.556128 34.813667
v 250.315262 -19.061064 58.084396
v 274.656708 -19.061064 58.084396
v 274.656708 -19.061056 33.742973
v 250.315262 -19.061058 33.742973
v 248.329346 -33.544189 31.757051
v 248.329346 -33.544205 60.070305
v 276.642609 -33.544205 60.070305
v 276.642609 -33.544193 31.757051
v 251.812851 0.158458 56.586803
v 273.159088 0.158458 56.586803
v 273.159088 0.158464 35.240582
v 251.812851 0.158467 35.240582
v 251.672424 8.539996 35.100151
v 251.672424 8.539986 56.727234
v 273.299530 8.539986 56.727234
v 273.299530 8.539993 35.100151
v 250.940994 17.944170 57.458672
v 274.030975 17.944170 57.458672
v 274.030975 17.944178 34.368725
v 250.940994 17.944181 34.368725
v 249.469452 30.068604 32.897190
v 249.469452 30.068596 58.930206
v 275.502502 30.068596 58.930206
v 275.502502 30.068604 32.897190
v 246.726089 48.190380 61.673592
v 278.245880 48.190380 61.673592
v 278.245880 48.190392 30.153826
v 246.726089 48.190388 30.153826
v 247.603989 -38.270439 31.031713
v 247.603989 -38.270454 60.795639
v 277.367950 -38.270454 60.795639
v 277.367950 -38.270443 31.031713
v 248.943207 -29.360012 59.456444
v 276.028748 -29.360012 59.456444
v 276.028748 -29.360001 32.370922
v 248.943207 -29.359993 32.370922
v 249.923325 -22.189020 33.351051
v 249.923325 -22.189028 58.476318
v 275.048615 -22.189028 58.476318
v 275.048615 -22.189020 33.351051
v 250.652664 -16.170282 57.746994
v 274.319305 -16.170282 57.746994
v 274.319305 -16.170275 34.080372
v 250.652664 -16.170275 34.080368
v 251.184402 -10.949129 34.612106
v 251.184402 -10.949141 57.215263
v 273.787567 -10.949141 57.215263
v 273.787567 -10.949133 34.612106
v 251.548035 -6.272192 56.851624
v 273.423920 -6.272192 56.851624
v 273.423920 -6.272185 34.975758
v 251.548035 -6.272183 34.975758
v 251.760422 -1.936832 35.188129
v 251.760422 -1.936842 56.639256
v 273.211548 -1.936842 56.639256
v 273.211548 -1.936835 35.188129
v 251.830292 2.233364 56.569374
v 273.141663 2.233364 56.569374
v 273.141663 2.233371 35.258007
v 251.830292 2.233374 35.258007
v 251.760422 6.403580 35.188129
v 251.760422 6.403570 56.639256
v 273.211548 6.403570 56.639256
v 273.211548 6.403577 35.188129
v 251.548035 10.738922 56.851624
v 273.423920 10.738922 56.851624
v 273.423920 10.738929 34.975765
v 251.548035 10.738932 34.975765
v 251.184402 15.415880 34.612114
v 251.184402 15.415869 57.215279
v 273.787567 15.415869 57.215279
v 273.787567 15.415876 34.612114
v 250.652664 20.637011 57.747017
v 274.319305 20.637011 57.747017
v 274.319305 20.637018 34.080379
v 250.652664 20.637022 34.080379
v 249.923325 26.655767 33.351067
v 249.923325 26.655760 58.476334
v 275.048615 26.655760 58.476334
v 275.048615 26.655767 33.351067
v 248.943207 33.826729 59.456459
v 276.028748 33.826729 59.456459
v 276.028748 33.826736 32.370945
v 248.943207 33.826736 32.370945
v 247.603989 42.737186 31.031740
v 247.603989 42.737175 60.795670
v 277.367950 42.737175 60.795670
v 277.367950 42.737186 31.031740
v 245.611984 54.719570 62.787689
v 279.359955 54.719570 62.787689
v 279.359955 54.719582 29.039724
v 245.611984 54.719574 29.039724
v 240.847214 -107.490311 24.274902
v 240.847214 -107.490326 67.552406
v 284.124725 -107.490326 67.552406
v 284.124725 -107.490311 24.274902
v 244.497864 -95.160011 27.925570
v 244.497864 -95.160019 63.901756
v 280.474091 -95.160019 63.901756
v 280.474091 -95.160011 27.925570
v 298.518646 114.671669 24.274975
v 302.169281 -107.490318 27.925566
v 298.518646 114.671654 67.552483
v 302.169281 -107.490326 63.901749
v 341.796143 114.671669 24.274975
v 338.145508 -107.490318 27.925566
v 341.796143 114.671654 67.552483
v 338.145508 -107.490326 63.901749
v 304.397522 -43.723648 30.153795
v 304.397522 -43.723652 61.673561
v 335.917297 -43.723652 61.673561
v 335.917297 -43.723640 30.153795
v 301.693512 63.254337 64.377579
v 338.621277 63.254337 64.377579
v 338.621277 63.254349 27.449846
v 301.693542 63.254341 27.449850
v 309.484283 4.308280 35.240582
v 309.484283 4.308270 56.586803
v 330.830536 4.308270 56.586803
v 330.830536 4.308277 35.240582
v 308.612427 -13.477430 34.368717
v 308.612427 -13.477442 57.458656
v 331.702393 -13.477442 57.458656
v 331.702393 -13.477434 34.368717
v 307.986694 23.527794 58.084412
v 332.328125 23.527794 58.084412
v 332.328125 23.527802 33.742989
v 307.986694 23.527802 33.742989
v 309.343872 -4.073257 56.727234
v 330.970947 -4.073257 56.727234
v 330.970947 -4.073250 35.100147
v 309.343872 -4.073249 35.100147
v 307.140900 -25.601858 32.897175
v 307.140900 -25.601866 58.930191
v 333.173920 -25.601866 58.930191
v 333.173920 -25.601858 32.897175
v 309.057373 13.022873 34.813675
v 309.057373 13.022865 57.013710
v 331.257416 13.022865 57.013710
v 331.257416 13.022873 34.813675
v 306.000763 38.010921 60.070328
v 334.314026 38.010921 60.070328
v 334.314026 38.010933 31.757074
v 306.000763 38.010937 31.757074
v 309.057373 -8.556128 34.813667
v 309.057373 -8.556135 57.013702
v 331.257416 -8.556135 57.013702
v 331.257416 -8.556128 34.813667
v 307.986694 -19.061064 58.084396
v 332.328125 -19.061064 58.084396
v 332.328125 -19.061056 33.742973
v 307.986694 -19.061058 33.742973
v 306.000763 -33.544189 31.757051
v 306.000763 -33.544205 60.070305
v 334.314026 -33.544205 60.070305
v 334.314026 -33.544193 31.757051
v 309.484283 0.158458 56.586803
v 330.830536 0.158458 56.586803
v 330.830536 0.158464 35.240582
v 309.484283 0.158467 35.240582
v 309.343872 8.539996 35.100151
v 309.343872 8.539986 56.727234
v 330.970947 8.539986 56.727234
v 330.970947 8.539993 35.100151
v 308.612427 17.944170 57.458672
v 331.702393 17.944170 57.458672
v 331.702393 17.944178 34.368725
v 308.612427 17.944181 34.368725
v 307.140900 30.068604 32.897190
v 307.140900 30.068596 58.930206
v 333.173920 30.068596 58.930206
v 333.173920 30.068604 32.897190
v 304.397522 48.190380 61.673592
v 335.917297 48.190380 61.673592
v 335.917297 48.190392 30.153826
v 304.397522 48.190388 30.153826
v 305.275421 -38.270439 31.031713
v 305.275421 -38.270454 60.795639
v 335.039368 -38.270454 60.795639
v 335.039368 -38.270443 31.031713
v 306.614655 -29.360012 59.456444
v 333.700165 -29.360012 59.456444
v 333.700165 -29.360001 32.370922
v 306.614655 -29.359993 32.370922
v 307.594757 -22.189020 33.351051
v 307.594757 -22.189028 58.476318
v 332.720032 -22.189028 58.476318
v 332.720032 -22.189020 33.351051
v 308.324097 -16.170282 57.746994
v 331.990723 -16.170282 57.746994
v 331.990723 -16.170275 34.080372
v 308.324097 -16.170275 34.080368
v 308.855835 -10.949129 34.612106
v 308.855835 -10.949141 57.215263
v 331.458984 -10.949141 57.215263
v 331.458984 -10.949133 34.612106
v 309.219452 -6.272192 56.851624
v 331.095337 -6.272192 56.851624
v 331.095337 -6.272185 34.975758
v 309.219452 -6.272183 34.975758
v 309.431854 -1.936832 35.188129
v 309.431854 -1.936842 56.639256
v 330.882965 -1.936842 56.639256
v 330.882965 -1.936835 35.188129
v 309.501740 2.233364 56.569374
v 330.813080 2.233364 56.569374
v 330.813080 2.233371 35.258007
v 309.501740 2.233374 35.258007
v 309.431854 6.403580 35.188129
v 309.431854 6.403570 56.639256
v 330.882965 6.403570 56.639256
v 330.882965 6.403577 35.188129
v 309.219452 10.738922 56.851624
v 331.095337 10.738922 56.851624
v 331.095337 10.738929 34.975765
v 309.219452 10.738932 34.975765
v 308.855835 15.415880 34.612114
v 308.855835 15.415869 57.215279
v 331.458984 15.415869 57.215279
v 331.458984 15.415876 34.612114
v 308.324097 20.637011 57.747017
v 331.990723 20.637011 57.747017
v 331.990723 20.637018 34.080379
v 308.324097 20.637022 34.080379
v 307.594757 26.655767 33.351067
v 307.594757 26.655760 58.476334
v 332.720032 26.655760 58.476334
v 332.720032 26.655767 33.351067
v 306.614655 33.826729 59.456459
v 333.700165 33.826729 59.456459
v 333.700165 33.826736 32.370945
v 306.614655 33.826736 32.370945
v 305.275421 42.737186 31.031740
v 305.275421 42.737175 60.795670
v 335.039368 42.737175 60.795670
v 335.039368 42.737186 31.031740
v 303.283417 54.719570 62.787689
v 337.031372 54.719570 62.787689
v 337.031372 54.719582 29.039724
v 303.283417 54.719574 29.039724
v 298.518646 -107.490311 24.274902
v 298.518646 -107.490326 67.552406
v 341.796143 -107.490326 67.552406
v 341.796143 -107.490311 24.274902
v 302.169281 -95.160011 27.925570
v 302.169281 -95.160019 63.901756
v 338.145508 -95.160019 63.901756
v 338.145508 -95.160011 27.925570
v -21.020906 114.671661 77.875832
v -17.370247 -107.490326 81.526413
v -21.020906 114.671654 121.153328
v -17.370247 -107.490334 117.502602
v 22.256603 114.671661 77.875832
v 18.605944 -107.490326 81.526413
v 22.256603 114.671654 121.153328
v 18.605944 -107.490334 117.502602
v -15.142031 -43.723648 83.754646
v -15.142030 -43.723648 115.274422
v 16.377737 -43.723648 115.274422
v 16.377737 -43.723640 83.754646
v -17.846016 63.254333 117.978432
v 19.081718 63.254333 117.978432
v 19.081718 63.254345 81.050705
v -17.846014 63.254337 81.050705
v -10.055251 4.308280 88.841438
v -10.055251 4.308270 110.187653
v 11.290968 4.308270 110.187653
v 11.290968 4.308277 88.841438
v -10.927114 -13.477430 87.969566
v -10.927114 -13.477442 111.059509
v 12.162829 -13.477442 111.059509
v 12.162829 -13.477434 87.969566
v -11.552855 23.527794 111.685272
v 12.788568 23.527794 111.685272
v 12.788568 23.527802 87.343842
v -11.552854 23.527802 87.343842
v -10.195683 -4.073257 110.328094
v 11.431401 -4.073257 110.328094
v 11.431401 -4.073251 88.701004
v -10.195683 -4.073249 88.701004
v -12.398655 -25.601856 86.498024
v -12.398655 -25.601864 112.531052
v 13.634367 -25.601864 112.531052
v 13.634367 -25.601856 86.498024
v -10.482162 13.022873 88.414528
v -10.482162 13.022865 110.614563
v 11.717879 13.022865 110.614563
v 11.717879 13.022871 88.414528
v -13.538773 38.010929 113.671188
v 14.774486 38.010929 113.671188
v 14.774486 38.010937 85.357925
v -13.538773 38.010941 85.357925
v -10.482162 -8.556128 88.414520
v -10.482162 -8.556135 110.614555
v 11.717879 -8.556135 110.614555
v 11.717879 -8.556129 88.414520
v -11.552854 -19.061066 111.685257
v 12.788567 -19.061066 111.685257
v 12.788567 -19.061058 87.343826
v -11.552855 -19.061058 87.343826
v -13.538774 -33.544189 85.357903
v -13.538774 -33.544201 113.671165
v 14.774486 -33.544201 113.671165
v 14.774486 -33.544193 85.357903
v -10.055251 0.158458 110.187653
v 11.290968 0.158458 110.187653
v 11.290968 0.158465 88.841438
v -10.055251 0.158467 88.841438
v -10.195683 8.539995 88.701004
v -10.195683 8.539986 110.328094
v 11.431401 8.539986 110.328094
v 11.431401 8.539992 88.701004
v -10.927114 17.944170 111.059525
v 12.162829 17.944170 111.059525
v 12.162829 17.944176 87.969582
v -10.927114 17.944180 87.969582
v -12.398655 30.068604 86.498039
v -12.398655 30.068596 112.531067
v 13.634367 30.068596 112.531067
v 13.634367 30.068604 86.498039
v -15.142030 48.190384 115.274452
v 16.377737 48.190384 115.274452
v 16.377737 48.190392 83.754677
v -15.142027 48.190388 83.754677
v -14.264112 -38.270439 84.632568
v -14.264112 -38.270451 114.396500
v 15.499821 -38.270451 114.396500
v 15.499821 -38.270443 84.632568
v -12.924903 -29.360008 113.057304
v 14.160615 -29.360008 113.057304
v 14.160615 -29.360001 85.971779
v -12.924902 -29.359993 85.971779
v -11.944776 -22.189020 86.951912
v -11.944775 -22.189028 112.077171
v 13.180490 -22.189028 112.077171
v 13.180490 -22.189020 86.951912
v -11.215456 -16.170282 111.347847
v 12.451171 -16.170282 111.347847
v 12.451171 -16.170275 87.681229
v -11.215456 -16.170275 87.681229
v -10.683721 -10.949131 88.212967
v -10.683721 -10.949141 110.816116
v 11.919437 -10.949141 110.816116
v 11.919437 -10.949135 88.212967
v -10.320075 -6.272192 110.452477
v 11.555792 -6.272192 110.452477
v 11.555792 -6.272186 88.576614
v -10.320075 -6.272184 88.576614
v -10.107702 -1.936832 88.788986
v -10.107702 -1.936842 110.240112
v 11.343419 -1.936842 110.240112
v 11.343419 -1.936836 88.788986
v -10.037824 2.233364 110.170227
v 11.273541 2.233364 110.170227
v 11.273541 2.233371 88.858871
v -10.037824 2.233374 88.858871
v -10.107702 6.403580 88.788986
v -10.107702 6.403570 110.240112
v 11.343419 6.403570 110.240112
v 11.343419 6.403578 88.788986
v -10.320075 10.738922 110.452477
v 11.555792 10.738922 110.452477
v 11.555792 10.738929 88.576614
v -10.320075 10.738932 88.576614
v -10.683721 15.415878 88.212982
v -10.683721 15.415869 110.816132
v 11.919437 15.415869 110.816132
v 11.919437 15.415874 88.212982
v -11.215456 20.637009 111.347862
v 12.451171 20.637009 111.347862
v 12.451171 20.637016 87.681244
v -11.215456 20.637022 87.681244
v -11.944775 26.655766 86.951927
v -11.944776 26.655760 112.077187
v 13.180490 26.655760 112.077187
v 13.180490 26.655767 86.951927
v -12.924902 33.826729 113.057320
v 14.160614 33.826729 113.057320
v 14.160614 33.826740 85.971794
v -12.924902 33.826740 85.971794
v -14.264112 42.737190 84.632599
v -14.264112 42.737183 114.396530
v 15.499821 42.737183 114.396530
v 15.499821 42.737190 84.632599
v -16.256132 54.719570 116.388542
v 17.491837 54.719570 116.388542
v 17.491837 54.719582 82.640579
v -16.256130 54.719574 82.640579
v -21.020906 -107.490326 77.875755
v -21.020906 -107.490334 121.153267
v 22.256603 -107.490334 121.153267
v 22.256603 -107.490326 77.875755
v -17.370247 -95.160019 81.526421
v -17.370247 -95.160027 117.502609
v 18.605944 -95.160027 117.502609
v 18.605944 -95.160019 81.526421
v 30.354246 114.671661 77.875832
v 34.004906 -107.490326 81.526413
v 30.354246 114.671654 121.153328
v 34.004906 -107.490334 117.502602
v 73.631752 114.671661 77.875832
v 69.981094 -107.490326 81.526413
v 73.631752 114.671654 121.153328
v 69.981094 -107.490334 117.502602
v 36.233120 -43.723648 83.754646
v 36.233124 -43.723648 115.274422
v 67.752884 -43.723648 115.274422
v 67.752884 -43.723640 83.754646
v 33.529137 63.254333 117.978432
v 70.456871 63.254333 117.978432
v 70.456871 63.254345 81.050705
v 33.529137 63.254337 81.050705
v 41.319901 4.308280 88.841438
v 41.319901 4.308270 110.187653
v 62.666122 4.308270 110.187653
v 62.666122 4.308277 88.841438
v 40.448036 -13.477430 87.969566
v 40.448036 -13.477442 111.059509
v 63.537979 -13.477442 111.059509
v 63.537979 -13.477434 87.969566
v 39.822296 23.527794 111.685272
v 64.163719 23.527794 111.685272
v 64.163719 23.527802 87.343842
v 39.822296 23.527802 87.343842
v 41.179470 -4.073257 110.328094
v 62.806549 -4.073257 110.328094
v 62.806549 -4.073251 88.701004
v 41.179470 -4.073249 88.701004
v 38.976494 -25.601856 86.498024
v 38.976494 -25.601864 112.531052
v 65.009521 -25.601864 112.531052
v 65.009521 -25.601856 86.498024
v 40.892990 13.022873 88.414528
v 40.892990 13.022865 110.614563
v 63.093029 13.022865 110.614563
v 63.093029 13.022871 88.414528
v 37.836380 38.010929 113.671188
v 66.149635 38.010929 113.671188
v 66.149635 38.010937 85.357925
v 37.836380 38.010941 85.357925
v 40.892990 -8.556128 88.414520
v 40.892990 -8.556135 110.614555
v 63.093029 -8.556135 110.614555
v 63.093029 -8.556129 88.414520
v 39.822296 -19.061066 111.685257
v 64.163719 -19.061066 111.685257
v 64.163719 -19.061058 87.343826
v 39.822296 -19.061058 87.343826
v 37.836376 -33.544189 85.357903
v 37.836376 -33.544201 113.671165
v 66.149635 -33.544201 113.671165
v 66.149635 -33.544193 85.357903
v 41.319901 0.158458 110.187653
v 62.666122 0.158458 110.187653
v 62.666122 0.158465 88.841438
v 41.319901 0.158467 88.841438
v 41.179470 8.539995 88.701004
v 41.179470 8.539986 110.328094
v 62.806549 8.539986 110.328094
v 62.806549 8.539992 88.701004
v 40.448036 17.944170 111.059525
v 63.537979 17.944170 111.059525
v 63.537979 17.944176 87.969582
v 40.448036 17.944180 87.969582
v 38.976494 30.068604 86.498039
v 38.976494 30.068596 112.531067
v 65.009521 30.068596 112.531067
v 65.009521 30.068604 86.498039
v 36.233124 48.190384 115.274452
v 67.752884 48.190384 115.274452
v 67.752884 48.190392 83.754677
v 36.233124 48.190388 83.754677
v 37.111038 -38.270439 84.632568
v 37.111038 -38.270451 114.396500
v 66.874969 -38.270451 114.396500
v 66.874969 -38.270443 84.632568
v 38.450249 -29.360008 113.057304
v 65.535767 -29.360008 113.057304
v 65.535767 -29.360001 85.971779
v 38.450249 -29.359993 85.971779
v 39.430374 -22.189020 86.951912
v 39.430374 -22.189028 112.077171
v 64.555641 -22.189028 112.077171
v 64.555641 -22.189020 86.951912
v 40.159695 -16.170282 111.347847
v 63.826321 -16.170282 111.347847
v 63.826321 -16.170275 87.681229
v 40.159695 -16.170275 87.681229
v 40.691429 -10.949131 88.212967
v 40.691429 -10.949141 110.816116
v 63.294590 -10.949141 110.816116
v 63.294590 -10.949135 88.212967
v 41.055077 -6.272192 110.452477
v 62.930943 -6.272192 110.452477
v 62.930943 -6.272186 88.576614
v 41.055077 -6.272184 88.576614
v 41.267448 -1.936832 88.788986
v 41.267448 -1.936842 110.240112
v 62.718575 -1.936842 110.240112
v 62.718575 -1.936836 88.788986
v 41.337326 2.233364 110.170227
v 62.648693 2.233364 110.170227
v 62.648693 2.233371 88.858871
v 41.337326 2.233374 88.858871
v 41.267448 6.403580 88.788986
v 41.267448 6.403570 110.240112
v 62.718575 6.403570 110.240112
v 62.718575 6.403578 88.788986
v 41.055077 10.738922 110.452477
v 62.930943 10.738922 110.452477
v 62.930943 10.738929 88.576614
v 41.055077 10.738932 88.576614
v 40.691429 15.415878 88.212982
v 40.691429 15.415869 110.816132
v 63.294590 15.415869 110.816132
v 63.294590 15.415874 88.212982
v 40.159695 20.637009 111.347862
v 63.826321 20.637009 111.347862
v 63.826321 20.637016 87.681244
v 40.159695 20.637022 87.681244
v 39.430374 26.655766 86.951927
v 39.430374 26.655760 112.077187
v 64.555641 26.655760 112.077187
v 64.555641 26.655767 86.951927
v 38.450249 33.826729 113.057320
v 65.535767 33.826729 113.057320
v 65.535767 33.826740 85.971794
v 38.450249 33.826740 85.971794
v 37.111038 42.737190 84.632599
v 37.111038 42.737183 114.396530
v 66.874969 42.737183 114.396530
v 66.874969 42.737190 84.632599
v 35.119019 54.719570 116.388542
v 68.866989 54.719570 116.388542
v 68.866989 54.719582 82.640579
v 35.119019 54.719574 82.640579
v 30.354246 -107.490326 77.875755
v 30.354246 -107.490334 121.153267
v 73.631752 -107.490334 121.153267
v 73.631752 -107.490326 77.875755
v 34.004906 -95.160019 81.526421
v 34.004906 -95.160027 117.502609
v 69.981094 -95.160027 117.502609
v 69.981094 -95.160019 81.526421
v 81.851608 114.671661 77.875832
v 85.502266 -107.490326 81.526413
v 81.851608 114.671654 121.153328
v 85.502266 -107.490334 117.502602
v 125.129112 114.671661 77.875832
v 121.478455 -107.490326 81.526413
v 125.129112 114.671654 121.153328
v 121.478455 -107.490334 117.502602
v 87.730484 -43.723648 83.754646
v 87.730484 -43.723648 115.274422
v 119.250252 -43.723648 115.274422
v 119.250252 -43.723640 83.754646
v 85.026497 63.254333 117.978432
v 121.954239 63.254333 117.978432
v 121.954239 63.254345 81.050705
v 85.026497 63.254337 81.050705
v 92.817268 4.308280 88.841438
v 92.817268 4.308270 110.187653
v 114.163483 4.308270 110.187653
v 114.163483 4.308277 88.841438
v 91.945404 -13.477430 87.969566
v 91.945404 -13.477442 111.059509
v 115.035347 -13.477442 111.059509
v 115.035347 -13.477434 87.969566
v 91.319656 23.527794 111.685272
v 115.661087 23.527794 111.685272
v 115.661087 23.527802 87.343842
v 91.319656 23.527802 87.343842
v 92.676826 -4.073257 110.328094
v 114.303917 -4.073257 110.328094
v 114.303917 -4.073251 88.701004
v 92.676826 -4.073249 88.701004
v 90.473862 -25.601856 86.498024
v 90.473862 -25.601864 112.531052
v 116.506882 -25.601864 112.531052
v 116.506882 -25.601856 86.498024
v 92.390350 13.022873 88.414528
v 92.390350 13.022865 110.614563
v 114.590393 13.022865 110.614563
v 114.590393 13.022871 88.414528
v 89.333740 38.010929 113.671188
v 117.647003 38.010929 113.671188
v 117.647003 38.010937 85.357925
v 89.333740 38.010941 85.357925
v 92.390350 -8.556128 88.414520
v 92.390350 -8.556135 110.614555
v 114.590393 -8.556135 110.614555
v 114.590393 -8.556129 88.414520
v 91.319656 -19.061066 111.685257
v 115.661079 -19.061066 111.685257
v 115.661079 -19.061058 87.343826
v 91.319656 -19.061058 87.343826
v 89.333740 -33.544189 85.357903
v 89.333740 -33.544201 113.671165
v 117.647003 -33.544201 113.671165
v 117.647003 -33.544193 85.357903
v 92.817268 0.158458 110.187653
v 114.163483 0.158458 110.187653
v 114.163483 0.158465 88.841438
v 92.817268 0.158467 88.841438
v 92.676826 8.539995 88.701004
v 92.676826 8.539986 110.328094
v 114.303917 8.539986 110.328094
v 114.303917 8.539992 88.701004
v 91.945404 17.944170 111.059525
v 115.035347 17.944170 111.059525
v 115.035347 17.944176 87.969582
v 91.945404 17.944180 87.969582
v 90.473862 30.068604 86.498039
v 90.473862 30.068596 112.531067
v 116.506882 30.068596 112.531067
v 116.506882 30.068604 86.498039
v 87.730484 48.190384 115.274452
v 119.250252 48.190384 115.274452
v 119.250252 48.190392 83.754677
v 87.730484 48.190388 83.754677
v 88.608406 -38.270439 84.632568
v 88.608406 -38.270451 114.396500
v 118.372337 -38.270451 114.396500
v 118.372337 -38.270443 84.632568
v 89.947609 -29.360008 113.057304
v 117.033134 -29.360008 113.057304
v 117.033134 -29.360001 85.971779
v 89.947609 -29.359993 85.971779
v 90.927734 -22.189020 86.951912
v 90.927742 -22.189028 112.077171
v 116.053001 -22.189028 112.077171
v 116.053001 -22.189020 86.951912
v 91.657066 -16.170282 111.347847
v 115.323685 -16.170282 111.347847
v 115.323685 -16.170275 87.681229
v 91.657066 -16.170275 87.681229
v 92.188797 -10.949131 88.212967
v 92.188797 -10.949141 110.816116
v 114.791946 -10.949141 110.816116
v 114.791946 -10.949135 88.212967
v 92.552444 -6.272192 110.452477
v 114.428307 -6.272192 110.452477
v 114.428307 -6.272186 88.576614
v 92.552444 -6.272184 88.576614
v 92.764809 -1.936832 88.788986
v 92.764809 -1.936842 110.240112
v 114.215935 -1.936842 110.240112
v 114.215935 -1.936836 88.788986
v 92.834694 2.233364 110.170227
v 114.146049 2.233364 110.170227
v 114.146049 2.233371 88.858871
v 92.834694 2.233374 88.858871
v 92.764809 6.403580 88.788986
v 92.764809 6.403570 110.240112
v 114.215935 6.403570 110.240112
v 114.215935 6.403578 88.788986
v 92.552444 10.738922 110.452477
v 114.428307 10.738922 110.452477
v 114.428307 10.738929 88.576614
v 92.552444 10.738932 88.576614
v 92.188797 15.415878 88.212982
v 92.188797 15.415869 110.816132
v 114.791946 15.415869 110.816132
v 114.791946 15.415874 88.212982
v 91.657066 20.637009 111.347862
v 115.323685 20.637009 111.347862
v 115.323685 20.637016 87.681244
v 91.657066 20.637022 87.681244
v 90.927742 26.655766 86.951927
v 90.927734 26.655760 112.077187
v 116.053001 26.655760 112.077187
v 116.053001 26.655767 86.951927
v 89.947609 33.826729 113.057320
v 117.033127 33.826729 113.057320
v 117.033127 33.826740 85.971794
v 89.947609 33.826740 85.971794
v 88.608406 42.737190 84.632599
v 88.608406 42.737183 114.396530
v 118.372337 42.737183 114.396530
v 118.372337 42.737190 84.632599
v 86.616386 54.719570 116.388542
v 120.364357 54.719570 116.388542
v 120.364357 54.719582 82.640579
v 86.616386 54.719574 82.640579
v 81.851608 -107.490326 77.875755
v 81.851608 -107.490334 121.153267
v 125.129112 -107.490334 121.153267
v 125.129112 -107.490326 77.875755
v 85.502266 -95.160019 81.526421
v 85.502266 -95.160027 117.502609
v 121.478455 -95.160027 117.502609
v 121.478455 -95.160019 81.526421
v 134.753220 114.671661 77.875832
v 138.403870 -107.490326 81.526413
v 134.753220 114.671654 121.153328
v 138.403870 -107.490334 117.502602
v 178.030716 114.671661 77.875832
v 174.380066 -107.490326 81.526413
v 178.030716 114.671654 121.153328
v 174.380066 -107.490334 117.502602
v 140.632095 -43.723648 83.754646
v 140.632095 -43.723648 115.274422
v 172.151855 -43.723648 115.274422
v 172.151855 -43.723640 83.754646
v 137.928101 63.254333 117.978432
v 174.855835 63.254333 117.978432
v 174.855835 63.254345 81.050705
v 137.928101 63.254337 81.050705
v 145.718872 4.308280 88.841438
v 145.718872 4.308270 110.187653
v 167.065079 4.308270 110.187653
v 167.065079 4.308277 88.841438
v 144.847000 -13.477430 87.969566
v 144.847000 -13.477442 111.059509
v 167.936951 -13.477442 111.059509
v 167.936951 -13.477434 87.969566
v 144.221268 23.527794 111.685272
v 168.562698 23.527794 111.685272
v 168.562698 23.527802 87.343842
v 144.221268 23.527802 87.343842
v 145.578430 -4.073257 110.328094
v 167.205521 -4.073257 110.328094
v 167.205521 -4.073251 88.701004
v 145.578430 -4.073249 88.701004
v 143.375458 -25.601856 86.498024
v 143.375458 -25.601864 112.531052
v 169.408478 -25.601864 112.531052
v 169.408478 -25.601856 86.498024
v 145.291962 13.022873 88.414528
v 145.291962 13.022865 110.614563
v 167.491989 13.022865 110.614563
v 167.491989 13.022871 88.414528
v 142.235352 38.010929 113.671188
v 170.548615 38.010929 113.671188
v 170.548615 38.010937 85.357925
v 142.235352 38.010941 85.357925
v 145.291962 -8.556128 88.414520
v 145.291962 -8.556135 110.614555
v 167.491989 -8.556135 110.614555
v 167.491989 -8.556129 88.414520
v 144.221268 -19.061066 111.685257
v 168.562683 -19.061066 111.685257
v 168.562683 -19.061058 87.343826
v 144.221268 -19.061058 87.343826
v 142.235352 -33.544189 85.357903
v 142.235352 -33.544201 113.671165
v 170.548615 -33.544201 113.671165
v 170.548615 -33.544193 85.357903
v 145.718872 0.158458 110.187653
v 167.065079 0.158458 110.187653
v 167.065079 0.158465 88.841438
v 145.718872 0.158467 88.841438
v 145.578430 8.539995 88.701004
v 145.578430 8.539986 110.328094
v 167.205521 8.539986 110.328094
v 167.205521 8.539992 88.701004
v 144.847000 17.944170 111.059525
v 167.936951 17.944170 111.059525
v 167.936951 17.944176 87.969582
v 144.847000 17.944180 87.969582
v 143.375458 30.068604 86.498039
v 143.375458 30.068596 112.531067
v 169.408478 30.068596 112.531067
v 169.408478 30.068604 86.498039
v 140.632095 48.190384 115.274452
v 172.151855 48.190384 115.274452
v 172.151855 48.190392 83.754677
v 140.632095 48.190388 83.754677
v 141.510010 -38.270439 84.632568
v 141.510010 -38.270451 114.396500
v 171.273941 -38.270451 114.396500
v 171.273941 -38.270443 84.632568
v 142.849213 -29.360008 113.057304
v 169.934738 -29.360008 113.057304
v 169.934738 -29.360001 85.971779
v 142.849213 -29.359993 85.971779
v 143.829330 -22.189020 86.951912
v 143.829346 -22.189028 112.077171
v 168.954605 -22.189028 112.077171
v 168.954605 -22.189020 86.951912
v 144.558670 -16.170282 111.347847
v 168.225281 -16.170282 111.347847
v 168.225281 -16.170275 87.681229
v 144.558670 -16.170275 87.681229
v 145.090408 -10.949131 88.212967
v 145.090408 -10.949141 110.816116
v 167.693558 -10.949141 110.816116
v 167.693558 -10.949135 88.212967
v 145.454041 -6.272192 110.452477
v 167.329910 -6.272192 110.452477
v 167.329910 -6.272186 88.576614
v 145.454041 -6.272184 88.576614
v 145.666412 -1.936832 88.788986
v 145.666412 -1.936842 110.240112
v 167.117538 -1.936842 110.240112
v 167.117538 -1.936836 88.788986
v 145.736298 2.233364 110.170227
v 167.047653 2.233364 110.170227
v 167.047653 2.233371 88.858871
v 145.736298 2.233374 88.858871
v 145.666412 6.403580 88.788986
v 145.666412 6.403570 110.240112
v 167.117538 6.403570 110.240112
v 167.117538 6.403578 88.788986
v 145.454041 10.738922 110.452477
v 167.329910 10.738922 110.452477
v 167.329910 10.738929 88.576614
v 145.454041 10.738932 88.576614
v 145.090408 15.415878 88.212982
v 145.090408 15.415869 110.816132
v 167.693558 15.415869 110.816132
v 167.693558 15.415874 88.212982
v 144.558670 20.637009 111.347862
v 168.225281 20.637009 111.347862
v 168.225281 20.637016 87.681244
v 144.558670 20.637022 87.681244
v 143.829346 26.655766 86.951927
v 143.829330 26.655760 112.077187
v 168.954605 26.655760 112.077187
v 168.954605 26.655767 86.951927
v 142.849213 33.826729 113.057320
v 169.934723 33.826729 113.057320
v 169.934723 33.826740 85.971794
v 142.849213 33.826740 85.971794
v 141.510010 42.737190 84.632599
v 141.510010 42.737183 114.396530
v 171.273941 42.737183 114.396530
v 171.273941 42.737190 84.632599
v 139.517990 54.719570 116.388542
v 173.265961 54.719570 116.388542
v 173.265961 54.719582 82.640579
v 139.517990 54.719574 82.640579
v 134.753220 -107.490326 77.875755
v 134.753220 -107.490334 121.153267
v 178.030716 -107.490334 121.153267
v 178.030716 -107.490326 77.875755
v 138.403870 -95.160019 81.526421
v 138.403870 -95.160027 117.502609
v 174.380066 -95.160027 117.502609
v 174.380066 -95.160019 81.526421
v 187.716690 114.671661 77.875832
v 191.367340 -107.490326 81.526413
v 187.716690 114.671654 121.153328
v 191.367340 -107.490334 117.502602
v 230.994186 114.671661 77.875832
v 227.343536 -107.490326 81.526413
v 230.994186 114.671654 121.153328
v 227.343536 -107.490334 117.502602
v 193.595566 -43.723648 83.754646
v 193.595566 -43.723648 115.274422
v 225.115341 -43.723648 115.274422
v 225.115341 -43.723640 83.754646
v 190.891571 63.254333 117.978432
v 227.819305 63.254333 117.978432
v 227.819305 63.254345 81.050705
v 190.891586 63.254337 81.050705
v 198.682327 4.308280 88.841438
v 198.682327 4.308270 110.187653
v 220.028564 4.308270 110.187653
v 220.028564 4.308277 88.841438
v 197.810471 -13.477430 87.969566
v 197.810471 -13.477442 111.059509
v 220.900421 -13.477442 111.059509
v 220.900421 -13.477434 87.969566
v 197.184738 23.527794 111.685272
v 221.526169 23.527794 111.685272
v 221.526169 23.527802 87.343842
v 197.184738 23.527802 87.343842
v 198.541901 -4.073257 110.328094
v 220.168991 -4.073257 110.328094
v 220.168991 -4.073251 88.701004
v 198.541901 -4.073249 88.701004
v 196.338928 -25.601856 86.498024
v 196.338928 -25.601864 112.531052
v 222.371964 -25.601864 112.531052
v 222.371964 -25.601856 86.498024
v 198.255432 13.022873 88.414528
v 198.255432 13.022865 110.614563
v 220.455475 13.022865 110.614563
v 220.455475 13.022871 88.414528
v 195.198822 38.010929 113.671188
v 223.512085 38.010929 113.671188
v 223.512085 38.010937 85.357925
v 195.198822 38.010941 85.357925
v 198.255432 -8.556128 88.414520
v 198.255432 -8.556135 110.614555
v 220.455475 -8.556135 110.614555
v 220.455475 -8.556129 88.414520
v 197.184738 -19.061066 111.685257
v 221.526169 -19.061066 111.685257
v 221.526169 -19.061058 87.343826
v 197.184738 -19.061058 87.343826
v 195.198822 -33.544189 85.357903
v 195.198822 -33.544201 113.671165
v 223.512085 -33.544201 113.671165
v 223.512085 -33.544193 85.357903
v 198.682327 0.158458 110.187653
v 220.028564 0.158458 110.187653
v 220.028564 0.158465 88.841438
v 198.682327 0.158467 88.841438
v 198.541901 8.539995 88.701004
v 198.541901 8.539986 110.328094
v 220.168991 8.539986 110.328094
v 220.168991 8.539992 88.701004
v 197.810471 17.944170 111.059525
v 220.900421 17.944170 111.059525
v 220.900421 17.944176 87.969582
v 197.810471 17.944180 87.969582
v 196.338928 30.068604 86.498039
v 196.338928 30.068596 112.531067
v 222.371964 30.068596 112.531067
v 222.371964 30.068604 86.498039
v 193.595566 48.190384 115.274452
v 225.115341 48.190384 115.274452
v 225.115341 48.190392 83.754677
v 193.595566 48.190388 83.754677
v 194.473465 -38.270439 84.632568
v 194.473465 -38.270451 114.396500
v 224.237411 -38.270451 114.396500
v 224.237411 -38.270443 84.632568
v 195.812683 -29.360008 113.057304
v 222.898209 -29.360008 113.057304
v 222.898209 -29.360001 85.971779
v 195.812683 -29.359993 85.971779
v 196.792816 -22.189020 86.951912
v 196.792816 -22.189028 112.077171
v 221.918091 -22.189028 112.077171
v 221.918091 -22.189020 86.951912
v 197.522141 -16.170282 111.347847
v 221.188766 -16.170282 111.347847
v 221.188766 -16.170275 87.681229
v 197.522141 -16.170275 87.681229
v 198.053879 -10.949131 88.212967
v 198.053879 -10.949141 110.816116
v 220.657028 -10.949141 110.816116
v 220.657028 -10.949135 88.212967
v 198.417511 -6.272192 110.452477
v 220.293396 -6.272192 110.452477
v 220.293396 -6.272186 88.576614
v 198.417511 -6.272184 88.576614
v 198.629898 -1.936832 88.788986
v 198.629898 -1.936842 110.240112
v 220.080994 -1.936842 110.240112
v 220.080994 -1.936836 88.788986
v 198.699768 2.233364 110.170227
v 220.011124 2.233364 110.170227
v 220.011124 2.233371 88.858871
v 198.699768 2.233374 88.858871
v 198.629898 6.403580 88.788986
v 198.629898 6.403570 110.240112
v 220.080994 6.403570 110.240112
v 220.080994 6.403578 88.788986
v 198.417511 10.738922 110.452477
v 220.293396 10.738922 110.452477
v 220.293396 10.738929 88.576614
v 198.417511 10.738932 88.576614
v 198.053879 15.415878 88.212982
v 198.053879 15.415869 110.816132
v 220.657028 15.415869 110.816132
v 220.657028 15.415874 88.212982
v 197.522141 20.637009 111.347862
v 221.188766 20.637009 111.347862
v 221.188766 20.637016 87.681244
v 197.522141 20.637022 87.681244
v 196.792816 26.655766 86.951927
v 196.792816 26.655760 112.077187
v 221.918091 26.655760 112.077187
v 221.918091 26.655767 86.951927
v 195.812683 33.826729 113.057320
v 222.898209 33.826729 113.057320
v 222.898209 33.826740 85.971794
v 195.812683 33.826740 85.971794
v 194.473465 42.737190 84.632599
v 194.473465 42.737183 114.396530
v 224.237411 42.737183 114.396530
v 224.237411 42.737190 84.632599
v 192.481476 54.719570 116.388542
v 226.229431 54.719570 116.388542
v 226.229431 54.719582 82.640579
v 192.481476 54.719574 82.640579
v 187.716690 -107.490326 77.875755
v 187.716690 -107.490334 121.153267
v 230.994186 -107.490334 121.153267
v 230.994186 -107.490326 77.875755
v 191.367340 -95.160019 81.526421
v 191.367340 -95.160027 117.502609
v 227.343536 -95.160027 117.502609
v 227.343536 -95.160019 81.526421
v 241.089417 114.671661 77.875832
v 244.740067 -107.490326 81.526413
v 241.089417 114.671654 121.153328
v 244.740067 -107.490334 117.502602
v 284.366943 114.671661 77.875832
v 280.716278 -107.490326 81.526413
v 284.366943 114.671654 121.153328
v 280.716278 -107.490334 117.502602
v 246.968292 -43.723648 83.754646
v 246.968292 -43.723648 115.274422
v 278.488068 -43.723648 115.274422
v 278.488068 -43.723640 83.754646
v 244.264313 63.254333 117.978432
v 281.192047 63.254333 117.978432
v 281.192047 63.254345 81.050705
v 244.264313 63.254337 81.050705
v 252.055069 4.308280 88.841438
v 252.055069 4.308270 110.187653
v 273.401306 4.308270 110.187653
v 273.401306 4.308277 88.841438
v 251.183197 -13.477430 87.969566
v 251.183197 -13.477442 111.059509
v 274.273163 -13.477442 111.059509
v 274.273163 -13.477434 87.969566
v 250.557465 23.527794 111.685272
v 274.898895 23.527794 111.685272
v 274.898895 23.527802 87.343842
v 250.557465 23.527802 87.343842
v 251.914627 -4.073257 110.328094
v 273.541748 -4.073257 110.328094
v 273.541748 -4.073251 88.701004
v 251.914627 -4.073249 88.701004
v 249.711670 -25.601856 86.498024
v 249.711670 -25.601864 112.531052
v 275.744720 -25.601864 112.531052
v 275.744720 -25.601856 86.498024
v 251.628159 13.022873 88.414528
v 251.628159 13.022865 110.614563
v 273.828217 13.022865 110.614563
v 273.828217 13.022871 88.414528
v 248.571548 38.010929 113.671188
v 276.884827 38.010929 113.671188
v 276.884827 38.010937 85.357925
v 248.571548 38.010941 85.357925
v 251.628159 -8.556128 88.414520
v 251.628159 -8.556135 110.614555
v 273.828217 -8.556135 110.614555
v 273.828217 -8.556129 88.414520
v 250.557465 -19.061066 111.685257
v 274.898895 -19.061066 111.685257
v 274.898895 -19.061058 87.343826
v 250.557465 -19.061058 87.343826
v 248.571548 -33.544189 85.357903
v 248.571548 -33.544201 113.671165
v 276.884827 -33.544201 113.671165
v 276.884827 -33.544193 85.357903
v 252.055069 0.158458 110.187653
v 273.401306 0.158458 110.187653
v 273.401306 0.158465 88.841438
v 252.055069 0.158467 88.841438
v 251.914627 8.539995 88.701004
v 251.914627 8.539986 110.328094
v 273.541748 8.539986 110.328094
v 273.541748 8.539992 88.701004
v 251.183197 17.944170 111.059525
v 274.273163 17.944170 111.059525
v 274.273163 17.944176 87.969582
v 251.183197 17.944180 87.969582
v 249.711670 30.068604 86.498039
v 249.711670 30.068596 112.531067
v 275.744720 30.068596 112.531067
v 275.744720 30.068604 86.498039
v 246.968292 48.190384 115.274452
v 278.488068 48.190384 115.274452
v 278.488068 48.190392 83.754677
v 246.968292 48.190388 83.754677
v 247.846207 -38.270439 84.632568
v 247.846207 -38.270451 114.396500
v 277.610138 -38.270451 114.396500
v 277.610138 -38.270443 84.632568
v 249.185425 -29.360008 113.057304
v 276.270966 -29.360008 113.057304
v 276.270966 -29.360001 85.971779
v 249.185425 -29.359993 85.971779
v 250.165543 -22.189020 86.951912
v 250.165543 -22.189028 112.077171
v 275.290833 -22.189028 112.077171
v 275.290833 -22.189020 86.951912
v 250.894867 -16.170282 111.347847
v 274.561493 -16.170282 111.347847
v 274.561493 -16.170275 87.681229
v 250.894867 -16.170275 87.681229
v 251.426605 -10.949131 88.212967
v 251.426605 -10.949141 110.816116
v 274.029755 -10.949141 110.816116
v 274.029755 -10.949135 88.212967
v 251.790237 -6.272192 110.452477
v 273.666138 -6.272192 110.452477
v 273.666138 -6.272186 88.576614
v 251.790237 -6.272184 88.576614
v 252.002625 -1.936832 88.788986
v 252.002625 -1.936842 110.240112
v 273.453735 -1.936842 110.240112
v 273.453735 -1.936836 88.788986
v 252.072495 2.233364 110.170227
v 273.383881 2.233364 110.170227
v 273.383881 2.233371 88.858871
v 252.072495 2.233374 88.858871
v 252.002625 6.403580 88.788986
v 252.002625 6.403570 110.240112
v 273.453735 6.403570 110.240112
v 273.453735 6.403578 88.788986
v 251.790237 10.738922 110.452477
v 273.666138 10.738922 110.452477
v 273.666138 10.738929 88.576614
v 251.790237 10.738932 88.576614
v 251.426605 15.415878 88.212982
v 251.426605 15.415869 110.816132
v 274.029755 15.415869 110.816132
v 274.029755 15.415874 88.212982
v 250.894867 20.637009 111.347862
v 274.561493 20.637009 111.347862
v 274.561493 20.637016 87.681244
v 250.894867 20.637022 87.681244
v 250.165543 26.655766 86.951927
v 250.165543 26.655760 112.077187
v 275.290833 26.655760 112.077187
v 275.290833 26.655767 86.951927
v 249.185425 33.826729 113.057320
v 276.270966 33.826729 113.057320
v 276.270966 33.826740 85.971794
v 249.185425 33.826740 85.971794
v 247.846207 42.737190 84.632599
v 247.846207 42.737183 114.396530
v 277.610138 42.737183 114.396530
v 277.610138 42.737190 84.632599
v 245.854172 54.719570 116.388542
v 279.602173 54.719570 116.388542
v 279.602173 54.719582 82.640579
v 245.854202 54.719574 82.640579
v 241.089417 -107.490326 77.875755
v 241.089417 -107.490334 121.153267
v 284.366943 -107.490334 121.153267
v 284.366943 -107.490326 77.875755
v 244.740067 -95.160019 81.526421
v 244.740067 -95.160027 117.502609
v 280.716278 -95.160027 117.502609
v 280.716278 -95.160019 81.526421
v 298.552216 114.671661 78.073395
v 302.202881 -107.490326 81.723976
v 298.552216 114.671654 121.350883
v 302.202881 -107.490334 117.700165
v 341.829712 114.671661 78.073395
v 338.179077 -107.490326 81.723976
v 341.829712 114.671654 121.350883
v 338.179077 -107.490334 117.700165
v 304.431091 -43.723648 83.952209
v 304.431091 -43.723648 115.471977
v 335.950867 -43.723648 115.471977
v 335.950867 -43.723640 83.952209
v 301.727112 63.254333 118.175995
v 338.654846 63.254333 118.175995
v 338.654846 63.254345 81.248268
v 301.727112 63.254337 81.248268
v 309.517853 4.308280 89.039001
v 309.517853 4.308270 110.385216
v 330.864105 4.308270 110.385216
v 330.864105 4.308277 89.039001
v 308.645996 -13.477430 88.167130
v 308.645996 -13.477442 111.257072
v 331.735962 -13.477442 111.257072
v 331.735962 -13.477434 88.167130
v 308.020264 23.527794 111.882828
v 332.361694 23.527794 111.882828
v 332.361694 23.527802 87.541405
v 308.020264 23.527802 87.541405
v 309.377441 -4.073257 110.525658
v 331.004517 -4.073257 110.525658
v 331.004517 -4.073250 88.898560
v 309.377441 -4.073248 88.898560
v 307.174469 -25.601856 86.695587
v 307.174469 -25.601866 112.728615
v 333.207489 -25.601866 112.728615
v 333.207489 -25.601856 86.695587
v 309.090973 13.022875 88.612091
v 309.090973 13.022865 110.812126
v 331.291016 13.022865 110.812126
v 331.291016 13.022873 88.612091
v 306.034363 38.010929 113.868744
v 334.347626 38.010929 113.868744
v 334.347626 38.010937 85.555489
v 306.034363 38.010941 85.555489
v 309.090973 -8.556128 88.612083
v 309.090973 -8.556135 110.812119
v 331.291016 -8.556135 110.812119
v 331.291016 -8.556128 88.612083
v 308.020264 -19.061066 111.882812
v 332.361694 -19.061066 111.882812
v 332.361694 -19.061058 87.541389
v 308.020264 -19.061058 87.541389
v 306.034363 -33.544189 85.555466
v 306.034363 -33.544201 113.868721
v 334.347626 -33.544201 113.868721
v 334.347626 -33.544193 85.555466
v 309.517853 0.158458 110.385216
v 330.864105 0.158458 110.385216
v 330.864105 0.158464 89.039001
v 309.517853 0.158467 89.039001
v 309.377441 8.539995 88.898560
v 309.377441 8.539986 110.525658
v 331.004517 8.539986 110.525658
v 331.004517 8.539992 88.898560
v 308.645996 17.944168 111.257088
v 331.735962 17.944168 111.257088
v 331.735962 17.944176 88.167145
v 308.645996 17.944180 88.167145
v 307.174469 30.068604 86.695602
v 307.174469 30.068594 112.728630
v 333.207489 30.068594 112.728630
v 333.207489 30.068604 86.695602
v 304.431091 48.190384 115.472008
v 335.950867 48.190384 115.472008
v 335.950867 48.190392 83.952240
v 304.431091 48.190388 83.952248
v 305.309021 -38.270439 84.830124
v 305.309021 -38.270451 114.594063
v 335.072937 -38.270451 114.594063
v 335.072937 -38.270443 84.830124
v 306.648224 -29.360008 113.254860
v 333.733734 -29.360008 113.254860
v 333.733734 -29.360001 86.169342
v 306.648224 -29.359993 86.169342
v 307.628357 -22.189020 87.149475
v 307.628357 -22.189028 112.274727
v 332.753632 -22.189028 112.274727
v 332.753632 -22.189020 87.149475
v 308.357666 -16.170282 111.545410
v 332.024292 -16.170282 111.545410
v 332.024292 -16.170275 87.878792
v 308.357666 -16.170275 87.878792
v 308.889404 -10.949131 88.410522
v 308.889404 -10.949141 111.013672
v 331.492554 -10.949141 111.013672
v 331.492554 -10.949135 88.410522
v 309.253052 -6.272192 110.650040
v 331.128937 -6.272192 110.650040
v 331.128937 -6.272185 88.774178
v 309.253052 -6.272183 88.774178
v 309.465424 -1.936832 88.986542
v 309.465424 -1.936842 110.437675
v 330.916534 -1.936842 110.437675
v 330.916534 -1.936836 88.986542
v 309.535309 2.233364 110.367790
v 330.846649 2.233364 110.367790
v 330.846649 2.233371 89.056427
v 309.535309 2.233374 89.056427
v 309.465424 6.403580 88.986542
v 309.465424 6.403570 110.437675
v 330.916534 6.403570 110.437675
v 330.916534 6.403577 88.986542
v 309.253052 10.738922 110.650040
v 331.128937 10.738922 110.650040
v 331.128937 10.738930 88.774178
v 309.253052 10.738933 88.774178
v 308.889404 15.415880 88.410538
v 308.889404 15.415869 111.013687
v 331.492554 15.415869 111.013687
v 331.492554 15.415876 88.410538
v 308.357666 20.637009 111.545425
v 332.024292 20.637009 111.545425
v 332.024292 20.637016 87.878807
v 308.357666 20.637022 87.878807
v 307.628357 26.655766 87.149490
v 307.628357 26.655760 112.274742
v 332.753632 26.655760 112.274742
v 332.753632 26.655767 87.149490
v 306.648224 33.826729 113.254875
v 333.733734 33.826729 113.254875
v 333.733734 33.826740 86.169357
v 306.648224 33.826740 86.169357
v 305.309021 42.737190 84.830154
v 305.309021 42.737183 114.594093
v 335.072937 42.737183 114.594093
v 335.072937 42.737190 84.830154
v 303.316986 54.719570 116.586113
v 337.064972 54.719570 116.586113
v 337.064972 54.719582 82.838135
v 303.317017 54.719574 82.838142
v 298.552216 -107.490326 78.073318
v 298.552216 -107.490334 121.350822
v 341.829712 -107.490334 121.350822
v 341.829712 -107.490326 78.073318
v 302.202881 -95.160019 81.723984
v 302.202881 -95.160027 117.700172
v 338.179077 -95.160027 117.700172
v 338.179077 -95.160019 81.723984
v -22.037224 114.671661 130.623184
v -18.386566 -107.490318 134.273773
v -22.037224 114.671646 173.900696
v -18.386566 -107.490334 170.249969
v 21.240284 114.671661 130.623184
v 17.589624 -107.490318 134.273773
v 21.240284 114.671646 173.900696
v 17.589624 -107.490334 170.249969
v -16.158350 -43.723644 136.501999
v -16.158348 -43.723652 168.021774
v 15.361417 -43.723652 168.021774
v 15.361417 -43.723640 136.501999
v -18.862335 63.254337 170.725784
v 18.065399 63.254337 170.725784
v 18.065399 63.254349 133.798050
v -18.862333 63.254341 133.798050
v -11.071570 4.308280 141.588791
v -11.071570 4.308270 162.935013
v 10.274649 4.308270 162.935013
v 10.274649 4.308277 141.588791
v -11.943433 -13.477430 140.716934
v -11.943433 -13.477442 163.806870
v 11.146510 -13.477442 163.806870
v 11.146510 -13.477434 140.716934
v -12.569174 23.527794 164.432617
v 11.772248 23.527794 164.432617
v 11.772248 23.527802 140.091187
v -12.569173 23.527802 140.091187
v -11.212003 -4.073257 163.075455
v 10.415082 -4.073257 163.075455
v 10.415082 -4.073250 141.448349
v -11.212003 -4.073249 141.448349
v -13.414974 -25.601856 139.245377
v -13.414974 -25.601864 165.278397
v 12.618048 -25.601864 165.278397
v 12.618048 -25.601856 139.245377
v -11.498482 13.022873 141.161880
v -11.498482 13.022865 163.361923
v 10.701560 13.022865 163.361923
v 10.701560 13.022871 141.161880
v -14.555093 38.010925 166.418549
v 13.758165 38.010925 166.418549
v 13.758165 38.010937 138.105286
v -14.555093 38.010941 138.105286
v -11.498482 -8.556128 141.161880
v -11.498482 -8.556135 163.361923
v 10.701560 -8.556135 163.361923
v 10.701560 -8.556129 141.161880
v -12.569173 -19.061064 164.432617
v 11.772247 -19.061064 164.432617
v 11.772247 -19.061056 140.091187
v -12.569174 -19.061058 140.091187
v -14.555094 -33.544189 138.105255
v -14.555094 -33.544205 166.418518
v 13.758165 -33.544205 166.418518
v 13.758165 -33.544193 138.105255
v -11.071570 0.158458 162.935013
v 10.274649 0.158458 162.935013
v 10.274649 0.158464 141.588791
v -11.071570 0.158467 141.588791
v -11.212003 8.539995 141.448349
v -11.212003 8.539986 163.075455
v 10.415082 8.539986 163.075455
v 10.415082 8.539992 141.448349
v -11.943433 17.944170 163.806870
v 11.146510 17.944170 163.806870
v 11.146510 17.944178 140.716934
v -11.943433 17.944181 140.716934
v -13.414974 30.068605 139.245407
v -13.414974 30.068598 165.278427
v 12.618048 30.068598 165.278427
v 12.618048 30.068605 139.245407
v -16.158348 48.190384 168.021805
v 15.361417 48.190384 168.021805
v 15.361417 48.190395 136.502029
v -16.158346 48.190392 136.502029
v -15.280431 -38.270439 137.379913
v -15.280431 -38.270454 167.143860
v 14.483501 -38.270454 167.143860
v 14.483501 -38.270443 137.379913
v -13.941222 -29.360008 165.804642
v 13.144296 -29.360008 165.804642
v 13.144296 -29.359997 138.719131
v -13.941221 -29.359993 138.719131
v -12.961095 -22.189020 139.699249
v -12.961094 -22.189028 164.824509
v 12.164170 -22.189028 164.824509
v 12.164170 -22.189020 139.699249
v -12.231775 -16.170280 164.095215
v 11.434852 -16.170280 164.095215
v 11.434852 -16.170273 140.428589
v -12.231775 -16.170273 140.428589
v -11.700041 -10.949129 140.960327
v -11.700041 -10.949139 163.563477
v 10.903118 -10.949139 163.563477
v 10.903118 -10.949133 140.960327
v -11.336395 -6.272192 163.199829
v 10.539473 -6.272192 163.199829
v 10.539473 -6.272185 141.323975
v -11.336395 -6.272184 141.323975
v -11.124022 -1.936832 141.536331
v -11.124022 -1.936842 162.987457
v 10.327100 -1.936842 162.987457
v 10.327100 -1.936836 141.536331
v -11.054143 2.233364 162.917572
v 10.257221 2.233364 162.917572
v 10.257221 2.233371 141.606216
v -11.054143 2.233374 141.606216
v -11.124022 6.403580 141.536331
v -11.124022 6.403570 162.987457
v 10.327100 6.403570 162.987457
v 10.327100 6.403578 141.536331
v -11.336395 10.738922 163.199829
v 10.539473 10.738922 163.199829
v 10.539473 10.738929 141.323975
v -11.336395 10.738932 141.323975
v -11.700041 15.415878 140.960327
v -11.700041 15.415869 163.563477
v 10.903118 15.415869 163.563477
v 10.903118 15.415876 140.960327
v -12.231775 20.637011 164.095215
v 11.434852 20.637011 164.095215
v 11.434852 20.637018 140.428589
v -12.231775 20.637022 140.428589
v -12.961094 26.655767 139.699265
v -12.961095 26.655762 164.824524
v 12.164170 26.655762 164.824524
v 12.164170 26.655769 139.699265
v -13.941221 33.826729 165.804672
v 13.144295 33.826729 165.804672
v 13.144295 33.826740 138.719162
v -13.941221 33.826740 138.719162
v -15.280431 42.737190 137.379944
v -15.280431 42.737179 167.143890
v 14.483501 42.737179 167.143890
v 14.483501 42.737190 137.379944
v -17.272451 54.719570 169.135895
v 16.475517 54.719570 169.135895
v 16.475517 54.719582 135.387939
v -17.272449 54.719578 135.387939
v -22.037224 -107.490318 130.623123
v -22.037224 -107.490334 173.900635
v 21.240284 -107.490334 173.900635
v 21.240284 -107.490318 130.623123
v -18.386566 -95.160011 134.273773
v -18.386566 -95.160027 170.249969
v 17.589624 -95.160027 170.249969
v 17.589624 -95.160011 134.273773
v 30.385067 114.671661 130.281769
v 34.035725 -107.490318 133.932373
v 30.385067 114.671646 173.559280
v 34.035725 -107.490334 169.908554
v 73.662575 114.671661 130.281769
v 70.011917 -107.490318 133.932373
v 73.662575 114.671646 173.559280
v 70.011917 -107.490334 169.908554
v 36.263939 -43.723644 136.160599
v 36.263943 -43.723652 167.680359
v 67.783707 -43.723652 167.680359
v 67.783707 -43.723640 136.160599
v 33.559956 63.254337 170.384369
v 70.487686 63.254337 170.384369
v 70.487686 63.254349 133.456650
v 33.559959 63.254341 133.456650
v 41.350719 4.308280 141.247391
v 41.350719 4.308270 162.593597
v 62.696941 4.308270 162.593597
v 62.696941 4.308277 141.247391
v 40.478859 -13.477430 140.375519
v 40.478859 -13.477442 163.465469
v 63.568798 -13.477442 163.465469
v 63.568798 -13.477434 140.375519
v 39.853115 23.527794 164.091202
v 64.194542 23.527794 164.091202
v 64.194542 23.527802 139.749786
v 39.853119 23.527802 139.749786
v 41.210289 -4.073257 162.734039
v 62.837372 -4.073257 162.734039
v 62.837372 -4.073250 141.106949
v 41.210289 -4.073248 141.106949
v 39.007317 -25.601856 138.903961
v 39.007317 -25.601864 164.936996
v 65.040337 -25.601864 164.936996
v 65.040337 -25.601856 138.903961
v 40.923809 13.022873 140.820480
v 40.923809 13.022865 163.020508
v 63.123848 13.022865 163.020508
v 63.123848 13.022871 140.820480
v 37.867199 38.010925 166.077133
v 66.180458 38.010925 166.077133
v 66.180458 38.010937 137.763885
v 37.867199 38.010941 137.763885
v 40.923809 -8.556128 140.820480
v 40.923809 -8.556135 163.020508
v 63.123848 -8.556135 163.020508
v 63.123848 -8.556129 140.820480
v 39.853119 -19.061064 164.091202
v 64.194542 -19.061064 164.091202
v 64.194542 -19.061056 139.749786
v 39.853115 -19.061058 139.749786
v 37.867199 -33.544189 137.763855
v 37.867199 -33.544205 166.077103
v 66.180458 -33.544205 166.077103
v 66.180458 -33.544193 137.763855
v 41.350719 0.158458 162.593597
v 62.696941 0.158458 162.593597
v 62.696941 0.158464 141.247391
v 41.350719 0.158467 141.247391
v 41.210289 8.539996 141.106949
v 41.210289 8.539986 162.734039
v 62.837372 8.539986 162.734039
v 62.837372 8.539993 141.106949
v 40.478859 17.944170 163.465469
v 63.568798 17.944170 163.465469
v 63.568798 17.944178 140.375519
v 40.478859 17.944181 140.375519
v 39.007317 30.068605 138.903992
v 39.007317 30.068598 164.937027
v 65.040337 30.068598 164.937027
v 65.040337 30.068605 138.903992
v 36.263943 48.190384 167.680389
v 67.783707 48.190384 167.680389
v 67.783707 48.190395 136.160629
v 36.263943 48.190392 136.160629
v 37.141857 -38.270439 137.038513
v 37.141857 -38.270454 166.802460
v 66.905792 -38.270454 166.802460
v 66.905792 -38.270443 137.038513
v 38.481068 -29.360008 165.463242
v 65.566589 -29.360008 165.463242
v 65.566589 -29.359997 138.377716
v 38.481068 -29.359993 138.377716
v 39.461197 -22.189020 139.357849
v 39.461197 -22.189028 164.483109
v 64.586464 -22.189028 164.483109
v 64.586464 -22.189020 139.357849
v 40.190514 -16.170280 163.753799
v 63.857140 -16.170280 163.753799
v 63.857140 -16.170273 140.087189
v 40.190514 -16.170273 140.087189
v 40.722252 -10.949129 140.618912
v 40.722252 -10.949139 163.222061
v 63.325409 -10.949139 163.222061
v 63.325409 -10.949133 140.618912
v 41.085896 -6.272192 162.858429
v 62.961761 -6.272192 162.858429
v 62.961761 -6.272185 140.982559
v 41.085896 -6.272184 140.982559
v 41.298271 -1.936832 141.194931
v 41.298271 -1.936842 162.646057
v 62.749393 -1.936842 162.646057
v 62.749393 -1.936836 141.194931
v 41.368145 2.233364 162.576172
v 62.679512 2.233364 162.576172
v 62.679512 2.233371 141.264816
v 41.368145 2.233374 141.264816
v 41.298271 6.403580 141.194931
v 41.298271 6.403570 162.646057
v 62.749393 6.403570 162.646057
v 62.749393 6.403577 141.194931
v 41.085896 10.738922 162.858429
v 62.961761 10.738922 162.858429
v 62.961761 10.738930 140.982559
v 41.085896 10.738933 140.982559
v 40.722252 15.415878 140.618912
v 40.722252 15.415869 163.222061
v 63.325409 15.415869 163.222061
v 63.325409 15.415876 140.618912
v 40.190514 20.637011 163.753799
v 63.857140 20.637011 163.753799
v 63.857140 20.637018 140.087189
v 40.190514 20.637022 140.087189
v 39.461197 26.655767 139.357864
v 39.461197 26.655762 164.483124
v 64.586464 26.655762 164.483124
v 64.586464 26.655769 139.357864
v 38.481068 33.826729 165.463272
v 65.566589 33.826729 165.463272
v 65.566589 33.826740 138.377747
v 38.481068 33.826740 138.377747
v 37.141857 42.737190 137.038544
v 37.141857 42.737179 166.802490
v 66.905792 42.737179 166.802490
v 66.905792 42.737190 137.038544
v 35.149841 54.719570 168.794495
v 68.897812 54.719570 168.794495
v 68.897812 54.719582 135.046524
v 35.149841 54.719578 135.046524
v 30.385067 -107.490318 130.281708
v 30.385067 -107.490334 173.559219
v 73.662575 -107.490334 173.559219
v 73.662575 -107.490318 130.281708
v 34.035725 -95.160011 133.932373
v 34.035725 -95.160027 169.908554
v 70.011917 -95.160027 169.908554
v 70.011917 -95.160011 133.932373
v 81.783638 114.671661 130.452469
v 85.434296 -107.490318 134.103073
v 81.783638 114.671646 173.729996
v 85.434296 -107.490334 170.079254
v 125.061142 114.671661 130.452469
v 121.410484 -107.490318 134.103073
v 125.061142 114.671646 173.729996
v 121.410484 -107.490334 170.079254
v 87.662514 -43.723644 136.331299
v 87.662514 -43.723652 167.851074
v 119.182274 -43.723652 167.851074
v 119.182274 -43.723640 136.331299
v 84.958527 63.254337 170.555084
v 121.886261 63.254337 170.555084
v 121.886261 63.254349 133.627350
v 84.958527 63.254341 133.627350
v 92.749290 4.308280 141.418091
v 92.749290 4.308270 162.764297
v 114.095505 4.308270 162.764297
v 114.095505 4.308277 141.418091
v 91.877426 -13.477430 140.546234
v 91.877426 -13.477442 163.636169
v 114.967369 -13.477442 163.636169
v 114.967369 -13.477434 140.546234
v 91.251686 23.527794 164.261917
v 115.593109 23.527794 164.261917
v 115.593109 23.527802 139.920486
v 91.251686 23.527802 139.920486
v 92.608849 -4.073257 162.904739
v 114.235947 -4.073257 162.904739
v 114.235947 -4.073250 141.277649
v 92.608849 -4.073249 141.277649
v 90.405884 -25.601856 139.074661
v 90.405884 -25.601864 165.107697
v 116.438904 -25.601864 165.107697
v 116.438904 -25.601856 139.074661
v 92.322380 13.022873 140.991180
v 92.322380 13.022865 163.191223
v 114.522415 13.022865 163.191223
v 114.522415 13.022871 140.991180
v 89.265770 38.010925 166.247849
v 117.579025 38.010925 166.247849
v 117.579025 38.010937 137.934586
v 89.265770 38.010941 137.934586
v 92.322380 -8.556128 140.991180
v 92.322380 -8.556135 163.191223
v 114.522415 -8.556135 163.191223
v 114.522415 -8.556129 140.991180
v 91.251686 -19.061064 164.261917
v 115.593102 -19.061064 164.261917
v 115.593102 -19.061056 139.920486
v 91.251686 -19.061058 139.920486
v 89.265770 -33.544189 137.934555
v 89.265770 -33.544205 166.247818
v 117.579025 -33.544205 166.247818
v 117.579025 -33.544193 137.934555
v 92.749290 0.158458 162.764297
v 114.095505 0.158458 162.764297
v 114.095505 0.158465 141.418091
v 92.749290 0.158467 141.418091
v 92.608849 8.539995 141.277649
v 92.608849 8.539986 162.904739
v 114.235947 8.539986 162.904739
v 114.235947 8.539992 141.277649
v 91.877426 17.944170 163.636169
v 114.967369 17.944170 163.636169
v 114.967369 17.944178 140.546234
v 91.877426 17.944181 140.546234
v 90.405884 30.068605 139.074692
v 90.405884 30.068598 165.107727
v 116.438904 30.068598 165.107727
v 116.438904 30.068605 139.074692
v 87.662514 48.190384 167.851105
v 119.182274 48.190384 167.851105
v 119.182274 48.190395 136.331329
v 87.662514 48.190392 136.331329
v 88.540428 -38.270439 137.209213
v 88.540428 -38.270454 166.973160
v 118.304367 -38.270454 166.973160
v 118.304367 -38.270443 137.209213
v 89.879639 -29.360008 165.633942
v 116.965157 -29.360008 165.633942
v 116.965157 -29.359997 138.548416
v 89.879639 -29.359993 138.548416
v 90.859756 -22.189020 139.528549
v 90.859772 -22.189028 164.653809
v 115.985023 -22.189028 164.653809
v 115.985023 -22.189020 139.528549
v 91.589088 -16.170280 163.924515
v 115.255707 -16.170280 163.924515
v 115.255707 -16.170273 140.257889
v 91.589088 -16.170273 140.257889
v 92.120819 -10.949129 140.789627
v 92.120819 -10.949139 163.392776
v 114.723969 -10.949139 163.392776
v 114.723969 -10.949133 140.789627
v 92.484467 -6.272192 163.029129
v 114.360329 -6.272192 163.029129
v 114.360329 -6.272185 141.153259
v 92.484467 -6.272184 141.153259
v 92.696831 -1.936832 141.365631
v 92.696831 -1.936842 162.816757
v 114.147964 -1.936842 162.816757
v 114.147964 -1.936836 141.365631
v 92.766716 2.233364 162.746872
v 114.078079 2.233364 162.746872
v 114.078079 2.233371 141.435516
v 92.766716 2.233374 141.435516
v 92.696831 6.403580 141.365631
v 92.696831 6.403570 162.816757
v 114.147964 6.403570 162.816757
v 114.147964 6.403578 141.365631
v 92.484467 10.738922 163.029129
v 114.360329 10.738922 163.029129
v 114.360329 10.738930 141.153259
v 92.484467 10.738933 141.153259
v 92.120819 15.415878 140.789627
v 92.120819 15.415869 163.392776
v 114.723969 15.415869 163.392776
v 114.723969 15.415876 140.789627
v 91.589088 20.637011 163.924515
v 115.255707 20.637011 163.924515
v 115.255707 20.637018 140.257889
v 91.589088 20.637022 140.257889
v 90.859772 26.655767 139.528564
v 90.859756 26.655762 164.653824
v 115.985023 26.655762 164.653824
v 115.985023 26.655769 139.528564
v 89.879639 33.826729 165.633972
v 116.965149 33.826729 165.633972
v 116.965149 33.826740 138.548447
v 89.879639 33.826740 138.548447
v 88.540428 42.737190 137.209244
v 88.540428 42.737179 166.973190
v 118.304367 42.737179 166.973190
v 118.304367 42.737190 137.209244
v 86.548409 54.719570 168.965195
v 120.296379 54.719570 168.965195
v 120.296379 54.719582 135.217239
v 86.548409 54.719578 135.217239
v 81.783638 -107.490318 130.452408
v 81.783638 -107.490334 173.729935
v 125.061142 -107.490334 173.729935
v 125.061142 -107.490318 130.452408
v 85.434296 -95.160011 134.103073
v 85.434296 -95.160027 170.079254
v 121.410484 -95.160027 170.079254
v 121.410484 -95.160011 134.103073
v 134.874512 114.671661 130.424011
v 138.525177 -107.490318 134.074615
v 134.874512 114.671646 173.701538
v 138.525177 -107.490334 170.050797
v 178.152023 114.671661 130.424011
v 174.501373 -107.490318 134.074615
v 178.152023 114.671646 173.701538
v 174.501373 -107.490334 170.050797
v 140.753387 -43.723644 136.302841
v 140.753387 -43.723652 167.822617
v 172.273148 -43.723652 167.822617
v 172.273148 -43.723640 136.302841
v 138.049408 63.254337 170.526627
v 174.977142 63.254337 170.526627
v 174.977142 63.254349 133.598892
v 138.049408 63.254341 133.598892
v 145.840164 4.308280 141.389633
v 145.840164 4.308270 162.735840
v 167.186386 4.308270 162.735840
v 167.186386 4.308277 141.389633
v 144.968307 -13.477430 140.517776
v 144.968307 -13.477442 163.607712
v 168.058243 -13.477442 163.607712
v 168.058243 -13.477434 140.517776
v 144.342560 23.527794 164.233459
v 168.683990 23.527794 164.233459
v 168.683990 23.527802 139.892029
v 144.342560 23.527802 139.892029
v 145.699738 -4.073257 162.876282
v 167.326828 -4.073257 162.876282
v 167.326828 -4.073250 141.249191
v 145.699738 -4.073249 141.249191
v 143.496765 -25.601856 139.046204
v 143.496765 -25.601864 165.079239
v 169.529785 -25.601864 165.079239
v 169.529785 -25.601856 139.046204
v 145.413254 13.022873 140.962723
v 145.413254 13.022865 163.162766
v 167.613297 13.022865 163.162766
v 167.613297 13.022871 140.962723
v 142.356644 38.010925 166.219391
v 170.669907 38.010925 166.219391
v 170.669907 38.010937 137.906128
v 142.356644 38.010941 137.906128
v 145.413254 -8.556128 140.962723
v 145.413254 -8.556135 163.162766
v 167.613297 -8.556135 163.162766
v 167.613297 -8.556129 140.962723
v 144.342560 -19.061064 164.233459
v 168.683975 -19.061064 164.233459
v 168.683975 -19.061056 139.892029
v 144.342560 -19.061058 139.892029
v 142.356644 -33.544189 137.906097
v 142.356644 -33.544205 166.219360
v 170.669907 -33.544205 166.219360
v 170.669907 -33.544193 137.906097
v 145.840164 0.158458 162.735840
v 167.186386 0.158458 162.735840
v 167.186386 0.158465 141.389633
v 145.840164 0.158467 141.389633
v 145.699738 8.539995 141.249191
v 145.699738 8.539986 162.876282
v 167.326828 8.539986 162.876282
v 167.326828 8.539992 141.249191
v 144.968307 17.944170 163.607712
v 168.058243 17.944170 163.607712
v 168.058243 17.944178 140.517776
v 144.968307 17.944181 140.517776
v 143.496765 30.068605 139.046234
v 143.496765 30.068598 165.079269
v 169.529785 30.068598 165.079269
v 169.529785 30.068605 139.046234
v 140.753387 48.190384 167.822647
v 172.273148 48.190384 167.822647
v 172.273148 48.190395 136.302872
v 140.753387 48.190392 136.302872
v 141.631317 -38.270439 137.180756
v 141.631317 -38.270454 166.944702
v 171.395248 -38.270454 166.944702
v 171.395248 -38.270443 137.180756
v 142.970520 -29.360008 165.605484
v 170.056046 -29.360008 165.605484
v 170.056046 -29.359997 138.519958
v 142.970520 -29.359993 138.519958
v 143.950638 -22.189020 139.500092
v 143.950653 -22.189028 164.625351
v 169.075912 -22.189028 164.625351
v 169.075912 -22.189020 139.500092
v 144.679962 -16.170280 163.896057
v 168.346588 -16.170280 163.896057
v 168.346588 -16.170273 140.229431
v 144.679962 -16.170273 140.229431
v 145.211700 -10.949129 140.761169
v 145.211700 -10.949139 163.364319
v 167.814850 -10.949139 163.364319
v 167.814850 -10.949133 140.761169
v 145.575348 -6.272192 163.000671
v 167.451202 -6.272192 163.000671
v 167.451202 -6.272185 141.124802
v 145.575348 -6.272184 141.124802
v 145.787720 -1.936832 141.337173
v 145.787720 -1.936842 162.788300
v 167.238846 -1.936842 162.788300
v 167.238846 -1.936836 141.337173
v 145.857605 2.233364 162.718414
v 167.168961 2.233364 162.718414
v 167.168961 2.233371 141.407059
v 145.857605 2.233374 141.407059
v 145.787720 6.403580 141.337173
v 145.787720 6.403570 162.788300
v 167.238846 6.403570 162.788300
v 167.238846 6.403578 141.337173
v 145.575348 10.738922 163.000671
v 167.451202 10.738922 163.000671
v 167.451202 10.738930 141.124802
v 145.575348 10.738933 141.124802
v 145.211700 15.415878 140.761169
v 145.211700 15.415869 163.364319
v 167.814850 15.415869 163.364319
v 167.814850 15.415876 140.761169
v 144.679962 20.637011 163.896057
v 168.346588 20.637011 163.896057
v 168.346588 20.637018 140.229431
v 144.679962 20.637022 140.229431
v 143.950653 26.655767 139.500107
v 143.950638 26.655762 164.625366
v 169.075912 26.655762 164.625366
v 169.075912 26.655769 139.500107
v 142.970520 33.826729 165.605515
v 170.056030 33.826729 165.605515
v 170.056030 33.826740 138.519989
v 142.970520 33.826740 138.519989
v 141.631317 42.737190 137.180786
v 141.631317 42.737179 166.944733
v 171.395248 42.737179 166.944733
v 171.395248 42.737190 137.180786
v 139.639282 54.719570 168.936737
v 173.387253 54.719570 168.936737
v 173.387253 54.719582 135.188782
v 139.639282 54.719578 135.188782
v 134.874512 -107.490318 130.423950
v 134.874512 -107.490334 173.701477
v 178.152023 -107.490334 173.701477
v 178.152023 -107.490318 130.423950
v 138.525177 -95.160011 134.074615
v 138.525177 -95.160027 170.050797
v 174.501373 -95.160027 170.050797
v 174.501373 -95.160011 134.074615
v 187.830490 114.671661 129.769669
v 191.481140 -107.490318 133.420258
v 187.830490 114.671646 173.047180
v 191.481140 -107.490334 169.396454
v 231.108002 114.671661 129.769669
v 227.457352 -107.490318 133.420258
v 231.108002 114.671646 173.047180
v 227.457352 -107.490334 169.396454
v 193.709366 -43.723644 135.648483
v 193.709366 -43.723652 167.168259
v 225.229141 -43.723652 167.168259
v 225.229141 -43.723640 135.648483
v 191.005386 63.254337 169.872269
v 227.933121 63.254337 169.872269
v 227.933121 63.254349 132.944534
v 191.005386 63.254341 132.944534
v 198.796143 4.308280 140.735275
v 198.796143 4.308270 162.081482
v 220.142380 4.308270 162.081482
v 220.142380 4.308277 140.735275
v 197.924271 -13.477432 139.863419
v 197.924271 -13.477444 162.953354
v 221.014236 -13.477444 162.953354
v 221.014236 -13.477436 139.863419
v 197.298538 23.527794 163.579102
v 221.639969 23.527794 163.579102
v 221.639969 23.527802 139.237671
v 197.298538 23.527802 139.237671
v 198.655716 -4.073257 162.221924
v 220.282806 -4.073257 162.221924
v 220.282806 -4.073250 140.594833
v 198.655716 -4.073248 140.594833
v 196.452744 -25.601856 138.391846
v 196.452744 -25.601864 164.424881
v 222.485779 -25.601864 164.424881
v 222.485779 -25.601856 138.391846
v 198.369232 13.022875 140.308365
v 198.369232 13.022865 162.508408
v 220.569275 13.022865 162.508408
v 220.569275 13.022873 140.308365
v 195.312622 38.010925 165.565033
v 223.625885 38.010925 165.565033
v 223.625885 38.010937 137.251770
v 195.312622 38.010941 137.251770
v 198.369232 -8.556126 140.308365
v 198.369232 -8.556135 162.508408
v 220.569275 -8.556135 162.508408
v 220.569275 -8.556128 140.308365
v 197.298538 -19.061066 163.579102
v 221.639969 -19.061066 163.579102
v 221.639969 -19.061058 139.237671
v 197.298538 -19.061060 139.237671
v 195.312622 -33.544189 137.251740
v 195.312622 -33.544205 165.565002
v 223.625885 -33.544205 165.565002
v 223.625885 -33.544193 137.251740
v 198.796143 0.158458 162.081482
v 220.142380 0.158458 162.081482
v 220.142380 0.158465 140.735275
v 198.796143 0.158467 140.735275
v 198.655716 8.539996 140.594833
v 198.655716 8.539986 162.221924
v 220.282806 8.539986 162.221924
v 220.282806 8.539993 140.594833
v 197.924271 17.944170 162.953354
v 221.014236 17.944170 162.953354
v 221.014236 17.944178 139.863419
v 197.924271 17.944180 139.863419
v 196.452744 30.068604 138.391876
v 196.452744 30.068596 164.424911
v 222.485779 30.068596 164.424911
v 222.485779 30.068604 138.391876
v 193.709366 48.190384 167.168289
v 225.229141 48.190384 167.168289
v 225.229141 48.190395 135.648514
v 193.709366 48.190392 135.648514
v 194.587280 -38.270439 136.526398
v 194.587280 -38.270454 166.290344
v 224.351212 -38.270454 166.290344
v 224.351212 -38.270443 136.526398
v 195.926498 -29.360008 164.951126
v 223.012024 -29.360008 164.951126
v 223.012024 -29.359997 137.865601
v 195.926498 -29.359993 137.865601
v 196.906616 -22.189020 138.845734
v 196.906616 -22.189028 163.970993
v 222.031891 -22.189028 163.970993
v 222.031891 -22.189020 138.845734
v 197.635941 -16.170282 163.241699
v 221.302567 -16.170282 163.241699
v 221.302567 -16.170275 139.575073
v 197.635941 -16.170275 139.575073
v 198.167679 -10.949131 140.106812
v 198.167679 -10.949141 162.709961
v 220.770828 -10.949141 162.709961
v 220.770828 -10.949133 140.106812
v 198.531311 -6.272192 162.346313
v 220.407196 -6.272192 162.346313
v 220.407196 -6.272185 140.470444
v 198.531311 -6.272184 140.470444
v 198.743698 -1.936832 140.682816
v 198.743698 -1.936842 162.133942
v 220.194809 -1.936842 162.133942
v 220.194809 -1.936835 140.682816
v 198.813583 2.233364 162.064056
v 220.124939 2.233364 162.064056
v 220.124939 2.233371 140.752701
v 198.813583 2.233374 140.752701
v 198.743698 6.403580 140.682816
v 198.743698 6.403570 162.133942
v 220.194809 6.403570 162.133942
v 220.194809 6.403578 140.682816
v 198.531311 10.738922 162.346313
v 220.407196 10.738922 162.346313
v 220.407196 10.738930 140.470444
v 198.531311 10.738933 140.470444
v 198.167679 15.415880 140.106812
v 198.167679 15.415869 162.709961
v 220.770828 15.415869 162.709961
v 220.770828 15.415876 140.106812
v 197.635941 20.637009 163.241699
v 221.302567 20.637009 163.241699
v 221.302567 20.637016 139.575073
v 197.635941 20.637022 139.575073
v 196.906616 26.655766 138.845749
v 196.906616 26.655760 163.971008
v 222.031891 26.655760 163.971008
v 222.031891 26.655767 138.845749
v 195.926498 33.826733 164.951157
v 223.012024 33.826733 164.951157
v 223.012024 33.826740 137.865631
v 195.926498 33.826740 137.865631
v 194.587280 42.737190 136.526428
v 194.587280 42.737179 166.290375
v 224.351212 42.737179 166.290375
v 224.351212 42.737190 136.526428
v 192.595261 54.719570 168.282379
v 226.343231 54.719570 168.282379
v 226.343231 54.719582 134.534424
v 192.595276 54.719578 134.534424
v 187.830490 -107.490318 129.769608
v 187.830490 -107.490334 173.047119
v 231.108002 -107.490334 173.047119
v 231.108002 -107.490318 129.769608
v 191.481140 -95.160011 133.420258
v 191.481140 -95.160027 169.396454
v 227.457352 -95.160027 169.396454
v 227.457352 -95.160011 133.420258
v 241.106796 114.671661 129.598953
v 244.757446 -107.490318 133.249557
v 241.106796 114.671646 172.876465
v 244.757446 -107.490334 169.225739
v 284.384308 114.671661 129.598953
v 280.733673 -107.490318 133.249557
v 284.384308 114.671646 172.876465
v 280.733673 -107.490334 169.225739
v 246.985672 -43.723644 135.477783
v 246.985672 -43.723652 166.997559
v 278.505463 -43.723652 166.997559
v 278.505463 -43.723640 135.477783
v 244.281693 63.254337 169.701553
v 281.209442 63.254337 169.701553
v 281.209442 63.254349 132.773834
v 244.281693 63.254341 132.773834
v 252.072433 4.308280 140.564575
v 252.072433 4.308270 161.910782
v 273.418701 4.308270 161.910782
v 273.418701 4.308277 140.564575
v 251.200577 -13.477432 139.692703
v 251.200577 -13.477444 162.782654
v 274.290558 -13.477444 162.782654
v 274.290558 -13.477436 139.692703
v 250.574844 23.527794 163.408401
v 274.916290 23.527794 163.408401
v 274.916290 23.527802 139.066971
v 250.574844 23.527802 139.066971
v 251.932007 -4.073257 162.051224
v 273.559113 -4.073257 162.051224
v 273.559113 -4.073250 140.424133
v 251.932007 -4.073248 140.424133
v 249.729034 -25.601856 138.221146
v 249.729034 -25.601864 164.254181
v 275.762085 -25.601864 164.254181
v 275.762085 -25.601856 138.221146
v 251.645538 13.022875 140.137665
v 251.645538 13.022865 162.337692
v 273.845581 13.022865 162.337692
v 273.845581 13.022873 140.137665
v 248.588928 38.010925 165.394318
v 276.902191 38.010925 165.394318
v 276.902191 38.010937 137.081070
v 248.588928 38.010941 137.081070
v 251.645538 -8.556126 140.137665
v 251.645538 -8.556135 162.337692
v 273.845581 -8.556135 162.337692
v 273.845581 -8.556128 140.137665
v 250.574844 -19.061066 163.408401
v 274.916290 -19.061066 163.408401
v 274.916290 -19.061058 139.066971
v 250.574844 -19.061060 139.066971
v 248.588928 -33.544189 137.081039
v 248.588928 -33.544205 165.394287
v 276.902191 -33.544205 165.394287
v 276.902191 -33.544193 137.081039
v 252.072433 0.158458 161.910782
v 273.418701 0.158458 161.910782
v 273.418701 0.158464 140.564575
v 252.072433 0.158467 140.564575
v 251.932007 8.539996 140.424133
v 251.932007 8.539986 162.051224
v 273.559113 8.539986 162.051224
v 273.559113 8.539993 140.424133
v 251.200577 17.944170 162.782654
v 274.290558 17.944170 162.782654
v 274.290558 17.944178 139.692703
v 251.200577 17.944180 139.692703
v 249.729034 30.068604 138.221176
v 249.729034 30.068596 164.254211
v 275.762085 30.068596 164.254211
v 275.762085 30.068604 138.221176
v 246.985672 48.190384 166.997589
v 278.505463 48.190384 166.997589
v 278.505463 48.190395 135.477814
v 246.985672 48.190392 135.477814
v 247.863571 -38.270439 136.355698
v 247.863571 -38.270454 166.119644
v 277.627533 -38.270454 166.119644
v 277.627533 -38.270443 136.355698
v 249.202789 -29.360008 164.780426
v 276.288330 -29.360008 164.780426
v 276.288330 -29.359997 137.694901
v 249.202789 -29.359993 137.694901
v 250.182922 -22.189020 138.675034
v 250.182922 -22.189028 163.800293
v 275.308197 -22.189028 163.800293
v 275.308197 -22.189020 138.675034
v 250.912247 -16.170282 163.070984
v 274.578888 -16.170282 163.070984
v 274.578888 -16.170275 139.404373
v 250.912247 -16.170275 139.404373
v 251.443985 -10.949131 139.936111
v 251.443985 -10.949141 162.539261
v 274.047150 -10.949141 162.539261
v 274.047150 -10.949133 139.936111
v 251.807617 -6.272192 162.175613
v 273.683502 -6.272192 162.175613
v 273.683502 -6.272184 140.299744
v 251.807617 -6.272183 140.299744
v 252.020004 -1.936832 140.512115
v 252.020004 -1.936842 161.963242
v 273.471130 -1.936842 161.963242
v 273.471130 -1.936835 140.512115
v 252.089874 2.233364 161.893356
v 273.401245 2.233364 161.893356
v 273.401245 2.233371 140.582001
v 252.089874 2.233374 140.582001
v 252.020004 6.403580 140.512115
v 252.020004 6.403571 161.963242
v 273.471130 6.403571 161.963242
v 273.471130 6.403578 140.512115
v 251.807617 10.738922 162.175613
v 273.683502 10.738922 162.175613
v 273.683502 10.738930 140.299744
v 251.807617 10.738933 140.299744
v 251.443985 15.415880 139.936111
v 251.443985 15.415869 162.539261
v 274.047150 15.415869 162.539261
v 274.047150 15.415876 139.936111
v 250.912247 20.637009 163.070984
v 274.578888 20.637009 163.070984
v 274.578888 20.637016 139.404373
v 250.912247 20.637022 139.404373
v 250.182922 26.655766 138.675049
v 250.182922 26.655760 163.800308
v 275.308197 26.655760 163.800308
v 275.308197 26.655767 138.675049
v 249.202789 33.826733 164.780457
v 276.288330 33.826733 164.780457
v 276.288330 33.826740 137.694931
v 249.202789 33.826740 137.694931
v 247.863571 42.737190 136.355728
v 247.863571 42.737179 166.119675
v 277.627533 42.737179 166.119675
v 277.627533 42.737190 136.355728
v 245.871552 54.719570 168.111679
v 279.619537 54.719570 168.111679
v 279.619537 54.719582 134.363708
v 245.871582 54.719578 134.363708
v 241.106796 -107.490318 129.598892
v 241.106796 -107.490334 172.876404
v 284.384308 -107.490334 172.876404
v 284.384308 -107.490318 129.598892
v 244.757446 -95.160011 133.249557
v 244.757446 -95.160027 169.225739
v 280.733673 -95.160027 169.225739
v 280.733673 -95.160011 133.249557
v 259.691315 116.322891 -18.262218
v 259.691315 116.322899 -9.937604
v 271.407471 116.322899 -9.937604
v 271.407471 116.322899 -6.061592
v 259.691315 116.322899 -6.061592
v 259.691315 116.322891 7.900859
v 255.374863 116.322891 7.900859
v 255.374863 116.322899 -22.138231
v 271.407471 116.322899 -22.138231
v 271.407471 116.322891 -18.262218
v 259.691315 96.942841 -18.262220
v 259.691315 96.942841 -9.937605
v 271.407471 96.942841 -9.937605
v 271.407471 96.942841 -6.061593
v 259.691315 96.942841 -6.061593
v 259.691315 96.942841 7.900857
v 255.374863 96.942841 7.900857
v 255.374863 96.942841 -22.138231
v 271.407471 96.942841 -22.138231
v 271.407471 96.942841 -18.262220
v 259.691315 96.942841 -18.262220
v 259.691315 116.322891 -18.262218
v 259.691315 96.942841 -9.937605
v 259.691315 116.322899 -9.937604
v 271.407471 96.942841 -9.937605
v 271.407471 116.322899 -9.937604
v 271.407471 96.942841 -6.061593
v 271.407471 116.322899 -6.061592
v 259.691315 96.942841 -6.061593
v 259.691315 116.322899 -6.061592
v 259.691315 96.942841 7.900857
v 259.691315 116.322891 7.900859
v 255.374863 96.942841 7.900857
v 255.374863 116.322891 7.900859
v 255.374863 96.942841 -22.138231
v 255.374863 116.322899 -22.138231
v 271.407471 96.942841 -22.138231
v 271.407471 116.322899 -22.138231
v 271.407471 96.942841 -18.262220
v 271.407471 116.322891 -18.262218
v 135.475723 116.322899 166.635651
v 9.813657 116.322891 60.926262
v 9.813657 116.322899 47.844723
v -7.011757 116.322899 47.844723
v -7.011757 116.322891 60.926262
v -11.328224 116.322891 60.926262
v -11.328224 116.322899 30.887178
v -7.011757 116.322899 30.887178
v -7.011757 116.322899 43.968716
v 9.813657 116.322899 43.968716
v 9.813657 116.322899 30.887178
v 14.130125 116.322899 30.887178
v 14.130125 116.322891 60.926262
v 329.551971 116.322891 7.423929
v 327.712616 116.322891 7.895380
v 324.911652 116.322891 8.330330
v 321.920654 116.322891 8.467972
v 319.672272 116.322891 8.336342
v 317.539948 116.322891 7.950841
v 315.538849 116.322891 7.325536
v 313.684143 116.322891 6.474499
v 311.990875 116.322891 5.411797
v 310.474304 116.322899 4.151502
v 309.149506 116.322899 2.707685
v 308.031586 116.322899 1.094414
v 307.135773 116.322899 -0.674241
v 306.477173 116.322899 -2.584208
v 306.070892 116.322899 -4.621418
v 305.932098 116.322899 -6.771800
v 306.074371 116.322899 -8.938369
v 306.490021 116.322899 -11.000789
v 307.162628 116.322899 -12.943001
v 308.075684 116.322899 -14.748947
v 309.212585 116.322891 -16.402569
v 310.556915 116.322891 -17.887806
v 312.092072 116.322899 -19.188604
v 313.801605 116.322899 -20.288900
v 315.668945 116.322899 -21.172642
v 317.677582 116.322899 -21.823767
v 319.811066 116.322899 -22.226219
v 322.052795 116.322899 -22.363937
v 323.741821 116.322899 -22.312347
v 325.346436 116.322899 -22.142078
v 328.669403 116.322899 -21.352520
v 332.755890 116.322899 -19.809292
v 332.755890 116.322899 -15.448780
v 329.194733 116.322891 -17.075205
v 325.584595 116.322891 -18.065414
v 323.773438 116.322891 -18.315821
v 321.964691 116.322891 -18.399834
v 320.367401 116.322891 -18.298134
v 318.843201 116.322891 -18.000978
v 317.404602 116.322891 -17.520302
v 316.064240 116.322891 -16.868029
v 314.834564 116.322899 -16.056089
v 313.728180 116.322899 -15.096418
v 312.757599 116.322899 -14.000937
v 311.935364 116.322899 -12.781576
v 311.274017 116.322899 -11.450268
v 310.786102 116.322899 -10.018939
v 310.484131 116.322899 -8.499517
v 310.380707 116.322899 -6.903935
v 310.483643 116.322899 -5.273075
v 310.785675 116.322899 -3.734284
v 311.276794 116.322899 -2.297044
v 311.946747 116.322899 -0.970833
v 312.785614 116.322899 0.234863
v 313.783234 116.322899 1.310565
v 314.929504 116.322899 2.246789
v 316.214325 116.322899 3.034052
v 317.627563 116.322899 3.662875
v 319.159241 116.322899 4.123772
v 320.799164 116.322891 4.407265
v 322.537292 116.322891 4.503870
v 324.804810 116.322899 4.342369
v 329.056061 116.322899 3.314639
v 329.056061 116.322899 -2.851742
v 323.286102 116.322899 -2.851742
v 323.286102 116.322899 -6.727754
v 333.372498 116.322899 -6.727754
v 333.372498 116.322891 6.001420
v 204.407028 116.322891 -18.091515
v 204.407028 116.322899 -9.018125
v 216.695755 116.322899 -9.018125
v 216.695755 116.322899 -5.142114
v 204.407028 116.322899 -5.142114
v 204.407028 116.322899 4.195550
v 217.532639 116.322899 4.195550
v 217.532639 116.322891 8.071562
v 200.090576 116.322891 8.071562
v 200.090576 116.322899 -21.967527
v 217.136215 116.322899 -21.967527
v 217.136215 116.322891 -18.091515
v 158.162689 116.322899 -21.807428
v 160.554764 116.322899 -21.347420
v 162.697235 116.322899 -20.617939
v 164.594711 116.322899 -19.649424
v 166.251785 116.322891 -18.472300
v 167.673035 116.322891 -17.117006
v 168.863022 116.322899 -15.613977
v 169.826370 116.322899 -13.993645
v 170.567657 116.322899 -12.286444
v 171.091461 116.322899 -10.522811
v 171.402390 116.322899 -8.733180
v 171.505005 116.322899 -6.947982
v 171.380554 116.322899 -5.033245
v 171.012131 116.322899 -3.159040
v 170.407303 116.322899 -1.349375
v 169.573532 116.322899 0.371742
v 168.518295 116.322899 1.980299
v 167.249100 116.322899 3.452281
v 165.773438 116.322891 4.763683
v 164.098816 116.322891 5.890490
v 162.232712 116.322891 6.808692
v 160.182617 116.322891 7.494279
v 157.956070 116.322891 7.923239
v 143.844376 116.322891 8.071562
v 143.844376 116.322899 -21.967527
v 157.322617 116.322899 4.046947
v 159.317841 116.322899 3.627036
v 161.035919 116.322899 2.974661
v 162.495224 116.322899 2.128670
v 163.714142 116.322899 1.127907
v 164.710999 116.322899 0.011219
v 165.504105 116.322899 -1.182549
v 166.111877 116.322899 -2.414551
v 166.552643 116.322899 -3.645940
v 166.844742 116.322899 -4.837873
v 167.006531 116.322899 -5.951502
v 167.056396 116.322899 -6.947982
v 166.976120 116.322899 -8.434853
v 166.733582 116.322899 -9.868654
v 166.326172 116.322899 -11.234856
v 165.751328 116.322899 -12.518932
v 165.006409 116.322899 -13.706354
v 164.088837 116.322899 -14.782589
v 162.995972 116.322899 -15.733112
v 161.725266 116.322891 -16.543396
v 160.274063 116.322891 -17.198904
v 158.639816 116.322891 -17.685114
v 156.819901 116.322891 -17.987492
v 148.160843 116.322891 -18.091515
v 148.160843 116.322899 4.195550
v 111.395821 116.322891 -17.042582
v 109.692528 116.322891 -17.645554
v 108.007568 116.322891 -18.068678
v 106.317734 116.322891 -18.318066
v 104.599762 116.322891 -18.399834
v 102.920624 116.322891 -18.299818
v 101.326523 116.322891 -18.007099
v 99.829063 116.322891 -17.532688
v 98.439888 116.322891 -16.887608
v 97.170624 116.322891 -16.082855
v 96.032883 116.322899 -15.129452
v 95.038284 116.322899 -14.038404
v 94.198463 116.322899 -12.820728
v 93.525040 116.322899 -11.487431
v 93.029633 116.322899 -10.049525
v 92.723869 116.322899 -8.518023
v 92.619354 116.322899 -6.903935
v 92.720604 116.322899 -5.263824
v 93.018227 116.322899 -3.718993
v 93.503036 116.322899 -2.278463
v 94.165848 116.322899 -0.951258
v 94.997513 116.322899 0.253597
v 95.988853 116.322899 1.327082
v 97.130669 116.322899 2.260170
v 98.413795 116.322899 3.043840
v 99.829063 116.322899 3.669068
v 101.367302 116.322899 4.126832
v 103.019318 116.322891 4.408106
v 104.775932 116.322891 4.503870
v 106.494530 116.322891 4.405582
v 108.247375 116.322899 4.113985
v 110.017365 116.322899 3.633969
v 111.787338 116.322899 2.970430
v 115.258797 116.322899 1.112360
v 115.258797 116.322891 5.825237
v 112.173981 116.322891 7.195545
v 109.579872 116.322891 7.942255
v 107.652672 116.322891 8.271832
v 104.379532 116.322891 8.467972
v 101.691925 116.322891 8.293604
v 99.263725 116.322891 7.796076
v 97.089989 116.322891 7.013782
v 95.165848 116.322891 5.985109
v 93.486412 116.322891 4.748441
v 92.046761 116.322899 3.342169
v 90.842033 116.322899 1.804677
v 89.867325 116.322899 0.174352
v 89.117729 116.322899 -1.510417
v 88.588379 116.322899 -3.211245
v 88.274345 116.322899 -4.889744
v 88.170761 116.322899 -6.507527
v 88.312347 116.322899 -8.744063
v 88.727234 116.322899 -10.863146
v 89.400581 116.322899 -12.850090
v 90.317566 116.322899 -14.690218
v 91.463341 116.322891 -16.368843
v 92.823067 116.322891 -17.871286
v 94.381927 116.322899 -19.182867
v 96.125061 116.322899 -20.288900
v 98.037651 116.322899 -21.174706
v 100.104858 116.322899 -21.825603
v 102.311852 116.322899 -22.226904
v 104.643799 116.322899 -22.363937
v 106.978920 116.322899 -22.220100
v 109.417259 116.322899 -21.774824
v 114.950478 116.322899 -19.897385
v 114.950478 116.322899 -15.272598
v 51.569405 116.322899 -21.889071
v 52.960587 116.322899 -21.662876
v 54.204033 116.322899 -21.302711
v 55.302956 116.322899 -20.822338
v 56.260567 116.322899 -20.235523
v 57.080074 116.322899 -19.556030
v 57.764694 116.322891 -18.797621
v 58.317635 116.322891 -17.974058
v 58.742104 116.322891 -17.099112
v 59.041325 116.322891 -16.186543
v 59.218502 116.322899 -15.250115
v 59.276848 116.322899 -14.303595
v 59.246441 116.322899 -13.544521
v 59.154705 116.322899 -12.830106
v 59.000877 116.322899 -12.159124
v 58.784195 116.322899 -11.530354
v 58.503887 116.322899 -10.942570
v 58.159195 116.322899 -10.394547
v 57.749352 116.322899 -9.885068
v 57.273590 116.322899 -9.412904
v 56.731152 116.322899 -8.976832
v 56.121269 116.322899 -8.575630
v 54.696110 116.322899 -7.872940
v 54.696110 116.322899 -7.784849
v 55.782021 116.322899 -7.532171
v 56.791142 116.322899 -7.194923
v 57.720127 116.322899 -6.776617
v 58.565605 116.322899 -6.280773
v 59.324219 116.322899 -5.710907
v 59.992596 116.322899 -5.070539
v 60.567379 116.322899 -4.363184
v 61.045204 116.322899 -3.592360
v 61.422699 116.322899 -2.761587
v 61.696507 116.322899 -1.874380
v 61.863255 116.322899 -0.934257
v 61.919586 116.322899 0.055265
v 61.860619 116.322899 0.990215
v 61.679161 116.322899 1.933728
v 61.368317 116.322899 2.868678
v 60.921211 116.322899 3.777934
v 60.330956 116.322891 4.644368
v 59.590668 116.322891 5.450849
v 58.693470 116.322891 6.180253
v 57.632477 116.322891 6.815447
v 56.400810 116.322891 7.339304
v 54.991577 116.322891 7.734695
v 53.397911 116.322891 7.984490
v 41.306248 116.322891 8.071562
v 41.306248 116.322899 -21.967527
v 49.507973 116.322899 -9.139275
v 50.438972 116.322899 -9.238556
v 51.279129 116.322899 -9.404210
v 52.028896 116.322899 -9.636393
v 52.688736 116.322899 -9.935255
v 53.259113 116.322899 -10.300951
v 53.740482 116.322899 -10.733633
v 54.133301 116.322899 -11.233453
v 54.438026 116.322899 -11.800566
v 54.655121 116.322899 -12.435123
v 54.785042 116.322899 -13.137279
v 54.828243 116.322899 -13.907184
v 54.800831 116.322899 -14.461397
v 54.715282 116.322899 -14.997107
v 54.566730 116.322899 -15.508654
v 54.350277 116.322899 -15.990376
v 54.061024 116.322891 -16.436619
v 53.694077 116.322891 -16.841721
v 53.244545 116.322891 -17.200026
v 52.707539 116.322891 -17.505871
v 52.078156 116.322891 -17.753603
v 51.351498 116.322891 -17.937557
v 50.522686 116.322891 -18.052084
v 45.622711 116.322891 -18.091515
v 45.622711 116.322899 -9.106215
v 52.230904 116.322899 4.144852
v 53.275433 116.322899 3.999180
v 54.182014 116.322899 3.768170
v 54.958748 116.322899 3.461458
v 55.613750 116.322899 3.088675
v 56.155117 116.322899 2.659461
v 56.590958 116.322899 2.183446
v 56.929379 116.322899 1.670269
v 57.178486 116.322899 1.129565
v 57.346386 116.322899 0.570965
v 57.441181 116.322899 0.004108
v 57.470978 116.322899 -0.561373
v 57.426758 116.322899 -1.226901
v 57.293377 116.322899 -1.855417
v 57.069756 116.322899 -2.442946
v 56.754829 116.322899 -2.985512
v 56.347542 116.322899 -3.479138
v 55.846802 116.322899 -3.919849
v 55.251549 116.322899 -4.303667
v 54.560711 116.322899 -4.626616
v 53.773216 116.322899 -4.884722
v 52.887997 116.322899 -5.074006
v 51.903980 116.322899 -5.190493
v 45.622711 116.322899 -5.230205
v 45.622711 116.322899 4.195550
v 10.342204 116.322891 8.071562
v 6.334055 116.322899 -0.781600
v -6.439165 116.322899 -0.781600
v -10.227084 116.322891 8.071562
v -14.631643 116.322891 8.071562
v -1.726287 116.322899 -22.143709
v 1.312859 116.322899 -22.143709
v 14.746764 116.322891 8.071562
v 4.572232 116.322899 -4.657611
v -0.272783 116.322899 -15.536869
v -4.765433 116.322899 -4.657611
v 158.819885 96.942841 136.596573
v 105.392586 96.942841 136.596573
v 9.813657 96.942841 60.926262
v 9.813657 96.942848 47.844719
v -7.011757 96.942848 47.844719
v -7.011757 96.942841 60.926262
v -11.328224 96.942841 60.926262
v -11.328224 96.942841 30.887175
v -7.011757 96.942841 30.887175
v -7.011757 96.942848 43.968712
v 9.813657 96.942848 43.968712
v 9.813657 96.942841 30.887175
v 14.130125 96.942841 30.887175
v 14.130125 96.942841 60.926262
v 329.551971 96.942841 7.423929
v 325.858643 96.942841 8.220011
v 321.920654 96.942841 8.467972
v 319.672272 96.942841 8.336342
v 317.539948 96.942841 7.950841
v 315.538849 96.942841 7.325536
v 313.684143 96.942841 6.474498
v 311.990875 96.942841 5.411797
v 310.474304 96.942848 4.151502
v 309.149506 96.942848 2.707684
v 308.031586 96.942848 1.094413
v 307.135773 96.942848 -0.674241
v 306.477173 96.942841 -2.584208
v 306.070892 96.942841 -4.621419
v 305.932098 96.942841 -6.771801
v 306.074371 96.942841 -8.938370
v 306.490021 96.942841 -11.000790
v 307.162628 96.942841 -12.943001
v 308.075684 96.942841 -14.748948
v 309.212585 96.942841 -16.402571
v 310.556915 96.942841 -17.887808
v 312.092072 96.942841 -19.188604
v 313.801605 96.942841 -20.288902
v 315.668945 96.942841 -21.172644
v 317.677582 96.942841 -21.823769
v 319.811066 96.942841 -22.226219
v 322.052795 96.942841 -22.363939
v 325.346436 96.942841 -22.142080
v 328.669403 96.942841 -21.352522
v 332.755890 96.942841 -19.809294
v 332.755890 96.942841 -15.448782
v 329.194733 96.942841 -17.075205
v 325.584595 96.942841 -18.065416
v 323.773438 96.942841 -18.315823
v 321.964691 96.942841 -18.399836
v 320.367401 96.942841 -18.298134
v 318.843201 96.942841 -18.000980
v 317.404602 96.942841 -17.520304
v 316.064240 96.942841 -16.868031
v 314.834564 96.942841 -16.056091
v 313.728180 96.942841 -15.096420
v 312.757599 96.942841 -14.000938
v 311.935364 96.942841 -12.781578
v 311.274017 96.942841 -11.450270
v 310.786102 96.942841 -10.018940
v 310.484131 96.942841 -8.499519
v 310.380707 96.942841 -6.903937
v 310.483643 96.942841 -5.273077
v 310.785675 96.942841 -3.734285
v 311.276794 96.942841 -2.297043
v 311.946747 96.942841 -0.970833
v 312.785614 96.942848 0.234864
v 313.783234 96.942848 1.310565
v 314.929504 96.942848 2.246789
v 316.214325 96.942848 3.034051
v 317.627563 96.942848 3.662874
v 319.159241 96.942848 4.123772
v 320.799164 96.942841 4.407265
v 322.537292 96.942841 4.503870
v 324.804810 96.942848 4.342369
v 329.056061 96.942848 3.314639
v 329.056061 96.942841 -2.851743
v 323.286102 96.942841 -2.851743
v 323.286102 96.942841 -6.727756
v 333.372498 96.942841 -6.727756
v 333.372498 96.942841 6.001420
v 204.407028 96.942841 -18.091516
v 204.407028 96.942841 -9.018126
v 216.695755 96.942841 -9.018126
v 216.695755 96.942841 -5.142115
v 204.407028 96.942841 -5.142115
v 204.407028 96.942848 4.195550
v 217.532639 96.942848 4.195550
v 217.532639 96.942841 8.071562
v 200.090576 96.942841 8.071562
v 200.090576 96.942841 -21.967527
v 217.136215 96.942841 -21.967527
v 217.136215 96.942841 -18.091516
v 158.162689 96.942841 -21.807428
v 160.554764 96.942841 -21.347422
v 162.697235 96.942841 -20.617941
v 164.594711 96.942841 -19.649424
v 166.251785 96.942841 -18.472300
v 167.673035 96.942841 -17.117006
v 168.863022 96.942841 -15.613979
v 169.826370 96.942841 -13.993646
v 170.567657 96.942841 -12.286446
v 171.091461 96.942841 -10.522812
v 171.402390 96.942841 -8.733182
v 171.505005 96.942841 -6.947984
v 171.380554 96.942841 -5.033246
v 171.012131 96.942841 -3.159041
v 170.407303 96.942841 -1.349375
v 169.573532 96.942848 0.371742
v 168.518295 96.942848 1.980298
v 167.249100 96.942848 3.452281
v 165.773438 96.942841 4.763683
v 164.098816 96.942841 5.890490
v 162.232712 96.942841 6.808692
v 160.182617 96.942841 7.494279
v 157.956070 96.942841 7.923239
v 143.844376 96.942841 8.071562
v 143.844376 96.942841 -21.967527
v 157.322617 96.942848 4.046947
v 159.317841 96.942848 3.627036
v 161.035919 96.942848 2.974661
v 162.495224 96.942848 2.128670
v 163.714142 96.942848 1.127907
v 164.710999 96.942848 0.011219
v 165.504105 96.942841 -1.182549
v 166.111877 96.942841 -2.414550
v 166.552643 96.942841 -3.645941
v 166.844742 96.942841 -4.837873
v 167.006531 96.942841 -5.951503
v 167.056396 96.942841 -6.947984
v 166.976120 96.942841 -8.434854
v 166.733582 96.942841 -9.868655
v 166.326172 96.942841 -11.234858
v 165.751328 96.942841 -12.518934
v 165.006409 96.942841 -13.706354
v 164.088837 96.942841 -14.782591
v 162.995972 96.942841 -15.733114
v 161.725266 96.942841 -16.543398
v 160.274063 96.942841 -17.198904
v 158.639816 96.942841 -17.685114
v 156.819901 96.942841 -17.987494
v 148.160843 96.942841 -18.091516
v 148.160843 96.942848 4.195550
v 111.395821 96.942841 -17.042582
v 109.692528 96.942841 -17.645555
v 108.007568 96.942841 -18.068680
v 106.317734 96.942841 -18.318068
v 104.599762 96.942841 -18.399836
v 102.920624 96.942841 -18.299820
v 101.326523 96.942841 -18.007101
v 99.829063 96.942841 -17.532690
v 98.439888 96.942841 -16.887609
v 97.170624 96.942841 -16.082857
v 96.032883 96.942841 -15.129454
v 95.038284 96.942841 -14.038406
v 94.198463 96.942841 -12.820728
v 93.525040 96.942841 -11.487432
v 93.029633 96.942841 -10.049526
v 92.723869 96.942841 -8.518024
v 92.619354 96.942841 -6.903937
v 92.720604 96.942841 -5.263825
v 93.018227 96.942841 -3.718994
v 93.503036 96.942841 -2.278463
v 94.165848 96.942841 -0.951258
v 94.997513 96.942848 0.253598
v 95.988853 96.942848 1.327081
v 97.130669 96.942848 2.260170
v 98.413795 96.942848 3.043840
v 99.829063 96.942848 3.669068
v 101.367302 96.942848 4.126832
v 103.019318 96.942841 4.408105
v 104.775932 96.942841 4.503870
v 106.494530 96.942841 4.405582
v 108.247375 96.942848 4.113984
v 110.017365 96.942848 3.633969
v 111.787338 96.942848 2.970430
v 115.258797 96.942848 1.112360
v 115.258797 96.942841 5.825237
v 112.173981 96.942841 7.195544
v 110.479851 96.942841 7.724703
v 108.638908 96.942841 8.125395
v 104.379532 96.942841 8.467972
v 101.691925 96.942841 8.293602
v 99.263725 96.942841 7.796076
v 97.089989 96.942841 7.013782
v 95.165848 96.942841 5.985109
v 93.486412 96.942841 4.748442
v 92.046761 96.942848 3.342169
v 90.842033 96.942848 1.804677
v 89.867325 96.942848 0.174352
v 89.117729 96.942841 -1.510417
v 88.588379 96.942841 -3.211246
v 88.274345 96.942841 -4.889745
v 88.170761 96.942841 -6.507528
v 88.312347 96.942841 -8.744064
v 88.727234 96.942841 -10.863147
v 89.400581 96.942841 -12.850092
v 90.317566 96.942841 -14.690220
v 91.463341 96.942841 -16.368845
v 92.823067 96.942841 -17.871288
v 94.381927 96.942841 -19.182869
v 96.125061 96.942841 -20.288902
v 98.037651 96.942841 -21.174707
v 100.104858 96.942841 -21.825605
v 102.311852 96.942841 -22.226906
v 104.643799 96.942841 -22.363939
v 107.775948 96.942841 -22.106190
v 111.142982 96.942841 -21.300318
v 114.950478 96.942841 -19.897385
v 114.950478 96.942841 -15.272600
v 51.569405 96.942841 -21.889072
v 52.960587 96.942841 -21.662876
v 54.204033 96.942841 -21.302713
v 55.302956 96.942841 -20.822338
v 56.260567 96.942841 -20.235525
v 57.080074 96.942841 -19.556032
v 57.764694 96.942833 -18.797621
v 58.317635 96.942841 -17.974060
v 58.742104 96.942841 -17.099113
v 59.041325 96.942841 -16.186544
v 59.218502 96.942841 -15.250116
v 59.276848 96.942841 -14.303596
v 59.246441 96.942841 -13.544521
v 59.154705 96.942841 -12.830107
v 59.000877 96.942841 -12.159126
v 58.784195 96.942841 -11.530355
v 58.503887 96.942841 -10.942571
v 58.159195 96.942841 -10.394548
v 57.749352 96.942841 -9.885069
v 57.273590 96.942841 -9.412905
v 56.731152 96.942841 -8.976833
v 56.121269 96.942841 -8.575631
v 54.696110 96.942841 -7.872941
v 54.696110 96.942841 -7.784850
v 55.782021 96.942841 -7.532172
v 56.791142 96.942841 -7.194924
v 57.720127 96.942841 -6.776618
v 58.565605 96.942841 -6.280774
v 59.324219 96.942841 -5.710908
v 59.992596 96.942841 -5.070540
v 60.567379 96.942841 -4.363185
v 61.045204 96.942841 -3.592361
v 61.422699 96.942841 -2.761589
v 61.696507 96.942841 -1.874380
v 61.863255 96.942841 -0.934256
v 61.919586 96.942848 0.055265
v 61.860619 96.942848 0.990214
v 61.679161 96.942848 1.933728
v 61.368317 96.942848 2.868678
v 60.921211 96.942848 3.777934
v 60.330956 96.942841 4.644366
v 59.590668 96.942841 5.450849
v 58.693470 96.942841 6.180253
v 57.632477 96.942841 6.815446
v 56.400810 96.942841 7.339304
v 54.991577 96.942841 7.734695
v 53.397911 96.942841 7.984490
v 41.306248 96.942841 8.071562
v 41.306248 96.942841 -21.967527
v 49.507973 96.942841 -9.139277
v 50.438972 96.942841 -9.238558
v 51.279129 96.942841 -9.404211
v 52.028896 96.942841 -9.636394
v 52.688736 96.942841 -9.935256
v 53.259113 96.942841 -10.300953
v 53.740482 96.942841 -10.733634
v 54.133301 96.942841 -11.233454
v 54.438026 96.942841 -11.800568
v 54.655121 96.942841 -12.435125
v 54.785042 96.942841 -13.137280
v 54.828243 96.942841 -13.907185
v 54.800831 96.942841 -14.461399
v 54.715282 96.942841 -14.997108
v 54.566730 96.942841 -15.508656
v 54.350277 96.942841 -15.990377
v 54.061024 96.942841 -16.436621
v 53.694077 96.942841 -16.841721
v 53.244545 96.942841 -17.200027
v 52.707539 96.942841 -17.505873
v 52.078156 96.942841 -17.753605
v 51.351498 96.942841 -17.937559
v 50.522686 96.942841 -18.052086
v 45.622711 96.942841 -18.091516
v 45.622711 96.942841 -9.106216
v 52.230904 96.942848 4.144851
v 53.275433 96.942848 3.999180
v 54.182014 96.942848 3.768171
v 54.958748 96.942848 3.461457
v 55.613750 96.942848 3.088675
v 56.155117 96.942848 2.659460
v 56.590958 96.942848 2.183446
v 56.929379 96.942848 1.670269
v 57.178486 96.942848 1.129565
v 57.346386 96.942848 0.570965
v 57.441181 96.942848 0.004108
v 57.470978 96.942848 -0.561373
v 57.426758 96.942841 -1.226901
v 57.293377 96.942841 -1.855416
v 57.069756 96.942841 -2.442946
v 56.754829 96.942841 -2.985513
v 56.347542 96.942841 -3.479139
v 55.846802 96.942841 -3.919850
v 55.251549 96.942841 -4.303668
v 54.560711 96.942841 -4.626618
v 53.773216 96.942841 -4.884723
v 52.887997 96.942841 -5.074007
v 50.820091 96.942841 -5.230206
v 45.622711 96.942841 -5.230206
v 45.622711 96.942848 4.195550
v 10.342204 96.942841 8.071562
v 6.334055 96.942848 -0.781600
v -6.439165 96.942848 -0.781600
v -10.227084 96.942841 8.071562
v -14.631643 96.942841 8.071562
v -1.726287 96.942841 -22.143711
v 1.312859 96.942841 -22.143711
v 14.746764 96.942841 8.071562
v 4.572232 96.942841 -4.657612
v -0.272783 96.942841 -15.536871
v -4.765433 96.942841 -4.657612
v 10.342204 96.942841 8.071562
v 10.342204 116.322891 8.071562
v 6.334055 96.942848 -0.781600
v 6.334055 116.322899 -0.781600
v -6.439165 96.942848 -0.781600
v -6.439165 116.322899 -0.781600
v -10.227084 96.942841 8.071562
v -10.227084 116.322891 8.071562
v -14.631643 96.942841 8.071562
v -14.631643 116.322891 8.071562
v -1.726287 96.942841 -22.143711
v -1.726287 116.322899 -22.143709
v 1.312859 96.942841 -22.143711
v 1.312859 116.322899 -22.143709
v 14.746764 96.942841 8.071562
v 14.746764 116.322891 8.071562
v 4.572232 96.942841 -4.657612
v 4.572232 116.322899 -4.657611
v -0.272783 96.942841 -15.536871
v -0.272783 116.322899 -15.536869
v -4.765433 96.942841 -4.657612
v -4.765433 116.322899 -4.657611
v 51.569405 96.942841 -21.889072
v 51.569405 116.322899 -21.889071
v 52.960587 96.942841 -21.662876
v 52.960587 116.322899 -21.662876
v 54.204033 96.942841 -21.302713
v 54.204033 116.322899 -21.302711
v 55.302956 96.942841 -20.822338
v 55.302956 116.322899 -20.822338
v 56.260567 96.942841 -20.235525
v 56.260567 116.322899 -20.235523
v 57.080074 96.942841 -19.556032
v 57.080074 116.322899 -19.556030
v 57.764694 96.942833 -18.797621
v 57.764694 116.322891 -18.797621
v 58.317635 96.942841 -17.974060
v 58.317635 116.322891 -17.974058
v 58.742104 96.942841 -17.099113
v 58.742104 116.322891 -17.099112
v 59.041325 96.942841 -16.186544
v 59.041325 116.322891 -16.186543
v 59.218502 96.942841 -15.250116
v 59.218502 116.322899 -15.250115
v 59.276848 96.942841 -14.303596
v 59.276848 116.322899 -14.303595
v 59.246441 96.942841 -13.544521
v 59.246441 116.322899 -13.544521
v 59.154705 96.942841 -12.830107
v 59.154705 116.322899 -12.830106
v 59.000877 96.942841 -12.159126
v 59.000877 116.322899 -12.159124
v 58.784195 96.942841 -11.530355
v 58.784195 116.322899 -11.530354
v 58.503887 96.942841 -10.942571
v 58.503887 116.322899 -10.942570
v 58.159195 96.942841 -10.394548
v 58.159195 116.322899 -10.394547
v 57.749352 96.942841 -9.885069
v 57.749352 116.322899 -9.885068
v 57.273590 96.942841 -9.412905
v 57.273590 116.322899 -9.412904
v 56.731152 96.942841 -8.976833
v 56.731152 116.322899 -8.976832
v 56.121269 96.942841 -8.575631
v 56.121269 116.322899 -8.575630
v 54.696110 96.942841 -7.872941
v 54.696110 116.322899 -7.872940
v 54.696110 96.942841 -7.784850
v 54.696110 116.322899 -7.784849
v 55.782021 96.942841 -7.532172
v 55.782021 116.322899 -7.532171
v 56.791142 96.942841 -7.194924
v 56.791142 116.322899 -7.194923
v 57.720127 96.942841 -6.776618
v 57.720127 116.322899 -6.776617
v 58.565605 96.942841 -6.280774
v 58.565605 116.322899 -6.280773
v 59.324219 96.942841 -5.710908
v 59.324219 116.322899 -5.710907
v 59.992596 96.942841 -5.070540
v 59.992596 116.322899 -5.070539
v 60.567379 96.942841 -4.363185
v 60.567379 116.322899 -4.363184
v 61.045204 96.942841 -3.592361
v 61.045204 116.322899 -3.592360
v 61.422699 96.942841 -2.761589
v 61.422699 116.322899 -2.761587
v 61.696507 96.942841 -1.874380
v 61.696507 116.322899 -1.874380
v 61.863255 96.942841 -0.934256
v 61.863255 116.322899 -0.934257
v 61.919586 96.942848 0.055265
v 61.919586 116.322899 0.055265
v 61.860619 96.942848 0.990214
v 61.860619 116.322899 0.990215
v 61.679161 96.942848 1.933728
v 61.679161 116.322899 1.933728
v 61.368317 96.942848 2.868678
v 61.368317 116.322899 2.868678
v 60.921211 96.942848 3.777934
v 60.921211 116.322899 3.777934
v 60.330956 96.942841 4.644366
v 60.330956 116.322891 4.644368
v 59.590668 96.942841 5.450849
v 59.590668 116.322891 5.450849
v 58.693470 96.942841 6.180253
v 58.693470 116.322891 6.180253
v 57.632477 96.942841 6.815446
v 57.632477 116.322891 6.815447
v 56.400810 96.942841 7.339304
v 56.400810 116.322891 7.339304
v 54.991577 96.942841 7.734695
v 54.991577 116.322891 7.734695
v 53.397911 96.942841 7.984490
v 53.397911 116.322891 7.984490
v 41.306248 96.942841 8.071562
v 41.306248 116.322891 8.071562
v 41.306248 96.942841 -21.967527
v 41.306248 116.322899 -21.967527
v 49.507973 96.942841 -9.139277
v 49.507973 116.322899 -9.139275
v 50.438972 96.942841 -9.238558
v 50.438972 116.322899 -9.238556
v 51.279129 96.942841 -9.404211
v 51.279129 116.322899 -9.404210
v 52.028896 96.942841 -9.636394
v 52.028896 116.322899 -9.636393
v 52.688736 96.942841 -9.935256
v 52.688736 116.322899 -9.935255
v 53.259113 96.942841 -10.300953
v 53.259113 116.322899 -10.300951
v 53.740482 96.942841 -10.733634
v 53.740482 116.322899 -10.733633
v 54.133301 96.942841 -11.233454
v 54.133301 116.322899 -11.233453
v 54.438026 96.942841 -11.800568
v 54.438026 116.322899 -11.800566
v 54.655121 96.942841 -12.435125
v 54.655121 116.322899 -12.435123
v 54.785042 96.942841 -13.137280
v 54.785042 116.322899 -13.137279
v 54.828243 96.942841 -13.907185
v 54.828243 116.322899 -13.907184
v 54.800831 96.942841 -14.461399
v 54.800831 116.322899 -14.461397
v 54.715282 96.942841 -14.997108
v 54.715282 116.322899 -14.997107
v 54.566730 96.942841 -15.508656
v 54.566730 116.322899 -15.508654
v 54.350277 96.942841 -15.990377
v 54.350277 116.322899 -15.990376
v 54.061024 96.942841 -16.436621
v 54.061024 116.322891 -16.436619
v 53.694077 96.942841 -16.841721
v 53.694077 116.322891 -16.841721
v 53.244545 96.942841 -17.200027
v 53.244545 116.322891 -17.200026
v 52.707539 96.942841 -17.505873
v 52.707539 116.322891 -17.505871
v 52.078156 96.942841 -17.753605
v 52.078156 116.322891 -17.753603
v 51.351498 96.942841 -17.937559
v 51.351498 116.322891 -17.937557
v 50.522686 96.942841 -18.052086
v 50.522686 116.322891 -18.052084
v 45.622711 96.942841 -18.091516
v 45.622711 116.322891 -18.091515
v 45.622711 96.942841 -9.106216
v 45.622711 116.322899 -9.106215
v 52.230904 96.942848 4.144851
v 52.230904 116.322899 4.144852
v 53.275433 96.942848 3.999180
v 53.275433 116.322899 3.999180
v 54.182014 96.942848 3.768171
v 54.182014 116.322899 3.768170
v 54.958748 96.942848 3.461457
v 54.958748 116.322899 3.461458
v 55.613750 96.942848 3.088675
v 55.613750 116.322899 3.088675
v 56.155117 96.942848 2.659460
v 56.155117 116.322899 2.659461
v 56.590958 96.942848 2.183446
v 56.590958 116.322899 2.183446
v 56.929379 96.942848 1.670269
v 56.929379 116.322899 1.670269
v 57.178486 96.942848 1.129565
v 57.178486 116.322899 1.129565
v 57.346386 96.942848 0.570965
v 57.346386 116.322899 0.570965
v 57.441181 96.942848 0.004108
v 57.441181 116.322899 0.004108
v 57.470978 96.942848 -0.561373
v 57.470978 116.322899 -0.561373
v 57.426758 96.942841 -1.226901
v 57.426758 116.322899 -1.226901
v 57.293377 96.942841 -1.855416
v 57.293377 116.322899 -1.855417
v 57.069756 96.942841 -2.442946
v 57.069756 116.322899 -2.442946
v 56.754829 96.942841 -2.985513
v 56.754829 116.322899 -2.985512
v 56.347542 96.942841 -3.479139
v 56.347542 116.322899 -3.479138
v 55.846802 96.942841 -3.919850
v 55.846802 116.322899 -3.919849
v 55.251549 96.942841 -4.303668
v 55.251549 116.322899 -4.303667
v 54.560711 96.942841 -4.626618
v 54.560711 116.322899 -4.626616
v 53.773216 96.942841 -4.884723
v 53.773216 116.322899 -4.884722
v 52.887997 96.942841 -5.074007
v 52.887997 116.322899 -5.074006
v 51.903980 96.942841 -5.190494
v 51.903980 116.322899 -5.190493
v 45.622711 96.942841 -5.230206
v 45.622711 116.322899 -5.230205
v 45.622711 96.942848 4.195550
v 45.622711 116.322899 4.195550
v 111.395821 96.942841 -17.042582
v 111.395821 116.322891 -17.042582
v 109.692528 96.942841 -17.645555
v 109.692528 116.322891 -17.645554
v 108.007568 96.942841 -18.068680
v 108.007568 116.322891 -18.068678
v 106.317734 96.942841 -18.318068
v 106.317734 116.322891 -18.318066
v 104.599762 96.942841 -18.399836
v 104.599762 116.322891 -18.399834
v 102.920624 96.942841 -18.299820
v 102.920624 116.322891 -18.299818
v 101.326523 96.942841 -18.007101
v 101.326523 116.322891 -18.007099
v 99.829063 96.942841 -17.532690
v 99.829063 116.322891 -17.532688
v 98.439888 96.942841 -16.887609
v 98.439888 116.322891 -16.887608
v 97.170624 96.942841 -16.082857
v 97.170624 116.322891 -16.082855
v 96.032883 96.942841 -15.129454
v 96.032883 116.322899 -15.129452
v 95.038284 96.942841 -14.038406
v 95.038284 116.322899 -14.038404
v 94.198463 96.942841 -12.820728
v 94.198463 116.322899 -12.820728
v 93.525040 96.942841 -11.487432
v 93.525040 116.322899 -11.487431
v 93.029633 96.942841 -10.049526
v 93.029633 116.322899 -10.049525
v 92.723869 96.942841 -8.518024
v 92.723869 116.322899 -8.518023
v 92.619354 96.942841 -6.903937
v 92.619354 116.322899 -6.903935
v 92.720604 96.942841 -5.263825
v 92.720604 116.322899 -5.263824
v 93.018227 96.942841 -3.718994
v 93.018227 116.322899 -3.718993
v 93.503036 96.942841 -2.278463
v 93.503036 116.322899 -2.278463
v 94.165848 96.942841 -0.951258
v 94.165848 116.322899 -0.951258
v 94.997513 96.942848 0.253598
v 94.997513 116.322899 0.253597
v 95.988853 96.942848 1.327081
v 95.988853 116.322899 1.327082
v 97.130669 96.942848 2.260170
v 97.130669 116.322899 2.260170
v 98.413795 96.942848 3.043840
v 98.413795 116.322899 3.043840
v 99.829063 96.942848 3.669068
v 99.829063 116.322899 3.669068
v 101.367302 96.942848 4.126832
v 101.367302 116.322899 4.126832
v 103.019318 96.942841 4.408105
v 103.019318 116.322891 4.408106
v 104.775932 96.942841 4.503870
v 104.775932 116.322891 4.503870
v 106.494530 96.942841 4.405582
v 106.494530 116.322891 4.405582
v 108.247375 96.942848 4.113984
v 108.247375 116.322899 4.113985
v 110.017365 96.942848 3.633969
v 110.017365 116.322899 3.633969
v 111.787338 96.942848 2.970430
v 111.787338 116.322899 2.970430
v 115.258797 96.942848 1.112360
v 115.258797 116.322899 1.112360
v 115.258797 96.942841 5.825237
v 115.258797 116.322891 5.825237
v 112.173981 96.942841 7.195544
v 112.173981 116.322891 7.195545
v 110.479851 96.942841 7.724703
v 110.479851 116.322891 7.724703
v 108.638908 96.942841 8.125395
v 108.638908 116.322891 8.125395
v 104.379532 96.942841 8.467972
v 104.379532 116.322891 8.467972
v 101.691925 96.942841 8.293602
v 101.691925 116.322891 8.293604
v 99.263725 96.942841 7.796076
v 99.263725 116.322891 7.796076
v 97.089989 96.942841 7.013782
v 97.089989 116.322891 7.013782
v 95.165848 96.942841 5.985109
v 95.165848 116.322891 5.985109
v 93.486412 96.942841 4.748442
v 93.486412 116.322891 4.748441
v 92.046761 96.942848 3.342169
v 92.046761 116.322899 3.342169
v 90.842033 96.942848 1.804677
v 90.842033 116.322899 1.804677
v 89.867325 96.942848 0.174352
v 89.867325 116.322899 0.174352
v 89.117729 96.942841 -1.510417
v 89.117729 116.322899 -1.510417
v 88.588379 96.942841 -3.211246
v 88.588379 116.322899 -3.211245
v 88.274345 96.942841 -4.889745
v 88.274345 116.322899 -4.889744
v 88.170761 96.942841 -6.507528
v 88.170761 116.322899 -6.507527
v 88.312347 96.942841 -8.744064
v 88.312347 116.322899 -8.744063
v 88.727234 96.942841 -10.863147
v 88.727234 116.322899 -10.863146
v 89.400581 96.942841 -12.850092
v 89.400581 116.322899 -12.850090
v 90.317566 96.942841 -14.690220
v 90.317566 116.322899 -14.690218
v 91.463341 96.942841 -16.368845
v 91.463341 116.322891 -16.368843
v 92.823067 96.942841 -17.871288
v 92.823067 116.322891 -17.871286
v 94.381927 96.942841 -19.182869
v 94.381927 116.322899 -19.182867
v 96.125061 96.942841 -20.288902
v 96.125061 116.322899 -20.288900
v 98.037651 96.942841 -21.174707
v 98.037651 116.322899 -21.174706
v 100.104858 96.942841 -21.825605
v 100.104858 116.322899 -21.825603
v 102.311852 96.942841 -22.226906
v 102.311852 116.322899 -22.226904
v 104.643799 96.942841 -22.363939
v 104.643799 116.322899 -22.363937
v 107.775948 96.942841 -22.106190
v 107.775948 116.322899 -22.106188
v 111.142982 96.942841 -21.300318
v 111.142982 116.322899 -21.300316
v 114.950478 96.942841 -19.897385
v 114.950478 116.322899 -19.897385
v 114.950478 96.942841 -15.272600
v 114.950478 116.322899 -15.272598
v 158.162689 96.942841 -21.807428
v 158.162689 116.322899 -21.807428
v 160.554764 96.942841 -21.347422
v 160.554764 116.322899 -21.347420
v 162.697235 96.942841 -20.617941
v 162.697235 116.322899 -20.617939
v 164.594711 96.942841 -19.649424
v 164.594711 116.322899 -19.649424
v 166.251785 96.942841 -18.472300
v 166.251785 116.322891 -18.472300
v 167.673035 96.942841 -17.117006
v 167.673035 116.322891 -17.117006
v 168.863022 96.942841 -15.613979
v 168.863022 116.322899 -15.613977
v 169.826370 96.942841 -13.993646
v 169.826370 116.322899 -13.993645
v 170.567657 96.942841 -12.286446
v 170.567657 116.322899 -12.286444
v 171.091461 96.942841 -10.522812
v 171.091461 116.322899 -10.522811
v 171.402390 96.942841 -8.733182
v 171.402390 116.322899 -8.733180
v 171.505005 96.942841 -6.947984
v 171.505005 116.322899 -6.947982
v 171.380554 96.942841 -5.033246
v 171.380554 116.322899 -5.033245
v 171.012131 96.942841 -3.159041
v 171.012131 116.322899 -3.159040
v 170.407303 96.942841 -1.349375
v 170.407303 116.322899 -1.349375
v 169.573532 96.942848 0.371742
v 169.573532 116.322899 0.371742
v 168.518295 96.942848 1.980298
v 168.518295 116.322899 1.980299
v 167.249100 96.942848 3.452281
v 167.249100 116.322899 3.452281
v 165.773438 96.942841 4.763683
v 165.773438 116.322891 4.763683
v 164.098816 96.942841 5.890490
v 164.098816 116.322891 5.890490
v 162.232712 96.942841 6.808692
v 162.232712 116.322891 6.808692
v 160.182617 96.942841 7.494279
v 160.182617 116.322891 7.494279
v 157.956070 96.942841 7.923239
v 157.956070 116.322891 7.923239
v 143.844376 96.942841 8.071562
v 143.844376 116.322891 8.071562
v 143.844376 96.942841 -21.967527
v 143.844376 116.322899 -21.967527
v 157.322617 96.942848 4.046947
v 157.322617 116.322899 4.046947
v 159.317841 96.942848 3.627036
v 159.317841 116.322899 3.627036
v 161.035919 96.942848 2.974661
v 161.035919 116.322899 2.974661
v 162.495224 96.942848 2.128670
v 162.495224 116.322899 2.128670
v 163.714142 96.942848 1.127907
v 163.714142 116.322899 1.127907
v 164.710999 96.942848 0.011219
v 164.710999 116.322899 0.011219
v 165.504105 96.942841 -1.182549
v 165.504105 116.322899 -1.182549
v 166.111877 96.942841 -2.414550
v 166.111877 116.322899 -2.414551
v 166.552643 96.942841 -3.645941
v 166.552643 116.322899 -3.645940
v 166.844742 96.942841 -4.837873
v 166.844742 116.322899 -4.837873
v 167.006531 96.942841 -5.951503
v 167.006531 116.322899 -5.951502
v 167.056396 96.942841 -6.947984
v 167.056396 116.322899 -6.947982
v 166.976120 96.942841 -8.434854
v 166.976120 116.322899 -8.434853
v 166.733582 96.942841 -9.868655
v 166.733582 116.322899 -9.868654
v 166.326172 96.942841 -11.234858
v 166.326172 116.322899 -11.234856
v 165.751328 96.942841 -12.518934
v 165.751328 116.322899 -12.518932
v 165.006409 96.942841 -13.706354
v 165.006409 116.322899 -13.706354
v 164.088837 96.942841 -14.782591
v 164.088837 116.322899 -14.782589
v 162.995972 96.942841 -15.733114
v 162.995972 116.322899 -15.733112
v 161.725266 96.942841 -16.543398
v 161.725266 116.322891 -16.543396
v 160.274063 96.942841 -17.198904
v 160.274063 116.322891 -17.198904
v 158.639816 96.942841 -17.685114
v 158.639816 116.322891 -17.685114
v 156.819901 96.942841 -17.987494
v 156.819901 116.322891 -17.987492
v 148.160843 96.942841 -18.091516
v 148.160843 116.322891 -18.091515
v 148.160843 96.942848 4.195550
v 148.160843 116.322899 4.195550
v 204.407028 96.942841 -18.091516
v 204.407028 116.322891 -18.091515
v 204.407028 96.942841 -9.018126
v 204.407028 116.322899 -9.018125
v 216.695755 96.942841 -9.018126
v 216.695755 116.322899 -9.018125
v 216.695755 96.942841 -5.142115
v 216.695755 116.322899 -5.142114
v 204.407028 96.942841 -5.142115
v 204.407028 116.322899 -5.142114
v 204.407028 96.942848 4.195550
v 204.407028 116.322899 4.195550
v 217.532639 96.942848 4.195550
v 217.532639 116.322899 4.195550
v 217.532639 96.942841 8.071562
v 217.532639 116.322891 8.071562
v 200.090576 96.942841 8.071562
v 200.090576 116.322891 8.071562
v 200.090576 96.942841 -21.967527
v 200.090576 116.322899 -21.967527
v 217.136215 96.942841 -21.967527
v 217.136215 116.322899 -21.967527
v 217.136215 96.942841 -18.091516
v 217.136215 116.322891 -18.091515
v 329.551971 96.942841 7.423929
v 329.551971 116.322891 7.423929
v 325.858643 96.942841 8.220011
v 325.858643 116.322891 8.220013
v 321.920654 96.942841 8.467972
v 321.920654 116.322891 8.467972
v 319.672272 96.942841 8.336342
v 319.672272 116.322891 8.336342
v 317.539948 96.942841 7.950841
v 317.539948 116.322891 7.950841
v 315.538849 96.942841 7.325536
v 315.538849 116.322891 7.325536
v 313.684143 96.942841 6.474498
v 313.684143 116.322891 6.474499
v 311.990875 96.942841 5.411797
v 311.990875 116.322891 5.411797
v 310.474304 96.942848 4.151502
v 310.474304 116.322899 4.151502
v 309.149506 96.942848 2.707684
v 309.149506 116.322899 2.707685
v 308.031586 96.942848 1.094413
v 308.031586 116.322899 1.094414
v 307.135773 96.942848 -0.674241
v 307.135773 116.322899 -0.674241
v 306.477173 96.942841 -2.584208
v 306.477173 116.322899 -2.584208
v 306.070892 96.942841 -4.621419
v 306.070892 116.322899 -4.621418
v 305.932098 96.942841 -6.771801
v 305.932098 116.322899 -6.771800
v 306.074371 96.942841 -8.938370
v 306.074371 116.322899 -8.938369
v 306.490021 96.942841 -11.000790
v 306.490021 116.322899 -11.000789
v 307.162628 96.942841 -12.943001
v 307.162628 116.322899 -12.943001
v 308.075684 96.942841 -14.748948
v 308.075684 116.322899 -14.748947
v 309.212585 96.942841 -16.402571
v 309.212585 116.322891 -16.402569
v 310.556915 96.942841 -17.887808
v 310.556915 116.322891 -17.887806
v 312.092072 96.942841 -19.188604
v 312.092072 116.322899 -19.188604
v 313.801605 96.942841 -20.288902
v 313.801605 116.322899 -20.288900
v 315.668945 96.942841 -21.172644
v 315.668945 116.322899 -21.172642
v 317.677582 96.942841 -21.823769
v 317.677582 116.322899 -21.823767
v 319.811066 96.942841 -22.226219
v 319.811066 116.322899 -22.226219
v 322.052795 96.942841 -22.363939
v 322.052795 116.322899 -22.363937
v 325.346436 96.942841 -22.142080
v 325.346436 116.322899 -22.142078
v 328.669403 96.942841 -21.352522
v 328.669403 116.322899 -21.352520
v 332.755890 96.942841 -19.809294
v 332.755890 116.322899 -19.809292
v 332.755890 96.942841 -15.448782
v 332.755890 116.322899 -15.448780
v 329.194733 96.942841 -17.075205
v 329.194733 116.322891 -17.075205
v 325.584595 96.942841 -18.065416
v 325.584595 116.322891 -18.065414
v 323.773438 96.942841 -18.315823
v 323.773438 116.322891 -18.315821
v 321.964691 96.942841 -18.399836
v 321.964691 116.322891 -18.399834
v 320.367401 96.942841 -18.298134
v 320.367401 116.322891 -18.298134
v 318.843201 96.942841 -18.000980
v 318.843201 116.322891 -18.000978
v 317.404602 96.942841 -17.520304
v 317.404602 116.322891 -17.520302
v 316.064240 96.942841 -16.868031
v 316.064240 116.322891 -16.868029
v 314.834564 96.942841 -16.056091
v 314.834564 116.322899 -16.056089
v 313.728180 96.942841 -15.096420
v 313.728180 116.322899 -15.096418
v 312.757599 96.942841 -14.000938
v 312.757599 116.322899 -14.000937
v 311.935364 96.942841 -12.781578
v 311.935364 116.322899 -12.781576
v 311.274017 96.942841 -11.450270
v 311.274017 116.322899 -11.450268
v 310.786102 96.942841 -10.018940
v 310.786102 116.322899 -10.018939
v 310.484131 96.942841 -8.499519
v 310.484131 116.322899 -8.499517
v 310.380707 96.942841 -6.903937
v 310.380707 116.322899 -6.903935
v 310.483643 96.942841 -5.273077
v 310.483643 116.322899 -5.273075
v 310.785675 96.942841 -3.734285
v 310.785675 116.322899 -3.734284
v 311.276794 96.942841 -2.297043
v 311.276794 116.322899 -2.297044
v 311.946747 96.942841 -0.970833
v 311.946747 116.322899 -0.970833
v 312.785614 96.942848 0.234864
v 312.785614 116.322899 0.234863
v 313.783234 96.942848 1.310565
v 313.783234 116.322899 1.310565
v 314.929504 96.942848 2.246789
v 314.929504 116.322899 2.246789
v 316.214325 96.942848 3.034051
v 316.214325 116.322899 3.034052
v 317.627563 96.942848 3.662874
v 317.627563 116.322899 3.662875
v 319.159241 96.942848 4.123772
v 319.159241 116.322899 4.123772
v 320.799164 96.942841 4.407265
v 320.799164 116.322891 4.407265
v 322.537292 96.942841 4.503870
v 322.537292 116.322891 4.503870
v 324.804810 96.942848 4.342369
v 324.804810 116.322899 4.342369
v 329.056061 96.942848 3.314639
v 329.056061 116.322899 3.314639
v 329.056061 96.942841 -2.851743
v 329.056061 116.322899 -2.851742
v 323.286102 96.942841 -2.851743
v 323.286102 116.322899 -2.851742
v 323.286102 96.942841 -6.727756
v 323.286102 116.322899 -6.727754
v 333.372498 96.942841 -6.727756
v 333.372498 116.322899 -6.727754
v 333.372498 96.942841 6.001420
v 333.372498 116.322891 6.001420
v 9.813657 96.942841 60.926262
v 9.813657 116.322891 60.926262
v 9.813657 96.942848 47.844719
v 9.813657 116.322899 47.844723
v -7.011757 96.942848 47.844719
v -7.011757 116.322899 47.844723
v -7.011757 96.942841 60.926262
v -7.011757 116.322891 60.926262
v -11.328224 96.942841 60.926262
v -11.328224 116.322891 60.926262
v -11.328224 96.942841 30.887175
v -11.328224 116.322899 30.887178
v -7.011757 96.942841 30.887175
v -7.011757 116.322899 30.887178
v -7.011757 96.942848 43.968712
v -7.011757 116.322899 43.968716
v 9.813657 96.942848 43.968712
v 9.813657 116.322899 43.968716
v 9.813657 96.942841 30.887175
v 9.813657 116.322899 30.887178
v 14.130125 96.942841 30.887175
v 14.130125 116.322899 30.887178
v 14.130125 96.942841 60.926262
v 14.130125 116.322891 60.926262
v 105.938179 116.322891 58.141418
v 105.791550 116.322891 59.440536
v 105.540604 116.322891 60.661652
v 105.180016 116.322906 61.795135
v 104.704407 116.322906 62.831360
v 104.108444 116.322906 63.760674
v 103.386757 116.322906 64.573456
v 102.534012 116.322906 65.260063
v 101.544846 116.322906 65.810860
v 100.413910 116.322906 66.216209
v 99.135849 116.322906 66.466492
v 97.705307 116.322906 66.552063
v 96.383949 116.322906 66.463974
v 95.591118 116.322906 62.455818
v 97.752472 116.322906 62.408066
v 98.651474 116.322906 62.264565
v 99.402451 116.322906 62.025009
v 100.018532 116.322906 61.689117
v 100.512863 116.322906 61.256561
v 100.898613 116.322906 60.727043
v 101.188942 116.322891 60.100258
v 101.396973 116.322891 59.375900
v 101.618835 116.322891 57.633240
v 101.669411 116.322906 26.382494
v 105.985886 116.322906 26.382494
v 105.938179 96.942841 58.141426
v 105.791550 96.942841 59.440536
v 105.540604 96.942841 60.661652
v 105.180016 96.942841 61.795143
v 104.704407 96.942841 62.831360
v 104.108444 96.942841 63.760681
v 103.386757 96.942841 64.573456
v 102.534012 96.942841 65.260063
v 101.544846 96.942841 65.810860
v 100.413910 96.942841 66.216217
v 99.135849 96.942841 66.466499
v 97.705307 96.942841 66.552063
v 96.383949 96.942841 66.463974
v 95.591118 96.942841 62.455826
v 97.752472 96.942841 62.408073
v 98.651474 96.942841 62.264565
v 99.402451 96.942841 62.025017
v 100.018532 96.942841 61.689117
v 100.512863 96.942841 61.256561
v 100.898613 96.942841 60.727043
v 101.188942 96.942841 60.100258
v 101.396973 96.942841 59.375908
v 101.618835 96.942841 57.633247
v 101.669411 96.942848 26.382494
v 105.985886 96.942848 26.382494
v 105.938179 96.942841 58.141426
v 105.938179 116.322891 58.141418
v 105.791550 96.942841 59.440536
v 105.791550 116.322891 59.440536
v 105.540604 96.942841 60.661652
v 105.540604 116.322891 60.661652
v 105.180016 96.942841 61.795143
v 105.180016 116.322906 61.795135
v 104.704407 96.942841 62.831360
v 104.704407 116.322906 62.831360
v 104.108444 96.942841 63.760681
v 104.108444 116.322906 63.760674
v 103.386757 96.942841 64.573456
v 103.386757 116.322906 64.573456
v 102.534012 96.942841 65.260063
v 102.534012 116.322906 65.260063
v 101.544846 96.942841 65.810860
v 101.544846 116.322906 65.810860
v 100.413910 96.942841 66.216217
v 100.413910 116.322906 66.216209
v 99.135849 96.942841 66.466499
v 99.135849 116.322906 66.466492
v 97.705307 96.942841 66.552063
v 97.705307 116.322906 66.552063
v 96.383949 96.942841 66.463974
v 96.383949 116.322906 66.463974
v 95.591118 96.942841 62.455826
v 95.591118 116.322906 62.455818
v 97.752472 96.942841 62.408073
v 97.752472 116.322906 62.408066
v 98.651474 96.942841 62.264565
v 98.651474 116.322906 62.264565
v 99.402451 96.942841 62.025017
v 99.402451 116.322906 62.025009
v 100.018532 96.942841 61.689117
v 100.018532 116.322906 61.689117
v 100.512863 96.942841 61.256561
v 100.512863 116.322906 61.256561
v 100.898613 96.942841 60.727043
v 100.898613 116.322906 60.727043
v 101.188942 96.942841 60.100258
v 101.188942 116.322891 60.100258
v 101.396973 96.942841 59.375908
v 101.396973 116.322891 59.375900
v 101.618835 96.942841 57.633247
v 101.618835 116.322891 57.633240
v 101.669411 96.942848 26.382494
v 101.669411 116.322906 26.382494
v 105.985886 96.942848 26.382494
v 105.985886 116.322906 26.382494
v 49.651573 116.322891 60.926262
v 49.651573 116.322899 30.887178
v 53.968040 116.322899 30.887178
v 53.968040 116.322891 60.926262
v 49.651573 96.942841 60.926262
v 49.651573 96.942841 30.887175
v 53.968040 96.942841 30.887175
v 53.968040 96.942841 60.926262
v 49.651573 96.942841 60.926262
v 49.651573 116.322891 60.926262
v 49.651573 96.942841 30.887175
v 49.651573 116.322899 30.887178
v 53.968040 96.942841 30.887175
v 53.968040 116.322899 30.887178
v 53.968040 96.942841 60.926262
v 53.968040 116.322891 60.926262
v 165.281296 116.322891 60.926262
v 149.997482 116.322899 46.082901
v 149.997482 116.322891 60.926262
v 145.681015 116.322891 60.926262
v 145.681015 116.322899 30.887178
v 149.997482 116.322899 30.887178
v 149.997482 116.322899 44.629398
v 162.638550 116.322899 30.887178
v 168.012100 116.322899 30.887178
v 154.930588 116.322899 45.113895
v 171.227448 116.322891 60.926262
v 165.281296 96.942841 60.926262
v 149.997482 96.942848 46.082897
v 149.997482 96.942841 60.926262
v 145.681015 96.942841 60.926262
v 145.681015 96.942841 30.887175
v 149.997482 96.942841 30.887175
v 149.997482 96.942848 44.629395
v 162.638550 96.942841 30.887175
v 168.012100 96.942841 30.887175
v 154.930588 96.942848 45.113895
v 171.227448 96.942841 60.926262
v 165.281296 96.942841 60.926262
v 165.281296 116.322891 60.926262
v 149.997482 96.942848 46.082897
v 149.997482 116.322899 46.082901
v 149.997482 96.942841 60.926262
v 149.997482 116.322891 60.926262
v 145.681015 96.942841 60.926262
v 145.681015 116.322891 60.926262
v 145.681015 96.942841 30.887175
v 145.681015 116.322899 30.887178
v 149.997482 96.942841 30.887175
v 149.997482 116.322899 30.887178
v 149.997482 96.942848 44.629395
v 149.997482 116.322899 44.629398
v 162.638550 96.942841 30.887175
v 162.638550 116.322899 30.887178
v 168.012100 96.942841 30.887175
v 168.012100 116.322899 30.887178
v 154.930588 96.942848 45.113895
v 154.930588 116.322899 45.113895
v 171.227448 96.942841 60.926262
v 171.227448 116.322891 60.926262
v 218.534241 116.322891 57.050247
v 218.534241 116.322891 60.926262
v 200.651733 116.322891 60.926262
v 200.651733 116.322899 30.887178
v 204.968201 116.322899 30.887178
v 204.968201 116.322891 57.050247
v 218.534241 96.942841 57.050247
v 218.534241 96.942841 60.926262
v 200.651733 96.942841 60.926262
v 200.651733 96.942841 30.887175
v 204.968201 96.942841 30.887175
v 204.968201 96.942841 57.050247
v 218.534241 96.942841 57.050247
v 218.534241 116.322891 57.050247
v 218.534241 96.942841 60.926262
v 218.534241 116.322891 60.926262
v 200.651733 96.942841 60.926262
v 200.651733 116.322891 60.926262
v 200.651733 96.942841 30.887175
v 200.651733 116.322899 30.887178
v 204.968201 96.942841 30.887175
v 204.968201 116.322899 30.887178
v 204.968201 96.942841 57.050247
v 204.968201 116.322891 57.050247
v 272.578796 116.322891 60.926262
v 272.578796 116.322899 37.538055
v 272.490723 116.322899 37.538055
v 263.241150 116.322899 49.166092
v 262.536407 116.322899 49.166092
v 253.286819 116.322899 37.538055
v 253.198730 116.322899 37.538055
v 253.198730 116.322891 60.926262
v 248.882263 116.322891 60.926262
v 248.882263 116.322899 30.887178
v 252.934464 116.322899 30.887178
v 262.888763 116.322899 43.219936
v 272.887146 116.322899 30.887178
v 276.895294 116.322899 30.887178
v 276.895294 116.322891 60.926262
v 272.578796 96.942841 60.926262
v 272.578796 96.942841 37.538059
v 272.490723 96.942841 37.538059
v 263.241150 96.942848 49.166088
v 262.536407 96.942848 49.166088
v 253.286819 96.942841 37.538059
v 253.198730 96.942841 37.538059
v 253.198730 96.942841 60.926262
v 248.882263 96.942841 60.926262
v 248.882263 96.942841 30.887175
v 252.934464 96.942841 30.887175
v 262.888763 96.942848 43.219940
v 272.887146 96.942841 30.887175
v 276.895294 96.942841 30.887175
v 276.895294 96.942841 60.926262
v 272.578796 96.942841 60.926262
v 272.578796 116.322891 60.926262
v 272.578796 96.942841 37.538059
v 272.578796 116.322899 37.538055
v 272.490723 96.942841 37.538059
v 272.490723 116.322899 37.538055
v 263.241150 96.942848 49.166088
v 263.241150 116.322899 49.166092
v 262.536407 96.942848 49.166088
v 262.536407 116.322899 49.166092
v 253.286819 96.942841 37.538059
v 253.286819 116.322899 37.538055
v 253.198730 96.942841 37.538059
v 253.198730 116.322899 37.538055
v 253.198730 96.942841 60.926262
v 253.198730 116.322891 60.926262
v 248.882263 96.942841 60.926262
v 248.882263 116.322891 60.926262
v 248.882263 96.942841 30.887175
v 248.882263 116.322899 30.887178
v 252.934464 96.942841 30.887175
v 252.934464 116.322899 30.887178
v 262.888763 96.942848 43.219940
v 262.888763 116.322899 43.219936
v 272.887146 96.942841 30.887175
v 272.887146 116.322899 30.887178
v 276.895294 96.942841 30.887175
v 276.895294 116.322899 30.887178
v 276.895294 96.942841 60.926262
v 276.895294 116.322891 60.926262
v 330.718994 116.322891 60.926262
v 310.634186 116.322899 37.802334
v 310.634186 116.322891 60.926262
v 306.582001 116.322891 60.926262
v 306.582001 116.322899 30.887178
v 310.017548 116.322899 30.887178
v 330.366638 116.322891 54.143238
v 330.366638 116.322899 30.887178
v 334.418823 116.322899 30.887178
v 334.418823 116.322891 60.926262
v 330.718994 96.942841 60.926262
v 310.634186 96.942841 37.802326
v 310.634186 96.942841 60.926262
v 306.582001 96.942841 60.926262
v 306.582001 96.942841 30.887175
v 310.017548 96.942841 30.887175
v 330.366638 96.942841 54.143238
v 330.366638 96.942841 30.887175
v 334.418823 96.942841 30.887175
v 334.418823 96.942841 60.926262
v 330.718994 96.942841 60.926262
v 330.718994 116.322891 60.926262
v 310.634186 96.942841 37.802326
v 310.634186 116.322899 37.802334
v 310.634186 96.942841 60.926262
v 310.634186 116.322891 60.926262
v 306.582001 96.942841 60.926262
v 306.582001 116.322891 60.926262
v 306.582001 96.942841 30.887175
v 306.582001 116.322899 30.887178
v 310.017548 96.942841 30.887175
v 310.017548 116.322899 30.887178
v 330.366638 96.942841 54.143238
v 330.366638 116.322891 54.143238
v 330.366638 96.942841 30.887175
v 330.366638 116.322899 30.887178
v 334.418823 96.942841 30.887175
v 334.418823 116.322899 30.887178
v 334.418823 96.942841 60.926262
v 334.418823 116.322891 60.926262
v 3.775597 116.322899 83.488983
v 6.014147 116.322899 83.906242
v 8.082330 116.322899 84.577362
v 9.971113 116.322899 85.482498
v 11.671481 116.322899 86.601738
v 13.174409 116.322899 87.915199
v 14.470876 116.322899 89.403000
v 15.551855 116.322899 91.045296
v 16.408319 116.322899 92.822151
v 17.031256 116.322899 94.713722
v 17.411633 116.322899 96.700104
v 17.540430 116.322891 98.761421
v 17.414944 116.322891 100.767250
v 17.043083 116.322891 102.717392
v 16.431719 116.322891 104.589218
v 15.587740 116.322891 106.360115
v 14.518030 116.322891 108.007439
v 13.229467 116.322906 109.508560
v 11.728935 116.322906 110.840843
v 10.023315 116.322906 111.981636
v 8.119491 116.322906 112.908318
v 6.024341 116.322906 113.598267
v 3.744755 116.322906 114.028831
v 1.287608 116.322906 114.177383
v -1.091186 116.322906 114.029655
v -3.310467 116.322906 113.601311
v -5.361212 116.322906 112.914490
v -7.234398 116.322906 111.991402
v -8.921001 116.322906 110.854195
v -10.412000 116.322906 109.525055
v -11.698370 116.322891 108.026161
v -12.771091 116.322891 106.379669
v -13.621134 116.322891 104.607780
v -14.239479 116.322891 102.732666
v -14.617105 116.322891 100.776474
v -14.744984 116.322891 98.761421
v -14.613687 116.322899 96.709343
v -14.226835 116.322899 94.729004
v -13.594981 116.322899 92.840729
v -12.728675 116.322899 91.064865
v -11.638471 116.322899 89.421738
v -10.334921 116.322899 87.931709
v -8.828577 116.322899 86.615112
v -7.129992 116.322899 85.492279
v -5.249722 116.322899 84.583557
v -3.198313 116.322899 83.909286
v -0.986323 116.322899 83.489807
v 1.375699 116.322899 83.345459
v 3.021880 116.322906 110.113266
v 4.583485 116.322906 109.820724
v 6.049350 116.322906 109.346802
v 7.408314 116.322906 108.702660
v 8.649212 116.322891 107.899475
v 9.760878 116.322891 106.948387
v 10.732150 116.322891 105.860580
v 11.551863 116.322891 104.647209
v 12.208849 116.322891 103.319450
v 12.691948 116.322891 101.888451
v 12.989995 116.322891 100.365387
v 13.091825 116.322891 98.761421
v 12.989993 116.322899 97.148209
v 12.691945 116.322899 95.619095
v 12.208846 116.322899 94.184799
v 11.551861 116.322899 92.856041
v 10.732147 116.322899 91.643517
v 9.760876 116.322899 90.557922
v 8.649210 116.322899 89.609978
v 7.408311 116.322899 88.810371
v 6.049347 116.322899 88.169830
v 4.583482 116.322899 87.699043
v 3.021878 116.322899 87.408707
v 1.375699 116.322899 87.309563
v -0.260360 116.322899 87.408707
v -1.813529 116.322899 87.699043
v -3.272486 116.322899 88.169830
v -4.625919 116.322899 88.810371
v -5.862509 116.322899 89.609978
v -6.970938 116.322899 90.557922
v -7.939890 116.322899 91.643517
v -8.758046 116.322899 92.856041
v -9.414091 116.322899 94.184799
v -9.896708 116.322899 95.619095
v -10.194575 116.322899 97.148209
v -10.296380 116.322891 98.761421
v -10.194571 116.322891 100.365402
v -9.896705 116.322891 101.888466
v -9.414089 116.322891 103.319458
v -8.758045 116.322891 104.647217
v -7.939889 116.322891 105.860596
v -6.970938 116.322891 106.948395
v -5.862509 116.322891 107.899483
v -4.625919 116.322906 108.702667
v -3.272486 116.322906 109.346809
v -1.813527 116.322906 109.820732
v -0.260359 116.322906 110.113274
v 1.375699 116.322906 110.213272
v 3.775597 96.942841 83.488976
v 6.014147 96.942841 83.906242
v 8.082330 96.942841 84.577377
v 9.971113 96.942841 85.482506
v 11.671481 96.942841 86.601738
v 13.174409 96.942841 87.915199
v 14.470876 96.942841 89.403015
v 15.551855 96.942841 91.045296
v 16.408319 96.942841 92.822144
v 17.031256 96.942841 94.713715
v 17.411633 96.942841 96.700096
v 17.540430 96.942833 98.761414
v 17.414944 96.942833 100.767242
v 17.043083 96.942833 102.717384
v 16.431719 96.942841 104.589211
v 15.587740 96.942841 106.360107
v 14.518030 96.942841 108.007431
v 13.229467 96.942841 109.508553
v 11.728935 96.942841 110.840836
v 10.023315 96.942841 111.981628
v 8.119491 96.942841 112.908310
v 6.024341 96.942841 113.598259
v 3.744755 96.942841 114.028824
v 1.287608 96.942841 114.177376
v -1.091186 96.942841 114.029648
v -3.310467 96.942841 113.601303
v -5.361212 96.942841 112.914482
v -7.234398 96.942841 111.991394
v -8.921001 96.942841 110.854187
v -10.412000 96.942841 109.525047
v -11.698370 96.942841 108.026154
v -12.771091 96.942841 106.379662
v -13.621134 96.942841 104.607773
v -14.239479 96.942833 102.732658
v -14.617105 96.942833 100.776466
v -14.744984 96.942833 98.761414
v -14.613687 96.942841 96.709335
v -14.226835 96.942841 94.728996
v -13.594981 96.942841 92.840729
v -12.728675 96.942841 91.064857
v -11.638471 96.942841 89.421745
v -10.334921 96.942841 87.931709
v -8.828577 96.942841 86.615112
v -7.129992 96.942841 85.492287
v -5.249722 96.942841 84.583572
v -3.198313 96.942841 83.909294
v -0.986323 96.942841 83.489815
v 1.375699 96.942841 83.345474
v 3.021880 96.942841 110.113258
v 4.583485 96.942841 109.820717
v 6.049350 96.942841 109.346794
v 7.408314 96.942841 108.702652
v 8.649212 96.942841 107.899467
v 9.760878 96.942841 106.948380
v 10.732150 96.942841 105.860573
v 11.551863 96.942841 104.647202
v 12.208849 96.942841 103.319443
v 12.691948 96.942833 101.888443
v 12.989995 96.942833 100.365379
v 13.091825 96.942833 98.761414
v 12.989993 96.942841 97.148201
v 12.691945 96.942841 95.619087
v 12.208846 96.942841 94.184807
v 11.551861 96.942841 92.856049
v 10.732147 96.942841 91.643524
v 9.760876 96.942841 90.557930
v 8.649210 96.942841 89.609978
v 7.408311 96.942841 88.810379
v 6.049347 96.942841 88.169830
v 4.583482 96.942841 87.699043
v 3.021878 96.942841 87.408722
v 1.375699 96.942841 87.309563
v -0.260360 96.942841 87.408722
v -1.813529 96.942841 87.699043
v -3.272486 96.942841 88.169830
v -4.625919 96.942841 88.810379
v -5.862509 96.942841 89.609978
v -6.970938 96.942841 90.557930
v -7.939890 96.942841 91.643524
v -8.758046 96.942841 92.856049
v -9.414091 96.942841 94.184807
v -9.896708 96.942841 95.619087
v -10.194575 96.942841 97.148201
v -10.296380 96.942833 98.761414
v -10.194571 96.942833 100.365395
v -9.896705 96.942833 101.888458
v -9.414089 96.942841 103.319450
v -8.758045 96.942841 104.647209
v -7.939889 96.942841 105.860588
v -6.970938 96.942841 106.948387
v -5.862509 96.942841 107.899475
v -4.625919 96.942841 108.702660
v -3.272486 96.942841 109.346802
v -1.813527 96.942841 109.820724
v -0.260359 96.942841 110.113266
v 1.375699 96.942841 110.213264
v 3.775597 96.942841 83.488976
v 3.775597 116.322899 83.488983
v 6.014147 96.942841 83.906242
v 6.014147 116.322899 83.906242
v 8.082330 96.942841 84.577377
v 8.082330 116.322899 84.577362
v 9.971113 96.942841 85.482506
v 9.971113 116.322899 85.482498
v 11.671481 96.942841 86.601738
v 11.671481 116.322899 86.601738
v 13.174409 96.942841 87.915199
v 13.174409 116.322899 87.915199
v 14.470876 96.942841 89.403015
v 14.470876 116.322899 89.403000
v 15.551855 96.942841 91.045296
v 15.551855 116.322899 91.045296
v 16.408319 96.942841 92.822144
v 16.408319 116.322899 92.822151
v 17.031256 96.942841 94.713715
v 17.031256 116.322899 94.713722
v 17.411633 96.942841 96.700096
v 17.411633 116.322899 96.700104
v 17.540430 96.942833 98.761414
v 17.540430 116.322891 98.761421
v 17.414944 96.942833 100.767242
v 17.414944 116.322891 100.767250
v 17.043083 96.942833 102.717384
v 17.043083 116.322891 102.717392
v 16.431719 96.942841 104.589211
v 16.431719 116.322891 104.589218
v 15.587740 96.942841 106.360107
v 15.587740 116.322891 106.360115
v 14.518030 96.942841 108.007431
v 14.518030 116.322891 108.007439
v 13.229467 96.942841 109.508553
v 13.229467 116.322906 109.508560
v 11.728935 96.942841 110.840836
v 11.728935 116.322906 110.840843
v 10.023315 96.942841 111.981628
v 10.023315 116.322906 111.981636
v 8.119491 96.942841 112.908310
v 8.119491 116.322906 112.908318
v 6.024341 96.942841 113.598259
v 6.024341 116.322906 113.598267
v 3.744755 96.942841 114.028824
v 3.744755 116.322906 114.028831
v 1.287608 96.942841 114.177376
v 1.287608 116.322906 114.177383
v -1.091186 96.942841 114.029648
v -1.091186 116.322906 114.029655
v -3.310467 96.942841 113.601303
v -3.310467 116.322906 113.601311
v -5.361212 96.942841 112.914482
v -5.361212 116.322906 112.914490
v -7.234398 96.942841 111.991394
v -7.234398 116.322906 111.991402
v -8.921001 96.942841 110.854187
v -8.921001 116.322906 110.854195
v -10.412000 96.942841 109.525047
v -10.412000 116.322906 109.525055
v -11.698370 96.942841 108.026154
v -11.698370 116.322891 108.026161
v -12.771091 96.942841 106.379662
v -12.771091 116.322891 106.379669
v -13.621134 96.942841 104.607773
v -13.621134 116.322891 104.607780
v -14.239479 96.942833 102.732658
v -14.239479 116.322891 102.732666
v -14.617105 96.942833 100.776466
v -14.617105 116.322891 100.776474
v -14.744984 96.942833 98.761414
v -14.744984 116.322891 98.761421
v -14.613687 96.942841 96.709335
v -14.613687 116.322899 96.709343
v -14.226835 96.942841 94.728996
v -14.226835 116.322899 94.729004
v -13.594981 96.942841 92.840729
v -13.594981 116.322899 92.840729
v -12.728675 96.942841 91.064857
v -12.728675 116.322899 91.064865
v -11.638471 96.942841 89.421745
v -11.638471 116.322899 89.421738
v -10.334921 96.942841 87.931709
v -10.334921 116.322899 87.931709
v -8.828577 96.942841 86.615112
v -8.828577 116.322899 86.615112
v -7.129992 96.942841 85.492287
v -7.129992 116.322899 85.492279
v -5.249722 96.942841 84.583572
v -5.249722 116.322899 84.583557
v -3.198313 96.942841 83.909294
v -3.198313 116.322899 83.909286
v -0.986323 96.942841 83.489815
v -0.986323 116.322899 83.489807
v 1.375699 96.942841 83.345474
v 1.375699 116.322899 83.345459
v 3.021880 96.942841 110.113258
v 3.021880 116.322906 110.113266
v 4.583485 96.942841 109.820717
v 4.583485 116.322906 109.820724
v 6.049350 96.942841 109.346794
v 6.049350 116.322906 109.346802
v 7.408314 96.942841 108.702652
v 7.408314 116.322906 108.702660
v 8.649212 96.942841 107.899467
v 8.649212 116.322891 107.899475
v 9.760878 96.942841 106.948380
v 9.760878 116.322891 106.948387
v 10.732150 96.942841 105.860573
v 10.732150 116.322891 105.860580
v 11.551863 96.942841 104.647202
v 11.551863 116.322891 104.647209
v 12.208849 96.942841 103.319443
v 12.208849 116.322891 103.319450
v 12.691948 96.942833 101.888443
v 12.691948 116.322891 101.888451
v 12.989995 96.942833 100.365379
v 12.989995 116.322891 100.365387
v 13.091825 96.942833 98.761414
v 13.091825 116.322891 98.761421
v 12.989993 96.942841 97.148201
v 12.989993 116.322899 97.148209
v 12.691945 96.942841 95.619087
v 12.691945 116.322899 95.619095
v 12.208846 96.942841 94.184807
v 12.208846 116.322899 94.184799
v 11.551861 96.942841 92.856049
v 11.551861 116.322899 92.856041
v 10.732147 96.942841 91.643524
v 10.732147 116.322899 91.643517
v 9.760876 96.942841 90.557930
v 9.760876 116.322899 90.557922
v 8.649210 96.942841 89.609978
v 8.649210 116.322899 89.609978
v 7.408311 96.942841 88.810379
v 7.408311 116.322899 88.810371
v 6.049347 96.942841 88.169830
v 6.049347 116.322899 88.169830
v 4.583482 96.942841 87.699043
v 4.583482 116.322899 87.699043
v 3.021878 96.942841 87.408722
v 3.021878 116.322899 87.408707
v 1.375699 96.942841 87.309563
v 1.375699 116.322899 87.309563
v -0.260360 96.942841 87.408722
v -0.260360 116.322899 87.408707
v -1.813529 96.942841 87.699043
v -1.813529 116.322899 87.699043
v -3.272486 96.942841 88.169830
v -3.272486 116.322899 88.169830
v -4.625919 96.942841 88.810379
v -4.625919 116.322899 88.810371
v -5.862509 96.942841 89.609978
v -5.862509 116.322899 89.609978
v -6.970938 96.942841 90.557930
v -6.970938 116.322899 90.557922
v -7.939890 96.942841 91.643524
v -7.939890 116.322899 91.643517
v -8.758046 96.942841 92.856049
v -8.758046 116.322899 92.856041
v -9.414091 96.942841 94.184807
v -9.414091 116.322899 94.184799
v -9.896708 96.942841 95.619087
v -9.896708 116.322899 95.619095
v -10.194575 96.942841 97.148201
v -10.194575 116.322899 97.148209
v -10.296380 96.942833 98.761414
v -10.296380 116.322891 98.761421
v -10.194571 96.942833 100.365395
v -10.194571 116.322891 100.365402
v -9.896705 96.942833 101.888458
v -9.896705 116.322891 101.888466
v -9.414089 96.942841 103.319450
v -9.414089 116.322891 103.319458
v -8.758045 96.942841 104.647209
v -8.758045 116.322891 104.647217
v -7.939889 96.942841 105.860588
v -7.939889 116.322891 105.860596
v -6.970938 96.942841 106.948387
v -6.970938 116.322891 106.948395
v -5.862509 96.942841 107.899475
v -5.862509 116.322891 107.899483
v -4.625919 96.942841 108.702660
v -4.625919 116.322906 108.702667
v -3.272486 96.942841 109.346802
v -3.272486 116.322906 109.346809
v -1.813527 96.942841 109.820724
v -1.813527 116.322906 109.820732
v -0.260359 96.942841 110.113266
v -0.260359 116.322906 110.113274
v 1.375699 96.942841 110.213264
v 1.375699 116.322906 110.213272
v 54.340496 116.322899 83.820877
v 55.760532 116.322899 84.051003
v 57.035892 116.322899 84.421829
v 58.168556 116.322899 84.922943
v 59.160526 116.322899 85.543968
v 60.013783 116.322899 86.274498
v 60.730309 116.322899 87.104118
v 61.312103 116.322899 88.022453
v 61.761150 116.322899 89.019089
v 62.079430 116.322899 90.083618
v 62.268944 116.322899 91.205666
v 62.331673 116.322899 92.374802
v 62.265251 116.322899 93.530357
v 62.064545 116.322899 94.634392
v 61.727425 116.322899 95.677536
v 61.251743 116.322899 96.650490
v 60.635357 116.322899 97.543922
v 59.876133 116.322891 98.348488
v 58.971924 116.322891 99.054878
v 57.920586 116.322891 99.653748
v 56.719986 116.322891 100.135780
v 55.367981 116.322891 100.491631
v 53.862427 116.322891 100.711998
v 47.708538 116.322891 100.787514
v 47.708538 116.322906 113.780968
v 43.392075 116.322906 113.780968
v 43.392075 116.322899 83.741875
v 53.377041 116.322899 96.875977
v 54.105556 116.322899 96.770401
v 54.779922 116.322899 96.596306
v 55.396946 116.322899 96.355225
v 55.953403 116.322899 96.048691
v 56.446087 116.322899 95.678230
v 56.871780 116.322899 95.245377
v 57.227283 116.322899 94.751640
v 57.509373 116.322899 94.198578
v 57.714844 116.322899 93.587700
v 57.840477 116.322899 92.920540
v 57.883072 116.322899 92.198624
v 57.857395 116.322899 91.645859
v 57.776825 116.322899 91.094627
v 57.635998 116.322899 90.553795
v 57.429558 116.322899 90.032234
v 57.152157 116.322899 89.538811
v 56.798439 116.322899 89.082397
v 56.363056 116.322899 88.671867
v 55.840656 116.322899 88.316086
v 55.225880 116.322899 88.023933
v 54.513374 116.322899 87.804268
v 53.697796 116.322899 87.665962
v 47.708538 116.322899 87.617882
v 47.708538 116.322899 96.911507
v 54.340496 96.942841 83.820892
v 55.760532 96.942841 84.051010
v 57.035892 96.942841 84.421822
v 58.168556 96.942841 84.922951
v 59.160526 96.942841 85.543961
v 60.013783 96.942841 86.274490
v 60.730309 96.942841 87.104118
v 61.312103 96.942841 88.022446
v 61.761150 96.942841 89.019089
v 62.079430 96.942841 90.083626
v 62.268944 96.942841 91.205658
v 62.331673 96.942841 92.374809
v 62.265251 96.942841 93.530365
v 62.064545 96.942841 94.634384
v 61.727425 96.942841 95.677528
v 61.251743 96.942841 96.650482
v 60.635357 96.942841 97.543915
v 59.876133 96.942833 98.348480
v 58.971924 96.942833 99.054871
v 57.920586 96.942833 99.653740
v 56.719986 96.942833 100.135773
v 55.367981 96.942833 100.491623
v 53.862427 96.942833 100.711990
v 47.708538 96.942833 100.787506
v 47.708538 96.942841 113.780960
v 43.392075 96.942841 113.780960
v 43.392075 96.942841 83.741875
v 53.377041 96.942841 96.875969
v 54.105556 96.942841 96.770393
v 54.779922 96.942841 96.596298
v 55.396946 96.942841 96.355217
v 55.953403 96.942841 96.048683
v 56.446087 96.942841 95.678223
v 56.871780 96.942841 95.245369
v 57.227283 96.942841 94.751633
v 57.509373 96.942841 94.198570
v 57.714844 96.942841 93.587692
v 57.840477 96.942841 92.920540
v 57.883072 96.942841 92.198631
v 57.857395 96.942841 91.645874
v 57.776825 96.942841 91.094635
v 57.635998 96.942841 90.553802
v 57.429558 96.942841 90.032242
v 57.152157 96.942841 89.538811
v 56.798439 96.942841 89.082413
v 56.363056 96.942841 88.671875
v 55.840656 96.942841 88.316093
v 55.225880 96.942841 88.023933
v 54.513374 96.942841 87.804260
v 53.697796 96.942841 87.665955
v 47.708538 96.942841 87.617882
v 47.708538 96.942841 96.911499
v 54.340496 96.942841 83.820892
v 54.340496 116.322899 83.820877
v 55.760532 96.942841 84.051010
v 55.760532 116.322899 84.051003
v 57.035892 96.942841 84.421822
v 57.035892 116.322899 84.421829
v 58.168556 96.942841 84.922951
v 58.168556 116.322899 84.922943
v 59.160526 96.942841 85.543961
v 59.160526 116.322899 85.543968
v 60.013783 96.942841 86.274490
v 60.013783 116.322899 86.274498
v 60.730309 96.942841 87.104118
v 60.730309 116.322899 87.104118
v 61.312103 96.942841 88.022446
v 61.312103 116.322899 88.022453
v 61.761150 96.942841 89.019089
v 61.761150 116.322899 89.019089
v 62.079430 96.942841 90.083626
v 62.079430 116.322899 90.083618
v 62.268944 96.942841 91.205658
v 62.268944 116.322899 91.205666
v 62.331673 96.942841 92.374809
v 62.331673 116.322899 92.374802
v 62.265251 96.942841 93.530365
v 62.265251 116.322899 93.530357
v 62.064545 96.942841 94.634384
v 62.064545 116.322899 94.634392
v 61.727425 96.942841 95.677528
v 61.727425 116.322899 95.677536
v 61.251743 96.942841 96.650482
v 61.251743 116.322899 96.650490
v 60.635357 96.942841 97.543915
v 60.635357 116.322899 97.543922
v 59.876133 96.942833 98.348480
v 59.876133 116.322891 98.348488
v 58.971924 96.942833 99.054871
v 58.971924 116.322891 99.054878
v 57.920586 96.942833 99.653740
v 57.920586 116.322891 99.653748
v 56.719986 96.942833 100.135773
v 56.719986 116.322891 100.135780
v 55.367981 96.942833 100.491623
v 55.367981 116.322891 100.491631
v 53.862427 96.942833 100.711990
v 53.862427 116.322891 100.711998
v 47.708538 96.942833 100.787506
v 47.708538 116.322891 100.787514
v 47.708538 96.942841 113.780960
v 47.708538 116.322906 113.780968
v 43.392075 96.942841 113.780960
v 43.392075 116.322906 113.780968
v 43.392075 96.942841 83.741875
v 43.392075 116.322899 83.741875
v 53.377041 96.942841 96.875969
v 53.377041 116.322899 96.875977
v 54.105556 96.942841 96.770393
v 54.105556 116.322899 96.770401
v 54.779922 96.942841 96.596298
v 54.779922 116.322899 96.596306
v 55.396946 96.942841 96.355217
v 55.396946 116.322899 96.355225
v 55.953403 96.942841 96.048683
v 55.953403 116.322899 96.048691
v 56.446087 96.942841 95.678223
v 56.446087 116.322899 95.678230
v 56.871780 96.942841 95.245369
v 56.871780 116.322899 95.245377
v 57.227283 96.942841 94.751633
v 57.227283 116.322899 94.751640
v 57.509373 96.942841 94.198570
v 57.509373 116.322899 94.198578
v 57.714844 96.942841 93.587692
v 57.714844 116.322899 93.587700
v 57.840477 96.942841 92.920540
v 57.840477 116.322899 92.920540
v 57.883072 96.942841 92.198631
v 57.883072 116.322899 92.198624
v 57.857395 96.942841 91.645874
v 57.857395 116.322899 91.645859
v 57.776825 96.942841 91.094635
v 57.776825 116.322899 91.094627
v 57.635998 96.942841 90.553802
v 57.635998 116.322899 90.553795
v 57.429558 96.942841 90.032242
v 57.429558 116.322899 90.032234
v 57.152157 96.942841 89.538811
v 57.152157 116.322899 89.538811
v 56.798439 96.942841 89.082413
v 56.798439 116.322899 89.082397
v 56.363056 96.942841 88.671875
v 56.363056 116.322899 88.671867
v 55.840656 96.942841 88.316093
v 55.840656 116.322899 88.316086
v 55.225880 96.942841 88.023933
v 55.225880 116.322899 88.023933
v 54.513374 96.942841 87.804260
v 54.513374 116.322899 87.804268
v 53.697796 96.942841 87.665955
v 53.697796 116.322899 87.665962
v 47.708538 96.942841 87.617882
v 47.708538 116.322899 87.617882
v 47.708538 96.942841 96.911499
v 47.708538 116.322899 96.911507
v 106.590591 116.322906 112.738342
v 111.195793 116.322906 114.470810
v 113.081795 116.322906 114.951645
v 114.773270 116.322906 115.175545
v 116.332626 116.322906 115.142502
v 117.082230 116.322906 115.029640
v 117.822220 116.322906 114.852531
v 117.954338 116.322906 114.984673
v 114.078346 116.322906 118.816635
v 112.646576 116.322906 118.662529
v 109.908455 116.322906 118.107788
v 106.089569 116.322906 116.746490
v 103.716209 116.322906 115.554001
v 102.576256 116.322906 114.889694
v 101.465195 116.322906 114.187775
v 100.381355 116.322906 113.454041
v 99.323067 116.322906 112.694305
v 97.511528 116.322906 112.245712
v 95.805336 116.322906 111.612343
v 94.214470 116.322906 110.805855
v 92.748856 116.322906 109.837860
v 91.418434 116.322906 108.720001
v 90.233154 116.322906 107.463890
v 89.202950 116.322891 106.081146
v 88.337769 116.322891 104.583389
v 87.647537 116.322891 102.982254
v 87.142212 116.322891 101.289352
v 86.831726 116.322891 99.516312
v 86.726028 116.322899 97.674751
v 86.865982 116.322899 95.465385
v 87.276810 116.322899 93.382347
v 87.944855 116.322899 91.438179
v 88.856529 116.322899 89.645409
v 89.998222 116.322899 88.016594
v 91.356316 116.322899 86.564247
v 92.917206 116.322899 85.300957
v 94.667282 116.322899 84.239220
v 96.592918 116.322899 83.391602
v 98.680534 116.322899 82.770622
v 100.916481 116.322899 82.388840
v 103.287170 116.322899 82.258789
v 105.485825 116.322899 82.395622
v 107.578339 116.322899 82.795502
v 109.548515 116.322899 83.442513
v 111.380135 116.322899 84.320770
v 113.056984 116.322899 85.414375
v 114.562843 116.322899 86.707397
v 115.881508 116.322899 88.183937
v 116.996765 116.322899 89.828102
v 117.892410 116.322899 91.623985
v 118.552223 116.322899 93.555672
v 118.959999 116.322899 95.607262
v 119.099533 116.322899 97.762848
v 118.992203 116.322891 99.556412
v 118.677643 116.322891 101.294449
v 118.167015 116.322891 102.963676
v 117.471481 116.322891 104.550766
v 116.602219 116.322891 106.042435
v 115.570381 116.322906 107.425354
v 114.387146 116.322906 108.686234
v 113.063660 116.322906 109.811760
v 111.611099 116.322906 110.788643
v 110.040619 116.322906 111.603561
v 108.363396 116.322906 112.243210
v 106.590591 116.322906 112.694305
v 106.590591 116.322906 112.650253
v 91.258118 116.322891 99.220116
v 91.508636 116.322891 100.674324
v 91.926147 116.322891 102.065544
v 92.510674 116.322891 103.377831
v 93.262199 116.322891 104.595306
v 94.180740 116.322891 105.702065
v 95.266273 116.322891 106.682175
v 96.518822 116.322906 107.519768
v 97.938377 116.322906 108.198898
v 99.524940 116.322906 108.703682
v 101.278503 116.322906 109.018219
v 103.199074 116.322906 109.126602
v 104.830795 116.322906 109.020828
v 106.371986 116.322906 108.713310
v 107.812851 116.322906 108.218880
v 109.143593 116.322906 107.552414
v 110.354439 116.322891 106.728722
v 111.435593 116.322891 105.762642
v 112.377281 116.322891 104.669022
v 113.169693 116.322891 103.462685
v 113.803055 116.322891 102.158470
v 114.267578 116.322891 100.771202
v 114.553467 116.322891 99.315735
v 114.650932 116.322899 97.806885
v 114.550888 116.322899 96.200333
v 114.257980 116.322899 94.670074
v 113.783104 116.322899 93.228210
v 113.137070 116.322899 91.886833
v 112.330757 116.322899 90.658020
v 111.375038 116.322899 89.553833
v 110.280754 116.322899 88.586395
v 109.058762 116.322899 87.767754
v 107.719940 116.322899 87.110001
v 106.275131 116.322899 86.625214
v 104.735184 116.322899 86.325485
v 103.110985 116.322899 86.222893
v 100.988594 116.322899 86.362465
v 99.106918 116.322899 86.759407
v 97.455261 116.322899 87.381157
v 96.022911 116.322899 88.195168
v 94.799171 116.322899 89.168846
v 93.773315 116.322899 90.269592
v 92.934669 116.322899 91.464859
v 92.272507 116.322899 92.722076
v 91.776123 116.322899 94.008659
v 91.434822 116.322899 95.292023
v 91.237885 116.322899 96.539589
v 91.174629 116.322899 97.718803
v 106.590591 96.942841 112.738335
v 111.195793 96.942841 114.470802
v 113.081795 96.942841 114.951637
v 114.773270 96.942841 115.175537
v 116.332626 96.942841 115.142494
v 117.822220 96.942841 114.852524
v 117.954338 96.942841 114.984665
v 114.078346 96.942841 118.816628
v 111.257187 96.942841 118.424309
v 108.598740 96.942841 117.718750
v 106.089569 96.942841 116.746483
v 103.716209 96.942841 115.553993
v 99.323067 96.942841 112.694298
v 97.511528 96.942841 112.245705
v 95.805336 96.942841 111.612335
v 94.214470 96.942841 110.805847
v 92.748856 96.942841 109.837852
v 91.418434 96.942841 108.719994
v 90.233154 96.942841 107.463882
v 89.202950 96.942841 106.081139
v 88.337769 96.942841 104.583382
v 87.647537 96.942841 102.982246
v 87.142212 96.942833 101.289345
v 86.831726 96.942833 99.516304
v 86.726028 96.942841 97.674744
v 86.865982 96.942841 95.465378
v 87.276810 96.942841 93.382347
v 87.944855 96.942841 91.438179
v 88.856529 96.942841 89.645409
v 89.998222 96.942841 88.016586
v 91.356316 96.942841 86.564262
v 92.917206 96.942841 85.300949
v 94.667282 96.942841 84.239220
v 96.592918 96.942841 83.391594
v 98.680534 96.942841 82.770630
v 100.916481 96.942841 82.388855
v 103.287170 96.942841 82.258804
v 105.485825 96.942841 82.395622
v 107.578339 96.942841 82.795494
v 109.548515 96.942841 83.442528
v 111.380135 96.942841 84.320786
v 113.056984 96.942841 85.414368
v 114.562843 96.942841 86.707397
v 115.881508 96.942841 88.183945
v 116.996765 96.942841 89.828102
v 117.892410 96.942841 91.623978
v 118.552223 96.942841 93.555664
v 118.959999 96.942841 95.607254
v 119.099533 96.942841 97.762840
v 118.992203 96.942833 99.556404
v 118.677643 96.942833 101.294441
v 118.167015 96.942841 102.963669
v 117.471481 96.942841 104.550758
v 116.602219 96.942841 106.042427
v 115.570381 96.942841 107.425346
v 114.387146 96.942841 108.686226
v 113.063660 96.942841 109.811752
v 111.611099 96.942841 110.788635
v 110.040619 96.942841 111.603554
v 108.363396 96.942841 112.243202
v 106.590591 96.942841 112.694298
v 106.590591 96.942841 112.650246
v 91.258118 96.942833 99.220108
v 91.508636 96.942833 100.674316
v 91.926147 96.942833 102.065536
v 92.510674 96.942841 103.377823
v 93.262199 96.942841 104.595299
v 94.180740 96.942841 105.702057
v 95.266273 96.942841 106.682167
v 96.518822 96.942841 107.519760
v 97.938377 96.942841 108.198891
v 99.524940 96.942841 108.703674
v 101.278503 96.942841 109.018211
v 103.199074 96.942841 109.126595
v 104.830795 96.942841 109.020821
v 106.371986 96.942841 108.713303
v 107.812851 96.942841 108.218872
v 109.143593 96.942841 107.552406
v 110.354439 96.942841 106.728714
v 111.435593 96.942841 105.762634
v 112.377281 96.942841 104.669014
v 113.169693 96.942841 103.462677
v 113.803055 96.942833 102.158463
v 114.267578 96.942833 100.771194
v 114.553467 96.942833 99.315727
v 114.650932 96.942841 97.806877
v 114.550888 96.942841 96.200325
v 114.257980 96.942841 94.670067
v 113.783104 96.942841 93.228203
v 113.137070 96.942841 91.886833
v 112.330757 96.942841 90.658012
v 111.375038 96.942841 89.553848
v 110.280754 96.942841 88.586395
v 109.058762 96.942841 87.767754
v 107.719940 96.942841 87.110001
v 106.275131 96.942841 86.625221
v 104.735184 96.942841 86.325493
v 103.110985 96.942841 86.222900
v 100.988594 96.942841 86.362457
v 99.106918 96.942841 86.759415
v 97.455261 96.942841 87.381172
v 96.022911 96.942841 88.195175
v 94.799171 96.942841 89.168839
v 93.773315 96.942841 90.269600
v 92.934669 96.942841 91.464874
v 92.272507 96.942841 92.722076
v 91.776123 96.942841 94.008652
v 91.434822 96.942841 95.292015
v 91.237885 96.942841 96.539581
v 91.174629 96.942841 97.718796
v 106.590591 96.942841 112.738335
v 106.590591 116.322906 112.738342
v 109.052841 96.942841 113.733032
v 109.052841 116.322906 113.733040
v 110.160332 96.942841 114.134041
v 110.160332 116.322906 114.134048
v 111.195793 96.942841 114.470802
v 111.195793 116.322906 114.470810
v 113.081795 96.942841 114.951637
v 113.081795 116.322906 114.951645
v 114.773270 96.942841 115.175537
v 114.773270 116.322906 115.175545
v 116.332626 96.942841 115.142494
v 116.332626 116.322906 115.142502
v 117.822220 96.942841 114.852524
v 117.822220 116.322906 114.852531
v 117.954338 96.942841 114.984665
v 117.954338 116.322906 114.984673
v 114.078346 96.942841 118.816628
v 114.078346 116.322906 118.816635
v 111.257187 96.942841 118.424309
v 111.257187 116.322906 118.424316
v 108.598740 96.942841 117.718750
v 108.598740 116.322906 117.718758
v 106.089569 96.942841 116.746483
v 106.089569 116.322906 116.746490
v 103.716209 96.942841 115.553993
v 103.716209 116.322906 115.554001
v 99.323067 96.942841 112.694298
v 99.323067 116.322906 112.694305
v 97.511528 96.942841 112.245705
v 97.511528 116.322906 112.245712
v 95.805336 96.942841 111.612335
v 95.805336 116.322906 111.612343
v 94.214470 96.942841 110.805847
v 94.214470 116.322906 110.805855
v 92.748856 96.942841 109.837852
v 92.748856 116.322906 109.837860
v 91.418434 96.942841 108.719994
v 91.418434 116.322906 108.720001
v 90.233154 96.942841 107.463882
v 90.233154 116.322906 107.463890
v 89.202950 96.942841 106.081139
v 89.202950 116.322891 106.081146
v 88.337769 96.942841 104.583382
v 88.337769 116.322891 104.583389
v 87.647537 96.942841 102.982246
v 87.647537 116.322891 102.982254
v 87.142212 96.942833 101.289345
v 87.142212 116.322891 101.289352
v 86.831726 96.942833 99.516304
v 86.831726 116.322891 99.516312
v 86.726028 96.942841 97.674744
v 86.726028 116.322899 97.674751
v 86.865982 96.942841 95.465378
v 86.865982 116.322899 95.465385
v 87.276810 96.942841 93.382347
v 87.276810 116.322899 93.382347
v 87.944855 96.942841 91.438179
v 87.944855 116.322899 91.438179
v 88.856529 96.942841 89.645409
v 88.856529 116.322899 89.645409
v 89.998222 96.942841 88.016586
v 89.998222 116.322899 88.016594
v 91.356316 96.942841 86.564262
v 91.356316 116.322899 86.564247
v 92.917206 96.942841 85.300949
v 92.917206 116.322899 85.300957
v 94.667282 96.942841 84.239220
v 94.667282 116.322899 84.239220
v 96.592918 96.942841 83.391594
v 96.592918 116.322899 83.391602
v 98.680534 96.942841 82.770630
v 98.680534 116.322899 82.770622
v 100.916481 96.942841 82.388855
v 100.916481 116.322899 82.388840
v 103.287170 96.942841 82.258804
v 103.287170 116.322899 82.258789
v 105.485825 96.942841 82.395622
v 105.485825 116.322899 82.395622
v 107.578339 96.942841 82.795494
v 107.578339 116.322899 82.795502
v 109.548515 96.942841 83.442528
v 109.548515 116.322899 83.442513
v 111.380135 96.942841 84.320786
v 111.380135 116.322899 84.320770
v 113.056984 96.942841 85.414368
v 113.056984 116.322899 85.414375
v 114.562843 96.942841 86.707397
v 114.562843 116.322899 86.707397
v 115.881508 96.942841 88.183945
v 115.881508 116.322899 88.183937
v 116.996765 96.942841 89.828102
v 116.996765 116.322899 89.828102
v 117.892410 96.942841 91.623978
v 117.892410 116.322899 91.623985
v 118.552223 96.942841 93.555664
v 118.552223 116.322899 93.555672
v 118.959999 96.942841 95.607254
v 118.959999 116.322899 95.607262
v 119.099533 96.942841 97.762840
v 119.099533 116.322899 97.762848
v 118.992203 96.942833 99.556404
v 118.992203 116.322891 99.556412
v 118.677643 96.942833 101.294441
v 118.677643 116.322891 101.294449
v 118.167015 96.942841 102.963669
v 118.167015 116.322891 102.963676
v 117.471481 96.942841 104.550758
v 117.471481 116.322891 104.550766
v 116.602219 96.942841 106.042427
v 116.602219 116.322891 106.042435
v 115.570381 96.942841 107.425346
v 115.570381 116.322906 107.425354
v 114.387146 96.942841 108.686226
v 114.387146 116.322906 108.686234
v 113.063660 96.942841 109.811752
v 113.063660 116.322906 109.811760
v 111.611099 96.942841 110.788635
v 111.611099 116.322906 110.788643
v 110.040619 96.942841 111.603554
v 110.040619 116.322906 111.603561
v 108.363396 96.942841 112.243202
v 108.363396 116.322906 112.243210
v 106.590591 96.942841 112.694298
v 106.590591 116.322906 112.694305
v 106.590591 96.942841 112.650246
v 106.590591 116.322906 112.650253
v 91.258118 96.942833 99.220108
v 91.258118 116.322891 99.220116
v 91.508636 96.942833 100.674316
v 91.508636 116.322891 100.674324
v 91.926147 96.942833 102.065536
v 91.926147 116.322891 102.065544
v 92.510674 96.942841 103.377823
v 92.510674 116.322891 103.377831
v 93.262199 96.942841 104.595299
v 93.262199 116.322891 104.595306
v 94.180740 96.942841 105.702057
v 94.180740 116.322891 105.702065
v 95.266273 96.942841 106.682167
v 95.266273 116.322891 106.682175
v 96.518822 96.942841 107.519760
v 96.518822 116.322906 107.519768
v 97.938377 96.942841 108.198891
v 97.938377 116.322906 108.198898
v 99.524940 96.942841 108.703674
v 99.524940 116.322906 108.703682
v 101.278503 96.942841 109.018211
v 101.278503 116.322906 109.018219
v 103.199074 96.942841 109.126595
v 103.199074 116.322906 109.126602
v 104.830795 96.942841 109.020821
v 104.830795 116.322906 109.020828
v 106.371986 96.942841 108.713303
v 106.371986 116.322906 108.713310
v 107.812851 96.942841 108.218872
v 107.812851 116.322906 108.218880
v 109.143593 96.942841 107.552406
v 109.143593 116.322906 107.552414
v 110.354439 96.942841 106.728714
v 110.354439 116.322891 106.728722
v 111.435593 96.942841 105.762634
v 111.435593 116.322891 105.762642
v 112.377281 96.942841 104.669014
v 112.377281 116.322891 104.669022
v 113.169693 96.942841 103.462677
v 113.169693 116.322891 103.462685
v 113.803055 96.942833 102.158463
v 113.803055 116.322891 102.158470
v 114.267578 96.942833 100.771194
v 114.267578 116.322891 100.771202
v 114.553467 96.942833 99.315727
v 114.553467 116.322891 99.315735
v 114.650932 96.942841 97.806877
v 114.650932 116.322899 97.806885
v 114.550888 96.942841 96.200325
v 114.550888 116.322899 96.200333
v 114.257980 96.942841 94.670067
v 114.257980 116.322899 94.670074
v 113.783104 96.942841 93.228203
v 113.783104 116.322899 93.228210
v 113.137070 96.942841 91.886833
v 113.137070 116.322899 91.886833
v 112.330757 96.942841 90.658012
v 112.330757 116.322899 90.658020
v 111.375038 96.942841 89.553848
v 111.375038 116.322899 89.553833
v 110.280754 96.942841 88.586395
v 110.280754 116.322899 88.586395
v 109.058762 96.942841 87.767754
v 109.058762 116.322899 87.767754
v 107.719940 96.942841 87.110001
v 107.719940 116.322899 87.110001
v 106.275131 96.942841 86.625221
v 106.275131 116.322899 86.625214
v 104.735184 96.942841 86.325493
v 104.735184 116.322899 86.325485
v 103.110985 96.942841 86.222900
v 103.110985 116.322899 86.222893
v 100.988594 96.942841 86.362457
v 100.988594 116.322899 86.362465
v 99.106918 96.942841 86.759415
v 99.106918 116.322899 86.759407
v 97.455261 96.942841 87.381172
v 97.455261 116.322899 87.381157
v 96.022911 96.942841 88.195175
v 96.022911 116.322899 88.195168
v 94.799171 96.942841 89.168839
v 94.799171 116.322899 89.168846
v 93.773315 96.942841 90.269600
v 93.773315 116.322899 90.269592
v 92.934669 96.942841 91.464874
v 92.934669 116.322899 91.464859
v 92.272507 96.942841 92.722076
v 92.272507 116.322899 92.722076
v 91.776123 96.942841 94.008652
v 91.776123 116.322899 94.008659
v 91.434822 96.942841 95.292015
v 91.434822 116.322899 95.292023
v 91.237885 96.942841 96.539581
v 91.237885 116.322899 96.539589
v 91.174629 96.942841 97.718796
v 91.174629 116.322899 97.718803
v 156.401459 116.322899 83.808144
v 157.771820 116.322899 84.004112
v 159.036331 116.322899 84.325478
v 160.189835 116.322899 84.767960
v 161.227081 116.322899 85.327309
v 162.142914 116.322899 85.999207
v 162.932114 116.322899 86.779381
v 163.589478 116.322899 87.663567
v 164.109802 116.322899 88.647446
v 164.487930 116.322899 89.726768
v 164.718597 116.322899 90.897240
v 164.796646 116.322899 92.154579
v 164.759232 116.322899 93.005859
v 164.647980 116.322899 93.818932
v 164.464233 116.322899 94.592224
v 164.209381 116.322899 95.324226
v 163.884750 116.322899 96.013412
v 163.491791 116.322899 96.658241
v 163.031845 116.322899 97.257195
v 162.506256 116.322899 97.808731
v 161.916473 116.322891 98.311333
v 161.263809 116.322891 98.763466
v 160.549698 116.322891 99.163605
v 159.775452 116.322891 99.510201
v 161.060547 116.322891 100.493889
v 162.215912 116.322891 101.639061
v 163.288086 116.322891 102.945755
v 170.566620 116.322906 113.780968
v 165.413284 116.322906 113.780968
v 158.840836 116.322891 103.939529
v 157.433334 116.322891 102.407104
v 156.802368 116.322891 101.866631
v 156.208099 116.322891 101.454628
v 155.641693 116.322891 101.154556
v 155.094238 116.322891 100.949936
v 154.556854 116.322891 100.824219
v 154.020706 116.322891 100.760902
v 151.671051 116.322891 100.743477
v 151.671051 116.322906 113.780968
v 147.354584 116.322906 113.780968
v 147.354584 116.322899 83.741875
v 154.930435 116.322899 83.741875
v 154.445923 116.322899 96.867462
v 155.534424 116.322899 96.819221
v 156.492004 116.322899 96.679672
v 157.325409 116.322899 96.456612
v 158.041351 116.322899 96.157837
v 158.646561 116.322899 95.791183
v 159.147781 116.322899 95.364410
v 159.551758 116.322899 94.885345
v 159.865189 116.322899 94.361755
v 160.094788 116.322899 93.801468
v 160.247284 116.322899 93.212280
v 160.329483 116.322899 92.601997
v 160.348053 116.322899 91.978394
v 160.302551 116.322899 91.296967
v 160.186127 116.322899 90.663551
v 159.995667 116.322899 90.080307
v 159.728134 116.322899 89.549370
v 159.380463 116.322899 89.072876
v 158.949585 116.322899 88.652954
v 158.432465 116.322899 88.291779
v 157.826004 116.322899 87.991455
v 157.127197 116.322899 87.754150
v 156.332947 116.322899 87.581993
v 155.440201 116.322899 87.477142
v 151.671051 116.322899 87.441704
v 151.671051 116.322899 96.867462
v 156.401459 96.942841 83.808136
v 157.771820 96.942841 84.004112
v 159.036331 96.942841 84.325478
v 160.189835 96.942841 84.767975
v 161.227081 96.942841 85.327309
v 162.142914 96.942841 85.999207
v 162.932114 96.942841 86.779388
v 163.589478 96.942841 87.663559
v 164.109802 96.942841 88.647461
v 164.487930 96.942841 89.726776
v 164.718597 96.942841 90.897240
v 164.796646 96.942841 92.154579
v 164.759232 96.942841 93.005859
v 164.647980 96.942841 93.818924
v 164.464233 96.942841 94.592224
v 164.209381 96.942841 95.324219
v 163.884750 96.942841 96.013405
v 163.491791 96.942841 96.658234
v 163.031845 96.942841 97.257187
v 162.506256 96.942841 97.808723
v 161.916473 96.942833 98.311325
v 161.263809 96.942833 98.763458
v 160.549698 96.942833 99.163597
v 159.775452 96.942833 99.510193
v 161.060547 96.942833 100.493881
v 162.215912 96.942833 101.639053
v 163.288086 96.942833 102.945747
v 170.566620 96.942841 113.780960
v 165.413284 96.942841 113.780960
v 158.840836 96.942841 103.939522
v 157.433334 96.942833 102.407097
v 156.802368 96.942833 101.866623
v 156.208099 96.942833 101.454620
v 155.641693 96.942833 101.154549
v 155.094238 96.942833 100.949928
v 154.556854 96.942833 100.824211
v 154.020706 96.942833 100.760895
v 151.671051 96.942833 100.743469
v 151.671051 96.942841 113.780960
v 147.354584 96.942841 113.780960
v 147.354584 96.942841 83.741875
v 155.534424 96.942841 96.819214
v 156.492004 96.942841 96.679665
v 157.325409 96.942841 96.456604
v 158.041351 96.942841 96.157829
v 158.646561 96.942841 95.791176
v 159.147781 96.942841 95.364403
v 159.551758 96.942841 94.885338
v 159.865189 96.942841 94.361763
v 160.094788 96.942841 93.801483
v 160.247284 96.942841 93.212296
v 160.329483 96.942841 92.601997
v 160.348053 96.942841 91.978409
v 160.302551 96.942841 91.296974
v 160.186127 96.942841 90.663567
v 159.995667 96.942841 90.080322
v 159.728134 96.942841 89.549370
v 159.380463 96.942841 89.072876
v 158.949585 96.942841 88.652969
v 158.432465 96.942841 88.291771
v 157.826004 96.942841 87.991463
v 157.127197 96.942841 87.754150
v 156.332947 96.942841 87.582008
v 154.445923 96.942841 87.441696
v 151.671051 96.942841 87.441696
v 151.671051 96.942841 96.867455
v 156.401459 96.942841 83.808136
v 156.401459 116.322899 83.808144
v 157.771820 96.942841 84.004112
v 157.771820 116.322899 84.004112
v 159.036331 96.942841 84.325478
v 159.036331 116.322899 84.325478
v 160.189835 96.942841 84.767975
v 160.189835 116.322899 84.767960
v 161.227081 96.942841 85.327309
v 161.227081 116.322899 85.327309
v 162.142914 96.942841 85.999207
v 162.142914 116.322899 85.999207
v 162.932114 96.942841 86.779388
v 162.932114 116.322899 86.779381
v 163.589478 96.942841 87.663559
v 163.589478 116.322899 87.663567
v 164.109802 96.942841 88.647461
v 164.109802 116.322899 88.647446
v 164.487930 96.942841 89.726776
v 164.487930 116.322899 89.726768
v 164.718597 96.942841 90.897240
v 164.718597 116.322899 90.897240
v 164.796646 96.942841 92.154579
v 164.796646 116.322899 92.154579
v 164.759232 96.942841 93.005859
v 164.759232 116.322899 93.005859
v 164.647980 96.942841 93.818924
v 164.647980 116.322899 93.818932
v 164.464233 96.942841 94.592224
v 164.464233 116.322899 94.592224
v 164.209381 96.942841 95.324219
v 164.209381 116.322899 95.324226
v 163.884750 96.942841 96.013405
v 163.884750 116.322899 96.013412
v 163.491791 96.942841 96.658234
v 163.491791 116.322899 96.658241
v 163.031845 96.942841 97.257187
v 163.031845 116.322899 97.257195
v 162.506256 96.942841 97.808723
v 162.506256 116.322899 97.808731
v 161.916473 96.942833 98.311325
v 161.916473 116.322891 98.311333
v 161.263809 96.942833 98.763458
v 161.263809 116.322891 98.763466
v 160.549698 96.942833 99.163597
v 160.549698 116.322891 99.163605
v 159.775452 96.942833 99.510193
v 159.775452 116.322891 99.510201
v 161.060547 96.942833 100.493881
v 161.060547 116.322891 100.493889
v 162.215912 96.942833 101.639053
v 162.215912 116.322891 101.639061
v 163.288086 96.942833 102.945747
v 163.288086 116.322891 102.945755
v 170.566620 96.942841 113.780960
v 170.566620 116.322906 113.780968
v 165.413284 96.942841 113.780960
v 165.413284 116.322906 113.780968
v 158.840836 96.942841 103.939522
v 158.840836 116.322891 103.939529
v 157.433334 96.942833 102.407097
v 157.433334 116.322891 102.407104
v 156.802368 96.942833 101.866623
v 156.802368 116.322891 101.866631
v 156.208099 96.942833 101.454620
v 156.208099 116.322891 101.454628
v 155.641693 96.942833 101.154549
v 155.641693 116.322891 101.154556
v 155.094238 96.942833 100.949928
v 155.094238 116.322891 100.949936
v 154.556854 96.942833 100.824211
v 154.556854 116.322891 100.824219
v 154.020706 96.942833 100.760895
v 154.020706 116.322891 100.760902
v 151.671051 96.942833 100.743469
v 151.671051 116.322891 100.743477
v 151.671051 96.942841 113.780960
v 151.671051 116.322906 113.780968
v 147.354584 96.942841 113.780960
v 147.354584 116.322906 113.780968
v 147.354584 96.942841 83.741875
v 147.354584 116.322899 83.741875
v 155.534424 96.942841 96.819214
v 155.534424 116.322899 96.819221
v 156.492004 96.942841 96.679665
v 156.492004 116.322899 96.679672
v 157.325409 96.942841 96.456604
v 157.325409 116.322899 96.456612
v 158.041351 96.942841 96.157829
v 158.041351 116.322899 96.157837
v 158.646561 96.942841 95.791176
v 158.646561 116.322899 95.791183
v 159.147781 96.942841 95.364403
v 159.147781 116.322899 95.364410
v 159.551758 96.942841 94.885338
v 159.551758 116.322899 94.885345
v 159.865189 96.942841 94.361763
v 159.865189 116.322899 94.361755
v 160.094788 96.942841 93.801483
v 160.094788 116.322899 93.801468
v 160.247284 96.942841 93.212296
v 160.247284 116.322899 93.212280
v 160.329483 96.942841 92.601997
v 160.329483 116.322899 92.601997
v 160.348053 96.942841 91.978409
v 160.348053 116.322899 91.978394
v 160.302551 96.942841 91.296974
v 160.302551 116.322899 91.296967
v 160.186127 96.942841 90.663567
v 160.186127 116.322899 90.663551
v 159.995667 96.942841 90.080322
v 159.995667 116.322899 90.080307
v 159.728134 96.942841 89.549370
v 159.728134 116.322899 89.549370
v 159.380463 96.942841 89.072876
v 159.380463 116.322899 89.072876
v 158.949585 96.942841 88.652969
v 158.949585 116.322899 88.652954
v 158.432465 96.942841 88.291771
v 158.432465 116.322899 88.291779
v 157.826004 96.942841 87.991463
v 157.826004 116.322899 87.991455
v 157.127197 96.942841 87.754150
v 157.127197 116.322899 87.754150
v 156.332947 96.942841 87.582008
v 156.332947 116.322899 87.581993
v 155.440201 96.942841 87.477135
v 155.440201 116.322899 87.477142
v 151.671051 96.942841 87.441696
v 151.671051 116.322899 87.441704
v 151.671051 96.942841 96.867455
v 151.671051 116.322899 96.867462
v 214.761581 116.322899 89.275925
v 213.517700 116.322899 88.461288
v 212.308090 116.322899 87.876656
v 211.142502 116.322899 87.493896
v 210.030777 116.322899 87.284889
v 208.982666 116.322899 87.221474
v 208.306122 116.322899 87.251297
v 207.666794 116.322899 87.338936
v 207.068741 116.322899 87.481621
v 206.516113 116.322899 87.676613
v 206.013031 116.322899 87.921158
v 205.563644 116.322899 88.212494
v 205.172043 116.322899 88.547897
v 204.842377 116.322899 88.924568
v 204.578812 116.322899 89.339798
v 204.385406 116.322899 89.790802
v 204.266357 116.322899 90.274849
v 204.225739 116.322899 90.789169
v 204.481400 116.322899 92.118599
v 205.188248 116.322899 93.257767
v 206.255981 116.322899 94.260513
v 207.594437 116.322899 95.180687
v 209.113358 116.322899 96.072098
v 210.722473 116.322899 96.988594
v 212.331604 116.322899 97.984001
v 213.850525 116.322891 99.112152
v 215.188980 116.322891 100.426895
v 216.256714 116.322891 101.982048
v 216.963531 116.322891 103.831459
v 217.219193 116.322891 106.028938
v 217.146210 116.322891 107.179283
v 216.932495 116.322891 108.268929
v 216.586029 116.322906 109.290359
v 216.114777 116.322906 110.236107
v 215.526688 116.322906 111.098640
v 214.829697 116.322906 111.870476
v 214.031799 116.322906 112.544128
v 213.140884 116.322906 113.112114
v 212.164948 116.322906 113.566933
v 211.111938 116.322906 113.901070
v 209.989792 116.322906 114.107056
v 208.806488 116.322906 114.177383
v 207.225983 116.322906 114.103363
v 205.734726 116.322906 113.878845
v 204.319351 116.322906 113.500168
v 202.966370 116.322906 112.963676
v 201.662338 116.322906 112.265678
v 200.393784 116.322906 111.402512
v 200.393784 116.322891 105.940857
v 201.540787 116.322891 107.242630
v 202.772217 116.322891 108.324196
v 204.077072 116.322906 109.178192
v 205.444321 116.322906 109.797279
v 206.862961 116.322906 110.174126
v 208.321991 116.322906 110.301369
v 209.121384 116.322906 110.258804
v 209.846466 116.322906 110.137016
v 210.498138 116.322906 109.944885
v 211.077286 116.322906 109.691261
v 211.584885 116.322906 109.385033
v 212.021820 116.322906 109.035072
v 212.389038 116.322906 108.650230
v 212.687424 116.322891 108.239388
v 212.917908 116.322891 107.811417
v 213.081390 116.322891 107.375198
v 213.178787 116.322891 106.939575
v 213.211044 116.322891 106.513443
v 212.955383 116.322891 105.068008
v 212.248566 116.322891 103.806694
v 211.180817 116.322891 102.684242
v 203.586288 116.322899 97.570564
v 202.247833 116.322899 96.330658
v 201.180084 116.322899 94.912735
v 200.473251 116.322899 93.271523
v 200.217590 116.322899 91.361763
v 200.291824 116.322899 90.176987
v 200.510605 116.322899 89.070366
v 200.867950 116.322899 88.046638
v 201.357880 116.322899 87.110542
v 201.974442 116.322899 86.266823
v 202.711670 116.322899 85.520218
v 203.563614 116.322899 84.875458
v 204.524292 116.322899 84.337303
v 205.587723 116.322899 83.910484
v 206.747971 116.322899 83.599747
v 207.999069 116.322899 83.409821
v 209.907547 116.322899 83.360153
v 210.479416 116.322899 83.404190
v 211.050079 116.322899 83.477600
v 212.748566 116.322899 83.874016
v 213.863586 116.322899 84.285103
v 214.959000 116.322899 84.813652
v 216.029968 116.322899 85.459648
v 216.029968 116.322899 90.348701
v 214.761581 96.942841 89.275917
v 213.517700 96.942841 88.461281
v 212.308090 96.942841 87.876648
v 211.142502 96.942841 87.493912
v 210.030777 96.942841 87.284897
v 208.982666 96.942841 87.221481
v 208.306122 96.942841 87.251297
v 207.666794 96.942841 87.338928
v 207.068741 96.942841 87.481628
v 206.516113 96.942841 87.676620
v 206.013031 96.942841 87.921165
v 205.563644 96.942841 88.212509
v 205.172043 96.942841 88.547890
v 204.842377 96.942841 88.924576
v 204.578812 96.942841 89.339798
v 204.385406 96.942841 89.790802
v 204.266357 96.942841 90.274841
v 204.225739 96.942841 90.789169
v 204.481400 96.942841 92.118591
v 205.188248 96.942841 93.257767
v 206.255981 96.942841 94.260521
v 212.331604 96.942841 97.983994
v 213.850525 96.942833 99.112144
v 215.188980 96.942833 100.426888
v 216.256714 96.942833 101.982040
v 216.963531 96.942841 103.831451
v 217.219193 96.942841 106.028931
v 217.146210 96.942841 107.179276
v 216.932495 96.942841 108.268921
v 216.586029 96.942841 109.290352
v 216.114777 96.942841 110.236099
v 215.526688 96.942841 111.098633
v 214.829697 96.942841 111.870468
v 214.031799 96.942841 112.544121
v 213.140884 96.942841 113.112106
v 212.164948 96.942841 113.566925
v 211.111938 96.942841 113.901062
v 209.989792 96.942841 114.107048
v 208.806488 96.942841 114.177376
v 207.225983 96.942841 114.103355
v 205.734726 96.942841 113.878838
v 204.319351 96.942841 113.500160
v 202.966370 96.942841 112.963669
v 201.662338 96.942841 112.265671
v 200.393784 96.942841 111.402504
v 200.393784 96.942841 105.940849
v 201.540787 96.942841 107.242622
v 202.772217 96.942841 108.324188
v 204.077072 96.942841 109.178185
v 205.444321 96.942841 109.797272
v 206.862961 96.942841 110.174118
v 208.321991 96.942841 110.301361
v 209.121384 96.942841 110.258797
v 209.846466 96.942841 110.137009
v 210.498138 96.942841 109.944878
v 211.077286 96.942841 109.691254
v 211.584885 96.942841 109.385025
v 212.021820 96.942841 109.035065
v 212.389038 96.942841 108.650223
v 212.687424 96.942841 108.239380
v 212.917908 96.942841 107.811409
v 213.081390 96.942841 107.375191
v 213.178787 96.942841 106.939568
v 213.211044 96.942841 106.513435
v 212.955383 96.942841 105.068001
v 212.248566 96.942841 103.806686
v 211.180817 96.942833 102.684235
v 203.586288 96.942841 97.570557
v 202.247833 96.942841 96.330650
v 201.180084 96.942841 94.912727
v 200.473251 96.942841 93.271523
v 200.217590 96.942841 91.361755
v 200.291824 96.942841 90.176994
v 200.510605 96.942841 89.070366
v 200.867950 96.942841 88.046646
v 201.357880 96.942841 87.110550
v 201.974442 96.942841 86.266830
v 202.711670 96.942841 85.520210
v 203.563614 96.942841 84.875473
v 204.524292 96.942841 84.337318
v 205.587723 96.942841 83.910492
v 206.747971 96.942841 83.599754
v 207.999069 96.942841 83.409836
v 209.335052 96.942841 83.345474
v 210.479416 96.942841 83.404205
v 211.618896 96.942841 83.580376
v 212.748566 96.942841 83.874008
v 213.863586 96.942841 84.285103
v 214.959000 96.942841 84.813652
v 216.029968 96.942841 85.459656
v 216.029968 96.942841 90.348717
v 214.761581 96.942841 89.275917
v 214.761581 116.322899 89.275925
v 213.517700 96.942841 88.461281
v 213.517700 116.322899 88.461288
v 212.308090 96.942841 87.876648
v 212.308090 116.322899 87.876656
v 211.142502 96.942841 87.493912
v 211.142502 116.322899 87.493896
v 210.030777 96.942841 87.284897
v 210.030777 116.322899 87.284889
v 208.982666 96.942841 87.221481
v 208.982666 116.322899 87.221474
v 208.306122 96.942841 87.251297
v 208.306122 116.322899 87.251297
v 207.666794 96.942841 87.338928
v 207.666794 116.322899 87.338936
v 207.068741 96.942841 87.481628
v 207.068741 116.322899 87.481621
v 206.516113 96.942841 87.676620
v 206.516113 116.322899 87.676613
v 206.013031 96.942841 87.921165
v 206.013031 116.322899 87.921158
v 205.563644 96.942841 88.212509
v 205.563644 116.322899 88.212494
v 205.172043 96.942841 88.547890
v 205.172043 116.322899 88.547897
v 204.842377 96.942841 88.924576
v 204.842377 116.322899 88.924568
v 204.578812 96.942841 89.339798
v 204.578812 116.322899 89.339798
v 204.385406 96.942841 89.790802
v 204.385406 116.322899 89.790802
v 204.266357 96.942841 90.274841
v 204.266357 116.322899 90.274849
v 204.225739 96.942841 90.789169
v 204.225739 116.322899 90.789169
v 204.481400 96.942841 92.118591
v 204.481400 116.322899 92.118599
v 205.188248 96.942841 93.257767
v 205.188248 116.322899 93.257767
v 206.255981 96.942841 94.260521
v 206.255981 116.322899 94.260513
v 212.331604 96.942841 97.983994
v 212.331604 116.322899 97.984001
v 213.850525 96.942833 99.112144
v 213.850525 116.322891 99.112152
v 215.188980 96.942833 100.426888
v 215.188980 116.322891 100.426895
v 216.256714 96.942833 101.982040
v 216.256714 116.322891 101.982048
v 216.963531 96.942841 103.831451
v 216.963531 116.322891 103.831459
v 217.219193 96.942841 106.028931
v 217.219193 116.322891 106.028938
v 217.146210 96.942841 107.179276
v 217.146210 116.322891 107.179283
v 216.932495 96.942841 108.268921
v 216.932495 116.322891 108.268929
v 216.586029 96.942841 109.290352
v 216.586029 116.322906 109.290359
v 216.114777 96.942841 110.236099
v 216.114777 116.322906 110.236107
v 215.526688 96.942841 111.098633
v 215.526688 116.322906 111.098640
v 214.829697 96.942841 111.870468
v 214.829697 116.322906 111.870476
v 214.031799 96.942841 112.544121
v 214.031799 116.322906 112.544128
v 213.140884 96.942841 113.112106
v 213.140884 116.322906 113.112114
v 212.164948 96.942841 113.566925
v 212.164948 116.322906 113.566933
v 211.111938 96.942841 113.901062
v 211.111938 116.322906 113.901070
v 209.989792 96.942841 114.107048
v 209.989792 116.322906 114.107056
v 208.806488 96.942841 114.177376
v 208.806488 116.322906 114.177383
v 207.225983 96.942841 114.103355
v 207.225983 116.322906 114.103363
v 205.734726 96.942841 113.878838
v 205.734726 116.322906 113.878845
v 204.319351 96.942841 113.500160
v 204.319351 116.322906 113.500168
v 202.966370 96.942841 112.963669
v 202.966370 116.322906 112.963676
v 201.662338 96.942841 112.265671
v 201.662338 116.322906 112.265678
v 200.393784 96.942841 111.402504
v 200.393784 116.322906 111.402512
v 200.393784 96.942841 105.940849
v 200.393784 116.322891 105.940857
v 201.540787 96.942841 107.242622
v 201.540787 116.322891 107.242630
v 202.772217 96.942841 108.324188
v 202.772217 116.322891 108.324196
v 204.077072 96.942841 109.178185
v 204.077072 116.322906 109.178192
v 205.444321 96.942841 109.797272
v 205.444321 116.322906 109.797279
v 206.862961 96.942841 110.174118
v 206.862961 116.322906 110.174126
v 208.321991 96.942841 110.301361
v 208.321991 116.322906 110.301369
v 209.121384 96.942841 110.258797
v 209.121384 116.322906 110.258804
v 209.846466 96.942841 110.137009
v 209.846466 116.322906 110.137016
v 210.498138 96.942841 109.944878
v 210.498138 116.322906 109.944885
v 211.077286 96.942841 109.691254
v 211.077286 116.322906 109.691261
v 211.584885 96.942841 109.385025
v 211.584885 116.322906 109.385033
v 212.021820 96.942841 109.035065
v 212.021820 116.322906 109.035072
v 212.389038 96.942841 108.650223
v 212.389038 116.322906 108.650230
v 212.687424 96.942841 108.239380
v 212.687424 116.322891 108.239388
v 212.917908 96.942841 107.811409
v 212.917908 116.322891 107.811417
v 213.081390 96.942841 107.375191
v 213.081390 116.322891 107.375198
v 213.178787 96.942841 106.939568
v 213.178787 116.322891 106.939575
v 213.211044 96.942841 106.513435
v 213.211044 116.322891 106.513443
v 212.955383 96.942841 105.068001
v 212.955383 116.322891 105.068008
v 212.248566 96.942841 103.806686
v 212.248566 116.322891 103.806694
v 211.180817 96.942833 102.684235
v 211.180817 116.322891 102.684242
v 203.586288 96.942841 97.570557
v 203.586288 116.322899 97.570564
v 202.247833 96.942841 96.330650
v 202.247833 116.322899 96.330658
v 201.180084 96.942841 94.912727
v 201.180084 116.322899 94.912735
v 200.473251 96.942841 93.271523
v 200.473251 116.322899 93.271523
v 200.217590 96.942841 91.361755
v 200.217590 116.322899 91.361763
v 200.291824 96.942841 90.176994
v 200.291824 116.322899 90.176987
v 200.510605 96.942841 89.070366
v 200.510605 116.322899 89.070366
v 200.867950 96.942841 88.046646
v 200.867950 116.322899 88.046638
v 201.357880 96.942841 87.110550
v 201.357880 116.322899 87.110542
v 201.974442 96.942841 86.266830
v 201.974442 116.322899 86.266823
v 202.711670 96.942841 85.520210
v 202.711670 116.322899 85.520218
v 203.563614 96.942841 84.875473
v 203.563614 116.322899 84.875458
v 204.524292 96.942841 84.337318
v 204.524292 116.322899 84.337303
v 205.587723 96.942841 83.910492
v 205.587723 116.322899 83.910484
v 206.747971 96.942841 83.599754
v 206.747971 116.322899 83.599747
v 207.999069 96.942841 83.409836
v 207.999069 116.322899 83.409821
v 209.335052 96.942841 83.345474
v 209.335052 116.322899 83.345459
v 210.479416 96.942841 83.404205
v 210.479416 116.322899 83.404190
v 211.618896 96.942841 83.580376
v 211.618896 116.322899 83.580376
v 212.748566 96.942841 83.874008
v 212.748566 116.322899 83.874016
v 213.863586 96.942841 84.285103
v 213.863586 116.322899 84.285103
v 214.959000 96.942841 84.813652
v 214.959000 116.322899 84.813652
v 216.029968 96.942841 85.459656
v 216.029968 116.322899 85.459648
v 216.029968 96.942841 90.348717
v 216.029968 116.322899 90.348701
v 265.050079 116.322899 87.617882
v 265.050079 116.322906 113.780968
v 260.733612 116.322906 113.780968
v 260.733612 116.322899 87.617882
v 250.338867 116.322899 87.617882
v 250.338867 116.322899 83.741875
v 275.444855 116.322899 83.741875
v 275.444855 116.322899 87.617882
v 265.050079 96.942841 87.617882
v 265.050079 96.942841 113.780960
v 260.733612 96.942841 113.780960
v 260.733612 96.942841 87.617882
v 250.338867 96.942841 87.617882
v 250.338867 96.942841 83.741875
v 275.444855 96.942841 83.741875
v 275.444855 96.942841 87.617882
v 265.050079 96.942841 87.617882
v 265.050079 116.322899 87.617882
v 265.050079 96.942841 113.780960
v 265.050079 116.322906 113.780968
v 260.733612 96.942841 113.780960
v 260.733612 116.322906 113.780968
v 260.733612 96.942841 87.617882
v 260.733612 116.322899 87.617882
v 250.338867 96.942841 87.617882
v 250.338867 116.322899 87.617882
v 250.338867 96.942841 83.741875
v 250.338867 116.322899 83.741875
v 275.444855 96.942841 83.741875
v 275.444855 116.322899 83.741875
v 275.444855 96.942841 87.617882
v 275.444855 116.322899 87.617882
v 332.641144 116.322891 103.959564
v 332.365326 116.322891 105.632111
v 331.905060 116.322891 107.183815
v 331.259888 116.322906 108.606606
v 330.429382 116.322906 109.892365
v 329.413025 116.322906 111.032997
v 328.210419 116.322906 112.020370
v 326.821106 116.322906 112.846405
v 325.244568 116.322906 113.502991
v 323.480347 116.322906 113.982018
v 321.528046 116.322906 114.275368
v 319.387177 116.322906 114.374954
v 317.808685 116.322906 114.300026
v 316.258301 116.322906 114.072754
v 314.756866 116.322906 113.689499
v 313.325195 116.322906 113.146576
v 311.984039 116.322906 112.440308
v 310.754242 116.322906 111.567039
v 309.656555 116.322906 110.523102
v 308.711823 116.322906 109.304817
v 307.940826 116.322891 107.908508
v 307.364349 116.322891 106.330513
v 307.003235 116.322891 104.567162
v 306.878204 116.322899 83.939445
v 311.194702 116.322899 83.939445
v 311.284821 116.322891 103.892097
v 311.459137 116.322891 105.037079
v 311.740479 116.322891 105.986298
v 311.925537 116.322891 106.404327
v 312.142365 116.322891 106.793602
v 312.678192 116.322891 107.512810
v 313.439178 116.322891 108.267334
v 314.371460 116.322906 108.980064
v 315.377167 116.322906 109.547821
v 316.456299 116.322906 109.971794
v 317.608826 116.322906 110.253242
v 318.834778 116.322906 110.393387
v 320.281799 116.322906 110.389259
v 321.778015 116.322906 110.224327
v 323.116425 116.322906 109.914436
v 324.294556 116.322906 109.480362
v 325.309937 116.322906 108.942886
v 326.160156 116.322891 108.322838
v 326.522552 116.322891 107.988342
v 326.883667 116.322891 107.589195
v 327.198120 116.322891 107.162697
v 327.468842 116.322891 106.708954
v 327.890717 116.322891 105.720421
v 328.172455 116.322891 104.624847
v 328.337372 116.322891 103.423424
v 328.416534 116.322899 83.939445
v 332.732971 116.322899 83.939445
v 332.641144 96.942841 103.959557
v 332.365326 96.942841 105.632103
v 331.905060 96.942841 107.183807
v 331.259888 96.942841 108.606598
v 330.429382 96.942841 109.892357
v 329.413025 96.942841 111.032990
v 328.210419 96.942841 112.020363
v 326.821106 96.942841 112.846397
v 325.244568 96.942841 113.502983
v 323.480347 96.942841 113.982010
v 321.528046 96.942841 114.275360
v 319.387177 96.942841 114.374947
v 317.808685 96.942841 114.300018
v 316.258301 96.942841 114.072746
v 314.756866 96.942841 113.689491
v 313.325195 96.942841 113.146568
v 311.984039 96.942841 112.440300
v 310.754242 96.942841 111.567032
v 309.656555 96.942841 110.523094
v 308.711823 96.942841 109.304810
v 307.940826 96.942841 107.908501
v 307.364349 96.942841 106.330505
v 307.003235 96.942841 104.567154
v 306.878204 96.942841 83.939445
v 311.194702 96.942841 83.939445
v 311.284821 96.942841 103.892090
v 311.459137 96.942841 105.037071
v 311.740479 96.942841 105.986290
v 311.925537 96.942841 106.404320
v 312.142365 96.942841 106.793594
v 312.678192 96.942841 107.512802
v 313.439178 96.942841 108.267326
v 314.371460 96.942841 108.980057
v 315.377167 96.942841 109.547813
v 316.456299 96.942841 109.971786
v 317.608826 96.942841 110.253235
v 318.834778 96.942841 110.393379
v 320.281799 96.942841 110.389252
v 321.778015 96.942841 110.224319
v 323.116425 96.942841 109.914429
v 324.294556 96.942841 109.480354
v 325.309937 96.942841 108.942879
v 326.160156 96.942841 108.322830
v 326.522552 96.942841 107.988335
v 326.883667 96.942841 107.589188
v 327.198120 96.942841 107.162689
v 327.468842 96.942841 106.708946
v 327.890717 96.942841 105.720413
v 328.172455 96.942841 104.624840
v 328.337372 96.942833 103.423416
v 328.416534 96.942841 83.939445
v 332.732971 96.942841 83.939445
v 332.641144 96.942841 103.959557
v 332.641144 116.322891 103.959564
v 332.365326 96.942841 105.632103
v 332.365326 116.322891 105.632111
v 331.905060 96.942841 107.183807
v 331.905060 116.322891 107.183815
v 331.259888 96.942841 108.606598
v 331.259888 116.322906 108.606606
v 330.429382 96.942841 109.892357
v 330.429382 116.322906 109.892365
v 329.413025 96.942841 111.032990
v 329.413025 116.322906 111.032997
v 328.210419 96.942841 112.020363
v 328.210419 116.322906 112.020370
v 326.821106 96.942841 112.846397
v 326.821106 116.322906 112.846405
v 325.244568 96.942841 113.502983
v 325.244568 116.322906 113.502991
v 323.480347 96.942841 113.982010
v 323.480347 116.322906 113.982018
v 321.528046 96.942841 114.275360
v 321.528046 116.322906 114.275368
v 319.387177 96.942841 114.374947
v 319.387177 116.322906 114.374954
v 317.808685 96.942841 114.300018
v 317.808685 116.322906 114.300026
v 316.258301 96.942841 114.072746
v 316.258301 116.322906 114.072754
v 314.756866 96.942841 113.689491
v 314.756866 116.322906 113.689499
v 313.325195 96.942841 113.146568
v 313.325195 116.322906 113.146576
v 311.984039 96.942841 112.440300
v 311.984039 116.322906 112.440308
v 310.754242 96.942841 111.567032
v 310.754242 116.322906 111.567039
v 309.656555 96.942841 110.523094
v 309.656555 116.322906 110.523102
v 308.711823 96.942841 109.304810
v 308.711823 116.322906 109.304817
v 307.940826 96.942841 107.908501
v 307.940826 116.322891 107.908508
v 307.364349 96.942841 106.330505
v 307.364349 116.322891 106.330513
v 307.003235 96.942841 104.567154
v 307.003235 116.322891 104.567162
v 306.878204 96.942841 83.939445
v 306.878204 116.322899 83.939445
v 311.194702 96.942841 83.939445
v 311.194702 116.322899 83.939445
v 311.284821 96.942841 103.892090
v 311.284821 116.322891 103.892097
v 311.459137 96.942841 105.037071
v 311.459137 116.322891 105.037079
v 311.740479 96.942841 105.986290
v 311.740479 116.322891 105.986298
v 311.925537 96.942841 106.404320
v 311.925537 116.322891 106.404327
v 312.142365 96.942841 106.793594
v 312.142365 116.322891 106.793602
v 312.678192 96.942841 107.512802
v 312.678192 116.322891 107.512810
v 313.439178 96.942841 108.267326
v 313.439178 116.322891 108.267334
v 314.371460 96.942841 108.980057
v 314.371460 116.322906 108.980064
v 315.377167 96.942841 109.547813
v 315.377167 116.322906 109.547821
v 316.456299 96.942841 109.971786
v 316.456299 116.322906 109.971794
v 317.608826 96.942841 110.253235
v 317.608826 116.322906 110.253242
v 318.834778 96.942841 110.393379
v 318.834778 116.322906 110.393387
v 320.281799 96.942841 110.389252
v 320.281799 116.322906 110.389259
v 321.778015 96.942841 110.224319
v 321.778015 116.322906 110.224327
v 323.116425 96.942841 109.914429
v 323.116425 116.322906 109.914436
v 324.294556 96.942841 109.480354
v 324.294556 116.322906 109.480362
v 325.309937 96.942841 108.942879
v 325.309937 116.322906 108.942886
v 326.160156 96.942841 108.322830
v 326.160156 116.322891 108.322838
v 326.522552 96.942841 107.988335
v 326.522552 116.322891 107.988342
v 326.883667 96.942841 107.589188
v 326.883667 116.322891 107.589195
v 327.198120 96.942841 107.162689
v 327.198120 116.322891 107.162697
v 327.468842 96.942841 106.708946
v 327.468842 116.322891 106.708954
v 327.890717 96.942841 105.720413
v 327.890717 116.322891 105.720421
v 328.172455 96.942841 104.624840
v 328.172455 116.322891 104.624847
v 328.337372 96.942833 103.423416
v 328.337372 116.322891 103.423424
v 328.416534 96.942841 83.939445
v 328.416534 116.322899 83.939445
v 332.732971 96.942841 83.939445
v 332.732971 116.322899 83.939445
v 197.201675 116.322899 136.596573
v 223.100464 116.322899 136.596573
v 203.984665 116.322899 162.759659
v 223.100464 116.322899 162.759659
v 223.100464 116.322899 166.635651
v 196.012421 116.322899 166.635651
v 215.128204 116.322899 140.472580
v 197.201675 116.322899 140.472580
v 197.201675 96.942841 136.596573
v 223.100464 96.942841 136.596573
v 203.984665 96.942848 162.759659
v 223.100464 96.942848 162.759659
v 223.100464 96.942848 166.635651
v 196.012421 96.942848 166.635651
v 215.128204 96.942841 140.472580
v 197.201675 96.942841 140.472580
v 197.201675 96.942841 136.596573
v 197.201675 116.322899 136.596573
v 223.100464 96.942841 136.596573
v 223.100464 116.322899 136.596573
v 203.984665 96.942848 162.759659
v 203.984665 116.322899 162.759659
v 223.100464 96.942848 162.759659
v 223.100464 116.322899 162.759659
v 223.100464 96.942848 166.635651
v 223.100464 116.322899 166.635651
v 196.012421 96.942848 166.635651
v 196.012421 116.322899 166.635651
v 215.128204 96.942841 140.472580
v 215.128204 116.322899 140.472580
v 197.201675 96.942841 140.472580
v 197.201675 116.322899 140.472580
v 263.825409 116.322899 164.746689
v 263.754822 116.322899 165.089813
v 263.641113 116.322899 165.415482
v 263.487488 116.322899 165.720520
v 263.297150 116.322899 166.001694
v 263.073334 116.322899 166.255783
v 262.819244 116.322899 166.479599
v 262.538055 116.322899 166.669937
v 262.233002 116.322899 166.823578
v 261.907318 116.322899 166.937271
v 261.564209 116.322899 167.007858
v 261.206879 116.322899 167.032074
v 260.849579 116.322899 167.007828
v 260.506470 116.322899 166.937256
v 260.180786 116.322899 166.823547
v 259.875732 116.322899 166.669907
v 259.594543 116.322899 166.479599
v 259.340454 116.322899 166.255783
v 259.116608 116.322899 166.001663
v 258.926300 116.322899 165.720505
v 258.772644 116.322899 165.415466
v 258.658936 116.322899 165.089798
v 258.588348 116.322899 164.746674
v 258.564117 116.322899 164.389343
v 258.588318 116.322899 164.031998
v 258.658905 116.322899 163.688889
v 258.772614 116.322899 163.363205
v 258.926239 116.322899 163.058182
v 259.116577 116.322899 162.777008
v 259.340393 116.322899 162.522903
v 259.594513 116.322899 162.299072
v 259.875702 116.322899 162.108749
v 260.180725 116.322899 161.955139
v 260.506409 116.322899 161.841431
v 260.849548 116.322899 161.770844
v 261.206879 116.322899 161.746597
v 261.564178 116.322899 161.770844
v 261.907288 116.322899 161.841431
v 262.232971 116.322899 161.955139
v 262.537994 116.322899 162.108765
v 262.819183 116.322899 162.299088
v 263.073273 116.322899 162.522903
v 263.297119 116.322899 162.777008
v 263.487427 116.322899 163.058182
v 263.641083 116.322899 163.363220
v 263.754791 116.322899 163.688889
v 263.825378 116.322899 164.031998
v 263.849609 116.322899 164.389343
v 263.825409 96.942848 164.746689
v 263.754822 96.942848 165.089813
v 263.641113 96.942848 165.415482
v 263.487488 96.942848 165.720520
v 263.297150 96.942848 166.001694
v 263.073334 96.942848 166.255783
v 262.819244 96.942848 166.479599
v 262.538055 96.942848 166.669937
v 262.233002 96.942848 166.823578
v 261.907318 96.942848 166.937271
v 261.564209 96.942848 167.007858
v 261.206879 96.942848 167.032074
v 260.849579 96.942848 167.007828
v 260.506470 96.942848 166.937256
v 260.180786 96.942848 166.823547
v 259.875732 96.942848 166.669907
v 259.594543 96.942848 166.479599
v 259.340454 96.942848 166.255783
v 259.116608 96.942848 166.001663
v 258.926300 96.942848 165.720505
v 258.772644 96.942848 165.415466
v 258.658936 96.942848 165.089798
v 258.588348 96.942848 164.746674
v 258.564117 96.942848 164.389343
v 258.588318 96.942848 164.031998
v 258.658905 96.942848 163.688889
v 258.772614 96.942848 163.363205
v 258.926239 96.942848 163.058182
v 259.116577 96.942848 162.777008
v 259.340393 96.942848 162.522903
v 259.594513 96.942848 162.299072
v 259.875702 96.942848 162.108749
v 260.180725 96.942848 161.955139
v 260.506409 96.942848 161.841431
v 260.849548 96.942848 161.770844
v 261.206879 96.942848 161.746597
v 261.564178 96.942848 161.770844
v 261.907288 96.942848 161.841431
v 262.232971 96.942848 161.955139
v 262.537994 96.942848 162.108765
v 262.819183 96.942848 162.299088
v 263.073273 96.942848 162.522903
v 263.297119 96.942848 162.777008
v 263.487427 96.942848 163.058182
v 263.641083 96.942848 163.363220
v 263.754791 96.942848 163.688889
v 263.825378 96.942848 164.031998
v 263.849609 96.942848 164.389343
v 263.825409 96.942848 164.746689
v 263.825409 116.322899 164.746689
v 263.754822 96.942848 165.089813
v 263.754822 116.322899 165.089813
v 263.641113 96.942848 165.415482
v 263.641113 116.322899 165.415482
v 263.487488 96.942848 165.720520
v 263.487488 116.322899 165.720520
v 263.297150 96.942848 166.001694
v 263.297150 116.322899 166.001694
v 263.073334 96.942848 166.255783
v 263.073334 116.322899 166.255783
v 262.819244 96.942848 166.479599
v 262.819244 116.322899 166.479599
v 262.538055 96.942848 166.669937
v 262.538055 116.322899 166.669937
v 262.233002 96.942848 166.823578
v 262.233002 116.322899 166.823578
v 261.907318 96.942848 166.937271
v 261.907318 116.322899 166.937271
v 261.564209 96.942848 167.007858
v 261.564209 116.322899 167.007858
v 261.206879 96.942848 167.032074
v 261.206879 116.322899 167.032074
v 260.849579 96.942848 167.007828
v 260.849579 116.322899 167.007828
v 260.506470 96.942848 166.937256
v 260.506470 116.322899 166.937256
v 260.180786 96.942848 166.823547
v 260.180786 116.322899 166.823547
v 259.875732 96.942848 166.669907
v 259.875732 116.322899 166.669907
v 259.594543 96.942848 166.479599
v 259.594543 116.322899 166.479599
v 259.340454 96.942848 166.255783
v 259.340454 116.322899 166.255783
v 259.116608 96.942848 166.001663
v 259.116608 116.322899 166.001663
v 258.926300 96.942848 165.720505
v 258.926300 116.322899 165.720505
v 258.772644 96.942848 165.415466
v 258.772644 116.322899 165.415466
v 258.658936 96.942848 165.089798
v 258.658936 116.322899 165.089798
v 258.588348 96.942848 164.746674
v 258.588348 116.322899 164.746674
v 258.564117 96.942848 164.389343
v 258.564117 116.322899 164.389343
v 258.588318 96.942848 164.031998
v 258.588318 116.322899 164.031998
v 258.658905 96.942848 163.688889
v 258.658905 116.322899 163.688889
v 258.772614 96.942848 163.363205
v 258.772614 116.322899 163.363205
v 258.926239 96.942848 163.058182
v 258.926239 116.322899 163.058182
v 259.116577 96.942848 162.777008
v 259.116577 116.322899 162.777008
v 259.340393 96.942848 162.522903
v 259.340393 116.322899 162.522903
v 259.594513 96.942848 162.299072
v 259.594513 116.322899 162.299072
v 259.875702 96.942848 162.108749
v 259.875702 116.322899 162.108749
v 260.180725 96.942848 161.955139
v 260.180725 116.322899 161.955139
v 260.506409 96.942848 161.841431
v 260.506409 116.322899 161.841431
v 260.849548 96.942848 161.770844
v 260.849548 116.322899 161.770844
v 261.206879 96.942848 161.746597
v 261.206879 116.322899 161.746597
v 261.564178 96.942848 161.770844
v 261.564178 116.322899 161.770844
v 261.907288 96.942848 161.841431
v 261.907288 116.322899 161.841431
v 262.232971 96.942848 161.955139
v 262.232971 116.322899 161.955139
v 262.537994 96.942848 162.108765
v 262.537994 116.322899 162.108765
v 262.819183 96.942848 162.299088
v 262.819183 116.322899 162.299088
v 263.073273 96.942848 162.522903
v 263.073273 116.322899 162.522903
v 263.297119 96.942848 162.777008
v 263.297119 116.322899 162.777008
v 263.487427 96.942848 163.058182
v 263.487427 116.322899 163.058182
v 263.641083 96.942848 163.363220
v 263.641083 116.322899 163.363220
v 263.754791 96.942848 163.688889
v 263.754791 116.322899 163.688889
v 263.825378 96.942848 164.031998
v 263.825378 116.322899 164.031998
v 263.849609 96.942848 164.389343
v 263.849609 116.322899 164.389343
v 115.426804 116.332108 163.564453
v 111.233803 116.332108 163.564453
v 102.989922 116.332092 153.543884
v 94.639442 116.332108 163.564453
v 90.410904 116.332108 163.564453
v 100.857887 116.332092 151.020966
v 91.157127 116.332100 139.330292
v 95.385666 116.332100 139.330292
v 102.989922 116.332092 148.569122
v 110.558655 116.332100 139.330292
v 114.751663 116.332100 139.330292
v 105.086441 116.332092 151.020966
v 60.029392 116.332108 163.777664
v 52.069782 116.332100 143.949707
v 44.039112 116.332108 163.777664
v 43.363968 116.332108 163.777664
v 33.556599 116.332100 139.330292
v 37.038925 116.332100 139.330292
v 43.719303 116.332092 156.031265
v 50.435226 116.332100 139.330292
v 53.739880 116.332100 139.330292
v 60.491325 116.332092 156.031265
v 67.100647 116.332100 139.330292
v 70.547440 116.332100 139.330292
v 60.704529 116.332108 163.777664
v 115.426804 93.445831 163.564453
v 111.233803 93.445831 163.564453
v 102.989922 93.445824 153.543884
v 94.639442 93.445831 163.564453
v 90.410904 93.445831 163.564453
v 100.857887 93.445824 151.020981
v 91.157127 93.445831 139.330307
v 95.385666 93.445831 139.330307
v 102.989922 93.445824 148.569138
v 110.558655 93.445831 139.330307
v 114.751663 93.445831 139.330307
v 105.086441 93.445824 151.020981
v 60.029392 93.445831 163.777664
v 52.069782 93.445831 143.949707
v 44.039112 93.445831 163.777664
v 43.363968 93.445831 163.777664
v 33.556599 93.445831 139.330307
v 37.038925 93.445831 139.330307
v 43.719303 93.445824 156.031265
v 50.435226 93.445831 139.330307
v 53.739880 93.445831 139.330307
v 60.491325 93.445824 156.031265
v 67.100647 93.445831 139.330307
v 70.547440 93.445831 139.330307
v 60.704529 93.445831 163.777664
v 60.029392 93.445831 163.777664
v 60.029392 116.332108 163.777664
v 52.069782 93.445831 143.949707
v 52.069782 116.332100 143.949707
v 44.039112 93.445831 163.777664
v 44.039112 116.332108 163.777664
v 43.363968 93.445831 163.777664
v 43.363968 116.332108 163.777664
v 33.556599 93.445831 139.330307
v 33.556599 116.332100 139.330292
v 37.038925 93.445831 139.330307
v 37.038925 116.332100 139.330292
v 43.719303 93.445824 156.031265
v 43.719303 116.332092 156.031265
v 50.435226 93.445831 139.330307
v 50.435226 116.332100 139.330292
v 53.739880 93.445831 139.330307
v 53.739880 116.332100 139.330292
v 60.491325 93.445824 156.031265
v 60.491325 116.332092 156.031265
v 67.100647 93.445831 139.330307
v 67.100647 116.332100 139.330292
v 70.547440 93.445831 139.330307
v 70.547440 116.332100 139.330292
v 60.704529 93.445831 163.777664
v 60.704529 116.332108 163.777664
v 115.426804 93.445831 163.564453
v 115.426804 116.332108 163.564453
v 111.233803 93.445831 163.564453
v 111.233803 116.332108 163.564453
v 102.989922 93.445824 153.543884
v 102.989922 116.332092 153.543884
v 94.639442 93.445831 163.564453
v 94.639442 116.332108 163.564453
v 90.410904 93.445831 163.564453
v 90.410904 116.332108 163.564453
v 100.857887 93.445824 151.020981
v 100.857887 116.332092 151.020966
v 91.157127 93.445831 139.330307
v 91.157127 116.332100 139.330292
v 95.385666 93.445831 139.330307
v 95.385666 116.332100 139.330292
v 102.989922 93.445824 148.569138
v 102.989922 116.332092 148.569122
v 110.558655 93.445831 139.330307
v 110.558655 116.332100 139.330292
v 114.751663 93.445831 139.330307
v 114.751663 116.332100 139.330292
v 105.086441 93.445824 151.020981
v 105.086441 116.332092 151.020966
v 167.528473 116.332100 139.472534
v 158.538391 116.332092 150.914474
v 158.538391 116.332108 163.706696
v 155.056061 116.332108 163.706696
v 155.056061 116.332092 150.878937
v 146.065979 116.332100 139.472534
v 150.258987 116.332100 139.472534
v 156.761703 116.332092 147.823029
v 163.335480 116.332100 139.472534
v 167.528473 93.445831 139.472549
v 158.538391 93.445824 150.914490
v 158.538391 93.445831 163.706696
v 155.056061 93.445831 163.706696
v 155.056061 93.445824 150.878952
v 146.065979 93.445831 139.472549
v 150.258987 93.445831 139.472549
v 156.761703 93.445824 147.823029
v 163.335480 93.445831 139.472549
v 167.528473 93.445831 139.472549
v 167.528473 116.332100 139.472534
v 158.538391 93.445824 150.914490
v 158.538391 116.332092 150.914474
v 158.538391 93.445831 163.706696
v 158.538391 116.332108 163.706696
v 155.056061 93.445831 163.706696
v 155.056061 116.332108 163.706696
v 155.056061 93.445824 150.878952
v 155.056061 116.332092 150.878937
v 146.065979 93.445831 139.472549
v 146.065979 116.332100 139.472534
v 150.258987 93.445831 139.472549
v 150.258987 116.332100 139.472534
v 156.761703 93.445824 147.823029
v 156.761703 116.332092 147.823029
v 163.335480 93.445831 139.472549
v 163.335480 116.332100 139.472534
v -1.165134 120.224861 166.899948
v -14.158581 120.224854 136.596573
v -9.842114 120.224854 136.596573
v -0.812770 120.224861 157.694412
v -0.284221 120.224861 166.899948
v 8.172529 120.224854 136.596573
v 12.444953 120.224854 136.596573
v 43.363968 119.791176 163.777664
v 33.556599 119.791168 139.330292
v 37.038925 119.791168 139.330292
v 43.719303 119.791161 156.031265
v 50.435226 119.791168 139.330292
v 53.739880 119.791168 139.330292
v 52.069782 119.791168 143.949707
v 60.491325 119.791161 156.031265
v 67.100647 119.791168 139.330292
v 70.547440 119.791168 139.330292
v 60.704529 119.791176 163.777664
v 44.039112 119.791176 163.777664
v 60.029392 119.791176 163.777664
v 100.857887 119.536491 151.020966
v 91.157127 119.536499 139.330292
v 95.385666 119.536499 139.330292
v 102.989922 119.536491 148.569122
v 110.558655 119.536499 139.330292
v 114.751663 119.536499 139.330292
v 105.086441 119.536491 151.020966
v 90.410904 119.536507 163.564453
v 102.989922 119.536491 153.543884
v 115.426804 119.536507 163.564453
v 94.639442 119.536507 163.564453
v 111.233803 119.536507 163.564453
v 155.056061 119.042801 150.878937
v 146.065979 119.042809 139.472534
v 150.258987 119.042809 139.472534
v 156.761703 119.042801 147.823029
v 163.335480 119.042809 139.472534
v 167.528473 119.042809 139.472534
v 158.538391 119.042801 150.914474
v 155.056061 119.042809 163.706696
v 158.538391 119.042809 163.706696
v 197.201675 121.174309 136.596588
v 197.201675 121.174309 140.472595
v 223.100464 121.174309 136.596588
v 215.128204 121.174309 140.472595
v 203.984665 121.174316 162.759674
v 196.012421 121.174316 166.635666
v 223.100464 121.174316 162.759674
v 223.100464 121.174316 166.635666
v 306.878204 120.251869 83.939445
v 311.194702 120.251869 83.939445
v 328.337372 120.251862 103.423424
v 311.459137 120.251862 105.037079
v 326.883667 120.251862 107.589195
v 327.198120 120.251862 107.162697
v 313.439178 120.251862 108.267334
v 323.116425 120.251877 109.914436
v 317.608826 120.251877 110.253242
v 326.821106 120.251877 112.846405
v 311.984039 120.251877 112.440308
v 313.325195 120.251877 113.146576
v 325.244568 120.251877 113.502991
v 332.641144 120.251862 103.959564
v 332.365326 120.251862 105.632111
v 311.740479 120.251862 105.986298
v 327.468842 120.251862 106.708954
v 314.371460 120.251877 108.980064
v 324.294556 120.251877 109.480362
v 318.834778 120.251877 110.393387
v 310.754242 120.251877 111.567039
v 314.756866 120.251877 113.689499
v 323.480347 120.251877 113.982018
v 328.172455 120.251862 104.624847
v 327.890717 120.251862 105.720421
v 331.905060 120.251862 107.183815
v 311.925537 120.251862 106.404327
v 309.656555 120.251877 110.523102
v 316.258301 120.251877 114.072754
v 321.528046 120.251877 114.275368
v 328.416534 120.251869 83.939445
v 332.732971 120.251869 83.939445
v 312.142365 120.251862 106.793602
v 331.259888 120.251877 108.606606
v 325.309937 120.251877 108.942886
v 315.377167 120.251877 109.547821
v 308.711823 120.251877 109.304817
v 316.456299 120.251877 109.971794
v 320.281799 120.251877 110.389259
v 317.808685 120.251877 114.300026
v 326.522552 120.251862 107.988342
v 307.940826 120.251862 107.908508
v 326.160156 120.251862 108.322838
v 330.429382 120.251877 109.892365
v 311.284821 120.251862 103.892097
v 307.364349 120.251862 106.330513
v 312.678192 120.251862 107.512810
v 329.413025 120.251877 111.032997
v 321.778015 120.251877 110.224327
v 307.003235 120.251862 104.567162
v 328.210419 120.251877 112.020370
v 265.050079 118.517174 113.780968
v 260.733612 118.517174 113.780968
v 260.733612 118.517174 87.617882
v 250.338867 118.517174 87.617882
v 275.444855 118.517174 87.617882
v 250.338867 118.517174 83.741875
v 275.444855 118.517174 83.741875
v 265.050079 118.517174 87.617882
v 205.587723 118.943741 83.910484
v 206.747971 118.943741 83.599747
v 212.748566 118.943741 83.874016
v 214.761581 118.943741 89.275925
v 216.029968 118.943741 85.459648
v 210.030777 118.943741 87.284889
v 201.974442 118.943741 86.266823
v 202.711670 118.943741 85.520218
v 205.563644 118.943741 88.212494
v 200.867950 118.943741 88.046638
v 200.510605 118.943741 89.070366
v 205.172043 118.943741 88.547897
v 200.291824 118.943741 90.176987
v 205.188248 118.943741 93.257767
v 200.473251 118.943741 93.271523
v 206.255981 118.943741 94.260513
v 216.256714 118.943733 101.982048
v 211.180817 118.943733 102.684242
v 216.963531 118.943733 103.831459
v 212.917908 118.943733 107.811417
v 213.081390 118.943733 107.375198
v 204.077072 118.943748 109.178192
v 209.121384 118.943748 110.258804
v 209.846466 118.943748 110.137016
v 214.829697 118.943748 111.870476
v 200.393784 118.943748 111.402512
v 201.662338 118.943748 112.265678
v 214.031799 118.943748 112.544128
v 207.225983 118.943748 114.103363
v 207.999069 118.943741 83.409821
v 211.050079 118.943741 83.477600
v 213.517700 118.943741 88.461288
v 208.982666 118.943741 87.221474
v 204.842377 118.943741 88.924568
v 201.180084 118.943741 94.912735
v 207.594437 118.943741 95.180687
v 212.248566 118.943733 103.806694
v 212.955383 118.943733 105.068008
v 217.219193 118.943733 106.028938
v 213.178787 118.943733 106.939575
v 210.498138 118.943748 109.944885
v 213.140884 118.943748 113.112114
v 205.734726 118.943748 113.878845
v 209.907547 118.943741 83.360153
v 210.479416 118.943741 83.404190
v 213.863586 118.943741 84.285103
v 201.357880 118.943741 87.110542
v 208.306122 118.943741 87.251297
v 204.578812 118.943741 89.339798
v 202.247833 118.943741 96.330658
v 209.113358 118.943741 96.072098
v 203.586288 118.943741 97.570564
v 213.211044 118.943733 106.513443
v 200.393784 118.943733 105.940857
v 217.146210 118.943733 107.179283
v 201.540787 118.943733 107.242630
v 202.772217 118.943733 108.324196
v 205.444321 118.943748 109.797279
v 211.077286 118.943748 109.691261
v 206.862961 118.943748 110.174126
v 208.321991 118.943748 110.301369
v 202.966370 118.943748 112.963676
v 212.164948 118.943748 113.566933
v 212.308090 118.943741 87.876656
v 207.666794 118.943741 87.338936
v 204.385406 118.943741 89.790802
v 210.722473 118.943741 96.988594
v 216.932495 118.943733 108.268929
v 211.584885 118.943748 109.385033
v 204.319351 118.943748 113.500168
v 211.111938 118.943748 113.901070
v 214.959000 118.943741 84.813652
v 207.068741 118.943741 87.481621
v 204.266357 118.943741 90.274849
v 212.331604 118.943741 97.984001
v 212.687424 118.943733 108.239388
v 212.389038 118.943748 108.650230
v 216.586029 118.943748 109.290359
v 212.021820 118.943748 109.035072
v 209.989792 118.943748 114.107056
v 203.563614 118.943741 84.875458
v 211.142502 118.943741 87.493896
v 206.516113 118.943741 87.676613
v 200.217590 118.943741 91.361763
v 204.225739 118.943741 90.789169
v 213.850525 118.943733 99.112152
v 216.114777 118.943748 110.236107
v 204.524292 118.943741 84.337303
v 206.013031 118.943741 87.921158
v 204.481400 118.943741 92.118599
v 215.188980 118.943733 100.426895
v 215.526688 118.943748 111.098640
v 216.029968 118.943741 90.348701
v 163.589478 119.414757 87.663567
v 155.440201 119.414757 87.477142
v 156.332947 119.414757 87.581993
v 157.127197 119.414757 87.754150
v 164.109802 119.414757 88.647446
v 157.826004 119.414757 87.991455
v 160.348053 119.414757 91.978394
v 160.302551 119.414757 91.296967
v 164.209381 119.414757 95.324226
v 159.551758 119.414757 94.885345
v 159.147781 119.414757 95.364410
v 163.884750 119.414757 96.013412
v 158.041351 119.414757 96.157837
v 158.646561 119.414757 95.791183
v 159.775452 119.414749 99.510201
v 151.671051 119.414749 100.743477
v 151.671051 119.414764 113.780968
v 147.354584 119.414764 113.780968
v 156.802368 119.414749 101.866631
v 156.208099 119.414749 101.454628
v 158.840836 119.414749 103.939529
v 165.413284 119.414764 113.780968
v 170.566620 119.414764 113.780968
v 147.354584 119.414757 83.741875
v 151.671051 119.414757 87.441704
v 156.401459 119.414757 83.808144
v 157.771820 119.414757 84.004112
v 151.671051 119.414757 96.867462
v 158.432465 119.414757 88.291779
v 158.949585 119.414757 88.652954
v 164.487930 119.414757 89.726768
v 160.186127 119.414757 90.663551
v 163.491791 119.414757 96.658241
v 161.060547 119.414749 100.493889
v 155.641693 119.414749 101.154556
v 159.036331 119.414757 84.325478
v 159.380463 119.414757 89.072876
v 159.728134 119.414757 89.549370
v 159.995667 119.414757 90.080307
v 164.718597 119.414757 90.897240
v 157.325409 119.414757 96.456612
v 156.492004 119.414757 96.679672
v 163.031845 119.414757 97.257195
v 154.020706 119.414749 100.760902
v 155.094238 119.414749 100.949936
v 160.189835 119.414757 84.767960
v 164.796646 119.414757 92.154579
v 159.865189 119.414757 94.361755
v 155.534424 119.414757 96.819221
v 162.506256 119.414757 97.808731
v 154.556854 119.414749 100.824219
v 162.215912 119.414749 101.639061
v 161.227081 119.414757 85.327309
v 160.329483 119.414757 92.601997
v 164.759232 119.414757 93.005859
v 160.094788 119.414757 93.801468
v 161.916473 119.414749 98.311333
v 162.142914 119.414757 85.999207
v 160.247284 119.414757 93.212280
v 164.647980 119.414757 93.818932
v 161.263809 119.414749 98.763466
v 157.433334 119.414749 102.407104
v 163.288086 119.414749 102.945755
v 162.932114 119.414757 86.779381
v 164.464233 119.414757 94.592224
v 160.549698 119.414749 99.163605
v 100.916481 120.454803 82.388840
v 103.287170 120.454803 82.258789
v 105.485825 120.454803 82.395622
v 115.881508 120.454803 88.183937
v 107.719940 120.454803 87.110001
v 99.106918 120.454803 86.759407
v 97.455261 120.454803 87.381157
v 109.058762 120.454803 87.767754
v 110.280754 120.454803 88.586395
v 116.996765 120.454803 89.828102
v 111.375038 120.454803 89.553833
v 87.944855 120.454803 91.438179
v 88.856529 120.454803 89.645409
v 93.773315 120.454803 90.269592
v 92.934669 120.454803 91.464859
v 91.434822 120.454803 95.292023
v 91.237885 120.454803 96.539589
v 114.267578 120.454796 100.771202
v 114.553467 120.454796 99.315735
v 118.167015 120.454796 102.963676
v 113.803055 120.454796 102.158470
v 113.169693 120.454796 103.462685
v 117.471481 120.454796 104.550766
v 89.202950 120.454796 106.081146
v 88.337769 120.454796 104.583389
v 93.262199 120.454796 104.595306
v 94.180740 120.454796 105.702065
v 95.266273 120.454796 106.682175
v 106.371986 120.454811 108.713310
v 107.812851 120.454811 108.218880
v 108.363396 120.454811 112.243210
v 106.590591 120.454811 112.650253
v 100.381355 120.454811 113.454041
v 99.323067 120.454811 112.694305
v 116.332626 120.454811 115.142502
v 114.078346 120.454811 118.816635
v 103.716209 120.454811 115.554001
v 109.908455 120.454811 118.107788
v 96.022911 120.454803 88.195168
v 89.998222 120.454803 88.016594
v 94.799171 120.454803 89.168846
v 112.330757 120.454803 90.658020
v 117.892410 120.454803 91.623985
v 91.174629 120.454803 97.718803
v 114.650932 120.454803 97.806885
v 87.647537 120.454796 102.982254
v 92.510674 120.454796 103.377831
v 112.377281 120.454796 104.669022
v 116.602219 120.454796 106.042435
v 96.518822 120.454811 107.519768
v 109.143593 120.454811 107.552414
v 97.511528 120.454811 112.245712
v 101.465195 120.454811 114.187775
v 117.082230 120.454811 115.029640
v 107.578339 120.454803 82.795502
v 91.356316 120.454803 86.564247
v 113.137070 120.454803 91.886833
v 118.552223 120.454803 93.555672
v 114.550888 120.454803 96.200333
v 87.142212 120.454796 101.289352
v 91.926147 120.454796 102.065544
v 111.435593 120.454796 105.762642
v 110.354439 120.454796 106.728722
v 115.570381 120.454811 107.425354
v 97.938377 120.454811 108.198898
v 95.805336 120.454811 111.612343
v 111.195793 120.454811 114.470810
v 117.954338 120.454811 114.984673
v 106.089569 120.454811 116.746490
v 109.548515 120.454803 83.442513
v 92.917206 120.454803 85.300957
v 113.056984 120.454803 85.414375
v 103.110985 120.454803 86.222893
v 100.988594 120.454803 86.362465
v 106.275131 120.454803 86.625214
v 113.783104 120.454803 93.228210
v 114.257980 120.454803 94.670074
v 118.959999 120.454803 95.607262
v 91.258118 120.454796 99.220116
v 91.508636 120.454796 100.674324
v 86.831726 120.454796 99.516312
v 114.387146 120.454811 108.686234
v 99.524940 120.454811 108.703682
v 94.214470 120.454811 110.805855
v 110.040619 120.454811 111.603561
v 102.576256 120.454811 114.889694
v 111.380135 120.454803 84.320770
v 94.667282 120.454803 84.239220
v 104.735184 120.454803 86.325485
v 119.099533 120.454803 97.762848
v 86.726028 120.454803 97.674751
v 113.063660 120.454811 109.811760
v 101.278503 120.454811 109.018219
v 92.748856 120.454811 109.837860
v 111.611099 120.454811 110.788643
v 113.081795 120.454811 114.951645
v 96.592918 120.454803 83.391602
v 92.272507 120.454803 92.722076
v 86.865982 120.454803 95.465385
v 118.992203 120.454796 99.556412
v 104.830795 120.454811 109.020828
v 91.418434 120.454811 108.720001
v 103.199074 120.454811 109.126602
v 98.680534 120.454803 82.770622
v 114.562843 120.454803 86.707397
v 91.776123 120.454803 94.008659
v 87.276810 120.454803 93.382347
v 118.677643 120.454796 101.294449
v 90.233154 120.454811 107.463890
v 114.773270 120.454811 115.175545
v 106.590591 120.454811 112.738342
v 60.013783 119.657433 86.274498
v 47.708538 119.657433 87.617882
v 60.730309 119.657433 87.104118
v 57.429558 119.657433 90.032234
v 57.152157 119.657433 89.538811
v 62.064545 119.657433 94.634392
v 57.714844 119.657433 93.587700
v 57.509373 119.657433 94.198578
v 57.227283 119.657433 94.751640
v 61.727425 119.657433 95.677536
v 53.377041 119.657433 96.875977
v 47.708538 119.657433 96.911507
v 55.367981 119.657425 100.491631
v 47.708538 119.657425 100.787514
v 53.862427 119.657425 100.711998
v 61.312103 119.657433 88.022453
v 56.798439 119.657433 89.082397
v 56.871780 119.657433 95.245377
v 56.446087 119.657433 95.678230
v 61.251743 119.657433 96.650490
v 54.105556 119.657433 96.770401
v 53.697796 119.657433 87.665962
v 54.513374 119.657433 87.804268
v 55.225880 119.657433 88.023933
v 61.761150 119.657433 89.019089
v 56.363056 119.657433 88.671867
v 57.840477 119.657433 92.920540
v 55.953403 119.657433 96.048691
v 55.396946 119.657433 96.355225
v 54.779922 119.657433 96.596306
v 60.635357 119.657433 97.543922
v 54.340496 119.657433 83.820877
v 55.760532 119.657433 84.051003
v 55.840656 119.657433 88.316086
v 62.079430 119.657433 90.083618
v 57.883072 119.657433 92.198624
v 43.392075 119.657433 113.780968
v 59.876133 119.657425 98.348488
v 47.708538 119.657433 113.780968
v 57.035892 119.657433 84.421829
v 57.635998 119.657433 90.553795
v 62.268944 119.657433 91.205666
v 57.857395 119.657433 91.645859
v 58.971924 119.657425 99.054878
v 43.392075 119.657433 83.741875
v 58.168556 119.657433 84.922943
v 57.776825 119.657433 91.094627
v 62.331673 119.657433 92.374802
v 57.920586 119.657425 99.653748
v 59.160526 119.657433 85.543968
v 62.265251 119.657433 93.530357
v 56.719986 119.657425 100.135780
v -3.198313 119.856682 83.909286
v -0.986323 119.856682 83.489807
v 13.174409 119.856682 87.915199
v -8.828577 119.856682 86.615112
v 1.375699 119.856682 87.309563
v 3.021878 119.856682 87.408707
v 4.583482 119.856682 87.699043
v 6.049347 119.856682 88.169830
v 14.470876 119.856682 89.403000
v -6.970938 119.856682 90.557922
v -7.939890 119.856682 91.643517
v -14.226835 119.856682 94.729004
v -13.594981 119.856682 92.840729
v -8.758046 119.856682 92.856041
v -9.414091 119.856682 94.184799
v -9.896708 119.856682 95.619095
v 12.691945 119.856682 95.619095
v 12.208846 119.856682 94.184799
v 17.043083 119.856674 102.717392
v 12.691948 119.856674 101.888451
v 12.208849 119.856674 103.319450
v -9.896705 119.856674 101.888466
v -9.414089 119.856674 103.319458
v 16.431719 119.856674 104.589218
v 9.760878 119.856674 106.948387
v 10.732150 119.856674 105.860580
v -10.412000 119.856697 109.525055
v -11.698370 119.856674 108.026161
v -4.625919 119.856697 108.702667
v -3.272486 119.856697 109.346809
v -1.813527 119.856697 109.820732
v -0.260359 119.856697 110.113274
v 6.024341 119.856697 113.598267
v -5.361212 119.856697 112.914490
v -3.310467 119.856697 113.601311
v 3.744755 119.856697 114.028831
v 1.375699 119.856682 83.345459
v 7.408311 119.856682 88.810371
v 8.649210 119.856682 89.609978
v 15.551855 119.856682 91.045296
v -12.728675 119.856682 91.064865
v 11.551861 119.856682 92.856041
v 11.551863 119.856674 104.647209
v -8.758045 119.856674 104.647217
v 15.587740 119.856674 106.360115
v -12.771091 119.856674 106.379669
v -6.970938 119.856674 106.948395
v -5.862509 119.856674 107.899483
v 1.375699 119.856697 110.213272
v -1.091186 119.856697 114.029655
v 1.287608 119.856697 114.177383
v -0.260360 119.856682 87.408707
v -11.638471 119.856682 89.421738
v -5.862509 119.856682 89.609978
v 9.760876 119.856682 90.557922
v 10.732147 119.856682 91.643517
v 16.408319 119.856682 92.822151
v -13.621134 119.856674 104.607780
v -7.939889 119.856674 105.860596
v 14.518030 119.856674 108.007439
v 3.775597 119.856682 83.488983
v 6.014147 119.856682 83.906242
v -1.813529 119.856682 87.699043
v -10.334921 119.856682 87.931709
v -3.272486 119.856682 88.169830
v -4.625919 119.856682 88.810371
v 17.031256 119.856682 94.713722
v -14.239479 119.856674 102.732666
v 8.649212 119.856674 107.899475
v 7.408314 119.856697 108.702660
v 13.229467 119.856697 109.508560
v 3.021880 119.856697 110.113266
v 4.583485 119.856697 109.820724
v 8.082330 119.856682 84.577362
v 17.411633 119.856682 96.700104
v -10.194575 119.856682 97.148209
v 12.989995 119.856674 100.365387
v -14.617105 119.856674 100.776474
v 6.049350 119.856697 109.346802
v 11.728935 119.856697 110.840843
v -5.249722 119.856682 84.583557
v 9.971113 119.856682 85.482498
v -7.129992 119.856682 85.492279
v 12.989993 119.856682 97.148209
v 17.540430 119.856674 98.761421
v -10.296380 119.856674 98.761421
v -14.744984 119.856674 98.761421
v -10.194571 119.856674 100.365402
v 13.091825 119.856674 98.761421
v -8.921001 119.856697 110.854195
v 10.023315 119.856697 111.981636
v -7.234398 119.856697 111.991402
v 11.671481 119.856682 86.601738
v -14.613687 119.856682 96.709343
v 17.414944 119.856674 100.767250
v 8.119491 119.856697 112.908318
v -7.011757 120.898140 30.887178
v -7.011757 120.898140 43.968716
v 9.813657 120.898140 43.968716
v 9.813657 120.898140 30.887178
v 14.130125 120.898140 30.887178
v 14.130125 120.898132 60.926262
v 9.813657 120.898132 60.926262
v 9.813657 120.898140 47.844723
v -7.011757 120.898140 47.844723
v -11.328224 120.898132 60.926262
v -7.011757 120.898132 60.926262
v -11.328224 120.898140 30.887178
v 53.968040 120.390594 30.887178
v 53.968040 120.390587 60.926262
v 49.651573 120.390587 60.926262
v 49.651573 120.390594 30.887178
v 101.618835 121.931503 57.633240
v 105.180016 121.931519 61.795135
v 100.898613 121.931519 60.727036
v 100.512863 121.931519 61.256554
v 100.018532 121.931519 61.689110
v 99.402451 121.931519 62.025009
v 104.704407 121.931519 62.831352
v 98.651474 121.931519 62.264557
v 97.705307 121.931519 66.552055
v 97.752472 121.931519 62.408066
v 96.383949 121.931519 66.463966
v 104.108444 121.931519 63.760674
v 101.669411 121.931519 26.382490
v 105.985886 121.931519 26.382490
v 103.386757 121.931519 64.573448
v 102.534012 121.931519 65.260056
v 101.188942 121.931503 60.100250
v 95.591118 121.931519 62.455818
v 101.544846 121.931519 65.810852
v 105.938179 121.931503 58.141418
v 105.791550 121.931503 59.440529
v 101.396973 121.931503 59.375893
v 100.413910 121.931519 66.216209
v 105.540604 121.931503 60.661644
v 99.135849 121.931519 66.466492
v 149.997482 120.848488 44.629398
v 162.638550 120.848488 30.887178
v 168.012100 120.848488 30.887178
v 154.930588 120.848488 45.113895
v 165.281296 120.848480 60.926262
v 149.997482 120.848488 46.082901
v 171.227448 120.848480 60.926262
v 145.681015 120.848480 60.926262
v 149.997482 120.848480 60.926262
v 145.681015 120.848488 30.887178
v 149.997482 120.848488 30.887178
v 204.968201 119.340660 30.887178
v 204.968201 119.340652 57.050247
v 218.534241 119.340652 57.050247
v 200.651733 119.340652 60.926262
v 218.534241 119.340652 60.926262
v 200.651733 119.340660 30.887178
v 262.888763 120.244576 43.219936
v 272.887146 120.244576 30.887178
v 276.895294 120.244576 30.887178
v 263.241150 120.244576 49.166092
v 262.536407 120.244576 49.166092
v 253.286819 120.244576 37.538055
v 253.198730 120.244576 37.538055
v 252.934464 120.244576 30.887178
v 276.895294 120.244568 60.926262
v 248.882263 120.244568 60.926262
v 253.198730 120.244568 60.926262
v 248.882263 120.244576 30.887178
v 272.578796 120.244568 60.926262
v 272.578796 120.244576 37.538055
v 272.490723 120.244576 37.538055
v 310.017548 120.330635 30.887178
v 330.366638 120.330627 54.143238
v 330.366638 120.330635 30.887178
v 334.418823 120.330635 30.887178
v 334.418823 120.330627 60.926262
v 330.718994 120.330627 60.926262
v 310.634186 120.330635 37.802334
v 306.582001 120.330627 60.926262
v 310.634186 120.330627 60.926262
v 306.582001 120.330635 30.887178
v -14.631644 120.652901 8.071562
v -1.726289 120.652901 -22.143711
v 1.312858 120.652901 -22.143711
v -0.272785 120.652908 -15.536871
v -4.765434 120.652908 -4.657612
v 14.746763 120.652901 8.071562
v 4.572230 120.652908 -4.657612
v 10.342203 120.652901 8.071562
v 6.334054 120.652908 -0.781601
v -6.439166 120.652908 -0.781601
v -10.227086 120.652901 8.071562
v 57.080074 120.665611 -19.556030
v 45.622711 120.665604 -18.091516
v 57.764694 120.665604 -18.797621
v 53.694077 120.665604 -16.841721
v 53.244545 120.665604 -17.200027
v 59.154705 120.665619 -12.830107
v 54.785042 120.665619 -13.137280
v 54.655121 120.665619 -12.435124
v 59.000877 120.665619 -12.159124
v 50.438972 120.665619 -9.238557
v 51.279129 120.665619 -9.404211
v 45.622711 120.665619 -9.106216
v 45.622711 120.665619 -5.230206
v 56.121269 120.665619 -8.575630
v 59.324219 120.665619 -5.710908
v 59.992596 120.665619 -5.070539
v 51.903980 120.665619 -5.190493
v 57.069756 120.665619 -2.442947
v 56.754829 120.665619 -2.985513
v 61.860619 120.665619 0.990214
v 57.346386 120.665619 0.570965
v 57.178486 120.665619 1.129564
v 61.679161 120.665619 1.933727
v 56.590958 120.665619 2.183445
v 56.929379 120.665619 1.670269
v 56.400810 120.665611 7.339304
v 41.306248 120.665611 8.071562
v 54.991577 120.665611 7.734695
v 58.317635 120.665604 -17.974058
v 52.707539 120.665604 -17.505873
v 54.828243 120.665619 -13.907185
v 54.438026 120.665619 -11.800566
v 58.784195 120.665619 -11.530354
v 52.028896 120.665619 -9.636393
v 54.696110 120.665619 -7.872941
v 52.887997 120.665619 -5.074006
v 53.773216 120.665619 -4.884722
v 60.567379 120.665619 -4.363184
v 56.347542 120.665619 -3.479139
v 61.368317 120.665619 2.868677
v 52.230904 120.665619 4.144852
v 45.622711 120.665619 4.195550
v 53.397911 120.665611 7.984490
v 41.306248 120.665611 -21.967527
v 51.569405 120.665611 -21.889071
v 50.522686 120.665604 -18.052084
v 51.351498 120.665604 -17.937559
v 58.742104 120.665604 -17.099112
v 52.078156 120.665604 -17.753603
v 54.800831 120.665619 -14.461398
v 54.133301 120.665619 -11.233454
v 58.503887 120.665619 -10.942570
v 52.688736 120.665619 -9.935256
v 54.696110 120.665619 -7.784849
v 54.560711 120.665619 -4.626617
v 55.251549 120.665619 -4.303668
v 61.045204 120.665619 -3.592361
v 55.846802 120.665619 -3.919849
v 56.155117 120.665619 2.659460
v 55.613750 120.665619 3.088674
v 60.921211 120.665619 3.777933
v 53.275433 120.665619 3.999180
v 52.960587 120.665611 -21.662876
v 59.041325 120.665604 -16.186543
v 54.715282 120.665619 -14.997107
v 53.740482 120.665619 -10.733634
v 58.159195 120.665619 -10.394548
v 53.259113 120.665619 -10.300952
v 55.782021 120.665619 -7.532171
v 61.422699 120.665619 -2.761588
v 57.441181 120.665619 0.004107
v 54.958748 120.665619 3.461457
v 54.182014 120.665619 3.768170
v 60.330956 120.665611 4.644367
v 54.204033 120.665611 -21.302711
v 54.061024 120.665604 -16.436619
v 54.350277 120.665619 -15.990377
v 59.218502 120.665619 -15.250116
v 54.566730 120.665619 -15.508656
v 57.749352 120.665619 -9.885068
v 56.791142 120.665619 -7.194924
v 61.696507 120.665619 -1.874381
v 57.470978 120.665619 -0.561373
v 59.590668 120.665611 5.450849
v 55.302956 120.665611 -20.822338
v 59.276848 120.665619 -14.303595
v 57.273590 120.665619 -9.412904
v 57.720127 120.665619 -6.776618
v 57.293377 120.665619 -1.855417
v 61.863255 120.665619 -0.934257
v 57.426758 120.665619 -1.226902
v 58.693470 120.665611 6.180253
v 56.260567 120.665611 -20.235523
v 59.246441 120.665619 -13.544521
v 56.731152 120.665619 -8.976832
v 49.507973 120.665619 -9.139276
v 58.565605 120.665619 -6.280773
v 61.919586 120.665619 0.055264
v 57.632477 120.665611 6.815447
v 96.125061 120.962227 -20.288902
v 98.037651 120.962227 -21.174706
v 114.950478 120.962227 -19.897385
v 106.317734 120.962219 -18.318066
v 114.950478 120.962250 -15.272599
v 97.170624 120.962219 -16.082855
v 91.463341 120.962219 -16.368845
v 90.317566 120.962250 -14.690219
v 96.032883 120.962250 -15.129453
v 88.170761 120.962250 -6.507527
v 88.312347 120.962250 -8.744063
v 92.720604 120.962250 -5.263824
v 88.274345 120.962250 -4.889744
v 93.018227 120.962250 -3.718993
v 99.829063 120.962250 3.669068
v 92.046761 120.962250 3.342168
v 93.486412 120.962242 4.748441
v 110.017365 120.962250 3.633969
v 115.258797 120.962242 5.825237
v 101.367302 120.962250 4.126832
v 95.165848 120.962242 5.985109
v 101.691925 120.962242 8.293602
v 107.652672 120.962242 8.271832
v 109.417259 120.962227 -21.774824
v 100.104858 120.962227 -21.825603
v 94.381927 120.962227 -19.182867
v 95.038284 120.962250 -14.038405
v 88.727234 120.962250 -10.863146
v 88.588379 120.962250 -3.211245
v 93.503036 120.962250 -2.278463
v 103.019318 120.962242 4.408105
v 97.089989 120.962242 7.013782
v 102.311852 120.962227 -22.226906
v 106.978920 120.962227 -22.220100
v 111.395821 120.962219 -17.042582
v 104.599762 120.962219 -18.399834
v 89.400581 120.962250 -12.850091
v 94.198463 120.962250 -12.820728
v 89.117729 120.962250 -1.510418
v 94.165848 120.962250 -0.951259
v 90.842033 120.962250 1.804677
v 111.787338 120.962250 2.970429
v 104.775932 120.962242 4.503870
v 92.823067 120.962219 -17.871288
v 102.920624 120.962219 -18.299818
v 93.525040 120.962250 -11.487431
v 89.867325 120.962250 0.174351
v 94.997513 120.962250 0.253597
v 112.173981 120.962242 7.195544
v 109.692528 120.962219 -17.645554
v 101.326523 120.962219 -18.007101
v 93.029633 120.962250 -10.049525
v 95.988853 120.962250 1.327081
v 106.494530 120.962242 4.405582
v 99.263725 120.962242 7.796076
v 99.829063 120.962219 -17.532690
v 92.723869 120.962250 -8.518023
v 97.130669 120.962250 2.260170
v 108.007568 120.962219 -18.068680
v 98.439888 120.962219 -16.887608
v 92.619354 120.962250 -6.903935
v 115.258797 120.962250 1.112359
v 98.413795 120.962250 3.043839
v 108.247375 120.962250 4.113984
v 109.579872 120.962242 7.942254
v 167.673035 122.286316 -17.117006
v 156.819901 122.286316 -17.987494
v 158.639816 122.286316 -17.685114
v 160.274063 122.286316 -17.198904
v 161.725266 122.286316 -16.543398
v 168.863022 122.286331 -15.613979
v 162.995972 122.286331 -15.733114
v 167.006531 122.286331 -5.951503
v 167.056396 122.286331 -6.947983
v 171.012131 122.286331 -3.159041
v 166.844742 122.286331 -4.837873
v 166.552643 122.286331 -3.645941
v 166.111877 122.286331 -2.414552
v 170.407303 122.286331 -1.349376
v 161.035919 122.286331 2.974660
v 162.495224 122.286331 2.128669
v 160.182617 122.286324 7.494278
v 143.844376 122.286324 8.071562
v 157.956070 122.286324 7.923238
v 164.088837 122.286331 -14.782591
v 169.826370 122.286331 -13.993647
v 166.976120 122.286331 -8.434854
v 165.504105 122.286331 -1.182550
v 169.573532 122.286331 0.371741
v 163.714142 122.286331 1.127906
v 148.160843 122.286316 -18.091516
v 143.844376 122.286324 -21.967527
v 158.162689 122.286324 -21.807428
v 165.006409 122.286331 -13.706354
v 170.567657 122.286331 -12.286446
v 166.733582 122.286331 -9.868655
v 164.710999 122.286331 0.011217
v 168.518295 122.286331 1.980297
v 160.554764 122.286324 -21.347422
v 148.160843 122.286331 4.195549
v 165.751328 122.286331 -12.518934
v 166.326172 122.286331 -11.234857
v 171.091461 122.286331 -10.522812
v 167.249100 122.286331 3.452281
v 162.697235 122.286324 -20.617941
v 171.402390 122.286331 -8.733181
v 159.317841 122.286331 3.627035
v 165.773438 122.286324 4.763682
v 164.594711 122.286324 -19.649424
v 171.505005 122.286331 -6.947983
v 157.322617 122.286331 4.046946
v 164.098816 122.286324 5.890490
v 166.251785 122.286316 -18.472300
v 171.380554 122.286331 -5.033246
v 162.232712 122.286324 6.808692
v 217.136215 121.005318 -21.967527
v 217.136215 121.005310 -18.091515
v 216.695755 121.005325 -9.018124
v 204.407028 121.005325 -5.142113
v 216.695755 121.005325 -5.142113
v 200.090576 121.005318 8.071562
v 204.407028 121.005325 4.195550
v 217.532639 121.005325 4.195550
v 217.532639 121.005318 8.071562
v 200.090576 121.005318 -21.967527
v 204.407028 121.005310 -18.091515
v 204.407028 121.005325 -9.018124
v 259.691315 121.787857 -6.061591
v 255.374863 121.787849 7.900858
v 259.691315 121.787849 7.900858
v 255.374863 121.787849 -22.138231
v 271.407471 121.787849 -22.138231
v 259.691315 121.787842 -18.262218
v 271.407471 121.787842 -18.262218
v 259.691315 121.787857 -9.937603
v 271.407471 121.787857 -9.937603
v 271.407471 121.787857 -6.061591
v 319.811066 122.645416 -22.226219
v 323.741821 122.645416 -22.312347
v 325.346436 122.645416 -22.142080
v 328.669403 122.645416 -21.352522
v 323.773438 122.645409 -18.315823
v 313.728180 122.645424 -15.096419
v 312.757599 122.645424 -14.000937
v 307.162628 122.645424 -12.943001
v 308.075684 122.645424 -14.748947
v 311.935364 122.645424 -12.781577
v 323.286102 122.645424 -2.851743
v 323.286102 122.645424 -6.727755
v 333.372498 122.645424 -6.727755
v 310.785675 122.645424 -3.734285
v 311.276794 122.645424 -2.297044
v 309.149506 122.645424 2.707684
v 308.031586 122.645424 1.094413
v 313.783234 122.645424 1.310565
v 314.929504 122.645424 2.246788
v 316.214325 122.645424 3.034051
v 333.372498 122.645416 6.001419
v 319.159241 122.645424 4.123771
v 320.799164 122.645416 4.407264
v 315.538849 122.645416 7.325535
v 329.551971 122.645416 7.423929
v 329.194733 122.645409 -17.075205
v 321.964691 122.645409 -18.399836
v 309.212585 122.645409 -16.402569
v 314.834564 122.645424 -16.056091
v 311.946747 122.645424 -0.970834
v 307.135773 122.645424 -0.674242
v 312.785614 122.645424 0.234863
v 322.537292 122.645416 4.503870
v 317.539948 122.645416 7.950840
v 320.367401 122.645409 -18.298134
v 310.556915 122.645409 -17.887806
v 317.404602 122.645409 -17.520302
v 316.064240 122.645409 -16.868029
v 311.274017 122.645424 -11.450269
v 306.477173 122.645424 -2.584209
v 327.712616 122.645416 7.895380
v 319.672272 122.645416 8.336342
v 312.092072 122.645416 -19.188604
v 318.843201 122.645409 -18.000978
v 310.786102 122.645424 -10.018940
v 306.070892 122.645424 -4.621418
v 313.801605 122.645416 -20.288902
v 332.755890 122.645416 -19.809294
v 310.484131 122.645424 -8.499518
v 305.932098 122.645424 -6.771800
v 310.483643 122.645424 -5.273076
v 313.684143 122.645416 6.474499
v 315.668945 122.645416 -21.172642
v 325.584595 122.645409 -18.065416
v 332.755890 122.645424 -15.448782
v 306.074371 122.645424 -8.938369
v 310.380707 122.645424 -6.903936
v 329.056061 122.645424 3.314639
v 324.804810 122.645424 4.342369
v 311.990875 122.645416 5.411797
v 324.911652 122.645416 8.330330
v 317.677582 122.645416 -21.823767
v 306.490021 122.645424 -11.000789
v 329.056061 122.645424 -2.851743
v 317.627563 122.645424 3.662874
v 310.474304 122.645424 4.151502
v 243.100906 -92.294151 170.724976
v 243.100906 -113.274300 170.724976
v 243.100906 -92.294151 131.414185
v 243.100906 -113.274300 131.414185
v 282.411713 -92.294167 170.724976
v 282.411682 -113.274315 170.724976
v 282.411713 -92.294167 131.414185
v 282.411682 -113.274315 131.414185
v -18.925638 -92.294075 12.389936
v -18.925638 -113.274223 12.389929
v -18.925638 -92.294067 -26.920832
v -18.925638 -113.274223 -26.920839
v 20.385132 -92.294083 12.389936
v 20.385132 -113.274239 12.389929
v 20.385132 -92.294083 -26.920832
v 20.385132 -113.274231 -26.920839
v 32.136669 -92.294090 12.406519
v 32.136669 -113.274239 12.406511
v 32.136669 -92.294090 -26.904261
v 32.136669 -113.274231 -26.904268
v 71.447456 -92.294106 12.406519
v 71.447456 -113.274246 12.406511
v 71.447456 -92.294098 -26.904261
v 71.447456 -113.274246 -26.904268
v 83.861610 -92.294106 12.218605
v 83.861610 -113.274261 12.218597
v 83.861610 -92.294106 -27.092176
v 83.861610 -113.274261 -27.092184
v 123.172379 -92.294121 12.218605
v 123.172379 -113.274277 12.218597
v 123.172379 -92.294113 -27.092176
v 123.172379 -113.274261 -27.092184
v 136.757004 -92.294128 12.235577
v 136.757004 -113.274277 12.235569
v 136.757004 -92.294113 -27.075182
v 136.757004 -113.274277 -27.075190
v 176.067795 -92.294128 12.235577
v 176.067795 -113.274292 12.235569
v 176.067795 -92.294128 -27.075182
v 176.067795 -113.274284 -27.075190
v 189.720764 -92.294136 12.584322
v 189.720764 -113.274292 12.584314
v 189.720764 -92.294136 -26.726448
v 189.720764 -113.274284 -26.726456
v 229.031525 -92.294151 12.584322
v 229.031525 -113.274300 12.584314
v 229.031525 -92.294151 -26.726448
v 229.031525 -113.274300 -26.726456
v 242.648926 -92.294151 12.295845
v 242.648911 -113.274300 12.295837
v 242.648926 -92.294151 -27.014914
v 242.648911 -113.274300 -27.014921
v 281.959717 -92.294167 12.295845
v 281.959717 -113.274315 12.295837
v 281.959717 -92.294159 -27.014914
v 281.959717 -113.274315 -27.014921
v 300.532013 -92.294174 12.341990
v 300.532013 -113.274315 12.341982
v 300.532013 -92.294167 -26.968801
v 300.532013 -113.274315 -26.968809
v 339.842804 -92.294182 12.341990
v 339.842804 -113.274330 12.341982
v 339.842804 -92.294182 -26.968801
v 339.842804 -113.274323 -26.968809
v -18.868372 -92.294075 65.498322
v -18.868372 -113.274223 65.498329
v -18.868372 -92.294075 26.187559
v -18.868372 -113.274223 26.187551
v 20.442396 -92.294090 65.498322
v 20.442396 -113.274239 65.498329
v 20.442396 -92.294083 26.187559
v 20.442396 -113.274239 26.187551
v 32.372749 -92.294090 65.498322
v 32.372749 -113.274239 65.498329
v 32.372749 -92.294083 26.187559
v 32.372749 -113.274239 26.187551
v 71.683525 -92.294098 65.498322
v 71.683525 -113.274254 65.498329
v 71.683525 -92.294098 26.187559
v 71.683525 -113.274246 26.187551
v 83.752640 -92.294098 65.727486
v 83.752640 -113.274254 65.727486
v 83.752640 -92.294098 26.416712
v 83.752640 -113.274246 26.416704
v 123.063408 -92.294113 65.727486
v 123.063408 -113.274261 65.727486
v 123.063408 -92.294113 26.416712
v 123.063408 -113.274261 26.416704
v 136.718246 -92.294121 65.618523
v 136.718246 -113.274261 65.618523
v 136.718246 -92.294121 26.307753
v 136.718246 -113.274261 26.307745
v 176.029037 -92.294136 65.618523
v 176.029022 -113.274277 65.618523
v 176.029037 -92.294128 26.307753
v 176.029022 -113.274277 26.307745
v 189.748764 -92.294136 65.378128
v 189.748764 -113.274292 65.378128
v 189.748764 -92.294128 26.067350
v 189.748764 -113.274292 26.067343
v 229.059555 -92.294144 65.378128
v 229.059555 -113.274307 65.378128
v 229.059555 -92.294144 26.067350
v 229.059555 -113.274300 26.067343
v 242.853302 -92.294151 65.738716
v 242.853287 -113.274307 65.738724
v 242.853302 -92.294151 26.427950
v 242.853287 -113.274300 26.427942
v 282.164093 -92.294167 65.738716
v 282.164093 -113.274315 65.738724
v 282.164093 -92.294167 26.427950
v 282.164093 -113.274315 26.427942
v 300.655060 -92.294167 65.378128
v 300.655029 -113.274315 65.378128
v 300.655060 -92.294167 26.067350
v 300.655029 -113.274315 26.067343
v 339.965820 -92.294182 65.378128
v 339.965820 -113.274330 65.378128
v 339.965820 -92.294174 26.067350
v 339.965820 -113.274330 26.067343
v -18.988579 -92.294067 119.239632
v -18.988579 -113.274223 119.239624
v -18.988579 -92.294075 79.928841
v -18.988579 -113.274231 79.928856
v 20.322210 -92.294083 119.239632
v 20.322210 -113.274239 119.239624
v 20.322210 -92.294090 79.928841
v 20.322210 -113.274246 79.928856
v 32.241318 -92.294083 119.250854
v 32.241318 -113.274239 119.250862
v 32.241318 -92.294090 79.940079
v 32.241318 -113.274246 79.940079
v 71.552094 -92.294098 119.250854
v 71.552094 -113.274254 119.250862
v 71.552094 -92.294098 79.940079
v 71.552094 -113.274261 79.940079
v 83.861610 -92.294106 119.119438
v 83.861610 -113.274254 119.119431
v 83.861610 -92.294106 79.808655
v 83.861610 -113.274261 79.808647
v 123.172379 -92.294113 119.119438
v 123.172379 -113.274269 119.119431
v 123.172379 -92.294121 79.808655
v 123.172379 -113.274269 79.808647
v 136.688721 -92.294113 119.217155
v 136.688721 -113.274269 119.217163
v 136.688721 -92.294121 79.906380
v 136.688721 -113.274269 79.906380
v 175.999481 -92.294128 119.217155
v 175.999481 -113.274277 119.217163
v 175.999481 -92.294136 79.906380
v 175.999481 -113.274284 79.906380
v 189.639801 -92.294136 119.119438
v 189.639801 -113.274277 119.119431
v 189.639801 -92.294144 79.808655
v 189.639801 -113.274284 79.808647
v 228.950592 -92.294151 119.119438
v 228.950577 -113.274292 119.119431
v 228.950592 -92.294151 79.808655
v 228.950577 -113.274300 79.808647
v 243.059998 -92.294151 119.228394
v 243.059982 -113.274307 119.228394
v 243.059998 -92.294151 79.917618
v 243.059982 -113.274315 79.917618
v 282.370789 -92.294159 119.228394
v 282.370789 -113.274323 119.228394
v 282.370789 -92.294167 79.917618
v 282.370789 -113.274323 79.917618
v 300.534851 -92.294167 119.371521
v 300.534851 -113.274323 119.371521
v 300.534851 -92.294174 80.060745
v 300.534851 -113.274323 80.060738
v 339.845612 -92.294182 119.371521
v 339.845612 -113.274330 119.371521
v 339.845612 -92.294182 80.060745
v 339.845612 -113.274338 80.060738
v -19.928377 -92.294075 172.021286
v -19.928377 -113.274223 172.021286
v -19.928377 -92.294067 132.710495
v -19.928377 -113.274223 132.710510
v 19.382391 -92.294083 172.021286
v 19.382391 -113.274239 172.021286
v 19.382391 -92.294083 132.710495
v 19.382391 -113.274231 132.710510
v 32.402405 -92.294090 171.716858
v 32.402405 -113.274239 171.716858
v 32.402405 -92.294090 132.406082
v 32.402405 -113.274231 132.406082
v 71.713165 -92.294106 171.716858
v 71.713165 -113.274246 171.716858
v 71.713165 -92.294106 132.406082
v 71.713165 -113.274246 132.406082
v 83.793503 -92.294106 171.574203
v 83.793503 -113.274261 171.574203
v 83.793503 -92.294106 132.263412
v 83.793503 -113.274261 132.263412
v 123.104279 -92.294121 171.574203
v 123.104279 -113.274277 171.574203
v 123.104279 -92.294113 132.263412
v 123.104279 -113.274277 132.263412
v 136.977051 -92.294128 171.814590
v 136.977051 -113.274277 171.814590
v 136.977051 -92.294121 132.503799
v 136.977051 -113.274277 132.503815
v 176.287811 -92.294136 171.814590
v 176.287811 -113.274292 171.814590
v 176.287811 -92.294136 132.503799
v 176.287811 -113.274284 132.503815
v 189.898605 -92.294136 170.942886
v 189.898605 -113.274292 170.942886
v 189.898605 -92.294136 131.632095
v 189.898605 -113.274284 131.632111
v 229.209381 -92.294151 170.942886
v 229.209381 -113.274300 170.942886
v 229.209381 -92.294151 131.632095
v 229.209381 -113.274300 131.632111
v 250.170898 -126.517296 167.364563
v 246.158722 -126.517296 167.364563
v 246.158722 -126.517281 148.777588
v 250.170898 -126.517281 148.777588
v 278.460785 -126.517311 167.364563
v 274.448608 -126.517296 167.364563
v 274.448608 -126.517296 135.062531
v 278.460785 -126.517311 135.062531
v 205.924088 -126.517281 167.582504
v 192.986893 -126.517265 154.604340
v 192.986893 -126.517281 135.280441
v 212.310806 -126.517281 135.280441
v 225.288956 -126.517281 148.258591
v 225.288956 -126.517296 167.582504
v 159.558975 -126.517250 149.048401
v 140.153214 -126.517250 149.048401
v 140.153214 -126.517250 136.152145
v 172.455246 -126.517265 136.152145
v 172.455246 -126.517265 168.454193
v 159.558975 -126.517265 168.454193
v 156.201874 -126.517265 168.454193
v 140.153214 -126.517265 168.454193
v 140.153214 -126.517250 152.200806
v 156.201874 -126.517250 152.487396
v 99.944527 -126.517265 166.257736
v 99.841301 -126.517250 135.911743
v 109.544205 -126.517250 135.911743
v 109.544205 -126.517265 158.592789
v 118.910492 -126.517265 167.819138
v 119.009445 -126.517265 167.944504
v 119.042389 -126.517265 168.009094
v 118.976715 -126.517265 168.041779
v 118.779694 -126.517265 168.071640
v 100.127892 -126.517265 168.213806
v 86.904114 -126.517250 135.911743
v 96.688889 -126.517250 135.911743
v 96.934532 -126.517250 168.213806
v 87.190704 -126.517250 168.213806
v 35.573463 -126.517235 168.233643
v 35.573463 -126.517235 136.054413
v 67.559311 -126.517250 136.123230
v 67.670761 -126.517250 136.136307
v 51.703987 -126.517235 168.356461
v 67.793579 -126.517235 152.307800
v 67.806664 -126.517235 152.363525
v 67.875458 -126.517250 168.356461
v 2.803913 -126.517220 168.660889
v -16.519979 -126.517220 168.660889
v -16.519979 -126.517204 136.358841
v 15.782055 -126.517220 136.358841
v 15.782055 -126.517220 155.682755
v 304.180725 -126.517311 104.918846
v 303.658752 -126.517311 103.253929
v 303.368744 -126.517311 101.734573
v 303.303528 -126.517311 99.585213
v 335.482697 -126.517326 99.667099
v 335.411621 -126.517326 101.506012
v 335.205231 -126.517326 102.887749
v 334.659332 -126.517326 104.825600
v 333.804169 -126.517311 106.872620
v 333.253174 -126.517311 107.885323
v 332.305145 -126.517311 109.312706
v 331.592133 -126.517326 110.203163
v 330.401001 -126.517326 111.447166
v 328.598450 -126.517326 112.922157
v 326.624207 -126.517326 114.113976
v 325.039032 -126.517326 114.813797
v 323.124390 -126.517326 115.406143
v 322.005310 -126.517326 115.590378
v 320.631531 -126.517326 115.692734
v 317.389832 -126.517326 115.644676
v 316.102448 -126.517326 115.485466
v 315.574799 -126.517326 115.371750
v 313.770630 -126.517326 114.783226
v 312.228546 -126.517326 114.087242
v 310.713745 -126.517326 113.218391
v 309.289886 -126.517326 112.208519
v 308.020752 -126.517326 111.089485
v 306.657043 -126.517311 109.548538
v 305.725677 -126.517311 108.183853
v 304.898865 -126.517311 106.637207
v 309.836609 -126.517311 86.651436
v 311.794952 -126.517311 85.395927
v 313.853302 -126.517326 84.467941
v 317.045837 -126.517326 83.622978
v 317.414307 -126.517326 83.580322
v 317.570831 -126.517326 83.578629
v 317.590027 -126.517326 83.582031
v 317.608368 -126.517326 83.587715
v 317.625824 -126.517326 83.595680
v 317.642517 -126.517326 83.605911
v 317.658264 -126.517326 83.618431
v 317.673187 -126.517326 83.633209
v 317.687286 -126.517326 83.650276
v 317.712891 -126.517326 83.691208
v 317.735016 -126.517326 83.741241
v 317.745117 -126.517326 83.772385
v 317.773651 -126.517326 83.911835
v 317.878296 -126.517311 96.432785
v 303.557922 -126.517311 96.363983
v 303.508209 -126.517311 96.350914
v 303.512024 -126.517311 96.301300
v 303.542725 -126.517311 96.150047
v 305.023010 -126.517311 92.297806
v 305.862244 -126.517311 90.831635
v 306.512756 -126.517311 89.908203
v 308.032074 -126.517311 88.190971
v 321.030701 -126.517311 96.432785
v 321.030701 -126.517326 83.536537
v 323.670105 -126.517326 84.061096
v 325.966217 -126.517326 84.891281
v 327.589752 -126.517326 85.734825
v 329.608307 -126.517326 87.142723
v 331.373352 -126.517326 88.807648
v 332.520935 -126.517326 90.217529
v 333.593628 -126.517326 91.900764
v 333.917725 -126.517326 92.552414
v 334.953156 -126.517326 95.230598
v 335.118073 -126.517326 95.827644
v 335.151062 -126.517326 96.028931
v 335.155182 -126.517326 96.105270
v 335.106232 -126.517326 96.157578
v 334.959564 -126.517326 96.205353
v 334.372772 -126.517326 96.287239
v 268.471405 -126.517311 115.490761
v 258.727570 -126.517311 115.490761
v 258.727570 -126.517296 83.188713
v 278.051453 -126.517311 83.188713
v 268.471405 -126.517296 92.768784
v 255.575119 -126.517296 115.490761
v 245.872238 -126.517296 115.490761
v 245.872238 -126.517296 83.188713
v 255.575119 -126.517296 83.188713
v 198.828278 -126.517265 102.813049
v 224.784515 -126.517281 102.485535
v 224.620758 -126.517296 114.663048
v 224.528641 -126.517296 115.236221
v 224.474915 -126.517296 115.393150
v 224.416046 -126.517296 115.463661
v 224.260269 -126.517296 115.483292
v 192.482498 -126.517281 115.586494
v 192.482498 -126.517265 109.117889
v 198.910141 -126.517281 83.284454
v 224.784515 -126.517296 83.079758
v 224.784515 -126.517281 95.894119
v 192.482498 -126.517265 96.180695
v 192.482498 -126.517281 89.712105
v 162.173294 -126.517265 115.684227
v 149.277054 -126.517265 115.684227
v 149.277054 -126.517265 83.382179
v 171.876190 -126.517265 83.382179
v 171.677139 -126.517265 102.197739
v 171.635361 -126.517265 102.394760
v 171.589584 -126.517265 102.460449
v 171.548660 -126.517265 102.419495
v 171.507721 -126.517265 102.419495
v 162.255173 -126.517265 96.319366
v 145.838043 -126.517250 95.828087
v 145.784592 -126.517250 95.753311
v 139.574158 -126.517265 83.382179
v 145.919937 -126.517265 83.382179
v 86.685638 -126.517250 115.586494
v 86.685638 -126.517235 96.057884
v 99.459068 -126.517250 83.284454
v 118.987686 -126.517250 83.284454
v 118.987686 -126.517250 102.608353
v 106.009552 -126.517250 115.586494
v 35.125797 -126.517235 115.717926
v 35.125797 -126.517235 96.189308
v 47.899227 -126.517235 83.415871
v 67.427811 -126.517235 83.415871
v 67.427811 -126.517250 115.717926
v -15.559689 -126.517220 98.112518
v -15.334526 -126.517220 96.300896
v 15.376820 -126.517220 96.411476
v 15.916707 -126.517220 96.487381
v 16.038668 -126.517220 96.518372
v 16.131655 -126.517220 96.552200
v 16.195627 -126.517220 96.588882
v 16.230585 -126.517220 96.628418
v 16.256731 -126.517220 96.711151
v 16.302235 -126.517220 96.963615
v 16.394335 -126.517220 99.535202
v 16.212383 -126.517220 102.228165
v 16.025873 -126.517220 103.301720
v 15.734735 -126.517220 104.338882
v 15.298051 -126.517220 105.485222
v 14.302967 -126.517220 107.522293
v 13.374972 -126.517220 108.984779
v 12.310531 -126.517235 110.313065
v 11.109600 -126.517235 111.507164
v 9.772222 -126.517235 112.567070
v 8.298375 -126.517235 113.492783
v 6.345746 -126.517235 114.443222
v 4.071251 -126.517235 115.225632
v 1.869583 -126.517235 115.616837
v 0.796019 -126.517235 115.665756
v -1.326055 -126.517220 115.525864
v -3.482262 -126.517220 115.143738
v -5.474678 -126.517220 114.515984
v -6.909047 -126.517220 113.862938
v -8.342796 -126.517220 113.022797
v -9.244624 -126.517220 112.380264
v -10.918642 -126.517220 110.897324
v -12.407285 -126.517204 109.166451
v -13.635497 -126.517204 107.283188
v -14.147257 -126.517204 106.290375
v -14.966064 -126.517204 104.202423
v -15.234729 -126.517204 103.114929
v -15.473553 -126.517204 101.465942
v -7.105484 -126.517220 85.206032
v -4.521692 -126.517220 84.114281
v -3.543675 -126.517220 83.814049
v -1.323785 -126.517220 83.522911
v 1.937807 -126.517220 83.550209
v 3.602724 -126.517220 83.741272
v 5.012887 -126.517220 84.059700
v 6.980312 -126.517220 84.805733
v 8.788508 -126.517220 85.761009
v 10.437516 -126.517220 86.925552
v 11.202298 -126.517220 87.586266
v 12.612481 -126.517220 89.064667
v 13.863434 -126.517220 90.752342
v 14.902865 -126.517220 92.536369
v 14.986443 -126.517220 92.760696
v 14.998391 -126.517220 92.816124
v 15.002374 -126.517220 92.861900
v 14.901153 -126.517220 92.901138
v 14.597509 -126.517220 92.936951
v -14.147257 -126.517220 93.107544
v -13.893657 -126.517220 92.099678
v -13.625261 -126.517220 91.446907
v -13.238598 -126.517220 90.755463
v -12.110452 -126.517220 89.256584
v -10.658212 -126.517220 87.742355
v -9.430000 -126.517220 86.684723
v -8.128983 -126.517220 85.781761
v 304.733765 -126.517311 61.870735
v 304.733765 -126.517311 35.996361
v 311.161438 -126.517326 29.568716
v 337.035797 -126.517326 29.568716
v 337.035797 -126.517326 39.271603
v 314.436646 -126.517326 39.271603
v 314.436646 -126.517311 61.870735
v 337.035797 -126.517326 61.870735
v 317.589050 -126.517311 61.870735
v 317.589050 -126.517326 42.464958
v 337.035797 -126.517326 42.464958
v 247.057510 -126.517281 62.231331
v 263.310883 -126.517296 45.937031
v 247.057510 -126.517296 29.970255
v 279.441406 -126.517311 29.929304
v 279.441406 -126.517296 62.231331
v 193.614944 -126.517281 42.014622
v 193.636551 -126.517281 41.945244
v 199.891312 -126.517281 29.407503
v 199.919769 -126.517281 29.364012
v 199.926315 -126.517281 29.408361
v 199.960739 -126.517281 42.096497
v 193.703659 -126.517281 42.039635
v 193.637115 -126.517281 42.027695
v 216.399170 -126.517281 48.416115
v 216.418793 -126.517281 48.483212
v 216.464569 -126.517281 48.461884
v 225.953110 -126.517296 42.363461
v 225.998856 -126.517296 42.342140
v 226.011917 -126.517296 42.408951
v 226.080750 -126.517281 61.625092
v 203.358765 -126.517281 61.625092
v 203.358765 -126.517281 29.159311
v 216.295975 -126.517296 29.159311
v 150.129547 -126.517250 62.152069
v 150.129547 -126.517265 29.399702
v 172.851501 -126.517281 29.399702
v 172.851501 -126.517265 48.764545
v 163.066727 -126.517265 42.336891
v 163.066727 -126.517265 61.865479
v 140.385696 -126.517265 29.645338
v 146.731476 -126.517265 29.399702
v 146.731476 -126.517265 42.582535
v 140.385696 -126.517265 42.582535
v 103.239449 -126.517250 49.037266
v 103.265602 -126.517250 48.970177
v 103.289490 -126.517250 48.768879
v 103.403206 -126.517250 29.713366
v 119.738457 -126.517250 29.713366
v 119.738457 -126.517250 62.179161
v 87.272667 -126.517235 62.179161
v 87.272667 -126.517235 42.732437
v 103.164673 -126.517250 49.015381
v 44.386967 -126.517220 31.285593
v 46.952579 -126.517235 30.230234
v 47.989719 -126.517235 29.934557
v 50.208763 -126.517235 29.596231
v 52.920467 -126.517235 29.550741
v 54.237408 -126.517235 29.664457
v 55.768406 -126.517235 29.934557
v 58.079269 -126.517235 30.698782
v 59.125511 -126.517235 31.162779
v 61.479588 -126.517235 32.591141
v 62.538933 -126.517235 33.434967
v 63.980804 -126.517235 34.862766
v 64.843948 -126.517235 35.922668
v 66.304176 -126.517235 38.255707
v 66.877350 -126.517235 39.493019
v 67.706383 -126.517235 42.104111
v 68.214302 -126.517235 45.614765
v 51.797203 -126.517220 45.614765
v 51.797203 -126.517220 62.031876
v 47.943657 -126.517220 61.443352
v 46.415207 -126.517220 60.983910
v 44.955002 -126.517220 60.383461
v 43.563042 -126.517220 59.641983
v 42.239285 -126.517220 58.759491
v 40.990891 -126.517220 57.741653
v 39.860474 -126.517220 56.622627
v 38.855152 -126.517220 55.408054
v 37.974953 -126.517220 54.097965
v 37.219807 -126.517220 52.692341
v 36.223610 -126.517220 50.088936
v 35.980515 -126.517220 49.035564
v 35.775803 -126.517220 47.384296
v 35.816742 -126.517220 43.340279
v 35.953213 -126.517220 42.503281
v 36.377411 -126.517220 40.963459
v 36.940350 -126.517220 39.482784
v 37.642006 -126.517220 38.061241
v 38.482441 -126.517220 36.698841
v 39.461594 -126.517220 35.395565
v 40.579483 -126.517220 34.151432
v 41.839539 -126.517220 32.996002
v 43.108711 -126.517220 32.040718
v 55.481819 -126.517220 61.540596
v 55.436047 -126.517220 61.497086
v 55.394257 -126.517220 61.366600
v 55.322617 -126.517220 60.844620
v 55.195229 -126.517220 49.012821
v 67.027046 -126.517235 49.140179
v 67.549019 -126.517235 49.211819
v 67.679512 -126.517235 49.253628
v 67.723007 -126.517235 49.299400
v 67.711922 -126.517235 49.484486
v 67.678658 -126.517235 49.698566
v 67.323860 -126.517235 50.844894
v 66.126343 -126.517220 53.434391
v 65.297287 -126.517220 54.820679
v 64.365898 -126.517220 56.086411
v 63.332153 -126.517220 57.231606
v 62.196053 -126.517220 58.256256
v 60.300007 -126.517220 59.567207
v 58.683563 -126.517220 60.410896
v 55.982929 -126.517220 61.451744
v 55.556438 -126.517220 61.537041
v -15.296205 -126.517220 48.808109
v -15.322371 -126.517220 48.741020
v -15.346248 -126.517220 48.539726
v -15.459974 -126.517220 29.484209
v 17.005810 -126.517220 29.484209
v 17.005810 -126.517220 61.950005
v 0.670571 -126.517220 61.950005
v 0.547744 -126.517220 42.462337
v -15.221996 -126.517220 48.786224
v 326.432007 -126.517311 8.621124
v 313.494812 -126.517311 8.621124
v 313.494812 -126.517311 -23.844690
v 336.216797 -126.517326 -23.844690
v 336.216797 -126.517311 -4.397940
v 326.776611 -126.517311 -13.724422
v 326.654633 -126.517311 -13.822496
v 326.595795 -126.517311 -13.855206
v 326.569611 -126.517311 -13.777014
v 326.545715 -126.517311 -13.542461
v 310.096771 -126.517311 8.621124
v 303.751007 -126.517311 8.621124
v 303.751007 -126.517311 -23.844690
v 310.096771 -126.517311 -23.844690
v 278.377319 -126.517296 8.574991
v 271.785889 -126.517296 8.574991
v 271.785889 -126.517311 -23.890802
v 278.377319 -126.517311 -23.890802
v 255.614395 -126.517311 -23.890802
v 268.592560 -126.517311 -23.890802
v 268.592560 -126.517296 8.574991
v 246.116196 -126.517296 8.574991
v 246.116196 -126.517296 -10.830787
v 255.556381 -126.517296 -1.504325
v 255.678345 -126.517296 -1.406240
v 255.737198 -126.517296 -1.373542
v 255.743744 -126.517296 -1.396562
v 255.749710 -126.517296 -1.465663
v 198.458572 -126.517296 -19.323490
v 200.717133 -126.517296 -21.083933
v 201.924881 -126.517296 -21.793554
v 203.184937 -126.517296 -22.389469
v 204.497299 -126.517296 -22.871668
v 206.698135 -126.517296 -23.438568
v 209.308075 -126.517296 -23.602337
v 209.308075 -126.517296 -7.348965
v 220.690948 -126.517296 4.171510
v 220.730469 -126.517296 4.237185
v 220.720383 -126.517296 4.289921
v 220.690109 -126.517296 4.352615
v 220.639633 -126.517296 4.425254
v 220.568985 -126.517296 4.507841
v 220.367126 -126.517296 4.702885
v 217.457504 -126.517281 6.673149
v 214.814590 -126.517281 7.921832
v 213.759247 -126.517281 8.285742
v 212.539825 -126.517281 8.556408
v 211.418518 -126.517281 8.683777
v 208.197601 -126.517281 8.721449
v 206.314392 -126.517281 8.567924
v 205.541550 -126.517281 8.433580
v 204.531677 -126.517281 8.158375
v 202.184433 -126.517281 7.184898
v 200.853317 -126.517281 6.462751
v 199.616562 -126.517281 5.633717
v 198.474243 -126.517281 4.697768
v 196.937683 -126.517281 3.093417
v 196.031311 -126.517281 1.890216
v 195.224426 -126.517281 0.588652
v 194.547760 -126.517281 -0.760118
v 193.786530 -126.517281 -2.855746
v 193.448196 -126.517281 -4.301166
v 193.245224 -126.517281 -5.785268
v 193.177536 -126.517281 -7.308022
v 193.368607 -126.517281 -9.819039
v 193.762650 -126.517281 -11.666475
v 194.622406 -126.517281 -14.081978
v 195.929077 -126.517281 -16.593552
v 196.297531 -126.517281 -17.095066
v 212.706161 -126.517296 -9.068466
v 212.706161 -126.517296 -23.356693
v 214.974365 -126.517296 -22.629707
v 218.160339 -126.517296 -21.009445
v 219.051910 -126.517296 -20.408970
v 220.288666 -126.517296 -19.393147
v 221.503235 -126.517296 -18.185396
v 222.567703 -126.517296 -16.875299
v 223.482025 -126.517296 -15.462856
v 224.246262 -126.517296 -13.948048
v 225.176498 -126.517296 -11.242564
v 225.381210 -126.517296 -10.089417
v 225.494919 -126.517296 -8.636042
v 225.456558 -126.517296 -5.452621
v 225.210922 -126.517296 -3.664886
v 224.711899 -126.517296 -2.062527
v 223.591751 -126.517296 0.507056
v 223.334198 -126.517296 0.959528
v 223.202271 -126.517296 1.134658
v 223.148239 -126.517296 1.184279
v 223.102173 -126.517296 1.208588
v 223.064087 -126.517296 1.207588
v 222.996155 -126.517296 1.159257
v 172.517639 -126.517281 -20.716761
v 172.517639 -126.517265 5.198538
v 158.556946 -126.517265 -7.370179
v 158.488724 -126.517265 -7.447524
v 158.464844 -126.517265 -7.482781
v 158.447754 -126.517265 -7.515758
v 158.441803 -126.517265 -7.531390
v 158.437515 -126.517265 -7.546454
v 158.434982 -126.517265 -7.560962
v 158.434113 -126.517265 -7.574891
v 158.442642 -126.517265 -7.628762
v 158.468231 -126.517265 -7.694860
v 158.570602 -126.517265 -7.863748
v 158.979996 -126.517265 -8.348207
v 140.420303 -126.517250 8.187183
v 140.381073 -126.517250 8.076027
v 140.345261 -126.517250 7.742533
v 140.174667 -126.517265 -23.992002
v 157.887680 -126.517265 -7.890482
v 157.942856 -126.517265 -7.820525
v 141.807144 -126.517265 7.186704
v 140.660812 -126.517250 8.076015
v 98.558372 -126.517250 -10.989955
v 119.601776 -126.517265 -23.968075
v 119.601776 -126.517250 8.456787
v 98.723282 -126.517250 -4.394545
v 98.599319 -126.517250 -4.439470
v 98.521980 -126.517250 -4.417296
v 87.381638 -126.517235 1.906312
v 87.334152 -126.517250 -17.251551
v 87.340698 -126.517250 -17.294773
v 87.392433 -126.517250 -17.285664
v 87.520386 -126.517250 -17.231079
v 46.893887 -126.517220 0.620380
v 56.865173 -126.517235 -6.275825
v 58.033707 -126.517235 -7.182481
v 58.111565 -126.517235 -7.281154
v 58.092228 -126.517235 -7.308290
v 57.937561 -126.517235 -7.443634
v 46.975754 -126.517235 -15.346416
v 46.934811 -126.517235 -15.346416
v 46.902122 -126.517235 -15.291534
v 46.845249 -126.517235 -14.852569
v 46.843845 -126.517220 0.396342
v 46.867722 -126.517220 0.564373
v 35.471478 -126.517235 -23.534506
v 67.937279 -126.517235 -23.780149
v 67.937279 -126.517235 8.890356
v 35.471478 -126.517220 8.890356
v -3.194158 -126.517220 -22.936951
v -0.975113 -126.517220 -23.275303
v 1.718711 -126.517220 -23.320776
v 3.019707 -126.517220 -23.207069
v 4.543596 -126.517220 -22.936951
v 6.302905 -126.517220 -22.388819
v 7.950736 -126.517220 -21.672358
v 9.487172 -126.517220 -20.787596
v 11.582811 -126.517220 -19.144840
v 12.840574 -126.517220 -17.839294
v 13.976975 -126.517220 -16.379108
v 14.932251 -126.517220 -14.846109
v 15.696476 -126.517220 -13.253976
v 16.269629 -126.517220 -11.602709
v 16.771154 -126.517220 -9.014925
v 16.866680 -126.517220 -7.215819
v 16.675629 -126.517220 -4.713902
v 16.102453 -126.517220 -2.284781
v 15.147179 -126.517220 0.071578
v 14.013357 -126.517220 2.034443
v 12.658913 -126.517204 3.774415
v 11.083825 -126.517204 5.291495
v 9.288135 -126.517204 6.585660
v 7.271821 -126.517204 7.656944
v 5.034864 -126.517204 8.505314
v 4.113721 -126.517204 8.738163
v 2.694437 -126.517204 8.945147
v -0.561170 -126.517204 9.009386
v -1.959982 -126.517204 8.884300
v -3.167723 -126.517204 8.659126
v -5.517540 -126.517204 7.866897
v -6.823076 -126.517204 7.245971
v -8.064948 -126.517204 6.512454
v -9.243117 -126.517204 5.666354
v -11.402151 -126.517204 3.642354
v -12.339226 -126.517204 2.506252
v -13.531634 -126.517204 0.680566
v -14.184402 -126.517204 -0.617582
v -15.148779 -126.517204 -3.408366
v -15.476297 -126.517204 -5.391703
v -15.441608 -126.517204 -8.482704
v -15.155031 -126.517204 -10.748076
v -14.631901 -126.517204 -12.722322
v -14.281620 -126.517204 -13.600274
v -13.593048 -126.517204 -14.912630
v -5.826011 -126.517204 -7.242832
v -5.773409 -126.517204 -7.215819
v -5.738142 -126.517204 -7.237993
v 0.695190 -126.517220 -13.602545
v -6.936802 -126.517220 -21.348253
v -7.016129 -126.517220 -21.451466
v -7.042564 -126.517220 -21.504057
v -7.032184 -126.517220 -21.540274
v -7.001064 -126.517220 -21.580803
v -6.949164 -126.517220 -21.625605
v -6.876524 -126.517220 -21.674637
v -6.534064 -126.517220 -21.847353
v 250.170929 -106.693909 167.364578
v 246.158722 -106.693909 167.364578
v 246.158722 -106.693909 148.777588
v 250.170929 -106.693909 148.777588
v 278.460785 -106.693916 167.364578
v 274.448608 -106.693916 167.364578
v 274.448608 -106.693916 135.062531
v 278.460785 -106.693924 135.062531
v 205.924118 -106.693901 167.582489
v 192.986908 -106.693901 154.604355
v 192.986908 -106.693901 135.280457
v 212.310806 -106.693901 135.280457
v 225.288956 -106.693909 148.258591
v 225.288956 -106.693909 167.582489
v 159.558975 -106.693886 149.048416
v 140.153229 -106.693878 149.048416
v 140.153229 -106.693878 136.152161
v 172.455261 -106.693893 136.152161
v 172.455261 -106.693893 168.454193
v 159.558975 -106.693886 168.454193
v 156.201889 -106.693886 168.454193
v 140.153229 -106.693878 168.454193
v 140.153229 -106.693878 152.200821
v 156.201889 -106.693886 152.487411
v 99.944534 -106.693863 166.257751
v 99.841316 -106.693863 135.911758
v 109.544212 -106.693871 135.911758
v 109.544212 -106.693871 158.592789
v 118.910507 -106.693871 167.819122
v 119.009453 -106.693871 167.944519
v 119.042404 -106.693871 168.009094
v 118.976723 -106.693871 168.041794
v 118.779701 -106.693871 168.071640
v 100.127899 -106.693863 168.213806
v 86.904129 -106.693863 135.911758
v 96.688896 -106.693863 135.911758
v 96.934547 -106.693863 168.213806
v 87.190712 -106.693863 168.213806
v 35.573463 -106.693848 168.233627
v 35.573463 -106.693848 136.054428
v 67.559319 -106.693855 136.123230
v 67.670776 -106.693855 136.136307
v 51.703987 -106.693855 168.356476
v 67.793594 -106.693863 152.307800
v 67.806671 -106.693863 152.363525
v 67.875465 -106.693863 168.356476
v 2.803913 -106.693840 168.660889
v -16.519979 -106.693832 168.660889
v -16.519979 -106.693832 136.358856
v 15.782055 -106.693840 136.358856
v 15.782055 -106.693840 155.682755
v 304.180725 -106.693932 104.918839
v 303.658752 -106.693932 103.253922
v 303.368744 -106.693932 101.734573
v 303.303528 -106.693932 99.585220
v 335.482697 -106.693947 99.667091
v 335.411621 -106.693947 101.506004
v 335.205231 -106.693947 102.887741
v 334.659332 -106.693939 104.825600
v 333.804169 -106.693939 106.872620
v 333.253174 -106.693939 107.885330
v 332.305145 -106.693939 109.312706
v 331.592133 -106.693939 110.203163
v 330.401001 -106.693939 111.447159
v 328.598450 -106.693939 112.922157
v 326.624207 -106.693939 114.113976
v 325.039062 -106.693939 114.813789
v 323.124390 -106.693932 115.406136
v 322.005310 -106.693932 115.590378
v 320.631531 -106.693932 115.692734
v 317.389862 -106.693932 115.644676
v 316.102478 -106.693932 115.485466
v 315.574829 -106.693932 115.371750
v 313.770630 -106.693932 114.783218
v 312.228577 -106.693932 114.087242
v 310.713745 -106.693932 113.218399
v 309.289886 -106.693932 112.208519
v 308.020752 -106.693932 111.089485
v 306.657043 -106.693932 109.548538
v 305.725677 -106.693932 108.183846
v 304.898865 -106.693932 106.637207
v 309.836639 -106.693932 86.651436
v 311.794952 -106.693932 85.395935
v 313.853333 -106.693932 84.467934
v 317.045868 -106.693939 83.622971
v 317.414307 -106.693939 83.580330
v 317.570862 -106.693939 83.578621
v 317.590057 -106.693939 83.582039
v 317.608368 -106.693939 83.587715
v 317.625854 -106.693939 83.595680
v 317.642517 -106.693939 83.605919
v 317.658264 -106.693939 83.618431
v 317.673218 -106.693939 83.633217
v 317.687317 -106.693939 83.650276
v 317.712921 -106.693939 83.691208
v 317.735046 -106.693939 83.741249
v 317.745117 -106.693939 83.772377
v 317.773682 -106.693939 83.911827
v 317.878326 -106.693932 96.432793
v 303.557953 -106.693924 96.363991
v 303.508209 -106.693924 96.350906
v 303.512024 -106.693924 96.301300
v 303.542725 -106.693924 96.150047
v 305.023010 -106.693932 92.297798
v 305.862274 -106.693932 90.831635
v 306.512756 -106.693932 89.908211
v 308.032104 -106.693932 88.190979
v 321.030731 -106.693932 96.432793
v 321.030731 -106.693939 83.536537
v 323.670105 -106.693939 84.061089
v 325.966217 -106.693939 84.891281
v 327.589783 -106.693939 85.734818
v 329.608337 -106.693939 87.142723
v 331.373352 -106.693939 88.807640
v 332.520935 -106.693939 90.217529
v 333.593658 -106.693939 91.900772
v 333.917725 -106.693939 92.552414
v 334.953156 -106.693939 95.230591
v 335.118103 -106.693939 95.827644
v 335.151062 -106.693939 96.028938
v 335.155182 -106.693939 96.105278
v 335.106262 -106.693939 96.157585
v 334.959564 -106.693939 96.205353
v 334.372803 -106.693939 96.287247
v 268.471405 -106.693916 115.490753
v 258.727570 -106.693916 115.490753
v 258.727570 -106.693916 83.188713
v 278.051483 -106.693924 83.188713
v 268.471405 -106.693916 92.768791
v 255.575119 -106.693909 115.490753
v 245.872238 -106.693909 115.490753
v 245.872238 -106.693916 83.188713
v 255.575119 -106.693916 83.188713
v 198.828293 -106.693893 102.813049
v 224.784531 -106.693909 102.485527
v 224.620758 -106.693901 114.663048
v 224.528671 -106.693901 115.236221
v 224.474915 -106.693901 115.393150
v 224.416046 -106.693901 115.463669
v 224.260269 -106.693901 115.483284
v 192.482498 -106.693893 115.586502
v 192.482498 -106.693893 109.117889
v 198.910141 -106.693893 83.284454
v 224.784531 -106.693909 83.079750
v 224.784531 -106.693901 95.894127
v 192.482498 -106.693886 96.180702
v 192.482498 -106.693893 89.712097
v 162.173294 -106.693886 115.684219
v 149.277054 -106.693886 115.684219
v 149.277054 -106.693886 83.382179
v 171.876190 -106.693886 83.382179
v 171.677155 -106.693893 102.197739
v 171.635376 -106.693893 102.394760
v 171.589600 -106.693893 102.460449
v 171.548676 -106.693893 102.419495
v 171.507721 -106.693893 102.419495
v 162.255173 -106.693886 96.319374
v 145.838043 -106.693878 95.828087
v 145.784592 -106.693878 95.753311
v 139.574173 -106.693886 83.382179
v 145.919937 -106.693886 83.382179
v 86.685646 -106.693863 115.586502
v 86.685646 -106.693863 96.057892
v 99.459076 -106.693871 83.284454
v 118.987694 -106.693878 83.284454
v 118.987694 -106.693878 102.608360
v 106.009560 -106.693871 115.586502
v 35.125797 -106.693848 115.717918
v 35.125797 -106.693840 96.189308
v 47.899227 -106.693848 83.415878
v 67.427826 -106.693855 83.415878
v 67.427826 -106.693855 115.717918
v -15.559689 -106.693840 98.112526
v -15.334526 -106.693832 96.300896
v 15.376820 -106.693840 96.411476
v 15.916707 -106.693840 96.487373
v 16.038668 -106.693840 96.518372
v 16.131655 -106.693840 96.552193
v 16.195627 -106.693840 96.588890
v 16.230585 -106.693840 96.628426
v 16.256731 -106.693840 96.711159
v 16.302235 -106.693840 96.963623
v 16.394335 -106.693848 99.535194
v 16.212383 -106.693848 102.228165
v 16.025873 -106.693848 103.301720
v 15.734735 -106.693848 104.338875
v 15.298051 -106.693848 105.485214
v 14.302967 -106.693848 107.522285
v 13.374972 -106.693848 108.984772
v 12.310531 -106.693840 110.313072
v 11.109600 -106.693840 111.507172
v 9.772222 -106.693840 112.567078
v 8.298375 -106.693840 113.492783
v 6.345746 -106.693840 114.443214
v 4.071251 -106.693840 115.225632
v 1.869583 -106.693840 115.616837
v 0.796019 -106.693840 115.665756
v -1.326055 -106.693832 115.525856
v -3.482262 -106.693832 115.143745
v -5.474678 -106.693832 114.515976
v -6.909047 -106.693832 113.862930
v -8.342796 -106.693832 113.022804
v -9.244624 -106.693832 112.380264
v -10.918642 -106.693832 110.897316
v -12.407285 -106.693832 109.166443
v -13.635497 -106.693832 107.283188
v -14.147257 -106.693832 106.290375
v -14.966064 -106.693832 104.202423
v -15.234729 -106.693832 103.114937
v -15.473553 -106.693832 101.465950
v -7.105484 -106.693840 85.206039
v -4.521692 -106.693840 84.114288
v -3.543675 -106.693840 83.814056
v -1.323785 -106.693840 83.522919
v 1.937807 -106.693840 83.550217
v 3.602724 -106.693840 83.741272
v 5.012887 -106.693840 84.059708
v 6.980312 -106.693840 84.805733
v 8.788508 -106.693840 85.761009
v 10.437516 -106.693840 86.925545
v 11.202298 -106.693840 87.586273
v 12.612481 -106.693840 89.064674
v 13.863434 -106.693840 90.752335
v 14.902865 -106.693840 92.536369
v 14.986443 -106.693840 92.760696
v 14.998391 -106.693840 92.816132
v 15.002374 -106.693840 92.861908
v 14.901153 -106.693840 92.901138
v 14.597509 -106.693840 92.936958
v -14.147257 -106.693832 93.107536
v -13.893657 -106.693832 92.099670
v -13.625261 -106.693832 91.446907
v -13.238598 -106.693832 90.755463
v -12.110452 -106.693832 89.256592
v -10.658212 -106.693832 87.742363
v -9.430000 -106.693840 86.684731
v -8.128983 -106.693840 85.781769
v 304.733795 -106.693932 61.870743
v 304.733795 -106.693924 35.996357
v 311.161438 -106.693932 29.568712
v 337.035797 -106.693939 29.568712
v 337.035797 -106.693939 39.271599
v 314.436646 -106.693932 39.271599
v 314.436646 -106.693932 61.870743
v 337.035797 -106.693939 61.870743
v 317.589081 -106.693932 61.870743
v 317.589081 -106.693932 42.464958
v 337.035797 -106.693939 42.464958
v 247.057510 -106.693916 62.231339
v 263.310883 -106.693916 45.937027
v 247.057510 -106.693916 29.970255
v 279.441406 -106.693924 29.929300
v 279.441406 -106.693924 62.231339
v 193.614944 -106.693893 42.014622
v 193.636566 -106.693893 41.945240
v 199.891312 -106.693901 29.407499
v 199.919769 -106.693901 29.364012
v 199.926315 -106.693901 29.408358
v 199.960739 -106.693901 42.096497
v 193.703674 -106.693893 42.039631
v 193.637115 -106.693893 42.027695
v 216.399170 -106.693901 48.416111
v 216.418793 -106.693901 48.483208
v 216.464569 -106.693901 48.461884
v 225.953110 -106.693909 42.363457
v 225.998886 -106.693909 42.342140
v 226.011948 -106.693909 42.408951
v 226.080750 -106.693909 61.625092
v 203.358765 -106.693901 61.625092
v 203.358765 -106.693901 29.159307
v 216.295990 -106.693909 29.159307
v 150.129547 -106.693878 62.152069
v 150.129547 -106.693886 29.399702
v 172.851517 -106.693893 29.399702
v 172.851517 -106.693886 48.764545
v 163.066727 -106.693886 42.336887
v 163.066727 -106.693886 61.865486
v 140.385696 -106.693878 29.645334
v 146.731491 -106.693886 29.399702
v 146.731491 -106.693878 42.582531
v 140.385696 -106.693878 42.582531
v 103.239456 -106.693871 49.037262
v 103.265610 -106.693871 48.970177
v 103.289497 -106.693871 48.768879
v 103.403214 -106.693871 29.713362
v 119.738464 -106.693871 29.713362
v 119.738464 -106.693878 62.179161
v 87.272682 -106.693863 62.179161
v 87.272682 -106.693863 42.732433
v 103.164680 -106.693871 49.015381
v 44.386967 -106.693855 31.285593
v 46.952579 -106.693855 30.230230
v 47.989719 -106.693855 29.934553
v 50.208763 -106.693855 29.596231
v 52.920479 -106.693855 29.550737
v 54.237415 -106.693855 29.664454
v 55.768414 -106.693855 29.934553
v 58.079281 -106.693863 30.698778
v 59.125523 -106.693863 31.162775
v 61.479599 -106.693863 32.591137
v 62.538944 -106.693863 33.434967
v 63.980816 -106.693863 34.862762
v 64.843956 -106.693863 35.922665
v 66.304184 -106.693863 38.255703
v 66.877357 -106.693863 39.493015
v 67.706390 -106.693855 42.104111
v 68.214317 -106.693855 45.614761
v 51.797203 -106.693848 45.614761
v 51.797203 -106.693855 62.031883
v 47.943657 -106.693855 61.443359
v 46.415207 -106.693848 60.983917
v 44.955002 -106.693848 60.383461
v 43.563042 -106.693848 59.641983
v 42.239285 -106.693848 58.759491
v 40.990891 -106.693848 57.741653
v 39.860474 -106.693848 56.622627
v 38.855152 -106.693848 55.408058
v 37.974953 -106.693848 54.097961
v 37.219807 -106.693848 52.692337
v 36.223610 -106.693848 50.088932
v 35.980515 -106.693848 49.035561
v 35.775803 -106.693848 47.384293
v 35.816742 -106.693848 43.340279
v 35.953213 -106.693848 42.503277
v 36.377411 -106.693848 40.963459
v 36.940350 -106.693848 39.482780
v 37.642006 -106.693848 38.061237
v 38.482441 -106.693848 36.698837
v 39.461594 -106.693848 35.395561
v 40.579483 -106.693848 34.151428
v 41.839539 -106.693855 32.996002
v 43.108711 -106.693855 32.040714
v 55.481827 -106.693855 61.540596
v 55.436058 -106.693855 61.497093
v 55.394268 -106.693855 61.366608
v 55.322628 -106.693855 60.844620
v 55.195240 -106.693848 49.012821
v 67.027054 -106.693855 49.140179
v 67.549034 -106.693855 49.211815
v 67.679527 -106.693855 49.253624
v 67.723015 -106.693855 49.299397
v 67.711937 -106.693855 49.484486
v 67.678665 -106.693855 49.698566
v 67.323868 -106.693855 50.844891
v 66.126350 -106.693863 53.434391
v 65.297295 -106.693863 54.820683
v 64.365913 -106.693863 56.086414
v 63.332165 -106.693855 57.231606
v 62.196060 -106.693855 58.256256
v 60.300018 -106.693855 59.567207
v 58.683575 -106.693855 60.410904
v 55.982941 -106.693855 61.451744
v 55.556450 -106.693855 61.537048
v -15.296205 -106.693825 48.808109
v -15.322371 -106.693825 48.741020
v -15.346248 -106.693825 48.539722
v -15.459974 -106.693832 29.484205
v 17.005810 -106.693848 29.484205
v 17.005810 -106.693840 61.950005
v 0.670571 -106.693832 61.950005
v 0.547744 -106.693832 42.462337
v -15.221996 -106.693825 48.786224
v 326.432007 -106.693939 8.621120
v 313.494812 -106.693932 8.621120
v 313.494812 -106.693932 -23.844694
v 336.216797 -106.693939 -23.844694
v 336.216797 -106.693939 -4.397943
v 326.776642 -106.693939 -13.724426
v 326.654633 -106.693939 -13.822500
v 326.595795 -106.693939 -13.855209
v 326.569611 -106.693939 -13.777018
v 326.545715 -106.693939 -13.542465
v 310.096771 -106.693932 8.621120
v 303.751007 -106.693932 8.621120
v 303.751007 -106.693924 -23.844694
v 310.096771 -106.693932 -23.844694
v 278.377319 -106.693924 8.574987
v 271.785919 -106.693916 8.574987
v 271.785919 -106.693916 -23.890806
v 278.377319 -106.693916 -23.890806
v 255.614395 -106.693909 -23.890806
v 268.592560 -106.693916 -23.890806
v 268.592560 -106.693916 8.574987
v 246.116196 -106.693916 8.574987
v 246.116196 -106.693909 -10.830791
v 255.556381 -106.693909 -1.504329
v 255.678345 -106.693909 -1.406244
v 255.737228 -106.693909 -1.373546
v 255.743759 -106.693909 -1.396566
v 255.749725 -106.693909 -1.465666
v 198.458572 -106.693893 -19.323494
v 200.717133 -106.693901 -21.083937
v 201.924896 -106.693901 -21.793558
v 203.184937 -106.693901 -22.389473
v 204.497314 -106.693901 -22.871672
v 206.698135 -106.693901 -23.438572
v 209.308075 -106.693901 -23.602343
v 209.308075 -106.693901 -7.348969
v 220.690964 -106.693901 4.171505
v 220.730484 -106.693901 4.237180
v 220.720398 -106.693901 4.289917
v 220.690109 -106.693901 4.352610
v 220.639648 -106.693909 4.425250
v 220.568985 -106.693909 4.507836
v 220.367126 -106.693909 4.702880
v 217.457520 -106.693909 6.673144
v 214.814590 -106.693909 7.921827
v 213.759247 -106.693909 8.285738
v 212.539856 -106.693909 8.556404
v 211.418533 -106.693909 8.683771
v 208.197601 -106.693909 8.721443
v 206.314392 -106.693901 8.567919
v 205.541580 -106.693901 8.433577
v 204.531693 -106.693901 8.158371
v 202.184433 -106.693901 7.184893
v 200.853317 -106.693901 6.462746
v 199.616562 -106.693901 5.633712
v 198.474243 -106.693901 4.697763
v 196.937698 -106.693893 3.093413
v 196.031326 -106.693893 1.890212
v 195.224426 -106.693893 0.588648
v 194.547791 -106.693893 -0.760121
v 193.786530 -106.693893 -2.855750
v 193.448196 -106.693893 -4.301169
v 193.245224 -106.693901 -5.785272
v 193.177551 -106.693901 -7.308026
v 193.368622 -106.693901 -9.819044
v 193.762680 -106.693901 -11.666479
v 194.622421 -106.693901 -14.081982
v 195.929092 -106.693901 -16.593555
v 196.297562 -106.693901 -17.095070
v 212.706177 -106.693909 -9.068469
v 212.706177 -106.693901 -23.356697
v 214.974380 -106.693901 -22.629711
v 218.160339 -106.693901 -21.009451
v 219.051910 -106.693901 -20.408976
v 220.288681 -106.693901 -19.393152
v 221.503250 -106.693909 -18.185400
v 222.567703 -106.693909 -16.875303
v 223.482025 -106.693909 -15.462862
v 224.246262 -106.693909 -13.948051
v 225.176498 -106.693909 -11.242568
v 225.381210 -106.693909 -10.089420
v 225.494919 -106.693909 -8.636045
v 225.456558 -106.693909 -5.452625
v 225.210922 -106.693909 -3.664890
v 224.711899 -106.693909 -2.062531
v 223.591751 -106.693909 0.507052
v 223.334198 -106.693909 0.959524
v 223.202271 -106.693909 1.134654
v 223.148239 -106.693909 1.184274
v 223.102173 -106.693909 1.208583
v 223.064102 -106.693909 1.207583
v 222.996155 -106.693909 1.159253
v 172.517639 -106.693886 -20.716766
v 172.517639 -106.693893 5.198534
v 158.556961 -106.693886 -7.370183
v 158.488724 -106.693886 -7.447528
v 158.464844 -106.693886 -7.482785
v 158.447769 -106.693886 -7.515762
v 158.441818 -106.693886 -7.531394
v 158.437531 -106.693886 -7.546458
v 158.434982 -106.693886 -7.560966
v 158.434113 -106.693886 -7.574895
v 158.442642 -106.693886 -7.628766
v 158.468231 -106.693886 -7.694864
v 158.570602 -106.693886 -7.863752
v 158.979996 -106.693886 -8.348210
v 140.420319 -106.693878 8.187180
v 140.381073 -106.693878 8.076021
v 140.345261 -106.693878 7.742528
v 140.174683 -106.693878 -23.992008
v 157.887680 -106.693886 -7.890486
v 157.942856 -106.693886 -7.820529
v 141.807159 -106.693878 7.186699
v 140.660812 -106.693878 8.076012
v 98.558388 -106.693871 -10.989959
v 119.601791 -106.693871 -23.968079
v 119.601791 -106.693878 8.456781
v 98.723289 -106.693863 -4.394549
v 98.599327 -106.693863 -4.439474
v 98.521996 -106.693863 -4.417300
v 87.381653 -106.693855 1.906308
v 87.334167 -106.693863 -17.251556
v 87.340706 -106.693863 -17.294779
v 87.392441 -106.693863 -17.285667
v 87.520401 -106.693863 -17.231085
v 46.893887 -106.693855 0.620377
v 58.033714 -106.693855 -7.182485
v 58.111576 -106.693855 -7.281157
v 58.092239 -106.693855 -7.308294
v 57.937569 -106.693855 -7.443638
v 46.975754 -106.693855 -15.346420
v 46.934811 -106.693855 -15.346420
v 46.902122 -106.693855 -15.291538
v 46.872280 -106.693855 -15.126943
v 46.845249 -106.693855 -14.852572
v 46.843845 -106.693855 0.396338
v 46.867722 -106.693855 0.564370
v 35.471478 -106.693848 -23.534510
v 67.937294 -106.693855 -23.780155
v 67.937294 -106.693863 8.890352
v 35.471478 -106.693855 8.890352
v -3.194158 -106.693832 -22.936954
v -0.975113 -106.693832 -23.275309
v 1.718711 -106.693840 -23.320780
v 3.019707 -106.693840 -23.207075
v 4.543596 -106.693840 -22.936954
v 6.302905 -106.693840 -22.388824
v 7.950736 -106.693840 -21.672361
v 9.487172 -106.693840 -20.787600
v 11.582811 -106.693840 -19.144846
v 12.840574 -106.693848 -17.839298
v 13.976975 -106.693848 -16.379114
v 14.932251 -106.693848 -14.846113
v 15.696476 -106.693848 -13.253980
v 16.269629 -106.693848 -11.602713
v 16.771154 -106.693848 -9.014929
v 16.866680 -106.693840 -7.215823
v 16.675629 -106.693840 -4.713906
v 16.102453 -106.693840 -2.284784
v 15.147179 -106.693840 0.071574
v 14.013357 -106.693840 2.034439
v 12.658913 -106.693840 3.774411
v 11.083825 -106.693848 5.291490
v 9.288135 -106.693840 6.585656
v 7.271821 -106.693840 7.656939
v 5.034864 -106.693840 8.505308
v 4.113721 -106.693840 8.738159
v 2.694437 -106.693840 8.945141
v -0.561170 -106.693840 9.009382
v -1.959982 -106.693840 8.884295
v -3.167723 -106.693840 8.659122
v -5.517540 -106.693840 7.866893
v -6.823076 -106.693840 7.245966
v -8.064948 -106.693840 6.512449
v -9.243117 -106.693840 5.666349
v -11.402151 -106.693832 3.642349
v -12.339226 -106.693832 2.506247
v -13.531634 -106.693832 0.680562
v -14.184402 -106.693832 -0.617586
v -15.148779 -106.693832 -3.408370
v -15.476297 -106.693832 -5.391706
v -15.441608 -106.693832 -8.482707
v -15.155031 -106.693832 -10.748080
v -14.631901 -106.693832 -12.722326
v -14.281620 -106.693832 -13.600278
v -13.593048 -106.693832 -14.912634
v -5.826011 -106.693832 -7.242836
v -5.773409 -106.693832 -7.215823
v -5.738142 -106.693832 -7.237997
v 0.695190 -106.693840 -13.602548
v -6.936802 -106.693832 -21.348257
v -7.016129 -106.693832 -21.451469
v -7.042564 -106.693832 -21.504063
v -7.032184 -106.693832 -21.540279
v -7.001064 -106.693832 -21.580809
v -6.949164 -106.693832 -21.625610
v -6.876524 -106.693832 -21.674643
v -6.534064 -106.693832 -21.847357
v -5.067750 -106.693832 -22.382561
v -5.067750 -126.517220 -22.382555
v -4.622521 -106.693832 -22.527573
v -4.622521 -126.517220 -22.527567
v -4.212560 -106.693832 -22.655487
v -4.212560 -126.517220 -22.655481
v -3.837825 -106.693832 -22.766386
v -3.837825 -126.517220 -22.766380
v -3.498358 -106.693832 -22.860220
v -3.498358 -126.517220 -22.860214
v -3.341852 -106.693832 -22.900707
v -3.341852 -126.517220 -22.900703
v -3.194158 -106.693832 -22.936954
v -3.194158 -126.517220 -22.936951
v -2.885686 -106.693832 -23.002342
v -2.885686 -126.517220 -23.002337
v -2.260199 -106.693832 -23.116089
v -2.260199 -126.517220 -23.116085
v -1.623362 -106.693832 -23.207075
v -1.623362 -126.517220 -23.207069
v -0.975113 -106.693832 -23.275309
v -0.975113 -126.517220 -23.275303
v -0.315515 -106.693832 -23.320780
v -0.315515 -126.517220 -23.320776
v 0.355455 -106.693832 -23.343533
v 0.355455 -126.517220 -23.343527
v 1.040911 -106.693840 -23.343533
v 1.040911 -126.517220 -23.343527
v 1.718711 -106.693840 -23.320780
v 1.718711 -126.517220 -23.320776
v 2.378289 -106.693840 -23.275309
v 2.378289 -126.517220 -23.275303
v 2.701268 -106.693840 -23.244003
v 2.701268 -126.517220 -23.243998
v 3.019707 -106.693840 -23.207075
v 3.019707 -126.517220 -23.207069
v 3.642903 -106.693840 -23.116089
v 3.642903 -126.517220 -23.116085
v 3.947681 -106.693840 -23.062063
v 3.947681 -126.517220 -23.062057
v 4.247899 -106.693840 -23.002342
v 4.247899 -126.517220 -23.002337
v 4.543596 -106.693840 -22.936954
v 4.543596 -126.517220 -22.936951
v 6.302905 -106.693840 -22.388824
v 6.302905 -126.517220 -22.388819
v 7.950736 -106.693840 -21.672361
v 7.950736 -126.517220 -21.672358
v 9.487172 -106.693840 -20.787600
v 9.487172 -126.517220 -20.787596
v 11.582811 -106.693840 -19.144846
v 11.582811 -126.517220 -19.144840
v 12.840574 -106.693848 -17.839298
v 12.840574 -126.517220 -17.839294
v 13.976975 -106.693848 -16.379114
v 13.976975 -126.517220 -16.379108
v 14.932251 -106.693848 -14.846113
v 14.932251 -126.517220 -14.846109
v 15.696476 -106.693848 -13.253980
v 15.696476 -126.517220 -13.253976
v 16.269629 -106.693848 -11.602713
v 16.269629 -126.517220 -11.602709
v 16.771154 -106.693848 -9.014929
v 16.771154 -126.517220 -9.014925
v 16.866680 -106.693840 -7.215823
v 16.866680 -126.517220 -7.215819
v 16.818907 -106.693840 -5.955769
v 16.818907 -126.517220 -5.955765
v 16.759205 -106.693840 -5.332562
v 16.759205 -126.517220 -5.332559
v 16.675629 -106.693840 -4.713906
v 16.675629 -126.517220 -4.713902
v 16.568132 -106.693840 -4.099811
v 16.568132 -126.517220 -4.099807
v 16.436804 -106.693840 -3.490245
v 16.436804 -126.517220 -3.490241
v 16.281578 -106.693840 -2.885239
v 16.281578 -126.517220 -2.885235
v 16.102453 -106.693840 -2.284784
v 16.102453 -126.517220 -2.284781
v 15.147179 -106.693840 0.071574
v 15.147179 -126.517220 0.071578
v 14.013357 -106.693840 2.034439
v 14.013357 -126.517220 2.034443
v 12.658913 -106.693840 3.774411
v 12.658913 -126.517204 3.774415
v 11.083825 -106.693848 5.291490
v 11.083825 -126.517204 5.291495
v 9.288135 -106.693840 6.585656
v 9.288135 -126.517204 6.585660
v 7.271821 -106.693840 7.656939
v 7.271821 -126.517204 7.656944
v 5.034864 -106.693840 8.505308
v 5.034864 -126.517204 8.505314
v 4.741478 -106.693840 8.590321
v 4.741478 -126.517204 8.590324
v 4.434410 -106.693840 8.667944
v 4.434410 -126.517204 8.667948
v 4.113721 -106.693840 8.738159
v 4.113721 -126.517204 8.738163
v 2.694437 -106.693840 8.945141
v 2.694437 -126.517204 8.945147
v -0.561170 -106.693840 9.009382
v -0.561170 -126.517204 9.009386
v -1.284452 -106.693840 8.959360
v -1.284452 -126.517204 8.959364
v -1.628191 -106.693840 8.924948
v -1.628191 -126.517204 8.924953
v -1.959982 -106.693840 8.884295
v -1.959982 -126.517204 8.884300
v -3.167723 -106.693840 8.659122
v -3.167723 -126.517204 8.659126
v -3.439792 -106.693840 8.587193
v -3.439792 -126.517204 8.587198
v -4.148299 -106.693840 8.375238
v -4.148299 -126.517204 8.375242
v -4.840875 -106.693840 8.135145
v -4.840875 -126.517204 8.135149
v -5.517540 -106.693840 7.866893
v -5.517540 -126.517204 7.866897
v -6.823076 -106.693840 7.245966
v -6.823076 -126.517204 7.245971
v -8.064948 -106.693840 6.512449
v -8.064948 -126.517204 6.512454
v -9.243117 -106.693840 5.666349
v -9.243117 -126.517204 5.666354
v -9.808326 -106.693840 5.201072
v -9.808326 -126.517204 5.201077
v -10.357603 -106.693840 4.707648
v -10.357603 -126.517204 4.707652
v -11.402151 -106.693832 3.642349
v -11.402151 -126.517204 3.642354
v -12.339226 -106.693832 2.506247
v -12.339226 -126.517204 2.506252
v -12.765140 -106.693832 1.913892
v -12.765140 -126.517204 1.913896
v -13.162595 -106.693832 1.305327
v -13.162595 -126.517204 1.305332
v -13.531634 -106.693832 0.680562
v -13.531634 -126.517204 0.680566
v -14.184402 -106.693832 -0.617586
v -14.184402 -126.517204 -0.617582
v -15.148779 -106.693832 -3.408370
v -15.148779 -126.517204 -3.408366
v -15.261371 -106.693832 -3.931501
v -15.261371 -126.517204 -3.931497
v -15.309969 -106.693832 -4.186225
v -15.309969 -126.517204 -4.186221
v -15.353471 -106.693832 -4.436430
v -15.353471 -126.517204 -4.436426
v -15.391874 -106.693832 -4.682065
v -15.391874 -126.517204 -4.682061
v -15.425119 -106.693832 -4.923159
v -15.425119 -126.517204 -4.923155
v -15.453268 -106.693832 -5.159702
v -15.453268 -126.517204 -5.159698
v -15.476297 -106.693832 -5.391706
v -15.476297 -126.517204 -5.391703
v -15.507004 -106.693832 -5.842052
v -15.507004 -126.517204 -5.842049
v -15.514681 -106.693832 -6.060385
v -15.514681 -126.517204 -6.060381
v -15.517241 -106.693832 -6.274188
v -15.517241 -126.517204 -6.274184
v -15.499060 -106.693832 -7.402334
v -15.499060 -126.517204 -7.402330
v -15.441608 -106.693832 -8.482707
v -15.441608 -126.517204 -8.482704
v -15.327902 -106.693832 -9.651786
v -15.327902 -126.517204 -9.651782
v -15.248844 -106.693832 -10.209039
v -15.248844 -126.517204 -10.209035
v -15.155031 -106.693832 -10.748080
v -15.155031 -126.517204 -10.748076
v -14.631901 -106.693832 -12.722326
v -14.631901 -126.517204 -12.722322
v -14.281620 -106.693832 -13.600278
v -14.281620 -126.517204 -13.600274
v -13.593048 -106.693832 -14.912634
v -13.593048 -126.517204 -14.912630
v -6.083016 -106.693832 -7.458909
v -6.083016 -126.517204 -7.458905
v -5.929214 -106.693832 -7.323864
v -5.929214 -126.517204 -7.323861
v -5.826011 -106.693832 -7.242836
v -5.826011 -126.517204 -7.242832
v -5.773409 -106.693832 -7.215823
v -5.773409 -126.517204 -7.215819
v -5.738142 -106.693832 -7.237997
v -5.738142 -126.517204 -7.237993
v -5.659682 -106.693832 -7.304539
v -5.659682 -126.517204 -7.304535
v -5.373106 -106.693832 -7.570644
v -5.373106 -126.517204 -7.570640
v 0.695190 -106.693840 -13.602548
v 0.695190 -126.517220 -13.602545
v -6.619498 -106.693832 -20.990011
v -6.619498 -126.517220 -20.990007
v -6.804585 -106.693832 -21.194435
v -6.804585 -126.517220 -21.194429
v -6.936802 -106.693832 -21.348257
v -6.936802 -126.517220 -21.348253
v -7.016129 -106.693832 -21.451469
v -7.016129 -126.517220 -21.451466
v -7.042564 -106.693832 -21.504063
v -7.042564 -126.517220 -21.504057
v -7.032184 -106.693832 -21.540279
v -7.032184 -126.517220 -21.540274
v -7.001064 -106.693832 -21.580809
v -7.001064 -126.517220 -21.580803
v -6.949164 -106.693832 -21.625610
v -6.949164 -126.517220 -21.625605
v -6.876524 -106.693832 -21.674643
v -6.876524 -126.517220 -21.674637
v -6.783124 -106.693832 -21.727955
v -6.783124 -126.517220 -21.727951
v -6.668984 -106.693832 -21.785500
v -6.668984 -126.517220 -21.785496
v -6.534064 -106.693832 -21.847357
v -6.534064 -126.517220 -21.847353
v -6.378404 -106.693832 -21.913456
v -6.378404 -126.517220 -21.913450
v -6.202005 -106.693832 -21.983826
v -6.202005 -126.517220 -21.983820
v -6.004825 -106.693832 -22.058468
v -6.004825 -126.517220 -22.058462
v -5.786926 -106.693832 -22.137339
v -5.786926 -126.517220 -22.137335
v 46.893887 -106.693855 0.620377
v 46.893887 -126.517220 0.620380
v 57.410488 -106.693855 -6.679836
v 57.410477 -126.517235 -6.679832
v 57.799999 -106.693855 -6.982045
v 57.799988 -126.517235 -6.982040
v 58.033714 -106.693855 -7.182485
v 58.033707 -126.517235 -7.182481
v 58.111576 -106.693855 -7.281157
v 58.111565 -126.517235 -7.281154
v 58.092239 -106.693855 -7.308294
v 58.092228 -126.517235 -7.308290
v 57.937569 -106.693855 -7.443638
v 57.937561 -126.517235 -7.443634
v 46.975754 -106.693855 -15.346420
v 46.975754 -126.517235 -15.346416
v 46.934811 -106.693855 -15.346420
v 46.934811 -126.517235 -15.346416
v 46.902122 -106.693855 -15.291538
v 46.902122 -126.517235 -15.291534
v 46.845249 -106.693855 -14.852572
v 46.845249 -126.517235 -14.852569
v 46.765675 -106.693855 -12.657724
v 46.765675 -126.517235 -12.657721
v 46.785835 -106.693855 -0.779850
v 46.785835 -126.517235 -0.779846
v 46.822239 -106.693855 0.116293
v 46.822239 -126.517235 0.116297
v 46.843845 -106.693855 0.396338
v 46.843845 -126.517220 0.396342
v 46.867722 -106.693855 0.564370
v 46.867722 -126.517220 0.564373
v 35.471478 -106.693848 -23.534510
v 35.471478 -126.517235 -23.534506
v 66.965240 -106.693855 -23.732094
v 66.965225 -126.517235 -23.732088
v 67.159416 -106.693855 -23.739223
v 67.159409 -126.517235 -23.739218
v 67.937294 -106.693855 -23.780155
v 67.937279 -126.517235 -23.780149
v 67.937294 -106.693863 8.890352
v 67.937279 -126.517235 8.890356
v 35.471478 -106.693855 8.890352
v 35.471478 -126.517220 8.890356
v 98.558388 -106.693871 -10.989959
v 98.558372 -126.517250 -10.989955
v 103.032265 -106.693871 -13.761396
v 103.032257 -126.517250 -13.761393
v 107.119499 -106.693871 -16.289459
v 107.119484 -126.517250 -16.289455
v 110.820068 -106.693871 -18.574169
v 110.820053 -126.517265 -18.574163
v 114.133957 -106.693871 -20.615503
v 114.133949 -126.517265 -20.615498
v 115.645920 -106.693871 -21.544912
v 115.645912 -126.517265 -21.544907
v 117.061203 -106.693871 -22.413473
v 117.061188 -126.517265 -22.413469
v 118.379822 -106.693871 -23.221189
v 118.379807 -126.517265 -23.221186
v 119.601791 -106.693871 -23.968079
v 119.601776 -126.517265 -23.968075
v 119.683678 -106.693878 -15.902807
v 119.683662 -126.517265 -15.902802
v 119.684250 -106.693878 -15.513874
v 119.684242 -126.517265 -15.513870
v 119.685944 -106.693878 -15.029415
v 119.685936 -126.517265 -15.029411
v 119.692741 -106.693878 -13.773901
v 119.692734 -126.517265 -13.773898
v 119.713081 -106.693871 -10.838984
v 119.713074 -126.517265 -10.838980
v 119.721016 -106.693871 -9.340105
v 119.721008 -126.517265 -9.340101
v 119.723999 -106.693871 -8.389091
v 119.723991 -126.517265 -8.389087
v 119.724609 -106.693871 -7.837523
v 119.724594 -126.517250 -7.837519
v 119.723328 -106.693871 -6.982891
v 119.723320 -126.517250 -6.982887
v 119.721054 -106.693871 -6.327852
v 119.721046 -126.517250 -6.327848
v 119.713120 -106.693871 -4.813064
v 119.713112 -126.517250 -4.813060
v 119.692795 -106.693871 -1.837471
v 119.692787 -126.517250 -1.837468
v 119.685989 -106.693871 -0.568306
v 119.685974 -126.517250 -0.568303
v 119.684296 -106.693871 -0.080433
v 119.684280 -126.517250 -0.080429
v 119.683678 -106.693871 0.309645
v 119.683662 -126.517250 0.309649
v 119.601791 -106.693878 8.456781
v 119.601776 -126.517250 8.456787
v 99.387428 -106.693863 -4.035188
v 99.387421 -126.517250 -4.035184
v 98.985992 -106.693863 -4.259784
v 98.985977 -126.517250 -4.259780
v 98.723289 -106.693863 -4.394549
v 98.723282 -126.517250 -4.394545
v 98.599327 -106.693863 -4.439474
v 98.599319 -126.517250 -4.439470
v 98.521996 -106.693863 -4.417300
v 98.521980 -126.517250 -4.417296
v 87.381653 -106.693855 1.906308
v 87.381638 -126.517235 1.906312
v 87.299774 -106.693863 -7.673764
v 87.299767 -126.517250 -7.673760
v 87.306877 -106.693863 -15.463821
v 87.306862 -126.517250 -15.463816
v 87.313683 -106.693863 -16.350863
v 87.313675 -126.517250 -16.350859
v 87.317955 -106.693863 -16.685213
v 87.317947 -126.517250 -16.685207
v 87.322784 -106.693863 -16.946789
v 87.322777 -126.517250 -16.946783
v 87.328194 -106.693863 -17.135559
v 87.328178 -126.517250 -17.135553
v 87.334167 -106.693863 -17.251556
v 87.334152 -126.517250 -17.251551
v 87.340706 -106.693863 -17.294779
v 87.340698 -126.517250 -17.294773
v 87.392441 -106.693863 -17.285667
v 87.392433 -126.517250 -17.285664
v 87.520401 -106.693863 -17.231085
v 87.520386 -126.517250 -17.231079
v 140.420319 -106.693878 8.187180
v 140.420303 -126.517250 8.187183
v 140.381073 -106.693878 8.076021
v 140.381073 -126.517250 8.076027
v 140.345261 -106.693878 7.742528
v 140.345261 -126.517250 7.742533
v 140.312851 -106.693878 7.186699
v 140.312851 -126.517265 7.186704
v 140.283844 -106.693878 6.408545
v 140.283829 -126.517265 6.408550
v 140.258270 -106.693886 5.408065
v 140.258270 -126.517265 5.408069
v 140.236084 -106.693878 4.185249
v 140.236084 -126.517265 4.185254
v 140.217316 -106.693878 2.740108
v 140.217316 -126.517265 2.740113
v 140.201981 -106.693878 1.072642
v 140.201965 -126.517265 1.072647
v 140.190033 -106.693878 -0.817170
v 140.190033 -126.517265 -0.817166
v 140.181503 -106.693878 -2.929287
v 140.181503 -126.517265 -2.929284
v 140.176392 -106.693878 -5.263751
v 140.176376 -126.517265 -5.263747
v 140.174683 -106.693878 -7.820529
v 140.174667 -126.517265 -7.820525
v 140.174683 -106.693878 -23.992008
v 140.174667 -126.517265 -23.992002
v 142.057938 -106.693878 -22.313450
v 142.057922 -126.517265 -22.313444
v 156.700424 -106.693886 -9.023163
v 156.700409 -126.517265 -9.023159
v 157.142227 -106.693886 -8.612045
v 157.142227 -126.517265 -8.612041
v 157.487381 -106.693886 -8.286229
v 157.487366 -126.517265 -8.286225
v 157.735870 -106.693886 -8.045712
v 157.735870 -126.517265 -8.045709
v 157.887680 -106.693886 -7.890486
v 157.887680 -126.517265 -7.890482
v 157.942856 -106.693886 -7.820529
v 157.942856 -126.517265 -7.820525
v 148.553802 -106.693878 1.072642
v 148.553802 -126.517265 1.072647
v 143.840546 -106.693886 5.408065
v 143.840530 -126.517265 5.408069
v 142.712952 -106.693886 6.408545
v 142.712952 -126.517265 6.408550
v 141.807159 -106.693878 7.186699
v 141.807144 -126.517265 7.186704
v 140.660812 -106.693878 8.076012
v 140.660812 -126.517250 8.076015
v 172.517639 -106.693886 -20.716766
v 172.517639 -126.517281 -20.716761
v 172.599533 -106.693893 -14.289129
v 172.599518 -126.517281 -14.289125
v 172.599670 -106.693893 -14.142992
v 172.599670 -126.517281 -14.142988
v 172.600082 -106.693893 -13.977530
v 172.600082 -126.517281 -13.977527
v 172.601791 -106.693893 -13.588598
v 172.601791 -126.517281 -13.588594
v 172.604630 -106.693893 -13.122320
v 172.604614 -126.517281 -13.122316
v 172.608582 -106.693893 -12.578718
v 172.608582 -126.517281 -12.578714
v 172.628937 -106.693893 -10.215560
v 172.628937 -126.517281 -10.215556
v 172.635330 -106.693893 -9.294395
v 172.635315 -126.517281 -9.294392
v 172.638153 -106.693893 -8.748513
v 172.638153 -126.517281 -8.748509
v 172.639862 -106.693893 -8.257225
v 172.639847 -126.517281 -8.257221
v 172.640457 -106.693893 -7.820529
v 172.640442 -126.517281 -7.820525
v 172.640320 -106.693893 -7.608862
v 172.640320 -126.517281 -7.608859
v 172.639893 -106.693893 -7.383266
v 172.639893 -126.517281 -7.383262
v 172.639191 -106.693893 -7.143751
v 172.639175 -126.517281 -7.143747
v 172.636917 -106.693893 -6.622880
v 172.636917 -126.517281 -6.622876
v 172.633530 -106.693893 -6.046311
v 172.633514 -126.517281 -6.046308
v 172.628998 -106.693893 -5.414014
v 172.628983 -126.517265 -5.414011
v 172.606537 -106.693886 -2.746914
v 172.606522 -126.517265 -2.746910
v 172.601837 -106.693886 -2.013819
v 172.601837 -126.517265 -2.013815
v 172.600159 -106.693886 -1.623173
v 172.600143 -126.517265 -1.623169
v 172.599731 -106.693886 -1.457288
v 172.599716 -126.517265 -1.457284
v 172.599533 -106.693886 -1.311007
v 172.599518 -126.517265 -1.311004
v 172.517639 -106.693893 5.198534
v 172.517639 -126.517265 5.198538
v 165.721527 -106.693886 -0.901604
v 165.721527 -126.517265 -0.901600
v 159.407593 -106.693886 -6.596868
v 159.407593 -126.517265 -6.596864
v 159.050797 -106.693886 -6.919836
v 159.050781 -126.517265 -6.919832
v 158.790100 -106.693886 -7.156401
v 158.790085 -126.517265 -7.156397
v 158.625473 -106.693886 -7.306509
v 158.625458 -126.517265 -7.306506
v 158.556961 -106.693886 -7.370183
v 158.556946 -126.517265 -7.370179
v 158.488724 -106.693886 -7.447528
v 158.488724 -126.517265 -7.447524
v 158.464844 -106.693886 -7.482785
v 158.464844 -126.517265 -7.482781
v 158.447769 -106.693886 -7.515762
v 158.447754 -126.517265 -7.515758
v 158.441818 -106.693886 -7.531394
v 158.441803 -126.517265 -7.531390
v 158.437531 -106.693886 -7.546458
v 158.437515 -126.517265 -7.546454
v 158.434982 -106.693886 -7.560966
v 158.434982 -126.517265 -7.560962
v 158.434113 -106.693886 -7.574895
v 158.434113 -126.517265 -7.574891
v 158.442642 -106.693886 -7.628766
v 158.442642 -126.517265 -7.628762
v 158.468231 -106.693886 -7.694864
v 158.468231 -126.517265 -7.694860
v 158.570602 -106.693886 -7.863752
v 158.570602 -126.517265 -7.863748
v 158.979996 -106.693886 -8.348210
v 158.979996 -126.517265 -8.348207
v 197.926636 -106.693901 -18.812311
v 197.926636 -126.517296 -18.812307
v 198.458572 -106.693893 -19.323494
v 198.458572 -126.517296 -19.323490
v 199.561691 -106.693901 -20.260569
v 199.561661 -126.517296 -20.260565
v 200.132874 -106.693901 -20.686472
v 200.132874 -126.517296 -20.686466
v 200.717133 -106.693901 -21.083937
v 200.717133 -126.517296 -21.083933
v 201.924896 -106.693901 -21.793558
v 201.924881 -126.517296 -21.793554
v 203.184937 -106.693901 -22.389473
v 203.184937 -126.517296 -22.389469
v 204.497314 -106.693901 -22.871672
v 204.497299 -126.517296 -22.871668
v 205.697388 -106.693901 -23.220230
v 205.697357 -126.517296 -23.220226
v 206.205719 -106.693901 -23.343046
v 206.205719 -126.517296 -23.343042
v 206.698135 -106.693901 -23.438572
v 206.698135 -126.517296 -23.438568
v 206.938385 -106.693901 -23.476120
v 206.938370 -126.517296 -23.476116
v 207.174652 -106.693901 -23.506817
v 207.174652 -126.517296 -23.506811
v 207.406937 -106.693901 -23.530703
v 207.406921 -126.517296 -23.530699
v 207.635208 -106.693901 -23.547758
v 207.635208 -126.517296 -23.547754
v 209.308075 -106.693901 -23.602343
v 209.308075 -126.517296 -23.602337
v 209.308075 -106.693901 -7.348969
v 209.308075 -126.517296 -7.348965
v 220.098190 -106.693901 3.513909
v 220.098190 -126.517296 3.513913
v 220.374817 -106.693901 3.809865
v 220.374802 -126.517296 3.809869
v 220.572388 -106.693901 4.029064
v 220.572388 -126.517296 4.029068
v 220.690964 -106.693901 4.171505
v 220.690948 -126.517296 4.171510
v 220.730484 -106.693901 4.237180
v 220.730469 -126.517296 4.237185
v 220.720398 -106.693901 4.289917
v 220.720383 -126.517296 4.289921
v 220.690109 -106.693901 4.352610
v 220.690109 -126.517296 4.352615
v 220.639648 -106.693909 4.425250
v 220.639633 -126.517296 4.425254
v 220.568985 -106.693909 4.507836
v 220.568985 -126.517296 4.507841
v 220.367126 -106.693909 4.702880
v 220.367126 -126.517296 4.702885
v 220.235931 -106.693909 4.815318
v 220.235916 -126.517296 4.815322
v 220.084534 -106.693909 4.937711
v 220.084534 -126.517296 4.937716
v 219.721207 -106.693909 5.212360
v 219.721191 -126.517296 5.212365
v 219.277100 -106.693909 5.526806
v 219.277100 -126.517281 5.526811
v 218.337723 -106.693909 6.147743
v 218.337723 -126.517281 6.147748
v 217.890244 -106.693909 6.422381
v 217.890228 -126.517281 6.422386
v 217.457520 -106.693909 6.673144
v 217.457504 -126.517281 6.673149
v 217.039581 -106.693909 6.900019
v 217.039581 -126.517281 6.900024
v 216.836166 -106.693909 7.004501
v 216.836151 -126.517281 7.004506
v 215.997314 -106.693909 7.412347
v 215.997299 -126.517281 7.412351
v 215.390030 -106.693909 7.685273
v 215.390030 -126.517281 7.685277
v 215.098328 -106.693909 7.808100
v 215.098328 -126.517281 7.808105
v 214.814590 -106.693909 7.921827
v 214.814590 -126.517281 7.921832
v 214.538803 -106.693909 8.026453
v 214.538803 -126.517281 8.026457
v 214.270996 -106.693909 8.121979
v 214.270996 -126.517281 8.121983
v 214.011139 -106.693909 8.208414
v 214.011139 -126.517281 8.208418
v 213.759247 -106.693909 8.285738
v 213.759247 -126.517281 8.285742
v 213.279327 -106.693909 8.413116
v 213.279327 -126.517281 8.413120
v 213.042496 -106.693909 8.465418
v 213.042496 -126.517281 8.465424
v 212.539856 -106.693909 8.556404
v 212.539825 -126.517281 8.556408
v 212.274017 -106.693909 8.595066
v 212.273987 -126.517281 8.595070
v 211.998520 -106.693909 8.629189
v 211.998489 -126.517281 8.629192
v 211.713348 -106.693909 8.658751
v 211.713348 -126.517281 8.658754
v 211.418533 -106.693909 8.683771
v 211.418518 -126.517281 8.683777
v 208.197601 -106.693909 8.721443
v 208.197601 -126.517281 8.721449
v 207.852478 -106.693909 8.706512
v 207.852478 -126.517281 8.706518
v 207.519821 -106.693909 8.687332
v 207.519821 -126.517281 8.687336
v 207.199707 -106.693909 8.663868
v 207.199707 -126.517281 8.663874
v 206.892075 -106.693909 8.636143
v 206.892075 -126.517281 8.636147
v 206.596985 -106.693901 8.604166
v 206.596985 -126.517281 8.604172
v 206.314392 -106.693901 8.567919
v 206.314392 -126.517281 8.567924
v 205.541580 -106.693901 8.433577
v 205.541550 -126.517281 8.433580
v 205.299332 -106.693901 8.378002
v 205.299332 -126.517281 8.378008
v 205.050293 -106.693901 8.313608
v 205.050293 -126.517281 8.313612
v 204.794403 -106.693901 8.240400
v 204.794403 -126.517281 8.240404
v 204.531693 -106.693901 8.158371
v 204.531677 -126.517281 8.158375
v 202.184433 -106.693901 7.184893
v 202.184433 -126.517281 7.184898
v 200.853317 -106.693901 6.462746
v 200.853317 -126.517281 6.462751
v 199.616562 -106.693901 5.633712
v 199.616562 -126.517281 5.633717
v 198.474243 -106.693901 4.697763
v 198.474243 -126.517281 4.697768
v 196.937698 -106.693893 3.093413
v 196.937683 -126.517281 3.093417
v 196.031326 -106.693893 1.890212
v 196.031311 -126.517281 1.890216
v 195.224426 -106.693893 0.588648
v 195.224426 -126.517281 0.588652
v 194.547791 -106.693893 -0.760121
v 194.547760 -126.517281 -0.760118
v 193.786530 -106.693893 -2.855750
v 193.786530 -126.517281 -2.855746
v 193.448196 -106.693893 -4.301169
v 193.448196 -126.517281 -4.301166
v 193.245224 -106.693901 -5.785272
v 193.245224 -126.517281 -5.785268
v 193.177551 -106.693901 -7.308026
v 193.177536 -126.517281 -7.308022
v 193.368622 -106.693901 -9.819044
v 193.368607 -126.517281 -9.819039
v 193.476105 -106.693901 -10.438267
v 193.476105 -126.517281 -10.438263
v 193.607452 -106.693901 -11.054087
v 193.607422 -126.517281 -11.054082
v 193.762680 -106.693901 -11.666479
v 193.762650 -126.517281 -11.666475
v 194.622421 -106.693901 -14.081982
v 194.622406 -126.517281 -14.081978
v 195.929092 -106.693901 -16.593555
v 195.929077 -126.517281 -16.593552
v 196.297562 -106.693901 -17.095070
v 196.297531 -126.517281 -17.095066
v 196.410568 -106.693901 -17.230970
v 196.410568 -126.517281 -17.230967
v 196.534653 -106.693901 -17.374838
v 196.534653 -126.517281 -17.374832
v 196.669830 -106.693901 -17.526659
v 196.669830 -126.517296 -17.526653
v 196.816132 -106.693901 -17.686436
v 196.816132 -126.517296 -17.686430
v 196.973495 -106.693901 -17.854187
v 196.973480 -126.517296 -17.854183
v 197.141953 -106.693901 -18.029875
v 197.141937 -126.517296 -18.029871
v 197.512115 -106.693901 -18.405167
v 197.512115 -126.517296 -18.405163
v 212.706177 -106.693909 -9.068469
v 212.706161 -126.517296 -9.068466
v 212.706177 -106.693901 -23.356697
v 212.706161 -126.517296 -23.356693
v 214.032745 -106.693901 -22.964062
v 214.032745 -126.517296 -22.964056
v 214.259613 -106.693901 -22.891577
v 214.259613 -126.517296 -22.891571
v 214.492172 -106.693901 -22.811682
v 214.492172 -126.517296 -22.811678
v 214.730438 -106.693901 -22.724390
v 214.730438 -126.517296 -22.724386
v 214.974380 -106.693901 -22.629711
v 214.974365 -126.517296 -22.629707
v 215.223999 -106.693901 -22.527643
v 215.223999 -126.517296 -22.527639
v 215.479309 -106.693901 -22.418200
v 215.479309 -126.517296 -22.418194
v 215.740295 -106.693901 -22.301336
v 215.740295 -126.517296 -22.301331
v 216.007004 -106.693901 -22.177095
v 216.007004 -126.517296 -22.177090
v 216.557404 -106.693901 -21.906439
v 216.557404 -126.517296 -21.906435
v 217.123154 -106.693901 -21.609896
v 217.123154 -126.517296 -21.609890
v 217.659943 -106.693901 -21.309668
v 217.659927 -126.517296 -21.309664
v 217.914688 -106.693901 -21.159559
v 217.914688 -126.517296 -21.159555
v 218.160339 -106.693901 -21.009451
v 218.160339 -126.517296 -21.009445
v 218.624329 -106.693901 -20.709213
v 218.624329 -126.517296 -20.709208
v 218.842651 -106.693901 -20.559105
v 218.842651 -126.517296 -20.559099
v 219.051910 -106.693901 -20.408976
v 219.051910 -126.517296 -20.408970
v 220.288681 -106.693901 -19.393152
v 220.288666 -126.517296 -19.393147
v 221.503250 -106.693909 -18.185400
v 221.503235 -126.517296 -18.185396
v 222.567703 -106.693909 -16.875303
v 222.567703 -126.517296 -16.875299
v 223.482025 -106.693909 -15.462862
v 223.482025 -126.517296 -15.462856
v 224.246262 -106.693909 -13.948051
v 224.246262 -126.517296 -13.948048
v 225.176498 -106.693909 -11.242568
v 225.176498 -126.517296 -11.242564
v 225.381210 -106.693909 -10.089420
v 225.381210 -126.517296 -10.089417
v 225.494919 -106.693909 -8.636045
v 225.494919 -126.517296 -8.636042
v 225.509140 -106.693909 -8.225775
v 225.509140 -126.517296 -8.225771
v 225.517654 -106.693909 -7.796756
v 225.517654 -126.517296 -7.796752
v 225.517975 -106.693909 -6.940122
v 225.517944 -126.517296 -6.940118
v 225.497498 -106.693909 -6.166806
v 225.497498 -126.517296 -6.166803
v 225.479584 -106.693909 -5.802328
v 225.479584 -126.517296 -5.802324
v 225.456558 -106.693909 -5.452625
v 225.456558 -126.517296 -5.452621
v 225.395142 -106.693909 -4.797586
v 225.395142 -126.517296 -4.797583
v 225.313278 -106.693909 -4.201672
v 225.313263 -126.517296 -4.201668
v 225.264633 -106.693909 -3.925898
v 225.264633 -126.517296 -3.925894
v 225.210922 -106.693909 -3.664890
v 225.210922 -126.517296 -3.664886
v 224.711899 -106.693909 -2.062531
v 224.711899 -126.517296 -2.062527
v 224.616653 -106.693909 -1.811635
v 224.616653 -126.517296 -1.811631
v 224.515152 -106.693909 -1.553618
v 224.515152 -126.517296 -1.553615
v 224.407379 -106.693909 -1.288504
v 224.407379 -126.517296 -1.288500
v 224.293396 -106.693909 -1.016269
v 224.293365 -126.517296 -1.016266
v 224.046661 -106.693909 -0.450494
v 224.046661 -126.517296 -0.450490
v 223.921005 -106.693909 -0.173162
v 223.920990 -126.517296 -0.173159
v 223.803299 -106.693909 0.078880
v 223.803299 -126.517296 0.078883
v 223.693558 -106.693909 0.305621
v 223.693527 -126.517296 0.305625
v 223.591751 -106.693909 0.507052
v 223.591751 -126.517296 0.507056
v 223.497940 -106.693909 0.683183
v 223.497940 -126.517296 0.683188
v 223.412094 -106.693909 0.834004
v 223.412094 -126.517296 0.834008
v 223.334198 -106.693909 0.959524
v 223.334198 -126.517296 0.959528
v 223.202271 -106.693909 1.134654
v 223.202271 -126.517296 1.134658
v 223.148239 -106.693909 1.184274
v 223.148239 -126.517296 1.184279
v 223.102173 -106.693909 1.208583
v 223.102173 -126.517296 1.208588
v 223.064102 -106.693909 1.207583
v 223.064087 -126.517296 1.207588
v 222.996155 -106.693909 1.159253
v 222.996155 -126.517296 1.159257
v 255.778168 -106.693909 -4.689721
v 255.778137 -126.517296 -4.689717
v 255.777023 -106.693909 -6.252293
v 255.777023 -126.517296 -6.252289
v 255.773621 -106.693909 -7.719318
v 255.773605 -126.517296 -7.719315
v 255.767944 -106.693916 -9.090818
v 255.767929 -126.517296 -9.090815
v 255.759979 -106.693916 -10.366804
v 255.759964 -126.517296 -10.366800
v 255.755142 -106.693916 -10.968982
v 255.755142 -126.517296 -10.968978
v 255.749725 -106.693916 -11.547253
v 255.749710 -126.517296 -11.547249
v 255.743759 -106.693916 -12.101658
v 255.743744 -126.517296 -12.101654
v 255.737228 -106.693916 -12.632166
v 255.737198 -126.517296 -12.632162
v 255.614395 -106.693909 -23.890806
v 255.614395 -126.517311 -23.890802
v 268.592560 -106.693916 -23.890806
v 268.592560 -126.517311 -23.890802
v 268.592560 -106.693916 8.574987
v 268.592560 -126.517296 8.574991
v 246.116196 -106.693916 8.574987
v 246.116196 -126.517296 8.574991
v 246.116196 -106.693909 -10.830791
v 246.116196 -126.517296 -10.830787
v 255.123108 -106.693909 -1.896677
v 255.123093 -126.517296 -1.896673
v 255.371323 -106.693909 -1.667809
v 255.371323 -126.517296 -1.667806
v 255.556381 -106.693909 -1.504329
v 255.556381 -126.517296 -1.504325
v 255.678345 -106.693909 -1.406244
v 255.678345 -126.517296 -1.406240
v 255.737228 -106.693909 -1.373546
v 255.737198 -126.517296 -1.373542
v 255.743759 -106.693909 -1.396566
v 255.743744 -126.517296 -1.396562
v 255.749725 -106.693909 -1.465666
v 255.749710 -126.517296 -1.465663
v 255.755142 -106.693909 -1.580807
v 255.755142 -126.517296 -1.580803
v 255.759979 -106.693909 -1.742018
v 255.759964 -126.517296 -1.742014
v 255.764236 -106.693909 -1.949279
v 255.764221 -126.517296 -1.949275
v 255.767944 -106.693909 -2.202600
v 255.767929 -126.517296 -2.202596
v 255.771072 -106.693909 -2.501971
v 255.771072 -126.517296 -2.501967
v 255.773621 -106.693909 -2.847403
v 255.773605 -126.517296 -2.847399
v 255.775604 -106.693909 -3.238904
v 255.775604 -126.517296 -3.238901
v 255.777023 -106.693909 -3.676446
v 255.777023 -126.517296 -3.676442
v 255.777878 -106.693909 -4.160069
v 255.777878 -126.517296 -4.160065
v 278.377319 -106.693924 8.574987
v 278.377319 -126.517296 8.574991
v 271.785919 -106.693916 8.574987
v 271.785889 -126.517296 8.574991
v 271.785919 -106.693916 -23.890806
v 271.785889 -126.517311 -23.890802
v 278.377319 -106.693916 -23.890806
v 278.377319 -126.517311 -23.890802
v 310.096771 -106.693932 8.621120
v 310.096771 -126.517311 8.621124
v 303.751007 -106.693932 8.621120
v 303.751007 -126.517311 8.621124
v 303.751007 -106.693924 -23.844694
v 303.751007 -126.517311 -23.844690
v 310.096771 -106.693932 -23.844694
v 310.096771 -126.517311 -23.844690
v 326.432007 -106.693939 8.621120
v 326.432007 -126.517311 8.621124
v 313.494812 -106.693932 8.621120
v 313.494812 -126.517311 8.621124
v 313.494812 -106.693932 -23.844694
v 313.494812 -126.517311 -23.844690
v 336.216797 -106.693939 -23.844694
v 336.216797 -126.517326 -23.844690
v 336.216797 -106.693939 -4.397943
v 336.216797 -126.517311 -4.397940
v 327.209900 -106.693939 -13.332078
v 327.209869 -126.517311 -13.332074
v 326.961700 -106.693939 -13.560946
v 326.961700 -126.517311 -13.560942
v 326.776642 -106.693939 -13.724426
v 326.776611 -126.517311 -13.724422
v 326.654633 -106.693939 -13.822500
v 326.654633 -126.517311 -13.822496
v 326.595795 -106.693939 -13.855209
v 326.595795 -126.517311 -13.855206
v 326.569611 -106.693939 -13.777018
v 326.569611 -126.517311 -13.777014
v 326.545715 -106.693939 -13.542465
v 326.545715 -126.517311 -13.542461
v 326.524109 -106.693939 -13.151541
v 326.524109 -126.517311 -13.151537
v 326.504761 -106.693939 -12.604245
v 326.504730 -126.517311 -12.604241
v 326.460449 -106.693939 -10.024137
v 326.460419 -126.517311 -10.024134
v -15.296205 -106.693825 48.808109
v -15.296205 -126.517220 48.808109
v -15.322371 -106.693825 48.741020
v -15.322371 -126.517220 48.741020
v -15.346248 -106.693825 48.539722
v -15.346248 -126.517220 48.539726
v -15.367854 -106.693825 48.204239
v -15.367854 -126.517220 48.204239
v -15.387211 -106.693825 47.734554
v -15.387211 -126.517220 47.734558
v -15.404257 -106.693825 47.130695
v -15.404257 -126.517220 47.130699
v -15.431559 -106.693825 45.520359
v -15.431559 -126.517220 45.520363
v -15.449739 -106.693825 43.373264
v -15.449739 -126.517220 43.373268
v -15.459974 -106.693832 29.484205
v -15.459974 -126.517220 29.484209
v 17.005810 -106.693848 29.484205
v 17.005810 -126.517220 29.484209
v 17.005810 -106.693840 61.950005
v 17.005810 -126.517220 61.950005
v 0.670571 -106.693832 61.950005
v 0.670571 -126.517220 61.950005
v 0.547744 -106.693832 42.462337
v 0.547744 -126.517220 42.462337
v -7.312817 -106.693832 45.655704
v -7.312817 -126.517220 45.655704
v -11.693454 -106.693825 47.407036
v -11.693454 -126.517220 47.407040
v -13.850507 -106.693825 48.260822
v -13.850507 -126.517220 48.260826
v -14.354589 -106.693825 48.457848
v -14.354589 -126.517220 48.457851
v -14.751179 -106.693825 48.611084
v -14.751179 -126.517220 48.611084
v -15.040335 -106.693825 48.720547
v -15.040335 -126.517220 48.720551
v -15.221996 -106.693825 48.786224
v -15.221996 -126.517220 48.786224
v 44.386967 -106.693855 31.285593
v 44.386967 -126.517220 31.285593
v 45.089756 -106.693855 30.963758
v 45.089756 -126.517220 30.963762
v 45.751648 -106.693855 30.680574
v 45.751648 -126.517220 30.680578
v 46.372574 -106.693855 30.436079
v 46.372574 -126.517220 30.436079
v 46.952579 -106.693855 30.230230
v 46.952579 -126.517235 30.230234
v 47.491619 -106.693855 30.063066
v 47.491619 -126.517235 30.063066
v 47.745777 -106.693855 29.993975
v 47.745777 -126.517235 29.993979
v 47.989719 -106.693855 29.934553
v 47.989719 -126.517235 29.934557
v 49.883205 -106.693855 29.627504
v 49.883205 -126.517235 29.627508
v 51.202400 -106.693855 29.536531
v 51.202400 -126.517235 29.536531
v 53.915852 -106.693855 29.627504
v 53.915840 -126.517235 29.627508
v 54.553844 -106.693855 29.707109
v 54.553833 -126.517235 29.707113
v 54.865162 -106.693855 29.755449
v 54.865154 -126.517235 29.755453
v 55.171352 -106.693855 29.809454
v 55.171345 -126.517235 29.809458
v 55.472439 -106.693855 29.869165
v 55.472427 -126.517235 29.869169
v 55.768414 -106.693855 29.934553
v 55.768406 -126.517235 29.934557
v 56.373428 -106.693855 30.105143
v 56.373421 -126.517235 30.105146
v 56.960236 -106.693855 30.289373
v 56.960224 -126.517235 30.289377
v 57.528858 -106.693863 30.487257
v 57.528847 -126.517235 30.487257
v 57.806335 -106.693863 30.591303
v 57.806324 -126.517235 30.591307
v 58.079281 -106.693863 30.698778
v 58.079269 -126.517235 30.698782
v 58.347668 -106.693863 30.809656
v 58.347656 -126.517235 30.809660
v 58.611492 -106.693863 30.923952
v 58.611481 -126.517235 30.923952
v 58.870785 -106.693863 31.041651
v 58.870777 -126.517235 31.041655
v 59.125523 -106.693863 31.162775
v 59.125511 -126.517235 31.162779
v 61.479599 -106.693863 32.591137
v 61.479588 -126.517235 32.591141
v 62.538944 -106.693863 33.434967
v 62.538933 -126.517235 33.434967
v 63.980816 -106.693863 34.862762
v 63.980804 -126.517235 34.862766
v 64.843956 -106.693863 35.922665
v 64.843948 -126.517235 35.922668
v 65.625237 -106.693863 37.063885
v 65.625229 -126.517235 37.063889
v 65.977943 -106.693863 37.654102
v 65.977936 -126.517235 37.654106
v 66.304184 -106.693863 38.255703
v 66.304176 -126.517235 38.255707
v 66.877357 -106.693863 39.493015
v 66.877350 -126.517235 39.493019
v 67.706390 -106.693855 42.104111
v 67.706383 -126.517235 42.104111
v 68.214317 -106.693855 45.614761
v 68.214302 -126.517235 45.614765
v 51.797203 -106.693848 45.614761
v 51.797203 -126.517220 45.614765
v 51.797203 -106.693855 62.031883
v 51.797203 -126.517220 62.031876
v 49.540333 -106.693855 61.761787
v 49.540333 -126.517220 61.761787
v 48.733471 -106.693855 61.620209
v 48.733471 -126.517220 61.620201
v 47.943657 -106.693855 61.443359
v 47.943657 -126.517220 61.443352
v 46.415207 -106.693848 60.983917
v 46.415207 -126.517220 60.983910
v 44.955002 -106.693848 60.383461
v 44.955002 -126.517220 60.383461
v 43.563042 -106.693848 59.641983
v 43.563042 -126.517220 59.641983
v 42.239285 -106.693848 58.759491
v 42.239285 -126.517220 58.759491
v 40.990891 -106.693848 57.741653
v 40.990891 -126.517220 57.741653
v 39.860474 -106.693848 56.622627
v 39.860474 -126.517220 56.622627
v 38.855152 -106.693848 55.408058
v 38.855152 -126.517220 55.408054
v 37.974953 -106.693848 54.097961
v 37.974953 -126.517220 54.097965
v 37.219807 -106.693848 52.692337
v 37.219807 -126.517220 52.692341
v 36.223610 -106.693848 50.088932
v 36.223610 -126.517220 50.088936
v 36.134048 -106.693848 49.755428
v 36.134048 -126.517220 49.755432
v 36.053009 -106.693848 49.404312
v 36.053009 -126.517220 49.404316
v 35.980515 -106.693848 49.035561
v 35.980515 -126.517220 49.035564
v 35.775803 -106.693848 47.384293
v 35.775803 -126.517220 47.384296
v 35.707577 -106.693848 45.450993
v 35.707577 -126.517220 45.450993
v 35.734879 -106.693848 44.322845
v 35.734879 -126.517220 44.322845
v 35.816742 -106.693848 43.340279
v 35.816742 -126.517220 43.340279
v 35.845760 -106.693848 43.117386
v 35.845760 -126.517220 43.117386
v 35.878159 -106.693848 42.903580
v 35.878159 -126.517220 42.903584
v 35.914001 -106.693848 42.698879
v 35.914001 -126.517220 42.698883
v 35.953213 -106.693848 42.503277
v 35.953213 -126.517220 42.503281
v 36.377411 -106.693848 40.963459
v 36.377411 -126.517220 40.963459
v 36.940350 -106.693848 39.482780
v 36.940350 -126.517220 39.482784
v 37.642006 -106.693848 38.061237
v 37.642006 -126.517220 38.061241
v 38.482441 -106.693848 36.698837
v 38.482441 -126.517220 36.698841
v 39.461594 -106.693848 35.395561
v 39.461594 -126.517220 35.395565
v 40.579483 -106.693848 34.151428
v 40.579483 -126.517220 34.151432
v 40.893650 -106.693848 33.843803
v 40.893650 -126.517220 33.843807
v 41.208374 -106.693848 33.548683
v 41.208374 -126.517220 33.548687
v 41.523697 -106.693855 33.266079
v 41.523697 -126.517220 33.266083
v 41.839539 -106.693855 32.996002
v 41.839539 -126.517220 32.996002
v 42.473011 -106.693855 32.493332
v 42.473011 -126.517220 32.493332
v 42.790562 -106.693855 32.260769
v 42.790562 -126.517220 32.260773
v 43.108711 -106.693855 32.040714
v 43.108711 -126.517220 32.040718
v 43.746704 -106.693855 31.638132
v 43.746704 -126.517220 31.638136
v 44.066547 -106.693855 31.455603
v 44.066547 -126.517220 31.455606
v 55.481827 -106.693855 61.540596
v 55.481819 -126.517220 61.540596
v 55.436058 -106.693855 61.497093
v 55.436047 -126.517220 61.497086
v 55.394268 -106.693855 61.366608
v 55.394257 -126.517220 61.366600
v 55.322628 -106.693855 60.844620
v 55.322617 -126.517220 60.844620
v 55.195240 -106.693848 49.012821
v 55.195229 -126.517220 49.012821
v 65.591576 -106.693855 49.062572
v 65.591560 -126.517235 49.062576
v 66.635551 -106.693855 49.110336
v 66.635544 -126.517235 49.110340
v 67.027054 -106.693855 49.140179
v 67.027046 -126.517235 49.140179
v 67.549034 -106.693855 49.211815
v 67.549019 -126.517235 49.211819
v 67.679527 -106.693855 49.253624
v 67.679512 -126.517235 49.253628
v 67.723015 -106.693855 49.299397
v 67.723007 -126.517235 49.299400
v 67.711937 -106.693855 49.484486
v 67.711922 -126.517235 49.484486
v 67.678665 -106.693855 49.698566
v 67.678658 -126.517235 49.698566
v 67.323868 -106.693855 50.844891
v 67.323860 -126.517235 50.844894
v 67.179710 -106.693863 51.203983
v 67.179703 -126.517220 51.203987
v 67.013397 -106.693863 51.592060
v 67.013382 -126.517220 51.592064
v 66.614227 -106.693863 52.455215
v 66.614212 -126.517220 52.455219
v 66.126350 -106.693863 53.434391
v 66.126343 -126.517220 53.434391
v 65.297295 -106.693863 54.820683
v 65.297287 -126.517220 54.820679
v 64.365913 -106.693863 56.086414
v 64.365898 -126.517220 56.086411
v 63.332165 -106.693855 57.231606
v 63.332153 -126.517220 57.231606
v 62.196060 -106.693855 58.256256
v 62.196053 -126.517220 58.256256
v 60.300018 -106.693855 59.567207
v 60.300007 -126.517220 59.567207
v 59.437572 -106.693855 60.039024
v 59.437561 -126.517220 60.039024
v 59.067955 -106.693855 60.226662
v 59.067947 -126.517220 60.226662
v 58.683575 -106.693855 60.410904
v 58.683563 -126.517220 60.410896
v 58.284405 -106.693855 60.591721
v 58.284393 -126.517220 60.591713
v 57.870449 -106.693855 60.769127
v 57.870441 -126.517220 60.769127
v 57.441711 -106.693855 60.943123
v 57.441700 -126.517220 60.943123
v 57.006439 -106.693855 61.110580
v 57.006428 -126.517220 61.110580
v 56.614090 -106.693855 61.252731
v 56.614082 -126.517220 61.252731
v 56.272923 -106.693855 61.366455
v 56.272911 -126.517220 61.366455
v 56.121513 -106.693855 61.412666
v 56.121502 -126.517220 61.412666
v 55.982941 -106.693855 61.451744
v 55.982929 -126.517220 61.451744
v 55.744106 -106.693855 61.508621
v 55.744095 -126.517220 61.508621
v 55.643875 -106.693855 61.526390
v 55.643864 -126.517220 61.526382
v 55.556450 -106.693855 61.537048
v 55.556438 -126.517220 61.537041
v 103.239456 -106.693871 49.037262
v 103.239449 -126.517250 49.037266
v 103.265610 -106.693871 48.970177
v 103.265602 -126.517250 48.970177
v 103.289497 -106.693871 48.768879
v 103.289490 -126.517250 48.768879
v 103.311096 -106.693871 48.433392
v 103.311089 -126.517250 48.433395
v 103.330429 -106.693871 47.963711
v 103.330421 -126.517250 47.963715
v 103.374786 -106.693871 45.749516
v 103.374779 -126.517250 45.749519
v 103.403214 -106.693871 29.713362
v 103.403206 -126.517250 29.713366
v 119.738464 -106.693871 29.713362
v 119.738457 -126.517250 29.713366
v 119.738464 -106.693878 62.179161
v 119.738457 -126.517250 62.179161
v 87.272682 -106.693863 62.179161
v 87.272667 -126.517235 62.179161
v 87.272682 -106.693863 42.732433
v 87.272667 -126.517235 42.732437
v 101.779518 -106.693871 48.489979
v 101.779510 -126.517250 48.489983
v 102.689316 -106.693871 48.840237
v 102.689301 -126.517250 48.840240
v 102.981308 -106.693871 48.949703
v 102.981293 -126.517250 48.949707
v 103.164680 -106.693871 49.015381
v 103.164673 -126.517250 49.015381
v 140.385696 -106.693878 29.645334
v 140.385696 -126.517265 29.645338
v 145.979767 -106.693886 29.455427
v 145.979752 -126.517265 29.455431
v 146.086380 -106.693886 29.447752
v 146.086380 -126.517265 29.447756
v 146.158310 -106.693886 29.440641
v 146.158295 -126.517265 29.440645
v 146.731491 -106.693886 29.399702
v 146.731476 -126.517265 29.399702
v 146.731491 -106.693878 42.582531
v 146.731476 -126.517265 42.582535
v 140.385696 -106.693878 42.582531
v 140.385696 -126.517265 42.582535
v 150.129547 -106.693878 62.152069
v 150.129547 -126.517250 62.152069
v 150.129547 -106.693886 29.399702
v 150.129547 -126.517265 29.399702
v 172.851517 -106.693893 29.399702
v 172.851501 -126.517281 29.399702
v 172.851517 -106.693886 48.764545
v 172.851501 -126.517265 48.764545
v 163.066727 -106.693886 42.336887
v 163.066727 -126.517265 42.336891
v 163.066727 -106.693886 61.865486
v 163.066727 -126.517265 61.865479
v 216.350555 -106.693901 47.409657
v 216.350525 -126.517281 47.409660
v 216.381256 -106.693901 48.214825
v 216.381241 -126.517281 48.214825
v 216.399170 -106.693901 48.416111
v 216.399170 -126.517281 48.416115
v 216.418793 -106.693901 48.483208
v 216.418793 -126.517281 48.483212
v 216.464569 -106.693901 48.461884
v 216.464569 -126.517281 48.461884
v 225.953110 -106.693909 42.363457
v 225.953110 -126.517296 42.363461
v 225.998886 -106.693909 42.342140
v 225.998856 -126.517296 42.342140
v 226.011948 -106.693909 42.408951
v 226.011917 -126.517296 42.408951
v 226.023865 -106.693909 42.609390
v 226.023865 -126.517296 42.609394
v 226.044357 -106.693909 43.411140
v 226.044357 -126.517296 43.411144
v 226.080750 -106.693909 61.625092
v 226.080750 -126.517281 61.625092
v 203.358765 -106.693901 61.625092
v 203.358765 -126.517281 61.625092
v 203.358765 -106.693901 29.159307
v 203.358765 -126.517281 29.159311
v 216.295990 -106.693909 29.159307
v 216.295975 -126.517296 29.159311
v 193.614944 -106.693893 42.014622
v 193.614944 -126.517281 42.014622
v 193.636566 -106.693893 41.945240
v 193.636551 -126.517281 41.945244
v 199.891312 -106.693901 29.407499
v 199.891312 -126.517281 29.407503
v 199.919769 -106.693901 29.364012
v 199.919769 -126.517281 29.364012
v 199.926315 -106.693901 29.408358
v 199.926315 -126.517281 29.408361
v 199.960739 -106.693901 42.096497
v 199.960739 -126.517281 42.096497
v 193.969757 -106.693893 42.060104
v 193.969757 -126.517281 42.060104
v 193.814529 -106.693893 42.050434
v 193.814529 -126.517281 42.050438
v 193.703674 -106.693893 42.039631
v 193.703659 -126.517281 42.039635
v 193.637115 -106.693893 42.027695
v 193.637115 -126.517281 42.027695
v 247.057510 -106.693916 62.231339
v 247.057510 -126.517281 62.231331
v 253.667114 -106.693916 55.580784
v 253.667084 -126.517296 55.580780
v 256.524994 -106.693924 52.712677
v 256.524994 -126.517296 52.712677
v 259.084930 -106.693916 50.149357
v 259.084930 -126.517296 50.149357
v 261.346863 -106.693916 47.890804
v 261.346863 -126.517296 47.890804
v 262.366119 -106.693916 46.875824
v 262.366089 -126.517296 46.875828
v 263.310883 -106.693916 45.937027
v 263.310883 -126.517296 45.937031
v 261.346863 -106.693916 44.015106
v 261.346863 -126.517296 44.015106
v 259.084930 -106.693916 41.797497
v 259.084930 -126.517296 41.797497
v 256.524994 -106.693916 39.284206
v 256.524994 -126.517296 39.284210
v 253.667114 -106.693916 36.475224
v 253.667084 -126.517296 36.475224
v 247.057510 -106.693916 29.970255
v 247.057510 -126.517296 29.970255
v 279.441406 -106.693924 29.929300
v 279.441406 -126.517311 29.929304
v 279.441406 -106.693924 62.231339
v 279.441406 -126.517296 62.231331
v 304.733795 -106.693932 61.870743
v 304.733765 -126.517311 61.870735
v 304.733795 -106.693924 35.996357
v 304.733765 -126.517311 35.996361
v 311.161438 -106.693932 29.568712
v 311.161438 -126.517326 29.568716
v 337.035797 -106.693939 29.568712
v 337.035797 -126.517326 29.568716
v 337.035797 -106.693939 39.271599
v 337.035797 -126.517326 39.271603
v 314.436646 -106.693932 39.271599
v 314.436646 -126.517326 39.271603
v 314.436646 -106.693932 61.870743
v 314.436646 -126.517311 61.870735
v 337.035797 -106.693939 61.870743
v 337.035797 -126.517326 61.870735
v 317.589081 -106.693932 61.870743
v 317.589050 -126.517311 61.870735
v 317.589081 -106.693932 42.464958
v 317.589050 -126.517326 42.464958
v 337.035797 -106.693939 42.464958
v 337.035797 -126.517326 42.464958
v -7.105484 -106.693840 85.206039
v -7.105484 -126.517220 85.206032
v -6.381066 -106.693840 84.871689
v -6.381066 -126.517220 84.871689
v -5.708962 -106.693840 84.578278
v -5.708962 -126.517220 84.578270
v -5.089171 -106.693840 84.325813
v -5.089171 -126.517220 84.325806
v -4.798900 -106.693840 84.214935
v -4.798900 -126.517220 84.214928
v -4.521692 -106.693840 84.114288
v -4.521692 -126.517220 84.114281
v -4.006507 -106.693840 83.943703
v -4.006507 -126.517220 83.943703
v -3.768549 -106.693840 83.873764
v -3.768549 -126.517220 83.873772
v -3.543675 -106.693840 83.814056
v -3.543675 -126.517220 83.814049
v -3.046711 -106.693840 83.713966
v -3.046711 -126.517220 83.713974
v -2.511054 -106.693840 83.632095
v -2.511054 -126.517220 83.632095
v -1.323785 -106.693840 83.522919
v -1.323785 -126.517220 83.522911
v -0.672152 -106.693840 83.495628
v -0.672152 -126.517220 83.495628
v 0.018154 -106.693840 83.486534
v 0.018154 -126.517220 83.486526
v 1.009832 -106.693840 83.502457
v 1.009832 -126.517220 83.502457
v 1.937807 -106.693840 83.550217
v 1.937807 -126.517220 83.550209
v 2.377917 -106.693840 83.586044
v 2.377917 -126.517220 83.586044
v 2.802097 -106.693840 83.629837
v 2.802097 -126.517220 83.629829
v 3.210387 -106.693840 83.681572
v 3.210387 -126.517220 83.681572
v 3.602724 -106.693840 83.741272
v 3.602724 -126.517220 83.741272
v 3.979151 -106.693840 83.808937
v 3.979151 -126.517220 83.808937
v 4.339647 -106.693840 83.884567
v 4.339647 -126.517220 83.884560
v 4.684233 -106.693840 83.968147
v 4.684233 -126.517220 83.968147
v 5.012887 -106.693840 84.059708
v 5.012887 -126.517220 84.059700
v 6.980312 -106.693840 84.805733
v 6.980312 -126.517220 84.805733
v 8.788508 -106.693840 85.761009
v 8.788508 -126.517220 85.761009
v 10.437516 -106.693840 86.925545
v 10.437516 -126.517220 86.925552
v 11.202298 -106.693840 87.586273
v 11.202298 -126.517220 87.586266
v 12.612481 -106.693840 89.064674
v 12.612481 -126.517220 89.064667
v 13.863434 -106.693840 90.752335
v 13.863434 -126.517220 90.752342
v 14.520763 -106.693840 91.826744
v 14.520763 -126.517220 91.826736
v 14.679952 -106.693840 92.101952
v 14.679952 -126.517220 92.101944
v 14.807340 -106.693840 92.338486
v 14.807340 -126.517220 92.338486
v 14.859075 -106.693840 92.442268
v 14.859075 -126.517220 92.442261
v 14.902865 -106.693840 92.536369
v 14.902865 -126.517220 92.536369
v 14.986443 -106.693840 92.760696
v 14.986443 -126.517220 92.760696
v 14.998391 -106.693840 92.816132
v 14.998391 -126.517220 92.816124
v 15.002374 -106.693840 92.861908
v 15.002374 -126.517220 92.861900
v 14.901153 -106.693840 92.901138
v 14.901153 -126.517220 92.901138
v 14.597509 -106.693840 92.936958
v 14.597509 -126.517220 92.936951
v -14.147257 -106.693832 93.107536
v -14.147257 -126.517220 93.107544
v -13.893657 -106.693832 92.099670
v -13.893657 -126.517220 92.099678
v -13.625261 -106.693832 91.446907
v -13.625261 -126.517220 91.446907
v -13.238598 -106.693832 90.755463
v -13.238598 -126.517220 90.755463
v -12.110452 -106.693832 89.256592
v -12.110452 -126.517220 89.256584
v -10.658212 -106.693832 87.742363
v -10.658212 -126.517220 87.742355
v -9.430000 -106.693840 86.684731
v -9.430000 -126.517220 86.684723
v -9.111582 -106.693840 86.444481
v -9.111582 -126.517220 86.444489
v -8.788603 -106.693840 86.213913
v -8.788603 -126.517220 86.213905
v -8.461083 -106.693840 85.993004
v -8.461083 -126.517220 85.992996
v -8.128983 -106.693840 85.781769
v -8.128983 -126.517220 85.781761
v -15.580160 -106.693840 99.084862
v -15.580160 -126.517220 99.084862
v -15.579603 -106.693840 98.898628
v -15.579603 -126.517220 98.898628
v -15.577890 -106.693840 98.722076
v -15.577890 -126.517220 98.722076
v -15.575043 -106.693840 98.555191
v -15.575043 -126.517220 98.555191
v -15.571060 -106.693840 98.397957
v -15.571060 -126.517220 98.397964
v -15.565943 -106.693840 98.250412
v -15.565943 -126.517220 98.250412
v -15.559689 -106.693840 98.112526
v -15.559689 -126.517220 98.112518
v -15.334526 -106.693832 96.300896
v -15.334526 -126.517220 96.300896
v 14.250943 -106.693840 96.350082
v 14.250943 -126.517220 96.350075
v 14.871869 -106.693840 96.375092
v 14.871869 -126.517220 96.375099
v 15.376820 -106.693840 96.411476
v 15.376820 -126.517220 96.411476
v 15.916707 -106.693840 96.487373
v 15.916707 -126.517220 96.487381
v 16.038668 -106.693840 96.518372
v 16.038668 -126.517220 96.518372
v 16.131655 -106.693840 96.552193
v 16.131655 -126.517220 96.552200
v 16.195627 -106.693840 96.588890
v 16.195627 -126.517220 96.588882
v 16.230585 -106.693840 96.628426
v 16.230585 -126.517220 96.628418
v 16.256731 -106.693840 96.711159
v 16.256731 -126.517220 96.711151
v 16.302235 -106.693840 96.963623
v 16.302235 -126.517220 96.963615
v 16.321550 -106.693840 97.133369
v 16.321550 -126.517220 97.133369
v 16.338615 -106.693840 97.332085
v 16.338615 -126.517220 97.332085
v 16.353392 -106.693840 97.559822
v 16.353392 -126.517220 97.559830
v 16.376154 -106.693848 98.102295
v 16.376154 -126.517220 98.102295
v 16.389793 -106.693848 98.760757
v 16.389793 -126.517220 98.760757
v 16.394335 -106.693848 99.535194
v 16.394335 -126.517220 99.535202
v 16.372728 -106.693848 100.276672
v 16.372728 -126.517220 100.276672
v 16.335190 -106.693848 100.972664
v 16.335190 -126.517220 100.972664
v 16.281763 -106.693848 101.623161
v 16.281763 -126.517220 101.623161
v 16.212383 -106.693848 102.228165
v 16.212383 -126.517220 102.228165
v 16.127094 -106.693848 102.787689
v 16.127094 -126.517220 102.787689
v 16.078474 -106.693848 103.050385
v 16.078474 -126.517220 103.050392
v 16.025873 -106.693848 103.301720
v 16.025873 -126.517220 103.301720
v 15.734735 -106.693848 104.338875
v 15.734735 -126.517220 104.338882
v 15.298051 -106.693848 105.485214
v 15.298051 -126.517220 105.485222
v 14.302967 -106.693848 107.522285
v 14.302967 -126.517220 107.522293
v 13.374972 -106.693848 108.984772
v 13.374972 -126.517220 108.984779
v 12.310531 -106.693840 110.313072
v 12.310531 -126.517235 110.313065
v 11.109600 -106.693840 111.507172
v 11.109600 -126.517235 111.507164
v 9.772222 -106.693840 112.567078
v 9.772222 -126.517235 112.567070
v 8.298375 -106.693840 113.492783
v 8.298375 -126.517235 113.492783
v 7.510253 -106.693840 113.905296
v 7.510253 -126.517235 113.905304
v 6.925729 -106.693840 114.186478
v 6.925729 -126.517235 114.186485
v 6.345746 -106.693840 114.443214
v 6.345746 -126.517235 114.443222
v 5.199398 -106.693840 114.883316
v 5.199398 -126.517235 114.883316
v 4.633055 -106.693840 115.066704
v 4.633055 -126.517235 115.066704
v 4.071251 -106.693840 115.225632
v 4.071251 -126.517235 115.225632
v 2.961327 -106.693840 115.470139
v 2.961327 -126.517235 115.470146
v 2.413164 -106.693840 115.555710
v 2.413164 -126.517235 115.555710
v 1.869583 -106.693840 115.616837
v 1.869583 -126.517235 115.616837
v 0.796019 -106.693840 115.665756
v 0.796019 -126.517235 115.665756
v -1.326055 -106.693832 115.525856
v -1.326055 -126.517220 115.525864
v -2.424629 -106.693832 115.365501
v -2.424629 -126.517220 115.365509
v -2.958574 -106.693832 115.262306
v -2.958574 -126.517220 115.262299
v -3.482262 -106.693832 115.143745
v -3.482262 -126.517220 115.143738
v -3.995714 -106.693832 115.009827
v -3.995714 -126.517220 115.009827
v -4.498951 -106.693832 114.860565
v -4.498951 -126.517220 114.860565
v -4.991932 -106.693832 114.695946
v -4.991932 -126.517220 114.695953
v -5.474678 -106.693832 114.515976
v -5.474678 -126.517220 114.515984
v -5.947229 -106.693832 114.320656
v -5.947229 -126.517220 114.320656
v -6.409482 -106.693832 114.110001
v -6.409482 -126.517220 114.110001
v -6.909047 -106.693832 113.862930
v -6.909047 -126.517220 113.862938
v -7.397756 -106.693832 113.599388
v -7.397756 -126.517220 113.599388
v -7.875673 -106.693832 113.319328
v -7.875673 -126.517220 113.319336
v -8.342796 -106.693832 113.022804
v -8.342796 -126.517220 113.022797
v -9.244624 -106.693832 112.380264
v -9.244624 -126.517220 112.380264
v -10.918642 -106.693832 110.897316
v -10.918642 -126.517220 110.897324
v -11.310113 -106.693832 110.485352
v -11.310113 -126.517220 110.485359
v -11.690812 -106.693832 110.056900
v -11.690812 -126.517220 110.056908
v -12.057582 -106.693832 109.615936
v -12.057582 -126.517204 109.615936
v -12.407285 -106.693832 109.166443
v -12.407285 -126.517204 109.166451
v -13.635497 -106.693832 107.283188
v -13.635497 -126.517204 107.283188
v -14.147257 -106.693832 106.290375
v -14.147257 -126.517204 106.290375
v -14.377538 -106.693832 105.781181
v -14.377538 -126.517204 105.781181
v -14.590773 -106.693832 105.263451
v -14.590773 -126.517204 105.263451
v -14.966064 -106.693832 104.202423
v -14.966064 -126.517204 104.202423
v -15.064149 -106.693832 103.854141
v -15.064149 -126.517204 103.854141
v -15.153690 -106.693832 103.491646
v -15.153690 -126.517204 103.491646
v -15.234729 -106.693832 103.114937
v -15.234729 -126.517204 103.114929
v -15.307245 -106.693832 102.724007
v -15.307245 -126.517204 102.724007
v -15.371197 -106.693832 102.318863
v -15.371197 -126.517204 102.318863
v -15.473553 -106.693832 101.465950
v -15.473553 -126.517204 101.465942
v -15.511936 -106.693840 101.018150
v -15.511936 -126.517204 101.018158
v -15.541798 -106.693840 100.556160
v -15.541798 -126.517220 100.556152
v -15.563095 -106.693840 100.079933
v -15.563095 -126.517220 100.079933
v -15.575909 -106.693840 99.589500
v -15.575909 -126.517220 99.589500
v 35.125797 -106.693848 115.717918
v 35.125797 -126.517235 115.717926
v 35.125797 -106.693840 96.189308
v 35.125797 -126.517235 96.189308
v 47.899227 -106.693848 83.415878
v 47.899227 -126.517235 83.415871
v 67.427826 -106.693855 83.415878
v 67.427811 -126.517235 83.415871
v 67.427826 -106.693855 115.717918
v 67.427811 -126.517250 115.717926
v 86.685646 -106.693863 115.586502
v 86.685638 -126.517250 115.586494
v 86.685646 -106.693863 96.057892
v 86.685638 -126.517235 96.057884
v 99.459076 -106.693871 83.284454
v 99.459068 -126.517250 83.284454
v 118.987694 -106.693878 83.284454
v 118.987686 -126.517250 83.284454
v 118.987694 -106.693878 102.608360
v 118.987686 -126.517250 102.608353
v 106.009560 -106.693871 115.586502
v 106.009552 -126.517250 115.586494
v 145.838043 -106.693878 95.828087
v 145.838043 -126.517250 95.828087
v 145.784592 -106.693878 95.753311
v 145.784592 -126.517250 95.753311
v 139.574173 -106.693886 83.382179
v 139.574158 -126.517265 83.382179
v 145.919937 -106.693886 83.382179
v 145.919937 -126.517265 83.382179
v 162.173294 -106.693886 115.684219
v 162.173294 -126.517265 115.684227
v 149.277054 -106.693886 115.684219
v 149.277054 -126.517265 115.684227
v 149.277054 -106.693886 83.382179
v 149.277054 -126.517265 83.382179
v 171.876190 -106.693886 83.382179
v 171.876190 -126.517265 83.382179
v 171.826447 -106.693893 99.242355
v 171.826431 -126.517265 99.242363
v 171.748810 -106.693893 101.409637
v 171.748810 -126.517265 101.409637
v 171.714966 -106.693893 101.869370
v 171.714951 -126.517265 101.869362
v 171.677155 -106.693893 102.197739
v 171.677139 -126.517265 102.197739
v 171.635376 -106.693893 102.394760
v 171.635361 -126.517265 102.394760
v 171.589600 -106.693893 102.460449
v 171.589584 -126.517265 102.460449
v 171.548676 -106.693893 102.419495
v 171.548660 -126.517265 102.419495
v 171.507721 -106.693893 102.419495
v 171.507721 -126.517265 102.419495
v 162.255173 -106.693886 96.319374
v 162.255173 -126.517265 96.319366
v 162.254028 -106.693886 97.486755
v 162.254028 -126.517265 97.486748
v 162.250641 -106.693893 98.832664
v 162.250626 -126.517265 98.832664
v 162.177841 -106.693886 113.170921
v 162.177826 -126.517265 113.170929
v 162.174423 -106.693886 114.516846
v 162.174408 -126.517265 114.516846
v 198.910141 -106.693893 83.284454
v 198.910141 -126.517281 83.284454
v 206.852600 -106.693901 83.243523
v 206.852585 -126.517281 83.243515
v 219.628036 -106.693901 83.121544
v 219.628006 -126.517296 83.121536
v 219.748856 -106.693901 83.120697
v 219.748856 -126.517296 83.120689
v 224.784531 -106.693909 83.079750
v 224.784515 -126.517296 83.079758
v 224.784531 -106.693901 95.894127
v 224.784515 -126.517281 95.894119
v 192.482498 -106.693886 96.180702
v 192.482498 -126.517265 96.180695
v 192.482498 -106.693893 89.712097
v 192.482498 -126.517281 89.712105
v 198.828293 -106.693893 102.813049
v 198.828278 -126.517265 102.813049
v 209.759369 -106.693901 102.690239
v 209.759369 -126.517281 102.690231
v 210.573639 -106.693901 102.677162
v 210.573639 -126.517281 102.677162
v 211.433395 -106.693901 102.665222
v 211.433365 -126.517281 102.665222
v 212.338623 -106.693901 102.654419
v 212.338623 -126.517281 102.654419
v 213.289368 -106.693901 102.644737
v 213.289368 -126.517281 102.644730
v 214.285583 -106.693901 102.636215
v 214.285583 -126.517281 102.636223
v 216.354782 -106.693901 102.621437
v 216.354782 -126.517281 102.621429
v 217.308365 -106.693901 102.612915
v 217.308365 -126.517281 102.612923
v 218.188004 -106.693901 102.603241
v 218.188004 -126.517281 102.603241
v 218.600098 -106.693901 102.597984
v 218.600098 -126.517281 102.597992
v 218.993713 -106.693901 102.592438
v 218.993713 -126.517281 102.592438
v 219.368866 -106.693901 102.586609
v 219.368866 -126.517281 102.586609
v 219.725525 -106.693909 102.580498
v 219.725525 -126.517281 102.580498
v 220.063690 -106.693909 102.574104
v 220.063690 -126.517281 102.574097
v 221.229095 -106.693909 102.549500
v 221.229080 -126.517281 102.549507
v 221.697647 -106.693909 102.540413
v 221.697632 -126.517281 102.540413
v 221.903351 -106.693909 102.536705
v 221.903351 -126.517281 102.536713
v 222.090012 -106.693909 102.533592
v 222.090012 -126.517281 102.533585
v 222.257599 -106.693909 102.531036
v 222.257584 -126.517281 102.531029
v 222.406143 -106.693909 102.529030
v 222.406143 -126.517281 102.529037
v 222.535645 -106.693909 102.527618
v 222.535645 -126.517281 102.527618
v 222.646103 -106.693909 102.526764
v 222.646103 -126.517281 102.526764
v 222.737488 -106.693909 102.526482
v 222.737488 -126.517281 102.526489
v 224.784531 -106.693909 102.485527
v 224.784515 -126.517281 102.485535
v 224.784531 -106.693901 108.913185
v 224.784515 -126.517281 108.913193
v 224.781982 -106.693901 109.934425
v 224.781982 -126.517296 109.934433
v 224.774323 -106.693901 110.869232
v 224.774292 -126.517296 110.869232
v 224.761505 -106.693901 111.717613
v 224.761505 -126.517296 111.717613
v 224.743591 -106.693901 112.479553
v 224.743576 -126.517296 112.479546
v 224.720566 -106.693901 113.155067
v 224.720566 -126.517296 113.155067
v 224.692413 -106.693901 113.744171
v 224.692413 -126.517296 113.744164
v 224.659164 -106.693901 114.246819
v 224.659149 -126.517296 114.246826
v 224.620758 -106.693901 114.663048
v 224.620758 -126.517296 114.663048
v 224.528671 -106.693901 115.236221
v 224.528641 -126.517296 115.236221
v 224.474915 -106.693901 115.393150
v 224.474915 -126.517296 115.393150
v 224.416046 -106.693901 115.463669
v 224.416046 -126.517296 115.463661
v 224.260269 -106.693901 115.483284
v 224.260269 -126.517296 115.483292
v 192.482498 -106.693893 115.586502
v 192.482498 -126.517281 115.586494
v 192.482498 -106.693893 109.117889
v 192.482498 -126.517265 109.117889
v 192.845551 -106.693893 108.748848
v 192.845535 -126.517265 108.748856
v 193.238739 -106.693893 108.351395
v 193.238739 -126.517265 108.351395
v 193.662079 -106.693893 107.925499
v 193.662079 -126.517265 107.925507
v 194.115555 -106.693893 107.471184
v 194.115540 -126.517265 107.471176
v 195.112915 -106.693893 106.477234
v 195.112885 -126.517265 106.477226
v 196.230804 -106.693893 105.369560
v 196.230774 -126.517265 105.369560
v 197.469269 -106.693893 104.148178
v 197.469254 -126.517265 104.148170
v 255.575119 -106.693909 115.490753
v 255.575119 -126.517296 115.490761
v 245.872238 -106.693909 115.490753
v 245.872238 -126.517296 115.490761
v 245.872238 -106.693916 83.188713
v 245.872238 -126.517296 83.188713
v 255.575119 -106.693916 83.188713
v 255.575119 -126.517296 83.188713
v 268.471405 -106.693916 115.490753
v 268.471405 -126.517311 115.490761
v 258.727570 -106.693916 115.490753
v 258.727570 -126.517311 115.490761
v 258.727570 -106.693916 83.188713
v 258.727570 -126.517296 83.188713
v 278.051483 -106.693924 83.188713
v 278.051453 -126.517311 83.188713
v 268.471405 -106.693916 92.768791
v 268.471405 -126.517296 92.768784
v 309.836639 -106.693932 86.651436
v 309.836609 -126.517311 86.651436
v 310.803284 -106.693932 85.982742
v 310.803284 -126.517311 85.982735
v 311.295959 -106.693932 85.679100
v 311.295959 -126.517311 85.679092
v 311.794952 -106.693932 85.395935
v 311.794952 -126.517311 85.395927
v 313.853333 -106.693932 84.467934
v 313.853302 -126.517326 84.467941
v 314.383545 -106.693932 84.287125
v 314.383545 -126.517326 84.287125
v 314.920044 -106.693932 84.126778
v 314.920044 -126.517326 84.126770
v 315.940460 -106.693939 83.861786
v 315.940460 -126.517326 83.861786
v 316.363556 -106.693939 83.759438
v 316.363525 -126.517326 83.759445
v 316.731995 -106.693939 83.679832
v 316.731995 -126.517326 83.679825
v 316.895752 -106.693939 83.648552
v 316.895752 -126.517326 83.648552
v 317.045868 -106.693939 83.622971
v 317.045837 -126.517326 83.622978
v 317.414307 -106.693939 83.580330
v 317.414307 -126.517326 83.580322
v 317.509857 -106.693939 83.577492
v 317.509827 -126.517326 83.577492
v 317.550812 -106.693939 83.577492
v 317.550812 -126.517326 83.577492
v 317.570862 -106.693939 83.578621
v 317.570831 -126.517326 83.578629
v 317.590057 -106.693939 83.582039
v 317.590027 -126.517326 83.582031
v 317.608368 -106.693939 83.587715
v 317.608368 -126.517326 83.587715
v 317.625854 -106.693939 83.595680
v 317.625824 -126.517326 83.595680
v 317.642517 -106.693939 83.605919
v 317.642517 -126.517326 83.605911
v 317.658264 -106.693939 83.618431
v 317.658264 -126.517326 83.618431
v 317.673218 -106.693939 83.633217
v 317.673187 -126.517326 83.633209
v 317.687317 -106.693939 83.650276
v 317.687286 -126.517326 83.650276
v 317.712921 -106.693939 83.691208
v 317.712891 -126.517326 83.691208
v 317.735046 -106.693939 83.741249
v 317.735016 -126.517326 83.741241
v 317.745117 -106.693939 83.772377
v 317.745117 -126.517326 83.772385
v 317.754913 -106.693939 83.811188
v 317.754883 -126.517326 83.811180
v 317.764435 -106.693939 83.857666
v 317.764435 -126.517326 83.857674
v 317.773682 -106.693939 83.911827
v 317.773651 -126.517326 83.911835
v 317.782623 -106.693939 83.973663
v 317.782623 -126.517326 83.973671
v 317.791290 -106.693939 84.043182
v 317.791290 -126.517326 84.043182
v 317.807770 -106.693939 84.205238
v 317.807770 -126.517326 84.205238
v 317.823120 -106.693939 84.398003
v 317.823090 -126.517326 84.397995
v 317.837372 -106.693939 84.621468
v 317.837372 -126.517326 84.621475
v 317.855225 -106.693939 85.007843
v 317.855225 -126.517326 85.007835
v 317.864319 -106.693939 85.296692
v 317.864319 -126.517326 85.296692
v 317.875671 -106.693939 85.949463
v 317.875671 -126.517326 85.949455
v 317.878326 -106.693932 96.432793
v 317.878296 -126.517311 96.432785
v 304.304260 -106.693924 96.396408
v 304.304260 -126.517311 96.396400
v 303.955963 -106.693924 96.386734
v 303.955933 -126.517311 96.386734
v 303.707214 -106.693924 96.375931
v 303.707214 -126.517311 96.375931
v 303.557953 -106.693924 96.363991
v 303.557922 -126.517311 96.363983
v 303.508209 -106.693924 96.350906
v 303.508209 -126.517311 96.350914
v 303.512024 -106.693924 96.301300
v 303.512024 -126.517311 96.301300
v 303.542725 -106.693924 96.150047
v 303.542725 -126.517311 96.150047
v 303.604126 -106.693924 95.929436
v 303.604126 -126.517311 95.929428
v 303.696289 -106.693924 95.639427
v 303.696259 -126.517311 95.639420
v 304.496613 -106.693932 93.482948
v 304.496613 -126.517311 93.482948
v 304.809387 -106.693932 92.749420
v 304.809357 -126.517311 92.749413
v 305.023010 -106.693932 92.297798
v 305.023010 -126.517311 92.297806
v 305.284546 -106.693932 91.798279
v 305.284546 -126.517311 91.798279
v 305.564331 -106.693932 91.309555
v 305.564331 -126.517311 91.309547
v 305.862274 -106.693932 90.831635
v 305.862244 -126.517311 90.831635
v 306.512756 -106.693932 89.908211
v 306.512756 -126.517311 89.908203
v 306.865295 -106.693932 89.462692
v 306.865295 -126.517311 89.462685
v 307.236023 -106.693932 89.027985
v 307.236023 -126.517311 89.027977
v 308.032104 -106.693932 88.190979
v 308.032074 -126.517311 88.190971
v 321.030731 -106.693932 96.432793
v 321.030701 -126.517311 96.432785
v 321.030731 -106.693939 83.536537
v 321.030701 -126.517326 83.536537
v 322.465759 -106.693939 83.772232
v 322.465759 -126.517326 83.772240
v 323.072632 -106.693939 83.906151
v 323.072632 -126.517326 83.906143
v 323.670105 -106.693939 84.061089
v 323.670105 -126.517326 84.061096
v 325.966217 -106.693939 84.891281
v 325.966217 -126.517326 84.891281
v 327.589783 -106.693939 85.734818
v 327.589752 -126.517326 85.734825
v 329.608337 -106.693939 87.142723
v 329.608307 -126.517326 87.142723
v 330.074738 -106.693939 87.535919
v 330.074738 -126.517326 87.535919
v 330.524353 -106.693939 87.944473
v 330.524353 -126.517326 87.944466
v 330.957214 -106.693939 88.368385
v 330.957184 -126.517326 88.368378
v 331.373352 -106.693939 88.807640
v 331.373352 -126.517326 88.807648
v 332.520935 -106.693939 90.217529
v 332.520935 -126.517326 90.217529
v 332.869873 -106.693939 90.718201
v 332.869873 -126.517326 90.718193
v 333.202118 -106.693939 91.234222
v 333.202118 -126.517326 91.234230
v 333.517578 -106.693939 91.765579
v 333.517548 -126.517326 91.765572
v 333.593658 -106.693939 91.900772
v 333.593628 -126.517326 91.900764
v 333.671692 -106.693939 92.047050
v 333.671692 -126.517326 92.047050
v 333.751678 -106.693939 92.204414
v 333.751678 -126.517326 92.204414
v 333.917725 -106.693939 92.552414
v 333.917725 -126.517326 92.552414
v 334.091766 -106.693939 92.944763
v 334.091766 -126.517326 92.944756
v 334.273682 -106.693939 93.381447
v 334.273682 -126.517326 93.381447
v 334.656403 -106.693939 94.374260
v 334.656372 -126.517326 94.374252
v 334.953156 -106.693939 95.230591
v 334.953156 -126.517326 95.230598
v 335.052094 -106.693939 95.561531
v 335.052094 -126.517326 95.561531
v 335.089203 -106.693939 95.702690
v 335.089203 -126.517326 95.702690
v 335.118103 -106.693939 95.827644
v 335.118073 -126.517326 95.827644
v 335.151062 -106.693939 96.028938
v 335.151062 -126.517326 96.028931
v 335.155182 -106.693939 96.105278
v 335.155182 -126.517326 96.105270
v 335.106262 -106.693939 96.157585
v 335.106232 -126.517326 96.157578
v 334.959564 -106.693939 96.205353
v 334.959564 -126.517326 96.205353
v 334.372803 -106.693939 96.287247
v 334.372772 -126.517326 96.287239
v 333.932648 -106.693939 96.321358
v 333.932648 -126.517326 96.321350
v 333.394745 -106.693939 96.350929
v 333.394745 -126.517326 96.350922
v 332.759033 -106.693939 96.375938
v 332.759033 -126.517326 96.375931
v 331.194214 -106.693939 96.412331
v 331.194214 -126.517326 96.412338
v 304.180725 -106.693932 104.918839
v 304.180725 -126.517311 104.918846
v 304.028503 -106.693932 104.488968
v 304.028503 -126.517311 104.488968
v 303.890747 -106.693932 104.068192
v 303.890747 -126.517311 104.068192
v 303.767487 -106.693932 103.656509
v 303.767487 -126.517311 103.656509
v 303.658752 -106.693932 103.253922
v 303.658752 -126.517311 103.253929
v 303.484741 -106.693932 102.476051
v 303.484741 -126.517311 102.476051
v 303.419495 -106.693932 102.100769
v 303.419495 -126.517311 102.100761
v 303.368744 -106.693932 101.734573
v 303.368744 -126.517311 101.734573
v 303.332489 -106.693932 101.377487
v 303.332489 -126.517311 101.377487
v 303.310760 -106.693932 101.029480
v 303.310760 -126.517311 101.029488
v 303.303528 -106.693932 100.690605
v 303.303528 -126.517311 100.690605
v 303.303528 -106.693932 99.585220
v 303.303528 -126.517311 99.585213
v 307.474854 -126.517311 99.607964
v 331.311340 -126.517326 99.644348
v 335.482697 -106.693947 99.667091
v 335.482697 -126.517326 99.667099
v 335.411621 -106.693947 101.506004
v 335.411621 -126.517326 101.506012
v 335.205231 -106.693947 102.887741
v 335.205231 -126.517326 102.887749
v 334.659332 -106.693939 104.825600
v 334.659332 -126.517326 104.825600
v 333.804169 -106.693939 106.872620
v 333.804169 -126.517311 106.872620
v 333.253174 -106.693939 107.885330
v 333.253174 -126.517311 107.885323
v 332.305145 -106.693939 109.312706
v 332.305145 -126.517311 109.312706
v 331.592133 -106.693939 110.203163
v 331.592133 -126.517326 110.203163
v 330.401001 -106.693939 111.447159
v 330.401001 -126.517326 111.447166
v 329.971527 -106.693939 111.837387
v 329.971527 -126.517326 111.837387
v 329.525909 -106.693939 112.215347
v 329.525909 -126.517326 112.215340
v 329.067169 -106.693939 112.577995
v 329.067139 -126.517326 112.577988
v 328.598450 -106.693939 112.922157
v 328.598450 -126.517326 112.922157
v 328.119843 -106.693939 113.247826
v 328.119812 -126.517326 113.247818
v 327.631226 -106.693939 113.555016
v 327.631226 -126.517326 113.555023
v 327.132690 -106.693939 113.843742
v 327.132690 -126.517326 113.843742
v 326.624207 -106.693939 114.113976
v 326.624207 -126.517326 114.113976
v 325.039062 -106.693939 114.813789
v 325.039032 -126.517326 114.813797
v 323.124390 -106.693932 115.406136
v 323.124390 -126.517326 115.406143
v 322.005310 -106.693932 115.590378
v 322.005310 -126.517326 115.590378
v 321.685730 -106.693932 115.623642
v 321.685730 -126.517326 115.623650
v 321.350281 -106.693932 115.651794
v 321.350250 -126.517326 115.651794
v 320.998871 -106.693932 115.674820
v 320.998840 -126.517326 115.674812
v 320.631531 -106.693932 115.692734
v 320.631531 -126.517326 115.692734
v 319.849121 -106.693932 115.713203
v 319.849121 -126.517326 115.713211
v 318.986542 -106.693932 115.712914
v 318.986542 -126.517326 115.712921
v 318.149536 -106.693932 115.690178
v 318.149536 -126.517326 115.690170
v 317.389862 -106.693932 115.644676
v 317.389832 -126.517326 115.644676
v 317.039032 -106.693932 115.613411
v 317.039032 -126.517326 115.613403
v 316.707520 -106.693932 115.576447
v 316.707489 -126.517326 115.576454
v 316.395325 -106.693932 115.533806
v 316.395325 -126.517326 115.533806
v 316.102478 -106.693932 115.485466
v 316.102448 -126.517326 115.485466
v 315.574829 -106.693932 115.371750
v 315.574799 -126.517326 115.371750
v 313.770630 -106.693932 114.783218
v 313.770630 -126.517326 114.783226
v 312.228577 -106.693932 114.087242
v 312.228546 -126.517326 114.087242
v 310.713745 -106.693932 113.218399
v 310.713745 -126.517326 113.218391
v 310.343292 -106.693932 112.976166
v 310.343292 -126.517326 112.976158
v 309.982483 -106.693932 112.727112
v 309.982483 -126.517326 112.727112
v 309.631378 -106.693932 112.471237
v 309.631348 -126.517326 112.471230
v 309.289886 -106.693932 112.208519
v 309.289886 -126.517326 112.208519
v 308.635986 -106.693932 111.662659
v 308.635986 -126.517326 111.662659
v 308.323547 -106.693932 111.379478
v 308.323547 -126.517326 111.379478
v 308.020752 -106.693932 111.089485
v 308.020752 -126.517326 111.089485
v 306.657043 -106.693932 109.548538
v 306.657043 -126.517311 109.548538
v 305.725677 -106.693932 108.183846
v 305.725677 -126.517311 108.183853
v 305.509186 -106.693932 107.814240
v 305.509186 -126.517311 107.814247
v 305.299194 -106.693932 107.433266
v 305.299194 -126.517311 107.433266
v 304.898865 -106.693932 106.637207
v 304.898865 -126.517311 106.637207
v 2.803913 -106.693840 168.660889
v 2.803913 -126.517220 168.660889
v -16.519979 -106.693832 168.660889
v -16.519979 -126.517220 168.660889
v -16.519979 -106.693832 136.358856
v -16.519979 -126.517204 136.358841
v 15.782055 -106.693840 136.358856
v 15.782055 -126.517220 136.358841
v 15.782055 -106.693840 155.682755
v 15.782055 -126.517220 155.682755
v 14.697431 -106.693840 156.761139
v 14.697431 -126.517235 156.761124
v 12.529853 -106.693840 158.919632
v 12.529853 -126.517235 158.919617
v 11.446921 -106.693840 159.999710
v 11.446921 -126.517235 159.999710
v 9.282748 -106.693840 162.161606
v 9.282748 -126.517220 162.161606
v 8.201529 -106.693840 163.243393
v 8.201529 -126.517220 163.243393
v 6.040782 -106.693832 165.408691
v 6.040782 -126.517220 165.408691
v 4.961255 -106.693832 166.492188
v 4.961255 -126.517220 166.492172
v 35.573463 -106.693848 168.233627
v 35.573463 -126.517235 168.233643
v 35.573463 -106.693848 136.054428
v 35.573463 -126.517235 136.054413
v 65.887581 -106.693855 136.090820
v 65.887566 -126.517250 136.090805
v 66.667702 -106.693855 136.100479
v 66.667694 -126.517250 136.100464
v 67.224945 -106.693855 136.111298
v 67.224937 -126.517250 136.111298
v 67.559319 -106.693855 136.123230
v 67.559311 -126.517250 136.123230
v 67.670776 -106.693855 136.136307
v 67.670761 -126.517250 136.136307
v 51.703987 -106.693855 168.356476
v 51.703987 -126.517235 168.356461
v 66.879257 -106.693863 153.199402
v 66.879250 -126.517235 153.199402
v 67.274178 -106.693863 152.809326
v 67.274162 -126.517235 152.809311
v 67.558189 -106.693863 152.530701
v 67.558182 -126.517235 152.530701
v 67.731354 -106.693863 152.363525
v 67.731339 -126.517235 152.363525
v 67.793594 -106.693863 152.307800
v 67.793579 -126.517235 152.307800
v 67.806671 -106.693863 152.363525
v 67.806664 -126.517235 152.363525
v 67.818596 -106.693863 152.530701
v 67.818581 -126.517235 152.530701
v 67.829430 -106.693863 152.809326
v 67.829414 -126.517235 152.809311
v 67.839104 -106.693863 153.199402
v 67.839096 -126.517235 153.199402
v 67.847618 -106.693863 153.700928
v 67.847610 -126.517235 153.700912
v 67.854996 -106.693863 154.313889
v 67.854988 -126.517235 154.313873
v 67.861259 -106.693863 155.038284
v 67.861244 -126.517235 155.038284
v 67.866394 -106.693863 155.874161
v 67.866386 -126.517235 155.874146
v 67.870369 -106.693863 156.821472
v 67.870361 -126.517250 156.821472
v 67.873215 -106.693863 157.880249
v 67.873207 -126.517250 157.880234
v 67.874908 -106.693863 159.050461
v 67.874901 -126.517250 159.050446
v 67.875465 -106.693863 168.356476
v 67.875458 -126.517250 168.356461
v 86.904129 -106.693863 135.911758
v 86.904114 -126.517250 135.911743
v 96.688896 -106.693863 135.911758
v 96.688889 -126.517250 135.911743
v 96.696587 -106.693863 152.699936
v 96.696579 -126.517250 152.699921
v 96.730705 -106.693863 158.543030
v 96.730698 -126.517265 158.543015
v 96.758003 -106.693863 160.785645
v 96.757988 -126.517265 160.785629
v 96.774208 -106.693863 161.737244
v 96.774200 -126.517265 161.737228
v 96.792122 -106.693863 162.575653
v 96.792114 -126.517265 162.575653
v 96.934547 -106.693863 168.213806
v 96.934532 -126.517250 168.213806
v 87.190712 -106.693863 168.213806
v 87.190704 -126.517250 168.213806
v 99.944534 -106.693863 166.257751
v 99.944527 -126.517265 166.257736
v 99.926613 -106.693863 165.752808
v 99.926605 -126.517265 165.752808
v 99.910416 -106.693863 165.061371
v 99.910408 -126.517265 165.061371
v 99.895905 -106.693863 164.183426
v 99.895897 -126.517265 164.183411
v 99.883110 -106.693863 163.118973
v 99.883102 -126.517265 163.118958
v 99.862640 -106.693863 160.430557
v 99.862633 -126.517265 160.430542
v 99.841316 -106.693863 135.911758
v 99.841301 -126.517250 135.911743
v 109.544212 -106.693871 135.911758
v 109.544205 -126.517250 135.911743
v 109.544212 -106.693871 158.592789
v 109.544205 -126.517265 158.592789
v 117.426392 -106.693871 166.279633
v 117.426384 -126.517265 166.279617
v 118.217918 -106.693871 167.077957
v 118.217911 -126.517265 167.077957
v 118.514748 -106.693871 167.385849
v 118.514740 -126.517265 167.385849
v 118.745613 -106.693871 167.632935
v 118.745598 -126.517265 167.632919
v 118.910507 -106.693871 167.819122
v 118.910492 -126.517265 167.819138
v 119.009453 -106.693871 167.944519
v 119.009445 -126.517265 167.944504
v 119.042404 -106.693871 168.009094
v 119.042389 -126.517265 168.009094
v 118.976723 -106.693871 168.041794
v 118.976715 -126.517265 168.041779
v 118.779701 -106.693871 168.071640
v 118.779694 -126.517265 168.071640
v 100.127899 -106.693863 168.213806
v 100.127892 -126.517265 168.213806
v 159.558975 -106.693886 149.048416
v 159.558975 -126.517250 149.048401
v 140.153229 -106.693878 149.048416
v 140.153214 -126.517250 149.048401
v 140.153229 -106.693878 136.152161
v 140.153214 -126.517250 136.152145
v 172.455261 -106.693893 136.152161
v 172.455246 -126.517265 136.152145
v 172.455261 -106.693893 168.454193
v 172.455246 -126.517265 168.454193
v 159.558975 -106.693886 168.454193
v 159.558975 -126.517265 168.454193
v 156.201889 -106.693886 168.454193
v 156.201874 -126.517265 168.454193
v 140.153229 -106.693878 168.454193
v 140.153214 -126.517265 168.454193
v 140.153229 -106.693878 152.200821
v 140.153214 -126.517250 152.200806
v 149.124298 -106.693886 152.208496
v 149.124283 -126.517250 152.208496
v 150.730087 -106.693886 152.222153
v 150.730087 -126.517250 152.222137
v 152.067474 -106.693886 152.242630
v 152.067474 -126.517250 152.242615
v 152.635529 -106.693886 152.255417
v 152.635513 -126.517250 152.255402
v 153.136490 -106.693886 152.269913
v 153.136490 -126.517250 152.269897
v 153.570328 -106.693886 152.286118
v 153.570328 -126.517250 152.286118
v 153.937088 -106.693886 152.304031
v 153.937088 -126.517250 152.304031
v 154.236725 -106.693886 152.323639
v 154.236725 -126.517250 152.323639
v 156.201889 -106.693886 152.487411
v 156.201874 -126.517250 152.487396
v 205.924118 -106.693901 167.582489
v 205.924088 -126.517281 167.582504
v 200.665527 -106.693901 162.282990
v 200.665527 -126.517281 162.282974
v 198.391068 -106.693901 159.998276
v 198.391052 -126.517281 159.998260
v 196.353134 -106.693901 157.956924
v 196.353134 -126.517281 157.956924
v 194.551743 -106.693901 156.158966
v 194.551743 -126.517265 156.158966
v 193.739761 -106.693901 155.351242
v 193.739746 -126.517265 155.351242
v 192.986908 -106.693901 154.604355
v 192.986893 -126.517265 154.604340
v 192.986908 -106.693901 135.280457
v 192.986893 -126.517281 135.280441
v 212.310806 -106.693901 135.280457
v 212.310806 -126.517281 135.280441
v 225.288956 -106.693909 148.258591
v 225.288956 -126.517281 148.258591
v 225.288956 -106.693909 167.582489
v 225.288956 -126.517296 167.582504
v 278.460785 -106.693916 167.364578
v 278.460785 -126.517311 167.364563
v 274.448608 -106.693916 167.364578
v 274.448608 -126.517296 167.364563
v 274.448608 -106.693916 135.062531
v 274.448608 -126.517296 135.062531
v 278.460785 -106.693924 135.062531
v 278.460785 -126.517311 135.062531
v 250.170929 -106.693909 167.364578
v 250.170898 -126.517296 167.364563
v 246.158722 -106.693909 167.364578
v 246.158722 -126.517296 167.364563
v 246.158722 -106.693909 148.777588
v 246.158722 -126.517281 148.777588
v 250.170929 -106.693909 148.777588
v 250.170898 -126.517281 148.777588
vn -0.9958 0.0918 -0.0000
vn -0.0000 0.0918 0.9958
vn 0.9958 0.0918 -0.0000
vn -0.0000 0.0918 -0.9958
vn -0.0000 1.0000 -0.0000
vn -1.0000 -0.0000 -0.0000
vn -0.0000 0.1589 -0.9873
vn 0.9873 0.1589 -0.0000
vn -0.0000 0.1589 0.9873
vn -0.9873 0.1589 -0.0000
vn -0.9981 -0.0616 -0.0000
vn -0.0000 -0.0616 0.9981
vn 0.9981 -0.0616 -0.0000
vn -0.0000 -0.0616 -0.9981
vn -0.9997 -0.0250 -0.0000
vn -0.0000 -0.0250 0.9997
vn 0.9997 -0.0250 -0.0000
vn -0.0000 -0.0250 -0.9997
vn -0.9954 0.0958 -0.0000
vn -0.0000 0.0958 0.9954
vn 0.9954 0.0958 -0.0000
vn -0.0000 0.0958 -0.9954
vn -0.0000 -0.1243 -0.9922
vn 0.9922 -0.1243 -0.0000
vn -0.0000 -0.1243 0.9922
vn -0.9922 -0.1243 -0.0000
vn -0.0000 0.0411 -0.9992
vn 0.9992 0.0411 -0.0000
vn -0.0000 0.0411 0.9992
vn -0.9992 0.0411 -0.0000
vn -0.9913 0.1318 -0.0000
vn -0.0000 0.1318 0.9913
vn 0.9913 0.1318 -0.0000
vn -0.0000 0.1318 -0.9913
vn -0.0000 -0.0839 -0.9965
vn 0.9965 -0.0839 -0.0000
vn -0.0000 -0.0839 0.9965
vn -0.9965 -0.0839 -0.0000
vn -0.9884 -0.1517 -0.0000
vn -0.0000 -0.1517 0.9884
vn 0.9884 -0.1517 -0.0000
vn -0.0000 -0.1517 -0.9884
vn -0.0000 0.0708 -0.9975
vn 0.9975 0.0708 -0.0000
vn -0.0000 0.0708 0.9975
vn -0.9975 0.0708 -0.0000
vn -0.0000 0.1159 -0.9933
vn 0.9933 0.1159 -0.0000
vn -0.0000 0.1159 0.9933
vn -0.9933 0.1159 -0.0000
vn -0.9894 0.1452 -0.0000
vn -0.0000 0.1452 0.9894
vn 0.9894 0.1452 -0.0000
vn -0.0000 0.1452 -0.9894
vn -1.0000 0.0084 -0.0000
vn -0.0000 0.0084 1.0000
vn 1.0000 0.0084 -0.0000
vn -0.0000 0.0084 -1.0000
vn -0.0000 -0.0565 -0.9984
vn 0.9984 -0.0565 -0.0000
vn -0.0000 -0.0565 0.9984
vn -0.9984 -0.0565 -0.0000
vn -0.9943 -0.1065 -0.0000
vn -0.0000 -0.1065 0.9943
vn 0.9943 -0.1065 -0.0000
vn -0.0000 -0.1065 -0.9943
vn -0.9903 -0.1387 -0.0000
vn -0.0000 -0.1387 0.9903
vn 0.9903 -0.1387 -0.0000
vn -0.0000 -0.1387 -0.9903
vn -0.0000 -0.1682 -0.9858
vn 0.9858 -0.1682 -0.0000
vn -0.0000 -0.1682 0.9858
vn -0.9858 -0.1682 -0.0000
vn -0.9884 0.1517 -0.0000
vn -0.0000 0.1517 0.9884
vn 0.9884 0.1517 -0.0000
vn -0.0000 0.1517 -0.9884
vn -0.0000 0.1387 -0.9903
vn 0.9903 0.1387 -0.0000
vn -0.0000 0.1387 0.9903
vn -0.9903 0.1387 -0.0000
vn -0.0000 0.1243 -0.9922
vn 0.9922 0.1243 -0.0000
vn -0.0000 0.1243 0.9922
vn -0.9922 0.1243 -0.0000
vn -0.9943 0.1065 -0.0000
vn -0.0000 0.1065 0.9943
vn 0.9943 0.1065 -0.0000
vn -0.0000 0.1065 -0.9943
vn -0.0000 0.0839 -0.9965
vn 0.9965 0.0839 -0.0000
vn -0.0000 0.0839 0.9965
vn -0.9965 0.0839 -0.0000
vn -0.9984 0.0565 -0.0000
vn -0.0000 0.0565 0.9984
vn 0.9984 0.0565 -0.0000
vn -0.0000 0.0565 -0.9984
vn -0.9997 0.0250 -0.0000
vn -0.0000 0.0250 0.9997
vn 0.9997 0.0250 -0.0000
vn -0.0000 0.0250 -0.9997
vn -0.0000 -0.0084 -1.0000
vn 1.0000 -0.0084 -0.0000
vn -0.0000 -0.0084 1.0000
vn -1.0000 -0.0084 -0.0000
vn -0.0000 -0.0411 -0.9992
vn 0.9992 -0.0411 -0.0000
vn -0.0000 -0.0411 0.9992
vn -0.9992 -0.0411 -0.0000
vn -0.9975 -0.0708 -0.0000
vn -0.0000 -0.0708 0.9975
vn 0.9975 -0.0708 -0.0000
vn -0.0000 -0.0708 -0.9975
vn -0.9954 -0.0958 -0.0000
vn -0.0000 -0.0958 0.9954
vn 0.9954 -0.0958 -0.0000
vn -0.0000 -0.0958 -0.9954
vn -0.0000 -0.1159 -0.9933
vn 0.9933 -0.1159 -0.0000
vn -0.0000 -0.1159 0.9933
vn -0.9933 -0.1159 -0.0000
vn -0.9913 -0.1318 -0.0000
vn -0.0000 -0.1318 0.9913
vn 0.9913 -0.1318 -0.0000
vn -0.0000 -0.1318 -0.9913
vn -0.0000 -0.1452 -0.9894
vn 0.9894 -0.1452 -0.0000
vn -0.0000 -0.1452 0.9894
vn -0.9894 -0.1452 -0.0000
vn -0.0000 -0.1589 -0.9873
vn 0.9873 -0.1589 -0.0000
vn -0.0000 -0.1589 0.9873
vn -0.9873 -0.1589 -0.0000
vn -0.9831 -0.1831 -0.0000
vn -0.0000 -0.1831 0.9831
vn 0.9831 -0.1831 -0.0000
vn -0.0000 -0.1831 -0.9831
vn -0.0000 -1.0000 -0.0000
vn 1.0000 -0.0000 -0.0000
vn -0.0000 -0.0000 1.0000
vn -0.0000 -0.0000 -1.0000
vn -0.5504 -0.0000 0.8349
vn -0.8349 -0.0000 -0.5504
vn 0.5507 -0.0000 -0.8347
vn -0.0009 -0.0000 -1.0000
vn -0.5514 -0.0000 -0.8342
vn 0.8328 -0.0000 -0.5535
vn 0.5535 -0.0000 0.8328
vn 0.9992 0.0412 -0.0000
vn -0.9992 0.0412 -0.0000
vn 0.9992 -0.0412 -0.0000
vn -0.9992 -0.0412 -0.0000
vn -0.0000 0.0412 -0.9992
vn -0.0000 0.0412 0.9992
vn -0.0000 -0.0412 -0.9992
vn -0.0000 -0.0412 0.9992
vn 0.7071 -0.0000 0.7071
vn 0.7071 -0.0000 -0.7071
vn -0.7071 -0.0000 0.7071
vn -0.7071 -0.0000 -0.7071
vn 0.9465 -0.0000 0.3227
vn -0.9803 -0.0000 -0.1976
vn 0.0555 -0.0000 -0.9985
vn -0.9454 -0.0000 0.3260
vn 0.5225 -0.0000 -0.8527
vn 0.5510 -0.0000 0.8345
vn 0.1914 -0.0000 0.9815
vn -0.0665 -0.0000 0.9978
vn 0.8956 -0.0000 0.4449
vn 0.9760 -0.0000 -0.2178
vn 0.9385 -0.0000 -0.3452
vn 0.9979 -0.0000 0.0647
vn 0.1686 -0.0000 0.9857
vn -0.9449 -0.0000 -0.3272
vn -0.8924 -0.0000 -0.4512
vn 0.6552 -0.0000 0.7554
vn 0.7485 -0.0000 0.6631
vn -0.8921 -0.0000 0.4518
vn -0.6465 -0.0000 -0.7629
vn -0.0918 -0.0000 0.9958
vn 0.0086 -0.0000 1.0000
vn -0.4170 -0.0000 0.9089
vn -0.9979 -0.0000 -0.0655
vn 0.8926 -0.0000 -0.4509
vn -0.7414 -0.0000 -0.6711
vn -0.8913 -0.0000 -0.4535
vn -0.9468 -0.0000 -0.3217
vn 0.4376 -0.0000 0.8992
vn -0.3084 -0.0000 -0.9513
vn -0.5585 -0.0000 0.8295
vn 0.0635 -0.0000 0.9980
vn 0.5508 -0.0000 -0.8346
vn 0.4297 -0.0000 -0.9030
vn 0.8291 -0.0000 0.5591
vn 0.7551 -0.0000 -0.6556
vn 0.6571 -0.0000 -0.7538
vn 0.0011 -0.0000 1.0000
vn -0.0219 -0.0000 -0.9998
vn 0.6326 -0.0000 -0.7745
vn -0.5979 -0.0000 0.8015
vn -0.4926 -0.0000 0.8703
vn 0.9984 -0.0000 0.0569
vn 0.7076 -0.0000 -0.7066
vn -0.1854 -0.0000 -0.9827
vn -0.8240 -0.0000 -0.5665
vn -0.9979 -0.0000 0.0644
vn -0.3686 -0.0000 0.9296
vn 0.9808 -0.0000 0.1949
vn -0.1779 -0.0000 0.9840
vn 0.3169 -0.0000 0.9485
vn -0.2983 -0.0000 0.9545
vn 0.2881 -0.0000 -0.9576
vn 0.1703 -0.0000 -0.9854
vn -0.6391 -0.0000 0.7691
vn 0.4065 -0.0000 -0.9136
vn -0.7368 -0.0000 0.6761
vn 0.7332 -0.0000 -0.6800
vn -0.5316 -0.0000 0.8470
vn 0.9813 -0.0000 -0.1926
vn 0.8209 -0.0000 -0.5711
vn -0.4278 -0.0000 -0.9039
vn 0.9980 -0.0000 -0.0630
vn -0.8219 -0.0000 0.5696
vn -0.5412 -0.0000 -0.8409
vn -0.7610 -0.0000 0.6488
vn -0.6563 -0.0000 0.7545
vn -0.5015 -0.0000 -0.8651
vn 0.6901 -0.0000 -0.7237
vn 0.8361 -0.0000 0.5485
vn -0.8329 -0.0000 -0.5534
vn 0.9484 -0.0000 0.3170
vn 0.5791 -0.0000 -0.8152
vn -0.9583 -0.0000 0.2858
vn -0.7460 -0.0000 -0.6659
vn 0.9586 -0.0000 -0.2847
vn 0.5583 -0.0000 0.8297
vn -0.9988 -0.0000 -0.0500
vn 0.7013 -0.0000 -0.7128
vn -0.1116 -0.0000 -0.9938
vn -0.9860 -0.0000 0.1668
vn -0.5377 -0.0000 0.8432
vn 0.9173 -0.0000 -0.3983
vn -0.1639 -0.0000 0.9865
vn 0.7840 -0.0000 -0.6207
vn 0.1888 -0.0000 -0.9820
vn -0.2852 -0.0000 0.9585
vn -0.9415 -0.0000 -0.3370
vn 0.0105 -0.0000 0.9999
vn -0.0604 -0.0000 0.9982
vn 0.9984 -0.0000 -0.0574
vn -0.6346 -0.0000 -0.7729
vn 0.9000 -0.0000 0.4360
vn 0.6643 -0.0000 0.7475
vn -0.8471 -0.0000 0.5314
vn -0.1641 -0.0000 -0.9864
vn -0.9985 -0.0000 0.0539
vn 0.4546 -0.0000 -0.8907
vn 0.8596 -0.0000 -0.5110
vn 0.4415 -0.0000 0.8973
vn -0.8968 -0.0000 -0.4424
vn 0.3172 -0.0000 0.9484
vn 0.9852 -0.0000 -0.1712
vn -0.2059 -0.0000 -0.9786
vn -0.9713 -0.0000 -0.2380
vn -0.3550 -0.0000 -0.9349
vn -0.4116 -0.0000 0.9113
vn 0.9812 -0.0000 0.1929
vn 0.9979 -0.0000 0.0649
vn -0.9127 -0.0000 0.4086
vn -0.9896 -0.0000 -0.1438
vn 0.7573 -0.0000 0.6530
vn 0.1892 -0.0000 0.9819
vn 0.3223 -0.0000 -0.9466
vn -0.1789 -0.0000 -0.9839
vn -0.1108 -0.0000 -0.9938
vn -0.2132 -0.0000 -0.9770
vn 0.2852 -0.0000 -0.9585
vn 0.7731 -0.0000 -0.6343
vn 0.1895 -0.0000 -0.9819
vn 0.3000 -0.0000 -0.9539
vn 0.5212 -0.0000 -0.8534
vn -0.0034 -0.0000 1.0000
vn -0.6602 -0.0000 0.7511
vn 0.7347 -0.0000 -0.6784
vn -0.4715 -0.0000 0.8819
vn -0.3067 -0.0000 -0.9518
vn 0.0544 -0.0000 -0.9985
vn -0.9136 -0.0000 0.4065
vn -0.4719 -0.0000 -0.8817
vn 0.4041 -0.0000 -0.9147
vn -0.8583 -0.0000 0.5131
vn 0.9819 -0.0000 -0.1892
vn 0.9455 -0.0000 0.3257
vn -0.9829 -0.0000 0.1839
vn 0.8230 -0.0000 -0.5681
vn 0.9979 -0.0000 0.0646
vn -0.4124 -0.0000 -0.9110
vn -0.8259 -0.0000 -0.5638
vn -0.9980 -0.0000 0.0639
vn -0.3003 -0.0000 -0.9538
vn -0.7871 -0.0000 0.6168
vn -0.9980 -0.0000 -0.0632
vn 0.1806 -0.0000 0.9836
vn 0.9981 -0.0000 -0.0616
vn 0.8926 -0.0000 0.4508
vn 0.8946 -0.0000 -0.4468
vn 0.6423 -0.0000 0.7665
vn -0.2007 -0.0000 0.9796
vn 0.4212 -0.0000 0.9070
vn 0.0037 -0.0000 1.0000
vn 0.3526 -0.0000 0.9358
vn 0.2557 -0.0000 0.9668
vn 0.5355 -0.0000 0.8446
vn -0.0221 -0.0000 -0.9998
vn -0.9471 -0.0000 -0.3210
vn -0.8950 -0.0000 -0.4460
vn -0.6438 -0.0000 -0.7652
vn 0.8232 -0.0000 0.5678
vn 0.0595 -0.0000 0.9982
vn 0.2273 -0.0000 -0.9738
vn -0.5626 -0.0000 0.8268
vn 0.1678 -0.0000 -0.9858
vn 0.3459 -0.0000 -0.9383
vn -0.5358 -0.0000 -0.8444
vn -0.6988 -0.0000 0.7154
vn 0.6328 -0.0000 -0.7743
vn 0.0063 -0.0000 1.0000
vn -0.0980 -0.0000 0.9952
vn 1.0000 -0.0000 -0.0045
vn 0.5139 -0.0000 -0.8579
vn -0.9548 -0.0000 0.2972
vn 0.9478 -0.0000 -0.3190
vn 0.0015 -0.0000 -1.0000
vn 0.9806 -0.0000 0.1958
vn 0.1468 -0.0000 0.9892
vn -0.3744 -0.0000 0.9273
vn -0.9814 -0.0000 -0.1921
vn -0.4203 -0.0000 -0.9074
vn -0.7414 -0.0000 -0.6710
vn 0.7390 -0.0000 0.6737
vn 0.3020 -0.0000 0.9533
vn -0.3386 -0.0000 0.9409
vn -0.5929 -0.0000 0.8052
vn 0.9104 -0.0000 -0.4137
vn -0.1176 -0.0000 0.9931
vn 0.6006 -0.0000 -0.7995
vn 0.0016 -0.0000 -1.0000
vn 0.1022 -0.0000 -0.9948
vn -0.5419 -0.0000 0.8404
vn 0.3196 -0.0000 0.9476
vn 0.2266 -0.0000 -0.9740
vn 0.7367 -0.0000 0.6762
vn -0.5397 -0.0000 -0.8418
vn -0.1060 -0.0000 -0.9944
vn 0.8465 -0.0000 0.5324
vn -0.9462 -0.0000 -0.3237
vn -0.9875 -0.0000 0.1577
vn 0.9919 -0.0000 0.1274
vn -0.3673 -0.0000 -0.9301
vn 0.9502 -0.0000 -0.3116
vn -0.9986 -0.0000 -0.0526
vn 0.9555 -0.0000 -0.2949
vn 0.6308 -0.0000 0.7759
vn -0.7412 -0.0000 0.6713
vn 0.2701 -0.0000 0.9628
vn -0.4946 -0.0000 -0.8691
vn 0.6383 -0.0000 -0.7698
vn -0.8348 -0.0000 -0.5505
vn -0.2454 -0.0000 0.9694
vn -0.9978 -0.0000 0.0663
vn -0.4235 -0.0000 0.9059
vn 0.9820 -0.0000 0.1889
vn 0.9846 -0.0000 -0.1746
vn 0.1549 -0.0000 0.9879
vn 0.1605 -0.0000 -0.9870
vn 0.3170 -0.0000 -0.9484
vn -0.8649 -0.0000 0.5020
vn 0.7044 -0.0000 -0.7098
vn -0.0731 -0.0000 -0.9973
vn -0.3115 -0.0000 0.9503
vn 0.4106 -0.0000 -0.9118
vn 0.5137 -0.0000 0.8580
vn 0.7792 -0.0000 0.6268
vn 0.6918 -0.0000 -0.7221
vn 0.9489 -0.0000 0.3155
vn 0.7044 -0.0000 0.7098
vn -0.6213 -0.0000 -0.7836
vn -0.6685 -0.0000 -0.7437
vn 0.9984 -0.0000 -0.0568
vn 0.1497 -0.0000 -0.9887
vn 0.0030 -0.0000 -1.0000
vn -0.9082 -0.0000 -0.4184
vn -0.9603 -0.0000 0.2789
vn -0.3036 -0.0000 -0.9528
vn 0.9826 -0.0000 -0.1859
vn -0.7713 -0.0000 0.6364
vn -0.7862 -0.0000 -0.6179
vn 0.0072 -0.0000 1.0000
vn -0.9782 -0.0000 0.2076
vn -0.1934 -0.0000 -0.9811
vn 0.7761 -0.0000 -0.6306
vn 0.9981 -0.0000 -0.0615
vn -0.1381 -0.0000 -0.9904
vn 0.9747 -0.0000 0.2235
vn 0.8974 -0.0000 0.4413
vn -0.2091 -0.0000 0.9779
vn -0.1369 -0.0000 0.9906
vn 0.5059 -0.0000 -0.8626
vn -0.9833 -0.0000 -0.1819
vn -0.9121 -0.0000 0.4099
vn 0.2782 -0.0000 -0.9605
vn 0.7041 -0.0000 -0.7101
vn -0.0573 -0.0000 -0.9984
vn -0.6233 -0.0000 0.7820
vn 0.0169 -0.0000 -0.9999
vn 0.1724 -0.0000 -0.9850
vn -0.9577 -0.0000 -0.2879
vn 0.7423 -0.0000 -0.6701
vn 0.4005 -0.0000 -0.9163
vn -0.6607 -0.0000 0.7507
vn 0.8499 -0.0000 -0.5269
vn 0.6265 -0.0000 0.7794
vn -0.2958 -0.0000 -0.9552
vn 0.9454 -0.0000 0.3258
vn -0.8809 -0.0000 -0.4733
vn 0.9992 -0.0000 0.0400
vn -0.9984 -0.0000 -0.0560
vn -0.4949 -0.0000 0.8690
vn 0.8302 -0.0000 -0.5574
vn -0.4126 -0.0000 -0.9109
vn 0.3914 -0.0000 0.9202
vn 0.9026 -0.0000 0.4304
vn 0.8264 -0.0000 0.5630
vn -0.8391 -0.0000 0.5439
vn -0.7375 -0.0000 -0.6753
vn -0.2469 -0.0000 -0.9690
vn 0.5225 -0.0000 -0.8526
vn 0.9980 -0.0000 0.0629
vn -0.9988 -0.0000 0.0494
vn -0.3663 -0.0000 0.9305
vn 0.8997 -0.0000 -0.4365
vn -0.9863 -0.0000 -0.1649
vn -0.9346 -0.0000 0.3557
vn -0.5420 -0.0000 0.8404
vn 0.5507 -0.0000 0.8347
vn -0.8345 -0.0000 0.5510
vn -0.5510 -0.0000 -0.8345
vn 0.5449 -0.0000 -0.8385
vn 0.8385 -0.0000 0.5449
vn -0.8387 -0.0000 -0.5446
vn 0.0137 -0.0000 0.9999
vn 0.8312 -0.0000 -0.5560
vn 0.0076 -0.0000 -1.0000
vn 0.0843 -0.0000 -0.9964
vn 0.2197 -0.0000 -0.9756
vn 0.3401 -0.0000 -0.9404
vn 0.4626 -0.0000 -0.8866
vn 0.5819 -0.0000 -0.8133
vn 0.6921 -0.0000 -0.7218
vn 0.7883 -0.0000 -0.6153
vn 0.8671 -0.0000 -0.4982
vn 0.9271 -0.0000 -0.3749
vn 0.9684 -0.0000 -0.2493
vn 0.9923 -0.0000 -0.1240
vn 0.9999 -0.0000 -0.0108
vn 0.9965 -0.0000 0.0838
vn 0.9845 -0.0000 0.1756
vn 0.9614 -0.0000 0.2750
vn 0.9255 -0.0000 0.3787
vn 0.8760 -0.0000 0.4823
vn 0.8142 -0.0000 0.5806
vn 0.7430 -0.0000 0.6693
vn 0.6664 -0.0000 0.7456
vn 0.5887 -0.0000 0.8083
vn 0.4969 -0.0000 0.8678
vn 0.4422 -0.0000 0.8969
vn 0.8492 -0.0000 0.5281
vn 0.7831 -0.0000 -0.6218
vn 0.2721 -0.0000 -0.9623
vn 0.3642 -0.0000 -0.9313
vn 0.4589 -0.0000 -0.8885
vn 0.5541 -0.0000 -0.8324
vn 0.6474 -0.0000 -0.7622
vn 0.7354 -0.0000 -0.6777
vn 0.8147 -0.0000 -0.5799
vn 0.8820 -0.0000 -0.4712
vn 0.9349 -0.0000 -0.3550
vn 0.9719 -0.0000 -0.2352
vn 0.9933 -0.0000 -0.1159
vn 1.0000 -0.0000 0.0031
vn 0.9920 -0.0000 0.1262
vn 0.9675 -0.0000 0.2527
vn 0.9253 -0.0000 0.3793
vn 0.8641 -0.0000 0.5034
vn 0.7836 -0.0000 0.6212
vn 0.6856 -0.0000 0.7280
vn 0.5737 -0.0000 0.8191
vn 0.4536 -0.0000 0.8912
vn 0.3315 -0.0000 0.9435
vn 0.2129 -0.0000 0.9771
vn 0.0812 -0.0000 0.9967
vn -0.7046 -0.0000 0.7096
vn -0.7044 -0.0000 -0.7098
vn 0.5476 -0.0000 -0.8367
vn -0.1499 -0.0000 -0.9887
vn -0.2450 -0.0000 -0.9695
vn -0.3549 -0.0000 -0.9349
vn -0.4774 -0.0000 -0.8787
vn -0.6061 -0.0000 -0.7954
vn -0.7301 -0.0000 -0.6834
vn -0.8367 -0.0000 -0.5477
vn -0.9166 -0.0000 -0.3998
vn -0.9673 -0.0000 -0.2535
vn -0.9929 -0.0000 -0.1192
vn -1.0000 -0.0000 -0.0033
vn -0.9946 -0.0000 0.1037
vn -0.9758 -0.0000 0.2187
vn -0.9385 -0.0000 0.3452
vn -0.8782 -0.0000 0.4783
vn -0.7927 -0.0000 0.6096
vn -0.6845 -0.0000 0.7290
vn -0.5608 -0.0000 0.8280
vn -0.4317 -0.0000 0.9020
vn -0.3065 -0.0000 0.9519
vn -0.1914 -0.0000 0.9815
vn -0.0726 -0.0000 0.9974
vn -0.0080 -0.0000 1.0000
vn 0.7043 -0.0000 0.7099
vn -0.1928 -0.0000 -0.9812
vn -0.3077 -0.0000 -0.9515
vn -0.4320 -0.0000 -0.9019
vn -0.5596 -0.0000 -0.8288
vn -0.6816 -0.0000 -0.7318
vn -0.7887 -0.0000 -0.6148
vn -0.8740 -0.0000 -0.4859
vn -0.9352 -0.0000 -0.3540
vn -0.9739 -0.0000 -0.2268
vn -0.9940 -0.0000 -0.1090
vn -1.0000 -0.0000 0.0068
vn -0.9905 -0.0000 0.1373
vn -0.9593 -0.0000 0.2825
vn -0.9027 -0.0000 0.4303
vn -0.8209 -0.0000 0.5711
vn -0.7183 -0.0000 0.6958
vn -0.6030 -0.0000 0.7978
vn -0.4838 -0.0000 0.8752
vn -0.3681 -0.0000 0.9298
vn -0.2606 -0.0000 0.9654
vn -0.1635 -0.0000 0.9865
vn -0.0620 -0.0000 0.9981
vn -0.0063 -0.0000 1.0000
vn 0.7049 -0.0000 0.7093
vn 0.5264 -0.0000 0.8502
vn -0.3904 -0.0000 0.9206
vn -0.1065 -0.0000 -0.9943
vn 0.0552 -0.0000 -0.9985
vn -0.3337 -0.0000 0.9427
vn -0.2436 -0.0000 0.9699
vn -0.1460 -0.0000 0.9893
vn -0.0475 -0.0000 0.9989
vn 0.0060 -0.0000 1.0000
vn 0.1203 -0.0000 0.9927
vn 0.2418 -0.0000 0.9703
vn 0.3623 -0.0000 0.9320
vn 0.4793 -0.0000 0.8776
vn 0.5902 -0.0000 0.8073
vn 0.6922 -0.0000 0.7217
vn 0.7829 -0.0000 0.6221
vn 0.8599 -0.0000 0.5105
vn 0.9212 -0.0000 0.3892
vn 0.9652 -0.0000 0.2614
vn 0.9914 -0.0000 0.1305
vn 1.0000 -0.0000 0.0015
vn 0.9921 -0.0000 -0.1257
vn 0.9670 -0.0000 -0.2546
vn 0.9234 -0.0000 -0.3838
vn 0.8609 -0.0000 -0.5087
vn 0.7808 -0.0000 -0.6248
vn 0.6854 -0.0000 -0.7282
vn 0.5784 -0.0000 -0.8158
vn 0.4637 -0.0000 -0.8860
vn 0.3454 -0.0000 -0.9385
vn 0.2269 -0.0000 -0.9739
vn 0.1113 -0.0000 -0.9938
vn -0.0013 -0.0000 -1.0000
vn -0.0571 -0.0000 -0.9984
vn -0.0879 -0.0000 0.9961
vn -0.0969 -0.0000 0.9953
vn 0.8708 -0.0000 -0.4917
vn 0.4761 -0.0000 -0.8794
vn -0.0077 -0.0000 -1.0000
vn 0.8384 -0.0000 0.5450
vn 0.6067 -0.0000 -0.7949
vn 0.5600 -0.0000 -0.8285
vn -0.2890 -0.0000 0.9573
vn -0.0125 -0.0056 -0.9999
vn -0.3411 -0.0000 0.9400
vn -0.2012 -0.0000 0.9796
vn 0.0077 -0.0000 1.0000
vn -0.1330 -0.0000 0.9911
vn -0.2704 -0.0000 0.9628
vn -0.4061 -0.0000 0.9138
vn -0.5336 -0.0000 0.8457
vn -0.6474 -0.0000 0.7621
vn -0.7446 -0.0000 0.6675
vn -0.8244 -0.0000 0.5661
vn -0.8876 -0.0000 0.4607
vn -0.9358 -0.0000 0.3524
vn -0.9705 -0.0000 0.2409
vn -0.9923 -0.0000 0.1241
vn -1.0000 -0.0000 0.0004
vn -0.9918 -0.0000 -0.1279
vn -0.9664 -0.0000 -0.2571
vn -0.9232 -0.0000 -0.3844
vn -0.8625 -0.0000 -0.5061
vn -0.7855 -0.0000 -0.6188
vn -0.6942 -0.0000 -0.7198
vn -0.5911 -0.0000 -0.8066
vn -0.4790 -0.0000 -0.8778
vn -0.3610 -0.0000 -0.9325
vn -0.2401 -0.0000 -0.9708
vn -0.1190 -0.0000 -0.9929
vn 0.0117 -0.0000 -0.9999
vn 0.2923 -0.0000 -0.9563
vn 0.2567 -0.0000 -0.9665
vn -0.0029 -0.0000 -1.0000
vn 0.8203 -0.0000 -0.5720
vn 0.0112 -0.0000 -0.9999
vn 0.1004 -0.0000 -0.9949
vn 0.2562 -0.0000 -0.9666
vn 0.3895 -0.0000 -0.9210
vn 0.5182 -0.0000 -0.8552
vn 0.6363 -0.0000 -0.7715
vn 0.7389 -0.0000 -0.6739
vn 0.8236 -0.0000 -0.5671
vn 0.8902 -0.0000 -0.4556
vn 0.9397 -0.0000 -0.3421
vn 0.9736 -0.0000 -0.2283
vn 0.9934 -0.0000 -0.1145
vn 1.0000 -0.0000 0.0037
vn 0.9916 -0.0000 0.1291
vn 0.9668 -0.0000 0.2555
vn 0.9261 -0.0000 0.3773
vn 0.8699 -0.0000 0.4933
vn 0.7985 -0.0000 0.6021
vn 0.7124 -0.0000 0.7018
vn 0.6126 -0.0000 0.7904
vn 0.5010 -0.0000 0.8654
vn 0.3802 -0.0000 0.9249
vn 0.2537 -0.0000 0.9673
vn 0.1002 -0.0000 0.9950
vn 0.3153 -0.0000 0.9490
vn -0.1975 -0.0000 0.9803
vn -0.7034 -0.0000 0.7108
vn -0.7031 -0.0000 -0.7110
vn 0.2372 -0.0000 -0.9715
vn -0.2813 -0.0000 -0.9596
vn -0.4297 -0.0000 -0.9030
vn -0.5699 -0.0000 -0.8217
vn -0.6923 -0.0000 -0.7216
vn -0.7915 -0.0000 -0.6112
vn -0.8666 -0.0000 -0.4989
vn -0.9207 -0.0000 -0.3903
vn -0.9816 -0.0000 -0.1911
vn -0.9953 -0.0000 -0.0970
vn -1.0000 -0.0000 0.0020
vn -0.9939 -0.0000 0.1105
vn -0.9740 -0.0000 0.2267
vn -0.9375 -0.0000 0.3479
vn -0.8820 -0.0000 0.4712
vn -0.8062 -0.0000 0.5917
vn -0.7106 -0.0000 0.7036
vn -0.5986 -0.0000 0.8010
vn -0.4759 -0.0000 0.8795
vn -0.3492 -0.0000 0.9370
vn -0.2250 -0.0000 0.9744
vn -0.0882 -0.0000 0.9961
vn -0.0120 -0.0000 0.9999
vn 0.7028 -0.0000 0.7113
vn 0.2483 -0.0000 0.9687
vn -0.9979 -0.0000 -0.0641
vn -0.7065 -0.0000 -0.7077
vn -0.0074 -0.0000 1.0000
vn 0.0022 -0.0000 1.0000
vn -0.1184 -0.0000 0.9930
vn -0.2385 -0.0000 0.9711
vn -0.3584 -0.0000 0.9336
vn -0.4753 -0.0000 0.8798
vn -0.5867 -0.0000 0.8098
vn -0.6895 -0.0000 0.7242
vn -0.7812 -0.0000 0.6243
vn -0.8590 -0.0000 0.5119
vn -0.9209 -0.0000 0.3898
vn -0.9652 -0.0000 0.2614
vn -0.9915 -0.0000 0.1303
vn -1.0000 -0.0000 -0.0006
vn -0.9913 -0.0000 -0.1318
vn -0.9648 -0.0000 -0.2630
vn -0.9208 -0.0000 -0.3901
vn -0.8602 -0.0000 -0.5100
vn -0.7845 -0.0000 -0.6202
vn -0.6955 -0.0000 -0.7186
vn -0.5951 -0.0000 -0.8036
vn -0.4855 -0.0000 -0.8742
vn -0.3688 -0.0000 -0.9295
vn -0.2474 -0.0000 -0.9689
vn -0.1236 -0.0000 -0.9923
vn 0.2928 -0.0000 -0.9562
vn 0.0787 -0.0000 0.9969
vn 0.7114 -0.0000 0.7028
vn 0.8226 -0.0000 -0.5686
vn 0.5406 -0.0000 0.8413
vn 0.1055 -0.0000 -0.9944
vn -0.1370 -0.0000 0.9906
vn 0.3907 -0.0000 -0.9205
vn 0.1277 -0.0000 0.9918
vn 0.2547 -0.0000 0.9670
vn 0.3780 -0.0000 0.9258
vn 0.4953 -0.0000 0.8687
vn 0.6044 -0.0000 0.7967
vn 0.7034 -0.0000 0.7108
vn 0.7905 -0.0000 0.6124
vn 0.8642 -0.0000 0.5031
vn 0.9231 -0.0000 0.3846
vn 0.9658 -0.0000 0.2594
vn 0.9915 -0.0000 0.1301
vn 1.0000 -0.0000 0.0009
vn 0.9918 -0.0000 -0.1281
vn 0.9660 -0.0000 -0.2586
vn 0.9216 -0.0000 -0.3881
vn 0.8588 -0.0000 -0.5123
vn 0.7789 -0.0000 -0.6271
vn 0.6845 -0.0000 -0.7290
vn 0.5788 -0.0000 -0.8154
vn 0.4655 -0.0000 -0.8851
vn 0.3480 -0.0000 -0.9375
vn 0.2297 -0.0000 -0.9733
vn 0.1131 -0.0000 -0.9936
vn -0.0078 -0.0000 -1.0000
vn -0.2350 -0.0000 -0.9720
vn -0.7858 -0.0000 -0.6185
vn 0.8213 -0.0000 0.5706
vn -0.9810 -0.0000 0.1940
vn -0.7796 -0.0000 -0.6262
vn -0.0901 -0.0000 -0.9959
vn 0.0597 -0.0000 0.9982
vn 0.7478 -0.0000 0.6640
vn 0.8418 -0.0000 0.5398
vn -0.3039 -0.0000 -0.9527
vn -0.9074 -0.0000 -0.4203
vn 0.9795 -0.0000 0.2013
vn 0.9088 -0.0000 0.4171
vn -0.0094 -0.0000 1.0000
vn -0.9611 -0.0000 -0.2760
vn -0.6585 -0.0000 -0.7526
vn 0.9937 -0.0000 0.1122
vn -0.1576 -0.0000 -0.9875
vn -0.9794 -0.0000 -0.2018
vn 0.9529 -0.0000 0.3032
vn -0.4787 -0.0000 -0.8780
vn 0.6271 -0.0000 0.7789
vn 0.4865 -0.0000 0.8737
vn -0.8083 -0.0000 -0.5888
vn 0.1922 -0.0000 0.9814
vn 0.9876 -0.0000 0.1569
vn 0.9676 -0.0000 0.2526
vn 0.9326 -0.0000 0.3608
vn 0.8775 -0.0000 0.4797
vn 0.7972 -0.0000 0.6037
vn 0.6899 -0.0000 0.7239
vn 0.5588 -0.0000 0.8293
vn 0.4133 -0.0000 0.9106
vn 0.2655 -0.0000 0.9641
vn 0.1262 -0.0000 0.9920
vn 0.3489 -0.0000 0.9371
vn 0.7055 -0.0000 -0.7087
vn 0.9970 -0.0000 -0.0777
vn -0.7045 -0.0000 -0.7097
vn 0.0746 -0.0000 -0.9972
vn -0.2314 -0.0000 -0.9729
vn -0.3931 -0.0000 -0.9195
vn -0.5721 -0.0000 -0.8202
vn -0.7379 -0.0000 -0.6749
vn -0.8620 -0.0000 -0.5070
vn -0.9370 -0.0000 -0.3492
vn 0.1372 -0.0000 0.9905
vn 0.2805 -0.0000 0.9598
vn -1.0000 -0.0000 -0.0016
vn -0.3759 -0.0000 0.9267
vn 0.3894 -0.0000 0.9211
vn 0.3633 -0.0000 -0.9317
vn -0.4019 -0.0000 -0.9157
vn 0.9157 -0.0000 -0.4020
vn 0.9996 -0.0000 -0.0285
vn 0.9267 -0.0000 0.3757
vn 0.4344 -0.0000 0.9007
vn -0.4344 -0.0000 0.9007
vn 0.4312 -0.0000 -0.9022
vn 0.0011 -0.0000 -1.0000
vn -0.4303 -0.0000 -0.9027
vn -0.4149 -0.0000 0.9099
vn 0.3500 -0.0000 0.9367
vn 0.4132 -0.0000 -0.9106
vn -0.3517 -0.0000 -0.9361
vn 0.1217 -0.0000 -0.9926
vn 0.2465 -0.0000 -0.9692
vn 0.3712 -0.0000 -0.9285
vn 0.4921 -0.0000 -0.8705
vn 0.6053 -0.0000 -0.7960
vn 0.7964 -0.0000 -0.6048
vn 0.8700 -0.0000 -0.4931
vn 0.9273 -0.0000 -0.3743
vn 0.9680 -0.0000 -0.2510
vn 0.9921 -0.0000 -0.1255
vn 0.9921 -0.0000 0.1251
vn 0.9684 -0.0000 0.2494
vn 0.9286 -0.0000 0.3711
vn 0.8726 -0.0000 0.4885
vn 0.8005 -0.0000 0.5993
vn 0.7130 -0.0000 0.7012
vn 0.6114 -0.0000 0.7913
vn 0.4980 -0.0000 0.8672
vn 0.3761 -0.0000 0.9266
vn 0.2497 -0.0000 0.9683
vn 0.1232 -0.0000 0.9924
vn -0.0008 -0.0000 1.0000
vn -0.1260 -0.0000 0.9920
vn -0.2541 -0.0000 0.9672
vn -0.3807 -0.0000 0.9247
vn -0.5017 -0.0000 0.8650
vn -0.6136 -0.0000 0.7896
vn -0.7137 -0.0000 0.7004
vn -0.8001 -0.0000 0.5999
vn -0.8716 -0.0000 0.4902
vn -0.9276 -0.0000 0.3736
vn -0.9678 -0.0000 0.2519
vn -0.9919 -0.0000 0.1267
vn -1.0000 -0.0000 -0.0003
vn -0.9918 -0.0000 -0.1281
vn -0.9669 -0.0000 -0.2551
vn -0.9255 -0.0000 -0.3787
vn -0.8679 -0.0000 -0.4967
vn -0.7947 -0.0000 -0.6070
vn -0.7069 -0.0000 -0.7073
vn -0.4944 -0.0000 -0.8692
vn -0.3745 -0.0000 -0.9272
vn -0.2498 -0.0000 -0.9683
vn -0.1239 -0.0000 -0.9923
vn -0.0007 -0.0000 -1.0000
vn -0.1226 -0.0000 -0.9925
vn -0.2464 -0.0000 -0.9692
vn -0.3687 -0.0000 -0.9295
vn -0.4869 -0.0000 -0.8735
vn -0.5981 -0.0000 -0.8015
vn -0.6996 -0.0000 -0.7145
vn -0.7891 -0.0000 -0.6143
vn -0.8644 -0.0000 -0.5028
vn -0.9239 -0.0000 -0.3825
vn -0.9665 -0.0000 -0.2565
vn -0.9918 -0.0000 -0.1280
vn -1.0000 -0.0000 -0.0002
vn -0.9918 -0.0000 0.1274
vn -0.9667 -0.0000 0.2558
vn -0.9241 -0.0000 0.3821
vn -0.8644 -0.0000 0.5028
vn -0.7887 -0.0000 0.6148
vn -0.6986 -0.0000 0.7155
vn -0.5966 -0.0000 0.8025
vn -0.4851 -0.0000 0.8745
vn -0.3668 -0.0000 0.9303
vn -0.2448 -0.0000 0.9696
vn -0.1217 -0.0000 0.9926
vn 0.0002 -0.0000 1.0000
vn 0.1224 -0.0000 0.9925
vn 0.2459 -0.0000 0.9693
vn 0.3682 -0.0000 0.9297
vn 0.4864 -0.0000 0.8737
vn 0.5978 -0.0000 0.8016
vn 0.6996 -0.0000 0.7146
vn 0.7893 -0.0000 0.6140
vn 0.8648 -0.0000 0.5022
vn 0.9243 -0.0000 0.3817
vn 0.9668 -0.0000 0.2556
vn 1.0000 -0.0000 -0.0002
vn 0.9918 -0.0000 -0.1279
vn 0.9666 -0.0000 -0.2563
vn 0.9241 -0.0000 -0.3821
vn 0.8648 -0.0000 -0.5022
vn 0.7897 -0.0000 -0.6135
vn 0.7005 -0.0000 -0.7136
vn 0.5993 -0.0000 -0.8005
vn 0.4883 -0.0000 -0.8727
vn 0.3701 -0.0000 -0.9290
vn 0.2475 -0.0000 -0.9689
vn 0.1233 -0.0000 -0.9924
vn 0.0002 -0.0000 -1.0000
vn 0.3521 -0.0000 -0.9360
vn 0.6504 -0.0000 -0.7596
vn -0.7046 -0.0000 -0.7097
vn 0.0838 -0.0000 -0.9965
vn -0.3639 -0.0000 -0.9314
vn 0.0123 -0.0000 0.9999
vn 0.4950 -0.0000 0.8689
vn -0.9983 -0.0000 -0.0589
vn -0.1434 -0.0000 -0.9897
vn 0.1448 -0.0000 0.9895
vn 0.9581 -0.0000 -0.2865
vn 0.8984 -0.0000 0.4392
vn -0.6010 -0.0000 -0.7993
vn 0.9986 -0.0000 -0.0536
vn -0.3510 -0.0000 -0.9364
vn 0.6156 -0.0000 0.7880
vn -0.5629 -0.0000 0.8265
vn -0.9895 -0.0000 0.1446
vn 0.9515 -0.0000 0.3075
vn -0.9478 -0.0000 -0.3188
vn -0.4825 -0.0000 -0.8759
vn -0.7904 -0.0000 0.6126
vn -0.9989 -0.0000 0.0464
vn 0.8231 -0.0000 0.5679
vn -0.8908 -0.0000 -0.4544
vn 0.1600 -0.0000 -0.9871
vn 0.9860 -0.0000 -0.1665
vn -0.2946 -0.0000 0.9556
vn 0.8447 -0.0000 -0.5352
vn -0.2500 -0.0000 -0.9683
vn -0.8717 -0.0000 0.4901
vn 0.4046 -0.0000 -0.9145
vn 0.7568 -0.0000 -0.6536
vn -0.4292 -0.0000 0.9032
vn 0.3726 -0.0000 0.9280
vn 0.2792 -0.0000 -0.9602
vn -0.9827 -0.0000 -0.1851
vn -0.6860 -0.0000 0.7276
vn -0.7130 -0.0000 -0.7012
vn 0.9117 -0.0000 -0.4108
vn 0.2545 -0.0000 0.9671
vn 0.9984 -0.0000 0.0574
vn 0.7273 -0.0000 0.6863
vn -0.8115 -0.0000 -0.5843
vn 0.9839 -0.0000 0.1789
vn -0.9677 -0.0000 0.2520
vn -0.1672 -0.0000 0.9859
vn -0.9298 -0.0000 0.3680
vn 0.5306 -0.0000 -0.8476
vn 0.2200 -0.0000 -0.9755
vn 0.3427 -0.0000 -0.9395
vn 0.4688 -0.0000 -0.8833
vn 0.5921 -0.0000 -0.8058
vn 0.7056 -0.0000 -0.7086
vn 0.8030 -0.0000 -0.5960
vn 0.8804 -0.0000 -0.4742
vn 0.9370 -0.0000 -0.3494
vn 0.9739 -0.0000 -0.2269
vn 0.9939 -0.0000 -0.1102
vn 1.0000 -0.0000 0.0019
vn 0.9930 -0.0000 0.1183
vn 0.9698 -0.0000 0.2437
vn 0.9273 -0.0000 0.3743
vn 0.8631 -0.0000 0.5050
vn 0.7775 -0.0000 0.6289
vn 0.6734 -0.0000 0.7393
vn 0.5568 -0.0000 0.8307
vn 0.4348 -0.0000 0.9005
vn 0.3142 -0.0000 0.9494
vn 0.2000 -0.0000 0.9798
vn 0.7049 -0.0000 -0.7093
vn -0.0750 -0.0000 -0.9972
vn 0.2024 -0.0000 -0.9793
vn -0.0063 -0.0000 -1.0000
vn -0.1970 -0.0000 -0.9804
vn -0.3075 -0.0000 -0.9516
vn -0.4241 -0.0000 -0.9056
vn -0.5431 -0.0000 -0.8397
vn -0.6588 -0.0000 -0.7523
vn -0.7645 -0.0000 -0.6446
vn -0.8536 -0.0000 -0.5208
vn -0.9218 -0.0000 -0.3876
vn -0.9676 -0.0000 -0.2525
vn -0.9925 -0.0000 -0.1222
vn -1.0000 -0.0000 -0.0063
vn -0.9954 -0.0000 0.0956
vn -0.9801 -0.0000 0.1986
vn -0.9505 -0.0000 0.3106
vn -0.9028 -0.0000 0.4300
vn -0.8333 -0.0000 0.5528
vn -0.7405 -0.0000 0.6721
vn -0.6264 -0.0000 0.7795
vn -0.4975 -0.0000 0.8674
vn -0.3629 -0.0000 0.9318
vn -0.2314 -0.0000 0.9729
vn 0.4316 -0.0000 -0.9021
vn 0.2064 -0.0000 0.9785
vn 0.2898 -0.0000 -0.9571
vn -0.5625 -0.0000 -0.8268
vn 0.8015 -0.0000 0.5980
vn -0.5479 -0.0000 0.8366
vn -0.9984 -0.0000 0.0573
vn -0.8189 -0.0000 -0.5740
vn 0.9979 -0.0000 -0.0646
vn -0.5566 -0.0000 0.8308
vn 0.2238 -0.0000 0.9746
vn 0.4941 -0.0000 0.8694
vn -0.3246 -0.0000 -0.9459
vn 0.0621 -0.0000 -0.9981
vn -0.1683 -0.0000 -0.9857
vn 0.6701 -0.0000 -0.7422
vn -0.9498 -0.0000 0.3128
vn 0.8186 -0.0000 0.5744
vn -0.1676 -0.0000 0.9859
vn -0.9582 -0.0000 0.2860
vn -0.1910 -0.0000 0.9816
vn -0.9981 -0.0000 0.0622
vn 0.9463 -0.0000 -0.3232
vn -0.8659 -0.0000 0.5002
vn 0.9159 -0.0000 0.4014
vn -0.5187 -0.0000 -0.8550
vn 0.4324 -0.0000 -0.9017
vn 0.6226 -0.0000 0.7825
vn -0.9813 -0.0000 -0.1927
vn -0.4409 -0.0000 0.8975
vn 0.9878 -0.0000 0.1559
vn 0.5581 -0.0000 0.8298
vn -0.7304 -0.0000 -0.6830
vn -0.8914 -0.0000 -0.4533
vn 0.1877 -0.0000 -0.9822
vn -0.6624 -0.0000 0.7492
vn 0.8276 -0.0000 -0.5614
vn -0.4980 -0.0000 0.8672
vn -0.4056 -0.0000 0.9140
vn 0.0563 -0.0000 -0.9984
vn 0.3523 -0.0000 0.9359
vn -0.6433 -0.0000 0.7656
vn 0.4606 -0.0000 0.8876
vn -0.0548 -0.0000 -0.9985
vn -0.0647 -0.0000 -0.9979
vn 0.8396 -0.0000 -0.5432
vn -0.8358 -0.0000 -0.5490
vn -0.4522 -0.0000 0.8919
vn 0.9135 -0.0000 -0.4069
vn 0.3032 -0.0000 -0.9529
vn 0.9982 -0.0000 0.0597
vn 0.7292 -0.0000 0.6843
vn -0.1489 -0.0000 -0.9889
vn -0.7273 -0.0000 0.6863
vn 0.8509 -0.0000 -0.5253
vn -0.6663 -0.0000 -0.7457
vn -0.8995 -0.0000 -0.4368
vn 0.3563 -0.0000 0.9344
vn 0.9840 -0.0000 0.1781
vn -0.1957 -0.0000 -0.9807
vn -0.2404 -0.0000 0.9707
vn -0.9010 -0.0000 0.4339
vn -0.9850 -0.0000 0.1725
vn 0.8848 -0.0000 0.4660
vn 0.9855 -0.0000 -0.1698
vn -0.4478 -0.0000 -0.8941
vn -0.8019 -0.0000 0.5975
vn -0.0630 -0.0000 0.9980
vn 0.7031 -0.0000 0.7111
vn 0.9985 -0.0000 -0.0555
vn 0.5559 -0.0000 -0.8313
vn 0.7695 -0.0000 -0.6386
vn 0.5463 -0.0000 -0.8376
vn -0.9822 -0.0000 0.1880
vn 0.8640 -0.0000 0.5035
vn 0.9563 -0.0000 0.2925
vn 0.9808 -0.0000 -0.1949
vn -0.9811 -0.0000 -0.1935
vn -0.9483 -0.0000 -0.3175
vn -0.4029 -0.0000 -0.9153
vn 0.9330 -0.0000 0.3600
vn -0.5511 -0.0000 0.8344
vn -0.8361 -0.0000 0.5486
vn -0.0001 1.0000 -0.0000
vn -0.9183 -0.0000 0.3959
vn 0.9664 -0.0000 0.2570
vn 0.1766 -0.0000 -0.9843
vn 0.7316 -0.0000 0.6818
vn -0.0515 -0.0000 -0.9987
vn 0.0656 -0.0000 0.9978
vn 0.6478 -0.0000 0.7618
vn -0.3181 -0.0000 0.9481
vn 0.6515 -0.0000 -0.7587
vn -0.9979 -0.0000 -0.0645
vn 0.9986 -0.0000 0.0536
vn 0.8949 -0.0000 -0.4463
vn -0.9457 -0.0000 -0.3250
vn 0.1579 -0.0000 -0.9875
vn -0.7561 -0.0000 0.6544
vn -0.7578 -0.0000 -0.6525
vn -0.2851 -0.0000 -0.9585
vn 0.7459 -0.0000 -0.6661
vn 0.9578 -0.0000 -0.2874
vn -0.6291 -0.0000 -0.7773
vn -0.3480 -0.0000 0.9375
vn 0.3120 -0.0000 -0.9501
vn 0.8222 -0.0000 -0.5692
vn -0.1535 -0.0000 -0.9881
vn 0.2470 -0.0000 -0.9690
vn 0.4060 -0.0000 0.9139
vn -0.0212 -0.0000 -0.9998
vn 1.0000 -0.0000 0.0029
vn -0.7864 -0.0000 0.6177
vn 0.6572 -0.0000 -0.7537
vn 0.7395 -0.0000 -0.6732
vn -0.3985 -0.0000 0.9172
vn -0.2947 -0.0000 0.9556
vn -0.4007 -0.0000 0.9162
vn -0.5025 -0.0000 0.8646
vn -0.5982 -0.0000 0.8014
vn -0.6865 -0.0000 0.7272
vn -0.7659 -0.0000 0.6430
vn -0.8353 -0.0000 0.5498
vn -0.8936 -0.0000 0.4488
vn -0.9399 -0.0000 0.3415
vn -0.9733 -0.0000 0.2296
vn -0.9934 -0.0000 0.1151
vn -1.0000 -0.0000 -0.0030
vn -0.9917 -0.0000 -0.1286
vn -0.9657 -0.0000 -0.2598
vn -0.8572 -0.0000 -0.5149
vn -0.7766 -0.0000 -0.6300
vn -0.6814 -0.0000 -0.7319
vn -0.5752 -0.0000 -0.8180
vn -0.4618 -0.0000 -0.8870
vn -0.3447 -0.0000 -0.9387
vn -0.2271 -0.0000 -0.9739
vn -0.1117 -0.0000 -0.9937
vn 0.0037 -0.0000 -1.0000
vn 0.1252 -0.0000 -0.9921
vn 0.2504 -0.0000 -0.9681
vn 0.3730 -0.0000 -0.9278
vn 0.4904 -0.0000 -0.8715
vn 0.6002 -0.0000 -0.7999
vn 0.7002 -0.0000 -0.7140
vn 0.7885 -0.0000 -0.6151
vn 0.8631 -0.0000 -0.5050
vn 0.8631 -0.0000 -0.5049
vn 0.9227 -0.0000 -0.3856
vn 0.9657 -0.0000 -0.2597
vn 0.9915 -0.0000 -0.1301
vn 1.0000 -0.0000 -0.0024
vn 0.9929 -0.0000 0.1191
vn 0.9718 -0.0000 0.2357
vn 0.9377 -0.0000 0.3475
vn 0.8914 -0.0000 0.4532
vn 0.8341 -0.0000 0.5516
vn 0.7666 -0.0000 0.6422
vn 0.6896 -0.0000 0.7242
vn 0.6039 -0.0000 0.7971
vn 0.5101 -0.0000 0.8601
vn 0.4091 -0.0000 0.9125
vn -0.6138 -0.0000 0.7895
vn 0.9936 -0.0000 -0.1128
vn 0.9734 -0.0000 -0.2290
vn 0.9375 -0.0000 -0.3479
vn 0.8842 -0.0000 -0.4671
vn 0.8122 -0.0000 -0.5834
vn 0.7217 -0.0000 -0.6922
vn 0.6146 -0.0000 -0.7888
vn 0.4950 -0.0000 -0.8689
vn 0.3683 -0.0000 -0.9297
vn 0.2404 -0.0000 -0.9707
vn 0.1167 -0.0000 -0.9932
vn -0.0042 -0.0000 -1.0000
vn -0.1305 -0.0000 -0.9915
vn -0.2607 -0.0000 -0.9654
vn -0.3871 -0.0000 -0.9221
vn -0.5062 -0.0000 -0.8624
vn -0.6157 -0.0000 -0.7880
vn -0.7136 -0.0000 -0.7006
vn -0.7985 -0.0000 -0.6020
vn -0.8695 -0.0000 -0.4940
vn -0.9258 -0.0000 -0.3780
vn -0.9668 -0.0000 -0.2557
vn -0.9917 -0.0000 -0.1289
vn -1.0000 -0.0000 -0.0012
vn -0.9921 -0.0000 0.1253
vn -0.9680 -0.0000 0.2509
vn -0.9274 -0.0000 0.3742
vn -0.8704 -0.0000 0.4923
vn -0.7978 -0.0000 0.6029
vn -0.7108 -0.0000 0.7034
vn -0.6108 -0.0000 0.7918
vn -0.4999 -0.0000 0.8661
vn -0.3804 -0.0000 0.9248
vn -0.2551 -0.0000 0.9669
vn -0.1273 -0.0000 0.9919
vn 0.0013 -0.0000 1.0000
vn 0.1364 -0.0000 0.9907
vn 0.2802 -0.0000 0.9600
vn 0.4245 -0.0000 0.9054
vn 0.5600 -0.0000 0.8285
vn 0.6790 -0.0000 0.7342
vn 0.7769 -0.0000 0.6296
vn 0.8534 -0.0000 0.5212
vn 0.9104 -0.0000 0.4137
vn 0.9511 -0.0000 0.3089
vn 0.9784 -0.0000 0.2067
vn 0.9945 -0.0000 0.1049
vn 1.0000 -0.0000 -0.0010
vn 0.1942 -0.0000 -0.9810
vn 0.3028 -0.0000 -0.9531
vn 0.4173 -0.0000 -0.9088
vn 0.5344 -0.0000 -0.8453
vn 0.6490 -0.0000 -0.7608
vn 0.7549 -0.0000 -0.6558
vn 0.8457 -0.0000 -0.5336
vn 0.9164 -0.0000 -0.4002
vn 0.9649 -0.0000 -0.2627
vn 1.0000 -0.0000 -0.0090
vn 0.9960 -0.0000 0.0898
vn 0.9830 -0.0000 0.1836
vn 0.9599 -0.0000 0.2804
vn 0.9258 -0.0000 0.3780
vn 0.8806 -0.0000 0.4739
vn 0.8247 -0.0000 0.5655
vn 0.7596 -0.0000 0.6504
vn 0.6872 -0.0000 0.7265
vn 0.6098 -0.0000 0.7926
vn 0.5297 -0.0000 0.8482
vn 0.4492 -0.0000 0.8935
vn 0.9933 -0.0000 0.1159
vn 0.6078 -0.0000 -0.7941
vn 0.7040 -0.0000 -0.7102
vn -0.4490 -0.0000 0.8936
vn 0.8825 -0.0000 0.4703
vn -0.7365 -0.0000 0.6764
vn -0.6948 -0.0000 0.7192
vn -0.6109 -0.0000 0.7917
vn -0.5199 -0.0000 0.8542
vn -0.4100 -0.0000 0.9121
vn -0.2895 -0.0000 0.9572
vn -0.1728 -0.0000 0.9850
vn -0.0624 -0.0000 0.9980
vn -0.4678 -0.0000 -0.8838
vn 0.7045 -0.0000 0.7097
vn 0.0073 0.0090 -0.9999
vn -0.0785 -0.0000 -0.9969
vn -0.2017 -0.0000 -0.9794
vn -0.3226 -0.0000 -0.9465
vn -0.4529 -0.0000 -0.8916
vn -0.5851 -0.0000 -0.8110
vn -0.7088 -0.0000 -0.7054
vn -0.8139 -0.0000 -0.5810
vn -0.8942 -0.0000 -0.4477
vn -0.9489 -0.0000 -0.3156
vn -0.9813 -0.0000 -0.1924
vn -0.9967 -0.0000 -0.0817
vn -0.9998 -0.0000 0.0185
vn -0.9923 -0.0000 0.1239
vn -0.9692 -0.0000 0.2461
vn -0.9245 -0.0000 0.3813
vn -0.8533 -0.0000 0.5214
vn -0.7555 -0.0000 0.6551
vn -0.6374 -0.0000 0.7705
vn -0.5096 -0.0000 0.8604
vn -0.3835 -0.0000 0.9235
vn -0.2671 -0.0000 0.9637
vn -0.1644 -0.0000 0.9864
vn -0.0631 -0.0000 0.9980
vn 0.7038 -0.0000 0.7104
vn 0.7027 -0.0000 -0.7115
vn -0.9364 -0.0000 -0.3509
vn -0.8860 -0.0000 -0.4637
vn -0.5455 -0.0000 0.8381
vn 0.9341 -0.0000 -0.3570
vn 0.2991 -0.0000 -0.9542
vn -0.3120 -0.0000 0.9501
vn -0.1501 -0.0000 -0.9887
vn 0.6846 -0.0000 -0.7289
vn -0.4209 -0.0000 0.9071
vn -0.5180 -0.0000 0.8554
vn 0.0222 -0.0000 -0.9998
vn 0.3025 -0.0000 0.9532
vn 0.7422 -0.0000 0.6702
vn 0.0023 -0.0000 1.0000
vn -0.9810 -0.0000 -0.1939
vn -0.0260 -0.0000 -0.9997
vn -0.2040 -0.0000 0.9790
vn -0.3141 -0.0000 0.9494
vn 0.6505 -0.0000 0.7595
vn -0.0013 -0.0000 1.0000
vn -0.0532 -0.0000 -0.9986
vn 0.3358 -0.0000 -0.9419
vn -0.1228 -0.0000 0.9924
vn -0.0082 -0.0000 1.0000
vn 0.4815 -0.0000 -0.8765
vn -0.5166 -0.0000 -0.8562
vn -0.8804 -0.0000 -0.4742
vn 0.8950 -0.0000 0.4460
vn 0.9813 -0.0000 0.1925
vn 0.8244 -0.0000 -0.5660
vn -0.7235 -0.0000 -0.6903
vn -0.1679 -0.0000 -0.9858
vn -0.2862 -0.0000 -0.9582
vn 0.8497 -0.0000 -0.5272
vn -0.9847 -0.0000 0.1742
vn -0.7245 -0.0000 0.6892
vn -0.6796 -0.0000 0.7336
vn 0.5963 -0.0000 -0.8028
vn -0.2587 -0.0000 -0.9660
vn -0.9980 -0.0000 -0.0625
vn 0.4224 -0.0000 0.9064
vn 0.5440 -0.0000 0.8391
vn 0.9191 -0.0000 0.3941
vn -0.9184 -0.0000 0.3956
vn 0.1805 -0.0000 0.9836
vn 0.9969 -0.0000 0.0787
vn -0.2489 -0.0000 0.9685
vn 0.8262 -0.0000 0.5633
vn 0.1358 -0.0000 0.9907
vn 0.4208 -0.0000 0.9071
vn 0.3327 -0.0000 0.9430
vn -0.8074 -0.0000 -0.5900
vn -0.6251 -0.0000 -0.7805
vn -0.4011 -0.0000 -0.9160
vn -1.0000 -0.0000 -0.0041
vn 0.9470 -0.0000 0.3212
vn 0.5376 -0.0000 0.8432
vn -0.8091 -0.0000 -0.5876
vn -0.2617 -0.0000 -0.9651
vn -0.3725 -0.0000 -0.9280
vn -0.6454 -0.0000 0.7639
vn -0.6209 -0.0000 0.7839
vn -0.6035 -0.0000 -0.7974
vn 0.7008 -0.0000 -0.7134
vn -0.8839 -0.0000 0.4677
vn -0.0464 -0.0000 0.9989
vn -0.2828 -0.0000 -0.9592
vn -0.8724 -0.0000 0.4889
vn -0.9759 -0.0000 -0.2182
vn -0.9912 -0.0000 0.1327
vn 0.9933 -0.0000 -0.1156
vn 0.9820 -0.0000 -0.1889
vn -0.9971 -0.0000 -0.0755
vn 0.9980 -0.0000 0.0633
vn 0.4372 -0.0000 0.8994
vn -0.7988 -0.0000 0.6016
vn 0.9711 -0.0000 0.2388
vn 0.6073 -0.0000 -0.7944
vn 0.2321 -0.0000 0.9727
vn 0.6451 -0.0000 0.7641
vn -0.7116 -0.0000 -0.7026
vn 0.7525 -0.0000 0.6586
vn -0.9441 -0.0000 -0.3296
vn 0.8443 -0.0000 0.5359
vn -0.4887 -0.0000 -0.8724
vn -0.1656 -0.0000 -0.9862
vn 0.0768 -0.0000 -0.9970
vn 0.1757 -0.0000 -0.9844
vn -0.4352 -0.0000 0.9004
vn -0.9685 -0.0000 -0.2491
vn -0.3457 -0.0000 -0.9383
vn -0.3533 -0.0000 -0.9355
vn 0.7065 -0.0000 -0.7077
vn 0.0900 -0.0000 0.9959
vn 0.1842 -0.0000 0.9829
vn 0.2828 -0.0000 0.9592
vn 0.3856 -0.0000 0.9227
vn 0.4915 -0.0000 0.8709
vn 0.5986 -0.0000 0.8011
vn 0.7033 -0.0000 0.7109
vn 0.8007 -0.0000 0.5990
vn 0.8845 -0.0000 0.4665
vn 0.9482 -0.0000 0.3175
vn 0.9872 -0.0000 0.1593
vn 0.9985 -0.0000 -0.0556
vn 0.9314 -0.0000 -0.3641
vn 0.7737 -0.0000 -0.6335
vn -0.0085 -0.0000 -1.0000
vn 0.6500 -0.0000 -0.7599
vn 0.7661 -0.0000 -0.6427
vn 0.8854 -0.0000 -0.4648
vn 0.9712 -0.0000 -0.2381
vn 0.9997 -0.0000 -0.0262
vn 0.9918 -0.0000 0.1282
vn 0.9663 -0.0000 0.2574
vn 0.9231 -0.0000 0.3845
vn 0.8626 -0.0000 0.5058
vn 0.7860 -0.0000 0.6182
vn 0.6952 -0.0000 0.7188
vn 0.5927 -0.0000 0.8055
vn 0.4810 -0.0000 0.8767
vn 0.3632 -0.0000 0.9317
vn 0.2420 -0.0000 0.9703
vn 0.1202 -0.0000 0.9928
vn -0.1489 -0.0000 0.9889
vn 0.1534 -0.0000 0.9882
vn -0.3094 -0.0000 0.9509
vn 0.0072 -0.0000 -1.0000
vn 0.7503 -0.0000 -0.6611
vn 0.6599 -0.0000 -0.7513
vn -0.5892 -0.0000 -0.8080
vn 0.2312 -0.0000 -0.9729
vn 0.0869 -0.0000 -0.9962
vn -0.1096 -0.0000 -0.9940
vn -0.2246 -0.0000 -0.9744
vn -0.3426 -0.0000 -0.9395
vn -0.4598 -0.0000 -0.8880
vn -0.6758 -0.0000 -0.7371
vn -0.7680 -0.0000 -0.6404
vn -0.8467 -0.0000 -0.5321
vn -0.9105 -0.0000 -0.4135
vn -0.9585 -0.0000 -0.2853
vn -0.9891 -0.0000 -0.1472
vn -0.9988 -0.0000 0.0497
vn -0.9418 -0.0000 0.3362
vn -0.8047 -0.0000 0.5937
vn -0.9920 -0.0000 -0.1263
vn 0.8301 -0.0000 -0.5576
vn 0.3657 -0.0000 -0.9307
vn -0.7422 -0.0000 0.6702
vn -0.8648 -0.0000 0.5021
vn -0.9638 -0.0000 0.2666
vn -0.9994 -0.0000 0.0352
vn -0.9917 -0.0000 -0.1285
vn -0.9650 -0.0000 -0.2624
vn -0.9175 -0.0000 -0.3977
vn -0.8490 -0.0000 -0.5283
vn -0.7616 -0.0000 -0.6481
vn -0.6592 -0.0000 -0.7519
vn -0.5474 -0.0000 -0.8369
vn -0.4315 -0.0000 -0.9021
vn -0.3162 -0.0000 -0.9487
vn -0.2047 -0.0000 -0.9788
vn -0.0992 -0.0000 -0.9951
vn 0.7087 -0.0000 -0.7055
vn 0.9965 -0.0000 0.0839
vn -0.1950 -0.0000 0.9808
vn -0.9907 -0.0000 -0.1360
vn 0.4346 -0.0000 -0.9006
vn 0.5165 -0.0000 -0.8563
vn -0.2473 -0.0000 0.9689
vn -0.9393 -0.0000 0.3431
vn -0.2645 -0.0000 0.9644
vn -0.4660 -0.0000 0.8848
vn 0.6346 -0.0000 0.7729
vn -0.9812 -0.0000 -0.1928
vn -0.7902 -0.0000 0.6128
vn -0.4457 -0.0000 0.8952
vn 0.1486 -0.0000 0.9889
vn -0.4077 -0.0000 -0.9131
vn -0.5299 -0.0000 -0.8481
vn 0.2620 -0.0000 0.9651
vn 0.9107 -0.0000 0.4130
vn -0.8049 -0.0000 -0.5935
vn -0.6891 -0.0000 0.7246
vn 0.4125 -0.0000 -0.9110
vn -0.5790 -0.0000 0.8154
vn -0.3546 -0.0000 0.9350
vn -0.0563 -0.0000 -0.9984
vn 0.8736 -0.0000 -0.4866
vn -0.1450 -0.0000 0.9894
vn 0.5110 -0.0000 0.8596
vn 0.3021 -0.0000 -0.9533
vn 0.7466 -0.0000 0.6653
vn 0.3213 -0.0000 -0.9470
vn -0.8588 -0.0000 -0.5124
vn 0.9144 -0.0000 -0.4048
vn -0.6783 -0.0000 -0.7348
vn 0.9587 -0.0000 0.2844
vn -0.9946 -0.0000 0.1038
vn -0.7092 -0.0000 -0.7050
vn -1.0000 -0.0000 0.0061
vn 0.9867 -0.0000 0.1627
vn -0.7416 -0.0000 -0.6709
vn -0.2585 -0.0000 0.9660
vn 0.0066 -0.0000 1.0000
vn -0.6348 -0.0000 -0.7727
vn -0.9797 -0.0000 0.2006
vn -0.9975 -0.0000 -0.0702
vn 0.8400 -0.0000 0.5426
vn 0.9746 -0.0000 0.2240
vn 0.9369 -0.0000 0.3495
vn 0.8778 -0.0000 0.4791
vn 0.7957 -0.0000 0.6057
vn 0.6927 -0.0000 0.7212
vn 0.5744 -0.0000 0.8185
vn 0.4489 -0.0000 0.8936
vn 0.3239 -0.0000 0.9461
vn 0.2057 -0.0000 0.9786
vn 0.0977 -0.0000 0.9952
vn -0.0005 -0.0000 1.0000
vn -0.0963 -0.0000 0.9953
vn -0.1965 -0.0000 0.9805
vn -0.3014 -0.0000 0.9535
vn -0.4110 -0.0000 0.9116
vn -0.5236 -0.0000 0.8520
vn -0.6357 -0.0000 0.7720
vn -0.7418 -0.0000 0.6706
vn -0.8353 -0.0000 0.5497
vn -0.9101 -0.0000 0.4145
vn -0.9621 -0.0000 0.2726
vn -0.1848 -0.0000 0.9828
vn -0.3358 -0.0000 0.9419
vn 0.9886 -0.0000 -0.1505
vn 0.9588 -0.0000 -0.2842
vn 0.8949 -0.0000 -0.4462
vn 0.8019 -0.0000 -0.5975
vn 0.4916 -0.0000 -0.8708
vn 0.2766 -0.0000 0.9610
vn 0.1136 -0.0000 -0.9935
vn 0.1796 -0.0000 -0.9837
vn -0.2256 -0.0000 -0.9742
vn -0.0162 -0.0000 -0.9999
vn -0.0710 -0.0000 -0.9975
vn -0.7106 -0.0000 -0.7036
vn -0.7742 -0.0000 -0.6330
vn -0.8328 -0.0000 -0.5536
vn -0.9197 -0.0000 -0.3925
vn -0.7057 -0.0000 -0.7085
vn 1.0000 -0.0000 0.0046
vn 0.8916 -0.0000 -0.4528
vn -0.8916 -0.0000 0.4528
vn 0.9909 -0.0000 0.1349
vn 0.9639 -0.0000 0.2662
vn 0.9206 -0.0000 0.3906
vn 0.8624 -0.0000 0.5062
vn 0.7909 -0.0000 0.6120
vn 0.6120 -0.0000 0.7909
vn 0.5062 -0.0000 0.8624
vn 0.3906 -0.0000 0.9206
vn 0.2661 -0.0000 0.9639
vn 0.1349 -0.0000 0.9909
vn -0.1349 -0.0000 0.9909
vn -0.2661 -0.0000 0.9639
vn -0.3906 -0.0000 0.9206
vn -0.5062 -0.0000 0.8624
vn -0.6120 -0.0000 0.7909
vn -0.7908 -0.0000 0.6120
vn -0.8624 -0.0000 0.5063
vn -0.9206 -0.0000 0.3906
vn -0.9639 -0.0000 0.2661
vn -0.9909 -0.0000 0.1349
vn -1.0000 -0.0000 0.0001
vn -0.9909 -0.0000 -0.1349
vn -0.9639 -0.0000 -0.2662
vn -0.9206 -0.0000 -0.3906
vn -0.8624 -0.0000 -0.5062
vn -0.7909 -0.0000 -0.6120
vn -0.6120 -0.0000 -0.7909
vn -0.3905 -0.0000 -0.9206
vn -0.2661 -0.0000 -0.9639
vn -0.1349 -0.0000 -0.9909
vn 0.1349 -0.0000 -0.9909
vn 0.2661 -0.0000 -0.9639
vn 0.3905 -0.0000 -0.9206
vn 0.5062 -0.0000 -0.8624
vn 0.6120 -0.0000 -0.7909
vn 0.7908 -0.0000 -0.6120
vn 0.8624 -0.0000 -0.5062
vn 0.9206 -0.0000 -0.3906
vn 0.9639 -0.0000 -0.2661
vn 0.9909 -0.0000 -0.1349
vn 1.0000 -0.0000 -0.0001
vn -0.5601 -0.0000 0.8284
vn -0.0015 -0.0000 1.0000
vn -0.5602 -0.0000 0.8283
vn -0.8283 -0.0000 -0.5602
vn 0.5606 -0.0000 -0.8281
vn 0.0009 -0.0000 -1.0000
vn -0.5599 -0.0000 -0.8286
vn 0.5591 -0.0000 -0.8291
vn -0.0037 -0.0000 -1.0000
vn -0.5621 -0.0000 -0.8270
vn 0.8287 -0.0000 -0.5597
vn 0.5597 -0.0000 0.8287
vn 0.9045 -0.0000 0.4266
vn -0.4270 -0.0000 0.9042
vn -0.0032 -0.0000 1.0000
vn 0.4242 -0.0000 0.9056
vn -0.9055 -0.0000 0.4243
vn -1.0000 -0.0000 -0.0009
vn -0.9051 -0.0000 -0.4251
vn 0.4269 -0.0000 -0.9043
vn -0.0011 -0.0000 -1.0000
vn -0.4279 -0.0000 -0.9038
vn 0.9048 -0.0000 -0.4259
vn 1.0000 -0.0000 0.0007
vn 0.8994 -0.0000 -0.4371
vn 0.9451 -0.0000 0.3269
vn -0.9448 -0.0000 0.3276
vn -0.8997 -0.0000 -0.4365
vn 0.4391 -0.0000 -0.8984
vn 0.0026 -0.0000 -1.0000
vn -0.4367 -0.0000 -0.8996
vn -0.9191 -0.0000 0.3941
vn 0.9220 -0.0000 0.3873
vn -0.9200 -0.0000 -0.3918
vn 0.9193 -0.0000 -0.3935
vn 0.9269 -0.0000 0.3754
vn 0.9271 -0.0000 -0.3748
vn 0.9285 -0.0000 -0.3714
vn -0.9280 -0.0000 0.3725
vn -0.9298 -0.0000 -0.3680
vn -0.9278 -0.0000 -0.3731
vn -0.9281 -0.0000 0.3723
vn 0.9276 -0.0000 0.3735
vn -0.7736 -0.0000 -0.6337
vn -0.7722 -0.0000 0.6353
vn 0.7707 -0.0000 0.6372
vn 0.7716 -0.0000 -0.6361
vn -0.7696 -0.0000 0.6386
vn 0.7721 -0.0000 -0.6355
vn -0.7684 -0.0000 -0.6400
vn 0.7682 -0.0000 0.6402
vn 0.7863 -0.0000 0.6178
vn -0.7854 -0.0000 0.6190
vn 0.7890 -0.0000 -0.6144
vn -0.7857 -0.0000 -0.6186
vn 0.8074 -0.0000 0.5899
vn 0.3845 -0.0000 0.9231
vn -0.8754 -0.0000 0.4834
vn 0.0440 -0.0000 0.9990
vn -0.4154 -0.0000 0.9096
vn 0.8840 -0.0000 -0.4675
vn -0.6483 -0.0000 -0.7614
vn -0.8078 -0.0000 0.5894
vn -0.3216 -0.0000 0.9469
vn -0.9978 -0.0000 0.0666
vn 0.9729 -0.0000 0.2312
vn 0.3533 -0.0000 -0.9355
vn -0.6458 -0.0000 0.7635
vn -0.2586 -0.0000 -0.9660
vn 0.8539 -0.0000 0.5204
vn -0.3501 -0.0000 0.9367
vn 0.9990 -0.0000 0.0439
vn 0.3582 -0.0000 -0.9337
vn 0.9047 -0.0000 0.4261
vn 0.4888 -0.0000 0.8724
vn 0.1312 -0.0000 -0.9914
vn -0.9253 -0.0000 -0.3792
vn -0.5182 -0.0000 -0.8553
vn -0.4681 -0.0000 0.8837
vn -0.8316 -0.0000 0.5554
vn -0.8930 -0.0000 0.4500
vn -0.4719 -0.0000 0.8816
vn 0.6486 -0.0000 0.7611
vn -0.5698 -0.0000 0.8218
vn -0.1173 -0.0000 0.9931
vn 0.8025 -0.0000 -0.5966
vn 0.5915 -0.0000 -0.8063
vn 0.9981 -0.0000 -0.0620
vn -0.4438 -0.0000 0.8961
vn -0.8580 -0.0000 -0.5136
vn -0.9996 -0.0000 -0.0298
vn -0.6979 -0.0000 0.7161
vn 0.2463 -0.0000 -0.9692
vn 0.8025 -0.0000 -0.5967
vn -0.1166 -0.0000 0.9932
vn 0.9444 -0.0000 0.3288
vn 0.9908 -0.0000 0.1356
vn 0.1416 -0.0000 -0.9899
vn -0.3851 -0.0000 -0.9229
vn -0.9681 -0.0000 -0.2506
vn 0.7239 -0.0000 0.6899
vn -0.1442 -0.0000 -0.9895
vn -0.2118 -0.0000 0.9773
vn 0.9811 -0.0000 -0.1934
vn 0.5695 -0.0000 0.8220
vn -0.9506 -0.0000 0.3104
vn -0.2278 -0.0000 0.9737
vn 0.4086 -0.0000 0.9127
vn 0.7030 -0.0000 -0.7112
vn -0.5726 -0.0000 0.8198
vn 0.9438 -0.0000 -0.3306
vn -0.6505 -0.0000 0.7595
vn -0.9911 -0.0000 -0.1335
vn -0.9835 -0.0000 0.1808
vn 0.4746 -0.0000 -0.8802
vn 0.7931 -0.0000 0.6091
vn -0.8379 -0.0000 0.5459
vn -0.5591 -0.0000 0.8291
vn 0.6639 -0.0000 0.7478
vn 0.6581 -0.0000 -0.7530
vn -0.8963 -0.0000 -0.4435
vn 0.7588 -0.0000 0.6513
vn -0.3176 -0.0000 0.9482
vn -0.3058 -0.0000 0.9521
vn -0.1841 -0.0000 -0.9829
vn 0.4377 -0.0000 0.8991
vn 0.6499 -0.0000 0.7600
vn 0.9981 -0.0000 -0.0624
vn -0.9016 -0.0000 0.4325
vn -0.9477 -0.0000 0.3192
vn -0.0606 -0.0000 -0.9982
vn -0.9814 -0.0000 -0.1917
vn 0.9980 -0.0000 0.0630
vn 0.0610 -0.0000 -0.9981
vn -0.1895 -0.0000 0.9819
vn 0.3087 -0.0000 -0.9512
vn -0.9980 -0.0000 0.0633
vn -0.6581 -0.0000 -0.7529
vn 0.9476 -0.0000 -0.3196
vn -0.9815 -0.0000 0.1913
vn 0.8291 -0.0000 -0.5591
vn 0.9506 -0.0000 0.3105
vn 0.0603 -0.0000 0.9982
vn 0.0597 -0.0000 -0.9982
vn -0.9980 -0.0000 -0.0634
vn -0.7459 -0.0000 -0.6660
vn 0.1832 -0.0000 -0.9831
vn -0.7589 -0.0000 0.6513
vn 0.1837 -0.0000 0.9830
vn -0.4351 -0.0000 -0.9004
vn 0.9814 -0.0000 -0.1919
vn 0.5447 -0.0000 -0.8386
vn 0.8387 -0.0000 0.5446
vn -0.0610 -0.0000 -0.9981
vn -0.7526 -0.0000 -0.6584
vn 0.9823 -0.0000 0.1873
vn 0.3071 -0.0000 0.9517
vn -0.4283 -0.0000 -0.9036
vn -0.0601 -0.0000 0.9982
vn 0.5498 -0.0000 -0.8353
vn -0.6501 -0.0000 -0.7599
vn -0.6489 -0.0000 0.7609
vn -0.4264 -0.0000 0.9046
vn 0.3089 -0.0000 -0.9511
vn 0.1851 -0.0000 -0.9827
vn 0.5430 -0.0000 0.8397
vn -0.6654 -0.0000 0.7465
vn -0.7453 -0.0000 0.6668
vn 0.8353 -0.0000 -0.5498
vn -0.9980 -0.0000 -0.0639
vn 0.9822 -0.0000 -0.1881
vn 0.5560 -0.0000 0.8312
vn 0.1856 -0.0000 0.9826
vn 0.0605 -0.0000 0.9982
vn -0.1863 -0.0000 -0.9825
vn -0.8988 -0.0000 -0.4384
vn 0.9816 -0.0000 0.1912
vn -0.4420 -0.0000 0.8970
vn 0.9498 -0.0000 -0.3128
vn -0.9814 -0.0000 -0.1920
vn -0.8333 -0.0000 -0.5529
vn 0.9478 -0.0000 0.3189
vn -0.9980 -0.0000 0.0630
vn -0.9819 -0.0000 0.1895
vn -0.9475 -0.0000 -0.3199
vn 0.8289 -0.0000 0.5593
vn 0.3128 -0.0000 0.9498
vn -0.1828 -0.0000 0.9832
vn -0.9497 -0.0000 0.3132
vn -0.8964 -0.0000 0.4432
vn 0.9980 -0.0000 -0.0633
vn 0.6512 -0.0000 -0.7589
vn 0.4322 -0.0000 -0.9018
vn 0.9980 -0.0000 0.0624
vn 0.7539 -0.0000 -0.6570
vn 0.8965 -0.0000 -0.4430
vn 0.7467 -0.0000 -0.6651
vn -0.5434 -0.0000 -0.8395
vn -0.3123 -0.0000 -0.9500
vn 0.7460 -0.0000 0.6659
vn 0.9008 -0.0000 -0.4342
vn 0.9027 -0.0000 0.4302
vn -0.3076 -0.0000 -0.9515
vn 0.4278 -0.0000 0.9039
vn -0.9483 -0.0000 -0.3173
vn -0.8284 -0.0000 0.5601
vn -0.8286 -0.0000 -0.5598
vn -0.5417 -0.0000 0.8406
vn 0.8967 -0.0000 0.4427
vn 0.3374 -0.0000 0.9414
vn -0.7360 -0.0000 -0.6770
vn 0.6964 -0.0000 -0.7177
vn 0.7361 -0.0000 0.6769
vn -0.6967 -0.0000 0.7174
vn -0.7768 -0.0000 -0.6298
vn -0.7826 -0.0000 0.6225
vn 0.7826 -0.0000 0.6225
vn 0.7781 -0.0000 -0.6281
vn -0.7550 -0.0000 0.6558
vn 0.7526 -0.0000 -0.6585
vn -0.9135 -0.0000 0.4068
vn -0.9196 -0.0000 -0.3928
vn 0.9138 -0.0000 -0.4063
vn 0.9194 -0.0000 0.3934
vn -0.9110 -0.0000 0.4124
vn 0.9463 -0.0000 -0.3233
vn -0.9807 -0.0000 0.1956
vn 0.7080 -0.0000 0.7062
vn 1.0000 -0.0000 -0.0051
vn 0.9236 -0.0000 -0.3833
vn -0.7102 -0.0000 -0.7040
vn 0.0387 -0.0000 0.9993
vn -0.6933 -0.0000 0.7207
vn 0.7207 -0.0000 0.6933
vn -0.8295 -0.0000 -0.5585
vn -0.7433 -0.0000 -0.6690
vn -0.7522 -0.0000 -0.6590
vn -0.6790 -0.0000 -0.7341
vn 0.7123 -0.0000 -0.7019
vn 0.7540 -0.0000 -0.6569
vn 1.0000 -0.0000 0.0064
vn -0.9657 -0.0000 0.2597
vn -0.9246 -0.0000 0.3809
vn 0.9335 -0.0000 0.3587
vn 0.9033 -0.0000 0.4290
vn 0.9601 -0.0000 0.2797
vn -0.7439 -0.0000 -0.6683
vn -0.6641 -0.0000 -0.7476
vn 0.2520 -0.0000 -0.9677
vn 0.1363 -0.0000 -0.9907
vn 0.5785 -0.0000 -0.8157
vn 0.6208 -0.0000 -0.7840
vn 0.5386 -0.0000 -0.8425
vn -0.9979 -0.0000 -0.0644
vn -1.0000 -0.0000 -0.0001
vn -0.9975 -0.0000 0.0705
vn 0.8552 -0.0000 -0.5183
vn -0.9743 -0.0000 -0.2252
vn -0.9335 -0.0000 -0.3585
vn -0.7325 -0.0000 0.6808
vn -0.8108 -0.0000 0.5853
vn -0.8090 -0.0000 0.5879
vn -0.8674 -0.0000 0.4976
vn 0.6705 -0.0000 -0.7419
vn 0.9988 -0.0000 -0.0484
vn -0.7215 -0.0000 0.6924
vn -0.9956 -0.0000 -0.0933
vn -0.9747 -0.0000 0.2237
vn -0.7560 -0.0000 -0.6545
vn 0.0091 -0.0000 -1.0000
vn 0.0931 -0.0000 -0.9957
vn -0.7048 -0.0000 -0.7094
vn 0.4503 -0.0000 0.8929
vn 0.3813 -0.0000 0.9244
vn 0.5059 -0.0000 0.8626
vn -0.8640 -0.0000 0.5034
vn -0.9039 -0.0000 0.4278
vn -0.8350 -0.0000 0.5503
vn -0.9761 -0.0000 -0.2175
vn -0.9371 -0.0000 -0.3490
vn -0.9999 -0.0000 -0.0134
vn -0.9963 -0.0000 -0.0863
vn -0.7074 -0.0000 0.7068
vn 0.8819 -0.0000 -0.4714
vn 0.9033 -0.0000 -0.4290
vn 0.2175 -0.0000 0.9761
vn 0.1146 -0.0000 0.9934
vn -0.8728 -0.0000 -0.4881
vn -0.8136 -0.0000 -0.5814
vn -0.2203 -0.0000 0.9754
vn -0.2881 -0.0000 0.9576
vn -0.1674 -0.0000 0.9859
vn -0.8833 -0.0000 0.4688
vn -0.9343 -0.0000 0.3566
vn -0.6160 -0.0000 0.7877
vn -0.5231 -0.0000 0.8523
vn -0.5168 -0.0000 -0.8561
vn -0.4613 -0.0000 -0.8873
vn -0.5765 -0.0000 -0.8171
vn 0.8056 -0.0000 -0.5925
vn 0.7292 -0.0000 -0.6843
vn 0.2975 -0.0000 0.9547
vn 0.3866 -0.0000 0.9222
vn 0.9959 -0.0000 -0.0901
vn 0.9999 -0.0000 0.0158
vn -0.9852 -0.0000 -0.1712
vn -0.9753 -0.0000 -0.2210
vn -0.9928 -0.0000 -0.1195
vn 0.5465 -0.0000 -0.8375
vn 0.4695 -0.0000 -0.8829
vn -1.0000 -0.0000 0.0043
vn -0.7086 -0.0000 -0.7056
vn -0.9931 -0.0000 0.1172
vn 0.0101 -0.0000 -0.9999
vn 0.1203 -0.0000 -0.9927
vn 0.6350 -0.0000 -0.7725
vn -0.9321 -0.0000 0.3622
vn 0.0076 -0.0000 1.0000
vn -0.7044 -0.0000 0.7098
vn 0.7098 -0.0000 0.7044
vn 0.0108 -0.0000 0.9999
vn -0.0824 -0.0000 0.9966
vn 0.0630 -0.0000 0.9980
vn 0.6445 -0.0000 -0.7646
vn 0.9233 -0.0000 -0.3841
vn 0.8511 -0.0000 0.5250
vn 0.8562 -0.0000 -0.5167
vn -0.9920 -0.0000 0.1265
vn -0.9995 -0.0000 0.0330
vn 0.6224 -0.0000 -0.7827
vn 0.7415 -0.0000 -0.6710
vn -0.3052 -0.0000 0.9523
vn -0.3805 -0.0000 0.9248
vn 0.5894 -0.0000 0.8078
vn -0.3827 -0.0000 -0.9239
vn -0.9239 -0.0000 -0.3827
vn -0.5774 -0.0000 -0.8165
vn -0.4855 -0.0000 -0.8743
vn 0.9621 -0.0000 0.2725
vn 0.9168 -0.0000 0.3994
vn 0.0148 -0.0000 -0.9999
vn 0.0689 -0.0000 -0.9976
vn -0.0298 -0.0000 -0.9996
vn -0.5865 -0.0000 0.8099
vn 0.0434 -0.0000 0.9991
vn 0.6215 -0.0000 0.7834
vn 0.1510 -0.0000 -0.9885
vn -0.6515 -0.0000 -0.7586
vn -0.4630 -0.0000 0.8863
vn -0.5721 -0.0000 0.8202
vn 0.3345 -0.0000 -0.9424
vn -0.7417 -0.0000 0.6708
vn 0.8470 -0.0000 -0.5316
vn 0.9956 -0.0000 -0.0932
vn 0.8929 -0.0000 0.4502
vn 0.7271 -0.0000 0.6866
vn 0.6075 -0.0000 0.7943
vn 0.6867 -0.0000 0.7270
vn -0.2584 -0.0000 0.9660
vn -0.7018 -0.0000 0.7124
vn -0.7448 -0.0000 0.6673
vn -0.9224 -0.0000 0.3862
vn -0.0871 -0.0000 0.9962
vn -0.1309 -0.0000 0.9914
vn -0.0351 -0.0000 0.9994
vn -0.7094 -0.0000 0.7048
vn -0.3022 -0.0000 -0.9532
vn 0.9997 -0.0000 0.0245
vn -0.2365 -0.0000 0.9716
vn -0.3486 -0.0000 0.9373
vn 0.9780 -0.0000 0.2086
vn 0.9898 -0.0000 0.1426
vn 0.3073 -0.0000 -0.9516
vn -0.4941 -0.0000 -0.8694
vn -0.9451 -0.0000 -0.3269
vn -0.8356 -0.0000 -0.5493
vn -0.7406 -0.0000 -0.6719
vn -0.6810 -0.0000 -0.7322
vn -0.6476 -0.0000 -0.7619
vn -0.9970 -0.0000 -0.0769
vn -0.9585 -0.0000 0.2851
vn -0.9999 -0.0000 -0.0106
vn -0.9940 -0.0000 -0.1095
vn 0.6691 -0.0000 -0.7432
vn 0.7107 -0.0000 -0.7035
vn -0.4068 -0.0000 -0.9135
vn 0.9184 -0.0000 -0.3956
vn 0.8728 -0.0000 -0.4882
vn -0.7113 -0.0000 0.7028
vn -0.7896 -0.0000 0.6136
vn -0.9250 -0.0000 0.3799
vn 0.4347 -0.0000 -0.9006
vn 0.0342 -0.0000 -0.9994
vn -0.3873 -0.0000 -0.9219
vn -0.5177 -0.0000 0.8556
vn -0.4014 -0.0000 0.9159
vn -0.7149 -0.0000 -0.6992
vn 0.6992 -0.0000 -0.7149
vn -0.7557 -0.0000 0.6549
vn -0.6702 -0.0000 0.7422
vn 0.9973 -0.0000 0.0738
vn 0.5836 -0.0000 0.8120
vn 0.5836 -0.0000 0.8121
vn -0.2848 -0.0000 0.9586
vn -0.4430 -0.0000 0.8965
vn 0.3887 -0.0000 -0.9214
vn 0.9752 -0.0000 -0.2213
vn 0.9984 -0.0000 -0.0561
vn 0.7582 -0.0000 -0.6521
vn 0.7996 -0.0000 -0.6005
vn 0.9921 -0.0000 0.1255
vn 0.9815 -0.0000 0.1912
vn 0.9977 -0.0000 0.0685
vn -0.7315 -0.0000 0.6819
vn 0.5242 -0.0000 -0.8516
vn -0.4878 -0.0000 -0.8730
vn -0.5196 -0.0000 -0.8544
vn 0.3005 -0.0000 -0.9538
vn 0.3581 -0.0000 -0.9337
vn 0.2380 -0.0000 -0.9713
vn -0.0642 -0.0000 -0.9979
vn 0.7060 -0.0000 -0.7083
vn -1.0000 -0.0000 0.0054
vn -0.9895 -0.0000 0.1445
vn -0.7052 -0.0000 0.7090
vn -0.0036 -0.0000 1.0000
vn -0.0716 -0.0000 0.9974
vn 0.6607 -0.0000 0.7506
vn 0.7065 -0.0000 -0.7078
vn 0.9128 -0.0000 -0.4083
vn 0.9491 -0.0000 -0.3149
vn 0.9747 -0.0000 -0.2237
vn 0.9931 -0.0000 -0.1176
vn 0.9989 -0.0000 0.0474
vn 0.9656 -0.0000 0.2601
vn 0.8973 -0.0000 0.4414
vn 0.6839 -0.0000 -0.7296
vn -0.8433 -0.0000 0.5374
vn -0.8706 -0.0000 0.4921
vn 0.9084 -0.0000 0.4182
vn 0.9494 -0.0000 0.3139
vn 0.8262 -0.0000 0.5634
vn 0.7724 -0.0000 0.6351
vn -0.9681 -0.0000 0.2507
vn -0.9708 -0.0000 0.2399
vn -0.9943 -0.0000 0.1069
vn -0.2395 -0.0000 0.9709
vn -0.0987 -0.0000 0.9951
vn -0.1961 -0.0000 -0.9806
vn -0.1222 -0.0000 -0.9925
vn -0.2789 -0.0000 -0.9603
vn -0.6846 -0.0000 0.7289
vn -0.4034 -0.0000 0.9150
vn 0.9999 -0.0000 0.0101
vn 0.9963 -0.0000 0.0858
vn 0.9984 -0.0000 -0.0566
vn -0.9845 -0.0000 0.1754
vn -0.9494 -0.0000 -0.3141
vn -0.8636 -0.0000 -0.5042
vn -0.7915 -0.0000 -0.6111
vn -0.7282 -0.0000 -0.6854
vn 0.9973 -0.0000 -0.0735
vn -0.3503 -0.0000 -0.9366
vn -0.1105 -0.0000 -0.9939
vn 0.9585 -0.0000 -0.2852
vn 0.9833 -0.0000 -0.1819
vn -0.9907 -0.0000 -0.1361
vn -0.9972 -0.0000 -0.0742
vn -0.4874 -0.0000 0.8732
vn 0.9897 -0.0000 -0.1433
vn 0.9964 -0.0000 -0.0847
vn 0.9814 -0.0000 -0.1918
vn 0.5174 -0.0000 -0.8557
vn 0.5960 -0.0000 -0.8030
vn 0.5308 -0.0000 0.8475
vn 0.4404 -0.0000 0.8978
vn -0.6726 -0.0000 0.7400
vn 0.4070 -0.0000 0.9134
vn -0.2682 -0.0000 0.9634
vn -0.0624 -0.0000 -0.9981
vn 0.0348 -0.0000 -0.9994
vn -0.9925 -0.0000 0.1219
vn 0.8749 -0.0000 0.4844
vn -1.0000 -0.0000 0.0084
vn -0.7084 -0.0000 -0.7059
vn -0.7084 -0.0000 -0.7058
vn -0.9945 -0.0000 0.1050
vn -0.5973 -0.0000 0.8020
vn -0.6707 -0.0000 0.7418
vn -0.1140 -0.0000 0.9935
vn -0.0613 -0.0000 0.9981
vn 0.9394 -0.0000 -0.3427
vn 0.4306 -0.0000 -0.9026
vn 0.3101 -0.0000 0.9507
vn 0.2312 -0.0000 0.9729
vn 0.0190 -0.0000 0.9998
vn -0.0616 -0.0000 -0.9981
vn 0.7868 -0.0000 -0.6171
vn 0.4675 -0.0000 0.8840
vn 0.3195 -0.0000 -0.9476
vn 0.3752 -0.0000 -0.9270
vn 0.9995 -0.0000 -0.0303
vn 0.7169 -0.0000 0.6972
vn 0.9940 -0.0000 -0.1092
vn -0.8477 -0.0000 0.5305
vn -0.8792 -0.0000 0.4764
vn -0.8131 -0.0000 0.5821
vn -1.0000 -0.0000 0.0076
vn -0.7098 -0.0000 -0.7044
vn -0.9733 -0.0000 -0.2297
vn -0.9528 -0.0000 -0.3036
vn -0.9882 -0.0000 -0.1534
vn 1.0000 -0.0000 -0.0054
vn -0.8200 -0.0000 0.5723
vn 0.4144 -0.0000 -0.9101
vn 0.4606 -0.0000 -0.8876
vn -0.2295 -0.0000 -0.9733
vn -0.1185 -0.0000 -0.9930
vn 0.5702 -0.0000 0.8215
vn 0.6122 -0.0000 0.7907
vn -0.9167 -0.0000 -0.3996
vn -0.8941 -0.0000 -0.4478
vn 0.7028 -0.0000 -0.7114
vn 0.6655 -0.0000 -0.7464
vn 0.6656 -0.0000 -0.7464
vn -0.3855 -0.0000 -0.9227
vn 0.8120 -0.0000 0.5837
vn 0.1536 -0.0000 0.9881
vn -0.2451 -0.0000 -0.9695
vn -0.1949 -0.0000 -0.9808
vn 0.1300 -0.0000 0.9915
vn 0.0610 -0.0000 0.9981
vn 0.2125 -0.0000 0.9772
vn 0.7617 -0.0000 0.6479
vn 0.6879 -0.0000 0.7258
vn -0.7028 -0.0000 0.7114
vn -0.6656 -0.0000 0.7463
vn 0.3855 -0.0000 0.9227
vn 0.7102 -0.0000 0.7040
vn 0.5086 -0.0000 0.8610
vn 0.4457 -0.0000 0.8952
vn 0.5559 -0.0000 0.8313
vn -0.9214 -0.0000 0.3887
vn 0.8490 -0.0000 0.5284
vn -0.5764 -0.0000 -0.8172
vn -0.2277 -0.0000 -0.9737
vn 0.3168 -0.0000 -0.9485
vn 0.3167 -0.0000 -0.9485
vn 0.9866 -0.0000 -0.1629
vn 0.9971 -0.0000 -0.0761
vn 0.9694 -0.0000 -0.2456
vn 0.7179 -0.0000 0.6962
vn 0.6679 -0.0000 0.7442
vn 0.7637 -0.0000 0.6456
vn 0.7091 -0.0000 0.7051
vn -0.5582 -0.0000 0.8297
vn 0.3830 -0.0000 0.9238
vn -0.7053 -0.0000 -0.7089
vn 0.9769 -0.0000 0.2136
vn 0.9505 -0.0000 0.3108
vn 1.0000 -0.0000 -0.0034
vn 0.7083 -0.0000 0.7059
vn 0.5582 -0.0000 -0.8297
vn -0.3619 -0.0000 -0.9322
vn -0.9776 -0.0000 -0.2106
vn -0.9986 -0.0000 -0.0533
vn 0.4404 -0.0000 -0.8978
vn 0.9701 -0.0000 -0.2425
vn 0.7092 -0.0000 0.7050
vn -0.3279 -0.0000 -0.9447
vn -0.9797 -0.0000 0.2007
vn -0.9671 -0.0000 0.2544
vn -0.5607 -0.0000 -0.8280
vn -0.4954 -0.0000 -0.8687
vn -0.6301 -0.0000 -0.7765
vn -0.1129 -0.0000 -0.9936
vn -0.1650 -0.0000 -0.9863
vn -0.5586 -0.0000 0.8294
vn -0.5069 -0.0000 0.8620
vn -0.8076 -0.0000 -0.5897
vn -0.5594 -0.0000 0.8289
vn -0.3596 -0.0000 -0.9331
vn -0.4118 -0.0000 -0.9113
vn -0.7026 -0.0000 0.7115
vn -0.4627 -0.0000 -0.8865
vn -0.5167 -0.0000 -0.8562
vn 0.9823 -0.0000 -0.1875
vn 0.9698 -0.0000 -0.2437
vn -0.3260 -0.0000 -0.9454
vn -0.2718 -0.0000 -0.9624
vn -0.3771 -0.0000 -0.9262
vn 0.6148 -0.0000 0.7887
vn 0.5619 -0.0000 0.8272
vn -0.7406 -0.0000 0.6720
vn 0.0891 -0.0000 -0.9960
vn 0.0347 -0.0000 -0.9994
vn -1.0000 -0.0000 -0.0051
vn 0.1669 -0.0000 -0.9860
vn 0.2607 -0.0000 -0.9654
vn 0.9093 -0.0000 -0.4162
vn 0.8565 -0.0000 -0.5161
vn 0.8012 -0.0000 -0.5984
vn -0.7748 -0.0000 -0.6322
vn -0.9639 -0.0000 0.2663
vn -0.9768 -0.0000 0.2143
vn -0.9495 -0.0000 0.3138
vn 0.3892 -0.0000 0.9211
vn 0.3418 -0.0000 0.9398
vn 0.7378 -0.0000 -0.6750
vn 0.5130 -0.0000 -0.8584
vn 0.5940 -0.0000 -0.8045
vn 0.4550 -0.0000 -0.8905
vn 0.0813 -0.0000 -0.9967
vn 0.1264 -0.0000 -0.9920
vn 0.1859 -0.0000 0.9826
vn -0.0109 -0.0000 -0.9999
vn 0.7032 -0.0000 -0.7110
vn -0.0747 -0.0000 -0.9972
vn 0.9815 0.1912 0.0059
vn 0.6984 0.1362 0.7026
vn 0.6984 -0.1362 0.7026
vn 0.9815 -0.1912 0.0059
vn 0.9802 -0.1883 0.0609
vn 0.9802 0.1883 0.0609
vn 0.9708 -0.0000 -0.2398
vn 0.9530 -0.0000 -0.3031
vn 0.2935 -0.0000 0.9560
vn 0.6758 -0.0000 0.7370
vn 0.6394 -0.0000 0.7689
vn 0.7107 -0.0000 0.7035
vn -0.7070 -0.0000 -0.7073
vn -0.6205 -0.0000 -0.7842
vn -0.9777 -0.0000 -0.2099
vn -0.3140 -0.0000 0.9494
vn -0.3601 -0.0000 0.9329
vn -0.2248 -0.0000 -0.9744
vn 0.3488 -0.0000 -0.9372
vn 0.8471 -0.0000 -0.5315
vn 0.1745 -0.0000 -0.9847
vn -0.2214 -0.0000 0.9752
vn -0.9394 -0.0000 0.3429
vn -0.9943 -0.0000 -0.1068
vn -0.9941 -0.0000 0.1081
vn -0.0022 -0.0000 1.0000
vn -0.0594 -0.0000 0.9982
vn 0.7063 -0.0000 0.7079
vn 0.8252 -0.0000 -0.5649
vn 0.7618 -0.0000 -0.6478
vn 0.6685 -0.0000 -0.7437
vn -0.9174 -0.0000 -0.3979
vn -0.9971 -0.0000 -0.0761
vn -0.9999 -0.0000 -0.0116
vn 0.9542 -0.0000 -0.2992
vn 0.8644 -0.0000 -0.5029
vn 0.7048 -0.0000 0.7094
vn 0.3870 -0.0000 0.9221
vn 0.9233 -0.0000 0.3842
vn 1.0000 -0.0000 -0.0025
vn 0.5021 -0.0000 -0.8648
vn 0.4371 0.1381 0.8887
vn 0.9547 0.1777 0.2387
vn 0.9547 -0.1777 0.2387
vn 0.4371 -0.1381 0.8887
vn -0.7005 0.1365 0.7005
vn -0.7005 -0.1365 0.7005
vn -0.7005 0.1365 -0.7005
vn -0.7005 -0.1365 -0.7005
vn 0.7005 0.1365 -0.7005
vn 0.7005 -0.1365 -0.7005
vn 0.5575 0.1304 0.8199
vn 0.5575 -0.1304 0.8199
vn 0.4258 -0.0000 -0.9048
vn 0.0840 -0.0000 0.9965
vn 0.0169 -0.0000 0.9999
vn -0.3189 0.1879 0.9290
vn -0.3189 -0.1879 0.9290
vn 0.0126 -0.0000 0.9999
vn 0.5249 -0.0000 0.8511
vn -0.4748 -0.0000 -0.8801
vn -0.4749 -0.0000 -0.8801
vn 0.0079 -0.0000 1.0000
vn -0.7043 -0.0000 0.7099
vn 0.3863 -0.0000 0.9224
vn -1.0000 -0.0000 -0.0042
vn -0.7056 -0.0000 -0.7086
vn -0.4723 -0.0000 -0.8815
vn -0.8985 -0.0000 -0.4390
vn 0.5577 -0.0000 -0.8301
vn -0.7650 -0.0000 0.6441
vn -0.0025 -0.0000 1.0000
vn 0.6792 -0.0000 -0.7339
vn -0.4124 -0.0000 0.9110
vn 0.4826 -0.0000 0.8758
vn -0.4535 -0.0000 0.8913
vn -0.9952 -0.0000 0.0983
vn 0.9331 -0.0000 -0.3597
vn 0.9278 -0.0000 0.3732
vn -0.6643 -0.0000 0.7475
vn 0.1227 -0.0000 -0.9924
vn 0.8673 -0.0000 0.4978
vn -0.2149 -0.0000 0.9766
vn -0.9972 -0.0000 0.0744
vn 0.3477 -0.0000 -0.9376
vn -0.7067 -0.0000 0.7076
vn 0.9239 -0.0000 0.3827
vn 0.3827 -0.0000 0.9239
vn -0.4496 -0.0000 0.8932
vn -0.8565 -0.0000 -0.5161
vn -0.6308 -0.0000 0.7759
vn -0.9444 -0.0000 -0.3289
vn -0.4127 -0.0000 -0.9109
vn -0.6895 -0.0000 0.7243
vn 0.9997 -0.0000 -0.0257
vn 0.9988 -0.0000 0.0490
vn -0.0084 -0.0000 1.0000
vn -0.4533 -0.0000 0.8914
vn -0.9598 -0.0000 0.2806
vn -0.9888 -0.0000 0.1490
vn -0.8488 -0.0000 -0.5287
vn -0.2412 -0.0000 -0.9705
vn 0.9870 -0.0000 0.1609
vn -0.4377 -0.0000 -0.8991
vn -0.3822 -0.0000 -0.9241
vn 0.7007 -0.0000 0.7134
vn 0.5958 -0.0000 0.8032
vn 0.5056 -0.0000 -0.8628
vn 0.5435 -0.0000 -0.8394
vn 0.2742 -0.0000 0.9617
vn 0.3278 -0.0000 0.9447
vn 0.9847 -0.0000 -0.1742
vn -0.9017 -0.0000 -0.4323
vn 0.8594 -0.0000 -0.5113
vn -0.1749 -0.0000 -0.9846
vn -0.2509 -0.0000 -0.9680
vn -0.0735 -0.0000 0.9973
vn 0.3804 -0.0000 0.9248
vn -0.5282 -0.0000 -0.8491
vn -0.1931 -0.0000 0.9812
vn -0.2944 -0.0000 0.9557
vn -0.4212 -0.0000 0.9070
vn -0.6317 -0.0000 0.7752
vn -0.8703 -0.0000 0.4926
vn 0.3613 -0.0000 -0.9325
vn -0.4116 -0.0000 0.9114
vn 0.5397 -0.0000 0.8418
vn 0.4766 -0.0000 0.8791
vn 0.6014 -0.0000 0.7990
vn -0.9496 -0.0000 -0.3134
vn 0.6226 -0.0000 -0.7826
vn 0.7062 -0.0000 0.7080
vn -0.2745 -0.0000 0.9616
vn -0.8764 -0.0000 0.4815
vn -1.0000 -0.0000 0.0036
vn -0.6862 -0.0000 0.7274
vn 0.8372 -0.0000 -0.5468
vn 0.8667 -0.0000 -0.4988
vn -0.4054 -0.0000 0.9141
vn 0.9744 -0.0000 -0.2249
vn 0.9565 -0.0000 -0.2918
vn 0.0177 -0.0000 0.9998
vn 0.9904 -0.0000 0.1383
vn -0.6408 -0.0000 -0.7677
vn 1.0000 -0.0000 -0.0058
vn -0.0822 -0.0000 -0.9966
vn 0.9125 0.1562 0.3780
vn 0.9125 -0.1562 0.3780
vn 0.3780 0.1562 0.9125
vn 0.3780 -0.1562 0.9125
vn -0.9125 0.1562 -0.3780
vn -0.9125 -0.1562 -0.3780
vn -0.9446 -0.0000 0.3281
vn 0.3827 -0.0000 -0.9239
vn -0.3780 0.1562 -0.9125
vn -0.3780 -0.1562 -0.9125
vn -0.6333 -0.0000 -0.7739
vn -0.0108 -0.0000 0.9999
vn -0.9176 -0.0000 -0.3976
vn -0.0880 -0.0000 -0.9961
vn 0.3829 -0.0000 -0.9238
vn 0.2873 -0.0000 -0.9578
vn 0.7082 -0.0000 -0.7060
vn 0.9242 -0.0000 -0.3820
vn 0.3834 -0.0000 -0.9236
vn 0.1507 -0.0000 0.9886
vn -0.9702 -0.0000 -0.2422
vn -0.8714 -0.0000 -0.4905
vn -0.4797 -0.0000 -0.8774
vn 0.9498 -0.0000 0.3130
vn -0.8842 -0.0000 -0.4672
vn -0.9239 -0.0000 0.3827
vn 0.2494 -0.0000 0.9684
vn 0.1567 -0.0000 0.9876
vn -0.8954 -0.0000 0.4453
vn -0.9150 -0.0000 0.4034
vn 0.7844 -0.0000 0.6202
vn 0.8436 -0.0000 0.5369
vn 0.9213 -0.0000 -0.3888
vn -0.8691 -0.0000 -0.4947
vn -0.2359 -0.0000 0.9718
vn -0.3563 -0.0000 0.9344
vn -0.4698 -0.0000 0.8828
vn -0.5735 -0.0000 0.8192
vn -0.6636 -0.0000 0.7481
vn -0.7382 -0.0000 0.6746
vn -0.8112 -0.0000 0.5847
vn 0.9999 -0.0000 0.0112
vn 0.9005 -0.0000 0.4350
vn 0.8378 -0.0000 0.5460
vn 0.1306 -0.0000 -0.9914
vn 0.8150 -0.0000 -0.5795
vn -0.9327 -0.0000 0.3606
vn -0.9977 -0.0000 -0.0674
vn -0.9999 -0.0000 -0.0158
vn 0.3346 -0.0000 0.9424
vn 0.6345 -0.0000 0.7730
vn 0.2173 -0.0000 -0.9761
vn 0.8679 -0.0000 0.4968
vn 0.2629 -0.0000 -0.9648
vn 0.3237 -0.0000 -0.9462
vn -0.9397 -0.0000 -0.3420
vn -0.5369 -0.0000 -0.8437
vn 0.0626 -0.0000 0.9980
vn -0.1745 -0.0000 0.9847
vn -0.0789 -0.0000 -0.9969
vn 0.7906 -0.0000 -0.6124
vn -0.3722 -0.0000 -0.9282
vn 0.9111 -0.0000 -0.4122
vn -0.0179 -0.0000 0.9998
vn -0.7134 -0.0000 0.7008
vn 0.7008 -0.0000 0.7134
vn -0.0743 -0.0000 -0.9972
vn 0.6614 -0.0000 -0.7501
vn -0.3609 0.1912 0.9128
vn -0.3609 -0.1912 0.9128
vn -0.4272 -0.0000 -0.9042
vn 0.0048 -0.0000 -1.0000
vn -0.2167 -0.0000 -0.9762
vn -0.1949 -0.0000 0.9808
vn -0.9999 -0.0000 -0.0120
vn -0.3253 -0.0000 -0.9456
vn 0.2559 -0.0000 0.9667
vn 0.7489 -0.0000 0.6626
vn 0.9310 -0.0000 -0.3651
vn 1.0000 -0.0000 -0.0060
vn -0.9076 -0.0000 -0.4197
vn -0.8420 -0.0000 0.5395
vn -0.9497 -0.0000 -0.3132
vn -0.3014 -0.0000 -0.9535
vn -0.9994 -0.0000 0.0358
vn -0.3827 -0.0000 0.9239
vt 0.572534 0.000000
vt 0.625000 0.000000
vt 0.625000 0.250000
vt 0.572534 0.250000
vt 0.625000 0.500000
vt 0.572534 0.500000
vt 0.625000 0.750000
vt 0.572534 0.750000
vt 0.625000 1.000000
vt 0.572534 1.000000
vt 0.125000 0.500000
vt 0.375000 0.500000
vt 0.375000 0.750000
vt 0.125000 0.750000
vt 0.646089 0.728911
vt 0.646089 0.521089
vt 0.567801 0.750000
vt 0.567801 1.000000
vt 0.567801 0.500000
vt 0.567801 0.250000
vt 0.567801 0.000000
vt 0.375000 0.000000
vt 0.421053 0.000000
vt 0.421053 0.250000
vt 0.375000 0.250000
vt 0.421053 0.500000
vt 0.421053 0.750000
vt 0.421053 1.000000
vt 0.375000 1.000000
vt 0.492060 0.000000
vt 0.496794 0.000000
vt 0.496794 0.250000
vt 0.492060 0.250000
vt 0.496794 0.500000
vt 0.492060 0.500000
vt 0.496794 0.750000
vt 0.492060 0.750000
vt 0.496794 1.000000
vt 0.492060 1.000000
vt 0.529930 0.000000
vt 0.534664 0.000000
vt 0.534664 0.250000
vt 0.529930 0.250000
vt 0.534664 0.500000
vt 0.529930 0.500000
vt 0.534664 0.750000
vt 0.529930 0.750000
vt 0.534664 1.000000
vt 0.529930 1.000000
vt 0.454189 0.750000
vt 0.458923 0.750000
vt 0.458923 1.000000
vt 0.454189 1.000000
vt 0.454189 0.500000
vt 0.458923 0.500000
vt 0.454189 0.250000
vt 0.458923 0.250000
vt 0.454189 0.000000
vt 0.458923 0.000000
vt 0.510995 0.750000
vt 0.515729 0.750000
vt 0.515729 1.000000
vt 0.510995 1.000000
vt 0.510995 0.500000
vt 0.515729 0.500000
vt 0.510995 0.250000
vt 0.515729 0.250000
vt 0.510995 0.000000
vt 0.515729 0.000000
vt 0.548865 0.000000
vt 0.553599 0.000000
vt 0.553599 0.250000
vt 0.548865 0.250000
vt 0.553599 0.500000
vt 0.548865 0.500000
vt 0.553599 0.750000
vt 0.548865 0.750000
vt 0.553599 1.000000
vt 0.548865 1.000000
vt 0.473125 0.750000
vt 0.477858 0.750000
vt 0.477858 1.000000
vt 0.473125 1.000000
vt 0.473125 0.500000
vt 0.477858 0.500000
vt 0.473125 0.250000
vt 0.477858 0.250000
vt 0.473125 0.000000
vt 0.477858 0.000000
vt 0.435254 0.000000
vt 0.439988 0.000000
vt 0.439988 0.250000
vt 0.435254 0.250000
vt 0.439988 0.500000
vt 0.435254 0.500000
vt 0.439988 0.750000
vt 0.435254 0.750000
vt 0.439988 1.000000
vt 0.435254 1.000000
vt 0.520463 0.750000
vt 0.525196 0.750000
vt 0.525196 1.000000
vt 0.520463 1.000000
vt 0.520463 0.500000
vt 0.525196 0.500000
vt 0.520463 0.250000
vt 0.525196 0.250000
vt 0.520463 0.000000
vt 0.525196 0.000000
vt 0.539398 0.750000
vt 0.544132 0.750000
vt 0.544132 1.000000
vt 0.539398 1.000000
vt 0.539398 0.500000
vt 0.544132 0.500000
vt 0.539398 0.250000
vt 0.544132 0.250000
vt 0.539398 0.000000
vt 0.544132 0.000000
vt 0.558333 0.000000
vt 0.563067 0.000000
vt 0.563067 0.250000
vt 0.558333 0.250000
vt 0.563067 0.500000
vt 0.558333 0.500000
vt 0.563067 0.750000
vt 0.558333 0.750000
vt 0.563067 1.000000
vt 0.558333 1.000000
vt 0.501527 0.000000
vt 0.506261 0.000000
vt 0.506261 0.250000
vt 0.501527 0.250000
vt 0.506261 0.500000
vt 0.501527 0.500000
vt 0.506261 0.750000
vt 0.501527 0.750000
vt 0.506261 1.000000
vt 0.501527 1.000000
vt 0.482592 0.750000
vt 0.487326 0.750000
vt 0.487326 1.000000
vt 0.482592 1.000000
vt 0.482592 0.500000
vt 0.487326 0.500000
vt 0.482592 0.250000
vt 0.487326 0.250000
vt 0.482592 0.000000
vt 0.487326 0.000000
vt 0.463657 0.000000
vt 0.468391 0.000000
vt 0.468391 0.250000
vt 0.463657 0.250000
vt 0.468391 0.500000
vt 0.463657 0.500000
vt 0.468391 0.750000
vt 0.463657 0.750000
vt 0.468391 1.000000
vt 0.463657 1.000000
vt 0.444722 0.000000
vt 0.449456 0.000000
vt 0.449456 0.250000
vt 0.444722 0.250000
vt 0.449456 0.500000
vt 0.444722 0.500000
vt 0.449456 0.750000
vt 0.444722 0.750000
vt 0.449456 1.000000
vt 0.444722 1.000000
vt 0.425787 0.750000
vt 0.430520 0.750000
vt 0.430520 1.000000
vt 0.425787 1.000000
vt 0.425787 0.500000
vt 0.430520 0.500000
vt 0.425787 0.250000
vt 0.430520 0.250000
vt 0.425787 0.000000
vt 0.430520 0.000000
vt 0.853911 0.728911
vt 0.853911 0.521089
vt 0.875000 0.500000
vt 0.875000 0.750000
vt 1.000000 0.000000
vt 0.000000 0.000000
vt 0.166667 0.000000
vt 0.333333 0.000000
vt 0.500000 0.000000
vt 0.666667 0.000000
vt 0.833333 0.000000
vt 0.000000 1.000000
vt 0.142857 1.000000
vt 0.142857 0.000000
vt 0.285714 1.000000
vt 0.285714 0.000000
vt 0.428571 1.000000
vt 0.428571 0.000000
vt 0.571429 1.000000
vt 0.571429 0.000000
vt 0.714286 1.000000
vt 0.714286 0.000000
vt 0.857143 1.000000
vt 0.857143 0.000000
vt 1.000000 1.000000
vt 0.111111 0.000000
vt 0.222222 0.000000
vt 0.444444 0.000000
vt 0.555556 0.000000
vt 0.777778 0.000000
vt 0.888889 0.000000
vt 0.100000 1.000000
vt 0.100000 0.000000
vt 0.200000 1.000000
vt 0.200000 0.000000
vt 0.300000 1.000000
vt 0.300000 0.000000
vt 0.400000 1.000000
vt 0.400000 0.000000
vt 0.500000 1.000000
vt 0.600000 1.000000
vt 0.600000 0.000000
vt 0.700000 1.000000
vt 0.700000 0.000000
vt 0.800000 1.000000
vt 0.800000 0.000000
vt 0.900000 1.000000
vt 0.900000 0.000000
vt 0.909091 0.000000
vt 0.090909 0.000000
vt 0.181818 0.000000
vt 0.272727 0.000000
vt 0.363636 0.000000
vt 0.454545 0.000000
vt 0.545455 0.000000
vt 0.636364 0.000000
vt 0.727273 0.000000
vt 0.818182 0.000000
vt 0.275000 0.000000
vt 0.397436 1.000000
vt 0.423077 1.000000
vt 0.423077 0.000000
vt 0.397436 0.000000
vt 0.568627 1.000000
vt 0.588235 1.000000
vt 0.588235 0.000000
vt 0.568627 0.000000
vt 0.833333 1.000000
vt 0.858974 1.000000
vt 0.858974 0.000000
vt 0.525641 1.000000
vt 0.551282 1.000000
vt 0.551282 0.000000
vt 0.525641 0.000000
vt 0.474359 1.000000
vt 0.474359 0.000000
vt 0.118812 0.000000
vt 0.079208 0.000000
vt 0.366337 0.000000
vt 0.336634 0.000000
vt 0.008197 1.000000
vt 0.024590 1.000000
vt 0.024590 0.000000
vt 0.008197 0.000000
vt 0.951219 0.000000
vt 0.951219 1.000000
vt 0.962963 1.000000
vt 0.037037 1.000000
vt 0.037037 0.000000
vt 0.962963 0.000000
vt 0.471698 0.000000
vt 0.433962 0.000000
vt 0.377551 1.000000
vt 0.397959 1.000000
vt 0.397959 0.000000
vt 0.377551 0.000000
vt 0.311828 0.000000
vt 0.290323 0.000000
vt 0.078947 1.000000
vt 0.078947 0.000000
vt 0.052632 0.000000
vt 0.052632 1.000000
vt 0.268293 1.000000
vt 0.560976 1.000000
vt 0.560976 0.000000
vt 0.268293 0.000000
vt 0.418367 1.000000
vt 0.418367 0.000000
vt 0.438776 1.000000
vt 0.438776 0.000000
vt 0.628866 0.000000
vt 0.587629 0.000000
vt 0.530612 1.000000
vt 0.551020 1.000000
vt 0.551020 0.000000
vt 0.530612 0.000000
vt 0.385246 1.000000
vt 0.401639 1.000000
vt 0.401639 0.000000
vt 0.385246 0.000000
vt 0.479592 1.000000
vt 0.479592 0.000000
vt 0.896907 0.000000
vt 0.855670 0.000000
vt 0.040984 1.000000
vt 0.040984 0.000000
vt 0.885246 1.000000
vt 0.901639 1.000000
vt 0.901639 0.000000
vt 0.885246 0.000000
vt 0.990476 0.000000
vt 0.382353 1.000000
vt 0.382353 0.000000
vt 0.343137 0.000000
vt 0.343137 1.000000
vt 0.209524 0.000000
vt 0.476190 0.000000
vt 0.457143 0.000000
vt 0.590164 1.000000
vt 0.590164 0.000000
vt 0.573770 0.000000
vt 0.573770 1.000000
vt 0.613861 0.000000
vt 0.623762 0.000000
vt 0.633663 0.000000
vt 0.643564 0.000000
vt 0.653465 0.000000
vt 0.663366 0.000000
vt 0.673267 0.000000
vt 0.683168 0.000000
vt 0.693069 0.000000
vt 0.702970 0.000000
vt 0.712871 0.000000
vt 0.722772 0.000000
vt 0.732673 0.000000
vt 0.742574 0.000000
vt 0.752475 0.000000
vt 0.762376 0.000000
vt 0.772277 0.000000
vt 0.782178 0.000000
vt 0.792079 0.000000
vt 0.801980 0.000000
vt 0.811881 0.000000
vt 0.821782 0.000000
vt 0.831683 0.000000
vt 0.871287 0.000000
vt 0.950495 0.000000
vt 0.960396 0.000000
vt 0.970297 0.000000
vt 0.980198 0.000000
vt 0.990099 0.000000
vt 0.029703 0.000000
vt 0.069307 0.000000
vt 0.108911 0.000000
vt 0.128713 0.000000
vt 0.138614 0.000000
vt 0.148515 0.000000
vt 0.158416 0.000000
vt 0.168317 0.000000
vt 0.178218 0.000000
vt 0.188119 0.000000
vt 0.198020 0.000000
vt 0.207921 0.000000
vt 0.217822 0.000000
vt 0.227723 0.000000
vt 0.237624 0.000000
vt 0.247525 0.000000
vt 0.257426 0.000000
vt 0.267327 0.000000
vt 0.277228 0.000000
vt 0.287129 0.000000
vt 0.297030 0.000000
vt 0.306931 0.000000
vt 0.316832 0.000000
vt 0.326733 0.000000
vt 0.346535 0.000000
vt 0.386139 0.000000
vt 0.425743 0.000000
vt 0.465347 0.000000
vt 0.475248 0.000000
vt 0.514852 0.000000
vt 0.554455 0.000000
vt 0.574257 0.000000
vt 0.594059 0.000000
vt 0.603960 0.000000
vt 0.865979 0.000000
vt 0.618557 0.000000
vt 0.377358 0.000000
vt 0.396226 0.000000
vt 0.415094 0.000000
vt 0.490566 0.000000
vt 0.981132 0.000000
vt 0.528302 0.000000
vt 0.547170 0.000000
vt 0.566038 0.000000
vt 0.584906 0.000000
vt 0.603774 0.000000
vt 0.622642 0.000000
vt 0.641509 0.000000
vt 0.660377 0.000000
vt 0.679245 0.000000
vt 0.698113 0.000000
vt 0.716981 0.000000
vt 0.735849 0.000000
vt 0.754717 0.000000
vt 0.773585 0.000000
vt 0.792453 0.000000
vt 0.811321 0.000000
vt 0.830189 0.000000
vt 0.849057 0.000000
vt 0.132075 0.000000
vt 0.150943 0.000000
vt 0.169811 0.000000
vt 0.188679 0.000000
vt 0.207547 0.000000
vt 0.226415 0.000000
vt 0.245283 0.000000
vt 0.264151 0.000000
vt 0.283019 0.000000
vt 0.301887 0.000000
vt 0.320755 0.000000
vt 0.339623 0.000000
vt 0.358491 0.000000
vt 0.260163 0.000000
vt 0.658537 0.000000
vt 0.961905 0.000000
vt 0.980952 0.000000
vt 0.295238 0.000000
vt 0.304762 0.000000
vt 0.314286 0.000000
vt 0.323810 0.000000
vt 0.904762 0.000000
vt 0.914286 0.000000
vt 0.923810 0.000000
vt 0.933333 0.000000
vt 0.942857 0.000000
vt 0.952381 0.000000
vt 0.790476 0.000000
vt 0.809524 0.000000
vt 0.819048 0.000000
vt 0.828571 0.000000
vt 0.838095 0.000000
vt 0.847619 0.000000
vt 0.866667 0.000000
vt 0.876190 0.000000
vt 0.885714 0.000000
vt 0.895238 0.000000
vt 0.342857 0.000000
vt 0.352381 0.000000
vt 0.361905 0.000000
vt 0.371429 0.000000
vt 0.380952 0.000000
vt 0.390476 0.000000
vt 0.409524 0.000000
vt 0.419048 0.000000
vt 0.438095 0.000000
vt 0.447619 0.000000
vt 0.733333 0.000000
vt 0.742857 0.000000
vt 0.504762 0.000000
vt 0.514286 0.000000
vt 0.523810 0.000000
vt 0.533333 0.000000
vt 0.542857 0.000000
vt 0.552381 0.000000
vt 0.180952 0.000000
vt 0.190476 0.000000
vt 0.228571 0.000000
vt 0.238095 0.000000
vt 0.247619 0.000000
vt 0.257143 0.000000
vt 0.266667 0.000000
vt 0.276190 0.000000
vt 0.761905 0.000000
vt 0.771429 0.000000
vt 0.780952 0.000000
vt 0.025000 0.000000
vt 0.975000 0.000000
vt 0.950000 0.000000
vt 0.875000 0.000000
vt 0.825000 0.000000
vt 0.775000 0.000000
vt 0.750000 0.000000
vt 0.725000 0.000000
vt 0.675000 0.000000
vt 0.650000 0.000000
vt 0.575000 0.000000
vt 0.250000 0.000000
vt 0.225000 0.000000
vt 0.175000 0.000000
vt 0.150000 0.000000
vt 0.125000 0.000000
vt 0.075000 0.000000
vt 0.050000 0.000000
vt 0.125000 1.000000
vt 0.250000 1.000000
vt 0.750000 1.000000
vt 0.875000 1.000000
vt 0.333333 1.000000
vt 0.666667 1.000000
vt 0.019231 1.000000
vt 0.038462 1.000000
vt 0.038462 0.000000
vt 0.019231 0.000000
vt 0.057692 1.000000
vt 0.057692 0.000000
vt 0.076923 1.000000
vt 0.076923 0.000000
vt 0.096154 1.000000
vt 0.096154 0.000000
vt 0.115385 1.000000
vt 0.115385 0.000000
vt 0.134615 1.000000
vt 0.134615 0.000000
vt 0.153846 1.000000
vt 0.153846 0.000000
vt 0.173077 1.000000
vt 0.173077 0.000000
vt 0.192308 1.000000
vt 0.192308 0.000000
vt 0.211538 1.000000
vt 0.211538 0.000000
vt 0.230769 1.000000
vt 0.230769 0.000000
vt 0.269231 1.000000
vt 0.269231 0.000000
vt 0.288462 1.000000
vt 0.288462 0.000000
vt 0.307692 1.000000
vt 0.307692 0.000000
vt 0.326923 1.000000
vt 0.326923 0.000000
vt 0.346154 1.000000
vt 0.346154 0.000000
vt 0.365385 1.000000
vt 0.365385 0.000000
vt 0.384615 1.000000
vt 0.384615 0.000000
vt 0.403846 1.000000
vt 0.403846 0.000000
vt 0.461538 1.000000
vt 0.480769 1.000000
vt 0.480769 0.000000
vt 0.461538 0.000000
vt 0.519231 1.000000
vt 0.519231 0.000000
vt 0.538462 1.000000
vt 0.538462 0.000000
vt 0.557692 1.000000
vt 0.557692 0.000000
vt 0.576923 1.000000
vt 0.576923 0.000000
vt 0.596154 1.000000
vt 0.596154 0.000000
vt 0.615385 1.000000
vt 0.615385 0.000000
vt 0.634615 1.000000
vt 0.634615 0.000000
vt 0.653846 1.000000
vt 0.653846 0.000000
vt 0.673077 1.000000
vt 0.673077 0.000000
vt 0.692308 1.000000
vt 0.692308 0.000000
vt 0.711538 1.000000
vt 0.711538 0.000000
vt 0.730769 1.000000
vt 0.730769 0.000000
vt 0.769231 1.000000
vt 0.769231 0.000000
vt 0.788462 1.000000
vt 0.788462 0.000000
vt 0.807692 1.000000
vt 0.807692 0.000000
vt 0.826923 1.000000
vt 0.826923 0.000000
vt 0.846154 1.000000
vt 0.846154 0.000000
vt 0.865385 1.000000
vt 0.865385 0.000000
vt 0.884615 1.000000
vt 0.884615 0.000000
vt 0.903846 1.000000
vt 0.903846 0.000000
vt 0.923077 1.000000
vt 0.923077 0.000000
vt 0.961538 1.000000
vt 0.980769 1.000000
vt 0.980769 0.000000
vt 0.961538 0.000000
vt 0.074074 1.000000
vt 0.074074 0.000000
vt 0.111111 1.000000
vt 0.148148 1.000000
vt 0.148148 0.000000
vt 0.185185 1.000000
vt 0.185185 0.000000
vt 0.222222 1.000000
vt 0.259259 1.000000
vt 0.259259 0.000000
vt 0.296296 1.000000
vt 0.296296 0.000000
vt 0.370370 1.000000
vt 0.370370 0.000000
vt 0.407407 1.000000
vt 0.407407 0.000000
vt 0.444444 1.000000
vt 0.481481 1.000000
vt 0.481481 0.000000
vt 0.518519 1.000000
vt 0.518519 0.000000
vt 0.555556 1.000000
vt 0.592593 1.000000
vt 0.592593 0.000000
vt 0.629630 1.000000
vt 0.629630 0.000000
vt 0.703704 1.000000
vt 0.703704 0.000000
vt 0.740741 1.000000
vt 0.740741 0.000000
vt 0.777778 1.000000
vt 0.814815 1.000000
vt 0.814815 0.000000
vt 0.851852 1.000000
vt 0.851852 0.000000
vt 0.925926 1.000000
vt 0.925926 0.000000
vt 0.989796 1.000000
vt 0.030612 1.000000
vt 0.030612 0.000000
vt 0.989796 0.000000
vt 0.131579 1.000000
vt 0.131579 0.000000
vt 0.105263 0.000000
vt 0.105263 1.000000
vt 0.112245 1.000000
vt 0.122449 1.000000
vt 0.122449 0.000000
vt 0.112245 0.000000
vt 0.132653 1.000000
vt 0.132653 0.000000
vt 0.153061 1.000000
vt 0.153061 0.000000
vt 0.163265 1.000000
vt 0.163265 0.000000
vt 0.173469 1.000000
vt 0.173469 0.000000
vt 0.183673 1.000000
vt 0.183673 0.000000
vt 0.193878 1.000000
vt 0.193878 0.000000
vt 0.204082 1.000000
vt 0.204082 0.000000
vt 0.214286 1.000000
vt 0.214286 0.000000
vt 0.224490 1.000000
vt 0.224490 0.000000
vt 0.234694 1.000000
vt 0.234694 0.000000
vt 0.244898 1.000000
vt 0.244898 0.000000
vt 0.255102 1.000000
vt 0.255102 0.000000
vt 0.265306 1.000000
vt 0.265306 0.000000
vt 0.275510 1.000000
vt 0.275510 0.000000
vt 0.295918 1.000000
vt 0.295918 0.000000
vt 0.306122 1.000000
vt 0.306122 0.000000
vt 0.316327 1.000000
vt 0.316327 0.000000
vt 0.326531 1.000000
vt 0.326531 0.000000
vt 0.336735 1.000000
vt 0.336735 0.000000
vt 0.346939 1.000000
vt 0.346939 0.000000
vt 0.357143 1.000000
vt 0.357143 0.000000
vt 0.091837 1.000000
vt 0.091837 0.000000
vt 0.983607 1.000000
vt 0.983607 0.000000
vt 0.967213 0.000000
vt 0.967213 1.000000
vt 0.489796 1.000000
vt 0.489796 0.000000
vt 0.213115 1.000000
vt 0.245902 1.000000
vt 0.245902 0.000000
vt 0.213115 0.000000
vt 0.051020 1.000000
vt 0.051020 0.000000
vt 0.720430 0.000000
vt 0.731183 0.000000
vt 0.509804 1.000000
vt 0.549020 1.000000
vt 0.549020 0.000000
vt 0.509804 0.000000
vt 0.612245 1.000000
vt 0.622449 1.000000
vt 0.622449 0.000000
vt 0.612245 0.000000
vt 0.632653 1.000000
vt 0.632653 0.000000
vt 0.642857 1.000000
vt 0.642857 0.000000
vt 0.653061 1.000000
vt 0.653061 0.000000
vt 0.663265 1.000000
vt 0.663265 0.000000
vt 0.673469 1.000000
vt 0.673469 0.000000
vt 0.683673 1.000000
vt 0.683673 0.000000
vt 0.693878 1.000000
vt 0.693878 0.000000
vt 0.704082 1.000000
vt 0.704082 0.000000
vt 0.724490 1.000000
vt 0.724490 0.000000
vt 0.734694 1.000000
vt 0.734694 0.000000
vt 0.744898 1.000000
vt 0.744898 0.000000
vt 0.755102 1.000000
vt 0.755102 0.000000
vt 0.765306 1.000000
vt 0.765306 0.000000
vt 0.775510 1.000000
vt 0.775510 0.000000
vt 0.785714 1.000000
vt 0.785714 0.000000
vt 0.795918 1.000000
vt 0.795918 0.000000
vt 0.806122 1.000000
vt 0.806122 0.000000
vt 0.816327 1.000000
vt 0.816327 0.000000
vt 0.826531 1.000000
vt 0.826531 0.000000
vt 0.836735 1.000000
vt 0.836735 0.000000
vt 0.846939 1.000000
vt 0.846939 0.000000
vt 0.157895 1.000000
vt 0.157895 0.000000
vt 0.979592 1.000000
vt 0.979592 0.000000
vt 0.184211 1.000000
vt 0.210526 1.000000
vt 0.210526 0.000000
vt 0.184211 0.000000
vt 0.083333 1.000000
vt 0.083333 0.000000
vt 0.166667 1.000000
vt 0.416667 1.000000
vt 0.416667 0.000000
vt 0.583333 1.000000
vt 0.583333 0.000000
vt 0.916667 1.000000
vt 0.916667 0.000000
vt 0.853659 1.000000
vt 0.926829 1.000000
vt 0.926829 0.000000
vt 0.853659 0.000000
vt 0.645161 0.000000
vt 0.107843 1.000000
vt 0.117647 1.000000
vt 0.117647 0.000000
vt 0.107843 0.000000
vt 0.127451 1.000000
vt 0.127451 0.000000
vt 0.137255 1.000000
vt 0.137255 0.000000
vt 0.147059 1.000000
vt 0.147059 0.000000
vt 0.156863 1.000000
vt 0.156863 0.000000
vt 0.176471 1.000000
vt 0.176471 0.000000
vt 0.186275 1.000000
vt 0.186275 0.000000
vt 0.196078 1.000000
vt 0.196078 0.000000
vt 0.205882 1.000000
vt 0.205882 0.000000
vt 0.215686 1.000000
vt 0.215686 0.000000
vt 0.225490 1.000000
vt 0.225490 0.000000
vt 0.235294 1.000000
vt 0.235294 0.000000
vt 0.245098 1.000000
vt 0.245098 0.000000
vt 0.254902 1.000000
vt 0.254902 0.000000
vt 0.264706 1.000000
vt 0.264706 0.000000
vt 0.274510 1.000000
vt 0.274510 0.000000
vt 0.284314 1.000000
vt 0.284314 0.000000
vt 0.294118 1.000000
vt 0.294118 0.000000
vt 0.303922 1.000000
vt 0.303922 0.000000
vt 0.313726 1.000000
vt 0.313726 0.000000
vt 0.323529 1.000000
vt 0.323529 0.000000
vt 0.421569 1.000000
vt 0.421569 0.000000
vt 0.758621 1.000000
vt 0.827586 1.000000
vt 0.827586 0.000000
vt 0.758621 0.000000
vt 0.460784 1.000000
vt 0.470588 1.000000
vt 0.470588 0.000000
vt 0.460784 0.000000
vt 0.950820 1.000000
vt 0.950820 0.000000
vt 0.598039 1.000000
vt 0.598039 0.000000
vt 0.607843 1.000000
vt 0.607843 0.000000
vt 0.617647 1.000000
vt 0.617647 0.000000
vt 0.627451 1.000000
vt 0.627451 0.000000
vt 0.637255 1.000000
vt 0.637255 0.000000
vt 0.647059 1.000000
vt 0.647059 0.000000
vt 0.656863 1.000000
vt 0.656863 0.000000
vt 0.676471 1.000000
vt 0.676471 0.000000
vt 0.686275 1.000000
vt 0.686275 0.000000
vt 0.696078 1.000000
vt 0.696078 0.000000
vt 0.705882 1.000000
vt 0.705882 0.000000
vt 0.715686 1.000000
vt 0.715686 0.000000
vt 0.725490 1.000000
vt 0.725490 0.000000
vt 0.735294 1.000000
vt 0.735294 0.000000
vt 0.745098 1.000000
vt 0.745098 0.000000
vt 0.754902 1.000000
vt 0.754902 0.000000
vt 0.764706 1.000000
vt 0.764706 0.000000
vt 0.774510 1.000000
vt 0.774510 0.000000
vt 0.784314 1.000000
vt 0.784314 0.000000
vt 0.794118 1.000000
vt 0.794118 0.000000
vt 0.803922 1.000000
vt 0.803922 0.000000
vt 0.813725 1.000000
vt 0.813725 0.000000
vt 0.823529 1.000000
vt 0.823529 0.000000
vt 0.941176 1.000000
vt 0.950980 1.000000
vt 0.950980 0.000000
vt 0.941176 0.000000
vt 0.960784 1.000000
vt 0.960784 0.000000
vt 0.970588 1.000000
vt 0.970588 0.000000
vt 0.980392 1.000000
vt 0.980392 0.000000
vt 0.990196 1.000000
vt 0.990196 0.000000
vt 0.585366 1.000000
vt 0.634146 1.000000
vt 0.634146 0.000000
vt 0.585366 0.000000
vt 0.967742 0.000000
vt 0.989247 0.000000
vt 0.804878 1.000000
vt 0.804878 0.000000
vt 0.024390 1.000000
vt 0.024390 0.000000
vt 0.048780 1.000000
vt 0.048780 0.000000
vt 0.073171 1.000000
vt 0.073171 0.000000
vt 0.097561 1.000000
vt 0.097561 0.000000
vt 0.121951 1.000000
vt 0.121951 0.000000
vt 0.146341 1.000000
vt 0.146341 0.000000
vt 0.170732 1.000000
vt 0.170732 0.000000
vt 0.195122 1.000000
vt 0.195122 0.000000
vt 0.219512 1.000000
vt 0.219512 0.000000
vt 0.243902 1.000000
vt 0.243902 0.000000
vt 0.320513 1.000000
vt 0.371795 1.000000
vt 0.371795 0.000000
vt 0.320513 0.000000
vt 0.970149 1.000000
vt 0.970149 0.000000
vt 0.658537 1.000000
vt 0.682927 1.000000
vt 0.682927 0.000000
vt 0.707317 1.000000
vt 0.707317 0.000000
vt 0.731707 1.000000
vt 0.731707 0.000000
vt 0.756098 1.000000
vt 0.756098 0.000000
vt 0.780488 1.000000
vt 0.780488 0.000000
vt 0.068627 1.000000
vt 0.068627 0.000000
vt 0.029412 0.000000
vt 0.029412 1.000000
vt 0.024793 0.000000
vt 0.041322 0.000000
vt 0.057851 0.000000
vt 0.074380 0.000000
vt 0.099174 0.000000
vt 0.107438 0.000000
vt 0.115702 0.000000
vt 0.123967 0.000000
vt 0.132231 0.000000
vt 0.140496 0.000000
vt 0.148760 0.000000
vt 0.157025 0.000000
vt 0.165289 0.000000
vt 0.173554 0.000000
vt 0.190083 0.000000
vt 0.198347 0.000000
vt 0.206612 0.000000
vt 0.214876 0.000000
vt 0.247934 0.000000
vt 0.256198 0.000000
vt 0.264463 0.000000
vt 0.280992 0.000000
vt 0.289256 0.000000
vt 0.297521 0.000000
vt 0.305785 0.000000
vt 0.314050 0.000000
vt 0.322314 0.000000
vt 0.330579 0.000000
vt 0.338843 0.000000
vt 0.347107 0.000000
vt 0.355372 0.000000
vt 0.371901 0.000000
vt 0.380165 0.000000
vt 0.388430 0.000000
vt 0.404959 0.000000
vt 0.421488 0.000000
vt 0.438017 0.000000
vt 0.471074 0.000000
vt 0.487603 0.000000
vt 0.495868 0.000000
vt 0.512397 0.000000
vt 0.528926 0.000000
vt 0.561983 0.000000
vt 0.578512 0.000000
vt 0.595041 0.000000
vt 0.603306 0.000000
vt 0.611570 0.000000
vt 0.619835 0.000000
vt 0.628099 0.000000
vt 0.644628 0.000000
vt 0.652893 0.000000
vt 0.661157 0.000000
vt 0.669421 0.000000
vt 0.677686 0.000000
vt 0.685950 0.000000
vt 0.694215 0.000000
vt 0.702479 0.000000
vt 0.710744 0.000000
vt 0.719008 0.000000
vt 0.760331 0.000000
vt 0.768595 0.000000
vt 0.776860 0.000000
vt 0.785124 0.000000
vt 0.793388 0.000000
vt 0.801653 0.000000
vt 0.809917 0.000000
vt 0.826446 0.000000
vt 0.834711 0.000000
vt 0.842975 0.000000
vt 0.851240 0.000000
vt 0.859504 0.000000
vt 0.867769 0.000000
vt 0.876033 0.000000
vt 0.884298 0.000000
vt 0.892562 0.000000
vt 0.925620 0.000000
vt 0.942149 0.000000
vt 0.958678 0.000000
vt 0.975207 0.000000
vt 0.991736 0.000000
vt 0.008264 0.000000
vt 0.090909 1.000000
vt 0.181818 1.000000
vt 0.272727 1.000000
vt 0.363636 1.000000
vt 0.454545 1.000000
vt 0.545455 1.000000
vt 0.636364 1.000000
vt 0.727273 1.000000
vt 0.818182 1.000000
vt 0.909091 1.000000
vt 0.066667 1.000000
vt 0.066667 0.000000
vt 0.133333 1.000000
vt 0.133333 0.000000
vt 0.266667 1.000000
vt 0.466667 1.000000
vt 0.466667 0.000000
vt 0.533333 1.000000
vt 0.733333 1.000000
vt 0.866667 1.000000
vt 0.933333 1.000000
vt 0.094737 0.000000
vt 0.642105 0.000000
vt 0.652632 0.000000
vt 0.663158 0.000000
vt 0.673684 0.000000
vt 0.684211 0.000000
vt 0.694737 0.000000
vt 0.705263 0.000000
vt 0.715789 0.000000
vt 0.726316 0.000000
vt 0.736842 0.000000
vt 0.747368 0.000000
vt 0.431579 0.000000
vt 0.442105 0.000000
vt 0.452632 0.000000
vt 0.463158 0.000000
vt 0.473684 0.000000
vt 0.484211 0.000000
vt 0.494737 0.000000
vt 0.010526 0.000000
vt 0.021053 0.000000
vt 0.031579 0.000000
vt 0.042105 0.000000
vt 0.063158 0.000000
vt 0.073684 0.000000
vt 0.084211 0.000000
vt 0.009524 0.000000
vt 0.019048 0.000000
vt 0.028571 0.000000
vt 0.038095 0.000000
vt 0.047619 0.000000
vt 0.057143 0.000000
vt 0.076190 0.000000
vt 0.085714 0.000000
vt 0.095238 0.000000
vt 0.104762 0.000000
vt 0.114286 0.000000
vt 0.123810 0.000000
vt 0.152381 0.000000
vt 0.161905 0.000000
vt 0.171429 0.000000
vt 0.561905 0.000000
vt 0.580952 0.000000
vt 0.590476 0.000000
vt 0.609524 0.000000
vt 0.619048 0.000000
vt 0.628571 0.000000
vt 0.638095 0.000000
vt 0.647619 0.000000
vt 0.657143 0.000000
vt 0.676190 0.000000
vt 0.685714 0.000000
vt 0.695238 0.000000
vt 0.704762 0.000000
vt 0.485714 0.000000
vt 0.020833 1.000000
vt 0.020833 0.000000
vt 0.041667 1.000000
vt 0.041667 0.000000
vt 0.062500 1.000000
vt 0.062500 0.000000
vt 0.104167 1.000000
vt 0.104167 0.000000
vt 0.145833 1.000000
vt 0.145833 0.000000
vt 0.187500 1.000000
vt 0.187500 0.000000
vt 0.208333 1.000000
vt 0.208333 0.000000
vt 0.229167 1.000000
vt 0.229167 0.000000
vt 0.270833 1.000000
vt 0.270833 0.000000
vt 0.291667 1.000000
vt 0.291667 0.000000
vt 0.312500 1.000000
vt 0.312500 0.000000
vt 0.354167 1.000000
vt 0.354167 0.000000
vt 0.395833 1.000000
vt 0.395833 0.000000
vt 0.437500 1.000000
vt 0.437500 0.000000
vt 0.458333 1.000000
vt 0.458333 0.000000
vt 0.479167 1.000000
vt 0.479167 0.000000
vt 0.520833 1.000000
vt 0.520833 0.000000
vt 0.541667 1.000000
vt 0.541667 0.000000
vt 0.562500 1.000000
vt 0.562500 0.000000
vt 0.604167 1.000000
vt 0.604167 0.000000
vt 0.645833 1.000000
vt 0.645833 0.000000
vt 0.687500 1.000000
vt 0.687500 0.000000
vt 0.708333 1.000000
vt 0.708333 0.000000
vt 0.729167 1.000000
vt 0.729167 0.000000
vt 0.770833 1.000000
vt 0.770833 0.000000
vt 0.791667 1.000000
vt 0.791667 0.000000
vt 0.812500 1.000000
vt 0.812500 0.000000
vt 0.854167 1.000000
vt 0.854167 0.000000
vt 0.895833 1.000000
vt 0.895833 0.000000
vt 0.937500 1.000000
vt 0.937500 0.000000
vt 0.958333 1.000000
vt 0.958333 0.000000
vt 0.979167 1.000000
vt 0.979167 0.000000
vt 0.931035 1.000000
vt 0.931035 0.000000
vt 0.436364 0.000000
vt 0.690909 0.000000
vt 0.709091 0.000000
vt 0.745455 0.000000
vt 0.763636 0.000000
vt 0.781818 0.000000
vt 0.836364 0.000000
vt 0.854545 0.000000
vt 0.872727 0.000000
vt 0.890909 0.000000
vt 0.927273 0.000000
vt 0.945455 0.000000
vt 0.981818 0.000000
vt 0.072727 0.000000
vt 0.109091 0.000000
vt 0.127273 0.000000
vt 0.145455 0.000000
vt 0.163636 0.000000
vt 0.218182 0.000000
vt 0.236364 0.000000
vt 0.034483 1.000000
vt 0.034483 0.000000
vt 0.068966 1.000000
vt 0.068966 0.000000
vt 0.103448 1.000000
vt 0.103448 0.000000
vt 0.137931 1.000000
vt 0.137931 0.000000
vt 0.172414 1.000000
vt 0.172414 0.000000
vt 0.206897 1.000000
vt 0.206897 0.000000
vt 0.241379 1.000000
vt 0.241379 0.000000
vt 0.275862 1.000000
vt 0.275862 0.000000
vt 0.310345 1.000000
vt 0.310345 0.000000
vt 0.344828 1.000000
vt 0.344828 0.000000
vt 0.379310 1.000000
vt 0.379310 0.000000
vt 0.413793 1.000000
vt 0.413793 0.000000
vt 0.448276 1.000000
vt 0.448276 0.000000
vt 0.482759 1.000000
vt 0.482759 0.000000
vt 0.517241 1.000000
vt 0.517241 0.000000
vt 0.551724 1.000000
vt 0.551724 0.000000
vt 0.586207 1.000000
vt 0.586207 0.000000
vt 0.620690 1.000000
vt 0.620690 0.000000
vt 0.655172 1.000000
vt 0.655172 0.000000
vt 0.689655 1.000000
vt 0.689655 0.000000
vt 0.724138 1.000000
vt 0.724138 0.000000
vt 0.862069 1.000000
vt 0.862069 0.000000
vt 0.896552 1.000000
vt 0.896552 0.000000
vt 0.918033 1.000000
vt 0.918033 0.000000
vt 0.938776 1.000000
vt 0.938776 0.000000
vt 0.609756 0.000000
vt 0.593496 0.000000
vt 0.138211 0.000000
vt 0.113821 0.000000
vt 0.289474 1.000000
vt 0.289474 0.000000
vt 0.263158 0.000000
vt 0.263158 1.000000
vt 0.448718 1.000000
vt 0.448718 0.000000
vt 0.601626 0.000000
vt 0.105691 0.000000
vt 0.089431 0.000000
vt 0.897959 1.000000
vt 0.897959 0.000000
vt 0.373984 0.000000
vt 0.382114 0.000000
vt 0.390244 0.000000
vt 0.398374 0.000000
vt 0.406504 0.000000
vt 0.414634 0.000000
vt 0.422764 0.000000
vt 0.430894 0.000000
vt 0.439024 0.000000
vt 0.447154 0.000000
vt 0.455285 0.000000
vt 0.463415 0.000000
vt 0.471545 0.000000
vt 0.479675 0.000000
vt 0.487805 0.000000
vt 0.495935 0.000000
vt 0.504065 0.000000
vt 0.512195 0.000000
vt 0.520325 0.000000
vt 0.788618 0.000000
vt 0.796748 0.000000
vt 0.813008 0.000000
vt 0.821138 0.000000
vt 0.829268 0.000000
vt 0.837398 0.000000
vt 0.845528 0.000000
vt 0.861789 0.000000
vt 0.869919 0.000000
vt 0.878049 0.000000
vt 0.886179 0.000000
vt 0.894309 0.000000
vt 0.902439 0.000000
vt 0.910569 0.000000
vt 0.918699 0.000000
vt 0.934959 0.000000
vt 0.943089 0.000000
vt 0.959350 0.000000
vt 0.325203 0.000000
vt 0.341463 0.000000
vt 0.349593 0.000000
vt 0.357724 0.000000
vt 0.365854 0.000000
vt 0.928571 0.000000
vt 0.071429 0.000000
vt 0.886792 0.000000
vt 0.905660 0.000000
vt 0.924528 0.000000
vt 0.943396 0.000000
vt 0.018868 0.000000
vt 0.037736 0.000000
vt 0.056604 0.000000
vt 0.075472 0.000000
vt 0.094340 0.000000
vt 0.113208 0.000000
vt 0.867925 0.000000
vt 0.039474 1.000000
vt 0.039474 0.000000
vt 0.026316 0.000000
vt 0.026316 1.000000
vt 0.862745 1.000000
vt 0.862745 0.000000
vt 0.171053 1.000000
vt 0.171053 0.000000
vt 0.716418 1.000000
vt 0.776119 1.000000
vt 0.776119 0.000000
vt 0.716418 0.000000
vt 0.373134 1.000000
vt 0.402985 1.000000
vt 0.402985 0.000000
vt 0.373134 0.000000
vt 0.342105 1.000000
vt 0.355263 1.000000
vt 0.355263 0.000000
vt 0.342105 0.000000
vt 0.368421 1.000000
vt 0.368421 0.000000
vt 0.381579 1.000000
vt 0.381579 0.000000
vt 0.394737 1.000000
vt 0.394737 0.000000
vt 0.407895 1.000000
vt 0.407895 0.000000
vt 0.421053 1.000000
vt 0.421053 0.000000
vt 0.434211 1.000000
vt 0.434211 0.000000
vt 0.447368 1.000000
vt 0.447368 0.000000
vt 0.460526 1.000000
vt 0.460526 0.000000
vt 0.473684 1.000000
vt 0.486842 1.000000
vt 0.486842 0.000000
vt 0.513158 1.000000
vt 0.513158 0.000000
vt 0.526316 1.000000
vt 0.526316 0.000000
vt 0.539474 1.000000
vt 0.539474 0.000000
vt 0.552632 1.000000
vt 0.552632 0.000000
vt 0.565789 1.000000
vt 0.565789 0.000000
vt 0.578947 1.000000
vt 0.578947 0.000000
vt 0.592105 1.000000
vt 0.592105 0.000000
vt 0.605263 1.000000
vt 0.605263 0.000000
vt 0.618421 1.000000
vt 0.618421 0.000000
vt 0.631579 1.000000
vt 0.631579 0.000000
vt 0.644737 1.000000
vt 0.644737 0.000000
vt 0.657895 1.000000
vt 0.657895 0.000000
vt 0.671053 1.000000
vt 0.671053 0.000000
vt 0.684211 1.000000
vt 0.697368 1.000000
vt 0.697368 0.000000
vt 0.710526 1.000000
vt 0.710526 0.000000
vt 0.723684 1.000000
vt 0.723684 0.000000
vt 0.736842 1.000000
vt 0.763158 1.000000
vt 0.763158 0.000000
vt 0.776316 1.000000
vt 0.776316 0.000000
vt 0.789474 1.000000
vt 0.789474 0.000000
vt 0.802632 1.000000
vt 0.802632 0.000000
vt 0.815789 1.000000
vt 0.815789 0.000000
vt 0.828947 1.000000
vt 0.828947 0.000000
vt 0.842105 1.000000
vt 0.842105 0.000000
vt 0.855263 1.000000
vt 0.855263 0.000000
vt 0.868421 1.000000
vt 0.868421 0.000000
vt 0.881579 1.000000
vt 0.881579 0.000000
vt 0.894737 1.000000
vt 0.894737 0.000000
vt 0.907895 1.000000
vt 0.907895 0.000000
vt 0.921053 1.000000
vt 0.921053 0.000000
vt 0.934211 1.000000
vt 0.934211 0.000000
vt 0.947368 1.000000
vt 0.947368 0.000000
vt 0.960526 1.000000
vt 0.960526 0.000000
vt 0.973684 1.000000
vt 0.973684 0.000000
vt 0.986842 1.000000
vt 0.986842 0.000000
vt 0.677419 0.000000
vt 0.688172 0.000000
vt 0.698925 0.000000
vt 0.709677 0.000000
vt 0.505376 0.000000
vt 0.516129 0.000000
vt 0.559140 0.000000
vt 0.580645 0.000000
vt 0.591398 0.000000
vt 0.602151 0.000000
vt 0.612903 0.000000
vt 0.623656 0.000000
vt 0.634409 0.000000
vt 0.741935 0.000000
vt 0.752688 0.000000
vt 0.763441 0.000000
vt 0.774194 0.000000
vt 0.784946 0.000000
vt 0.795699 0.000000
vt 0.806452 0.000000
vt 0.817204 0.000000
vt 0.827957 0.000000
vt 0.838710 0.000000
vt 0.849462 0.000000
vt 0.860215 0.000000
vt 0.870968 0.000000
vt 0.881720 0.000000
vt 0.892473 0.000000
vt 0.903226 0.000000
vt 0.913979 0.000000
vt 0.924731 0.000000
vt 0.935484 0.000000
vt 0.946237 0.000000
vt 0.956989 0.000000
vt 0.010753 0.000000
vt 0.021505 0.000000
vt 0.032258 0.000000
vt 0.043011 0.000000
vt 0.053763 0.000000
vt 0.064516 0.000000
vt 0.075269 0.000000
vt 0.086022 0.000000
vt 0.096774 0.000000
vt 0.107527 0.000000
vt 0.118280 0.000000
vt 0.129032 0.000000
vt 0.139785 0.000000
vt 0.150538 0.000000
vt 0.161290 0.000000
vt 0.172043 0.000000
vt 0.182796 0.000000
vt 0.193548 0.000000
vt 0.204301 0.000000
vt 0.215054 0.000000
vt 0.225806 0.000000
vt 0.236559 0.000000
vt 0.247312 0.000000
vt 0.268817 0.000000
vt 0.978495 0.000000
vt 0.014925 1.000000
vt 0.014925 0.000000
vt 0.029851 1.000000
vt 0.029851 0.000000
vt 0.044776 1.000000
vt 0.044776 0.000000
vt 0.059701 1.000000
vt 0.059701 0.000000
vt 0.074627 1.000000
vt 0.074627 0.000000
vt 0.089552 1.000000
vt 0.089552 0.000000
vt 0.104478 1.000000
vt 0.104478 0.000000
vt 0.119403 1.000000
vt 0.119403 0.000000
vt 0.134328 1.000000
vt 0.134328 0.000000
vt 0.149254 1.000000
vt 0.149254 0.000000
vt 0.164179 1.000000
vt 0.164179 0.000000
vt 0.179104 1.000000
vt 0.179104 0.000000
vt 0.194030 1.000000
vt 0.194030 0.000000
vt 0.208955 1.000000
vt 0.208955 0.000000
vt 0.223881 1.000000
vt 0.223881 0.000000
vt 0.238806 1.000000
vt 0.238806 0.000000
vt 0.253731 1.000000
vt 0.253731 0.000000
vt 0.268657 1.000000
vt 0.268657 0.000000
vt 0.283582 1.000000
vt 0.283582 0.000000
vt 0.298507 1.000000
vt 0.298507 0.000000
vt 0.313433 1.000000
vt 0.313433 0.000000
vt 0.328358 1.000000
vt 0.328358 0.000000
vt 0.343284 1.000000
vt 0.343284 0.000000
vt 0.701493 1.000000
vt 0.701493 0.000000
vt 0.805970 1.000000
vt 0.820895 1.000000
vt 0.820895 0.000000
vt 0.805970 0.000000
vt 0.835821 1.000000
vt 0.835821 0.000000
vt 0.850746 1.000000
vt 0.850746 0.000000
vt 0.865672 1.000000
vt 0.865672 0.000000
vt 0.880597 1.000000
vt 0.880597 0.000000
vt 0.895522 1.000000
vt 0.895522 0.000000
vt 0.925373 1.000000
vt 0.940298 1.000000
vt 0.940298 0.000000
vt 0.925373 0.000000
vt 0.955224 1.000000
vt 0.955224 0.000000
vt 0.917355 0.000000
vt 0.934426 0.000000
vt 0.934426 1.000000
vt 0.450820 1.000000
vt 0.467213 1.000000
vt 0.467213 0.000000
vt 0.450820 0.000000
vt 0.900826 0.000000
vt 0.418033 1.000000
vt 0.434426 1.000000
vt 0.434426 0.000000
vt 0.418033 0.000000
vt 0.557377 1.000000
vt 0.557377 0.000000
vt 0.073770 1.000000
vt 0.090164 1.000000
vt 0.090164 0.000000
vt 0.073770 0.000000
vt 0.524590 1.000000
vt 0.540984 1.000000
vt 0.540984 0.000000
vt 0.524590 0.000000
vt 0.679487 1.000000
vt 0.705128 1.000000
vt 0.705128 0.000000
vt 0.679487 0.000000
vt 0.057377 1.000000
vt 0.057377 0.000000
vt 0.991803 1.000000
vt 0.991803 0.000000
vt 0.713115 1.000000
vt 0.754098 1.000000
vt 0.754098 0.000000
vt 0.713115 0.000000
vt 0.483607 1.000000
vt 0.483607 0.000000
vt 0.987013 0.000000
vt 0.012987 0.000000
vt 0.025974 0.000000
vt 0.038961 0.000000
vt 0.051948 0.000000
vt 0.064935 0.000000
vt 0.077922 0.000000
vt 0.103896 0.000000
vt 0.116883 0.000000
vt 0.129870 0.000000
vt 0.155844 0.000000
vt 0.168831 0.000000
vt 0.194805 0.000000
vt 0.207792 0.000000
vt 0.220779 0.000000
vt 0.233766 0.000000
vt 0.246753 0.000000
vt 0.259740 0.000000
vt 0.311688 0.000000
vt 0.324675 0.000000
vt 0.376623 0.000000
vt 0.402597 0.000000
vt 0.441558 0.000000
vt 0.480519 0.000000
vt 0.506494 0.000000
vt 0.532468 0.000000
vt 0.558442 0.000000
vt 0.584416 0.000000
vt 0.610390 0.000000
vt 0.662338 0.000000
vt 0.688312 0.000000
vt 0.740260 0.000000
vt 0.766234 0.000000
vt 0.792208 0.000000
vt 0.805195 0.000000
vt 0.831169 0.000000
vt 0.844156 0.000000
vt 0.870130 0.000000
vt 0.896104 0.000000
vt 0.922078 0.000000
vt 0.974026 0.000000
vt 0.602564 1.000000
vt 0.628205 1.000000
vt 0.628205 0.000000
vt 0.602564 0.000000
vt 0.491803 1.000000
vt 0.508197 1.000000
vt 0.508197 0.000000
vt 0.491803 0.000000
vt 0.098361 1.000000
vt 0.098361 0.000000
vt 0.106557 1.000000
vt 0.106557 0.000000
vt 0.114754 1.000000
vt 0.114754 0.000000
vt 0.122951 1.000000
vt 0.122951 0.000000
vt 0.131148 1.000000
vt 0.131148 0.000000
vt 0.139344 1.000000
vt 0.139344 0.000000
vt 0.147541 1.000000
vt 0.147541 0.000000
vt 0.155738 1.000000
vt 0.155738 0.000000
vt 0.163934 1.000000
vt 0.163934 0.000000
vt 0.172131 1.000000
vt 0.172131 0.000000
vt 0.180328 1.000000
vt 0.180328 0.000000
vt 0.188525 1.000000
vt 0.188525 0.000000
vt 0.196721 1.000000
vt 0.196721 0.000000
vt 0.204918 1.000000
vt 0.204918 0.000000
vt 0.254098 1.000000
vt 0.254098 0.000000
vt 0.262295 1.000000
vt 0.262295 0.000000
vt 0.270492 1.000000
vt 0.270492 0.000000
vt 0.278689 1.000000
vt 0.278689 0.000000
vt 0.286885 1.000000
vt 0.286885 0.000000
vt 0.295082 1.000000
vt 0.295082 0.000000
vt 0.303279 1.000000
vt 0.303279 0.000000
vt 0.311475 1.000000
vt 0.311475 0.000000
vt 0.319672 1.000000
vt 0.319672 0.000000
vt 0.327869 1.000000
vt 0.327869 0.000000
vt 0.336066 1.000000
vt 0.336066 0.000000
vt 0.344262 1.000000
vt 0.344262 0.000000
vt 0.352459 1.000000
vt 0.352459 0.000000
vt 0.360656 1.000000
vt 0.360656 0.000000
vt 0.368852 1.000000
vt 0.368852 0.000000
vt 0.377049 1.000000
vt 0.377049 0.000000
vt 0.236842 1.000000
vt 0.236842 0.000000
vt 0.598361 1.000000
vt 0.598361 0.000000
vt 0.606557 1.000000
vt 0.606557 0.000000
vt 0.614754 1.000000
vt 0.614754 0.000000
vt 0.622951 1.000000
vt 0.622951 0.000000
vt 0.631148 1.000000
vt 0.631148 0.000000
vt 0.639344 1.000000
vt 0.639344 0.000000
vt 0.647541 1.000000
vt 0.647541 0.000000
vt 0.655738 1.000000
vt 0.655738 0.000000
vt 0.663934 1.000000
vt 0.663934 0.000000
vt 0.672131 1.000000
vt 0.672131 0.000000
vt 0.680328 1.000000
vt 0.680328 0.000000
vt 0.688525 1.000000
vt 0.688525 0.000000
vt 0.696721 1.000000
vt 0.696721 0.000000
vt 0.704918 1.000000
vt 0.704918 0.000000
vt 0.762295 1.000000
vt 0.762295 0.000000
vt 0.770492 1.000000
vt 0.770492 0.000000
vt 0.778689 1.000000
vt 0.778689 0.000000
vt 0.786885 1.000000
vt 0.786885 0.000000
vt 0.795082 1.000000
vt 0.795082 0.000000
vt 0.803279 1.000000
vt 0.803279 0.000000
vt 0.811475 1.000000
vt 0.811475 0.000000
vt 0.819672 1.000000
vt 0.819672 0.000000
vt 0.827869 1.000000
vt 0.827869 0.000000
vt 0.836066 1.000000
vt 0.836066 0.000000
vt 0.844262 1.000000
vt 0.844262 0.000000
vt 0.852459 1.000000
vt 0.852459 0.000000
vt 0.860656 1.000000
vt 0.860656 0.000000
vt 0.868852 1.000000
vt 0.868852 0.000000
vt 0.877049 1.000000
vt 0.877049 0.000000
vt 0.974359 1.000000
vt 0.974359 0.000000
vt 0.071429 1.000000
vt 0.049505 0.000000
vt 0.756410 1.000000
vt 0.756410 0.000000
vt 0.282051 1.000000
vt 0.282051 0.000000
vt 0.782051 1.000000
vt 0.782051 0.000000
vt 0.910256 1.000000
vt 0.910256 0.000000
vt 0.012821 1.000000
vt 0.012821 0.000000
vt 0.025641 1.000000
vt 0.025641 0.000000
vt 0.051282 1.000000
vt 0.051282 0.000000
vt 0.064103 1.000000
vt 0.064103 0.000000
vt 0.089744 1.000000
vt 0.089744 0.000000
vt 0.102564 1.000000
vt 0.102564 0.000000
vt 0.128205 1.000000
vt 0.128205 0.000000
vt 0.141026 1.000000
vt 0.141026 0.000000
vt 0.179487 1.000000
vt 0.179487 0.000000
vt 0.205128 1.000000
vt 0.205128 0.000000
vt 0.217949 1.000000
vt 0.217949 0.000000
vt 0.243590 1.000000
vt 0.243590 0.000000
vt 0.256410 1.000000
vt 0.256410 0.000000
vt 0.435897 1.000000
vt 0.435897 0.000000
vt 0.794872 1.000000
vt 0.794872 0.000000
vt 0.820513 1.000000
vt 0.820513 0.000000
vt 0.957895 0.000000
vt 0.968421 0.000000
vt 0.978947 0.000000
vt 0.989474 0.000000
vt 0.294737 0.000000
vt 0.305263 0.000000
vt 0.315789 0.000000
vt 0.326316 0.000000
vt 0.336842 0.000000
vt 0.347368 0.000000
vt 0.357895 0.000000
vt 0.378947 0.000000
vt 0.389474 0.000000
vt 0.410526 0.000000
vt 0.115789 0.000000
vt 0.126316 0.000000
vt 0.136842 0.000000
vt 0.147368 0.000000
vt 0.168421 0.000000
vt 0.178947 0.000000
vt 0.189474 0.000000
vt 0.505263 0.000000
vt 0.515789 0.000000
vt 0.536842 0.000000
vt 0.547368 0.000000
vt 0.557895 0.000000
vt 0.568421 0.000000
vt 0.589474 0.000000
vt 0.610526 0.000000
vt 0.621053 0.000000
vt 0.757895 0.000000
vt 0.768421 0.000000
vt 0.778947 0.000000
vt 0.810526 0.000000
vt 0.821053 0.000000
vt 0.831579 0.000000
vt 0.852632 0.000000
vt 0.863158 0.000000
vt 0.873684 0.000000
vt 0.884211 0.000000
vt 0.905263 0.000000
vt 0.915789 0.000000
vt 0.926316 0.000000
vt 0.936842 0.000000
vt 0.234043 0.000000
vt 0.212766 0.000000
vt 0.191489 0.000000
vt 0.170213 0.000000
vt 0.148936 0.000000
vt 0.127660 0.000000
vt 0.106383 0.000000
vt 0.085106 0.000000
vt 0.063830 0.000000
vt 0.042553 0.000000
vt 0.021277 0.000000
vt 0.978723 0.000000
vt 0.957447 0.000000
vt 0.936170 0.000000
vt 0.914894 0.000000
vt 0.893617 0.000000
vt 0.872340 0.000000
vt 0.851064 0.000000
vt 0.829787 0.000000
vt 0.808511 0.000000
vt 0.787234 0.000000
vt 0.765957 0.000000
vt 0.744681 0.000000
vt 0.723404 0.000000
vt 0.702128 0.000000
vt 0.680851 0.000000
vt 0.659574 0.000000
vt 0.638298 0.000000
vt 0.617021 0.000000
vt 0.595745 0.000000
vt 0.574468 0.000000
vt 0.553191 0.000000
vt 0.531915 0.000000
vt 0.510638 0.000000
vt 0.489362 0.000000
vt 0.468085 0.000000
vt 0.446809 0.000000
vt 0.425532 0.000000
vt 0.404255 0.000000
vt 0.382979 0.000000
vt 0.361702 0.000000
vt 0.340426 0.000000
vt 0.319149 0.000000
vt 0.297872 0.000000
vt 0.276596 0.000000
vt 0.255319 0.000000
vt 0.239669 0.000000
vt 0.231405 0.000000
vt 0.223140 0.000000
vt 0.018182 0.000000
vt 0.036364 0.000000
vt 0.054545 0.000000
vt 0.563636 0.000000
vt 0.581818 0.000000
vt 0.618182 0.000000
vt 0.654545 0.000000
vt 0.672727 0.000000
vt 0.254545 0.000000
vt 0.290909 0.000000
vt 0.309091 0.000000
vt 0.327273 0.000000
vt 0.345455 0.000000
vt 0.381818 0.000000
vt 0.472727 0.000000
vt 0.490909 0.000000
vt 0.221053 0.000000
vt 0.231579 0.000000
vt 0.242105 0.000000
vt 0.252632 0.000000
vt 0.273684 0.000000
vt 0.284211 0.000000
vt 0.888889 1.000000
vt 0.432836 1.000000
vt 0.432836 0.000000
vt 0.032520 0.000000
vt 0.577236 0.000000
vt 0.569106 0.000000
vt 0.552846 0.000000
vt 0.544715 0.000000
vt 0.536585 0.000000
vt 0.528455 0.000000
vt 0.317073 0.000000
vt 0.308943 0.000000
vt 0.300813 0.000000
vt 0.292683 0.000000
vt 0.284553 0.000000
vt 0.276423 0.000000
vt 0.650406 0.000000
vt 0.642276 0.000000
vt 0.626016 0.000000
vt 0.617886 0.000000
vt 0.991870 0.000000
vt 0.983740 0.000000
vt 0.975610 0.000000
vt 0.967480 0.000000
vt 0.772358 0.000000
vt 0.764228 0.000000
vt 0.747967 0.000000
vt 0.739837 0.000000
vt 0.723577 0.000000
vt 0.715447 0.000000
vt 0.699187 0.000000
vt 0.691057 0.000000
vt 0.674797 0.000000
vt 0.252033 0.000000
vt 0.235772 0.000000
vt 0.227642 0.000000
vt 0.211382 0.000000
vt 0.203252 0.000000
vt 0.186992 0.000000
vt 0.178862 0.000000
vt 0.162602 0.000000
vt 0.081301 0.000000
vt 0.065041 0.000000
vt 0.845361 0.000000
vt 0.907216 0.000000
vt 0.948454 0.000000
vt 0.989691 0.000000
vt 0.030928 0.000000
vt 0.051546 0.000000
vt 0.072165 0.000000
vt 0.092784 0.000000
vt 0.113402 0.000000
vt 0.123711 0.000000
vt 0.134021 0.000000
vt 0.144330 0.000000
vt 0.154639 0.000000
vt 0.164948 0.000000
vt 0.175258 0.000000
vt 0.185567 0.000000
vt 0.195876 0.000000
vt 0.206186 0.000000
vt 0.216495 0.000000
vt 0.226804 0.000000
vt 0.237113 0.000000
vt 0.247423 0.000000
vt 0.257732 0.000000
vt 0.268041 0.000000
vt 0.278351 0.000000
vt 0.288660 0.000000
vt 0.298969 0.000000
vt 0.309278 0.000000
vt 0.319588 0.000000
vt 0.329897 0.000000
vt 0.340206 0.000000
vt 0.350515 0.000000
vt 0.360825 0.000000
vt 0.381443 0.000000
vt 0.402062 0.000000
vt 0.422680 0.000000
vt 0.443299 0.000000
vt 0.484536 0.000000
vt 0.494845 0.000000
vt 0.536082 0.000000
vt 0.556701 0.000000
vt 0.577320 0.000000
vt 0.639175 0.000000
vt 0.649485 0.000000
vt 0.659794 0.000000
vt 0.670103 0.000000
vt 0.680412 0.000000
vt 0.690722 0.000000
vt 0.701031 0.000000
vt 0.711340 0.000000
vt 0.721649 0.000000
vt 0.731959 0.000000
vt 0.742268 0.000000
vt 0.752577 0.000000
vt 0.762887 0.000000
vt 0.773196 0.000000
vt 0.783505 0.000000
vt 0.793814 0.000000
vt 0.804124 0.000000
vt 0.814433 0.000000
vt 0.824742 0.000000
vt 0.835052 0.000000
vt 0.130081 0.000000
vt 0.971429 0.000000
vt 0.927835 0.000000
vt 0.567010 0.000000
vt 0.548589 0.000000
vt 0.539185 0.000000
vt 0.536050 0.000000
vt 0.529781 0.000000
vt 0.523511 0.000000
vt 0.520376 0.000000
vt 0.514107 0.000000
vt 0.510972 0.000000
vt 0.507837 0.000000
vt 0.504702 0.000000
vt 0.501567 0.000000
vt 0.492163 0.000000
vt 0.435737 0.000000
vt 0.423197 0.000000
vt 0.796238 0.000000
vt 0.783699 0.000000
vt 0.777429 0.000000
vt 0.768025 0.000000
vt 0.702194 0.000000
vt 0.695925 0.000000
vt 0.692790 0.000000
vt 0.652038 0.000000
vt 0.690476 0.000000
vt 0.824451 0.000000
vt 0.811912 0.000000
vt 0.808777 0.000000
vt 0.978056 0.000000
vt 0.971787 0.000000
vt 0.968652 0.000000
vt 0.965517 0.000000
vt 0.962382 0.000000
vt 0.956113 0.000000
vt 0.943574 0.000000
vt 0.905956 0.000000
vt 0.893417 0.000000
vt 0.880878 0.000000
vt 0.871473 0.000000
vt 0.858934 0.000000
vt 0.846395 0.000000
vt 0.836991 0.000000
vt 0.805243 0.000000
vt 0.812734 0.000000
vt 0.842697 0.000000
vt 0.853933 0.000000
vt 0.857678 0.000000
vt 0.861423 0.000000
vt 0.865169 0.000000
vt 0.868914 0.000000
vt 0.910112 0.000000
vt 0.917603 0.000000
vt 0.925094 0.000000
vt 0.932584 0.000000
vt 0.947566 0.000000
vt 0.962547 0.000000
vt 0.977528 0.000000
vt 0.992509 0.000000
vt 0.636704 0.000000
vt 0.681648 0.000000
vt 0.711610 0.000000
vt 0.741573 0.000000
vt 0.756554 0.000000
vt 0.771536 0.000000
vt 0.779026 0.000000
vt 0.786517 0.000000
vt 0.794007 0.000000
vt 0.797753 0.000000
vt 0.040752 0.000000
vt 0.028213 0.000000
vt 0.015674 0.000000
vt 0.003135 0.000000
vt 0.410658 0.000000
vt 0.398119 0.000000
vt 0.385580 0.000000
vt 0.369906 0.000000
vt 0.357367 0.000000
vt 0.332288 0.000000
vt 0.319749 0.000000
vt 0.304075 0.000000
vt 0.297806 0.000000
vt 0.285266 0.000000
vt 0.260188 0.000000
vt 0.247649 0.000000
vt 0.235110 0.000000
vt 0.222571 0.000000
vt 0.213166 0.000000
vt 0.200627 0.000000
vt 0.188088 0.000000
vt 0.178683 0.000000
vt 0.163009 0.000000
vt 0.156740 0.000000
vt 0.144201 0.000000
vt 0.131661 0.000000
vt 0.122257 0.000000
vt 0.115987 0.000000
vt 0.023810 0.000000
vt 0.355140 0.000000
vt 0.607477 0.000000
vt 0.598131 0.000000
vt 0.485981 0.000000
vt 0.476636 0.000000
vt 0.467290 0.000000
vt 0.457944 0.000000
vt 0.439252 0.000000
vt 0.788136 0.000000
vt 0.779661 0.000000
vt 0.677966 0.000000
vt 0.669492 0.000000
vt 0.392857 1.000000
vt 0.392857 0.000000
vt 0.464419 0.000000
vt 0.367041 0.000000
vt 0.359551 0.000000
vt 0.344569 0.000000
vt 0.329588 0.000000
vt 0.318352 0.000000
vt 0.310861 0.000000
vt 0.303371 0.000000
vt 0.295880 0.000000
vt 0.288390 0.000000
vt 0.280899 0.000000
vt 0.262172 0.000000
vt 0.247191 0.000000
vt 0.232210 0.000000
vt 0.217228 0.000000
vt 0.187266 0.000000
vt 0.153558 0.000000
vt 0.146067 0.000000
vt 0.142322 0.000000
vt 0.138577 0.000000
vt 0.134831 0.000000
vt 0.131086 0.000000
vt 0.127341 0.000000
vt 0.116105 0.000000
vt 0.048689 0.000000
vt 0.022472 0.000000
vt 0.617977 0.000000
vt 0.602996 0.000000
vt 0.591760 0.000000
vt 0.576779 0.000000
vt 0.569288 0.000000
vt 0.554307 0.000000
vt 0.539326 0.000000
vt 0.524345 0.000000
vt 0.516854 0.000000
vt 0.505618 0.000000
vt 0.494382 0.000000
vt 0.479401 0.000000
vt 0.987179 0.000000
vt 0.852941 0.000000
vt 0.843137 0.000000
vt 0.339367 0.000000
vt 0.334842 0.000000
vt 0.330317 0.000000
vt 0.312217 0.000000
vt 0.285068 0.000000
vt 0.266968 0.000000
vt 0.257919 0.000000
vt 0.244344 0.000000
vt 0.217195 0.000000
vt 0.199095 0.000000
vt 0.162896 0.000000
vt 0.140271 0.000000
vt 0.122172 0.000000
vt 0.085973 0.000000
vt 0.054299 0.000000
vt 0.036199 0.000000
vt 0.651584 0.000000
vt 0.633484 0.000000
vt 0.606335 0.000000
vt 0.597285 0.000000
vt 0.579186 0.000000
vt 0.570136 0.000000
vt 0.561086 0.000000
vt 0.542986 0.000000
vt 0.488688 0.000000
vt 0.457014 0.000000
vt 0.438914 0.000000
vt 0.429864 0.000000
vt 0.420814 0.000000
vt 0.411765 0.000000
vt 0.402715 0.000000
vt 0.393665 0.000000
vt 0.375566 0.000000
vt 0.366516 0.000000
vt 0.357466 0.000000
vt 0.918552 0.000000
vt 0.891403 0.000000
vt 0.877828 0.000000
vt 0.868778 0.000000
vt 0.859729 0.000000
vt 0.850679 0.000000
vt 0.841629 0.000000
vt 0.814480 0.000000
vt 0.796380 0.000000
vt 0.791855 0.000000
vt 0.787330 0.000000
vt 0.782805 0.000000
vt 0.778281 0.000000
vt 0.728507 0.000000
vt 0.687783 0.000000
vt 0.678733 0.000000
vt 0.674208 0.000000
vt 0.669683 0.000000
vt 0.981900 0.000000
vt 0.433333 0.000000
vt 0.033333 0.000000
vt 0.022222 0.000000
vt 0.044444 0.000000
vt 0.575758 0.000000
vt 0.515152 0.000000
vt 0.484848 0.000000
vt 0.121212 0.000000
vt 0.060606 0.000000
vt 0.030303 0.000000
vt 0.422222 0.000000
vt 0.377778 0.000000
vt 0.755556 0.000000
vt 0.711111 0.000000
vt 0.487179 0.000000
vt 0.512821 0.000000
vt 0.762963 0.000000
vt 0.748148 0.000000
vt 0.725926 0.000000
vt 0.644444 0.000000
vt 0.640741 0.000000
vt 0.959259 0.000000
vt 0.955556 0.000000
vt 0.951852 0.000000
vt 0.948148 0.000000
vt 0.940741 0.000000
vt 0.929630 0.000000
vt 0.892593 0.000000
vt 0.844444 0.000000
vt 0.785185 0.000000
vt 0.770370 0.000000
vt 0.096296 0.000000
vt 0.092593 0.000000
vt 0.040741 0.000000
vt 0.025926 0.000000
vt 0.018519 0.000000
vt 0.003704 0.000000
vt 0.585185 0.000000
vt 0.544444 0.000000
vt 0.529630 0.000000
vt 0.503704 0.000000
vt 0.496296 0.000000
vt 0.488889 0.000000
vt 0.470370 0.000000
vt 0.462963 0.000000
vt 0.455556 0.000000
vt 0.448148 0.000000
vt 0.437037 0.000000
vt 0.429630 0.000000
vt 0.414815 0.000000
vt 0.385185 0.000000
vt 0.359259 0.000000
vt 0.337037 0.000000
vt 0.303704 0.000000
vt 0.288889 0.000000
vt 0.270370 0.000000
vt 0.255556 0.000000
vt 0.218519 0.000000
vt 0.159259 0.000000
vt 0.155556 0.000000
vt 0.151852 0.000000
vt 0.144444 0.000000
vt 0.140741 0.000000
vt 0.008475 0.000000
vt 0.466102 0.000000
vt 0.152542 0.000000
vt 0.144068 0.000000
vt 0.135593 0.000000
vt 0.127119 0.000000
vt 0.118644 0.000000
vt 0.025424 0.000000
vt 0.016949 0.000000
vt 0.536913 0.000000
vt 0.510067 0.000000
vt 0.422819 0.000000
vt 0.087248 0.000000
vt 0.644295 0.000000
vt 0.617450 0.000000
vt 0.604027 0.000000
vt 0.597315 0.000000
vt 0.590604 0.000000
vt 0.583893 0.000000
vt 0.577181 0.000000
vt 0.570470 0.000000
vt 0.563758 0.000000
vt 0.550336 0.000000
vt 0.939394 0.000000
vt 0.969697 0.000000
vt 0.114035 0.000000
vt 0.008772 0.000000
vt 0.912281 0.000000
vt 0.903509 0.000000
vt 0.780702 0.000000
vt 0.675439 0.000000
vt 0.859813 0.000000
vt 0.850467 0.000000
vt 0.719626 0.000000
vt 0.990654 0.000000
vt 0.227273 0.000000
vt 0.045455 0.000000
vt 0.136364 0.000000
vt 0.415525 0.000000
vt 0.397260 0.000000
vt 0.383562 0.000000
vt 0.374429 0.000000
vt 0.365297 0.000000
vt 0.356164 0.000000
vt 0.347032 0.000000
vt 0.337900 0.000000
vt 0.328767 0.000000
vt 0.310502 0.000000
vt 0.292237 0.000000
vt 0.273973 0.000000
vt 0.264840 0.000000
vt 0.251142 0.000000
vt 0.242009 0.000000
vt 0.232877 0.000000
vt 0.223744 0.000000
vt 0.214612 0.000000
vt 0.205479 0.000000
vt 0.191781 0.000000
vt 0.182648 0.000000
vt 0.173516 0.000000
vt 0.164384 0.000000
vt 0.141553 0.000000
vt 0.123288 0.000000
vt 0.086758 0.000000
vt 0.054795 0.000000
vt 0.981735 0.000000
vt 0.968037 0.000000
vt 0.963470 0.000000
vt 0.958904 0.000000
vt 0.954338 0.000000
vt 0.949772 0.000000
vt 0.945205 0.000000
vt 0.940639 0.000000
vt 0.890411 0.000000
vt 0.835616 0.000000
vt 0.831050 0.000000
vt 0.826484 0.000000
vt 0.771689 0.000000
vt 0.762557 0.000000
vt 0.753425 0.000000
vt 0.735160 0.000000
vt 0.716895 0.000000
vt 0.639269 0.000000
vt 0.602740 0.000000
vt 0.584475 0.000000
vt 0.575342 0.000000
vt 0.561644 0.000000
vt 0.552511 0.000000
vt 0.534247 0.000000
vt 0.525114 0.000000
vt 0.515982 0.000000
vt 0.506849 0.000000
vt 0.488584 0.000000
vt 0.470320 0.000000
vt 0.452055 0.000000
vt 0.394366 0.000000
vt 0.408451 0.000000
vt 0.422535 0.000000
vt 0.577465 0.000000
vt 0.014085 0.000000
vt 0.183099 0.000000
vt 0.197183 0.000000
vt 0.211268 0.000000
vt 0.366197 0.000000
vt 0.380282 0.000000
vt 0.318182 0.000000
vt 0.009804 0.000000
vt 0.480392 0.000000
vt 0.362745 0.000000
vt 0.926175 0.000000
vt 0.919463 0.000000
vt 0.758389 0.000000
vt 0.684564 0.000000
vt 0.677852 0.000000
vt 0.671141 0.000000
vt 0.986577 0.000000
vt 0.985915 0.000000
vt 0.774648 0.000000
vt 0.788732 0.000000
vt 0.483871 1.000000
vt 0.935484 1.000000
vt 0.483871 0.000000
vt 0.336364 1.000000
vt 0.345455 1.000000
vt 0.336364 0.000000
vt 0.425373 1.000000
vt 0.447761 1.000000
vt 0.447761 0.000000
vt 0.425373 0.000000
vt 0.931818 1.000000
vt 0.936364 1.000000
vt 0.936364 0.000000
vt 0.931818 0.000000
vt 0.886364 0.000000
vt 0.886364 1.000000
vt 0.927273 1.000000
vt 0.240909 0.000000
vt 0.240909 1.000000
vt 0.878049 1.000000
vt 0.902439 1.000000
vt 0.747967 1.000000
vt 0.764228 1.000000
vt 0.845528 1.000000
vt 0.464706 1.000000
vt 0.476471 1.000000
vt 0.476471 0.000000
vt 0.464706 0.000000
vt 0.486364 1.000000
vt 0.486364 0.000000
vt 0.468182 0.000000
vt 0.468182 1.000000
vt 0.843284 1.000000
vt 0.843284 0.000000
vt 0.828358 0.000000
vt 0.828358 1.000000
vt 0.661290 1.000000
vt 0.725806 1.000000
vt 0.919355 1.000000
vt 0.951613 1.000000
vt 0.967742 1.000000
vt 0.951613 0.000000
vt 0.919355 0.000000
vt 0.725806 0.000000
vt 0.661290 0.000000
vt 0.917910 1.000000
vt 0.947761 1.000000
vt 0.947761 0.000000
vt 0.917910 0.000000
vt 0.378378 1.000000
vt 0.432432 1.000000
vt 0.432432 0.000000
vt 0.378378 0.000000
vt 0.380952 1.000000
vt 0.323232 1.000000
vt 0.343434 1.000000
vt 0.343434 0.000000
vt 0.323232 0.000000
vt 0.976190 1.000000
vt 0.023810 1.000000
vt 0.976190 0.000000
vt 0.276119 1.000000
vt 0.291045 1.000000
vt 0.291045 0.000000
vt 0.276119 0.000000
vt 0.466216 1.000000
vt 0.493243 1.000000
vt 0.493243 0.000000
vt 0.466216 0.000000
vt 0.940000 1.000000
vt 0.960000 1.000000
vt 0.960000 0.000000
vt 0.940000 0.000000
vt 0.920000 0.000000
vt 0.740000 0.000000
vt 0.740000 1.000000
vt 0.920000 1.000000
vt 0.972727 1.000000
vt 0.977273 1.000000
vt 0.977273 0.000000
vt 0.972727 0.000000
vt 0.968182 0.000000
vt 0.963636 0.000000
vt 0.963636 1.000000
vt 0.968182 1.000000
vt 0.561224 1.000000
vt 0.561224 0.000000
vt 0.540816 0.000000
vt 0.520408 0.000000
vt 0.520408 1.000000
vt 0.540816 1.000000
vt 0.626263 1.000000
vt 0.696970 1.000000
vt 0.696970 0.000000
vt 0.626263 0.000000
vt 0.584416 1.000000
vt 0.597403 1.000000
vt 0.610390 1.000000
vt 0.597403 0.000000
vt 0.519481 0.000000
vt 0.493506 0.000000
vt 0.493506 1.000000
vt 0.506494 1.000000
vt 0.519481 1.000000
vt 0.532468 1.000000
vt 0.558442 1.000000
vt 0.962687 1.000000
vt 0.977612 1.000000
vt 0.977612 0.000000
vt 0.962687 0.000000
vt 0.081081 1.000000
vt 0.121622 1.000000
vt 0.121622 0.000000
vt 0.081081 0.000000
vt 0.441176 1.000000
vt 0.452941 1.000000
vt 0.452941 0.000000
vt 0.441176 0.000000
vt 0.367347 1.000000
vt 0.367347 0.000000
vt 0.284553 1.000000
vt 0.300813 1.000000
vt 0.408163 0.000000
vt 0.408163 1.000000
vt 0.507463 1.000000
vt 0.507463 0.000000
vt 0.492537 0.000000
vt 0.485075 0.000000
vt 0.477612 0.000000
vt 0.477612 1.000000
vt 0.485075 1.000000
vt 0.492537 1.000000
vt 0.559091 1.000000
vt 0.559091 0.000000
vt 0.550000 0.000000
vt 0.550000 1.000000
vt 0.063953 1.000000
vt 0.063953 0.000000
vt 0.052326 0.000000
vt 0.052326 1.000000
vt 0.779070 1.000000
vt 0.790698 1.000000
vt 0.790698 0.000000
vt 0.779070 0.000000
vt 0.358824 1.000000
vt 0.364706 1.000000
vt 0.364706 0.000000
vt 0.358824 0.000000
vt 0.352941 0.000000
vt 0.341176 0.000000
vt 0.341176 1.000000
vt 0.352941 1.000000
vt 0.522727 1.000000
vt 0.522727 0.000000
vt 0.513636 0.000000
vt 0.513636 1.000000
vt 0.576471 1.000000
vt 0.729412 1.000000
vt 0.729412 0.000000
vt 0.576471 0.000000
vt 0.531818 1.000000
vt 0.531818 0.000000
vt 0.439189 1.000000
vt 0.439189 0.000000
vt 0.203252 1.000000
vt 0.211382 1.000000
vt 0.186992 1.000000
vt 0.010101 1.000000
vt 0.010101 0.000000
vt 0.325000 1.000000
vt 0.325000 0.000000
vt 0.025000 1.000000
vt 0.484848 1.000000
vt 0.241935 1.000000
vt 0.241935 0.000000
vt 0.209677 0.000000
vt 0.209677 1.000000
vt 0.070707 1.000000
vt 0.080808 1.000000
vt 0.080808 0.000000
vt 0.070707 0.000000
vt 0.050505 0.000000
vt 0.040404 0.000000
vt 0.020202 0.000000
vt 0.020202 1.000000
vt 0.040404 1.000000
vt 0.050505 1.000000
vt 0.060606 1.000000
vt 0.488235 1.000000
vt 0.488235 0.000000
vt 0.831395 1.000000
vt 0.854651 1.000000
vt 0.854651 0.000000
vt 0.831395 0.000000
vt 0.664179 1.000000
vt 0.679105 1.000000
vt 0.679105 0.000000
vt 0.664179 0.000000
vt 0.649254 0.000000
vt 0.634328 0.000000
vt 0.619403 0.000000
vt 0.619403 1.000000
vt 0.634328 1.000000
vt 0.649254 1.000000
vt 0.822727 1.000000
vt 0.827273 1.000000
vt 0.827273 0.000000
vt 0.822727 0.000000
vt 0.831818 1.000000
vt 0.831818 0.000000
vt 0.527027 1.000000
vt 0.533784 1.000000
vt 0.533784 0.000000
vt 0.527027 0.000000
vt 0.520270 0.000000
vt 0.506757 0.000000
vt 0.506757 1.000000
vt 0.520270 1.000000
vt 0.324324 1.000000
vt 0.351351 1.000000
vt 0.351351 0.000000
vt 0.324324 0.000000
vt 0.547297 1.000000
vt 0.547297 0.000000
vt 0.303030 1.000000
vt 0.303030 0.000000
vt 0.940909 1.000000
vt 0.940909 0.000000
vt 0.945455 1.000000
vt 0.950000 1.000000
vt 0.954545 1.000000
vt 0.954545 0.000000
vt 0.959091 1.000000
vt 0.959091 0.000000
vt 0.161290 1.000000
vt 0.177419 1.000000
vt 0.177419 0.000000
vt 0.145161 0.000000
vt 0.145161 1.000000
vt 0.595238 1.000000
vt 0.619048 1.000000
vt 0.595238 0.000000
vt 0.547619 0.000000
vt 0.547619 1.000000
vt 0.136364 1.000000
vt 0.140909 1.000000
vt 0.140909 0.000000
vt 0.131818 0.000000
vt 0.122727 0.000000
vt 0.122727 1.000000
vt 0.131818 1.000000
vt 0.350000 1.000000
vt 0.350000 0.000000
vt 0.193548 1.000000
vt 0.163636 1.000000
vt 0.172727 1.000000
vt 0.172727 0.000000
vt 0.825581 1.000000
vt 0.825581 0.000000
vt 0.819767 0.000000
vt 0.813953 0.000000
vt 0.813953 1.000000
vt 0.819767 1.000000
vt 0.596774 1.000000
vt 0.612903 1.000000
vt 0.596774 0.000000
vt 0.629032 1.000000
vt 0.629032 0.000000
vt 0.828283 1.000000
vt 0.848485 1.000000
vt 0.848485 0.000000
vt 0.828283 0.000000
vt 0.840000 0.000000
vt 0.760000 0.000000
vt 0.760000 1.000000
vt 0.840000 1.000000
vt 0.983871 1.000000
vt 0.983871 0.000000
vt 0.164557 1.000000
vt 0.177215 1.000000
vt 0.177215 0.000000
vt 0.164557 0.000000
vt 0.151899 0.000000
vt 0.113924 0.000000
vt 0.037975 0.000000
vt 0.037975 1.000000
vt 0.113924 1.000000
vt 0.151899 1.000000
vt 0.720000 1.000000
vt 0.730000 1.000000
vt 0.730000 0.000000
vt 0.720000 0.000000
vt 0.640000 0.000000
vt 0.630000 0.000000
vt 0.630000 1.000000
vt 0.640000 1.000000
vt 0.882353 1.000000
vt 0.882353 0.000000
vt 0.738372 1.000000
vt 0.738372 0.000000
vt 0.726744 0.000000
vt 0.726744 1.000000
vt 0.209302 1.000000
vt 0.215116 1.000000
vt 0.220930 1.000000
vt 0.220930 0.000000
vt 0.215116 0.000000
vt 0.209302 0.000000
vt 0.203488 0.000000
vt 0.151163 0.000000
vt 0.151163 1.000000
vt 0.203488 1.000000
vt 0.652174 1.000000
vt 0.660870 1.000000
vt 0.660870 0.000000
vt 0.652174 0.000000
vt 0.669565 1.000000
vt 0.669565 0.000000
vt 0.206349 1.000000
vt 0.206349 0.000000
vt 0.158730 0.000000
vt 0.158730 1.000000
vt 0.593750 1.000000
vt 0.031250 1.000000
vt 0.031250 0.000000
vt 0.593750 0.000000
vt 0.213636 1.000000
vt 0.213636 0.000000
vt 0.204545 0.000000
vt 0.204545 1.000000
vt 0.886957 1.000000
vt 0.895652 1.000000
vt 0.895652 0.000000
vt 0.886957 0.000000
vt 0.904348 1.000000
vt 0.904348 0.000000
vt 0.913043 1.000000
vt 0.913043 0.000000
vt 0.020000 1.000000
vt 0.020000 0.000000
vt 0.040000 1.000000
vt 0.040000 0.000000
vt 0.852941 1.000000
vt 0.858824 1.000000
vt 0.864706 1.000000
vt 0.870588 1.000000
vt 0.870588 0.000000
vt 0.864706 0.000000
vt 0.858824 0.000000
vt 0.847059 0.000000
vt 0.847059 1.000000
vt 0.731818 1.000000
vt 0.731818 0.000000
vt 0.722727 0.000000
vt 0.713636 0.000000
vt 0.713636 1.000000
vt 0.722727 1.000000
vt 0.643478 1.000000
vt 0.643478 0.000000
vt 0.634783 0.000000
vt 0.547826 0.000000
vt 0.547826 1.000000
vt 0.634783 1.000000
vt 0.980000 1.000000
vt 0.980000 0.000000
vt 0.770588 1.000000
vt 0.776471 1.000000
vt 0.776471 0.000000
vt 0.770588 0.000000
vt 0.758824 0.000000
vt 0.752941 0.000000
vt 0.752941 1.000000
vt 0.758824 1.000000
vt 0.675325 1.000000
vt 0.831169 1.000000
vt 0.675325 0.000000
vt 0.150943 1.000000
vt 0.188679 1.000000
vt 0.207547 1.000000
vt 0.981132 1.000000
vt 0.170588 1.000000
vt 0.182353 1.000000
vt 0.182353 0.000000
vt 0.170588 0.000000
vt 0.158824 0.000000
vt 0.076471 0.000000
vt 0.076471 1.000000
vt 0.158824 1.000000
vt 0.850000 1.000000
vt 0.850000 0.000000
vt 0.860000 1.000000
vt 0.860000 0.000000
vt 0.870000 1.000000
vt 0.870000 0.000000
vt 0.880000 1.000000
vt 0.880000 0.000000
vt 0.890000 1.000000
vt 0.890000 0.000000
vt 0.536364 1.000000
vt 0.540909 1.000000
vt 0.540909 0.000000
vt 0.536364 0.000000
vt 0.396825 1.000000
vt 0.412698 1.000000
vt 0.412698 0.000000
vt 0.396825 0.000000
vt 0.759091 1.000000
vt 0.759091 0.000000
vt 0.891892 1.000000
vt 0.905405 1.000000
vt 0.905405 0.000000
vt 0.891892 0.000000
vt 0.404040 1.000000
vt 0.404040 0.000000
vt 0.229412 1.000000
vt 0.241176 1.000000
vt 0.241176 0.000000
vt 0.229412 0.000000
vt 0.222973 1.000000
vt 0.229730 1.000000
vt 0.236486 1.000000
vt 0.243243 1.000000
vt 0.243243 0.000000
vt 0.236486 0.000000
vt 0.229730 0.000000
vt 0.222973 0.000000
vt 0.216216 0.000000
vt 0.202703 0.000000
vt 0.202703 1.000000
vt 0.216216 1.000000
vt 0.972973 1.000000
vt 0.986486 1.000000
vt 0.986486 0.000000
vt 0.972973 0.000000
vt 0.959459 0.000000
vt 0.932432 0.000000
vt 0.932432 1.000000
vt 0.959459 1.000000
vt 0.145349 1.000000
vt 0.145349 0.000000
vt 0.130000 1.000000
vt 0.130000 0.000000
vt 0.783784 1.000000
vt 0.810811 1.000000
vt 0.810811 0.000000
vt 0.783784 0.000000
vt 0.756757 0.000000
vt 0.729730 0.000000
vt 0.729730 1.000000
vt 0.756757 1.000000
vt 0.226744 1.000000
vt 0.226744 0.000000
vt 0.232558 1.000000
vt 0.232558 0.000000
vt 0.238372 1.000000
vt 0.238372 0.000000
vt 0.244186 1.000000
vt 0.244186 0.000000
vt 0.054054 1.000000
vt 0.175676 1.000000
vt 0.175676 0.000000
vt 0.054054 0.000000
vt 0.529851 1.000000
vt 0.529851 0.000000
vt 0.564706 1.000000
vt 0.564706 0.000000
vt 0.755814 1.000000
vt 0.767442 1.000000
vt 0.767442 0.000000
vt 0.755814 0.000000
vt 0.585859 1.000000
vt 0.606061 1.000000
vt 0.616162 1.000000
vt 0.616162 0.000000
vt 0.606061 0.000000
vt 0.585859 0.000000
vt 0.565657 0.000000
vt 0.565657 1.000000
vt 0.286957 1.000000
vt 0.313043 1.000000
vt 0.330435 1.000000
vt 0.356522 1.000000
vt 0.373913 1.000000
vt 0.408696 1.000000
vt 0.469565 1.000000
vt 0.504348 1.000000
vt 0.521739 1.000000
vt 0.539130 1.000000
vt 0.539130 0.000000
vt 0.521739 0.000000
vt 0.504348 0.000000
vt 0.469565 0.000000
vt 0.408696 0.000000
vt 0.373913 0.000000
vt 0.356522 0.000000
vt 0.330435 0.000000
vt 0.313043 0.000000
vt 0.286957 0.000000
vt 0.252174 0.000000
vt 0.191304 0.000000
vt 0.156522 0.000000
vt 0.139130 0.000000
vt 0.121739 0.000000
vt 0.113043 0.000000
vt 0.113043 1.000000
vt 0.121739 1.000000
vt 0.139130 1.000000
vt 0.156522 1.000000
vt 0.191304 1.000000
vt 0.252174 1.000000
vt 0.952941 1.000000
vt 0.958824 1.000000
vt 0.958824 0.000000
vt 0.952941 0.000000
vt 0.947059 0.000000
vt 0.947059 1.000000
vt 0.662791 1.000000
vt 0.674419 1.000000
vt 0.674419 0.000000
vt 0.662791 0.000000
vt 0.969388 1.000000
vt 0.969388 0.000000
vt 0.680000 1.000000
vt 0.680000 0.000000
vt 0.660000 0.000000
vt 0.280000 0.000000
vt 0.260000 0.000000
vt 0.260000 1.000000
vt 0.280000 1.000000
vt 0.660000 1.000000
vt 0.095238 1.000000
vt 0.476744 1.000000
vt 0.529070 1.000000
vt 0.529070 0.000000
vt 0.476744 0.000000
vt 0.263636 1.000000
vt 0.263636 0.000000
vt 0.864865 1.000000
vt 0.878378 1.000000
vt 0.878378 0.000000
vt 0.864865 0.000000
vt 0.341463 1.000000
vt 0.349593 1.000000
vt 0.365854 1.000000
vt 0.382114 1.000000
vt 0.398374 1.000000
vt 0.422764 1.000000
vt 0.439024 1.000000
vt 0.471545 1.000000
vt 0.601626 1.000000
vt 0.242424 1.000000
vt 0.282828 1.000000
vt 0.282828 0.000000
vt 0.242424 0.000000
vt 0.007463 1.000000
vt 0.007463 0.000000
vt 0.651163 1.000000
vt 0.651163 0.000000
vt 0.036364 1.000000
vt 0.045455 1.000000
vt 0.050000 1.000000
vt 0.054545 1.000000
vt 0.027273 0.000000
vt 0.009091 0.000000
vt 0.995455 0.000000
vt 0.990909 0.000000
vt 0.986364 0.000000
vt 0.981818 1.000000
vt 0.986364 1.000000
vt 0.990909 1.000000
vt 0.995455 1.000000
vt 0.009091 1.000000
vt 0.018182 1.000000
vt 0.027273 1.000000
vt 0.008696 1.000000
vt 0.008696 0.000000
vt 0.040698 1.000000
vt 0.040698 0.000000
vt 0.504545 1.000000
vt 0.504545 0.000000
vt 0.495455 0.000000
vt 0.490909 1.000000
vt 0.495455 1.000000
vt 0.082090 1.000000
vt 0.097015 1.000000
vt 0.097015 0.000000
vt 0.082090 0.000000
vt 0.067164 0.000000
vt 0.067164 1.000000
vt 0.418919 1.000000
vt 0.425676 1.000000
vt 0.425676 0.000000
vt 0.418919 0.000000
vt 0.412162 0.000000
vt 0.398649 0.000000
vt 0.398649 1.000000
vt 0.412162 1.000000
vt 0.295455 1.000000
vt 0.304545 1.000000
vt 0.309091 1.000000
vt 0.304545 0.000000
vt 0.295455 0.000000
vt 0.290909 1.000000
vt 0.060000 1.000000
vt 0.080000 1.000000
vt 0.120000 1.000000
vt 0.140000 1.000000
vt 0.160000 1.000000
vt 0.180000 1.000000
vt 0.220000 1.000000
vt 0.240000 1.000000
vt 0.240000 0.000000
vt 0.220000 0.000000
vt 0.180000 0.000000
vt 0.160000 0.000000
vt 0.140000 0.000000
vt 0.120000 0.000000
vt 0.080000 0.000000
vt 0.060000 0.000000
vt 0.222727 1.000000
vt 0.222727 0.000000
vt 0.788235 1.000000
vt 0.788235 0.000000
vt 0.782353 0.000000
vt 0.782353 1.000000
vt 0.559702 1.000000
vt 0.589552 1.000000
vt 0.589552 0.000000
vt 0.559702 0.000000
vt 0.959184 1.000000
vt 0.959184 0.000000
vt 0.948980 0.000000
vt 0.928571 1.000000
vt 0.948980 1.000000
vt 0.767677 1.000000
vt 0.787879 1.000000
vt 0.797980 1.000000
vt 0.797980 0.000000
vt 0.787879 0.000000
vt 0.767677 0.000000
vt 0.757576 0.000000
vt 0.737374 0.000000
vt 0.717172 0.000000
vt 0.707071 0.000000
vt 0.707071 1.000000
vt 0.717172 1.000000
vt 0.737374 1.000000
vt 0.757576 1.000000
vt 0.433333 1.000000
vt 0.768182 1.000000
vt 0.768182 0.000000
vt 0.390909 1.000000
vt 0.395455 1.000000
vt 0.395455 0.000000
vt 0.390909 0.000000
vt 0.386364 0.000000
vt 0.381818 1.000000
vt 0.386364 1.000000
vt 0.887755 1.000000
vt 0.887755 0.000000
vt 0.404762 0.000000
vt 0.404762 1.000000
vt 0.966667 1.000000
vt 0.966667 0.000000
vt 0.993243 1.000000
vt 0.993243 0.000000
vt 0.918605 1.000000
vt 0.918605 0.000000
vt 0.858586 1.000000
vt 0.858586 0.000000
vt 0.868687 1.000000
vt 0.868687 0.000000
vt 0.878788 1.000000
vt 0.878788 0.000000
vt 0.631818 1.000000
vt 0.631818 0.000000
vt 0.627273 0.000000
vt 0.622727 0.000000
vt 0.613636 0.000000
vt 0.609091 0.000000
vt 0.609091 1.000000
vt 0.613636 1.000000
vt 0.618182 1.000000
vt 0.622727 1.000000
vt 0.627273 1.000000
vt 0.947674 1.000000
vt 0.953488 1.000000
vt 0.959302 1.000000
vt 0.965116 1.000000
vt 0.970930 1.000000
vt 0.976744 1.000000
vt 0.988372 1.000000
vt 0.005814 1.000000
vt 0.005814 0.000000
vt 0.988372 0.000000
vt 0.976744 0.000000
vt 0.970930 0.000000
vt 0.965116 0.000000
vt 0.959302 0.000000
vt 0.953488 0.000000
vt 0.947674 0.000000
vt 0.941860 0.000000
vt 0.941860 1.000000
vt 0.309524 1.000000
vt 0.309524 0.000000
vt 0.690476 1.000000
vt 0.738095 1.000000
vt 0.738095 0.000000
vt 0.033333 1.000000
vt 0.837838 1.000000
vt 0.851351 1.000000
vt 0.851351 0.000000
vt 0.837838 0.000000
vt 0.119048 1.000000
vt 0.119048 0.000000
vt 0.047619 1.000000
vt 0.566667 1.000000
vt 0.566667 0.000000
vt 0.633333 1.000000
vt 0.633333 0.000000
vt 0.032258 1.000000
vt 0.064516 1.000000
vt 0.419355 1.000000
vt 0.451613 1.000000
vt 0.451613 0.000000
vt 0.419355 0.000000
vt 0.516129 1.000000
vt 0.325203 1.000000
vt 0.308943 1.000000
vt 0.317073 1.000000
vt 0.273256 1.000000
vt 0.284884 1.000000
vt 0.296512 1.000000
vt 0.319767 1.000000
vt 0.331395 1.000000
vt 0.343023 1.000000
vt 0.343023 0.000000
vt 0.331395 0.000000
vt 0.319767 0.000000
vt 0.296512 0.000000
vt 0.284884 0.000000
vt 0.273256 0.000000
vt 0.267442 0.000000
vt 0.261628 0.000000
vt 0.261628 1.000000
vt 0.267442 1.000000
vt 0.459302 1.000000
vt 0.465116 1.000000
vt 0.470930 1.000000
vt 0.470930 0.000000
vt 0.465116 0.000000
vt 0.459302 0.000000
vt 0.453488 0.000000
vt 0.453488 1.000000
vt 0.232323 1.000000
vt 0.232323 0.000000
vt 0.202020 0.000000
vt 0.202020 1.000000
vt 0.410448 1.000000
vt 0.410448 0.000000
vt 0.190909 1.000000
vt 0.190909 0.000000
vt 0.918919 1.000000
vt 0.918919 0.000000
vt 0.824324 0.000000
vt 0.797297 0.000000
vt 0.770270 0.000000
vt 0.743243 0.000000
vt 0.743243 1.000000
vt 0.770270 1.000000
vt 0.797297 1.000000
vt 0.824324 1.000000
vt 0.813636 0.000000
vt 0.813636 1.000000
vt 0.716216 1.000000
vt 0.716216 0.000000
vt 0.689189 0.000000
vt 0.662162 0.000000
vt 0.662162 1.000000
vt 0.689189 1.000000
vt 0.052239 0.000000
vt 0.037313 0.000000
vt 0.037313 1.000000
vt 0.052239 1.000000
vt 0.418605 1.000000
vt 0.424419 1.000000
vt 0.424419 0.000000
vt 0.418605 0.000000
vt 0.412791 0.000000
vt 0.406977 0.000000
vt 0.401163 0.000000
vt 0.401163 1.000000
vt 0.406977 1.000000
vt 0.412791 1.000000
vt 0.023256 1.000000
vt 0.029070 1.000000
vt 0.029070 0.000000
vt 0.023256 0.000000
vt 0.017442 0.000000
vt 0.017442 1.000000
vt 0.385135 1.000000
vt 0.385135 0.000000
vt 0.463636 1.000000
vt 0.463636 0.000000
vt 0.459091 0.000000
vt 0.450000 0.000000
vt 0.450000 1.000000
vt 0.459091 1.000000
vt 0.708955 1.000000
vt 0.723881 1.000000
vt 0.723881 0.000000
vt 0.708955 0.000000
vt 0.655405 1.000000
vt 0.655405 0.000000
vt 0.641892 0.000000
vt 0.641892 1.000000
vt 0.628378 1.000000
vt 0.628378 0.000000
vt 0.540541 1.000000
vt 0.567568 1.000000
vt 0.567568 0.000000
vt 0.540541 0.000000
vt 0.746032 1.000000
vt 0.761905 1.000000
vt 0.746032 0.000000
vt 0.730159 0.000000
vt 0.698413 0.000000
vt 0.698413 1.000000
vt 0.730159 1.000000
vt 0.081633 1.000000
vt 0.081633 0.000000
vt 0.061224 0.000000
vt 0.040816 0.000000
vt 0.020408 0.000000
vt 0.020408 1.000000
vt 0.040816 1.000000
vt 0.061224 1.000000
vt 0.614865 0.000000
vt 0.614865 1.000000
vt 0.574324 1.000000
vt 0.587838 1.000000
vt 0.587838 0.000000
vt 0.574324 0.000000
vt 0.791045 1.000000
vt 0.791045 0.000000
vt 0.546512 1.000000
vt 0.552326 1.000000
vt 0.558140 1.000000
vt 0.563953 1.000000
vt 0.563953 0.000000
vt 0.558140 0.000000
vt 0.552326 0.000000
vt 0.546512 0.000000
vt 0.540698 0.000000
vt 0.534884 0.000000
vt 0.534884 1.000000
vt 0.540698 1.000000
vt 0.162602 1.000000
vt 0.904762 1.000000
vt 0.920635 1.000000
vt 0.952381 1.000000
vt 0.015873 1.000000
vt 0.015873 0.000000
vt 0.920635 0.000000
vt 0.873016 0.000000
vt 0.873016 1.000000
vt 0.233333 1.000000
vt 0.233333 0.000000
vt 0.935294 0.000000
vt 0.929412 0.000000
vt 0.929412 1.000000
vt 0.935294 1.000000
vt 0.102041 0.000000
vt 0.102041 1.000000
vt 0.939189 1.000000
vt 0.945946 1.000000
vt 0.945946 0.000000
vt 0.939189 0.000000
vt 0.925676 0.000000
vt 0.925676 1.000000
vt 0.594595 1.000000
vt 0.621622 1.000000
vt 0.621622 0.000000
vt 0.594595 0.000000
vt 0.290541 1.000000
vt 0.297297 1.000000
vt 0.297297 0.000000
vt 0.290541 0.000000
vt 0.283784 0.000000
vt 0.270270 0.000000
vt 0.256757 0.000000
vt 0.256757 1.000000
vt 0.270270 1.000000
vt 0.283784 1.000000
vt 0.841270 1.000000
vt 0.841270 0.000000
vt 0.013514 1.000000
vt 0.013514 0.000000
vt 0.027027 1.000000
vt 0.027027 0.000000
vt 0.747059 1.000000
vt 0.747059 0.000000
vt 0.741176 0.000000
vt 0.741176 1.000000
vt 0.337838 1.000000
vt 0.337838 0.000000
vt 0.364865 1.000000
vt 0.364865 0.000000
vt 0.793651 1.000000
vt 0.793651 0.000000
vt 0.715116 1.000000
vt 0.715116 0.000000
vt 0.703488 0.000000
vt 0.703488 1.000000
vt 0.601351 1.000000
vt 0.601351 0.000000
vt 0.411765 1.000000
vt 0.286364 1.000000
vt 0.286364 0.000000
vt 0.281818 0.000000
vt 0.281818 1.000000
vt 0.022388 0.000000
vt 0.022388 1.000000
vt 0.894118 1.000000
vt 0.894118 0.000000
vt 0.870130 1.000000
vt 0.883117 1.000000
vt 0.896104 1.000000
vt 0.922078 1.000000
vt 0.948052 1.000000
vt 0.974026 1.000000
vt 0.948052 0.000000
vt 0.883117 0.000000
vt 0.844156 1.000000
vt 0.834783 1.000000
vt 0.852174 1.000000
vt 0.860870 1.000000
vt 0.869565 1.000000
vt 0.878261 1.000000
vt 0.878261 0.000000
vt 0.869565 0.000000
vt 0.860870 0.000000
vt 0.852174 0.000000
vt 0.834783 0.000000
vt 0.782609 0.000000
vt 0.773913 0.000000
vt 0.773913 1.000000
vt 0.782609 1.000000
vt 0.560811 0.000000
vt 0.560811 1.000000
vt 0.086364 1.000000
vt 0.095455 1.000000
vt 0.104545 1.000000
vt 0.113636 1.000000
vt 0.113636 0.000000
vt 0.104545 0.000000
vt 0.095455 0.000000
vt 0.086364 0.000000
vt 0.038961 1.000000
vt 0.064935 1.000000
vt 0.116883 1.000000
vt 0.194805 1.000000
vt 0.220779 1.000000
vt 0.246753 1.000000
vt 0.259740 1.000000
vt 0.298701 1.000000
vt 0.311688 1.000000
vt 0.389610 1.000000
vt 0.402597 1.000000
vt 0.415584 1.000000
vt 0.441558 1.000000
vt 0.467532 1.000000
vt 0.480519 1.000000
vt 0.467532 0.000000
vt 0.415584 0.000000
vt 0.389610 0.000000
vt 0.298701 0.000000
vt 0.012987 1.000000
vt 0.078261 1.000000
vt 0.086957 1.000000
vt 0.095652 1.000000
vt 0.104348 1.000000
vt 0.104348 0.000000
vt 0.095652 0.000000
vt 0.086957 0.000000
vt 0.078261 0.000000
vt 0.060870 0.000000
vt 0.043478 0.000000
vt 0.026087 0.000000
vt 0.026087 1.000000
vt 0.043478 1.000000
vt 0.060870 1.000000
vt 0.093750 1.000000
vt 0.093750 0.000000
vt 0.387097 0.000000
vt 0.387097 1.000000
vt 0.974684 1.000000
vt 0.974684 0.000000
vt 0.949367 0.000000
vt 0.746835 0.000000
vt 0.721519 0.000000
vt 0.696203 0.000000
vt 0.696203 1.000000
vt 0.721519 1.000000
vt 0.746835 1.000000
vt 0.949367 1.000000
vt 0.327273 1.000000
vt 0.580645 1.000000
vt 0.459184 1.000000
vt 0.459184 0.000000
vt 0.126866 1.000000
vt 0.246269 1.000000
vt 0.686047 1.000000
vt 0.686047 0.000000
vt 0.226415 1.000000
vt 0.245283 1.000000
vt 0.660377 1.000000
vt 0.679245 1.000000
vt 0.698113 1.000000
vt 0.924528 1.000000
vt 0.943396 1.000000
vt 0.962264 1.000000
vt 0.962264 0.000000
vt 0.694030 0.000000
vt 0.686567 0.000000
vt 0.686567 1.000000
vt 0.694030 1.000000
vt 0.460000 1.000000
vt 0.480000 1.000000
vt 0.480000 0.000000
vt 0.460000 0.000000
vt 0.964286 1.000000
vt 0.964286 0.000000
vt 0.388060 0.000000
vt 0.388060 1.000000
vt 0.269841 1.000000
vt 0.269841 0.000000
vt 0.340000 1.000000
vt 0.360000 1.000000
vt 0.380000 1.000000
vt 0.390000 1.000000
vt 0.410000 1.000000
vt 0.430000 1.000000
vt 0.470000 1.000000
vt 0.580000 1.000000
vt 0.610000 1.000000
vt 0.620000 1.000000
vt 0.620000 0.000000
vt 0.610000 0.000000
vt 0.580000 0.000000
vt 0.470000 0.000000
vt 0.430000 0.000000
vt 0.410000 0.000000
vt 0.390000 0.000000
vt 0.380000 0.000000
vt 0.360000 0.000000
vt 0.340000 0.000000
vt 0.320000 0.000000
vt 0.290000 0.000000
vt 0.150000 1.000000
vt 0.290000 1.000000
vt 0.320000 1.000000
vt 0.372727 1.000000
vt 0.372727 0.000000
vt 0.976471 1.000000
vt 0.982353 1.000000
vt 0.988235 1.000000
vt 0.994118 1.000000
vt 0.005882 1.000000
vt 0.011765 1.000000
vt 0.017647 1.000000
vt 0.023529 1.000000
vt 0.035294 1.000000
vt 0.035294 0.000000
vt 0.023529 0.000000
vt 0.017647 0.000000
vt 0.011765 0.000000
vt 0.005882 0.000000
vt 0.994118 0.000000
vt 0.988235 0.000000
vt 0.982353 0.000000
vt 0.976471 0.000000
vt 0.191919 1.000000
vt 0.191919 0.000000
vt 0.161616 0.000000
vt 0.141414 0.000000
vt 0.101010 0.000000
vt 0.101010 1.000000
vt 0.121212 1.000000
vt 0.141414 1.000000
vt 0.161616 1.000000
vt 0.591837 1.000000
vt 0.602041 1.000000
vt 0.602041 0.000000
vt 0.591837 0.000000
vt 0.831081 1.000000
vt 0.831081 0.000000
vt 0.817568 0.000000
vt 0.817568 1.000000
vt 0.511765 1.000000
vt 0.517647 1.000000
vt 0.517647 0.000000
vt 0.511765 0.000000
vt 0.505882 0.000000
vt 0.505882 1.000000
vt 0.975610 1.000000
vt 0.008130 1.000000
vt 0.008130 0.000000
vt 0.805882 1.000000
vt 0.811765 1.000000
vt 0.811765 0.000000
vt 0.805882 0.000000
vt 0.074324 1.000000
vt 0.074324 0.000000
vt 0.067568 0.000000
vt 0.067568 1.000000
vt 0.702703 1.000000
vt 0.702703 0.000000
vt 0.820000 1.000000
vt 0.820000 0.000000
vt 0.558824 1.000000
vt 0.558824 0.000000
vt 0.552941 0.000000
vt 0.541176 0.000000
vt 0.541176 1.000000
vt 0.552941 1.000000
vt 0.040541 1.000000
vt 0.040541 0.000000
vt 0.211765 1.000000
vt 0.211765 0.000000
vt 0.217647 1.000000
vt 0.217647 0.000000
vt 0.223529 1.000000
vt 0.223529 0.000000
vt 0.761194 1.000000
vt 0.761194 0.000000
vt 0.387755 1.000000
vt 0.387755 0.000000
vt 0.032520 1.000000
vt 0.040650 1.000000
vt 0.040650 0.000000
vt 0.966216 1.000000
vt 0.966216 0.000000
vt 0.388235 0.000000
vt 0.388235 1.000000
vt 0.231818 1.000000
vt 0.231818 0.000000
vt 0.754717 1.000000
vt 0.716981 1.000000
vt 0.317460 1.000000
vt 0.317460 0.000000
vt 0.301587 0.000000
vt 0.301587 1.000000
vt 0.563636 1.000000
vt 0.568182 1.000000
vt 0.572727 1.000000
vt 0.572727 0.000000
vt 0.568182 0.000000
vt 0.317568 1.000000
vt 0.317568 0.000000
vt 0.310811 0.000000
vt 0.304054 0.000000
vt 0.304054 1.000000
vt 0.310811 1.000000
vt 0.695946 1.000000
vt 0.695946 0.000000
vt 0.682432 0.000000
vt 0.682432 1.000000
vt 0.148649 1.000000
vt 0.148649 0.000000
vt 0.715447 1.000000
vt 0.354545 1.000000
vt 0.354545 0.000000
vt 0.809524 1.000000
vt 0.880952 1.000000
vt 0.190476 1.000000
vt 0.238095 1.000000
vt 0.261905 1.000000
vt 0.261905 0.000000
vt 0.880952 0.000000
vt 0.413636 1.000000
vt 0.413636 0.000000
vt 0.058824 1.000000
vt 0.058824 0.000000
vt 0.470149 1.000000
vt 0.470149 0.000000
vt 0.462687 0.000000
vt 0.455224 0.000000
vt 0.455224 1.000000
vt 0.462687 1.000000
vt 0.012658 1.000000
vt 0.012658 0.000000
vt 0.025316 1.000000
vt 0.025316 0.000000
vt 0.189873 1.000000
vt 0.189873 0.000000
vt 0.202532 1.000000
vt 0.202532 0.000000
vt 0.215190 1.000000
vt 0.215190 0.000000
vt 0.227848 1.000000
vt 0.227848 0.000000
vt 0.068182 1.000000
vt 0.077273 1.000000
vt 0.077273 0.000000
vt 0.068182 0.000000
vt 0.059091 0.000000
vt 0.059091 1.000000
vt 0.649351 1.000000
vt 0.649351 0.000000
vt 0.662338 1.000000
vt 0.513514 1.000000
vt 0.513514 0.000000
vt 0.093023 1.000000
vt 0.104651 1.000000
vt 0.104651 0.000000
vt 0.093023 0.000000
vt 0.081395 0.000000
vt 0.081395 1.000000
vt 0.460317 1.000000
vt 0.476190 1.000000
vt 0.507937 1.000000
vt 0.507937 0.000000
vt 0.460317 0.000000
vt 0.943089 1.000000
vt 0.581818 1.000000
vt 0.808081 1.000000
vt 0.808081 0.000000
vt 0.836364 1.000000
vt 0.845455 1.000000
vt 0.845455 0.000000
vt 0.227642 1.000000
vt 0.235772 1.000000
vt 0.252033 1.000000
vt 0.260163 1.000000
vt 0.650000 1.000000
vt 0.654545 1.000000
vt 0.690909 1.000000
vt 0.645455 0.000000
vt 0.645455 1.000000
vt 0.699187 1.000000
vt 0.634921 1.000000
vt 0.634921 0.000000
vt 0.539683 0.000000
vt 0.539683 1.000000
vt 0.329412 1.000000
vt 0.329412 0.000000
vt 0.317647 0.000000
vt 0.305882 0.000000
vt 0.305882 1.000000
vt 0.317647 1.000000
vt 0.031746 1.000000
vt 0.031746 0.000000
vt 0.581395 1.000000
vt 0.581395 0.000000
vt 0.918699 1.000000
vt 0.910569 1.000000
vt 0.587209 1.000000
vt 0.593023 1.000000
vt 0.598837 1.000000
vt 0.604651 1.000000
vt 0.604651 0.000000
vt 0.598837 0.000000
vt 0.593023 0.000000
vt 0.587209 0.000000
vt 0.825397 1.000000
vt 0.825397 0.000000
vt 0.122093 1.000000
vt 0.127907 1.000000
vt 0.127907 0.000000
vt 0.122093 0.000000
vt 0.116279 0.000000
vt 0.110465 0.000000
vt 0.110465 1.000000
vt 0.116279 1.000000
vt 0.154545 1.000000
vt 0.159091 1.000000
vt 0.159091 0.000000
vt 0.154545 0.000000
vt 0.870968 1.000000
vt 0.903226 1.000000
vt 0.741935 1.000000
vt 0.838710 1.000000
vt 0.905882 1.000000
vt 0.905882 0.000000
vt 0.597015 1.000000
vt 0.604478 1.000000
vt 0.611940 1.000000
vt 0.611940 0.000000
vt 0.604478 0.000000
vt 0.597015 0.000000
vt 0.873134 1.000000
vt 0.873134 0.000000
vt 0.360465 1.000000
vt 0.377907 1.000000
vt 0.389535 1.000000
vt 0.395349 1.000000
vt 0.395349 0.000000
vt 0.389535 0.000000
vt 0.377907 0.000000
vt 0.360465 0.000000
vt 0.354651 0.000000
vt 0.354651 1.000000
vt 0.691057 1.000000
vt 0.674797 1.000000
vt 0.441860 1.000000
vt 0.441860 0.000000
vt 0.436047 0.000000
vt 0.436047 1.000000
vt 0.079365 1.000000
vt 0.079365 0.000000
vt 0.063492 0.000000
vt 0.063492 1.000000
vt 0.525253 0.000000
vt 0.505050 0.000000
vt 0.494949 0.000000
vt 0.494949 1.000000
vt 0.505050 1.000000
vt 0.525253 1.000000
vt 0.535294 1.000000
vt 0.535294 0.000000
vt 0.529412 0.000000
vt 0.529412 1.000000
vt 0.154472 1.000000
vt 0.154472 0.000000
vt 0.081301 1.000000
vt 0.089431 1.000000
vt 0.113821 1.000000
vt 0.130081 1.000000
vt 0.959350 1.000000
vt 0.911765 1.000000
vt 0.917647 1.000000
vt 0.917647 0.000000
vt 0.911765 0.000000
vt 0.096774 1.000000
vt 0.129032 1.000000
vt 0.225806 1.000000
vt 0.290323 1.000000
vt 0.459459 1.000000
vt 0.486486 1.000000
vt 0.486486 0.000000
vt 0.459459 0.000000
vt 0.445946 0.000000
vt 0.445946 1.000000
vt 0.252941 1.000000
vt 0.258824 1.000000
vt 0.270588 1.000000
vt 0.282353 1.000000
vt 0.282353 0.000000
vt 0.270588 0.000000
vt 0.258824 0.000000
vt 0.252941 0.000000
vt 0.247059 0.000000
vt 0.247059 1.000000
s 0
f 9/1/1 141/2/1 142/3/1 10/4/1
f 10/4/2 142/3/2 143/5/2 11/6/2
f 11/6/3 143/5/3 144/7/3 12/8/3
f 12/8/4 144/7/4 141/9/4 9/10/4
f 3/11/5 7/12/5 5/13/5 1/14/5
f 6/15/6 8/16/6 147/16/6 148/15/6
f 80/17/7 12/8/7 9/10/7 77/18/7
f 79/19/8 11/6/8 12/8/8 80/17/8
f 78/20/9 10/4/9 11/6/9 79/19/9
f 77/21/10 9/1/10 10/4/10 78/20/10
f 1/22/11 16/23/11 13/24/11 3/25/11
f 3/25/12 13/24/12 14/26/12 7/12/12
f 7/12/13 14/26/13 15/27/13 5/13/13
f 5/13/14 15/27/14 16/28/14 1/29/14
f 109/30/15 17/31/15 18/32/15 110/33/15
f 110/33/16 18/32/16 19/34/16 111/35/16
f 111/35/17 19/34/17 20/36/17 112/37/17
f 112/37/18 20/36/18 17/38/18 109/39/18
f 93/40/19 21/41/19 22/42/19 94/43/19
f 94/43/20 22/42/20 23/44/20 95/45/20
f 95/45/21 23/44/21 24/46/21 96/47/21
f 96/47/22 24/46/22 21/48/22 93/49/22
f 128/50/23 27/51/23 28/52/23 125/53/23
f 127/54/24 26/55/24 27/51/24 128/50/24
f 126/56/25 25/57/25 26/55/25 127/54/25
f 125/58/26 28/59/26 25/57/26 126/56/26
f 104/60/27 31/61/27 32/62/27 101/63/27
f 103/64/28 30/65/28 31/61/28 104/60/28
f 102/66/29 29/67/29 30/65/29 103/64/29
f 101/68/30 32/69/30 29/67/30 102/66/30
f 85/70/31 33/71/31 34/72/31 86/73/31
f 86/73/32 34/72/32 35/74/32 87/75/32
f 87/75/33 35/74/33 36/76/33 88/77/33
f 88/77/34 36/76/34 33/78/34 85/79/34
f 120/80/35 40/81/35 37/82/35 117/83/35
f 119/84/36 39/85/36 40/81/36 120/80/36
f 118/86/37 38/87/37 39/85/37 119/84/37
f 117/88/38 37/89/38 38/87/38 118/86/38
f 133/90/39 44/91/39 41/92/39 134/93/39
f 134/93/40 41/92/40 42/94/40 135/95/40
f 135/95/41 42/94/41 43/96/41 136/97/41
f 136/97/42 43/96/42 44/98/42 133/99/42
f 99/100/43 48/101/43 45/102/43 100/103/43
f 98/104/44 47/105/44 48/101/44 99/100/44
f 97/106/45 46/107/45 47/105/45 98/104/45
f 100/108/46 45/109/46 46/107/46 97/106/46
f 91/110/47 51/111/47 52/112/47 92/113/47
f 90/114/48 50/115/48 51/111/48 91/110/48
f 89/116/49 49/117/49 50/115/49 90/114/49
f 92/118/50 52/119/50 49/117/50 89/116/50
f 84/120/51 53/121/51 54/122/51 81/123/51
f 81/123/52 54/122/52 55/124/52 82/125/52
f 82/125/53 55/124/53 56/126/53 83/127/53
f 83/127/54 56/126/54 53/128/54 84/129/54
f 108/130/55 60/131/55 57/132/55 105/133/55
f 105/133/56 57/132/56 58/134/56 106/135/56
f 106/135/57 58/134/57 59/136/57 107/137/57
f 107/137/58 59/136/58 60/138/58 108/139/58
f 115/140/59 64/141/59 61/142/59 116/143/59
f 114/144/60 63/145/60 64/141/60 115/140/60
f 113/146/61 62/147/61 63/145/61 114/144/61
f 116/148/62 61/149/62 62/147/62 113/146/62
f 124/150/63 68/151/63 65/152/63 121/153/63
f 121/153/64 65/152/64 66/154/64 122/155/64
f 122/155/65 66/154/65 67/156/65 123/157/65
f 123/157/66 67/156/66 68/158/66 124/159/66
f 132/160/67 69/161/67 70/162/67 129/163/67
f 129/163/68 70/162/68 71/164/68 130/165/68
f 130/165/69 71/164/69 72/166/69 131/167/69
f 131/167/70 72/166/70 69/168/70 132/169/70
f 139/170/71 75/171/71 76/172/71 140/173/71
f 138/174/72 74/175/72 75/171/72 139/170/72
f 137/176/73 73/177/73 74/175/73 138/174/73
f 140/178/74 76/179/74 73/177/74 137/176/74
f 53/121/75 77/21/75 78/20/75 54/122/75
f 54/122/76 78/20/76 79/19/76 55/124/76
f 55/124/77 79/19/77 80/17/77 56/126/77
f 56/126/78 80/17/78 77/18/78 53/128/78
f 36/76/79 83/127/79 84/129/79 33/78/79
f 35/74/80 82/125/80 83/127/80 36/76/80
f 34/72/81 81/123/81 82/125/81 35/74/81
f 33/71/82 84/120/82 81/123/82 34/72/82
f 51/111/83 88/77/83 85/79/83 52/112/83
f 50/115/84 87/75/84 88/77/84 51/111/84
f 49/117/85 86/73/85 87/75/85 50/115/85
f 52/119/86 85/70/86 86/73/86 49/117/86
f 21/41/87 92/118/87 89/116/87 22/42/87
f 22/42/88 89/116/88 90/114/88 23/44/88
f 23/44/89 90/114/89 91/110/89 24/46/89
f 24/46/90 91/110/90 92/113/90 21/48/90
f 48/101/91 96/47/91 93/49/91 45/102/91
f 47/105/92 95/45/92 96/47/92 48/101/92
f 46/107/93 94/43/93 95/45/93 47/105/93
f 45/109/94 93/40/94 94/43/94 46/107/94
f 32/69/95 100/108/95 97/106/95 29/67/95
f 29/67/96 97/106/96 98/104/96 30/65/96
f 30/65/97 98/104/97 99/100/97 31/61/97
f 31/61/98 99/100/98 100/103/98 32/62/98
f 60/131/99 101/68/99 102/66/99 57/132/99
f 57/132/100 102/66/100 103/64/100 58/134/100
f 58/134/101 103/64/101 104/60/101 59/136/101
f 59/136/102 104/60/102 101/63/102 60/138/102
f 20/36/103 107/137/103 108/139/103 17/38/103
f 19/34/104 106/135/104 107/137/104 20/36/104
f 18/32/105 105/133/105 106/135/105 19/34/105
f 17/31/106 108/130/106 105/133/106 18/32/106
f 64/141/107 112/37/107 109/39/107 61/142/107
f 63/145/108 111/35/108 112/37/108 64/141/108
f 62/147/109 110/33/109 111/35/109 63/145/109
f 61/149/110 109/30/110 110/33/110 62/147/110
f 37/89/111 116/148/111 113/146/111 38/87/111
f 38/87/112 113/146/112 114/144/112 39/85/112
f 39/85/113 114/144/113 115/140/113 40/81/113
f 40/81/114 115/140/114 116/143/114 37/82/114
f 68/151/115 117/88/115 118/86/115 65/152/115
f 65/152/116 118/86/116 119/84/116 66/154/116
f 66/154/117 119/84/117 120/80/117 67/156/117
f 67/156/118 120/80/118 117/83/118 68/158/118
f 27/51/119 123/157/119 124/159/119 28/52/119
f 26/55/120 122/155/120 123/157/120 27/51/120
f 25/57/121 121/153/121 122/155/121 26/55/121
f 28/59/122 124/150/122 121/153/122 25/57/122
f 69/161/123 125/58/123 126/56/123 70/162/123
f 70/162/124 126/56/124 127/54/124 71/164/124
f 71/164/125 127/54/125 128/50/125 72/166/125
f 72/166/126 128/50/126 125/53/126 69/168/126
f 43/96/127 131/167/127 132/169/127 44/98/127
f 42/94/128 130/165/128 131/167/128 43/96/128
f 41/92/129 129/163/129 130/165/129 42/94/129
f 44/91/130 132/160/130 129/163/130 41/92/130
f 75/171/131 136/97/131 133/99/131 76/172/131
f 74/175/132 135/95/132 136/97/132 75/171/132
f 73/177/133 134/93/133 135/95/133 74/175/133
f 76/179/134 133/90/134 134/93/134 73/177/134
f 16/23/135 140/178/135 137/176/135 13/24/135
f 13/24/136 137/176/136 138/174/136 14/26/136
f 14/26/137 138/174/137 139/170/137 15/27/137
f 15/27/138 139/170/138 140/173/138 16/28/138
f 2/180/139 4/181/139 142/182/139 141/183/139
f 4/181/139 8/16/139 143/5/139 142/182/139
f 8/16/139 6/15/139 144/7/139 143/5/139
f 6/15/139 2/180/139 141/183/139 144/7/139
f 147/16/139 146/181/139 145/180/139 148/15/139
f 4/181/140 2/180/140 145/180/140 146/181/140
f 2/180/141 6/15/141 148/15/141 145/180/141
f 8/16/142 4/181/142 146/181/142 147/16/142
f 163/184/139 157/185/139 158/186/139 159/187/139 160/188/139 161/189/139 162/190/139
s 1
f 165/191/143 167/192/144 166/193/144 164/185/143
f 167/192/144 169/194/145 168/195/145 166/193/144
f 169/194/145 171/196/146 170/197/146 168/195/145
f 171/196/146 173/198/147 172/199/147 170/197/146
f 173/198/147 175/200/148 174/201/148 172/199/147
f 175/200/148 177/202/149 176/203/149 174/201/148
f 177/202/149 165/204/143 164/184/143 176/203/149
s 0
f 186/1/1 318/2/1 319/3/1 187/4/1
f 187/4/2 319/3/2 320/5/2 188/6/2
f 188/6/3 320/5/3 321/7/3 189/8/3
f 189/8/4 321/7/4 318/9/4 186/10/4
f 180/11/5 184/12/5 182/13/5 178/14/5
f 183/15/6 185/16/6 324/16/6 325/15/6
f 257/17/7 189/8/7 186/10/7 254/18/7
f 256/19/8 188/6/8 189/8/8 257/17/8
f 255/20/9 187/4/9 188/6/9 256/19/9
f 254/21/10 186/1/10 187/4/10 255/20/10
f 178/22/11 193/23/11 190/24/11 180/25/11
f 180/25/12 190/24/12 191/26/12 184/12/12
f 184/12/13 191/26/13 192/27/13 182/13/13
f 182/13/14 192/27/14 193/28/14 178/29/14
f 286/30/15 194/31/15 195/32/15 287/33/15
f 287/33/16 195/32/16 196/34/16 288/35/16
f 288/35/17 196/34/17 197/36/17 289/37/17
f 289/37/18 197/36/18 194/38/18 286/39/18
f 270/40/19 198/41/19 199/42/19 271/43/19
f 271/43/20 199/42/20 200/44/20 272/45/20
f 272/45/21 200/44/21 201/46/21 273/47/21
f 273/47/22 201/46/22 198/48/22 270/49/22
f 305/50/23 204/51/23 205/52/23 302/53/23
f 304/54/24 203/55/24 204/51/24 305/50/24
f 303/56/25 202/57/25 203/55/25 304/54/25
f 302/58/26 205/59/26 202/57/26 303/56/26
f 281/60/27 208/61/27 209/62/27 278/63/27
f 280/64/28 207/65/28 208/61/28 281/60/28
f 279/66/29 206/67/29 207/65/29 280/64/29
f 278/68/30 209/69/30 206/67/30 279/66/30
f 262/70/31 210/71/31 211/72/31 263/73/31
f 263/73/32 211/72/32 212/74/32 264/75/32
f 264/75/33 212/74/33 213/76/33 265/77/33
f 265/77/34 213/76/34 210/78/34 262/79/34
f 297/80/35 217/81/35 214/82/35 294/83/35
f 296/84/36 216/85/36 217/81/36 297/80/36
f 295/86/37 215/87/37 216/85/37 296/84/37
f 294/88/38 214/89/38 215/87/38 295/86/38
f 310/90/39 221/91/39 218/92/39 311/93/39
f 311/93/40 218/92/40 219/94/40 312/95/40
f 312/95/41 219/94/41 220/96/41 313/97/41
f 313/97/42 220/96/42 221/98/42 310/99/42
f 276/100/43 225/101/43 222/102/43 277/103/43
f 275/104/44 224/105/44 225/101/44 276/100/44
f 274/106/45 223/107/45 224/105/45 275/104/45
f 277/108/46 222/109/46 223/107/46 274/106/46
f 268/110/47 228/111/47 229/112/47 269/113/47
f 267/114/48 227/115/48 228/111/48 268/110/48
f 266/116/49 226/117/49 227/115/49 267/114/49
f 269/118/50 229/119/50 226/117/50 266/116/50
f 261/120/51 230/121/51 231/122/51 258/123/51
f 258/123/52 231/122/52 232/124/52 259/125/52
f 259/125/53 232/124/53 233/126/53 260/127/53
f 260/127/54 233/126/54 230/128/54 261/129/54
f 285/130/55 237/131/55 234/132/55 282/133/55
f 282/133/56 234/132/56 235/134/56 283/135/56
f 283/135/57 235/134/57 236/136/57 284/137/57
f 284/137/58 236/136/58 237/138/58 285/139/58
f 292/140/59 241/141/59 238/142/59 293/143/59
f 291/144/60 240/145/60 241/141/60 292/140/60
f 290/146/61 239/147/61 240/145/61 291/144/61
f 293/148/62 238/149/62 239/147/62 290/146/62
f 301/150/63 245/151/63 242/152/63 298/153/63
f 298/153/64 242/152/64 243/154/64 299/155/64
f 299/155/65 243/154/65 244/156/65 300/157/65
f 300/157/66 244/156/66 245/158/66 301/159/66
f 309/160/67 246/161/67 247/162/67 306/163/67
f 306/163/68 247/162/68 248/164/68 307/165/68
f 307/165/69 248/164/69 249/166/69 308/167/69
f 308/167/70 249/166/70 246/168/70 309/169/70
f 316/170/71 252/171/71 253/172/71 317/173/71
f 315/174/72 251/175/72 252/171/72 316/170/72
f 314/176/73 250/177/73 251/175/73 315/174/73
f 317/178/74 253/179/74 250/177/74 314/176/74
f 230/121/75 254/21/75 255/20/75 231/122/75
f 231/122/76 255/20/76 256/19/76 232/124/76
f 232/124/77 256/19/77 257/17/77 233/126/77
f 233/126/78 257/17/78 254/18/78 230/128/78
f 213/76/79 260/127/79 261/129/79 210/78/79
f 212/74/80 259/125/80 260/127/80 213/76/80
f 211/72/81 258/123/81 259/125/81 212/74/81
f 210/71/82 261/120/82 258/123/82 211/72/82
f 228/111/83 265/77/83 262/79/83 229/112/83
f 227/115/84 264/75/84 265/77/84 228/111/84
f 226/117/85 263/73/85 264/75/85 227/115/85
f 229/119/86 262/70/86 263/73/86 226/117/86
f 198/41/87 269/118/87 266/116/87 199/42/87
f 199/42/88 266/116/88 267/114/88 200/44/88
f 200/44/89 267/114/89 268/110/89 201/46/89
f 201/46/90 268/110/90 269/113/90 198/48/90
f 225/101/91 273/47/91 270/49/91 222/102/91
f 224/105/92 272/45/92 273/47/92 225/101/92
f 223/107/93 271/43/93 272/45/93 224/105/93
f 222/109/94 270/40/94 271/43/94 223/107/94
f 209/69/95 277/108/95 274/106/95 206/67/95
f 206/67/96 274/106/96 275/104/96 207/65/96
f 207/65/97 275/104/97 276/100/97 208/61/97
f 208/61/98 276/100/98 277/103/98 209/62/98
f 237/131/99 278/68/99 279/66/99 234/132/99
f 234/132/100 279/66/100 280/64/100 235/134/100
f 235/134/101 280/64/101 281/60/101 236/136/101
f 236/136/102 281/60/102 278/63/102 237/138/102
f 197/36/103 284/137/103 285/139/103 194/38/103
f 196/34/104 283/135/104 284/137/104 197/36/104
f 195/32/105 282/133/105 283/135/105 196/34/105
f 194/31/106 285/130/106 282/133/106 195/32/106
f 241/141/107 289/37/107 286/39/107 238/142/107
f 240/145/108 288/35/108 289/37/108 241/141/108
f 239/147/109 287/33/109 288/35/109 240/145/109
f 238/149/110 286/30/110 287/33/110 239/147/110
f 214/89/111 293/148/111 290/146/111 215/87/111
f 215/87/112 290/146/112 291/144/112 216/85/112
f 216/85/113 291/144/113 292/140/113 217/81/113
f 217/81/114 292/140/114 293/143/114 214/82/114
f 245/151/115 294/88/115 295/86/115 242/152/115
f 242/152/116 295/86/116 296/84/116 243/154/116
f 243/154/117 296/84/117 297/80/117 244/156/117
f 244/156/118 297/80/118 294/83/118 245/158/118
f 204/51/119 300/157/119 301/159/119 205/52/119
f 203/55/120 299/155/120 300/157/120 204/51/120
f 202/57/121 298/153/121 299/155/121 203/55/121
f 205/59/122 301/150/122 298/153/122 202/57/122
f 246/161/123 302/58/123 303/56/123 247/162/123
f 247/162/124 303/56/124 304/54/124 248/164/124
f 248/164/125 304/54/125 305/50/125 249/166/125
f 249/166/126 305/50/126 302/53/126 246/168/126
f 220/96/127 308/167/127 309/169/127 221/98/127
f 219/94/128 307/165/128 308/167/128 220/96/128
f 218/92/129 306/163/129 307/165/129 219/94/129
f 221/91/130 309/160/130 306/163/130 218/92/130
f 252/171/131 313/97/131 310/99/131 253/172/131
f 251/175/132 312/95/132 313/97/132 252/171/132
f 250/177/133 311/93/133 312/95/133 251/175/133
f 253/179/134 310/90/134 311/93/134 250/177/134
f 193/23/135 317/178/135 314/176/135 190/24/135
f 190/24/136 314/176/136 315/174/136 191/26/136
f 191/26/137 315/174/137 316/170/137 192/27/137
f 192/27/138 316/170/138 317/173/138 193/28/138
f 179/180/139 181/181/139 319/182/139 318/183/139
f 181/181/139 185/16/139 320/5/139 319/182/139
f 185/16/139 183/15/139 321/7/139 320/5/139
f 183/15/139 179/180/139 318/183/139 321/7/139
f 324/16/139 323/181/139 322/180/139 325/15/139
f 181/181/140 179/180/140 322/180/140 323/181/140
f 179/180/141 183/15/141 325/15/141 322/180/141
f 185/16/142 181/181/142 323/181/142 324/16/142
f 334/1/1 466/2/1 467/3/1 335/4/1
f 335/4/2 467/3/2 468/5/2 336/6/2
f 336/6/3 468/5/3 469/7/3 337/8/3
f 337/8/4 469/7/4 466/9/4 334/10/4
f 328/11/5 332/12/5 330/13/5 326/14/5
f 331/15/6 333/16/6 472/16/6 473/15/6
f 405/17/7 337/8/7 334/10/7 402/18/7
f 404/19/8 336/6/8 337/8/8 405/17/8
f 403/20/9 335/4/9 336/6/9 404/19/9
f 402/21/10 334/1/10 335/4/10 403/20/10
f 326/22/11 341/23/11 338/24/11 328/25/11
f 328/25/12 338/24/12 339/26/12 332/12/12
f 332/12/13 339/26/13 340/27/13 330/13/13
f 330/13/14 340/27/14 341/28/14 326/29/14
f 434/30/15 342/31/15 343/32/15 435/33/15
f 435/33/16 343/32/16 344/34/16 436/35/16
f 436/35/17 344/34/17 345/36/17 437/37/17
f 437/37/18 345/36/18 342/38/18 434/39/18
f 418/40/19 346/41/19 347/42/19 419/43/19
f 419/43/20 347/42/20 348/44/20 420/45/20
f 420/45/21 348/44/21 349/46/21 421/47/21
f 421/47/22 349/46/22 346/48/22 418/49/22
f 453/50/23 352/51/23 353/52/23 450/53/23
f 452/54/24 351/55/24 352/51/24 453/50/24
f 451/56/25 350/57/25 351/55/25 452/54/25
f 450/58/26 353/59/26 350/57/26 451/56/26
f 429/60/27 356/61/27 357/62/27 426/63/27
f 428/64/28 355/65/28 356/61/28 429/60/28
f 427/66/29 354/67/29 355/65/29 428/64/29
f 426/68/30 357/69/30 354/67/30 427/66/30
f 410/70/31 358/71/31 359/72/31 411/73/31
f 411/73/32 359/72/32 360/74/32 412/75/32
f 412/75/33 360/74/33 361/76/33 413/77/33
f 413/77/34 361/76/34 358/78/34 410/79/34
f 445/80/35 365/81/35 362/82/35 442/83/35
f 444/84/36 364/85/36 365/81/36 445/80/36
f 443/86/37 363/87/37 364/85/37 444/84/37
f 442/88/38 362/89/38 363/87/38 443/86/38
f 458/90/39 369/91/39 366/92/39 459/93/39
f 459/93/40 366/92/40 367/94/40 460/95/40
f 460/95/41 367/94/41 368/96/41 461/97/41
f 461/97/42 368/96/42 369/98/42 458/99/42
f 424/100/43 373/101/43 370/102/43 425/103/43
f 423/104/44 372/105/44 373/101/44 424/100/44
f 422/106/45 371/107/45 372/105/45 423/104/45
f 425/108/46 370/109/46 371/107/46 422/106/46
f 416/110/47 376/111/47 377/112/47 417/113/47
f 415/114/48 375/115/48 376/111/48 416/110/48
f 414/116/49 374/117/49 375/115/49 415/114/49
f 417/118/50 377/119/50 374/117/50 414/116/50
f 409/120/51 378/121/51 379/122/51 406/123/51
f 406/123/52 379/122/52 380/124/52 407/125/52
f 407/125/53 380/124/53 381/126/53 408/127/53
f 408/127/54 381/126/54 378/128/54 409/129/54
f 433/130/55 385/131/55 382/132/55 430/133/55
f 430/133/56 382/132/56 383/134/56 431/135/56
f 431/135/57 383/134/57 384/136/57 432/137/57
f 432/137/58 384/136/58 385/138/58 433/139/58
f 440/140/59 389/141/59 386/142/59 441/143/59
f 439/144/60 388/145/60 389/141/60 440/140/60
f 438/146/61 387/147/61 388/145/61 439/144/61
f 441/148/62 386/149/62 387/147/62 438/146/62
f 449/150/63 393/151/63 390/152/63 446/153/63
f 446/153/64 390/152/64 391/154/64 447/155/64
f 447/155/65 391/154/65 392/156/65 448/157/65
f 448/157/66 392/156/66 393/158/66 449/159/66
f 457/160/67 394/161/67 395/162/67 454/163/67
f 454/163/68 395/162/68 396/164/68 455/165/68
f 455/165/69 396/164/69 397/166/69 456/167/69
f 456/167/70 397/166/70 394/168/70 457/169/70
f 464/170/71 400/171/71 401/172/71 465/173/71
f 463/174/72 399/175/72 400/171/72 464/170/72
f 462/176/73 398/177/73 399/175/73 463/174/73
f 465/178/74 401/179/74 398/177/74 462/176/74
f 378/121/75 402/21/75 403/20/75 379/122/75
f 379/122/76 403/20/76 404/19/76 380/124/76
f 380/124/77 404/19/77 405/17/77 381/126/77
f 381/126/78 405/17/78 402/18/78 378/128/78
f 361/76/79 408/127/79 409/129/79 358/78/79
f 360/74/80 407/125/80 408/127/80 361/76/80
f 359/72/81 406/123/81 407/125/81 360/74/81
f 358/71/82 409/120/82 406/123/82 359/72/82
f 376/111/83 413/77/83 410/79/83 377/112/83
f 375/115/84 412/75/84 413/77/84 376/111/84
f 374/117/85 411/73/85 412/75/85 375/115/85
f 377/119/86 410/70/86 411/73/86 374/117/86
f 346/41/87 417/118/87 414/116/87 347/42/87
f 347/42/88 414/116/88 415/114/88 348/44/88
f 348/44/89 415/114/89 416/110/89 349/46/89
f 349/46/90 416/110/90 417/113/90 346/48/90
f 373/101/91 421/47/91 418/49/91 370/102/91
f 372/105/92 420/45/92 421/47/92 373/101/92
f 371/107/93 419/43/93 420/45/93 372/105/93
f 370/109/94 418/40/94 419/43/94 371/107/94
f 357/69/95 425/108/95 422/106/95 354/67/95
f 354/67/96 422/106/96 423/104/96 355/65/96
f 355/65/97 423/104/97 424/100/97 356/61/97
f 356/61/98 424/100/98 425/103/98 357/62/98
f 385/131/99 426/68/99 427/66/99 382/132/99
f 382/132/100 427/66/100 428/64/100 383/134/100
f 383/134/101 428/64/101 429/60/101 384/136/101
f 384/136/102 429/60/102 426/63/102 385/138/102
f 345/36/103 432/137/103 433/139/103 342/38/103
f 344/34/104 431/135/104 432/137/104 345/36/104
f 343/32/105 430/133/105 431/135/105 344/34/105
f 342/31/106 433/130/106 430/133/106 343/32/106
f 389/141/107 437/37/107 434/39/107 386/142/107
f 388/145/108 436/35/108 437/37/108 389/141/108
f 387/147/109 435/33/109 436/35/109 388/145/109
f 386/149/110 434/30/110 435/33/110 387/147/110
f 362/89/111 441/148/111 438/146/111 363/87/111
f 363/87/112 438/146/112 439/144/112 364/85/112
f 364/85/113 439/144/113 440/140/113 365/81/113
f 365/81/114 440/140/114 441/143/114 362/82/114
f 393/151/115 442/88/115 443/86/115 390/152/115
f 390/152/116 443/86/116 444/84/116 391/154/116
f 391/154/117 444/84/117 445/80/117 392/156/117
f 392/156/118 445/80/118 442/83/118 393/158/118
f 352/51/119 448/157/119 449/159/119 353/52/119
f 351/55/120 447/155/120 448/157/120 352/51/120
f 350/57/121 446/153/121 447/155/121 351/55/121
f 353/59/122 449/150/122 446/153/122 350/57/122
f 394/161/123 450/58/123 451/56/123 395/162/123
f 395/162/124 451/56/124 452/54/124 396/164/124
f 396/164/125 452/54/125 453/50/125 397/166/125
f 397/166/126 453/50/126 450/53/126 394/168/126
f 368/96/127 456/167/127 457/169/127 369/98/127
f 367/94/128 455/165/128 456/167/128 368/96/128
f 366/92/129 454/163/129 455/165/129 367/94/129
f 369/91/130 457/160/130 454/163/130 366/92/130
f 400/171/131 461/97/131 458/99/131 401/172/131
f 399/175/132 460/95/132 461/97/132 400/171/132
f 398/177/133 459/93/133 460/95/133 399/175/133
f 401/179/134 458/90/134 459/93/134 398/177/134
f 341/23/135 465/178/135 462/176/135 338/24/135
f 338/24/136 462/176/136 463/174/136 339/26/136
f 339/26/137 463/174/137 464/170/137 340/27/137
f 340/27/138 464/170/138 465/173/138 341/28/138
f 327/180/139 329/181/139 467/182/139 466/183/139
f 329/181/139 333/16/139 468/5/139 467/182/139
f 333/16/139 331/15/139 469/7/139 468/5/139
f 331/15/139 327/180/139 466/183/139 469/7/139
f 472/16/139 471/181/139 470/180/139 473/15/139
f 329/181/140 327/180/140 470/180/140 471/181/140
f 327/180/141 331/15/141 473/15/141 470/180/141
f 333/16/142 329/181/142 471/181/142 472/16/142
f 482/1/1 614/2/1 615/3/1 483/4/1
f 483/4/2 615/3/2 616/5/2 484/6/2
f 484/6/3 616/5/3 617/7/3 485/8/3
f 485/8/4 617/7/4 614/9/4 482/10/4
f 476/11/5 480/12/5 478/13/5 474/14/5
f 479/15/6 481/16/6 620/16/6 621/15/6
f 553/17/7 485/8/7 482/10/7 550/18/7
f 552/19/8 484/6/8 485/8/8 553/17/8
f 551/20/9 483/4/9 484/6/9 552/19/9
f 550/21/10 482/1/10 483/4/10 551/20/10
f 474/22/11 489/23/11 486/24/11 476/25/11
f 476/25/12 486/24/12 487/26/12 480/12/12
f 480/12/13 487/26/13 488/27/13 478/13/13
f 478/13/14 488/27/14 489/28/14 474/29/14
f 582/30/15 490/31/15 491/32/15 583/33/15
f 583/33/16 491/32/16 492/34/16 584/35/16
f 584/35/17 492/34/17 493/36/17 585/37/17
f 585/37/18 493/36/18 490/38/18 582/39/18
f 566/40/19 494/41/19 495/42/19 567/43/19
f 567/43/20 495/42/20 496/44/20 568/45/20
f 568/45/21 496/44/21 497/46/21 569/47/21
f 569/47/22 497/46/22 494/48/22 566/49/22
f 601/50/23 500/51/23 501/52/23 598/53/23
f 600/54/24 499/55/24 500/51/24 601/50/24
f 599/56/25 498/57/25 499/55/25 600/54/25
f 598/58/26 501/59/26 498/57/26 599/56/26
f 577/60/27 504/61/27 505/62/27 574/63/27
f 576/64/28 503/65/28 504/61/28 577/60/28
f 575/66/29 502/67/29 503/65/29 576/64/29
f 574/68/30 505/69/30 502/67/30 575/66/30
f 558/70/31 506/71/31 507/72/31 559/73/31
f 559/73/32 507/72/32 508/74/32 560/75/32
f 560/75/33 508/74/33 509/76/33 561/77/33
f 561/77/34 509/76/34 506/78/34 558/79/34
f 593/80/35 513/81/35 510/82/35 590/83/35
f 592/84/36 512/85/36 513/81/36 593/80/36
f 591/86/37 511/87/37 512/85/37 592/84/37
f 590/88/38 510/89/38 511/87/38 591/86/38
f 606/90/39 517/91/39 514/92/39 607/93/39
f 607/93/40 514/92/40 515/94/40 608/95/40
f 608/95/41 515/94/41 516/96/41 609/97/41
f 609/97/42 516/96/42 517/98/42 606/99/42
f 572/100/43 521/101/43 518/102/43 573/103/43
f 571/104/44 520/105/44 521/101/44 572/100/44
f 570/106/45 519/107/45 520/105/45 571/104/45
f 573/108/46 518/109/46 519/107/46 570/106/46
f 564/110/47 524/111/47 525/112/47 565/113/47
f 563/114/48 523/115/48 524/111/48 564/110/48
f 562/116/49 522/117/49 523/115/49 563/114/49
f 565/118/50 525/119/50 522/117/50 562/116/50
f 557/120/51 526/121/51 527/122/51 554/123/51
f 554/123/52 527/122/52 528/124/52 555/125/52
f 555/125/53 528/124/53 529/126/53 556/127/53
f 556/127/54 529/126/54 526/128/54 557/129/54
f 581/130/55 533/131/55 530/132/55 578/133/55
f 578/133/56 530/132/56 531/134/56 579/135/56
f 579/135/57 531/134/57 532/136/57 580/137/57
f 580/137/58 532/136/58 533/138/58 581/139/58
f 588/140/59 537/141/59 534/142/59 589/143/59
f 587/144/60 536/145/60 537/141/60 588/140/60
f 586/146/61 535/147/61 536/145/61 587/144/61
f 589/148/62 534/149/62 535/147/62 586/146/62
f 597/150/63 541/151/63 538/152/63 594/153/63
f 594/153/64 538/152/64 539/154/64 595/155/64
f 595/155/65 539/154/65 540/156/65 596/157/65
f 596/157/66 540/156/66 541/158/66 597/159/66
f 605/160/67 542/161/67 543/162/67 602/163/67
f 602/163/68 543/162/68 544/164/68 603/165/68
f 603/165/69 544/164/69 545/166/69 604/167/69
f 604/167/70 545/166/70 542/168/70 605/169/70
f 612/170/71 548/171/71 549/172/71 613/173/71
f 611/174/72 547/175/72 548/171/72 612/170/72
f 610/176/73 546/177/73 547/175/73 611/174/73
f 613/178/74 549/179/74 546/177/74 610/176/74
f 526/121/75 550/21/75 551/20/75 527/122/75
f 527/122/76 551/20/76 552/19/76 528/124/76
f 528/124/77 552/19/77 553/17/77 529/126/77
f 529/126/78 553/17/78 550/18/78 526/128/78
f 509/76/79 556/127/79 557/129/79 506/78/79
f 508/74/80 555/125/80 556/127/80 509/76/80
f 507/72/81 554/123/81 555/125/81 508/74/81
f 506/71/82 557/120/82 554/123/82 507/72/82
f 524/111/83 561/77/83 558/79/83 525/112/83
f 523/115/84 560/75/84 561/77/84 524/111/84
f 522/117/85 559/73/85 560/75/85 523/115/85
f 525/119/86 558/70/86 559/73/86 522/117/86
f 494/41/87 565/118/87 562/116/87 495/42/87
f 495/42/88 562/116/88 563/114/88 496/44/88
f 496/44/89 563/114/89 564/110/89 497/46/89
f 497/46/90 564/110/90 565/113/90 494/48/90
f 521/101/91 569/47/91 566/49/91 518/102/91
f 520/105/92 568/45/92 569/47/92 521/101/92
f 519/107/93 567/43/93 568/45/93 520/105/93
f 518/109/94 566/40/94 567/43/94 519/107/94
f 505/69/95 573/108/95 570/106/95 502/67/95
f 502/67/96 570/106/96 571/104/96 503/65/96
f 503/65/97 571/104/97 572/100/97 504/61/97
f 504/61/98 572/100/98 573/103/98 505/62/98
f 533/131/99 574/68/99 575/66/99 530/132/99
f 530/132/100 575/66/100 576/64/100 531/134/100
f 531/134/101 576/64/101 577/60/101 532/136/101
f 532/136/102 577/60/102 574/63/102 533/138/102
f 493/36/103 580/137/103 581/139/103 490/38/103
f 492/34/104 579/135/104 580/137/104 493/36/104
f 491/32/105 578/133/105 579/135/105 492/34/105
f 490/31/106 581/130/106 578/133/106 491/32/106
f 537/141/107 585/37/107 582/39/107 534/142/107
f 536/145/108 584/35/108 585/37/108 537/141/108
f 535/147/109 583/33/109 584/35/109 536/145/109
f 534/149/110 582/30/110 583/33/110 535/147/110
f 510/89/111 589/148/111 586/146/111 511/87/111
f 511/87/112 586/146/112 587/144/112 512/85/112
f 512/85/113 587/144/113 588/140/113 513/81/113
f 513/81/114 588/140/114 589/143/114 510/82/114
f 541/151/115 590/88/115 591/86/115 538/152/115
f 538/152/116 591/86/116 592/84/116 539/154/116
f 539/154/117 592/84/117 593/80/117 540/156/117
f 540/156/118 593/80/118 590/83/118 541/158/118
f 500/51/119 596/157/119 597/159/119 501/52/119
f 499/55/120 595/155/120 596/157/120 500/51/120
f 498/57/121 594/153/121 595/155/121 499/55/121
f 501/59/122 597/150/122 594/153/122 498/57/122
f 542/161/123 598/58/123 599/56/123 543/162/123
f 543/162/124 599/56/124 600/54/124 544/164/124
f 544/164/125 600/54/125 601/50/125 545/166/125
f 545/166/126 601/50/126 598/53/126 542/168/126
f 516/96/127 604/167/127 605/169/127 517/98/127
f 515/94/128 603/165/128 604/167/128 516/96/128
f 514/92/129 602/163/129 603/165/129 515/94/129
f 517/91/130 605/160/130 602/163/130 514/92/130
f 548/171/131 609/97/131 606/99/131 549/172/131
f 547/175/132 608/95/132 609/97/132 548/171/132
f 546/177/133 607/93/133 608/95/133 547/175/133
f 549/179/134 606/90/134 607/93/134 546/177/134
f 489/23/135 613/178/135 610/176/135 486/24/135
f 486/24/136 610/176/136 611/174/136 487/26/136
f 487/26/137 611/174/137 612/170/137 488/27/137
f 488/27/138 612/170/138 613/173/138 489/28/138
f 475/180/139 477/181/139 615/182/139 614/183/139
f 477/181/139 481/16/139 616/5/139 615/182/139
f 481/16/139 479/15/139 617/7/139 616/5/139
f 479/15/139 475/180/139 614/183/139 617/7/139
f 620/16/139 619/181/139 618/180/139 621/15/139
f 477/181/140 475/180/140 618/180/140 619/181/140
f 475/180/141 479/15/141 621/15/141 618/180/141
f 481/16/142 477/181/142 619/181/142 620/16/142
f 630/1/1 762/2/1 763/3/1 631/4/1
f 631/4/2 763/3/2 764/5/2 632/6/2
f 632/6/3 764/5/3 765/7/3 633/8/3
f 633/8/4 765/7/4 762/9/4 630/10/4
f 624/11/5 628/12/5 626/13/5 622/14/5
f 627/15/6 629/16/6 768/16/6 769/15/6
f 701/17/7 633/8/7 630/10/7 698/18/7
f 700/19/8 632/6/8 633/8/8 701/17/8
f 699/20/9 631/4/9 632/6/9 700/19/9
f 698/21/10 630/1/10 631/4/10 699/20/10
f 622/22/11 637/23/11 634/24/11 624/25/11
f 624/25/12 634/24/12 635/26/12 628/12/12
f 628/12/13 635/26/13 636/27/13 626/13/13
f 626/13/14 636/27/14 637/28/14 622/29/14
f 730/30/15 638/31/15 639/32/15 731/33/15
f 731/33/16 639/32/16 640/34/16 732/35/16
f 732/35/17 640/34/17 641/36/17 733/37/17
f 733/37/18 641/36/18 638/38/18 730/39/18
f 714/40/19 642/41/19 643/42/19 715/43/19
f 715/43/20 643/42/20 644/44/20 716/45/20
f 716/45/21 644/44/21 645/46/21 717/47/21
f 717/47/22 645/46/22 642/48/22 714/49/22
f 749/50/23 648/51/23 649/52/23 746/53/23
f 748/54/24 647/55/24 648/51/24 749/50/24
f 747/56/25 646/57/25 647/55/25 748/54/25
f 746/58/26 649/59/26 646/57/26 747/56/26
f 725/60/27 652/61/27 653/62/27 722/63/27
f 724/64/150 651/65/150 652/61/150 725/60/150
f 723/66/29 650/67/29 651/65/29 724/64/29
f 722/68/151 653/69/151 650/67/151 723/66/151
f 706/70/31 654/71/31 655/72/31 707/73/31
f 707/73/32 655/72/32 656/74/32 708/75/32
f 708/75/33 656/74/33 657/76/33 709/77/33
f 709/77/34 657/76/34 654/78/34 706/79/34
f 741/80/35 661/81/35 658/82/35 738/83/35
f 740/84/36 660/85/36 661/81/36 741/80/36
f 739/86/37 659/87/37 660/85/37 740/84/37
f 738/88/38 658/89/38 659/87/38 739/86/38
f 754/90/39 665/91/39 662/92/39 755/93/39
f 755/93/40 662/92/40 663/94/40 756/95/40
f 756/95/41 663/94/41 664/96/41 757/97/41
f 757/97/42 664/96/42 665/98/42 754/99/42
f 720/100/43 669/101/43 666/102/43 721/103/43
f 719/104/44 668/105/44 669/101/44 720/100/44
f 718/106/45 667/107/45 668/105/45 719/104/45
f 721/108/46 666/109/46 667/107/46 718/106/46
f 712/110/47 672/111/47 673/112/47 713/113/47
f 711/114/48 671/115/48 672/111/48 712/110/48
f 710/116/49 670/117/49 671/115/49 711/114/49
f 713/118/50 673/119/50 670/117/50 710/116/50
f 705/120/51 674/121/51 675/122/51 702/123/51
f 702/123/52 675/122/52 676/124/52 703/125/52
f 703/125/53 676/124/53 677/126/53 704/127/53
f 704/127/54 677/126/54 674/128/54 705/129/54
f 729/130/55 681/131/55 678/132/55 726/133/55
f 726/133/56 678/132/56 679/134/56 727/135/56
f 727/135/57 679/134/57 680/136/57 728/137/57
f 728/137/58 680/136/58 681/138/58 729/139/58
f 736/140/59 685/141/59 682/142/59 737/143/59
f 735/144/60 684/145/60 685/141/60 736/140/60
f 734/146/61 683/147/61 684/145/61 735/144/61
f 737/148/62 682/149/62 683/147/62 734/146/62
f 745/150/63 689/151/63 686/152/63 742/153/63
f 742/153/64 686/152/64 687/154/64 743/155/64
f 743/155/65 687/154/65 688/156/65 744/157/65
f 744/157/66 688/156/66 689/158/66 745/159/66
f 753/160/67 690/161/67 691/162/67 750/163/67
f 750/163/68 691/162/68 692/164/68 751/165/68
f 751/165/69 692/164/69 693/166/69 752/167/69
f 752/167/70 693/166/70 690/168/70 753/169/70
f 760/170/71 696/171/71 697/172/71 761/173/71
f 759/174/72 695/175/72 696/171/72 760/170/72
f 758/176/73 694/177/73 695/175/73 759/174/73
f 761/178/74 697/179/74 694/177/74 758/176/74
f 674/121/75 698/21/75 699/20/75 675/122/75
f 675/122/76 699/20/76 700/19/76 676/124/76
f 676/124/77 700/19/77 701/17/77 677/126/77
f 677/126/78 701/17/78 698/18/78 674/128/78
f 657/76/79 704/127/79 705/129/79 654/78/79
f 656/74/80 703/125/80 704/127/80 657/76/80
f 655/72/81 702/123/81 703/125/81 656/74/81
f 654/71/82 705/120/82 702/123/82 655/72/82
f 672/111/83 709/77/83 706/79/83 673/112/83
f 671/115/84 708/75/84 709/77/84 672/111/84
f 670/117/85 707/73/85 708/75/85 671/115/85
f 673/119/86 706/70/86 707/73/86 670/117/86
f 642/41/87 713/118/87 710/116/87 643/42/87
f 643/42/88 710/116/88 711/114/88 644/44/88
f 644/44/89 711/114/89 712/110/89 645/46/89
f 645/46/90 712/110/90 713/113/90 642/48/90
f 669/101/91 717/47/91 714/49/91 666/102/91
f 668/105/92 716/45/92 717/47/92 669/101/92
f 667/107/93 715/43/93 716/45/93 668/105/93
f 666/109/94 714/40/94 715/43/94 667/107/94
f 653/69/95 721/108/95 718/106/95 650/67/95
f 650/67/96 718/106/96 719/104/96 651/65/96
f 651/65/97 719/104/97 720/100/97 652/61/97
f 652/61/98 720/100/98 721/103/98 653/62/98
f 681/131/99 722/68/99 723/66/99 678/132/99
f 678/132/100 723/66/100 724/64/100 679/134/100
f 679/134/101 724/64/101 725/60/101 680/136/101
f 680/136/102 725/60/102 722/63/102 681/138/102
f 641/36/103 728/137/103 729/139/103 638/38/103
f 640/34/104 727/135/104 728/137/104 641/36/104
f 639/32/105 726/133/105 727/135/105 640/34/105
f 638/31/106 729/130/106 726/133/106 639/32/106
f 685/141/107 733/37/107 730/39/107 682/142/107
f 684/145/152 732/35/152 733/37/152 685/141/152
f 683/147/109 731/33/109 732/35/109 684/145/109
f 682/149/153 730/30/153 731/33/153 683/147/153
f 658/89/111 737/148/111 734/146/111 659/87/111
f 659/87/112 734/146/112 735/144/112 660/85/112
f 660/85/113 735/144/113 736/140/113 661/81/113
f 661/81/114 736/140/114 737/143/114 658/82/114
f 689/151/115 738/88/115 739/86/115 686/152/115
f 686/152/116 739/86/116 740/84/116 687/154/116
f 687/154/117 740/84/117 741/80/117 688/156/117
f 688/156/118 741/80/118 738/83/118 689/158/118
f 648/51/119 744/157/119 745/159/119 649/52/119
f 647/55/120 743/155/120 744/157/120 648/51/120
f 646/57/121 742/153/121 743/155/121 647/55/121
f 649/59/122 745/150/122 742/153/122 646/57/122
f 690/161/123 746/58/123 747/56/123 691/162/123
f 691/162/124 747/56/124 748/54/124 692/164/124
f 692/164/125 748/54/125 749/50/125 693/166/125
f 693/166/126 749/50/126 746/53/126 690/168/126
f 664/96/127 752/167/127 753/169/127 665/98/127
f 663/94/128 751/165/128 752/167/128 664/96/128
f 662/92/129 750/163/129 751/165/129 663/94/129
f 665/91/130 753/160/130 750/163/130 662/92/130
f 696/171/131 757/97/131 754/99/131 697/172/131
f 695/175/132 756/95/132 757/97/132 696/171/132
f 694/177/133 755/93/133 756/95/133 695/175/133
f 697/179/134 754/90/134 755/93/134 694/177/134
f 637/23/135 761/178/135 758/176/135 634/24/135
f 634/24/136 758/176/136 759/174/136 635/26/136
f 635/26/137 759/174/137 760/170/137 636/27/137
f 636/27/138 760/170/138 761/173/138 637/28/138
f 623/180/139 625/181/139 763/182/139 762/183/139
f 625/181/139 629/16/139 764/5/139 763/182/139
f 629/16/139 627/15/139 765/7/139 764/5/139
f 627/15/139 623/180/139 762/183/139 765/7/139
f 768/16/139 767/181/139 766/180/139 769/15/139
f 625/181/140 623/180/140 766/180/140 767/181/140
f 623/180/141 627/15/141 769/15/141 766/180/141
f 629/16/142 625/181/142 767/181/142 768/16/142
f 778/1/1 910/2/1 911/3/1 779/4/1
f 779/4/2 911/3/2 912/5/2 780/6/2
f 780/6/3 912/5/3 913/7/3 781/8/3
f 781/8/4 913/7/4 910/9/4 778/10/4
f 772/11/5 776/12/5 774/13/5 770/14/5
f 775/15/6 777/16/6 916/16/6 917/15/6
f 849/17/7 781/8/7 778/10/7 846/18/7
f 848/19/8 780/6/8 781/8/8 849/17/8
f 847/20/9 779/4/9 780/6/9 848/19/9
f 846/21/10 778/1/10 779/4/10 847/20/10
f 770/22/11 785/23/11 782/24/11 772/25/11
f 772/25/12 782/24/12 783/26/12 776/12/12
f 776/12/13 783/26/13 784/27/13 774/13/13
f 774/13/14 784/27/14 785/28/14 770/29/14
f 878/30/15 786/31/15 787/32/15 879/33/15
f 879/33/16 787/32/16 788/34/16 880/35/16
f 880/35/17 788/34/17 789/36/17 881/37/17
f 881/37/18 789/36/18 786/38/18 878/39/18
f 862/40/19 790/41/19 791/42/19 863/43/19
f 863/43/20 791/42/20 792/44/20 864/45/20
f 864/45/21 792/44/21 793/46/21 865/47/21
f 865/47/22 793/46/22 790/48/22 862/49/22
f 897/50/23 796/51/23 797/52/23 894/53/23
f 896/54/24 795/55/24 796/51/24 897/50/24
f 895/56/25 794/57/25 795/55/25 896/54/25
f 894/58/26 797/59/26 794/57/26 895/56/26
f 873/60/27 800/61/27 801/62/27 870/63/27
f 872/64/150 799/65/150 800/61/150 873/60/150
f 871/66/29 798/67/29 799/65/29 872/64/29
f 870/68/151 801/69/151 798/67/151 871/66/151
f 854/70/31 802/71/31 803/72/31 855/73/31
f 855/73/32 803/72/32 804/74/32 856/75/32
f 856/75/33 804/74/33 805/76/33 857/77/33
f 857/77/34 805/76/34 802/78/34 854/79/34
f 889/80/35 809/81/35 806/82/35 886/83/35
f 888/84/36 808/85/36 809/81/36 889/80/36
f 887/86/37 807/87/37 808/85/37 888/84/37
f 886/88/38 806/89/38 807/87/38 887/86/38
f 902/90/39 813/91/39 810/92/39 903/93/39
f 903/93/40 810/92/40 811/94/40 904/95/40
f 904/95/41 811/94/41 812/96/41 905/97/41
f 905/97/42 812/96/42 813/98/42 902/99/42
f 868/100/43 817/101/43 814/102/43 869/103/43
f 867/104/44 816/105/44 817/101/44 868/100/44
f 866/106/45 815/107/45 816/105/45 867/104/45
f 869/108/46 814/109/46 815/107/46 866/106/46
f 860/110/47 820/111/47 821/112/47 861/113/47
f 859/114/48 819/115/48 820/111/48 860/110/48
f 858/116/49 818/117/49 819/115/49 859/114/49
f 861/118/50 821/119/50 818/117/50 858/116/50
f 853/120/51 822/121/51 823/122/51 850/123/51
f 850/123/52 823/122/52 824/124/52 851/125/52
f 851/125/53 824/124/53 825/126/53 852/127/53
f 852/127/54 825/126/54 822/128/54 853/129/54
f 877/130/55 829/131/55 826/132/55 874/133/55
f 874/133/56 826/132/56 827/134/56 875/135/56
f 875/135/57 827/134/57 828/136/57 876/137/57
f 876/137/58 828/136/58 829/138/58 877/139/58
f 884/140/59 833/141/59 830/142/59 885/143/59
f 883/144/60 832/145/60 833/141/60 884/140/60
f 882/146/61 831/147/61 832/145/61 883/144/61
f 885/148/62 830/149/62 831/147/62 882/146/62
f 893/150/63 837/151/63 834/152/63 890/153/63
f 890/153/64 834/152/64 835/154/64 891/155/64
f 891/155/65 835/154/65 836/156/65 892/157/65
f 892/157/66 836/156/66 837/158/66 893/159/66
f 901/160/67 838/161/67 839/162/67 898/163/67
f 898/163/68 839/162/68 840/164/68 899/165/68
f 899/165/69 840/164/69 841/166/69 900/167/69
f 900/167/70 841/166/70 838/168/70 901/169/70
f 908/170/71 844/171/71 845/172/71 909/173/71
f 907/174/72 843/175/72 844/171/72 908/170/72
f 906/176/73 842/177/73 843/175/73 907/174/73
f 909/178/74 845/179/74 842/177/74 906/176/74
f 822/121/75 846/21/75 847/20/75 823/122/75
f 823/122/76 847/20/76 848/19/76 824/124/76
f 824/124/77 848/19/77 849/17/77 825/126/77
f 825/126/78 849/17/78 846/18/78 822/128/78
f 805/76/79 852/127/79 853/129/79 802/78/79
f 804/74/80 851/125/80 852/127/80 805/76/80
f 803/72/81 850/123/81 851/125/81 804/74/81
f 802/71/82 853/120/82 850/123/82 803/72/82
f 820/111/83 857/77/83 854/79/83 821/112/83
f 819/115/84 856/75/84 857/77/84 820/111/84
f 818/117/85 855/73/85 856/75/85 819/115/85
f 821/119/86 854/70/86 855/73/86 818/117/86
f 790/41/87 861/118/87 858/116/87 791/42/87
f 791/42/88 858/116/88 859/114/88 792/44/88
f 792/44/89 859/114/89 860/110/89 793/46/89
f 793/46/90 860/110/90 861/113/90 790/48/90
f 817/101/91 865/47/91 862/49/91 814/102/91
f 816/105/92 864/45/92 865/47/92 817/101/92
f 815/107/93 863/43/93 864/45/93 816/105/93
f 814/109/94 862/40/94 863/43/94 815/107/94
f 801/69/95 869/108/95 866/106/95 798/67/95
f 798/67/96 866/106/96 867/104/96 799/65/96
f 799/65/97 867/104/97 868/100/97 800/61/97
f 800/61/98 868/100/98 869/103/98 801/62/98
f 829/131/99 870/68/99 871/66/99 826/132/99
f 826/132/100 871/66/100 872/64/100 827/134/100
f 827/134/101 872/64/101 873/60/101 828/136/101
f 828/136/102 873/60/102 870/63/102 829/138/102
f 789/36/103 876/137/103 877/139/103 786/38/103
f 788/34/104 875/135/104 876/137/104 789/36/104
f 787/32/105 874/133/105 875/135/105 788/34/105
f 786/31/106 877/130/106 874/133/106 787/32/106
f 833/141/107 881/37/107 878/39/107 830/142/107
f 832/145/152 880/35/152 881/37/152 833/141/152
f 831/147/109 879/33/109 880/35/109 832/145/109
f 830/149/153 878/30/153 879/33/153 831/147/153
f 806/89/111 885/148/111 882/146/111 807/87/111
f 807/87/112 882/146/112 883/144/112 808/85/112
f 808/85/113 883/144/113 884/140/113 809/81/113
f 809/81/114 884/140/114 885/143/114 806/82/114
f 837/151/115 886/88/115 887/86/115 834/152/115
f 834/152/116 887/86/116 888/84/116 835/154/116
f 835/154/117 888/84/117 889/80/117 836/156/117
f 836/156/118 889/80/118 886/83/118 837/158/118
f 796/51/119 892/157/119 893/159/119 797/52/119
f 795/55/120 891/155/120 892/157/120 796/51/120
f 794/57/121 890/153/121 891/155/121 795/55/121
f 797/59/122 893/150/122 890/153/122 794/57/122
f 838/161/123 894/58/123 895/56/123 839/162/123
f 839/162/124 895/56/124 896/54/124 840/164/124
f 840/164/125 896/54/125 897/50/125 841/166/125
f 841/166/126 897/50/126 894/53/126 838/168/126
f 812/96/127 900/167/127 901/169/127 813/98/127
f 811/94/128 899/165/128 900/167/128 812/96/128
f 810/92/129 898/163/129 899/165/129 811/94/129
f 813/91/130 901/160/130 898/163/130 810/92/130
f 844/171/131 905/97/131 902/99/131 845/172/131
f 843/175/132 904/95/132 905/97/132 844/171/132
f 842/177/133 903/93/133 904/95/133 843/175/133
f 845/179/134 902/90/134 903/93/134 842/177/134
f 785/23/135 909/178/135 906/176/135 782/24/135
f 782/24/136 906/176/136 907/174/136 783/26/136
f 783/26/137 907/174/137 908/170/137 784/27/137
f 784/27/138 908/170/138 909/173/138 785/28/138
f 771/180/139 773/181/139 911/182/139 910/183/139
f 773/181/139 777/16/139 912/5/139 911/182/139
f 777/16/139 775/15/139 913/7/139 912/5/139
f 775/15/139 771/180/139 910/183/139 913/7/139
f 916/16/139 915/181/139 914/180/139 917/15/139
f 773/181/140 771/180/140 914/180/140 915/181/140
f 771/180/141 775/15/141 917/15/141 914/180/141
f 777/16/142 773/181/142 915/181/142 916/16/142
f 926/1/1 1058/2/1 1059/3/1 927/4/1
f 927/4/2 1059/3/2 1060/5/2 928/6/2
f 928/6/3 1060/5/3 1061/7/3 929/8/3
f 929/8/4 1061/7/4 1058/9/4 926/10/4
f 920/11/5 924/12/5 922/13/5 918/14/5
f 923/15/6 925/16/6 1064/16/6 1065/15/6
f 997/17/7 929/8/7 926/10/7 994/18/7
f 996/19/8 928/6/8 929/8/8 997/17/8
f 995/20/9 927/4/9 928/6/9 996/19/9
f 994/21/10 926/1/10 927/4/10 995/20/10
f 918/22/11 933/23/11 930/24/11 920/25/11
f 920/25/12 930/24/12 931/26/12 924/12/12
f 924/12/13 931/26/13 932/27/13 922/13/13
f 922/13/14 932/27/14 933/28/14 918/29/14
f 1026/30/15 934/31/15 935/32/15 1027/33/15
f 1027/33/16 935/32/16 936/34/16 1028/35/16
f 1028/35/17 936/34/17 937/36/17 1029/37/17
f 1029/37/18 937/36/18 934/38/18 1026/39/18
f 1010/40/19 938/41/19 939/42/19 1011/43/19
f 1011/43/20 939/42/20 940/44/20 1012/45/20
f 1012/45/21 940/44/21 941/46/21 1013/47/21
f 1013/47/22 941/46/22 938/48/22 1010/49/22
f 1045/50/23 944/51/23 945/52/23 1042/53/23
f 1044/54/24 943/55/24 944/51/24 1045/50/24
f 1043/56/25 942/57/25 943/55/25 1044/54/25
f 1042/58/26 945/59/26 942/57/26 1043/56/26
f 1021/60/27 948/61/27 949/62/27 1018/63/27
f 1020/64/150 947/65/150 948/61/150 1021/60/150
f 1019/66/29 946/67/29 947/65/29 1020/64/29
f 1018/68/151 949/69/151 946/67/151 1019/66/151
f 1002/70/31 950/71/31 951/72/31 1003/73/31
f 1003/73/32 951/72/32 952/74/32 1004/75/32
f 1004/75/33 952/74/33 953/76/33 1005/77/33
f 1005/77/34 953/76/34 950/78/34 1002/79/34
f 1037/80/35 957/81/35 954/82/35 1034/83/35
f 1036/84/36 956/85/36 957/81/36 1037/80/36
f 1035/86/37 955/87/37 956/85/37 1036/84/37
f 1034/88/38 954/89/38 955/87/38 1035/86/38
f 1050/90/39 961/91/39 958/92/39 1051/93/39
f 1051/93/40 958/92/40 959/94/40 1052/95/40
f 1052/95/41 959/94/41 960/96/41 1053/97/41
f 1053/97/42 960/96/42 961/98/42 1050/99/42
f 1016/100/43 965/101/43 962/102/43 1017/103/43
f 1015/104/44 964/105/44 965/101/44 1016/100/44
f 1014/106/45 963/107/45 964/105/45 1015/104/45
f 1017/108/46 962/109/46 963/107/46 1014/106/46
f 1008/110/47 968/111/47 969/112/47 1009/113/47
f 1007/114/48 967/115/48 968/111/48 1008/110/48
f 1006/116/49 966/117/49 967/115/49 1007/114/49
f 1009/118/50 969/119/50 966/117/50 1006/116/50
f 1001/120/51 970/121/51 971/122/51 998/123/51
f 998/123/52 971/122/52 972/124/52 999/125/52
f 999/125/53 972/124/53 973/126/53 1000/127/53
f 1000/127/54 973/126/54 970/128/54 1001/129/54
f 1025/130/55 977/131/55 974/132/55 1022/133/55
f 1022/133/56 974/132/56 975/134/56 1023/135/56
f 1023/135/57 975/134/57 976/136/57 1024/137/57
f 1024/137/58 976/136/58 977/138/58 1025/139/58
f 1032/140/59 981/141/59 978/142/59 1033/143/59
f 1031/144/60 980/145/60 981/141/60 1032/140/60
f 1030/146/61 979/147/61 980/145/61 1031/144/61
f 1033/148/62 978/149/62 979/147/62 1030/146/62
f 1041/150/63 985/151/63 982/152/63 1038/153/63
f 1038/153/64 982/152/64 983/154/64 1039/155/64
f 1039/155/65 983/154/65 984/156/65 1040/157/65
f 1040/157/66 984/156/66 985/158/66 1041/159/66
f 1049/160/67 986/161/67 987/162/67 1046/163/67
f 1046/163/68 987/162/68 988/164/68 1047/165/68
f 1047/165/69 988/164/69 989/166/69 1048/167/69
f 1048/167/70 989/166/70 986/168/70 1049/169/70
f 1056/170/71 992/171/71 993/172/71 1057/173/71
f 1055/174/72 991/175/72 992/171/72 1056/170/72
f 1054/176/73 990/177/73 991/175/73 1055/174/73
f 1057/178/74 993/179/74 990/177/74 1054/176/74
f 970/121/75 994/21/75 995/20/75 971/122/75
f 971/122/76 995/20/76 996/19/76 972/124/76
f 972/124/77 996/19/77 997/17/77 973/126/77
f 973/126/78 997/17/78 994/18/78 970/128/78
f 953/76/79 1000/127/79 1001/129/79 950/78/79
f 952/74/80 999/125/80 1000/127/80 953/76/80
f 951/72/81 998/123/81 999/125/81 952/74/81
f 950/71/82 1001/120/82 998/123/82 951/72/82
f 968/111/83 1005/77/83 1002/79/83 969/112/83
f 967/115/84 1004/75/84 1005/77/84 968/111/84
f 966/117/85 1003/73/85 1004/75/85 967/115/85
f 969/119/86 1002/70/86 1003/73/86 966/117/86
f 938/41/87 1009/118/87 1006/116/87 939/42/87
f 939/42/88 1006/116/88 1007/114/88 940/44/88
f 940/44/89 1007/114/89 1008/110/89 941/46/89
f 941/46/90 1008/110/90 1009/113/90 938/48/90
f 965/101/91 1013/47/91 1010/49/91 962/102/91
f 964/105/92 1012/45/92 1013/47/92 965/101/92
f 963/107/93 1011/43/93 1012/45/93 964/105/93
f 962/109/94 1010/40/94 1011/43/94 963/107/94
f 949/69/95 1017/108/95 1014/106/95 946/67/95
f 946/67/96 1014/106/96 1015/104/96 947/65/96
f 947/65/97 1015/104/97 1016/100/97 948/61/97
f 948/61/98 1016/100/98 1017/103/98 949/62/98
f 977/131/99 1018/68/99 1019/66/99 974/132/99
f 974/132/100 1019/66/100 1020/64/100 975/134/100
f 975/134/101 1020/64/101 1021/60/101 976/136/101
f 976/136/102 1021/60/102 1018/63/102 977/138/102
f 937/36/103 1024/137/103 1025/139/103 934/38/103
f 936/34/104 1023/135/104 1024/137/104 937/36/104
f 935/32/105 1022/133/105 1023/135/105 936/34/105
f 934/31/106 1025/130/106 1022/133/106 935/32/106
f 981/141/107 1029/37/107 1026/39/107 978/142/107
f 980/145/152 1028/35/152 1029/37/152 981/141/152
f 979/147/109 1027/33/109 1028/35/109 980/145/109
f 978/149/153 1026/30/153 1027/33/153 979/147/153
f 954/89/111 1033/148/111 1030/146/111 955/87/111
f 955/87/112 1030/146/112 1031/144/112 956/85/112
f 956/85/113 1031/144/113 1032/140/113 957/81/113
f 957/81/114 1032/140/114 1033/143/114 954/82/114
f 985/151/115 1034/88/115 1035/86/115 982/152/115
f 982/152/116 1035/86/116 1036/84/116 983/154/116
f 983/154/117 1036/84/117 1037/80/117 984/156/117
f 984/156/118 1037/80/118 1034/83/118 985/158/118
f 944/51/119 1040/157/119 1041/159/119 945/52/119
f 943/55/120 1039/155/120 1040/157/120 944/51/120
f 942/57/121 1038/153/121 1039/155/121 943/55/121
f 945/59/122 1041/150/122 1038/153/122 942/57/122
f 986/161/123 1042/58/123 1043/56/123 987/162/123
f 987/162/124 1043/56/124 1044/54/124 988/164/124
f 988/164/125 1044/54/125 1045/50/125 989/166/125
f 989/166/126 1045/50/126 1042/53/126 986/168/126
f 960/96/127 1048/167/127 1049/169/127 961/98/127
f 959/94/128 1047/165/128 1048/167/128 960/96/128
f 958/92/129 1046/163/129 1047/165/129 959/94/129
f 961/91/130 1049/160/130 1046/163/130 958/92/130
f 992/171/131 1053/97/131 1050/99/131 993/172/131
f 991/175/132 1052/95/132 1053/97/132 992/171/132
f 990/177/133 1051/93/133 1052/95/133 991/175/133
f 993/179/134 1050/90/134 1051/93/134 990/177/134
f 933/23/135 1057/178/135 1054/176/135 930/24/135
f 930/24/136 1054/176/136 1055/174/136 931/26/136
f 931/26/137 1055/174/137 1056/170/137 932/27/137
f 932/27/138 1056/170/138 1057/173/138 933/28/138
f 919/180/139 921/181/139 1059/182/139 1058/183/139
f 921/181/139 925/16/139 1060/5/139 1059/182/139
f 925/16/139 923/15/139 1061/7/139 1060/5/139
f 923/15/139 919/180/139 1058/183/139 1061/7/139
f 1064/16/139 1063/181/139 1062/180/139 1065/15/139
f 921/181/140 919/180/140 1062/180/140 1063/181/140
f 919/180/141 923/15/141 1065/15/141 1062/180/141
f 925/16/142 921/181/142 1063/181/142 1064/16/142
f 1074/1/1 1206/2/1 1207/3/1 1075/4/1
f 1075/4/2 1207/3/2 1208/5/2 1076/6/2
f 1076/6/3 1208/5/3 1209/7/3 1077/8/3
f 1077/8/4 1209/7/4 1206/9/4 1074/10/4
f 1068/11/5 1072/12/5 1070/13/5 1066/14/5
f 1071/15/6 1073/16/6 1212/16/6 1213/15/6
f 1145/17/7 1077/8/7 1074/10/7 1142/18/7
f 1144/19/8 1076/6/8 1077/8/8 1145/17/8
f 1143/20/9 1075/4/9 1076/6/9 1144/19/9
f 1142/21/10 1074/1/10 1075/4/10 1143/20/10
f 1066/22/11 1081/23/11 1078/24/11 1068/25/11
f 1068/25/12 1078/24/12 1079/26/12 1072/12/12
f 1072/12/13 1079/26/13 1080/27/13 1070/13/13
f 1070/13/14 1080/27/14 1081/28/14 1066/29/14
f 1174/30/15 1082/31/15 1083/32/15 1175/33/15
f 1175/33/16 1083/32/16 1084/34/16 1176/35/16
f 1176/35/17 1084/34/17 1085/36/17 1177/37/17
f 1177/37/18 1085/36/18 1082/38/18 1174/39/18
f 1158/40/19 1086/41/19 1087/42/19 1159/43/19
f 1159/43/20 1087/42/20 1088/44/20 1160/45/20
f 1160/45/21 1088/44/21 1089/46/21 1161/47/21
f 1161/47/22 1089/46/22 1086/48/22 1158/49/22
f 1193/50/23 1092/51/23 1093/52/23 1190/53/23
f 1192/54/24 1091/55/24 1092/51/24 1193/50/24
f 1191/56/25 1090/57/25 1091/55/25 1192/54/25
f 1190/58/26 1093/59/26 1090/57/26 1191/56/26
f 1169/60/27 1096/61/27 1097/62/27 1166/63/27
f 1168/64/28 1095/65/28 1096/61/28 1169/60/28
f 1167/66/29 1094/67/29 1095/65/29 1168/64/29
f 1166/68/30 1097/69/30 1094/67/30 1167/66/30
f 1150/70/31 1098/71/31 1099/72/31 1151/73/31
f 1151/73/32 1099/72/32 1100/74/32 1152/75/32
f 1152/75/33 1100/74/33 1101/76/33 1153/77/33
f 1153/77/34 1101/76/34 1098/78/34 1150/79/34
f 1185/80/35 1105/81/35 1102/82/35 1182/83/35
f 1184/84/36 1104/85/36 1105/81/36 1185/80/36
f 1183/86/37 1103/87/37 1104/85/37 1184/84/37
f 1182/88/38 1102/89/38 1103/87/38 1183/86/38
f 1198/90/39 1109/91/39 1106/92/39 1199/93/39
f 1199/93/40 1106/92/40 1107/94/40 1200/95/40
f 1200/95/41 1107/94/41 1108/96/41 1201/97/41
f 1201/97/42 1108/96/42 1109/98/42 1198/99/42
f 1164/100/43 1113/101/43 1110/102/43 1165/103/43
f 1163/104/44 1112/105/44 1113/101/44 1164/100/44
f 1162/106/45 1111/107/45 1112/105/45 1163/104/45
f 1165/108/46 1110/109/46 1111/107/46 1162/106/46
f 1156/110/47 1116/111/47 1117/112/47 1157/113/47
f 1155/114/48 1115/115/48 1116/111/48 1156/110/48
f 1154/116/49 1114/117/49 1115/115/49 1155/114/49
f 1157/118/50 1117/119/50 1114/117/50 1154/116/50
f 1149/120/51 1118/121/51 1119/122/51 1146/123/51
f 1146/123/52 1119/122/52 1120/124/52 1147/125/52
f 1147/125/53 1120/124/53 1121/126/53 1148/127/53
f 1148/127/54 1121/126/54 1118/128/54 1149/129/54
f 1173/130/55 1125/131/55 1122/132/55 1170/133/55
f 1170/133/56 1122/132/56 1123/134/56 1171/135/56
f 1171/135/57 1123/134/57 1124/136/57 1172/137/57
f 1172/137/58 1124/136/58 1125/138/58 1173/139/58
f 1180/140/59 1129/141/59 1126/142/59 1181/143/59
f 1179/144/60 1128/145/60 1129/141/60 1180/140/60
f 1178/146/61 1127/147/61 1128/145/61 1179/144/61
f 1181/148/62 1126/149/62 1127/147/62 1178/146/62
f 1189/150/63 1133/151/63 1130/152/63 1186/153/63
f 1186/153/64 1130/152/64 1131/154/64 1187/155/64
f 1187/155/65 1131/154/65 1132/156/65 1188/157/65
f 1188/157/66 1132/156/66 1133/158/66 1189/159/66
f 1197/160/67 1134/161/67 1135/162/67 1194/163/67
f 1194/163/68 1135/162/68 1136/164/68 1195/165/68
f 1195/165/69 1136/164/69 1137/166/69 1196/167/69
f 1196/167/70 1137/166/70 1134/168/70 1197/169/70
f 1204/170/71 1140/171/71 1141/172/71 1205/173/71
f 1203/174/72 1139/175/72 1140/171/72 1204/170/72
f 1202/176/73 1138/177/73 1139/175/73 1203/174/73
f 1205/178/74 1141/179/74 1138/177/74 1202/176/74
f 1118/121/75 1142/21/75 1143/20/75 1119/122/75
f 1119/122/76 1143/20/76 1144/19/76 1120/124/76
f 1120/124/77 1144/19/77 1145/17/77 1121/126/77
f 1121/126/78 1145/17/78 1142/18/78 1118/128/78
f 1101/76/79 1148/127/79 1149/129/79 1098/78/79
f 1100/74/80 1147/125/80 1148/127/80 1101/76/80
f 1099/72/81 1146/123/81 1147/125/81 1100/74/81
f 1098/71/82 1149/120/82 1146/123/82 1099/72/82
f 1116/111/83 1153/77/83 1150/79/83 1117/112/83
f 1115/115/84 1152/75/84 1153/77/84 1116/111/84
f 1114/117/85 1151/73/85 1152/75/85 1115/115/85
f 1117/119/86 1150/70/86 1151/73/86 1114/117/86
f 1086/41/87 1157/118/87 1154/116/87 1087/42/87
f 1087/42/88 1154/116/88 1155/114/88 1088/44/88
f 1088/44/89 1155/114/89 1156/110/89 1089/46/89
f 1089/46/90 1156/110/90 1157/113/90 1086/48/90
f 1113/101/91 1161/47/91 1158/49/91 1110/102/91
f 1112/105/92 1160/45/92 1161/47/92 1113/101/92
f 1111/107/93 1159/43/93 1160/45/93 1112/105/93
f 1110/109/94 1158/40/94 1159/43/94 1111/107/94
f 1097/69/95 1165/108/95 1162/106/95 1094/67/95
f 1094/67/96 1162/106/96 1163/104/96 1095/65/96
f 1095/65/97 1163/104/97 1164/100/97 1096/61/97
f 1096/61/98 1164/100/98 1165/103/98 1097/62/98
f 1125/131/99 1166/68/99 1167/66/99 1122/132/99
f 1122/132/100 1167/66/100 1168/64/100 1123/134/100
f 1123/134/101 1168/64/101 1169/60/101 1124/136/101
f 1124/136/102 1169/60/102 1166/63/102 1125/138/102
f 1085/36/103 1172/137/103 1173/139/103 1082/38/103
f 1084/34/104 1171/135/104 1172/137/104 1085/36/104
f 1083/32/105 1170/133/105 1171/135/105 1084/34/105
f 1082/31/106 1173/130/106 1170/133/106 1083/32/106
f 1129/141/107 1177/37/107 1174/39/107 1126/142/107
f 1128/145/108 1176/35/108 1177/37/108 1129/141/108
f 1127/147/109 1175/33/109 1176/35/109 1128/145/109
f 1126/149/110 1174/30/110 1175/33/110 1127/147/110
f 1102/89/111 1181/148/111 1178/146/111 1103/87/111
f 1103/87/112 1178/146/112 1179/144/112 1104/85/112
f 1104/85/113 1179/144/113 1180/140/113 1105/81/113
f 1105/81/114 1180/140/114 1181/143/114 1102/82/114
f 1133/151/115 1182/88/115 1183/86/115 1130/152/115
f 1130/152/116 1183/86/116 1184/84/116 1131/154/116
f 1131/154/117 1184/84/117 1185/80/117 1132/156/117
f 1132/156/118 1185/80/118 1182/83/118 1133/158/118
f 1092/51/119 1188/157/119 1189/159/119 1093/52/119
f 1091/55/120 1187/155/120 1188/157/120 1092/51/120
f 1090/57/121 1186/153/121 1187/155/121 1091/55/121
f 1093/59/122 1189/150/122 1186/153/122 1090/57/122
f 1134/161/123 1190/58/123 1191/56/123 1135/162/123
f 1135/162/124 1191/56/124 1192/54/124 1136/164/124
f 1136/164/125 1192/54/125 1193/50/125 1137/166/125
f 1137/166/126 1193/50/126 1190/53/126 1134/168/126
f 1108/96/127 1196/167/127 1197/169/127 1109/98/127
f 1107/94/128 1195/165/128 1196/167/128 1108/96/128
f 1106/92/129 1194/163/129 1195/165/129 1107/94/129
f 1109/91/130 1197/160/130 1194/163/130 1106/92/130
f 1140/171/131 1201/97/131 1198/99/131 1141/172/131
f 1139/175/132 1200/95/132 1201/97/132 1140/171/132
f 1138/177/133 1199/93/133 1200/95/133 1139/175/133
f 1141/179/134 1198/90/134 1199/93/134 1138/177/134
f 1081/23/135 1205/178/135 1202/176/135 1078/24/135
f 1078/24/136 1202/176/136 1203/174/136 1079/26/136
f 1079/26/137 1203/174/137 1204/170/137 1080/27/137
f 1080/27/138 1204/170/138 1205/173/138 1081/28/138
f 1067/180/139 1069/181/139 1207/182/139 1206/183/139
f 1069/181/139 1073/16/139 1208/5/139 1207/182/139
f 1073/16/139 1071/15/139 1209/7/139 1208/5/139
f 1071/15/139 1067/180/139 1206/183/139 1209/7/139
f 1212/16/139 1211/181/139 1210/180/139 1213/15/139
f 1069/181/140 1067/180/140 1210/180/140 1211/181/140
f 1067/180/141 1071/15/141 1213/15/141 1210/180/141
f 1073/16/142 1069/181/142 1211/181/142 1212/16/142
f 1222/1/1 1354/2/1 1355/3/1 1223/4/1
f 1223/4/2 1355/3/2 1356/5/2 1224/6/2
f 1224/6/3 1356/5/3 1357/7/3 1225/8/3
f 1225/8/4 1357/7/4 1354/9/4 1222/10/4
f 1216/11/5 1220/12/5 1218/13/5 1214/14/5
f 1219/15/6 1221/16/6 1360/16/6 1361/15/6
f 1293/17/7 1225/8/7 1222/10/7 1290/18/7
f 1292/19/8 1224/6/8 1225/8/8 1293/17/8
f 1291/20/9 1223/4/9 1224/6/9 1292/19/9
f 1290/21/10 1222/1/10 1223/4/10 1291/20/10
f 1214/22/11 1229/23/11 1226/24/11 1216/25/11
f 1216/25/12 1226/24/12 1227/26/12 1220/12/12
f 1220/12/13 1227/26/13 1228/27/13 1218/13/13
f 1218/13/14 1228/27/14 1229/28/14 1214/29/14
f 1322/30/15 1230/31/15 1231/32/15 1323/33/15
f 1323/33/16 1231/32/16 1232/34/16 1324/35/16
f 1324/35/17 1232/34/17 1233/36/17 1325/37/17
f 1325/37/18 1233/36/18 1230/38/18 1322/39/18
f 1306/40/19 1234/41/19 1235/42/19 1307/43/19
f 1307/43/20 1235/42/20 1236/44/20 1308/45/20
f 1308/45/21 1236/44/21 1237/46/21 1309/47/21
f 1309/47/22 1237/46/22 1234/48/22 1306/49/22
f 1341/50/23 1240/51/23 1241/52/23 1338/53/23
f 1340/54/24 1239/55/24 1240/51/24 1341/50/24
f 1339/56/25 1238/57/25 1239/55/25 1340/54/25
f 1338/58/26 1241/59/26 1238/57/26 1339/56/26
f 1317/60/27 1244/61/27 1245/62/27 1314/63/27
f 1316/64/28 1243/65/28 1244/61/28 1317/60/28
f 1315/66/29 1242/67/29 1243/65/29 1316/64/29
f 1314/68/30 1245/69/30 1242/67/30 1315/66/30
f 1298/70/31 1246/71/31 1247/72/31 1299/73/31
f 1299/73/32 1247/72/32 1248/74/32 1300/75/32
f 1300/75/33 1248/74/33 1249/76/33 1301/77/33
f 1301/77/34 1249/76/34 1246/78/34 1298/79/34
f 1333/80/35 1253/81/35 1250/82/35 1330/83/35
f 1332/84/36 1252/85/36 1253/81/36 1333/80/36
f 1331/86/37 1251/87/37 1252/85/37 1332/84/37
f 1330/88/38 1250/89/38 1251/87/38 1331/86/38
f 1346/90/39 1257/91/39 1254/92/39 1347/93/39
f 1347/93/40 1254/92/40 1255/94/40 1348/95/40
f 1348/95/41 1255/94/41 1256/96/41 1349/97/41
f 1349/97/42 1256/96/42 1257/98/42 1346/99/42
f 1312/100/43 1261/101/43 1258/102/43 1313/103/43
f 1311/104/44 1260/105/44 1261/101/44 1312/100/44
f 1310/106/45 1259/107/45 1260/105/45 1311/104/45
f 1313/108/46 1258/109/46 1259/107/46 1310/106/46
f 1304/110/47 1264/111/47 1265/112/47 1305/113/47
f 1303/114/48 1263/115/48 1264/111/48 1304/110/48
f 1302/116/49 1262/117/49 1263/115/49 1303/114/49
f 1305/118/50 1265/119/50 1262/117/50 1302/116/50
f 1297/120/51 1266/121/51 1267/122/51 1294/123/51
f 1294/123/52 1267/122/52 1268/124/52 1295/125/52
f 1295/125/53 1268/124/53 1269/126/53 1296/127/53
f 1296/127/54 1269/126/54 1266/128/54 1297/129/54
f 1321/130/55 1273/131/55 1270/132/55 1318/133/55
f 1318/133/56 1270/132/56 1271/134/56 1319/135/56
f 1319/135/57 1271/134/57 1272/136/57 1320/137/57
f 1320/137/58 1272/136/58 1273/138/58 1321/139/58
f 1328/140/59 1277/141/59 1274/142/59 1329/143/59
f 1327/144/60 1276/145/60 1277/141/60 1328/140/60
f 1326/146/61 1275/147/61 1276/145/61 1327/144/61
f 1329/148/62 1274/149/62 1275/147/62 1326/146/62
f 1337/150/63 1281/151/63 1278/152/63 1334/153/63
f 1334/153/64 1278/152/64 1279/154/64 1335/155/64
f 1335/155/65 1279/154/65 1280/156/65 1336/157/65
f 1336/157/66 1280/156/66 1281/158/66 1337/159/66
f 1345/160/67 1282/161/67 1283/162/67 1342/163/67
f 1342/163/68 1283/162/68 1284/164/68 1343/165/68
f 1343/165/69 1284/164/69 1285/166/69 1344/167/69
f 1344/167/70 1285/166/70 1282/168/70 1345/169/70
f 1352/170/71 1288/171/71 1289/172/71 1353/173/71
f 1351/174/72 1287/175/72 1288/171/72 1352/170/72
f 1350/176/73 1286/177/73 1287/175/73 1351/174/73
f 1353/178/74 1289/179/74 1286/177/74 1350/176/74
f 1266/121/75 1290/21/75 1291/20/75 1267/122/75
f 1267/122/76 1291/20/76 1292/19/76 1268/124/76
f 1268/124/77 1292/19/77 1293/17/77 1269/126/77
f 1269/126/78 1293/17/78 1290/18/78 1266/128/78
f 1249/76/79 1296/127/79 1297/129/79 1246/78/79
f 1248/74/80 1295/125/80 1296/127/80 1249/76/80
f 1247/72/81 1294/123/81 1295/125/81 1248/74/81
f 1246/71/82 1297/120/82 1294/123/82 1247/72/82
f 1264/111/83 1301/77/83 1298/79/83 1265/112/83
f 1263/115/84 1300/75/84 1301/77/84 1264/111/84
f 1262/117/85 1299/73/85 1300/75/85 1263/115/85
f 1265/119/86 1298/70/86 1299/73/86 1262/117/86
f 1234/41/87 1305/118/87 1302/116/87 1235/42/87
f 1235/42/88 1302/116/88 1303/114/88 1236/44/88
f 1236/44/89 1303/114/89 1304/110/89 1237/46/89
f 1237/46/90 1304/110/90 1305/113/90 1234/48/90
f 1261/101/91 1309/47/91 1306/49/91 1258/102/91
f 1260/105/92 1308/45/92 1309/47/92 1261/101/92
f 1259/107/93 1307/43/93 1308/45/93 1260/105/93
f 1258/109/94 1306/40/94 1307/43/94 1259/107/94
f 1245/69/95 1313/108/95 1310/106/95 1242/67/95
f 1242/67/96 1310/106/96 1311/104/96 1243/65/96
f 1243/65/97 1311/104/97 1312/100/97 1244/61/97
f 1244/61/98 1312/100/98 1313/103/98 1245/62/98
f 1273/131/99 1314/68/99 1315/66/99 1270/132/99
f 1270/132/100 1315/66/100 1316/64/100 1271/134/100
f 1271/134/101 1316/64/101 1317/60/101 1272/136/101
f 1272/136/102 1317/60/102 1314/63/102 1273/138/102
f 1233/36/103 1320/137/103 1321/139/103 1230/38/103
f 1232/34/104 1319/135/104 1320/137/104 1233/36/104
f 1231/32/105 1318/133/105 1319/135/105 1232/34/105
f 1230/31/106 1321/130/106 1318/133/106 1231/32/106
f 1277/141/107 1325/37/107 1322/39/107 1274/142/107
f 1276/145/108 1324/35/108 1325/37/108 1277/141/108
f 1275/147/109 1323/33/109 1324/35/109 1276/145/109
f 1274/149/110 1322/30/110 1323/33/110 1275/147/110
f 1250/89/111 1329/148/111 1326/146/111 1251/87/111
f 1251/87/112 1326/146/112 1327/144/112 1252/85/112
f 1252/85/113 1327/144/113 1328/140/113 1253/81/113
f 1253/81/114 1328/140/114 1329/143/114 1250/82/114
f 1281/151/115 1330/88/115 1331/86/115 1278/152/115
f 1278/152/116 1331/86/116 1332/84/116 1279/154/116
f 1279/154/117 1332/84/117 1333/80/117 1280/156/117
f 1280/156/118 1333/80/118 1330/83/118 1281/158/118
f 1240/51/119 1336/157/119 1337/159/119 1241/52/119
f 1239/55/120 1335/155/120 1336/157/120 1240/51/120
f 1238/57/121 1334/153/121 1335/155/121 1239/55/121
f 1241/59/122 1337/150/122 1334/153/122 1238/57/122
f 1282/161/123 1338/58/123 1339/56/123 1283/162/123
f 1283/162/124 1339/56/124 1340/54/124 1284/164/124
f 1284/164/125 1340/54/125 1341/50/125 1285/166/125
f 1285/166/126 1341/50/126 1338/53/126 1282/168/126
f 1256/96/127 1344/167/127 1345/169/127 1257/98/127
f 1255/94/128 1343/165/128 1344/167/128 1256/96/128
f 1254/92/129 1342/163/129 1343/165/129 1255/94/129
f 1257/91/130 1345/160/130 1342/163/130 1254/92/130
f 1288/171/131 1349/97/131 1346/99/131 1289/172/131
f 1287/175/132 1348/95/132 1349/97/132 1288/171/132
f 1286/177/133 1347/93/133 1348/95/133 1287/175/133
f 1289/179/134 1346/90/134 1347/93/134 1286/177/134
f 1229/23/135 1353/178/135 1350/176/135 1226/24/135
f 1226/24/136 1350/176/136 1351/174/136 1227/26/136
f 1227/26/137 1351/174/137 1352/170/137 1228/27/137
f 1228/27/138 1352/170/138 1353/173/138 1229/28/138
f 1215/180/139 1217/181/139 1355/182/139 1354/183/139
f 1217/181/139 1221/16/139 1356/5/139 1355/182/139
f 1221/16/139 1219/15/139 1357/7/139 1356/5/139
f 1219/15/139 1215/180/139 1354/183/139 1357/7/139
f 1360/16/139 1359/181/139 1358/180/139 1361/15/139
f 1217/181/140 1215/180/140 1358/180/140 1359/181/140
f 1215/180/141 1219/15/141 1361/15/141 1358/180/141
f 1221/16/142 1217/181/142 1359/181/142 1360/16/142
f 1370/1/1 1502/2/1 1503/3/1 1371/4/1
f 1371/4/2 1503/3/2 1504/5/2 1372/6/2
f 1372/6/3 1504/5/3 1505/7/3 1373/8/3
f 1373/8/4 1505/7/4 1502/9/4 1370/10/4
f 1364/11/5 1368/12/5 1366/13/5 1362/14/5
f 1367/15/6 1369/16/6 1508/16/6 1509/15/6
f 1441/17/7 1373/8/7 1370/10/7 1438/18/7
f 1440/19/8 1372/6/8 1373/8/8 1441/17/8
f 1439/20/9 1371/4/9 1372/6/9 1440/19/9
f 1438/21/10 1370/1/10 1371/4/10 1439/20/10
f 1362/22/11 1377/23/11 1374/24/11 1364/25/11
f 1364/25/12 1374/24/12 1375/26/12 1368/12/12
f 1368/12/13 1375/26/13 1376/27/13 1366/13/13
f 1366/13/14 1376/27/14 1377/28/14 1362/29/14
f 1470/30/15 1378/31/15 1379/32/15 1471/33/15
f 1471/33/16 1379/32/16 1380/34/16 1472/35/16
f 1472/35/17 1380/34/17 1381/36/17 1473/37/17
f 1473/37/18 1381/36/18 1378/38/18 1470/39/18
f 1454/40/19 1382/41/19 1383/42/19 1455/43/19
f 1455/43/20 1383/42/20 1384/44/20 1456/45/20
f 1456/45/21 1384/44/21 1385/46/21 1457/47/21
f 1457/47/22 1385/46/22 1382/48/22 1454/49/22
f 1489/50/23 1388/51/23 1389/52/23 1486/53/23
f 1488/54/24 1387/55/24 1388/51/24 1489/50/24
f 1487/56/25 1386/57/25 1387/55/25 1488/54/25
f 1486/58/26 1389/59/26 1386/57/26 1487/56/26
f 1465/60/27 1392/61/27 1393/62/27 1462/63/27
f 1464/64/28 1391/65/28 1392/61/28 1465/60/28
f 1463/66/29 1390/67/29 1391/65/29 1464/64/29
f 1462/68/30 1393/69/30 1390/67/30 1463/66/30
f 1446/70/31 1394/71/31 1395/72/31 1447/73/31
f 1447/73/32 1395/72/32 1396/74/32 1448/75/32
f 1448/75/33 1396/74/33 1397/76/33 1449/77/33
f 1449/77/34 1397/76/34 1394/78/34 1446/79/34
f 1481/80/35 1401/81/35 1398/82/35 1478/83/35
f 1480/84/36 1400/85/36 1401/81/36 1481/80/36
f 1479/86/37 1399/87/37 1400/85/37 1480/84/37
f 1478/88/38 1398/89/38 1399/87/38 1479/86/38
f 1494/90/39 1405/91/39 1402/92/39 1495/93/39
f 1495/93/40 1402/92/40 1403/94/40 1496/95/40
f 1496/95/41 1403/94/41 1404/96/41 1497/97/41
f 1497/97/42 1404/96/42 1405/98/42 1494/99/42
f 1460/100/43 1409/101/43 1406/102/43 1461/103/43
f 1459/104/44 1408/105/44 1409/101/44 1460/100/44
f 1458/106/45 1407/107/45 1408/105/45 1459/104/45
f 1461/108/46 1406/109/46 1407/107/46 1458/106/46
f 1452/110/47 1412/111/47 1413/112/47 1453/113/47
f 1451/114/48 1411/115/48 1412/111/48 1452/110/48
f 1450/116/49 1410/117/49 1411/115/49 1451/114/49
f 1453/118/50 1413/119/50 1410/117/50 1450/116/50
f 1445/120/51 1414/121/51 1415/122/51 1442/123/51
f 1442/123/52 1415/122/52 1416/124/52 1443/125/52
f 1443/125/53 1416/124/53 1417/126/53 1444/127/53
f 1444/127/54 1417/126/54 1414/128/54 1445/129/54
f 1469/130/55 1421/131/55 1418/132/55 1466/133/55
f 1466/133/56 1418/132/56 1419/134/56 1467/135/56
f 1467/135/57 1419/134/57 1420/136/57 1468/137/57
f 1468/137/58 1420/136/58 1421/138/58 1469/139/58
f 1476/140/59 1425/141/59 1422/142/59 1477/143/59
f 1475/144/60 1424/145/60 1425/141/60 1476/140/60
f 1474/146/61 1423/147/61 1424/145/61 1475/144/61
f 1477/148/62 1422/149/62 1423/147/62 1474/146/62
f 1485/150/63 1429/151/63 1426/152/63 1482/153/63
f 1482/153/64 1426/152/64 1427/154/64 1483/155/64
f 1483/155/65 1427/154/65 1428/156/65 1484/157/65
f 1484/157/66 1428/156/66 1429/158/66 1485/159/66
f 1493/160/67 1430/161/67 1431/162/67 1490/163/67
f 1490/163/68 1431/162/68 1432/164/68 1491/165/68
f 1491/165/69 1432/164/69 1433/166/69 1492/167/69
f 1492/167/70 1433/166/70 1430/168/70 1493/169/70
f 1500/170/71 1436/171/71 1437/172/71 1501/173/71
f 1499/174/72 1435/175/72 1436/171/72 1500/170/72
f 1498/176/73 1434/177/73 1435/175/73 1499/174/73
f 1501/178/74 1437/179/74 1434/177/74 1498/176/74
f 1414/121/75 1438/21/75 1439/20/75 1415/122/75
f 1415/122/76 1439/20/76 1440/19/76 1416/124/76
f 1416/124/77 1440/19/77 1441/17/77 1417/126/77
f 1417/126/78 1441/17/78 1438/18/78 1414/128/78
f 1397/76/79 1444/127/79 1445/129/79 1394/78/79
f 1396/74/80 1443/125/80 1444/127/80 1397/76/80
f 1395/72/81 1442/123/81 1443/125/81 1396/74/81
f 1394/71/82 1445/120/82 1442/123/82 1395/72/82
f 1412/111/83 1449/77/83 1446/79/83 1413/112/83
f 1411/115/84 1448/75/84 1449/77/84 1412/111/84
f 1410/117/85 1447/73/85 1448/75/85 1411/115/85
f 1413/119/86 1446/70/86 1447/73/86 1410/117/86
f 1382/41/87 1453/118/87 1450/116/87 1383/42/87
f 1383/42/88 1450/116/88 1451/114/88 1384/44/88
f 1384/44/89 1451/114/89 1452/110/89 1385/46/89
f 1385/46/90 1452/110/90 1453/113/90 1382/48/90
f 1409/101/91 1457/47/91 1454/49/91 1406/102/91
f 1408/105/92 1456/45/92 1457/47/92 1409/101/92
f 1407/107/93 1455/43/93 1456/45/93 1408/105/93
f 1406/109/94 1454/40/94 1455/43/94 1407/107/94
f 1393/69/95 1461/108/95 1458/106/95 1390/67/95
f 1390/67/96 1458/106/96 1459/104/96 1391/65/96
f 1391/65/97 1459/104/97 1460/100/97 1392/61/97
f 1392/61/98 1460/100/98 1461/103/98 1393/62/98
f 1421/131/99 1462/68/99 1463/66/99 1418/132/99
f 1418/132/100 1463/66/100 1464/64/100 1419/134/100
f 1419/134/101 1464/64/101 1465/60/101 1420/136/101
f 1420/136/102 1465/60/102 1462/63/102 1421/138/102
f 1381/36/103 1468/137/103 1469/139/103 1378/38/103
f 1380/34/104 1467/135/104 1468/137/104 1381/36/104
f 1379/32/105 1466/133/105 1467/135/105 1380/34/105
f 1378/31/106 1469/130/106 1466/133/106 1379/32/106
f 1425/141/107 1473/37/107 1470/39/107 1422/142/107
f 1424/145/108 1472/35/108 1473/37/108 1425/141/108
f 1423/147/109 1471/33/109 1472/35/109 1424/145/109
f 1422/149/110 1470/30/110 1471/33/110 1423/147/110
f 1398/89/111 1477/148/111 1474/146/111 1399/87/111
f 1399/87/112 1474/146/112 1475/144/112 1400/85/112
f 1400/85/113 1475/144/113 1476/140/113 1401/81/113
f 1401/81/114 1476/140/114 1477/143/114 1398/82/114
f 1429/151/115 1478/88/115 1479/86/115 1426/152/115
f 1426/152/116 1479/86/116 1480/84/116 1427/154/116
f 1427/154/117 1480/84/117 1481/80/117 1428/156/117
f 1428/156/118 1481/80/118 1478/83/118 1429/158/118
f 1388/51/119 1484/157/119 1485/159/119 1389/52/119
f 1387/55/120 1483/155/120 1484/157/120 1388/51/120
f 1386/57/121 1482/153/121 1483/155/121 1387/55/121
f 1389/59/122 1485/150/122 1482/153/122 1386/57/122
f 1430/161/123 1486/58/123 1487/56/123 1431/162/123
f 1431/162/124 1487/56/124 1488/54/124 1432/164/124
f 1432/164/125 1488/54/125 1489/50/125 1433/166/125
f 1433/166/126 1489/50/126 1486/53/126 1430/168/126
f 1404/96/127 1492/167/127 1493/169/127 1405/98/127
f 1403/94/128 1491/165/128 1492/167/128 1404/96/128
f 1402/92/129 1490/163/129 1491/165/129 1403/94/129
f 1405/91/130 1493/160/130 1490/163/130 1402/92/130
f 1436/171/131 1497/97/131 1494/99/131 1437/172/131
f 1435/175/132 1496/95/132 1497/97/132 1436/171/132
f 1434/177/133 1495/93/133 1496/95/133 1435/175/133
f 1437/179/134 1494/90/134 1495/93/134 1434/177/134
f 1377/23/135 1501/178/135 1498/176/135 1374/24/135
f 1374/24/136 1498/176/136 1499/174/136 1375/26/136
f 1375/26/137 1499/174/137 1500/170/137 1376/27/137
f 1376/27/138 1500/170/138 1501/173/138 1377/28/138
f 1363/180/139 1365/181/139 1503/182/139 1502/183/139
f 1365/181/139 1369/16/139 1504/5/139 1503/182/139
f 1369/16/139 1367/15/139 1505/7/139 1504/5/139
f 1367/15/139 1363/180/139 1502/183/139 1505/7/139
f 1508/16/139 1507/181/139 1506/180/139 1509/15/139
f 1365/181/140 1363/180/140 1506/180/140 1507/181/140
f 1363/180/141 1367/15/141 1509/15/141 1506/180/141
f 1369/16/142 1365/181/142 1507/181/142 1508/16/142
f 1518/1/1 1650/2/1 1651/3/1 1519/4/1
f 1519/4/2 1651/3/2 1652/5/2 1520/6/2
f 1520/6/3 1652/5/3 1653/7/3 1521/8/3
f 1521/8/4 1653/7/4 1650/9/4 1518/10/4
f 1512/11/5 1516/12/5 1514/13/5 1510/14/5
f 1515/15/6 1517/16/6 1656/16/6 1657/15/6
f 1589/17/7 1521/8/7 1518/10/7 1586/18/7
f 1588/19/8 1520/6/8 1521/8/8 1589/17/8
f 1587/20/9 1519/4/9 1520/6/9 1588/19/9
f 1586/21/10 1518/1/10 1519/4/10 1587/20/10
f 1510/22/11 1525/23/11 1522/24/11 1512/25/11
f 1512/25/12 1522/24/12 1523/26/12 1516/12/12
f 1516/12/13 1523/26/13 1524/27/13 1514/13/13
f 1514/13/14 1524/27/14 1525/28/14 1510/29/14
f 1618/30/15 1526/31/15 1527/32/15 1619/33/15
f 1619/33/16 1527/32/16 1528/34/16 1620/35/16
f 1620/35/17 1528/34/17 1529/36/17 1621/37/17
f 1621/37/18 1529/36/18 1526/38/18 1618/39/18
f 1602/40/19 1530/41/19 1531/42/19 1603/43/19
f 1603/43/20 1531/42/20 1532/44/20 1604/45/20
f 1604/45/21 1532/44/21 1533/46/21 1605/47/21
f 1605/47/22 1533/46/22 1530/48/22 1602/49/22
f 1637/50/23 1536/51/23 1537/52/23 1634/53/23
f 1636/54/24 1535/55/24 1536/51/24 1637/50/24
f 1635/56/25 1534/57/25 1535/55/25 1636/54/25
f 1634/58/26 1537/59/26 1534/57/26 1635/56/26
f 1613/60/27 1540/61/27 1541/62/27 1610/63/27
f 1612/64/28 1539/65/28 1540/61/28 1613/60/28
f 1611/66/29 1538/67/29 1539/65/29 1612/64/29
f 1610/68/30 1541/69/30 1538/67/30 1611/66/30
f 1594/70/31 1542/71/31 1543/72/31 1595/73/31
f 1595/73/32 1543/72/32 1544/74/32 1596/75/32
f 1596/75/33 1544/74/33 1545/76/33 1597/77/33
f 1597/77/34 1545/76/34 1542/78/34 1594/79/34
f 1629/80/35 1549/81/35 1546/82/35 1626/83/35
f 1628/84/36 1548/85/36 1549/81/36 1629/80/36
f 1627/86/37 1547/87/37 1548/85/37 1628/84/37
f 1626/88/38 1546/89/38 1547/87/38 1627/86/38
f 1642/90/39 1553/91/39 1550/92/39 1643/93/39
f 1643/93/40 1550/92/40 1551/94/40 1644/95/40
f 1644/95/41 1551/94/41 1552/96/41 1645/97/41
f 1645/97/42 1552/96/42 1553/98/42 1642/99/42
f 1608/100/43 1557/101/43 1554/102/43 1609/103/43
f 1607/104/44 1556/105/44 1557/101/44 1608/100/44
f 1606/106/45 1555/107/45 1556/105/45 1607/104/45
f 1609/108/46 1554/109/46 1555/107/46 1606/106/46
f 1600/110/47 1560/111/47 1561/112/47 1601/113/47
f 1599/114/48 1559/115/48 1560/111/48 1600/110/48
f 1598/116/49 1558/117/49 1559/115/49 1599/114/49
f 1601/118/50 1561/119/50 1558/117/50 1598/116/50
f 1593/120/51 1562/121/51 1563/122/51 1590/123/51
f 1590/123/52 1563/122/52 1564/124/52 1591/125/52
f 1591/125/53 1564/124/53 1565/126/53 1592/127/53
f 1592/127/54 1565/126/54 1562/128/54 1593/129/54
f 1617/130/55 1569/131/55 1566/132/55 1614/133/55
f 1614/133/56 1566/132/56 1567/134/56 1615/135/56
f 1615/135/57 1567/134/57 1568/136/57 1616/137/57
f 1616/137/58 1568/136/58 1569/138/58 1617/139/58
f 1624/140/59 1573/141/59 1570/142/59 1625/143/59
f 1623/144/60 1572/145/60 1573/141/60 1624/140/60
f 1622/146/61 1571/147/61 1572/145/61 1623/144/61
f 1625/148/62 1570/149/62 1571/147/62 1622/146/62
f 1633/150/63 1577/151/63 1574/152/63 1630/153/63
f 1630/153/64 1574/152/64 1575/154/64 1631/155/64
f 1631/155/65 1575/154/65 1576/156/65 1632/157/65
f 1632/157/66 1576/156/66 1577/158/66 1633/159/66
f 1641/160/67 1578/161/67 1579/162/67 1638/163/67
f 1638/163/68 1579/162/68 1580/164/68 1639/165/68
f 1639/165/69 1580/164/69 1581/166/69 1640/167/69
f 1640/167/70 1581/166/70 1578/168/70 1641/169/70
f 1648/170/71 1584/171/71 1585/172/71 1649/173/71
f 1647/174/72 1583/175/72 1584/171/72 1648/170/72
f 1646/176/73 1582/177/73 1583/175/73 1647/174/73
f 1649/178/74 1585/179/74 1582/177/74 1646/176/74
f 1562/121/75 1586/21/75 1587/20/75 1563/122/75
f 1563/122/76 1587/20/76 1588/19/76 1564/124/76
f 1564/124/77 1588/19/77 1589/17/77 1565/126/77
f 1565/126/78 1589/17/78 1586/18/78 1562/128/78
f 1545/76/79 1592/127/79 1593/129/79 1542/78/79
f 1544/74/80 1591/125/80 1592/127/80 1545/76/80
f 1543/72/81 1590/123/81 1591/125/81 1544/74/81
f 1542/71/82 1593/120/82 1590/123/82 1543/72/82
f 1560/111/83 1597/77/83 1594/79/83 1561/112/83
f 1559/115/84 1596/75/84 1597/77/84 1560/111/84
f 1558/117/85 1595/73/85 1596/75/85 1559/115/85
f 1561/119/86 1594/70/86 1595/73/86 1558/117/86
f 1530/41/87 1601/118/87 1598/116/87 1531/42/87
f 1531/42/88 1598/116/88 1599/114/88 1532/44/88
f 1532/44/89 1599/114/89 1600/110/89 1533/46/89
f 1533/46/90 1600/110/90 1601/113/90 1530/48/90
f 1557/101/91 1605/47/91 1602/49/91 1554/102/91
f 1556/105/92 1604/45/92 1605/47/92 1557/101/92
f 1555/107/93 1603/43/93 1604/45/93 1556/105/93
f 1554/109/94 1602/40/94 1603/43/94 1555/107/94
f 1541/69/95 1609/108/95 1606/106/95 1538/67/95
f 1538/67/96 1606/106/96 1607/104/96 1539/65/96
f 1539/65/97 1607/104/97 1608/100/97 1540/61/97
f 1540/61/98 1608/100/98 1609/103/98 1541/62/98
f 1569/131/99 1610/68/99 1611/66/99 1566/132/99
f 1566/132/100 1611/66/100 1612/64/100 1567/134/100
f 1567/134/101 1612/64/101 1613/60/101 1568/136/101
f 1568/136/102 1613/60/102 1610/63/102 1569/138/102
f 1529/36/103 1616/137/103 1617/139/103 1526/38/103
f 1528/34/104 1615/135/104 1616/137/104 1529/36/104
f 1527/32/105 1614/133/105 1615/135/105 1528/34/105
f 1526/31/106 1617/130/106 1614/133/106 1527/32/106
f 1573/141/107 1621/37/107 1618/39/107 1570/142/107
f 1572/145/108 1620/35/108 1621/37/108 1573/141/108
f 1571/147/109 1619/33/109 1620/35/109 1572/145/109
f 1570/149/110 1618/30/110 1619/33/110 1571/147/110
f 1546/89/111 1625/148/111 1622/146/111 1547/87/111
f 1547/87/112 1622/146/112 1623/144/112 1548/85/112
f 1548/85/113 1623/144/113 1624/140/113 1549/81/113
f 1549/81/114 1624/140/114 1625/143/114 1546/82/114
f 1577/151/115 1626/88/115 1627/86/115 1574/152/115
f 1574/152/116 1627/86/116 1628/84/116 1575/154/116
f 1575/154/117 1628/84/117 1629/80/117 1576/156/117
f 1576/156/118 1629/80/118 1626/83/118 1577/158/118
f 1536/51/119 1632/157/119 1633/159/119 1537/52/119
f 1535/55/120 1631/155/120 1632/157/120 1536/51/120
f 1534/57/121 1630/153/121 1631/155/121 1535/55/121
f 1537/59/122 1633/150/122 1630/153/122 1534/57/122
f 1578/161/123 1634/58/123 1635/56/123 1579/162/123
f 1579/162/124 1635/56/124 1636/54/124 1580/164/124
f 1580/164/125 1636/54/125 1637/50/125 1581/166/125
f 1581/166/126 1637/50/126 1634/53/126 1578/168/126
f 1552/96/127 1640/167/127 1641/169/127 1553/98/127
f 1551/94/128 1639/165/128 1640/167/128 1552/96/128
f 1550/92/129 1638/163/129 1639/165/129 1551/94/129
f 1553/91/130 1641/160/130 1638/163/130 1550/92/130
f 1584/171/131 1645/97/131 1642/99/131 1585/172/131
f 1583/175/132 1644/95/132 1645/97/132 1584/171/132
f 1582/177/133 1643/93/133 1644/95/133 1583/175/133
f 1585/179/134 1642/90/134 1643/93/134 1582/177/134
f 1525/23/135 1649/178/135 1646/176/135 1522/24/135
f 1522/24/136 1646/176/136 1647/174/136 1523/26/136
f 1523/26/137 1647/174/137 1648/170/137 1524/27/137
f 1524/27/138 1648/170/138 1649/173/138 1525/28/138
f 1511/180/139 1513/181/139 1651/182/139 1650/183/139
f 1513/181/139 1517/16/139 1652/5/139 1651/182/139
f 1517/16/139 1515/15/139 1653/7/139 1652/5/139
f 1515/15/139 1511/180/139 1650/183/139 1653/7/139
f 1656/16/139 1655/181/139 1654/180/139 1657/15/139
f 1513/181/140 1511/180/140 1654/180/140 1655/181/140
f 1511/180/141 1515/15/141 1657/15/141 1654/180/141
f 1517/16/142 1513/181/142 1655/181/142 1656/16/142
f 1666/1/1 1798/2/1 1799/3/1 1667/4/1
f 1667/4/2 1799/3/2 1800/5/2 1668/6/2
f 1668/6/3 1800/5/3 1801/7/3 1669/8/3
f 1669/8/4 1801/7/4 1798/9/4 1666/10/4
f 1660/11/5 1664/12/5 1662/13/5 1658/14/5
f 1663/15/6 1665/16/6 1804/16/6 1805/15/6
f 1737/17/7 1669/8/7 1666/10/7 1734/18/7
f 1736/19/8 1668/6/8 1669/8/8 1737/17/8
f 1735/20/9 1667/4/9 1668/6/9 1736/19/9
f 1734/21/10 1666/1/10 1667/4/10 1735/20/10
f 1658/22/11 1673/23/11 1670/24/11 1660/25/11
f 1660/25/12 1670/24/12 1671/26/12 1664/12/12
f 1664/12/13 1671/26/13 1672/27/13 1662/13/13
f 1662/13/14 1672/27/14 1673/28/14 1658/29/14
f 1766/30/15 1674/31/15 1675/32/15 1767/33/15
f 1767/33/16 1675/32/16 1676/34/16 1768/35/16
f 1768/35/17 1676/34/17 1677/36/17 1769/37/17
f 1769/37/18 1677/36/18 1674/38/18 1766/39/18
f 1750/40/19 1678/41/19 1679/42/19 1751/43/19
f 1751/43/20 1679/42/20 1680/44/20 1752/45/20
f 1752/45/21 1680/44/21 1681/46/21 1753/47/21
f 1753/47/22 1681/46/22 1678/48/22 1750/49/22
f 1785/50/23 1684/51/23 1685/52/23 1782/53/23
f 1784/54/24 1683/55/24 1684/51/24 1785/50/24
f 1783/56/25 1682/57/25 1683/55/25 1784/54/25
f 1782/58/26 1685/59/26 1682/57/26 1783/56/26
f 1761/60/27 1688/61/27 1689/62/27 1758/63/27
f 1760/64/150 1687/65/150 1688/61/150 1761/60/150
f 1759/66/29 1686/67/29 1687/65/29 1760/64/29
f 1758/68/151 1689/69/151 1686/67/151 1759/66/151
f 1742/70/31 1690/71/31 1691/72/31 1743/73/31
f 1743/73/32 1691/72/32 1692/74/32 1744/75/32
f 1744/75/33 1692/74/33 1693/76/33 1745/77/33
f 1745/77/34 1693/76/34 1690/78/34 1742/79/34
f 1777/80/35 1697/81/35 1694/82/35 1774/83/35
f 1776/84/36 1696/85/36 1697/81/36 1777/80/36
f 1775/86/37 1695/87/37 1696/85/37 1776/84/37
f 1774/88/38 1694/89/38 1695/87/38 1775/86/38
f 1790/90/39 1701/91/39 1698/92/39 1791/93/39
f 1791/93/40 1698/92/40 1699/94/40 1792/95/40
f 1792/95/41 1699/94/41 1700/96/41 1793/97/41
f 1793/97/42 1700/96/42 1701/98/42 1790/99/42
f 1756/100/43 1705/101/43 1702/102/43 1757/103/43
f 1755/104/44 1704/105/44 1705/101/44 1756/100/44
f 1754/106/45 1703/107/45 1704/105/45 1755/104/45
f 1757/108/46 1702/109/46 1703/107/46 1754/106/46
f 1748/110/47 1708/111/47 1709/112/47 1749/113/47
f 1747/114/48 1707/115/48 1708/111/48 1748/110/48
f 1746/116/49 1706/117/49 1707/115/49 1747/114/49
f 1749/118/50 1709/119/50 1706/117/50 1746/116/50
f 1741/120/51 1710/121/51 1711/122/51 1738/123/51
f 1738/123/52 1711/122/52 1712/124/52 1739/125/52
f 1739/125/53 1712/124/53 1713/126/53 1740/127/53
f 1740/127/54 1713/126/54 1710/128/54 1741/129/54
f 1765/130/55 1717/131/55 1714/132/55 1762/133/55
f 1762/133/56 1714/132/56 1715/134/56 1763/135/56
f 1763/135/57 1715/134/57 1716/136/57 1764/137/57
f 1764/137/58 1716/136/58 1717/138/58 1765/139/58
f 1772/140/59 1721/141/59 1718/142/59 1773/143/59
f 1771/144/60 1720/145/60 1721/141/60 1772/140/60
f 1770/146/61 1719/147/61 1720/145/61 1771/144/61
f 1773/148/62 1718/149/62 1719/147/62 1770/146/62
f 1781/150/63 1725/151/63 1722/152/63 1778/153/63
f 1778/153/64 1722/152/64 1723/154/64 1779/155/64
f 1779/155/65 1723/154/65 1724/156/65 1780/157/65
f 1780/157/66 1724/156/66 1725/158/66 1781/159/66
f 1789/160/67 1726/161/67 1727/162/67 1786/163/67
f 1786/163/68 1727/162/68 1728/164/68 1787/165/68
f 1787/165/69 1728/164/69 1729/166/69 1788/167/69
f 1788/167/70 1729/166/70 1726/168/70 1789/169/70
f 1796/170/71 1732/171/71 1733/172/71 1797/173/71
f 1795/174/72 1731/175/72 1732/171/72 1796/170/72
f 1794/176/73 1730/177/73 1731/175/73 1795/174/73
f 1797/178/74 1733/179/74 1730/177/74 1794/176/74
f 1710/121/75 1734/21/75 1735/20/75 1711/122/75
f 1711/122/76 1735/20/76 1736/19/76 1712/124/76
f 1712/124/77 1736/19/77 1737/17/77 1713/126/77
f 1713/126/78 1737/17/78 1734/18/78 1710/128/78
f 1693/76/79 1740/127/79 1741/129/79 1690/78/79
f 1692/74/80 1739/125/80 1740/127/80 1693/76/80
f 1691/72/81 1738/123/81 1739/125/81 1692/74/81
f 1690/71/82 1741/120/82 1738/123/82 1691/72/82
f 1708/111/83 1745/77/83 1742/79/83 1709/112/83
f 1707/115/84 1744/75/84 1745/77/84 1708/111/84
f 1706/117/85 1743/73/85 1744/75/85 1707/115/85
f 1709/119/86 1742/70/86 1743/73/86 1706/117/86
f 1678/41/87 1749/118/87 1746/116/87 1679/42/87
f 1679/42/88 1746/116/88 1747/114/88 1680/44/88
f 1680/44/89 1747/114/89 1748/110/89 1681/46/89
f 1681/46/90 1748/110/90 1749/113/90 1678/48/90
f 1705/101/91 1753/47/91 1750/49/91 1702/102/91
f 1704/105/92 1752/45/92 1753/47/92 1705/101/92
f 1703/107/93 1751/43/93 1752/45/93 1704/105/93
f 1702/109/94 1750/40/94 1751/43/94 1703/107/94
f 1689/69/95 1757/108/95 1754/106/95 1686/67/95
f 1686/67/96 1754/106/96 1755/104/96 1687/65/96
f 1687/65/97 1755/104/97 1756/100/97 1688/61/97
f 1688/61/98 1756/100/98 1757/103/98 1689/62/98
f 1717/131/99 1758/68/99 1759/66/99 1714/132/99
f 1714/132/100 1759/66/100 1760/64/100 1715/134/100
f 1715/134/101 1760/64/101 1761/60/101 1716/136/101
f 1716/136/102 1761/60/102 1758/63/102 1717/138/102
f 1677/36/103 1764/137/103 1765/139/103 1674/38/103
f 1676/34/104 1763/135/104 1764/137/104 1677/36/104
f 1675/32/105 1762/133/105 1763/135/105 1676/34/105
f 1674/31/106 1765/130/106 1762/133/106 1675/32/106
f 1721/141/107 1769/37/107 1766/39/107 1718/142/107
f 1720/145/152 1768/35/152 1769/37/152 1721/141/152
f 1719/147/109 1767/33/109 1768/35/109 1720/145/109
f 1718/149/153 1766/30/153 1767/33/153 1719/147/153
f 1694/89/111 1773/148/111 1770/146/111 1695/87/111
f 1695/87/112 1770/146/112 1771/144/112 1696/85/112
f 1696/85/113 1771/144/113 1772/140/113 1697/81/113
f 1697/81/114 1772/140/114 1773/143/114 1694/82/114
f 1725/151/115 1774/88/115 1775/86/115 1722/152/115
f 1722/152/116 1775/86/116 1776/84/116 1723/154/116
f 1723/154/117 1776/84/117 1777/80/117 1724/156/117
f 1724/156/118 1777/80/118 1774/83/118 1725/158/118
f 1684/51/119 1780/157/119 1781/159/119 1685/52/119
f 1683/55/120 1779/155/120 1780/157/120 1684/51/120
f 1682/57/121 1778/153/121 1779/155/121 1683/55/121
f 1685/59/122 1781/150/122 1778/153/122 1682/57/122
f 1726/161/123 1782/58/123 1783/56/123 1727/162/123
f 1727/162/124 1783/56/124 1784/54/124 1728/164/124
f 1728/164/125 1784/54/125 1785/50/125 1729/166/125
f 1729/166/126 1785/50/126 1782/53/126 1726/168/126
f 1700/96/127 1788/167/127 1789/169/127 1701/98/127
f 1699/94/128 1787/165/128 1788/167/128 1700/96/128
f 1698/92/129 1786/163/129 1787/165/129 1699/94/129
f 1701/91/130 1789/160/130 1786/163/130 1698/92/130
f 1732/171/131 1793/97/131 1790/99/131 1733/172/131
f 1731/175/132 1792/95/132 1793/97/132 1732/171/132
f 1730/177/133 1791/93/133 1792/95/133 1731/175/133
f 1733/179/134 1790/90/134 1791/93/134 1730/177/134
f 1673/23/135 1797/178/135 1794/176/135 1670/24/135
f 1670/24/136 1794/176/136 1795/174/136 1671/26/136
f 1671/26/137 1795/174/137 1796/170/137 1672/27/137
f 1672/27/138 1796/170/138 1797/173/138 1673/28/138
f 1659/180/139 1661/181/139 1799/182/139 1798/183/139
f 1661/181/139 1665/16/139 1800/5/139 1799/182/139
f 1665/16/139 1663/15/139 1801/7/139 1800/5/139
f 1663/15/139 1659/180/139 1798/183/139 1801/7/139
f 1804/16/139 1803/181/139 1802/180/139 1805/15/139
f 1661/181/140 1659/180/140 1802/180/140 1803/181/140
f 1659/180/141 1663/15/141 1805/15/141 1802/180/141
f 1665/16/142 1661/181/142 1803/181/142 1804/16/142
f 1814/1/1 1946/2/1 1947/3/1 1815/4/1
f 1815/4/2 1947/3/2 1948/5/2 1816/6/2
f 1816/6/3 1948/5/3 1949/7/3 1817/8/3
f 1817/8/4 1949/7/4 1946/9/4 1814/10/4
f 1808/11/5 1812/12/5 1810/13/5 1806/14/5
f 1811/15/6 1813/16/6 1952/16/6 1953/15/6
f 1885/17/7 1817/8/7 1814/10/7 1882/18/7
f 1884/19/8 1816/6/8 1817/8/8 1885/17/8
f 1883/20/9 1815/4/9 1816/6/9 1884/19/9
f 1882/21/10 1814/1/10 1815/4/10 1883/20/10
f 1806/22/11 1821/23/11 1818/24/11 1808/25/11
f 1808/25/12 1818/24/12 1819/26/12 1812/12/12
f 1812/12/13 1819/26/13 1820/27/13 1810/13/13
f 1810/13/14 1820/27/14 1821/28/14 1806/29/14
f 1914/30/15 1822/31/15 1823/32/15 1915/33/15
f 1915/33/16 1823/32/16 1824/34/16 1916/35/16
f 1916/35/17 1824/34/17 1825/36/17 1917/37/17
f 1917/37/18 1825/36/18 1822/38/18 1914/39/18
f 1898/40/19 1826/41/19 1827/42/19 1899/43/19
f 1899/43/20 1827/42/20 1828/44/20 1900/45/20
f 1900/45/21 1828/44/21 1829/46/21 1901/47/21
f 1901/47/22 1829/46/22 1826/48/22 1898/49/22
f 1933/50/23 1832/51/23 1833/52/23 1930/53/23
f 1932/54/24 1831/55/24 1832/51/24 1933/50/24
f 1931/56/25 1830/57/25 1831/55/25 1932/54/25
f 1930/58/26 1833/59/26 1830/57/26 1931/56/26
f 1909/60/27 1836/61/27 1837/62/27 1906/63/27
f 1908/64/150 1835/65/150 1836/61/150 1909/60/150
f 1907/66/29 1834/67/29 1835/65/29 1908/64/29
f 1906/68/151 1837/69/151 1834/67/151 1907/66/151
f 1890/70/31 1838/71/31 1839/72/31 1891/73/31
f 1891/73/32 1839/72/32 1840/74/32 1892/75/32
f 1892/75/33 1840/74/33 1841/76/33 1893/77/33
f 1893/77/34 1841/76/34 1838/78/34 1890/79/34
f 1925/80/35 1845/81/35 1842/82/35 1922/83/35
f 1924/84/36 1844/85/36 1845/81/36 1925/80/36
f 1923/86/37 1843/87/37 1844/85/37 1924/84/37
f 1922/88/38 1842/89/38 1843/87/38 1923/86/38
f 1938/90/39 1849/91/39 1846/92/39 1939/93/39
f 1939/93/40 1846/92/40 1847/94/40 1940/95/40
f 1940/95/41 1847/94/41 1848/96/41 1941/97/41
f 1941/97/42 1848/96/42 1849/98/42 1938/99/42
f 1904/100/43 1853/101/43 1850/102/43 1905/103/43
f 1903/104/44 1852/105/44 1853/101/44 1904/100/44
f 1902/106/45 1851/107/45 1852/105/45 1903/104/45
f 1905/108/46 1850/109/46 1851/107/46 1902/106/46
f 1896/110/47 1856/111/47 1857/112/47 1897/113/47
f 1895/114/48 1855/115/48 1856/111/48 1896/110/48
f 1894/116/49 1854/117/49 1855/115/49 1895/114/49
f 1897/118/50 1857/119/50 1854/117/50 1894/116/50
f 1889/120/51 1858/121/51 1859/122/51 1886/123/51
f 1886/123/52 1859/122/52 1860/124/52 1887/125/52
f 1887/125/53 1860/124/53 1861/126/53 1888/127/53
f 1888/127/54 1861/126/54 1858/128/54 1889/129/54
f 1913/130/55 1865/131/55 1862/132/55 1910/133/55
f 1910/133/56 1862/132/56 1863/134/56 1911/135/56
f 1911/135/57 1863/134/57 1864/136/57 1912/137/57
f 1912/137/58 1864/136/58 1865/138/58 1913/139/58
f 1920/140/59 1869/141/59 1866/142/59 1921/143/59
f 1919/144/60 1868/145/60 1869/141/60 1920/140/60
f 1918/146/61 1867/147/61 1868/145/61 1919/144/61
f 1921/148/62 1866/149/62 1867/147/62 1918/146/62
f 1929/150/63 1873/151/63 1870/152/63 1926/153/63
f 1926/153/64 1870/152/64 1871/154/64 1927/155/64
f 1927/155/65 1871/154/65 1872/156/65 1928/157/65
f 1928/157/66 1872/156/66 1873/158/66 1929/159/66
f 1937/160/67 1874/161/67 1875/162/67 1934/163/67
f 1934/163/68 1875/162/68 1876/164/68 1935/165/68
f 1935/165/69 1876/164/69 1877/166/69 1936/167/69
f 1936/167/70 1877/166/70 1874/168/70 1937/169/70
f 1944/170/71 1880/171/71 1881/172/71 1945/173/71
f 1943/174/72 1879/175/72 1880/171/72 1944/170/72
f 1942/176/73 1878/177/73 1879/175/73 1943/174/73
f 1945/178/74 1881/179/74 1878/177/74 1942/176/74
f 1858/121/75 1882/21/75 1883/20/75 1859/122/75
f 1859/122/76 1883/20/76 1884/19/76 1860/124/76
f 1860/124/77 1884/19/77 1885/17/77 1861/126/77
f 1861/126/78 1885/17/78 1882/18/78 1858/128/78
f 1841/76/79 1888/127/79 1889/129/79 1838/78/79
f 1840/74/80 1887/125/80 1888/127/80 1841/76/80
f 1839/72/81 1886/123/81 1887/125/81 1840/74/81
f 1838/71/82 1889/120/82 1886/123/82 1839/72/82
f 1856/111/83 1893/77/83 1890/79/83 1857/112/83
f 1855/115/84 1892/75/84 1893/77/84 1856/111/84
f 1854/117/85 1891/73/85 1892/75/85 1855/115/85
f 1857/119/86 1890/70/86 1891/73/86 1854/117/86
f 1826/41/87 1897/118/87 1894/116/87 1827/42/87
f 1827/42/88 1894/116/88 1895/114/88 1828/44/88
f 1828/44/89 1895/114/89 1896/110/89 1829/46/89
f 1829/46/90 1896/110/90 1897/113/90 1826/48/90
f 1853/101/91 1901/47/91 1898/49/91 1850/102/91
f 1852/105/92 1900/45/92 1901/47/92 1853/101/92
f 1851/107/93 1899/43/93 1900/45/93 1852/105/93
f 1850/109/94 1898/40/94 1899/43/94 1851/107/94
f 1837/69/95 1905/108/95 1902/106/95 1834/67/95
f 1834/67/96 1902/106/96 1903/104/96 1835/65/96
f 1835/65/97 1903/104/97 1904/100/97 1836/61/97
f 1836/61/98 1904/100/98 1905/103/98 1837/62/98
f 1865/131/99 1906/68/99 1907/66/99 1862/132/99
f 1862/132/100 1907/66/100 1908/64/100 1863/134/100
f 1863/134/101 1908/64/101 1909/60/101 1864/136/101
f 1864/136/102 1909/60/102 1906/63/102 1865/138/102
f 1825/36/103 1912/137/103 1913/139/103 1822/38/103
f 1824/34/104 1911/135/104 1912/137/104 1825/36/104
f 1823/32/105 1910/133/105 1911/135/105 1824/34/105
f 1822/31/106 1913/130/106 1910/133/106 1823/32/106
f 1869/141/107 1917/37/107 1914/39/107 1866/142/107
f 1868/145/152 1916/35/152 1917/37/152 1869/141/152
f 1867/147/109 1915/33/109 1916/35/109 1868/145/109
f 1866/149/153 1914/30/153 1915/33/153 1867/147/153
f 1842/89/111 1921/148/111 1918/146/111 1843/87/111
f 1843/87/112 1918/146/112 1919/144/112 1844/85/112
f 1844/85/113 1919/144/113 1920/140/113 1845/81/113
f 1845/81/114 1920/140/114 1921/143/114 1842/82/114
f 1873/151/115 1922/88/115 1923/86/115 1870/152/115
f 1870/152/116 1923/86/116 1924/84/116 1871/154/116
f 1871/154/117 1924/84/117 1925/80/117 1872/156/117
f 1872/156/118 1925/80/118 1922/83/118 1873/158/118
f 1832/51/119 1928/157/119 1929/159/119 1833/52/119
f 1831/55/120 1927/155/120 1928/157/120 1832/51/120
f 1830/57/121 1926/153/121 1927/155/121 1831/55/121
f 1833/59/122 1929/150/122 1926/153/122 1830/57/122
f 1874/161/123 1930/58/123 1931/56/123 1875/162/123
f 1875/162/124 1931/56/124 1932/54/124 1876/164/124
f 1876/164/125 1932/54/125 1933/50/125 1877/166/125
f 1877/166/126 1933/50/126 1930/53/126 1874/168/126
f 1848/96/127 1936/167/127 1937/169/127 1849/98/127
f 1847/94/128 1935/165/128 1936/167/128 1848/96/128
f 1846/92/129 1934/163/129 1935/165/129 1847/94/129
f 1849/91/130 1937/160/130 1934/163/130 1846/92/130
f 1880/171/131 1941/97/131 1938/99/131 1881/172/131
f 1879/175/132 1940/95/132 1941/97/132 1880/171/132
f 1878/177/133 1939/93/133 1940/95/133 1879/175/133
f 1881/179/134 1938/90/134 1939/93/134 1878/177/134
f 1821/23/135 1945/178/135 1942/176/135 1818/24/135
f 1818/24/136 1942/176/136 1943/174/136 1819/26/136
f 1819/26/137 1943/174/137 1944/170/137 1820/27/137
f 1820/27/138 1944/170/138 1945/173/138 1821/28/138
f 1807/180/139 1809/181/139 1947/182/139 1946/183/139
f 1809/181/139 1813/16/139 1948/5/139 1947/182/139
f 1813/16/139 1811/15/139 1949/7/139 1948/5/139
f 1811/15/139 1807/180/139 1946/183/139 1949/7/139
f 1952/16/139 1951/181/139 1950/180/139 1953/15/139
f 1809/181/140 1807/180/140 1950/180/140 1951/181/140
f 1807/180/141 1811/15/141 1953/15/141 1950/180/141
f 1813/16/142 1809/181/142 1951/181/142 1952/16/142
f 1962/1/1 2094/2/1 2095/3/1 1963/4/1
f 1963/4/2 2095/3/2 2096/5/2 1964/6/2
f 1964/6/3 2096/5/3 2097/7/3 1965/8/3
f 1965/8/4 2097/7/4 2094/9/4 1962/10/4
f 1956/11/5 1960/12/5 1958/13/5 1954/14/5
f 1959/15/6 1961/16/6 2100/16/6 2101/15/6
f 2033/17/7 1965/8/7 1962/10/7 2030/18/7
f 2032/19/8 1964/6/8 1965/8/8 2033/17/8
f 2031/20/9 1963/4/9 1964/6/9 2032/19/9
f 2030/21/10 1962/1/10 1963/4/10 2031/20/10
f 1954/22/11 1969/23/11 1966/24/11 1956/25/11
f 1956/25/12 1966/24/12 1967/26/12 1960/12/12
f 1960/12/13 1967/26/13 1968/27/13 1958/13/13
f 1958/13/14 1968/27/14 1969/28/14 1954/29/14
f 2062/30/15 1970/31/15 1971/32/15 2063/33/15
f 2063/33/16 1971/32/16 1972/34/16 2064/35/16
f 2064/35/17 1972/34/17 1973/36/17 2065/37/17
f 2065/37/18 1973/36/18 1970/38/18 2062/39/18
f 2046/40/19 1974/41/19 1975/42/19 2047/43/19
f 2047/43/20 1975/42/20 1976/44/20 2048/45/20
f 2048/45/21 1976/44/21 1977/46/21 2049/47/21
f 2049/47/22 1977/46/22 1974/48/22 2046/49/22
f 2081/50/23 1980/51/23 1981/52/23 2078/53/23
f 2080/54/24 1979/55/24 1980/51/24 2081/50/24
f 2079/56/25 1978/57/25 1979/55/25 2080/54/25
f 2078/58/26 1981/59/26 1978/57/26 2079/56/26
f 2057/60/27 1984/61/27 1985/62/27 2054/63/27
f 2056/64/150 1983/65/150 1984/61/150 2057/60/150
f 2055/66/29 1982/67/29 1983/65/29 2056/64/29
f 2054/68/151 1985/69/151 1982/67/151 2055/66/151
f 2038/70/31 1986/71/31 1987/72/31 2039/73/31
f 2039/73/32 1987/72/32 1988/74/32 2040/75/32
f 2040/75/33 1988/74/33 1989/76/33 2041/77/33
f 2041/77/34 1989/76/34 1986/78/34 2038/79/34
f 2073/80/35 1993/81/35 1990/82/35 2070/83/35
f 2072/84/36 1992/85/36 1993/81/36 2073/80/36
f 2071/86/37 1991/87/37 1992/85/37 2072/84/37
f 2070/88/38 1990/89/38 1991/87/38 2071/86/38
f 2086/90/39 1997/91/39 1994/92/39 2087/93/39
f 2087/93/40 1994/92/40 1995/94/40 2088/95/40
f 2088/95/41 1995/94/41 1996/96/41 2089/97/41
f 2089/97/42 1996/96/42 1997/98/42 2086/99/42
f 2052/100/43 2001/101/43 1998/102/43 2053/103/43
f 2051/104/44 2000/105/44 2001/101/44 2052/100/44
f 2050/106/45 1999/107/45 2000/105/45 2051/104/45
f 2053/108/46 1998/109/46 1999/107/46 2050/106/46
f 2044/110/47 2004/111/47 2005/112/47 2045/113/47
f 2043/114/48 2003/115/48 2004/111/48 2044/110/48
f 2042/116/49 2002/117/49 2003/115/49 2043/114/49
f 2045/118/50 2005/119/50 2002/117/50 2042/116/50
f 2037/120/51 2006/121/51 2007/122/51 2034/123/51
f 2034/123/52 2007/122/52 2008/124/52 2035/125/52
f 2035/125/53 2008/124/53 2009/126/53 2036/127/53
f 2036/127/54 2009/126/54 2006/128/54 2037/129/54
f 2061/130/55 2013/131/55 2010/132/55 2058/133/55
f 2058/133/56 2010/132/56 2011/134/56 2059/135/56
f 2059/135/57 2011/134/57 2012/136/57 2060/137/57
f 2060/137/58 2012/136/58 2013/138/58 2061/139/58
f 2068/140/59 2017/141/59 2014/142/59 2069/143/59
f 2067/144/60 2016/145/60 2017/141/60 2068/140/60
f 2066/146/61 2015/147/61 2016/145/61 2067/144/61
f 2069/148/62 2014/149/62 2015/147/62 2066/146/62
f 2077/150/63 2021/151/63 2018/152/63 2074/153/63
f 2074/153/64 2018/152/64 2019/154/64 2075/155/64
f 2075/155/65 2019/154/65 2020/156/65 2076/157/65
f 2076/157/66 2020/156/66 2021/158/66 2077/159/66
f 2085/160/67 2022/161/67 2023/162/67 2082/163/67
f 2082/163/68 2023/162/68 2024/164/68 2083/165/68
f 2083/165/69 2024/164/69 2025/166/69 2084/167/69
f 2084/167/70 2025/166/70 2022/168/70 2085/169/70
f 2092/170/71 2028/171/71 2029/172/71 2093/173/71
f 2091/174/72 2027/175/72 2028/171/72 2092/170/72
f 2090/176/73 2026/177/73 2027/175/73 2091/174/73
f 2093/178/74 2029/179/74 2026/177/74 2090/176/74
f 2006/121/75 2030/21/75 2031/20/75 2007/122/75
f 2007/122/76 2031/20/76 2032/19/76 2008/124/76
f 2008/124/77 2032/19/77 2033/17/77 2009/126/77
f 2009/126/78 2033/17/78 2030/18/78 2006/128/78
f 1989/76/79 2036/127/79 2037/129/79 1986/78/79
f 1988/74/80 2035/125/80 2036/127/80 1989/76/80
f 1987/72/81 2034/123/81 2035/125/81 1988/74/81
f 1986/71/82 2037/120/82 2034/123/82 1987/72/82
f 2004/111/83 2041/77/83 2038/79/83 2005/112/83
f 2003/115/84 2040/75/84 2041/77/84 2004/111/84
f 2002/117/85 2039/73/85 2040/75/85 2003/115/85
f 2005/119/86 2038/70/86 2039/73/86 2002/117/86
f 1974/41/87 2045/118/87 2042/116/87 1975/42/87
f 1975/42/88 2042/116/88 2043/114/88 1976/44/88
f 1976/44/89 2043/114/89 2044/110/89 1977/46/89
f 1977/46/90 2044/110/90 2045/113/90 1974/48/90
f 2001/101/91 2049/47/91 2046/49/91 1998/102/91
f 2000/105/92 2048/45/92 2049/47/92 2001/101/92
f 1999/107/93 2047/43/93 2048/45/93 2000/105/93
f 1998/109/94 2046/40/94 2047/43/94 1999/107/94
f 1985/69/95 2053/108/95 2050/106/95 1982/67/95
f 1982/67/96 2050/106/96 2051/104/96 1983/65/96
f 1983/65/97 2051/104/97 2052/100/97 1984/61/97
f 1984/61/98 2052/100/98 2053/103/98 1985/62/98
f 2013/131/99 2054/68/99 2055/66/99 2010/132/99
f 2010/132/100 2055/66/100 2056/64/100 2011/134/100
f 2011/134/101 2056/64/101 2057/60/101 2012/136/101
f 2012/136/102 2057/60/102 2054/63/102 2013/138/102
f 1973/36/103 2060/137/103 2061/139/103 1970/38/103
f 1972/34/104 2059/135/104 2060/137/104 1973/36/104
f 1971/32/105 2058/133/105 2059/135/105 1972/34/105
f 1970/31/106 2061/130/106 2058/133/106 1971/32/106
f 2017/141/107 2065/37/107 2062/39/107 2014/142/107
f 2016/145/152 2064/35/152 2065/37/152 2017/141/152
f 2015/147/109 2063/33/109 2064/35/109 2016/145/109
f 2014/149/153 2062/30/153 2063/33/153 2015/147/153
f 1990/89/111 2069/148/111 2066/146/111 1991/87/111
f 1991/87/112 2066/146/112 2067/144/112 1992/85/112
f 1992/85/113 2067/144/113 2068/140/113 1993/81/113
f 1993/81/114 2068/140/114 2069/143/114 1990/82/114
f 2021/151/115 2070/88/115 2071/86/115 2018/152/115
f 2018/152/116 2071/86/116 2072/84/116 2019/154/116
f 2019/154/117 2072/84/117 2073/80/117 2020/156/117
f 2020/156/118 2073/80/118 2070/83/118 2021/158/118
f 1980/51/119 2076/157/119 2077/159/119 1981/52/119
f 1979/55/120 2075/155/120 2076/157/120 1980/51/120
f 1978/57/121 2074/153/121 2075/155/121 1979/55/121
f 1981/59/122 2077/150/122 2074/153/122 1978/57/122
f 2022/161/123 2078/58/123 2079/56/123 2023/162/123
f 2023/162/124 2079/56/124 2080/54/124 2024/164/124
f 2024/164/125 2080/54/125 2081/50/125 2025/166/125
f 2025/166/126 2081/50/126 2078/53/126 2022/168/126
f 1996/96/127 2084/167/127 2085/169/127 1997/98/127
f 1995/94/128 2083/165/128 2084/167/128 1996/96/128
f 1994/92/129 2082/163/129 2083/165/129 1995/94/129
f 1997/91/130 2085/160/130 2082/163/130 1994/92/130
f 2028/171/131 2089/97/131 2086/99/131 2029/172/131
f 2027/175/132 2088/95/132 2089/97/132 2028/171/132
f 2026/177/133 2087/93/133 2088/95/133 2027/175/133
f 2029/179/134 2086/90/134 2087/93/134 2026/177/134
f 1969/23/135 2093/178/135 2090/176/135 1966/24/135
f 1966/24/136 2090/176/136 2091/174/136 1967/26/136
f 1967/26/137 2091/174/137 2092/170/137 1968/27/137
f 1968/27/138 2092/170/138 2093/173/138 1969/28/138
f 1955/180/139 1957/181/139 2095/182/139 2094/183/139
f 1957/181/139 1961/16/139 2096/5/139 2095/182/139
f 1961/16/139 1959/15/139 2097/7/139 2096/5/139
f 1959/15/139 1955/180/139 2094/183/139 2097/7/139
f 2100/16/139 2099/181/139 2098/180/139 2101/15/139
f 1957/181/140 1955/180/140 2098/180/140 2099/181/140
f 1955/180/141 1959/15/141 2101/15/141 2098/180/141
f 1961/16/142 1957/181/142 2099/181/142 2100/16/142
f 2110/1/1 2242/2/1 2243/3/1 2111/4/1
f 2111/4/2 2243/3/2 2244/5/2 2112/6/2
f 2112/6/3 2244/5/3 2245/7/3 2113/8/3
f 2113/8/4 2245/7/4 2242/9/4 2110/10/4
f 2104/11/5 2108/12/5 2106/13/5 2102/14/5
f 2107/15/6 2109/16/6 2248/16/6 2249/15/6
f 2181/17/7 2113/8/7 2110/10/7 2178/18/7
f 2180/19/8 2112/6/8 2113/8/8 2181/17/8
f 2179/20/9 2111/4/9 2112/6/9 2180/19/9
f 2178/21/10 2110/1/10 2111/4/10 2179/20/10
f 2102/22/11 2117/23/11 2114/24/11 2104/25/11
f 2104/25/12 2114/24/12 2115/26/12 2108/12/12
f 2108/12/13 2115/26/13 2116/27/13 2106/13/13
f 2106/13/14 2116/27/14 2117/28/14 2102/29/14
f 2210/30/15 2118/31/15 2119/32/15 2211/33/15
f 2211/33/16 2119/32/16 2120/34/16 2212/35/16
f 2212/35/17 2120/34/17 2121/36/17 2213/37/17
f 2213/37/18 2121/36/18 2118/38/18 2210/39/18
f 2194/40/19 2122/41/19 2123/42/19 2195/43/19
f 2195/43/20 2123/42/20 2124/44/20 2196/45/20
f 2196/45/21 2124/44/21 2125/46/21 2197/47/21
f 2197/47/22 2125/46/22 2122/48/22 2194/49/22
f 2229/50/23 2128/51/23 2129/52/23 2226/53/23
f 2228/54/24 2127/55/24 2128/51/24 2229/50/24
f 2227/56/25 2126/57/25 2127/55/25 2228/54/25
f 2226/58/26 2129/59/26 2126/57/26 2227/56/26
f 2205/60/27 2132/61/27 2133/62/27 2202/63/27
f 2204/64/28 2131/65/28 2132/61/28 2205/60/28
f 2203/66/29 2130/67/29 2131/65/29 2204/64/29
f 2202/68/30 2133/69/30 2130/67/30 2203/66/30
f 2186/70/31 2134/71/31 2135/72/31 2187/73/31
f 2187/73/32 2135/72/32 2136/74/32 2188/75/32
f 2188/75/33 2136/74/33 2137/76/33 2189/77/33
f 2189/77/34 2137/76/34 2134/78/34 2186/79/34
f 2221/80/35 2141/81/35 2138/82/35 2218/83/35
f 2220/84/36 2140/85/36 2141/81/36 2221/80/36
f 2219/86/37 2139/87/37 2140/85/37 2220/84/37
f 2218/88/38 2138/89/38 2139/87/38 2219/86/38
f 2234/90/39 2145/91/39 2142/92/39 2235/93/39
f 2235/93/40 2142/92/40 2143/94/40 2236/95/40
f 2236/95/41 2143/94/41 2144/96/41 2237/97/41
f 2237/97/42 2144/96/42 2145/98/42 2234/99/42
f 2200/100/43 2149/101/43 2146/102/43 2201/103/43
f 2199/104/44 2148/105/44 2149/101/44 2200/100/44
f 2198/106/45 2147/107/45 2148/105/45 2199/104/45
f 2201/108/46 2146/109/46 2147/107/46 2198/106/46
f 2192/110/47 2152/111/47 2153/112/47 2193/113/47
f 2191/114/48 2151/115/48 2152/111/48 2192/110/48
f 2190/116/49 2150/117/49 2151/115/49 2191/114/49
f 2193/118/50 2153/119/50 2150/117/50 2190/116/50
f 2185/120/51 2154/121/51 2155/122/51 2182/123/51
f 2182/123/52 2155/122/52 2156/124/52 2183/125/52
f 2183/125/53 2156/124/53 2157/126/53 2184/127/53
f 2184/127/54 2157/126/54 2154/128/54 2185/129/54
f 2209/130/55 2161/131/55 2158/132/55 2206/133/55
f 2206/133/56 2158/132/56 2159/134/56 2207/135/56
f 2207/135/57 2159/134/57 2160/136/57 2208/137/57
f 2208/137/58 2160/136/58 2161/138/58 2209/139/58
f 2216/140/59 2165/141/59 2162/142/59 2217/143/59
f 2215/144/60 2164/145/60 2165/141/60 2216/140/60
f 2214/146/61 2163/147/61 2164/145/61 2215/144/61
f 2217/148/62 2162/149/62 2163/147/62 2214/146/62
f 2225/150/63 2169/151/63 2166/152/63 2222/153/63
f 2222/153/64 2166/152/64 2167/154/64 2223/155/64
f 2223/155/65 2167/154/65 2168/156/65 2224/157/65
f 2224/157/66 2168/156/66 2169/158/66 2225/159/66
f 2233/160/67 2170/161/67 2171/162/67 2230/163/67
f 2230/163/68 2171/162/68 2172/164/68 2231/165/68
f 2231/165/69 2172/164/69 2173/166/69 2232/167/69
f 2232/167/70 2173/166/70 2170/168/70 2233/169/70
f 2240/170/71 2176/171/71 2177/172/71 2241/173/71
f 2239/174/72 2175/175/72 2176/171/72 2240/170/72
f 2238/176/73 2174/177/73 2175/175/73 2239/174/73
f 2241/178/74 2177/179/74 2174/177/74 2238/176/74
f 2154/121/75 2178/21/75 2179/20/75 2155/122/75
f 2155/122/76 2179/20/76 2180/19/76 2156/124/76
f 2156/124/77 2180/19/77 2181/17/77 2157/126/77
f 2157/126/78 2181/17/78 2178/18/78 2154/128/78
f 2137/76/79 2184/127/79 2185/129/79 2134/78/79
f 2136/74/80 2183/125/80 2184/127/80 2137/76/80
f 2135/72/81 2182/123/81 2183/125/81 2136/74/81
f 2134/71/82 2185/120/82 2182/123/82 2135/72/82
f 2152/111/83 2189/77/83 2186/79/83 2153/112/83
f 2151/115/84 2188/75/84 2189/77/84 2152/111/84
f 2150/117/85 2187/73/85 2188/75/85 2151/115/85
f 2153/119/86 2186/70/86 2187/73/86 2150/117/86
f 2122/41/87 2193/118/87 2190/116/87 2123/42/87
f 2123/42/88 2190/116/88 2191/114/88 2124/44/88
f 2124/44/89 2191/114/89 2192/110/89 2125/46/89
f 2125/46/90 2192/110/90 2193/113/90 2122/48/90
f 2149/101/91 2197/47/91 2194/49/91 2146/102/91
f 2148/105/92 2196/45/92 2197/47/92 2149/101/92
f 2147/107/93 2195/43/93 2196/45/93 2148/105/93
f 2146/109/94 2194/40/94 2195/43/94 2147/107/94
f 2133/69/95 2201/108/95 2198/106/95 2130/67/95
f 2130/67/96 2198/106/96 2199/104/96 2131/65/96
f 2131/65/97 2199/104/97 2200/100/97 2132/61/97
f 2132/61/98 2200/100/98 2201/103/98 2133/62/98
f 2161/131/99 2202/68/99 2203/66/99 2158/132/99
f 2158/132/100 2203/66/100 2204/64/100 2159/134/100
f 2159/134/101 2204/64/101 2205/60/101 2160/136/101
f 2160/136/102 2205/60/102 2202/63/102 2161/138/102
f 2121/36/103 2208/137/103 2209/139/103 2118/38/103
f 2120/34/104 2207/135/104 2208/137/104 2121/36/104
f 2119/32/105 2206/133/105 2207/135/105 2120/34/105
f 2118/31/106 2209/130/106 2206/133/106 2119/32/106
f 2165/141/107 2213/37/107 2210/39/107 2162/142/107
f 2164/145/108 2212/35/108 2213/37/108 2165/141/108
f 2163/147/109 2211/33/109 2212/35/109 2164/145/109
f 2162/149/110 2210/30/110 2211/33/110 2163/147/110
f 2138/89/111 2217/148/111 2214/146/111 2139/87/111
f 2139/87/112 2214/146/112 2215/144/112 2140/85/112
f 2140/85/113 2215/144/113 2216/140/113 2141/81/113
f 2141/81/114 2216/140/114 2217/143/114 2138/82/114
f 2169/151/115 2218/88/115 2219/86/115 2166/152/115
f 2166/152/116 2219/86/116 2220/84/116 2167/154/116
f 2167/154/117 2220/84/117 2221/80/117 2168/156/117
f 2168/156/118 2221/80/118 2218/83/118 2169/158/118
f 2128/51/119 2224/157/119 2225/159/119 2129/52/119
f 2127/55/120 2223/155/120 2224/157/120 2128/51/120
f 2126/57/121 2222/153/121 2223/155/121 2127/55/121
f 2129/59/122 2225/150/122 2222/153/122 2126/57/122
f 2170/161/123 2226/58/123 2227/56/123 2171/162/123
f 2171/162/124 2227/56/124 2228/54/124 2172/164/124
f 2172/164/125 2228/54/125 2229/50/125 2173/166/125
f 2173/166/126 2229/50/126 2226/53/126 2170/168/126
f 2144/96/127 2232/167/127 2233/169/127 2145/98/127
f 2143/94/128 2231/165/128 2232/167/128 2144/96/128
f 2142/92/129 2230/163/129 2231/165/129 2143/94/129
f 2145/91/130 2233/160/130 2230/163/130 2142/92/130
f 2176/171/131 2237/97/131 2234/99/131 2177/172/131
f 2175/175/132 2236/95/132 2237/97/132 2176/171/132
f 2174/177/133 2235/93/133 2236/95/133 2175/175/133
f 2177/179/134 2234/90/134 2235/93/134 2174/177/134
f 2117/23/135 2241/178/135 2238/176/135 2114/24/135
f 2114/24/136 2238/176/136 2239/174/136 2115/26/136
f 2115/26/137 2239/174/137 2240/170/137 2116/27/137
f 2116/27/138 2240/170/138 2241/173/138 2117/28/138
f 2103/180/139 2105/181/139 2243/182/139 2242/183/139
f 2105/181/139 2109/16/139 2244/5/139 2243/182/139
f 2109/16/139 2107/15/139 2245/7/139 2244/5/139
f 2107/15/139 2103/180/139 2242/183/139 2245/7/139
f 2248/16/139 2247/181/139 2246/180/139 2249/15/139
f 2105/181/140 2103/180/140 2246/180/140 2247/181/140
f 2103/180/141 2107/15/141 2249/15/141 2246/180/141
f 2109/16/142 2105/181/142 2247/181/142 2248/16/142
f 2258/1/1 2390/2/1 2391/3/1 2259/4/1
f 2259/4/2 2391/3/2 2392/5/2 2260/6/2
f 2260/6/3 2392/5/3 2393/7/3 2261/8/3
f 2261/8/4 2393/7/4 2390/9/4 2258/10/4
f 2252/11/5 2256/12/5 2254/13/5 2250/14/5
f 2255/15/6 2257/16/6 2396/16/6 2397/15/6
f 2329/17/7 2261/8/7 2258/10/7 2326/18/7
f 2328/19/8 2260/6/8 2261/8/8 2329/17/8
f 2327/20/9 2259/4/9 2260/6/9 2328/19/9
f 2326/21/10 2258/1/10 2259/4/10 2327/20/10
f 2250/22/11 2265/23/11 2262/24/11 2252/25/11
f 2252/25/12 2262/24/12 2263/26/12 2256/12/12
f 2256/12/13 2263/26/13 2264/27/13 2254/13/13
f 2254/13/14 2264/27/14 2265/28/14 2250/29/14
f 2358/30/15 2266/31/15 2267/32/15 2359/33/15
f 2359/33/16 2267/32/16 2268/34/16 2360/35/16
f 2360/35/17 2268/34/17 2269/36/17 2361/37/17
f 2361/37/18 2269/36/18 2266/38/18 2358/39/18
f 2342/40/19 2270/41/19 2271/42/19 2343/43/19
f 2343/43/20 2271/42/20 2272/44/20 2344/45/20
f 2344/45/21 2272/44/21 2273/46/21 2345/47/21
f 2345/47/22 2273/46/22 2270/48/22 2342/49/22
f 2377/50/23 2276/51/23 2277/52/23 2374/53/23
f 2376/54/24 2275/55/24 2276/51/24 2377/50/24
f 2375/56/25 2274/57/25 2275/55/25 2376/54/25
f 2374/58/26 2277/59/26 2274/57/26 2375/56/26
f 2353/60/27 2280/61/27 2281/62/27 2350/63/27
f 2352/64/28 2279/65/28 2280/61/28 2353/60/28
f 2351/66/29 2278/67/29 2279/65/29 2352/64/29
f 2350/68/30 2281/69/30 2278/67/30 2351/66/30
f 2334/70/31 2282/71/31 2283/72/31 2335/73/31
f 2335/73/32 2283/72/32 2284/74/32 2336/75/32
f 2336/75/33 2284/74/33 2285/76/33 2337/77/33
f 2337/77/34 2285/76/34 2282/78/34 2334/79/34
f 2369/80/35 2289/81/35 2286/82/35 2366/83/35
f 2368/84/36 2288/85/36 2289/81/36 2369/80/36
f 2367/86/37 2287/87/37 2288/85/37 2368/84/37
f 2366/88/38 2286/89/38 2287/87/38 2367/86/38
f 2382/90/39 2293/91/39 2290/92/39 2383/93/39
f 2383/93/40 2290/92/40 2291/94/40 2384/95/40
f 2384/95/41 2291/94/41 2292/96/41 2385/97/41
f 2385/97/42 2292/96/42 2293/98/42 2382/99/42
f 2348/100/43 2297/101/43 2294/102/43 2349/103/43
f 2347/104/44 2296/105/44 2297/101/44 2348/100/44
f 2346/106/45 2295/107/45 2296/105/45 2347/104/45
f 2349/108/46 2294/109/46 2295/107/46 2346/106/46
f 2340/110/47 2300/111/47 2301/112/47 2341/113/47
f 2339/114/48 2299/115/48 2300/111/48 2340/110/48
f 2338/116/49 2298/117/49 2299/115/49 2339/114/49
f 2341/118/50 2301/119/50 2298/117/50 2338/116/50
f 2333/120/51 2302/121/51 2303/122/51 2330/123/51
f 2330/123/52 2303/122/52 2304/124/52 2331/125/52
f 2331/125/53 2304/124/53 2305/126/53 2332/127/53
f 2332/127/54 2305/126/54 2302/128/54 2333/129/54
f 2357/130/55 2309/131/55 2306/132/55 2354/133/55
f 2354/133/56 2306/132/56 2307/134/56 2355/135/56
f 2355/135/57 2307/134/57 2308/136/57 2356/137/57
f 2356/137/58 2308/136/58 2309/138/58 2357/139/58
f 2364/140/59 2313/141/59 2310/142/59 2365/143/59
f 2363/144/60 2312/145/60 2313/141/60 2364/140/60
f 2362/146/61 2311/147/61 2312/145/61 2363/144/61
f 2365/148/62 2310/149/62 2311/147/62 2362/146/62
f 2373/150/63 2317/151/63 2314/152/63 2370/153/63
f 2370/153/64 2314/152/64 2315/154/64 2371/155/64
f 2371/155/65 2315/154/65 2316/156/65 2372/157/65
f 2372/157/66 2316/156/66 2317/158/66 2373/159/66
f 2381/160/67 2318/161/67 2319/162/67 2378/163/67
f 2378/163/68 2319/162/68 2320/164/68 2379/165/68
f 2379/165/69 2320/164/69 2321/166/69 2380/167/69
f 2380/167/70 2321/166/70 2318/168/70 2381/169/70
f 2388/170/71 2324/171/71 2325/172/71 2389/173/71
f 2387/174/72 2323/175/72 2324/171/72 2388/170/72
f 2386/176/73 2322/177/73 2323/175/73 2387/174/73
f 2389/178/74 2325/179/74 2322/177/74 2386/176/74
f 2302/121/75 2326/21/75 2327/20/75 2303/122/75
f 2303/122/76 2327/20/76 2328/19/76 2304/124/76
f 2304/124/77 2328/19/77 2329/17/77 2305/126/77
f 2305/126/78 2329/17/78 2326/18/78 2302/128/78
f 2285/76/79 2332/127/79 2333/129/79 2282/78/79
f 2284/74/80 2331/125/80 2332/127/80 2285/76/80
f 2283/72/81 2330/123/81 2331/125/81 2284/74/81
f 2282/71/82 2333/120/82 2330/123/82 2283/72/82
f 2300/111/83 2337/77/83 2334/79/83 2301/112/83
f 2299/115/84 2336/75/84 2337/77/84 2300/111/84
f 2298/117/85 2335/73/85 2336/75/85 2299/115/85
f 2301/119/86 2334/70/86 2335/73/86 2298/117/86
f 2270/41/87 2341/118/87 2338/116/87 2271/42/87
f 2271/42/88 2338/116/88 2339/114/88 2272/44/88
f 2272/44/89 2339/114/89 2340/110/89 2273/46/89
f 2273/46/90 2340/110/90 2341/113/90 2270/48/90
f 2297/101/91 2345/47/91 2342/49/91 2294/102/91
f 2296/105/92 2344/45/92 2345/47/92 2297/101/92
f 2295/107/93 2343/43/93 2344/45/93 2296/105/93
f 2294/109/94 2342/40/94 2343/43/94 2295/107/94
f 2281/69/95 2349/108/95 2346/106/95 2278/67/95
f 2278/67/96 2346/106/96 2347/104/96 2279/65/96
f 2279/65/97 2347/104/97 2348/100/97 2280/61/97
f 2280/61/98 2348/100/98 2349/103/98 2281/62/98
f 2309/131/99 2350/68/99 2351/66/99 2306/132/99
f 2306/132/100 2351/66/100 2352/64/100 2307/134/100
f 2307/134/101 2352/64/101 2353/60/101 2308/136/101
f 2308/136/102 2353/60/102 2350/63/102 2309/138/102
f 2269/36/103 2356/137/103 2357/139/103 2266/38/103
f 2268/34/104 2355/135/104 2356/137/104 2269/36/104
f 2267/32/105 2354/133/105 2355/135/105 2268/34/105
f 2266/31/106 2357/130/106 2354/133/106 2267/32/106
f 2313/141/107 2361/37/107 2358/39/107 2310/142/107
f 2312/145/108 2360/35/108 2361/37/108 2313/141/108
f 2311/147/109 2359/33/109 2360/35/109 2312/145/109
f 2310/149/110 2358/30/110 2359/33/110 2311/147/110
f 2286/89/111 2365/148/111 2362/146/111 2287/87/111
f 2287/87/112 2362/146/112 2363/144/112 2288/85/112
f 2288/85/113 2363/144/113 2364/140/113 2289/81/113
f 2289/81/114 2364/140/114 2365/143/114 2286/82/114
f 2317/151/115 2366/88/115 2367/86/115 2314/152/115
f 2314/152/116 2367/86/116 2368/84/116 2315/154/116
f 2315/154/117 2368/84/117 2369/80/117 2316/156/117
f 2316/156/118 2369/80/118 2366/83/118 2317/158/118
f 2276/51/119 2372/157/119 2373/159/119 2277/52/119
f 2275/55/120 2371/155/120 2372/157/120 2276/51/120
f 2274/57/121 2370/153/121 2371/155/121 2275/55/121
f 2277/59/122 2373/150/122 2370/153/122 2274/57/122
f 2318/161/123 2374/58/123 2375/56/123 2319/162/123
f 2319/162/124 2375/56/124 2376/54/124 2320/164/124
f 2320/164/125 2376/54/125 2377/50/125 2321/166/125
f 2321/166/126 2377/50/126 2374/53/126 2318/168/126
f 2292/96/127 2380/167/127 2381/169/127 2293/98/127
f 2291/94/128 2379/165/128 2380/167/128 2292/96/128
f 2290/92/129 2378/163/129 2379/165/129 2291/94/129
f 2293/91/130 2381/160/130 2378/163/130 2290/92/130
f 2324/171/131 2385/97/131 2382/99/131 2325/172/131
f 2323/175/132 2384/95/132 2385/97/132 2324/171/132
f 2322/177/133 2383/93/133 2384/95/133 2323/175/133
f 2325/179/134 2382/90/134 2383/93/134 2322/177/134
f 2265/23/135 2389/178/135 2386/176/135 2262/24/135
f 2262/24/136 2386/176/136 2387/174/136 2263/26/136
f 2263/26/137 2387/174/137 2388/170/137 2264/27/137
f 2264/27/138 2388/170/138 2389/173/138 2265/28/138
f 2251/180/139 2253/181/139 2391/182/139 2390/183/139
f 2253/181/139 2257/16/139 2392/5/139 2391/182/139
f 2257/16/139 2255/15/139 2393/7/139 2392/5/139
f 2255/15/139 2251/180/139 2390/183/139 2393/7/139
f 2396/16/139 2395/181/139 2394/180/139 2397/15/139
f 2253/181/140 2251/180/140 2394/180/140 2395/181/140
f 2251/180/141 2255/15/141 2397/15/141 2394/180/141
f 2257/16/142 2253/181/142 2395/181/142 2396/16/142
f 2406/1/1 2538/2/1 2539/3/1 2407/4/1
f 2407/4/2 2539/3/2 2540/5/2 2408/6/2
f 2408/6/3 2540/5/3 2541/7/3 2409/8/3
f 2409/8/4 2541/7/4 2538/9/4 2406/10/4
f 2400/11/5 2404/12/5 2402/13/5 2398/14/5
f 2403/15/6 2405/16/6 2544/16/6 2545/15/6
f 2477/17/7 2409/8/7 2406/10/7 2474/18/7
f 2476/19/8 2408/6/8 2409/8/8 2477/17/8
f 2475/20/9 2407/4/9 2408/6/9 2476/19/9
f 2474/21/10 2406/1/10 2407/4/10 2475/20/10
f 2398/22/11 2413/23/11 2410/24/11 2400/25/11
f 2400/25/12 2410/24/12 2411/26/12 2404/12/12
f 2404/12/13 2411/26/13 2412/27/13 2402/13/13
f 2402/13/14 2412/27/14 2413/28/14 2398/29/14
f 2506/30/15 2414/31/15 2415/32/15 2507/33/15
f 2507/33/16 2415/32/16 2416/34/16 2508/35/16
f 2508/35/17 2416/34/17 2417/36/17 2509/37/17
f 2509/37/18 2417/36/18 2414/38/18 2506/39/18
f 2490/40/19 2418/41/19 2419/42/19 2491/43/19
f 2491/43/20 2419/42/20 2420/44/20 2492/45/20
f 2492/45/21 2420/44/21 2421/46/21 2493/47/21
f 2493/47/22 2421/46/22 2418/48/22 2490/49/22
f 2525/50/23 2424/51/23 2425/52/23 2522/53/23
f 2524/54/24 2423/55/24 2424/51/24 2525/50/24
f 2523/56/25 2422/57/25 2423/55/25 2524/54/25
f 2522/58/26 2425/59/26 2422/57/26 2523/56/26
f 2501/60/154 2428/61/154 2429/62/154 2498/63/154
f 2500/64/28 2427/65/28 2428/61/28 2501/60/28
f 2499/66/155 2426/67/155 2427/65/155 2500/64/155
f 2498/68/30 2429/69/30 2426/67/30 2499/66/30
f 2482/70/31 2430/71/31 2431/72/31 2483/73/31
f 2483/73/32 2431/72/32 2432/74/32 2484/75/32
f 2484/75/33 2432/74/33 2433/76/33 2485/77/33
f 2485/77/34 2433/76/34 2430/78/34 2482/79/34
f 2517/80/35 2437/81/35 2434/82/35 2514/83/35
f 2516/84/36 2436/85/36 2437/81/36 2517/80/36
f 2515/86/37 2435/87/37 2436/85/37 2516/84/37
f 2514/88/38 2434/89/38 2435/87/38 2515/86/38
f 2530/90/39 2441/91/39 2438/92/39 2531/93/39
f 2531/93/40 2438/92/40 2439/94/40 2532/95/40
f 2532/95/41 2439/94/41 2440/96/41 2533/97/41
f 2533/97/42 2440/96/42 2441/98/42 2530/99/42
f 2496/100/43 2445/101/43 2442/102/43 2497/103/43
f 2495/104/44 2444/105/44 2445/101/44 2496/100/44
f 2494/106/45 2443/107/45 2444/105/45 2495/104/45
f 2497/108/46 2442/109/46 2443/107/46 2494/106/46
f 2488/110/47 2448/111/47 2449/112/47 2489/113/47
f 2487/114/48 2447/115/48 2448/111/48 2488/110/48
f 2486/116/49 2446/117/49 2447/115/49 2487/114/49
f 2489/118/50 2449/119/50 2446/117/50 2486/116/50
f 2481/120/51 2450/121/51 2451/122/51 2478/123/51
f 2478/123/52 2451/122/52 2452/124/52 2479/125/52
f 2479/125/53 2452/124/53 2453/126/53 2480/127/53
f 2480/127/54 2453/126/54 2450/128/54 2481/129/54
f 2505/130/55 2457/131/55 2454/132/55 2502/133/55
f 2502/133/56 2454/132/56 2455/134/56 2503/135/56
f 2503/135/57 2455/134/57 2456/136/57 2504/137/57
f 2504/137/58 2456/136/58 2457/138/58 2505/139/58
f 2512/140/59 2461/141/59 2458/142/59 2513/143/59
f 2511/144/60 2460/145/60 2461/141/60 2512/140/60
f 2510/146/61 2459/147/61 2460/145/61 2511/144/61
f 2513/148/62 2458/149/62 2459/147/62 2510/146/62
f 2521/150/63 2465/151/63 2462/152/63 2518/153/63
f 2518/153/64 2462/152/64 2463/154/64 2519/155/64
f 2519/155/65 2463/154/65 2464/156/65 2520/157/65
f 2520/157/66 2464/156/66 2465/158/66 2521/159/66
f 2529/160/67 2466/161/67 2467/162/67 2526/163/67
f 2526/163/68 2467/162/68 2468/164/68 2527/165/68
f 2527/165/69 2468/164/69 2469/166/69 2528/167/69
f 2528/167/70 2469/166/70 2466/168/70 2529/169/70
f 2536/170/71 2472/171/71 2473/172/71 2537/173/71
f 2535/174/72 2471/175/72 2472/171/72 2536/170/72
f 2534/176/73 2470/177/73 2471/175/73 2535/174/73
f 2537/178/74 2473/179/74 2470/177/74 2534/176/74
f 2450/121/75 2474/21/75 2475/20/75 2451/122/75
f 2451/122/76 2475/20/76 2476/19/76 2452/124/76
f 2452/124/77 2476/19/77 2477/17/77 2453/126/77
f 2453/126/78 2477/17/78 2474/18/78 2450/128/78
f 2433/76/79 2480/127/79 2481/129/79 2430/78/79
f 2432/74/80 2479/125/80 2480/127/80 2433/76/80
f 2431/72/81 2478/123/81 2479/125/81 2432/74/81
f 2430/71/82 2481/120/82 2478/123/82 2431/72/82
f 2448/111/83 2485/77/83 2482/79/83 2449/112/83
f 2447/115/84 2484/75/84 2485/77/84 2448/111/84
f 2446/117/85 2483/73/85 2484/75/85 2447/115/85
f 2449/119/86 2482/70/86 2483/73/86 2446/117/86
f 2418/41/87 2489/118/87 2486/116/87 2419/42/87
f 2419/42/88 2486/116/88 2487/114/88 2420/44/88
f 2420/44/89 2487/114/89 2488/110/89 2421/46/89
f 2421/46/90 2488/110/90 2489/113/90 2418/48/90
f 2445/101/91 2493/47/91 2490/49/91 2442/102/91
f 2444/105/92 2492/45/92 2493/47/92 2445/101/92
f 2443/107/93 2491/43/93 2492/45/93 2444/105/93
f 2442/109/94 2490/40/94 2491/43/94 2443/107/94
f 2429/69/95 2497/108/95 2494/106/95 2426/67/95
f 2426/67/96 2494/106/96 2495/104/96 2427/65/96
f 2427/65/97 2495/104/97 2496/100/97 2428/61/97
f 2428/61/98 2496/100/98 2497/103/98 2429/62/98
f 2457/131/99 2498/68/99 2499/66/99 2454/132/99
f 2454/132/100 2499/66/100 2500/64/100 2455/134/100
f 2455/134/101 2500/64/101 2501/60/101 2456/136/101
f 2456/136/102 2501/60/102 2498/63/102 2457/138/102
f 2417/36/103 2504/137/103 2505/139/103 2414/38/103
f 2416/34/104 2503/135/104 2504/137/104 2417/36/104
f 2415/32/105 2502/133/105 2503/135/105 2416/34/105
f 2414/31/106 2505/130/106 2502/133/106 2415/32/106
f 2461/141/156 2509/37/156 2506/39/156 2458/142/156
f 2460/145/108 2508/35/108 2509/37/108 2461/141/108
f 2459/147/157 2507/33/157 2508/35/157 2460/145/157
f 2458/149/110 2506/30/110 2507/33/110 2459/147/110
f 2434/89/111 2513/148/111 2510/146/111 2435/87/111
f 2435/87/112 2510/146/112 2511/144/112 2436/85/112
f 2436/85/113 2511/144/113 2512/140/113 2437/81/113
f 2437/81/114 2512/140/114 2513/143/114 2434/82/114
f 2465/151/115 2514/88/115 2515/86/115 2462/152/115
f 2462/152/116 2515/86/116 2516/84/116 2463/154/116
f 2463/154/117 2516/84/117 2517/80/117 2464/156/117
f 2464/156/118 2517/80/118 2514/83/118 2465/158/118
f 2424/51/119 2520/157/119 2521/159/119 2425/52/119
f 2423/55/120 2519/155/120 2520/157/120 2424/51/120
f 2422/57/121 2518/153/121 2519/155/121 2423/55/121
f 2425/59/122 2521/150/122 2518/153/122 2422/57/122
f 2466/161/123 2522/58/123 2523/56/123 2467/162/123
f 2467/162/124 2523/56/124 2524/54/124 2468/164/124
f 2468/164/125 2524/54/125 2525/50/125 2469/166/125
f 2469/166/126 2525/50/126 2522/53/126 2466/168/126
f 2440/96/127 2528/167/127 2529/169/127 2441/98/127
f 2439/94/128 2527/165/128 2528/167/128 2440/96/128
f 2438/92/129 2526/163/129 2527/165/129 2439/94/129
f 2441/91/130 2529/160/130 2526/163/130 2438/92/130
f 2472/171/131 2533/97/131 2530/99/131 2473/172/131
f 2471/175/132 2532/95/132 2533/97/132 2472/171/132
f 2470/177/133 2531/93/133 2532/95/133 2471/175/133
f 2473/179/134 2530/90/134 2531/93/134 2470/177/134
f 2413/23/135 2537/178/135 2534/176/135 2410/24/135
f 2410/24/136 2534/176/136 2535/174/136 2411/26/136
f 2411/26/137 2535/174/137 2536/170/137 2412/27/137
f 2412/27/138 2536/170/138 2537/173/138 2413/28/138
f 2399/180/139 2401/181/139 2539/182/139 2538/183/139
f 2401/181/139 2405/16/139 2540/5/139 2539/182/139
f 2405/16/139 2403/15/139 2541/7/139 2540/5/139
f 2403/15/139 2399/180/139 2538/183/139 2541/7/139
f 2544/16/139 2543/181/139 2542/180/139 2545/15/139
f 2401/181/140 2399/180/140 2542/180/140 2543/181/140
f 2399/180/141 2403/15/141 2545/15/141 2542/180/141
f 2405/16/142 2401/181/142 2543/181/142 2544/16/142
f 2554/1/1 2686/2/1 2687/3/1 2555/4/1
f 2555/4/2 2687/3/2 2688/5/2 2556/6/2
f 2556/6/3 2688/5/3 2689/7/3 2557/8/3
f 2557/8/4 2689/7/4 2686/9/4 2554/10/4
f 2548/11/5 2552/12/5 2550/13/5 2546/14/5
f 2551/15/6 2553/16/6 2692/16/6 2693/15/6
f 2625/17/7 2557/8/7 2554/10/7 2622/18/7
f 2624/19/8 2556/6/8 2557/8/8 2625/17/8
f 2623/20/9 2555/4/9 2556/6/9 2624/19/9
f 2622/21/10 2554/1/10 2555/4/10 2623/20/10
f 2546/22/11 2561/23/11 2558/24/11 2548/25/11
f 2548/25/12 2558/24/12 2559/26/12 2552/12/12
f 2552/12/13 2559/26/13 2560/27/13 2550/13/13
f 2550/13/14 2560/27/14 2561/28/14 2546/29/14
f 2654/30/15 2562/31/15 2563/32/15 2655/33/15
f 2655/33/16 2563/32/16 2564/34/16 2656/35/16
f 2656/35/17 2564/34/17 2565/36/17 2657/37/17
f 2657/37/18 2565/36/18 2562/38/18 2654/39/18
f 2638/40/19 2566/41/19 2567/42/19 2639/43/19
f 2639/43/20 2567/42/20 2568/44/20 2640/45/20
f 2640/45/21 2568/44/21 2569/46/21 2641/47/21
f 2641/47/22 2569/46/22 2566/48/22 2638/49/22
f 2673/50/23 2572/51/23 2573/52/23 2670/53/23
f 2672/54/24 2571/55/24 2572/51/24 2673/50/24
f 2671/56/25 2570/57/25 2571/55/25 2672/54/25
f 2670/58/26 2573/59/26 2570/57/26 2671/56/26
f 2649/60/154 2576/61/154 2577/62/154 2646/63/154
f 2648/64/28 2575/65/28 2576/61/28 2649/60/28
f 2647/66/155 2574/67/155 2575/65/155 2648/64/155
f 2646/68/30 2577/69/30 2574/67/30 2647/66/30
f 2630/70/31 2578/71/31 2579/72/31 2631/73/31
f 2631/73/32 2579/72/32 2580/74/32 2632/75/32
f 2632/75/33 2580/74/33 2581/76/33 2633/77/33
f 2633/77/34 2581/76/34 2578/78/34 2630/79/34
f 2665/80/35 2585/81/35 2582/82/35 2662/83/35
f 2664/84/36 2584/85/36 2585/81/36 2665/80/36
f 2663/86/37 2583/87/37 2584/85/37 2664/84/37
f 2662/88/38 2582/89/38 2583/87/38 2663/86/38
f 2678/90/39 2589/91/39 2586/92/39 2679/93/39
f 2679/93/40 2586/92/40 2587/94/40 2680/95/40
f 2680/95/41 2587/94/41 2588/96/41 2681/97/41
f 2681/97/42 2588/96/42 2589/98/42 2678/99/42
f 2644/100/43 2593/101/43 2590/102/43 2645/103/43
f 2643/104/44 2592/105/44 2593/101/44 2644/100/44
f 2642/106/45 2591/107/45 2592/105/45 2643/104/45
f 2645/108/46 2590/109/46 2591/107/46 2642/106/46
f 2636/110/47 2596/111/47 2597/112/47 2637/113/47
f 2635/114/48 2595/115/48 2596/111/48 2636/110/48
f 2634/116/49 2594/117/49 2595/115/49 2635/114/49
f 2637/118/50 2597/119/50 2594/117/50 2634/116/50
f 2629/120/51 2598/121/51 2599/122/51 2626/123/51
f 2626/123/52 2599/122/52 2600/124/52 2627/125/52
f 2627/125/53 2600/124/53 2601/126/53 2628/127/53
f 2628/127/54 2601/126/54 2598/128/54 2629/129/54
f 2653/130/55 2605/131/55 2602/132/55 2650/133/55
f 2650/133/56 2602/132/56 2603/134/56 2651/135/56
f 2651/135/57 2603/134/57 2604/136/57 2652/137/57
f 2652/137/58 2604/136/58 2605/138/58 2653/139/58
f 2660/140/59 2609/141/59 2606/142/59 2661/143/59
f 2659/144/60 2608/145/60 2609/141/60 2660/140/60
f 2658/146/61 2607/147/61 2608/145/61 2659/144/61
f 2661/148/62 2606/149/62 2607/147/62 2658/146/62
f 2669/150/63 2613/151/63 2610/152/63 2666/153/63
f 2666/153/64 2610/152/64 2611/154/64 2667/155/64
f 2667/155/65 2611/154/65 2612/156/65 2668/157/65
f 2668/157/66 2612/156/66 2613/158/66 2669/159/66
f 2677/160/67 2614/161/67 2615/162/67 2674/163/67
f 2674/163/68 2615/162/68 2616/164/68 2675/165/68
f 2675/165/69 2616/164/69 2617/166/69 2676/167/69
f 2676/167/70 2617/166/70 2614/168/70 2677/169/70
f 2684/170/71 2620/171/71 2621/172/71 2685/173/71
f 2683/174/72 2619/175/72 2620/171/72 2684/170/72
f 2682/176/73 2618/177/73 2619/175/73 2683/174/73
f 2685/178/74 2621/179/74 2618/177/74 2682/176/74
f 2598/121/75 2622/21/75 2623/20/75 2599/122/75
f 2599/122/76 2623/20/76 2624/19/76 2600/124/76
f 2600/124/77 2624/19/77 2625/17/77 2601/126/77
f 2601/126/78 2625/17/78 2622/18/78 2598/128/78
f 2581/76/79 2628/127/79 2629/129/79 2578/78/79
f 2580/74/80 2627/125/80 2628/127/80 2581/76/80
f 2579/72/81 2626/123/81 2627/125/81 2580/74/81
f 2578/71/82 2629/120/82 2626/123/82 2579/72/82
f 2596/111/83 2633/77/83 2630/79/83 2597/112/83
f 2595/115/84 2632/75/84 2633/77/84 2596/111/84
f 2594/117/85 2631/73/85 2632/75/85 2595/115/85
f 2597/119/86 2630/70/86 2631/73/86 2594/117/86
f 2566/41/87 2637/118/87 2634/116/87 2567/42/87
f 2567/42/88 2634/116/88 2635/114/88 2568/44/88
f 2568/44/89 2635/114/89 2636/110/89 2569/46/89
f 2569/46/90 2636/110/90 2637/113/90 2566/48/90
f 2593/101/91 2641/47/91 2638/49/91 2590/102/91
f 2592/105/92 2640/45/92 2641/47/92 2593/101/92
f 2591/107/93 2639/43/93 2640/45/93 2592/105/93
f 2590/109/94 2638/40/94 2639/43/94 2591/107/94
f 2577/69/95 2645/108/95 2642/106/95 2574/67/95
f 2574/67/96 2642/106/96 2643/104/96 2575/65/96
f 2575/65/97 2643/104/97 2644/100/97 2576/61/97
f 2576/61/98 2644/100/98 2645/103/98 2577/62/98
f 2605/131/99 2646/68/99 2647/66/99 2602/132/99
f 2602/132/100 2647/66/100 2648/64/100 2603/134/100
f 2603/134/101 2648/64/101 2649/60/101 2604/136/101
f 2604/136/102 2649/60/102 2646/63/102 2605/138/102
f 2565/36/103 2652/137/103 2653/139/103 2562/38/103
f 2564/34/104 2651/135/104 2652/137/104 2565/36/104
f 2563/32/105 2650/133/105 2651/135/105 2564/34/105
f 2562/31/106 2653/130/106 2650/133/106 2563/32/106
f 2609/141/156 2657/37/156 2654/39/156 2606/142/156
f 2608/145/108 2656/35/108 2657/37/108 2609/141/108
f 2607/147/157 2655/33/157 2656/35/157 2608/145/157
f 2606/149/110 2654/30/110 2655/33/110 2607/147/110
f 2582/89/111 2661/148/111 2658/146/111 2583/87/111
f 2583/87/112 2658/146/112 2659/144/112 2584/85/112
f 2584/85/113 2659/144/113 2660/140/113 2585/81/113
f 2585/81/114 2660/140/114 2661/143/114 2582/82/114
f 2613/151/115 2662/88/115 2663/86/115 2610/152/115
f 2610/152/116 2663/86/116 2664/84/116 2611/154/116
f 2611/154/117 2664/84/117 2665/80/117 2612/156/117
f 2612/156/118 2665/80/118 2662/83/118 2613/158/118
f 2572/51/119 2668/157/119 2669/159/119 2573/52/119
f 2571/55/120 2667/155/120 2668/157/120 2572/51/120
f 2570/57/121 2666/153/121 2667/155/121 2571/55/121
f 2573/59/122 2669/150/122 2666/153/122 2570/57/122
f 2614/161/123 2670/58/123 2671/56/123 2615/162/123
f 2615/162/124 2671/56/124 2672/54/124 2616/164/124
f 2616/164/125 2672/54/125 2673/50/125 2617/166/125
f 2617/166/126 2673/50/126 2670/53/126 2614/168/126
f 2588/96/127 2676/167/127 2677/169/127 2589/98/127
f 2587/94/128 2675/165/128 2676/167/128 2588/96/128
f 2586/92/129 2674/163/129 2675/165/129 2587/94/129
f 2589/91/130 2677/160/130 2674/163/130 2586/92/130
f 2620/171/131 2681/97/131 2678/99/131 2621/172/131
f 2619/175/132 2680/95/132 2681/97/132 2620/171/132
f 2618/177/133 2679/93/133 2680/95/133 2619/175/133
f 2621/179/134 2678/90/134 2679/93/134 2618/177/134
f 2561/23/135 2685/178/135 2682/176/135 2558/24/135
f 2558/24/136 2682/176/136 2683/174/136 2559/26/136
f 2559/26/137 2683/174/137 2684/170/137 2560/27/137
f 2560/27/138 2684/170/138 2685/173/138 2561/28/138
f 2547/180/139 2549/181/139 2687/182/139 2686/183/139
f 2549/181/139 2553/16/139 2688/5/139 2687/182/139
f 2553/16/139 2551/15/139 2689/7/139 2688/5/139
f 2551/15/139 2547/180/139 2686/183/139 2689/7/139
f 2692/16/139 2691/181/139 2690/180/139 2693/15/139
f 2549/181/140 2547/180/140 2690/180/140 2691/181/140
f 2547/180/141 2551/15/141 2693/15/141 2690/180/141
f 2553/16/142 2549/181/142 2691/181/142 2692/16/142
f 2702/1/1 2834/2/1 2835/3/1 2703/4/1
f 2703/4/2 2835/3/2 2836/5/2 2704/6/2
f 2704/6/3 2836/5/3 2837/7/3 2705/8/3
f 2705/8/4 2837/7/4 2834/9/4 2702/10/4
f 2696/11/5 2700/12/5 2698/13/5 2694/14/5
f 2699/15/6 2701/16/6 2840/16/6 2841/15/6
f 2773/17/7 2705/8/7 2702/10/7 2770/18/7
f 2772/19/8 2704/6/8 2705/8/8 2773/17/8
f 2771/20/9 2703/4/9 2704/6/9 2772/19/9
f 2770/21/10 2702/1/10 2703/4/10 2771/20/10
f 2694/22/11 2709/23/11 2706/24/11 2696/25/11
f 2696/25/12 2706/24/12 2707/26/12 2700/12/12
f 2700/12/13 2707/26/13 2708/27/13 2698/13/13
f 2698/13/14 2708/27/14 2709/28/14 2694/29/14
f 2802/30/15 2710/31/15 2711/32/15 2803/33/15
f 2803/33/16 2711/32/16 2712/34/16 2804/35/16
f 2804/35/17 2712/34/17 2713/36/17 2805/37/17
f 2805/37/18 2713/36/18 2710/38/18 2802/39/18
f 2786/40/19 2714/41/19 2715/42/19 2787/43/19
f 2787/43/20 2715/42/20 2716/44/20 2788/45/20
f 2788/45/21 2716/44/21 2717/46/21 2789/47/21
f 2789/47/22 2717/46/22 2714/48/22 2786/49/22
f 2821/50/23 2720/51/23 2721/52/23 2818/53/23
f 2820/54/24 2719/55/24 2720/51/24 2821/50/24
f 2819/56/25 2718/57/25 2719/55/25 2820/54/25
f 2818/58/26 2721/59/26 2718/57/26 2819/56/26
f 2797/60/27 2724/61/27 2725/62/27 2794/63/27
f 2796/64/150 2723/65/150 2724/61/150 2797/60/150
f 2795/66/29 2722/67/29 2723/65/29 2796/64/29
f 2794/68/151 2725/69/151 2722/67/151 2795/66/151
f 2778/70/31 2726/71/31 2727/72/31 2779/73/31
f 2779/73/32 2727/72/32 2728/74/32 2780/75/32
f 2780/75/33 2728/74/33 2729/76/33 2781/77/33
f 2781/77/34 2729/76/34 2726/78/34 2778/79/34
f 2813/80/35 2733/81/35 2730/82/35 2810/83/35
f 2812/84/36 2732/85/36 2733/81/36 2813/80/36
f 2811/86/37 2731/87/37 2732/85/37 2812/84/37
f 2810/88/38 2730/89/38 2731/87/38 2811/86/38
f 2826/90/39 2737/91/39 2734/92/39 2827/93/39
f 2827/93/40 2734/92/40 2735/94/40 2828/95/40
f 2828/95/41 2735/94/41 2736/96/41 2829/97/41
f 2829/97/42 2736/96/42 2737/98/42 2826/99/42
f 2792/100/43 2741/101/43 2738/102/43 2793/103/43
f 2791/104/44 2740/105/44 2741/101/44 2792/100/44
f 2790/106/45 2739/107/45 2740/105/45 2791/104/45
f 2793/108/46 2738/109/46 2739/107/46 2790/106/46
f 2784/110/47 2744/111/47 2745/112/47 2785/113/47
f 2783/114/48 2743/115/48 2744/111/48 2784/110/48
f 2782/116/49 2742/117/49 2743/115/49 2783/114/49
f 2785/118/50 2745/119/50 2742/117/50 2782/116/50
f 2777/120/51 2746/121/51 2747/122/51 2774/123/51
f 2774/123/52 2747/122/52 2748/124/52 2775/125/52
f 2775/125/53 2748/124/53 2749/126/53 2776/127/53
f 2776/127/54 2749/126/54 2746/128/54 2777/129/54
f 2801/130/55 2753/131/55 2750/132/55 2798/133/55
f 2798/133/56 2750/132/56 2751/134/56 2799/135/56
f 2799/135/57 2751/134/57 2752/136/57 2800/137/57
f 2800/137/58 2752/136/58 2753/138/58 2801/139/58
f 2808/140/59 2757/141/59 2754/142/59 2809/143/59
f 2807/144/60 2756/145/60 2757/141/60 2808/140/60
f 2806/146/61 2755/147/61 2756/145/61 2807/144/61
f 2809/148/62 2754/149/62 2755/147/62 2806/146/62
f 2817/150/63 2761/151/63 2758/152/63 2814/153/63
f 2814/153/64 2758/152/64 2759/154/64 2815/155/64
f 2815/155/65 2759/154/65 2760/156/65 2816/157/65
f 2816/157/66 2760/156/66 2761/158/66 2817/159/66
f 2825/160/67 2762/161/67 2763/162/67 2822/163/67
f 2822/163/68 2763/162/68 2764/164/68 2823/165/68
f 2823/165/69 2764/164/69 2765/166/69 2824/167/69
f 2824/167/70 2765/166/70 2762/168/70 2825/169/70
f 2832/170/71 2768/171/71 2769/172/71 2833/173/71
f 2831/174/72 2767/175/72 2768/171/72 2832/170/72
f 2830/176/73 2766/177/73 2767/175/73 2831/174/73
f 2833/178/74 2769/179/74 2766/177/74 2830/176/74
f 2746/121/75 2770/21/75 2771/20/75 2747/122/75
f 2747/122/76 2771/20/76 2772/19/76 2748/124/76
f 2748/124/77 2772/19/77 2773/17/77 2749/126/77
f 2749/126/78 2773/17/78 2770/18/78 2746/128/78
f 2729/76/79 2776/127/79 2777/129/79 2726/78/79
f 2728/74/80 2775/125/80 2776/127/80 2729/76/80
f 2727/72/81 2774/123/81 2775/125/81 2728/74/81
f 2726/71/82 2777/120/82 2774/123/82 2727/72/82
f 2744/111/83 2781/77/83 2778/79/83 2745/112/83
f 2743/115/84 2780/75/84 2781/77/84 2744/111/84
f 2742/117/85 2779/73/85 2780/75/85 2743/115/85
f 2745/119/86 2778/70/86 2779/73/86 2742/117/86
f 2714/41/87 2785/118/87 2782/116/87 2715/42/87
f 2715/42/88 2782/116/88 2783/114/88 2716/44/88
f 2716/44/89 2783/114/89 2784/110/89 2717/46/89
f 2717/46/90 2784/110/90 2785/113/90 2714/48/90
f 2741/101/91 2789/47/91 2786/49/91 2738/102/91
f 2740/105/92 2788/45/92 2789/47/92 2741/101/92
f 2739/107/93 2787/43/93 2788/45/93 2740/105/93
f 2738/109/94 2786/40/94 2787/43/94 2739/107/94
f 2725/69/95 2793/108/95 2790/106/95 2722/67/95
f 2722/67/96 2790/106/96 2791/104/96 2723/65/96
f 2723/65/97 2791/104/97 2792/100/97 2724/61/97
f 2724/61/98 2792/100/98 2793/103/98 2725/62/98
f 2753/131/99 2794/68/99 2795/66/99 2750/132/99
f 2750/132/100 2795/66/100 2796/64/100 2751/134/100
f 2751/134/101 2796/64/101 2797/60/101 2752/136/101
f 2752/136/102 2797/60/102 2794/63/102 2753/138/102
f 2713/36/103 2800/137/103 2801/139/103 2710/38/103
f 2712/34/104 2799/135/104 2800/137/104 2713/36/104
f 2711/32/105 2798/133/105 2799/135/105 2712/34/105
f 2710/31/106 2801/130/106 2798/133/106 2711/32/106
f 2757/141/107 2805/37/107 2802/39/107 2754/142/107
f 2756/145/152 2804/35/152 2805/37/152 2757/141/152
f 2755/147/109 2803/33/109 2804/35/109 2756/145/109
f 2754/149/153 2802/30/153 2803/33/153 2755/147/153
f 2730/89/111 2809/148/111 2806/146/111 2731/87/111
f 2731/87/112 2806/146/112 2807/144/112 2732/85/112
f 2732/85/113 2807/144/113 2808/140/113 2733/81/113
f 2733/81/114 2808/140/114 2809/143/114 2730/82/114
f 2761/151/115 2810/88/115 2811/86/115 2758/152/115
f 2758/152/116 2811/86/116 2812/84/116 2759/154/116
f 2759/154/117 2812/84/117 2813/80/117 2760/156/117
f 2760/156/118 2813/80/118 2810/83/118 2761/158/118
f 2720/51/119 2816/157/119 2817/159/119 2721/52/119
f 2719/55/120 2815/155/120 2816/157/120 2720/51/120
f 2718/57/121 2814/153/121 2815/155/121 2719/55/121
f 2721/59/122 2817/150/122 2814/153/122 2718/57/122
f 2762/161/123 2818/58/123 2819/56/123 2763/162/123
f 2763/162/124 2819/56/124 2820/54/124 2764/164/124
f 2764/164/125 2820/54/125 2821/50/125 2765/166/125
f 2765/166/126 2821/50/126 2818/53/126 2762/168/126
f 2736/96/127 2824/167/127 2825/169/127 2737/98/127
f 2735/94/128 2823/165/128 2824/167/128 2736/96/128
f 2734/92/129 2822/163/129 2823/165/129 2735/94/129
f 2737/91/130 2825/160/130 2822/163/130 2734/92/130
f 2768/171/131 2829/97/131 2826/99/131 2769/172/131
f 2767/175/132 2828/95/132 2829/97/132 2768/171/132
f 2766/177/133 2827/93/133 2828/95/133 2767/175/133
f 2769/179/134 2826/90/134 2827/93/134 2766/177/134
f 2709/23/135 2833/178/135 2830/176/135 2706/24/135
f 2706/24/136 2830/176/136 2831/174/136 2707/26/136
f 2707/26/137 2831/174/137 2832/170/137 2708/27/137
f 2708/27/138 2832/170/138 2833/173/138 2709/28/138
f 2695/180/139 2697/181/139 2835/182/139 2834/183/139
f 2697/181/139 2701/16/139 2836/5/139 2835/182/139
f 2701/16/139 2699/15/139 2837/7/139 2836/5/139
f 2699/15/139 2695/180/139 2834/183/139 2837/7/139
f 2840/16/139 2839/181/139 2838/180/139 2841/15/139
f 2697/181/140 2695/180/140 2838/180/140 2839/181/140
f 2695/180/141 2699/15/141 2841/15/141 2838/180/141
f 2701/16/142 2697/181/142 2839/181/142 2840/16/142
f 2850/1/1 2982/2/1 2983/3/1 2851/4/1
f 2851/4/2 2983/3/2 2984/5/2 2852/6/2
f 2852/6/3 2984/5/3 2985/7/3 2853/8/3
f 2853/8/4 2985/7/4 2982/9/4 2850/10/4
f 2844/11/5 2848/12/5 2846/13/5 2842/14/5
f 2847/15/6 2849/16/6 2988/16/6 2989/15/6
f 2921/17/7 2853/8/7 2850/10/7 2918/18/7
f 2920/19/8 2852/6/8 2853/8/8 2921/17/8
f 2919/20/9 2851/4/9 2852/6/9 2920/19/9
f 2918/21/10 2850/1/10 2851/4/10 2919/20/10
f 2842/22/11 2857/23/11 2854/24/11 2844/25/11
f 2844/25/12 2854/24/12 2855/26/12 2848/12/12
f 2848/12/13 2855/26/13 2856/27/13 2846/13/13
f 2846/13/14 2856/27/14 2857/28/14 2842/29/14
f 2950/30/15 2858/31/15 2859/32/15 2951/33/15
f 2951/33/16 2859/32/16 2860/34/16 2952/35/16
f 2952/35/17 2860/34/17 2861/36/17 2953/37/17
f 2953/37/18 2861/36/18 2858/38/18 2950/39/18
f 2934/40/19 2862/41/19 2863/42/19 2935/43/19
f 2935/43/20 2863/42/20 2864/44/20 2936/45/20
f 2936/45/21 2864/44/21 2865/46/21 2937/47/21
f 2937/47/22 2865/46/22 2862/48/22 2934/49/22
f 2969/50/23 2868/51/23 2869/52/23 2966/53/23
f 2968/54/24 2867/55/24 2868/51/24 2969/50/24
f 2967/56/25 2866/57/25 2867/55/25 2968/54/25
f 2966/58/26 2869/59/26 2866/57/26 2967/56/26
f 2945/60/27 2872/61/27 2873/62/27 2942/63/27
f 2944/64/150 2871/65/150 2872/61/150 2945/60/150
f 2943/66/29 2870/67/29 2871/65/29 2944/64/29
f 2942/68/151 2873/69/151 2870/67/151 2943/66/151
f 2926/70/31 2874/71/31 2875/72/31 2927/73/31
f 2927/73/32 2875/72/32 2876/74/32 2928/75/32
f 2928/75/33 2876/74/33 2877/76/33 2929/77/33
f 2929/77/34 2877/76/34 2874/78/34 2926/79/34
f 2961/80/35 2881/81/35 2878/82/35 2958/83/35
f 2960/84/36 2880/85/36 2881/81/36 2961/80/36
f 2959/86/37 2879/87/37 2880/85/37 2960/84/37
f 2958/88/38 2878/89/38 2879/87/38 2959/86/38
f 2974/90/39 2885/91/39 2882/92/39 2975/93/39
f 2975/93/40 2882/92/40 2883/94/40 2976/95/40
f 2976/95/41 2883/94/41 2884/96/41 2977/97/41
f 2977/97/42 2884/96/42 2885/98/42 2974/99/42
f 2940/100/43 2889/101/43 2886/102/43 2941/103/43
f 2939/104/44 2888/105/44 2889/101/44 2940/100/44
f 2938/106/45 2887/107/45 2888/105/45 2939/104/45
f 2941/108/46 2886/109/46 2887/107/46 2938/106/46
f 2932/110/47 2892/111/47 2893/112/47 2933/113/47
f 2931/114/48 2891/115/48 2892/111/48 2932/110/48
f 2930/116/49 2890/117/49 2891/115/49 2931/114/49
f 2933/118/50 2893/119/50 2890/117/50 2930/116/50
f 2925/120/51 2894/121/51 2895/122/51 2922/123/51
f 2922/123/52 2895/122/52 2896/124/52 2923/125/52
f 2923/125/53 2896/124/53 2897/126/53 2924/127/53
f 2924/127/54 2897/126/54 2894/128/54 2925/129/54
f 2949/130/55 2901/131/55 2898/132/55 2946/133/55
f 2946/133/56 2898/132/56 2899/134/56 2947/135/56
f 2947/135/57 2899/134/57 2900/136/57 2948/137/57
f 2948/137/58 2900/136/58 2901/138/58 2949/139/58
f 2956/140/59 2905/141/59 2902/142/59 2957/143/59
f 2955/144/60 2904/145/60 2905/141/60 2956/140/60
f 2954/146/61 2903/147/61 2904/145/61 2955/144/61
f 2957/148/62 2902/149/62 2903/147/62 2954/146/62
f 2965/150/63 2909/151/63 2906/152/63 2962/153/63
f 2962/153/64 2906/152/64 2907/154/64 2963/155/64
f 2963/155/65 2907/154/65 2908/156/65 2964/157/65
f 2964/157/66 2908/156/66 2909/158/66 2965/159/66
f 2973/160/67 2910/161/67 2911/162/67 2970/163/67
f 2970/163/68 2911/162/68 2912/164/68 2971/165/68
f 2971/165/69 2912/164/69 2913/166/69 2972/167/69
f 2972/167/70 2913/166/70 2910/168/70 2973/169/70
f 2980/170/71 2916/171/71 2917/172/71 2981/173/71
f 2979/174/72 2915/175/72 2916/171/72 2980/170/72
f 2978/176/73 2914/177/73 2915/175/73 2979/174/73
f 2981/178/74 2917/179/74 2914/177/74 2978/176/74
f 2894/121/75 2918/21/75 2919/20/75 2895/122/75
f 2895/122/76 2919/20/76 2920/19/76 2896/124/76
f 2896/124/77 2920/19/77 2921/17/77 2897/126/77
f 2897/126/78 2921/17/78 2918/18/78 2894/128/78
f 2877/76/79 2924/127/79 2925/129/79 2874/78/79
f 2876/74/80 2923/125/80 2924/127/80 2877/76/80
f 2875/72/81 2922/123/81 2923/125/81 2876/74/81
f 2874/71/82 2925/120/82 2922/123/82 2875/72/82
f 2892/111/83 2929/77/83 2926/79/83 2893/112/83
f 2891/115/84 2928/75/84 2929/77/84 2892/111/84
f 2890/117/85 2927/73/85 2928/75/85 2891/115/85
f 2893/119/86 2926/70/86 2927/73/86 2890/117/86
f 2862/41/87 2933/118/87 2930/116/87 2863/42/87
f 2863/42/88 2930/116/88 2931/114/88 2864/44/88
f 2864/44/89 2931/114/89 2932/110/89 2865/46/89
f 2865/46/90 2932/110/90 2933/113/90 2862/48/90
f 2889/101/91 2937/47/91 2934/49/91 2886/102/91
f 2888/105/92 2936/45/92 2937/47/92 2889/101/92
f 2887/107/93 2935/43/93 2936/45/93 2888/105/93
f 2886/109/94 2934/40/94 2935/43/94 2887/107/94
f 2873/69/95 2941/108/95 2938/106/95 2870/67/95
f 2870/67/96 2938/106/96 2939/104/96 2871/65/96
f 2871/65/97 2939/104/97 2940/100/97 2872/61/97
f 2872/61/98 2940/100/98 2941/103/98 2873/62/98
f 2901/131/99 2942/68/99 2943/66/99 2898/132/99
f 2898/132/100 2943/66/100 2944/64/100 2899/134/100
f 2899/134/101 2944/64/101 2945/60/101 2900/136/101
f 2900/136/102 2945/60/102 2942/63/102 2901/138/102
f 2861/36/103 2948/137/103 2949/139/103 2858/38/103
f 2860/34/104 2947/135/104 2948/137/104 2861/36/104
f 2859/32/105 2946/133/105 2947/135/105 2860/34/105
f 2858/31/106 2949/130/106 2946/133/106 2859/32/106
f 2905/141/107 2953/37/107 2950/39/107 2902/142/107
f 2904/145/152 2952/35/152 2953/37/152 2905/141/152
f 2903/147/109 2951/33/109 2952/35/109 2904/145/109
f 2902/149/153 2950/30/153 2951/33/153 2903/147/153
f 2878/89/111 2957/148/111 2954/146/111 2879/87/111
f 2879/87/112 2954/146/112 2955/144/112 2880/85/112
f 2880/85/113 2955/144/113 2956/140/113 2881/81/113
f 2881/81/114 2956/140/114 2957/143/114 2878/82/114
f 2909/151/115 2958/88/115 2959/86/115 2906/152/115
f 2906/152/116 2959/86/116 2960/84/116 2907/154/116
f 2907/154/117 2960/84/117 2961/80/117 2908/156/117
f 2908/156/118 2961/80/118 2958/83/118 2909/158/118
f 2868/51/119 2964/157/119 2965/159/119 2869/52/119
f 2867/55/120 2963/155/120 2964/157/120 2868/51/120
f 2866/57/121 2962/153/121 2963/155/121 2867/55/121
f 2869/59/122 2965/150/122 2962/153/122 2866/57/122
f 2910/161/123 2966/58/123 2967/56/123 2911/162/123
f 2911/162/124 2967/56/124 2968/54/124 2912/164/124
f 2912/164/125 2968/54/125 2969/50/125 2913/166/125
f 2913/166/126 2969/50/126 2966/53/126 2910/168/126
f 2884/96/127 2972/167/127 2973/169/127 2885/98/127
f 2883/94/128 2971/165/128 2972/167/128 2884/96/128
f 2882/92/129 2970/163/129 2971/165/129 2883/94/129
f 2885/91/130 2973/160/130 2970/163/130 2882/92/130
f 2916/171/131 2977/97/131 2974/99/131 2917/172/131
f 2915/175/132 2976/95/132 2977/97/132 2916/171/132
f 2914/177/133 2975/93/133 2976/95/133 2915/175/133
f 2917/179/134 2974/90/134 2975/93/134 2914/177/134
f 2857/23/135 2981/178/135 2978/176/135 2854/24/135
f 2854/24/136 2978/176/136 2979/174/136 2855/26/136
f 2855/26/137 2979/174/137 2980/170/137 2856/27/137
f 2856/27/138 2980/170/138 2981/173/138 2857/28/138
f 2843/180/139 2845/181/139 2983/182/139 2982/183/139
f 2845/181/139 2849/16/139 2984/5/139 2983/182/139
f 2849/16/139 2847/15/139 2985/7/139 2984/5/139
f 2847/15/139 2843/180/139 2982/183/139 2985/7/139
f 2988/16/139 2987/181/139 2986/180/139 2989/15/139
f 2845/181/140 2843/180/140 2986/180/140 2987/181/140
f 2843/180/141 2847/15/141 2989/15/141 2986/180/141
f 2849/16/142 2845/181/142 2987/181/142 2988/16/142
f 2998/1/1 3130/2/1 3131/3/1 2999/4/1
f 2999/4/2 3131/3/2 3132/5/2 3000/6/2
f 3000/6/3 3132/5/3 3133/7/3 3001/8/3
f 3001/8/4 3133/7/4 3130/9/4 2998/10/4
f 2992/11/5 2996/12/5 2994/13/5 2990/14/5
f 2995/15/6 2997/16/6 3136/16/6 3137/15/6
f 3069/17/7 3001/8/7 2998/10/7 3066/18/7
f 3068/19/8 3000/6/8 3001/8/8 3069/17/8
f 3067/20/9 2999/4/9 3000/6/9 3068/19/9
f 3066/21/10 2998/1/10 2999/4/10 3067/20/10
f 2990/22/11 3005/23/11 3002/24/11 2992/25/11
f 2992/25/12 3002/24/12 3003/26/12 2996/12/12
f 2996/12/13 3003/26/13 3004/27/13 2994/13/13
f 2994/13/14 3004/27/14 3005/28/14 2990/29/14
f 3098/30/15 3006/31/15 3007/32/15 3099/33/15
f 3099/33/16 3007/32/16 3008/34/16 3100/35/16
f 3100/35/17 3008/34/17 3009/36/17 3101/37/17
f 3101/37/18 3009/36/18 3006/38/18 3098/39/18
f 3082/40/19 3010/41/19 3011/42/19 3083/43/19
f 3083/43/20 3011/42/20 3012/44/20 3084/45/20
f 3084/45/21 3012/44/21 3013/46/21 3085/47/21
f 3085/47/22 3013/46/22 3010/48/22 3082/49/22
f 3117/50/23 3016/51/23 3017/52/23 3114/53/23
f 3116/54/24 3015/55/24 3016/51/24 3117/50/24
f 3115/56/25 3014/57/25 3015/55/25 3116/54/25
f 3114/58/26 3017/59/26 3014/57/26 3115/56/26
f 3093/60/27 3020/61/27 3021/62/27 3090/63/27
f 3092/64/150 3019/65/150 3020/61/150 3093/60/150
f 3091/66/29 3018/67/29 3019/65/29 3092/64/29
f 3090/68/151 3021/69/151 3018/67/151 3091/66/151
f 3074/70/31 3022/71/31 3023/72/31 3075/73/31
f 3075/73/32 3023/72/32 3024/74/32 3076/75/32
f 3076/75/33 3024/74/33 3025/76/33 3077/77/33
f 3077/77/34 3025/76/34 3022/78/34 3074/79/34
f 3109/80/35 3029/81/35 3026/82/35 3106/83/35
f 3108/84/36 3028/85/36 3029/81/36 3109/80/36
f 3107/86/37 3027/87/37 3028/85/37 3108/84/37
f 3106/88/38 3026/89/38 3027/87/38 3107/86/38
f 3122/90/39 3033/91/39 3030/92/39 3123/93/39
f 3123/93/40 3030/92/40 3031/94/40 3124/95/40
f 3124/95/41 3031/94/41 3032/96/41 3125/97/41
f 3125/97/42 3032/96/42 3033/98/42 3122/99/42
f 3088/100/43 3037/101/43 3034/102/43 3089/103/43
f 3087/104/44 3036/105/44 3037/101/44 3088/100/44
f 3086/106/45 3035/107/45 3036/105/45 3087/104/45
f 3089/108/46 3034/109/46 3035/107/46 3086/106/46
f 3080/110/47 3040/111/47 3041/112/47 3081/113/47
f 3079/114/48 3039/115/48 3040/111/48 3080/110/48
f 3078/116/49 3038/117/49 3039/115/49 3079/114/49
f 3081/118/50 3041/119/50 3038/117/50 3078/116/50
f 3073/120/51 3042/121/51 3043/122/51 3070/123/51
f 3070/123/52 3043/122/52 3044/124/52 3071/125/52
f 3071/125/53 3044/124/53 3045/126/53 3072/127/53
f 3072/127/54 3045/126/54 3042/128/54 3073/129/54
f 3097/130/55 3049/131/55 3046/132/55 3094/133/55
f 3094/133/56 3046/132/56 3047/134/56 3095/135/56
f 3095/135/57 3047/134/57 3048/136/57 3096/137/57
f 3096/137/58 3048/136/58 3049/138/58 3097/139/58
f 3104/140/59 3053/141/59 3050/142/59 3105/143/59
f 3103/144/60 3052/145/60 3053/141/60 3104/140/60
f 3102/146/61 3051/147/61 3052/145/61 3103/144/61
f 3105/148/62 3050/149/62 3051/147/62 3102/146/62
f 3113/150/63 3057/151/63 3054/152/63 3110/153/63
f 3110/153/64 3054/152/64 3055/154/64 3111/155/64
f 3111/155/65 3055/154/65 3056/156/65 3112/157/65
f 3112/157/66 3056/156/66 3057/158/66 3113/159/66
f 3121/160/67 3058/161/67 3059/162/67 3118/163/67
f 3118/163/68 3059/162/68 3060/164/68 3119/165/68
f 3119/165/69 3060/164/69 3061/166/69 3120/167/69
f 3120/167/70 3061/166/70 3058/168/70 3121/169/70
f 3128/170/71 3064/171/71 3065/172/71 3129/173/71
f 3127/174/72 3063/175/72 3064/171/72 3128/170/72
f 3126/176/73 3062/177/73 3063/175/73 3127/174/73
f 3129/178/74 3065/179/74 3062/177/74 3126/176/74
f 3042/121/75 3066/21/75 3067/20/75 3043/122/75
f 3043/122/76 3067/20/76 3068/19/76 3044/124/76
f 3044/124/77 3068/19/77 3069/17/77 3045/126/77
f 3045/126/78 3069/17/78 3066/18/78 3042/128/78
f 3025/76/79 3072/127/79 3073/129/79 3022/78/79
f 3024/74/80 3071/125/80 3072/127/80 3025/76/80
f 3023/72/81 3070/123/81 3071/125/81 3024/74/81
f 3022/71/82 3073/120/82 3070/123/82 3023/72/82
f 3040/111/83 3077/77/83 3074/79/83 3041/112/83
f 3039/115/84 3076/75/84 3077/77/84 3040/111/84
f 3038/117/85 3075/73/85 3076/75/85 3039/115/85
f 3041/119/86 3074/70/86 3075/73/86 3038/117/86
f 3010/41/87 3081/118/87 3078/116/87 3011/42/87
f 3011/42/88 3078/116/88 3079/114/88 3012/44/88
f 3012/44/89 3079/114/89 3080/110/89 3013/46/89
f 3013/46/90 3080/110/90 3081/113/90 3010/48/90
f 3037/101/91 3085/47/91 3082/49/91 3034/102/91
f 3036/105/92 3084/45/92 3085/47/92 3037/101/92
f 3035/107/93 3083/43/93 3084/45/93 3036/105/93
f 3034/109/94 3082/40/94 3083/43/94 3035/107/94
f 3021/69/95 3089/108/95 3086/106/95 3018/67/95
f 3018/67/96 3086/106/96 3087/104/96 3019/65/96
f 3019/65/97 3087/104/97 3088/100/97 3020/61/97
f 3020/61/98 3088/100/98 3089/103/98 3021/62/98
f 3049/131/99 3090/68/99 3091/66/99 3046/132/99
f 3046/132/100 3091/66/100 3092/64/100 3047/134/100
f 3047/134/101 3092/64/101 3093/60/101 3048/136/101
f 3048/136/102 3093/60/102 3090/63/102 3049/138/102
f 3009/36/103 3096/137/103 3097/139/103 3006/38/103
f 3008/34/104 3095/135/104 3096/137/104 3009/36/104
f 3007/32/105 3094/133/105 3095/135/105 3008/34/105
f 3006/31/106 3097/130/106 3094/133/106 3007/32/106
f 3053/141/107 3101/37/107 3098/39/107 3050/142/107
f 3052/145/152 3100/35/152 3101/37/152 3053/141/152
f 3051/147/157 3099/33/157 3100/35/157 3052/145/157
f 3050/149/153 3098/30/153 3099/33/153 3051/147/153
f 3026/89/111 3105/148/111 3102/146/111 3027/87/111
f 3027/87/112 3102/146/112 3103/144/112 3028/85/112
f 3028/85/113 3103/144/113 3104/140/113 3029/81/113
f 3029/81/114 3104/140/114 3105/143/114 3026/82/114
f 3057/151/115 3106/88/115 3107/86/115 3054/152/115
f 3054/152/116 3107/86/116 3108/84/116 3055/154/116
f 3055/154/117 3108/84/117 3109/80/117 3056/156/117
f 3056/156/118 3109/80/118 3106/83/118 3057/158/118
f 3016/51/119 3112/157/119 3113/159/119 3017/52/119
f 3015/55/120 3111/155/120 3112/157/120 3016/51/120
f 3014/57/121 3110/153/121 3111/155/121 3015/55/121
f 3017/59/122 3113/150/122 3110/153/122 3014/57/122
f 3058/161/123 3114/58/123 3115/56/123 3059/162/123
f 3059/162/124 3115/56/124 3116/54/124 3060/164/124
f 3060/164/125 3116/54/125 3117/50/125 3061/166/125
f 3061/166/126 3117/50/126 3114/53/126 3058/168/126
f 3032/96/127 3120/167/127 3121/169/127 3033/98/127
f 3031/94/128 3119/165/128 3120/167/128 3032/96/128
f 3030/92/129 3118/163/129 3119/165/129 3031/94/129
f 3033/91/130 3121/160/130 3118/163/130 3030/92/130
f 3064/171/131 3125/97/131 3122/99/131 3065/172/131
f 3063/175/132 3124/95/132 3125/97/132 3064/171/132
f 3062/177/133 3123/93/133 3124/95/133 3063/175/133
f 3065/179/134 3122/90/134 3123/93/134 3062/177/134
f 3005/23/135 3129/178/135 3126/176/135 3002/24/135
f 3002/24/136 3126/176/136 3127/174/136 3003/26/136
f 3003/26/137 3127/174/137 3128/170/137 3004/27/137
f 3004/27/138 3128/170/138 3129/173/138 3005/28/138
f 2991/180/139 2993/181/139 3131/182/139 3130/183/139
f 2993/181/139 2997/16/139 3132/5/139 3131/182/139
f 2997/16/139 2995/15/139 3133/7/139 3132/5/139
f 2995/15/139 2991/180/139 3130/183/139 3133/7/139
f 3136/16/139 3135/181/139 3134/180/139 3137/15/139
f 2993/181/140 2991/180/140 3134/180/140 3135/181/140
f 2991/180/141 2995/15/141 3137/15/141 3134/180/141
f 2997/16/142 2993/181/142 3135/181/142 3136/16/142
f 3146/1/1 3278/2/1 3279/3/1 3147/4/1
f 3147/4/2 3279/3/2 3280/5/2 3148/6/2
f 3148/6/3 3280/5/3 3281/7/3 3149/8/3
f 3149/8/4 3281/7/4 3278/9/4 3146/10/4
f 3140/11/5 3144/12/5 3142/13/5 3138/14/5
f 3143/15/6 3145/16/6 3284/16/6 3285/15/6
f 3217/17/7 3149/8/7 3146/10/7 3214/18/7
f 3216/19/8 3148/6/8 3149/8/8 3217/17/8
f 3215/20/9 3147/4/9 3148/6/9 3216/19/9
f 3214/21/10 3146/1/10 3147/4/10 3215/20/10
f 3138/22/11 3153/23/11 3150/24/11 3140/25/11
f 3140/25/12 3150/24/12 3151/26/12 3144/12/12
f 3144/12/13 3151/26/13 3152/27/13 3142/13/13
f 3142/13/14 3152/27/14 3153/28/14 3138/29/14
f 3246/30/15 3154/31/15 3155/32/15 3247/33/15
f 3247/33/16 3155/32/16 3156/34/16 3248/35/16
f 3248/35/17 3156/34/17 3157/36/17 3249/37/17
f 3249/37/18 3157/36/18 3154/38/18 3246/39/18
f 3230/40/19 3158/41/19 3159/42/19 3231/43/19
f 3231/43/20 3159/42/20 3160/44/20 3232/45/20
f 3232/45/21 3160/44/21 3161/46/21 3233/47/21
f 3233/47/22 3161/46/22 3158/48/22 3230/49/22
f 3265/50/23 3164/51/23 3165/52/23 3262/53/23
f 3264/54/24 3163/55/24 3164/51/24 3265/50/24
f 3263/56/25 3162/57/25 3163/55/25 3264/54/25
f 3262/58/26 3165/59/26 3162/57/26 3263/56/26
f 3241/60/27 3168/61/27 3169/62/27 3238/63/27
f 3240/64/28 3167/65/28 3168/61/28 3241/60/28
f 3239/66/29 3166/67/29 3167/65/29 3240/64/29
f 3238/68/30 3169/69/30 3166/67/30 3239/66/30
f 3222/70/31 3170/71/31 3171/72/31 3223/73/31
f 3223/73/32 3171/72/32 3172/74/32 3224/75/32
f 3224/75/33 3172/74/33 3173/76/33 3225/77/33
f 3225/77/34 3173/76/34 3170/78/34 3222/79/34
f 3257/80/35 3177/81/35 3174/82/35 3254/83/35
f 3256/84/36 3176/85/36 3177/81/36 3257/80/36
f 3255/86/37 3175/87/37 3176/85/37 3256/84/37
f 3254/88/38 3174/89/38 3175/87/38 3255/86/38
f 3270/90/39 3181/91/39 3178/92/39 3271/93/39
f 3271/93/40 3178/92/40 3179/94/40 3272/95/40
f 3272/95/41 3179/94/41 3180/96/41 3273/97/41
f 3273/97/42 3180/96/42 3181/98/42 3270/99/42
f 3236/100/43 3185/101/43 3182/102/43 3237/103/43
f 3235/104/44 3184/105/44 3185/101/44 3236/100/44
f 3234/106/45 3183/107/45 3184/105/45 3235/104/45
f 3237/108/46 3182/109/46 3183/107/46 3234/106/46
f 3228/110/47 3188/111/47 3189/112/47 3229/113/47
f 3227/114/48 3187/115/48 3188/111/48 3228/110/48
f 3226/116/49 3186/117/49 3187/115/49 3227/114/49
f 3229/118/50 3189/119/50 3186/117/50 3226/116/50
f 3221/120/51 3190/121/51 3191/122/51 3218/123/51
f 3218/123/52 3191/122/52 3192/124/52 3219/125/52
f 3219/125/53 3192/124/53 3193/126/53 3220/127/53
f 3220/127/54 3193/126/54 3190/128/54 3221/129/54
f 3245/130/55 3197/131/55 3194/132/55 3242/133/55
f 3242/133/56 3194/132/56 3195/134/56 3243/135/56
f 3243/135/57 3195/134/57 3196/136/57 3244/137/57
f 3244/137/58 3196/136/58 3197/138/58 3245/139/58
f 3252/140/59 3201/141/59 3198/142/59 3253/143/59
f 3251/144/60 3200/145/60 3201/141/60 3252/140/60
f 3250/146/61 3199/147/61 3200/145/61 3251/144/61
f 3253/148/62 3198/149/62 3199/147/62 3250/146/62
f 3261/150/63 3205/151/63 3202/152/63 3258/153/63
f 3258/153/64 3202/152/64 3203/154/64 3259/155/64
f 3259/155/65 3203/154/65 3204/156/65 3260/157/65
f 3260/157/66 3204/156/66 3205/158/66 3261/159/66
f 3269/160/67 3206/161/67 3207/162/67 3266/163/67
f 3266/163/68 3207/162/68 3208/164/68 3267/165/68
f 3267/165/69 3208/164/69 3209/166/69 3268/167/69
f 3268/167/70 3209/166/70 3206/168/70 3269/169/70
f 3276/170/71 3212/171/71 3213/172/71 3277/173/71
f 3275/174/72 3211/175/72 3212/171/72 3276/170/72
f 3274/176/73 3210/177/73 3211/175/73 3275/174/73
f 3277/178/74 3213/179/74 3210/177/74 3274/176/74
f 3190/121/75 3214/21/75 3215/20/75 3191/122/75
f 3191/122/76 3215/20/76 3216/19/76 3192/124/76
f 3192/124/77 3216/19/77 3217/17/77 3193/126/77
f 3193/126/78 3217/17/78 3214/18/78 3190/128/78
f 3173/76/79 3220/127/79 3221/129/79 3170/78/79
f 3172/74/80 3219/125/80 3220/127/80 3173/76/80
f 3171/72/81 3218/123/81 3219/125/81 3172/74/81
f 3170/71/82 3221/120/82 3218/123/82 3171/72/82
f 3188/111/83 3225/77/83 3222/79/83 3189/112/83
f 3187/115/84 3224/75/84 3225/77/84 3188/111/84
f 3186/117/85 3223/73/85 3224/75/85 3187/115/85
f 3189/119/86 3222/70/86 3223/73/86 3186/117/86
f 3158/41/87 3229/118/87 3226/116/87 3159/42/87
f 3159/42/88 3226/116/88 3227/114/88 3160/44/88
f 3160/44/89 3227/114/89 3228/110/89 3161/46/89
f 3161/46/90 3228/110/90 3229/113/90 3158/48/90
f 3185/101/91 3233/47/91 3230/49/91 3182/102/91
f 3184/105/92 3232/45/92 3233/47/92 3185/101/92
f 3183/107/93 3231/43/93 3232/45/93 3184/105/93
f 3182/109/94 3230/40/94 3231/43/94 3183/107/94
f 3169/69/95 3237/108/95 3234/106/95 3166/67/95
f 3166/67/96 3234/106/96 3235/104/96 3167/65/96
f 3167/65/97 3235/104/97 3236/100/97 3168/61/97
f 3168/61/98 3236/100/98 3237/103/98 3169/62/98
f 3197/131/99 3238/68/99 3239/66/99 3194/132/99
f 3194/132/100 3239/66/100 3240/64/100 3195/134/100
f 3195/134/101 3240/64/101 3241/60/101 3196/136/101
f 3196/136/102 3241/60/102 3238/63/102 3197/138/102
f 3157/36/103 3244/137/103 3245/139/103 3154/38/103
f 3156/34/104 3243/135/104 3244/137/104 3157/36/104
f 3155/32/105 3242/133/105 3243/135/105 3156/34/105
f 3154/31/106 3245/130/106 3242/133/106 3155/32/106
f 3201/141/107 3249/37/107 3246/39/107 3198/142/107
f 3200/145/108 3248/35/108 3249/37/108 3201/141/108
f 3199/147/109 3247/33/109 3248/35/109 3200/145/109
f 3198/149/110 3246/30/110 3247/33/110 3199/147/110
f 3174/89/111 3253/148/111 3250/146/111 3175/87/111
f 3175/87/112 3250/146/112 3251/144/112 3176/85/112
f 3176/85/113 3251/144/113 3252/140/113 3177/81/113
f 3177/81/114 3252/140/114 3253/143/114 3174/82/114
f 3205/151/115 3254/88/115 3255/86/115 3202/152/115
f 3202/152/116 3255/86/116 3256/84/116 3203/154/116
f 3203/154/117 3256/84/117 3257/80/117 3204/156/117
f 3204/156/118 3257/80/118 3254/83/118 3205/158/118
f 3164/51/119 3260/157/119 3261/159/119 3165/52/119
f 3163/55/120 3259/155/120 3260/157/120 3164/51/120
f 3162/57/121 3258/153/121 3259/155/121 3163/55/121
f 3165/59/122 3261/150/122 3258/153/122 3162/57/122
f 3206/161/123 3262/58/123 3263/56/123 3207/162/123
f 3207/162/124 3263/56/124 3264/54/124 3208/164/124
f 3208/164/125 3264/54/125 3265/50/125 3209/166/125
f 3209/166/126 3265/50/126 3262/53/126 3206/168/126
f 3180/96/127 3268/167/127 3269/169/127 3181/98/127
f 3179/94/128 3267/165/128 3268/167/128 3180/96/128
f 3178/92/129 3266/163/129 3267/165/129 3179/94/129
f 3181/91/130 3269/160/130 3266/163/130 3178/92/130
f 3212/171/131 3273/97/131 3270/99/131 3213/172/131
f 3211/175/132 3272/95/132 3273/97/132 3212/171/132
f 3210/177/133 3271/93/133 3272/95/133 3211/175/133
f 3213/179/134 3270/90/134 3271/93/134 3210/177/134
f 3153/23/135 3277/178/135 3274/176/135 3150/24/135
f 3150/24/136 3274/176/136 3275/174/136 3151/26/136
f 3151/26/137 3275/174/137 3276/170/137 3152/27/137
f 3152/27/138 3276/170/138 3277/173/138 3153/28/138
f 3139/180/139 3141/181/139 3279/182/139 3278/183/139
f 3141/181/139 3145/16/139 3280/5/139 3279/182/139
f 3145/16/139 3143/15/139 3281/7/139 3280/5/139
f 3143/15/139 3139/180/139 3278/183/139 3281/7/139
f 3284/16/139 3283/181/139 3282/180/139 3285/15/139
f 3141/181/140 3139/180/140 3282/180/140 3283/181/140
f 3139/180/141 3143/15/141 3285/15/141 3282/180/141
f 3145/16/142 3141/181/142 3283/181/142 3284/16/142
f 3294/1/1 3426/2/1 3427/3/1 3295/4/1
f 3295/4/2 3427/3/2 3428/5/2 3296/6/2
f 3296/6/3 3428/5/3 3429/7/3 3297/8/3
f 3297/8/4 3429/7/4 3426/9/4 3294/10/4
f 3288/11/5 3292/12/5 3290/13/5 3286/14/5
f 3291/15/6 3293/16/6 3432/16/6 3433/15/6
f 3365/17/7 3297/8/7 3294/10/7 3362/18/7
f 3364/19/8 3296/6/8 3297/8/8 3365/17/8
f 3363/20/9 3295/4/9 3296/6/9 3364/19/9
f 3362/21/10 3294/1/10 3295/4/10 3363/20/10
f 3286/22/11 3301/23/11 3298/24/11 3288/25/11
f 3288/25/12 3298/24/12 3299/26/12 3292/12/12
f 3292/12/13 3299/26/13 3300/27/13 3290/13/13
f 3290/13/14 3300/27/14 3301/28/14 3286/29/14
f 3394/30/15 3302/31/15 3303/32/15 3395/33/15
f 3395/33/16 3303/32/16 3304/34/16 3396/35/16
f 3396/35/17 3304/34/17 3305/36/17 3397/37/17
f 3397/37/18 3305/36/18 3302/38/18 3394/39/18
f 3378/40/19 3306/41/19 3307/42/19 3379/43/19
f 3379/43/20 3307/42/20 3308/44/20 3380/45/20
f 3380/45/21 3308/44/21 3309/46/21 3381/47/21
f 3381/47/22 3309/46/22 3306/48/22 3378/49/22
f 3413/50/23 3312/51/23 3313/52/23 3410/53/23
f 3412/54/24 3311/55/24 3312/51/24 3413/50/24
f 3411/56/25 3310/57/25 3311/55/25 3412/54/25
f 3410/58/26 3313/59/26 3310/57/26 3411/56/26
f 3389/60/27 3316/61/27 3317/62/27 3386/63/27
f 3388/64/28 3315/65/28 3316/61/28 3389/60/28
f 3387/66/29 3314/67/29 3315/65/29 3388/64/29
f 3386/68/30 3317/69/30 3314/67/30 3387/66/30
f 3370/70/31 3318/71/31 3319/72/31 3371/73/31
f 3371/73/32 3319/72/32 3320/74/32 3372/75/32
f 3372/75/33 3320/74/33 3321/76/33 3373/77/33
f 3373/77/34 3321/76/34 3318/78/34 3370/79/34
f 3405/80/35 3325/81/35 3322/82/35 3402/83/35
f 3404/84/36 3324/85/36 3325/81/36 3405/80/36
f 3403/86/37 3323/87/37 3324/85/37 3404/84/37
f 3402/88/38 3322/89/38 3323/87/38 3403/86/38
f 3418/90/39 3329/91/39 3326/92/39 3419/93/39
f 3419/93/40 3326/92/40 3327/94/40 3420/95/40
f 3420/95/41 3327/94/41 3328/96/41 3421/97/41
f 3421/97/42 3328/96/42 3329/98/42 3418/99/42
f 3384/100/43 3333/101/43 3330/102/43 3385/103/43
f 3383/104/44 3332/105/44 3333/101/44 3384/100/44
f 3382/106/45 3331/107/45 3332/105/45 3383/104/45
f 3385/108/46 3330/109/46 3331/107/46 3382/106/46
f 3376/110/47 3336/111/47 3337/112/47 3377/113/47
f 3375/114/48 3335/115/48 3336/111/48 3376/110/48
f 3374/116/49 3334/117/49 3335/115/49 3375/114/49
f 3377/118/50 3337/119/50 3334/117/50 3374/116/50
f 3369/120/51 3338/121/51 3339/122/51 3366/123/51
f 3366/123/52 3339/122/52 3340/124/52 3367/125/52
f 3367/125/53 3340/124/53 3341/126/53 3368/127/53
f 3368/127/54 3341/126/54 3338/128/54 3369/129/54
f 3393/130/55 3345/131/55 3342/132/55 3390/133/55
f 3390/133/56 3342/132/56 3343/134/56 3391/135/56
f 3391/135/57 3343/134/57 3344/136/57 3392/137/57
f 3392/137/58 3344/136/58 3345/138/58 3393/139/58
f 3400/140/59 3349/141/59 3346/142/59 3401/143/59
f 3399/144/60 3348/145/60 3349/141/60 3400/140/60
f 3398/146/61 3347/147/61 3348/145/61 3399/144/61
f 3401/148/62 3346/149/62 3347/147/62 3398/146/62
f 3409/150/63 3353/151/63 3350/152/63 3406/153/63
f 3406/153/64 3350/152/64 3351/154/64 3407/155/64
f 3407/155/65 3351/154/65 3352/156/65 3408/157/65
f 3408/157/66 3352/156/66 3353/158/66 3409/159/66
f 3417/160/67 3354/161/67 3355/162/67 3414/163/67
f 3414/163/68 3355/162/68 3356/164/68 3415/165/68
f 3415/165/69 3356/164/69 3357/166/69 3416/167/69
f 3416/167/70 3357/166/70 3354/168/70 3417/169/70
f 3424/170/71 3360/171/71 3361/172/71 3425/173/71
f 3423/174/72 3359/175/72 3360/171/72 3424/170/72
f 3422/176/73 3358/177/73 3359/175/73 3423/174/73
f 3425/178/74 3361/179/74 3358/177/74 3422/176/74
f 3338/121/75 3362/21/75 3363/20/75 3339/122/75
f 3339/122/76 3363/20/76 3364/19/76 3340/124/76
f 3340/124/77 3364/19/77 3365/17/77 3341/126/77
f 3341/126/78 3365/17/78 3362/18/78 3338/128/78
f 3321/76/79 3368/127/79 3369/129/79 3318/78/79
f 3320/74/80 3367/125/80 3368/127/80 3321/76/80
f 3319/72/81 3366/123/81 3367/125/81 3320/74/81
f 3318/71/82 3369/120/82 3366/123/82 3319/72/82
f 3336/111/83 3373/77/83 3370/79/83 3337/112/83
f 3335/115/84 3372/75/84 3373/77/84 3336/111/84
f 3334/117/85 3371/73/85 3372/75/85 3335/115/85
f 3337/119/86 3370/70/86 3371/73/86 3334/117/86
f 3306/41/87 3377/118/87 3374/116/87 3307/42/87
f 3307/42/88 3374/116/88 3375/114/88 3308/44/88
f 3308/44/89 3375/114/89 3376/110/89 3309/46/89
f 3309/46/90 3376/110/90 3377/113/90 3306/48/90
f 3333/101/91 3381/47/91 3378/49/91 3330/102/91
f 3332/105/92 3380/45/92 3381/47/92 3333/101/92
f 3331/107/93 3379/43/93 3380/45/93 3332/105/93
f 3330/109/94 3378/40/94 3379/43/94 3331/107/94
f 3317/69/95 3385/108/95 3382/106/95 3314/67/95
f 3314/67/96 3382/106/96 3383/104/96 3315/65/96
f 3315/65/97 3383/104/97 3384/100/97 3316/61/97
f 3316/61/98 3384/100/98 3385/103/98 3317/62/98
f 3345/131/99 3386/68/99 3387/66/99 3342/132/99
f 3342/132/100 3387/66/100 3388/64/100 3343/134/100
f 3343/134/101 3388/64/101 3389/60/101 3344/136/101
f 3344/136/102 3389/60/102 3386/63/102 3345/138/102
f 3305/36/103 3392/137/103 3393/139/103 3302/38/103
f 3304/34/104 3391/135/104 3392/137/104 3305/36/104
f 3303/32/105 3390/133/105 3391/135/105 3304/34/105
f 3302/31/106 3393/130/106 3390/133/106 3303/32/106
f 3349/141/107 3397/37/107 3394/39/107 3346/142/107
f 3348/145/108 3396/35/108 3397/37/108 3349/141/108
f 3347/147/109 3395/33/109 3396/35/109 3348/145/109
f 3346/149/110 3394/30/110 3395/33/110 3347/147/110
f 3322/89/111 3401/148/111 3398/146/111 3323/87/111
f 3323/87/112 3398/146/112 3399/144/112 3324/85/112
f 3324/85/113 3399/144/113 3400/140/113 3325/81/113
f 3325/81/114 3400/140/114 3401/143/114 3322/82/114
f 3353/151/115 3402/88/115 3403/86/115 3350/152/115
f 3350/152/116 3403/86/116 3404/84/116 3351/154/116
f 3351/154/117 3404/84/117 3405/80/117 3352/156/117
f 3352/156/118 3405/80/118 3402/83/118 3353/158/118
f 3312/51/119 3408/157/119 3409/159/119 3313/52/119
f 3311/55/120 3407/155/120 3408/157/120 3312/51/120
f 3310/57/121 3406/153/121 3407/155/121 3311/55/121
f 3313/59/122 3409/150/122 3406/153/122 3310/57/122
f 3354/161/123 3410/58/123 3411/56/123 3355/162/123
f 3355/162/124 3411/56/124 3412/54/124 3356/164/124
f 3356/164/125 3412/54/125 3413/50/125 3357/166/125
f 3357/166/126 3413/50/126 3410/53/126 3354/168/126
f 3328/96/127 3416/167/127 3417/169/127 3329/98/127
f 3327/94/128 3415/165/128 3416/167/128 3328/96/128
f 3326/92/129 3414/163/129 3415/165/129 3327/94/129
f 3329/91/130 3417/160/130 3414/163/130 3326/92/130
f 3360/171/131 3421/97/131 3418/99/131 3361/172/131
f 3359/175/132 3420/95/132 3421/97/132 3360/171/132
f 3358/177/133 3419/93/133 3420/95/133 3359/175/133
f 3361/179/134 3418/90/134 3419/93/134 3358/177/134
f 3301/23/135 3425/178/135 3422/176/135 3298/24/135
f 3298/24/136 3422/176/136 3423/174/136 3299/26/136
f 3299/26/137 3423/174/137 3424/170/137 3300/27/137
f 3300/27/138 3424/170/138 3425/173/138 3301/28/138
f 3287/180/139 3289/181/139 3427/182/139 3426/183/139
f 3289/181/139 3293/16/139 3428/5/139 3427/182/139
f 3293/16/139 3291/15/139 3429/7/139 3428/5/139
f 3291/15/139 3287/180/139 3426/183/139 3429/7/139
f 3432/16/139 3431/181/139 3430/180/139 3433/15/139
f 3289/181/140 3287/180/140 3430/180/140 3431/181/140
f 3287/180/141 3291/15/141 3433/15/141 3430/180/141
f 3293/16/142 3289/181/142 3431/181/142 3432/16/142
f 3442/1/1 3574/2/1 3575/3/1 3443/4/1
f 3443/4/2 3575/3/2 3576/5/2 3444/6/2
f 3444/6/3 3576/5/3 3577/7/3 3445/8/3
f 3445/8/4 3577/7/4 3574/9/4 3442/10/4
f 3436/11/5 3440/12/5 3438/13/5 3434/14/5
f 3439/15/6 3441/16/6 3580/16/6 3581/15/6
f 3513/17/7 3445/8/7 3442/10/7 3510/18/7
f 3512/19/8 3444/6/8 3445/8/8 3513/17/8
f 3511/20/9 3443/4/9 3444/6/9 3512/19/9
f 3510/21/10 3442/1/10 3443/4/10 3511/20/10
f 3434/22/11 3449/23/11 3446/24/11 3436/25/11
f 3436/25/12 3446/24/12 3447/26/12 3440/12/12
f 3440/12/13 3447/26/13 3448/27/13 3438/13/13
f 3438/13/14 3448/27/14 3449/28/14 3434/29/14
f 3542/30/15 3450/31/15 3451/32/15 3543/33/15
f 3543/33/16 3451/32/16 3452/34/16 3544/35/16
f 3544/35/17 3452/34/17 3453/36/17 3545/37/17
f 3545/37/18 3453/36/18 3450/38/18 3542/39/18
f 3526/40/19 3454/41/19 3455/42/19 3527/43/19
f 3527/43/20 3455/42/20 3456/44/20 3528/45/20
f 3528/45/21 3456/44/21 3457/46/21 3529/47/21
f 3529/47/22 3457/46/22 3454/48/22 3526/49/22
f 3561/50/23 3460/51/23 3461/52/23 3558/53/23
f 3560/54/24 3459/55/24 3460/51/24 3561/50/24
f 3559/56/25 3458/57/25 3459/55/25 3560/54/25
f 3558/58/26 3461/59/26 3458/57/26 3559/56/26
f 3537/60/27 3464/61/27 3465/62/27 3534/63/27
f 3536/64/28 3463/65/28 3464/61/28 3537/60/28
f 3535/66/29 3462/67/29 3463/65/29 3536/64/29
f 3534/68/30 3465/69/30 3462/67/30 3535/66/30
f 3518/70/31 3466/71/31 3467/72/31 3519/73/31
f 3519/73/32 3467/72/32 3468/74/32 3520/75/32
f 3520/75/33 3468/74/33 3469/76/33 3521/77/33
f 3521/77/34 3469/76/34 3466/78/34 3518/79/34
f 3553/80/35 3473/81/35 3470/82/35 3550/83/35
f 3552/84/36 3472/85/36 3473/81/36 3553/80/36
f 3551/86/37 3471/87/37 3472/85/37 3552/84/37
f 3550/88/38 3470/89/38 3471/87/38 3551/86/38
f 3566/90/39 3477/91/39 3474/92/39 3567/93/39
f 3567/93/40 3474/92/40 3475/94/40 3568/95/40
f 3568/95/41 3475/94/41 3476/96/41 3569/97/41
f 3569/97/42 3476/96/42 3477/98/42 3566/99/42
f 3532/100/43 3481/101/43 3478/102/43 3533/103/43
f 3531/104/44 3480/105/44 3481/101/44 3532/100/44
f 3530/106/45 3479/107/45 3480/105/45 3531/104/45
f 3533/108/46 3478/109/46 3479/107/46 3530/106/46
f 3524/110/47 3484/111/47 3485/112/47 3525/113/47
f 3523/114/48 3483/115/48 3484/111/48 3524/110/48
f 3522/116/49 3482/117/49 3483/115/49 3523/114/49
f 3525/118/50 3485/119/50 3482/117/50 3522/116/50
f 3517/120/51 3486/121/51 3487/122/51 3514/123/51
f 3514/123/52 3487/122/52 3488/124/52 3515/125/52
f 3515/125/53 3488/124/53 3489/126/53 3516/127/53
f 3516/127/54 3489/126/54 3486/128/54 3517/129/54
f 3541/130/55 3493/131/55 3490/132/55 3538/133/55
f 3538/133/56 3490/132/56 3491/134/56 3539/135/56
f 3539/135/57 3491/134/57 3492/136/57 3540/137/57
f 3540/137/58 3492/136/58 3493/138/58 3541/139/58
f 3548/140/59 3497/141/59 3494/142/59 3549/143/59
f 3547/144/60 3496/145/60 3497/141/60 3548/140/60
f 3546/146/61 3495/147/61 3496/145/61 3547/144/61
f 3549/148/62 3494/149/62 3495/147/62 3546/146/62
f 3557/150/63 3501/151/63 3498/152/63 3554/153/63
f 3554/153/64 3498/152/64 3499/154/64 3555/155/64
f 3555/155/65 3499/154/65 3500/156/65 3556/157/65
f 3556/157/66 3500/156/66 3501/158/66 3557/159/66
f 3565/160/67 3502/161/67 3503/162/67 3562/163/67
f 3562/163/68 3503/162/68 3504/164/68 3563/165/68
f 3563/165/69 3504/164/69 3505/166/69 3564/167/69
f 3564/167/70 3505/166/70 3502/168/70 3565/169/70
f 3572/170/71 3508/171/71 3509/172/71 3573/173/71
f 3571/174/72 3507/175/72 3508/171/72 3572/170/72
f 3570/176/73 3506/177/73 3507/175/73 3571/174/73
f 3573/178/74 3509/179/74 3506/177/74 3570/176/74
f 3486/121/75 3510/21/75 3511/20/75 3487/122/75
f 3487/122/76 3511/20/76 3512/19/76 3488/124/76
f 3488/124/77 3512/19/77 3513/17/77 3489/126/77
f 3489/126/78 3513/17/78 3510/18/78 3486/128/78
f 3469/76/79 3516/127/79 3517/129/79 3466/78/79
f 3468/74/80 3515/125/80 3516/127/80 3469/76/80
f 3467/72/81 3514/123/81 3515/125/81 3468/74/81
f 3466/71/82 3517/120/82 3514/123/82 3467/72/82
f 3484/111/83 3521/77/83 3518/79/83 3485/112/83
f 3483/115/84 3520/75/84 3521/77/84 3484/111/84
f 3482/117/85 3519/73/85 3520/75/85 3483/115/85
f 3485/119/86 3518/70/86 3519/73/86 3482/117/86
f 3454/41/87 3525/118/87 3522/116/87 3455/42/87
f 3455/42/88 3522/116/88 3523/114/88 3456/44/88
f 3456/44/89 3523/114/89 3524/110/89 3457/46/89
f 3457/46/90 3524/110/90 3525/113/90 3454/48/90
f 3481/101/91 3529/47/91 3526/49/91 3478/102/91
f 3480/105/92 3528/45/92 3529/47/92 3481/101/92
f 3479/107/93 3527/43/93 3528/45/93 3480/105/93
f 3478/109/94 3526/40/94 3527/43/94 3479/107/94
f 3465/69/95 3533/108/95 3530/106/95 3462/67/95
f 3462/67/96 3530/106/96 3531/104/96 3463/65/96
f 3463/65/97 3531/104/97 3532/100/97 3464/61/97
f 3464/61/98 3532/100/98 3533/103/98 3465/62/98
f 3493/131/99 3534/68/99 3535/66/99 3490/132/99
f 3490/132/100 3535/66/100 3536/64/100 3491/134/100
f 3491/134/101 3536/64/101 3537/60/101 3492/136/101
f 3492/136/102 3537/60/102 3534/63/102 3493/138/102
f 3453/36/103 3540/137/103 3541/139/103 3450/38/103
f 3452/34/104 3539/135/104 3540/137/104 3453/36/104
f 3451/32/105 3538/133/105 3539/135/105 3452/34/105
f 3450/31/106 3541/130/106 3538/133/106 3451/32/106
f 3497/141/107 3545/37/107 3542/39/107 3494/142/107
f 3496/145/108 3544/35/108 3545/37/108 3497/141/108
f 3495/147/109 3543/33/109 3544/35/109 3496/145/109
f 3494/149/110 3542/30/110 3543/33/110 3495/147/110
f 3470/89/111 3549/148/111 3546/146/111 3471/87/111
f 3471/87/112 3546/146/112 3547/144/112 3472/85/112
f 3472/85/113 3547/144/113 3548/140/113 3473/81/113
f 3473/81/114 3548/140/114 3549/143/114 3470/82/114
f 3501/151/115 3550/88/115 3551/86/115 3498/152/115
f 3498/152/116 3551/86/116 3552/84/116 3499/154/116
f 3499/154/117 3552/84/117 3553/80/117 3500/156/117
f 3500/156/118 3553/80/118 3550/83/118 3501/158/118
f 3460/51/119 3556/157/119 3557/159/119 3461/52/119
f 3459/55/120 3555/155/120 3556/157/120 3460/51/120
f 3458/57/121 3554/153/121 3555/155/121 3459/55/121
f 3461/59/122 3557/150/122 3554/153/122 3458/57/122
f 3502/161/123 3558/58/123 3559/56/123 3503/162/123
f 3503/162/124 3559/56/124 3560/54/124 3504/164/124
f 3504/164/125 3560/54/125 3561/50/125 3505/166/125
f 3505/166/126 3561/50/126 3558/53/126 3502/168/126
f 3476/96/127 3564/167/127 3565/169/127 3477/98/127
f 3475/94/128 3563/165/128 3564/167/128 3476/96/128
f 3474/92/129 3562/163/129 3563/165/129 3475/94/129
f 3477/91/130 3565/160/130 3562/163/130 3474/92/130
f 3508/171/131 3569/97/131 3566/99/131 3509/172/131
f 3507/175/132 3568/95/132 3569/97/132 3508/171/132
f 3506/177/133 3567/93/133 3568/95/133 3507/175/133
f 3509/179/134 3566/90/134 3567/93/134 3506/177/134
f 3449/23/135 3573/178/135 3570/176/135 3446/24/135
f 3446/24/136 3570/176/136 3571/174/136 3447/26/136
f 3447/26/137 3571/174/137 3572/170/137 3448/27/137
f 3448/27/138 3572/170/138 3573/173/138 3449/28/138
f 3435/180/139 3437/181/139 3575/182/139 3574/183/139
f 3437/181/139 3441/16/139 3576/5/139 3575/182/139
f 3441/16/139 3439/15/139 3577/7/139 3576/5/139
f 3439/15/139 3435/180/139 3574/183/139 3577/7/139
f 3580/16/139 3579/181/139 3578/180/139 3581/15/139
f 3437/181/140 3435/180/140 3578/180/140 3579/181/140
f 3435/180/141 3439/15/141 3581/15/141 3578/180/141
f 3441/16/142 3437/181/142 3579/181/142 3580/16/142
f 3590/1/1 3722/2/1 3723/3/1 3591/4/1
f 3591/4/2 3723/3/2 3724/5/2 3592/6/2
f 3592/6/3 3724/5/3 3725/7/3 3593/8/3
f 3593/8/4 3725/7/4 3722/9/4 3590/10/4
f 3584/11/5 3588/12/5 3586/13/5 3582/14/5
f 3587/15/6 3589/16/6 3728/16/6 3729/15/6
f 3661/17/7 3593/8/7 3590/10/7 3658/18/7
f 3660/19/8 3592/6/8 3593/8/8 3661/17/8
f 3659/20/9 3591/4/9 3592/6/9 3660/19/9
f 3658/21/10 3590/1/10 3591/4/10 3659/20/10
f 3582/22/11 3597/23/11 3594/24/11 3584/25/11
f 3584/25/12 3594/24/12 3595/26/12 3588/12/12
f 3588/12/13 3595/26/13 3596/27/13 3586/13/13
f 3586/13/14 3596/27/14 3597/28/14 3582/29/14
f 3690/30/15 3598/31/15 3599/32/15 3691/33/15
f 3691/33/16 3599/32/16 3600/34/16 3692/35/16
f 3692/35/17 3600/34/17 3601/36/17 3693/37/17
f 3693/37/18 3601/36/18 3598/38/18 3690/39/18
f 3674/40/19 3602/41/19 3603/42/19 3675/43/19
f 3675/43/20 3603/42/20 3604/44/20 3676/45/20
f 3676/45/21 3604/44/21 3605/46/21 3677/47/21
f 3677/47/22 3605/46/22 3602/48/22 3674/49/22
f 3709/50/23 3608/51/23 3609/52/23 3706/53/23
f 3708/54/24 3607/55/24 3608/51/24 3709/50/24
f 3707/56/25 3606/57/25 3607/55/25 3708/54/25
f 3706/58/26 3609/59/26 3606/57/26 3707/56/26
f 3685/60/27 3612/61/27 3613/62/27 3682/63/27
f 3684/64/28 3611/65/28 3612/61/28 3685/60/28
f 3683/66/29 3610/67/29 3611/65/29 3684/64/29
f 3682/68/30 3613/69/30 3610/67/30 3683/66/30
f 3666/70/31 3614/71/31 3615/72/31 3667/73/31
f 3667/73/32 3615/72/32 3616/74/32 3668/75/32
f 3668/75/33 3616/74/33 3617/76/33 3669/77/33
f 3669/77/34 3617/76/34 3614/78/34 3666/79/34
f 3701/80/35 3621/81/35 3618/82/35 3698/83/35
f 3700/84/36 3620/85/36 3621/81/36 3701/80/36
f 3699/86/37 3619/87/37 3620/85/37 3700/84/37
f 3698/88/38 3618/89/38 3619/87/38 3699/86/38
f 3714/90/39 3625/91/39 3622/92/39 3715/93/39
f 3715/93/40 3622/92/40 3623/94/40 3716/95/40
f 3716/95/41 3623/94/41 3624/96/41 3717/97/41
f 3717/97/42 3624/96/42 3625/98/42 3714/99/42
f 3680/100/43 3629/101/43 3626/102/43 3681/103/43
f 3679/104/44 3628/105/44 3629/101/44 3680/100/44
f 3678/106/45 3627/107/45 3628/105/45 3679/104/45
f 3681/108/46 3626/109/46 3627/107/46 3678/106/46
f 3672/110/47 3632/111/47 3633/112/47 3673/113/47
f 3671/114/48 3631/115/48 3632/111/48 3672/110/48
f 3670/116/49 3630/117/49 3631/115/49 3671/114/49
f 3673/118/50 3633/119/50 3630/117/50 3670/116/50
f 3665/120/51 3634/121/51 3635/122/51 3662/123/51
f 3662/123/52 3635/122/52 3636/124/52 3663/125/52
f 3663/125/53 3636/124/53 3637/126/53 3664/127/53
f 3664/127/54 3637/126/54 3634/128/54 3665/129/54
f 3689/130/55 3641/131/55 3638/132/55 3686/133/55
f 3686/133/56 3638/132/56 3639/134/56 3687/135/56
f 3687/135/57 3639/134/57 3640/136/57 3688/137/57
f 3688/137/58 3640/136/58 3641/138/58 3689/139/58
f 3696/140/59 3645/141/59 3642/142/59 3697/143/59
f 3695/144/60 3644/145/60 3645/141/60 3696/140/60
f 3694/146/61 3643/147/61 3644/145/61 3695/144/61
f 3697/148/62 3642/149/62 3643/147/62 3694/146/62
f 3705/150/63 3649/151/63 3646/152/63 3702/153/63
f 3702/153/64 3646/152/64 3647/154/64 3703/155/64
f 3703/155/65 3647/154/65 3648/156/65 3704/157/65
f 3704/157/66 3648/156/66 3649/158/66 3705/159/66
f 3713/160/67 3650/161/67 3651/162/67 3710/163/67
f 3710/163/68 3651/162/68 3652/164/68 3711/165/68
f 3711/165/69 3652/164/69 3653/166/69 3712/167/69
f 3712/167/70 3653/166/70 3650/168/70 3713/169/70
f 3720/170/71 3656/171/71 3657/172/71 3721/173/71
f 3719/174/72 3655/175/72 3656/171/72 3720/170/72
f 3718/176/73 3654/177/73 3655/175/73 3719/174/73
f 3721/178/74 3657/179/74 3654/177/74 3718/176/74
f 3634/121/75 3658/21/75 3659/20/75 3635/122/75
f 3635/122/76 3659/20/76 3660/19/76 3636/124/76
f 3636/124/77 3660/19/77 3661/17/77 3637/126/77
f 3637/126/78 3661/17/78 3658/18/78 3634/128/78
f 3617/76/79 3664/127/79 3665/129/79 3614/78/79
f 3616/74/80 3663/125/80 3664/127/80 3617/76/80
f 3615/72/81 3662/123/81 3663/125/81 3616/74/81
f 3614/71/82 3665/120/82 3662/123/82 3615/72/82
f 3632/111/83 3669/77/83 3666/79/83 3633/112/83
f 3631/115/84 3668/75/84 3669/77/84 3632/111/84
f 3630/117/85 3667/73/85 3668/75/85 3631/115/85
f 3633/119/86 3666/70/86 3667/73/86 3630/117/86
f 3602/41/87 3673/118/87 3670/116/87 3603/42/87
f 3603/42/88 3670/116/88 3671/114/88 3604/44/88
f 3604/44/89 3671/114/89 3672/110/89 3605/46/89
f 3605/46/90 3672/110/90 3673/113/90 3602/48/90
f 3629/101/91 3677/47/91 3674/49/91 3626/102/91
f 3628/105/92 3676/45/92 3677/47/92 3629/101/92
f 3627/107/93 3675/43/93 3676/45/93 3628/105/93
f 3626/109/94 3674/40/94 3675/43/94 3627/107/94
f 3613/69/95 3681/108/95 3678/106/95 3610/67/95
f 3610/67/96 3678/106/96 3679/104/96 3611/65/96
f 3611/65/97 3679/104/97 3680/100/97 3612/61/97
f 3612/61/98 3680/100/98 3681/103/98 3613/62/98
f 3641/131/99 3682/68/99 3683/66/99 3638/132/99
f 3638/132/100 3683/66/100 3684/64/100 3639/134/100
f 3639/134/101 3684/64/101 3685/60/101 3640/136/101
f 3640/136/102 3685/60/102 3682/63/102 3641/138/102
f 3601/36/103 3688/137/103 3689/139/103 3598/38/103
f 3600/34/104 3687/135/104 3688/137/104 3601/36/104
f 3599/32/105 3686/133/105 3687/135/105 3600/34/105
f 3598/31/106 3689/130/106 3686/133/106 3599/32/106
f 3645/141/107 3693/37/107 3690/39/107 3642/142/107
f 3644/145/108 3692/35/108 3693/37/108 3645/141/108
f 3643/147/109 3691/33/109 3692/35/109 3644/145/109
f 3642/149/110 3690/30/110 3691/33/110 3643/147/110
f 3618/89/111 3697/148/111 3694/146/111 3619/87/111
f 3619/87/112 3694/146/112 3695/144/112 3620/85/112
f 3620/85/113 3695/144/113 3696/140/113 3621/81/113
f 3621/81/114 3696/140/114 3697/143/114 3618/82/114
f 3649/151/115 3698/88/115 3699/86/115 3646/152/115
f 3646/152/116 3699/86/116 3700/84/116 3647/154/116
f 3647/154/117 3700/84/117 3701/80/117 3648/156/117
f 3648/156/118 3701/80/118 3698/83/118 3649/158/118
f 3608/51/119 3704/157/119 3705/159/119 3609/52/119
f 3607/55/120 3703/155/120 3704/157/120 3608/51/120
f 3606/57/121 3702/153/121 3703/155/121 3607/55/121
f 3609/59/122 3705/150/122 3702/153/122 3606/57/122
f 3650/161/123 3706/58/123 3707/56/123 3651/162/123
f 3651/162/124 3707/56/124 3708/54/124 3652/164/124
f 3652/164/125 3708/54/125 3709/50/125 3653/166/125
f 3653/166/126 3709/50/126 3706/53/126 3650/168/126
f 3624/96/127 3712/167/127 3713/169/127 3625/98/127
f 3623/94/128 3711/165/128 3712/167/128 3624/96/128
f 3622/92/129 3710/163/129 3711/165/129 3623/94/129
f 3625/91/130 3713/160/130 3710/163/130 3622/92/130
f 3656/171/131 3717/97/131 3714/99/131 3657/172/131
f 3655/175/132 3716/95/132 3717/97/132 3656/171/132
f 3654/177/133 3715/93/133 3716/95/133 3655/175/133
f 3657/179/134 3714/90/134 3715/93/134 3654/177/134
f 3597/23/135 3721/178/135 3718/176/135 3594/24/135
f 3594/24/136 3718/176/136 3719/174/136 3595/26/136
f 3595/26/137 3719/174/137 3720/170/137 3596/27/137
f 3596/27/138 3720/170/138 3721/173/138 3597/28/138
f 3583/180/139 3585/181/139 3723/182/139 3722/183/139
f 3585/181/139 3589/16/139 3724/5/139 3723/182/139
f 3589/16/139 3587/15/139 3725/7/139 3724/5/139
f 3587/15/139 3583/180/139 3722/183/139 3725/7/139
f 3728/16/139 3727/181/139 3726/180/139 3729/15/139
f 3585/181/140 3583/180/140 3726/180/140 3727/181/140
f 3583/180/141 3587/15/141 3729/15/141 3726/180/141
f 3589/16/142 3585/181/142 3727/181/142 3728/16/142
f 3738/1/1 3870/2/1 3871/3/1 3739/4/1
f 3739/4/2 3871/3/2 3872/5/2 3740/6/2
f 3740/6/3 3872/5/3 3873/7/3 3741/8/3
f 3741/8/4 3873/7/4 3870/9/4 3738/10/4
f 3732/11/5 3736/12/5 3734/13/5 3730/14/5
f 3735/15/6 3737/16/6 3876/16/6 3877/15/6
f 3809/17/7 3741/8/7 3738/10/7 3806/18/7
f 3808/19/8 3740/6/8 3741/8/8 3809/17/8
f 3807/20/9 3739/4/9 3740/6/9 3808/19/9
f 3806/21/10 3738/1/10 3739/4/10 3807/20/10
f 3730/22/11 3745/23/11 3742/24/11 3732/25/11
f 3732/25/12 3742/24/12 3743/26/12 3736/12/12
f 3736/12/13 3743/26/13 3744/27/13 3734/13/13
f 3734/13/14 3744/27/14 3745/28/14 3730/29/14
f 3838/30/15 3746/31/15 3747/32/15 3839/33/15
f 3839/33/16 3747/32/16 3748/34/16 3840/35/16
f 3840/35/17 3748/34/17 3749/36/17 3841/37/17
f 3841/37/18 3749/36/18 3746/38/18 3838/39/18
f 3822/40/19 3750/41/19 3751/42/19 3823/43/19
f 3823/43/20 3751/42/20 3752/44/20 3824/45/20
f 3824/45/21 3752/44/21 3753/46/21 3825/47/21
f 3825/47/22 3753/46/22 3750/48/22 3822/49/22
f 3857/50/23 3756/51/23 3757/52/23 3854/53/23
f 3856/54/24 3755/55/24 3756/51/24 3857/50/24
f 3855/56/25 3754/57/25 3755/55/25 3856/54/25
f 3854/58/26 3757/59/26 3754/57/26 3855/56/26
f 3833/60/27 3760/61/27 3761/62/27 3830/63/27
f 3832/64/150 3759/65/150 3760/61/150 3833/60/150
f 3831/66/29 3758/67/29 3759/65/29 3832/64/29
f 3830/68/151 3761/69/151 3758/67/151 3831/66/151
f 3814/70/31 3762/71/31 3763/72/31 3815/73/31
f 3815/73/32 3763/72/32 3764/74/32 3816/75/32
f 3816/75/33 3764/74/33 3765/76/33 3817/77/33
f 3817/77/34 3765/76/34 3762/78/34 3814/79/34
f 3849/80/35 3769/81/35 3766/82/35 3846/83/35
f 3848/84/36 3768/85/36 3769/81/36 3849/80/36
f 3847/86/37 3767/87/37 3768/85/37 3848/84/37
f 3846/88/38 3766/89/38 3767/87/38 3847/86/38
f 3862/90/39 3773/91/39 3770/92/39 3863/93/39
f 3863/93/40 3770/92/40 3771/94/40 3864/95/40
f 3864/95/41 3771/94/41 3772/96/41 3865/97/41
f 3865/97/42 3772/96/42 3773/98/42 3862/99/42
f 3828/100/43 3777/101/43 3774/102/43 3829/103/43
f 3827/104/44 3776/105/44 3777/101/44 3828/100/44
f 3826/106/45 3775/107/45 3776/105/45 3827/104/45
f 3829/108/46 3774/109/46 3775/107/46 3826/106/46
f 3820/110/47 3780/111/47 3781/112/47 3821/113/47
f 3819/114/48 3779/115/48 3780/111/48 3820/110/48
f 3818/116/49 3778/117/49 3779/115/49 3819/114/49
f 3821/118/50 3781/119/50 3778/117/50 3818/116/50
f 3813/120/51 3782/121/51 3783/122/51 3810/123/51
f 3810/123/52 3783/122/52 3784/124/52 3811/125/52
f 3811/125/53 3784/124/53 3785/126/53 3812/127/53
f 3812/127/54 3785/126/54 3782/128/54 3813/129/54
f 3837/130/55 3789/131/55 3786/132/55 3834/133/55
f 3834/133/56 3786/132/56 3787/134/56 3835/135/56
f 3835/135/57 3787/134/57 3788/136/57 3836/137/57
f 3836/137/58 3788/136/58 3789/138/58 3837/139/58
f 3844/140/59 3793/141/59 3790/142/59 3845/143/59
f 3843/144/60 3792/145/60 3793/141/60 3844/140/60
f 3842/146/61 3791/147/61 3792/145/61 3843/144/61
f 3845/148/62 3790/149/62 3791/147/62 3842/146/62
f 3853/150/63 3797/151/63 3794/152/63 3850/153/63
f 3850/153/64 3794/152/64 3795/154/64 3851/155/64
f 3851/155/65 3795/154/65 3796/156/65 3852/157/65
f 3852/157/66 3796/156/66 3797/158/66 3853/159/66
f 3861/160/67 3798/161/67 3799/162/67 3858/163/67
f 3858/163/68 3799/162/68 3800/164/68 3859/165/68
f 3859/165/69 3800/164/69 3801/166/69 3860/167/69
f 3860/167/70 3801/166/70 3798/168/70 3861/169/70
f 3868/170/71 3804/171/71 3805/172/71 3869/173/71
f 3867/174/72 3803/175/72 3804/171/72 3868/170/72
f 3866/176/73 3802/177/73 3803/175/73 3867/174/73
f 3869/178/74 3805/179/74 3802/177/74 3866/176/74
f 3782/121/75 3806/21/75 3807/20/75 3783/122/75
f 3783/122/76 3807/20/76 3808/19/76 3784/124/76
f 3784/124/77 3808/19/77 3809/17/77 3785/126/77
f 3785/126/78 3809/17/78 3806/18/78 3782/128/78
f 3765/76/79 3812/127/79 3813/129/79 3762/78/79
f 3764/74/80 3811/125/80 3812/127/80 3765/76/80
f 3763/72/81 3810/123/81 3811/125/81 3764/74/81
f 3762/71/82 3813/120/82 3810/123/82 3763/72/82
f 3780/111/83 3817/77/83 3814/79/83 3781/112/83
f 3779/115/84 3816/75/84 3817/77/84 3780/111/84
f 3778/117/85 3815/73/85 3816/75/85 3779/115/85
f 3781/119/86 3814/70/86 3815/73/86 3778/117/86
f 3750/41/87 3821/118/87 3818/116/87 3751/42/87
f 3751/42/88 3818/116/88 3819/114/88 3752/44/88
f 3752/44/89 3819/114/89 3820/110/89 3753/46/89
f 3753/46/90 3820/110/90 3821/113/90 3750/48/90
f 3777/101/91 3825/47/91 3822/49/91 3774/102/91
f 3776/105/92 3824/45/92 3825/47/92 3777/101/92
f 3775/107/93 3823/43/93 3824/45/93 3776/105/93
f 3774/109/94 3822/40/94 3823/43/94 3775/107/94
f 3761/69/95 3829/108/95 3826/106/95 3758/67/95
f 3758/67/96 3826/106/96 3827/104/96 3759/65/96
f 3759/65/97 3827/104/97 3828/100/97 3760/61/97
f 3760/61/98 3828/100/98 3829/103/98 3761/62/98
f 3789/131/99 3830/68/99 3831/66/99 3786/132/99
f 3786/132/100 3831/66/100 3832/64/100 3787/134/100
f 3787/134/101 3832/64/101 3833/60/101 3788/136/101
f 3788/136/102 3833/60/102 3830/63/102 3789/138/102
f 3749/36/103 3836/137/103 3837/139/103 3746/38/103
f 3748/34/104 3835/135/104 3836/137/104 3749/36/104
f 3747/32/105 3834/133/105 3835/135/105 3748/34/105
f 3746/31/106 3837/130/106 3834/133/106 3747/32/106
f 3793/141/107 3841/37/107 3838/39/107 3790/142/107
f 3792/145/152 3840/35/152 3841/37/152 3793/141/152
f 3791/147/109 3839/33/109 3840/35/109 3792/145/109
f 3790/149/153 3838/30/153 3839/33/153 3791/147/153
f 3766/89/111 3845/148/111 3842/146/111 3767/87/111
f 3767/87/112 3842/146/112 3843/144/112 3768/85/112
f 3768/85/113 3843/144/113 3844/140/113 3769/81/113
f 3769/81/114 3844/140/114 3845/143/114 3766/82/114
f 3797/151/115 3846/88/115 3847/86/115 3794/152/115
f 3794/152/116 3847/86/116 3848/84/116 3795/154/116
f 3795/154/117 3848/84/117 3849/80/117 3796/156/117
f 3796/156/118 3849/80/118 3846/83/118 3797/158/118
f 3756/51/119 3852/157/119 3853/159/119 3757/52/119
f 3755/55/120 3851/155/120 3852/157/120 3756/51/120
f 3754/57/121 3850/153/121 3851/155/121 3755/55/121
f 3757/59/122 3853/150/122 3850/153/122 3754/57/122
f 3798/161/123 3854/58/123 3855/56/123 3799/162/123
f 3799/162/124 3855/56/124 3856/54/124 3800/164/124
f 3800/164/125 3856/54/125 3857/50/125 3801/166/125
f 3801/166/126 3857/50/126 3854/53/126 3798/168/126
f 3772/96/127 3860/167/127 3861/169/127 3773/98/127
f 3771/94/128 3859/165/128 3860/167/128 3772/96/128
f 3770/92/129 3858/163/129 3859/165/129 3771/94/129
f 3773/91/130 3861/160/130 3858/163/130 3770/92/130
f 3804/171/131 3865/97/131 3862/99/131 3805/172/131
f 3803/175/132 3864/95/132 3865/97/132 3804/171/132
f 3802/177/133 3863/93/133 3864/95/133 3803/175/133
f 3805/179/134 3862/90/134 3863/93/134 3802/177/134
f 3745/23/135 3869/178/135 3866/176/135 3742/24/135
f 3742/24/136 3866/176/136 3867/174/136 3743/26/136
f 3743/26/137 3867/174/137 3868/170/137 3744/27/137
f 3744/27/138 3868/170/138 3869/173/138 3745/28/138
f 3731/180/139 3733/181/139 3871/182/139 3870/183/139
f 3733/181/139 3737/16/139 3872/5/139 3871/182/139
f 3737/16/139 3735/15/139 3873/7/139 3872/5/139
f 3735/15/139 3731/180/139 3870/183/139 3873/7/139
f 3876/16/139 3875/181/139 3874/180/139 3877/15/139
f 3733/181/140 3731/180/140 3874/180/140 3875/181/140
f 3731/180/141 3735/15/141 3877/15/141 3874/180/141
f 3737/16/142 3733/181/142 3875/181/142 3876/16/142
f 3886/1/1 4018/2/1 4019/3/1 3887/4/1
f 3887/4/2 4019/3/2 4020/5/2 3888/6/2
f 3888/6/3 4020/5/3 4021/7/3 3889/8/3
f 3889/8/4 4021/7/4 4018/9/4 3886/10/4
f 3880/11/5 3884/12/5 3882/13/5 3878/14/5
f 3883/15/6 3885/16/6 4024/16/6 4025/15/6
f 3957/17/7 3889/8/7 3886/10/7 3954/18/7
f 3956/19/8 3888/6/8 3889/8/8 3957/17/8
f 3955/20/9 3887/4/9 3888/6/9 3956/19/9
f 3954/21/10 3886/1/10 3887/4/10 3955/20/10
f 3878/22/11 3893/23/11 3890/24/11 3880/25/11
f 3880/25/12 3890/24/12 3891/26/12 3884/12/12
f 3884/12/13 3891/26/13 3892/27/13 3882/13/13
f 3882/13/14 3892/27/14 3893/28/14 3878/29/14
f 3986/30/15 3894/31/15 3895/32/15 3987/33/15
f 3987/33/16 3895/32/16 3896/34/16 3988/35/16
f 3988/35/17 3896/34/17 3897/36/17 3989/37/17
f 3989/37/18 3897/36/18 3894/38/18 3986/39/18
f 3970/40/19 3898/41/19 3899/42/19 3971/43/19
f 3971/43/20 3899/42/20 3900/44/20 3972/45/20
f 3972/45/21 3900/44/21 3901/46/21 3973/47/21
f 3973/47/22 3901/46/22 3898/48/22 3970/49/22
f 4005/50/23 3904/51/23 3905/52/23 4002/53/23
f 4004/54/24 3903/55/24 3904/51/24 4005/50/24
f 4003/56/25 3902/57/25 3903/55/25 4004/54/25
f 4002/58/26 3905/59/26 3902/57/26 4003/56/26
f 3981/60/154 3908/61/154 3909/62/154 3978/63/154
f 3980/64/150 3907/65/150 3908/61/150 3981/60/150
f 3979/66/155 3906/67/155 3907/65/155 3980/64/155
f 3978/68/151 3909/69/151 3906/67/151 3979/66/151
f 3962/70/31 3910/71/31 3911/72/31 3963/73/31
f 3963/73/32 3911/72/32 3912/74/32 3964/75/32
f 3964/75/33 3912/74/33 3913/76/33 3965/77/33
f 3965/77/34 3913/76/34 3910/78/34 3962/79/34
f 3997/80/35 3917/81/35 3914/82/35 3994/83/35
f 3996/84/36 3916/85/36 3917/81/36 3997/80/36
f 3995/86/37 3915/87/37 3916/85/37 3996/84/37
f 3994/88/38 3914/89/38 3915/87/38 3995/86/38
f 4010/90/39 3921/91/39 3918/92/39 4011/93/39
f 4011/93/40 3918/92/40 3919/94/40 4012/95/40
f 4012/95/41 3919/94/41 3920/96/41 4013/97/41
f 4013/97/42 3920/96/42 3921/98/42 4010/99/42
f 3976/100/43 3925/101/43 3922/102/43 3977/103/43
f 3975/104/44 3924/105/44 3925/101/44 3976/100/44
f 3974/106/45 3923/107/45 3924/105/45 3975/104/45
f 3977/108/46 3922/109/46 3923/107/46 3974/106/46
f 3968/110/47 3928/111/47 3929/112/47 3969/113/47
f 3967/114/48 3927/115/48 3928/111/48 3968/110/48
f 3966/116/49 3926/117/49 3927/115/49 3967/114/49
f 3969/118/50 3929/119/50 3926/117/50 3966/116/50
f 3961/120/51 3930/121/51 3931/122/51 3958/123/51
f 3958/123/52 3931/122/52 3932/124/52 3959/125/52
f 3959/125/53 3932/124/53 3933/126/53 3960/127/53
f 3960/127/54 3933/126/54 3930/128/54 3961/129/54
f 3985/130/55 3937/131/55 3934/132/55 3982/133/55
f 3982/133/56 3934/132/56 3935/134/56 3983/135/56
f 3983/135/57 3935/134/57 3936/136/57 3984/137/57
f 3984/137/58 3936/136/58 3937/138/58 3985/139/58
f 3992/140/59 3941/141/59 3938/142/59 3993/143/59
f 3991/144/60 3940/145/60 3941/141/60 3992/140/60
f 3990/146/61 3939/147/61 3940/145/61 3991/144/61
f 3993/148/62 3938/149/62 3939/147/62 3990/146/62
f 4001/150/63 3945/151/63 3942/152/63 3998/153/63
f 3998/153/64 3942/152/64 3943/154/64 3999/155/64
f 3999/155/65 3943/154/65 3944/156/65 4000/157/65
f 4000/157/66 3944/156/66 3945/158/66 4001/159/66
f 4009/160/67 3946/161/67 3947/162/67 4006/163/67
f 4006/163/68 3947/162/68 3948/164/68 4007/165/68
f 4007/165/69 3948/164/69 3949/166/69 4008/167/69
f 4008/167/70 3949/166/70 3946/168/70 4009/169/70
f 4016/170/71 3952/171/71 3953/172/71 4017/173/71
f 4015/174/72 3951/175/72 3952/171/72 4016/170/72
f 4014/176/73 3950/177/73 3951/175/73 4015/174/73
f 4017/178/74 3953/179/74 3950/177/74 4014/176/74
f 3930/121/75 3954/21/75 3955/20/75 3931/122/75
f 3931/122/76 3955/20/76 3956/19/76 3932/124/76
f 3932/124/77 3956/19/77 3957/17/77 3933/126/77
f 3933/126/78 3957/17/78 3954/18/78 3930/128/78
f 3913/76/79 3960/127/79 3961/129/79 3910/78/79
f 3912/74/80 3959/125/80 3960/127/80 3913/76/80
f 3911/72/81 3958/123/81 3959/125/81 3912/74/81
f 3910/71/82 3961/120/82 3958/123/82 3911/72/82
f 3928/111/83 3965/77/83 3962/79/83 3929/112/83
f 3927/115/84 3964/75/84 3965/77/84 3928/111/84
f 3926/117/85 3963/73/85 3964/75/85 3927/115/85
f 3929/119/86 3962/70/86 3963/73/86 3926/117/86
f 3898/41/87 3969/118/87 3966/116/87 3899/42/87
f 3899/42/88 3966/116/88 3967/114/88 3900/44/88
f 3900/44/89 3967/114/89 3968/110/89 3901/46/89
f 3901/46/90 3968/110/90 3969/113/90 3898/48/90
f 3925/101/91 3973/47/91 3970/49/91 3922/102/91
f 3924/105/92 3972/45/92 3973/47/92 3925/101/92
f 3923/107/93 3971/43/93 3972/45/93 3924/105/93
f 3922/109/94 3970/40/94 3971/43/94 3923/107/94
f 3909/69/95 3977/108/95 3974/106/95 3906/67/95
f 3906/67/96 3974/106/96 3975/104/96 3907/65/96
f 3907/65/97 3975/104/97 3976/100/97 3908/61/97
f 3908/61/98 3976/100/98 3977/103/98 3909/62/98
f 3937/131/99 3978/68/99 3979/66/99 3934/132/99
f 3934/132/100 3979/66/100 3980/64/100 3935/134/100
f 3935/134/101 3980/64/101 3981/60/101 3936/136/101
f 3936/136/102 3981/60/102 3978/63/102 3937/138/102
f 3897/36/103 3984/137/103 3985/139/103 3894/38/103
f 3896/34/104 3983/135/104 3984/137/104 3897/36/104
f 3895/32/105 3982/133/105 3983/135/105 3896/34/105
f 3894/31/106 3985/130/106 3982/133/106 3895/32/106
f 3941/141/156 3989/37/156 3986/39/156 3938/142/156
f 3940/145/152 3988/35/152 3989/37/152 3941/141/152
f 3939/147/157 3987/33/157 3988/35/157 3940/145/157
f 3938/149/153 3986/30/153 3987/33/153 3939/147/153
f 3914/89/111 3993/148/111 3990/146/111 3915/87/111
f 3915/87/112 3990/146/112 3991/144/112 3916/85/112
f 3916/85/113 3991/144/113 3992/140/113 3917/81/113
f 3917/81/114 3992/140/114 3993/143/114 3914/82/114
f 3945/151/115 3994/88/115 3995/86/115 3942/152/115
f 3942/152/116 3995/86/116 3996/84/116 3943/154/116
f 3943/154/117 3996/84/117 3997/80/117 3944/156/117
f 3944/156/118 3997/80/118 3994/83/118 3945/158/118
f 3904/51/119 4000/157/119 4001/159/119 3905/52/119
f 3903/55/120 3999/155/120 4000/157/120 3904/51/120
f 3902/57/121 3998/153/121 3999/155/121 3903/55/121
f 3905/59/122 4001/150/122 3998/153/122 3902/57/122
f 3946/161/123 4002/58/123 4003/56/123 3947/162/123
f 3947/162/124 4003/56/124 4004/54/124 3948/164/124
f 3948/164/125 4004/54/125 4005/50/125 3949/166/125
f 3949/166/126 4005/50/126 4002/53/126 3946/168/126
f 3920/96/127 4008/167/127 4009/169/127 3921/98/127
f 3919/94/128 4007/165/128 4008/167/128 3920/96/128
f 3918/92/129 4006/163/129 4007/165/129 3919/94/129
f 3921/91/130 4009/160/130 4006/163/130 3918/92/130
f 3952/171/131 4013/97/131 4010/99/131 3953/172/131
f 3951/175/132 4012/95/132 4013/97/132 3952/171/132
f 3950/177/133 4011/93/133 4012/95/133 3951/175/133
f 3953/179/134 4010/90/134 4011/93/134 3950/177/134
f 3893/23/135 4017/178/135 4014/176/135 3890/24/135
f 3890/24/136 4014/176/136 4015/174/136 3891/26/136
f 3891/26/137 4015/174/137 4016/170/137 3892/27/137
f 3892/27/138 4016/170/138 4017/173/138 3893/28/138
f 3879/180/139 3881/181/139 4019/182/139 4018/183/139
f 3881/181/139 3885/16/139 4020/5/139 4019/182/139
f 3885/16/139 3883/15/139 4021/7/139 4020/5/139
f 3883/15/139 3879/180/139 4018/183/139 4021/7/139
f 4024/16/139 4023/181/139 4022/180/139 4025/15/139
f 3881/181/140 3879/180/140 4022/180/140 4023/181/140
f 3879/180/141 3883/15/141 4025/15/141 4022/180/141
f 3885/16/142 3881/181/142 4023/181/142 4024/16/142
f 4027/205/139 4028/206/139 4029/187/139 4030/207/139 4031/208/139 4032/189/139 4033/209/139 4034/210/139 4035/184/139 4026/185/139
s 1
f 4047/191/158 4049/211/159 4048/212/159 4046/185/158
f 4049/211/159 4051/213/159 4050/214/159 4048/212/159
f 4051/213/159 4053/215/158 4052/216/158 4050/214/159
f 4053/215/158 4055/217/158 4054/218/158 4052/216/158
f 4055/217/158 4057/219/158 4056/188/158 4054/218/158
f 4057/219/158 4059/220/160 4058/221/160 4056/188/158
f 4059/220/160 4061/222/161 4060/223/161 4058/221/160
f 4061/222/161 4063/224/159 4062/225/159 4060/223/161
f 4063/224/159 4065/226/158 4064/227/158 4062/225/159
f 4065/226/158 4047/204/158 4046/184/158 4064/227/158
s 0
f 4077/228/139 4078/184/139 4067/185/139 4068/229/139 4069/230/139 4070/231/139 4071/232/139 4072/233/139 4073/234/139 4074/235/139 4075/236/139 4076/237/139
f 4143/185/141 4142/185/141 8815/185/141 8762/185/141
f 4125/185/162 4124/185/162 8790/185/162 8796/185/162
f 4096/185/163 4095/185/163 8807/185/163 8814/185/163
f 4139/185/164 4138/185/164 8774/185/164 8784/185/164
f 4092/185/165 4091/185/165 8782/185/165 8791/185/165
f 4144/185/6 4143/185/6 8762/185/6 8763/185/6
f 4135/185/166 4134/185/166 8770/185/166 8771/185/166
f 4120/185/167 4119/185/167 8789/185/167 8780/185/167
f 4146/185/140 4145/185/140 8764/185/140 8772/185/140
f 4117/185/168 4116/185/168 8786/185/168 8795/185/168
f 5350/238/169 8446/238/169 8448/185/169 5351/185/169
f 4124/185/170 4123/185/170 8761/185/170 8790/185/170
s 1
f 7485/239/171 7487/240/172 7486/241/172 7484/242/171
s 0
f 4127/185/173 4126/185/173 8800/185/173 8808/185/173
f 4246/185/174 4245/185/174 8679/185/174 8637/185/174
f 4097/185/175 4096/185/175 8814/185/175 8759/185/175
f 4098/185/176 4097/185/176 8759/185/176 8760/185/176
f 4121/185/177 4120/185/177 8780/185/177 8757/185/177
f 4122/185/178 4121/185/178 8757/185/178 8758/185/178
f 4091/185/179 4090/185/179 8768/185/179 8782/185/179
f 4101/185/180 4100/185/180 8787/185/180 8794/185/180
s 1
f 5250/243/181 5252/244/182 5251/245/182 5249/246/181
s 0
f 4086/185/183 4085/185/183 8775/185/183 8803/185/183
f 4095/185/184 4094/185/184 8801/185/184 8807/185/184
f 4131/185/185 4130/185/185 8766/185/185 8781/185/185
f 4100/185/186 4099/185/186 8779/185/186 8787/185/186
s 1
f 7525/247/187 7527/248/188 7526/249/188 7524/190/187
s 0
f 4119/185/189 4118/185/189 8788/185/189 8789/185/189
f 4104/185/190 4103/185/190 8804/185/190 8813/185/190
f 6998/185/191 8021/185/191 8055/185/191 6999/185/191
f 4145/185/142 4144/185/142 8763/185/142 8764/185/142
f 4116/185/192 4115/185/192 8778/185/192 8786/185/192
s 1
f 7497/250/193 7499/251/194 7498/252/194 7496/253/193
s 0
f 4111/185/140 4110/185/140 8799/185/140 8806/185/140
f 4123/185/195 4122/185/195 8758/185/195 8761/185/195
s 1
f 7493/254/196 7495/219/197 7494/188/197 7492/255/196
s 0
f 4083/256/198 4081/257/198 8812/257/198 8793/256/198
f 4107/258/199 4105/259/199 8752/259/199 8753/258/199
f 4134/185/200 4133/185/200 8769/185/200 8770/185/200
s 1
f 7115/260/201 7117/261/202 7116/262/202 7114/263/201
f 5390/204/203 5389/184/203 5437/264/204 5438/265/204
s 0
f 4105/185/205 4104/185/205 8813/185/205 8752/185/205
f 4099/185/206 4098/185/206 8760/185/206 8779/185/206
f 4094/185/207 4093/185/207 8797/185/207 8801/185/207
f 6973/185/208 8073/185/208 8065/185/208 6974/185/208
f 4126/185/209 4125/185/209 8796/185/209 8800/185/209
f 4084/185/210 4083/185/210 8793/185/210 8785/185/210
f 4118/185/211 4117/185/211 8795/185/211 8788/185/211
f 4085/185/212 4084/185/212 8785/185/212 8775/185/212
f 4137/185/213 4136/185/213 8816/185/213 8773/185/213
f 4138/185/214 4137/185/214 8773/185/214 8774/185/214
f 4088/185/215 4087/185/215 8811/185/215 8817/185/215
f 4136/185/216 4135/185/216 8771/185/216 8816/185/216
f 4089/185/217 4088/185/217 8817/185/217 8767/185/217
f 4133/185/218 4132/185/218 8783/185/218 8769/185/218
f 4087/185/219 4086/185/219 8803/185/219 8811/185/219
f 4142/185/6 4141/185/6 8809/185/6 8815/185/6
f 4129/185/220 4128/185/220 8802/185/220 8765/185/220
f 4132/185/221 4131/185/221 8781/185/221 8783/185/221
f 4103/185/222 4102/185/222 8798/185/222 8804/185/222
f 4128/185/223 4127/185/223 8808/185/223 8802/185/223
f 4090/185/224 4089/185/224 8767/185/224 8768/185/224
f 4102/185/225 4101/185/225 8794/185/225 8798/185/225
f 4157/228/139 4158/184/139 4147/185/139 4148/229/139 4149/230/139 4150/231/139 4151/232/139 4152/233/139 4153/234/139 4154/235/139 4155/236/139 4156/237/139
f 4201/185/226 4200/185/226 8708/185/226 8699/185/226
f 4202/185/227 4201/185/227 8699/185/227 8686/185/227
f 4187/185/228 4186/185/228 8694/185/228 8695/185/228
f 4208/185/140 4207/185/140 8705/185/140 8714/185/140
f 4164/185/229 4163/185/229 8727/185/229 8680/185/229
f 4175/185/230 4174/185/230 8703/185/230 8712/185/230
f 4190/185/231 4189/185/231 8711/185/231 8702/185/231
f 4173/185/232 4172/185/232 8689/185/232 8693/185/232
f 4163/185/233 4162/185/233 8723/185/233 8727/185/233
f 4198/185/234 4197/185/234 8710/185/234 8716/185/234
f 4189/185/235 4188/185/235 8704/185/235 8711/185/235
f 4168/185/236 4167/185/236 8709/185/236 8717/185/236
f 4178/185/237 4177/185/237 8722/185/237 8726/185/237
f 4195/185/238 4194/185/238 8687/185/238 8688/185/238
s 1
f 5158/266/239 5110/267/240 5109/268/240 5157/269/239
s 0
f 4197/185/241 4196/185/241 8701/185/241 8710/185/241
f 4203/185/242 4202/185/242 8686/185/242 8684/185/242
f 4167/185/243 4166/185/243 8700/185/243 8709/185/243
f 4206/185/244 4205/185/244 8682/185/244 8681/185/244
f 4165/185/245 4164/185/245 8680/185/245 8685/185/245
f 4160/185/246 4159/185/246 8707/185/246 8713/185/246
f 4205/185/247 4204/185/247 8683/185/247 8682/185/247
f 4192/185/248 4191/185/248 8692/185/248 8691/185/248
f 4182/270/249 4181/271/249 8698/271/249 8697/270/249
f 6934/185/250 6933/185/250 8009/185/250 8036/185/250
f 4170/185/251 4169/185/251 8720/185/251 8724/185/251
f 4188/185/252 4187/185/252 8695/185/252 8704/185/252
f 4183/185/6 4182/185/6 8697/185/6 8706/185/6
f 4174/185/253 4173/185/253 8693/185/253 8703/185/253
f 4177/185/254 4176/185/254 8718/185/254 8722/185/254
f 4200/185/255 4199/185/255 8715/185/255 8708/185/255
f 4238/185/256 8668/185/256 8678/185/256 4239/185/256
f 4196/185/257 4195/185/257 8688/185/257 8701/185/257
f 4162/185/258 4161/185/258 8719/185/258 8723/185/258
f 4166/185/259 4165/185/259 8685/185/259 8700/185/259
f 4179/185/260 4178/185/260 8726/185/260 8729/185/260
f 4191/185/261 4190/185/261 8702/185/261 8692/185/261
f 4180/185/262 4179/185/262 8729/185/262 8696/185/262
f 4169/185/263 4168/185/263 8717/185/263 8720/185/263
f 4185/185/264 4184/185/264 8725/185/264 8721/185/264
f 4193/185/265 4192/185/265 8691/185/265 8690/185/265
f 4186/185/266 4185/185/266 8721/185/266 8694/185/266
f 4204/185/267 4203/185/267 8684/185/267 8683/185/267
f 4172/185/268 4171/185/268 8728/185/268 8689/185/268
f 4171/185/269 4170/185/269 8724/185/269 8728/185/269
f 4199/185/270 4198/185/270 8716/185/270 8715/185/270
f 4194/185/271 4193/185/271 8690/185/271 8687/185/271
f 4176/185/272 4175/185/272 8712/185/272 8718/185/272
f 4181/185/273 4180/185/273 8696/185/273 8698/185/273
f 4161/185/274 4160/185/274 8713/185/274 8719/185/274
f 4270/185/275 4269/185/275 8639/185/275 8647/185/275
s 1
f 4984/272/276 4986/273/277 4985/274/277 4983/275/276
s 0
f 4235/185/278 4234/185/278 8629/185/278 8634/185/278
f 6689/276/279 6688/277/279 8148/277/279 8159/276/279
s 1
f 6448/278/280 6447/279/280 6445/280/281 6446/281/281
s 0
f 4233/185/282 4232/185/282 8672/185/282 8677/185/282
s 1
f 5412/282/283 5414/283/284 5413/284/284 5411/285/283
s 0
f 4231/185/285 4230/185/285 8662/185/285 8667/185/285
f 4251/185/286 4250/185/286 8646/185/286 8635/185/286
s 1
f 4988/286/287 4987/287/287 4985/274/277 4986/273/277
s 0
f 4237/185/288 4236/185/288 8645/185/288 8657/185/288
f 4256/185/289 4255/185/289 8661/185/289 8653/185/289
f 4241/185/290 8656/185/290 8676/185/290 4242/185/290
f 4234/185/291 4233/185/291 8677/185/291 8629/185/291
f 4255/185/292 4254/185/292 8655/185/292 8661/185/292
f 4227/185/293 4226/185/293 8626/185/293 8628/185/293
f 4223/185/294 4222/185/294 8660/185/294 8666/185/294
f 4258/185/295 4257/185/295 8643/185/295 8627/185/295
f 4230/185/296 4229/185/296 8654/185/296 8662/185/296
f 4225/185/297 4224/185/297 8671/185/297 8675/185/297
f 4243/185/140 4242/185/140 8676/185/140 8633/185/140
s 1
f 4988/286/287 4990/288/298 4989/289/298 4987/287/287
s 0
f 4264/185/299 4263/185/299 8622/185/299 8621/185/299
f 4259/185/300 4258/185/300 8627/185/300 8624/185/300
f 4269/185/301 4268/185/301 8616/185/301 8639/185/301
f 4254/185/302 4253/185/302 8630/185/302 8655/185/302
f 4260/185/303 4259/185/303 8624/185/303 8625/185/303
f 4215/185/304 4214/185/304 8659/185/304 8665/185/304
f 4226/185/305 4225/185/305 8675/185/305 8626/185/305
f 4222/185/306 4221/185/306 8652/185/306 8660/185/306
f 4229/185/307 4228/185/307 8644/185/307 8654/185/307
f 4219/185/308 4218/185/308 8620/185/308 8623/185/308
f 4249/185/309 4248/185/309 8636/185/309 8669/185/309
f 4217/185/310 4216/185/310 8670/185/310 8674/185/310
f 4248/290/311 4246/291/311 8637/291/311 8636/290/311
s 1
f 4996/292/312 4998/293/313 4997/294/313 4995/295/312
s 0
f 4218/185/314 4217/185/314 8674/185/314 8620/185/314
f 5352/185/315 8455/185/315 8447/185/315 5353/185/315
f 4262/185/316 4261/185/316 8642/185/316 8651/185/316
f 4263/185/317 4262/185/317 8651/185/317 8622/185/317
f 4275/185/140 4274/185/140 8617/185/140 8619/185/140
f 4266/185/318 4265/185/318 8658/185/318 8640/185/318
f 4221/185/319 4220/185/319 8641/185/319 8652/185/319
f 4214/185/320 4213/185/320 8650/185/320 8659/185/320
f 7018/185/321 7017/185/321 8034/185/321 8006/185/321
f 6975/185/322 8030/185/322 8029/185/322 6976/185/322
f 4236/185/323 4235/185/323 8634/185/323 8645/185/323
f 7019/185/324 7018/185/324 8006/185/324 8049/185/324
f 4267/185/325 4266/185/325 8640/185/325 8615/185/325
f 4253/185/326 4252/185/326 8631/185/326 8630/185/326
f 4232/185/327 4231/185/327 8667/185/327 8672/185/327
s 1
f 7191/296/328 7193/297/329 7192/298/329 7190/299/328
s 0
f 7352/185/330 7946/185/330 7989/185/330 7353/185/330
s 1
f 4992/300/331 4991/301/331 4989/289/298 4990/288/298
s 0
f 4257/185/332 4256/185/332 8653/185/332 8643/185/332
f 4228/185/333 4227/185/333 8628/185/333 8644/185/333
f 4272/302/334 4270/303/334 8647/303/334 8648/302/334
f 4224/185/335 4223/185/335 8666/185/335 8671/185/335
s 1
f 4998/293/313 5000/198/336 4999/199/336 4997/294/313
f 7117/261/202 7119/304/337 7118/305/337 7116/262/202
s 0
f 4261/185/338 4260/185/338 8625/185/338 8642/185/338
f 4268/185/339 4267/185/339 8615/185/339 8616/185/339
f 4265/185/340 4264/185/340 8621/185/340 8658/185/340
f 4220/185/341 4219/185/341 8623/185/341 8641/185/341
f 4216/185/342 4215/185/342 8665/185/342 8670/185/342
f 4250/185/343 4249/185/343 8669/185/343 8646/185/343
f 4252/185/344 4251/185/344 8635/185/344 8631/185/344
f 4308/185/345 4307/185/345 8572/185/345 8585/185/345
f 4372/185/346 4371/185/346 8551/185/346 8532/185/346
f 4304/185/347 4303/185/347 8612/185/347 8530/185/347
s 1
f 7281/306/348 7283/307/349 7282/308/349 7280/309/348
s 0
f 4368/185/350 4367/185/350 8573/185/350 8571/185/350
f 4373/310/351 4296/214/351 8610/214/351 8528/310/351
f 4300/185/352 4299/185/352 8569/185/352 8584/185/352
f 4317/185/353 4316/185/353 8589/185/353 8599/185/353
f 4330/185/354 4329/185/354 8568/185/354 8583/185/354
f 4326/185/355 4325/185/355 8611/185/355 8525/185/355
f 4293/185/356 4292/185/356 8567/185/356 8582/185/356
f 4334/185/357 4333/185/357 8547/185/357 8523/185/357
f 4338/185/358 4337/185/358 8565/185/358 8580/185/358
f 4289/185/359 4288/185/359 8609/185/359 8521/185/359
f 4353/185/360 4352/185/360 8588/185/360 8587/185/360
f 4285/185/361 4284/185/361 8563/185/361 8579/185/361
f 4361/185/362 4360/185/362 8586/185/362 8598/185/362
f 4309/185/363 4308/185/363 8585/185/363 8597/185/363
f 4318/185/364 4317/185/364 8599/185/364 8607/185/364
f 4342/185/365 4341/185/365 8591/185/365 8519/185/365
f 4321/185/366 4320/185/366 8541/185/366 8543/185/366
f 4349/185/140 4348/185/140 8517/185/140 8527/185/140
f 4354/185/367 4353/185/367 8587/185/367 8575/185/367
f 4281/185/368 4280/185/368 8608/185/368 8516/185/368
f 4357/185/369 4356/185/369 8539/185/369 8540/185/369
f 4346/185/370 4345/185/370 8564/185/370 8562/185/370
f 4362/185/371 4361/185/371 8598/185/371 8606/185/371
f 4369/185/372 4368/185/372 8571/185/372 8570/185/372
f 4313/185/373 4312/185/373 8535/185/373 8538/185/373
f 4310/185/374 4309/185/374 8597/185/374 8605/185/374
f 4322/185/375 4321/185/375 8543/185/375 8558/185/375
f 4277/185/376 4276/185/376 8560/185/376 8578/185/376
f 4301/185/377 4300/185/377 8584/185/377 8596/185/377
f 4365/185/378 4364/185/378 8533/185/378 8534/185/378
s 1
f 4924/266/379 4876/267/380 4875/268/380 4923/269/379
s 0
f 4370/185/381 4369/185/381 8570/185/381 8552/185/381
f 4302/185/382 4301/185/382 8596/185/382 8603/185/382
f 4319/185/383 4318/185/383 8607/185/383 8614/185/383
f 4294/185/384 4293/185/384 8582/185/384 8595/185/384
f 4305/185/385 4304/185/385 8530/185/385 8531/185/385
f 4314/185/386 4313/185/386 8538/185/386 8555/185/386
f 4295/185/387 4294/185/387 8595/185/387 8602/185/387
f 4355/185/388 4354/185/388 8575/185/388 8574/185/388
f 4331/185/389 4330/185/389 8583/185/389 8581/185/389
f 4311/185/390 4310/185/390 8605/185/390 8613/185/390
s 1
f 5238/311/391 5237/312/391 5235/313/392 5236/314/392
s 0
f 4358/185/393 4357/185/393 8540/185/393 8537/185/393
f 4339/185/394 4338/185/394 8580/185/394 8594/185/394
f 4297/315/395 4373/310/395 8528/310/395 8529/315/395
f 4373/310/5 4297/315/5 4296/214/5
f 4286/185/396 4285/185/396 8579/185/396 8593/185/396
f 4366/185/397 4365/185/397 8534/185/397 8554/185/397
f 4332/185/398 4331/185/398 8581/185/398 8566/185/398
f 4323/316/399 4322/317/399 8558/317/399 8542/316/399
f 4363/185/400 4362/185/400 8606/185/400 8604/185/400
f 4327/185/401 4326/185/401 8525/185/401 8526/185/401
f 4306/185/402 4305/185/402 8531/185/402 8553/185/402
f 4287/185/403 4286/185/403 8593/185/403 8601/185/403
f 4351/185/404 4350/185/404 8556/185/404 8577/185/404
f 4290/185/405 4289/185/405 8521/185/405 8524/185/405
f 4315/185/406 4314/185/406 8555/185/406 8576/185/406
f 4371/185/407 4370/185/407 8552/185/407 8551/185/407
f 4347/185/408 4346/185/408 8562/185/408 8561/185/408
f 4303/185/409 4302/185/409 8603/185/409 8612/185/409
f 4335/185/410 4334/185/410 8523/185/410 8522/185/410
f 4340/185/411 4339/185/411 8594/185/411 8592/185/411
f 4278/185/412 4277/185/412 8578/185/412 8590/185/412
s 1
f 4874/266/413 4826/267/414 4825/268/414 4873/269/413
s 0
f 4343/185/415 4342/185/415 8519/185/415 8520/185/415
s 1
f 7217/318/416 7216/319/416 7214/320/417 7215/321/417
s 0
f 4359/185/418 4358/185/418 8537/185/418 8536/185/418
f 4282/185/419 4281/185/419 8516/185/419 8518/185/419
f 4279/185/420 4278/185/420 8590/185/420 8600/185/420
f 4367/185/421 4366/185/421 8554/185/421 8573/185/421
f 4307/185/422 4306/185/422 8553/185/422 8572/185/422
f 4324/185/6 4323/185/6 8542/185/6 8559/185/6
f 4296/185/423 4295/185/423 8602/185/423 8610/185/423
f 4328/185/424 4327/185/424 8526/185/424 8549/185/424
f 4291/185/425 4290/185/425 8524/185/425 8548/185/425
f 4333/185/426 4332/185/426 8566/185/426 8547/185/426
f 4374/185/140 4373/185/140 8528/185/140 8557/185/140
f 4288/185/427 4287/185/427 8601/185/427 8609/185/427
f 4336/185/428 4335/185/428 8522/185/428 8546/185/428
f 4299/185/140 4298/185/140 8550/185/140 8569/185/140
f 4344/185/429 4343/185/429 8520/185/429 8545/185/429
f 4283/185/430 4282/185/430 8518/185/430 8544/185/430
f 4329/185/431 4328/185/431 8549/185/431 8568/185/431
f 4320/185/432 4319/185/432 8614/185/432 8541/185/432
f 4292/185/433 4291/185/433 8548/185/433 8567/185/433
f 4316/185/434 4315/185/434 8576/185/434 8589/185/434
f 4341/185/435 4340/185/435 8592/185/435 8591/185/435
f 4356/185/436 4355/185/436 8574/185/436 8539/185/436
f 4352/185/437 4351/185/437 8577/185/437 8588/185/437
f 4280/185/438 4279/185/438 8600/185/438 8608/185/438
f 4312/185/439 4311/185/439 8613/185/439 8535/185/439
f 4337/185/440 4336/185/440 8546/185/440 8565/185/440
f 4345/185/441 4344/185/441 8545/185/441 8564/185/441
f 4284/185/442 4283/185/442 8544/185/442 8563/185/442
f 4360/185/443 4359/185/443 8536/185/443 8586/185/443
f 4364/185/444 4363/185/444 8604/185/444 8533/185/444
f 4436/322/139 4437/323/139 4438/324/139 4439/325/139 4440/326/139 4441/327/139 4442/328/139 4443/329/139 4444/330/139 4445/331/139 4446/332/139 4447/333/139 4448/334/139 4449/335/139 4450/336/139 4451/337/139 4452/338/139 4453/339/139 4454/340/139 4455/341/139 4456/342/139 4457/343/139 4458/344/139 4459/345/139 4460/346/139 4461/347/139 4462/348/139 4463/349/139 4464/350/139 4465/184/139 4400/351/139 4401/352/139 4402/353/139 4403/256/139 4404/354/139 4405/355/139 4406/356/139 4407/357/139 4408/358/139 4409/359/139 4410/360/139 4411/361/139 4412/362/139 4413/363/139 4414/364/139 4415/365/139 4416/366/139 4417/367/139 4418/368/139 4419/369/139 4420/370/139 4421/371/139 4422/372/139 4423/373/139 4424/374/139 4425/259/139 4426/375/139 4427/376/139 4428/377/139 4429/378/139 4430/379/139 4431/380/139 4432/381/139 4433/382/139 4434/383/139 4435/384/139
f 7999/199/5 8000/184/5 8002/203/5 8001/201/5
f 4270/303/5 4272/302/5 4271/385/5
f 4247/386/5 4246/291/5 4248/290/5
f 4476/228/139 4477/184/139 4466/185/139 4467/229/139 4468/230/139 4469/231/139 4470/232/139 4471/233/139 4472/234/139 4473/235/139 4474/236/139 4475/237/139
f 4497/387/139 4498/388/139 4499/389/139 4500/271/139 4501/270/139 4502/390/139 4526/391/139 4527/184/139 4503/392/139 4504/393/139 4505/394/139 4506/395/139 4507/396/139 4508/397/139 4509/398/139 4510/399/139 4511/400/139 4512/401/139 4513/402/139 4514/403/139 4515/404/139 4516/405/139 4517/406/139 4518/407/139 4519/408/139 4520/409/139 4484/410/139 4485/411/139 4486/412/139 4487/413/139 4488/414/139 4489/415/139 4490/416/139 4491/417/139 4492/418/139 4493/419/139 4494/420/139 4495/421/139 4496/422/139
f 4392/232/139 4393/233/139 4394/234/139 4395/235/139 4396/236/139 4397/237/139 4398/228/139 4399/184/139 4388/185/139 4389/229/139 4390/230/139 4391/231/139
f 4040/207/139 4041/208/139 4042/189/139 4043/209/139 4044/210/139 4045/184/139 4036/185/139 4037/205/139 4038/206/139 4039/187/139
f 8271/423/5 8190/189/5 8189/424/5 8186/285/5
f 4690/425/139 4691/426/139 4624/427/139 4625/428/139 4626/429/139 4627/430/139 4684/431/139 4685/432/139 4686/433/139 4687/434/139 4688/435/139 4689/436/139
f 4672/437/139 4673/225/139 4674/438/139 4675/439/139 4676/440/139 4677/441/139 4678/442/139 4679/203/139 4680/443/139 4681/444/139 4682/445/139 4683/446/139 4684/431/139 4627/430/139 4628/187/139 4629/447/139 4630/448/139 4631/449/139 4632/450/139 4633/451/139 4634/452/139 4635/218/139 4636/453/139 4637/454/139 4638/197/139 4639/455/139 4640/456/139 4641/317/139 4642/316/139 4667/457/139 4668/458/139 4644/459/139 4645/460/139 4646/461/139 4647/462/139 4648/463/139 4649/464/139 4613/465/139 4614/466/139 4615/214/139 4616/315/139 4617/467/139 4618/468/139 4619/469/139 4620/470/139 4621/471/139 4622/472/139 4623/195/139 4624/427/139 4691/426/139 4692/310/139 4693/184/139 4669/473/139 4670/474/139 4671/475/139
f 8458/476/5 8457/185/5 8451/477/5 8450/478/5 8438/479/5 8459/480/5 8454/225/5 8440/481/5 8441/482/5 8442/483/5 8443/223/5 8445/484/5 8447/485/5 8455/221/5 8448/486/5 8446/238/5 8462/487/5 8460/488/5 8456/214/5 8453/489/5 8452/490/5 8449/491/5 8444/212/5 8439/492/5 8461/493/5
f 7997/195/5 7996/193/5 8003/185/5 7998/197/5
s 1
f 4706/191/445 4708/494/445 4707/491/445 4705/185/445
f 4708/494/445 4710/495/446 4709/487/446 4707/491/445
f 4710/495/446 4712/29/446 4711/22/446 4709/487/446
f 4712/29/446 4714/219/447 4713/188/447 4711/22/446
f 4714/219/447 4716/9/448 4715/2/448 4713/188/447
f 4716/9/448 4718/496/449 4717/482/449 4715/2/448
f 4718/496/449 4720/497/450 4719/479/450 4717/482/449
f 4720/497/450 4706/204/445 4705/184/445 4719/479/450
f 4722/191/451 4724/498/452 4723/187/452 4721/185/451
f 4724/498/452 4726/499/453 4725/189/453 4723/187/452
f 4726/499/453 4722/204/451 4721/184/451 4725/189/453
s 0
f 4324/185/454 8559/185/454 8560/185/454 4276/185/454
s 1
f 4728/500/455 4730/501/456 4729/502/456 4727/503/455
f 4730/501/456 4732/504/457 4731/505/457 4729/502/456
f 4732/504/457 4734/506/458 4733/507/458 4731/505/457
f 4734/506/458 4736/508/459 4735/509/459 4733/507/458
f 4736/508/459 4738/510/460 4737/511/460 4735/509/459
f 4738/510/460 4740/512/461 4739/513/461 4737/511/460
f 4740/512/461 4742/514/462 4741/515/462 4739/513/461
f 4742/514/462 4744/516/463 4743/517/463 4741/515/462
f 4744/516/463 4746/518/464 4745/519/464 4743/517/463
f 4746/518/464 4748/520/465 4747/521/465 4745/519/464
f 4748/520/465 4750/522/466 4749/523/466 4747/521/465
f 4750/522/466 4752/495/467 4751/487/467 4749/523/466
f 4752/495/467 4754/524/468 4753/525/468 4751/487/467
f 4754/524/468 4756/526/469 4755/527/469 4753/525/468
f 4756/526/469 4758/528/470 4757/529/470 4755/527/469
f 4758/528/470 4760/530/471 4759/531/471 4757/529/470
f 4760/530/471 4762/532/472 4761/533/472 4759/531/471
f 4762/532/472 4764/534/473 4763/535/473 4761/533/472
f 4764/534/473 4766/536/474 4765/537/474 4763/535/473
f 4766/536/474 4768/538/475 4767/539/475 4765/537/474
f 4768/538/475 4770/240/476 4769/241/476 4767/539/475
s 0
f 4298/185/477 4297/185/477 8529/185/477 8550/185/477
s 1
f 4772/540/478 4774/541/479 4773/542/479 4771/543/478
f 4774/541/479 4776/219/480 4775/188/480 4773/542/479
f 4776/219/480 4778/544/481 4777/545/481 4775/188/480
f 4778/544/481 4780/546/482 4779/547/482 4777/545/481
f 4780/546/482 4782/548/483 4781/549/483 4779/547/482
f 4782/548/483 4784/550/484 4783/551/484 4781/549/483
f 4784/550/484 4786/552/485 4785/553/485 4783/551/484
f 4786/552/485 4788/554/486 4787/555/486 4785/553/485
f 4788/554/486 4790/556/487 4789/557/487 4787/555/486
f 4790/556/487 4792/558/488 4791/559/488 4789/557/487
f 4792/558/488 4794/560/489 4793/561/489 4791/559/488
f 4794/560/489 4796/562/490 4795/563/490 4793/561/489
f 4796/562/490 4798/564/491 4797/565/491 4795/563/490
f 4798/564/491 4800/566/492 4799/567/492 4797/565/491
f 4800/566/492 4802/496/493 4801/482/493 4799/567/492
f 4802/496/493 4804/568/494 4803/569/494 4801/482/493
f 4804/568/494 4806/570/495 4805/571/495 4803/569/494
f 4806/570/495 4808/572/496 4807/573/496 4805/571/495
f 4808/572/496 4810/574/497 4809/575/497 4807/573/496
f 4810/574/497 4812/576/498 4811/577/498 4809/575/497
f 4812/576/498 4814/578/499 4813/579/499 4811/577/498
f 4814/578/499 4816/580/500 4815/581/500 4813/579/499
f 4816/580/500 4818/582/501 4817/583/501 4815/581/500
f 4818/582/501 4820/584/502 4819/585/502 4817/583/501
f 4822/586/503 4824/587/504 4823/588/504 4821/589/503
s 0
f 6980/185/505 6979/185/505 8060/185/505 8025/185/505
s 1
f 4826/267/414 4828/590/506 4827/591/506 4825/268/414
f 4828/590/506 4830/592/507 4829/205/507 4827/591/506
f 4830/592/507 4832/593/508 4831/594/508 4829/205/507
f 4832/593/508 4834/595/509 4833/596/509 4831/594/508
f 4834/595/509 4836/597/510 4835/206/510 4833/596/509
f 4836/597/510 4838/598/511 4837/599/511 4835/206/510
f 4838/598/511 4840/600/512 4839/601/512 4837/599/511
f 4840/600/512 4842/498/513 4841/187/513 4839/601/512
f 4842/498/513 4844/602/514 4843/603/514 4841/187/513
f 4844/602/514 4846/604/515 4845/605/515 4843/603/514
f 4846/604/515 4848/606/516 4847/207/516 4845/605/515
f 4848/606/516 4850/607/517 4849/608/517 4847/207/516
f 4850/607/517 4852/609/518 4851/610/518 4849/608/517
f 4852/609/518 4854/611/519 4853/208/519 4851/610/518
f 4854/611/519 4856/612/520 4855/613/520 4853/208/519
f 4856/612/520 4858/614/521 4857/615/521 4855/613/520
f 4858/614/521 4860/499/522 4859/189/522 4857/615/521
f 4860/499/522 4862/616/523 4861/617/523 4859/189/522
f 4862/616/523 4864/618/524 4863/619/524 4861/617/523
f 4864/618/524 4866/620/525 4865/209/525 4863/619/524
f 4866/620/525 4868/621/526 4867/622/526 4865/209/525
f 4868/621/526 4870/623/527 4869/624/527 4867/622/526
s 0
f 4348/185/528 4347/185/528 8561/185/528 8517/185/528
s 1
f 4872/625/529 4874/266/413 4873/269/413 4871/626/529
f 4876/267/380 4878/590/530 4877/591/530 4875/268/380
f 4878/590/530 4880/592/531 4879/205/531 4877/591/530
f 4880/592/531 4882/593/532 4881/594/532 4879/205/531
f 4882/593/532 4884/595/533 4883/596/533 4881/594/532
f 4884/595/533 4886/597/534 4885/206/534 4883/596/533
f 4886/597/534 4888/598/535 4887/599/535 4885/206/534
f 4888/598/535 4890/600/536 4889/601/536 4887/599/535
f 4890/600/536 4892/498/537 4891/187/537 4889/601/536
f 4892/498/537 4894/602/538 4893/603/538 4891/187/537
f 4894/602/538 4896/604/539 4895/605/539 4893/603/538
f 4896/604/539 4898/606/540 4897/207/540 4895/605/539
f 4898/606/540 4900/607/541 4899/608/541 4897/207/540
f 4900/607/541 4902/609/542 4901/610/542 4899/608/541
f 4902/609/542 4904/611/543 4903/208/543 4901/610/542
f 4904/611/543 4906/612/544 4905/613/544 4903/208/543
f 4906/612/544 4908/614/545 4907/615/545 4905/613/544
f 4908/614/545 4910/499/546 4909/189/546 4907/615/545
f 4910/499/546 4912/616/547 4911/617/547 4909/189/546
f 4912/616/547 4914/618/548 4913/619/548 4911/617/547
f 4914/618/548 4916/620/549 4915/209/549 4913/619/548
f 4916/620/549 4918/621/550 4917/622/550 4915/209/549
f 4918/621/550 4920/623/551 4919/624/551 4917/622/550
s 0
f 4373/185/552 4372/185/552 8532/185/552 8528/185/552
s 1
f 4922/625/553 4924/266/379 4923/269/379 4921/626/553
f 5058/627/554 4926/628/555 4925/629/555 5057/630/554
f 6452/631/556 6451/632/556 6449/633/557 6450/634/557
s 0
f 4209/185/558 8649/185/558 8664/185/558 4210/185/558
f 4211/185/559 4210/185/559 8664/185/559 8673/185/559
f 4212/185/560 4211/185/560 8673/185/560 8618/185/560
f 4212/185/561 8618/185/561 8650/185/561 4213/185/561
s 1
f 4934/635/562 4936/636/563 4935/637/563 4933/638/562
f 4936/636/563 4938/639/564 4937/640/564 4935/637/563
f 4938/639/564 4940/192/565 4939/193/565 4937/640/564
f 4940/192/565 4942/641/566 4941/642/566 4939/193/565
f 4942/641/566 4944/643/567 4943/644/567 4941/642/566
f 4944/643/567 4946/645/568 4945/646/568 4943/644/567
f 4946/645/568 4948/647/569 4947/648/569 4945/646/568
f 4948/647/569 4950/649/570 4949/650/570 4947/648/569
f 4950/649/570 4952/651/571 4951/652/571 4949/650/570
f 4952/651/571 4954/653/572 4953/654/572 4951/652/571
f 4954/653/572 4956/655/573 4955/656/573 4953/654/572
f 4956/655/573 4958/657/574 4957/658/574 4955/656/573
f 4958/657/574 4960/659/575 4959/660/575 4957/658/574
f 4960/659/575 4962/661/576 4961/662/576 4959/660/575
f 4962/661/576 4964/663/577 4963/664/577 4961/662/576
f 4964/663/577 4966/665/578 4965/666/578 4963/664/577
f 4966/665/578 4968/194/579 4967/195/579 4965/666/578
f 4968/194/579 4970/667/580 4969/668/580 4967/195/579
f 4970/667/580 4972/669/581 4971/670/581 4969/668/580
f 4972/669/581 4974/671/582 4973/672/582 4971/670/581
f 4974/671/582 4976/673/583 4975/674/583 4973/672/582
f 4976/673/583 4978/675/584 4977/676/584 4975/674/583
f 4978/675/584 4980/677/585 4979/678/585 4977/676/584
f 4980/677/585 4982/679/586 4981/680/586 4979/678/585
s 0
f 4238/185/587 4237/185/587 8657/185/587 8668/185/587
s 1
f 6212/625/529 6211/626/529 6209/624/588 6210/623/588
f 4932/681/589 4934/635/562 4933/638/562 4931/682/589
f 7293/683/590 7292/684/590 7290/685/591 7291/686/591
s 0
f 4350/185/592 4374/185/592 8557/185/592 8556/185/592
s 1
f 4992/300/331 4994/687/593 4993/688/593 4991/301/331
f 7155/689/594 7157/690/595 7156/691/595 7154/692/594
f 4928/693/596 4927/694/596 4925/629/555 4926/628/555
s 0
f 6705/695/597 6730/184/597 8124/184/597 8145/696/597 6706/696/597
s 1
f 5246/697/598 5248/698/599 5247/699/599 5245/700/598
f 5002/701/600 5004/702/601 5003/703/601 5001/704/600
f 5004/702/601 5006/705/602 5005/706/602 5003/703/601
f 5006/705/602 5008/707/603 5007/708/603 5005/706/602
f 5008/707/603 5010/709/604 5009/710/604 5007/708/603
f 5010/709/604 5012/711/605 5011/712/605 5009/710/604
f 5012/711/605 5014/713/606 5013/714/606 5011/712/605
f 5014/713/606 5016/715/607 5015/716/607 5013/714/606
f 5016/715/607 5018/717/608 5017/718/608 5015/716/607
f 5018/717/608 5020/719/609 5019/720/609 5017/718/608
f 5020/719/609 5022/200/610 5021/201/610 5019/720/609
f 5022/200/610 5024/721/611 5023/722/611 5021/201/610
f 5024/721/611 5026/723/612 5025/724/612 5023/722/611
f 5026/723/612 5028/725/613 5027/726/613 5025/724/612
f 5028/725/613 5030/727/614 5029/728/614 5027/726/613
f 5030/727/614 5032/729/615 5031/730/615 5029/728/614
f 5032/729/615 5034/731/616 5033/732/616 5031/730/615
f 5034/731/616 5036/733/617 5035/734/617 5033/732/616
f 5036/733/617 5038/735/618 5037/736/618 5035/734/617
f 5038/735/618 5040/737/619 5039/738/619 5037/736/618
f 5040/737/619 5042/739/620 5041/740/620 5039/738/619
f 5042/739/620 5044/741/621 5043/742/621 5041/740/620
f 5044/741/621 5046/743/622 5045/744/622 5043/742/621
f 5046/743/622 5048/745/623 5047/746/623 5045/744/622
f 5048/745/623 5050/202/624 5049/203/624 5047/746/623
f 6452/631/556 6454/747/625 6453/748/625 6451/632/556
s 0
f 6982/185/626 6981/185/626 8061/185/626 8063/185/626
f 7365/185/627 7364/185/627 7964/185/627 7983/185/627
s 1
f 5056/749/628 5058/627/554 5057/630/554 5055/750/628
s 0
f 4183/185/629 8706/185/629 8707/185/629 4159/185/629
s 1
f 5060/267/630 5062/590/631 5061/591/631 5059/268/630
f 5062/590/631 5064/592/632 5063/205/632 5061/591/631
f 5064/592/632 5066/593/633 5065/594/633 5063/205/632
f 5066/593/633 5068/595/634 5067/596/634 5065/594/633
f 5068/595/634 5070/597/635 5069/206/635 5067/596/634
f 5070/597/635 5072/598/636 5071/599/636 5069/206/635
f 5072/598/636 5074/600/637 5073/601/637 5071/599/636
f 5074/600/637 5076/498/638 5075/187/638 5073/601/637
f 5076/498/638 5078/602/639 5077/603/639 5075/187/638
f 5078/602/639 5080/604/640 5079/605/640 5077/603/639
f 5080/604/640 5082/606/641 5081/207/641 5079/605/640
f 5082/606/641 5084/607/642 5083/608/642 5081/207/641
f 5084/607/642 5086/609/643 5085/610/643 5083/608/642
f 5086/609/643 5088/611/644 5087/208/644 5085/610/643
f 5088/611/644 5090/612/645 5089/613/645 5087/208/644
f 5090/612/645 5092/614/646 5091/615/646 5089/613/645
f 5092/614/646 5094/499/647 5093/189/647 5091/615/646
f 5094/499/647 5096/616/648 5095/617/648 5093/189/647
f 5096/616/648 5098/618/649 5097/619/649 5095/617/648
f 5098/618/649 5100/620/650 5099/209/650 5097/619/649
f 5100/620/650 5102/621/651 5101/622/651 5099/209/650
f 5102/621/651 5104/623/652 5103/624/652 5101/622/651
f 6458/751/653 6460/752/654 6459/753/654 6457/754/653
f 5106/625/655 5108/266/656 5107/269/656 5105/626/655
s 0
f 7363/185/657 7362/185/657 7982/185/657 7953/185/657
s 1
f 5110/267/240 5112/590/658 5111/591/658 5109/268/240
f 5112/590/658 5114/592/659 5113/205/659 5111/591/658
f 5114/592/659 5116/593/660 5115/594/660 5113/205/659
f 5116/593/660 5118/595/661 5117/596/661 5115/594/660
f 5118/595/661 5120/597/662 5119/206/662 5117/596/661
f 5120/597/662 5122/598/663 5121/599/663 5119/206/662
f 5122/598/663 5124/600/664 5123/601/664 5121/599/663
f 5124/600/664 5126/498/418 5125/187/418 5123/601/664
f 5126/498/418 5128/602/665 5127/603/665 5125/187/418
f 5128/602/665 5130/604/666 5129/605/666 5127/603/665
f 5130/604/666 5132/606/667 5131/207/667 5129/605/666
f 5132/606/667 5134/607/668 5133/608/668 5131/207/667
f 5134/607/668 5136/609/669 5135/610/669 5133/608/668
f 5136/609/669 5138/611/670 5137/208/670 5135/610/669
f 5138/611/670 5140/612/671 5139/613/671 5137/208/670
f 5140/612/671 5142/614/672 5141/615/672 5139/613/671
f 5142/614/672 5144/499/673 5143/189/673 5141/615/672
f 5144/499/673 5146/616/674 5145/617/674 5143/189/673
f 5146/616/674 5148/618/675 5147/619/675 5145/617/674
f 5148/618/675 5150/620/676 5149/209/676 5147/619/675
f 5150/620/676 5152/621/677 5151/622/677 5149/209/676
f 5152/621/677 5154/623/678 5153/624/678 5151/622/677
s 0
f 4206/185/679 8681/185/679 8705/185/679 4207/185/679
s 1
f 5156/625/680 5158/266/239 5157/269/239 5155/626/680
f 5160/191/158 5162/755/159 5161/756/159 5159/185/158
f 5162/755/159 5164/757/159 5163/186/159 5161/756/159
f 5164/757/159 5166/495/158 5165/487/158 5163/186/159
f 5166/495/158 5168/498/158 5167/187/158 5165/487/158
f 5168/498/158 5170/758/159 5169/759/159 5167/187/158
f 5170/758/159 5172/219/159 5171/188/159 5169/759/159
f 5172/219/159 5174/760/158 5173/761/158 5171/188/159
f 5174/760/158 5176/499/160 5175/189/160 5173/761/158
f 5176/499/160 5178/496/161 5177/482/161 5175/189/160
f 5178/496/161 5180/247/159 5179/190/159 5177/482/161
f 5180/247/159 5182/762/158 5181/763/158 5179/190/159
f 5182/762/158 5160/204/158 5159/184/158 5181/763/158
s 0
f 4079/185/681 8776/185/681 8792/185/681 4080/185/681
s 1
f 5434/764/682 5436/765/683 5435/766/683 5433/767/682
s 0
f 6699/768/684 8140/768/684 8112/189/684 6700/189/684
s 1
f 5188/769/685 5190/770/686 5189/771/686 5187/772/685
f 5190/770/686 5192/773/687 5191/774/687 5189/771/686
f 5192/773/687 5194/775/688 5193/776/688 5191/774/687
f 5194/775/688 5196/777/689 5195/778/689 5193/776/688
f 5196/777/689 5198/779/690 5197/780/690 5195/778/689
f 5198/779/690 5200/757/691 5199/186/691 5197/780/690
f 5200/757/691 5202/781/692 5201/782/692 5199/186/691
f 5202/781/692 5204/783/693 5203/784/693 5201/782/692
f 5204/783/693 5206/785/694 5205/786/694 5203/784/693
f 5206/785/694 5208/787/695 5207/788/695 5205/786/694
f 5208/787/695 5210/789/696 5209/790/696 5207/788/695
f 5210/789/696 5212/791/697 5211/792/697 5209/790/696
f 5212/791/697 5214/793/698 5213/794/698 5211/792/697
f 5214/793/698 5216/795/699 5215/796/699 5213/794/698
f 5216/795/699 5218/797/700 5217/798/700 5215/796/699
f 5218/797/700 5220/799/701 5219/800/701 5217/798/700
f 5220/799/701 5222/801/702 5221/802/702 5219/800/701
f 5222/801/702 5224/803/703 5223/804/703 5221/802/702
f 5224/803/703 5226/805/704 5225/806/704 5223/804/703
f 5226/805/704 5228/807/705 5227/808/705 5225/806/704
f 5228/807/705 5230/809/706 5229/810/706 5227/808/705
f 5230/809/706 5232/811/707 5231/812/707 5229/810/706
f 5232/811/707 5234/498/708 5233/187/708 5231/812/707
f 5234/498/708 5236/314/392 5235/313/392 5233/187/708
f 5238/311/391 5240/813/709 5239/814/709 5237/312/391
f 6156/815/710 6158/816/711 6157/817/711 6155/818/710
f 5242/819/712 5244/820/713 5243/821/713 5241/822/712
f 5244/820/713 5246/697/598 5245/700/598 5243/821/713
s 0
f 4107/185/714 8753/185/714 8754/185/714 4108/185/714
f 4114/185/715 4113/185/715 8805/185/715 8756/185/715
s 1
f 7289/823/716 7291/686/591 7290/685/591 7288/824/716
f 5252/244/182 5254/825/717 5253/826/717 5251/245/182
f 5254/825/717 5256/827/718 5255/828/718 5253/826/717
f 5256/827/718 5258/829/719 5257/830/719 5255/828/718
f 5258/829/719 5260/831/720 5259/832/720 5257/830/719
f 5260/831/720 5262/833/721 5261/834/721 5259/832/720
f 5262/833/721 5264/835/722 5263/836/722 5261/834/721
f 5264/835/722 5266/837/723 5265/838/723 5263/836/722
f 5266/837/723 5268/499/724 5267/189/724 5265/838/723
f 5268/499/724 5270/839/725 5269/840/725 5267/189/724
f 5270/839/725 5272/841/726 5271/842/726 5269/840/725
f 5272/841/726 5274/843/727 5273/844/727 5271/842/726
f 5274/843/727 5276/845/728 5275/846/728 5273/844/727
f 5276/845/728 5278/847/729 5277/848/729 5275/846/728
f 5278/847/729 5280/849/730 5279/850/730 5277/848/729
f 5280/849/730 5282/851/731 5281/852/731 5279/850/730
f 5282/851/731 5284/853/732 5283/854/732 5281/852/731
f 5284/853/732 5286/855/733 5285/856/733 5283/854/732
f 5286/855/733 5288/857/734 5287/858/734 5285/856/733
f 5288/857/734 5290/859/735 5289/860/735 5287/858/734
f 5290/859/735 5292/861/736 5291/862/736 5289/860/735
f 5292/861/736 5294/863/737 5293/864/737 5291/862/736
f 5294/863/737 5296/865/738 5295/866/738 5293/864/737
f 5296/865/738 5298/867/739 5297/868/739 5295/866/738
f 5298/867/739 5300/869/740 5299/870/740 5297/868/739
f 4920/623/551 4922/625/553 4921/626/553 4919/624/551
s 0
f 4140/185/741 8810/185/741 8809/185/741 4141/185/741
s 1
f 5304/871/742 5306/872/160 5305/873/160 5303/874/742
f 5306/872/160 5308/875/160 5307/876/160 5305/873/160
f 5308/875/160 5310/877/161 5309/878/161 5307/876/160
f 5310/877/161 5312/879/159 5311/880/159 5309/878/161
f 5312/879/159 5314/881/743 5313/882/743 5311/880/159
f 5316/191/160 5318/755/160 5317/756/160 5315/185/160
f 5318/755/160 5320/757/158 5319/186/158 5317/756/160
f 5320/757/158 5322/495/158 5321/487/158 5319/186/158
f 5322/495/158 5324/498/160 5323/187/160 5321/487/158
f 5324/498/160 5326/758/161 5325/759/161 5323/187/160
f 5326/758/161 5328/219/159 5327/188/159 5325/759/161
f 5328/219/159 5330/760/159 5329/761/159 5327/188/159
f 5330/760/159 5332/499/161 5331/189/161 5329/761/159
f 5332/499/161 5334/496/161 5333/482/161 5331/189/161
f 5334/496/161 5336/247/159 5335/190/159 5333/482/161
f 5336/247/159 5338/762/158 5337/763/158 5335/190/159
f 5338/762/158 5316/204/160 5315/184/160 5337/763/158
s 0
f 5352/185/744 5351/185/744 8448/185/744 8455/185/744
s 1
f 5416/883/745 5418/884/746 5417/885/746 5415/886/745
s 0
f 5350/185/747 5349/185/747 8462/185/747 8446/185/747
f 5345/185/748 5344/185/748 8449/185/748 8452/185/748
f 5344/185/749 5343/185/749 8444/185/749 8449/185/749
f 5355/185/750 5354/185/750 8445/185/750 8443/185/750
f 5359/185/751 5358/185/751 8440/185/751 8454/185/751
f 5341/185/752 5340/185/752 8458/185/752 8461/185/752
f 5343/185/753 5342/185/753 8439/185/753 8444/185/753
f 6728/887/754 8098/887/754 8121/888/754 6729/888/754
f 5360/185/755 5359/185/755 8454/185/755 8459/185/755
f 5357/185/756 5356/185/756 8442/185/756 8441/185/756
f 5340/185/757 5339/185/757 8457/185/757 8458/185/757
f 5354/185/758 5353/185/758 8447/185/758 8445/185/758
s 1
f 5432/889/759 5434/764/682 5433/767/682 5431/890/759
s 0
f 5342/185/760 5341/185/760 8461/185/760 8439/185/760
f 5356/185/761 5355/185/761 8443/185/761 8442/185/761
f 5346/185/762 5345/185/762 8452/185/762 8453/185/762
f 5347/185/763 5346/185/763 8453/185/763 8456/185/763
f 5358/185/764 5357/185/764 8441/185/764 8440/185/764
f 5349/185/765 5348/185/765 8460/185/765 8462/185/765
f 5363/185/142 5362/185/142 8450/185/142 8451/185/142
f 5375/238/139 5376/486/139 5377/221/139 5378/485/139 5379/484/139 5380/223/139 5381/483/139 5382/482/139 5383/481/139 5384/225/139 5385/480/139 5386/479/139 5387/478/139 5388/477/139 5364/185/139 5365/476/139 5366/493/139 5367/492/139 5368/212/139 5369/491/139 5370/490/139 5371/489/139 5372/214/139 5373/488/139 5374/487/139
s 1
f 5390/191/203 5392/891/766 5391/892/766 5389/185/203
f 5392/891/766 5394/893/767 5393/894/767 5391/892/766
f 5394/893/767 5396/895/768 5395/896/768 5393/894/767
f 5396/895/768 5398/897/769 5397/898/769 5395/896/768
f 5398/897/769 5400/899/770 5399/900/770 5397/898/769
f 5400/899/770 5402/901/771 5401/902/771 5399/900/770
f 5402/901/771 5404/903/772 5403/904/772 5401/902/771
f 5404/903/772 5406/905/773 5405/906/773 5403/904/772
f 5406/905/773 5408/907/774 5407/908/774 5405/906/773
f 5408/907/774 5410/909/775 5409/910/775 5407/908/774
f 5410/909/775 5412/282/283 5411/285/283 5409/910/775
s 0
f 4079/185/776 4146/185/776 8772/185/776 8776/185/776
s 1
f 7481/911/777 7483/912/778 7482/913/778 7480/914/777
f 5414/283/284 5416/883/745 5415/886/745 5413/284/284
f 6878/915/779 6798/204/780 6797/184/780 6877/916/779
f 5418/884/746 5420/917/781 5419/424/781 5417/885/746
f 5420/917/781 5422/918/782 5421/919/782 5419/424/781
f 5422/918/782 5424/920/783 5423/921/783 5421/919/782
f 5424/920/783 5426/922/784 5425/923/784 5423/921/783
f 5426/922/784 5428/924/785 5427/925/785 5425/923/784
f 5428/924/785 5430/926/786 5429/927/786 5427/925/785
f 5430/926/786 5432/889/759 5431/890/759 5429/927/786
f 5186/928/787 5185/929/787 5183/930/788 5184/931/788
s 0
f 5361/185/789 8438/185/789 8450/185/789 5362/185/789
s 1
f 5436/765/683 5438/265/204 5437/264/204 5435/766/683
s 0
f 5339/185/574 5363/185/574 8451/185/574 8457/185/574
f 4105/259/5 4107/258/5 4106/375/5
s 1
f 5448/191/160 5450/495/161 5449/487/161 5447/185/160
f 5450/495/161 5452/219/159 5451/188/159 5449/487/161
f 5452/219/159 5454/496/158 5453/482/158 5451/188/159
f 5454/496/158 5448/204/160 5447/184/160 5453/482/158
s 0
f 5455/185/139 5456/212/139 5457/214/139 5458/216/139 5459/218/139 5460/188/139 5461/221/139 5462/223/139 5463/225/139 5464/227/139 5465/184/139
f 7024/932/139 7025/933/139 7026/934/139 7027/935/139 7028/229/139 7029/936/139 7030/937/139 7031/938/139 7032/939/139 7033/940/139 7034/941/139 7035/942/139 7036/943/139 7037/944/139 7038/945/139 7039/230/139 7040/946/139 7041/947/139 7042/948/139 7043/949/139 7044/950/139 7045/951/139 7046/952/139 7047/231/139 7048/953/139 7049/954/139 7050/955/139 7051/956/139 7052/957/139 7053/958/139 7054/959/139 7055/960/139 7056/961/139 7057/962/139 7058/232/139 7059/963/139 7060/964/139 7061/965/139 7062/966/139 7063/967/139 7064/968/139 7065/233/139 7066/969/139 7067/970/139 7068/971/139 7069/972/139 7070/973/139 7071/234/139 7072/974/139 7073/975/139 7074/976/139 7075/977/139 7076/978/139 7077/979/139 7078/980/139 7079/235/139 7080/981/139 7081/982/139 7082/983/139 7083/984/139 7084/985/139 7085/986/139 7086/987/139 7087/988/139 7088/989/139 7089/990/139 7090/991/139 7091/992/139 7092/993/139 7093/994/139 7094/995/139 7095/996/139 7096/997/139 7097/237/139 7098/998/139 7099/999/139 7100/1000/139 7101/1001/139 7102/1002/139 7103/1003/139 7104/1004/139 7105/1005/139 7106/1006/139 7107/228/139 7108/1007/139 7109/1008/139 7110/1009/139 7111/1010/139 7112/1011/139 7113/184/139 7023/1012/139
f 7310/203/139 7311/184/139 7308/199/139 7309/201/139
s 1
f 5478/191/790 5480/1013/791 5479/229/791 5477/185/790
f 5480/1013/791 5482/1014/158 5481/230/158 5479/229/791
f 5482/1014/158 5484/1015/160 5483/231/160 5481/230/158
f 5484/1015/160 5486/1016/161 5485/232/161 5483/231/160
f 5486/1016/161 5488/1017/159 5487/233/159 5485/232/161
f 5488/1017/159 5490/1018/792 5489/234/792 5487/233/159
f 5490/1018/792 5492/1019/793 5491/235/793 5489/234/792
f 5492/1019/793 5494/1020/794 5493/236/794 5491/235/793
f 5494/1020/794 5496/1021/795 5495/237/795 5493/236/794
f 5496/1021/795 5498/1022/796 5497/228/796 5495/237/795
f 5498/1022/796 5478/204/790 5477/184/790 5497/228/796
s 0
f 5499/185/139 5500/214/139 5501/218/139 5502/221/139 5503/225/139 5504/184/139
f 4381/221/139 4382/223/139 4375/185/139 4376/212/139 4377/214/139 4383/225/139 4384/227/139 4385/184/139 4379/218/139 4380/188/139
f 5505/185/139 5506/214/139 5507/218/139 5508/221/139 5509/225/139 5510/184/139
s 1
f 5512/191/159 5514/757/158 5513/186/158 5511/185/159
f 5514/757/158 5516/498/160 5515/187/160 5513/186/158
f 5516/498/160 5518/219/161 5517/188/161 5515/187/160
f 5518/219/161 5520/499/159 5519/189/159 5517/188/161
f 5520/499/159 5522/247/159 5521/190/159 5519/189/159
f 5522/247/159 5512/204/159 5511/184/159 5521/190/159
f 5554/191/160 5556/1023/160 5555/1024/160 5553/185/160
f 5556/1023/160 5558/1025/797 5557/1026/797 5555/1024/160
f 5558/1025/797 5560/213/797 5559/214/797 5557/1026/797
f 5560/213/797 5562/1027/798 5561/471/798 5559/214/797
f 5562/1027/798 5564/498/798 5563/187/798 5561/471/798
f 5564/498/798 5566/217/158 5565/218/158 5563/187/798
f 5566/217/158 5568/1028/158 5567/1029/158 5565/218/158
f 5568/1028/158 5570/1030/160 5569/462/160 5567/1029/158
f 5570/1030/160 5572/220/161 5571/221/161 5569/462/160
f 5572/220/161 5574/499/799 5573/189/799 5571/221/161
f 5574/499/799 5576/1031/800 5575/457/800 5573/189/799
f 5576/1031/800 5578/224/801 5577/225/801 5575/457/800
f 5578/224/801 5580/1032/159 5579/443/159 5577/225/801
f 5580/1032/159 5582/1033/158 5581/434/158 5579/443/159
f 5582/1033/158 5554/204/160 5553/184/160 5581/434/158
s 0
f 5591/210/139 5592/184/139 5583/185/139 5584/205/139 5585/206/139 5586/187/139 5587/207/139 5588/208/139 5589/189/139 5590/209/139
f 5593/185/139 5594/205/139 5595/206/139 5596/187/139 5597/207/139 5598/208/139 5599/189/139 5600/209/139 5601/210/139 5602/184/139
s 1
f 5604/191/802 5606/211/803 5605/212/803 5603/185/802
f 5606/211/803 5608/213/158 5607/214/158 5605/212/803
f 5608/213/158 5610/215/160 5609/216/160 5607/214/158
f 5610/215/160 5612/217/161 5611/218/161 5609/216/160
f 5612/217/161 5614/219/804 5613/188/804 5611/218/161
f 5614/219/804 5616/220/805 5615/221/805 5613/188/804
f 5616/220/805 5618/222/161 5617/223/161 5615/221/805
f 5618/222/161 5620/224/159 5619/225/159 5617/223/161
f 5620/224/159 5622/226/158 5621/227/158 5619/225/159
f 5622/226/158 5604/204/802 5603/184/802 5621/227/158
s 0
f 7863/22/139 7864/188/139 7865/2/139 7866/482/139 7867/479/139 7868/184/139 7860/185/139 7861/491/139 7862/487/139
f 5632/1034/139 5633/633/139 5684/1035/139 5685/1036/139 5686/1037/139 5687/1038/139 5688/1039/139 5689/1040/139 5690/1041/139 5691/1042/139 5692/1043/139 5693/1044/139 5694/1045/139 5664/1046/139 5665/1047/139 5666/1048/139 5667/1049/139 5668/1050/139 5669/1051/139 5670/1052/139 5623/185/139 5624/1053/139 5625/1054/139 5626/1055/139 5627/1056/139 5628/280/139 5629/1057/139 5630/1058/139 5631/1059/139
f 7546/195/139 7547/197/139 7548/199/139 7549/201/139 7550/203/139 7551/184/139 7544/185/139 7545/193/139
f 7934/491/5 7933/185/5 7932/184/5 7931/479/5 7930/482/5 7929/2/5 7928/188/5 7935/22/5 7936/487/5
f 4595/1060/139 4596/1061/139 4597/1062/139 4598/1063/139 4599/1064/139 4600/1065/139 4601/1024/139 4602/1066/139 4603/1067/139 4604/1068/139 4605/1069/139 4606/1070/139 4607/1071/139 4608/1026/139 4609/193/139 4610/1072/139 4611/1073/139 4612/1074/139 4613/465/139 4649/464/139 4650/1075/139 4651/199/139 4652/1076/139 4653/1077/139 4654/221/139 4655/1078/139 4656/1079/139 4657/1080/139 4658/1081/139 4659/1082/139 4660/1083/139 4661/189/139 4662/1084/139 4663/1085/139 4664/1086/139 4665/1087/139 4666/201/139 4667/457/139 4642/316/139 4643/1088/139
s 1
f 5816/191/806 5818/1089/807 5817/1090/807 5815/185/806
f 5818/1089/807 5820/1091/808 5819/1092/808 5817/1090/807
f 5820/1091/808 5822/1093/809 5821/1094/809 5819/1092/808
f 5822/1093/809 5824/755/810 5823/756/810 5821/1094/809
f 5824/755/810 5826/1095/204 5825/1096/204 5823/756/810
f 5826/1095/204 5828/494/811 5827/491/811 5825/1096/204
f 5828/494/811 5830/1097/812 5829/1098/812 5827/491/811
f 5830/1097/812 5832/757/813 5831/186/813 5829/1098/812
f 5832/757/813 5834/1099/814 5833/1100/814 5831/186/813
f 5834/1099/814 5836/1101/815 5835/1102/815 5833/1100/814
f 5836/1101/815 5838/1103/140 5837/1104/140 5835/1102/815
f 5838/1103/140 5840/495/816 5839/487/816 5837/1104/140
f 5840/495/816 5842/1105/817 5841/1106/817 5839/487/816
f 5842/1105/817 5844/1107/818 5843/1108/818 5841/1106/817
f 5844/1107/818 5846/1109/819 5845/1110/819 5843/1108/818
f 5846/1109/819 5848/498/820 5847/187/820 5845/1110/819
f 5848/498/820 5850/1111/821 5849/1112/821 5847/187/820
f 5850/1111/821 5852/29/822 5851/22/822 5849/1112/821
f 5852/29/822 5854/1113/823 5853/1114/823 5851/22/822
f 5854/1113/823 5856/758/824 5855/759/824 5853/1114/823
f 5856/758/824 5858/1115/825 5857/1116/825 5855/759/824
f 5858/1115/825 5860/1117/826 5859/1118/826 5857/1116/825
f 5860/1117/826 5862/1119/827 5861/1120/827 5859/1118/826
f 5862/1119/827 5864/219/828 5863/188/828 5861/1120/827
f 5864/219/828 5866/1121/829 5865/1122/829 5863/188/828
f 5866/1121/829 5868/1123/830 5867/1124/830 5865/1122/829
f 5868/1123/830 5870/1125/831 5869/1126/831 5867/1124/830
f 5870/1125/831 5872/760/832 5871/761/832 5869/1126/831
f 5872/760/832 5874/1127/833 5873/1128/833 5871/761/832
f 5874/1127/833 5876/9/834 5875/2/834 5873/1128/833
f 5876/9/834 5878/1129/835 5877/1130/835 5875/2/834
f 5878/1129/835 5880/499/836 5879/189/836 5877/1130/835
f 5880/499/836 5882/1131/837 5881/1132/837 5879/189/836
f 5882/1131/837 5884/1133/838 5883/1134/838 5881/1132/837
f 5884/1133/838 5886/1135/839 5885/1136/839 5883/1134/838
f 5886/1135/839 5888/496/840 5887/482/840 5885/1136/839
f 5888/496/840 5890/1137/841 5889/1138/841 5887/482/840
f 5890/1137/841 5892/1139/842 5891/1140/842 5889/1138/841
f 5892/1139/842 5894/1141/843 5893/1142/843 5891/1140/842
f 5894/1141/843 5896/247/844 5895/190/844 5893/1142/843
f 5896/247/844 5898/1143/845 5897/1144/845 5895/190/844
f 5898/1143/845 5900/497/510 5899/479/510 5897/1144/845
f 5900/497/510 5902/1145/846 5901/1146/846 5899/479/510
f 5902/1145/846 5904/762/847 5903/763/847 5901/1146/846
f 5904/762/847 5906/1147/848 5905/1148/848 5903/763/847
f 5906/1147/848 5908/1149/849 5907/1150/849 5905/1148/848
f 5908/1149/849 5910/1151/850 5909/1152/850 5907/1150/849
f 5910/1151/850 5816/204/806 5815/184/806 5909/1152/850
f 5912/191/851 5914/1089/852 5913/1090/852 5911/185/851
f 5914/1089/852 5916/1091/853 5915/1092/853 5913/1090/852
f 5916/1091/853 5918/1093/854 5917/1094/854 5915/1092/853
f 5918/1093/854 5920/755/855 5919/756/855 5917/1094/854
f 5920/755/855 5922/1095/856 5921/1096/856 5919/756/855
f 5922/1095/856 5924/494/857 5923/491/857 5921/1096/856
f 5924/494/857 5926/1097/858 5925/1098/858 5923/491/857
f 5926/1097/858 5928/757/859 5927/186/859 5925/1098/858
f 5928/757/859 5930/1099/860 5929/1100/860 5927/186/859
f 5930/1099/860 5932/1101/861 5931/1102/861 5929/1100/860
f 5932/1101/861 5934/1103/862 5933/1104/862 5931/1102/861
f 5934/1103/862 5936/495/863 5935/487/863 5933/1104/862
f 5936/495/863 5938/1105/864 5937/1106/864 5935/487/863
f 5938/1105/864 5940/1107/865 5939/1108/865 5937/1106/864
f 5940/1107/865 5942/1109/866 5941/1110/866 5939/1108/865
f 5942/1109/866 5944/498/867 5943/187/867 5941/1110/866
f 5944/498/867 5946/1111/868 5945/1112/868 5943/187/867
f 5946/1111/868 5948/29/869 5947/22/869 5945/1112/868
f 5948/29/869 5950/1113/870 5949/1114/870 5947/22/869
f 5950/1113/870 5952/758/871 5951/759/871 5949/1114/870
f 5952/758/871 5954/1115/872 5953/1116/872 5951/759/871
f 5954/1115/872 5956/1117/873 5955/1118/873 5953/1116/872
f 5956/1117/873 5958/1119/874 5957/1120/874 5955/1118/873
f 5958/1119/874 5960/219/875 5959/188/875 5957/1120/874
f 5960/219/875 5962/1121/876 5961/1122/876 5959/188/875
f 5962/1121/876 5964/1123/877 5963/1124/877 5961/1122/876
f 5964/1123/877 5966/1125/878 5965/1126/878 5963/1124/877
f 5966/1125/878 5968/760/879 5967/761/879 5965/1126/878
f 5968/760/879 5970/1127/880 5969/1128/880 5967/761/879
f 5970/1127/880 5972/9/881 5971/2/881 5969/1128/880
f 5972/9/881 5974/1129/882 5973/1130/882 5971/2/881
f 5974/1129/882 5976/499/883 5975/189/883 5973/1130/882
f 5976/499/883 5978/1131/884 5977/1132/884 5975/189/883
f 5978/1131/884 5980/1133/359 5979/1134/359 5977/1132/884
f 5980/1133/359 5982/1135/885 5981/1136/885 5979/1134/359
f 5982/1135/885 5984/496/886 5983/482/886 5981/1136/885
f 5984/496/886 5986/1137/887 5985/1138/887 5983/482/886
f 5986/1137/887 5988/1139/888 5987/1140/888 5985/1138/887
f 5988/1139/888 5990/1141/889 5989/1142/889 5987/1140/888
f 5990/1141/889 5992/247/890 5991/190/890 5989/1142/889
f 5992/247/890 5994/1143/891 5993/1144/891 5991/190/890
f 5994/1143/891 5996/497/892 5995/479/892 5993/1144/891
f 5996/497/892 5998/1145/893 5997/1146/893 5995/479/892
f 5998/1145/893 6000/762/894 5999/763/894 5997/1146/893
f 6000/762/894 6002/1147/895 6001/1148/895 5999/763/894
f 6002/1147/895 6004/1149/896 6003/1150/896 6001/1148/895
f 6004/1149/896 6006/1151/897 6005/1152/897 6003/1150/896
f 6006/1151/897 5912/204/851 5911/184/851 6005/1152/897
s 0
f 6216/185/898 6215/185/898 8273/185/898 8229/185/898
f 6012/185/899 6011/185/899 8323/185/899 8274/185/899
s 1
f 6164/1153/900 6112/204/901 6111/184/901 6163/1154/900
s 0
f 6037/185/902 6036/185/902 8303/185/902 8302/185/902
f 6030/1155/903 6029/218/903 8288/218/903 8287/1155/903
f 6026/185/904 6025/185/904 8317/185/904 8322/185/904
f 6045/185/905 6044/185/905 8300/185/905 8309/185/905
f 6035/185/906 6034/185/906 8284/185/906 8294/185/906
f 6029/185/907 6028/185/907 8286/185/907 8288/185/907
f 6016/185/908 6015/185/908 8298/185/908 8308/185/908
f 6022/185/909 6021/185/909 8283/185/909 8293/185/909
f 6039/185/910 6038/185/910 8301/185/910 8292/185/910
f 6032/185/141 6031/185/141 8312/185/141 8310/185/141
f 6018/185/911 6017/185/911 8315/185/911 8321/185/911
f 4240/185/912 8632/185/912 8656/185/912 4241/185/912
f 6025/185/913 6024/185/913 8311/185/913 8317/185/913
f 6053/185/914 6052/185/914 8299/185/914 8307/185/914
f 6047/185/915 6046/185/915 8316/185/915 8320/185/915
f 6021/185/916 6020/185/916 8279/185/916 8283/185/916
f 6043/185/917 6042/185/917 8281/185/917 8280/185/917
f 6038/185/918 6037/185/918 8302/185/918 8301/185/918
f 6051/185/919 6050/185/919 8278/185/919 8290/185/919
f 6046/185/920 6045/185/920 8309/185/920 8316/185/920
f 6023/185/921 6022/185/921 8293/185/921 8304/185/921
f 6042/185/922 6041/185/922 8282/185/922 8281/185/922
f 6008/185/923 6007/185/923 8305/185/923 8306/185/923
f 6058/185/140 6057/185/140 8275/185/140 8285/185/140
f 6017/185/924 6016/185/924 8308/185/924 8315/185/924
f 6055/185/925 6054/185/925 8297/185/925 8296/185/925
f 6014/185/926 6013/185/926 8276/185/926 8289/185/926
f 6036/185/927 6035/185/927 8294/185/927 8303/185/927
f 6050/185/928 6049/185/928 8277/185/928 8278/185/928
f 6010/185/929 6009/185/929 8313/185/929 8319/185/929
f 6013/185/930 6012/185/930 8274/185/930 8276/185/930
f 6054/185/931 6053/185/931 8307/185/931 8297/185/931
f 6033/185/6 6032/185/6 8310/185/6 8318/185/6
f 6027/185/932 6026/185/932 8322/185/932 8325/185/932
f 6009/185/933 6008/185/933 8306/185/933 8313/185/933
f 6044/185/934 6043/185/934 8280/185/934 8300/185/934
f 6052/185/935 6051/185/935 8290/185/935 8299/185/935
f 6040/185/936 6039/185/936 8292/185/936 8291/185/936
f 6015/185/937 6014/185/937 8289/185/937 8298/185/937
f 6028/185/938 6027/185/938 8325/185/938 8286/185/938
f 6019/185/939 6018/185/939 8321/185/939 8324/185/939
f 6031/185/140 6030/185/140 8287/185/140 8312/185/140
f 6024/185/940 6023/185/940 8304/185/940 8311/185/940
f 6041/185/941 6040/185/941 8291/185/941 8282/185/941
f 6020/185/942 6019/185/942 8324/185/942 8279/185/942
f 6048/185/943 6047/185/943 8320/185/943 8314/185/943
f 6056/185/944 6055/185/944 8296/185/944 8295/185/944
f 6049/185/945 6048/185/945 8314/185/945 8277/185/945
f 6011/185/946 6010/185/946 8319/185/946 8323/185/946
f 6094/1156/139 6095/1157/139 6096/236/139 6097/1158/139 6098/1159/139 6099/1160/139 6100/225/139 6101/237/139 6102/1161/139 6103/1162/139 6104/1163/139 6105/1164/139 6106/228/139 6107/1165/139 6108/1166/139 6109/1167/139 6063/1168/139 6064/229/139 6065/1169/139 6066/1170/139 6067/1171/139 6068/1172/139 6069/230/139 6070/214/139 6071/1173/139 6072/1174/139
s 1
f 6112/191/901 6114/1175/947 6113/1176/947 6111/185/901
f 6114/1175/947 6116/1177/948 6115/1178/948 6113/1176/947
f 6116/1177/948 6118/1179/949 6117/1180/949 6115/1178/948
f 6118/1179/949 6120/1181/950 6119/1182/950 6117/1180/949
f 6120/1181/950 6122/1183/951 6121/1184/951 6119/1182/950
f 6122/1183/951 6124/1185/952 6123/1186/952 6121/1184/951
f 6124/1185/952 6126/1187/953 6125/1188/953 6123/1186/952
f 6126/1187/953 6128/1189/954 6127/1190/954 6125/1188/953
f 6128/1189/954 6130/1191/955 6129/1192/955 6127/1190/954
f 6130/1191/955 6132/1193/956 6131/1194/956 6129/1192/955
f 6132/1193/956 6134/1195/957 6133/1196/957 6131/1194/956
f 6134/1195/957 6136/1197/958 6135/1198/958 6133/1196/957
f 6136/1197/958 6138/1199/959 6137/1200/959 6135/1198/958
f 6138/1199/959 6140/1201/960 6139/1202/960 6137/1200/959
f 6140/1201/960 6142/1203/961 6141/1204/961 6139/1202/960
f 6142/1203/961 6144/1205/962 6143/1206/962 6141/1204/961
f 6144/1205/962 6146/1207/963 6145/1208/963 6143/1206/962
f 6146/1207/963 6148/1209/964 6147/1210/964 6145/1208/963
f 6148/1209/964 6150/1211/965 6149/1212/965 6147/1210/964
f 6150/1211/965 6152/1213/966 6151/1214/966 6149/1212/965
f 6152/1213/966 6154/1215/967 6153/1216/967 6151/1214/966
f 6154/1215/967 6156/815/710 6155/818/710 6153/1216/967
f 6214/266/968 6166/267/969 6165/268/969 6213/269/968
f 6158/816/711 6160/1217/158 6159/1218/158 6157/817/711
f 6160/1217/158 6162/1219/160 6161/1220/160 6159/1218/158
f 6162/1219/160 6164/1153/900 6163/1154/900 6161/1220/160
f 7285/1221/970 7284/1222/970 7282/308/349 7283/307/349
s 0
f 6034/185/971 6058/185/971 8285/185/971 8284/185/971
s 1
f 6166/267/969 6168/590/972 6167/591/972 6165/268/969
f 6168/590/972 6170/592/973 6169/205/973 6167/591/972
f 6170/592/973 6172/593/974 6171/594/974 6169/205/973
f 6172/593/974 6174/595/975 6173/596/975 6171/594/974
f 6174/595/975 6176/597/976 6175/206/976 6173/596/975
f 6176/597/976 6178/598/977 6177/599/977 6175/206/976
f 6178/598/977 6180/600/978 6179/601/978 6177/599/977
f 6180/600/978 6182/498/979 6181/187/979 6179/601/978
f 6182/498/979 6184/602/980 6183/603/980 6181/187/979
f 6184/602/980 6186/604/981 6185/605/981 6183/603/980
f 6186/604/981 6188/606/982 6187/207/982 6185/605/981
f 6188/606/982 6190/607/983 6189/608/983 6187/207/982
f 6190/607/983 6192/609/984 6191/610/984 6189/608/983
f 6192/609/984 6194/611/985 6193/208/985 6191/610/984
f 6194/611/985 6196/612/986 6195/613/986 6193/208/985
f 6196/612/986 6198/614/987 6197/615/987 6195/613/986
f 6198/614/987 6200/499/988 6199/189/988 6197/615/987
f 6200/499/988 6202/616/989 6201/617/989 6199/189/988
f 6202/616/989 6204/618/990 6203/619/990 6201/617/989
f 6204/618/990 6206/620/991 6205/209/991 6203/619/990
f 6206/620/991 6208/621/992 6207/622/992 6205/209/991
f 6208/621/992 6210/623/588 6209/624/588 6207/622/992
s 0
f 6057/185/528 6056/185/528 8295/185/528 8275/185/528
s 1
f 6212/625/529 6214/266/968 6213/269/968 6211/626/529
s 0
f 6289/185/993 6288/185/993 8212/185/993 8227/185/993
f 6318/185/994 6317/185/994 8236/185/994 8168/185/994
s 1
f 5054/1223/995 5056/749/628 5055/750/628 5053/1224/995
s 0
f 6297/185/996 6296/185/996 8213/185/996 8225/185/996
f 6273/185/997 6272/185/997 8211/185/997 8226/185/997
f 6929/185/998 8007/185/998 8035/185/998 6930/185/998
f 6243/185/999 6242/185/999 8243/185/999 8253/185/999
f 6248/185/1000 6247/185/1000 8175/185/1000 8202/185/1000
f 6267/185/1001 6266/185/1001 8240/185/1001 8252/185/1001
f 6312/185/1002 6311/185/1002 8171/185/1002 8170/185/1002
f 6280/1225/1003 6278/1226/1003 8193/1226/1003 8194/1225/1003
f 6320/185/1004 6319/185/1004 8169/185/1004 8201/185/1004
f 6295/185/1005 6294/185/1005 8191/185/1005 8192/185/1005
f 6256/185/1006 6255/185/1006 8164/185/1006 8165/185/1006
f 6254/185/1007 6253/185/1007 8266/185/1007 8163/185/1007
f 6287/185/1008 6286/185/1008 8189/185/1008 8190/185/1008
f 6307/185/1009 6306/185/1009 8239/185/1009 8238/185/1009
f 6323/185/1010 6322/185/1010 8176/185/1010 8177/185/1010
f 6225/1227/1011 6223/1228/1011 8198/1228/1011 8200/1227/1011
f 6241/185/1012 6240/185/1012 8208/185/1012 8222/185/1012
f 6315/185/1013 6314/185/1013 8237/185/1013 8251/185/1013
f 6305/185/1014 6304/185/1014 8207/185/1014 8221/185/1014
f 6265/185/1015 6264/185/1015 8205/185/1015 8220/185/1015
f 6239/185/1016 6238/185/1016 8186/185/1016 8187/185/1016
f 6271/185/1017 6270/185/1017 8182/185/1017 8185/185/1017
f 6251/185/1018 6250/185/1018 8233/185/1018 8250/185/1018
f 6259/185/1019 6258/185/1019 8232/185/1019 8249/185/1019
f 6321/185/1020 6320/185/1020 8201/185/1020 8203/185/1020
s 1
f 6448/278/280 6450/634/557 6449/633/557 6447/279/280
s 0
f 6303/185/1021 6302/185/1021 8180/185/1021 8181/185/1021
f 6313/185/1022 6312/185/1022 8170/185/1022 8167/185/1022
f 6327/185/1023 6326/185/1023 8178/185/1023 8179/185/1023
f 6276/185/1024 6275/185/1024 8254/185/1024 8257/185/1024
f 6249/185/1025 6248/185/1025 8202/185/1025 8218/185/1025
f 6247/185/1026 6246/185/1026 8174/185/1026 8175/185/1026
f 6257/185/1027 6256/185/1027 8165/185/1027 8217/185/1027
f 6311/185/1028 6310/185/1028 8173/185/1028 8171/185/1028
f 6263/185/1029 6262/185/1029 8166/185/1029 8172/185/1029
s 1
f 6466/1229/1030 6465/1230/1030 6463/1231/1031 6464/1232/1031
s 0
f 6292/185/1032 6291/185/1032 8255/185/1032 8265/185/1032
f 6319/185/1033 6318/185/1033 8168/185/1033 8169/185/1033
f 6236/185/1034 6235/185/1034 8256/185/1034 8264/185/1034
f 6277/185/1035 6276/185/1035 8257/185/1035 8247/185/1035
f 6255/185/1036 6254/185/1036 8163/185/1036 8164/185/1036
f 6293/185/1037 6292/185/1037 8265/185/1037 8263/185/1037
s 1
f 7491/1233/1038 7493/254/196 7492/255/196 7490/1234/1038
s 0
f 6300/185/1039 6299/185/1039 8210/185/1039 8184/185/1039
f 6234/185/1040 6233/185/1040 8228/185/1040 8246/185/1040
s 1
f 5154/623/678 5156/625/680 5155/626/680 5153/624/678
s 0
f 6284/185/1041 6283/185/1041 8223/185/1041 8209/185/1041
f 6290/185/1042 6289/185/1042 8227/185/1042 8245/185/1042
f 6268/185/1043 6267/185/1043 8252/185/1043 8262/185/1043
f 6274/185/1044 6273/185/1044 8226/185/1044 8244/185/1044
f 6220/185/1045 6219/185/1045 8197/185/1045 8216/185/1045
f 6237/185/1046 6236/185/1046 8264/185/1046 8271/185/1046
f 6215/185/140 6280/185/140 8194/185/140 8273/185/140
f 6285/185/1047 6284/185/1047 8209/185/1047 8188/185/1047
f 6298/185/1048 6297/185/1048 8225/185/1048 8224/185/1048
f 6301/185/1049 6300/185/1049 8184/185/1049 8183/185/1049
f 6278/185/1050 6277/185/1050 8247/185/1050 8193/185/1050
f 6269/185/1051 6268/185/1051 8262/185/1051 8270/185/1051
f 6294/185/1052 6293/185/1052 8263/185/1052 8191/185/1052
f 6244/185/303 6243/185/303 8253/185/303 8261/185/303
f 6232/185/1053 6231/185/1053 8196/185/1053 8214/185/1053
f 6308/185/1054 6307/185/1054 8238/185/1054 8219/185/1054
f 6242/185/1055 6241/185/1055 8222/185/1055 8243/185/1055
f 6324/185/1056 6323/185/1056 8177/185/1056 8260/185/1056
f 6282/185/1057 6281/185/1057 8241/185/1057 8242/185/1057
f 6296/185/1058 6295/185/1058 8192/185/1058 8213/185/1058
f 6238/185/1059 6237/185/1059 8271/185/1059 8186/185/1059
f 6316/185/1060 6315/185/1060 8251/185/1060 8235/185/1060
f 6223/185/1061 6222/185/1061 8230/185/1061 8198/185/1061
f 6281/185/1062 6328/185/1062 8206/185/1062 8241/185/1062
f 6288/185/1063 6287/185/1063 8190/185/1063 8212/185/1063
f 6286/185/1064 6285/185/1064 8188/185/1064 8189/185/1064
f 6260/185/1065 6259/185/1065 8249/185/1065 8234/185/1065
f 6306/185/1066 6305/185/1066 8221/185/1066 8239/185/1066
f 6272/185/1067 6271/185/1067 8185/185/1067 8211/185/1067
f 6270/185/1068 6269/185/1068 8270/185/1068 8182/185/1068
f 6266/185/1069 6265/185/1069 8220/185/1069 8240/185/1069
f 6245/185/1070 6244/185/1070 8261/185/1070 8269/185/1070
f 6302/185/1071 6301/185/1071 8183/185/1071 8180/185/1071
f 6252/185/1072 6251/185/1072 8250/185/1072 8259/185/1072
f 6325/185/1073 6324/185/1073 8260/185/1073 8268/185/1073
f 6235/185/1074 6234/185/1074 8246/185/1074 8256/185/1074
f 6309/185/1075 6308/185/1075 8219/185/1075 8204/185/1075
f 6280/1225/1076 6279/1235/1076 6278/1226/1076
f 6240/185/1077 6239/185/1077 8187/185/1077 8208/185/1077
f 6326/185/1078 6325/185/1078 8268/185/1078 8178/185/1078
f 6291/185/1079 6290/185/1079 8245/185/1079 8255/185/1079
f 6322/185/1080 6321/185/1080 8203/185/1080 8176/185/1080
f 6222/1236/1081 6220/1237/1081 8216/1237/1081 8230/1236/1081
f 6317/185/1082 6316/185/1082 8235/185/1082 8236/185/1082
f 6275/185/1083 6274/185/1083 8244/185/1083 8254/185/1083
f 6314/185/1084 6313/185/1084 8167/185/1084 8237/185/1084
f 6261/185/1085 6260/185/1085 8234/185/1085 8267/185/1085
f 6304/185/1086 6303/185/1086 8181/185/1086 8207/185/1086
f 6220/1237/5 6222/1236/5 6221/898/5
f 6328/185/1087 6327/185/1087 8179/185/1087 8206/185/1087
f 6264/185/1088 6263/185/1088 8172/185/1088 8205/185/1088
f 6246/185/1089 6245/185/1089 8269/185/1089 8174/185/1089
s 1
f 5050/202/624 5052/1238/1090 5051/1239/1090 5049/203/624
s 0
f 6310/185/1091 6309/185/1091 8204/185/1091 8173/185/1091
f 6299/185/1092 6298/185/1092 8224/185/1092 8210/185/1092
f 6253/185/1093 6252/185/1093 8259/185/1093 8266/185/1093
f 6262/185/1094 6261/185/1094 8267/185/1094 8166/185/1094
f 6283/185/1095 6282/185/1095 8242/185/1095 8223/185/1095
f 6250/185/1096 6249/185/1096 8218/185/1096 8233/185/1096
f 6233/185/1097 6232/185/1097 8214/185/1097 8228/185/1097
f 6258/185/1098 6257/185/1098 8217/185/1098 8232/185/1098
f 6361/1240/139 6362/1241/139 6363/1242/139 6364/1243/139 6365/1244/139 6366/1245/139 6367/1246/139 6368/1247/139 6369/1248/139 6370/1249/139 6371/1250/139 6372/1251/139 6373/1252/139 6374/1253/139 6375/1254/139 6376/1255/139 6377/1256/139 6378/1257/139 6379/1258/139 6412/1259/139 6413/1260/139 6414/890/139 6415/1261/139 6416/1262/139 6417/1263/139 6418/1264/139 6419/1265/139 6420/767/139 6421/1266/139 6422/1267/139 6423/1268/139 6424/1269/139 6425/1270/139 6426/1271/139 6427/1272/139 6428/1273/139 6429/766/139 6430/1274/139 6431/1275/139 6432/264/139 6433/1276/139 6355/1277/139 6356/187/139 6357/1278/139 6358/1279/139 6359/1280/139 6360/1281/139
f 8488/184/5 8482/1282/5 8481/203/5 8480/734/5 8487/201/5 8491/708/5 8489/199/5 8490/188/5 8486/197/5 8485/680/5 8484/195/5 8483/654/5 8494/193/5 8493/1283/5 8492/185/5
f 6224/900/5 6223/1228/5 6225/1227/5
f 4522/1284/139 4523/1285/139 4524/1286/139 4525/1287/139 4526/391/139 4502/390/139 4478/1288/139 4479/1289/139 4480/1290/139 4481/1291/139 4482/1292/139 4483/1293/139 4484/410/139 4520/409/139 4521/1294/139
f 8428/185/5 8427/184/5 8426/228/5 8425/237/5 8424/236/5 8423/235/5 8422/234/5 8433/233/5 8431/232/5 8432/231/5 8430/230/5 8429/229/5
s 1
f 6444/1295/898 6446/281/281 6445/280/281 6443/1296/898 6441/1297/898 6439/185/1099 6440/191/1099 6442/1298/898
f 5300/869/740 5302/1299/1100 5301/1300/1100 5299/870/740
s 0
f 6217/185/1101 6216/185/1101 8229/185/1101 8258/185/1101
f 4244/185/1102 4243/185/1102 8633/185/1102 8663/185/1102
f 6219/185/1103 6218/185/1103 8272/185/1103 8197/185/1103
s 1
f 5302/1299/1100 5304/871/742 5303/874/742 5301/1300/1100
f 6454/747/625 6456/1301/1104 6455/1302/1104 6453/748/625
f 6456/1301/1104 6458/751/653 6457/754/653 6455/1302/1104
f 6854/1303/286 6856/1304/1105 6855/1305/1105 6853/1306/286
f 6846/1307/1106 6848/1308/1107 6847/1309/1107 6845/1310/1106
f 5184/931/788 5183/930/788 5313/882/743 5314/881/743
f 6468/1311/1108 6470/1312/1109 6469/1313/1109 6467/1314/1108
f 6470/1312/1109 6472/1315/1110 6471/1316/1110 6469/1313/1109
f 6472/1315/1110 6474/1317/1111 6473/1318/1111 6471/1316/1110
f 6474/1317/1111 6476/1319/1112 6475/1320/1112 6473/1318/1111
f 6476/1319/1112 6478/1321/1113 6477/1322/1113 6475/1320/1112
f 6478/1321/1113 6480/1323/1114 6479/1324/1114 6477/1322/1113
f 6480/1323/1114 6482/1325/1115 6481/1326/1115 6479/1324/1114
f 6482/1325/1115 6484/1327/1116 6483/1328/1116 6481/1326/1115
f 6484/1327/1116 6486/1329/1117 6485/1330/1117 6483/1328/1116
f 6486/1329/1117 6488/1331/1118 6487/1050/1118 6485/1330/1117
f 6488/1331/1118 6490/1332/1119 6489/1333/1119 6487/1050/1118
f 6490/1332/1119 6492/219/1120 6491/188/1120 6489/1333/1119
f 6492/219/1120 6494/1334/1121 6493/1335/1121 6491/188/1120
f 6494/1334/1121 6496/1336/1122 6495/1337/1122 6493/1335/1121
f 6496/1336/1122 6498/1338/700 6497/1339/700 6495/1337/1122
f 6498/1338/700 6500/1340/1123 6499/1341/1123 6497/1339/700
f 6500/1340/1123 6502/1342/1124 6501/1343/1124 6499/1341/1123
f 6502/1342/1124 6504/1344/1125 6503/1345/1125 6501/1343/1124
f 6504/1344/1125 6506/1346/1126 6505/1347/1126 6503/1345/1125
f 6506/1346/1126 6508/1348/1127 6507/1349/1127 6505/1347/1126
f 6508/1348/1127 6510/1350/1128 6509/1351/1128 6507/1349/1127
f 6510/1350/1128 6512/1352/1129 6511/1353/1129 6509/1351/1128
f 6512/1352/1129 6514/1354/1130 6513/1355/1130 6511/1353/1129
f 6514/1354/1130 6516/1356/1131 6515/1357/1131 6513/1355/1130
f 6516/1356/1131 6518/1358/1132 6517/1359/1132 6515/1357/1131
f 6518/1358/1132 6520/1360/1133 6519/1039/1133 6517/1359/1132
f 6520/1360/1133 6522/1361/1134 6521/1362/1134 6519/1039/1133
f 6522/1361/1134 6524/1363/1135 6523/1364/1135 6521/1362/1134
f 6524/1363/1135 6526/1365/1136 6525/1366/1136 6523/1364/1135
f 6526/1365/1136 6528/1367/1137 6527/1044/1137 6525/1366/1136
f 6528/1367/1137 6530/496/1138 6529/482/1138 6527/1044/1137
f 6530/496/1138 6532/1368/1139 6531/1369/1140 6529/482/1138
f 6532/1368/1139 6534/1370/1141 6533/1371/1141 6531/1369/1140
f 6534/1370/1141 6536/1372/1142 6535/1373/1142 6533/1371/1141
f 6536/1372/1142 6538/1374/1143 6537/1375/1143 6535/1373/1142
f 6538/1374/1143 6540/1376/1144 6539/1377/1144 6537/1375/1143
f 6540/1376/1144 6542/1378/1145 6541/1379/1145 6539/1377/1144
f 6542/1378/1145 6544/1380/1146 6543/1381/1146 6541/1379/1145
f 6544/1380/1146 6546/1382/1147 6545/1383/1147 6543/1381/1146
f 6546/1382/1147 6548/1384/1148 6547/1385/1148 6545/1383/1147
f 6548/1384/1148 6550/1386/1149 6549/1387/1149 6547/1385/1148
f 6550/1386/1149 6552/1388/1150 6551/1389/1150 6549/1387/1149
f 6552/1388/1150 6554/1390/1151 6553/1391/1151 6551/1389/1150
f 6554/1390/1151 6556/1392/1152 6555/1393/1152 6553/1391/1151
f 6556/1392/1152 6558/1394/1153 6557/1395/1153 6555/1393/1152
f 6558/1394/1153 6560/1396/1154 6559/1397/1154 6557/1395/1153
f 6560/1396/1154 6562/1398/342 6561/1399/342 6559/1397/1154
f 6562/1398/342 6564/1400/1155 6563/1401/1155 6561/1399/342
f 6564/1400/1155 6566/1402/141 6565/1403/141 6563/1401/1155
f 6566/1402/141 6440/204/1099 6439/184/1099 6565/1403/141
f 6568/191/1156 6570/1089/1157 6569/1090/1157 6567/185/1156
f 6570/1089/1157 6572/1091/1158 6571/1092/1158 6569/1090/1157
f 6572/1091/1158 6574/1093/1159 6573/1094/1159 6571/1092/1158
f 6574/1093/1159 6576/755/1160 6575/756/1160 6573/1094/1159
f 6576/755/1160 6578/1095/1161 6577/1096/1161 6575/756/1160
f 6578/1095/1161 6580/494/1162 6579/491/1162 6577/1096/1161
f 6580/494/1162 6582/1097/1163 6581/1098/1163 6579/491/1162
f 6582/1097/1163 6584/757/1164 6583/186/1164 6581/1098/1163
f 6584/757/1164 6586/1099/1165 6585/1100/1165 6583/186/1164
f 6586/1099/1165 6588/1101/1166 6587/1102/1166 6585/1100/1165
f 6588/1101/1166 6590/1103/1167 6589/1104/1167 6587/1102/1166
f 6590/1103/1167 6592/495/1168 6591/487/1168 6589/1104/1167
f 6592/495/1168 6594/1105/1169 6593/1106/1169 6591/487/1168
f 6594/1105/1169 6596/1107/1170 6595/1108/1170 6593/1106/1169
f 6596/1107/1170 6598/1109/1171 6597/1110/1171 6595/1108/1170
f 6598/1109/1171 6600/498/1172 6599/187/1172 6597/1110/1171
f 6600/498/1172 6602/1111/1173 6601/1112/1173 6599/187/1172
f 6602/1111/1173 6604/29/1174 6603/22/1174 6601/1112/1173
f 6604/29/1174 6606/1113/1175 6605/1114/1175 6603/22/1174
f 6606/1113/1175 6608/758/1176 6607/759/1176 6605/1114/1175
f 6608/758/1176 6610/1115/1177 6609/1116/1177 6607/759/1176
f 6610/1115/1177 6612/1117/1178 6611/1118/1178 6609/1116/1177
f 6612/1117/1178 6614/1119/1179 6613/1120/1179 6611/1118/1178
f 6614/1119/1179 6616/219/1180 6615/188/1180 6613/1120/1179
f 6616/219/1180 6618/1121/1181 6617/1122/1181 6615/188/1180
f 6618/1121/1181 6620/1123/1182 6619/1124/1182 6617/1122/1181
f 6620/1123/1182 6622/1125/1183 6621/1126/1183 6619/1124/1182
f 6622/1125/1183 6624/760/1184 6623/761/1184 6621/1126/1183
f 6624/760/1184 6626/1127/1185 6625/1128/1185 6623/761/1184
f 6626/1127/1185 6628/9/1186 6627/2/1186 6625/1128/1185
f 6628/9/1186 6630/1129/1187 6629/1130/1187 6627/2/1186
f 6630/1129/1187 6632/499/1188 6631/189/1188 6629/1130/1187
f 6632/499/1188 6634/1131/1189 6633/1132/1189 6631/189/1188
f 6634/1131/1189 6636/1133/1190 6635/1134/1190 6633/1132/1189
f 6636/1133/1190 6638/1135/1191 6637/1136/1191 6635/1134/1190
f 6638/1135/1191 6640/496/1192 6639/482/1192 6637/1136/1191
f 6640/496/1192 6642/1137/1193 6641/1138/1193 6639/482/1192
f 6642/1137/1193 6644/1139/1194 6643/1140/1194 6641/1138/1193
f 6644/1139/1194 6646/1141/1195 6645/1142/1195 6643/1140/1194
f 6646/1141/1195 6648/247/1196 6647/190/1196 6645/1142/1195
f 6648/247/1196 6650/1143/1197 6649/1144/1197 6647/190/1196
f 6650/1143/1197 6652/497/1198 6651/479/1198 6649/1144/1197
f 6652/497/1198 6654/1145/1199 6653/1146/1199 6651/479/1198
f 6654/1145/1199 6656/762/1200 6655/763/1200 6653/1146/1199
f 6656/762/1200 6658/1147/1201 6657/1148/1201 6655/763/1200
f 6658/1147/1201 6660/1149/1202 6659/1150/1202 6657/1148/1201
f 6660/1149/1202 6662/1151/1203 6661/1152/1203 6659/1150/1202
f 6662/1151/1203 6568/204/1156 6567/184/1156 6661/1152/1203
s 0
f 6700/189/139 6701/1404/139 6702/1405/139 6703/1406/139 6704/1407/139 6729/888/139 6730/184/139 6705/695/139
f 4082/353/5 4081/257/5 4083/256/5
f 6689/276/139 6690/1408/139 6691/1409/139 6692/1410/139 6693/1411/139 6694/1412/139 6695/1413/139 6696/1414/139 6697/1415/139 6698/1416/139 6699/768/139 6700/189/139 6705/695/139 6706/696/139 6707/1417/139 6708/1418/139 6709/1419/139 6710/1420/139 6711/1421/139 6712/1422/139 6713/1423/139 6714/1424/139 6715/1425/139 6716/1426/139 6717/1427/139 6718/1428/139 6719/1429/139 6720/1430/139 6721/1431/139 6722/1432/139 6723/1433/139 6724/1434/139 6725/1435/139 6726/1436/139 6727/1437/139 6728/887/139 6729/888/139 6704/1407/139 6663/185/139 6664/1438/139 6665/1439/139 6666/1440/139 6667/1441/139 6668/1442/139 6669/1443/139 6670/1444/139 6671/1445/139 6672/1446/139 6673/1447/139 6674/1448/139 6675/1449/139 6676/1450/139 6677/1451/139 6678/1452/139 6679/1453/139 6680/1454/139 6681/1455/139 6682/1456/139 6683/1457/139 6684/1458/139 6685/1459/139 6686/1460/139 6687/1461/139 6688/277/139
f 6793/1437/139 6794/1462/139 6737/1443/139 6738/1444/139
f 6781/1425/139 6782/1426/139 6783/1427/139 6784/1428/139 6785/1429/139 6786/1430/139 6787/1431/139 6788/1432/139 6789/1433/139 6790/1434/139 6791/1435/139 6792/1436/139 6793/1437/139 6738/1444/139 6739/1445/139 6740/1446/139 6741/1447/139 6742/1448/139 6743/1449/139 6744/1450/139 6745/1451/139 6746/1452/139 6747/1453/139 6748/1454/139 6749/1455/139 6750/1456/139 6751/1457/139 6752/1458/139 6753/1459/139 6754/1460/139 6755/1461/139 6756/277/139 6757/276/139 6758/1408/139 6759/1409/139 6760/1410/139 6761/1411/139 6762/1412/139 6763/1413/139 6764/1414/139 6765/1415/139 6766/1416/139 6767/768/139 6768/189/139 6769/1404/139 6770/1405/139 6771/1406/139 6731/185/139 6732/1438/139 6733/1439/139 6734/1440/139 6735/1441/139 6736/1442/139 6737/1443/139 6794/1462/139 6795/888/139 6796/184/139 6772/696/139 6773/1417/139 6774/1418/139 6775/1419/139 6776/1420/139 6777/1421/139 6778/1422/139 6779/1423/139 6780/1424/139
s 1
f 6798/191/780 6800/1463/1204 6799/1464/1204 6797/185/780
f 6800/1463/1204 6802/1465/1205 6801/1466/1205 6799/1464/1204
f 6802/1465/1205 6804/1467/1206 6803/1468/1206 6801/1466/1205
f 6804/1467/1206 6806/1469/1207 6805/1470/1207 6803/1468/1206
f 6806/1469/1207 6808/1471/1208 6807/1472/1208 6805/1470/1207
f 6808/1471/1208 6810/1473/1209 6809/1474/1209 6807/1472/1208
f 6810/1473/1209 6812/1475/1210 6811/1476/1210 6809/1474/1209
f 6812/1475/1210 6814/1477/1211 6813/1478/1211 6811/1476/1210
f 6814/1477/1211 6816/1479/1212 6815/1480/1212 6813/1478/1211
f 6816/1479/1212 6818/1481/886 6817/1482/886 6815/1480/1212
f 6818/1481/886 6820/1483/1213 6819/1484/1213 6817/1482/886
f 6820/1483/1213 6822/1485/1214 6821/1486/1214 6819/1484/1213
f 6822/1485/1214 6824/1487/1215 6823/1488/1215 6821/1486/1214
f 6824/1487/1215 6826/1489/1216 6825/1490/1216 6823/1488/1215
f 6826/1489/1216 6828/1491/1217 6827/1492/1217 6825/1490/1216
f 6828/1491/1217 6830/1493/1218 6829/1494/1218 6827/1492/1217
f 6830/1493/1218 6832/1495/1219 6831/1496/1219 6829/1494/1218
f 6832/1495/1219 6834/1497/1220 6833/1498/1220 6831/1496/1219
f 6834/1497/1220 6836/1499/1221 6835/1500/1221 6833/1498/1220
f 6836/1499/1221 6838/1501/1222 6837/1502/1222 6835/1500/1221
f 6838/1501/1222 6840/1503/1223 6839/1504/1223 6837/1502/1222
f 6840/1503/1223 6842/1505/1224 6841/1506/1224 6839/1504/1223
f 6842/1505/1224 6844/1507/1225 6843/1508/1225 6841/1506/1224
s 0
f 6686/1460/1226 8111/1460/1226 8130/1461/1226 6687/1461/1226
f 6688/277/1227 6687/1461/1227 8130/1461/1227 8148/277/1227
f 6227/185/1228 6226/185/1228 8231/185/1228 8199/185/1228
s 1
f 6852/1509/1229 6854/1303/286 6853/1306/286 6851/1510/1229
f 4870/623/527 4872/625/529 4871/626/529 4869/624/527
s 0
f 6692/1410/1230 8117/1410/1230 8158/1411/1230 6693/1411/1230
s 1
f 6858/1511/1231 6860/1512/1232 6859/1513/1232 6857/1514/1231
f 6860/1512/1232 6862/1515/1233 6861/1516/1233 6859/1513/1232
f 6862/1515/1233 6864/1517/1234 6863/1518/1234 6861/1516/1233
f 6864/1517/1234 6866/1519/1235 6865/1520/1235 6863/1518/1234
f 6866/1519/1235 6868/1521/1236 6867/1522/1236 6865/1520/1235
f 6868/1521/1236 6870/1523/1237 6869/1524/1237 6867/1522/1236
s 0
f 7368/185/1238 7963/185/1238 7979/185/1238 7369/185/1238
s 1
f 6872/1525/1239 6874/1526/158 6873/1527/158 6871/1528/1239
f 6874/1526/158 6876/1529/160 6875/1530/160 6873/1527/158
f 6876/1529/160 6878/915/779 6877/916/779 6875/1530/160
s 0
f 6663/185/1240 6704/1407/1240 6703/1406/1240 8120/1406/1240 8122/185/1240
s 1
f 5248/698/599 5250/243/181 5249/246/181 5247/699/599
f 6880/267/1241 6882/590/1242 6881/591/1242 6879/268/1241
f 6882/590/1242 6884/592/1243 6883/205/1243 6881/591/1242
f 6884/592/1243 6886/593/1244 6885/594/1244 6883/205/1243
f 6886/593/1244 6888/595/1245 6887/596/1245 6885/594/1244
f 6888/595/1245 6890/597/1246 6889/206/1246 6887/596/1245
f 6890/597/1246 6892/598/1247 6891/599/1247 6889/206/1246
f 6892/598/1247 6894/600/1248 6893/601/1248 6891/599/1247
f 6894/600/1248 6896/498/1249 6895/187/1249 6893/601/1248
f 6896/498/1249 6898/602/1250 6897/603/1250 6895/187/1249
f 6898/602/1250 6900/604/1251 6899/605/1251 6897/603/1250
f 6900/604/1251 6902/606/1252 6901/207/1252 6899/605/1251
f 6902/606/1252 6904/607/1253 6903/608/1253 6901/207/1252
f 6904/607/1253 6906/609/1254 6905/610/1254 6903/608/1253
f 6906/609/1254 6908/611/1255 6907/208/1255 6905/610/1254
f 6908/611/1255 6910/612/1256 6909/613/1256 6907/208/1255
f 6910/612/1256 6912/614/1257 6911/615/1257 6909/613/1256
f 6912/614/1257 6914/499/1258 6913/189/1258 6911/615/1257
f 6914/499/1258 6916/616/1259 6915/617/1259 6913/189/1258
f 6916/616/1259 6918/618/1260 6917/619/1260 6915/617/1259
f 6918/618/1260 6920/620/1261 6919/209/1261 6917/619/1260
f 6920/620/1261 6922/621/1262 6921/622/1262 6919/209/1261
f 6922/621/1262 6924/623/1263 6923/624/1263 6921/622/1262
f 6926/625/1264 6928/266/1265 6927/269/1265 6925/626/1264
s 0
f 6993/185/1266 6992/185/1266 8023/185/1266 8024/185/1266
f 7014/1005/5 7017/1531/5 7016/228/5
f 7007/185/1267 7006/185/1267 8013/185/1267 8050/185/1267
f 6229/185/1268 6228/185/1268 6227/185/1268 8199/185/1268 8248/185/1268 8215/185/1268 8195/185/1268 8196/185/1268 6231/185/1268 6230/185/1268
f 6957/185/1269 6956/185/1269 8020/185/1269 8022/185/1269
s 1
f 7289/823/716 7288/824/716 7286/1532/1270 7287/1533/1270
s 0
f 6931/185/1271 8067/185/1271 8085/185/1271 6932/185/1271
f 7014/185/1272 7013/185/1272 8005/185/1272 8033/185/1272
f 6949/185/1273 6948/185/1273 8017/185/1273 8019/185/1273
s 1
f 7199/1534/1274 7201/1535/1275 7200/1536/1275 7198/1537/1274
s 0
f 7017/1531/1276 7014/1005/1276 8033/1005/1276 8034/1531/1276
f 6968/185/1277 6967/185/1277 8066/185/1277 8074/185/1277
f 6964/185/1278 6963/185/1278 8095/185/1278 8028/185/1278
f 7014/1005/1279 7016/228/1279 8048/228/1279 8033/1005/1279
f 7005/185/1280 7004/185/1280 8016/185/1280 8014/185/1280
f 7015/1538/1281 7014/1005/1281 8033/1005/1281 8047/1538/1281
s 1
f 7195/1539/1282 7197/1540/1283 7196/1541/1283 7194/1542/1282
s 0
f 6941/185/1284 6940/185/1284 8012/185/1284 8015/185/1284
f 6971/966/1285 6969/964/1285 8083/964/1285 8032/966/1285
f 6984/185/1286 6983/185/1286 8064/185/1286 8026/185/1286
s 1
f 7197/1540/1283 7199/1534/1274 7198/1537/1274 7196/1541/1283
f 7213/1543/1287 7215/321/417 7214/320/417 7212/1544/1287
f 7123/1545/1288 7125/1546/1289 7124/1547/1289 7122/1548/1288
f 7209/1549/810 7211/1550/1290 7210/1551/1290 7208/1552/810
s 0
f 6988/185/1291 6987/185/1291 8062/185/1291 8072/185/1291
f 6992/185/1292 6991/185/1292 8079/185/1292 8023/185/1292
f 6962/185/1293 6961/185/1293 8081/185/1293 8090/185/1293
f 6960/185/1294 6959/185/1294 8058/185/1294 8071/185/1294
f 6956/185/1295 6955/185/1295 8094/185/1295 8020/185/1295
f 6990/185/1296 6989/185/1296 8082/185/1296 8080/185/1296
s 1
f 7509/1553/1297 7511/1554/1298 7510/1555/1298 7508/1556/1297
f 7285/1221/970 7287/1533/1270 7286/1532/1270 7284/1222/970
s 0
f 6948/185/1299 6947/185/1299 8093/185/1299 8017/185/1299
s 1
f 5186/928/787 5188/769/685 5187/772/685 5185/929/787
s 0
f 6996/185/1300 6995/185/1300 8056/185/1300 8041/185/1300
f 6998/185/1301 6997/185/1301 8040/185/1301 8021/185/1301
f 7000/185/1302 6999/185/1302 8055/185/1302 8053/185/1302
f 6954/185/1303 6953/185/1303 8078/185/1303 8089/185/1303
f 7013/185/1304 7012/185/1304 8004/185/1304 8005/185/1304
f 7004/185/1305 7003/185/1305 8087/185/1305 8016/185/1305
f 6967/185/1306 6966/185/1306 8045/185/1306 8066/185/1306
f 6940/185/1307 6939/185/1307 8092/185/1307 8012/185/1307
f 6944/185/1308 6943/185/1308 8052/185/1308 8069/185/1308
f 7002/185/1309 7001/185/1309 8038/185/1309 8018/185/1309
f 6969/185/1310 6968/185/1310 8074/185/1310 8083/185/1310
f 6946/185/1311 6945/185/1311 8077/185/1311 8088/185/1311
s 1
f 7121/1557/1312 7123/1545/1288 7122/1548/1288 7120/1558/1312
s 0
f 6963/185/1313 6962/185/1313 8090/185/1313 8095/185/1313
f 6936/185/1314 6935/185/1314 8051/185/1314 8068/185/1314
f 7022/185/140 7021/185/140 8008/185/140 8096/185/140
s 1
f 7295/1559/1315 7115/260/201 7114/263/201 7294/1560/1315
s 0
f 6938/185/1316 6937/185/1316 8076/185/1316 8086/185/1316
f 7008/185/1317 7007/185/1317 8050/185/1317 8010/185/1317
f 6989/185/1318 6988/185/1318 8072/185/1318 8082/185/1318
f 6987/185/1319 6986/185/1319 8044/185/1319 8062/185/1319
f 7377/185/1320 7947/185/1320 7975/185/1320 7378/185/1320
s 1
f 7119/304/337 7121/1557/1312 7120/1558/1312 7118/305/337
s 0
f 6961/185/1321 6960/185/1321 8071/185/1321 8081/185/1321
s 1
f 7213/1543/1287 7212/1544/1287 7210/1551/1290 7211/1550/1290
s 0
f 6966/185/1322 6965/185/1322 8031/185/1322 8045/185/1322
f 6991/185/1323 6990/185/1323 8080/185/1323 8079/185/1323
f 4240/185/1324 4239/185/1324 8678/185/1324 8632/185/1324
f 7012/185/1325 7011/185/1325 8091/185/1325 8004/185/1325
s 1
f 7247/1561/1326 7249/1562/1327 7248/1563/1327 7246/1564/1326
s 0
f 7010/185/1328 7009/185/1328 8011/185/1328 8084/185/1328
f 6955/185/1329 6954/185/1329 8089/185/1329 8094/185/1329
s 1
f 7201/1535/1275 7203/1565/1330 7202/1566/1330 7200/1536/1275
s 0
f 4115/185/1331 4114/185/1331 8756/185/1331 8778/185/1331
f 6986/185/1332 6985/185/1332 8027/185/1332 8044/185/1332
f 6997/185/1333 6996/185/1333 8041/185/1333 8040/185/1333
f 6994/185/1334 6993/185/1334 8024/185/1334 8043/185/1334
f 7003/185/1335 7002/185/1335 8018/185/1335 8087/185/1335
f 6958/185/1336 6957/185/1336 8022/185/1336 8042/185/1336
f 6947/185/1337 6946/185/1337 8088/185/1337 8093/185/1337
f 6995/185/1338 6994/185/1338 8043/185/1338 8056/185/1338
f 6959/185/1339 6958/185/1339 8042/185/1339 8058/185/1339
f 6939/185/1340 6938/185/1340 8086/185/1340 8092/185/1340
f 7001/185/1341 7000/185/1341 8053/185/1341 8038/185/1341
f 6945/185/1342 6944/185/1342 8069/185/1342 8077/185/1342
f 6977/185/6 6976/185/6 8029/185/6 8057/185/6
f 7360/185/1343 7359/185/1343 7951/185/1343 7962/185/1343
f 6937/185/1344 6936/185/1344 8068/185/1344 8076/185/1344
f 6965/185/1345 6964/185/1345 8028/185/1345 8031/185/1345
f 7009/185/1346 7008/185/1346 8010/185/1346 8011/185/1346
f 6942/185/1347 6941/185/1347 8015/185/1347 8037/185/1347
f 7006/185/1348 7005/185/1348 8014/185/1348 8013/185/1348
f 6943/185/1349 6942/185/1349 8037/185/1349 8052/185/1349
f 7011/185/1350 7010/185/1350 8084/185/1350 8091/185/1350
f 6985/185/1351 6984/185/1351 8026/185/1351 8027/185/1351
f 7016/185/1352 7015/185/1352 8047/185/1352 8048/185/1352
f 5441/189/139 5442/184/139 5439/185/139 5440/187/139
f 5542/195/139 5543/680/139 5544/197/139 5545/188/139 5546/199/139 5547/708/139 5548/201/139 5549/734/139 5550/203/139 5551/1282/139 5552/184/139 5538/185/139 5539/1283/139 5540/193/139 5541/654/139
f 5471/188/139 5472/221/139 5473/223/139 5474/225/139 5475/227/139 5476/184/139 5466/185/139 5467/212/139 5468/214/139 5469/216/139 5470/218/139
f 7296/185/139 7297/193/139 7298/195/139 7299/197/139
f 6970/965/5 6969/964/5 6971/966/5
f 7304/185/139 7305/193/139 7306/195/139 7307/197/139
f 7431/1567/139 7380/185/139 7381/1568/139 7382/1569/139 7383/1570/139 7384/1571/139 7385/1572/139 7386/1573/139 7387/229/139 7388/1574/139 7389/1575/139 7390/1576/139 7391/193/139 7392/1577/139 7393/1578/139 7394/230/139 7395/1579/139 7396/1580/139 7397/1581/139 7398/1582/139 7399/1583/139 7400/1584/139 7401/231/139 7402/195/139 7403/1585/139 7404/1586/139 7405/1587/139 7406/1588/139 7407/197/139 7408/1589/139 7409/233/139 7410/1590/139 7411/1591/139 7412/1592/139 7413/1593/139 7414/1594/139 7415/1595/139 7416/235/139 7417/1596/139 7418/1597/139 7419/201/139 7420/1598/139 7421/1599/139 7422/1600/139 7423/1601/139 7424/237/139 7425/1602/139 7426/1603/139 7427/1604/139 7428/1605/139 7429/1606/139 7430/1607/139
f 5445/189/139 5446/184/139 5443/185/139 5444/187/139
s 1
f 7503/1608/1353 7505/1609/164 7504/1610/164 7502/1611/1353
f 6466/1229/1030 6468/1311/1108 6467/1314/1108 6465/1230/1030
s 0
f 6931/185/1354 6930/185/1354 8035/185/1354 8067/185/1354
f 7375/185/1355 7969/185/1355 7968/185/1355 7376/185/1355
f 7368/185/1356 7367/185/1356 7952/185/1356 7963/185/1356
s 1
f 7205/1612/1357 7207/1613/1358 7206/1614/1358 7204/1615/1357
f 7125/1546/1289 7127/1616/1359 7126/1617/1359 7124/1547/1289
f 7127/1616/1359 7129/1618/1360 7128/1619/1360 7126/1617/1359
f 7129/1618/1360 7131/1620/1361 7130/1621/1361 7128/1619/1360
f 7131/1620/1361 7133/1622/1362 7132/1623/1362 7130/1621/1361
f 7133/1622/1362 7135/1624/1363 7134/1625/1363 7132/1623/1362
f 7135/1624/1363 7137/1626/1364 7136/1627/1364 7134/1625/1363
f 7137/1626/1364 7139/1628/1365 7138/1629/1365 7136/1627/1364
f 7139/1628/1365 7141/1630/1366 7140/1631/1366 7138/1629/1365
f 7141/1630/1366 7143/1632/1367 7142/1633/1367 7140/1631/1366
f 7143/1632/1367 7145/1634/1368 7144/1635/1368 7142/1633/1367
f 7145/1634/1368 7147/1636/1369 7146/1637/1369 7144/1635/1368
f 7147/1636/1369 7149/1638/1370 7148/1639/1370 7146/1637/1369
f 7149/1638/1370 7151/1640/1371 7150/1641/1371 7148/1639/1370
f 7151/1640/1371 7153/1642/1372 7152/1643/1372 7150/1641/1371
f 7153/1642/1372 7155/689/594 7154/692/594 7152/1643/1372
s 0
f 6951/185/438 6950/185/438 6949/185/438 8019/185/438 8039/185/438 8054/185/438 8070/185/438 8078/185/438 6953/185/438 6952/185/438
f 4325/185/1373 4349/185/1373 8527/185/1373 8611/185/1373
s 1
f 4994/687/593 4996/292/312 4995/295/312 4993/688/593
f 7157/690/595 7159/1644/1374 7158/1645/1374 7156/691/595
f 7159/1644/1374 7161/1646/1375 7160/1647/1375 7158/1645/1374
f 7161/1646/1375 7163/1648/1376 7162/1649/1376 7160/1647/1375
f 7163/1648/1376 7165/1650/1377 7164/1651/1377 7162/1649/1376
f 7165/1650/1377 7167/1652/1378 7166/1653/1378 7164/1651/1377
f 7167/1652/1378 7169/1654/1379 7168/1655/1379 7166/1653/1378
f 7169/1654/1379 7171/1656/1380 7170/1657/1380 7168/1655/1379
f 7171/1656/1380 7173/1658/1381 7172/1659/1381 7170/1657/1380
f 7173/1658/1381 7175/1660/1382 7174/1661/1382 7172/1659/1381
f 7175/1660/1382 7177/1662/1383 7176/1663/1383 7174/1661/1382
f 7177/1662/1383 7179/1664/1384 7178/1665/1384 7176/1663/1383
f 7179/1664/1384 7181/1666/1385 7180/1667/1385 7178/1665/1384
f 7181/1666/1385 7183/1668/1386 7182/1669/1386 7180/1667/1385
f 7183/1668/1386 7185/1670/1387 7184/1671/1387 7182/1669/1386
f 7185/1670/1387 7187/1672/1388 7186/1673/1388 7184/1671/1387
f 7187/1672/1388 7189/1674/1389 7188/1675/1389 7186/1673/1388
f 7189/1674/1389 7191/296/328 7190/299/328 7188/1675/1389
f 4820/584/502 4822/586/503 4821/589/503 4819/585/502
s 0
f 6971/185/1390 8032/185/1390 8046/185/1390 6972/185/1390
f 4081/185/1391 4080/185/1391 8792/185/1391 8812/185/1391
s 1
f 6462/1676/1392 6461/1677/1392 6459/753/654 6460/752/654
f 4984/272/276 4983/275/276 4981/680/586 4982/679/586
s 0
f 6007/185/1393 6033/185/1393 8318/185/1393 8305/185/1393
s 1
f 7203/1565/1330 7205/1612/1357 7204/1615/1357 7202/1566/1330
s 0
f 6978/185/1394 6977/185/1394 8057/185/1394 8059/185/1394
f 6979/185/1395 6978/185/1395 8059/185/1395 8060/185/1395
f 7370/185/1396 7369/185/1396 7979/185/1396 7987/185/1396
f 4108/185/1397 8754/185/1397 8755/185/1397 4109/185/1397
s 1
f 5000/198/336 5002/701/600 5001/704/600 4999/199/336
s 0
f 6983/185/1398 6982/185/1398 8063/185/1398 8064/185/1398
s 1
f 7217/318/416 7219/1678/1399 7218/1679/1399 7216/319/416
f 7219/1678/1399 7221/1680/1400 7220/1681/1400 7218/1679/1399
f 7221/1680/1400 7223/1682/1401 7222/1683/1401 7220/1681/1400
f 7223/1682/1401 7225/1684/1402 7224/1685/1402 7222/1683/1401
f 7225/1684/1402 7227/1686/783 7226/1687/783 7224/1685/1402
f 7227/1686/783 7229/1688/1403 7228/1689/1403 7226/1687/783
f 7229/1688/1403 7231/1690/1404 7230/1691/1404 7228/1689/1403
f 7231/1690/1404 7233/1692/1405 7232/1693/1405 7230/1691/1404
f 7233/1692/1405 7235/1694/1406 7234/1695/1406 7232/1693/1405
f 7235/1694/1406 7237/1696/1407 7236/1697/1407 7234/1695/1406
f 7237/1696/1407 7239/1698/1408 7238/1699/1408 7236/1697/1407
f 7239/1698/1408 7241/1700/1409 7240/1701/1409 7238/1699/1408
f 7241/1700/1409 7243/1702/1410 7242/1703/1410 7240/1701/1409
f 7243/1702/1410 7245/1704/1411 7244/1705/1411 7242/1703/1410
f 7245/1704/1411 7247/1561/1326 7246/1564/1326 7244/1705/1411
s 0
f 5361/185/1412 5360/185/1412 8459/185/1412 8438/185/1412
f 6689/276/1413 8159/276/1413 8119/1408/1413 6690/1408/1413
f 7361/185/1414 7980/185/1414 7982/185/1414 7362/185/1414
s 1
f 7249/1562/1327 7251/1706/1415 7250/1707/1415 7248/1563/1327
f 7251/1706/1415 7253/1708/1416 7252/1709/1416 7250/1707/1415
f 7253/1708/1416 7255/1710/1417 7254/1711/1417 7252/1709/1416
f 7255/1710/1417 7257/1712/1418 7256/1713/1418 7254/1711/1417
f 7257/1712/1418 7259/1714/1419 7258/1715/1419 7256/1713/1418
f 7259/1714/1419 7261/1716/1420 7260/1717/1420 7258/1715/1419
f 7261/1716/1420 7263/1718/1421 7262/1719/1421 7260/1717/1420
f 7263/1718/1421 7265/1720/1422 7264/1721/1422 7262/1719/1421
f 7265/1720/1422 7267/1722/1423 7266/1723/1423 7264/1721/1422
f 7267/1722/1423 7269/1724/1424 7268/1725/1424 7266/1723/1423
f 7269/1724/1424 7271/1726/1425 7270/1727/1425 7268/1725/1424
f 7271/1726/1425 7273/1728/1426 7272/1729/1426 7270/1727/1425
f 7273/1728/1426 7275/1730/1427 7274/1731/1427 7272/1729/1426
f 7275/1730/1427 7277/1732/1428 7276/1733/1428 7274/1731/1427
f 7277/1732/1428 7279/1734/1429 7278/1735/1429 7276/1733/1428
f 7279/1734/1429 7281/306/348 7280/309/348 7278/1735/1429
f 7535/1736/1430 7433/204/1431 7432/184/1431 7534/1737/1430
f 4824/587/504 4728/500/455 4727/503/455 4823/588/504
f 4932/681/589 4931/682/589 4929/1283/1432 4930/1738/1432
s 0
f 7376/185/1433 7968/185/1433 7947/185/1433 7377/185/1433
f 7020/185/1434 7019/185/1434 8049/185/1434 8075/185/1434
f 7021/185/1435 7020/185/1435 8075/185/1435 8008/185/1435
s 1
f 7293/683/590 7295/1559/1315 7294/1560/1315 7292/684/590
s 0
f 7299/197/139 7300/199/139 7303/184/139
f 8806/379/5 8799/378/5 8755/377/5 8754/376/5 8753/258/5 8752/259/5 8813/374/5 8804/373/5 8798/372/5 8794/371/5 8787/370/5 8779/369/5 8760/368/5 8759/367/5 8814/366/5 8807/365/5 8801/364/5 8797/363/5 8791/362/5 8782/361/5 8768/360/5 8767/359/5 8817/358/5 8811/357/5 8803/356/5 8775/355/5 8785/354/5 8793/256/5 8812/257/5 8792/1739/5 8776/351/5 8772/184/5 8764/350/5 8763/349/5 8762/348/5 8815/347/5 8809/346/5 8810/345/5 8784/344/5 8774/343/5 8773/342/5 8816/341/5 8771/340/5 8770/339/5 8769/338/5 8783/337/5 8781/336/5 8766/335/5 8765/334/5 8802/333/5 8808/332/5 8800/331/5 8796/330/5 8790/329/5 8761/328/5 8758/327/5 8757/326/5 8780/325/5 8789/324/5 8788/323/5 8795/322/5 8786/384/5 8778/383/5 8756/382/5 8805/381/5 8777/380/5
f 7296/185/139 7299/197/139 7303/184/139
f 7302/203/139 7303/184/139 7300/199/139 7301/201/139
f 7307/197/139 7308/199/139 7311/184/139
f 7304/185/139 7307/197/139 7311/184/139
s 1
f 7313/191/158 7315/494/158 7314/491/158 7312/185/158
f 7315/494/158 7317/495/160 7316/487/160 7314/491/158
f 7317/495/160 7319/29/160 7318/22/160 7316/487/160
f 7319/29/160 7321/219/160 7320/188/160 7318/22/160
f 7321/219/160 7323/9/161 7322/2/161 7320/188/160
f 7323/9/161 7325/496/159 7324/482/159 7322/2/161
f 7325/496/159 7327/497/158 7326/479/158 7324/482/159
f 7327/497/158 7313/204/158 7312/184/158 7326/479/158
s 0
f 7342/185/1436 7341/185/1436 7973/185/1436 7966/185/1436
f 7349/185/1437 7348/185/1437 7986/185/1437 7990/185/1437
f 4112/185/1438 8777/185/1438 8805/185/1438 4113/185/1438
f 7344/185/1439 7343/185/1439 7956/185/1439 7955/185/1439
f 7334/185/1440 7333/185/1440 7992/185/1440 7995/185/1440
s 1
f 7527/248/188 7529/580/1441 7528/581/1441 7526/249/188
s 0
f 7347/185/1442 7346/185/1442 7972/185/1442 7981/185/1442
s 1
f 5108/266/656 5060/267/630 5059/268/630 5107/269/656
s 0
f 4209/185/1443 4275/185/1443 8619/185/1443 8649/185/1443
s 1
f 6462/1676/1392 6464/1232/1031 6463/1231/1031 6461/1677/1392
s 0
f 7379/185/142 7378/185/142 7975/185/142 7976/185/142
f 7338/185/1444 7337/185/1444 7967/185/1444 7974/185/1444
s 1
f 7511/1554/1298 7513/566/1445 7512/567/1445 7510/1555/1298
f 7513/566/1445 7515/1740/1446 7514/1741/1446 7512/567/1445
s 0
f 7337/185/1447 7336/185/1447 7957/185/1447 7967/185/1447
s 1
f 7495/219/197 7497/250/193 7496/253/193 7494/188/197
s 0
f 7331/185/1448 7330/185/1448 7970/185/1448 7978/185/1448
f 7373/185/1449 7372/185/1449 7949/185/1449 7950/185/1449
f 7346/185/1450 7345/185/1450 7965/185/1450 7972/185/1450
f 6980/185/1451 8025/185/1451 8061/185/1451 6981/185/1451
f 7345/185/1452 7344/185/1452 7955/185/1452 7965/185/1452
f 7343/185/1453 7342/185/1453 7966/185/1453 7956/185/1453
s 1
f 7505/1609/164 7507/558/1454 7506/559/1454 7504/1610/164
f 5104/623/652 5106/625/655 5105/626/655 5103/624/652
s 0
f 7357/185/1455 7356/185/1455 7971/185/1455 7977/185/1455
f 7341/185/1456 7340/185/1456 7984/185/1456 7973/185/1456
f 7335/185/1457 7334/185/1457 7995/185/1457 7954/185/1457
s 1
f 7501/550/1458 7503/1608/1353 7502/1611/1353 7500/551/1458
f 7507/558/1454 7509/1553/1297 7508/1556/1297 7506/559/1454
s 0
f 7333/185/1459 7332/185/1459 7988/185/1459 7992/185/1459
f 4273/185/1460 8638/185/1460 8617/185/1460 4274/185/1460
f 7374/185/1461 7373/185/1461 7950/185/1461 7961/185/1461
s 1
f 7499/251/194 7501/550/1458 7500/551/1458 7498/252/194
s 0
f 7356/185/1462 7355/185/1462 7960/185/1462 7971/185/1462
f 7371/185/1463 7370/185/1463 7987/185/1463 7985/185/1463
f 7330/185/1464 7329/185/1464 7959/185/1464 7970/185/1464
s 1
f 7477/1742/1465 7479/528/1466 7478/529/1466 7476/1743/1465
s 0
f 7351/185/1467 7350/185/1467 7994/185/1467 7945/185/1467
s 1
f 7483/912/778 7485/239/171 7484/242/171 7482/913/778
s 0
f 7329/185/1468 7328/185/1468 7958/185/1468 7959/185/1468
f 7372/185/1469 7371/185/1469 7985/185/1469 7949/185/1469
f 6972/185/1470 8046/185/1470 8073/185/1470 6973/185/1470
f 7340/1577/1471 7338/1576/1471 7974/1576/1471 7984/1577/1471
s 1
f 7515/1740/1446 7517/1744/1472 7516/1745/1472 7514/1741/1446
s 0
f 7350/185/1473 7349/185/1473 7990/185/1473 7994/185/1473
s 1
f 7529/580/1441 7531/1746/1474 7530/1747/1474 7528/581/1441
s 0
f 7332/185/1475 7331/185/1475 7978/185/1475 7988/185/1475
f 7352/185/142 7351/185/142 7945/185/142 7946/185/142
f 7340/1577/5 7339/193/5 7338/1576/5
f 5528/680/139 5529/197/139 5530/188/139 5531/199/139 5532/708/139 5533/201/139 5534/734/139 5535/203/139 5536/1282/139 5537/184/139 5523/185/139 5524/1283/139 5525/193/139 5526/654/139 5527/195/139
s 1
f 7433/191/1431 7435/1748/1476 7434/1749/1476 7432/185/1431
f 7435/1748/1476 7437/1750/1477 7436/1751/1477 7434/1749/1476
f 7437/1750/1477 7439/501/1478 7438/502/1478 7436/1751/1477
f 7439/501/1478 7441/1752/1479 7440/1753/1479 7438/502/1478
f 7441/1752/1479 7443/1754/1480 7442/1755/1480 7440/1753/1479
f 7443/1754/1480 7445/506/1481 7444/507/1481 7442/1755/1480
f 7445/506/1481 7447/1756/1482 7446/1757/1482 7444/507/1481
f 7447/1756/1482 7449/1758/1483 7448/1759/1483 7446/1757/1482
f 7449/1758/1483 7451/510/1484 7450/511/1484 7448/1759/1483
f 7451/510/1484 7453/1760/1485 7452/1761/1485 7450/511/1484
f 7453/1760/1485 7455/1762/1486 7454/1763/1486 7452/1761/1485
f 7455/1762/1486 7457/514/1487 7456/515/1487 7454/1763/1486
f 7457/514/1487 7459/757/1488 7458/186/1488 7456/515/1487
f 7459/757/1488 7461/1764/1489 7460/1765/1489 7458/186/1488
f 7461/1764/1489 7463/518/1490 7462/519/1490 7460/1765/1489
f 7463/518/1490 7465/1766/1491 7464/1767/1491 7462/519/1490
f 7465/1766/1491 7467/1768/1492 7466/1769/1492 7464/1767/1491
f 7467/1768/1492 7469/522/1493 7468/523/1493 7466/1769/1492
f 7469/522/1493 7471/1770/1494 7470/1771/1494 7468/523/1493
f 7471/1770/1494 7473/1772/1495 7472/1773/1495 7470/1771/1494
f 7473/1772/1495 7475/524/1496 7474/525/1496 7472/1773/1495
f 7475/524/1496 7477/1742/1465 7476/1743/1465 7474/525/1496
s 0
f 6932/185/1497 8085/185/1497 8009/185/1497 6933/185/1497
s 1
f 7479/528/1466 7481/911/777 7480/914/777 7478/529/1466
s 0
f 7365/185/1399 7983/185/1399 7993/185/1399 7366/185/1399
f 6226/185/1498 6225/185/1498 8200/185/1498 8231/185/1498
f 7353/185/1499 7989/185/1499 7948/185/1499 7354/185/1499
f 7355/185/1500 7354/185/1500 7948/185/1500 7960/185/1500
s 1
f 7487/240/172 7489/1774/1501 7488/1775/1501 7486/241/172
f 7489/1774/1501 7491/1233/1038 7490/1234/1038 7488/1775/1501
s 0
f 7358/185/1502 7357/185/1502 7977/185/1502 7991/185/1502
f 7359/185/413 7358/185/413 7991/185/413 7951/185/413
s 1
f 6844/1507/1225 6846/1307/1106 6845/1310/1106 6843/1508/1225
s 0
f 7360/185/1503 7962/185/1503 7980/185/1503 7361/185/1503
s 1
f 5052/1238/1090 5054/1223/995 5053/1224/995 5051/1239/1090
s 0
f 4244/185/1504 8663/185/1504 8679/185/1504 4245/185/1504
f 7364/185/1505 7363/185/1505 7953/185/1505 7964/185/1505
s 1
f 7193/297/329 7195/1539/1282 7194/1542/1282 7192/298/329
s 0
f 4272/185/1506 8648/185/1506 8638/185/1506 4273/185/1506
f 7367/185/1507 7366/185/1507 7993/185/1507 7952/185/1507
f 4184/185/1508 4208/185/1508 8714/185/1508 8725/185/1508
f 4139/185/1509 8784/185/1509 8810/185/1509 4140/185/1509
s 1
f 4770/240/476 4772/540/478 4771/543/478 4769/241/476
f 7517/1744/1472 7519/1776/1510 7518/1777/1510 7516/1745/1472
f 7519/1776/1510 7521/572/1511 7520/573/1511 7518/1777/1510
f 7521/572/1511 7523/1778/1512 7522/1779/1512 7520/573/1511
f 7523/1778/1512 7525/247/187 7524/190/187 7522/1779/1512
s 0
f 7375/185/1513 7374/185/1513 7961/185/1513 7969/185/1513
s 1
f 6858/1511/1231 6857/1514/1231 6855/1305/1105 6856/1304/1105
f 4928/693/596 4930/1738/1432 4929/1283/1432 4927/694/596
f 7531/1746/1474 7533/586/1514 7532/589/1514 7530/1747/1474
f 7533/586/1514 7535/1736/1430 7534/1737/1430 7532/589/1514
s 0
f 7328/185/1515 7379/185/1515 7976/185/1515 7958/185/1515
f 7537/193/139 7538/195/139 7539/197/139 7540/199/139 7541/201/139 7542/203/139 7543/184/139 7536/185/139
s 1
f 7553/191/161 7555/494/1516 7554/491/1516 7552/185/161
f 7555/494/1516 7557/495/1516 7556/487/1516 7554/491/1516
f 7557/495/1516 7559/29/159 7558/22/159 7556/487/1516
f 7559/29/159 7561/219/158 7560/188/158 7558/22/159
f 7561/219/158 7563/9/1517 7562/2/1517 7560/188/158
f 7563/9/1517 7565/496/1517 7564/482/1517 7562/2/1517
f 7565/496/1517 7567/497/160 7566/479/160 7564/482/1517
f 7567/497/160 7553/204/161 7552/184/161 7566/479/160
s 0
f 5810/1780/139 5811/1781/139 5812/1782/139 5813/1783/139 5747/1784/139 5748/1785/139 5749/1786/139 5750/1787/139 5751/1788/139 5752/1789/139 5753/1790/139 5754/1316/139 5755/1791/139 5756/1792/139 5757/218/139 5758/1793/139 5759/1324/139 5760/1046/139 5761/1047/139 5762/1048/139 5763/1049/139 5764/1050/139 5765/1051/139 5766/1052/139 5719/185/139 5720/1053/139 5721/1054/139 5722/1055/139 5723/1056/139 5724/280/139 5725/1057/139 5726/1058/139 5727/1059/139 5728/1034/139 5729/633/139 5730/1794/139 5731/1795/139 5732/1796/139 5733/1797/139 5734/748/139 5735/1798/139 5736/1799/139 5737/1800/139 5814/184/139 5767/1801/139 5768/1802/139 5769/1337/139 5770/1803/139 5771/1804/139 5772/1805/139 5773/1806/139 5774/1345/139 5775/1807/139 5776/221/139 5777/1808/139 5778/1809/139 5779/1353/139 5780/1035/139 5781/1036/139 5782/1037/139 5783/1038/139 5784/1039/139 5785/1040/139 5786/1041/139 5787/1042/139 5788/1043/139 5789/1044/139 5790/1045/139 5791/1810/139 5792/1811/139 5793/1812/139 5794/1373/139 5795/225/139 5796/1813/139 5797/1814/139 5798/1815/139 5799/1381/139 5800/1816/139 5801/1817/139 5802/1818/139 5803/1819/139 5804/1389/139 5805/1820/139 5806/1821/139 5807/1822/139 5808/1823/139 5809/1397/139
f 7579/1824/5 7578/1825/5 7577/1826/5 7576/1827/5 7575/1828/5 7574/1829/5 7573/1830/5 7572/1831/5 7571/1832/5 7570/1833/5 7569/1834/5 7568/185/5 7615/184/5 7614/1835/5 7613/1836/5 7612/1837/5 7611/1838/5 7610/1839/5 7609/1840/5 7608/1841/5 7607/1842/5 7606/1843/5 7605/1844/5 7604/1845/5 7603/1846/5 7602/1847/5 7601/1848/5 7600/1849/5 7599/1850/5 7598/1851/5 7597/1852/5 7596/1853/5 7595/1854/5 7594/1855/5 7593/1856/5 7592/1857/5 7591/1858/5 7590/1859/5 7589/1860/5 7588/1861/5 7587/1862/5 7586/1863/5 7585/1864/5 7584/1865/5 7583/1866/5 7582/1867/5 7581/1868/5 7580/1869/5
f 7938/184/5 7940/203/5 7942/201/5 7944/199/5 7943/197/5 7941/195/5 7939/193/5 7937/185/5
f 7620/1831/139 7621/1830/139 7622/1829/139 7623/1828/139 7624/1827/139 7625/1826/139 7626/1825/139 7627/1824/139 7628/1869/139 7629/1868/139 7630/1867/139 7631/1866/139 7632/1865/139 7633/1864/139 7634/1863/139 7635/1862/139 7636/1861/139 7637/1860/139 7638/1859/139 7639/1858/139 7640/1857/139 7641/1856/139 7642/1855/139 7643/1854/139 7644/1853/139 7645/1852/139 7646/1851/139 7647/1850/139 7648/1849/139 7649/1848/139 7650/1847/139 7651/1846/139 7652/1845/139 7653/1844/139 7654/1843/139 7655/1842/139 7656/1841/139 7657/1840/139 7658/1839/139 7659/1838/139 7660/1837/139 7661/1836/139 7662/1835/139 7663/184/139 7616/185/139 7617/1834/139 7618/1833/139 7619/1832/139
f 8007/1012/5 8096/184/5 8008/1011/5 8075/1010/5 8049/1009/5 8006/1008/5 8034/1531/5 8033/1005/5 8005/1004/5 8004/1003/5 8091/1002/5 8084/1001/5 8011/1000/5 8010/999/5 8050/998/5 8013/237/5 8014/997/5 8016/996/5 8087/995/5 8018/994/5 8038/993/5 8053/992/5 8055/991/5 8021/990/5 8040/989/5 8041/988/5 8056/987/5 8043/986/5 8024/985/5 8023/984/5 8079/983/5 8080/982/5 8082/981/5 8072/235/5 8062/980/5 8044/979/5 8027/978/5 8026/977/5 8064/976/5 8063/975/5 8061/974/5 8025/234/5 8060/973/5 8059/972/5 8057/971/5 8029/970/5 8030/969/5 8065/233/5 8073/968/5 8046/967/5 8032/966/5 8083/964/5 8074/963/5 8066/232/5 8045/962/5 8031/961/5 8028/960/5 8095/959/5 8090/958/5 8081/957/5 8071/956/5 8058/955/5 8042/954/5 8022/953/5 8020/231/5 8094/952/5 8089/951/5 8078/950/5 8070/1870/5 8054/1871/5 8039/1872/5 8019/949/5 8017/948/5 8093/947/5 8088/946/5 8077/230/5 8069/945/5 8052/944/5 8037/943/5 8015/942/5 8012/941/5 8092/940/5 8086/939/5 8076/938/5 8068/937/5 8051/936/5 8036/229/5 8009/935/5 8085/934/5 8067/933/5 8035/932/5
s 1
f 7665/191/1518 7667/1089/1519 7666/1090/1519 7664/185/1518
f 7667/1089/1519 7669/1091/1520 7668/1092/1520 7666/1090/1519
f 7669/1091/1520 7671/1093/1521 7670/1094/1521 7668/1092/1520
f 7671/1093/1521 7673/755/1522 7672/756/1522 7670/1094/1521
f 7673/755/1522 7675/1095/158 7674/1096/158 7672/756/1522
f 7675/1095/158 7677/494/1523 7676/491/1523 7674/1096/158
f 7677/494/1523 7679/1097/1524 7678/1098/1524 7676/491/1523
f 7679/1097/1524 7681/757/1525 7680/186/1525 7678/1098/1524
f 7681/757/1525 7683/1099/1526 7682/1100/1526 7680/186/1525
f 7683/1099/1526 7685/1101/1527 7684/1102/1527 7682/1100/1526
f 7685/1101/1527 7687/1103/141 7686/1104/141 7684/1102/1527
f 7687/1103/141 7689/495/1528 7688/487/1528 7686/1104/141
f 7689/495/1528 7691/1105/1529 7690/1106/1529 7688/487/1528
f 7691/1105/1529 7693/1107/1530 7692/1108/1530 7690/1106/1529
f 7693/1107/1530 7695/1109/1531 7694/1110/1531 7692/1108/1530
f 7695/1109/1531 7697/498/1532 7696/187/1532 7694/1110/1531
f 7697/498/1532 7699/1111/160 7698/1112/160 7696/187/1532
f 7699/1111/160 7701/29/1533 7700/22/1533 7698/1112/160
f 7701/29/1533 7703/1113/1534 7702/1114/1534 7700/22/1533
f 7703/1113/1534 7705/758/1535 7704/759/1535 7702/1114/1534
f 7705/758/1535 7707/1115/1536 7706/1116/1536 7704/759/1535
f 7707/1115/1536 7709/1117/1537 7708/1118/1537 7706/1116/1536
f 7709/1117/1537 7711/1119/1538 7710/1120/1538 7708/1118/1537
f 7711/1119/1538 7713/219/1539 7712/188/1539 7710/1120/1538
f 7713/219/1539 7715/1121/1540 7714/1122/1540 7712/188/1539
f 7715/1121/1540 7717/1123/1541 7716/1124/1541 7714/1122/1540
f 7717/1123/1541 7719/1125/1542 7718/1126/1542 7716/1124/1541
f 7719/1125/1542 7721/760/1543 7720/761/1543 7718/1126/1542
f 7721/760/1543 7723/1127/161 7722/1128/161 7720/761/1543
f 7723/1127/161 7725/9/1544 7724/2/1544 7722/1128/161
f 7725/9/1544 7727/1129/1171 7726/1130/1171 7724/2/1544
f 7727/1129/1171 7729/499/1545 7728/189/1545 7726/1130/1171
f 7729/499/1545 7731/1131/1546 7730/1132/1546 7728/189/1545
f 7731/1131/1546 7733/1133/1547 7732/1134/1547 7730/1132/1546
f 7733/1133/1547 7735/1135/142 7734/1136/142 7732/1134/1547
f 7735/1135/142 7737/496/1548 7736/482/1548 7734/1136/142
f 7737/496/1548 7739/1137/1549 7738/1138/1549 7736/482/1548
f 7739/1137/1549 7741/1139/1550 7740/1140/1550 7738/1138/1549
f 7741/1139/1550 7743/1141/1551 7742/1142/1551 7740/1140/1550
f 7743/1141/1551 7745/247/1552 7744/190/1552 7742/1142/1551
f 7745/247/1552 7747/1143/159 7746/1144/159 7744/190/1552
f 7747/1143/159 7749/497/1553 7748/479/1553 7746/1144/159
f 7749/497/1553 7751/1145/1554 7750/1146/1554 7748/479/1553
f 7751/1145/1554 7753/762/1555 7752/763/1555 7750/1146/1554
f 7753/762/1555 7755/1147/1556 7754/1148/1556 7752/763/1555
f 7755/1147/1556 7757/1149/1557 7756/1150/1557 7754/1148/1556
f 7757/1149/1557 7759/1151/1558 7758/1152/1558 7756/1150/1557
f 7759/1151/1558 7665/204/1518 7664/184/1518 7758/1152/1558
s 0
f 7771/184/139 7760/185/139 7761/229/139 7762/230/139 7763/231/139 7764/232/139 7765/233/139 7766/234/139 7767/235/139 7768/236/139 7769/237/139 7770/228/139
f 6059/185/139 6060/1873/139 6061/1874/139 6062/1875/139 6063/1168/139 6109/1167/139 6110/184/139 6086/234/139 6087/1876/139 6088/1877/139 6089/221/139 6090/1878/139 6091/235/139 6092/1879/139 6093/1880/139 6094/1156/139 6072/1174/139 6073/1881/139 6074/231/139 6075/1882/139 6076/1883/139 6077/1884/139 6078/1885/139 6079/232/139 6080/1886/139 6081/218/139 6082/1155/139 6083/233/139 6084/1887/139 6085/1888/139
f 5740/1889/139 5741/1890/139 5742/1891/139 5743/1892/139 5744/1231/139 5745/1893/139 5746/1894/139 5747/1784/139 5813/1783/139 5814/184/139 5737/1800/139 5738/214/139 5739/753/139
f 7783/763/139 7784/184/139 7772/185/139 7773/756/139 7774/186/139 7775/487/139 7776/187/139 7777/759/139 7778/188/139 7779/761/139 7780/189/139 7781/482/139 7782/190/139
f 7786/229/139 7787/230/139 7788/231/139 7789/232/139 7790/233/139 7791/234/139 7792/235/139 7793/236/139 7794/237/139 7795/228/139 7796/184/139 7785/185/139
f 7802/759/139 7803/188/139 7804/761/139 7805/189/139 7806/482/139 7807/190/139 7808/763/139 7809/184/139 7797/185/139 7798/756/139 7799/186/139 7800/487/139 7801/187/139
s 1
f 7811/191/1559 7813/506/1560 7812/507/1560 7810/185/1559
f 7813/506/1560 7815/514/772 7814/515/772 7812/507/1560
f 7815/514/772 7817/522/1561 7816/523/1561 7814/515/772
f 7817/522/1561 7819/528/1562 7818/529/1562 7816/523/1561
f 7819/528/1562 7821/536/1563 7820/537/1563 7818/529/1562
f 7821/536/1563 7823/540/1564 7822/543/1564 7820/537/1563
f 7823/540/1564 7825/546/1565 7824/547/1565 7822/543/1564
f 7825/546/1565 7827/554/1566 7826/555/1566 7824/547/1565
f 7827/554/1566 7829/562/1567 7828/563/1567 7826/555/1566
f 7829/562/1567 7831/568/1568 7830/569/1568 7828/563/1567
f 7831/568/1568 7833/576/1569 7832/577/1569 7830/569/1568
f 7833/576/1569 7835/584/1570 7834/585/1570 7832/577/1569
f 7835/584/1570 7811/204/1559 7810/184/1559 7834/585/1570
f 7837/191/1571 7839/755/1572 7838/756/1572 7836/185/1571
f 7839/755/1572 7841/757/1573 7840/186/1573 7838/756/1572
f 7841/757/1573 7843/495/1574 7842/487/1574 7840/186/1573
f 7843/495/1574 7845/498/1575 7844/187/1575 7842/487/1574
f 7845/498/1575 7847/758/1576 7846/759/1576 7844/187/1575
f 7847/758/1576 7849/219/1577 7848/188/1577 7846/759/1576
f 7849/219/1577 7851/760/1578 7850/761/1578 7848/188/1577
f 7851/760/1578 7853/499/1579 7852/189/1579 7850/761/1578
f 7853/499/1579 7855/496/1580 7854/482/1580 7852/189/1579
f 7855/496/1580 7857/247/1581 7856/190/1581 7854/482/1580
f 7857/247/1581 7859/762/1582 7858/763/1582 7856/190/1581
f 7859/762/1582 7837/204/1571 7836/184/1571 7858/763/1582
s 0
f 5642/214/139 5643/753/139 5644/1889/139 5645/1890/139 5646/1891/139 5647/1892/139 5648/1231/139 5649/1893/139 5650/1894/139 5651/1784/139 5652/1785/139 5653/1786/139 5654/1787/139 5655/1788/139 5656/1789/139 5657/1790/139 5658/1316/139 5659/1791/139 5660/1792/139 5661/218/139 5662/1793/139 5663/1324/139 5664/1046/139 5694/1045/139 5695/1810/139 5696/1811/139 5697/1812/139 5698/1373/139 5699/225/139 5700/1813/139 5701/1814/139 5702/1815/139 5703/1381/139 5704/1816/139 5705/1817/139 5706/1818/139 5707/1819/139 5708/1389/139 5709/1820/139 5710/1821/139 5711/1822/139 5712/1823/139 5713/1397/139 5714/1780/139 5715/1781/139 5716/1782/139 5717/1783/139 5718/184/139 5671/1801/139 5672/1802/139 5673/1337/139 5674/1803/139 5675/1804/139 5676/1805/139 5677/1806/139 5678/1345/139 5679/1807/139 5680/221/139 5681/1808/139 5682/1809/139 5683/1353/139 5684/1035/139 5633/633/139 5634/1794/139 5635/1795/139 5636/1796/139 5637/1797/139 5638/748/139 5639/1798/139 5640/1799/139 5641/1800/139
s 1
f 7879/191/1583 7881/592/1584 7880/205/1584 7878/185/1583
f 7881/592/1584 7883/597/158 7882/206/158 7880/205/1584
f 7883/597/158 7885/498/160 7884/187/160 7882/206/158
f 7885/498/160 7887/606/1585 7886/207/1585 7884/187/160
f 7887/606/1585 7889/611/1586 7888/208/1586 7886/207/1585
f 7889/611/1586 7891/499/1587 7890/189/1587 7888/208/1586
f 7891/499/1587 7893/620/1588 7892/209/1588 7890/189/1587
f 7893/620/1588 7895/1895/1589 7894/210/1589 7892/209/1588
f 7895/1895/1589 7879/204/1583 7878/184/1583 7894/210/1589
s 0
f 7896/185/5 7900/184/5 7902/190/5 7901/189/5 7899/188/5 7898/187/5 7897/186/5
f 151/186/1590 150/185/1590 7896/185/1590 7897/186/1590
f 155/190/142 154/189/142 7901/189/142 7902/190/142
f 150/185/141 156/184/141 7900/184/141 7896/185/141
f 156/184/1591 155/190/1591 7902/190/1591 7900/184/1591
f 154/189/1592 153/188/1592 7899/188/1592 7901/189/1592
f 152/187/142 151/186/142 7897/186/142 7898/187/142
f 153/188/1593 152/187/1593 7898/187/1593 7899/188/1593
f 7913/184/5 7912/763/5 7911/190/5 7910/482/5 7908/189/5 7907/761/5 7906/188/5 7905/759/5 7904/187/5 7903/487/5 7914/186/5 7909/756/5 7915/185/5
f 7774/186/1594 7773/756/1594 7909/756/1594 7914/186/1594
f 7781/482/1595 7780/189/1595 7908/189/1595 7910/482/1595
f 7778/188/1596 7777/759/1596 7905/759/1596 7906/188/1596
f 7773/756/1597 7772/185/1597 7915/185/1597 7909/756/1597
f 7782/190/1598 7781/482/1598 7910/482/1598 7911/190/1598
f 7779/761/1599 7778/188/1599 7906/188/1599 7907/761/1599
f 7775/487/141 7774/186/141 7914/186/141 7903/487/141
f 7783/763/142 7782/190/142 7911/190/142 7912/763/142
f 7780/189/142 7779/761/142 7907/761/142 7908/189/142
f 7772/185/141 7784/184/141 7913/184/141 7915/185/141
f 7776/187/1600 7775/487/1600 7903/487/1600 7904/187/1600
f 7784/184/1601 7783/763/1601 7912/763/1601 7913/184/1601
f 7777/759/142 7776/187/142 7904/187/142 7905/759/142
f 7922/184/5 7921/228/5 7920/237/5 7919/236/5 7918/235/5 7917/234/5 7916/233/5 7923/232/5 7926/231/5 7924/230/5 7927/229/5 7925/185/5
f 7769/237/1602 7768/236/1602 7919/236/1602 7920/237/1602
f 7762/230/1603 7761/229/1603 7927/229/1603 7924/230/1603
f 7767/235/142 7766/234/142 7917/234/142 7918/235/142
f 7771/184/1604 7770/228/1604 7921/228/1604 7922/184/1604
f 7760/185/1605 7771/184/1605 7922/184/1605 7925/185/1605
f 7761/229/141 7760/185/141 7925/185/141 7927/229/141
f 7766/234/1606 7765/233/1606 7916/233/1606 7917/234/1606
f 7764/232/141 7763/231/141 7926/231/141 7923/232/141
f 7770/228/142 7769/237/142 7920/237/142 7921/228/142
f 7768/236/1607 7767/235/1607 7918/235/1607 7919/236/1607
f 7765/233/1608 7764/232/1608 7923/232/1608 7916/233/1608
f 7763/231/1609 7762/230/1609 7924/230/1609 7926/231/1609
f 7866/482/142 7865/2/142 7929/2/142 7930/482/142
f 7861/491/1610 7860/185/1610 7933/185/1610 7934/491/1610
f 7863/22/141 7862/487/141 7936/487/141 7935/22/141
f 7865/2/1611 7864/188/1611 7928/188/1611 7929/2/1611
f 7860/185/142 7868/184/142 7932/184/142 7933/185/142
f 7862/487/140 7861/491/140 7934/491/140 7936/487/140
f 7867/479/1612 7866/482/1612 7930/482/1612 7931/479/1612
f 7864/188/6 7863/22/6 7935/22/6 7928/188/6
f 7868/184/1613 7867/479/1613 7931/479/1613 7932/184/1613
f 7540/199/140 7539/197/140 7943/197/140 7944/199/140
f 7536/185/6 7543/184/6 7938/184/6 7937/185/6
f 7538/195/1614 7537/193/1614 7939/193/1614 7941/195/1614
f 7541/201/141 7540/199/141 7944/199/141 7942/201/141
f 7542/203/1317 7541/201/1317 7942/201/1317 7940/203/1317
f 7537/193/142 7536/185/142 7937/185/142 7939/193/142
f 7543/184/141 7542/203/141 7940/203/141 7938/184/141
f 7539/197/142 7538/195/142 7941/195/142 7943/197/142
f 7992/1572/5 7988/1571/5 7978/1570/5 7970/1569/5 7959/1568/5 7958/185/5 7976/1567/5 7975/1607/5 7947/1606/5 7968/1605/5 7969/1604/5 7961/1603/5 7950/1602/5 7949/237/5 7985/1601/5 7987/1600/5 7979/1599/5 7963/1598/5 7952/201/5 7993/1597/5 7983/1596/5 7964/235/5 7953/1595/5 7982/1594/5 7980/1593/5 7962/1592/5 7951/1591/5 7991/1590/5 7977/233/5 7971/1589/5 7960/197/5 7948/1588/5 7989/1587/5 7946/1586/5 7945/1585/5 7994/195/5 7990/231/5 7986/1584/5 7981/1583/5 7972/1582/5 7965/1581/5 7955/1580/5 7956/1579/5 7966/230/5 7973/1578/5 7984/1577/5 7974/1576/5 7967/1575/5 7957/1574/5 7954/229/5 7995/1573/5
f 7336/185/1615 7335/185/1615 7954/185/1615 7957/185/1615
f 7348/185/1616 7347/185/1616 7981/185/1616 7986/185/1616
f 7998/197/139 8000/184/139 7999/199/139
f 8003/185/139 8000/184/139 7998/197/139
f 7296/185/141 7303/184/141 8000/184/141 8003/185/141
f 7298/195/141 7297/193/141 7996/193/141 7997/195/141
f 7300/199/141 7299/197/141 7998/197/141 7999/199/141
f 7303/184/140 7302/203/140 8002/203/140 8000/184/140
f 7301/201/6 7300/199/6 7999/199/6 8001/201/6
f 7297/193/140 7296/185/140 8003/185/140 7996/193/140
f 7299/197/6 7298/195/6 7997/195/6 7998/197/6
f 7302/203/142 7301/201/142 8001/201/142 8002/203/142
f 8033/1005/5 8048/228/5 8047/1538/5
f 6935/185/1617 6934/185/1617 8036/185/1617 8051/185/1617
f 4112/185/1618 4111/185/1618 8806/185/1618 8777/185/1618
f 8144/1423/5 8156/1450/5 8151/1449/5 8150/1426/5 8155/1425/5 8152/1424/5
f 8135/1430/5 8128/1429/5 8104/1428/5 8103/1427/5 8150/1426/5 8151/1449/5 8143/1448/5 8136/1447/5 8127/1446/5 8101/1445/5 8097/1444/5 8160/1443/5 8154/1442/5 8149/1441/5 8142/1440/5 8132/1439/5 8123/1438/5 8122/185/5 8120/1406/5 8114/1405/5 8113/1404/5 8112/189/5 8140/768/5 8147/1416/5 8141/1415/5 8131/1414/5 8116/1413/5 8115/1412/5 8158/1411/5 8117/1410/5 8118/1409/5 8119/1408/5 8159/276/5 8148/277/5 8130/1461/5 8111/1460/5 8162/1459/5 8157/1458/5 8153/1457/5 8146/1456/5 8139/1455/5 8129/1454/5 8108/1453/5 8105/1452/5 8161/1451/5 8156/1450/5 8144/1423/5 8106/1422/5 8107/1421/5 8110/1420/5 8109/1419/5 8137/1418/5 8138/1417/5 8145/696/5 8124/184/5 8121/888/5 8098/887/5 8099/1437/5 8100/1436/5 8102/1435/5 8125/1434/5 8126/1433/5 8133/1432/5 8134/1431/5
s 1
f 6924/623/1263 6926/625/1264 6925/626/1264 6923/624/1263
s 0
f 6671/1445/1619 6670/1444/1619 8097/1444/1619 8101/1445/1619
f 6711/1421/1620 6710/1420/1620 8110/1420/1620 8107/1421/1620
f 6722/1432/1621 6721/1431/1621 8134/1431/1621 8133/1432/1621
f 6726/1436/1622 6725/1435/1622 8102/1435/1622 8100/1436/1622
f 6718/1428/1623 6717/1427/1623 8103/1427/1623 8104/1428/1623
f 6677/1451/1624 6676/1450/1624 8156/1450/1624 8161/1451/1624
f 4109/185/1625 8755/185/1625 8799/185/1625 4110/185/1625
f 6929/185/1626 7022/185/1626 8096/185/1626 8007/185/1626
f 6708/1418/1627 6707/1417/1627 8138/1417/1627 8137/1418/1627
f 6680/1454/1628 6679/1453/1628 8108/1453/1628 8129/1454/1628
f 6697/1415/1629 6696/1414/1629 8131/1414/1629 8141/1415/1629
f 6675/1449/1630 6674/1448/1630 8143/1448/1630 8151/1449/1630
f 6666/1440/1631 6665/1439/1631 8132/1439/1631 8142/1440/1631
f 6679/1453/1632 6678/1452/1632 8105/1452/1632 8108/1453/1632
f 6685/1459/1633 6684/1458/1633 8157/1458/1633 8162/1459/1633
f 6218/185/1634 6217/185/1634 8258/185/1634 8272/185/1634
f 6714/1424/1635 6713/1423/1635 8144/1423/1635 8152/1424/1635
f 6710/1420/1636 6709/1419/1636 8109/1419/1636 8110/1420/1636
s 1
f 6872/1525/1239 6871/1528/1239 6869/1524/1237 6870/1523/1237
s 0
f 6696/1414/1637 6695/1413/1637 8116/1413/1637 8131/1414/1637
s 1
f 6928/266/1265 6880/267/1241 6879/268/1241 6927/269/1265
s 0
f 6691/1409/1638 8118/1409/1638 8117/1410/1638 6692/1410/1638
f 6721/1431/1639 6720/1430/1639 8135/1430/1639 8134/1431/1639
s 1
f 7209/1549/810 7208/1552/810 7206/1614/1358 7207/1613/1358
s 0
f 6702/1405/141 6701/1404/141 8113/1404/141 8114/1405/141
f 6974/185/1640 8065/185/1640 8030/185/1640 6975/185/1640
f 6683/1457/1641 6682/1456/1641 8146/1456/1641 8153/1457/1641
f 6695/1413/1642 6694/1412/1642 8115/1412/1642 8116/1413/1642
f 6699/768/1643 6698/1416/1643 8147/1416/1643 8140/768/1643
f 6670/1444/1644 6669/1443/1644 8160/1443/1644 8097/1444/1644
f 6668/1442/1645 6667/1441/1645 8149/1441/1645 8154/1442/1645
s 1
f 5240/813/709 5242/819/712 5241/822/712 5239/814/709
s 0
f 6674/1448/1646 6673/1447/1646 8136/1447/1646 8143/1448/1646
f 6725/1435/1647 6724/1434/1647 8125/1434/1647 8102/1435/1647
f 6730/184/140 6729/888/140 8121/888/140 8124/184/140
f 6713/1423/1648 6712/1422/1648 8106/1422/1648 8144/1423/1648
f 6703/1406/6 6702/1405/6 8114/1405/6 8120/1406/6
f 6717/1427/1649 6716/1426/1649 8150/1426/1649 8103/1427/1649
f 6723/1433/1650 6722/1432/1650 8133/1432/1650 8126/1433/1650
f 6665/1439/1651 6664/1438/1651 8123/1438/1651 8132/1439/1651
s 1
f 6850/1896/1652 6852/1509/1229 6851/1510/1229 6849/1897/1652
s 0
f 6728/887/1653 6727/1437/1653 8099/1437/1653 8098/887/1653
s 1
f 6848/1308/1107 6850/1896/1652 6849/1897/1652 6847/1309/1107
s 0
f 6678/1452/1654 6677/1451/1654 8161/1451/1654 8105/1452/1654
f 6676/1450/1655 6675/1449/1655 8151/1449/1655 8156/1450/1655
f 6691/1409/141 6690/1408/141 8119/1408/141 8118/1409/141
f 6664/1438/1656 6663/185/1656 8122/185/1656 8123/1438/1656
f 6709/1419/1657 6708/1418/1657 8137/1418/1657 8109/1419/1657
f 6715/1425/1658 6714/1424/1658 8152/1424/1658 8155/1425/1658
f 6682/1456/1659 6681/1455/1659 8139/1455/1659 8146/1456/1659
f 6707/1417/1660 6706/696/1660 8145/696/1660 8138/1417/1660
f 6727/1437/1661 6726/1436/1661 8100/1436/1661 8099/1437/1661
f 6673/1447/1662 6672/1446/1662 8127/1446/1662 8136/1447/1662
f 6684/1458/1663 6683/1457/1663 8153/1457/1663 8157/1458/1663
f 6720/1430/1664 6719/1429/1664 8128/1429/1664 8135/1430/1664
f 6698/1416/1665 6697/1415/1665 8141/1415/1665 8147/1416/1665
f 6712/1422/977 6711/1421/977 8107/1421/977 8106/1422/977
f 6686/1460/1666 6685/1459/1666 8162/1459/1666 8111/1460/1666
f 6669/1443/1667 6668/1442/1667 8154/1442/1667 8160/1443/1667
f 6701/1404/140 6700/189/140 8112/189/140 8113/1404/140
f 6724/1434/1668 6723/1433/1668 8126/1433/1668 8125/1434/1668
f 6672/1446/1669 6671/1445/1669 8101/1445/1669 8127/1446/1669
f 6694/1412/1670 6693/1411/1670 8158/1411/1670 8115/1412/1670
f 6716/1426/1671 6715/1425/1671 8155/1425/1671 8150/1426/1671
f 6719/1429/1672 6718/1428/1672 8104/1428/1672 8128/1429/1672
f 6667/1441/1673 6666/1440/1673 8142/1440/1673 8149/1441/1673
f 6681/1455/1674 6680/1454/1674 8129/1454/1674 8139/1455/1674
f 8258/894/5 8229/1898/5 8273/185/5 8194/1225/5 8193/1226/5 8247/886/5 8257/1899/5 8254/1900/5 8244/284/5 8226/1901/5 8211/1902/5 8185/1903/5 8182/1904/5 8270/1258/5 8262/1257/5 8252/1256/5 8240/1255/5 8220/1254/5 8205/1253/5 8172/1252/5 8166/1251/5 8267/1250/5 8234/1249/5 8249/1248/5 8232/1247/5 8217/1246/5 8165/1245/5 8164/1244/5 8163/1243/5 8266/1242/5 8259/1241/5 8250/1240/5 8233/1281/5 8218/1280/5 8202/1279/5 8175/1278/5 8174/187/5 8269/1277/5 8261/1905/5 8253/1906/5 8243/1907/5 8222/1908/5 8208/1909/5 8187/1910/5 8186/285/5 8189/424/5 8188/1911/5 8209/1912/5 8223/885/5 8242/1913/5 8241/1914/5 8206/184/5 8179/1915/5 8178/1916/5 8268/1917/5 8260/1918/5 8177/1276/5 8176/264/5 8203/1275/5 8201/1274/5 8169/766/5 8168/1273/5 8236/1272/5 8235/1271/5 8251/1270/5 8237/1269/5 8167/1268/5 8170/1267/5 8171/1266/5 8173/767/5 8204/1265/5 8219/1264/5 8238/1263/5 8239/1262/5 8221/1261/5 8207/890/5 8181/1260/5 8180/1259/5 8183/927/5 8184/1919/5 8210/1920/5 8224/925/5 8225/1921/5 8213/1922/5 8192/923/5 8191/1923/5 8263/1924/5 8265/921/5 8255/1925/5 8245/1926/5 8227/919/5 8212/1927/5 8190/189/5 8271/423/5 8264/1928/5 8256/910/5 8246/1929/5 8228/1930/5 8214/908/5 8196/1931/5 8195/1932/5 8215/906/5 8248/1933/5 8199/1934/5 8231/1935/5 8200/1227/5 8198/1228/5 8230/1236/5 8216/1237/5 8197/1936/5 8272/1937/5
f 8321/214/5 8315/230/5 8316/1159/5 8309/1158/5 8300/236/5 8280/1157/5 8281/1156/5 8282/1880/5 8291/1879/5 8292/235/5 8301/1878/5 8302/221/5 8303/1877/5 8294/1876/5 8284/234/5 8285/184/5 8287/1155/5 8288/218/5 8286/1886/5 8325/232/5 8322/1885/5 8317/1884/5 8311/1883/5 8304/1882/5 8293/231/5 8283/1881/5 8279/1174/5 8324/1173/5
f 8285/184/5 8275/1167/5 8295/1166/5 8296/1165/5 8297/228/5 8307/1164/5 8299/1163/5 8290/1162/5 8278/1161/5 8277/237/5 8314/225/5 8320/1160/5 8316/1159/5 8315/230/5 8308/1172/5 8298/1171/5 8289/1170/5 8276/1169/5 8274/229/5 8323/1168/5 8319/1875/5 8313/1874/5 8306/1873/5 8305/185/5 8318/1888/5 8310/1887/5 8312/233/5 8287/1155/5
f 4588/1938/139 4589/303/139 4590/385/139 4591/1939/139 4592/1940/139 4593/1941/139 4594/184/139 4528/1942/139 4529/1943/139 4530/1944/139 4531/1945/139 4532/1946/139 4533/1947/139 4534/1948/139 4535/1949/139 4536/1950/139 4537/1951/139 4538/1952/139 4539/1953/139 4540/1954/139 4541/1955/139 4542/1956/139 4543/1957/139 4544/1958/139 4545/1959/139 4546/1960/139 4547/1961/139 4548/1962/139 4549/1963/139 4550/1964/139 4551/1965/139 4552/1966/139 4553/1967/139 4554/1968/139 4555/1969/139 4556/1970/139 4557/1971/139 4558/1972/139 4559/1973/139 4560/1974/139 4561/1975/139 4562/1976/139 4563/1977/139 4564/1978/139 4565/1979/139 4566/386/139 4567/290/139 4568/1980/139 4569/1981/139 4570/1982/139 4571/1983/139 4572/1984/139 4573/1985/139 4574/1986/139 4575/1987/139 4576/1988/139 4577/1989/139 4578/1990/139 4579/1991/139 4580/1992/139 4581/1993/139 4582/1994/139 4583/1995/139 4584/1996/139 4585/1997/139 4586/1998/139 4587/1999/139
f 152/187/139 153/188/139 154/189/139 155/190/139 156/184/139 150/185/139 151/186/139
f 4385/184/139 4383/225/139 4377/214/139 4378/216/139 4379/218/139
f 8387/1053/5 8386/185/5 8362/1052/5 8327/1051/5 8326/1050/5 8406/1049/5 8408/1048/5 8329/1047/5 8389/1046/5 8378/1324/5 8366/1793/5 8338/218/5 8337/1792/5 8419/1791/5 8412/1316/5 8403/1790/5 8393/1789/5 8383/1788/5 8371/1787/5 8384/1822/5 8369/1821/5 8348/1820/5 8347/1389/5 8413/1819/5 8411/1818/5 8401/1817/5 8341/1816/5 8340/1381/5 8339/1815/5 8336/1814/5 8335/1813/5 8379/225/5 8391/1373/5 8390/1812/5 8388/1811/5 8377/1810/5 8330/1045/5 8331/1044/5 8332/1043/5 8333/1042/5 8363/1041/5 8364/1040/5 8380/1039/5 8381/1038/5 8367/1037/5 8343/1036/5 8342/1035/5 8409/1353/5 8414/1809/5 8402/1808/5 8345/221/5 8346/1807/5 8368/1345/5 8351/1806/5 8350/1805/5 8394/1804/5 8395/1803/5 8404/1337/5 8398/1802/5 8397/1801/5 8374/184/5 8357/1783/5 8356/1782/5 8415/1784/5 8417/1894/5 8359/1893/5 8360/1231/5 8375/1892/5 8376/1891/5 8361/1890/5 8358/1889/5 8421/753/5 8416/214/5 8405/1800/5 8396/1799/5 8385/1798/5 8370/748/5 8349/1797/5 8344/1796/5 8420/1795/5 8410/1794/5 8400/633/5 8392/1034/5 8382/1059/5 8365/1058/5 8334/1057/5 8328/280/5 8418/1056/5 8407/1055/5 8399/1054/5
f 6392/1913/139 6393/885/139 6394/1912/139 6395/1911/139 6396/424/139 6397/189/139 6398/1927/139 6399/919/139 6400/1926/139 6401/1925/139 6402/921/139 6403/1924/139 6404/1923/139 6405/923/139 6406/1922/139 6407/1921/139 6408/925/139 6409/1920/139 6410/1919/139 6411/927/139 6412/1259/139 6379/1258/139 6380/1904/139 6381/1903/139 6382/1902/139 6383/1901/139 6384/284/139 6385/1900/139 6386/1899/139 6387/886/139 6388/1226/139 6389/1235/139 6390/1225/139 6329/185/139 6330/1898/139 6331/894/139 6332/1937/139 6333/1936/139 6334/898/139 6335/1236/139 6336/1228/139 6337/2000/139 6338/902/139 6339/1935/139 6340/1934/139 6341/1931/139 6342/908/139 6343/1930/139 6344/1929/139 6345/910/139 6346/1928/139 6347/423/139 6348/285/139 6349/1910/139 6350/1909/139 6351/1908/139 6352/1907/139 6353/1906/139 6354/1905/139 6355/1277/139 6433/1276/139 6434/1918/139 6435/1917/139 6436/1916/139 6437/1915/139 6438/184/139 6391/1914/139
f 8415/1784/5 8356/1782/5 8355/1781/5 8354/1780/5 8373/1397/5 8372/1823/5 8384/1822/5 8371/1787/5 8353/1786/5 8352/1785/5
f 5654/1787/1675 5653/1786/1675 8353/1786/1675 8371/1787/1675
f 5651/1784/1676 5650/1894/1676 8417/1894/1676 8415/1784/1676
f 5641/1800/1677 5640/1799/1677 8396/1799/1677 8405/1800/1677
f 5628/280/1678 5627/1056/1678 8418/1056/1678 8328/280/1678
f 5679/1807/1679 5678/1345/1679 8368/1345/1679 8346/1807/1679
f 5640/1799/1680 5639/1798/1680 8385/1798/1680 8396/1799/1680
f 5649/1893/1681 5648/1231/1681 8360/1231/1681 8359/1893/1681
f 5692/1043/1682 5691/1042/1682 8333/1042/1682 8332/1043/1682
f 5672/1802/1683 5671/1801/1683 8397/1801/1683 8398/1802/1683
f 5643/753/1684 5642/214/1684 8416/214/1684 8421/753/1684
f 5700/1813/1685 5699/225/1685 8379/225/1685 8335/1813/1685
f 5634/1794/1686 5633/633/1686 8400/633/1686 8410/1794/1686
f 5655/1788/1687 5654/1787/1687 8371/1787/1687 8383/1788/1687
f 5685/1036/1688 5684/1035/1688 8342/1035/1688 8343/1036/1688
f 5671/1801/1689 5718/184/1689 8374/184/1689 8397/1801/1689
f 5660/1792/1690 5659/1791/1690 8419/1791/1690 8337/1792/1690
f 5706/1818/1691 5705/1817/1691 8401/1817/1691 8411/1818/1691
f 5718/184/1692 5717/1783/1692 8357/1783/1692 8374/184/1692
f 5648/1231/1693 5647/1892/1693 8375/1892/1693 8360/1231/1693
f 5625/1054/1694 5624/1053/1694 8387/1053/1694 8399/1054/1694
f 5658/1316/1695 5657/1790/1695 8403/1790/1695 8412/1316/1695
f 5665/1047/1696 5664/1046/1696 8389/1046/1696 8329/1047/1696
f 5709/1820/1697 5708/1389/1697 8347/1389/1697 8348/1820/1697
f 5684/1035/1698 5683/1353/1698 8409/1353/1698 8342/1035/1698
f 5711/1822/1699 5710/1821/1699 8369/1821/1699 8384/1822/1699
f 5637/1797/1700 5636/1796/1700 8344/1796/1700 8349/1797/1700
f 5646/1891/1701 5645/1890/1701 8361/1890/1701 8376/1891/1701
f 5623/185/1702 5670/1052/1702 8362/1052/1702 8386/185/1702
f 5682/1809/1703 5681/1808/1703 8402/1808/1703 8414/1809/1703
f 5677/1806/1704 5676/1805/1704 8350/1805/1704 8351/1806/1704
f 5624/1053/1705 5623/185/1705 8386/185/1705 8387/1053/1705
f 5653/1786/1706 5652/1785/1706 8352/1785/1706 8353/1786/1706
f 5696/1811/1707 5695/1810/1707 8377/1810/1707 8388/1811/1707
f 5667/1049/1708 5666/1048/1708 8408/1048/1708 8406/1049/1708
f 5708/1389/1709 5707/1819/1709 8413/1819/1709 8347/1389/1709
f 5714/1780/1710 5713/1397/1710 8373/1397/1710 8354/1780/1710
f 5639/1798/1711 5638/748/1711 8370/748/1711 8385/1798/1711
f 5670/1052/1712 5669/1051/1712 8327/1051/1712 8362/1052/1712
f 5664/1046/1713 5663/1324/1713 8378/1324/1713 8389/1046/1713
f 5636/1796/1714 5635/1795/1714 8420/1795/1714 8344/1796/1714
f 5697/1812/1715 5696/1811/1715 8388/1811/1715 8390/1812/1715
f 5674/1803/1716 5673/1337/1716 8404/1337/1716 8395/1803/1716
f 5647/1892/551 5646/1891/551 8376/1891/551 8375/1892/551
f 5694/1045/1717 5693/1044/1717 8331/1044/1717 8330/1045/1717
f 5627/1056/1718 5626/1055/1718 8407/1055/1718 8418/1056/1718
f 5676/1805/1719 5675/1804/1719 8394/1804/1719 8350/1805/1719
f 5689/1040/1720 5688/1039/1720 8380/1039/1720 8364/1040/1720
f 5691/1042/1721 5690/1041/1721 8363/1041/1721 8333/1042/1721
f 5716/1782/1722 5715/1781/1722 8355/1781/1722 8356/1782/1722
f 5717/1783/1723 5716/1782/1723 8356/1782/1723 8357/1783/1723
f 5699/225/1724 5698/1373/1724 8391/1373/1724 8379/225/1724
f 5652/1785/1725 5651/1784/1725 8415/1784/1725 8352/1785/1725
f 5688/1039/1726 5687/1038/1726 8381/1038/1726 8380/1039/1726
f 5630/1058/1727 5629/1057/1727 8334/1057/1727 8365/1058/1727
f 5659/1791/1728 5658/1316/1728 8412/1316/1728 8419/1791/1728
f 5633/633/1729 5632/1034/1729 8392/1034/1729 8400/633/1729
f 5642/214/1730 5641/1800/1730 8405/1800/1730 8416/214/1730
f 5645/1890/1731 5644/1889/1731 8358/1889/1731 8361/1890/1731
f 5695/1810/1732 5694/1045/1732 8330/1045/1732 8377/1810/1732
f 5669/1051/1733 5668/1050/1733 8326/1050/1733 8327/1051/1733
f 5662/1793/1734 5661/218/1734 8338/218/1734 8366/1793/1734
f 5705/1817/1735 5704/1816/1735 8341/1816/1735 8401/1817/1735
f 5650/1894/1736 5649/1893/1736 8359/1893/1736 8417/1894/1736
f 5632/1034/1737 5631/1059/1737 8382/1059/1737 8392/1034/1737
f 5681/1808/1738 5680/221/1738 8345/221/1738 8402/1808/1738
f 5663/1324/1739 5662/1793/1739 8366/1793/1739 8378/1324/1739
f 5704/1816/1740 5703/1381/1740 8340/1381/1740 8341/1816/1740
f 5683/1353/1741 5682/1809/1741 8414/1809/1741 8409/1353/1741
f 5657/1790/1742 5656/1789/1742 8393/1789/1742 8403/1790/1742
f 5680/221/1743 5679/1807/1743 8346/1807/1743 8345/221/1743
f 5702/1815/1744 5701/1814/1744 8336/1814/1744 8339/1815/1744
f 5644/1889/1745 5643/753/1745 8421/753/1745 8358/1889/1745
f 5693/1044/1746 5692/1043/1746 8332/1043/1746 8331/1044/1746
f 5656/1789/1747 5655/1788/1747 8383/1788/1747 8393/1789/1747
f 5686/1037/1748 5685/1036/1748 8343/1036/1748 8367/1037/1748
f 5707/1819/1749 5706/1818/1749 8411/1818/1749 8413/1819/1749
f 5713/1397/1750 5712/1823/1750 8372/1823/1750 8373/1397/1750
f 5626/1055/1751 5625/1054/1751 8399/1054/1751 8407/1055/1751
f 5635/1795/1752 5634/1794/1752 8410/1794/1752 8420/1795/1752
f 5666/1048/147 5665/1047/147 8329/1047/147 8408/1048/147
f 5629/1057/1753 5628/280/1753 8328/280/1753 8334/1057/1753
f 5710/1821/1754 5709/1820/1754 8348/1820/1754 8369/1821/1754
f 5712/1823/1755 5711/1822/1755 8384/1822/1755 8372/1823/1755
f 5675/1804/1756 5674/1803/1756 8395/1803/1756 8394/1804/1756
f 5668/1050/1757 5667/1049/1757 8406/1049/1757 8326/1050/1757
f 5701/1814/1758 5700/1813/1758 8335/1813/1758 8336/1814/1758
f 5631/1059/1759 5630/1058/1759 8365/1058/1759 8382/1059/1759
f 5638/748/1760 5637/1797/1760 8349/1797/1760 8370/748/1760
f 5715/1781/194 5714/1780/194 8354/1780/194 8355/1781/194
f 5673/1337/1761 5672/1802/1761 8398/1802/1761 8404/1337/1761
f 5698/1373/1762 5697/1812/1762 8390/1812/1762 8391/1373/1762
f 5661/218/1763 5660/1792/1763 8337/1792/1763 8338/218/1763
f 5687/1038/1764 5686/1037/1764 8367/1037/1764 8381/1038/1764
f 5678/1345/1765 5677/1806/1765 8351/1806/1765 8368/1345/1765
f 5690/1041/1766 5689/1040/1766 8364/1040/1766 8363/1041/1766
f 5703/1381/1767 5702/1815/1767 8339/1815/1767 8340/1381/1767
f 4071/232/141 4070/231/141 8432/231/141 8431/232/141
f 4068/229/6 4067/185/6 8428/185/6 8429/229/6
f 4076/237/6 4075/236/6 8424/236/6 8425/237/6
f 4070/231/140 4069/230/140 8430/230/140 8432/231/140
f 4067/185/141 4078/184/141 8427/184/141 8428/185/141
f 4074/235/140 4073/234/140 8422/234/140 8423/235/140
f 4077/228/142 4076/237/142 8425/237/142 8426/228/142
f 4073/234/142 4072/233/142 8433/233/142 8422/234/142
f 4072/233/6 4071/232/6 8431/232/6 8433/233/6
f 4075/236/142 4074/235/142 8423/235/142 8424/236/142
f 4069/230/141 4068/229/141 8429/229/141 8430/230/141
f 4078/184/140 4077/228/140 8426/228/140 8427/184/140
f 5439/185/141 5442/184/141 8435/184/141 8436/185/141
f 5440/187/6 5439/185/6 8436/185/6 8437/187/6
f 5442/184/140 5441/189/140 8434/189/140 8435/184/140
f 5441/189/142 5440/187/142 8437/187/142 8434/189/142
f 8436/185/5 8435/184/5 8434/189/5 8437/187/5
f 5348/185/1768 5347/185/1768 8456/185/1768 8460/185/1768
f 8467/185/5 8469/184/5 8466/227/5 8465/225/5 8464/223/5 8463/221/5 8473/188/5 8472/218/5 8470/216/5 8471/214/5 8468/212/5
f 5455/185/141 5465/184/141 8469/184/141 8467/185/141
f 5459/218/6 5458/216/6 8470/216/6 8472/218/6
f 5462/223/1769 5461/221/1769 8463/221/1769 8464/223/1769
f 5465/184/1770 5464/227/1770 8466/227/1770 8469/184/1770
f 5460/188/142 5459/218/142 8472/218/142 8473/188/142
f 5458/216/141 5457/214/141 8471/214/141 8470/216/141
f 5461/221/140 5460/188/140 8473/188/140 8463/221/140
f 5464/227/1771 5463/225/1771 8465/225/1771 8466/227/1771
f 5457/214/140 5456/212/140 8468/212/140 8471/214/140
f 5463/225/142 5462/223/142 8464/223/142 8465/225/142
f 5456/212/1772 5455/185/1772 8467/185/1772 8468/212/1772
f 8477/218/5 8478/214/5 8476/185/5 8475/184/5 8474/225/5 8479/221/5
f 5500/214/140 5499/185/140 8476/185/140 8478/214/140
f 5502/221/6 5501/218/6 8477/218/6 8479/221/6
f 5499/185/142 5504/184/142 8475/184/142 8476/185/142
f 5503/225/142 5502/221/142 8479/221/142 8474/225/142
f 5504/184/140 5503/225/140 8474/225/140 8475/184/140
f 5501/218/141 5500/214/141 8478/214/141 8477/218/141
f 5531/199/141 5530/188/141 8490/188/141 8489/199/141
f 5535/203/1773 5534/734/1773 8480/734/1773 8481/203/1773
f 5528/680/1774 5527/195/1774 8484/195/1774 8485/680/1774
f 5524/1283/6 5523/185/6 8492/185/6 8493/1283/6
f 5526/654/1775 5525/193/1775 8494/193/1775 8483/654/1775
f 5523/185/141 5537/184/141 8488/184/141 8492/185/141
f 5529/197/141 5528/680/141 8485/680/141 8486/197/141
f 5530/188/140 5529/197/140 8486/197/140 8490/188/140
f 5527/195/141 5526/654/141 8483/654/141 8484/195/141
f 5533/201/142 5532/708/142 8491/708/142 8487/201/142
f 5537/184/140 5536/1282/140 8482/1282/140 8488/184/140
f 5525/193/141 5524/1283/141 8493/1283/141 8494/193/141
f 5534/734/1776 5533/201/1776 8487/201/1776 8480/734/1776
f 5532/708/6 5531/199/6 8489/199/6 8491/708/6
f 5536/1282/142 5535/203/142 8481/203/142 8482/1282/142
f 8502/187/5 8503/206/5 8501/205/5 8500/185/5 8499/184/5 8498/210/5 8497/209/5 8496/189/5 8495/208/5 8504/207/5
f 5584/205/1777 5583/185/1777 8500/185/1777 8501/205/1777
f 5589/189/1778 5588/208/1778 8495/208/1778 8496/189/1778
f 5585/206/140 5584/205/140 8501/205/140 8503/206/140
f 5591/210/142 5590/209/142 8497/209/142 8498/210/142
f 5586/187/141 5585/206/141 8503/206/141 8502/187/141
f 5590/209/6 5589/189/6 8496/189/6 8497/209/6
f 5583/185/141 5592/184/141 8499/184/141 8500/185/141
f 5587/207/6 5586/187/6 8502/187/6 8504/207/6
f 5588/208/142 5587/207/142 8504/207/142 8495/208/142
f 5592/184/140 5591/210/140 8498/210/140 8499/184/140
f 8514/214/5 8509/184/5 8508/227/5 8511/225/5 8510/223/5 8507/221/5 8506/188/5 8505/218/5 8515/216/5
f 4381/221/142 4380/188/142 8506/188/142 8507/221/142
f 4375/185/141 4382/223/141 8510/223/141 8512/185/141
f 4384/227/1779 4383/225/1779 8511/225/1779 8508/227/1779
f 4380/188/1780 4379/218/1780 8505/218/1780 8506/188/1780
f 4379/218/141 4378/216/141 8515/216/141 8505/218/141
f 4383/225/142 4385/184/142 8509/184/142 8511/225/142
f 4385/184/883 4384/227/883 8508/227/883 8509/184/883
f 4382/223/1781 4381/221/1781 8507/221/1781 8510/223/1781
f 4378/216/1782 4377/214/1782 8514/214/1782 8515/216/1782
f 4376/212/1783 4375/185/1783 8512/185/1783 8513/212/1783
f 4377/214/141 4376/212/141 8513/212/141 8514/214/141
f 8553/428/5 8531/427/5 8530/195/5 8612/472/5 8603/471/5 8596/470/5 8584/469/5 8569/468/5 8550/467/5 8529/315/5 8528/310/5 8532/2001/5 8551/425/5 8552/436/5 8570/435/5 8571/434/5 8573/433/5 8554/432/5 8534/431/5 8533/446/5 8604/445/5 8606/444/5 8598/443/5 8586/203/5 8536/442/5 8537/441/5 8540/440/5 8539/439/5 8574/438/5 8575/225/5 8587/437/5 8588/475/5 8577/474/5 8556/473/5 8557/184/5 8542/316/5 8558/317/5 8543/456/5 8541/455/5 8614/197/5 8607/454/5 8599/453/5 8589/218/5 8576/452/5 8555/451/5 8538/450/5 8535/449/5 8613/448/5 8605/447/5 8597/187/5 8585/430/5 8572/429/5
f 8611/459/5 8610/214/5 8602/466/5 8595/465/5 8582/1074/5 8583/464/5 8568/463/5 8549/462/5 8526/461/5 8525/460/5
f 8512/185/5 8510/223/5 8511/225/5 8509/184/5 8514/214/5 8513/212/5
f 8652/1954/5 8641/1953/5 8623/1952/5 8620/1951/5 8674/1950/5 8670/1949/5 8665/1948/5 8659/1947/5 8650/1946/5 8618/1945/5 8673/1944/5 8664/1943/5 8649/1942/5 8619/184/5 8617/1941/5 8638/2002/5 8648/302/5 8647/303/5 8639/1938/5 8616/1999/5 8615/1998/5 8640/1997/5 8658/1996/5 8621/1995/5 8622/1994/5 8651/1993/5 8642/1992/5 8625/1991/5 8624/1990/5 8627/1989/5 8643/1988/5 8653/1987/5 8661/1986/5 8655/1985/5 8630/1984/5 8631/1983/5 8635/1982/5 8646/1981/5 8669/1980/5 8636/290/5 8637/291/5 8679/2003/5 8663/1977/5 8633/1976/5 8676/1975/5 8656/1974/5 8632/1973/5 8678/1972/5 8668/1971/5 8657/1970/5 8645/1969/5 8634/1968/5 8629/1967/5 8677/1966/5 8672/1965/5 8667/1964/5 8662/1963/5 8654/1962/5 8644/1961/5 8628/1960/5 8626/1959/5 8675/1958/5 8671/1957/5 8666/1956/5 8660/1955/5
f 8611/459/5 8527/458/5 8517/457/5 8561/201/5 8562/1087/5 8564/1086/5 8545/1085/5 8520/1084/5 8519/189/5 8591/1083/5 8592/1082/5 8594/1081/5 8580/1080/5 8565/1079/5 8546/1078/5 8522/221/5 8523/1077/5 8547/1076/5 8566/199/5 8581/1075/5 8583/464/5 8582/1074/5 8567/1073/5 8548/1072/5 8524/193/5 8521/1026/5 8609/1071/5 8601/1070/5 8593/1069/5 8579/1068/5 8563/1067/5 8544/1066/5 8518/1024/5 8516/1065/5 8608/1064/5 8600/1063/5 8590/1062/5 8578/1061/5 8560/1060/5 8559/1088/5 8542/316/5 8557/184/5 8528/310/5 8610/214/5
f 4703/227/139 4704/184/139 4698/218/139 4699/188/139 4700/221/139
f 7873/188/139 7874/2/139 7875/482/139 7876/479/139 7877/184/139 7869/185/139 7870/491/139 7871/487/139 7872/22/139
f 8687/402/5 8728/416/5 8724/415/5 8701/404/5 8688/403/5
f 8680/1293/5 8727/1292/5 8723/1291/5 8719/1290/5 8713/1289/5 8707/1288/5 8706/390/5 8697/270/5 8698/271/5 8696/389/5 8729/388/5 8726/387/5 8722/422/5 8718/421/5 8712/420/5 8703/419/5 8693/418/5 8689/417/5 8728/416/5 8687/402/5 8690/401/5 8691/400/5 8692/399/5 8702/398/5 8711/397/5 8704/396/5 8695/395/5 8694/394/5 8721/393/5 8725/392/5 8714/184/5 8705/391/5 8681/1287/5 8682/1286/5 8683/1285/5 8684/1284/5 8686/1294/5 8699/409/5 8708/408/5 8715/407/5 8716/406/5 8710/405/5 8701/404/5 8724/415/5 8720/414/5 8717/413/5 8709/412/5 8700/411/5 8685/410/5
f 8740/185/5 8731/184/5 8730/228/5 8739/237/5 8735/236/5 8738/235/5 8737/234/5 8736/233/5 8733/232/5 8734/231/5 8732/230/5 8741/229/5
f 4149/230/142 4148/229/142 8741/229/142 8732/230/142
f 4150/231/140 4149/230/140 8732/230/140 8734/231/140
f 4157/228/142 4156/237/142 8739/237/142 8730/228/142
f 4153/234/142 4152/233/142 8736/233/142 8737/234/142
f 4156/237/6 4155/236/6 8735/236/6 8739/237/6
f 4151/232/141 4150/231/141 8734/231/141 8733/232/141
f 4152/233/140 4151/232/140 8733/232/140 8736/233/140
f 4147/185/141 4158/184/141 8731/184/141 8740/185/141
f 4154/235/140 4153/234/140 8737/234/140 8738/235/140
f 4158/184/140 4157/228/140 8730/228/140 8731/184/140
f 4155/236/141 4154/235/141 8738/235/141 8735/236/141
f 4148/229/140 4147/185/140 8740/185/140 8741/229/140
f 4028/206/142 4027/205/142 8749/205/142 8750/206/142
f 4027/205/140 4026/185/140 8747/185/140 8749/205/140
f 4032/189/141 4031/208/141 8744/208/141 8743/189/141
f 4026/185/141 4035/184/141 8748/184/141 8747/185/141
f 4031/208/140 4030/207/140 8742/207/140 8744/208/140
f 4030/207/141 4029/187/141 8751/187/141 8742/207/141
f 4035/184/140 4034/210/140 8746/210/140 8748/184/140
f 4029/187/140 4028/206/140 8750/206/140 8751/187/140
f 4033/209/6 4032/189/6 8743/189/6 8745/209/6
f 4034/210/142 4033/209/142 8745/209/142 8746/210/142
f 8742/207/5 8751/187/5 8750/206/5 8749/205/5 8747/185/5 8748/184/5 8746/210/5 8745/209/5 8743/189/5 8744/208/5
f 4702/225/139 4703/227/139 4700/221/139 4701/223/139 4694/185/139 4695/212/139 4696/214/139 4697/216/139 4698/218/139 4704/184/139
f 4130/185/1784 4129/185/1784 8765/185/1784 8766/185/1784
f 4093/185/1785 4092/185/1785 8791/185/1785 8797/185/1785
f 8818/22/140 8819/2/140 8821/3/140 8820/25/140
f 8820/25/141 8821/3/141 8825/5/141 8824/12/141
f 8824/12/6 8825/5/6 8823/7/6 8822/13/6
f 8822/13/142 8823/7/142 8819/9/142 8818/29/142
f 8820/11/139 8824/12/139 8822/13/139 8818/14/139
f 8825/5/5 8821/182/5 8819/183/5 8823/7/5
f 8826/22/140 8827/2/140 8829/3/140 8828/25/140
f 8828/25/141 8829/3/141 8833/5/141 8832/12/141
f 8832/12/6 8833/5/6 8831/7/6 8830/13/6
f 8830/13/142 8831/7/142 8827/9/142 8826/29/142
f 8828/11/139 8832/12/139 8830/13/139 8826/14/139
f 8833/5/5 8829/182/5 8827/183/5 8831/7/5
f 8834/22/140 8835/2/140 8837/3/140 8836/25/140
f 8836/25/141 8837/3/141 8841/5/141 8840/12/141
f 8840/12/6 8841/5/6 8839/7/6 8838/13/6
f 8838/13/142 8839/7/142 8835/9/142 8834/29/142
f 8836/11/139 8840/12/139 8838/13/139 8834/14/139
f 8841/5/5 8837/182/5 8835/183/5 8839/7/5
f 8842/22/140 8843/2/140 8845/3/140 8844/25/140
f 8844/25/141 8845/3/141 8849/5/141 8848/12/141
f 8848/12/6 8849/5/6 8847/7/6 8846/13/6
f 8846/13/142 8847/7/142 8843/9/142 8842/29/142
f 8844/11/139 8848/12/139 8846/13/139 8842/14/139
f 8849/5/5 8845/182/5 8843/183/5 8847/7/5
f 8850/22/140 8851/2/140 8853/3/140 8852/25/140
f 8852/25/141 8853/3/141 8857/5/141 8856/12/141
f 8856/12/6 8857/5/6 8855/7/6 8854/13/6
f 8854/13/142 8855/7/142 8851/9/142 8850/29/142
f 8852/11/139 8856/12/139 8854/13/139 8850/14/139
f 8857/5/5 8853/182/5 8851/183/5 8855/7/5
f 8858/22/140 8859/2/140 8861/3/140 8860/25/140
f 8860/25/141 8861/3/141 8865/5/141 8864/12/141
f 8864/12/6 8865/5/6 8863/7/6 8862/13/6
f 8862/13/142 8863/7/142 8859/9/142 8858/29/142
f 8860/11/139 8864/12/139 8862/13/139 8858/14/139
f 8865/5/5 8861/182/5 8859/183/5 8863/7/5
f 8866/22/140 8867/2/140 8869/3/140 8868/25/140
f 8868/25/141 8869/3/141 8873/5/141 8872/12/141
f 8872/12/6 8873/5/6 8871/7/6 8870/13/6
f 8870/13/142 8871/7/142 8867/9/142 8866/29/142
f 8868/11/139 8872/12/139 8870/13/139 8866/14/139
f 8873/5/5 8869/182/5 8867/183/5 8871/7/5
f 8874/22/140 8875/2/140 8877/3/140 8876/25/140
f 8876/25/141 8877/3/141 8881/5/141 8880/12/141
f 8880/12/6 8881/5/6 8879/7/6 8878/13/6
f 8878/13/142 8879/7/142 8875/9/142 8874/29/142
f 8876/11/139 8880/12/139 8878/13/139 8874/14/139
f 8881/5/5 8877/182/5 8875/183/5 8879/7/5
f 8882/22/140 8883/2/140 8885/3/140 8884/25/140
f 8884/25/141 8885/3/141 8889/5/141 8888/12/141
f 8888/12/6 8889/5/6 8887/7/6 8886/13/6
f 8886/13/142 8887/7/142 8883/9/142 8882/29/142
f 8884/11/139 8888/12/139 8886/13/139 8882/14/139
f 8889/5/5 8885/182/5 8883/183/5 8887/7/5
f 8890/22/140 8891/2/140 8893/3/140 8892/25/140
f 8892/25/141 8893/3/141 8897/5/141 8896/12/141
f 8896/12/6 8897/5/6 8895/7/6 8894/13/6
f 8894/13/142 8895/7/142 8891/9/142 8890/29/142
f 8892/11/139 8896/12/139 8894/13/139 8890/14/139
f 8897/5/5 8893/182/5 8891/183/5 8895/7/5
f 8898/22/140 8899/2/140 8901/3/140 8900/25/140
f 8900/25/141 8901/3/141 8905/5/141 8904/12/141
f 8904/12/6 8905/5/6 8903/7/6 8902/13/6
f 8902/13/142 8903/7/142 8899/9/142 8898/29/142
f 8900/11/139 8904/12/139 8902/13/139 8898/14/139
f 8905/5/5 8901/182/5 8899/183/5 8903/7/5
f 8906/22/140 8907/2/140 8909/3/140 8908/25/140
f 8908/25/141 8909/3/141 8913/5/141 8912/12/141
f 8912/12/6 8913/5/6 8911/7/6 8910/13/6
f 8910/13/142 8911/7/142 8907/9/142 8906/29/142
f 8908/11/139 8912/12/139 8910/13/139 8906/14/139
f 8913/5/5 8909/182/5 8907/183/5 8911/7/5
f 8914/22/140 8915/2/140 8917/3/140 8916/25/140
f 8916/25/141 8917/3/141 8921/5/141 8920/12/141
f 8920/12/6 8921/5/6 8919/7/6 8918/13/6
f 8918/13/142 8919/7/142 8915/9/142 8914/29/142
f 8916/11/139 8920/12/139 8918/13/139 8914/14/139
f 8921/5/5 8917/182/5 8915/183/5 8919/7/5
f 8922/22/140 8923/2/140 8925/3/140 8924/25/140
f 8924/25/141 8925/3/141 8929/5/141 8928/12/141
f 8928/12/6 8929/5/6 8927/7/6 8926/13/6
f 8926/13/142 8927/7/142 8923/9/142 8922/29/142
f 8924/11/139 8928/12/139 8926/13/139 8922/14/139
f 8929/5/5 8925/182/5 8923/183/5 8927/7/5
f 8930/22/140 8931/2/140 8933/3/140 8932/25/140
f 8932/25/141 8933/3/141 8937/5/141 8936/12/141
f 8936/12/6 8937/5/6 8935/7/6 8934/13/6
f 8934/13/142 8935/7/142 8931/9/142 8930/29/142
f 8932/11/139 8936/12/139 8934/13/139 8930/14/139
f 8937/5/5 8933/182/5 8931/183/5 8935/7/5
f 8938/22/140 8939/2/140 8941/3/140 8940/25/140
f 8940/25/141 8941/3/141 8945/5/141 8944/12/141
f 8944/12/6 8945/5/6 8943/7/6 8942/13/6
f 8942/13/142 8943/7/142 8939/9/142 8938/29/142
f 8940/11/139 8944/12/139 8942/13/139 8938/14/139
f 8945/5/5 8941/182/5 8939/183/5 8943/7/5
f 8946/22/140 8947/2/140 8949/3/140 8948/25/140
f 8948/25/141 8949/3/141 8953/5/141 8952/12/141
f 8952/12/6 8953/5/6 8951/7/6 8950/13/6
f 8950/13/142 8951/7/142 8947/9/142 8946/29/142
f 8948/11/139 8952/12/139 8950/13/139 8946/14/139
f 8953/5/5 8949/182/5 8947/183/5 8951/7/5
f 8954/22/140 8955/2/140 8957/3/140 8956/25/140
f 8956/25/141 8957/3/141 8961/5/141 8960/12/141
f 8960/12/6 8961/5/6 8959/7/6 8958/13/6
f 8958/13/142 8959/7/142 8955/9/142 8954/29/142
f 8956/11/139 8960/12/139 8958/13/139 8954/14/139
f 8961/5/5 8957/182/5 8955/183/5 8959/7/5
f 8962/22/140 8963/2/140 8965/3/140 8964/25/140
f 8964/25/141 8965/3/141 8969/5/141 8968/12/141
f 8968/12/6 8969/5/6 8967/7/6 8966/13/6
f 8966/13/142 8967/7/142 8963/9/142 8962/29/142
f 8964/11/139 8968/12/139 8966/13/139 8962/14/139
f 8969/5/5 8965/182/5 8963/183/5 8967/7/5
f 8970/22/140 8971/2/140 8973/3/140 8972/25/140
f 8972/25/141 8973/3/141 8977/5/141 8976/12/141
f 8976/12/6 8977/5/6 8975/7/6 8974/13/6
f 8974/13/142 8975/7/142 8971/9/142 8970/29/142
f 8972/11/139 8976/12/139 8974/13/139 8970/14/139
f 8977/5/5 8973/182/5 8971/183/5 8975/7/5
f 8978/22/140 8979/2/140 8981/3/140 8980/25/140
f 8980/25/141 8981/3/141 8985/5/141 8984/12/141
f 8984/12/6 8985/5/6 8983/7/6 8982/13/6
f 8982/13/142 8983/7/142 8979/9/142 8978/29/142
f 8980/11/139 8984/12/139 8982/13/139 8978/14/139
f 8985/5/5 8981/182/5 8979/183/5 8983/7/5
f 8986/22/140 8987/2/140 8989/3/140 8988/25/140
f 8988/25/141 8989/3/141 8993/5/141 8992/12/141
f 8992/12/6 8993/5/6 8991/7/6 8990/13/6
f 8990/13/142 8991/7/142 8987/9/142 8986/29/142
f 8988/11/139 8992/12/139 8990/13/139 8986/14/139
f 8993/5/5 8989/182/5 8987/183/5 8991/7/5
f 8994/22/140 8995/2/140 8997/3/140 8996/25/140
f 8996/25/141 8997/3/141 9001/5/141 9000/12/141
f 9000/12/6 9001/5/6 8999/7/6 8998/13/6
f 8998/13/142 8999/7/142 8995/9/142 8994/29/142
f 8996/11/139 9000/12/139 8998/13/139 8994/14/139
f 9001/5/5 8997/182/5 8995/183/5 8999/7/5
f 9002/22/140 9003/2/140 9005/3/140 9004/25/140
f 9004/25/141 9005/3/141 9009/5/141 9008/12/141
f 9008/12/6 9009/5/6 9007/7/6 9006/13/6
f 9006/13/142 9007/7/142 9003/9/142 9002/29/142
f 9004/11/139 9008/12/139 9006/13/139 9002/14/139
f 9009/5/5 9005/182/5 9003/183/5 9007/7/5
f 9010/22/140 9011/2/140 9013/3/140 9012/25/140
f 9012/25/141 9013/3/141 9017/5/141 9016/12/141
f 9016/12/6 9017/5/6 9015/7/6 9014/13/6
f 9014/13/142 9015/7/142 9011/9/142 9010/29/142
f 9012/11/139 9016/12/139 9014/13/139 9010/14/139
f 9017/5/5 9013/182/5 9011/183/5 9015/7/5
f 9018/22/140 9019/2/140 9021/3/140 9020/25/140
f 9020/25/141 9021/3/141 9025/5/141 9024/12/141
f 9024/12/6 9025/5/6 9023/7/6 9022/13/6
f 9022/13/142 9023/7/142 9019/9/142 9018/29/142
f 9020/11/139 9024/12/139 9022/13/139 9018/14/139
f 9025/5/5 9021/182/5 9019/183/5 9023/7/5
f 9026/22/140 9027/2/140 9029/3/140 9028/25/140
f 9028/25/141 9029/3/141 9033/5/141 9032/12/141
f 9032/12/6 9033/5/6 9031/7/6 9030/13/6
f 9030/13/142 9031/7/142 9027/9/142 9026/29/142
f 9028/11/139 9032/12/139 9030/13/139 9026/14/139
f 9033/5/5 9029/182/5 9027/183/5 9031/7/5
f 9131/2004/5 9130/2005/5 9129/2006/5 9128/2007/5 9127/2008/5 9126/2009/5 9125/1204/5 9124/2010/5 9123/2011/5 9122/2012/5 9121/2013/5 9120/2014/5 9119/2015/5 9118/1202/5 9117/1200/5 9116/2016/5 9115/2017/5 9140/2018/5 9139/2019/5 9138/2020/5 9137/2021/5 9136/2022/5 9135/2023/5 9134/2024/5 9133/1214/5 9132/2025/5
f 9079/184/5 9078/201/5 9077/2026/5 9076/451/5
f 9084/471/5 9083/214/5 9082/1026/5 9081/1024/5 9080/185/5
f 9143/2027/5 9142/2028/5 9141/2029/5 9157/2030/5 9156/2031/5 9155/2032/5 9154/2033/5 9153/2034/5 9152/2035/5 9151/2036/5 9150/2037/5 9149/2038/5 9148/2039/5 9147/2040/5 9146/2041/5 9145/2042/5 9144/2043/5
f 9815/2044/139 9816/2045/139 9817/2046/139 9818/2047/139 9819/2048/139 9820/2049/139 9821/2050/139 9822/2051/139 9823/2052/139 9824/2053/139 9825/2054/139 9826/2055/139 9827/2056/139 9828/2057/139 9829/2058/139 9830/2059/139 9804/2060/139 9805/189/139 9806/2061/139 9807/2062/139 9808/2063/139 9809/2064/139 9810/2065/139 9811/2066/139 9812/2067/139 9813/2068/139 9814/2069/139
f 9088/2070/5 9087/2071/5 9086/2072/5 9085/2073/5 9114/2074/5 9113/2075/5 9112/2076/5 9111/2077/5 9110/2078/5 9109/1194/5 9108/2079/5 9107/2080/5 9106/2081/5 9105/2082/5 9104/2083/5 9103/2084/5 9102/2085/5 9101/2086/5 9100/2087/5 9099/2088/5 9098/2089/5 9097/2090/5 9096/2091/5 9095/1184/5 9094/2092/5 9093/2093/5 9092/2094/5 9091/2095/5 9090/2096/5 9089/2097/5
f 9072/2098/5 9075/680/5 9074/187/5 9073/1064/5
f 9726/184/139 9723/2/139 9724/482/139 9725/479/139
f 9168/2099/5 9167/185/5 9175/2100/5 9174/2101/5 9173/2102/5 9172/2103/5 9171/2104/5 9170/2105/5 9169/2106/5
f 9728/2099/139 9729/2106/139 9730/2105/139 9731/2104/139 9732/2103/139 9733/2102/139 9734/2101/139 9735/2100/139 9727/185/139
f 9194/2107/5 9193/2108/5 9192/2109/5 9191/2110/5
s 1
f 11415/679/1786 11417/2111/1786 11419/196/1787 11418/197/1787 11416/2112/1786 11414/680/1786 11412/195/1786 11410/654/1786 11408/193/1786 11406/185/1788 11407/191/1788 11409/192/1786 11411/653/1786 11413/194/1786
s 0
f 9195/185/5 9200/184/5 9199/487/5 9198/1100/5 9197/491/5 9196/1094/5
f 9159/491/5 9158/185/5 9162/188/5 9161/22/5 9160/487/5
f 9231/2113/5 9230/2114/5 9229/2115/5 9228/2116/5 9227/2117/5 9226/2118/5 9225/2119/5 9224/2120/5 9223/2121/5 9222/2122/5 9221/2123/5 9220/2124/5 9219/2125/5 9218/2126/5 9217/2127/5 9216/2128/5 9215/2129/5 9214/2130/5 9213/2131/5 9212/2132/5 9211/2133/5 9210/2134/5 9209/2135/5 9208/2136/5 9207/2137/5 9206/2138/5 9243/2139/5 9242/2140/5 9241/2141/5 9240/2142/5 9239/2143/5 9238/2144/5 9237/2145/5 9236/2146/5 9235/2147/5 9234/2148/5 9233/2149/5 9232/2150/5
f 9248/2063/5 9247/2062/5 9246/2061/5 9245/189/5 9244/2060/5 9270/2059/5 9269/2058/5 9268/2057/5 9267/2056/5 9266/2055/5 9265/2054/5 9264/2053/5 9263/2052/5 9262/2051/5 9261/2050/5 9260/2049/5 9259/2048/5 9258/2047/5 9257/2046/5 9256/2045/5 9255/2044/5 9254/2069/5 9253/2068/5 9252/2067/5 9251/2066/5 9250/2065/5 9249/2064/5
f 9521/185/5 9536/184/5 9535/2151/5 9522/1759/5
f 9701/2029/139 9702/2028/139 9703/2027/139 9704/2043/139 9705/2042/139 9706/2041/139 9707/2040/139 9708/2039/139 9709/2038/139 9710/2037/139 9711/2036/139 9712/2035/139 9713/2034/139 9714/2033/139 9715/2032/139 9716/2031/139 9717/2030/139
f 9304/184/5 9303/882/5 9302/880/5 9301/878/5 9300/2152/5 9299/2153/5 9298/190/5 9297/830/5 9296/828/5 9295/826/5
f 9201/185/5 9205/184/5 9204/482/5 9203/188/5 9202/487/5
f 9164/482/5 9163/2/5 9166/184/5 9165/479/5
f 9314/184/5 9313/1152/5 9312/1150/5 9311/189/5
f 9310/1114/5 9309/22/5 9308/756/5 9307/1094/5 9306/1092/5 9305/1090/5
f 9322/1208/5 9321/1206/5 9320/1204/5 9319/1202/5 9318/1200/5 9317/1178/5 9316/1176/5 9315/185/5 9323/184/5
f 9342/2154/5 9341/2155/5 9340/2156/5 9339/2157/5 9338/806/5 9337/2158/5 9336/2159/5 9335/2160/5 9334/2161/5 9333/794/5 9332/2162/5 9331/2163/5 9330/2164/5 9329/2165/5 9328/2166/5 9327/2167/5 9326/2168/5 9325/2169/5 9324/185/5 9365/2170/5 9364/2171/5 9363/555/5 9362/2172/5 9361/2173/5 9360/245/5 9359/2174/5 9358/2175/5 9357/2176/5 9356/2177/5 9355/2178/5 9354/821/5 9353/2179/5 9352/2180/5 9351/2181/5 9350/2182/5 9349/2183/5 9348/2184/5 9347/2185/5 9346/537/5 9345/2186/5 9344/2187/5 9343/2188/5
f 9384/2189/5 9383/2190/5 9382/2191/5 9381/2192/5 9380/2193/5 9379/2194/5 9378/2195/5 9377/2196/5 9376/2197/5 9375/2198/5 9374/2199/5 9373/2200/5 9372/2201/5 9371/569/5 9370/2202/5 9369/2203/5 9368/2204/5 9367/2205/5 9366/2206/5 9386/184/5 9385/2207/5
f 9395/184/5 9394/221/5 9393/462/5 9392/188/5 9391/1029/5 9390/2208/5 9389/1024/5 9388/2209/5 9387/185/5
f 9411/2210/5 9410/185/5 9413/1024/5 9412/2211/5
f 9405/2212/5 9404/234/5 9403/2213/5 9402/2214/5 9401/233/5 9400/2215/5 9399/229/5 9398/2216/5 9397/2217/5 9396/185/5
f 9416/2218/5 9415/218/5 9414/2219/5 9423/225/5 9422/209/5 9421/2220/5 9420/457/5 9419/2221/5 9418/1029/5 9417/207/5
f 10093/1777/139 10087/2222/139 10088/188/139 10089/2223/139 10096/184/139
f 9473/2224/5 9472/2220/5 9471/2225/5 9470/619/5 9469/2226/5 9468/2221/5 9467/189/5 9466/2227/5 9465/2228/5 9487/269/5 9486/2229/5 9485/2230/5 9484/2231/5 9483/2232/5 9482/2233/5 9481/2234/5 9480/2235/5 9479/443/5 9478/2236/5 9477/622/5 9476/225/5 9475/2237/5 9474/2238/5
f 9431/2239/5 9430/2240/5 9429/1024/5 9428/2241/5 9427/2209/5 9426/2242/5 9425/2243/5 9424/2244/5 9464/221/5 9463/2245/5 9462/2246/5 9461/2247/5 9460/610/5 9459/2248/5 9458/2249/5 9457/2250/5 9456/608/5 9455/2251/5 9454/2252/5 9453/2253/5 9452/2254/5 9451/2255/5 9450/2256/5 9449/2218/5 9448/2257/5 9447/2258/5 9446/603/5 9445/2259/5 9444/2260/5 9443/2261/5 9442/2262/5 9441/2263/5 9440/2264/5 9439/2265/5 9438/186/5 9437/2266/5 9436/2267/5 9435/2268/5 9434/594/5 9433/2269/5 9432/2270/5
f 9182/2271/5 9181/185/5 9190/2272/5 9189/2273/5 9188/2274/5 9187/2275/5 9186/2276/5 9185/2277/5 9184/2278/5 9183/2279/5
f 9491/2280/5 9490/2281/5 9489/2282/5 9488/2283/5 9501/2284/5 9500/2285/5 9499/2286/5 9498/2287/5 9497/2288/5 9496/2289/5 9495/2290/5 9494/2291/5 9493/2292/5 9492/2293/5
f 9969/184/139 9966/228/139 9967/2294/139 9968/2295/139
f 9511/2296/5 9510/2297/5 9520/1393/5 9519/2298/5 9518/2299/5 9517/1389/5 9516/2300/5 9515/2301/5 9514/189/5 9513/1357/5 9512/1341/5
f 9178/2302/5 9177/2303/5 9176/2304/5 9180/184/5 9179/2305/5
f 9535/2151/5 9534/1737/5 9533/1777/5 9536/184/5 9521/185/5 9532/1745/5 9531/569/5 9530/253/5 9529/188/5 9528/2222/5 9527/255/5 9526/519/5 9525/186/5 9524/515/5 9523/1763/5 9522/1759/5
f 9613/2306/139 9608/185/139 9609/2307/139 9610/229/139 9611/2308/139 9612/230/139
f 9563/2309/5 9562/2310/5 9561/2311/5 9560/2312/5 9559/2313/5 9558/2314/5 9557/2315/5 9556/2316/5 9555/2317/5 9554/2318/5 9553/2319/5 9552/2320/5 9551/2321/5 9550/2322/5 9549/2323/5 9548/2324/5 9547/2325/5 9546/2326/5 9545/2327/5 9544/2328/5 9543/2329/5 9542/2330/5 9541/2331/5 9540/2332/5 9539/2333/5 9538/2334/5 9537/2335/5 9593/2336/5 9592/2337/5 9591/2338/5 9590/2339/5 9589/2340/5 9588/2341/5 9587/2342/5 9586/2343/5 9585/2344/5 9584/2345/5 9583/2346/5 9582/2347/5 9581/2348/5 9580/2349/5 9579/2350/5 9578/2351/5 9577/2352/5 9576/2353/5 9575/2354/5 9574/2355/5 9573/2356/5 9572/2357/5 9571/2358/5 9570/2359/5 9569/2360/5 9568/2361/5 9567/2362/5 9566/2363/5 9565/2364/5 9564/2365/5
f 9602/185/139 9603/482/139 9604/1142/139 9605/479/139 9606/1148/139 9607/184/139
f 9624/2366/139 9625/2367/139 9626/2368/139 9627/2369/139 9618/2370/139 9619/2371/139 9620/2372/139 9621/2373/139 9622/2374/139 9623/2375/139
f 10085/519/139 10086/255/139 10087/2222/139 10093/1777/139 10094/1737/139 10095/2151/139 10096/184/139 10089/2223/139 10090/253/139 10091/569/139 10092/1745/139 10081/185/139 10082/1763/139 10083/515/139 10084/186/139
f 9056/232/5 9055/2376/5 9054/231/5 9057/184/5
f 9638/201/139 9639/184/139 9636/451/139 9637/2026/139
f 9677/1200/139 9678/1202/139 9679/2015/139 9680/2014/139 9681/2013/139 9682/2012/139 9683/2011/139 9684/2010/139 9685/1204/139 9686/2009/139 9687/2008/139 9688/2007/139 9689/2006/139 9690/2005/139 9691/2004/139 9692/2025/139 9693/1214/139 9694/2024/139 9695/2023/139 9696/2022/139 9697/2021/139 9698/2020/139 9699/2019/139 9700/2018/139 9675/2017/139 9676/2016/139
f 9722/188/139 9718/185/139 9719/491/139 9720/487/139 9721/22/139
f 9767/2137/139 9768/2136/139 9769/2135/139 9770/2134/139 9771/2133/139 9772/2132/139 9773/2131/139 9774/2130/139 9775/2129/139 9776/2128/139 9777/2127/139 9778/2126/139 9779/2125/139 9780/2124/139 9781/2123/139 9782/2122/139 9783/2121/139 9784/2120/139 9785/2119/139 9786/2118/139 9787/2117/139 9788/2116/139 9789/2115/139 9790/2114/139 9791/2113/139 9792/2150/139 9793/2149/139 9794/2148/139 9795/2147/139 9796/2146/139 9797/2145/139 9798/2144/139 9799/2143/139 9800/2142/139 9801/2141/139 9802/2140/139 9803/2139/139 9766/2138/139
f 9736/2304/139 9737/2303/139 9738/2302/139 9739/2305/139 9740/184/139
f 9750/2272/139 9741/185/139 9742/2271/139 9743/2279/139 9744/2278/139 9745/2277/139 9746/2276/139 9747/2275/139 9748/2274/139 9749/2273/139
f 9759/487/139 9760/184/139 9755/185/139 9756/1094/139 9757/491/139 9758/1100/139
f 9761/185/139 9762/487/139 9763/188/139 9764/482/139 9765/184/139
f 9835/218/139 9836/188/139 9837/221/139 9831/185/139 9832/212/139 9833/214/139 9834/216/139
f 9288/2377/5 9287/185/5 9294/2378/5 9293/821/5 9292/2379/5 9291/796/5 9290/794/5 9289/792/5
f 9407/2294/5 9406/228/5 9409/184/5 9408/2295/5
f 9851/796/139 9852/2379/139 9853/821/139 9854/2378/139 9847/185/139 9848/2377/139 9849/792/139 9850/794/139
f 9870/1114/139 9865/1090/139 9866/1092/139 9867/1094/139 9868/756/139 9869/22/139
f 9644/471/139 9640/185/139 9641/1024/139 9642/1026/139 9643/214/139
f 9883/184/139 9875/185/139 9876/1176/139 9877/1178/139 9878/1200/139 9879/1202/139 9880/1204/139 9881/1206/139 9882/1208/139
f 9930/2202/139 9931/569/139 9932/2201/139 9933/2200/139 9934/2199/139 9935/2198/139 9936/2197/139 9937/2196/139 9938/2195/139 9939/2194/139 9940/2193/139 9941/2192/139 9942/2191/139 9943/2190/139 9944/2189/139 9945/2207/139 9946/184/139 9926/2206/139 9927/2205/139 9928/2204/139 9929/2203/139
f 9279/225/5 9278/223/5 9281/184/5 9280/227/5
f 9888/2166/139 9889/2165/139 9890/2164/139 9891/2163/139 9892/2162/139 9893/794/139 9894/2161/139 9895/2160/139 9896/2159/139 9897/2158/139 9898/806/139 9899/2157/139 9900/2156/139 9901/2155/139 9902/2154/139 9903/2188/139 9904/2187/139 9905/2186/139 9906/537/139 9907/2185/139 9908/2184/139 9909/2183/139 9910/2182/139 9911/2181/139 9912/2180/139 9913/2179/139 9914/821/139 9915/2178/139 9916/2177/139 9917/2176/139 9918/2175/139 9919/2174/139 9920/245/139 9921/2173/139 9922/2172/139 9923/555/139 9924/2171/139 9925/2170/139 9884/185/139 9885/2169/139 9886/2168/139 9887/2167/139
f 9035/193/5 9034/185/5 9037/197/5 9036/195/5
f 9953/462/139 9954/221/139 9955/184/139 9947/185/139 9948/2209/139 9949/1024/139 9950/2208/139 9951/1029/139 9952/188/139
f 9871/189/139 9872/1150/139 9873/1152/139 9874/184/139
f 9956/185/139 9957/2217/139 9958/2216/139 9959/229/139 9960/2215/139 9961/233/139 9962/2214/139 9963/2213/139 9964/234/139 9965/2212/139
f 9864/184/139 9855/826/139 9856/828/139 9857/830/139 9858/190/139 9859/2153/139 9860/2152/139 9861/878/139 9862/880/139 9863/882/139
f 9978/1029/139 9979/2221/139 9980/457/139 9981/2220/139 9982/209/139 9983/225/139 9974/2219/139 9975/218/139 9976/2218/139 9977/207/139
f 10031/2225/139 10032/2220/139 10033/2224/139 10034/2238/139 10035/2237/139 10036/225/139 10037/622/139 10038/2236/139 10039/443/139 10040/2235/139 10041/2234/139 10042/2233/139 10043/2232/139 10044/2231/139 10045/2230/139 10046/2229/139 10047/269/139 10025/2228/139 10026/2227/139 10027/189/139 10028/2221/139 10029/2226/139 10030/619/139
f 9597/197/139 9594/185/139 9595/193/139 9596/195/139
f 9633/1064/139 9634/187/139 9635/680/139 9632/2098/139
f 9276/188/5 9275/218/5 9274/216/5 9273/214/5 9272/212/5 9271/185/5 9277/221/5
f 9973/1024/139 9970/185/139 9971/2210/139 9972/2211/139
f 9066/2368/5 9065/2367/5 9064/2366/5 9063/2375/5 9062/2374/5 9061/2373/5 9060/2372/5 9059/2371/5 9058/2370/5 9067/2369/5
f 9039/201/5 9038/199/5 9041/184/5 9040/203/5
f 9042/185/5 9047/184/5 9046/1148/5 9045/479/5 9044/1142/5 9043/482/5
f 9617/184/139 9614/231/139 9615/2376/139 9616/232/139
f 10010/2256/139 10011/2255/139 10012/2254/139 10013/2253/139 10014/2252/139 10015/2251/139 10016/608/139 10017/2250/139 10018/2249/139 10019/2248/139 10020/610/139 10021/2247/139 10022/2246/139 10023/2245/139 10024/221/139 9984/2244/139 9985/2243/139 9986/2242/139 9987/2209/139 9988/2241/139 9989/1024/139 9990/2240/139 9991/2239/139 9992/2270/139 9993/2269/139 9994/594/139 9995/2268/139 9996/2267/139 9997/2266/139 9998/186/139 9999/2265/139 10000/2264/139 10001/2263/139 10002/2262/139 10003/2261/139 10004/2260/139 10005/2259/139 10006/603/139 10007/2258/139 10008/2257/139 10009/2218/139
f 9049/2307/5 9048/185/5 9053/2306/5 9052/230/5 9051/2308/5 9050/229/5
f 9507/2380/5 9506/2381/5 9505/2382/5 9504/2383/5 9503/2384/5 9502/2385/5 9509/184/5 9508/2386/5
f 10050/2281/139 10051/2280/139 10052/2293/139 10053/2292/139 10054/2291/139 10055/2290/139 10056/2289/139 10057/2288/139 10058/2287/139 10059/2286/139 10060/2285/139 10061/2284/139 10048/2283/139 10049/2282/139
f 10075/2301/139 10076/2300/139 10077/1389/139 10078/2299/139 10079/2298/139 10080/1393/139 10070/2297/139 10071/2296/139 10072/1341/139 10073/1357/139 10074/189/139
f 9841/184/139 9838/223/139 9839/225/139 9840/227/139
f 9663/2084/139 9664/2083/139 9665/2082/139 9666/2081/139 9667/2080/139 9668/2079/139 9669/1194/139 9670/2078/139 9671/2077/139 9672/2076/139 9673/2075/139 9674/2074/139 9645/2073/139 9646/2072/139 9647/2071/139 9648/2070/139 9649/2097/139 9650/2096/139 9651/2095/139 9652/2094/139 9653/2093/139 9654/2092/139 9655/1184/139 9656/2091/139 9657/2090/139 9658/2089/139 9659/2088/139 9660/2087/139 9661/2086/139 9662/2085/139
f 9630/2387/139 9631/184/139 9628/2388/139 9629/2389/139
f 10153/2336/139 10097/2335/139 10098/2334/139 10099/2333/139 10100/2332/139 10101/2331/139 10102/2330/139 10103/2329/139 10104/2328/139 10105/2327/139 10106/2326/139 10107/2325/139 10108/2324/139 10109/2323/139 10110/2322/139 10111/2321/139 10112/2320/139 10113/2319/139 10114/2318/139 10115/2317/139 10116/2316/139 10117/2315/139 10118/2314/139 10119/2313/139 10120/2312/139 10121/2311/139 10122/2310/139 10123/2309/139 10124/2365/139 10125/2364/139 10126/2363/139 10127/2362/139 10128/2361/139 10129/2360/139 10130/2359/139 10131/2358/139 10132/2357/139 10133/2356/139 10134/2355/139 10135/2354/139 10136/2353/139 10137/2352/139 10138/2351/139 10139/2350/139 10140/2349/139 10141/2348/139 10142/2347/139 10143/2346/139 10144/2345/139 10145/2344/139 10146/2343/139 10147/2342/139 10148/2341/139 10149/2340/139 10150/2339/139 10151/2338/139 10152/2337/139
s 1
f 11801/2390/1789 11803/2391/1227 11802/1435/1227 11800/2392/1789
f 11337/845/1790 11339/857/1790 11341/869/1791 11340/870/1791 11338/858/1790 11336/846/1790 11334/836/1790 11332/185/1792 11333/191/1792 11335/835/1790
f 10237/2393/1793 10239/2394/1794 10238/1885/1794 10236/2395/1793
f 12145/2396/1795 12147/2397/1796 12146/2398/1796 12144/2399/1795
f 10353/2400/1797 10355/2401/1798 10354/2402/1798 10352/2403/1797 10350/1165/1797 10348/2404/1799 10349/2405/1799 10351/2406/1797
f 10215/495/1800 10214/487/1800 10212/2407/1801 10213/2408/1801
f 12015/2409/1802 12017/2410/1803 12016/1271/1803 12014/1268/1802 12012/1265/1802 12010/1920/1802 12008/1921/1802 12006/923/1804 12007/922/1804 12009/2411/1802 12011/2412/1802 12013/2413/1802
f 11629/2414/1805 11631/2415/1806 11630/2416/1806 11628/2417/1805
f 10265/2418/1807 10264/2419/1807 10262/2420/1808 10263/2421/1808
f 12207/2422/1809 12209/1517/1810 12208/1518/1810 12206/2423/1809 12204/1516/1809 12202/2424/1809 12200/1513/1811 12201/1512/1811 12203/2425/1809 12205/1515/1809
f 10403/2426/1812 10405/2427/1813 10407/2428/1813 10409/2429/1813 10411/2430/1814 10410/887/1814 10408/2431/1813 10406/2432/1813 10404/2433/1813 10402/2434/1812
f 12217/2435/1612 12219/2436/1815 12218/2437/1815 12216/2438/1612
f 11253/2439/1816 11255/2440/1817 11254/2441/1817 11252/2442/1816
f 12055/498/1818 12057/2443/1819 12056/451/1819 12054/187/1818
f 10863/2444/1820 10865/2445/1821 10864/2446/1821 10862/2447/1820
f 12355/2448/1822 12319/2449/1823 12318/2098/1823 12354/2450/1822
f 12131/2451/1824 12133/2452/1825 12132/2453/1825 12130/2454/1824
f 11143/2455/1826 11145/2456/1827 11144/2457/1827 11142/2458/1826
f 11401/2459/1828 11403/2460/1829 11402/2461/1829 11400/2462/1828 11398/2463/1828 11396/2464/1830 11397/2465/1830 11399/2466/1828
f 10371/2467/1831 10373/2468/1832 10372/2469/1832 10370/2470/1831 10368/2471/1831 10366/2472/1833 10367/2473/1833 10369/2474/1831
f 11523/293/1834 11525/2475/1835 11524/2476/1835 11522/294/1834 11520/2477/1834 11518/2478/1834 11516/188/1834 11514/301/1836 11515/300/1836 11517/219/1834 11519/2479/1834 11521/2480/1834
f 10893/2481/1837 10895/2482/1838 10894/2483/1838 10892/2484/1837
f 11869/2485/1839 11871/2486/1839 11873/2487/1840 11872/1595/1840 11870/2488/1839 11868/1594/1839 11866/199/1839 11864/1593/1839 11862/234/1839 11860/1592/1839 11858/2489/1839 11856/1591/1839 11854/2490/1841 11855/2491/1841 11857/2492/1839 11859/2493/1839 11861/2494/1839 11863/1018/1839 11865/2495/1839 11867/198/1839
f 12221/1529/1842 12223/2496/1842 12225/2497/1843 12224/2498/1843 12222/2499/1842 12220/1530/1842 12218/2437/1815 12219/2436/1815
f 11091/2500/1844 11093/2501/1845 11092/2502/1845 11090/2503/1844
f 11625/2504/1846 11627/2505/1847 11626/2506/1847 11624/2507/1846
f 11501/679/1848 11503/2508/1849 11502/2509/1849 11500/680/1848 11498/678/1848 11496/676/1848 11494/674/1850 11495/673/1850 11497/675/1848 11499/677/1848
f 11965/2510/1851 11967/2511/1852 11966/1907/1852 11964/1909/1851
f 11509/196/1853 11508/197/1853 11506/2512/1854 11507/2513/1854
f 12161/219/1855 12163/2514/1856 12162/2515/1856 12160/188/1855 12158/2516/1855 12156/2517/1855 12154/2518/1857 12155/2519/1857 12157/2520/1855 12159/2521/1855
f 10287/2522/1858 10286/2523/1858 10284/2524/1859 10285/2525/1859
f 10657/2526/1860 10656/2527/1860 10654/2528/1861 10655/2529/1861
f 10789/2530/1862 10791/2531/1863 10790/2532/1863 10788/2533/1862
f 11617/2534/1864 11619/2535/1865 11618/2536/1865 11616/2537/1864 11614/2538/1864 11612/2539/1866 11613/2540/1866 11615/2541/1864
f 10277/2542/1867 10276/2543/1867 10274/2544/1868 10275/2545/1868
f 12281/612/1869 12283/614/1869 12285/499/1869 12287/616/1869 12289/618/1869 12291/620/1869 12293/621/1869 12295/623/1869 12297/1895/1869 12299/266/1870 12298/269/1870 12296/210/1869 12294/624/1869 12292/622/1869 12290/209/1869 12288/619/1869 12286/617/1869 12284/189/1869 12282/615/1869 12280/613/1869 12278/208/1869 12276/610/1871 12277/609/1871 12279/611/1869
f 11655/2546/1872 11657/2547/1873 11656/2548/1873 11654/2549/1872
f 10277/2542/1867 10279/2550/1874 10278/2551/1874 10276/2543/1867
f 11141/2552/1875 11143/2455/1826 11142/2458/1826 11140/2553/1875
f 10419/857/1876 10421/869/1877 10420/870/1877 10418/858/1876 10416/846/1876 10414/185/1878 10415/191/1878 10417/845/1876
f 11945/905/1879 11947/2554/1879 11949/2555/1880 11948/1931/1880 11946/1932/1879 11944/906/1879 11942/1933/1881 11943/2556/1881
f 10929/1895/1882 10821/2557/1883 10820/2558/1883 10928/210/1882
f 11753/2559/1884 11752/2560/1884 11750/476/1885 11751/2561/1885
f 10871/606/1886 10873/2562/1887 10872/2214/1887 10870/207/1886
f 10395/2563/1888 10394/2564/1888 10392/2565/1889 10393/2566/1889
f 10831/2567/1890 10833/2568/1891 10832/2569/1891 10830/2570/1890 10828/2216/1890 10826/2571/1890 10824/2572/1890 10822/2573/1892 10823/2574/1892 10825/2575/1890 10827/2576/1890 10829/2577/1890
f 12245/1131/161 12247/1141/161 12249/497/161 12227/204/1893 12226/184/1893 12248/479/161 12246/1142/161 12244/1132/161 12242/2/161 12240/188/161 12238/1116/161 12236/1110/161 12234/487/1894 12235/495/1894 12237/1109/161 12239/1115/161 12241/219/161 12243/9/161
f 11633/2578/1895 11635/219/1896 11634/188/1896 11632/2579/1895
f 10799/2580/1897 10801/2581/1898 10800/2582/1898 10798/2583/1897
f 12183/2584/1899 12185/2585/1900 12184/2586/1900 12182/2587/1899 12180/2588/1899 12178/2589/1899 12176/2590/1901 12177/2591/1901 12179/2592/1899 12181/2593/1899
f 10339/2594/1902 10341/2595/1903 10340/2596/1903 10338/2597/1902
f 10341/2595/1903 10343/2598/1904 10342/2599/1904 10340/2596/1903
f 11153/2600/1905 11155/2601/947 11154/2602/947 11152/2603/1905 11150/2604/1905 11148/2605/1906 11149/2606/1906 11151/2607/1905
f 11125/2608/1907 11127/2609/1908 11126/2610/1908 11124/2611/1907
f 11157/2612/1909 11156/2613/1909 11154/2602/947 11155/2601/947
f 10861/2614/1910 10863/2444/1820 10862/2447/1820 10860/2615/1910
f 10355/2401/1798 10357/2616/1911 10356/2617/1911 10354/2402/1798
f 10357/2616/1911 10359/2618/1912 10358/1166/1912 10356/2617/1911
f 10359/2618/1912 10361/2619/1913 10360/478/1913 10358/1166/1912
f 10361/2619/1913 10363/2620/1914 10362/2621/1914 10360/478/1913
f 10363/2620/1914 10365/2622/1915 10364/2623/1915 10362/2621/1914
f 10365/2622/1915 10367/2473/1833 10366/2472/1833 10364/2623/1915
f 10387/2624/498 10389/2625/1916 10388/2626/1916 10386/1452/498 10384/2627/498 10382/185/1917 10383/191/1917 10385/2628/498
f 12343/2629/1918 12345/2630/1919 12344/1079/1919 12342/2631/1918 12340/199/1918 12338/2632/1918 12336/188/1918 12334/680/1920 12335/679/1920 12337/219/1918 12339/2633/1918 12341/198/1918
f 10187/2634/1921 10189/2635/1922 10188/2636/1922 10186/2308/1921 10184/2637/1921 10182/2638/1923 10183/2639/1923 10185/2640/1921
f 11755/2641/1924 11749/204/1925 11748/184/1925 11754/2642/1924
f 10389/2625/1916 10391/2643/1926 10390/1455/1926 10388/2626/1916
f 10391/2643/1926 10393/2566/1889 10392/2565/1889 10390/1455/1926
f 10197/2644/1927 10199/2645/1928 10198/2646/1928 10196/1172/1927
f 10797/2647/1929 10799/2580/1897 10798/2583/1897 10796/2648/1929 10794/2649/1929 10792/2650/1930 10793/2651/1930 10795/2652/1929
s 0
f 9069/2389/5 9068/2388/5 9071/184/5 9070/2387/5
s 1
f 10397/2653/1931 10399/2654/1932 10398/1414/1932 10396/2655/1931
f 10399/2654/1932 10401/2656/1933 10400/2657/1933 10398/1414/1932
f 10919/2658/1934 10921/2659/1935 10920/2660/1935 10918/2661/1934
f 10555/2466/1936 10557/2459/1937 10556/2462/1937 10554/2463/1936 10552/227/1936 10550/2662/1936 10548/2663/1938 10549/2664/1938 10551/2665/1936 10553/226/1936
f 10411/2430/1814 10413/2666/1939 10412/2667/1939 10410/887/1814
f 10413/2666/1939 10383/204/1917 10382/184/1917 10412/2667/1939
f 11769/2668/1940 11771/2669/1941 11770/2670/1941 11768/2671/1940 11766/2672/1940 11764/2673/1940 11762/2674/1185 11763/2675/1185 11765/2676/1940 11767/2677/1940
f 10611/2678/1942 10613/2679/1942 10615/2465/1942 10617/496/1942 10619/2664/1943 10618/2663/1943 10616/482/1942 10614/2464/1942 10612/2680/1942 10610/2681/1942 10608/2682/1942 10606/2683/1944 10607/2684/1944 10609/2685/1942
f 10421/869/1877 10423/2686/161 10422/2687/161 10420/870/1877
f 10423/2686/161 10425/871/159 10424/874/159 10422/2687/161
f 10425/871/159 10415/204/1878 10414/184/1878 10424/874/159
f 11427/200/1329 11429/202/1217 11428/203/1217 11426/201/1329 11424/708/1329 11422/199/1329 11420/188/1329 11418/197/1787 11419/196/1787 11421/219/1329 11423/198/1329 11425/707/1329
f 10783/2688/1945 10782/2689/1945 10780/2690/1946 10781/2691/1946
f 10679/2692/1947 10681/2693/1947 10683/2694/1948 10682/2695/1948 10680/2696/1947 10678/2697/1947 10676/2698/1947 10674/2699/1949 10675/2700/1949 10677/2701/1947
f 10481/2702/1950 10483/2703/1951 10482/2704/1951 10480/2705/1950
f 10483/2703/1951 10485/2706/1952 10484/2707/1952 10482/2704/1951
f 12045/2708/1953 12044/2709/1953 12042/2710/1954 12043/2711/1954
f 11357/2712/1955 11347/2713/1956 11346/2714/1956 11356/2715/1955
f 10207/2716/1957 10206/2717/1957 10204/2718/1958 10205/2719/1958
f 10501/2720/1959 10503/2721/1960 10502/2722/1961 10500/2723/1959
f 10503/2721/1960 10505/2724/1962 10504/2725/1962 10502/2722/1961
f 10505/2724/1962 10507/2726/1963 10506/2727/1963 10504/2725/1962
f 10509/191/1964 10511/2728/1965 10510/2729/1965 10508/185/1964
f 10511/2728/1965 10513/2730/1966 10512/2731/1966 10510/2729/1965
f 11689/2732/1967 11691/2733/1967 11693/2734/1967 11695/2735/1968 11694/2736/1968 11692/2737/1967 11690/2738/1967 11688/2152/1967 11686/2739/1797 11687/2740/1797
f 10325/1020/1969 10327/2741/1970 10326/2742/1970 10324/236/1969 10322/2743/1969 10320/2744/1971 10321/2745/1971 10323/2746/1969
f 10547/2465/1972 10549/2664/1938 10548/2663/1938 10546/2464/1972
f 10479/2747/1973 10481/2702/1950 10480/2705/1950 10478/2748/1973 10476/2749/1973 10474/2750/1974 10475/2751/1974 10477/2752/1973
f 10559/2753/1975 10509/204/1964 10508/184/1964 10558/2754/1975
f 11669/2755/1976 11671/2756/1977 11670/2757/1977 11668/2758/1976 11666/858/1976 11664/2759/1976 11662/2760/1978 11663/2761/1978 11665/2762/1976 11667/857/1976
f 11881/2763/1979 11883/2764/1980 11882/1602/1980 11880/2765/1979
f 11359/2766/1981 11361/2767/1981 11363/2768/1982 11362/414/1982 11360/413/1981 11358/411/1981 11384/391/1983 11385/2769/1983
f 11577/2770/1984 11579/2771/1985 11578/2772/1985 11576/2773/1984 11574/2774/1984 11572/2775/1986 11573/2776/1986 11575/2777/1984
f 12215/1521/1987 12217/2435/1612 12216/2438/1612 12214/1522/1987
f 10625/2665/1988 10627/2778/1989 10626/2779/1989 10624/2662/1988
f 10627/2778/1989 10629/2780/1990 10628/2781/1990 10626/2779/1989
f 10629/2780/1990 10631/2782/1991 10630/2783/1991 10628/2781/1990
f 10631/2782/1991 10633/2784/1992 10632/2785/1992 10630/2783/1991
f 10633/2784/1992 10635/2786/1993 10634/2787/1993 10632/2785/1992
f 10635/2786/1993 10637/226/1994 10636/227/1994 10634/2787/1993
f 10281/2788/1995 10283/2789/1995 10285/2525/1859 10284/2524/1859 10282/2790/1995 10280/2791/1995 10278/2551/1874 10279/2550/1874
f 12059/2792/1996 12061/2793/1996 12063/196/1996 12065/606/1997 12064/207/1997 12062/197/1996 12060/2794/1996 12058/2795/1996 12056/451/1819 12057/2443/1819
f 10331/2796/1998 10330/2797/1998 10328/482/1999 10329/496/1999
f 11205/2798/2000 11207/2799/2001 11206/2800/2001 11204/2801/2000
f 10869/2802/2002 10871/606/1886 10870/207/1886 10868/2803/2002
f 11591/2804/2003 11593/2805/2004 11592/2806/2004 11590/2807/2003
f 11101/2808/550 11103/2809/550 11105/2810/550 11107/2811/2005 11106/2812/2005 11104/2813/550 11102/2814/550 11100/2815/550 11098/2816/550 11096/2817/2006 11097/2818/2006 11099/2819/550
f 11299/2820/2007 11301/2821/2008 11300/2822/2008 11298/2823/2007 11296/2824/2007 11294/2825/2009 11295/2826/2009 11297/2827/2007
f 10673/2828/2010 10675/2700/1949 10674/2699/1949 10672/2829/2010
f 10641/2460/1792 10561/2830/2011 10560/2831/2011 10640/2461/1792
f 11187/2832/2012 11189/2833/2013 11188/2834/2013 11186/2835/2012 11184/2836/2012 11182/2837/2014 11183/2838/2014 11185/2839/2012
f 10683/2694/1948 10685/2840/2015 10684/2841/2015 10682/2695/1948
f 10685/2840/2015 10687/2842/2016 10686/2843/2016 10684/2841/2015
f 10687/2842/2016 10689/2844/2017 10688/2845/2017 10686/2843/2016
f 10689/2844/2017 10691/2846/2018 10690/2847/2018 10688/2845/2017
f 10691/2846/2018 10693/495/2019 10692/487/2019 10690/2847/2018
f 11235/2848/2020 11237/2849/158 11236/2850/158 11234/2851/2020
f 12163/2514/1856 12165/2852/2021 12164/2853/2021 12162/2515/1856
f 11653/2854/2022 11655/2546/1872 11654/2549/1872 11652/2855/2022
f 10785/2856/2023 10787/2857/2024 10786/2858/2024 10784/2859/2023
f 10887/2860/2025 10889/2861/2025 10891/2862/2025 10893/2481/1837 10892/2484/1837 10890/2863/2025 10888/2864/2025 10886/2865/2025 10884/2866/2026 10885/2867/2026
f 10455/2868/6 10457/2869/6 10459/2870/6 10461/2871/6 10463/2872/6 10465/2873/6 10467/2874/6 10469/2875/6 10471/2876/6 10473/2877/6 10475/2751/1974 10474/2750/1974 10472/2878/6 10470/2879/6 10468/2880/6 10466/2881/6 10464/2882/6 10462/2883/6 10460/2884/6 10458/2885/6 10456/2886/6 10454/2887/6 10452/2888/6 10450/2889/6 10448/2890/6 10446/2891/6 10444/2892/6 10442/2893/2027 10443/2894/2027 10445/2895/6 10447/2896/6 10449/2897/6 10451/2898/6 10453/2899/6
f 11713/2900/2028 11715/2901/2028 11717/877/2029 11716/878/2029 11714/2902/2028 11712/2903/2028 11710/2904/2030 11711/2905/2030
f 10771/2906/2031 10773/2907/2032 10772/2908/2032 10770/2909/2031
f 11557/2910/2033 11457/204/2034 11456/184/2034 11556/2911/2033
f 10541/2912/2035 10543/222/2035 10545/2678/2035 10547/2465/1972 10546/2464/1972 10544/2681/2035 10542/223/2035 10540/2913/2035 10538/2914/2035 10536/2915/2035 10534/2916/2036 10535/2917/2036 10537/2918/2035 10539/2919/2035
f 12041/2920/2037 12043/2711/1954 12042/2710/1954 12040/1068/2037
f 10743/2921/2038 10745/2922/2039 10744/2923/2039 10742/2924/2038
f 10215/495/1800 10217/2925/2040 10216/2926/2040 10214/487/1800
f 11201/2927/1898 11203/2928/2041 11202/2929/2041 11200/2930/1898
f 11977/2931/2042 11979/2932/2042 11981/2933/2042 11983/2934/2042 11985/2935/2042 11987/2936/2042 11989/2937/2042 11991/2938/2042 11993/2939/2043 11992/1235/2044 11990/1252/2042 11988/1248/2042 11986/1246/2042 11984/1243/2042 11982/1241/2042 11980/1281/2042 11978/1279/2042 11976/1278/2042 11974/187/2045 11975/498/2045
f 10857/2940/2046 10859/2941/2047 10858/2942/2047 10856/2943/2046
f 11493/671/2048 11495/673/1850 11494/674/1850 11492/672/2048 11490/670/2048 11488/668/2048 11486/195/2049 11487/194/2049 11489/667/2048 11491/669/2048
f 12225/2497/1843 12105/2944/2050 12104/2945/2050 12224/2498/1843
f 10769/2946/2051 10771/2906/2031 10770/2909/2031 10768/2947/2051
f 10161/2948/2052 10163/2949/2052 10165/2950/2052 10167/2951/2053 10166/1875/2053 10164/493/2052 10162/2307/2052 10160/1874/2052 10158/2952/2052 10156/1873/2052 10154/2953/2052 10380/2954/2052 10378/2955/2052 10376/2956/2052 10374/1167/2052 10372/2469/1832 10373/2468/1832 10375/2957/2052 10377/2958/2052 10379/2959/2052 10381/2960/2052 10155/2961/2052 10157/2962/2052 10159/2963/2052
f 10507/2726/1963 10427/2964/2054 10426/2965/2054 10506/2727/1963
f 11535/705/2055 11537/725/2056 11536/726/2056 11534/706/2055
f 10653/2966/2057 10655/2529/1861 10654/2528/1861 10652/2967/2057
f 10271/219/2058 10273/2968/2059 10272/2969/2059 10270/188/2058 10268/2970/2058 10266/1888/2058 10264/2419/1807 10265/2418/1807 10267/2971/2058 10269/2972/2058
f 10559/2753/1975 10558/2754/1975 10556/2462/1937 10557/2459/1937
f 12121/1471/2060 12123/2973/2060 12125/1473/2060 12127/2974/2061 12126/2975/2061 12124/1474/2060 12122/2976/2060 12120/1472/2060 12118/2977/2062 12119/2978/2062
f 11137/2979/2063 11139/2980/2064 11138/2981/2064 11136/2982/2063 11134/2983/2063 11132/2984/2065 11133/2985/2065 11135/2986/2063
f 10821/2557/1883 10823/2574/1892 10822/2573/1892 10820/2558/1883
f 12307/1031/2066 12309/224/2066 12311/247/2066 12313/1032/2066 12315/1033/2067 12314/434/2067 12312/443/2066 12310/190/2066 12308/225/2066 12306/457/2066 12304/221/2066 12302/1029/1877 12303/1028/1877 12305/220/2066
f 10227/2987/2068 10229/215/2068 10231/2988/2068 10233/2989/2069 10232/1883/2069 10230/2990/2068 10228/216/2068 10226/2991/2068 10224/1882/2070 10225/2992/2070
f 10515/2993/2071 10517/2994/2071 10519/211/2071 10521/2995/2071 10523/2996/2071 10525/2997/2071 10527/2998/2071 10529/213/2071 10531/2999/2071 10533/3000/2071 10535/2917/2036 10534/2916/2036 10532/3001/2071 10530/3002/2071 10528/214/2071 10526/3003/2071 10524/3004/2071 10522/3005/2071 10520/3006/2071 10518/212/2071 10516/3007/2071 10514/3008/2071 10512/2731/1966 10513/2730/1966
f 10207/2716/1957 10209/3009/2072 10208/3010/2072 10206/2717/1957
f 11675/3011/2073 11677/863/2074 11676/864/2074 11674/3012/2073 11672/3013/2073 11670/2757/1977 11671/2756/1977 11673/3014/2073
f 12167/3015/2075 12169/3016/2076 12168/3017/2076 12166/3018/2075
f 11555/3019/2077 11557/2910/2033 11556/2911/2033 11554/3020/2077 11552/3021/2077 11550/1224/2077 11548/1282/2078 11549/3022/2078 11551/1223/2077 11553/3023/2077
f 10907/3024/2079 10909/620/2079 10911/3025/2079 10913/3026/2080 10912/3027/2080 10910/3028/2079 10908/209/2079 10906/3029/2079 10904/3030/2079 10902/3031/2079 10900/236/2079 10898/3032/2079 10896/3033/2079 10894/2483/1838 10895/2482/1838 10897/3034/2079 10899/3035/2079 10901/1020/2079 10903/3036/2079 10905/3037/2079
f 11019/1028/2081 11021/219/2082 11020/188/2083 11018/1029/2081 11016/2208/2081 11014/1026/2084 11015/1025/2084 11017/3038/2081
f 10639/2466/2085 10641/2460/1792 10640/2461/1792 10638/2463/2085
f 10331/2796/1998 10333/3039/2086 10332/3040/2086 10330/2797/1998
f 10251/3041/2087 10253/3042/2088 10252/3043/2088 10250/3044/2087 10248/3045/2087 10246/1886/301 10247/3046/301 10249/3047/2087
f 11475/192/2089 11477/643/2089 11479/651/2090 11478/652/2090 11476/644/2089 11474/193/2089 11472/637/2091 11473/636/2091
f 11545/745/2092 11547/3048/2093 11546/3049/2093 11544/746/2092
f 10961/707/2094 10963/499/2095 10962/189/2095 10960/708/2094 10958/1079/2094 10956/3050/2096 10957/3051/2096 10959/2630/2094
f 12317/3052/1227 12301/3038/2097 12300/2208/2097 12316/3053/1227
f 11227/3054/2098 11077/204/2099 11076/184/2099 11226/3055/2098 11224/2822/2098 11222/2823/2100 11223/2820/2100 11225/2821/2098
f 10865/2445/1821 10867/1016/2101 10866/232/2101 10864/2446/1821
f 10801/2581/1898 10803/3056/2102 10802/3057/2102 10800/2582/1898
f 10921/2659/1935 10923/3058/2103 10922/3059/2103 10920/2660/1935
f 10923/3058/2103 10925/3060/2104 10924/3061/2104 10922/3059/2103
f 10925/3060/2104 10927/3062/2105 10926/3063/2106 10924/3061/2104
f 10927/3062/2105 10929/1895/1882 10928/210/1882 10926/3063/2106
f 10309/3064/2107 10311/1019/2108 10310/235/2108 10308/3065/2107 10306/3066/2107 10304/3067/2107 10302/1878/2107 10300/3068/2107 10298/3069/2107 10296/221/2109 10297/220/2109 10299/3070/2107 10301/3071/2107 10303/3072/2107 10305/3073/2107 10307/3074/2107
f 10807/3075/2110 10809/3076/2110 10811/3077/2110 10813/3078/2110 10815/3079/2110 10817/3080/2110 10819/3081/2110 10643/191/2110 10645/3082/2111 10644/3083/2111 10642/184/2110 10818/3084/2110 10816/3085/2110 10814/3086/2110 10812/3087/2110 10810/3088/2110 10808/3089/2110 10806/3090/2110 10804/3091/2112 10805/3092/2112
f 10949/3093/2113 10951/498/160 10950/187/160 10948/3094/2113
f 10951/498/160 10953/679/161 10952/680/161 10950/187/160
f 10953/679/161 10955/2443/159 10954/451/159 10952/680/161
f 10955/2443/159 10957/3051/2096 10956/3050/2096 10954/451/159
f 10963/499/2095 10965/3095/2114 10964/2026/2114 10962/189/2095
f 10965/3095/2114 10967/200/2115 10966/201/2115 10964/2026/2114
f 10967/200/2115 10969/3096/1655 10968/3097/1655 10966/201/2115
f 10991/191/161 10993/495/159 10992/487/159 10990/185/161
f 10993/495/159 10995/219/158 10994/188/158 10992/487/159
f 10995/219/158 10997/496/160 10996/482/160 10994/188/158
f 10997/496/160 10991/204/161 10990/184/161 10996/482/160
f 10999/191/161 11001/495/159 11000/487/159 10998/185/161
f 11001/495/159 11003/219/158 11002/188/158 11000/487/159
f 11003/219/158 11005/496/160 11004/482/160 11002/188/158
f 11005/496/160 10999/204/161 10998/184/161 11004/482/160
f 11007/191/2116 11009/3098/159 11008/2209/159 11006/185/2116
f 11009/3098/159 11011/1023/158 11010/1024/158 11008/2209/159
f 11011/1023/158 11013/211/160 11012/212/160 11010/1024/158
f 11013/211/160 11015/1025/2084 11014/1026/2084 11012/212/160
f 11197/3099/2117 11199/3100/2118 11198/3101/2118 11196/3102/2117
f 12323/1738/2119 12325/2920/2119 12327/3103/2119 12329/757/2119 12331/3093/2120 12330/3094/2120 12328/186/2119 12326/3104/2119 12324/1068/2119 12322/1283/2119 12320/1064/2119 12318/2098/1823 12319/2449/1823 12321/3105/2119
f 11021/219/2082 11023/1030/2121 11022/462/2121 11020/188/2083
f 11023/1030/2121 11025/3106/2122 11024/3107/2122 11022/462/2121
f 11025/3106/2122 11027/220/2123 11026/221/2123 11024/3107/2122
f 11027/220/2123 11029/3108/2124 11028/3109/2124 11026/221/2123
f 11037/191/2125 11039/3110/2126 11038/1440/2126 11036/185/2125
f 11039/3110/2126 11041/3111/1646 11040/1443/1646 11038/1440/2126
f 11053/3112/2127 11055/3113/160 11054/3114/160 11052/3115/2127
f 11055/3113/160 11057/2390/161 11056/2392/161 11054/3114/160
f 11057/2390/161 11059/3116/968 11058/1409/968 11056/2392/161
s 0
f 10065/2382/139 10066/2381/139 10067/2380/139 10068/2386/139 10069/184/139 10062/2385/139 10063/2384/139 10064/2383/139
s 1
f 11075/2430/2128 11037/204/2125 11036/184/2125 11074/887/2128
f 11973/3117/2129 11975/498/2045 11974/187/2045 11972/1277/2129 11970/1905/2129 11968/1906/2130 11969/3118/2130 11971/3119/2129
f 10699/3120/2131 10701/3121/2131 10703/3122/2131 10705/3123/2131 10707/3124/2131 10709/3125/2132 10708/3126/2132 10706/3127/2131 10704/3128/2131 10702/3129/2131 10700/3130/2131 10698/3131/2131 10696/3132/2131 10694/3133/2133 10695/3134/2133 10697/3135/2131
f 10737/3136/2134 10739/3137/2134 10741/3138/2134 10743/2921/2038 10742/2924/2038 10740/3139/2134 10738/3140/2134 10736/3141/2134 10734/3142/2135 10735/3143/2135
f 10855/3144/2136 10857/2940/2046 10856/2943/2046 10854/3145/2136 10852/206/2136 10850/3146/2137 10851/3147/2137 10853/597/2136
f 10783/2688/1945 10785/2856/2023 10784/2859/2023 10782/2689/1945
f 12143/3148/2138 12145/2396/1795 12144/2399/1795 12142/3149/2138
f 10203/3150/2139 10205/2719/1958 10204/2718/1958 10202/3151/2139
f 11289/2928/2140 11291/2799/2140 11293/3152/2140 11295/2826/2009 11294/2825/2009 11292/3153/2140 11290/2800/2140 11288/2929/2140 11286/3101/2140 11284/3154/2140 11282/3155/2140 11280/3156/2140 11278/3157/2141 11279/3158/2141 11281/3159/2140 11283/3160/2140 11285/3161/2140 11287/3100/2140
f 10337/1021/2142 10339/2594/1902 10338/2597/1902 10336/237/2142 10334/3162/2142 10332/3040/2086 10333/3039/2086 10335/3163/2142
f 11277/3164/2143 11279/3158/2141 11278/3157/2141 11276/3165/2143 11274/3166/2143 11272/3167/2144 11273/3168/2144 11275/3169/2143
f 12117/1469/2145 12119/2978/2062 12118/2977/2062 12116/1470/2145 12114/3170/2145 12112/3171/2146 12113/3172/2146 12115/3173/2145
f 10727/3174/2147 10729/3175/2148 10728/3176/2148 10726/3177/2147 10724/3178/2147 10722/3179/2147 10720/3180/2149 10721/3181/2149 10723/3182/2147 10725/3183/2147
f 10649/3184/2150 10651/3185/2151 10650/3186/2151 10648/3187/2150 10646/3188/2150 10644/3083/2111 10645/3082/2111 10647/3189/2150
f 11131/3190/2152 11133/2985/2065 11132/2984/2065 11130/3191/2152
f 10261/3192/2153 10263/2421/1808 10262/2420/1808 10260/3193/2153 10258/3194/2153 10256/3195/2154 10257/3196/2154 10259/3197/2153
f 11031/499/2155 11033/222/2155 11035/224/2155 11007/204/2116 11006/184/2116 11034/225/2155 11032/223/2155 11030/189/2155 11028/3109/2124 11029/3108/2124
f 11145/2456/1827 11147/219/161 11146/188/161 11144/2457/1827
f 11147/219/161 11149/2606/1906 11148/2605/1906 11146/188/161
f 12193/3198/2156 12195/3199/2157 12194/3200/2157 12192/3201/2156
f 11203/2928/2041 11205/2798/2000 11204/2801/2000 11202/2929/2041
f 11173/3202/2158 11172/3203/2158 11170/3204/2159 11171/3205/2159
f 11169/3206/2160 11171/3205/2159 11170/3204/2159 11168/3207/2160
f 11265/3208/1512 11267/3209/2161 11266/3210/2161 11264/3211/1512
f 12083/3212/2162 12085/3213/2163 12084/473/2163 12082/3214/2162 12080/3215/2162 12078/3216/2164 12079/3217/2164 12081/3218/2162
f 11465/1738/2165 11467/3219/2166 11466/3220/2166 11464/1283/2165 11462/3221/2165 11460/3222/2165 11458/3223/2165 11456/185/2034 11457/191/2034 11459/3224/2165 11461/3225/2165 11463/3226/2165
f 11169/3206/2160 11168/3207/2160 11166/3227/2167 11167/3228/2167
f 11161/3229/2168 11163/3230/2169 11162/3231/2169 11160/3232/2168
f 12199/3233/2170 12201/1512/1811 12200/1513/1811 12198/3234/2170
f 10751/3235/2171 10753/3236/2171 10755/3237/2171 10757/3238/2172 10756/3239/2172 10754/3240/2171 10752/3241/2171 10750/3242/2171 10748/3243/2171 10746/3244/2171 10744/2923/2039 10745/2922/2039 10747/3245/2171 10749/3246/2171
f 11941/3247/2173 11943/2556/1881 11942/1933/1881 11940/1935/2173
f 12099/3248/2174 12101/3249/2174 12103/3250/2174 12033/3251/2175 12032/3252/2175 12102/436/2174 12100/3253/2174 12098/431/2174 12096/210/2174 12094/3254/2176 12095/3255/2176 12097/1895/2174
f 11309/211/2177 11311/1025/2177 11313/3256/2177 11315/3038/2178 11314/2208/2179 11312/3257/2180 11310/1026/2180 11308/212/2180 11306/1024/2181 11307/1023/2182
f 11709/871/2183 11711/2905/2030 11710/2904/2030 11708/874/2183 11706/3258/2183 11704/3259/2184 11705/3260/2184 11707/3261/2183
f 11199/3100/2118 11201/2927/1898 11200/2930/1898 11198/3101/2118
f 11471/635/2185 11473/636/2091 11472/637/2091 11470/638/2185 11468/3262/2185 11466/3220/2166 11467/3219/2166 11469/3263/2185
f 11215/3264/2186 11217/3265/2187 11216/3266/2187 11214/3267/2186 11212/2825/2186 11210/3268/2186 11208/3153/2188 11209/3152/2188 11211/3269/2186 11213/2826/2186
f 10787/2857/2024 10789/2530/1862 10788/2533/1862 10786/2858/2024
f 11269/3270/2189 11271/3271/2190 11270/3272/2190 11268/3273/2189
f 12135/1503/2191 12134/1504/2191 12132/2453/1825 12133/2452/1825
f 11115/3274/2192 11117/3275/2193 11116/3276/2193 11114/3277/2192 11112/3278/2192 11110/3279/2192 11108/3280/2192 11106/2812/2005 11107/2811/2005 11109/3281/2192 11111/3282/2192 11113/3283/2192
f 12093/3284/2194 12095/3255/2176 12094/3254/2176 12092/3285/2194
f 11229/191/2195 11231/3286/2196 11230/3287/2196 11228/185/2195
f 11231/3286/2196 11233/3288/1965 11232/3289/1965 11230/3287/2196
f 11661/3290/2197 11663/2761/1978 11662/2760/1978 11660/3291/2197 11658/3292/2197 11656/2548/1873 11657/2547/1873 11659/3293/2197
f 10693/495/2019 10695/3134/2133 10694/3133/2133 10692/487/2019
f 11233/3288/1965 11235/2848/2020 11234/2851/2020 11232/3289/1965
f 11245/2608/2198 11247/3294/219 11246/3295/219 11244/2611/2198
f 11247/3294/219 11249/2609/2199 11248/2610/2199 11246/3295/219
f 11249/2609/2199 11251/3296/2200 11250/3297/2200 11248/2610/2199
f 11251/3296/2200 11253/2439/1816 11252/2442/1816 11250/3297/2200
f 12085/3213/2163 12087/3298/2201 12086/3299/2201 12084/473/2163
f 12257/496/2202 12259/1141/2202 12261/497/2203 12260/479/2203 12258/1142/2202 12256/482/2202 12254/1132/2202 12252/491/2204 12253/494/2204 12255/1131/2202
f 10779/3300/2205 10778/3301/2205 10776/3302/2206 10777/3303/2206
f 11165/3304/2207 11167/3228/2167 11166/3227/2167 11164/3305/2207
f 11625/2504/1846 11624/2507/1846 11622/2183/2208 11623/3306/2208
f 10223/3307/2209 10225/2992/2070 10224/1882/2070 10222/3308/2209 10220/3309/2209 10218/231/2210 10219/1015/2210 10221/3310/2209
f 12111/1465/2211 12113/3172/2146 12112/3171/2146 12110/1466/2211 12108/3311/2211 12106/1464/2211 12104/2945/2050 12105/2944/2050 12107/1463/2211 12109/3312/2211
f 11697/3313/2212 11696/3314/2212 11694/2736/1968 11695/2735/1968
f 11631/2415/1806 11633/2578/1895 11632/2579/1895 11630/2416/1806
f 11887/202/2213 11889/3315/2213 11891/3316/2213 11893/3317/2213 11895/3318/2213 11897/3319/2213 11899/3320/2213 11807/204/2214 11806/184/2214 11898/1607/2213 11896/3321/2213 11894/1606/2213 11892/1605/2213 11890/3322/2213 11888/1604/2213 11886/203/2213 11884/1603/2215 11885/3323/2215
f 10779/3300/2205 10781/2691/1946 10780/2690/1946 10778/3301/2205
f 10491/3324/2216 10493/3325/2216 10495/3326/2216 10497/3327/2216 10499/3328/2216 10501/2720/1959 10500/2723/1959 10498/3329/2216 10496/3330/2216 10494/3331/2216 10492/3332/2216 10490/3333/2216 10488/3334/2216 10486/3335/2217 10487/3336/2217 10489/3337/2216
f 11301/2821/2008 11229/204/2195 11228/184/2195 11300/2822/2008
f 11303/191/2218 11305/3098/2219 11304/2209/2220 11302/185/2221
f 11305/3098/2219 11307/1023/2182 11306/1024/2181 11304/2209/2220
f 11315/3038/2178 11317/1028/2222 11316/1029/2223 11314/2208/2179
f 11317/1028/2222 11319/219/2224 11318/188/2225 11316/1029/2223
f 11319/219/2224 11321/1030/2226 11320/462/2227 11318/188/2225
f 11321/1030/2226 11323/3106/2228 11322/3107/2229 11320/462/2227
f 11161/3229/2168 11160/3232/2168 11158/3338/2230 11159/3339/2230
f 10175/3340/2231 10177/3341/2232 10179/3342/2232 10181/3343/2232 10183/2639/1923 10182/2638/1923 10180/3344/2232 10178/3345/2232 10176/3346/2232 10174/3347/2231
f 11331/3052/2233 11303/204/2218 11302/184/2221 11330/3053/2234
f 11811/3348/2235 11813/3349/2235 11815/1013/2235 11817/3350/2235 11819/192/2235 11821/3351/2235 11823/3352/2235 11825/3353/2235 11827/3354/2235 11829/1015/2235 11831/194/2235 11833/3355/2235 11835/3356/2235 11837/1016/2235 11839/3357/2235 11841/3358/2235 11843/3359/2235 11845/196/2235 11847/3360/2235 11849/1017/2235 11851/3361/2235 11853/3362/2235 11855/2491/1841 11854/2490/1841 11852/1590/2235 11850/3363/2235 11848/233/2235 11846/1589/2235 11844/197/2235 11842/3364/2235 11840/1588/2235 11838/3365/2235 11836/232/2235 11834/1585/2235 11832/3366/2235 11830/195/2235 11828/231/2235 11826/1584/2235 11824/1583/2235 11822/1581/2235 11820/1579/2235 11818/193/2235 11816/1575/2235 11814/229/2235 11812/1572/2235 11810/1570/2235 11808/1568/2235 11806/185/2214 11807/191/2214 11809/3367/2235
f 11341/869/1791 11343/2686/161 11342/2687/161 11340/870/1791
f 11343/2686/161 11345/871/159 11344/874/159 11342/2687/161
f 11345/871/159 11333/204/1792 11332/184/1792 11344/874/159
f 10435/3368/2236 10437/3369/2236 10439/3370/2236 10441/3371/2236 10443/2894/2027 10442/2893/2027 10440/3372/2236 10438/3373/2236 10436/3374/2236 10434/3375/2236 10432/3376/2236 10430/3377/2236 10428/3378/2236 10426/2965/2054 10427/2964/2054 10429/3379/2236 10431/3380/2236 10433/3381/2236
f 11347/2713/1956 11349/1093/158 11348/1094/158 11346/2714/1956
f 11349/1093/158 11351/3382/160 11350/3383/160 11348/1094/158
f 11351/3382/160 11353/494/2237 11352/491/2238 11350/3383/160
f 11627/2505/1847 11629/2414/1805 11628/2417/1805 11626/2506/1847
f 11797/3112/2239 11799/3113/2240 11798/3114/2240 11796/3115/2239 11794/3384/2239 11792/1440/2239 11790/185/2241 11791/191/2241 11793/3110/2239 11795/3385/2239
f 11355/1125/2237 11357/2712/1955 11356/2715/1955 11354/1126/2237
f 11789/3386/2242 11757/204/2243 11756/184/2243 11788/3387/2242 11786/3388/2242 11784/3389/2242 11782/3390/2242 11780/3391/2244 11781/3392/2244 11783/3393/2242 11785/3394/2242 11787/3395/2242
f 10233/2989/2069 10235/3396/2245 10234/1884/2245 10232/1883/2069
f 11059/3116/968 11061/3397/2246 11060/1411/2246 11058/1409/968
f 11513/3398/2247 11515/300/1836 11514/301/1836 11512/3399/2247
f 12128/3400/2248 12129/3401/2248 12131/2451/1824 12130/2454/1824 12126/2975/2061 12127/2974/2061
f 10773/2907/2032 10775/3402/2249 10774/3403/2249 10772/2908/2032
f 10637/226/1994 10639/2466/2085 10638/2463/2085 10636/227/1994
f 11363/2768/1982 11365/3404/2250 11364/415/2250 11362/414/1982
f 11365/3404/2250 11367/3405/2251 11366/416/2251 11364/415/2250
f 11367/3405/2251 11369/3406/2251 11368/399/2251 11366/416/2251
f 11369/3406/2251 11371/3407/2252 11370/400/2252 11368/399/2251
f 11371/3407/2252 11373/3408/2253 11372/401/2253 11370/400/2252
f 11379/3409/2044 11381/3410/159 11380/1287/159 11378/1286/2044
f 11381/3410/159 11383/3411/158 11382/3412/158 11380/1287/159
f 11383/3411/158 11385/2769/1983 11384/391/1983 11382/3412/158
f 11387/191/2254 11389/2728/2255 11388/2729/2255 11386/185/2254
f 11131/3190/2152 11130/3191/2152 11128/3297/2256 11129/3296/2256
f 12191/1509/2257 12193/3198/2156 12192/3201/2156 12190/1510/2257 12188/3413/2257 12186/3414/2257 12184/2586/1900 12185/2585/1900 12187/3415/2257 12189/3416/2257
f 11391/3417/2258 11393/3418/2259 11392/3419/2259 11390/3420/2258
f 11393/3418/2259 11395/219/2260 11394/188/2260 11392/3419/2259
f 11207/2799/2001 11209/3152/2188 11208/3153/2188 11206/2800/2001
f 11403/2460/1829 11405/2753/2261 11404/2754/2261 11402/2461/1829
f 11405/2753/2261 11387/204/2254 11386/184/2254 11404/2754/2261
f 11431/3022/2262 11433/3421/161 11432/3422/161 11430/1282/2262
f 11433/3421/161 11407/204/1788 11406/184/1788 11432/3422/161
f 11435/191/159 11437/192/2263 11436/193/2263 11434/185/159
f 11437/192/2263 11439/194/2264 11438/195/2264 11436/193/2263
f 11439/194/2264 11441/196/160 11440/197/160 11438/195/2264
f 11441/196/160 11443/198/161 11442/199/161 11440/197/160
f 11443/198/161 11445/200/161 11444/201/161 11442/199/161
f 11445/200/161 11447/202/161 11446/203/161 11444/201/161
f 11447/202/161 11435/204/159 11434/184/159 11446/203/161
f 11449/191/161 11451/495/159 11450/487/159 11448/185/161
f 11451/495/159 11453/219/158 11452/188/158 11450/487/159
f 11453/219/158 11455/496/160 11454/482/160 11452/188/158
f 11455/496/160 11449/204/161 11448/184/161 11454/482/160
f 10199/2645/1928 10201/1014/2265 10200/230/2265 10198/2646/1928
f 12143/3148/2138 12142/3149/2138 12140/3423/2266 12141/3424/2266
f 10859/2941/2047 10861/2614/1910 10860/2615/1910 10858/2942/2047
f 12045/2708/1953 12047/3425/2267 12046/3426/2267 12044/2709/1953
f 10579/3427/6 10581/3428/6 10583/3429/6 10585/3430/6 10587/217/6 10589/3431/6 10591/3432/6 10593/3196/6 10595/3433/6 10597/2525/6 10599/3434/6 10601/220/6 10603/3435/6 10605/3436/6 10607/2684/1944 10606/2683/1944 10604/3437/6 10602/3438/6 10600/221/6 10598/3439/6 10596/2524/6 10594/3440/6 10592/3195/6 10590/3441/6 10588/3442/6 10586/218/6 10584/3443/6 10582/3444/6 10580/3445/6 10578/3446/6 10576/3447/6 10574/3448/6 10572/3002/6 10570/214/6 10568/3003/6 10566/3004/6 10564/490/6 10562/3005/6 10560/2831/2011 10561/2830/2011 10563/2996/6 10565/3449/6 10567/2997/6 10569/2998/6 10571/213/6 10573/2999/6 10575/3450/6 10577/3451/6
f 10653/2966/2057 10652/2967/2057 10650/3186/2151 10651/3185/2151
f 11267/3209/2161 11269/3270/2189 11268/3273/2189 11266/3210/2161
f 12135/1503/2191 12137/1507/2268 12136/1508/2268 12134/1504/2191
f 10245/3452/2269 10247/3046/301 10246/1886/301 10244/3453/2269
f 11511/288/2270 11513/3398/2247 11512/3399/2247 11510/289/2270
f 11719/3454/2271 11721/3455/2271 11723/3456/2271 11725/3457/2271 11559/191/2271 11561/3458/2271 11563/3459/2271 11565/3460/2271 11567/3461/2271 11569/931/2271 11571/3462/2272 11570/3463/2272 11568/930/2271 11566/3464/2271 11564/3465/2271 11562/3466/2271 11560/3467/2271 11558/184/2271 11724/3468/2271 11722/3469/2271 11720/3470/2271 11718/3471/2271 11716/878/2029 11717/877/2029
f 11509/196/1853 11511/288/2270 11510/289/2270 11508/197/1853
f 11389/2728/2255 11391/3417/2258 11390/3420/2258 11388/2729/2255
f 11485/663/2273 11487/194/2049 11486/195/2049 11484/664/2273 11482/660/2273 11480/656/2273 11478/652/2090 11479/651/2090 11481/655/2273 11483/659/2273
f 10273/2968/2059 10275/2545/1868 10274/2544/1868 10272/2969/2059
f 10849/3472/2274 10851/3147/2137 10850/3146/2137 10848/3473/2274 10846/230/2274 10844/3474/2274 10842/3475/2274 10840/2215/2274 10838/205/2274 10836/3476/2274 10834/229/2274 10832/2569/1891 10833/2568/1891 10835/1013/2274 10837/3477/2274 10839/592/2274 10841/3478/2274 10843/3479/2274 10845/3480/2274 10847/1014/2274
f 11527/3481/2275 11529/3482/2276 11528/3483/2276 11526/3484/2275
f 11529/3482/2276 11531/701/2277 11530/704/2277 11528/3483/2276
f 11531/701/2277 11533/702/2278 11532/703/2278 11530/704/2277
f 11533/702/2278 11535/705/2055 11534/706/2055 11532/703/2278
f 11195/3485/2279 11197/3099/2117 11196/3102/2117 11194/3486/2279 11192/3154/2279 11190/3487/2279 11188/2834/2013 11189/2833/2013 11191/3488/2279 11193/3161/2279
f 11639/3489/2280 11641/3490/2281 11640/3491/2281 11638/3492/2280 11636/3493/2280 11634/188/1896 11635/219/1896 11637/3494/2280
f 12031/3495/2282 11919/3496/2283 11918/3497/2283 12030/1917/2282
f 11679/224/2284 11681/3498/2284 11683/3499/2285 11682/3500/2285 11680/3501/2284 11678/225/2284 11676/864/2074 11677/863/2074
f 11395/219/2260 11397/2465/1830 11396/2464/1830 11394/188/2260
f 11089/3502/2286 11091/2500/1844 11090/2503/1844 11088/3503/2286 11086/3504/2286 11084/2851/2287 11085/2848/2287 11087/3505/2286
f 11181/3506/2288 11183/2838/2014 11182/2837/2014 11180/3507/2288
f 12137/1507/2268 12139/1307/2289 12138/1310/2289 12136/1508/2268
f 10803/3056/2102 10805/3092/2112 10804/3091/2112 10802/3057/2102
f 10623/3508/2290 10625/2665/1988 10624/2662/1988 10622/3509/2290
f 11651/3510/2291 11653/2854/2022 11652/2855/2022 11650/3511/2291 11648/3512/2291 11646/3513/2292 11647/3514/2292 11649/3515/2291
f 11243/3275/2293 11245/2608/2198 11244/2611/2198 11242/3276/2293
f 11083/3516/2294 11085/2848/2287 11084/2851/2287 11082/3517/2294 11080/3289/2294 11078/3287/2294 11076/185/2099 11077/191/2099 11079/3286/2294 11081/3288/2294
f 10243/1016/2295 10245/3452/2269 10244/3453/2269 10242/232/2295
f 12165/2852/2021 12167/3015/2075 12166/3018/2075 12164/2853/2021
f 11581/213/2296 11583/787/2297 11582/788/2297 11580/214/2296
f 11583/787/2297 11585/3518/2298 11584/3519/2298 11582/788/2297
f 11585/3518/2298 11587/3520/2299 11586/3521/2299 11584/3519/2298
f 11587/3520/2299 11589/3522/2300 11588/3523/2300 11586/3521/2299
f 11589/3522/2300 11591/2804/2003 11590/2807/2003 11588/3523/2300
f 11571/3462/2272 11573/2776/1986 11572/2775/1986 11570/3463/2272
f 12197/3524/2301 12199/3233/2170 12198/3234/2170 12196/3525/2301
f 11505/3526/2302 11504/3527/2302 11502/2509/1849 11503/2508/1849
f 11923/3528/2303 11925/3529/2304 11924/3530/2304 11922/1898/2303 11920/892/2303 11918/3497/2283 11919/3496/2283 11921/891/2303
f 11221/3531/2305 11223/2820/2100 11222/2823/2100 11220/3532/2305 11218/2824/2305 11216/3266/2187 11217/3265/2187 11219/2827/2305
f 11623/3306/2208 11622/2183/2208 11620/3533/2306 11621/3534/2306
f 11685/869/2307 11687/2740/1797 11686/2739/1797 11684/870/2307
f 12269/602/2308 12271/604/2308 12273/606/2308 12275/607/2309 12274/608/2309 12272/207/2308 12270/605/2308 12268/603/2308 12266/187/2308 12264/185/888 12265/191/888 12267/498/2308
f 10211/3535/2310 10213/2408/1801 10212/2407/1801 10210/3536/2310
f 11377/3537/2311 11379/3409/2044 11378/1286/2044 11376/404/2311 11374/402/2311 11372/401/2253 11373/3408/2253 11375/3538/2311
f 11353/494/2237 11355/1125/2237 11354/1126/2237 11352/491/2238
f 10211/3535/2310 10210/3536/2310 10208/3010/2072 10209/3009/2072
f 11157/2612/1909 11159/3339/2230 11158/3338/2230 11156/2613/1909
f 11127/2609/1908 11129/3296/2256 11128/3297/2256 11126/2610/1908
f 12053/3539/2312 12055/498/1818 12054/187/1818 12052/3540/2312 12050/3541/2312 12048/195/2312 12046/3426/2267 12047/3425/2267 12049/194/2312 12051/3542/2312
f 10289/3543/2313 10291/3544/2313 10293/3545/2314 10292/3546/2314 10290/3547/2313 10288/1876/2313 10286/2523/1858 10287/2522/1858
f 11123/3548/2315 11125/2608/1907 11124/2611/1907 11122/3549/2315 11120/3550/2315 11118/3551/2315 11116/3276/2193 11117/3275/2193 11119/3552/2315 11121/3553/2315
f 11179/3554/2316 11181/3506/2288 11180/3507/2288 11178/3555/2316 11176/3166/2316 11174/3556/2317 11175/3557/2317 11177/3169/2316
f 10235/3396/2245 10237/2393/1793 10236/2395/1793 10234/1884/2245
f 11093/2501/1845 11095/3558/2318 11094/3559/2318 11092/2502/1845
f 12005/3560/2319 12007/922/1804 12006/923/1804 12004/1924/2319
f 10239/2394/1794 10241/3561/2320 10240/3562/2320 10238/1885/1794
f 10775/3402/2249 10777/3303/2206 10776/3302/2206 10774/3403/2249
f 10971/3213/2321 10973/733/2321 10975/3563/2321 10977/247/2321 10979/202/2321 10981/3564/2321 10983/3248/2321 10985/3022/2321 10987/3250/2321 10989/2448/2321 10931/191/2321 10933/3105/2321 10935/2920/2321 10937/192/2321 10939/3565/2321 10941/653/2321 10943/3566/2321 10945/3567/2321 10947/194/2321 10949/3093/2113 10948/3094/2113 10946/195/2321 10944/3568/2321 10942/468/2321 10940/654/2321 10938/466/2321 10936/193/2321 10934/1068/2321 10932/1064/2321 10930/184/2321 10988/2450/2321 10986/436/2321 10984/1282/2321 10982/431/2321 10980/3569/2321 10978/203/2321 10976/190/2321 10974/438/2321 10972/734/2321 10970/473/2321 10968/3097/1655 10969/3096/1655
f 10791/2531/1863 10793/2651/1930 10792/2650/1930 10790/2532/1863
f 10255/3570/2322 10257/3196/2154 10256/3195/2154 10254/3571/2322
f 11165/3304/2207 11164/3305/2207 11162/3231/2169 11163/3230/2169
f 11727/191/159 11729/213/2263 11728/214/2263 11726/185/159
f 11729/213/2263 11731/217/2264 11730/218/2264 11728/214/2263
f 11731/217/2264 11733/220/160 11732/221/160 11730/218/2264
f 11733/220/160 11735/224/161 11734/225/161 11732/221/160
f 11735/224/161 11727/204/159 11726/184/159 11734/225/161
f 11737/191/2226 11739/3572/2323 11738/3573/2324 11736/185/2227
f 11739/3572/2323 11741/770/2325 11740/771/2326 11738/3573/2324
f 11741/770/2325 11743/781/2222 11742/782/2223 11740/771/2326
f 11743/781/2222 11745/793/2327 11744/794/2328 11742/782/2223
f 12263/1147/2329 12251/1093/2330 12250/1094/2330 12262/1148/2329
f 11747/871/2331 11737/204/2226 11736/184/2227 11746/874/2332
f 11749/191/1925 11751/2561/1885 11750/476/1885 11748/185/1925
f 12153/3574/2333 12155/2519/1857 12154/2518/1857 12152/3575/2333 12150/3576/2333 12148/3577/2333 12146/2398/1796 12147/2397/1796 12149/3578/2333 12151/3579/2333
f 11525/2475/1835 11527/3481/2275 11526/3484/2275 11524/2476/1835
f 12195/3199/2157 12197/3524/2301 12196/3525/2301 12194/3200/2157
f 11753/2559/1884 11755/2641/1924 11754/2642/1924 11752/2560/1884
f 11241/3283/2334 11243/3275/2293 11242/3276/2293 11240/3278/2334 11238/3280/2334 11236/2850/158 11237/2849/158 11239/3281/2334
f 11757/191/2243 11759/3580/159 11758/3581/159 11756/185/2243
f 11759/3580/159 11761/3582/158 11760/3583/158 11758/3581/159
f 11761/3582/158 11763/2675/1185 11762/2674/1185 11760/3583/158
f 11771/2669/1941 11773/3584/2335 11772/3585/2335 11770/2670/1941
f 11773/3584/2335 11775/3586/2336 11774/3587/2336 11772/3585/2335
f 11775/3586/2336 11777/3588/2337 11776/3589/2337 11774/3587/2336
f 11777/3588/2337 11779/3590/2338 11778/3591/2338 11776/3589/2337
f 11141/2552/1875 11140/2553/1875 11138/2981/2064 11139/2980/2064
s 0
f 9842/185/139 9843/207/139 9844/210/139 9845/269/139 9846/184/139
f 9754/2107/139 9751/2110/139 9752/2109/139 9753/2108/139
f 9601/184/139 9598/199/139 9599/201/139 9600/203/139
s 1
f 11745/793/2327 11747/871/2331 11746/874/2332 11744/794/2328
f 11799/3113/2240 11801/2390/1789 11800/2392/1789 11798/3114/2240
f 12397/2541/2339 12399/820/2339 12401/244/2339 12403/835/2339 12405/845/2340 12404/846/2340 12402/836/2339 12400/245/2339 12398/821/2339 12396/2538/2339 12394/794/2339 12392/185/2341 12393/191/2341 12395/793/2339
f 11803/2391/1227 11805/2430/2263 11804/887/2263 11802/1435/1227
f 11805/2430/2263 11791/204/2241 11790/184/2241 11804/887/2263
f 10171/3592/2342 10173/3593/2342 10175/3340/2231 10174/3347/2231 10172/3594/2342 10170/3595/2342 10168/3596/2342 10166/1875/2053 10167/2951/2053 10169/3597/2342
f 11875/1019/2343 11877/3598/2344 11876/3599/2344 11874/235/2343
f 11877/3598/2344 11879/3600/2345 11878/1596/2345 11876/3599/2344
f 11879/3600/2345 11881/2763/1979 11880/2765/1979 11878/1596/2345
f 11537/725/2056 11539/729/2346 11538/730/2346 11536/726/2056
f 11883/2764/1980 11885/3323/2215 11884/1603/2215 11882/1602/1980
f 11263/3601/2347 11265/3208/1512 11264/3211/1512 11262/3602/2347
f 11901/191/161 11903/495/159 11902/487/159 11900/185/161
f 11903/495/159 11905/219/158 11904/188/158 11902/487/159
f 11905/219/158 11907/496/160 11906/482/160 11904/188/158
f 11907/496/160 11901/204/161 11900/184/161 11906/482/160
f 11909/191/161 11911/213/159 11910/214/159 11908/185/161
f 11911/213/159 11913/217/158 11912/218/158 11910/214/159
f 11913/217/158 11915/220/2348 11914/221/2348 11912/218/158
f 11915/220/2348 11917/224/1894 11916/225/1894 11914/221/2348
f 11917/224/1894 11909/204/161 11908/184/161 11916/225/1894
f 10661/3603/2349 10663/3604/2350 10662/3605/2350 10660/3606/2349 10658/3607/2349 10656/2527/1860 10657/2526/1860 10659/3608/2349
f 12067/3609/2351 12069/3610/2351 12071/3611/2352 12070/3612/2352 12068/316/2351 12066/3613/2351 12064/207/1997 12065/606/1997
f 12025/3614/2353 12024/1275/2353 12022/766/2354 12023/765/2354
f 10293/3545/2314 10295/3615/2355 10294/1877/2355 10292/3546/2314
f 11621/3534/2306 11620/3533/2306 11618/2536/1865 11619/2535/1865
f 10915/3616/2356 10917/1021/2356 10919/2658/1934 10918/2661/1934 10916/237/2356 10914/3617/2356 10912/3027/2080 10913/3026/2080
f 10395/2563/1888 10397/2653/1931 10396/2655/1931 10394/2564/1888
f 10345/3618/1365 10347/3619/1365 10349/2405/1799 10348/2404/1799 10346/3620/1365 10344/1161/1365 10342/2599/1904 10343/2598/1904
f 11949/2555/1880 11951/907/2357 11950/908/2357 11948/1931/1880
f 11951/907/2357 11953/3621/2358 11952/1930/2358 11950/908/2357
f 11953/3621/2358 11955/3622/2359 11954/1929/2359 11952/1930/2358
f 11955/3622/2359 11957/909/2360 11956/910/2360 11954/1929/2359
f 11957/909/2360 11959/3623/2361 11958/1928/2361 11956/910/2360
f 11959/3623/2361 11961/3624/2362 11960/423/2362 11958/1928/2361
f 11961/3624/2362 11963/282/2363 11962/285/2363 11960/423/2362
f 10315/3625/2364 10317/3626/2364 10319/3627/2364 10321/2745/1971 10320/2744/1971 10318/1156/2364 10316/1879/2364 10314/485/2364 10312/3628/2364 10310/235/2108 10311/1019/2108 10313/3629/2364
f 11873/2487/1840 11875/1019/2343 11874/235/2343 11872/1595/1840
f 11967/2511/1852 11969/3118/2130 11968/1906/2130 11966/1907/1852
f 11505/3526/2302 11507/2513/1854 11506/2512/1854 11504/3527/2302
f 11539/729/2346 11541/733/2365 11540/734/2365 11538/730/2346
f 11543/737/2366 11545/745/2092 11544/746/2092 11542/738/2366
f 12001/3630/2367 12003/920/2368 12002/921/2368 12000/1925/2367
f 12003/920/2368 12005/3560/2319 12004/1924/2319 12002/921/2368
f 12077/3631/2369 12079/3217/2164 12078/3216/2164 12076/3632/2369 12074/199/2369 12072/3633/2369 12070/3612/2352 12071/3611/2352 12073/3634/2369 12075/198/2369
f 11779/3590/2338 11781/3392/2244 11780/3391/2244 11778/3591/2338
f 11611/3635/2370 11613/2540/1866 11612/2539/1866 11610/3636/2370 11608/3637/2370 11606/3638/2370 11604/806/2371 11605/805/2371 11607/3639/2370 11609/3640/2370
f 11925/3529/2304 11927/895/2372 11926/896/2372 11924/3530/2304
f 12033/3251/2175 12035/3641/2373 12034/3642/2373 12032/3252/2175
f 11579/2771/1985 11581/213/2296 11580/214/2296 11578/2772/1985
f 10295/3615/2355 10297/220/2109 10296/221/2109 10294/1877/2355
f 10201/1014/2265 10203/3150/2139 10202/3151/2139 10200/230/2265
f 10401/2656/1933 10403/2426/1812 10402/2434/1812 10400/2657/1933
f 10327/2741/1970 10329/496/1999 10328/482/1999 10326/2742/1970
f 10759/3643/2374 10758/3644/2374 10756/3239/2172 10757/3238/2172
f 12021/3645/2375 12023/765/2354 12022/766/2354 12020/1273/2375 12018/1272/2375 12016/1271/1803 12017/2410/1803 12019/3646/2375
f 11963/282/2363 11965/2510/1851 11964/1909/1851 11962/285/2363
f 10761/3647/2376 10763/3648/2376 10765/3649/2376 10767/3650/2377 10766/3651/2377 10764/3652/2376 10762/3653/2376 10760/3654/2376 10758/3644/2374 10759/3643/2374
f 10217/2925/2040 10219/1015/2210 10218/231/2210 10216/2926/2040
f 12087/3298/2201 12089/3563/2378 12088/438/2378 12086/3299/2201
f 12089/3563/2378 12091/3655/2379 12090/3656/2379 12088/438/2378
f 12091/3655/2379 12093/3284/2194 12092/3285/2194 12090/3656/2379
f 10241/3561/2320 10243/1016/2295 10242/232/2295 10240/3562/2320
f 10669/3657/2380 10671/3658/2380 10673/2828/2010 10672/2829/2010 10670/3659/2380 10668/3660/2380 10666/3661/2380 10664/3662/2380 10662/3605/2350 10663/3604/2350 10665/3663/2380 10667/3664/2380
f 10193/3665/2381 10195/3666/2381 10197/2644/1927 10196/1172/1927 10194/3667/2381 10192/3668/2381 10190/490/2381 10188/2636/1922 10189/2635/1922 10191/3449/2381
f 10767/3650/2377 10769/2946/2051 10768/2947/2051 10766/3651/2377
f 10867/1016/2101 10869/2802/2002 10868/2803/2002 10866/232/2101
f 11429/202/1217 11431/3022/2262 11430/1282/2262 11428/203/1217
f 11173/3202/2158 11175/3557/2317 11174/3556/2317 11172/3203/2158
f 12139/1307/2289 12141/3424/2266 12140/3423/2266 12138/1310/2289
f 12353/200/2382 12355/2448/1822 12354/2450/1822 12352/201/2382
f 11541/733/2365 11543/737/2366 11542/738/2366 11540/734/2365
f 10621/224/2383 10623/3508/2290 10622/3509/2290 10620/225/2383
f 11069/3669/2384 11071/3670/2384 11073/2391/2384 11075/2430/2128 11074/887/2128 11072/1435/2384 11070/1432/2384 11068/1429/2384 11066/1426/2384 11064/1417/2384 11062/1414/2384 11060/1411/2246 11061/3397/2246 11063/2654/2384 11065/3671/2384 11067/3672/2384
f 11697/3313/2212 11699/3673/2385 11698/3674/2385 11696/3314/2212
f 11685/869/2307 11684/870/2307 11682/3500/2285 11683/3499/2285
f 12385/857/2386 12387/869/2386 12389/2686/2386 12391/871/2387 12390/874/2387 12388/2687/2386 12386/870/2386 12384/858/2386 12382/846/2386 12380/836/2386 12378/245/2386 12376/821/2386 12374/2538/2386 12372/771/2388 12373/770/2388 12375/2541/2386 12377/820/2386 12379/244/2386 12381/835/2386 12383/845/2386
f 12171/3675/2389 12173/3676/2389 12175/3677/2389 12177/2591/1901 12176/2590/1901 12174/3678/2389 12172/3679/2389 12170/3680/2389 12168/3017/2076 12169/3016/2076
f 12213/3681/2390 12215/1521/1987 12214/1522/1987 12212/3682/2390 12210/1520/2390 12208/1518/1810 12209/1517/1810 12211/1519/2390
f 11327/226/2391 11329/1033/2391 11331/3052/2233 11330/3053/2234 11328/434/2392 11326/227/2392 11324/190/2392 11322/3107/2229 11323/3106/2228 11325/247/2391
f 10713/3683/2393 10715/3684/2393 10717/3685/2393 10719/3686/2393 10721/3181/2149 10720/3180/2149 10718/3687/2393 10716/3688/2393 10714/3689/2393 10712/3690/2393 10710/3691/2393 10708/3126/2132 10709/3125/2132 10711/3692/2393
f 10253/3042/2088 10255/3570/2322 10254/3571/2322 10252/3043/2088
f 11997/918/2394 11999/3693/2394 12001/3630/2367 12000/1925/2367 11998/1926/2394 11996/919/2394 11994/1927/2394 11992/1235/2044 11993/2939/2043 11995/3694/2394
f 10733/3695/2395 10735/3143/2135 10734/3142/2135 10732/3696/2395 10730/3697/2395 10728/3176/2148 10729/3175/2148 10731/3698/2395
f 12039/3699/2396 12041/2920/2037 12040/1068/2037 12038/3700/2396 12036/3701/2396 12034/3642/2373 12035/3641/2373 12037/3702/2396
f 11547/3048/2093 11549/3022/2078 11548/1282/2078 11546/3049/2093
f 10883/611/2397 10885/2867/2026 10884/2866/2026 10882/208/2397 10880/234/2397 10878/3703/2397 10876/3704/2397 10874/3705/2397 10872/2214/1887 10873/2562/1887 10875/3706/2397 10877/3707/2397 10879/3708/2397 10881/1018/2397
f 11645/3709/2398 11647/3514/2292 11646/3513/2292 11644/3710/2398 11642/3711/2398 11640/3491/2281 11641/3490/2281 11643/3712/2398
f 11939/3713/2399 11941/3247/2173 11940/1935/2173 11938/3714/2399 11936/902/2399 11934/2000/2399 11932/1228/2399 11930/1237/2399 11928/1936/2399 11926/896/2372 11927/895/2372 11929/3715/2399 11931/3716/2399 11933/3717/2399 11935/3718/2399 11937/901/2399
f 12027/265/2400 12029/3719/2400 12031/3495/2282 12030/1917/2282 12028/1276/2400 12026/264/2400 12024/1275/2353 12025/3614/2353
f 10619/2664/1943 10621/224/2383 10620/225/2383 10618/2663/1943
f 12227/191/1893 12229/1093/159 12228/1094/159 12226/185/1893
f 12229/1093/159 12231/494/158 12230/491/158 12228/1094/159
f 12231/494/158 12233/1099/160 12232/1100/160 12230/491/158
f 12233/1099/160 12235/495/1894 12234/487/1894 12232/1100/160
f 12251/1093/2330 12253/494/2204 12252/491/2204 12250/1094/2330
f 12261/497/2203 12263/1147/2329 12262/1148/2329 12260/479/2203
f 10485/2706/1952 10487/3336/2217 10486/3335/2217 10484/2707/1952
f 12275/607/2309 12277/609/1871 12276/610/1871 12274/608/2309
f 11701/3720/2401 11703/3721/2401 11705/3260/2184 11704/3259/2184 11702/3722/2401 11700/3723/2401 11698/3674/2385 11699/3673/2385
f 12299/266/1870 12265/204/888 12264/184/888 12298/269/1870
f 11043/3724/2402 11045/3725/2402 11047/2624/2402 11049/3726/2402 11051/3727/2402 11053/3112/2127 11052/3115/2127 11050/277/2402 11048/1458/2402 11046/1452/2402 11044/1449/2402 11042/1446/2402 11040/1443/1646 11041/3111/1646
f 12301/3038/2097 12303/1028/1877 12302/1029/1877 12300/2208/2097
f 12315/1033/2067 12317/3052/1227 12316/3053/1227 12314/434/2067
f 11273/3168/2144 11272/3167/2144 11270/3272/2190 11271/3271/2190
f 12331/3093/2120 12333/498/160 12332/187/160 12330/3094/2120
f 12333/498/160 12335/679/1920 12334/680/1920 12332/187/160
s 0
f 9286/184/5 9285/269/5 9284/210/5 9283/207/5 9282/185/5
s 1
f 11259/3728/2403 11261/3729/2403 11263/3601/2347 11262/3602/2347 11260/3730/2403 11258/3731/2403 11256/3732/2403 11254/2441/1817 11255/2440/1817 11257/3733/2403
f 12345/2630/1919 12347/707/2404 12346/708/2404 12344/1079/1919
f 12347/707/2404 12349/499/2405 12348/189/2405 12346/708/2404
f 12349/499/2405 12351/3095/2406 12350/2026/2406 12348/189/2405
f 12351/3095/2406 12353/200/2382 12352/201/2382 12350/2026/2406
f 11597/3734/2407 11599/3735/2407 11601/3736/2407 11603/3737/2407 11605/805/2371 11604/806/2371 11602/3738/2407 11600/3739/2407 11598/3740/2407 11596/3741/2407 11594/3742/2407 11592/2806/2004 11593/2805/2004 11595/3743/2407
f 12357/191/159 12359/757/159 12358/186/159 12356/185/159
f 12359/757/159 12361/498/158 12360/187/158 12358/186/159
f 12361/498/158 12363/219/160 12362/188/160 12360/187/158
f 12363/219/160 12365/499/161 12364/189/161 12362/188/160
f 12365/499/161 12367/247/159 12366/190/159 12364/189/161
f 12367/247/159 12357/204/159 12356/184/159 12366/190/159
f 12369/191/161 12371/3572/159 12370/3573/159 12368/185/161
f 12371/3572/159 12373/770/2388 12372/771/2388 12370/3573/159
f 11097/2818/2006 11096/2817/2006 11094/3559/2318 11095/3558/2318
f 12391/871/2387 12369/204/161 12368/184/161 12390/874/2387
f 12405/845/2340 12407/857/158 12406/858/158 12404/846/2340
f 12407/857/158 12409/869/2408 12408/870/2408 12406/858/158
f 12409/869/2408 12411/2686/2348 12410/2687/2348 12408/870/2408
f 12411/2686/2348 12413/871/161 12412/874/161 12410/2687/2348
f 12413/871/161 12393/204/2341 12392/184/2341 12412/874/161
f 12415/191/161 12417/495/159 12416/487/159 12414/185/161
f 12417/495/159 12419/219/158 12418/188/158 12416/487/159
f 12419/219/158 12421/496/160 12420/482/160 12418/188/158
f 12421/496/160 12415/204/161 12414/184/161 12420/482/160
f 12423/191/161 12425/495/159 12424/487/159 12422/185/161
f 12425/495/159 12427/219/158 12426/188/158 12424/487/159
f 12427/219/158 12429/496/160 12428/482/160 12426/188/158
f 12429/496/160 12423/204/161 12422/184/161 12428/482/160
f 11306/1024/2181 11308/212/2180 11310/1026/2180 11312/3257/2180 11314/2208/2179 11316/1029/2223 11318/188/2225 11320/462/2227 11322/3107/2229 11324/190/2392 11326/227/2392 11328/434/2392 11330/3053/2234 11302/185/2221 11304/2209/2220
f 11736/184/2227 11738/3573/2324 11740/771/2326 11742/782/2223 11744/794/2328 11746/874/2332
f 11307/1023/2182 11305/3098/2219 11303/191/2218 11331/3052/2233 11329/1033/2391 11327/226/2391 11325/247/2391 11323/3106/2228 11321/1030/2226 11319/219/2224 11317/1028/2222 11315/3038/2178 11313/3256/2177 11311/1025/2177 11309/211/2177
f 11737/204/2226 11747/871/2331 11745/793/2327 11743/781/2222 11741/770/2325 11739/3572/2323
