ISO-10303-21;
HEADER;
/* Generated by software containing ST-Developer
 * from STEP Tools, Inc. (www.steptools.com) 
 */

FILE_DESCRIPTION(
/* description */ (''),
/* implementation_level */ '2;1');

FILE_NAME(
/* name */ 'fader-knob.stp',
/* time_stamp */ '2025-09-21T14:36:44+01:00',
/* author */ ('iwheard'),
/* organization */ (''),
/* preprocessor_version */ 'ST-DEVELOPER v20',
/* originating_system */ 'Autodesk Inventor 2024',
/* authorisation */ '');

FILE_SCHEMA (('AUTOMOTIVE_DESIGN { 1 0 10303 214 3 1 1 }'));
ENDSEC;

DATA;
#10=MECHANICAL_DESIGN_GEOMETRIC_PRESENTATION_REPRESENTATION('',(#16),#3736);
#11=GEOMETRICALLY_BOUNDED_WIREFRAME_SHAPE_REPRESENTATION('',(#12),#3735);
#12=GEOMETRIC_CURVE_SET('Sketch25',(#3732));
#13=SHAPE_REPRESENTATION_RELATIONSHIP('SRR','None',#3743,#15);
#14=SHAPE_REPRESENTATION_RELATIONSHIP('SRR','None',#3743,#11);
#15=ADVANCED_BREP_SHAPE_REPRESENTATION('',(#17),#3735);
#16=STYLED_ITEM('',(#3752),#17);
#17=MANIFOLD_SOLID_BREP('slider-knob',#1356);
#18=SPHERICAL_SURFACE('',#1395,0.4);
#19=SPHERICAL_SURFACE('',#1402,0.4);
#20=SPHERICAL_SURFACE('',#1405,0.4);
#21=SPHERICAL_SURFACE('',#1409,0.4);
#22=SPHERICAL_SURFACE('',#1422,0.4);
#23=SPHERICAL_SURFACE('',#1427,0.4);
#24=SPHERICAL_SURFACE('',#1433,0.4);
#25=SPHERICAL_SURFACE('',#1438,0.4);
#26=FACE_BOUND('',#354,.T.);
#27=ELLIPSE('',#1387,2.29736431541268,2.);
#28=ELLIPSE('',#1388,2.29736431541268,2.);
#29=ELLIPSE('',#1446,7.47261667690776,2.);
#30=ELLIPSE('',#1448,2.29736431541268,2.);
#31=ELLIPSE('',#1449,7.47261667690776,2.);
#32=ELLIPSE('',#1451,7.47261667690776,2.);
#33=ELLIPSE('',#1456,7.47261667690776,2.);
#34=ELLIPSE('',#1457,2.29736431541268,2.);
#35=LINE('',#2179,#123);
#36=LINE('',#2181,#124);
#37=LINE('',#2183,#125);
#38=LINE('',#2185,#126);
#39=LINE('',#2187,#127);
#40=LINE('',#2188,#128);
#41=LINE('',#2191,#129);
#42=LINE('',#2193,#130);
#43=LINE('',#2194,#131);
#44=LINE('',#2197,#132);
#45=LINE('',#2201,#133);
#46=LINE('',#2205,#134);
#47=LINE('',#2206,#135);
#48=LINE('',#2209,#136);
#49=LINE('',#2210,#137);
#50=LINE('',#2211,#138);
#51=LINE('',#2215,#139);
#52=LINE('',#2216,#140);
#53=LINE('',#2218,#141);
#54=LINE('',#2219,#142);
#55=LINE('',#2221,#143);
#56=LINE('',#2224,#144);
#57=LINE('',#2226,#145);
#58=LINE('',#2228,#146);
#59=LINE('',#2230,#147);
#60=LINE('',#2232,#148);
#61=LINE('',#2234,#149);
#62=LINE('',#2236,#150);
#63=LINE('',#2238,#151);
#64=LINE('',#2240,#152);
#65=LINE('',#2242,#153);
#66=LINE('',#2244,#154);
#67=LINE('',#2245,#155);
#68=LINE('',#2247,#156);
#69=LINE('',#2332,#157);
#70=LINE('',#2333,#158);
#71=LINE('',#2412,#159);
#72=LINE('',#2413,#160);
#73=LINE('',#3034,#161);
#74=LINE('',#3035,#162);
#75=LINE('',#3051,#163);
#76=LINE('',#3172,#164);
#77=LINE('',#3468,#165);
#78=LINE('',#3475,#166);
#79=LINE('',#3478,#167);
#80=LINE('',#3486,#168);
#81=LINE('',#3620,#169);
#82=LINE('',#3625,#170);
#83=LINE('',#3627,#171);
#84=LINE('',#3629,#172);
#85=LINE('',#3655,#173);
#86=LINE('',#3657,#174);
#87=LINE('',#3661,#175);
#88=LINE('',#3663,#176);
#89=LINE('',#3665,#177);
#90=LINE('',#3667,#178);
#91=LINE('',#3669,#179);
#92=LINE('',#3671,#180);
#93=LINE('',#3673,#181);
#94=LINE('',#3675,#182);
#95=LINE('',#3677,#183);
#96=LINE('',#3679,#184);
#97=LINE('',#3681,#185);
#98=LINE('',#3682,#186);
#99=LINE('',#3686,#187);
#100=LINE('',#3687,#188);
#101=LINE('',#3688,#189);
#102=LINE('',#3692,#190);
#103=LINE('',#3693,#191);
#104=LINE('',#3694,#192);
#105=LINE('',#3697,#193);
#106=LINE('',#3699,#194);
#107=LINE('',#3700,#195);
#108=LINE('',#3702,#196);
#109=LINE('',#3704,#197);
#110=LINE('',#3705,#198);
#111=LINE('',#3707,#199);
#112=LINE('',#3709,#200);
#113=LINE('',#3711,#201);
#114=LINE('',#3713,#202);
#115=LINE('',#3715,#203);
#116=LINE('',#3718,#204);
#117=LINE('',#3720,#205);
#118=LINE('',#3722,#206);
#119=LINE('',#3724,#207);
#120=LINE('',#3727,#208);
#121=LINE('',#3728,#209);
#122=LINE('',#3730,#210);
#123=VECTOR('',#1494,10.);
#124=VECTOR('',#1495,10.);
#125=VECTOR('',#1496,10.);
#126=VECTOR('',#1497,10.);
#127=VECTOR('',#1498,10.);
#128=VECTOR('',#1499,10.);
#129=VECTOR('',#1502,10.);
#130=VECTOR('',#1503,10.);
#131=VECTOR('',#1504,10.);
#132=VECTOR('',#1507,10.);
#133=VECTOR('',#1510,10.);
#134=VECTOR('',#1513,10.);
#135=VECTOR('',#1514,10.);
#136=VECTOR('',#1517,10.);
#137=VECTOR('',#1518,10.);
#138=VECTOR('',#1519,10.);
#139=VECTOR('',#1522,10.);
#140=VECTOR('',#1523,10.);
#141=VECTOR('',#1524,10.);
#142=VECTOR('',#1525,10.);
#143=VECTOR('',#1528,10.);
#144=VECTOR('',#1529,10.);
#145=VECTOR('',#1530,10.);
#146=VECTOR('',#1531,10.);
#147=VECTOR('',#1532,10.);
#148=VECTOR('',#1533,10.);
#149=VECTOR('',#1534,10.);
#150=VECTOR('',#1535,10.);
#151=VECTOR('',#1536,10.);
#152=VECTOR('',#1537,10.);
#153=VECTOR('',#1538,10.);
#154=VECTOR('',#1539,10.);
#155=VECTOR('',#1540,10.);
#156=VECTOR('',#1543,10.);
#157=VECTOR('',#1558,10.);
#158=VECTOR('',#1559,10.);
#159=VECTOR('',#1578,10.);
#160=VECTOR('',#1579,10.);
#161=VECTOR('',#1616,10.);
#162=VECTOR('',#1617,10.);
#163=VECTOR('',#1624,10.);
#164=VECTOR('',#1641,10.);
#165=VECTOR('',#1658,10.);
#166=VECTOR('',#1667,10.);
#167=VECTOR('',#1670,10.);
#168=VECTOR('',#1675,10.);
#169=VECTOR('',#1682,10.);
#170=VECTOR('',#1687,10.);
#171=VECTOR('',#1690,10.);
#172=VECTOR('',#1693,10.);
#173=VECTOR('',#1696,10.);
#174=VECTOR('',#1699,10.);
#175=VECTOR('',#1702,10.);
#176=VECTOR('',#1703,10.);
#177=VECTOR('',#1704,10.);
#178=VECTOR('',#1705,10.);
#179=VECTOR('',#1706,10.);
#180=VECTOR('',#1707,10.);
#181=VECTOR('',#1708,10.);
#182=VECTOR('',#1709,10.);
#183=VECTOR('',#1710,10.);
#184=VECTOR('',#1711,10.);
#185=VECTOR('',#1712,10.);
#186=VECTOR('',#1713,10.);
#187=VECTOR('',#1716,10.);
#188=VECTOR('',#1717,10.);
#189=VECTOR('',#1718,10.);
#190=VECTOR('',#1721,10.);
#191=VECTOR('',#1722,10.);
#192=VECTOR('',#1723,10.);
#193=VECTOR('',#1726,10.);
#194=VECTOR('',#1727,10.);
#195=VECTOR('',#1728,10.);
#196=VECTOR('',#1731,10.);
#197=VECTOR('',#1732,10.);
#198=VECTOR('',#1733,10.);
#199=VECTOR('',#1736,10.);
#200=VECTOR('',#1739,10.);
#201=VECTOR('',#1742,10.);
#202=VECTOR('',#1745,10.);
#203=VECTOR('',#1748,10.);
#204=VECTOR('',#1753,10.);
#205=VECTOR('',#1756,10.);
#206=VECTOR('',#1759,10.);
#207=VECTOR('',#1762,10.);
#208=VECTOR('',#1765,10.);
#209=VECTOR('',#1766,10.);
#210=VECTOR('',#1769,10.);
#211=PLANE('',#1384);
#212=PLANE('',#1385);
#213=PLANE('',#1386);
#214=PLANE('',#1389);
#215=PLANE('',#1390);
#216=PLANE('',#1391);
#217=PLANE('',#1392);
#218=PLANE('',#1450);
#219=PLANE('',#1452);
#220=PLANE('',#1459);
#221=PLANE('',#1460);
#222=PLANE('',#1461);
#223=PLANE('',#1462);
#224=PLANE('',#1463);
#225=PLANE('',#1464);
#226=PLANE('',#1465);
#227=PLANE('',#1466);
#228=PLANE('',#1467);
#229=PLANE('',#1468);
#230=PLANE('',#1469);
#231=PLANE('',#1470);
#232=PLANE('',#1471);
#233=PLANE('',#1472);
#234=PLANE('',#1473);
#235=PLANE('',#1474);
#236=PLANE('',#1475);
#237=PLANE('',#1476);
#238=PLANE('',#1477);
#239=PLANE('',#1478);
#240=PLANE('',#1479);
#241=CYLINDRICAL_SURFACE('',#1383,0.5);
#242=CYLINDRICAL_SURFACE('',#1398,0.4);
#243=CYLINDRICAL_SURFACE('',#1407,0.4);
#244=CYLINDRICAL_SURFACE('',#1412,0.9);
#245=CYLINDRICAL_SURFACE('',#1414,0.6);
#246=CYLINDRICAL_SURFACE('',#1417,0.45);
#247=CYLINDRICAL_SURFACE('',#1425,0.4);
#248=CYLINDRICAL_SURFACE('',#1429,0.6);
#249=CYLINDRICAL_SURFACE('',#1431,0.9);
#250=CYLINDRICAL_SURFACE('',#1436,0.4);
#251=CYLINDRICAL_SURFACE('',#1440,0.45);
#252=CYLINDRICAL_SURFACE('',#1445,2.);
#253=CYLINDRICAL_SURFACE('',#1447,2.);
#254=CYLINDRICAL_SURFACE('',#1455,2.);
#255=CYLINDRICAL_SURFACE('',#1458,2.);
#256=FACE_OUTER_BOUND('',#341,.T.);
#257=FACE_OUTER_BOUND('',#342,.T.);
#258=FACE_OUTER_BOUND('',#343,.T.);
#259=FACE_OUTER_BOUND('',#344,.T.);
#260=FACE_OUTER_BOUND('',#345,.T.);
#261=FACE_OUTER_BOUND('',#346,.T.);
#262=FACE_OUTER_BOUND('',#347,.T.);
#263=FACE_OUTER_BOUND('',#348,.T.);
#264=FACE_OUTER_BOUND('',#349,.T.);
#265=FACE_OUTER_BOUND('',#350,.T.);
#266=FACE_OUTER_BOUND('',#351,.T.);
#267=FACE_OUTER_BOUND('',#352,.T.);
#268=FACE_OUTER_BOUND('',#353,.T.);
#269=FACE_OUTER_BOUND('',#355,.T.);
#270=FACE_OUTER_BOUND('',#356,.T.);
#271=FACE_OUTER_BOUND('',#357,.T.);
#272=FACE_OUTER_BOUND('',#358,.T.);
#273=FACE_OUTER_BOUND('',#359,.T.);
#274=FACE_OUTER_BOUND('',#360,.T.);
#275=FACE_OUTER_BOUND('',#361,.T.);
#276=FACE_OUTER_BOUND('',#362,.T.);
#277=FACE_OUTER_BOUND('',#363,.T.);
#278=FACE_OUTER_BOUND('',#364,.T.);
#279=FACE_OUTER_BOUND('',#365,.T.);
#280=FACE_OUTER_BOUND('',#366,.T.);
#281=FACE_OUTER_BOUND('',#367,.T.);
#282=FACE_OUTER_BOUND('',#368,.T.);
#283=FACE_OUTER_BOUND('',#369,.T.);
#284=FACE_OUTER_BOUND('',#370,.T.);
#285=FACE_OUTER_BOUND('',#371,.T.);
#286=FACE_OUTER_BOUND('',#372,.T.);
#287=FACE_OUTER_BOUND('',#373,.T.);
#288=FACE_OUTER_BOUND('',#374,.T.);
#289=FACE_OUTER_BOUND('',#375,.T.);
#290=FACE_OUTER_BOUND('',#376,.T.);
#291=FACE_OUTER_BOUND('',#377,.T.);
#292=FACE_OUTER_BOUND('',#378,.T.);
#293=FACE_OUTER_BOUND('',#379,.T.);
#294=FACE_OUTER_BOUND('',#380,.T.);
#295=FACE_OUTER_BOUND('',#381,.T.);
#296=FACE_OUTER_BOUND('',#382,.T.);
#297=FACE_OUTER_BOUND('',#383,.T.);
#298=FACE_OUTER_BOUND('',#384,.T.);
#299=FACE_OUTER_BOUND('',#385,.T.);
#300=FACE_OUTER_BOUND('',#386,.T.);
#301=FACE_OUTER_BOUND('',#387,.T.);
#302=FACE_OUTER_BOUND('',#388,.T.);
#303=FACE_OUTER_BOUND('',#389,.T.);
#304=FACE_OUTER_BOUND('',#390,.T.);
#305=FACE_OUTER_BOUND('',#391,.T.);
#306=FACE_OUTER_BOUND('',#392,.T.);
#307=FACE_OUTER_BOUND('',#393,.T.);
#308=FACE_OUTER_BOUND('',#394,.T.);
#309=FACE_OUTER_BOUND('',#395,.T.);
#310=FACE_OUTER_BOUND('',#396,.T.);
#311=FACE_OUTER_BOUND('',#397,.T.);
#312=FACE_OUTER_BOUND('',#398,.T.);
#313=FACE_OUTER_BOUND('',#399,.T.);
#314=FACE_OUTER_BOUND('',#400,.T.);
#315=FACE_OUTER_BOUND('',#401,.T.);
#316=FACE_OUTER_BOUND('',#402,.T.);
#317=FACE_OUTER_BOUND('',#403,.T.);
#318=FACE_OUTER_BOUND('',#404,.T.);
#319=FACE_OUTER_BOUND('',#405,.T.);
#320=FACE_OUTER_BOUND('',#406,.T.);
#321=FACE_OUTER_BOUND('',#407,.T.);
#322=FACE_OUTER_BOUND('',#408,.T.);
#323=FACE_OUTER_BOUND('',#409,.T.);
#324=FACE_OUTER_BOUND('',#410,.T.);
#325=FACE_OUTER_BOUND('',#411,.T.);
#326=FACE_OUTER_BOUND('',#412,.T.);
#327=FACE_OUTER_BOUND('',#413,.T.);
#328=FACE_OUTER_BOUND('',#414,.T.);
#329=FACE_OUTER_BOUND('',#415,.T.);
#330=FACE_OUTER_BOUND('',#416,.T.);
#331=FACE_OUTER_BOUND('',#417,.T.);
#332=FACE_OUTER_BOUND('',#418,.T.);
#333=FACE_OUTER_BOUND('',#419,.T.);
#334=FACE_OUTER_BOUND('',#420,.T.);
#335=FACE_OUTER_BOUND('',#421,.T.);
#336=FACE_OUTER_BOUND('',#422,.T.);
#337=FACE_OUTER_BOUND('',#423,.T.);
#338=FACE_OUTER_BOUND('',#424,.T.);
#339=FACE_OUTER_BOUND('',#425,.T.);
#340=FACE_OUTER_BOUND('',#426,.T.);
#341=EDGE_LOOP('',(#843,#844,#845,#846));
#342=EDGE_LOOP('',(#847,#848,#849,#850));
#343=EDGE_LOOP('',(#851,#852,#853,#854));
#344=EDGE_LOOP('',(#855,#856,#857,#858));
#345=EDGE_LOOP('',(#859,#860,#861,#862));
#346=EDGE_LOOP('',(#863,#864,#865,#866,#867,#868,#869,#870,#871,#872,#873,
#874,#875,#876));
#347=EDGE_LOOP('',(#877,#878,#879,#880));
#348=EDGE_LOOP('',(#881,#882,#883,#884,#885,#886));
#349=EDGE_LOOP('',(#887,#888,#889,#890));
#350=EDGE_LOOP('',(#891,#892,#893,#894,#895,#896,#897,#898));
#351=EDGE_LOOP('',(#899,#900,#901,#902,#903,#904));
#352=EDGE_LOOP('',(#905,#906,#907,#908,#909,#910));
#353=EDGE_LOOP('',(#911,#912,#913,#914));
#354=EDGE_LOOP('',(#915,#916,#917,#918,#919,#920,#921,#922,#923,#924,#925,
#926));
#355=EDGE_LOOP('',(#927,#928,#929,#930));
#356=EDGE_LOOP('',(#931,#932,#933,#934));
#357=EDGE_LOOP('',(#935,#936,#937));
#358=EDGE_LOOP('',(#938,#939,#940,#941));
#359=EDGE_LOOP('',(#942,#943,#944,#945));
#360=EDGE_LOOP('',(#946,#947,#948));
#361=EDGE_LOOP('',(#949,#950,#951));
#362=EDGE_LOOP('',(#952,#953,#954,#955));
#363=EDGE_LOOP('',(#956,#957,#958));
#364=EDGE_LOOP('',(#959,#960,#961,#962));
#365=EDGE_LOOP('',(#963,#964,#965,#966));
#366=EDGE_LOOP('',(#967,#968,#969,#970));
#367=EDGE_LOOP('',(#971,#972,#973,#974));
#368=EDGE_LOOP('',(#975,#976,#977,#978));
#369=EDGE_LOOP('',(#979,#980,#981,#982));
#370=EDGE_LOOP('',(#983,#984,#985,#986));
#371=EDGE_LOOP('',(#987,#988,#989,#990,#991,#992,#993,#994,#995,#996,#997,
#998,#999,#1000));
#372=EDGE_LOOP('',(#1001,#1002,#1003,#1004));
#373=EDGE_LOOP('',(#1005,#1006,#1007,#1008));
#374=EDGE_LOOP('',(#1009,#1010,#1011,#1012));
#375=EDGE_LOOP('',(#1013,#1014,#1015,#1016));
#376=EDGE_LOOP('',(#1017,#1018,#1019,#1020));
#377=EDGE_LOOP('',(#1021,#1022,#1023,#1024));
#378=EDGE_LOOP('',(#1025,#1026,#1027));
#379=EDGE_LOOP('',(#1028,#1029,#1030,#1031));
#380=EDGE_LOOP('',(#1032,#1033,#1034));
#381=EDGE_LOOP('',(#1035,#1036,#1037,#1038));
#382=EDGE_LOOP('',(#1039,#1040,#1041,#1042));
#383=EDGE_LOOP('',(#1043,#1044,#1045,#1046));
#384=EDGE_LOOP('',(#1047,#1048,#1049,#1050));
#385=EDGE_LOOP('',(#1051,#1052,#1053));
#386=EDGE_LOOP('',(#1054,#1055,#1056,#1057));
#387=EDGE_LOOP('',(#1058,#1059,#1060));
#388=EDGE_LOOP('',(#1061,#1062,#1063,#1064));
#389=EDGE_LOOP('',(#1065,#1066,#1067,#1068));
#390=EDGE_LOOP('',(#1069,#1070,#1071,#1072));
#391=EDGE_LOOP('',(#1073,#1074,#1075,#1076));
#392=EDGE_LOOP('',(#1077,#1078,#1079,#1080));
#393=EDGE_LOOP('',(#1081,#1082,#1083,#1084));
#394=EDGE_LOOP('',(#1085,#1086,#1087));
#395=EDGE_LOOP('',(#1088,#1089,#1090));
#396=EDGE_LOOP('',(#1091,#1092,#1093,#1094,#1095));
#397=EDGE_LOOP('',(#1096,#1097,#1098,#1099,#1100));
#398=EDGE_LOOP('',(#1101,#1102,#1103,#1104));
#399=EDGE_LOOP('',(#1105,#1106,#1107,#1108));
#400=EDGE_LOOP('',(#1109,#1110,#1111,#1112));
#401=EDGE_LOOP('',(#1113,#1114,#1115));
#402=EDGE_LOOP('',(#1116,#1117,#1118));
#403=EDGE_LOOP('',(#1119,#1120,#1121,#1122,#1123));
#404=EDGE_LOOP('',(#1124,#1125,#1126,#1127,#1128));
#405=EDGE_LOOP('',(#1129,#1130,#1131,#1132,#1133,#1134));
#406=EDGE_LOOP('',(#1135,#1136,#1137,#1138));
#407=EDGE_LOOP('',(#1139,#1140,#1141,#1142));
#408=EDGE_LOOP('',(#1143,#1144,#1145,#1146,#1147,#1148,#1149,#1150));
#409=EDGE_LOOP('',(#1151,#1152,#1153,#1154,#1155,#1156,#1157,#1158,#1159,
#1160,#1161,#1162));
#410=EDGE_LOOP('',(#1163,#1164,#1165,#1166));
#411=EDGE_LOOP('',(#1167,#1168,#1169,#1170));
#412=EDGE_LOOP('',(#1171,#1172,#1173,#1174));
#413=EDGE_LOOP('',(#1175,#1176,#1177,#1178,#1179,#1180));
#414=EDGE_LOOP('',(#1181,#1182,#1183,#1184));
#415=EDGE_LOOP('',(#1185,#1186,#1187,#1188));
#416=EDGE_LOOP('',(#1189,#1190,#1191,#1192));
#417=EDGE_LOOP('',(#1193,#1194,#1195,#1196,#1197,#1198));
#418=EDGE_LOOP('',(#1199,#1200,#1201,#1202));
#419=EDGE_LOOP('',(#1203,#1204,#1205,#1206));
#420=EDGE_LOOP('',(#1207,#1208,#1209,#1210,#1211,#1212));
#421=EDGE_LOOP('',(#1213,#1214,#1215,#1216));
#422=EDGE_LOOP('',(#1217,#1218,#1219,#1220));
#423=EDGE_LOOP('',(#1221,#1222,#1223,#1224));
#424=EDGE_LOOP('',(#1225,#1226,#1227,#1228,#1229,#1230));
#425=EDGE_LOOP('',(#1231,#1232,#1233,#1234));
#426=EDGE_LOOP('',(#1235,#1236,#1237,#1238));
#427=B_SPLINE_CURVE_WITH_KNOTS('',3,(#1849,#1850,#1851,#1852,#1853,#1854,
#1855,#1856,#1857,#1858,#1859,#1860,#1861,#1862,#1863,#1864,#1865,#1866),
 .UNSPECIFIED.,.F.,.F.,(4,1,1,1,1,1,1,1,1,1,1,1,1,1,1,4),(-0.345721009668305,
-0.33337383075158,-0.321026651834855,-0.296332294001404,-0.271637936167954,
-0.246943578334504,-0.222249220501053,-0.197554862667603,-0.179034094292515,
-0.160513325917427,-0.154339736459065,-0.148166147000702,-0.0987774313338014,
-0.0493887156669007,-0.0246943578334504,0.),.UNSPECIFIED.);
#428=B_SPLINE_CURVE_WITH_KNOTS('',3,(#1869,#1870,#1871,#1872,#1873,#1874,
#1875,#1876,#1877,#1878,#1879,#1880,#1881,#1882,#1883,#1884,#1885,#1886),
 .UNSPECIFIED.,.F.,.F.,(4,1,1,1,1,1,1,1,1,1,1,1,1,1,1,4),(0.,0.0246943578334504,
0.0493887156669007,0.0987774313338014,0.148166147000702,0.154339736459065,
0.160513325917427,0.179034094292515,0.197554862667603,0.222249220501053,
0.246943578334504,0.271637936167954,0.296332294001404,0.321026651834855,
0.33337383075158,0.345721009668305),.UNSPECIFIED.);
#429=B_SPLINE_CURVE_WITH_KNOTS('',3,(#1906,#1907,#1908,#1909),
 .UNSPECIFIED.,.F.,.F.,(4,4),(-0.6,0.),.UNSPECIFIED.);
#430=B_SPLINE_CURVE_WITH_KNOTS('',3,(#1910,#1911,#1912,#1913),
 .UNSPECIFIED.,.F.,.F.,(4,4),(0.,0.6),.UNSPECIFIED.);
#431=B_SPLINE_CURVE_WITH_KNOTS('',3,(#1969,#1970,#1971,#1972,#1973,#1974,
#1975,#1976,#1977,#1978,#1979,#1980,#1981),.UNSPECIFIED.,.F.,.F.,(4,1,1,
1,1,1,1,1,1,1,4),(-0.345721009668304,-0.296332294001404,-0.246943578334503,
-0.222249220501053,-0.197554862667603,-0.172860504834152,-0.148166147000702,
-0.123471789167252,-0.0987774313338013,-0.0493887156669006,0.),
 .UNSPECIFIED.);
#432=B_SPLINE_CURVE_WITH_KNOTS('',3,(#1982,#1983,#1984,#1985,#1986,#1987,
#1988,#1989,#1990,#1991,#1992,#1993,#1994),.UNSPECIFIED.,.F.,.F.,(4,1,1,
1,1,1,1,1,1,1,4),(0.,0.0493887156669006,0.0987774313338013,0.123471789167252,
0.148166147000702,0.172860504834152,0.197554862667603,0.222249220501053,
0.246943578334503,0.296332294001404,0.345721009668304),.UNSPECIFIED.);
#433=B_SPLINE_CURVE_WITH_KNOTS('',3,(#2011,#2012,#2013,#2014),
 .UNSPECIFIED.,.F.,.F.,(4,4),(-0.6,0.),.UNSPECIFIED.);
#434=B_SPLINE_CURVE_WITH_KNOTS('',3,(#2015,#2016,#2017,#2018),
 .UNSPECIFIED.,.F.,.F.,(4,4),(0.,0.6),.UNSPECIFIED.);
#435=B_SPLINE_CURVE_WITH_KNOTS('',3,(#2026,#2027,#2028,#2029,#2030),
 .UNSPECIFIED.,.F.,.F.,(4,1,4),(0.719389609796479,0.827467658584364,0.852676910995904),
 .UNSPECIFIED.);
#436=B_SPLINE_CURVE_WITH_KNOTS('',3,(#2032,#2033,#2034,#2035),
 .UNSPECIFIED.,.F.,.F.,(4,4),(-0.6,-3.29501449425839E-17),.UNSPECIFIED.);
#437=B_SPLINE_CURVE_WITH_KNOTS('',3,(#2036,#2037,#2038,#2039),
 .UNSPECIFIED.,.F.,.F.,(4,4),(1.03981737137015,1.17306461986961),
 .UNSPECIFIED.);
#438=B_SPLINE_CURVE_WITH_KNOTS('',3,(#2066,#2067,#2068,#2069),
 .UNSPECIFIED.,.F.,.F.,(4,4),(1.03981891344913,1.1730662365373),
 .UNSPECIFIED.);
#439=B_SPLINE_CURVE_WITH_KNOTS('',3,(#2071,#2072,#2073,#2074,#2075,#2076,
#2077,#2078,#2079,#2080,#2081),.UNSPECIFIED.,.F.,.F.,(4,1,1,1,1,1,1,1,4),
(-0.438925687156081,-0.376222017562355,-0.344870182765492,-0.297842430570198,
-0.250814678374904,-0.188111008781178,-0.125407339187452,-0.0627036695937259,
-2.97801406517287E-17),.UNSPECIFIED.);
#440=B_SPLINE_CURVE_WITH_KNOTS('',3,(#2083,#2084,#2085,#2086,#2087,#2088,
#2089,#2090,#2091,#2092,#2093),.UNSPECIFIED.,.F.,.F.,(4,1,1,1,1,1,1,1,4),
(-0.273386789995129,-0.244095348209936,-0.234331534281539,-0.195276278567949,
-0.156221022854359,-0.117165767140769,-0.0781105114271796,-0.0585828835703847,
0.),.UNSPECIFIED.);
#441=B_SPLINE_CURVE_WITH_KNOTS('',3,(#2095,#2096,#2097,#2098,#2099,#2100,
#2101,#2102,#2103,#2104,#2105),.UNSPECIFIED.,.F.,.F.,(4,1,1,1,1,1,1,1,4),
(-0.323060343290192,-0.284427233517811,-0.245794123745429,-0.207161013973047,
-0.168527904200665,-0.129894794428283,-0.091261684655901,-0.0816034072128055,
-0.0526285748835191),.UNSPECIFIED.);
#442=B_SPLINE_CURVE_WITH_KNOTS('',3,(#2107,#2108,#2109,#2110),
 .UNSPECIFIED.,.F.,.F.,(4,4),(1.77730551949132,1.77765659998004),
 .UNSPECIFIED.);
#443=B_SPLINE_CURVE_WITH_KNOTS('',3,(#2112,#2113,#2114,#2115,#2116,#2117,
#2118,#2119,#2120,#2121),.UNSPECIFIED.,.F.,.F.,(4,2,1,1,1,1,4),(-0.192795961487893,
-0.192156865072918,-0.153725492058335,-0.115294119043751,-0.0768627460291673,
-0.0384313730145837,0.),.UNSPECIFIED.);
#444=B_SPLINE_CURVE_WITH_KNOTS('',3,(#2123,#2124,#2125,#2126,#2127),
 .UNSPECIFIED.,.F.,.F.,(4,1,4),(-1.67126627224656,-0.827467658584364,-0.221201670174469),
 .UNSPECIFIED.);
#445=B_SPLINE_CURVE_WITH_KNOTS('',3,(#2129,#2130,#2131,#2132,#2133,#2134,
#2135,#2136),.UNSPECIFIED.,.F.,.F.,(4,1,1,2,4),(-0.192156865072905,-0.153725492058324,
-0.115294119043743,0.,0.000639096414988241),.UNSPECIFIED.);
#446=B_SPLINE_CURVE_WITH_KNOTS('',3,(#2138,#2139,#2140,#2141),
 .UNSPECIFIED.,.F.,.F.,(4,4),(0.114825952537609,0.115177033026327),
 .UNSPECIFIED.);
#447=B_SPLINE_CURVE_WITH_KNOTS('',3,(#2143,#2144,#2145,#2146,#2147,#2148,
#2149,#2150,#2151,#2152),.UNSPECIFIED.,.F.,.F.,(4,1,1,1,1,1,1,4),(-0.270433717792868,
-0.231800329536744,-0.19316694128062,-0.154533553024496,-0.115900164768372,
-0.0772667765122481,-0.0386333882561241,0.),.UNSPECIFIED.);
#448=B_SPLINE_CURVE_WITH_KNOTS('',3,(#2154,#2155,#2156,#2157,#2158,#2159,
#2160,#2161,#2162,#2163),.UNSPECIFIED.,.F.,.F.,(4,1,1,1,1,1,1,4),(-0.273385897534727,
-0.214803205205857,-0.195275641096233,-0.156220512876987,-0.11716538465774,
-0.0781102564384934,-0.0390551282192467,0.),.UNSPECIFIED.);
#449=B_SPLINE_CURVE_WITH_KNOTS('',3,(#2164,#2165,#2166,#2167,#2168,#2169,
#2170,#2171,#2172,#2173,#2174),.UNSPECIFIED.,.F.,.F.,(4,1,1,1,1,1,1,1,4),
(-0.438925262877385,-0.376221653894902,-0.313518044912418,-0.250814435929934,
-0.188110826947451,-0.141083120210588,-0.0940554134737254,-0.0627036089824836,
0.),.UNSPECIFIED.);
#450=B_SPLINE_CURVE_WITH_KNOTS('',3,(#2302,#2303,#2304,#2305,#2306,#2307,
#2308,#2309,#2310,#2311),.UNSPECIFIED.,.F.,.F.,(4,1,1,1,1,1,1,4),(-0.273386789995081,
-0.214803906424707,-0.195276278567915,-0.156221022854332,-0.117165767140749,
-0.0781105114271661,-0.0390552557135831,0.),.UNSPECIFIED.);
#451=B_SPLINE_CURVE_WITH_KNOTS('',3,(#2314,#2315,#2316,#2317,#2318,#2319,
#2320,#2321,#2322,#2323),.UNSPECIFIED.,.F.,.F.,(4,1,1,1,1,1,1,4),(0.,0.0390552557135831,
0.0781105114271661,0.117165767140749,0.156221022854332,0.195276278567915,
0.214803906424707,0.273386789995081),.UNSPECIFIED.);
#452=B_SPLINE_CURVE_WITH_KNOTS('',3,(#2392,#2393,#2394,#2395,#2396,#2397,
#2398,#2399,#2400,#2401,#2402),.UNSPECIFIED.,.F.,.F.,(4,1,1,1,1,1,1,1,4),
(0.,0.0585828835703847,0.0781105114271796,0.117165767140769,0.156221022854359,
0.195276278567949,0.234331534281539,0.244095348209936,0.273386789995129),
 .UNSPECIFIED.);
#453=B_SPLINE_CURVE_WITH_KNOTS('',3,(#2472,#2473,#2474,#2475,#2476,#2477,
#2478,#2479,#2480,#2481,#2482),.UNSPECIFIED.,.F.,.F.,(4,1,1,1,1,1,1,1,4),
(0.0582910304342135,0.120994739406686,0.152346593892922,0.199374375622277,
0.246402157351631,0.309105866324104,0.371809575296576,0.434513284269048,
0.497216993241521),.UNSPECIFIED.);
#454=B_SPLINE_CURVE_WITH_KNOTS('',3,(#2485,#2486,#2487,#2488,#2489,#2490,
#2491,#2492,#2493,#2494,#2495),.UNSPECIFIED.,.F.,.F.,(4,1,1,1,1,1,1,1,4),
(-0.497216993241521,-0.434513284269048,-0.371809575296576,-0.309105866324104,
-0.246402157351631,-0.199374375622277,-0.152346593892922,-0.120994739406686,
-0.0582910304342135),.UNSPECIFIED.);
#455=B_SPLINE_CURVE_WITH_KNOTS('',3,(#2498,#2499,#2500,#2501,#2502,#2503,
#2504,#2505,#2506,#2507,#2508),.UNSPECIFIED.,.F.,.F.,(4,1,1,1,1,1,1,1,4),
(2.97801406517287E-17,0.0627036695937259,0.125407339187452,0.188111008781178,
0.250814678374904,0.297842430570198,0.344870182765492,0.376222017562355,
0.438925687156081),.UNSPECIFIED.);
#456=B_SPLINE_CURVE_WITH_KNOTS('',3,(#2509,#2510,#2511,#2512),
 .UNSPECIFIED.,.F.,.F.,(4,4),(0.,0.6),.UNSPECIFIED.);
#457=B_SPLINE_CURVE_WITH_KNOTS('',3,(#2626,#2627,#2628,#2629,#2630,#2631,
#2632,#2633,#2634,#2635,#2636),.UNSPECIFIED.,.F.,.F.,(4,1,1,1,1,1,1,1,4),
(0.0526285748835191,0.0816034072128055,0.091261684655901,0.129894794428283,
0.168527904200665,0.207161013973047,0.245794123745429,0.284427233517811,
0.323060343290192),.UNSPECIFIED.);
#458=B_SPLINE_CURVE_WITH_KNOTS('',3,(#2661,#2662,#2663,#2664),
 .UNSPECIFIED.,.F.,.F.,(4,4),(-0.6,0.),.UNSPECIFIED.);
#459=B_SPLINE_CURVE_WITH_KNOTS('',3,(#2665,#2666,#2667,#2668),
 .UNSPECIFIED.,.F.,.F.,(4,4),(0.,0.6),.UNSPECIFIED.);
#460=B_SPLINE_CURVE_WITH_KNOTS('',3,(#2719,#2720,#2721,#2722,#2723,#2724,
#2725,#2726,#2727,#2728),.UNSPECIFIED.,.F.,.F.,(4,1,1,1,1,1,1,4),(-0.270433717792868,
-0.231800329536744,-0.19316694128062,-0.154533553024496,-0.115900164768372,
-0.077266776512248,-0.038633388256124,0.),.UNSPECIFIED.);
#461=B_SPLINE_CURVE_WITH_KNOTS('',3,(#2729,#2730,#2731,#2732,#2733,#2734,
#2735,#2736,#2737,#2738),.UNSPECIFIED.,.F.,.F.,(4,1,1,1,1,1,1,4),(0.,0.038633388256124,
0.077266776512248,0.115900164768372,0.154533553024496,0.19316694128062,
0.231800329536744,0.270433717792868),.UNSPECIFIED.);
#462=B_SPLINE_CURVE_WITH_KNOTS('',3,(#2765,#2766,#2767,#2768,#2769,#2770,
#2771,#2772,#2773,#2774),.UNSPECIFIED.,.F.,.F.,(4,1,1,1,1,1,1,4),(-0.438925262877385,
-0.376221653894902,-0.313518044912418,-0.250814435929935,-0.188110826947451,
-0.125407217964967,-0.0627036089824836,0.),.UNSPECIFIED.);
#463=B_SPLINE_CURVE_WITH_KNOTS('',3,(#2776,#2777,#2778,#2779,#2780,#2781,
#2782,#2783,#2784,#2785),.UNSPECIFIED.,.F.,.F.,(4,1,1,1,1,1,1,4),(-0.331838320385254,
-0.292783192166,-0.253728063946746,-0.214672935727492,-0.175617807508239,
-0.136562679288985,-0.117035115179358,-0.0584524228504776),
 .UNSPECIFIED.);
#464=B_SPLINE_CURVE_WITH_KNOTS('',3,(#2787,#2788,#2789,#2790,#2791,#2792,
#2793,#2794,#2795,#2796,#2797),.UNSPECIFIED.,.F.,.F.,(4,1,1,1,1,1,1,1,4),
(-0.323060343290192,-0.294085510960906,-0.28442723351781,-0.245794123745428,
-0.207161013973046,-0.168527904200664,-0.129894794428282,-0.0912616846559002,
-0.0526285748835182),.UNSPECIFIED.);
#465=B_SPLINE_CURVE_WITH_KNOTS('',3,(#2799,#2800,#2801,#2802),
 .UNSPECIFIED.,.F.,.F.,(4,4),(1.77730551949132,1.77765659998004),
 .UNSPECIFIED.);
#466=B_SPLINE_CURVE_WITH_KNOTS('',3,(#2804,#2805,#2806,#2807,#2808,#2809,
#2810,#2811,#2812,#2813),.UNSPECIFIED.,.F.,.F.,(4,2,1,1,1,1,4),(-0.192795961487893,
-0.192156865072905,-0.153725492058324,-0.115294119043743,-0.0768627460291622,
-0.0384313730145811,-1.89704099522144E-32),.UNSPECIFIED.);
#467=B_SPLINE_CURVE_WITH_KNOTS('',3,(#2815,#2816,#2817,#2818,#2819),
 .UNSPECIFIED.,.F.,.F.,(4,1,4),(-1.67126609039483,-0.827467658584363,-0.221201722217627),
 .UNSPECIFIED.);
#468=B_SPLINE_CURVE_WITH_KNOTS('',3,(#2821,#2822,#2823,#2824,#2825,#2826,
#2827,#2828),.UNSPECIFIED.,.F.,.F.,(4,1,1,2,4),(-0.192156865072936,-0.153725492058349,
-0.115294119043761,0.,0.00063909641495699),.UNSPECIFIED.);
#469=B_SPLINE_CURVE_WITH_KNOTS('',3,(#2829,#2830,#2831,#2832),
 .UNSPECIFIED.,.F.,.F.,(4,4),(0.114825952537608,0.115177033026325),
 .UNSPECIFIED.);
#470=B_SPLINE_CURVE_WITH_KNOTS('',3,(#2833,#2834,#2835,#2836,#2837),
 .UNSPECIFIED.,.F.,.F.,(4,1,4),(0.719389172266695,0.827467658584363,0.852675926963622),
 .UNSPECIFIED.);
#471=B_SPLINE_CURVE_WITH_KNOTS('',3,(#2859,#2860,#2861,#2862),
 .UNSPECIFIED.,.F.,.F.,(4,4),(-0.6,0.),.UNSPECIFIED.);
#472=B_SPLINE_CURVE_WITH_KNOTS('',3,(#2928,#2929,#2930,#2931,#2932,#2933,
#2934,#2935,#2936,#2937,#2938),.UNSPECIFIED.,.F.,.F.,(4,1,1,1,1,1,1,1,4),
(0.,0.0627036089824836,0.0940554134737254,0.141083120210588,0.188110826947451,
0.250814435929934,0.313518044912418,0.376221653894902,0.438925262877385),
 .UNSPECIFIED.);
#473=B_SPLINE_CURVE_WITH_KNOTS('',3,(#2961,#2962,#2963,#2964),
 .UNSPECIFIED.,.F.,.F.,(4,4),(3.29501449425839E-17,0.6),.UNSPECIFIED.);
#474=B_SPLINE_CURVE_WITH_KNOTS('',3,(#3017,#3018,#3019,#3020,#3021,#3022,
#3023,#3024,#3025,#3026),.UNSPECIFIED.,.F.,.F.,(4,1,1,1,1,1,1,4),(0.,0.0627036089824836,
0.125407217964967,0.188110826947451,0.250814435929935,0.313518044912418,
0.376221653894902,0.438925262877385),.UNSPECIFIED.);
#475=B_SPLINE_CURVE_WITH_KNOTS('',3,(#3040,#3041,#3042,#3043,#3044,#3045,
#3046,#3047,#3048,#3049),.UNSPECIFIED.,.F.,.F.,(4,1,1,1,1,1,1,4),(0.,0.0390551282192467,
0.0781102564384934,0.11716538465774,0.156220512876987,0.195275641096233,
0.214803205205857,0.273385897534727),.UNSPECIFIED.);
#476=B_SPLINE_CURVE_WITH_KNOTS('',3,(#3052,#3053,#3054,#3055,#3056,#3057,
#3058,#3059,#3060,#3061),.UNSPECIFIED.,.F.,.F.,(4,1,1,1,1,1,1,4),(0.0584524228504776,
0.117035115179358,0.136562679288985,0.175617807508239,0.214672935727492,
0.253728063946746,0.292783192166,0.331838320385254),.UNSPECIFIED.);
#477=B_SPLINE_CURVE_WITH_KNOTS('',3,(#3177,#3178,#3179,#3180,#3181,#3182,
#3183,#3184,#3185,#3186),.UNSPECIFIED.,.F.,.F.,(4,1,1,1,1,1,1,4),(0.,0.0386333882561241,
0.0772667765122481,0.115900164768372,0.154533553024496,0.19316694128062,
0.231800329536744,0.270433717792868),.UNSPECIFIED.);
#478=B_SPLINE_CURVE_WITH_KNOTS('',3,(#3188,#3189,#3190,#3191),
 .UNSPECIFIED.,.F.,.F.,(4,4),(1.4447001886226E-16,0.6),.UNSPECIFIED.);
#479=B_SPLINE_CURVE_WITH_KNOTS('',3,(#3192,#3193,#3194,#3195,#3196,#3197,
#3198,#3199,#3200,#3201,#3202),.UNSPECIFIED.,.F.,.F.,(4,1,1,1,1,1,1,1,4),
(0.0526285748835182,0.0912616846559002,0.129894794428282,0.168527904200664,
0.207161013973046,0.245794123745428,0.28442723351781,0.294085510960906,
0.323060343290192),.UNSPECIFIED.);
#480=B_SPLINE_CURVE_WITH_KNOTS('',3,(#3330,#3331,#3332,#3333),
 .UNSPECIFIED.,.F.,.F.,(4,4),(-0.6,-1.4447001886226E-16),.UNSPECIFIED.);
#481=B_SPLINE_CURVE_WITH_KNOTS('',3,(#3340,#3341,#3342,#3343),
 .UNSPECIFIED.,.F.,.F.,(4,4),(0.2,0.8),.UNSPECIFIED.);
#482=B_SPLINE_CURVE_WITH_KNOTS('',3,(#3350,#3351,#3352,#3353),
 .UNSPECIFIED.,.F.,.F.,(4,4),(0.199999999999999,0.8),.UNSPECIFIED.);
#483=B_SPLINE_CURVE_WITH_KNOTS('',3,(#3396,#3397,#3398,#3399,#3400,#3401,
#3402,#3403),.UNSPECIFIED.,.F.,.F.,(4,2,1,1,4),(-0.000639096414988241,0.,
0.115294119043743,0.153725492058324,0.192156865072905),.UNSPECIFIED.);
#484=B_SPLINE_CURVE_WITH_KNOTS('',3,(#3456,#3457,#3458,#3459,#3460,#3461,
#3462,#3463,#3464,#3465),.UNSPECIFIED.,.F.,.F.,(4,1,1,1,1,2,4),(0.,0.0384313730145837,
0.0768627460291673,0.115294119043751,0.153725492058335,0.192156865072918,
0.192795961487893),.UNSPECIFIED.);
#485=B_SPLINE_CURVE_WITH_KNOTS('',3,(#3482,#3483,#3484,#3485),
 .UNSPECIFIED.,.F.,.F.,(4,4),(-0.8,-0.2),.UNSPECIFIED.);
#486=B_SPLINE_CURVE_WITH_KNOTS('',3,(#3548,#3549,#3550,#3551,#3552,#3553,
#3554,#3555),.UNSPECIFIED.,.F.,.F.,(4,2,1,1,4),(-0.00063909641495699,0.,
0.115294119043761,0.153725492058349,0.192156865072936),.UNSPECIFIED.);
#487=B_SPLINE_CURVE_WITH_KNOTS('',3,(#3608,#3609,#3610,#3611,#3612,#3613,
#3614,#3615,#3616,#3617),.UNSPECIFIED.,.F.,.F.,(4,1,1,1,1,2,4),(1.89704099522144E-32,
0.0384313730145811,0.0768627460291622,0.115294119043743,0.153725492058324,
0.192156865072905,0.192795961487893),.UNSPECIFIED.);
#488=B_SPLINE_CURVE_WITH_KNOTS('',3,(#3650,#3651,#3652,#3653),
 .UNSPECIFIED.,.F.,.F.,(4,4),(-0.8,-0.199999999999999),.UNSPECIFIED.);
#489=CIRCLE('',#1379,0.500000000000002);
#490=CIRCLE('',#1380,0.5);
#491=CIRCLE('',#1381,0.5);
#492=CIRCLE('',#1382,0.5);
#493=CIRCLE('',#1393,0.4);
#494=CIRCLE('',#1394,0.400000000000003);
#495=CIRCLE('',#1396,0.400000000000723);
#496=CIRCLE('',#1397,0.399999999999999);
#497=CIRCLE('',#1399,0.400000000000001);
#498=CIRCLE('',#1400,0.399999999999998);
#499=CIRCLE('',#1401,0.400000000000001);
#500=CIRCLE('',#1403,0.400000000042139);
#501=CIRCLE('',#1404,0.400000000000002);
#502=CIRCLE('',#1406,0.399999999999999);
#503=CIRCLE('',#1408,0.399999999999999);
#504=CIRCLE('',#1410,0.399999999999996);
#505=CIRCLE('',#1411,0.399999999999998);
#506=CIRCLE('',#1413,0.399999999999997);
#507=CIRCLE('',#1415,0.400000000000001);
#508=CIRCLE('',#1416,0.400000000000003);
#509=CIRCLE('',#1418,0.399999999999999);
#510=CIRCLE('',#1419,0.399999999999999);
#511=CIRCLE('',#1420,0.4);
#512=CIRCLE('',#1421,0.4);
#513=CIRCLE('',#1423,0.400000000000003);
#514=CIRCLE('',#1424,0.399999999999998);
#515=CIRCLE('',#1426,0.4);
#516=CIRCLE('',#1428,0.399999999999999);
#517=CIRCLE('',#1430,0.4);
#518=CIRCLE('',#1432,0.4);
#519=CIRCLE('',#1434,0.400000000042137);
#520=CIRCLE('',#1435,0.4);
#521=CIRCLE('',#1437,0.4);
#522=CIRCLE('',#1439,0.4);
#523=CIRCLE('',#1441,0.400000000000001);
#524=CIRCLE('',#1442,0.4);
#525=CIRCLE('',#1443,1.);
#526=CIRCLE('',#1444,0.999999999999999);
#527=CIRCLE('',#1453,1.);
#528=CIRCLE('',#1454,1.);
#529=VERTEX_POINT('',#1845);
#530=VERTEX_POINT('',#1846);
#531=VERTEX_POINT('',#1848);
#532=VERTEX_POINT('',#1867);
#533=VERTEX_POINT('',#1903);
#534=VERTEX_POINT('',#1904);
#535=VERTEX_POINT('',#1966);
#536=VERTEX_POINT('',#1967);
#537=VERTEX_POINT('',#2025);
#538=VERTEX_POINT('',#2031);
#539=VERTEX_POINT('',#2065);
#540=VERTEX_POINT('',#2070);
#541=VERTEX_POINT('',#2082);
#542=VERTEX_POINT('',#2094);
#543=VERTEX_POINT('',#2106);
#544=VERTEX_POINT('',#2111);
#545=VERTEX_POINT('',#2122);
#546=VERTEX_POINT('',#2128);
#547=VERTEX_POINT('',#2137);
#548=VERTEX_POINT('',#2142);
#549=VERTEX_POINT('',#2153);
#550=VERTEX_POINT('',#2177);
#551=VERTEX_POINT('',#2178);
#552=VERTEX_POINT('',#2180);
#553=VERTEX_POINT('',#2182);
#554=VERTEX_POINT('',#2184);
#555=VERTEX_POINT('',#2186);
#556=VERTEX_POINT('',#2190);
#557=VERTEX_POINT('',#2192);
#558=VERTEX_POINT('',#2196);
#559=VERTEX_POINT('',#2198);
#560=VERTEX_POINT('',#2200);
#561=VERTEX_POINT('',#2202);
#562=VERTEX_POINT('',#2204);
#563=VERTEX_POINT('',#2208);
#564=VERTEX_POINT('',#2213);
#565=VERTEX_POINT('',#2214);
#566=VERTEX_POINT('',#2217);
#567=VERTEX_POINT('',#2222);
#568=VERTEX_POINT('',#2223);
#569=VERTEX_POINT('',#2225);
#570=VERTEX_POINT('',#2227);
#571=VERTEX_POINT('',#2229);
#572=VERTEX_POINT('',#2231);
#573=VERTEX_POINT('',#2233);
#574=VERTEX_POINT('',#2235);
#575=VERTEX_POINT('',#2237);
#576=VERTEX_POINT('',#2239);
#577=VERTEX_POINT('',#2241);
#578=VERTEX_POINT('',#2243);
#579=VERTEX_POINT('',#2298);
#580=VERTEX_POINT('',#2299);
#581=VERTEX_POINT('',#2301);
#582=VERTEX_POINT('',#2312);
#583=VERTEX_POINT('',#2325);
#584=VERTEX_POINT('',#2329);
#585=VERTEX_POINT('',#2330);
#586=VERTEX_POINT('',#2389);
#587=VERTEX_POINT('',#2404);
#588=VERTEX_POINT('',#2410);
#589=VERTEX_POINT('',#2471);
#590=VERTEX_POINT('',#2483);
#591=VERTEX_POINT('',#2497);
#592=VERTEX_POINT('',#2625);
#593=VERTEX_POINT('',#2658);
#594=VERTEX_POINT('',#2659);
#595=VERTEX_POINT('',#2764);
#596=VERTEX_POINT('',#2775);
#597=VERTEX_POINT('',#2786);
#598=VERTEX_POINT('',#2798);
#599=VERTEX_POINT('',#2803);
#600=VERTEX_POINT('',#2814);
#601=VERTEX_POINT('',#2820);
#602=VERTEX_POINT('',#2924);
#603=VERTEX_POINT('',#2926);
#604=VERTEX_POINT('',#2959);
#605=VERTEX_POINT('',#3015);
#606=VERTEX_POINT('',#3028);
#607=VERTEX_POINT('',#3032);
#608=VERTEX_POINT('',#3039);
#609=VERTEX_POINT('',#3050);
#610=VERTEX_POINT('',#3166);
#611=VERTEX_POINT('',#3170);
#612=VERTEX_POINT('',#3176);
#613=VERTEX_POINT('',#3187);
#614=VERTEX_POINT('',#3394);
#615=VERTEX_POINT('',#3454);
#616=VERTEX_POINT('',#3467);
#617=VERTEX_POINT('',#3471);
#618=VERTEX_POINT('',#3473);
#619=VERTEX_POINT('',#3477);
#620=VERTEX_POINT('',#3481);
#621=VERTEX_POINT('',#3606);
#622=VERTEX_POINT('',#3619);
#623=VERTEX_POINT('',#3621);
#624=VERTEX_POINT('',#3623);
#625=VERTEX_POINT('',#3659);
#626=VERTEX_POINT('',#3660);
#627=VERTEX_POINT('',#3662);
#628=VERTEX_POINT('',#3664);
#629=VERTEX_POINT('',#3666);
#630=VERTEX_POINT('',#3668);
#631=VERTEX_POINT('',#3670);
#632=VERTEX_POINT('',#3672);
#633=VERTEX_POINT('',#3674);
#634=VERTEX_POINT('',#3676);
#635=VERTEX_POINT('',#3678);
#636=VERTEX_POINT('',#3680);
#637=VERTEX_POINT('',#3684);
#638=VERTEX_POINT('',#3685);
#639=VERTEX_POINT('',#3690);
#640=VERTEX_POINT('',#3691);
#641=VERTEX_POINT('',#3696);
#642=VERTEX_POINT('',#3698);
#643=VERTEX_POINT('',#3703);
#644=VERTEX_POINT('',#3726);
#645=EDGE_CURVE('',#529,#530,#489,.T.);
#646=EDGE_CURVE('',#530,#531,#427,.T.);
#647=EDGE_CURVE('',#531,#532,#490,.T.);
#648=EDGE_CURVE('',#532,#529,#428,.T.);
#649=EDGE_CURVE('',#533,#534,#491,.T.);
#650=EDGE_CURVE('',#534,#530,#429,.T.);
#651=EDGE_CURVE('',#529,#533,#430,.T.);
#652=EDGE_CURVE('',#535,#536,#492,.T.);
#653=EDGE_CURVE('',#536,#534,#431,.T.);
#654=EDGE_CURVE('',#533,#535,#432,.T.);
#655=EDGE_CURVE('',#531,#536,#433,.T.);
#656=EDGE_CURVE('',#535,#532,#434,.T.);
#657=EDGE_CURVE('',#537,#531,#435,.T.);
#658=EDGE_CURVE('',#538,#537,#436,.T.);
#659=EDGE_CURVE('',#536,#538,#437,.T.);
#660=EDGE_CURVE('',#530,#539,#438,.T.);
#661=EDGE_CURVE('',#540,#539,#439,.T.);
#662=EDGE_CURVE('',#541,#540,#440,.T.);
#663=EDGE_CURVE('',#542,#541,#441,.T.);
#664=EDGE_CURVE('',#542,#543,#442,.T.);
#665=EDGE_CURVE('',#544,#543,#443,.T.);
#666=EDGE_CURVE('',#544,#545,#444,.T.);
#667=EDGE_CURVE('',#546,#545,#445,.T.);
#668=EDGE_CURVE('',#546,#547,#446,.T.);
#669=EDGE_CURVE('',#548,#547,#447,.T.);
#670=EDGE_CURVE('',#549,#548,#448,.T.);
#671=EDGE_CURVE('',#537,#549,#449,.T.);
#672=EDGE_CURVE('',#550,#551,#35,.T.);
#673=EDGE_CURVE('',#551,#552,#36,.T.);
#674=EDGE_CURVE('',#552,#553,#37,.T.);
#675=EDGE_CURVE('',#553,#554,#38,.T.);
#676=EDGE_CURVE('',#554,#555,#39,.T.);
#677=EDGE_CURVE('',#555,#550,#40,.T.);
#678=EDGE_CURVE('',#550,#556,#41,.T.);
#679=EDGE_CURVE('',#557,#556,#42,.T.);
#680=EDGE_CURVE('',#557,#551,#43,.T.);
#681=EDGE_CURVE('',#555,#558,#44,.T.);
#682=EDGE_CURVE('',#559,#558,#27,.T.);
#683=EDGE_CURVE('',#559,#560,#45,.T.);
#684=EDGE_CURVE('',#561,#560,#28,.T.);
#685=EDGE_CURVE('',#561,#562,#46,.T.);
#686=EDGE_CURVE('',#556,#562,#47,.T.);
#687=EDGE_CURVE('',#563,#554,#48,.T.);
#688=EDGE_CURVE('',#545,#563,#49,.T.);
#689=EDGE_CURVE('',#558,#544,#50,.T.);
#690=EDGE_CURVE('',#564,#565,#51,.T.);
#691=EDGE_CURVE('',#565,#557,#52,.T.);
#692=EDGE_CURVE('',#562,#566,#53,.T.);
#693=EDGE_CURVE('',#566,#564,#54,.T.);
#694=EDGE_CURVE('',#552,#565,#55,.T.);
#695=EDGE_CURVE('',#567,#568,#56,.T.);
#696=EDGE_CURVE('',#568,#569,#57,.T.);
#697=EDGE_CURVE('',#569,#570,#58,.T.);
#698=EDGE_CURVE('',#570,#571,#59,.T.);
#699=EDGE_CURVE('',#571,#572,#60,.T.);
#700=EDGE_CURVE('',#572,#573,#61,.T.);
#701=EDGE_CURVE('',#573,#574,#62,.T.);
#702=EDGE_CURVE('',#574,#575,#63,.T.);
#703=EDGE_CURVE('',#575,#576,#64,.T.);
#704=EDGE_CURVE('',#576,#577,#65,.T.);
#705=EDGE_CURVE('',#577,#578,#66,.T.);
#706=EDGE_CURVE('',#578,#567,#67,.T.);
#707=EDGE_CURVE('',#564,#553,#68,.T.);
#708=EDGE_CURVE('',#579,#580,#493,.T.);
#709=EDGE_CURVE('',#580,#581,#450,.T.);
#710=EDGE_CURVE('',#581,#582,#494,.T.);
#711=EDGE_CURVE('',#582,#579,#451,.T.);
#712=EDGE_CURVE('',#579,#583,#495,.T.);
#713=EDGE_CURVE('',#583,#580,#496,.T.);
#714=EDGE_CURVE('',#584,#585,#497,.T.);
#715=EDGE_CURVE('',#585,#583,#69,.T.);
#716=EDGE_CURVE('',#579,#584,#70,.T.);
#717=EDGE_CURVE('',#586,#541,#498,.T.);
#718=EDGE_CURVE('',#540,#584,#499,.T.);
#719=EDGE_CURVE('',#584,#586,#452,.T.);
#720=EDGE_CURVE('',#586,#587,#500,.T.);
#721=EDGE_CURVE('',#587,#541,#501,.T.);
#722=EDGE_CURVE('',#540,#585,#502,.T.);
#723=EDGE_CURVE('',#582,#588,#503,.T.);
#724=EDGE_CURVE('',#588,#587,#71,.T.);
#725=EDGE_CURVE('',#586,#582,#72,.T.);
#726=EDGE_CURVE('',#581,#588,#504,.T.);
#727=EDGE_CURVE('',#583,#589,#453,.T.);
#728=EDGE_CURVE('',#590,#589,#505,.T.);
#729=EDGE_CURVE('',#590,#580,#454,.T.);
#730=EDGE_CURVE('',#591,#585,#455,.T.);
#731=EDGE_CURVE('',#589,#591,#456,.T.);
#732=EDGE_CURVE('',#591,#539,#506,.T.);
#733=EDGE_CURVE('',#587,#592,#457,.T.);
#734=EDGE_CURVE('',#592,#542,#507,.T.);
#735=EDGE_CURVE('',#593,#594,#508,.T.);
#736=EDGE_CURVE('',#594,#542,#458,.T.);
#737=EDGE_CURVE('',#592,#593,#459,.T.);
#738=EDGE_CURVE('',#581,#594,#460,.T.);
#739=EDGE_CURVE('',#593,#588,#461,.T.);
#740=EDGE_CURVE('',#595,#538,#462,.T.);
#741=EDGE_CURVE('',#596,#595,#463,.T.);
#742=EDGE_CURVE('',#597,#596,#464,.T.);
#743=EDGE_CURVE('',#597,#598,#465,.T.);
#744=EDGE_CURVE('',#599,#598,#466,.T.);
#745=EDGE_CURVE('',#599,#600,#467,.T.);
#746=EDGE_CURVE('',#601,#600,#468,.T.);
#747=EDGE_CURVE('',#601,#594,#469,.T.);
#748=EDGE_CURVE('',#590,#534,#470,.T.);
#749=EDGE_CURVE('',#539,#590,#471,.T.);
#750=EDGE_CURVE('',#602,#537,#509,.T.);
#751=EDGE_CURVE('',#549,#603,#510,.T.);
#752=EDGE_CURVE('',#603,#602,#472,.T.);
#753=EDGE_CURVE('',#604,#538,#511,.T.);
#754=EDGE_CURVE('',#602,#604,#473,.T.);
#755=EDGE_CURVE('',#605,#595,#512,.T.);
#756=EDGE_CURVE('',#604,#605,#474,.T.);
#757=EDGE_CURVE('',#605,#606,#513,.T.);
#758=EDGE_CURVE('',#606,#595,#514,.T.);
#759=EDGE_CURVE('',#603,#607,#515,.T.);
#760=EDGE_CURVE('',#607,#606,#73,.T.);
#761=EDGE_CURVE('',#605,#603,#74,.T.);
#762=EDGE_CURVE('',#549,#607,#516,.T.);
#763=EDGE_CURVE('',#608,#607,#475,.T.);
#764=EDGE_CURVE('',#609,#608,#75,.T.);
#765=EDGE_CURVE('',#606,#609,#476,.T.);
#766=EDGE_CURVE('',#548,#608,#517,.T.);
#767=EDGE_CURVE('',#609,#596,#518,.T.);
#768=EDGE_CURVE('',#609,#610,#519,.T.);
#769=EDGE_CURVE('',#610,#596,#520,.T.);
#770=EDGE_CURVE('',#608,#611,#521,.T.);
#771=EDGE_CURVE('',#611,#610,#76,.T.);
#772=EDGE_CURVE('',#548,#611,#522,.T.);
#773=EDGE_CURVE('',#612,#611,#477,.T.);
#774=EDGE_CURVE('',#613,#612,#478,.T.);
#775=EDGE_CURVE('',#610,#613,#479,.T.);
#776=EDGE_CURVE('',#612,#547,#523,.T.);
#777=EDGE_CURVE('',#613,#597,#524,.T.);
#778=EDGE_CURVE('',#547,#597,#480,.T.);
#779=EDGE_CURVE('',#543,#601,#481,.T.);
#780=EDGE_CURVE('',#598,#546,#482,.T.);
#781=EDGE_CURVE('',#614,#546,#525,.T.);
#782=EDGE_CURVE('',#545,#614,#483,.T.);
#783=EDGE_CURVE('',#543,#615,#526,.T.);
#784=EDGE_CURVE('',#615,#544,#484,.T.);
#785=EDGE_CURVE('',#615,#616,#77,.T.);
#786=EDGE_CURVE('',#616,#559,#29,.T.);
#787=EDGE_CURVE('',#563,#617,#30,.T.);
#788=EDGE_CURVE('',#617,#618,#31,.T.);
#789=EDGE_CURVE('',#618,#614,#78,.T.);
#790=EDGE_CURVE('',#619,#616,#79,.T.);
#791=EDGE_CURVE('',#560,#619,#32,.T.);
#792=EDGE_CURVE('',#620,#615,#485,.T.);
#793=EDGE_CURVE('',#619,#620,#80,.T.);
#794=EDGE_CURVE('',#620,#601,#527,.T.);
#795=EDGE_CURVE('',#600,#620,#486,.T.);
#796=EDGE_CURVE('',#598,#621,#528,.T.);
#797=EDGE_CURVE('',#621,#599,#487,.T.);
#798=EDGE_CURVE('',#621,#622,#81,.T.);
#799=EDGE_CURVE('',#622,#623,#33,.T.);
#800=EDGE_CURVE('',#623,#624,#34,.T.);
#801=EDGE_CURVE('',#624,#599,#82,.T.);
#802=EDGE_CURVE('',#600,#561,#83,.T.);
#803=EDGE_CURVE('',#566,#624,#84,.T.);
#804=EDGE_CURVE('',#614,#621,#488,.T.);
#805=EDGE_CURVE('',#618,#622,#85,.T.);
#806=EDGE_CURVE('',#623,#617,#86,.T.);
#807=EDGE_CURVE('',#625,#626,#87,.T.);
#808=EDGE_CURVE('',#626,#627,#88,.T.);
#809=EDGE_CURVE('',#627,#628,#89,.T.);
#810=EDGE_CURVE('',#628,#629,#90,.T.);
#811=EDGE_CURVE('',#629,#630,#91,.T.);
#812=EDGE_CURVE('',#630,#631,#92,.T.);
#813=EDGE_CURVE('',#631,#632,#93,.T.);
#814=EDGE_CURVE('',#632,#633,#94,.T.);
#815=EDGE_CURVE('',#633,#634,#95,.T.);
#816=EDGE_CURVE('',#634,#635,#96,.T.);
#817=EDGE_CURVE('',#635,#636,#97,.T.);
#818=EDGE_CURVE('',#636,#625,#98,.T.);
#819=EDGE_CURVE('',#637,#638,#99,.T.);
#820=EDGE_CURVE('',#637,#575,#100,.T.);
#821=EDGE_CURVE('',#638,#574,#101,.T.);
#822=EDGE_CURVE('',#639,#640,#102,.T.);
#823=EDGE_CURVE('',#639,#569,#103,.T.);
#824=EDGE_CURVE('',#640,#568,#104,.T.);
#825=EDGE_CURVE('',#641,#639,#105,.T.);
#826=EDGE_CURVE('',#640,#642,#106,.T.);
#827=EDGE_CURVE('',#641,#642,#107,.T.);
#828=EDGE_CURVE('',#626,#573,#108,.T.);
#829=EDGE_CURVE('',#625,#643,#109,.T.);
#830=EDGE_CURVE('',#638,#643,#110,.T.);
#831=EDGE_CURVE('',#627,#572,#111,.T.);
#832=EDGE_CURVE('',#628,#571,#112,.T.);
#833=EDGE_CURVE('',#629,#570,#113,.T.);
#834=EDGE_CURVE('',#630,#641,#114,.T.);
#835=EDGE_CURVE('',#631,#642,#115,.T.);
#836=EDGE_CURVE('',#632,#567,#116,.T.);
#837=EDGE_CURVE('',#633,#578,#117,.T.);
#838=EDGE_CURVE('',#634,#577,#118,.T.);
#839=EDGE_CURVE('',#635,#576,#119,.T.);
#840=EDGE_CURVE('',#636,#644,#120,.T.);
#841=EDGE_CURVE('',#644,#637,#121,.T.);
#842=EDGE_CURVE('',#644,#643,#122,.T.);
#843=ORIENTED_EDGE('',*,*,#645,.T.);
#844=ORIENTED_EDGE('',*,*,#646,.T.);
#845=ORIENTED_EDGE('',*,*,#647,.T.);
#846=ORIENTED_EDGE('',*,*,#648,.T.);
#847=ORIENTED_EDGE('',*,*,#649,.T.);
#848=ORIENTED_EDGE('',*,*,#650,.T.);
#849=ORIENTED_EDGE('',*,*,#645,.F.);
#850=ORIENTED_EDGE('',*,*,#651,.T.);
#851=ORIENTED_EDGE('',*,*,#652,.T.);
#852=ORIENTED_EDGE('',*,*,#653,.T.);
#853=ORIENTED_EDGE('',*,*,#649,.F.);
#854=ORIENTED_EDGE('',*,*,#654,.T.);
#855=ORIENTED_EDGE('',*,*,#647,.F.);
#856=ORIENTED_EDGE('',*,*,#655,.T.);
#857=ORIENTED_EDGE('',*,*,#652,.F.);
#858=ORIENTED_EDGE('',*,*,#656,.T.);
#859=ORIENTED_EDGE('',*,*,#655,.F.);
#860=ORIENTED_EDGE('',*,*,#657,.F.);
#861=ORIENTED_EDGE('',*,*,#658,.F.);
#862=ORIENTED_EDGE('',*,*,#659,.F.);
#863=ORIENTED_EDGE('',*,*,#646,.F.);
#864=ORIENTED_EDGE('',*,*,#660,.T.);
#865=ORIENTED_EDGE('',*,*,#661,.F.);
#866=ORIENTED_EDGE('',*,*,#662,.F.);
#867=ORIENTED_EDGE('',*,*,#663,.F.);
#868=ORIENTED_EDGE('',*,*,#664,.T.);
#869=ORIENTED_EDGE('',*,*,#665,.F.);
#870=ORIENTED_EDGE('',*,*,#666,.T.);
#871=ORIENTED_EDGE('',*,*,#667,.F.);
#872=ORIENTED_EDGE('',*,*,#668,.T.);
#873=ORIENTED_EDGE('',*,*,#669,.F.);
#874=ORIENTED_EDGE('',*,*,#670,.F.);
#875=ORIENTED_EDGE('',*,*,#671,.F.);
#876=ORIENTED_EDGE('',*,*,#657,.T.);
#877=ORIENTED_EDGE('',*,*,#648,.F.);
#878=ORIENTED_EDGE('',*,*,#656,.F.);
#879=ORIENTED_EDGE('',*,*,#654,.F.);
#880=ORIENTED_EDGE('',*,*,#651,.F.);
#881=ORIENTED_EDGE('',*,*,#672,.T.);
#882=ORIENTED_EDGE('',*,*,#673,.T.);
#883=ORIENTED_EDGE('',*,*,#674,.T.);
#884=ORIENTED_EDGE('',*,*,#675,.T.);
#885=ORIENTED_EDGE('',*,*,#676,.T.);
#886=ORIENTED_EDGE('',*,*,#677,.T.);
#887=ORIENTED_EDGE('',*,*,#672,.F.);
#888=ORIENTED_EDGE('',*,*,#678,.T.);
#889=ORIENTED_EDGE('',*,*,#679,.F.);
#890=ORIENTED_EDGE('',*,*,#680,.T.);
#891=ORIENTED_EDGE('',*,*,#677,.F.);
#892=ORIENTED_EDGE('',*,*,#681,.T.);
#893=ORIENTED_EDGE('',*,*,#682,.F.);
#894=ORIENTED_EDGE('',*,*,#683,.T.);
#895=ORIENTED_EDGE('',*,*,#684,.F.);
#896=ORIENTED_EDGE('',*,*,#685,.T.);
#897=ORIENTED_EDGE('',*,*,#686,.F.);
#898=ORIENTED_EDGE('',*,*,#678,.F.);
#899=ORIENTED_EDGE('',*,*,#676,.F.);
#900=ORIENTED_EDGE('',*,*,#687,.F.);
#901=ORIENTED_EDGE('',*,*,#688,.F.);
#902=ORIENTED_EDGE('',*,*,#666,.F.);
#903=ORIENTED_EDGE('',*,*,#689,.F.);
#904=ORIENTED_EDGE('',*,*,#681,.F.);
#905=ORIENTED_EDGE('',*,*,#690,.T.);
#906=ORIENTED_EDGE('',*,*,#691,.T.);
#907=ORIENTED_EDGE('',*,*,#679,.T.);
#908=ORIENTED_EDGE('',*,*,#686,.T.);
#909=ORIENTED_EDGE('',*,*,#692,.T.);
#910=ORIENTED_EDGE('',*,*,#693,.T.);
#911=ORIENTED_EDGE('',*,*,#673,.F.);
#912=ORIENTED_EDGE('',*,*,#680,.F.);
#913=ORIENTED_EDGE('',*,*,#691,.F.);
#914=ORIENTED_EDGE('',*,*,#694,.F.);
#915=ORIENTED_EDGE('',*,*,#695,.T.);
#916=ORIENTED_EDGE('',*,*,#696,.T.);
#917=ORIENTED_EDGE('',*,*,#697,.T.);
#918=ORIENTED_EDGE('',*,*,#698,.T.);
#919=ORIENTED_EDGE('',*,*,#699,.T.);
#920=ORIENTED_EDGE('',*,*,#700,.T.);
#921=ORIENTED_EDGE('',*,*,#701,.T.);
#922=ORIENTED_EDGE('',*,*,#702,.T.);
#923=ORIENTED_EDGE('',*,*,#703,.T.);
#924=ORIENTED_EDGE('',*,*,#704,.T.);
#925=ORIENTED_EDGE('',*,*,#705,.T.);
#926=ORIENTED_EDGE('',*,*,#706,.T.);
#927=ORIENTED_EDGE('',*,*,#674,.F.);
#928=ORIENTED_EDGE('',*,*,#694,.T.);
#929=ORIENTED_EDGE('',*,*,#690,.F.);
#930=ORIENTED_EDGE('',*,*,#707,.T.);
#931=ORIENTED_EDGE('',*,*,#708,.T.);
#932=ORIENTED_EDGE('',*,*,#709,.T.);
#933=ORIENTED_EDGE('',*,*,#710,.T.);
#934=ORIENTED_EDGE('',*,*,#711,.T.);
#935=ORIENTED_EDGE('',*,*,#712,.T.);
#936=ORIENTED_EDGE('',*,*,#713,.T.);
#937=ORIENTED_EDGE('',*,*,#708,.F.);
#938=ORIENTED_EDGE('',*,*,#714,.T.);
#939=ORIENTED_EDGE('',*,*,#715,.T.);
#940=ORIENTED_EDGE('',*,*,#712,.F.);
#941=ORIENTED_EDGE('',*,*,#716,.T.);
#942=ORIENTED_EDGE('',*,*,#717,.T.);
#943=ORIENTED_EDGE('',*,*,#662,.T.);
#944=ORIENTED_EDGE('',*,*,#718,.T.);
#945=ORIENTED_EDGE('',*,*,#719,.T.);
#946=ORIENTED_EDGE('',*,*,#720,.T.);
#947=ORIENTED_EDGE('',*,*,#721,.T.);
#948=ORIENTED_EDGE('',*,*,#717,.F.);
#949=ORIENTED_EDGE('',*,*,#718,.F.);
#950=ORIENTED_EDGE('',*,*,#722,.T.);
#951=ORIENTED_EDGE('',*,*,#714,.F.);
#952=ORIENTED_EDGE('',*,*,#723,.T.);
#953=ORIENTED_EDGE('',*,*,#724,.T.);
#954=ORIENTED_EDGE('',*,*,#720,.F.);
#955=ORIENTED_EDGE('',*,*,#725,.T.);
#956=ORIENTED_EDGE('',*,*,#710,.F.);
#957=ORIENTED_EDGE('',*,*,#726,.T.);
#958=ORIENTED_EDGE('',*,*,#723,.F.);
#959=ORIENTED_EDGE('',*,*,#713,.F.);
#960=ORIENTED_EDGE('',*,*,#727,.T.);
#961=ORIENTED_EDGE('',*,*,#728,.F.);
#962=ORIENTED_EDGE('',*,*,#729,.T.);
#963=ORIENTED_EDGE('',*,*,#715,.F.);
#964=ORIENTED_EDGE('',*,*,#730,.F.);
#965=ORIENTED_EDGE('',*,*,#731,.F.);
#966=ORIENTED_EDGE('',*,*,#727,.F.);
#967=ORIENTED_EDGE('',*,*,#722,.F.);
#968=ORIENTED_EDGE('',*,*,#661,.T.);
#969=ORIENTED_EDGE('',*,*,#732,.F.);
#970=ORIENTED_EDGE('',*,*,#730,.T.);
#971=ORIENTED_EDGE('',*,*,#711,.F.);
#972=ORIENTED_EDGE('',*,*,#725,.F.);
#973=ORIENTED_EDGE('',*,*,#719,.F.);
#974=ORIENTED_EDGE('',*,*,#716,.F.);
#975=ORIENTED_EDGE('',*,*,#721,.F.);
#976=ORIENTED_EDGE('',*,*,#733,.T.);
#977=ORIENTED_EDGE('',*,*,#734,.T.);
#978=ORIENTED_EDGE('',*,*,#663,.T.);
#979=ORIENTED_EDGE('',*,*,#735,.T.);
#980=ORIENTED_EDGE('',*,*,#736,.T.);
#981=ORIENTED_EDGE('',*,*,#734,.F.);
#982=ORIENTED_EDGE('',*,*,#737,.T.);
#983=ORIENTED_EDGE('',*,*,#726,.F.);
#984=ORIENTED_EDGE('',*,*,#738,.T.);
#985=ORIENTED_EDGE('',*,*,#735,.F.);
#986=ORIENTED_EDGE('',*,*,#739,.T.);
#987=ORIENTED_EDGE('',*,*,#653,.F.);
#988=ORIENTED_EDGE('',*,*,#659,.T.);
#989=ORIENTED_EDGE('',*,*,#740,.F.);
#990=ORIENTED_EDGE('',*,*,#741,.F.);
#991=ORIENTED_EDGE('',*,*,#742,.F.);
#992=ORIENTED_EDGE('',*,*,#743,.T.);
#993=ORIENTED_EDGE('',*,*,#744,.F.);
#994=ORIENTED_EDGE('',*,*,#745,.T.);
#995=ORIENTED_EDGE('',*,*,#746,.F.);
#996=ORIENTED_EDGE('',*,*,#747,.T.);
#997=ORIENTED_EDGE('',*,*,#738,.F.);
#998=ORIENTED_EDGE('',*,*,#709,.F.);
#999=ORIENTED_EDGE('',*,*,#729,.F.);
#1000=ORIENTED_EDGE('',*,*,#748,.T.);
#1001=ORIENTED_EDGE('',*,*,#724,.F.);
#1002=ORIENTED_EDGE('',*,*,#739,.F.);
#1003=ORIENTED_EDGE('',*,*,#737,.F.);
#1004=ORIENTED_EDGE('',*,*,#733,.F.);
#1005=ORIENTED_EDGE('',*,*,#732,.T.);
#1006=ORIENTED_EDGE('',*,*,#749,.T.);
#1007=ORIENTED_EDGE('',*,*,#728,.T.);
#1008=ORIENTED_EDGE('',*,*,#731,.T.);
#1009=ORIENTED_EDGE('',*,*,#650,.F.);
#1010=ORIENTED_EDGE('',*,*,#748,.F.);
#1011=ORIENTED_EDGE('',*,*,#749,.F.);
#1012=ORIENTED_EDGE('',*,*,#660,.F.);
#1013=ORIENTED_EDGE('',*,*,#750,.T.);
#1014=ORIENTED_EDGE('',*,*,#671,.T.);
#1015=ORIENTED_EDGE('',*,*,#751,.T.);
#1016=ORIENTED_EDGE('',*,*,#752,.T.);
#1017=ORIENTED_EDGE('',*,*,#753,.T.);
#1018=ORIENTED_EDGE('',*,*,#658,.T.);
#1019=ORIENTED_EDGE('',*,*,#750,.F.);
#1020=ORIENTED_EDGE('',*,*,#754,.T.);
#1021=ORIENTED_EDGE('',*,*,#755,.T.);
#1022=ORIENTED_EDGE('',*,*,#740,.T.);
#1023=ORIENTED_EDGE('',*,*,#753,.F.);
#1024=ORIENTED_EDGE('',*,*,#756,.T.);
#1025=ORIENTED_EDGE('',*,*,#757,.T.);
#1026=ORIENTED_EDGE('',*,*,#758,.T.);
#1027=ORIENTED_EDGE('',*,*,#755,.F.);
#1028=ORIENTED_EDGE('',*,*,#759,.T.);
#1029=ORIENTED_EDGE('',*,*,#760,.T.);
#1030=ORIENTED_EDGE('',*,*,#757,.F.);
#1031=ORIENTED_EDGE('',*,*,#761,.T.);
#1032=ORIENTED_EDGE('',*,*,#751,.F.);
#1033=ORIENTED_EDGE('',*,*,#762,.T.);
#1034=ORIENTED_EDGE('',*,*,#759,.F.);
#1035=ORIENTED_EDGE('',*,*,#760,.F.);
#1036=ORIENTED_EDGE('',*,*,#763,.F.);
#1037=ORIENTED_EDGE('',*,*,#764,.F.);
#1038=ORIENTED_EDGE('',*,*,#765,.F.);
#1039=ORIENTED_EDGE('',*,*,#762,.F.);
#1040=ORIENTED_EDGE('',*,*,#670,.T.);
#1041=ORIENTED_EDGE('',*,*,#766,.T.);
#1042=ORIENTED_EDGE('',*,*,#763,.T.);
#1043=ORIENTED_EDGE('',*,*,#752,.F.);
#1044=ORIENTED_EDGE('',*,*,#761,.F.);
#1045=ORIENTED_EDGE('',*,*,#756,.F.);
#1046=ORIENTED_EDGE('',*,*,#754,.F.);
#1047=ORIENTED_EDGE('',*,*,#758,.F.);
#1048=ORIENTED_EDGE('',*,*,#765,.T.);
#1049=ORIENTED_EDGE('',*,*,#767,.T.);
#1050=ORIENTED_EDGE('',*,*,#741,.T.);
#1051=ORIENTED_EDGE('',*,*,#768,.T.);
#1052=ORIENTED_EDGE('',*,*,#769,.T.);
#1053=ORIENTED_EDGE('',*,*,#767,.F.);
#1054=ORIENTED_EDGE('',*,*,#770,.T.);
#1055=ORIENTED_EDGE('',*,*,#771,.T.);
#1056=ORIENTED_EDGE('',*,*,#768,.F.);
#1057=ORIENTED_EDGE('',*,*,#764,.T.);
#1058=ORIENTED_EDGE('',*,*,#766,.F.);
#1059=ORIENTED_EDGE('',*,*,#772,.T.);
#1060=ORIENTED_EDGE('',*,*,#770,.F.);
#1061=ORIENTED_EDGE('',*,*,#771,.F.);
#1062=ORIENTED_EDGE('',*,*,#773,.F.);
#1063=ORIENTED_EDGE('',*,*,#774,.F.);
#1064=ORIENTED_EDGE('',*,*,#775,.F.);
#1065=ORIENTED_EDGE('',*,*,#772,.F.);
#1066=ORIENTED_EDGE('',*,*,#669,.T.);
#1067=ORIENTED_EDGE('',*,*,#776,.F.);
#1068=ORIENTED_EDGE('',*,*,#773,.T.);
#1069=ORIENTED_EDGE('',*,*,#769,.F.);
#1070=ORIENTED_EDGE('',*,*,#775,.T.);
#1071=ORIENTED_EDGE('',*,*,#777,.T.);
#1072=ORIENTED_EDGE('',*,*,#742,.T.);
#1073=ORIENTED_EDGE('',*,*,#776,.T.);
#1074=ORIENTED_EDGE('',*,*,#778,.T.);
#1075=ORIENTED_EDGE('',*,*,#777,.F.);
#1076=ORIENTED_EDGE('',*,*,#774,.T.);
#1077=ORIENTED_EDGE('',*,*,#736,.F.);
#1078=ORIENTED_EDGE('',*,*,#747,.F.);
#1079=ORIENTED_EDGE('',*,*,#779,.F.);
#1080=ORIENTED_EDGE('',*,*,#664,.F.);
#1081=ORIENTED_EDGE('',*,*,#778,.F.);
#1082=ORIENTED_EDGE('',*,*,#668,.F.);
#1083=ORIENTED_EDGE('',*,*,#780,.F.);
#1084=ORIENTED_EDGE('',*,*,#743,.F.);
#1085=ORIENTED_EDGE('',*,*,#781,.T.);
#1086=ORIENTED_EDGE('',*,*,#667,.T.);
#1087=ORIENTED_EDGE('',*,*,#782,.T.);
#1088=ORIENTED_EDGE('',*,*,#783,.T.);
#1089=ORIENTED_EDGE('',*,*,#784,.T.);
#1090=ORIENTED_EDGE('',*,*,#665,.T.);
#1091=ORIENTED_EDGE('',*,*,#784,.F.);
#1092=ORIENTED_EDGE('',*,*,#785,.T.);
#1093=ORIENTED_EDGE('',*,*,#786,.T.);
#1094=ORIENTED_EDGE('',*,*,#682,.T.);
#1095=ORIENTED_EDGE('',*,*,#689,.T.);
#1096=ORIENTED_EDGE('',*,*,#782,.F.);
#1097=ORIENTED_EDGE('',*,*,#688,.T.);
#1098=ORIENTED_EDGE('',*,*,#787,.T.);
#1099=ORIENTED_EDGE('',*,*,#788,.T.);
#1100=ORIENTED_EDGE('',*,*,#789,.T.);
#1101=ORIENTED_EDGE('',*,*,#786,.F.);
#1102=ORIENTED_EDGE('',*,*,#790,.F.);
#1103=ORIENTED_EDGE('',*,*,#791,.F.);
#1104=ORIENTED_EDGE('',*,*,#683,.F.);
#1105=ORIENTED_EDGE('',*,*,#785,.F.);
#1106=ORIENTED_EDGE('',*,*,#792,.F.);
#1107=ORIENTED_EDGE('',*,*,#793,.F.);
#1108=ORIENTED_EDGE('',*,*,#790,.T.);
#1109=ORIENTED_EDGE('',*,*,#783,.F.);
#1110=ORIENTED_EDGE('',*,*,#779,.T.);
#1111=ORIENTED_EDGE('',*,*,#794,.F.);
#1112=ORIENTED_EDGE('',*,*,#792,.T.);
#1113=ORIENTED_EDGE('',*,*,#794,.T.);
#1114=ORIENTED_EDGE('',*,*,#746,.T.);
#1115=ORIENTED_EDGE('',*,*,#795,.T.);
#1116=ORIENTED_EDGE('',*,*,#796,.T.);
#1117=ORIENTED_EDGE('',*,*,#797,.T.);
#1118=ORIENTED_EDGE('',*,*,#744,.T.);
#1119=ORIENTED_EDGE('',*,*,#797,.F.);
#1120=ORIENTED_EDGE('',*,*,#798,.T.);
#1121=ORIENTED_EDGE('',*,*,#799,.T.);
#1122=ORIENTED_EDGE('',*,*,#800,.T.);
#1123=ORIENTED_EDGE('',*,*,#801,.T.);
#1124=ORIENTED_EDGE('',*,*,#795,.F.);
#1125=ORIENTED_EDGE('',*,*,#802,.T.);
#1126=ORIENTED_EDGE('',*,*,#684,.T.);
#1127=ORIENTED_EDGE('',*,*,#791,.T.);
#1128=ORIENTED_EDGE('',*,*,#793,.T.);
#1129=ORIENTED_EDGE('',*,*,#692,.F.);
#1130=ORIENTED_EDGE('',*,*,#685,.F.);
#1131=ORIENTED_EDGE('',*,*,#802,.F.);
#1132=ORIENTED_EDGE('',*,*,#745,.F.);
#1133=ORIENTED_EDGE('',*,*,#801,.F.);
#1134=ORIENTED_EDGE('',*,*,#803,.F.);
#1135=ORIENTED_EDGE('',*,*,#781,.F.);
#1136=ORIENTED_EDGE('',*,*,#804,.T.);
#1137=ORIENTED_EDGE('',*,*,#796,.F.);
#1138=ORIENTED_EDGE('',*,*,#780,.T.);
#1139=ORIENTED_EDGE('',*,*,#789,.F.);
#1140=ORIENTED_EDGE('',*,*,#805,.T.);
#1141=ORIENTED_EDGE('',*,*,#798,.F.);
#1142=ORIENTED_EDGE('',*,*,#804,.F.);
#1143=ORIENTED_EDGE('',*,*,#675,.F.);
#1144=ORIENTED_EDGE('',*,*,#707,.F.);
#1145=ORIENTED_EDGE('',*,*,#693,.F.);
#1146=ORIENTED_EDGE('',*,*,#803,.T.);
#1147=ORIENTED_EDGE('',*,*,#800,.F.);
#1148=ORIENTED_EDGE('',*,*,#806,.T.);
#1149=ORIENTED_EDGE('',*,*,#787,.F.);
#1150=ORIENTED_EDGE('',*,*,#687,.T.);
#1151=ORIENTED_EDGE('',*,*,#807,.T.);
#1152=ORIENTED_EDGE('',*,*,#808,.T.);
#1153=ORIENTED_EDGE('',*,*,#809,.T.);
#1154=ORIENTED_EDGE('',*,*,#810,.T.);
#1155=ORIENTED_EDGE('',*,*,#811,.T.);
#1156=ORIENTED_EDGE('',*,*,#812,.T.);
#1157=ORIENTED_EDGE('',*,*,#813,.T.);
#1158=ORIENTED_EDGE('',*,*,#814,.T.);
#1159=ORIENTED_EDGE('',*,*,#815,.T.);
#1160=ORIENTED_EDGE('',*,*,#816,.T.);
#1161=ORIENTED_EDGE('',*,*,#817,.T.);
#1162=ORIENTED_EDGE('',*,*,#818,.T.);
#1163=ORIENTED_EDGE('',*,*,#819,.F.);
#1164=ORIENTED_EDGE('',*,*,#820,.T.);
#1165=ORIENTED_EDGE('',*,*,#702,.F.);
#1166=ORIENTED_EDGE('',*,*,#821,.F.);
#1167=ORIENTED_EDGE('',*,*,#822,.F.);
#1168=ORIENTED_EDGE('',*,*,#823,.T.);
#1169=ORIENTED_EDGE('',*,*,#696,.F.);
#1170=ORIENTED_EDGE('',*,*,#824,.F.);
#1171=ORIENTED_EDGE('',*,*,#825,.T.);
#1172=ORIENTED_EDGE('',*,*,#822,.T.);
#1173=ORIENTED_EDGE('',*,*,#826,.T.);
#1174=ORIENTED_EDGE('',*,*,#827,.F.);
#1175=ORIENTED_EDGE('',*,*,#828,.F.);
#1176=ORIENTED_EDGE('',*,*,#807,.F.);
#1177=ORIENTED_EDGE('',*,*,#829,.T.);
#1178=ORIENTED_EDGE('',*,*,#830,.F.);
#1179=ORIENTED_EDGE('',*,*,#821,.T.);
#1180=ORIENTED_EDGE('',*,*,#701,.F.);
#1181=ORIENTED_EDGE('',*,*,#831,.F.);
#1182=ORIENTED_EDGE('',*,*,#808,.F.);
#1183=ORIENTED_EDGE('',*,*,#828,.T.);
#1184=ORIENTED_EDGE('',*,*,#700,.F.);
#1185=ORIENTED_EDGE('',*,*,#832,.F.);
#1186=ORIENTED_EDGE('',*,*,#809,.F.);
#1187=ORIENTED_EDGE('',*,*,#831,.T.);
#1188=ORIENTED_EDGE('',*,*,#699,.F.);
#1189=ORIENTED_EDGE('',*,*,#833,.F.);
#1190=ORIENTED_EDGE('',*,*,#810,.F.);
#1191=ORIENTED_EDGE('',*,*,#832,.T.);
#1192=ORIENTED_EDGE('',*,*,#698,.F.);
#1193=ORIENTED_EDGE('',*,*,#834,.F.);
#1194=ORIENTED_EDGE('',*,*,#811,.F.);
#1195=ORIENTED_EDGE('',*,*,#833,.T.);
#1196=ORIENTED_EDGE('',*,*,#697,.F.);
#1197=ORIENTED_EDGE('',*,*,#823,.F.);
#1198=ORIENTED_EDGE('',*,*,#825,.F.);
#1199=ORIENTED_EDGE('',*,*,#827,.T.);
#1200=ORIENTED_EDGE('',*,*,#835,.F.);
#1201=ORIENTED_EDGE('',*,*,#812,.F.);
#1202=ORIENTED_EDGE('',*,*,#834,.T.);
#1203=ORIENTED_EDGE('',*,*,#788,.F.);
#1204=ORIENTED_EDGE('',*,*,#806,.F.);
#1205=ORIENTED_EDGE('',*,*,#799,.F.);
#1206=ORIENTED_EDGE('',*,*,#805,.F.);
#1207=ORIENTED_EDGE('',*,*,#836,.F.);
#1208=ORIENTED_EDGE('',*,*,#813,.F.);
#1209=ORIENTED_EDGE('',*,*,#835,.T.);
#1210=ORIENTED_EDGE('',*,*,#826,.F.);
#1211=ORIENTED_EDGE('',*,*,#824,.T.);
#1212=ORIENTED_EDGE('',*,*,#695,.F.);
#1213=ORIENTED_EDGE('',*,*,#837,.F.);
#1214=ORIENTED_EDGE('',*,*,#814,.F.);
#1215=ORIENTED_EDGE('',*,*,#836,.T.);
#1216=ORIENTED_EDGE('',*,*,#706,.F.);
#1217=ORIENTED_EDGE('',*,*,#838,.F.);
#1218=ORIENTED_EDGE('',*,*,#815,.F.);
#1219=ORIENTED_EDGE('',*,*,#837,.T.);
#1220=ORIENTED_EDGE('',*,*,#705,.F.);
#1221=ORIENTED_EDGE('',*,*,#839,.F.);
#1222=ORIENTED_EDGE('',*,*,#816,.F.);
#1223=ORIENTED_EDGE('',*,*,#838,.T.);
#1224=ORIENTED_EDGE('',*,*,#704,.F.);
#1225=ORIENTED_EDGE('',*,*,#840,.F.);
#1226=ORIENTED_EDGE('',*,*,#817,.F.);
#1227=ORIENTED_EDGE('',*,*,#839,.T.);
#1228=ORIENTED_EDGE('',*,*,#703,.F.);
#1229=ORIENTED_EDGE('',*,*,#820,.F.);
#1230=ORIENTED_EDGE('',*,*,#841,.F.);
#1231=ORIENTED_EDGE('',*,*,#842,.T.);
#1232=ORIENTED_EDGE('',*,*,#829,.F.);
#1233=ORIENTED_EDGE('',*,*,#818,.F.);
#1234=ORIENTED_EDGE('',*,*,#840,.T.);
#1235=ORIENTED_EDGE('',*,*,#830,.T.);
#1236=ORIENTED_EDGE('',*,*,#842,.F.);
#1237=ORIENTED_EDGE('',*,*,#841,.T.);
#1238=ORIENTED_EDGE('',*,*,#819,.T.);
#1239=B_SPLINE_SURFACE_WITH_KNOTS('',3,3,((#1773,#1774,#1775,#1776,#1777,
#1778,#1779,#1780,#1781,#1782,#1783,#1784,#1785,#1786,#1787,#1788,#1789,
#1790),(#1791,#1792,#1793,#1794,#1795,#1796,#1797,#1798,#1799,#1800,#1801,
#1802,#1803,#1804,#1805,#1806,#1807,#1808),(#1809,#1810,#1811,#1812,#1813,
#1814,#1815,#1816,#1817,#1818,#1819,#1820,#1821,#1822,#1823,#1824,#1825,
#1826),(#1827,#1828,#1829,#1830,#1831,#1832,#1833,#1834,#1835,#1836,#1837,
#1838,#1839,#1840,#1841,#1842,#1843,#1844)),.UNSPECIFIED.,.F.,.F.,.F.,(4,
4),(4,1,1,1,1,1,1,1,1,1,1,1,1,1,1,4),(0.,1.),(0.,0.0246943578334504,0.0493887156669007,
0.0987774313338014,0.148166147000702,0.154339736459065,0.160513325917427,
0.179034094292515,0.197554862667603,0.222249220501053,0.246943578334504,
0.271637936167954,0.296332294001404,0.321026651834855,0.33337383075158,
0.345721009668305),.UNSPECIFIED.);
#1240=B_SPLINE_SURFACE_WITH_KNOTS('',3,3,((#1887,#1888,#1889,#1890),(#1891,
#1892,#1893,#1894),(#1895,#1896,#1897,#1898),(#1899,#1900,#1901,#1902)),
 .UNSPECIFIED.,.F.,.F.,.F.,(4,4),(4,4),(0.,1.),(0.,0.6),.UNSPECIFIED.);
#1241=B_SPLINE_SURFACE_WITH_KNOTS('',3,3,((#1914,#1915,#1916,#1917,#1918,
#1919,#1920,#1921,#1922,#1923,#1924,#1925,#1926),(#1927,#1928,#1929,#1930,
#1931,#1932,#1933,#1934,#1935,#1936,#1937,#1938,#1939),(#1940,#1941,#1942,
#1943,#1944,#1945,#1946,#1947,#1948,#1949,#1950,#1951,#1952),(#1953,#1954,
#1955,#1956,#1957,#1958,#1959,#1960,#1961,#1962,#1963,#1964,#1965)),
 .UNSPECIFIED.,.F.,.F.,.F.,(4,4),(4,1,1,1,1,1,1,1,1,1,4),(0.,1.),(0.,0.0493887156669006,
0.0987774313338013,0.123471789167252,0.148166147000702,0.172860504834152,
0.197554862667603,0.222249220501053,0.246943578334503,0.296332294001404,
0.345721009668304),.UNSPECIFIED.);
#1242=B_SPLINE_SURFACE_WITH_KNOTS('',3,3,((#1995,#1996,#1997,#1998),(#1999,
#2000,#2001,#2002),(#2003,#2004,#2005,#2006),(#2007,#2008,#2009,#2010)),
 .UNSPECIFIED.,.F.,.F.,.F.,(4,4),(4,4),(0.,1.),(0.,0.6),.UNSPECIFIED.);
#1243=B_SPLINE_SURFACE_WITH_KNOTS('',2,1,((#2019,#2020),(#2021,#2022),(#2023,
#2024)),.UNSPECIFIED.,.F.,.F.,.F.,(3,3),(2,2),(-2.,-1.),(0.,4.46250000000001),
 .UNSPECIFIED.);
#1244=B_SPLINE_SURFACE_WITH_KNOTS('',3,3,((#2040,#2041,#2042,#2043,#2044),
(#2045,#2046,#2047,#2048,#2049),(#2050,#2051,#2052,#2053,#2054),(#2055,
#2056,#2057,#2058,#2059),(#2060,#2061,#2062,#2063,#2064)),.UNSPECIFIED.,
 .F.,.F.,.F.,(4,1,4),(4,1,4),(0.,0.571428571428571,1.),(0.114825952537609,
0.827467658584364,1.77765659998004),.UNSPECIFIED.);
#1245=B_SPLINE_SURFACE_WITH_KNOTS('',3,3,((#2248,#2249,#2250,#2251,#2252,
#2253,#2254,#2255,#2256,#2257),(#2258,#2259,#2260,#2261,#2262,#2263,#2264,
#2265,#2266,#2267),(#2268,#2269,#2270,#2271,#2272,#2273,#2274,#2275,#2276,
#2277),(#2278,#2279,#2280,#2281,#2282,#2283,#2284,#2285,#2286,#2287),(#2288,
#2289,#2290,#2291,#2292,#2293,#2294,#2295,#2296,#2297)),.UNSPECIFIED.,.F.,
 .F.,.F.,(4,1,4),(4,1,1,1,1,1,1,4),(0.,0.571428571428571,1.),(0.,0.0390552557135831,
0.0781105114271661,0.117165767140749,0.156221022854332,0.195276278567915,
0.214803906424707,0.273386789995081),.UNSPECIFIED.);
#1246=B_SPLINE_SURFACE_WITH_KNOTS('',3,3,((#2334,#2335,#2336,#2337,#2338,
#2339,#2340,#2341,#2342,#2343,#2344),(#2345,#2346,#2347,#2348,#2349,#2350,
#2351,#2352,#2353,#2354,#2355),(#2356,#2357,#2358,#2359,#2360,#2361,#2362,
#2363,#2364,#2365,#2366),(#2367,#2368,#2369,#2370,#2371,#2372,#2373,#2374,
#2375,#2376,#2377),(#2378,#2379,#2380,#2381,#2382,#2383,#2384,#2385,#2386,
#2387,#2388)),.UNSPECIFIED.,.F.,.F.,.F.,(4,1,4),(4,1,1,1,1,1,1,1,4),(0.,
0.571428571428571,1.),(0.,0.0585828835703847,0.0781105114271796,0.117165767140769,
0.156221022854359,0.195276278567949,0.234331534281539,0.244095348209936,
0.273386789995129),.UNSPECIFIED.);
#1247=B_SPLINE_SURFACE_WITH_KNOTS('',3,3,((#2416,#2417,#2418,#2419,#2420,
#2421,#2422,#2423,#2424,#2425,#2426),(#2427,#2428,#2429,#2430,#2431,#2432,
#2433,#2434,#2435,#2436,#2437),(#2438,#2439,#2440,#2441,#2442,#2443,#2444,
#2445,#2446,#2447,#2448),(#2449,#2450,#2451,#2452,#2453,#2454,#2455,#2456,
#2457,#2458,#2459),(#2460,#2461,#2462,#2463,#2464,#2465,#2466,#2467,#2468,
#2469,#2470)),.UNSPECIFIED.,.F.,.F.,.F.,(4,1,4),(4,1,1,1,1,1,1,1,4),(0.,
0.571428571428571,1.),(0.0582910304342135,0.120994739406686,0.152346593892922,
0.199374375622277,0.246402157351631,0.309105866324104,0.371809575296576,
0.434513284269048,0.497216993241521),.UNSPECIFIED.);
#1248=B_SPLINE_SURFACE_WITH_KNOTS('',3,3,((#2513,#2514,#2515,#2516,#2517,
#2518,#2519,#2520,#2521,#2522,#2523),(#2524,#2525,#2526,#2527,#2528,#2529,
#2530,#2531,#2532,#2533,#2534),(#2535,#2536,#2537,#2538,#2539,#2540,#2541,
#2542,#2543,#2544,#2545),(#2546,#2547,#2548,#2549,#2550,#2551,#2552,#2553,
#2554,#2555,#2556),(#2557,#2558,#2559,#2560,#2561,#2562,#2563,#2564,#2565,
#2566,#2567)),.UNSPECIFIED.,.F.,.F.,.F.,(4,1,4),(4,1,1,1,1,1,1,1,4),(0.,
0.571428571428571,1.),(2.97801406517287E-17,0.0627036695937259,0.125407339187452,
0.188111008781178,0.250814678374904,0.297842430570198,0.344870182765492,
0.376222017562355,0.438925687156081),.UNSPECIFIED.);
#1249=B_SPLINE_SURFACE_WITH_KNOTS('',3,3,((#2570,#2571,#2572,#2573,#2574,
#2575,#2576,#2577,#2578,#2579,#2580),(#2581,#2582,#2583,#2584,#2585,#2586,
#2587,#2588,#2589,#2590,#2591),(#2592,#2593,#2594,#2595,#2596,#2597,#2598,
#2599,#2600,#2601,#2602),(#2603,#2604,#2605,#2606,#2607,#2608,#2609,#2610,
#2611,#2612,#2613),(#2614,#2615,#2616,#2617,#2618,#2619,#2620,#2621,#2622,
#2623,#2624)),.UNSPECIFIED.,.F.,.F.,.F.,(4,1,4),(4,1,1,1,1,1,1,1,4),(0.,
0.571428571428571,1.),(0.0526285748835191,0.0816034072128055,0.091261684655901,
0.129894794428283,0.168527904200665,0.207161013973047,0.245794123745429,
0.284427233517811,0.323060343290192),.UNSPECIFIED.);
#1250=B_SPLINE_SURFACE_WITH_KNOTS('',3,3,((#2638,#2639,#2640,#2641),(#2642,
#2643,#2644,#2645),(#2646,#2647,#2648,#2649),(#2650,#2651,#2652,#2653),
(#2654,#2655,#2656,#2657)),.UNSPECIFIED.,.F.,.F.,.F.,(4,1,4),(4,4),(0.,
0.571428571428571,1.),(0.,0.6),.UNSPECIFIED.);
#1251=B_SPLINE_SURFACE_WITH_KNOTS('',3,3,((#2669,#2670,#2671,#2672,#2673,
#2674,#2675,#2676,#2677,#2678),(#2679,#2680,#2681,#2682,#2683,#2684,#2685,
#2686,#2687,#2688),(#2689,#2690,#2691,#2692,#2693,#2694,#2695,#2696,#2697,
#2698),(#2699,#2700,#2701,#2702,#2703,#2704,#2705,#2706,#2707,#2708),(#2709,
#2710,#2711,#2712,#2713,#2714,#2715,#2716,#2717,#2718)),.UNSPECIFIED.,.F.,
 .F.,.F.,(4,1,4),(4,1,1,1,1,1,1,4),(0.,0.571428571428571,1.),(0.,0.038633388256124,
0.077266776512248,0.115900164768372,0.154533553024496,0.19316694128062,
0.231800329536744,0.270433717792868),.UNSPECIFIED.);
#1252=B_SPLINE_SURFACE_WITH_KNOTS('',3,3,((#2739,#2740,#2741,#2742,#2743),
(#2744,#2745,#2746,#2747,#2748),(#2749,#2750,#2751,#2752,#2753),(#2754,
#2755,#2756,#2757,#2758),(#2759,#2760,#2761,#2762,#2763)),.UNSPECIFIED.,
 .F.,.F.,.F.,(4,1,4),(4,1,4),(0.,0.571428571428571,1.),(0.114825952537608,
0.827467658584363,1.77765659998004),.UNSPECIFIED.);
#1253=B_SPLINE_SURFACE_WITH_KNOTS('',3,3,((#2839,#2840,#2841,#2842),(#2843,
#2844,#2845,#2846),(#2847,#2848,#2849,#2850),(#2851,#2852,#2853,#2854),
(#2855,#2856,#2857,#2858)),.UNSPECIFIED.,.F.,.F.,.F.,(4,1,4),(4,4),(0.,
0.571428571428571,1.),(0.,0.6),.UNSPECIFIED.);
#1254=B_SPLINE_SURFACE_WITH_KNOTS('',2,1,((#2863,#2864),(#2865,#2866),(#2867,
#2868)),.UNSPECIFIED.,.F.,.F.,.F.,(3,3),(2,2),(-2.,-1.),(0.,4.46250000000001),
 .UNSPECIFIED.);
#1255=B_SPLINE_SURFACE_WITH_KNOTS('',3,3,((#2869,#2870,#2871,#2872,#2873,
#2874,#2875,#2876,#2877,#2878,#2879),(#2880,#2881,#2882,#2883,#2884,#2885,
#2886,#2887,#2888,#2889,#2890),(#2891,#2892,#2893,#2894,#2895,#2896,#2897,
#2898,#2899,#2900,#2901),(#2902,#2903,#2904,#2905,#2906,#2907,#2908,#2909,
#2910,#2911,#2912),(#2913,#2914,#2915,#2916,#2917,#2918,#2919,#2920,#2921,
#2922,#2923)),.UNSPECIFIED.,.F.,.F.,.F.,(4,1,4),(4,1,1,1,1,1,1,1,4),(0.,
0.571428571428571,1.),(0.,0.0627036089824836,0.0940554134737254,0.141083120210588,
0.188110826947451,0.250814435929934,0.313518044912418,0.376221653894902,
0.438925262877385),.UNSPECIFIED.);
#1256=B_SPLINE_SURFACE_WITH_KNOTS('',3,3,((#2939,#2940,#2941,#2942),(#2943,
#2944,#2945,#2946),(#2947,#2948,#2949,#2950),(#2951,#2952,#2953,#2954),
(#2955,#2956,#2957,#2958)),.UNSPECIFIED.,.F.,.F.,.F.,(4,1,4),(4,4),(0.,
0.571428571428571,1.),(3.29501449425839E-17,0.6),.UNSPECIFIED.);
#1257=B_SPLINE_SURFACE_WITH_KNOTS('',3,3,((#2965,#2966,#2967,#2968,#2969,
#2970,#2971,#2972,#2973,#2974),(#2975,#2976,#2977,#2978,#2979,#2980,#2981,
#2982,#2983,#2984),(#2985,#2986,#2987,#2988,#2989,#2990,#2991,#2992,#2993,
#2994),(#2995,#2996,#2997,#2998,#2999,#3000,#3001,#3002,#3003,#3004),(#3005,
#3006,#3007,#3008,#3009,#3010,#3011,#3012,#3013,#3014)),.UNSPECIFIED.,.F.,
 .F.,.F.,(4,1,4),(4,1,1,1,1,1,1,4),(0.,0.571428571428571,1.),(0.,0.0627036089824836,
0.125407217964967,0.188110826947451,0.250814435929935,0.313518044912418,
0.376221653894902,0.438925262877385),.UNSPECIFIED.);
#1258=B_SPLINE_SURFACE_WITH_KNOTS('',3,3,((#3062,#3063,#3064,#3065,#3066,
#3067,#3068,#3069,#3070,#3071),(#3072,#3073,#3074,#3075,#3076,#3077,#3078,
#3079,#3080,#3081),(#3082,#3083,#3084,#3085,#3086,#3087,#3088,#3089,#3090,
#3091),(#3092,#3093,#3094,#3095,#3096,#3097,#3098,#3099,#3100,#3101),(#3102,
#3103,#3104,#3105,#3106,#3107,#3108,#3109,#3110,#3111)),.UNSPECIFIED.,.F.,
 .F.,.F.,(4,1,4),(4,1,1,1,1,1,1,4),(0.,0.571428571428571,1.),(0.,0.0390551282192467,
0.0781102564384934,0.11716538465774,0.156220512876987,0.195275641096233,
0.214803205205857,0.273385897534727),.UNSPECIFIED.);
#1259=B_SPLINE_SURFACE_WITH_KNOTS('',3,3,((#3114,#3115,#3116,#3117,#3118,
#3119,#3120,#3121,#3122,#3123),(#3124,#3125,#3126,#3127,#3128,#3129,#3130,
#3131,#3132,#3133),(#3134,#3135,#3136,#3137,#3138,#3139,#3140,#3141,#3142,
#3143),(#3144,#3145,#3146,#3147,#3148,#3149,#3150,#3151,#3152,#3153),(#3154,
#3155,#3156,#3157,#3158,#3159,#3160,#3161,#3162,#3163)),.UNSPECIFIED.,.F.,
 .F.,.F.,(4,1,4),(4,1,1,1,1,1,1,4),(0.,0.571428571428571,1.),(0.0584524228504776,
0.117035115179358,0.136562679288985,0.175617807508239,0.214672935727492,
0.253728063946746,0.292783192166,0.331838320385254),.UNSPECIFIED.);
#1260=B_SPLINE_SURFACE_WITH_KNOTS('',3,3,((#3203,#3204,#3205,#3206,#3207,
#3208,#3209,#3210,#3211,#3212),(#3213,#3214,#3215,#3216,#3217,#3218,#3219,
#3220,#3221,#3222),(#3223,#3224,#3225,#3226,#3227,#3228,#3229,#3230,#3231,
#3232),(#3233,#3234,#3235,#3236,#3237,#3238,#3239,#3240,#3241,#3242),(#3243,
#3244,#3245,#3246,#3247,#3248,#3249,#3250,#3251,#3252)),.UNSPECIFIED.,.F.,
 .F.,.F.,(4,1,4),(4,1,1,1,1,1,1,4),(0.,0.571428571428571,1.),(0.,0.0386333882561241,
0.0772667765122481,0.115900164768372,0.154533553024496,0.19316694128062,
0.231800329536744,0.270433717792868),.UNSPECIFIED.);
#1261=B_SPLINE_SURFACE_WITH_KNOTS('',3,3,((#3254,#3255,#3256,#3257,#3258,
#3259,#3260,#3261,#3262,#3263,#3264),(#3265,#3266,#3267,#3268,#3269,#3270,
#3271,#3272,#3273,#3274,#3275),(#3276,#3277,#3278,#3279,#3280,#3281,#3282,
#3283,#3284,#3285,#3286),(#3287,#3288,#3289,#3290,#3291,#3292,#3293,#3294,
#3295,#3296,#3297),(#3298,#3299,#3300,#3301,#3302,#3303,#3304,#3305,#3306,
#3307,#3308)),.UNSPECIFIED.,.F.,.F.,.F.,(4,1,4),(4,1,1,1,1,1,1,1,4),(0.,
0.571428571428571,1.),(0.0526285748835182,0.0912616846559002,0.129894794428282,
0.168527904200664,0.207161013973046,0.245794123745428,0.28442723351781,
0.294085510960906,0.323060343290192),.UNSPECIFIED.);
#1262=B_SPLINE_SURFACE_WITH_KNOTS('',3,3,((#3310,#3311,#3312,#3313),(#3314,
#3315,#3316,#3317),(#3318,#3319,#3320,#3321),(#3322,#3323,#3324,#3325),
(#3326,#3327,#3328,#3329)),.UNSPECIFIED.,.F.,.F.,.F.,(4,1,4),(4,4),(0.,
0.571428571428571,1.),(1.4447001886226E-16,0.6),.UNSPECIFIED.);
#1263=B_SPLINE_SURFACE_WITH_KNOTS('',2,1,((#3334,#3335),(#3336,#3337),(#3338,
#3339)),.UNSPECIFIED.,.F.,.F.,.F.,(3,3),(2,2),(-2.,-1.),(0.,4.46250000000001),
 .UNSPECIFIED.);
#1264=B_SPLINE_SURFACE_WITH_KNOTS('',2,1,((#3344,#3345),(#3346,#3347),(#3348,
#3349)),.UNSPECIFIED.,.F.,.F.,.F.,(3,3),(2,2),(-2.,-1.),(0.,4.46250000000001),
 .UNSPECIFIED.);
#1265=B_SPLINE_SURFACE_WITH_KNOTS('',3,3,((#3354,#3355,#3356,#3357,#3358,
#3359,#3360,#3361),(#3362,#3363,#3364,#3365,#3366,#3367,#3368,#3369),(#3370,
#3371,#3372,#3373,#3374,#3375,#3376,#3377),(#3378,#3379,#3380,#3381,#3382,
#3383,#3384,#3385),(#3386,#3387,#3388,#3389,#3390,#3391,#3392,#3393)),
 .UNSPECIFIED.,.F.,.F.,.F.,(4,1,4),(4,2,1,1,4),(0.,0.571428571428571,1.),
(-0.000639096414988241,0.,0.115294119043743,0.153725492058324,0.192156865072905),
 .UNSPECIFIED.);
#1266=B_SPLINE_SURFACE_WITH_KNOTS('',3,3,((#3404,#3405,#3406,#3407,#3408,
#3409,#3410,#3411,#3412,#3413),(#3414,#3415,#3416,#3417,#3418,#3419,#3420,
#3421,#3422,#3423),(#3424,#3425,#3426,#3427,#3428,#3429,#3430,#3431,#3432,
#3433),(#3434,#3435,#3436,#3437,#3438,#3439,#3440,#3441,#3442,#3443),(#3444,
#3445,#3446,#3447,#3448,#3449,#3450,#3451,#3452,#3453)),.UNSPECIFIED.,.F.,
 .F.,.F.,(4,1,4),(4,2,1,1,1,1,4),(0.,0.571428571428571,1.),(-0.192795961487893,
-0.192156865072918,-0.153725492058335,-0.115294119043751,-0.0768627460291673,
-0.0384313730145837,0.),.UNSPECIFIED.);
#1267=B_SPLINE_SURFACE_WITH_KNOTS('',3,3,((#3487,#3488,#3489,#3490),(#3491,
#3492,#3493,#3494),(#3495,#3496,#3497,#3498),(#3499,#3500,#3501,#3502),
(#3503,#3504,#3505,#3506)),.UNSPECIFIED.,.F.,.F.,.F.,(4,1,4),(4,4),(0.,
0.571428571428571,1.),(0.2,0.8),.UNSPECIFIED.);
#1268=B_SPLINE_SURFACE_WITH_KNOTS('',3,3,((#3508,#3509,#3510,#3511,#3512,
#3513,#3514,#3515),(#3516,#3517,#3518,#3519,#3520,#3521,#3522,#3523),(#3524,
#3525,#3526,#3527,#3528,#3529,#3530,#3531),(#3532,#3533,#3534,#3535,#3536,
#3537,#3538,#3539),(#3540,#3541,#3542,#3543,#3544,#3545,#3546,#3547)),
 .UNSPECIFIED.,.F.,.F.,.F.,(4,1,4),(4,2,1,1,4),(0.,0.571428571428571,1.),
(-0.00063909641495699,0.,0.115294119043761,0.153725492058349,0.192156865072936),
 .UNSPECIFIED.);
#1269=B_SPLINE_SURFACE_WITH_KNOTS('',3,3,((#3556,#3557,#3558,#3559,#3560,
#3561,#3562,#3563,#3564,#3565),(#3566,#3567,#3568,#3569,#3570,#3571,#3572,
#3573,#3574,#3575),(#3576,#3577,#3578,#3579,#3580,#3581,#3582,#3583,#3584,
#3585),(#3586,#3587,#3588,#3589,#3590,#3591,#3592,#3593,#3594,#3595),(#3596,
#3597,#3598,#3599,#3600,#3601,#3602,#3603,#3604,#3605)),.UNSPECIFIED.,.F.,
 .F.,.F.,(4,1,4),(4,2,1,1,1,1,4),(0.,0.571428571428571,1.),(-0.192795961487893,
-0.192156865072905,-0.153725492058324,-0.115294119043743,-0.0768627460291622,
-0.0384313730145811,-1.89704099522144E-32),.UNSPECIFIED.);
#1270=B_SPLINE_SURFACE_WITH_KNOTS('',3,3,((#3630,#3631,#3632,#3633),(#3634,
#3635,#3636,#3637),(#3638,#3639,#3640,#3641),(#3642,#3643,#3644,#3645),
(#3646,#3647,#3648,#3649)),.UNSPECIFIED.,.F.,.F.,.F.,(4,1,4),(4,4),(0.,
0.571428571428571,1.),(0.199999999999999,0.8),.UNSPECIFIED.);
#1271=ADVANCED_FACE('',(#256),#1239,.F.);
#1272=ADVANCED_FACE('',(#257),#1240,.F.);
#1273=ADVANCED_FACE('',(#258),#1241,.F.);
#1274=ADVANCED_FACE('',(#259),#1242,.F.);
#1275=ADVANCED_FACE('',(#260),#1243,.F.);
#1276=ADVANCED_FACE('',(#261),#1244,.F.);
#1277=ADVANCED_FACE('',(#262),#241,.F.);
#1278=ADVANCED_FACE('',(#263),#211,.T.);
#1279=ADVANCED_FACE('',(#264),#212,.T.);
#1280=ADVANCED_FACE('',(#265),#213,.T.);
#1281=ADVANCED_FACE('',(#266),#214,.T.);
#1282=ADVANCED_FACE('',(#267),#215,.T.);
#1283=ADVANCED_FACE('',(#268,#26),#216,.T.);
#1284=ADVANCED_FACE('',(#269),#217,.T.);
#1285=ADVANCED_FACE('',(#270),#1245,.F.);
#1286=ADVANCED_FACE('',(#271),#18,.T.);
#1287=ADVANCED_FACE('',(#272),#242,.T.);
#1288=ADVANCED_FACE('',(#273),#1246,.F.);
#1289=ADVANCED_FACE('',(#274),#19,.T.);
#1290=ADVANCED_FACE('',(#275),#20,.T.);
#1291=ADVANCED_FACE('',(#276),#243,.T.);
#1292=ADVANCED_FACE('',(#277),#21,.T.);
#1293=ADVANCED_FACE('',(#278),#1247,.F.);
#1294=ADVANCED_FACE('',(#279),#244,.F.);
#1295=ADVANCED_FACE('',(#280),#1248,.F.);
#1296=ADVANCED_FACE('',(#281),#245,.F.);
#1297=ADVANCED_FACE('',(#282),#1249,.F.);
#1298=ADVANCED_FACE('',(#283),#1250,.F.);
#1299=ADVANCED_FACE('',(#284),#1251,.F.);
#1300=ADVANCED_FACE('',(#285),#1252,.F.);
#1301=ADVANCED_FACE('',(#286),#246,.F.);
#1302=ADVANCED_FACE('',(#287),#1253,.F.);
#1303=ADVANCED_FACE('',(#288),#1254,.F.);
#1304=ADVANCED_FACE('',(#289),#1255,.F.);
#1305=ADVANCED_FACE('',(#290),#1256,.F.);
#1306=ADVANCED_FACE('',(#291),#1257,.F.);
#1307=ADVANCED_FACE('',(#292),#22,.T.);
#1308=ADVANCED_FACE('',(#293),#247,.T.);
#1309=ADVANCED_FACE('',(#294),#23,.T.);
#1310=ADVANCED_FACE('',(#295),#248,.F.);
#1311=ADVANCED_FACE('',(#296),#1258,.F.);
#1312=ADVANCED_FACE('',(#297),#249,.F.);
#1313=ADVANCED_FACE('',(#298),#1259,.F.);
#1314=ADVANCED_FACE('',(#299),#24,.T.);
#1315=ADVANCED_FACE('',(#300),#250,.T.);
#1316=ADVANCED_FACE('',(#301),#25,.T.);
#1317=ADVANCED_FACE('',(#302),#251,.F.);
#1318=ADVANCED_FACE('',(#303),#1260,.F.);
#1319=ADVANCED_FACE('',(#304),#1261,.F.);
#1320=ADVANCED_FACE('',(#305),#1262,.F.);
#1321=ADVANCED_FACE('',(#306),#1263,.F.);
#1322=ADVANCED_FACE('',(#307),#1264,.F.);
#1323=ADVANCED_FACE('',(#308),#1265,.F.);
#1324=ADVANCED_FACE('',(#309),#1266,.F.);
#1325=ADVANCED_FACE('',(#310),#252,.T.);
#1326=ADVANCED_FACE('',(#311),#253,.T.);
#1327=ADVANCED_FACE('',(#312),#218,.T.);
#1328=ADVANCED_FACE('',(#313),#219,.T.);
#1329=ADVANCED_FACE('',(#314),#1267,.F.);
#1330=ADVANCED_FACE('',(#315),#1268,.F.);
#1331=ADVANCED_FACE('',(#316),#1269,.F.);
#1332=ADVANCED_FACE('',(#317),#254,.T.);
#1333=ADVANCED_FACE('',(#318),#255,.T.);
#1334=ADVANCED_FACE('',(#319),#220,.T.);
#1335=ADVANCED_FACE('',(#320),#1270,.F.);
#1336=ADVANCED_FACE('',(#321),#221,.T.);
#1337=ADVANCED_FACE('',(#322),#222,.T.);
#1338=ADVANCED_FACE('',(#323),#223,.F.);
#1339=ADVANCED_FACE('',(#324),#224,.T.);
#1340=ADVANCED_FACE('',(#325),#225,.T.);
#1341=ADVANCED_FACE('',(#326),#226,.T.);
#1342=ADVANCED_FACE('',(#327),#227,.T.);
#1343=ADVANCED_FACE('',(#328),#228,.T.);
#1344=ADVANCED_FACE('',(#329),#229,.T.);
#1345=ADVANCED_FACE('',(#330),#230,.T.);
#1346=ADVANCED_FACE('',(#331),#231,.T.);
#1347=ADVANCED_FACE('',(#332),#232,.T.);
#1348=ADVANCED_FACE('',(#333),#233,.T.);
#1349=ADVANCED_FACE('',(#334),#234,.T.);
#1350=ADVANCED_FACE('',(#335),#235,.T.);
#1351=ADVANCED_FACE('',(#336),#236,.T.);
#1352=ADVANCED_FACE('',(#337),#237,.T.);
#1353=ADVANCED_FACE('',(#338),#238,.T.);
#1354=ADVANCED_FACE('',(#339),#239,.T.);
#1355=ADVANCED_FACE('',(#340),#240,.T.);
#1356=CLOSED_SHELL('',(#1271,#1272,#1273,#1274,#1275,#1276,#1277,#1278,
#1279,#1280,#1281,#1282,#1283,#1284,#1285,#1286,#1287,#1288,#1289,#1290,
#1291,#1292,#1293,#1294,#1295,#1296,#1297,#1298,#1299,#1300,#1301,#1302,
#1303,#1304,#1305,#1306,#1307,#1308,#1309,#1310,#1311,#1312,#1313,#1314,
#1315,#1316,#1317,#1318,#1319,#1320,#1321,#1322,#1323,#1324,#1325,#1326,
#1327,#1328,#1329,#1330,#1331,#1332,#1333,#1334,#1335,#1336,#1337,#1338,
#1339,#1340,#1341,#1342,#1343,#1344,#1345,#1346,#1347,#1348,#1349,#1350,
#1351,#1352,#1353,#1354,#1355));
#1357=DERIVED_UNIT_ELEMENT(#1360,1.);
#1358=DERIVED_UNIT_ELEMENT(#3738,-3.);
#1359=DIMENSIONAL_EXPONENTS(0.,1.,0.,0.,0.,0.,0.);
#1360=(
CONVERSION_BASED_UNIT('gram',#1362)
MASS_UNIT()
NAMED_UNIT(#1359)
);
#1361=(
MASS_UNIT()
NAMED_UNIT(*)
SI_UNIT(.KILO.,.GRAM.)
);
#1362=MASS_MEASURE_WITH_UNIT(MASS_MEASURE(0.001),#1361);
#1363=DERIVED_UNIT((#1357,#1358));
#1364=MEASURE_REPRESENTATION_ITEM('density measure',
POSITIVE_RATIO_MEASURE(1.),#1363);
#1365=PROPERTY_DEFINITION_REPRESENTATION(#1370,#1367);
#1366=PROPERTY_DEFINITION_REPRESENTATION(#1371,#1368);
#1367=REPRESENTATION('material name',(#1369),#3735);
#1368=REPRESENTATION('density',(#1364),#3735);
#1369=DESCRIPTIVE_REPRESENTATION_ITEM('Generic','Generic');
#1370=PROPERTY_DEFINITION('material property','material name',#3745);
#1371=PROPERTY_DEFINITION('material property','density of part',#3745);
#1372=DATE_TIME_ROLE('creation_date');
#1373=APPLIED_DATE_AND_TIME_ASSIGNMENT(#1374,#1372,(#3745));
#1374=DATE_AND_TIME(#1375,#1376);
#1375=CALENDAR_DATE(2025,17,9);
#1376=LOCAL_TIME(0,0,0.,#1377);
#1377=COORDINATED_UNIVERSAL_TIME_OFFSET(0,0,.BEHIND.);
#1378=AXIS2_PLACEMENT_3D('',#1772,#1480,#1481);
#1379=AXIS2_PLACEMENT_3D('',#1847,#1482,#1483);
#1380=AXIS2_PLACEMENT_3D('',#1868,#1484,#1485);
#1381=AXIS2_PLACEMENT_3D('',#1905,#1486,#1487);
#1382=AXIS2_PLACEMENT_3D('',#1968,#1488,#1489);
#1383=AXIS2_PLACEMENT_3D('',#2175,#1490,#1491);
#1384=AXIS2_PLACEMENT_3D('',#2176,#1492,#1493);
#1385=AXIS2_PLACEMENT_3D('',#2189,#1500,#1501);
#1386=AXIS2_PLACEMENT_3D('',#2195,#1505,#1506);
#1387=AXIS2_PLACEMENT_3D('',#2199,#1508,#1509);
#1388=AXIS2_PLACEMENT_3D('',#2203,#1511,#1512);
#1389=AXIS2_PLACEMENT_3D('',#2207,#1515,#1516);
#1390=AXIS2_PLACEMENT_3D('',#2212,#1520,#1521);
#1391=AXIS2_PLACEMENT_3D('',#2220,#1526,#1527);
#1392=AXIS2_PLACEMENT_3D('',#2246,#1541,#1542);
#1393=AXIS2_PLACEMENT_3D('',#2300,#1544,#1545);
#1394=AXIS2_PLACEMENT_3D('',#2313,#1546,#1547);
#1395=AXIS2_PLACEMENT_3D('',#2324,#1548,#1549);
#1396=AXIS2_PLACEMENT_3D('',#2326,#1550,#1551);
#1397=AXIS2_PLACEMENT_3D('',#2327,#1552,#1553);
#1398=AXIS2_PLACEMENT_3D('',#2328,#1554,#1555);
#1399=AXIS2_PLACEMENT_3D('',#2331,#1556,#1557);
#1400=AXIS2_PLACEMENT_3D('',#2390,#1560,#1561);
#1401=AXIS2_PLACEMENT_3D('',#2391,#1562,#1563);
#1402=AXIS2_PLACEMENT_3D('',#2403,#1564,#1565);
#1403=AXIS2_PLACEMENT_3D('',#2405,#1566,#1567);
#1404=AXIS2_PLACEMENT_3D('',#2406,#1568,#1569);
#1405=AXIS2_PLACEMENT_3D('',#2407,#1570,#1571);
#1406=AXIS2_PLACEMENT_3D('',#2408,#1572,#1573);
#1407=AXIS2_PLACEMENT_3D('',#2409,#1574,#1575);
#1408=AXIS2_PLACEMENT_3D('',#2411,#1576,#1577);
#1409=AXIS2_PLACEMENT_3D('',#2414,#1580,#1581);
#1410=AXIS2_PLACEMENT_3D('',#2415,#1582,#1583);
#1411=AXIS2_PLACEMENT_3D('',#2484,#1584,#1585);
#1412=AXIS2_PLACEMENT_3D('',#2496,#1586,#1587);
#1413=AXIS2_PLACEMENT_3D('',#2568,#1588,#1589);
#1414=AXIS2_PLACEMENT_3D('',#2569,#1590,#1591);
#1415=AXIS2_PLACEMENT_3D('',#2637,#1592,#1593);
#1416=AXIS2_PLACEMENT_3D('',#2660,#1594,#1595);
#1417=AXIS2_PLACEMENT_3D('',#2838,#1596,#1597);
#1418=AXIS2_PLACEMENT_3D('',#2925,#1598,#1599);
#1419=AXIS2_PLACEMENT_3D('',#2927,#1600,#1601);
#1420=AXIS2_PLACEMENT_3D('',#2960,#1602,#1603);
#1421=AXIS2_PLACEMENT_3D('',#3016,#1604,#1605);
#1422=AXIS2_PLACEMENT_3D('',#3027,#1606,#1607);
#1423=AXIS2_PLACEMENT_3D('',#3029,#1608,#1609);
#1424=AXIS2_PLACEMENT_3D('',#3030,#1610,#1611);
#1425=AXIS2_PLACEMENT_3D('',#3031,#1612,#1613);
#1426=AXIS2_PLACEMENT_3D('',#3033,#1614,#1615);
#1427=AXIS2_PLACEMENT_3D('',#3036,#1618,#1619);
#1428=AXIS2_PLACEMENT_3D('',#3037,#1620,#1621);
#1429=AXIS2_PLACEMENT_3D('',#3038,#1622,#1623);
#1430=AXIS2_PLACEMENT_3D('',#3112,#1625,#1626);
#1431=AXIS2_PLACEMENT_3D('',#3113,#1627,#1628);
#1432=AXIS2_PLACEMENT_3D('',#3164,#1629,#1630);
#1433=AXIS2_PLACEMENT_3D('',#3165,#1631,#1632);
#1434=AXIS2_PLACEMENT_3D('',#3167,#1633,#1634);
#1435=AXIS2_PLACEMENT_3D('',#3168,#1635,#1636);
#1436=AXIS2_PLACEMENT_3D('',#3169,#1637,#1638);
#1437=AXIS2_PLACEMENT_3D('',#3171,#1639,#1640);
#1438=AXIS2_PLACEMENT_3D('',#3173,#1642,#1643);
#1439=AXIS2_PLACEMENT_3D('',#3174,#1644,#1645);
#1440=AXIS2_PLACEMENT_3D('',#3175,#1646,#1647);
#1441=AXIS2_PLACEMENT_3D('',#3253,#1648,#1649);
#1442=AXIS2_PLACEMENT_3D('',#3309,#1650,#1651);
#1443=AXIS2_PLACEMENT_3D('',#3395,#1652,#1653);
#1444=AXIS2_PLACEMENT_3D('',#3455,#1654,#1655);
#1445=AXIS2_PLACEMENT_3D('',#3466,#1656,#1657);
#1446=AXIS2_PLACEMENT_3D('',#3469,#1659,#1660);
#1447=AXIS2_PLACEMENT_3D('',#3470,#1661,#1662);
#1448=AXIS2_PLACEMENT_3D('',#3472,#1663,#1664);
#1449=AXIS2_PLACEMENT_3D('',#3474,#1665,#1666);
#1450=AXIS2_PLACEMENT_3D('',#3476,#1668,#1669);
#1451=AXIS2_PLACEMENT_3D('',#3479,#1671,#1672);
#1452=AXIS2_PLACEMENT_3D('',#3480,#1673,#1674);
#1453=AXIS2_PLACEMENT_3D('',#3507,#1676,#1677);
#1454=AXIS2_PLACEMENT_3D('',#3607,#1678,#1679);
#1455=AXIS2_PLACEMENT_3D('',#3618,#1680,#1681);
#1456=AXIS2_PLACEMENT_3D('',#3622,#1683,#1684);
#1457=AXIS2_PLACEMENT_3D('',#3624,#1685,#1686);
#1458=AXIS2_PLACEMENT_3D('',#3626,#1688,#1689);
#1459=AXIS2_PLACEMENT_3D('',#3628,#1691,#1692);
#1460=AXIS2_PLACEMENT_3D('',#3654,#1694,#1695);
#1461=AXIS2_PLACEMENT_3D('',#3656,#1697,#1698);
#1462=AXIS2_PLACEMENT_3D('',#3658,#1700,#1701);
#1463=AXIS2_PLACEMENT_3D('',#3683,#1714,#1715);
#1464=AXIS2_PLACEMENT_3D('',#3689,#1719,#1720);
#1465=AXIS2_PLACEMENT_3D('',#3695,#1724,#1725);
#1466=AXIS2_PLACEMENT_3D('',#3701,#1729,#1730);
#1467=AXIS2_PLACEMENT_3D('',#3706,#1734,#1735);
#1468=AXIS2_PLACEMENT_3D('',#3708,#1737,#1738);
#1469=AXIS2_PLACEMENT_3D('',#3710,#1740,#1741);
#1470=AXIS2_PLACEMENT_3D('',#3712,#1743,#1744);
#1471=AXIS2_PLACEMENT_3D('',#3714,#1746,#1747);
#1472=AXIS2_PLACEMENT_3D('',#3716,#1749,#1750);
#1473=AXIS2_PLACEMENT_3D('',#3717,#1751,#1752);
#1474=AXIS2_PLACEMENT_3D('',#3719,#1754,#1755);
#1475=AXIS2_PLACEMENT_3D('',#3721,#1757,#1758);
#1476=AXIS2_PLACEMENT_3D('',#3723,#1760,#1761);
#1477=AXIS2_PLACEMENT_3D('',#3725,#1763,#1764);
#1478=AXIS2_PLACEMENT_3D('',#3729,#1767,#1768);
#1479=AXIS2_PLACEMENT_3D('',#3731,#1770,#1771);
#1480=DIRECTION('axis',(0.,0.,1.));
#1481=DIRECTION('refdir',(1.,0.,0.));
#1482=DIRECTION('center_axis',(-1.,-2.56551383900411E-17,6.47967547553804E-16));
#1483=DIRECTION('ref_axis',(5.55111512312576E-16,0.482662139691328,0.875806633286474));
#1484=DIRECTION('center_axis',(-1.,5.13102767800794E-17,1.29593509510761E-15));
#1485=DIRECTION('ref_axis',(0.,0.999217107783915,-0.0395622485704239));
#1486=DIRECTION('center_axis',(-1.,-1.02620553560159E-16,2.59187019021521E-15));
#1487=DIRECTION('ref_axis',(2.22044604925031E-15,0.482662139691321,0.875806633286478));
#1488=DIRECTION('center_axis',(1.,-1.02620553560165E-16,-2.59187019021521E-15));
#1489=DIRECTION('ref_axis',(-2.22044604925031E-15,0.482662139691321,-0.875806633286478));
#1490=DIRECTION('center_axis',(1.,0.,-6.02921286177429E-16));
#1491=DIRECTION('ref_axis',(-6.02921286177429E-16,0.,-1.));
#1492=DIRECTION('center_axis',(-0.707106781186548,-0.707106781186547,2.83241111154602E-16));
#1493=DIRECTION('ref_axis',(4.00563420816463E-16,0.,1.));
#1494=DIRECTION('',(0.357406744336593,-0.357406744336593,0.862856209461017));
#1495=DIRECTION('',(4.00563420816463E-16,0.,1.));
#1496=DIRECTION('',(-0.357406744336593,0.357406744336593,0.862856209461017));
#1497=DIRECTION('',(-0.577350269189625,0.577350269189626,0.577350269189626));
#1498=DIRECTION('',(-4.00563420816463E-16,0.,-1.));
#1499=DIRECTION('',(0.577350269189626,-0.577350269189626,0.577350269189626));
#1500=DIRECTION('center_axis',(0.,-0.923879532511287,-0.38268343236509));
#1501=DIRECTION('ref_axis',(0.,0.38268343236509,-0.923879532511287));
#1502=DIRECTION('',(1.,0.,0.));
#1503=DIRECTION('',(0.357406744336592,0.357406744336593,-0.862856209461017));
#1504=DIRECTION('',(-1.,0.,0.));
#1505=DIRECTION('center_axis',(0.,-0.707106781186548,-0.707106781186547));
#1506=DIRECTION('ref_axis',(-1.,0.,0.));
#1507=DIRECTION('',(-2.83241111154602E-16,0.707106781186547,-0.707106781186548));
#1508=DIRECTION('center_axis',(0.,0.707106781186548,0.707106781186547));
#1509=DIRECTION('ref_axis',(3.02037158728166E-16,0.707106781186547,-0.707106781186548));
#1510=DIRECTION('',(1.,0.,0.));
#1511=DIRECTION('center_axis',(0.,0.707106781186548,0.707106781186547));
#1512=DIRECTION('ref_axis',(-4.83259453965065E-16,0.707106781186547,-0.707106781186548));
#1513=DIRECTION('',(4.28207034186484E-16,-0.707106781186547,0.707106781186548));
#1514=DIRECTION('',(0.577350269189625,0.577350269189626,-0.577350269189627));
#1515=DIRECTION('center_axis',(-1.,0.,4.00563420816463E-16));
#1516=DIRECTION('ref_axis',(-4.00563420816463E-16,0.,-1.));
#1517=DIRECTION('',(-2.83241111154601E-16,-0.707106781186548,-0.707106781186548));
#1518=DIRECTION('',(1.07208341638693E-16,-0.963517909629941,0.267643863786095));
#1519=DIRECTION('',(1.07208341638693E-16,0.963517909629941,0.267643863786095));
#1520=DIRECTION('center_axis',(0.707106781186548,-0.707106781186547,-4.28207034186484E-16));
#1521=DIRECTION('ref_axis',(-6.05576195250085E-16,0.,-1.));
#1522=DIRECTION('',(-0.357406744336593,-0.357406744336593,-0.862856209461017));
#1523=DIRECTION('',(-6.05576195250085E-16,0.,-1.));
#1524=DIRECTION('',(6.05576195250085E-16,0.,1.));
#1525=DIRECTION('',(-0.577350269189626,-0.577350269189626,-0.577350269189626));
#1526=DIRECTION('center_axis',(0.,-1.,0.));
#1527=DIRECTION('ref_axis',(0.,0.,-1.));
#1528=DIRECTION('',(1.,0.,-2.22044604925031E-16));
#1529=DIRECTION('',(2.22044604925031E-16,0.,1.));
#1530=DIRECTION('',(1.,0.,-2.22044604925031E-16));
#1531=DIRECTION('',(-2.22044604925031E-16,0.,-1.));
#1532=DIRECTION('',(1.,0.,-2.22044604925031E-16));
#1533=DIRECTION('',(-2.22044604925031E-16,0.,-1.));
#1534=DIRECTION('',(-1.,0.,2.22044604925031E-16));
#1535=DIRECTION('',(-2.22044604925031E-16,0.,-1.));
#1536=DIRECTION('',(-1.,0.,2.22044604925031E-16));
#1537=DIRECTION('',(2.22044604925031E-16,0.,1.));
#1538=DIRECTION('',(-1.,0.,2.22044604925031E-16));
#1539=DIRECTION('',(2.22044604925031E-16,0.,1.));
#1540=DIRECTION('',(1.,0.,-2.22044604925031E-16));
#1541=DIRECTION('center_axis',(8.49727915508612E-17,-0.923879532511287,
0.38268343236509));
#1542=DIRECTION('ref_axis',(0.,-0.38268343236509,-0.923879532511287));
#1543=DIRECTION('',(-1.,0.,2.22044604925031E-16));
#1544=DIRECTION('center_axis',(0.913728231751226,-0.297268009160793,-0.277006225977605));
#1545=DIRECTION('ref_axis',(-2.77555756156289E-15,0.681734148637048,-0.731599993563504));
#1546=DIRECTION('center_axis',(0.931308598836072,-0.353122614105583,0.0892676489061513));
#1547=DIRECTION('ref_axis',(0.320769260981186,0.911268010208665,0.258258968440448));
#1548=DIRECTION('center_axis',(0.,0.,1.));
#1549=DIRECTION('ref_axis',(1.,0.,0.));
#1550=DIRECTION('center_axis',(1.,3.28058819642176E-15,-7.36835108235548E-16));
#1551=DIRECTION('ref_axis',(-2.77555756155787E-15,0.681734148636681,-0.731599993563846));
#1552=DIRECTION('center_axis',(-0.923038739213638,0.375355675279342,-0.0843066008476619));
#1553=DIRECTION('ref_axis',(0.,0.219144954424605,0.975692312642791));
#1554=DIRECTION('center_axis',(-1.,0.,6.02921286177429E-16));
#1555=DIRECTION('ref_axis',(0.,0.965198189125519,0.261519513055565));
#1556=DIRECTION('center_axis',(1.,-3.07484013184258E-15,-2.86525907314758E-15));
#1557=DIRECTION('ref_axis',(0.,0.681734148636319,-0.731599993564184));
#1558=DIRECTION('',(1.,0.,-6.02921286177429E-16));
#1559=DIRECTION('',(-1.,0.,6.02921286177429E-16));
#1560=DIRECTION('center_axis',(-0.9313085988362,-0.35312261410528,0.0892676489060104));
#1561=DIRECTION('ref_axis',(2.08166817117218E-15,0.245085191970974,0.969501546505497));
#1562=DIRECTION('center_axis',(-0.913728231751227,-0.297268009160795,-0.277006225977602));
#1563=DIRECTION('ref_axis',(-0.355086787145158,0.915584588287918,0.188727939862048));
#1564=DIRECTION('center_axis',(0.,0.,1.));
#1565=DIRECTION('ref_axis',(1.,0.,0.));
#1566=DIRECTION('center_axis',(-1.,-1.89800889888462E-15,2.62696027191227E-15));
#1567=DIRECTION('ref_axis',(2.08166817095287E-15,0.245085191943194,0.96950154651252));
#1568=DIRECTION('center_axis',(0.923196783907205,0.239864933315769,0.300287382267078));
#1569=DIRECTION('ref_axis',(-3.12250225675824E-15,0.781331833319756,-0.624115827584262));
#1570=DIRECTION('center_axis',(0.,0.,1.));
#1571=DIRECTION('ref_axis',(1.,0.,0.));
#1572=DIRECTION('center_axis',(0.923038739214116,0.375355675278267,-0.0843066008472173));
#1573=DIRECTION('ref_axis',(2.42861286636754E-15,0.219144954424101,0.975692312642904));
#1574=DIRECTION('center_axis',(1.,0.,-6.02921286177429E-16));
#1575=DIRECTION('ref_axis',(0.,0.947780070060489,0.31892466006274));
#1576=DIRECTION('center_axis',(-1.,1.90262269055742E-15,2.381897091947E-15));
#1577=DIRECTION('ref_axis',(2.7755575615629E-15,0.245085191924633,0.969501546517212));
#1578=DIRECTION('',(-1.,0.,6.02921286177429E-16));
#1579=DIRECTION('',(1.,0.,-6.02921286177429E-16));
#1580=DIRECTION('center_axis',(0.,0.,1.));
#1581=DIRECTION('ref_axis',(1.,0.,0.));
#1582=DIRECTION('center_axis',(-0.923196783944651,0.239864933275688,0.300287382183974));
#1583=DIRECTION('ref_axis',(8.32667268468875E-15,0.781331833286382,-0.624115827626043));
#1584=DIRECTION('center_axis',(-1.,0.,0.));
#1585=DIRECTION('ref_axis',(0.,0.995432841683518,0.095464431585152));
#1586=DIRECTION('center_axis',(1.,0.,-6.02921286177429E-16));
#1587=DIRECTION('ref_axis',(-6.02921286177429E-16,0.,-1.));
#1588=DIRECTION('center_axis',(1.,1.01863018164831E-15,-3.35296131383272E-15));
#1589=DIRECTION('ref_axis',(-3.46944695195364E-15,0.422360524076218,-0.906427927472484));
#1590=DIRECTION('center_axis',(1.,0.,-6.02921286177429E-16));
#1591=DIRECTION('ref_axis',(-6.02921286177429E-16,0.,-1.));
#1592=DIRECTION('center_axis',(-1.,7.81132162075589E-16,-1.34727323312396E-16));
#1593=DIRECTION('ref_axis',(0.,0.169967394730763,0.985449686553523));
#1594=DIRECTION('center_axis',(-1.,3.12452864830235E-15,-5.38909293249582E-16));
#1595=DIRECTION('ref_axis',(0.,0.169967394730762,0.985449686553523));
#1596=DIRECTION('center_axis',(1.,0.,-6.02921286177429E-16));
#1597=DIRECTION('ref_axis',(-6.02921286177429E-16,0.,-1.));
#1598=DIRECTION('center_axis',(-1.,2.10824813626404E-16,2.19832601358274E-15));
#1599=DIRECTION('ref_axis',(2.08166817117217E-15,0.422360524076216,0.906427927472485));
#1600=DIRECTION('center_axis',(-0.923038739214255,-0.375355675277955,-0.0843066008470849));
#1601=DIRECTION('ref_axis',(-0.355086787143581,0.915584588288739,-0.188727939861034));
#1602=DIRECTION('center_axis',(-1.,2.81099751501863E-16,2.93110135144365E-15));
#1603=DIRECTION('ref_axis',(2.77555756156289E-15,0.422360524076215,0.906427927472485));
#1604=DIRECTION('center_axis',(0.923038739214255,-0.375355675277952,-0.0843066008470926));
#1605=DIRECTION('ref_axis',(-5.55111512312578E-15,0.219144954423955,-0.975692312642937));
#1606=DIRECTION('center_axis',(0.,0.,1.));
#1607=DIRECTION('ref_axis',(1.,0.,0.));
#1608=DIRECTION('center_axis',(1.,-4.1013042873879E-15,-3.76587747498828E-15));
#1609=DIRECTION('ref_axis',(-2.77555756156287E-15,0.219144954423954,-0.975692312642937));
#1610=DIRECTION('center_axis',(-0.91372823175197,0.297268009159847,-0.277006225976168));
#1611=DIRECTION('ref_axis',(5.5511151231258E-15,0.681734148636323,0.73159999356418));
#1612=DIRECTION('center_axis',(-1.,0.,6.06061501209603E-16));
#1613=DIRECTION('ref_axis',(0.,0.965198189125516,-0.261519513055575));
#1614=DIRECTION('center_axis',(1.,1.63972505636727E-15,-2.47641603557628E-15));
#1615=DIRECTION('ref_axis',(-2.77555756156289E-15,0.21914495442395,-0.975692312642938));
#1616=DIRECTION('',(1.,0.,-6.06061501209603E-16));
#1617=DIRECTION('',(-1.,0.,6.06061501209603E-16));
#1618=DIRECTION('center_axis',(0.,0.,1.));
#1619=DIRECTION('ref_axis',(1.,0.,0.));
#1620=DIRECTION('center_axis',(0.913728231751654,0.297268009160253,-0.277006225976775));
#1621=DIRECTION('ref_axis',(3.12250225675826E-15,0.681734148636622,0.731599993563901));
#1622=DIRECTION('center_axis',(1.,0.,-6.06061501209603E-16));
#1623=DIRECTION('ref_axis',(-6.06061501209603E-16,0.,-1.));
#1624=DIRECTION('',(-1.,0.,6.06061501209603E-16));
#1625=DIRECTION('center_axis',(-0.93130859884451,-0.353122614084665,-0.0892676489008608));
#1626=DIRECTION('ref_axis',(-0.320769260960852,0.911268010214233,-0.258258968446057));
#1627=DIRECTION('center_axis',(1.,0.,-6.06061501209603E-16));
#1628=DIRECTION('ref_axis',(-6.06061501209603E-16,0.,-1.));
#1629=DIRECTION('center_axis',(0.931308598844608,-0.353122614084439,-0.089267648900742));
#1630=DIRECTION('ref_axis',(-2.77555756156289E-15,0.245085191970973,-0.969501546505497));
#1631=DIRECTION('center_axis',(0.,0.,1.));
#1632=DIRECTION('ref_axis',(1.,0.,0.));
#1633=DIRECTION('center_axis',(1.,0.,0.));
#1634=DIRECTION('ref_axis',(0.,0.24508519194319,-0.969501546512521));
#1635=DIRECTION('center_axis',(-0.923196783907209,0.239864933315765,-0.30028738226707));
#1636=DIRECTION('ref_axis',(0.,0.781331833319755,0.624115827584264));
#1637=DIRECTION('center_axis',(-1.,0.,6.05668974330581E-16));
#1638=DIRECTION('ref_axis',(0.,0.947780070060488,-0.318924660062742));
#1639=DIRECTION('center_axis',(1.,3.01094799610212E-15,-2.10171794091815E-15));
#1640=DIRECTION('ref_axis',(-2.77555756156289E-15,0.245085191924632,-0.969501546517212));
#1641=DIRECTION('',(1.,0.,-6.05668974330581E-16));
#1642=DIRECTION('center_axis',(0.,0.,1.));
#1643=DIRECTION('ref_axis',(1.,0.,0.));
#1644=DIRECTION('center_axis',(0.923196783944653,0.239864933275686,-0.300287382183969));
#1645=DIRECTION('ref_axis',(-5.89805981832115E-15,0.781331833286376,0.624115827626051));
#1646=DIRECTION('center_axis',(1.,0.,-6.05668974330581E-16));
#1647=DIRECTION('ref_axis',(-6.05668974330581E-16,0.,-1.));
#1648=DIRECTION('center_axis',(1.,4.42711470777765E-15,5.94406426464803E-17));
#1649=DIRECTION('ref_axis',(-6.9388939039072E-16,0.169967394730768,-0.985449686553522));
#1650=DIRECTION('center_axis',(1.,3.12452864830236E-15,5.38909293249605E-16));
#1651=DIRECTION('ref_axis',(0.,0.169967394730769,-0.985449686553522));
#1652=DIRECTION('center_axis',(-1.,1.0927238891115E-17,1.72535446605127E-15));
#1653=DIRECTION('ref_axis',(1.66533453693773E-15,0.267643863786093,0.963517909629941));
#1654=DIRECTION('center_axis',(-1.,-4.50243388311015E-16,4.5106232886506E-16));
#1655=DIRECTION('ref_axis',(-2.77555756156289E-16,0.944774467846972,0.327721230475644));
#1656=DIRECTION('center_axis',(1.07208341638693E-16,0.963517909629941,0.267643863786095));
#1657=DIRECTION('ref_axis',(-0.707106781186548,0.189252791026115,-0.681310047694018));
#1658=DIRECTION('',(-1.07208341638693E-16,-0.963517909629941,-0.267643863786095));
#1659=DIRECTION('center_axis',(0.,0.,1.));
#1660=DIRECTION('ref_axis',(1.30000666239046E-16,1.,0.));
#1661=DIRECTION('center_axis',(1.07208341638693E-16,-0.963517909629941,
0.267643863786095));
#1662=DIRECTION('ref_axis',(-0.707106781186548,0.189252791026115,0.681310047694018));
#1663=DIRECTION('center_axis',(-1.57009245868377E-16,0.707106781186548,
-0.707106781186548));
#1664=DIRECTION('ref_axis',(4.83259453965065E-16,0.707106781186548,0.707106781186547));
#1665=DIRECTION('center_axis',(-2.22044604925031E-16,0.,-1.));
#1666=DIRECTION('ref_axis',(-5.57145712453053E-17,1.,-1.23711199607313E-32));
#1667=DIRECTION('',(-1.07208341638693E-16,0.963517909629941,-0.267643863786095));
#1668=DIRECTION('center_axis',(0.,0.,-1.));
#1669=DIRECTION('ref_axis',(1.,0.,0.));
#1670=DIRECTION('',(-1.,0.,0.));
#1671=DIRECTION('center_axis',(0.,0.,1.));
#1672=DIRECTION('ref_axis',(1.30000666239046E-16,1.,0.));
#1673=DIRECTION('center_axis',(0.,0.267643863786095,-0.963517909629941));
#1674=DIRECTION('ref_axis',(-1.,0.,0.));
#1675=DIRECTION('',(1.62078752713615E-16,0.963517909629941,0.267643863786095));
#1676=DIRECTION('center_axis',(1.,1.09369681861578E-15,-3.15297494853767E-15));
#1677=DIRECTION('ref_axis',(-3.33066907387547E-15,0.267643863786094,-0.963517909629941));
#1678=DIRECTION('center_axis',(1.,0.,0.));
#1679=DIRECTION('ref_axis',(0.,0.944774467846973,-0.327721230475643));
#1680=DIRECTION('center_axis',(-1.62078752713615E-16,0.963517909629941,
-0.267643863786095));
#1681=DIRECTION('ref_axis',(0.707106781186547,0.189252791026117,0.681310047694018));
#1682=DIRECTION('',(1.62078752713615E-16,-0.963517909629941,0.267643863786095));
#1683=DIRECTION('center_axis',(-2.22044604925031E-16,0.,-1.));
#1684=DIRECTION('ref_axis',(-1.11429142490611E-16,1.,-8.24741330715421E-33));
#1685=DIRECTION('center_axis',(-1.57009245868377E-16,0.707106781186548,
-0.707106781186548));
#1686=DIRECTION('ref_axis',(1.81222295236899E-16,0.707106781186548,0.707106781186548));
#1687=DIRECTION('',(-1.62078752713615E-16,0.963517909629941,-0.267643863786095));
#1688=DIRECTION('center_axis',(-1.62078752713615E-16,-0.963517909629941,
-0.267643863786095));
#1689=DIRECTION('ref_axis',(0.707106781186548,0.189252791026115,-0.681310047694018));
#1690=DIRECTION('',(-1.62078752713615E-16,-0.963517909629941,-0.267643863786095));
#1691=DIRECTION('center_axis',(1.,0.,-6.05576195250085E-16));
#1692=DIRECTION('ref_axis',(6.05576195250085E-16,0.,1.));
#1693=DIRECTION('',(4.28207034186484E-16,0.707106781186548,0.707106781186548));
#1694=DIRECTION('center_axis',(2.13943953581972E-16,0.267643863786095,0.963517909629941));
#1695=DIRECTION('ref_axis',(1.,0.,-2.22044604925031E-16));
#1696=DIRECTION('',(1.,0.,-2.22044604925031E-16));
#1697=DIRECTION('center_axis',(1.57009245868377E-16,-0.707106781186548,
0.707106781186548));
#1698=DIRECTION('ref_axis',(1.,0.,-2.22044604925031E-16));
#1699=DIRECTION('',(-1.,0.,2.22044604925031E-16));
#1700=DIRECTION('center_axis',(0.,1.,0.));
#1701=DIRECTION('ref_axis',(0.,0.,1.));
#1702=DIRECTION('',(0.,0.,1.));
#1703=DIRECTION('',(1.,0.,0.));
#1704=DIRECTION('',(5.11623513652146E-16,0.,1.));
#1705=DIRECTION('',(-1.,0.,0.));
#1706=DIRECTION('',(0.,0.,1.));
#1707=DIRECTION('',(-1.,0.,0.));
#1708=DIRECTION('',(0.,0.,-1.));
#1709=DIRECTION('',(-1.,0.,0.));
#1710=DIRECTION('',(-5.11623513652146E-16,0.,-1.));
#1711=DIRECTION('',(1.,0.,0.));
#1712=DIRECTION('',(0.,0.,-1.));
#1713=DIRECTION('',(1.,0.,0.));
#1714=DIRECTION('center_axis',(2.22044604925031E-16,0.,1.));
#1715=DIRECTION('ref_axis',(-1.,0.,2.22044604925031E-16));
#1716=DIRECTION('',(1.,0.,-2.22044604925031E-16));
#1717=DIRECTION('',(0.,-1.,0.));
#1718=DIRECTION('',(0.,-1.,0.));
#1719=DIRECTION('center_axis',(-2.22044604925031E-16,0.,-1.));
#1720=DIRECTION('ref_axis',(1.,0.,-2.22044604925031E-16));
#1721=DIRECTION('',(-1.,0.,2.22044604925031E-16));
#1722=DIRECTION('',(0.,-1.,0.));
#1723=DIRECTION('',(0.,-1.,0.));
#1724=DIRECTION('center_axis',(0.,-1.,0.));
#1725=DIRECTION('ref_axis',(0.,0.,-1.));
#1726=DIRECTION('',(2.22044604925031E-16,0.,1.));
#1727=DIRECTION('',(-2.22044604925031E-16,0.,-1.));
#1728=DIRECTION('',(-1.,0.,0.));
#1729=DIRECTION('center_axis',(-1.,0.,0.));
#1730=DIRECTION('ref_axis',(0.,0.,-1.));
#1731=DIRECTION('',(0.,-1.,0.));
#1732=DIRECTION('',(0.,-1.,0.));
#1733=DIRECTION('',(2.22044604925031E-16,0.,1.));
#1734=DIRECTION('center_axis',(0.,0.,1.));
#1735=DIRECTION('ref_axis',(-1.,0.,0.));
#1736=DIRECTION('',(0.,-1.,0.));
#1737=DIRECTION('center_axis',(-1.,0.,5.11623513652146E-16));
#1738=DIRECTION('ref_axis',(-5.11623513652146E-16,0.,-1.));
#1739=DIRECTION('',(0.,-1.,0.));
#1740=DIRECTION('center_axis',(0.,0.,-1.));
#1741=DIRECTION('ref_axis',(1.,0.,0.));
#1742=DIRECTION('',(0.,-1.,0.));
#1743=DIRECTION('center_axis',(-1.,0.,0.));
#1744=DIRECTION('ref_axis',(0.,0.,-1.));
#1745=DIRECTION('',(0.,-1.,0.));
#1746=DIRECTION('center_axis',(0.,0.,-1.));
#1747=DIRECTION('ref_axis',(1.,0.,0.));
#1748=DIRECTION('',(0.,-1.,0.));
#1749=DIRECTION('center_axis',(2.22044604925031E-16,0.,1.));
#1750=DIRECTION('ref_axis',(-1.,0.,2.22044604925031E-16));
#1751=DIRECTION('center_axis',(1.,0.,0.));
#1752=DIRECTION('ref_axis',(0.,0.,1.));
#1753=DIRECTION('',(0.,-1.,0.));
#1754=DIRECTION('center_axis',(0.,0.,-1.));
#1755=DIRECTION('ref_axis',(1.,0.,0.));
#1756=DIRECTION('',(0.,-1.,0.));
#1757=DIRECTION('center_axis',(1.,0.,-5.11623513652146E-16));
#1758=DIRECTION('ref_axis',(5.11623513652146E-16,0.,1.));
#1759=DIRECTION('',(0.,-1.,0.));
#1760=DIRECTION('center_axis',(0.,0.,1.));
#1761=DIRECTION('ref_axis',(-1.,0.,0.));
#1762=DIRECTION('',(0.,-1.,0.));
#1763=DIRECTION('center_axis',(1.,0.,0.));
#1764=DIRECTION('ref_axis',(0.,0.,1.));
#1765=DIRECTION('',(0.,-1.,0.));
#1766=DIRECTION('',(-2.22044604925031E-16,0.,-1.));
#1767=DIRECTION('center_axis',(0.,0.,1.));
#1768=DIRECTION('ref_axis',(-1.,0.,0.));
#1769=DIRECTION('',(1.,0.,0.));
#1770=DIRECTION('center_axis',(0.,-1.,0.));
#1771=DIRECTION('ref_axis',(0.,0.,-1.));
#1772=CARTESIAN_POINT('',(0.,0.,0.));
#1773=CARTESIAN_POINT('Ctrl Pts',(1.75,15.5878004922345,-6.16772979473055));
#1774=CARTESIAN_POINT('Ctrl Pts',(1.6676854738885,15.5878004922345,-6.16772979473055));
#1775=CARTESIAN_POINT('Ctrl Pts',(1.50291382399361,15.5805639177331,-6.17148102948728));
#1776=CARTESIAN_POINT('Ctrl Pts',(1.18653249602158,15.5406604119901,-6.19598852202412));
#1777=CARTESIAN_POINT('Ctrl Pts',(0.83958241273938,15.4416146833339,-6.27033004951495));
#1778=CARTESIAN_POINT('Ctrl Pts',(0.683778475015797,15.3582263814027,-6.41458085652197));
#1779=CARTESIAN_POINT('Ctrl Pts',(0.645910601724033,15.3370622860206,-6.51376002790778));
#1780=CARTESIAN_POINT('Ctrl Pts',(0.632213214824125,15.329165312208,-6.56414780950183));
#1781=CARTESIAN_POINT('Ctrl Pts',(0.628491690709552,15.3269759623979,-6.63667609786229));
#1782=CARTESIAN_POINT('Ctrl Pts',(0.655616765288682,15.3428238185366,-6.73821716478414));
#1783=CARTESIAN_POINT('Ctrl Pts',(0.72882389020185,15.3822924476323,-6.83954708960589));
#1784=CARTESIAN_POINT('Ctrl Pts',(0.86416892503443,15.4415606165997,-6.92637049421764));
#1785=CARTESIAN_POINT('Ctrl Pts',(1.04780038788218,15.5015591788432,-6.98568291766033));
#1786=CARTESIAN_POINT('Ctrl Pts',(1.26530603412737,15.5500650005374,-7.02138431909363));
#1787=CARTESIAN_POINT('Ctrl Pts',(1.46341807461355,15.575695122678,-7.0367375714281));
#1788=CARTESIAN_POINT('Ctrl Pts',(1.62653039078978,15.5860535322036,-7.04258518524456));
#1789=CARTESIAN_POINT('Ctrl Pts',(1.70884273694425,15.5878004922345,-7.04353642801702));
#1790=CARTESIAN_POINT('Ctrl Pts',(1.75,15.5878004922345,-7.04353642801702));
#1791=CARTESIAN_POINT('Ctrl Pts',(1.75,15.737787039239,-6.08507133457429));
#1792=CARTESIAN_POINT('Ctrl Pts',(1.65666303065353,15.737787039239,-6.08507133457429));
#1793=CARTESIAN_POINT('Ctrl Pts',(1.46987612511789,15.7257174442964,-6.08827935670663));
#1794=CARTESIAN_POINT('Ctrl Pts',(1.11247072391112,15.6593512612678,-6.11057156898687));
#1795=CARTESIAN_POINT('Ctrl Pts',(0.724498642124742,15.4984454542987,-6.190568757615));
#1796=CARTESIAN_POINT('Ctrl Pts',(0.550061487729334,15.3718260894223,-6.36889736299354));
#1797=CARTESIAN_POINT('Ctrl Pts',(0.507377286886159,15.3404458003352,-6.49175750108273));
#1798=CARTESIAN_POINT('Ctrl Pts',(0.491951949616225,15.3287175711395,-6.55419140268487));
#1799=CARTESIAN_POINT('Ctrl Pts',(0.487747921975508,15.3255119648191,-6.64405611892703));
#1800=CARTESIAN_POINT('Ctrl Pts',(0.518327549664451,15.3489231558042,-6.76993718456435));
#1801=CARTESIAN_POINT('Ctrl Pts',(0.600580075109977,15.4081881386225,-6.89533546308816));
#1802=CARTESIAN_POINT('Ctrl Pts',(0.751965497892095,15.4999541415182,-7.00080887604893));
#1803=CARTESIAN_POINT('Ctrl Pts',(0.957298628785517,15.5957330110723,-7.06902456905027));
#1804=CARTESIAN_POINT('Ctrl Pts',(1.20153373763757,15.675052992687,-7.10606893815631));
#1805=CARTESIAN_POINT('Ctrl Pts',(1.42524387899562,15.7175900785686,-7.12027085489393));
#1806=CARTESIAN_POINT('Ctrl Pts',(1.61000827740328,15.734878165523,-7.1253484462124));
#1807=CARTESIAN_POINT('Ctrl Pts',(1.70333151532677,15.737787039239,-7.12619488817328));
#1808=CARTESIAN_POINT('Ctrl Pts',(1.75,15.737787039239,-7.12619488817328));
#1809=CARTESIAN_POINT('Ctrl Pts',(1.75,15.8393027306623,-5.92072884992682));
#1810=CARTESIAN_POINT('Ctrl Pts',(1.64586366038951,15.8393027306623,-5.92072884992682));
#1811=CARTESIAN_POINT('Ctrl Pts',(1.43749379476423,15.8222560831041,-5.92575314849655));
#1812=CARTESIAN_POINT('Ctrl Pts',(1.0396059825121,15.7284407437607,-5.95951281305085));
#1813=CARTESIAN_POINT('Ctrl Pts',(0.610524326858734,15.504308773479,-6.06982906869071));
#1814=CARTESIAN_POINT('Ctrl Pts',(0.417507478222583,15.3274137762597,-6.29977189677065));
#1815=CARTESIAN_POINT('Ctrl Pts',(0.370054275992342,15.2830398781593,-6.45849388824001));
#1816=CARTESIAN_POINT('Ctrl Pts',(0.352918475544972,15.2664908785066,-6.53915345946608));
#1817=CARTESIAN_POINT('Ctrl Pts',(0.3482368821185,15.2619367538403,-6.65530665886457));
#1818=CARTESIAN_POINT('Ctrl Pts',(0.382235343688316,15.2950455337712,-6.81792338608256));
#1819=CARTESIAN_POINT('Ctrl Pts',(0.473472599748879,15.3783541389332,-6.97980689018525));
#1820=CARTESIAN_POINT('Ctrl Pts',(0.640896220163522,15.5063526506143,-7.11691276450226));
#1821=CARTESIAN_POINT('Ctrl Pts',(0.867960616875546,15.6397391786979,-7.20793381740442));
#1822=CARTESIAN_POINT('Ctrl Pts',(1.13881148597799,15.7507720544057,-7.26005045088295));
#1823=CARTESIAN_POINT('Ctrl Pts',(1.38779677107248,15.8107453656486,-7.28134962944685));
#1824=CARTESIAN_POINT('Ctrl Pts',(1.59381474401794,15.835185081116,-7.28923541256465));
#1825=CARTESIAN_POINT('Ctrl Pts',(1.69793183019476,15.8393027306623,-7.29053737282075));
#1826=CARTESIAN_POINT('Ctrl Pts',(1.75,15.8393027306623,-7.29053737282075));
#1827=CARTESIAN_POINT('Ctrl Pts',(1.75,15.8460779762808,-5.74960760237252));
#1828=CARTESIAN_POINT('Ctrl Pts',(1.640247298518,15.8460779762808,-5.74960760237252));
#1829=CARTESIAN_POINT('Ctrl Pts',(1.42055176532482,15.8269027175754,-5.75673376201435));
#1830=CARTESIAN_POINT('Ctrl Pts',(0.998709994695431,15.7211791689293,-5.80362228105324));
#1831=CARTESIAN_POINT('Ctrl Pts',(0.536109883652501,15.4591342875657,-5.94674530725832));
#1832=CARTESIAN_POINT('Ctrl Pts',(0.328371300021057,15.2391629980817,-6.22934345018519));
#1833=CARTESIAN_POINT('Ctrl Pts',(0.277880802298704,15.1833694059124,-6.42461905821126));
#1834=CARTESIAN_POINT('Ctrl Pts',(0.259617619765493,15.1625513135895,-6.52385392955617));
#1835=CARTESIAN_POINT('Ctrl Pts',(0.25465558761273,15.1567814760589,-6.66680023431326));
#1836=CARTESIAN_POINT('Ctrl Pts',(0.290822353718234,15.1985545517457,-6.8668226676313));
#1837=CARTESIAN_POINT('Ctrl Pts',(0.388431853602459,15.3026387054217,-7.06592439049189));
#1838=CARTESIAN_POINT('Ctrl Pts',(0.56889190004589,15.4591098704274,-7.23558719301085));
#1839=CARTESIAN_POINT('Ctrl Pts',(0.813733850509565,15.6177201055682,-7.35064432311094));
#1840=CARTESIAN_POINT('Ctrl Pts',(1.1037413788365,15.7461037873135,-7.41934820416621));
#1841=CARTESIAN_POINT('Ctrl Pts',(1.3678907661514,15.8140007831116,-7.44869518709355));
#1842=CARTESIAN_POINT('Ctrl Pts',(1.58537385438637,15.8414482947758,-7.45984603725275));
#1843=CARTESIAN_POINT('Ctrl Pts',(1.695123649259,15.8460779762808,-7.46165862037505));
#1844=CARTESIAN_POINT('Ctrl Pts',(1.75,15.8460779762808,-7.46165862037505));
#1845=CARTESIAN_POINT('',(1.75,15.5878004922345,-7.04353642801702));
#1846=CARTESIAN_POINT('',(1.75,15.8460779762808,-7.46165862037505));
#1847=CARTESIAN_POINT('Origin',(1.75,15.3464694223888,-7.48143974466026));
#1848=CARTESIAN_POINT('',(1.75,15.8460779762808,-5.74960760237252));
#1849=CARTESIAN_POINT('Ctrl Pts',(1.75,15.8460779762808,-7.46165862037505));
#1850=CARTESIAN_POINT('Ctrl Pts',(1.695123649259,15.8460779762808,-7.46165862037505));
#1851=CARTESIAN_POINT('Ctrl Pts',(1.58537385438637,15.8414482947758,-7.45984603725275));
#1852=CARTESIAN_POINT('Ctrl Pts',(1.3678907661514,15.8140007831116,-7.44869518709355));
#1853=CARTESIAN_POINT('Ctrl Pts',(1.1037413788365,15.7461037873135,-7.41934820416621));
#1854=CARTESIAN_POINT('Ctrl Pts',(0.813733850509565,15.6177201055682,-7.35064432311094));
#1855=CARTESIAN_POINT('Ctrl Pts',(0.56889190004589,15.4591098704274,-7.23558719301085));
#1856=CARTESIAN_POINT('Ctrl Pts',(0.388431853602459,15.3026387054217,-7.06592439049189));
#1857=CARTESIAN_POINT('Ctrl Pts',(0.290822353718234,15.1985545517457,-6.8668226676313));
#1858=CARTESIAN_POINT('Ctrl Pts',(0.25465558761273,15.1567814760589,-6.66680023431326));
#1859=CARTESIAN_POINT('Ctrl Pts',(0.259617619765493,15.1625513135895,-6.52385392955617));
#1860=CARTESIAN_POINT('Ctrl Pts',(0.277880802298704,15.1833694059124,-6.42461905821126));
#1861=CARTESIAN_POINT('Ctrl Pts',(0.328371300021057,15.2391629980817,-6.22934345018519));
#1862=CARTESIAN_POINT('Ctrl Pts',(0.536109883652501,15.4591342875657,-5.94674530725832));
#1863=CARTESIAN_POINT('Ctrl Pts',(0.998709994695431,15.7211791689293,-5.80362228105324));
#1864=CARTESIAN_POINT('Ctrl Pts',(1.42055176532482,15.8269027175754,-5.75673376201435));
#1865=CARTESIAN_POINT('Ctrl Pts',(1.640247298518,15.8460779762808,-5.74960760237252));
#1866=CARTESIAN_POINT('Ctrl Pts',(1.75,15.8460779762808,-5.74960760237252));
#1867=CARTESIAN_POINT('',(1.75,15.5878004922345,-6.16772979473055));
#1868=CARTESIAN_POINT('Origin',(1.75,15.3464694223888,-5.72982647808731));
#1869=CARTESIAN_POINT('Ctrl Pts',(1.75,15.5878004922345,-6.16772979473055));
#1870=CARTESIAN_POINT('Ctrl Pts',(1.6676854738885,15.5878004922345,-6.16772979473055));
#1871=CARTESIAN_POINT('Ctrl Pts',(1.50291382399361,15.5805639177331,-6.17148102948728));
#1872=CARTESIAN_POINT('Ctrl Pts',(1.18653249602158,15.5406604119901,-6.19598852202412));
#1873=CARTESIAN_POINT('Ctrl Pts',(0.83958241273938,15.4416146833339,-6.27033004951495));
#1874=CARTESIAN_POINT('Ctrl Pts',(0.683778475015797,15.3582263814027,-6.41458085652197));
#1875=CARTESIAN_POINT('Ctrl Pts',(0.645910601724033,15.3370622860206,-6.51376002790778));
#1876=CARTESIAN_POINT('Ctrl Pts',(0.632213214824125,15.329165312208,-6.56414780950183));
#1877=CARTESIAN_POINT('Ctrl Pts',(0.628491690709552,15.3269759623979,-6.63667609786229));
#1878=CARTESIAN_POINT('Ctrl Pts',(0.655616765288682,15.3428238185366,-6.73821716478414));
#1879=CARTESIAN_POINT('Ctrl Pts',(0.72882389020185,15.3822924476323,-6.83954708960589));
#1880=CARTESIAN_POINT('Ctrl Pts',(0.86416892503443,15.4415606165997,-6.92637049421764));
#1881=CARTESIAN_POINT('Ctrl Pts',(1.04780038788218,15.5015591788432,-6.98568291766033));
#1882=CARTESIAN_POINT('Ctrl Pts',(1.26530603412737,15.5500650005374,-7.02138431909363));
#1883=CARTESIAN_POINT('Ctrl Pts',(1.46341807461355,15.575695122678,-7.0367375714281));
#1884=CARTESIAN_POINT('Ctrl Pts',(1.62653039078978,15.5860535322036,-7.04258518524456));
#1885=CARTESIAN_POINT('Ctrl Pts',(1.70884273694425,15.5878004922345,-7.04353642801702));
#1886=CARTESIAN_POINT('Ctrl Pts',(1.75,15.5878004922345,-7.04353642801702));
#1887=CARTESIAN_POINT('Ctrl Pts',(1.75,15.5878004922345,-7.04353642801702));
#1888=CARTESIAN_POINT('Ctrl Pts',(3.75,15.5878004922345,-7.04353642801702));
#1889=CARTESIAN_POINT('Ctrl Pts',(5.75,15.5878004922345,-7.04353642801702));
#1890=CARTESIAN_POINT('Ctrl Pts',(7.75,15.5878004922345,-7.04353642801702));
#1891=CARTESIAN_POINT('Ctrl Pts',(1.75,15.737787039239,-7.12619488817328));
#1892=CARTESIAN_POINT('Ctrl Pts',(3.75,15.737787039239,-7.12619488817328));
#1893=CARTESIAN_POINT('Ctrl Pts',(5.75000000000001,15.737787039239,-7.12619488817328));
#1894=CARTESIAN_POINT('Ctrl Pts',(7.75,15.737787039239,-7.12619488817328));
#1895=CARTESIAN_POINT('Ctrl Pts',(1.75,15.8393027306623,-7.29053737282075));
#1896=CARTESIAN_POINT('Ctrl Pts',(3.75,15.8393027306623,-7.29053737282075));
#1897=CARTESIAN_POINT('Ctrl Pts',(5.75,15.8393027306623,-7.29053737282075));
#1898=CARTESIAN_POINT('Ctrl Pts',(7.75,15.8393027306623,-7.29053737282075));
#1899=CARTESIAN_POINT('Ctrl Pts',(1.75,15.8460779762808,-7.46165862037505));
#1900=CARTESIAN_POINT('Ctrl Pts',(3.75,15.8460779762808,-7.46165862037505));
#1901=CARTESIAN_POINT('Ctrl Pts',(5.75,15.8460779762808,-7.46165862037505));
#1902=CARTESIAN_POINT('Ctrl Pts',(7.75,15.8460779762808,-7.46165862037505));
#1903=CARTESIAN_POINT('',(7.75,15.5878004922345,-7.04353642801702));
#1904=CARTESIAN_POINT('',(7.75,15.8460779762808,-7.46165862037505));
#1905=CARTESIAN_POINT('Origin',(7.75,15.3464694223888,-7.48143974466026));
#1906=CARTESIAN_POINT('Ctrl Pts',(7.75,15.8460779762808,-7.46165862037505));
#1907=CARTESIAN_POINT('Ctrl Pts',(5.75,15.8460779762808,-7.46165862037505));
#1908=CARTESIAN_POINT('Ctrl Pts',(3.75,15.8460779762808,-7.46165862037505));
#1909=CARTESIAN_POINT('Ctrl Pts',(1.75,15.8460779762808,-7.46165862037505));
#1910=CARTESIAN_POINT('Ctrl Pts',(1.75,15.5878004922345,-7.04353642801702));
#1911=CARTESIAN_POINT('Ctrl Pts',(3.75,15.5878004922345,-7.04353642801702));
#1912=CARTESIAN_POINT('Ctrl Pts',(5.75,15.5878004922345,-7.04353642801702));
#1913=CARTESIAN_POINT('Ctrl Pts',(7.75,15.5878004922345,-7.04353642801702));
#1914=CARTESIAN_POINT('Ctrl Pts',(7.75,15.5878004922345,-7.04353642801702));
#1915=CARTESIAN_POINT('Ctrl Pts',(7.91462905222301,15.5878004922345,-7.04353642801702));
#1916=CARTESIAN_POINT('Ctrl Pts',(8.24453012777795,15.5598508076341,-7.03004940488522));
#1917=CARTESIAN_POINT('Ctrl Pts',(8.59057405935558,15.4623590718586,-6.95576858204575));
#1918=CARTESIAN_POINT('Ctrl Pts',(8.77102734486098,15.3827288669612,-6.83959535584942));
#1919=CARTESIAN_POINT('Ctrl Pts',(8.85080340637478,15.3399203946989,-6.72916198206735));
#1920=CARTESIAN_POINT('Ctrl Pts',(8.87667221146607,15.3242995383067,-6.60563463245749));
#1921=CARTESIAN_POINT('Ctrl Pts',(8.85080451312865,15.339990997473,-6.48209300026559));
#1922=CARTESIAN_POINT('Ctrl Pts',(8.77104618085173,15.3827561586834,-6.37162466619825));
#1923=CARTESIAN_POINT('Ctrl Pts',(8.59063355001403,15.4622629073788,-6.25551311990682));
#1924=CARTESIAN_POINT('Ctrl Pts',(8.24455534870822,15.559848892802,-6.18120084888336));
#1925=CARTESIAN_POINT('Ctrl Pts',(7.914629052223,15.5878004922345,-6.16772979473055));
#1926=CARTESIAN_POINT('Ctrl Pts',(7.75,15.5878004922345,-6.16772979473055));
#1927=CARTESIAN_POINT('Ctrl Pts',(7.75,15.737787039239,-7.12619488817328));
#1928=CARTESIAN_POINT('Ctrl Pts',(7.93667393869294,15.737787039239,-7.12619488817328));
#1929=CARTESIAN_POINT('Ctrl Pts',(8.31039693935853,15.6905775391461,-7.11609225921436));
#1930=CARTESIAN_POINT('Ctrl Pts',(8.69748831244843,15.5319989837258,-7.03671970700354));
#1931=CARTESIAN_POINT('Ctrl Pts',(8.89930824072094,15.4087747698137,-6.8953335510746));
#1932=CARTESIAN_POINT('Ctrl Pts',(8.98896660357807,15.3444885174961,-6.7587791177003));
#1933=CARTESIAN_POINT('Ctrl Pts',(9.01816072860648,15.3215186102644,-6.6056425964679));
#1934=CARTESIAN_POINT('Ctrl Pts',(8.98896853347072,15.3445812001954,-6.45242764051138));
#1935=CARTESIAN_POINT('Ctrl Pts',(8.89932918284933,15.408798712289,-6.31578903018752));
#1936=CARTESIAN_POINT('Ctrl Pts',(8.6975410800166,15.531845861076,-6.17460369784678));
#1937=CARTESIAN_POINT('Ctrl Pts',(8.31042336946511,15.6905658684775,-6.09512141975843));
#1938=CARTESIAN_POINT('Ctrl Pts',(7.93667393869296,15.737787039239,-6.08507133457429));
#1939=CARTESIAN_POINT('Ctrl Pts',(7.75,15.737787039239,-6.08507133457429));
#1940=CARTESIAN_POINT('Ctrl Pts',(7.75,15.8393027306623,-7.29053737282075));
#1941=CARTESIAN_POINT('Ctrl Pts',(7.95827267922098,15.8393027306623,-7.29053737282075));
#1942=CARTESIAN_POINT('Ctrl Pts',(8.37505025585584,15.7721033815908,-7.27335595498586));
#1943=CARTESIAN_POINT('Ctrl Pts',(8.80326273296583,15.5508161842717,-7.16345056996048));
#1944=CARTESIAN_POINT('Ctrl Pts',(9.02643726711239,15.3790692819243,-6.97985215185754));
#1945=CARTESIAN_POINT('Ctrl Pts',(9.12590920556053,15.2886351606881,-6.80350300938787));
#1946=CARTESIAN_POINT('Ctrl Pts',(9.15838689144557,15.2561204989884,-6.60564291677927));
#1947=CARTESIAN_POINT('Ctrl Pts',(9.12591201394186,15.2887611366201,-6.4077189231086));
#1948=CARTESIAN_POINT('Ctrl Pts',(9.02645970534401,15.379104944447,-6.23128108428743));
#1949=CARTESIAN_POINT('Ctrl Pts',(8.8033103589714,15.5506344705986,-6.04786573208413));
#1950=CARTESIAN_POINT('Ctrl Pts',(8.37507782025371,15.7720922699136,-5.9378623061041));
#1951=CARTESIAN_POINT('Ctrl Pts',(7.95827267922101,15.8393027306623,-5.92072884992682));
#1952=CARTESIAN_POINT('Ctrl Pts',(7.75,15.8393027306623,-5.92072884992682));
#1953=CARTESIAN_POINT('Ctrl Pts',(7.75,15.8460779762808,-7.46165862037505));
#1954=CARTESIAN_POINT('Ctrl Pts',(7.96950540296401,15.8460779762808,-7.46165862037505));
#1955=CARTESIAN_POINT('Ctrl Pts',(8.40937350370394,15.7719591936835,-7.43612639583607));
#1956=CARTESIAN_POINT('Ctrl Pts',(8.87076541247412,15.5140033770357,-7.29303348775785));
#1957=CARTESIAN_POINT('Ctrl Pts',(9.11136979314799,15.3037856454945,-7.06603809692733));
#1958=CARTESIAN_POINT('Ctrl Pts',(9.21773787516638,15.1908920631292,-6.84904968451675));
#1959=CARTESIAN_POINT('Ctrl Pts',(9.2522296152881,15.1497243707209,-6.60563813662923));
#1960=CARTESIAN_POINT('Ctrl Pts',(9.21773935083822,15.191077332184,-6.36220205091756));
#1961=CARTESIAN_POINT('Ctrl Pts',(9.11139490780231,15.3038568626452,-6.14514168037551));
#1962=CARTESIAN_POINT('Ctrl Pts',(8.87084473335206,15.5137499028116,-5.91826065386578));
#1963=CARTESIAN_POINT('Ctrl Pts',(8.40940713161097,15.7719538173332,-5.77511006363328));
#1964=CARTESIAN_POINT('Ctrl Pts',(7.96950540296405,15.8460779762808,-5.74960760237252));
#1965=CARTESIAN_POINT('Ctrl Pts',(7.75,15.8460779762808,-5.74960760237252));
#1966=CARTESIAN_POINT('',(7.75,15.5878004922345,-6.16772979473055));
#1967=CARTESIAN_POINT('',(7.75,15.8460779762808,-5.74960760237252));
#1968=CARTESIAN_POINT('Origin',(7.75,15.3464694223888,-5.72982647808731));
#1969=CARTESIAN_POINT('Ctrl Pts',(7.75,15.8460779762808,-5.74960760237252));
#1970=CARTESIAN_POINT('Ctrl Pts',(7.96950540296405,15.8460779762808,-5.74960760237252));
#1971=CARTESIAN_POINT('Ctrl Pts',(8.40940713161097,15.7719538173332,-5.77511006363328));
#1972=CARTESIAN_POINT('Ctrl Pts',(8.87084473335206,15.5137499028116,-5.91826065386578));
#1973=CARTESIAN_POINT('Ctrl Pts',(9.11139490780231,15.3038568626452,-6.14514168037551));
#1974=CARTESIAN_POINT('Ctrl Pts',(9.21773935083822,15.191077332184,-6.36220205091756));
#1975=CARTESIAN_POINT('Ctrl Pts',(9.2522296152881,15.1497243707209,-6.60563813662923));
#1976=CARTESIAN_POINT('Ctrl Pts',(9.21773787516638,15.1908920631292,-6.84904968451675));
#1977=CARTESIAN_POINT('Ctrl Pts',(9.11136979314799,15.3037856454945,-7.06603809692733));
#1978=CARTESIAN_POINT('Ctrl Pts',(8.87076541247412,15.5140033770357,-7.29303348775785));
#1979=CARTESIAN_POINT('Ctrl Pts',(8.40937350370394,15.7719591936835,-7.43612639583607));
#1980=CARTESIAN_POINT('Ctrl Pts',(7.96950540296401,15.8460779762808,-7.46165862037505));
#1981=CARTESIAN_POINT('Ctrl Pts',(7.75,15.8460779762808,-7.46165862037505));
#1982=CARTESIAN_POINT('Ctrl Pts',(7.75,15.5878004922345,-7.04353642801702));
#1983=CARTESIAN_POINT('Ctrl Pts',(7.91462905222301,15.5878004922345,-7.04353642801702));
#1984=CARTESIAN_POINT('Ctrl Pts',(8.24453012777795,15.5598508076341,-7.03004940488522));
#1985=CARTESIAN_POINT('Ctrl Pts',(8.59057405935558,15.4623590718586,-6.95576858204575));
#1986=CARTESIAN_POINT('Ctrl Pts',(8.77102734486098,15.3827288669612,-6.83959535584942));
#1987=CARTESIAN_POINT('Ctrl Pts',(8.85080340637478,15.3399203946989,-6.72916198206735));
#1988=CARTESIAN_POINT('Ctrl Pts',(8.87667221146607,15.3242995383067,-6.60563463245749));
#1989=CARTESIAN_POINT('Ctrl Pts',(8.85080451312865,15.339990997473,-6.48209300026559));
#1990=CARTESIAN_POINT('Ctrl Pts',(8.77104618085173,15.3827561586834,-6.37162466619825));
#1991=CARTESIAN_POINT('Ctrl Pts',(8.59063355001403,15.4622629073788,-6.25551311990682));
#1992=CARTESIAN_POINT('Ctrl Pts',(8.24455534870822,15.559848892802,-6.18120084888336));
#1993=CARTESIAN_POINT('Ctrl Pts',(7.914629052223,15.5878004922345,-6.16772979473055));
#1994=CARTESIAN_POINT('Ctrl Pts',(7.75,15.5878004922345,-6.16772979473055));
#1995=CARTESIAN_POINT('Ctrl Pts',(7.75,15.5878004922345,-6.16772979473055));
#1996=CARTESIAN_POINT('Ctrl Pts',(5.75,15.5878004922345,-6.16772979473055));
#1997=CARTESIAN_POINT('Ctrl Pts',(3.75,15.5878004922345,-6.16772979473055));
#1998=CARTESIAN_POINT('Ctrl Pts',(1.75,15.5878004922345,-6.16772979473054));
#1999=CARTESIAN_POINT('Ctrl Pts',(7.75,15.737787039239,-6.08507133457429));
#2000=CARTESIAN_POINT('Ctrl Pts',(5.75,15.737787039239,-6.08507133457429));
#2001=CARTESIAN_POINT('Ctrl Pts',(3.75,15.737787039239,-6.08507133457429));
#2002=CARTESIAN_POINT('Ctrl Pts',(1.75,15.737787039239,-6.08507133457429));
#2003=CARTESIAN_POINT('Ctrl Pts',(7.75,15.8393027306623,-5.92072884992682));
#2004=CARTESIAN_POINT('Ctrl Pts',(5.75,15.8393027306623,-5.92072884992682));
#2005=CARTESIAN_POINT('Ctrl Pts',(3.75,15.8393027306623,-5.92072884992682));
#2006=CARTESIAN_POINT('Ctrl Pts',(1.75,15.8393027306623,-5.92072884992682));
#2007=CARTESIAN_POINT('Ctrl Pts',(7.75,15.8460779762808,-5.74960760237252));
#2008=CARTESIAN_POINT('Ctrl Pts',(5.75,15.8460779762808,-5.74960760237252));
#2009=CARTESIAN_POINT('Ctrl Pts',(3.75,15.8460779762808,-5.74960760237252));
#2010=CARTESIAN_POINT('Ctrl Pts',(1.75,15.8460779762808,-5.74960760237252));
#2011=CARTESIAN_POINT('Ctrl Pts',(1.75,15.8460779762808,-5.74960760237252));
#2012=CARTESIAN_POINT('Ctrl Pts',(3.75,15.8460779762808,-5.74960760237252));
#2013=CARTESIAN_POINT('Ctrl Pts',(5.75,15.8460779762808,-5.74960760237252));
#2014=CARTESIAN_POINT('Ctrl Pts',(7.75,15.8460779762808,-5.74960760237252));
#2015=CARTESIAN_POINT('Ctrl Pts',(7.75,15.5878004922345,-6.16772979473055));
#2016=CARTESIAN_POINT('Ctrl Pts',(5.75,15.5878004922345,-6.16772979473055));
#2017=CARTESIAN_POINT('Ctrl Pts',(3.75,15.5878004922345,-6.16772979473055));
#2018=CARTESIAN_POINT('Ctrl Pts',(1.75,15.5878004922345,-6.16772979473054));
#2019=CARTESIAN_POINT('Ctrl Pts',(9.75,17.5,-15.1056331113738));
#2020=CARTESIAN_POINT('Ctrl Pts',(-34.8750000000001,17.5,-15.1056331113738));
#2021=CARTESIAN_POINT('Ctrl Pts',(9.75,14.1582631241603,-6.60563311137379));
#2022=CARTESIAN_POINT('Ctrl Pts',(-34.875,14.1582631241603,-6.60563311137376));
#2023=CARTESIAN_POINT('Ctrl Pts',(9.75000000000001,17.5,1.89436688862621));
#2024=CARTESIAN_POINT('Ctrl Pts',(-34.875,17.5,1.89436688862624));
#2025=CARTESIAN_POINT('',(1.75,15.928556391972,-4.53217518972207));
#2026=CARTESIAN_POINT('Ctrl Pts',(1.75,15.9276339826539,-4.53208640929826));
#2027=CARTESIAN_POINT('Ctrl Pts',(1.75,15.8960087023272,-4.86066771919606));
#2028=CARTESIAN_POINT('Ctrl Pts',(1.75,15.8663065080316,-5.26650391347078));
#2029=CARTESIAN_POINT('Ctrl Pts',(1.75,15.8483889653383,-5.67273799331043));
#2030=CARTESIAN_POINT('Ctrl Pts',(1.75,15.8454199860129,-5.7495821800465));
#2031=CARTESIAN_POINT('',(7.75,15.928556391972,-4.53217518972208));
#2032=CARTESIAN_POINT('Ctrl Pts',(7.75,15.928556391972,-4.53217518972208));
#2033=CARTESIAN_POINT('Ctrl Pts',(5.75,15.928556391972,-4.53217518972208));
#2034=CARTESIAN_POINT('Ctrl Pts',(3.75,15.928556391972,-4.53217518972207));
#2035=CARTESIAN_POINT('Ctrl Pts',(1.75,15.928556391972,-4.53217518972207));
#2036=CARTESIAN_POINT('Ctrl Pts',(7.75000000000001,15.8480832912074,-5.74969031580327));
#2037=CARTESIAN_POINT('Ctrl Pts',(7.75000000000001,15.8648369385115,-5.34351296301978));
#2038=CARTESIAN_POINT('Ctrl Pts',(7.75000000000001,15.8929645195519,-4.93764490864493));
#2039=CARTESIAN_POINT('Ctrl Pts',(7.75000000000001,15.932214018792,-4.53252955775972));
#2040=CARTESIAN_POINT('Ctrl Pts',(1.75,17.129865470944,0.894034729942004));
#2041=CARTESIAN_POINT('Ctrl Pts',(1.75,16.4079053390552,-1.18727534698519));
#2042=CARTESIAN_POINT('Ctrl Pts',(1.75,15.3705028282953,-6.22778483855234));
#2043=CARTESIAN_POINT('Ctrl Pts',(1.75,16.1672519617589,-11.33022085012));
#2044=CARTESIAN_POINT('Ctrl Pts',(1.75,17.129865470944,-14.1053009526896));
#2045=CARTESIAN_POINT('Ctrl Pts',(1.15160139931623,17.129865470944,0.894034729942004));
#2046=CARTESIAN_POINT('Ctrl Pts',(1.15160139931623,16.4080884872659,-1.18674735631127));
#2047=CARTESIAN_POINT('Ctrl Pts',(1.15160139931623,15.370577833109,-6.22752501752706));
#2048=CARTESIAN_POINT('Ctrl Pts',(1.15160139931622,16.1674961593733,-11.3309248376852));
#2049=CARTESIAN_POINT('Ctrl Pts',(1.15160139931623,17.129865470944,-14.1053009526896));
#2050=CARTESIAN_POINT('Ctrl Pts',(0.115175715998905,16.6559585441586,1.05842249280243));
#2051=CARTESIAN_POINT('Ctrl Pts',(0.115175715998898,15.9198107186836,-1.0637887202473));
#2052=CARTESIAN_POINT('Ctrl Pts',(0.115175715998916,14.8576365933131,-6.21784344286076));
#2053=CARTESIAN_POINT('Ctrl Pts',(0.115175715998892,15.6744281101919,-11.440073764817));
#2054=CARTESIAN_POINT('Ctrl Pts',(0.115175715998899,16.6559585441586,-14.26968871555));
#2055=CARTESIAN_POINT('Ctrl Pts',(-0.25,15.664330324891,1.40239624659505));
#2056=CARTESIAN_POINT('Ctrl Pts',(-0.250000000000009,14.8986569875718,-0.804932887256127));
#2057=CARTESIAN_POINT('Ctrl Pts',(-0.249999999999986,13.7845540032831,-6.19681231426313));
#2058=CARTESIAN_POINT('Ctrl Pts',(-0.250000000000015,14.6434325417987,-11.670556957541));
#2059=CARTESIAN_POINT('Ctrl Pts',(-0.250000000000006,15.664330324891,-14.6136624693426));
#2060=CARTESIAN_POINT('Ctrl Pts',(-0.25,15.24031653525,1.5494771908933));
#2061=CARTESIAN_POINT('Ctrl Pts',(-0.250000000000009,14.4620364799777,-0.694195347466747));
#2062=CARTESIAN_POINT('Ctrl Pts',(-0.249999999999986,13.3257183065987,-6.18779372203889));
#2063=CARTESIAN_POINT('Ctrl Pts',(-0.250000000000015,14.202609794887,-11.7691800291608));
#2064=CARTESIAN_POINT('Ctrl Pts',(-0.250000000000006,15.24031653525,-14.7607434136409));
#2065=CARTESIAN_POINT('',(1.75,15.928556391972,-8.6790910330255));
#2066=CARTESIAN_POINT('Ctrl Pts',(1.75,15.8480117747784,-7.46157884004816));
#2067=CARTESIAN_POINT('Ctrl Pts',(1.75,15.8647689695521,-7.86775692035978));
#2068=CARTESIAN_POINT('Ctrl Pts',(1.75,15.8929012764262,-8.27362587780985));
#2069=CARTESIAN_POINT('Ctrl Pts',(1.75,15.9321561505781,-8.67874222464419));
#2070=CARTESIAN_POINT('',(1.03982642570997,16.1607973311609,-11.0885419418655));
#2071=CARTESIAN_POINT('Ctrl Pts',(1.03982642571225,16.1607973311618,-11.0885419418652));
#2072=CARTESIAN_POINT('Ctrl Pts',(0.798669376594157,16.0645069701624,-11.0751348715332));
#2073=CARTESIAN_POINT('Ctrl Pts',(0.470938133147647,15.8411188665695,-11.0337547405541));
#2074=CARTESIAN_POINT('Ctrl Pts',(0.145472950681331,15.43887138713,-10.8313468372363));
#2075=CARTESIAN_POINT('Ctrl Pts',(-0.0130851932168386,15.1215481887657,
-10.5345622101704));
#2076=CARTESIAN_POINT('Ctrl Pts',(-0.0671595485442994,14.915236579513,-10.0435647896233));
#2077=CARTESIAN_POINT('Ctrl Pts',(-0.00346956159496551,14.991651320337,
-9.45014570132891));
#2078=CARTESIAN_POINT('Ctrl Pts',(0.321671982221617,15.4111586090615,-8.93703605692986));
#2079=CARTESIAN_POINT('Ctrl Pts',(0.966001900419174,15.8293157261479,-8.71258405652476));
#2080=CARTESIAN_POINT('Ctrl Pts',(1.48873471002613,15.928556391972,-8.67909103302549));
#2081=CARTESIAN_POINT('Ctrl Pts',(1.75,15.928556391972,-8.67909103302549));
#2082=CARTESIAN_POINT('',(1.10846147805321,16.5957196565953,-12.761831070503));
#2083=CARTESIAN_POINT('Ctrl Pts',(1.10846147805695,16.5957196565892,-12.7618310704766));
#2084=CARTESIAN_POINT('Ctrl Pts',(0.994797429695166,16.5539085357207,-12.7554761929087));
#2085=CARTESIAN_POINT('Ctrl Pts',(0.849703158438428,16.4824246090753,-12.7423360551048));
#2086=CARTESIAN_POINT('Ctrl Pts',(0.590133703300034,16.3094020331243,-12.6891994053889));
#2087=CARTESIAN_POINT('Ctrl Pts',(0.349401020121368,16.0748958418848,-12.5823207312832));
#2088=CARTESIAN_POINT('Ctrl Pts',(0.188307337683565,15.8017043238796,-12.2969323500839));
#2089=CARTESIAN_POINT('Ctrl Pts',(0.177593361590677,15.6926838151129,-11.9129938747723));
#2090=CARTESIAN_POINT('Ctrl Pts',(0.291446182479922,15.7614208973151,-11.5903870891714));
#2091=CARTESIAN_POINT('Ctrl Pts',(0.548967810661298,15.937587968767,-11.2733050401713));
#2092=CARTESIAN_POINT('Ctrl Pts',(0.816789614811478,16.0860207291151,-11.1454128016184));
#2093=CARTESIAN_POINT('Ctrl Pts',(1.03982642571004,16.1607973311611,-11.0885419418659));
#2094=CARTESIAN_POINT('',(1.75,17.1287986579299,-14.1022248491339));
#2095=CARTESIAN_POINT('Ctrl Pts',(1.75,17.1287986579299,-14.1022248491339));
#2096=CARTESIAN_POINT('Ctrl Pts',(1.58902870928173,17.1287986579299,-14.1022248491339));
#2097=CARTESIAN_POINT('Ctrl Pts',(1.26707911149409,17.0860902352579,-14.100139394335));
#2098=CARTESIAN_POINT('Ctrl Pts',(0.822406400497055,16.8977017974565,-14.0701391831537));
#2099=CARTESIAN_POINT('Ctrl Pts',(0.477585875219269,16.6040047447606,-13.9448648987005));
#2100=CARTESIAN_POINT('Ctrl Pts',(0.325879343871598,16.3456397362096,-13.646414277546));
#2101=CARTESIAN_POINT('Ctrl Pts',(0.397428274142134,16.3033867651097,-13.2462754696393));
#2102=CARTESIAN_POINT('Ctrl Pts',(0.609383769646752,16.4115801792489,-13.0016034539069));
#2103=CARTESIAN_POINT('Ctrl Pts',(0.855621041097292,16.5150271098329,-12.8476358673958));
#2104=CARTESIAN_POINT('Ctrl Pts',(0.99699864362977,16.5651977327385,-12.7925761720132));
#2105=CARTESIAN_POINT('Ctrl Pts',(1.10846147807075,16.5957196566073,-12.7618310705235));
#2106=CARTESIAN_POINT('',(1.75,17.129865470944,-14.1053009526896));
#2107=CARTESIAN_POINT('Ctrl Pts',(1.75,17.1287986658976,-14.1022248463712));
#2108=CARTESIAN_POINT('Ctrl Pts',(1.75,17.1291541983167,-14.1032502343328));
#2109=CARTESIAN_POINT('Ctrl Pts',(1.75,17.1295098000004,-14.1042756031083));
#2110=CARTESIAN_POINT('Ctrl Pts',(1.75,17.129865470944,-14.1053009526896));
#2111=CARTESIAN_POINT('',(-0.250000000000004,14.9113005782349,-13.7489894293897));
#2112=CARTESIAN_POINT('Ctrl Pts',(-0.250000000000004,14.9113005782349,-13.7489894293897));
#2113=CARTESIAN_POINT('Ctrl Pts',(-0.250000000000004,14.9145916760774,-13.7495832847273));
#2114=CARTESIAN_POINT('Ctrl Pts',(-0.249993508687011,14.9178824095058,-13.7501767805608));
#2115=CARTESIAN_POINT('Ctrl Pts',(-0.249166050313708,15.1190920741934,-13.7864489008034));
#2116=CARTESIAN_POINT('Ctrl Pts',(-0.199164701926218,15.5155397560264,-13.8558043885489));
#2117=CARTESIAN_POINT('Ctrl Pts',(0.0220301084730424,16.0848602556256,-13.9493817399764));
#2118=CARTESIAN_POINT('Ctrl Pts',(0.408524526225392,16.6030647716611,-14.0294082451968));
#2119=CARTESIAN_POINT('Ctrl Pts',(0.981965060229892,17.0118853730862,-14.0888582827424));
#2120=CARTESIAN_POINT('Ctrl Pts',(1.49379084656944,17.129865470944,-14.1053009526896));
#2121=CARTESIAN_POINT('Ctrl Pts',(1.75,17.129865470944,-14.1053009526896));
#2122=CARTESIAN_POINT('',(-0.249999999999996,14.9113005782349,0.537723206642146));
#2123=CARTESIAN_POINT('Ctrl Pts',(-0.250000000000008,14.912100192562,-13.748747932146));
#2124=CARTESIAN_POINT('Ctrl Pts',(-0.250000000000011,14.0986415337398,-11.0553289430664));
#2125=CARTESIAN_POINT('Ctrl Pts',(-0.249999999999989,13.4462784921979,-6.19300216056587));
#2126=CARTESIAN_POINT('Ctrl Pts',(-0.250000000000006,14.3248889288733,-1.39743494066844));
#2127=CARTESIAN_POINT('Ctrl Pts',(-0.250000000000003,14.9115278195912,0.537654316412331));
#2128=CARTESIAN_POINT('',(1.75,17.129865470944,0.894034729942));
#2129=CARTESIAN_POINT('Ctrl Pts',(1.75,17.129865470944,0.894034729942));
#2130=CARTESIAN_POINT('Ctrl Pts',(1.49379084656946,17.129865470944,0.894034729942001));
#2131=CARTESIAN_POINT('Ctrl Pts',(0.980884445908024,17.0138178237361,0.877778800121565));
#2132=CARTESIAN_POINT('Ctrl Pts',(0.0294903767052771,16.3250306700249,0.777962125747866));
#2133=CARTESIAN_POINT('Ctrl Pts',(-0.245327560541707,15.5123739684755,0.646354437425788));
#2134=CARTESIAN_POINT('Ctrl Pts',(-0.250002012898101,14.9178922859928,0.538911276985658));
#2135=CARTESIAN_POINT('Ctrl Pts',(-0.249999999999996,14.9145916760776,0.538317061979857));
#2136=CARTESIAN_POINT('Ctrl Pts',(-0.249999999999996,14.9113005782349,0.537723206642146));
#2137=CARTESIAN_POINT('',(1.75,17.1287986579299,0.89095862638631));
#2138=CARTESIAN_POINT('Ctrl Pts',(1.75,17.129865470944,0.894034729942002));
#2139=CARTESIAN_POINT('Ctrl Pts',(1.75,17.1295098001957,0.893009380923895));
#2140=CARTESIAN_POINT('Ctrl Pts',(1.75,17.1291541967626,0.891984012754746));
#2141=CARTESIAN_POINT('Ctrl Pts',(1.75,17.1287986606516,0.890958625442629));
#2142=CARTESIAN_POINT('',(1.10846147806078,16.5957196565974,-0.449435152246752));
#2143=CARTESIAN_POINT('Ctrl Pts',(1.10846147820724,16.5957196566447,-0.44943515226172));
#2144=CARTESIAN_POINT('Ctrl Pts',(0.959854974662471,16.5550266632413,-0.408444609943313));
#2145=CARTESIAN_POINT('Ctrl Pts',(0.680549615893119,16.4481689719155,-0.290789728467507));
#2146=CARTESIAN_POINT('Ctrl Pts',(0.396795550087041,16.3036332896347,0.0337725565422438));
#2147=CARTESIAN_POINT('Ctrl Pts',(0.325871105072245,16.3473966309523,0.434223540127638));
#2148=CARTESIAN_POINT('Ctrl Pts',(0.477155786508972,16.6053624222398,0.733612898347442));
#2149=CARTESIAN_POINT('Ctrl Pts',(0.822103719410983,16.8973016147216,0.858693579828572));
#2150=CARTESIAN_POINT('Ctrl Pts',(1.26701963033218,17.086315409821,0.888644734251447));
#2151=CARTESIAN_POINT('Ctrl Pts',(1.58902754893282,17.1287986579299,0.89095862638631));
#2152=CARTESIAN_POINT('Ctrl Pts',(1.75,17.1287986579299,0.89095862638631));
#2153=CARTESIAN_POINT('',(1.03982642571284,16.160797331162,-2.12272428088238));
#2154=CARTESIAN_POINT('Ctrl Pts',(1.03982642571284,16.160797331162,-2.12272428088238));
#2155=CARTESIAN_POINT('Ctrl Pts',(0.816790499573897,16.086021025746,-2.06585364672989));
#2156=CARTESIAN_POINT('Ctrl Pts',(0.548964235580061,15.9377675297453,-1.9378592586381));
#2157=CARTESIAN_POINT('Ctrl Pts',(0.291504197850316,15.7615923115913,-1.62068761692125));
#2158=CARTESIAN_POINT('Ctrl Pts',(0.177515979040047,15.692920974365,-1.29814453844641));
#2159=CARTESIAN_POINT('Ctrl Pts',(0.1881335381045,15.8020319418285,-0.914320221261181));
#2160=CARTESIAN_POINT('Ctrl Pts',(0.349191225567831,16.075505376511,-0.628627845956336));
#2161=CARTESIAN_POINT('Ctrl Pts',(0.670438275390297,16.3876545352614,-0.486421324578994));
#2162=CARTESIAN_POINT('Ctrl Pts',(0.956909908309788,16.5399716774187,-0.457908294701277));
#2163=CARTESIAN_POINT('Ctrl Pts',(1.1084614780564,16.595719656589,-0.449435152270976));
#2164=CARTESIAN_POINT('Ctrl Pts',(1.75,15.928556391972,-4.53217518972208));
#2165=CARTESIAN_POINT('Ctrl Pts',(1.48873496257297,15.928556391972,-4.53217518972208));
#2166=CARTESIAN_POINT('Ctrl Pts',(0.966019180128247,15.8293051735267,-4.49868212480734));
#2167=CARTESIAN_POINT('Ctrl Pts',(0.321643713111019,15.4110959986743,-4.27420631984994));
#2168=CARTESIAN_POINT('Ctrl Pts',(-0.00349274439720078,14.9915805865426,
-3.76111161962655));
#2169=CARTESIAN_POINT('Ctrl Pts',(-0.0671923487131648,14.9151823289968,
-3.16770605465144));
#2170=CARTESIAN_POINT('Ctrl Pts',(-0.0131250240833625,15.1214963994586,
-2.67670919127607));
#2171=CARTESIAN_POINT('Ctrl Pts',(0.145443866289678,15.4388353065974,-2.37991665508042));
#2172=CARTESIAN_POINT('Ctrl Pts',(0.470907325776076,15.8410858531147,-2.17751653152655));
#2173=CARTESIAN_POINT('Ctrl Pts',(0.798668674965441,16.0645066900127,-2.13613139022127));
#2174=CARTESIAN_POINT('Ctrl Pts',(1.03982642571284,16.160797331162,-2.12272428088238));
#2175=CARTESIAN_POINT('Origin',(9.75,15.8291315620801,-6.60563311137379));
#2176=CARTESIAN_POINT('Origin',(1.,4.75,-1.10563311137378));
#2177=CARTESIAN_POINT('',(0.482233047033629,5.26776695296637,-15.3734000643401));
#2178=CARTESIAN_POINT('',(2.25,3.5,-11.1056331113738));
#2179=CARTESIAN_POINT('',(3.32662761939198,2.42337238060802,-8.5064241110122));
#2180=CARTESIAN_POINT('',(2.25,3.5,-2.10563311137379));
#2181=CARTESIAN_POINT('',(2.25,3.5,-1.10563311137378));
#2182=CARTESIAN_POINT('',(0.482233047033637,5.26776695296637,2.16213384159258));
#2183=CARTESIAN_POINT('',(1.79015363791617,3.95984636208383,-0.995465787423072));
#2184=CARTESIAN_POINT('',(-0.249999999999995,6.,2.89436688862622));
#2185=CARTESIAN_POINT('',(2.25,3.5,0.394366888626216));
#2186=CARTESIAN_POINT('',(-0.250000000000003,6.,-16.1056331113738));
#2187=CARTESIAN_POINT('',(-0.249999999999997,6.,-1.10563311137378));
#2188=CARTESIAN_POINT('',(3.25,2.5,-12.6056331113738));
#2189=CARTESIAN_POINT('Origin',(3.5,4.38388347648318,-13.239516587857));
#2190=CARTESIAN_POINT('',(9.01776695296637,5.26776695296637,-15.3734000643401));
#2191=CARTESIAN_POINT('',(3.5,5.26776695296637,-15.3734000643401));
#2192=CARTESIAN_POINT('',(7.25,3.5,-11.1056331113738));
#2193=CARTESIAN_POINT('',(7.70984636208383,3.95984636208383,-12.2158004353245));
#2194=CARTESIAN_POINT('',(3.5,3.5,-11.1056331113738));
#2195=CARTESIAN_POINT('Origin',(2.25,5.5,-15.6056331113738));
#2196=CARTESIAN_POINT('',(-0.250000000000003,6.09290941806353,-16.1985425294373));
#2197=CARTESIAN_POINT('',(-0.250000000000001,2.875,-12.9806331113738));
#2198=CARTESIAN_POINT('',(0.750529031276028,7.5,-17.6056331113738));
#2199=CARTESIAN_POINT('Origin',(1.75,6.09290941806353,-16.1985425294373));
#2200=CARTESIAN_POINT('',(8.74947096872397,7.5,-17.6056331113738));
#2201=CARTESIAN_POINT('',(2.25,7.5,-17.6056331113738));
#2202=CARTESIAN_POINT('',(9.75,6.09290941806353,-16.1985425294373));
#2203=CARTESIAN_POINT('Origin',(7.75,6.09290941806353,-16.1985425294373));
#2204=CARTESIAN_POINT('',(9.75,6.,-16.1056331113738));
#2205=CARTESIAN_POINT('',(9.74999999999999,8.375,-18.4806331113738));
#2206=CARTESIAN_POINT('',(7.25,3.5,-13.6056331113738));
#2207=CARTESIAN_POINT('Origin',(-0.249999999999995,15.,4.39436688862622));
#2208=CARTESIAN_POINT('',(-0.249999999999995,6.09290941806353,2.98727630668975));
#2209=CARTESIAN_POINT('',(-0.249999999999994,8.375,5.26936688862622));
#2210=CARTESIAN_POINT('',(-0.249999999999996,13.2319042495052,1.00422218684485));
#2211=CARTESIAN_POINT('',(-0.250000000000002,16.0685804672702,-13.4275227935466));
#2212=CARTESIAN_POINT('Origin',(8.5,4.75,-12.1056331113738));
#2213=CARTESIAN_POINT('',(9.01776695296638,5.26776695296637,2.16213384159258));
#2214=CARTESIAN_POINT('',(7.25000000000001,3.5,-2.10563311137379));
#2215=CARTESIAN_POINT('',(6.17337238060802,2.42337238060802,-4.70484211173537));
#2216=CARTESIAN_POINT('',(7.25,3.5,-12.1056331113738));
#2217=CARTESIAN_POINT('',(9.75000000000001,6.,2.89436688862621));
#2218=CARTESIAN_POINT('',(9.75,6.,-12.1056331113738));
#2219=CARTESIAN_POINT('',(6.25000000000001,2.5,-0.605633111373787));
#2220=CARTESIAN_POINT('Origin',(4.75,3.5,-6.60563311137378));
#2221=CARTESIAN_POINT('',(6.00000000000001,3.5,-2.10563311137379));
#2222=CARTESIAN_POINT('',(4.04,3.5,-5.52063311137379));
#2223=CARTESIAN_POINT('',(4.04,3.5,-4.02563311137379));
#2224=CARTESIAN_POINT('',(4.04,3.5,-5.52063311137379));
#2225=CARTESIAN_POINT('',(5.46,3.5,-4.02563311137379));
#2226=CARTESIAN_POINT('',(4.04,3.5,-4.02563311137379));
#2227=CARTESIAN_POINT('',(5.46,3.5,-5.52063311137379));
#2228=CARTESIAN_POINT('',(5.46,3.5,-4.02563311137379));
#2229=CARTESIAN_POINT('',(5.73,3.5,-5.52063311137379));
#2230=CARTESIAN_POINT('',(5.46,3.5,-5.52063311137379));
#2231=CARTESIAN_POINT('',(5.73,3.5,-7.69063311137379));
#2232=CARTESIAN_POINT('',(5.73,3.5,-5.52063311137379));
#2233=CARTESIAN_POINT('',(5.46,3.5,-7.69063311137379));
#2234=CARTESIAN_POINT('',(5.73,3.5,-7.69063311137379));
#2235=CARTESIAN_POINT('',(5.46,3.5,-9.18563311137379));
#2236=CARTESIAN_POINT('',(5.46,3.5,-7.69063311137379));
#2237=CARTESIAN_POINT('',(4.04,3.5,-9.18563311137378));
#2238=CARTESIAN_POINT('',(5.46,3.5,-9.18563311137379));
#2239=CARTESIAN_POINT('',(4.04,3.5,-7.69063311137379));
#2240=CARTESIAN_POINT('',(4.04,3.5,-9.18563311137378));
#2241=CARTESIAN_POINT('',(3.77,3.5,-7.69063311137379));
#2242=CARTESIAN_POINT('',(4.04,3.5,-7.69063311137379));
#2243=CARTESIAN_POINT('',(3.77,3.5,-5.52063311137379));
#2244=CARTESIAN_POINT('',(3.77,3.5,-7.69063311137379));
#2245=CARTESIAN_POINT('',(3.77,3.5,-5.52063311137379));
#2246=CARTESIAN_POINT('Origin',(6.00000000000001,4.38388347648318,0.0282503651093977));
#2247=CARTESIAN_POINT('',(6.00000000000001,5.26776695296637,2.16213384159258));
#2248=CARTESIAN_POINT('Ctrl Pts',(8.26323081755488,16.3292465293001,-12.4773340392771));
#2249=CARTESIAN_POINT('Ctrl Pts',(8.38447246914075,16.3016639413156,-12.470361297567));
#2250=CARTESIAN_POINT('Ctrl Pts',(8.61367208532188,16.2261118073767,-12.4481422843692));
#2251=CARTESIAN_POINT('Ctrl Pts',(8.87067173401329,16.0687763287887,-12.3527772323662));
#2252=CARTESIAN_POINT('Ctrl Pts',(8.99950487210228,15.9263626622178,-12.1734027257853));
#2253=CARTESIAN_POINT('Ctrl Pts',(9.00800021319494,15.8619977101426,-11.9404715921722));
#2254=CARTESIAN_POINT('Ctrl Pts',(8.91679848520539,15.8865513009822,-11.7487983498119));
#2255=CARTESIAN_POINT('Ctrl Pts',(8.71083378449967,15.9636918651221,-11.5626725913693));
#2256=CARTESIAN_POINT('Ctrl Pts',(8.49656830815078,16.0324275209609,-11.4891287622051));
#2257=CARTESIAN_POINT('Ctrl Pts',(8.31813885943196,16.0672571553006,-11.4566731152357));
#2258=CARTESIAN_POINT('Ctrl Pts',(8.29312650174115,16.4033559795097,-12.4960685414519));
#2259=CARTESIAN_POINT('Ctrl Pts',(8.42109901173092,16.3700512705946,-12.4914232034826));
#2260=CARTESIAN_POINT('Ctrl Pts',(8.66228690928705,16.2790263137183,-12.4743987065614));
#2261=CARTESIAN_POINT('Ctrl Pts',(8.93197092669786,16.0927301517253,-12.3782346580011));
#2262=CARTESIAN_POINT('Ctrl Pts',(9.06773577944038,15.9291051819539,-12.1853298643594));
#2263=CARTESIAN_POINT('Ctrl Pts',(9.07673119102616,15.8586157227395,-11.9322343084468));
#2264=CARTESIAN_POINT('Ctrl Pts',(8.98053258706131,15.8913915228502,-11.7223022143981));
#2265=CARTESIAN_POINT('Ctrl Pts',(8.7641756376937,15.9891266115329,-11.5185817922987));
#2266=CARTESIAN_POINT('Ctrl Pts',(8.53924435174376,16.076577110989,-11.4398894364906));
#2267=CARTESIAN_POINT('Ctrl Pts',(8.35105237735553,16.1214061700342,-11.4062148965592));
#2268=CARTESIAN_POINT('Ctrl Pts',(8.34531973213703,16.5215430619631,-12.5730670156256));
#2269=CARTESIAN_POINT('Ctrl Pts',(8.48504568885939,16.4768194026483,-12.5694267319045));
#2270=CARTESIAN_POINT('Ctrl Pts',(8.74721401393793,16.3554526079481,-12.5539639654029));
#2271=CARTESIAN_POINT('Ctrl Pts',(9.03912258180926,16.1131555146899,-12.4461474645343));
#2272=CARTESIAN_POINT('Ctrl Pts',(9.18699893878074,15.905506485829,-12.2204502126999));
#2273=CARTESIAN_POINT('Ctrl Pts',(9.19686658314336,15.820761117515,-11.9198168995579));
#2274=CARTESIAN_POINT('Ctrl Pts',(9.09194114704241,15.8693472639674,-11.6682324432429));
#2275=CARTESIAN_POINT('Ctrl Pts',(8.85739117478029,16.0039474599686,-11.4224996122006));
#2276=CARTESIAN_POINT('Ctrl Pts',(8.61376961973479,16.1236016151297,-11.3267638936308));
#2277=CARTESIAN_POINT('Ctrl Pts',(8.40852130750905,16.1856451650384,-11.2855866122797));
#2278=CARTESIAN_POINT('Ctrl Pts',(8.3809168671658,16.5826762244402,-12.702614684296));
#2279=CARTESIAN_POINT('Ctrl Pts',(8.5295150160209,16.5294779514127,-12.6958106797419));
#2280=CARTESIAN_POINT('Ctrl Pts',(8.80943664371554,16.3846304363802,-12.6717672494224));
#2281=CARTESIAN_POINT('Ctrl Pts',(9.12223681970812,16.0915569595817,-12.5404349010224));
#2282=CARTESIAN_POINT('Ctrl Pts',(9.27982595385252,15.8371918577486,-12.2729943563141));
#2283=CARTESIAN_POINT('Ctrl Pts',(9.29027772007016,15.735349855295,-11.9142030603664));
#2284=CARTESIAN_POINT('Ctrl Pts',(9.17859191648763,15.7984960936975,-11.6128764255421));
#2285=CARTESIAN_POINT('Ctrl Pts',(8.92760124397058,15.9635515018616,-11.3169077256336));
#2286=CARTESIAN_POINT('Ctrl Pts',(8.66667035993991,16.1050799453837,-11.1981833014155));
#2287=CARTESIAN_POINT('Ctrl Pts',(8.44817383424083,16.1772494352642,-11.1457795921528));
#2288=CARTESIAN_POINT('Ctrl Pts',(8.39153852194361,16.595719656589,-12.7618310704766));
#2289=CARTESIAN_POINT('Ctrl Pts',(8.54309058642593,16.539971495431,-12.753357900386));
#2290=CARTESIAN_POINT('Ctrl Pts',(8.82959010665234,16.387618266339,-12.7248881263783));
#2291=CARTESIAN_POINT('Ctrl Pts',(9.1508396675166,16.0754453439208,-12.5826805374498));
#2292=CARTESIAN_POINT('Ctrl Pts',(9.31188109012785,15.8019662345447,-12.2970233788759));
#2293=CARTESIAN_POINT('Ctrl Pts',(9.32250026649367,15.6928356586018,-11.9132075200484));
#2294=CARTESIAN_POINT('Ctrl Pts',(9.20849810650673,15.7615244842383,-11.5906445547545));
#2295=CARTESIAN_POINT('Ctrl Pts',(8.95104223062458,15.9376705791649,-11.2734991666743));
#2296=CARTESIAN_POINT('Ctrl Pts',(8.68321038518847,16.0860207291151,-11.1454128016184));
#2297=CARTESIAN_POINT('Ctrl Pts',(8.46017357428995,16.1607973311611,-11.0885419418659));
#2298=CARTESIAN_POINT('',(8.31813885943196,16.0672571553006,-11.4566731152357));
#2299=CARTESIAN_POINT('',(8.46017357429002,16.1607973311609,-11.0885419418655));
#2300=CARTESIAN_POINT('Origin',(8.31813885943196,15.7945634958458,-11.1640331178103));
#2301=CARTESIAN_POINT('',(8.39153852194736,16.5957196565951,-12.7618310705031));
#2302=CARTESIAN_POINT('Ctrl Pts',(8.46017357428995,16.1607973311611,-11.0885419418659));
#2303=CARTESIAN_POINT('Ctrl Pts',(8.68321038518847,16.0860207291151,-11.1454128016184));
#2304=CARTESIAN_POINT('Ctrl Pts',(8.95104223062458,15.9376705791649,-11.2734991666743));
#2305=CARTESIAN_POINT('Ctrl Pts',(9.20849810650673,15.7615244842383,-11.5906445547545));
#2306=CARTESIAN_POINT('Ctrl Pts',(9.32250026649367,15.6928356586018,-11.9132075200484));
#2307=CARTESIAN_POINT('Ctrl Pts',(9.31188109012785,15.8019662345447,-12.2970233788759));
#2308=CARTESIAN_POINT('Ctrl Pts',(9.1508396675166,16.0754453439208,-12.5826805374498));
#2309=CARTESIAN_POINT('Ctrl Pts',(8.82959010665234,16.387618266339,-12.7248881263783));
#2310=CARTESIAN_POINT('Ctrl Pts',(8.54309058642593,16.539971495431,-12.753357900386));
#2311=CARTESIAN_POINT('Ctrl Pts',(8.39153852194361,16.595719656589,-12.7618310704766));
#2312=CARTESIAN_POINT('',(8.26323081743455,16.329246529328,-12.4773340392841));
#2313=CARTESIAN_POINT('Origin',(8.26323081755488,16.2312124525117,-12.8651346578792));
#2314=CARTESIAN_POINT('Ctrl Pts',(8.26323081755488,16.3292465293001,-12.4773340392771));
#2315=CARTESIAN_POINT('Ctrl Pts',(8.38447246914075,16.3016639413156,-12.470361297567));
#2316=CARTESIAN_POINT('Ctrl Pts',(8.61367208532188,16.2261118073767,-12.4481422843692));
#2317=CARTESIAN_POINT('Ctrl Pts',(8.87067173401329,16.0687763287887,-12.3527772323662));
#2318=CARTESIAN_POINT('Ctrl Pts',(8.99950487210228,15.9263626622178,-12.1734027257853));
#2319=CARTESIAN_POINT('Ctrl Pts',(9.00800021319494,15.8619977101426,-11.9404715921722));
#2320=CARTESIAN_POINT('Ctrl Pts',(8.91679848520539,15.8865513009822,-11.7487983498119));
#2321=CARTESIAN_POINT('Ctrl Pts',(8.71083378449967,15.9636918651221,-11.5626725913693));
#2322=CARTESIAN_POINT('Ctrl Pts',(8.49656830815078,16.0324275209609,-11.4891287622051));
#2323=CARTESIAN_POINT('Ctrl Pts',(8.31813885943196,16.0672571553006,-11.4566731152357));
#2324=CARTESIAN_POINT('Origin',(8.31813885943183,15.7945634958456,-11.1640331178094));
#2325=CARTESIAN_POINT('',(8.31813885943183,15.8822214776155,-10.7737561927523));
#2326=CARTESIAN_POINT('Origin',(8.31813885943183,15.7945634958456,-11.1640331178094));
#2327=CARTESIAN_POINT('Origin',(8.31813885943183,15.7945634958456,-11.1640331178094));
#2328=CARTESIAN_POINT('Origin',(9.75,15.7945634958465,-11.1640331178096));
#2329=CARTESIAN_POINT('',(1.18186114056971,16.067257155301,-11.4566731152353));
#2330=CARTESIAN_POINT('',(1.18186114056971,15.882221477616,-10.7737561927524));
#2331=CARTESIAN_POINT('Origin',(1.18186114056971,15.7945634958465,-11.1640331178096));
#2332=CARTESIAN_POINT('',(9.75,15.8822214776161,-10.7737561927524));
#2333=CARTESIAN_POINT('',(9.75,16.067257155301,-11.4566731152353));
#2334=CARTESIAN_POINT('Ctrl Pts',(1.18186114056803,16.0672571553006,-11.4566731152357));
#2335=CARTESIAN_POINT('Ctrl Pts',(1.00343169184918,16.0324275209608,-11.4891287622051));
#2336=CARTESIAN_POINT('Ctrl Pts',(0.789174248529039,15.9636455321565,-11.5625535525559));
#2337=CARTESIAN_POINT('Ctrl Pts',(0.583156945983936,15.886493460987,-11.7486416865147));
#2338=CARTESIAN_POINT('Ctrl Pts',(0.49207468927254,15.8619158963058,-11.9403376656399));
#2339=CARTESIAN_POINT('Ctrl Pts',(0.500645870146852,15.9262298309566,-12.1733398889001));
#2340=CARTESIAN_POINT('Ctrl Pts',(0.629520816097095,16.0684939685867,-12.3525459021974));
#2341=CARTESIAN_POINT('Ctrl Pts',(0.822106962640026,16.186688371336,-12.4242126415428));
#2342=CARTESIAN_POINT('Ctrl Pts',(1.02976252675074,16.2731167316665,-12.4618114242807));
#2343=CARTESIAN_POINT('Ctrl Pts',(1.14583794375613,16.3085595883119,-12.4721044829946));
#2344=CARTESIAN_POINT('Ctrl Pts',(1.23676918244556,16.3292465293002,-12.4773340392771));
#2345=CARTESIAN_POINT('Ctrl Pts',(1.14894762264446,16.1214061700342,-11.4062148965592));
#2346=CARTESIAN_POINT('Ctrl Pts',(0.960755648256197,16.076577110989,-11.4398894364906));
#2347=CARTESIAN_POINT('Ctrl Pts',(0.735830449535532,15.9890705176138,-11.5184299076651));
#2348=CARTESIAN_POINT('Ctrl Pts',(0.519420794932659,15.8913171582084,-11.7221234618438));
#2349=CARTESIAN_POINT('Ctrl Pts',(0.423341137027353,15.8585204918177,-11.932037330523));
#2350=CARTESIAN_POINT('Ctrl Pts',(0.43241219682515,15.9289701684313,-12.1852212599178));
#2351=CARTESIAN_POINT('Ctrl Pts',(0.568215255038232,16.0924133242948,-12.3778981765357));
#2352=CARTESIAN_POINT('Ctrl Pts',(0.770320626153444,16.232350723513,-12.450254252545));
#2353=CARTESIAN_POINT('Ctrl Pts',(0.988631508541035,16.3356808702993,-12.4847301697877));
#2354=CARTESIAN_POINT('Ctrl Pts',(1.11089411576696,16.3783774478236,-12.4925845379749));
#2355=CARTESIAN_POINT('Ctrl Pts',(1.20687349825932,16.4033559795099,-12.4960685414519));
#2356=CARTESIAN_POINT('Ctrl Pts',(1.09147749147055,16.1856501443357,-11.2855879941243));
#2357=CARTESIAN_POINT('Ctrl Pts',(0.886229179244766,16.123606594427,-11.3267652754754));
#2358=CARTESIAN_POINT('Ctrl Pts',(0.642610232971713,16.0038790944922,-11.4223132221102));
#2359=CARTESIAN_POINT('Ctrl Pts',(0.408007312290356,15.8692485610335,-11.6679970888092));
#2360=CARTESIAN_POINT('Ctrl Pts',(0.303200075956142,15.8206549656877,-11.9195930839839));
#2361=CARTESIAN_POINT('Ctrl Pts',(0.313143366010379,15.9053523720452,-12.2203322548544));
#2362=CARTESIAN_POINT('Ctrl Pts',(0.461051923634715,16.1127884237612,-12.445768453743));
#2363=CARTESIAN_POINT('Ctrl Pts',(0.679835786526308,16.2947529877321,-12.526852883858));
#2364=CARTESIAN_POINT('Ctrl Pts',(0.91680118141466,16.4310387576909,-12.5632792574023));
#2365=CARTESIAN_POINT('Ctrl Pts',(1.04988465344402,16.4880042913271,-12.5703330482915));
#2366=CARTESIAN_POINT('Ctrl Pts',(1.15467912098584,16.5215470358131,-12.5730632610823));
#2367=CARTESIAN_POINT('Ctrl Pts',(1.05182616575916,16.1772494352642,-11.1457795921528));
#2368=CARTESIAN_POINT('Ctrl Pts',(0.83332964006004,16.1050799453837,-11.1981833014155));
#2369=CARTESIAN_POINT('Ctrl Pts',(0.572405352081357,15.9634757173363,-11.3167147859032));
#2370=CARTESIAN_POINT('Ctrl Pts',(0.321354014206741,15.7983947976249,-11.6126242465));
#2371=CARTESIAN_POINT('Ctrl Pts',(0.209805088772666,15.7352190350297,-11.9139850046606));
#2372=CARTESIAN_POINT('Ctrl Pts',(0.220343653779505,15.8369686625247,-12.2728943053718));
#2373=CARTESIAN_POINT('Ctrl Pts',(0.377976287327631,16.0910761529303,-12.5400670720158));
#2374=CARTESIAN_POINT('Ctrl Pts',(0.612396110469679,16.3112038204813,-12.6387905780912));
#2375=CARTESIAN_POINT('Ctrl Pts',(0.865714927420389,16.4748003452388,-12.6864464854893));
#2376=CARTESIAN_POINT('Ctrl Pts',(1.00763452119338,16.5427775196698,-12.6975116808805));
#2377=CARTESIAN_POINT('Ctrl Pts',(1.11908313283474,16.5826762244404,-12.702614684296));
#2378=CARTESIAN_POINT('Ctrl Pts',(1.03982642571004,16.1607973311611,-11.0885419418659));
#2379=CARTESIAN_POINT('Ctrl Pts',(0.816789614811478,16.0860207291151,-11.1454128016184));
#2380=CARTESIAN_POINT('Ctrl Pts',(0.548967810661298,15.937587968767,-11.2733050401713));
#2381=CARTESIAN_POINT('Ctrl Pts',(0.291446182479922,15.7614208973151,-11.5903870891714));
#2382=CARTESIAN_POINT('Ctrl Pts',(0.177593361590677,15.6926838151129,-11.9129938747723));
#2383=CARTESIAN_POINT('Ctrl Pts',(0.188307337683565,15.8017043238796,-12.2969323500839));
#2384=CARTESIAN_POINT('Ctrl Pts',(0.349401020121368,16.0748958418848,-12.5823207312832));
#2385=CARTESIAN_POINT('Ctrl Pts',(0.590133703300034,16.3094020331243,-12.6891994053889));
#2386=CARTESIAN_POINT('Ctrl Pts',(0.849703158438428,16.4824246090753,-12.7423360551048));
#2387=CARTESIAN_POINT('Ctrl Pts',(0.994797429695166,16.5539085357207,-12.7554761929087));
#2388=CARTESIAN_POINT('Ctrl Pts',(1.10846147805695,16.5957196565892,-12.7618310704766));
#2389=CARTESIAN_POINT('',(1.23676918244556,16.3292465293002,-12.4773340392771));
#2390=CARTESIAN_POINT('Origin',(1.23676918244556,16.2312124525118,-12.8651346578793));
#2391=CARTESIAN_POINT('Origin',(1.18186114056803,15.7945634958458,-11.1640331178103));
#2392=CARTESIAN_POINT('Ctrl Pts',(1.18186114056803,16.0672571553006,-11.4566731152357));
#2393=CARTESIAN_POINT('Ctrl Pts',(1.00343169184918,16.0324275209608,-11.4891287622051));
#2394=CARTESIAN_POINT('Ctrl Pts',(0.789174248529039,15.9636455321565,-11.5625535525559));
#2395=CARTESIAN_POINT('Ctrl Pts',(0.583156945983936,15.886493460987,-11.7486416865147));
#2396=CARTESIAN_POINT('Ctrl Pts',(0.49207468927254,15.8619158963058,-11.9403376656399));
#2397=CARTESIAN_POINT('Ctrl Pts',(0.500645870146852,15.9262298309566,-12.1733398889001));
#2398=CARTESIAN_POINT('Ctrl Pts',(0.629520816097095,16.0684939685867,-12.3525459021974));
#2399=CARTESIAN_POINT('Ctrl Pts',(0.822106962640026,16.186688371336,-12.4242126415428));
#2400=CARTESIAN_POINT('Ctrl Pts',(1.02976252675074,16.2731167316665,-12.4618114242807));
#2401=CARTESIAN_POINT('Ctrl Pts',(1.14583794375613,16.3085595883119,-12.4721044829946));
#2402=CARTESIAN_POINT('Ctrl Pts',(1.23676918244556,16.3292465293002,-12.4773340392771));
#2403=CARTESIAN_POINT('Origin',(1.2367691824566,16.2312124525293,-12.8651346579272));
#2404=CARTESIAN_POINT('',(1.2367691824566,16.5437451858572,-13.1147809889609));
#2405=CARTESIAN_POINT('Origin',(1.2367691824566,16.2312124525293,-12.8651346579272));
#2406=CARTESIAN_POINT('Origin',(1.2367691824566,16.2312124525293,-12.8651346579272));
#2407=CARTESIAN_POINT('Origin',(1.1818611405698,15.7945634958463,-11.1640331178096));
#2408=CARTESIAN_POINT('Origin',(1.1818611405698,15.7945634958463,-11.1640331178096));
#2409=CARTESIAN_POINT('Origin',(9.75,16.2312124525582,-12.865134657891));
#2410=CARTESIAN_POINT('',(8.26323081743455,16.5437451858723,-13.1147809889419));
#2411=CARTESIAN_POINT('Origin',(8.26323081743455,16.2312124525582,-12.865134657891));
#2412=CARTESIAN_POINT('',(9.75,16.5437451858725,-13.1147809889417));
#2413=CARTESIAN_POINT('',(9.75,16.329246529328,-12.4773340392841));
#2414=CARTESIAN_POINT('Origin',(8.26323081743421,16.2312124525577,-12.8651346578917));
#2415=CARTESIAN_POINT('Origin',(8.26323081743421,16.2312124525577,-12.8651346578917));
#2416=CARTESIAN_POINT('Ctrl Pts',(8.31813885943183,15.8822214776155,-10.7737561927523));
#2417=CARTESIAN_POINT('Ctrl Pts',(8.51107562940624,15.8279042970541,-10.7615563056523));
#2418=CARTESIAN_POINT('Ctrl Pts',(8.77322610089518,15.7016143088523,-10.7261359713018));
#2419=CARTESIAN_POINT('Ctrl Pts',(9.03360047359701,15.4710793202065,-10.574355221693));
#2420=CARTESIAN_POINT('Ctrl Pts',(9.16043772522644,15.2862285265057,-10.3603045292849));
#2421=CARTESIAN_POINT('Ctrl Pts',(9.20369556871656,15.1599563651612,-10.0151081552726));
#2422=CARTESIAN_POINT('Ctrl Pts',(9.15273307443986,15.1909850454514,-9.60465025084426));
#2423=CARTESIAN_POINT('Ctrl Pts',(8.89263444320935,15.4158014519352,-9.25350614046456));
#2424=CARTESIAN_POINT('Ctrl Pts',(8.37713567151717,15.6447444416766,-9.1019823404402));
#2425=CARTESIAN_POINT('Ctrl Pts',(7.95901236324158,15.699327464929,-9.07984797664855));
#2426=CARTESIAN_POINT('Ctrl Pts',(7.75,15.699327464929,-9.07984797664855));
#2427=CARTESIAN_POINT('Ctrl Pts',(8.352603338028,15.9629030625043,-10.7918776456061));
#2428=CARTESIAN_POINT('Ctrl Pts',(8.55672503854529,15.9000613071699,-10.7830626961007));
#2429=CARTESIAN_POINT('Ctrl Pts',(8.832850647315,15.7546025219181,-10.7530498739858));
#2430=CARTESIAN_POINT('Ctrl Pts',(9.1076923820696,15.495149474929,-10.5984657125747));
#2431=CARTESIAN_POINT('Ctrl Pts',(9.24313299641191,15.292218752055,-10.3745202686977));
#2432=CARTESIAN_POINT('Ctrl Pts',(9.29046659447708,15.1580816639271,-10.0145901172382));
#2433=CARTESIAN_POINT('Ctrl Pts',(9.23436932143268,15.1929173759008,-9.58533645049208));
#2434=CARTESIAN_POINT('Ctrl Pts',(8.9583680574808,15.4480821419046,-9.21259007236368));
#2435=CARTESIAN_POINT('Ctrl Pts',(8.41590571486246,15.7185290016529,-9.05963314937093));
#2436=CARTESIAN_POINT('Ctrl Pts',(7.97202483997327,15.7842974628041,-9.04025522829475));
#2437=CARTESIAN_POINT('Ctrl Pts',(7.75,15.7842974628041,-9.04025522829475));
#2438=CARTESIAN_POINT('Ctrl Pts',(8.41271342931561,16.0916236151674,-10.8769000855678));
#2439=CARTESIAN_POINT('Ctrl Pts',(8.63633685788251,16.011450369102,-10.8697605811298));
#2440=CARTESIAN_POINT('Ctrl Pts',(8.93691713452749,15.8278161032123,-10.8416369521975));
#2441=CARTESIAN_POINT('Ctrl Pts',(9.23701626894166,15.5078421639286,-10.6735050089683));
#2442=CARTESIAN_POINT('Ctrl Pts',(9.38737330971372,15.2612848535101,-10.424266685099));
#2443=CARTESIAN_POINT('Ctrl Pts',(9.44168635085894,15.1023169855798,-10.020363775261));
#2444=CARTESIAN_POINT('Ctrl Pts',(9.37678020734766,15.1514867198843,-9.53560336283708));
#2445=CARTESIAN_POINT('Ctrl Pts',(9.07307491270649,15.4730579983073,-9.11162702357438));
#2446=CARTESIAN_POINT('Ctrl Pts',(8.48337575180763,15.819924262572,-8.93804931573938));
#2447=CARTESIAN_POINT('Ctrl Pts',(7.99463758468446,15.9069897527046,-8.91672329318942));
#2448=CARTESIAN_POINT('Ctrl Pts',(7.75,15.9069897527046,-8.91672329318942));
#2449=CARTESIAN_POINT('Ctrl Pts',(8.45022748394827,16.1511040682416,-11.0228032525519));
#2450=CARTESIAN_POINT('Ctrl Pts',(8.68733718150936,16.0584058741482,-11.0115397451588));
#2451=CARTESIAN_POINT('Ctrl Pts',(9.0078856870819,15.844729778127,-10.9746304036153));
#2452=CARTESIAN_POINT('Ctrl Pts',(9.32702038202287,15.465269419149,-10.7829338300679));
#2453=CARTESIAN_POINT('Ctrl Pts',(9.48456009876088,15.168331153062,-10.5006320680638));
#2454=CARTESIAN_POINT('Ctrl Pts',(9.53978945496205,14.9758589595155,-10.0358957169857));
#2455=CARTESIAN_POINT('Ctrl Pts',(9.4742724505952,15.0446155486532,-9.4751075152018));
#2456=CARTESIAN_POINT('Ctrl Pts',(9.15353754898321,15.4363756682787,-8.98868043196517));
#2457=CARTESIAN_POINT('Ctrl Pts',(8.52389193331939,15.8376863706405,-8.77908516827965));
#2458=CARTESIAN_POINT('Ctrl Pts',(8.008027790128,15.9352681328918,-8.74907612826508));
#2459=CARTESIAN_POINT('Ctrl Pts',(7.75,15.9352681328918,-8.74907612826508));
#2460=CARTESIAN_POINT('Ctrl Pts',(8.46017357428978,16.1607973311609,-11.088541941865));
#2461=CARTESIAN_POINT('Ctrl Pts',(8.70134453675779,16.0645014147711,-11.0751340980235));
#2462=CARTESIAN_POINT('Ctrl Pts',(9.02903262611897,15.8411523243702,-11.033760622921));
#2463=CARTESIAN_POINT('Ctrl Pts',(9.35450059199625,15.4388977349382,-10.8313387665854));
#2464=CARTESIAN_POINT('Ctrl Pts',(9.51304715653304,15.1215806238939,-10.5345398085681));
#2465=CARTESIAN_POINT('Ctrl Pts',(9.56711946089569,14.9152844784175,-10.0435209980817));
#2466=CARTESIAN_POINT('Ctrl Pts',(9.50341634304983,14.9917436353546,-9.45010547878445));
#2467=CARTESIAN_POINT('Ctrl Pts',(9.17829305401169,15.4112102946345,-8.93702830481559));
#2468=CARTESIAN_POINT('Ctrl Pts',(8.53391958939648,15.8293678240863,-8.71256267835783));
#2469=CARTESIAN_POINT('Ctrl Pts',(8.01126545405199,15.928556391972,-8.6790910330255));
#2470=CARTESIAN_POINT('Ctrl Pts',(7.75,15.928556391972,-8.6790910330255));
#2471=CARTESIAN_POINT('',(7.75,15.699327464929,-9.07984797664855));
#2472=CARTESIAN_POINT('Ctrl Pts',(8.31813885943183,15.8822214776155,-10.7737561927523));
#2473=CARTESIAN_POINT('Ctrl Pts',(8.51107562940624,15.8279042970541,-10.7615563056523));
#2474=CARTESIAN_POINT('Ctrl Pts',(8.77322610089518,15.7016143088523,-10.7261359713018));
#2475=CARTESIAN_POINT('Ctrl Pts',(9.03360047359701,15.4710793202065,-10.574355221693));
#2476=CARTESIAN_POINT('Ctrl Pts',(9.16043772522644,15.2862285265057,-10.3603045292849));
#2477=CARTESIAN_POINT('Ctrl Pts',(9.20369556871656,15.1599563651612,-10.0151081552726));
#2478=CARTESIAN_POINT('Ctrl Pts',(9.15273307443986,15.1909850454514,-9.60465025084426));
#2479=CARTESIAN_POINT('Ctrl Pts',(8.89263444320935,15.4158014519352,-9.25350614046456));
#2480=CARTESIAN_POINT('Ctrl Pts',(8.37713567151717,15.6447444416766,-9.1019823404402));
#2481=CARTESIAN_POINT('Ctrl Pts',(7.95901236324158,15.699327464929,-9.07984797664855));
#2482=CARTESIAN_POINT('Ctrl Pts',(7.75,15.699327464929,-9.07984797664855));
#2483=CARTESIAN_POINT('',(7.75,15.928556391972,-8.6790910330255));
#2484=CARTESIAN_POINT('Origin',(7.75,15.5303832552986,-8.71727680565956));
#2485=CARTESIAN_POINT('Ctrl Pts',(7.75,15.928556391972,-8.6790910330255));
#2486=CARTESIAN_POINT('Ctrl Pts',(8.01126545405199,15.928556391972,-8.6790910330255));
#2487=CARTESIAN_POINT('Ctrl Pts',(8.53391958939648,15.8293678240863,-8.71256267835783));
#2488=CARTESIAN_POINT('Ctrl Pts',(9.17829305401169,15.4112102946345,-8.93702830481559));
#2489=CARTESIAN_POINT('Ctrl Pts',(9.50341634304983,14.9917436353546,-9.45010547878445));
#2490=CARTESIAN_POINT('Ctrl Pts',(9.56711946089569,14.9152844784175,-10.0435209980817));
#2491=CARTESIAN_POINT('Ctrl Pts',(9.51304715653304,15.1215806238939,-10.5345398085681));
#2492=CARTESIAN_POINT('Ctrl Pts',(9.35450059199625,15.4388977349382,-10.8313387665854));
#2493=CARTESIAN_POINT('Ctrl Pts',(9.02903262611897,15.8411523243702,-11.033760622921));
#2494=CARTESIAN_POINT('Ctrl Pts',(8.70134453675779,16.0645014147711,-11.0751340980235));
#2495=CARTESIAN_POINT('Ctrl Pts',(8.46017357428978,16.1607973311609,-11.088541941865));
#2496=CARTESIAN_POINT('Origin',(9.75,16.0794519365976,-9.89563311137379));
#2497=CARTESIAN_POINT('',(1.75,15.699327464929,-9.07984797664855));
#2498=CARTESIAN_POINT('Ctrl Pts',(1.75,15.699327464929,-9.07984797664855));
#2499=CARTESIAN_POINT('Ctrl Pts',(1.54098776802091,15.699327464929,-9.07984797664855));
#2500=CARTESIAN_POINT('Ctrl Pts',(1.12280152033533,15.6447156831165,-9.10199692149398));
#2501=CARTESIAN_POINT('Ctrl Pts',(0.607337585777296,15.4157726877485,-9.25351141767719));
#2502=CARTESIAN_POINT('Ctrl Pts',(0.347224350724024,15.1909341761014,-9.60467782084899));
#2503=CARTESIAN_POINT('Ctrl Pts',(0.29627236116456,15.1599305679986,-10.0151386271201));
#2504=CARTESIAN_POINT('Ctrl Pts',(0.33953184542653,15.2862110563267,-10.3603205678367));
#2505=CARTESIAN_POINT('Ctrl Pts',(0.466378360545066,15.4710649284964,-10.5743613561134));
#2506=CARTESIAN_POINT('Ctrl Pts',(0.726750506518113,15.7015955814912,-10.7261320366527));
#2507=CARTESIAN_POINT('Ctrl Pts',(0.988935501275321,15.8279074306572,-10.7615570094739));
#2508=CARTESIAN_POINT('Ctrl Pts',(1.1818611405698,15.8822214776159,-10.7737561927524));
#2509=CARTESIAN_POINT('Ctrl Pts',(7.75,15.699327464929,-9.07984797664855));
#2510=CARTESIAN_POINT('Ctrl Pts',(5.75,15.699327464929,-9.07984797664855));
#2511=CARTESIAN_POINT('Ctrl Pts',(3.75,15.699327464929,-9.07984797664855));
#2512=CARTESIAN_POINT('Ctrl Pts',(1.75,15.699327464929,-9.07984797664855));
#2513=CARTESIAN_POINT('Ctrl Pts',(1.75,15.699327464929,-9.07984797664855));
#2514=CARTESIAN_POINT('Ctrl Pts',(1.54098776802091,15.699327464929,-9.07984797664855));
#2515=CARTESIAN_POINT('Ctrl Pts',(1.12280152033533,15.6447156831165,-9.10199692149398));
#2516=CARTESIAN_POINT('Ctrl Pts',(0.607337585777296,15.4157726877485,-9.25351141767719));
#2517=CARTESIAN_POINT('Ctrl Pts',(0.347224350724024,15.1909341761014,-9.60467782084899));
#2518=CARTESIAN_POINT('Ctrl Pts',(0.29627236116456,15.1599305679986,-10.0151386271201));
#2519=CARTESIAN_POINT('Ctrl Pts',(0.33953184542653,15.2862110563267,-10.3603205678367));
#2520=CARTESIAN_POINT('Ctrl Pts',(0.466378360545066,15.4710649284964,-10.5743613561134));
#2521=CARTESIAN_POINT('Ctrl Pts',(0.726750506518113,15.7015955814912,-10.7261320366527));
#2522=CARTESIAN_POINT('Ctrl Pts',(0.988935501275321,15.8279074306572,-10.7615570094739));
#2523=CARTESIAN_POINT('Ctrl Pts',(1.1818611405698,15.8822214776159,-10.7737561927524));
#2524=CARTESIAN_POINT('Ctrl Pts',(1.75,15.7842974628041,-9.04025522829475));
#2525=CARTESIAN_POINT('Ctrl Pts',(1.52797529946123,15.7842974628041,-9.04025522829475));
#2526=CARTESIAN_POINT('Ctrl Pts',(1.08402962967439,15.7184966407315,-9.05965005254371));
#2527=CARTESIAN_POINT('Ctrl Pts',(0.54160512019916,15.4480486068014,-9.21259788145156));
#2528=CARTESIAN_POINT('Ctrl Pts',(0.265589719549152,15.1928575882898,-9.58536882254329));
#2529=CARTESIAN_POINT('Ctrl Pts',(0.209503736742733,15.1580480794285,-10.0146238997269));
#2530=CARTESIAN_POINT('Ctrl Pts',(0.256839394190501,15.2921938673466,-10.3745389693494));
#2531=CARTESIAN_POINT('Ctrl Pts',(0.392289025900921,15.4951293965195,-10.5984737726988));
#2532=CARTESIAN_POINT('Ctrl Pts',(0.667127633337989,15.7545786169733,-10.7530469976684));
#2533=CARTESIAN_POINT('Ctrl Pts',(0.94328673740414,15.9000649325629,-10.7830632046425));
#2534=CARTESIAN_POINT('Ctrl Pts',(1.14739666197372,15.9629030625048,-10.7918776456062));
#2535=CARTESIAN_POINT('Ctrl Pts',(1.75,15.9069991967566,-8.91672785789314));
#2536=CARTESIAN_POINT('Ctrl Pts',(1.50536256895113,15.9069991967566,-8.91672785789314));
#2537=CARTESIAN_POINT('Ctrl Pts',(1.01654969358708,15.8198929420876,-8.93807381485175));
#2538=CARTESIAN_POINT('Ctrl Pts',(0.426892584017029,15.473025951706,-9.11164002083451));
#2539=CARTESIAN_POINT('Ctrl Pts',(0.123170215314115,15.1514231973225,-9.53564407462579));
#2540=CARTESIAN_POINT('Ctrl Pts',(0.0582775082262277,15.1022849229193,-10.0204027731548));
#2541=CARTESIAN_POINT('Ctrl Pts',(0.112593399216544,15.2612627834226,-10.4242870124725));
#2542=CARTESIAN_POINT('Ctrl Pts',(0.262960286956013,15.5078256420265,-10.6735126411166));
#2543=CARTESIAN_POINT('Ctrl Pts',(0.563056142742317,15.8277940775549,-10.8416313295989));
#2544=CARTESIAN_POINT('Ctrl Pts',(0.863673984538791,16.0114613434878,-10.8697552637653));
#2545=CARTESIAN_POINT('Ctrl Pts',(1.08728451208736,16.0916299642928,-10.8768943563195));
#2546=CARTESIAN_POINT('Ctrl Pts',(1.75,15.9352681328918,-8.74907612826508));
#2547=CARTESIAN_POINT('Ctrl Pts',(1.49197237191683,15.9352681328918,-8.74907612826508));
#2548=CARTESIAN_POINT('Ctrl Pts',(0.976032394649031,15.8376410119131,-8.77910636886473));
#2549=CARTESIAN_POINT('Ctrl Pts',(0.346430826080386,15.4363315839785,-8.98868884798891));
#2550=CARTESIAN_POINT('Ctrl Pts',(0.0256792755343926,15.044535825499,-9.47514722206162));
#2551=CARTESIAN_POINT('Ctrl Pts',(-0.039824454476403,14.9758191966077,-10.0359378383012));
#2552=CARTESIAN_POINT('Ctrl Pts',(0.0154073954731361,15.1683053265821,-10.5006538468353));
#2553=CARTESIAN_POINT('Ctrl Pts',(0.172957634251126,15.4652488512214,-10.7829419528817));
#2554=CARTESIAN_POINT('Ctrl Pts',(0.492088775086808,15.8447017354266,-10.9746251091544));
#2555=CARTESIAN_POINT('Ctrl Pts',(0.812676497544858,16.0584112219839,-11.0115403949599));
#2556=CARTESIAN_POINT('Ctrl Pts',(1.04977251605373,16.1511040682423,-11.022803252552));
#2557=CARTESIAN_POINT('Ctrl Pts',(1.75,15.928556391972,-8.67909103302549));
#2558=CARTESIAN_POINT('Ctrl Pts',(1.48873471002613,15.928556391972,-8.67909103302549));
#2559=CARTESIAN_POINT('Ctrl Pts',(0.966001900419174,15.8293157261479,-8.71258405652476));
#2560=CARTESIAN_POINT('Ctrl Pts',(0.321671982221617,15.4111586090615,-8.93703605692986));
#2561=CARTESIAN_POINT('Ctrl Pts',(-0.00346956159496551,14.991651320337,
-9.45014570132891));
#2562=CARTESIAN_POINT('Ctrl Pts',(-0.0671595485442994,14.915236579513,-10.0435647896233));
#2563=CARTESIAN_POINT('Ctrl Pts',(-0.0130851932168386,15.1215481887657,
-10.5345622101704));
#2564=CARTESIAN_POINT('Ctrl Pts',(0.145472950681331,15.43887138713,-10.8313468372363));
#2565=CARTESIAN_POINT('Ctrl Pts',(0.470938133147647,15.8411188665695,-11.0337547405541));
#2566=CARTESIAN_POINT('Ctrl Pts',(0.798669376594157,16.0645069701624,-11.0751348715332));
#2567=CARTESIAN_POINT('Ctrl Pts',(1.03982642571225,16.1607973311618,-11.0885419418652));
#2568=CARTESIAN_POINT('Origin',(1.75,15.5303832552986,-8.71727680565956));
#2569=CARTESIAN_POINT('Origin',(9.75,16.4762976444828,-11.8956331113738));
#2570=CARTESIAN_POINT('Ctrl Pts',(1.2367691824566,16.5437451858572,-13.1147809889609));
#2571=CARTESIAN_POINT('Ctrl Pts',(1.14759891490382,16.5314796610125,-13.1301362236625));
#2572=CARTESIAN_POINT('Ctrl Pts',(1.03449683287784,16.5114505866309,-13.1577543596538));
#2573=CARTESIAN_POINT('Ctrl Pts',(0.837507015717402,16.4713858007813,-13.2359570024364));
#2574=CARTESIAN_POINT('Ctrl Pts',(0.667942619313704,16.4320127610817,-13.3616815665594));
#2575=CARTESIAN_POINT('Ctrl Pts',(0.610703475097279,16.4628722425021,-13.5732568860865));
#2576=CARTESIAN_POINT('Ctrl Pts',(0.732068700175416,16.5849222960097,-13.7382950267016));
#2577=CARTESIAN_POINT('Ctrl Pts',(1.00792512039765,16.7170495692885,-13.8141136195943));
#2578=CARTESIAN_POINT('Ctrl Pts',(1.36366328919528,16.8001702434656,-13.836478502096));
#2579=CARTESIAN_POINT('Ctrl Pts',(1.62122296742539,16.8188591832222,-13.8390854703229));
#2580=CARTESIAN_POINT('Ctrl Pts',(1.75,16.8188591832222,-13.8390854703229));
#2581=CARTESIAN_POINT('Ctrl Pts',(1.20785454441979,16.5870938455716,-13.0605127165191));
#2582=CARTESIAN_POINT('Ctrl Pts',(1.11392832092541,16.5698470865416,-13.077205361172));
#2583=CARTESIAN_POINT('Ctrl Pts',(0.995051840623433,16.5417970121901,-13.1076459307203));
#2584=CARTESIAN_POINT('Ctrl Pts',(0.788442065902889,16.4853249511673,-13.1954439157655));
#2585=CARTESIAN_POINT('Ctrl Pts',(0.610863627175154,16.4295254844211,-13.3388538710819));
#2586=CARTESIAN_POINT('Ctrl Pts',(0.550804979010056,16.4605725330785,-13.5795053701183));
#2587=CARTESIAN_POINT('Ctrl Pts',(0.678047574001168,16.6066055441257,-13.7631611648018));
#2588=CARTESIAN_POINT('Ctrl Pts',(0.966920878777525,16.7705639809833,-13.8391905870119));
#2589=CARTESIAN_POINT('Ctrl Pts',(1.34126075557478,16.8752716684195,-13.8530716069193));
#2590=CARTESIAN_POINT('Ctrl Pts',(1.61374693844955,16.8989141992403,-13.8528931184386));
#2591=CARTESIAN_POINT('Ctrl Pts',(1.75,16.8989141992403,-13.8528931184386));
#2592=CARTESIAN_POINT('Ctrl Pts',(1.15733824590406,16.6329907920964,-12.9418683164844));
#2593=CARTESIAN_POINT('Ctrl Pts',(1.05509760026583,16.607705520455,-12.9635383942832));
#2594=CARTESIAN_POINT('Ctrl Pts',(0.926115931135649,16.5667288282918,-13.0028697832313));
#2595=CARTESIAN_POINT('Ctrl Pts',(0.702652994344594,16.4840413716941,-13.115377169487));
#2596=CARTESIAN_POINT('Ctrl Pts',(0.511033173596518,16.4015254447079,-13.2976586665945));
#2597=CARTESIAN_POINT('Ctrl Pts',(0.446046320597184,16.4351701498042,-13.5992461142291));
#2598=CARTESIAN_POINT('Ctrl Pts',(0.58358635694538,16.6274910651277,-13.8247939147237));
#2599=CARTESIAN_POINT('Ctrl Pts',(0.895296044515714,16.8505721908982,-13.912600730685));
#2600=CARTESIAN_POINT('Ctrl Pts',(1.3021896570902,16.9973490945312,-13.9232646321007));
#2601=CARTESIAN_POINT('Ctrl Pts',(1.60071552861142,17.0310921069217,-13.9210715070045));
#2602=CARTESIAN_POINT('Ctrl Pts',(1.75,17.0310921069217,-13.9210715070045));
#2603=CARTESIAN_POINT('Ctrl Pts',(1.12040653131021,16.6146080015967,-12.8136423928247));
#2604=CARTESIAN_POINT('Ctrl Pts',(1.01138409250155,16.5850780457016,-12.8418252077325));
#2605=CARTESIAN_POINT('Ctrl Pts',(0.873457276231016,16.5368108628543,-12.8924010719875));
#2606=CARTESIAN_POINT('Ctrl Pts',(0.633849699953406,16.4380760512577,-13.0343443670066));
#2607=CARTESIAN_POINT('Ctrl Pts',(0.427992352137444,16.3364372881799,-13.2606033878057));
#2608=CARTESIAN_POINT('Ctrl Pts',(0.358347429190023,16.3758380223948,-13.6312085813822));
#2609=CARTESIAN_POINT('Ctrl Pts',(0.505881117049284,16.6149884451971,-13.9075435720479));
#2610=CARTESIAN_POINT('Ctrl Pts',(0.840771869393209,16.8895362449602,-14.020849763403));
#2611=CARTESIAN_POINT('Ctrl Pts',(1.27521463952458,17.068047271646,-14.0441323255568));
#2612=CARTESIAN_POINT('Ctrl Pts',(1.59173137411041,17.1088386415773,-14.0446593024824));
#2613=CARTESIAN_POINT('Ctrl Pts',(1.75,17.1088386415773,-14.0446593024824));
#2614=CARTESIAN_POINT('Ctrl Pts',(1.10846147807075,16.5957196566073,-12.7618310705235));
#2615=CARTESIAN_POINT('Ctrl Pts',(0.99699864362977,16.5651977327385,-12.7925761720132));
#2616=CARTESIAN_POINT('Ctrl Pts',(0.855621041097292,16.5150271098329,-12.8476358673958));
#2617=CARTESIAN_POINT('Ctrl Pts',(0.609383769646752,16.4115801792489,-13.0016034539069));
#2618=CARTESIAN_POINT('Ctrl Pts',(0.397428274142134,16.3033867651097,-13.2462754696393));
#2619=CARTESIAN_POINT('Ctrl Pts',(0.325879343871598,16.3456397362096,-13.646414277546));
#2620=CARTESIAN_POINT('Ctrl Pts',(0.477585875219269,16.6040047447606,-13.9448648987005));
#2621=CARTESIAN_POINT('Ctrl Pts',(0.822406400497055,16.8977017974565,-14.0701391831537));
#2622=CARTESIAN_POINT('Ctrl Pts',(1.26707911149409,17.0860902352579,-14.100139394335));
#2623=CARTESIAN_POINT('Ctrl Pts',(1.58902870928173,17.1287986579299,-14.1022248491339));
#2624=CARTESIAN_POINT('Ctrl Pts',(1.75,17.1287986579299,-14.1022248491339));
#2625=CARTESIAN_POINT('',(1.75,16.8188591832222,-13.8390854703229));
#2626=CARTESIAN_POINT('Ctrl Pts',(1.2367691824566,16.5437451858572,-13.1147809889609));
#2627=CARTESIAN_POINT('Ctrl Pts',(1.14759891490382,16.5314796610125,-13.1301362236625));
#2628=CARTESIAN_POINT('Ctrl Pts',(1.03449683287784,16.5114505866309,-13.1577543596538));
#2629=CARTESIAN_POINT('Ctrl Pts',(0.837507015717402,16.4713858007813,-13.2359570024364));
#2630=CARTESIAN_POINT('Ctrl Pts',(0.667942619313704,16.4320127610817,-13.3616815665594));
#2631=CARTESIAN_POINT('Ctrl Pts',(0.610703475097279,16.4628722425021,-13.5732568860865));
#2632=CARTESIAN_POINT('Ctrl Pts',(0.732068700175416,16.5849222960097,-13.7382950267016));
#2633=CARTESIAN_POINT('Ctrl Pts',(1.00792512039765,16.7170495692885,-13.8141136195943));
#2634=CARTESIAN_POINT('Ctrl Pts',(1.36366328919528,16.8001702434656,-13.836478502096));
#2635=CARTESIAN_POINT('Ctrl Pts',(1.62122296742539,16.8188591832222,-13.8390854703229));
#2636=CARTESIAN_POINT('Ctrl Pts',(1.75,16.8188591832222,-13.8390854703229));
#2637=CARTESIAN_POINT('Origin',(1.75,16.7508722253299,-14.2332653449443));
#2638=CARTESIAN_POINT('Ctrl Pts',(1.75,16.8188591832222,-13.8390854703229));
#2639=CARTESIAN_POINT('Ctrl Pts',(3.75,16.8188591832222,-13.8390854703229));
#2640=CARTESIAN_POINT('Ctrl Pts',(5.75,16.8188591832222,-13.8390854703229));
#2641=CARTESIAN_POINT('Ctrl Pts',(7.75,16.8188591832222,-13.8390854703229));
#2642=CARTESIAN_POINT('Ctrl Pts',(1.75,16.8989141992403,-13.8528931184386));
#2643=CARTESIAN_POINT('Ctrl Pts',(3.75,16.8989141992403,-13.8528931184386));
#2644=CARTESIAN_POINT('Ctrl Pts',(5.75,16.8989141992403,-13.8528931184386));
#2645=CARTESIAN_POINT('Ctrl Pts',(7.75,16.8989141992403,-13.8528931184386));
#2646=CARTESIAN_POINT('Ctrl Pts',(1.75,17.031089342312,-13.9210743956244));
#2647=CARTESIAN_POINT('Ctrl Pts',(3.75,17.031089342312,-13.9210743956244));
#2648=CARTESIAN_POINT('Ctrl Pts',(5.75,17.031089342312,-13.9210743956244));
#2649=CARTESIAN_POINT('Ctrl Pts',(7.74999999999999,17.031089342312,-13.9210743956244));
#2650=CARTESIAN_POINT('Ctrl Pts',(1.75,17.1088386415773,-14.0446593024824));
#2651=CARTESIAN_POINT('Ctrl Pts',(3.75,17.1088386415773,-14.0446593024824));
#2652=CARTESIAN_POINT('Ctrl Pts',(5.75,17.1088386415773,-14.0446593024824));
#2653=CARTESIAN_POINT('Ctrl Pts',(7.75,17.1088386415773,-14.0446593024824));
#2654=CARTESIAN_POINT('Ctrl Pts',(1.75,17.1287986579299,-14.1022248491339));
#2655=CARTESIAN_POINT('Ctrl Pts',(3.75,17.1287986579299,-14.1022248491339));
#2656=CARTESIAN_POINT('Ctrl Pts',(5.75,17.1287986579299,-14.1022248491339));
#2657=CARTESIAN_POINT('Ctrl Pts',(7.75,17.1287986579299,-14.1022248491339));
#2658=CARTESIAN_POINT('',(7.75,16.8188591832222,-13.8390854703229));
#2659=CARTESIAN_POINT('',(7.75,17.1287986579299,-14.1022248491339));
#2660=CARTESIAN_POINT('Origin',(7.75,16.7508722253299,-14.2332653449443));
#2661=CARTESIAN_POINT('Ctrl Pts',(7.75,17.1287986579299,-14.1022248491339));
#2662=CARTESIAN_POINT('Ctrl Pts',(5.75,17.1287986579299,-14.1022248491339));
#2663=CARTESIAN_POINT('Ctrl Pts',(3.75,17.1287986579299,-14.1022248491339));
#2664=CARTESIAN_POINT('Ctrl Pts',(1.75,17.1287986579299,-14.1022248491339));
#2665=CARTESIAN_POINT('Ctrl Pts',(1.75,16.8188591832222,-13.8390854703229));
#2666=CARTESIAN_POINT('Ctrl Pts',(3.75,16.8188591832222,-13.8390854703229));
#2667=CARTESIAN_POINT('Ctrl Pts',(5.75,16.8188591832222,-13.8390854703229));
#2668=CARTESIAN_POINT('Ctrl Pts',(7.75,16.8188591832222,-13.8390854703229));
#2669=CARTESIAN_POINT('Ctrl Pts',(7.75,16.8188591832222,-13.8390854703229));
#2670=CARTESIAN_POINT('Ctrl Pts',(7.87877796085375,16.8188591832222,-13.8390854703229));
#2671=CARTESIAN_POINT('Ctrl Pts',(8.1363902292577,16.8002665396695,-13.8363604766892));
#2672=CARTESIAN_POINT('Ctrl Pts',(8.49232504894635,16.7168735329807,-13.8139958192648));
#2673=CARTESIAN_POINT('Ctrl Pts',(8.76828458453496,16.5855299427874,-13.7383356021873));
#2674=CARTESIAN_POINT('Ctrl Pts',(8.88931363195611,16.4636309688469,-13.5728105922009));
#2675=CARTESIAN_POINT('Ctrl Pts',(8.83257124169901,16.4320985441764,-13.3610384036981));
#2676=CARTESIAN_POINT('Ctrl Pts',(8.60556637881075,16.4847576648008,-13.1942810013399));
#2677=CARTESIAN_POINT('Ctrl Pts',(8.38211602027003,16.5273923201832,-13.1352531736917));
#2678=CARTESIAN_POINT('Ctrl Pts',(8.26323081743421,16.5437451858722,-13.1147809889421));
#2679=CARTESIAN_POINT('Ctrl Pts',(7.75,16.8989141992403,-13.8528931184386));
#2680=CARTESIAN_POINT('Ctrl Pts',(7.88625404371995,16.8989141992403,-13.8528931184386));
#2681=CARTESIAN_POINT('Ctrl Pts',(8.15879369060179,16.8753689079165,-13.8529475443536));
#2682=CARTESIAN_POINT('Ctrl Pts',(8.53332658339093,16.7703078353116,-13.8390735037554));
#2683=CARTESIAN_POINT('Ctrl Pts',(8.82228897245621,16.6072853660475,-13.7633413368465));
#2684=CARTESIAN_POINT('Ctrl Pts',(8.94919162255462,16.4614469158626,-13.5790356882714));
#2685=CARTESIAN_POINT('Ctrl Pts',(8.88963869721486,16.429554335533,-13.3381598528576));
#2686=CARTESIAN_POINT('Ctrl Pts',(8.65196384704647,16.504292971164,-13.1479734310006));
#2687=CARTESIAN_POINT('Ctrl Pts',(8.41737148021766,16.5640998084389,-13.082767987221));
#2688=CARTESIAN_POINT('Ctrl Pts',(8.2921454554652,16.5870938455927,-13.0605127164986));
#2689=CARTESIAN_POINT('Ctrl Pts',(7.75,17.0310890921775,-13.9210746569791));
#2690=CARTESIAN_POINT('Ctrl Pts',(7.89928554749397,17.0310890921775,-13.9210746569791));
#2691=CARTESIAN_POINT('Ctrl Pts',(8.1978615676944,16.9974538626322,-13.9230805413033));
#2692=CARTESIAN_POINT('Ctrl Pts',(8.6049360045356,16.8502117366489,-13.912360329424));
#2693=CARTESIAN_POINT('Ctrl Pts',(8.91670861036395,16.6283159532253,-13.8248987416443));
#2694=CARTESIAN_POINT('Ctrl Pts',(9.05390379770731,16.4362902009601,-13.5985357293096));
#2695=CARTESIAN_POINT('Ctrl Pts',(8.98944198854434,16.4015225946142,-13.29672101039));
#2696=CARTESIAN_POINT('Ctrl Pts',(8.73307050174911,16.5120136155025,-13.0549532589355));
#2697=CARTESIAN_POINT('Ctrl Pts',(8.47897223644463,16.5992763809777,-12.9707591863566));
#2698=CARTESIAN_POINT('Ctrl Pts',(8.34266110686751,16.632987669838,-12.941867811861));
#2699=CARTESIAN_POINT('Ctrl Pts',(7.75,17.1088386415773,-14.0446593024824));
#2700=CARTESIAN_POINT('Ctrl Pts',(7.90826976675655,17.1088386415773,-14.0446593024824));
#2701=CARTESIAN_POINT('Ctrl Pts',(8.22484765177056,17.0682327691948,-14.0439129021009));
#2702=CARTESIAN_POINT('Ctrl Pts',(8.65950901473481,16.889149622784,-14.0206426441357));
#2703=CARTESIAN_POINT('Ctrl Pts',(8.99450057299173,16.6161661919579,-13.9075811073984));
#2704=CARTESIAN_POINT('Ctrl Pts',(9.14164271757839,16.3774055357538,-13.6303330052657));
#2705=CARTESIAN_POINT('Ctrl Pts',(9.07258068471201,16.3365973828246,-13.2594489427647));
#2706=CARTESIAN_POINT('Ctrl Pts',(8.79707127128389,16.4724760113419,-12.9593133796189));
#2707=CARTESIAN_POINT('Ctrl Pts',(8.52494634353534,16.5752375377783,-12.8512167968791));
#2708=CARTESIAN_POINT('Ctrl Pts',(8.37959346855629,16.6146080016329,-12.8136423927902));
#2709=CARTESIAN_POINT('Ctrl Pts',(7.75,17.1287986579299,-14.1022248491339));
#2710=CARTESIAN_POINT('Ctrl Pts',(7.91097245106718,17.1287986579299,-14.1022248491339));
#2711=CARTESIAN_POINT('Ctrl Pts',(8.23298778657211,17.0863258409941,-14.0999026737333));
#2712=CARTESIAN_POINT('Ctrl Pts',(8.67790631118295,16.8973139787345,-14.0699496679064));
#2713=CARTESIAN_POINT('Ctrl Pts',(9.0228557306687,16.6053868896102,-13.9448632066754));
#2714=CARTESIAN_POINT('Ctrl Pts',(9.17414203994514,16.3474375643243,-13.6454617781706));
#2715=CARTESIAN_POINT('Ctrl Pts',(9.10321405212377,16.3036567107906,-13.2450196205362));
#2716=CARTESIAN_POINT('Ctrl Pts',(8.81945797351343,16.4481872414433,-12.9204604555117));
#2717=CARTESIAN_POINT('Ctrl Pts',(8.54014502533754,16.5550266632413,-12.8028216128043));
#2718=CARTESIAN_POINT('Ctrl Pts',(8.39153852179277,16.5957196566447,-12.7618310704859));
#2719=CARTESIAN_POINT('Ctrl Pts',(8.39153852179277,16.5957196566447,-12.7618310704859));
#2720=CARTESIAN_POINT('Ctrl Pts',(8.54014502533754,16.5550266632413,-12.8028216128043));
#2721=CARTESIAN_POINT('Ctrl Pts',(8.81945797351343,16.4481872414433,-12.9204604555117));
#2722=CARTESIAN_POINT('Ctrl Pts',(9.10321405212377,16.3036567107906,-13.2450196205362));
#2723=CARTESIAN_POINT('Ctrl Pts',(9.17414203994514,16.3474375643243,-13.6454617781706));
#2724=CARTESIAN_POINT('Ctrl Pts',(9.0228557306687,16.6053868896102,-13.9448632066754));
#2725=CARTESIAN_POINT('Ctrl Pts',(8.67790631118295,16.8973139787345,-14.0699496679064));
#2726=CARTESIAN_POINT('Ctrl Pts',(8.23298778657211,17.0863258409941,-14.0999026737333));
#2727=CARTESIAN_POINT('Ctrl Pts',(7.91097245106718,17.1287986579299,-14.1022248491339));
#2728=CARTESIAN_POINT('Ctrl Pts',(7.75,17.1287986579299,-14.1022248491339));
#2729=CARTESIAN_POINT('Ctrl Pts',(7.75,16.8188591832222,-13.8390854703229));
#2730=CARTESIAN_POINT('Ctrl Pts',(7.87877796085375,16.8188591832222,-13.8390854703229));
#2731=CARTESIAN_POINT('Ctrl Pts',(8.1363902292577,16.8002665396695,-13.8363604766892));
#2732=CARTESIAN_POINT('Ctrl Pts',(8.49232504894635,16.7168735329807,-13.8139958192648));
#2733=CARTESIAN_POINT('Ctrl Pts',(8.76828458453496,16.5855299427874,-13.7383356021873));
#2734=CARTESIAN_POINT('Ctrl Pts',(8.88931363195611,16.4636309688469,-13.5728105922009));
#2735=CARTESIAN_POINT('Ctrl Pts',(8.83257124169901,16.4320985441764,-13.3610384036981));
#2736=CARTESIAN_POINT('Ctrl Pts',(8.60556637881075,16.4847576648008,-13.1942810013399));
#2737=CARTESIAN_POINT('Ctrl Pts',(8.38211602027003,16.5273923201832,-13.1352531736917));
#2738=CARTESIAN_POINT('Ctrl Pts',(8.26323081743421,16.5437451858722,-13.1147809889421));
#2739=CARTESIAN_POINT('Ctrl Pts',(7.75,17.129865470944,-14.1053009526896));
#2740=CARTESIAN_POINT('Ctrl Pts',(7.75,16.4079053390552,-12.0239908757624));
#2741=CARTESIAN_POINT('Ctrl Pts',(7.75000000000001,15.3706594464912,-6.98345712175749));
#2742=CARTESIAN_POINT('Ctrl Pts',(7.75000000000001,16.1672519617589,-1.88104537262759));
#2743=CARTESIAN_POINT('Ctrl Pts',(7.75000000000001,17.129865470944,0.894034729942002));
#2744=CARTESIAN_POINT('Ctrl Pts',(8.34839860068377,17.129865470944,-14.1053009526896));
#2745=CARTESIAN_POINT('Ctrl Pts',(8.34839860068377,16.4080884872659,-12.0245188664363));
#2746=CARTESIAN_POINT('Ctrl Pts',(8.34839860068377,15.3707729935132,-6.98373945562753));
#2747=CARTESIAN_POINT('Ctrl Pts',(8.34839860068378,16.1674961593733,-1.88034138506237));
#2748=CARTESIAN_POINT('Ctrl Pts',(8.34839860068378,17.129865470944,0.894034729942002));
#2749=CARTESIAN_POINT('Ctrl Pts',(9.38474365321027,16.6558670940087,-14.2697204375712));
#2750=CARTESIAN_POINT('Ctrl Pts',(9.38474365321028,15.9197192685337,-12.1475092245215));
#2751=CARTESIAN_POINT('Ctrl Pts',(9.38474365321027,14.8576921788782,-6.99339358810634));
#2752=CARTESIAN_POINT('Ctrl Pts',(9.38474365321029,15.674336660042,-1.77116073590935));
#2753=CARTESIAN_POINT('Ctrl Pts',(9.38474365321028,16.6558670940087,1.0584542148236));
#2754=CARTESIAN_POINT('Ctrl Pts',(9.75,15.664330324891,-14.6136624693426));
#2755=CARTESIAN_POINT('Ctrl Pts',(9.75000000000001,14.8986569875718,-12.4063333354914));
#2756=CARTESIAN_POINT('Ctrl Pts',(9.74999999999999,13.7847329932246,-7.01441528599793));
#2757=CARTESIAN_POINT('Ctrl Pts',(9.75000000000002,14.6434325417987,-1.54070926520654));
#2758=CARTESIAN_POINT('Ctrl Pts',(9.75000000000001,15.664330324891,1.40239624659505));
#2759=CARTESIAN_POINT('Ctrl Pts',(9.75,15.24031653525,-14.7607434136409));
#2760=CARTESIAN_POINT('Ctrl Pts',(9.75000000000001,14.4620364799777,-12.5170708752808));
#2761=CARTESIAN_POINT('Ctrl Pts',(9.74999999999999,13.3259123006841,-7.0234347068303));
#2762=CARTESIAN_POINT('Ctrl Pts',(9.75000000000002,14.202609794887,-1.44208619358676));
#2763=CARTESIAN_POINT('Ctrl Pts',(9.75000000000001,15.24031653525,1.54947719089329));
#2764=CARTESIAN_POINT('',(8.46017357428716,16.160797331162,-2.12272428088238));
#2765=CARTESIAN_POINT('Ctrl Pts',(8.46017357428717,16.160797331162,-2.12272428088238));
#2766=CARTESIAN_POINT('Ctrl Pts',(8.70133132503454,16.0645066900128,-2.13613139022127));
#2767=CARTESIAN_POINT('Ctrl Pts',(9.14200388979054,15.7643854201366,-2.18827311995764));
#2768=CARTESIAN_POINT('Ctrl Pts',(9.49329545292344,15.2031447933043,-2.53052443204383));
#2769=CARTESIAN_POINT('Ctrl Pts',(9.57438693618159,14.9070837253668,-3.11386402678207));
#2770=CARTESIAN_POINT('Ctrl Pts',(9.50525098329752,14.9890936920199,-3.76046608187777));
#2771=CARTESIAN_POINT('Ctrl Pts',(9.17735963877629,15.4100225679524,-4.27234410641496));
#2772=CARTESIAN_POINT('Ctrl Pts',(8.53408394491976,15.8305562705067,-4.49844367620603));
#2773=CARTESIAN_POINT('Ctrl Pts',(8.01126503742698,15.928556391972,-4.53217518972208));
#2774=CARTESIAN_POINT('Ctrl Pts',(7.75000000000001,15.928556391972,-4.53217518972208));
#2775=CARTESIAN_POINT('',(8.39153852193868,16.5957196565975,-0.449435152246815));
#2776=CARTESIAN_POINT('Ctrl Pts',(8.39153852194304,16.5957196565892,-0.449435152270949));
#2777=CARTESIAN_POINT('Ctrl Pts',(8.54309009168971,16.5399716774189,-0.457908294701235));
#2778=CARTESIAN_POINT('Ctrl Pts',(8.82956345400377,16.3876406451642,-0.486398686645987));
#2779=CARTESIAN_POINT('Ctrl Pts',(9.15080979971936,16.0754865549998,-0.628598951167853));
#2780=CARTESIAN_POINT('Ctrl Pts',(9.31186719143833,15.8020004809278,-0.914276455125879));
#2781=CARTESIAN_POINT('Ctrl Pts',(9.32248375858553,15.6928808259429,-1.29809373211349));
#2782=CARTESIAN_POINT('Ctrl Pts',(9.20849564782552,15.7615546966861,-1.62064504440689));
#2783=CARTESIAN_POINT('Ctrl Pts',(8.95103560515306,15.9377155445266,-1.93780591377585));
#2784=CARTESIAN_POINT('Ctrl Pts',(8.68320950042614,16.086021025746,-2.06585364672989));
#2785=CARTESIAN_POINT('Ctrl Pts',(8.46017357428716,16.160797331162,-2.12272428088238));
#2786=CARTESIAN_POINT('',(7.75000000000001,17.1287986579299,0.890958626386305));
#2787=CARTESIAN_POINT('Ctrl Pts',(7.75000000000001,17.1287986579299,0.890958626386305));
#2788=CARTESIAN_POINT('Ctrl Pts',(7.87072846803869,17.1287986579299,0.890958626386305));
#2789=CARTESIAN_POINT('Ctrl Pts',(8.03188067267427,17.1128808214997,0.890217344341307));
#2790=CARTESIAN_POINT('Ctrl Pts',(8.34423571488986,17.0391002781115,0.881295890800984));
#2791=CARTESIAN_POINT('Ctrl Pts',(8.6780079122653,16.897332544977,0.858839419114045));
#2792=CARTESIAN_POINT('Ctrl Pts',(9.022859452218,16.6054026152571,0.733709964588145));
#2793=CARTESIAN_POINT('Ctrl Pts',(9.17416399203389,16.3474397419668,0.434309634330558));
#2794=CARTESIAN_POINT('Ctrl Pts',(9.10322499797267,16.3036527621863,0.0338297778939337));
#2795=CARTESIAN_POINT('Ctrl Pts',(8.81946681160716,16.4481821242862,-0.290760846092634));
#2796=CARTESIAN_POINT('Ctrl Pts',(8.54015563451722,16.5550237581156,-0.408441683571188));
#2797=CARTESIAN_POINT('Ctrl Pts',(8.39153852192925,16.5957196566073,-0.44943515222408));
#2798=CARTESIAN_POINT('',(7.75000000000001,17.129865470944,0.894034729941998));
#2799=CARTESIAN_POINT('Ctrl Pts',(7.75000000000001,17.1287986659286,0.89095862361294));
#2800=CARTESIAN_POINT('Ctrl Pts',(7.75000000000001,17.1291541983252,0.891984011576229));
#2801=CARTESIAN_POINT('Ctrl Pts',(7.75000000000001,17.1295097999985,0.893009380355286));
#2802=CARTESIAN_POINT('Ctrl Pts',(7.75000000000001,17.129865470944,0.894034729941999));
#2803=CARTESIAN_POINT('',(9.75000000000001,14.9113005782349,0.53772320664214));
#2804=CARTESIAN_POINT('Ctrl Pts',(9.75000000000001,14.9113005782349,0.53772320664214));
#2805=CARTESIAN_POINT('Ctrl Pts',(9.75000000000001,14.9145916760776,0.538317061980655));
#2806=CARTESIAN_POINT('Ctrl Pts',(9.74999349830565,14.9178824027094,0.538910556870581));
#2807=CARTESIAN_POINT('Ctrl Pts',(9.74916701117938,15.1190927034232,0.575182765354383));
#2808=CARTESIAN_POINT('Ctrl Pts',(9.69917311990877,15.5155453003651,0.644538923545664));
#2809=CARTESIAN_POINT('Ctrl Pts',(9.47798097744744,16.0848665528484,0.73811634751473));
#2810=CARTESIAN_POINT('Ctrl Pts',(9.0914893083229,16.6030704259556,0.818142730740039));
#2811=CARTESIAN_POINT('Ctrl Pts',(8.5180456631847,17.0118903690641,0.877592683279035));
#2812=CARTESIAN_POINT('Ctrl Pts',(8.00620915343055,17.129865470944,0.894034729941998));
#2813=CARTESIAN_POINT('Ctrl Pts',(7.75000000000001,17.129865470944,0.894034729941998));
#2814=CARTESIAN_POINT('',(9.75,14.9113005782349,-13.7489894293897));
#2815=CARTESIAN_POINT('Ctrl Pts',(9.75000000000001,14.9121035024256,0.537480715267397));
#2816=CARTESIAN_POINT('Ctrl Pts',(9.75000000000002,14.0986646059216,-2.15593397245018));
#2817=CARTESIAN_POINT('Ctrl Pts',(9.74999999999999,13.4464493855756,-7.01823122170428));
#2818=CARTESIAN_POINT('Ctrl Pts',(9.75000000000001,14.3249120986137,-11.8138264116414));
#2819=CARTESIAN_POINT('Ctrl Pts',(9.75,14.9115327124341,-13.7489190581686));
#2820=CARTESIAN_POINT('',(7.75,17.129865470944,-14.1053009526896));
#2821=CARTESIAN_POINT('Ctrl Pts',(7.75,17.129865470944,-14.1053009526896));
#2822=CARTESIAN_POINT('Ctrl Pts',(8.00620915343058,17.129865470944,-14.1053009526896));
#2823=CARTESIAN_POINT('Ctrl Pts',(8.51909737533391,17.0138163990028,-14.0890446099108));
#2824=CARTESIAN_POINT('Ctrl Pts',(9.47045694810561,16.325104165393,-13.9892351055268));
#2825=CARTESIAN_POINT('Ctrl Pts',(9.74532464765602,15.5124012830556,-13.8576227598632));
#2826=CARTESIAN_POINT('Ctrl Pts',(9.75000202310014,14.917892183451,-13.7501774918453));
#2827=CARTESIAN_POINT('Ctrl Pts',(9.75,14.9145916760777,-13.7495832847278));
#2828=CARTESIAN_POINT('Ctrl Pts',(9.75,14.9113005782349,-13.7489894293897));
#2829=CARTESIAN_POINT('Ctrl Pts',(7.75,17.129865470944,-14.1053009526896));
#2830=CARTESIAN_POINT('Ctrl Pts',(7.75,17.1295098001948,-14.1042756036687));
#2831=CARTESIAN_POINT('Ctrl Pts',(7.75,17.1291541967769,-14.1032502354942));
#2832=CARTESIAN_POINT('Ctrl Pts',(7.75,17.1287986606975,-14.1022248481743));
#2833=CARTESIAN_POINT('Ctrl Pts',(7.75,15.9277031799363,-8.67917314384706));
#2834=CARTESIAN_POINT('Ctrl Pts',(7.75,15.8960813765173,-8.35058993987161));
#2835=CARTESIAN_POINT('Ctrl Pts',(7.75,15.86638269068,-7.94475488026837));
#2836=CARTESIAN_POINT('Ctrl Pts',(7.75,15.8484665472406,-7.53852225013877));
#2837=CARTESIAN_POINT('Ctrl Pts',(7.75,15.8454978498233,-7.46168103306337));
#2838=CARTESIAN_POINT('Origin',(9.75,16.8953445108511,-13.3956331113738));
#2839=CARTESIAN_POINT('Ctrl Pts',(7.75,15.699327464929,-9.07984797664855));
#2840=CARTESIAN_POINT('Ctrl Pts',(5.75,15.699327464929,-9.07984797664855));
#2841=CARTESIAN_POINT('Ctrl Pts',(3.75,15.699327464929,-9.07984797664855));
#2842=CARTESIAN_POINT('Ctrl Pts',(1.75,15.699327464929,-9.07984797664855));
#2843=CARTESIAN_POINT('Ctrl Pts',(7.75,15.7842974628041,-9.04025522829475));
#2844=CARTESIAN_POINT('Ctrl Pts',(5.75,15.7842974628041,-9.04025522829475));
#2845=CARTESIAN_POINT('Ctrl Pts',(3.75,15.7842974628041,-9.04025522829475));
#2846=CARTESIAN_POINT('Ctrl Pts',(1.75,15.7842974628041,-9.04025522829475));
#2847=CARTESIAN_POINT('Ctrl Pts',(7.75,15.9069934483085,-8.91672507942871));
#2848=CARTESIAN_POINT('Ctrl Pts',(5.75,15.9069934483085,-8.9167250794287));
#2849=CARTESIAN_POINT('Ctrl Pts',(3.75,15.9069934483085,-8.9167250794287));
#2850=CARTESIAN_POINT('Ctrl Pts',(1.75,15.9069934483085,-8.9167250794287));
#2851=CARTESIAN_POINT('Ctrl Pts',(7.75,15.9352681328918,-8.74907612826508));
#2852=CARTESIAN_POINT('Ctrl Pts',(5.75,15.9352681328918,-8.74907612826508));
#2853=CARTESIAN_POINT('Ctrl Pts',(3.75,15.9352681328918,-8.74907612826508));
#2854=CARTESIAN_POINT('Ctrl Pts',(1.75,15.9352681328918,-8.74907612826508));
#2855=CARTESIAN_POINT('Ctrl Pts',(7.75,15.928556391972,-8.6790910330255));
#2856=CARTESIAN_POINT('Ctrl Pts',(5.75,15.928556391972,-8.6790910330255));
#2857=CARTESIAN_POINT('Ctrl Pts',(3.75,15.928556391972,-8.6790910330255));
#2858=CARTESIAN_POINT('Ctrl Pts',(1.75,15.928556391972,-8.6790910330255));
#2859=CARTESIAN_POINT('Ctrl Pts',(1.75,15.928556391972,-8.6790910330255));
#2860=CARTESIAN_POINT('Ctrl Pts',(3.75,15.928556391972,-8.6790910330255));
#2861=CARTESIAN_POINT('Ctrl Pts',(5.75,15.928556391972,-8.6790910330255));
#2862=CARTESIAN_POINT('Ctrl Pts',(7.75,15.928556391972,-8.6790910330255));
#2863=CARTESIAN_POINT('Ctrl Pts',(9.75,17.5,-15.1056331113738));
#2864=CARTESIAN_POINT('Ctrl Pts',(-34.8750000000001,17.5,-15.1056331113738));
#2865=CARTESIAN_POINT('Ctrl Pts',(9.75,14.1582631241603,-6.60563311137379));
#2866=CARTESIAN_POINT('Ctrl Pts',(-34.875,14.1582631241603,-6.60563311137376));
#2867=CARTESIAN_POINT('Ctrl Pts',(9.75000000000001,17.5,1.89436688862621));
#2868=CARTESIAN_POINT('Ctrl Pts',(-34.875,17.5,1.89436688862624));
#2869=CARTESIAN_POINT('Ctrl Pts',(1.18186114057027,15.8822214776161,-2.43751002999514));
#2870=CARTESIAN_POINT('Ctrl Pts',(0.988934939972352,15.8279072726346,-2.44970924876627));
#2871=CARTESIAN_POINT('Ctrl Pts',(0.72672586062087,15.7015771546515,-2.48513741221159));
#2872=CARTESIAN_POINT('Ctrl Pts',(0.466355093031738,15.4710449786617,-2.63690254258543));
#2873=CARTESIAN_POINT('Ctrl Pts',(0.339499980733305,15.2861821483997,-2.85094902573042));
#2874=CARTESIAN_POINT('Ctrl Pts',(0.296246121029466,15.1599002505866,-3.19613058357203));
#2875=CARTESIAN_POINT('Ctrl Pts',(0.34720580448224,15.1908948100726,-3.6065820575571));
#2876=CARTESIAN_POINT('Ctrl Pts',(0.607314970488821,15.41573811693,-3.95773836893151));
#2877=CARTESIAN_POINT('Ctrl Pts',(1.1228153441026,15.6447096836588,-4.10926901110005));
#2878=CARTESIAN_POINT('Ctrl Pts',(1.54098797005839,15.699327464929,-4.13141824609902));
#2879=CARTESIAN_POINT('Ctrl Pts',(1.75,15.699327464929,-4.13141824609902));
#2880=CARTESIAN_POINT('Ctrl Pts',(1.14739666197422,15.962903062505,-2.41938857714139));
#2881=CARTESIAN_POINT('Ctrl Pts',(0.943286143561313,15.90006474974,-2.42820304375004));
#2882=CARTESIAN_POINT('Ctrl Pts',(0.66710491582212,15.7545546999811,-2.4582212390321));
#2883=CARTESIAN_POINT('Ctrl Pts',(0.392268621926448,15.4951026581049,-2.61278834480108));
#2884=CARTESIAN_POINT('Ctrl Pts',(0.256810599746219,15.2921561343443,-2.83672889996459));
#2885=CARTESIAN_POINT('Ctrl Pts',(0.209480752227619,15.1580092872967,-3.19664326563064));
#2886=CARTESIAN_POINT('Ctrl Pts',(0.265574848769603,15.1928104980253,-3.6258871831114));
#2887=CARTESIAN_POINT('Ctrl Pts',(0.541584201986057,15.4480087754368,-3.99864840046848));
#2888=CARTESIAN_POINT('Ctrl Pts',(1.08404614874012,15.7184915252898,-4.15161335883715));
#2889=CARTESIAN_POINT('Ctrl Pts',(1.52797551407695,15.7842974628041,-4.17101099445282));
#2890=CARTESIAN_POINT('Ctrl Pts',(1.75,15.7842974628041,-4.17101099445282));
#2891=CARTESIAN_POINT('Ctrl Pts',(1.08728217609598,16.0916371689525,-2.33437836768381));
#2892=CARTESIAN_POINT('Ctrl Pts',(0.863670997968454,16.0114683149026,-2.34151748100864));
#2893=CARTESIAN_POINT('Ctrl Pts',(0.56302785518234,15.8277725706012,-2.36963997059696));
#2894=CARTESIAN_POINT('Ctrl Pts',(0.262934301379614,15.5078017498847,-2.53775065212834));
#2895=CARTESIAN_POINT('Ctrl Pts',(0.112557937753651,15.2612261771567,-2.78698195540558));
#2896=CARTESIAN_POINT('Ctrl Pts',(0.0582480261366916,15.1022481367849,-3.19086354872111));
#2897=CARTESIAN_POINT('Ctrl Pts',(0.123148645437941,15.1513768952236,-3.67560603971694));
#2898=CARTESIAN_POINT('Ctrl Pts',(0.426865814196757,15.4729870348477,-4.09959882114787));
#2899=CARTESIAN_POINT('Ctrl Pts',(1.01656314980274,15.8198976286709,-4.27318306827639));
#2900=CARTESIAN_POINT('Ctrl Pts',(1.50536280542499,15.90700991338,-4.29453318506395));
#2901=CARTESIAN_POINT('Ctrl Pts',(1.75,15.90700991338,-4.29453318506395));
#2902=CARTESIAN_POINT('Ctrl Pts',(1.04977251605431,16.1511040682426,-2.18846297019555));
#2903=CARTESIAN_POINT('Ctrl Pts',(0.812675807731411,16.0584109523009,-2.19972586055607));
#2904=CARTESIAN_POINT('Ctrl Pts',(0.49206206020631,15.8446743713913,-2.23664559539248));
#2905=CARTESIAN_POINT('Ctrl Pts',(0.172933514767589,15.4652195798298,-2.42832127409553));
#2906=CARTESIAN_POINT('Ctrl Pts',(0.0153734472427863,15.1682619931895,-2.71061682516619));
#2907=CARTESIAN_POINT('Ctrl Pts',(-0.0398517426892757,14.97577402165,-3.17533192266762));
#2908=CARTESIAN_POINT('Ctrl Pts',(0.0256612618501121,15.04447704581,-3.73610871498138));
#2909=CARTESIAN_POINT('Ctrl Pts',(0.346405991694541,15.4362780473386,-4.22255351647146));
#2910=CARTESIAN_POINT('Ctrl Pts',(0.976050909132365,15.8376361441131,-4.43215834382622));
#2911=CARTESIAN_POINT('Ctrl Pts',(1.49197262133405,15.9352681328918,-4.46219009448249));
#2912=CARTESIAN_POINT('Ctrl Pts',(1.75,15.9352681328918,-4.46219009448249));
#2913=CARTESIAN_POINT('Ctrl Pts',(1.03982642571284,16.160797331162,-2.12272428088238));
#2914=CARTESIAN_POINT('Ctrl Pts',(0.798668674965441,16.0645066900127,-2.13613139022127));
#2915=CARTESIAN_POINT('Ctrl Pts',(0.470907325776076,15.8410858531147,-2.17751653152655));
#2916=CARTESIAN_POINT('Ctrl Pts',(0.145443866289678,15.4388353065974,-2.37991665508042));
#2917=CARTESIAN_POINT('Ctrl Pts',(-0.0131250240833625,15.1214963994586,
-2.67670919127607));
#2918=CARTESIAN_POINT('Ctrl Pts',(-0.0671923487131648,14.9151823289968,
-3.16770605465144));
#2919=CARTESIAN_POINT('Ctrl Pts',(-0.00349274439720078,14.9915805865426,
-3.76111161962655));
#2920=CARTESIAN_POINT('Ctrl Pts',(0.321643713111019,15.4110959986743,-4.27420631984994));
#2921=CARTESIAN_POINT('Ctrl Pts',(0.966019180128247,15.8293051735267,-4.49868212480734));
#2922=CARTESIAN_POINT('Ctrl Pts',(1.48873496257297,15.928556391972,-4.53217518972208));
#2923=CARTESIAN_POINT('Ctrl Pts',(1.75,15.928556391972,-4.53217518972208));
#2924=CARTESIAN_POINT('',(1.75,15.699327464929,-4.13141824609902));
#2925=CARTESIAN_POINT('Origin',(1.75,15.5303832552986,-4.49398941708801));
#2926=CARTESIAN_POINT('',(1.18186114056917,15.8822214776161,-2.43751002999514));
#2927=CARTESIAN_POINT('Origin',(1.18186114057027,15.7945634958465,-2.04723310493796));
#2928=CARTESIAN_POINT('Ctrl Pts',(1.18186114057027,15.8822214776161,-2.43751002999514));
#2929=CARTESIAN_POINT('Ctrl Pts',(0.988934939972352,15.8279072726346,-2.44970924876627));
#2930=CARTESIAN_POINT('Ctrl Pts',(0.72672586062087,15.7015771546515,-2.48513741221159));
#2931=CARTESIAN_POINT('Ctrl Pts',(0.466355093031738,15.4710449786617,-2.63690254258543));
#2932=CARTESIAN_POINT('Ctrl Pts',(0.339499980733305,15.2861821483997,-2.85094902573042));
#2933=CARTESIAN_POINT('Ctrl Pts',(0.296246121029466,15.1599002505866,-3.19613058357203));
#2934=CARTESIAN_POINT('Ctrl Pts',(0.34720580448224,15.1908948100726,-3.6065820575571));
#2935=CARTESIAN_POINT('Ctrl Pts',(0.607314970488821,15.41573811693,-3.95773836893151));
#2936=CARTESIAN_POINT('Ctrl Pts',(1.1228153441026,15.6447096836588,-4.10926901110005));
#2937=CARTESIAN_POINT('Ctrl Pts',(1.54098797005839,15.699327464929,-4.13141824609902));
#2938=CARTESIAN_POINT('Ctrl Pts',(1.75,15.699327464929,-4.13141824609902));
#2939=CARTESIAN_POINT('Ctrl Pts',(1.75,15.699327464929,-4.13141824609902));
#2940=CARTESIAN_POINT('Ctrl Pts',(3.75,15.699327464929,-4.13141824609902));
#2941=CARTESIAN_POINT('Ctrl Pts',(5.75,15.699327464929,-4.13141824609902));
#2942=CARTESIAN_POINT('Ctrl Pts',(7.75000000000001,15.699327464929,-4.13141824609902));
#2943=CARTESIAN_POINT('Ctrl Pts',(1.75,15.7842974628041,-4.17101099445282));
#2944=CARTESIAN_POINT('Ctrl Pts',(3.75,15.7842974628041,-4.17101099445282));
#2945=CARTESIAN_POINT('Ctrl Pts',(5.75,15.7842974628041,-4.17101099445283));
#2946=CARTESIAN_POINT('Ctrl Pts',(7.75000000000001,15.7842974628041,-4.17101099445283));
#2947=CARTESIAN_POINT('Ctrl Pts',(1.75,15.906999313928,-4.29453830822064));
#2948=CARTESIAN_POINT('Ctrl Pts',(3.75,15.906999313928,-4.29453830822064));
#2949=CARTESIAN_POINT('Ctrl Pts',(5.75000000000001,15.906999313928,-4.29453830822064));
#2950=CARTESIAN_POINT('Ctrl Pts',(7.75000000000001,15.906999313928,-4.29453830822064));
#2951=CARTESIAN_POINT('Ctrl Pts',(1.75,15.9352681328918,-4.46219009448249));
#2952=CARTESIAN_POINT('Ctrl Pts',(3.75,15.9352681328918,-4.46219009448249));
#2953=CARTESIAN_POINT('Ctrl Pts',(5.75,15.9352681328918,-4.46219009448249));
#2954=CARTESIAN_POINT('Ctrl Pts',(7.75,15.9352681328918,-4.46219009448249));
#2955=CARTESIAN_POINT('Ctrl Pts',(1.75,15.928556391972,-4.53217518972207));
#2956=CARTESIAN_POINT('Ctrl Pts',(3.75,15.928556391972,-4.53217518972207));
#2957=CARTESIAN_POINT('Ctrl Pts',(5.75,15.928556391972,-4.53217518972208));
#2958=CARTESIAN_POINT('Ctrl Pts',(7.75,15.928556391972,-4.53217518972208));
#2959=CARTESIAN_POINT('',(7.75000000000001,15.699327464929,-4.13141824609902));
#2960=CARTESIAN_POINT('Origin',(7.75,15.5303832552985,-4.49398941708802));
#2961=CARTESIAN_POINT('Ctrl Pts',(1.75,15.699327464929,-4.13141824609902));
#2962=CARTESIAN_POINT('Ctrl Pts',(3.75,15.699327464929,-4.13141824609902));
#2963=CARTESIAN_POINT('Ctrl Pts',(5.75,15.699327464929,-4.13141824609902));
#2964=CARTESIAN_POINT('Ctrl Pts',(7.75000000000001,15.699327464929,-4.13141824609902));
#2965=CARTESIAN_POINT('Ctrl Pts',(7.75000000000001,15.699327464929,-4.13141824609902));
#2966=CARTESIAN_POINT('Ctrl Pts',(7.95901202994162,15.699327464929,-4.13141824609902));
#2967=CARTESIAN_POINT('Ctrl Pts',(8.37726715593582,15.6454167333357,-4.10910731079458));
#2968=CARTESIAN_POINT('Ctrl Pts',(8.89188771102105,15.415163369925,-3.9564702493095));
#2969=CARTESIAN_POINT('Ctrl Pts',(9.15420078663802,15.1895266705929,-3.60614795581139));
#2970=CARTESIAN_POINT('Ctrl Pts',(9.20950954894528,15.1564410435055,-3.1589129103793));
#2971=CARTESIAN_POINT('Ctrl Pts',(9.14463636233876,15.3352120664026,-2.74776348190055));
#2972=CARTESIAN_POINT('Ctrl Pts',(8.86360311183243,15.658294206639,-2.49494399189209));
#2973=CARTESIAN_POINT('Ctrl Pts',(8.51106506002765,15.8279072726346,-2.44970924876628));
#2974=CARTESIAN_POINT('Ctrl Pts',(8.31813885942973,15.8822214776161,-2.43751002999514));
#2975=CARTESIAN_POINT('Ctrl Pts',(7.75000000000001,15.7842974628041,-4.17101099445283));
#2976=CARTESIAN_POINT('Ctrl Pts',(7.97202448592305,15.7842974628041,-4.17101099445283));
#2977=CARTESIAN_POINT('Ctrl Pts',(8.41606076399968,15.7193148643575,-4.1513797894632));
#2978=CARTESIAN_POINT('Ctrl Pts',(8.95760101811523,15.4474731886757,-3.99710328777333));
#2979=CARTESIAN_POINT('Ctrl Pts',(9.23579811114633,15.1911048326027,-3.62509365890122));
#2980=CARTESIAN_POINT('Ctrl Pts',(9.29670824505079,15.1538841430136,-3.15784972228344));
#2981=CARTESIAN_POINT('Ctrl Pts',(9.22541760699467,15.3439360082552,-2.72858857819142));
#2982=CARTESIAN_POINT('Ctrl Pts',(8.92780729723986,15.7042990864421,-2.46572552358926));
#2983=CARTESIAN_POINT('Ctrl Pts',(8.55671385643868,15.9000647497401,-2.42820304375005));
#2984=CARTESIAN_POINT('Ctrl Pts',(8.35260333802578,15.962903062505,-2.41938857714139));
#2985=CARTESIAN_POINT('Ctrl Pts',(7.75000000000001,15.9069983901028,-4.29453875474382));
#2986=CARTESIAN_POINT('Ctrl Pts',(7.99463719457498,15.9069983901028,-4.29453875474382));
#2987=CARTESIAN_POINT('Ctrl Pts',(8.48357682864465,15.8207934305196,-4.27295030164953));
#2988=CARTESIAN_POINT('Ctrl Pts',(9.07226970562798,15.4724364860994,-4.09776829612821));
#2989=CARTESIAN_POINT('Ctrl Pts',(9.37813563437841,15.1492757983177,-3.67460444717619));
#2990=CARTESIAN_POINT('Ctrl Pts',(9.44866534579329,15.0966162495687,-3.14702119960146));
#2991=CARTESIAN_POINT('Ctrl Pts',(9.36637806902572,15.3229569018002,-2.66566342406831));
#2992=CARTESIAN_POINT('Ctrl Pts',(9.03989911282005,15.7642887329286,-2.37618153599519));
#2993=CARTESIAN_POINT('Ctrl Pts',(8.63632649020653,16.0114605679393,-2.34151049039513));
#2994=CARTESIAN_POINT('Ctrl Pts',(8.41271531207902,16.0916294219891,-2.3343713770703));
#2995=CARTESIAN_POINT('Ctrl Pts',(7.75000000000001,15.9352681328918,-4.46219009448249));
#2996=CARTESIAN_POINT('Ctrl Pts',(8.0080273786659,15.9352681328918,-4.46219009448249));
#2997=CARTESIAN_POINT('Ctrl Pts',(8.52407948189435,15.8387418054722,-4.43191811380341));
#2998=CARTESIAN_POINT('Ctrl Pts',(9.15264624559697,15.4353974356656,-4.22070286481941));
#2999=CARTESIAN_POINT('Ctrl Pts',(9.47590169030357,15.042097671238,-3.73535476800619));
#3000=CARTESIAN_POINT('Ctrl Pts',(9.54705012727397,14.9683811801401,-3.12449123482088));
#3001=CARTESIAN_POINT('Ctrl Pts',(9.46380533813841,15.2440703264834,-2.57194099245248));
#3002=CARTESIAN_POINT('Ctrl Pts',(9.11806856006277,15.7711841196984,-2.24597817747354));
#3003=CARTESIAN_POINT('Ctrl Pts',(8.68732419226857,16.0584109523009,-2.19972586055607));
#3004=CARTESIAN_POINT('Ctrl Pts',(8.4502274839457,16.1511040682426,-2.18846297019555));
#3005=CARTESIAN_POINT('Ctrl Pts',(7.75000000000001,15.928556391972,-4.53217518972208));
#3006=CARTESIAN_POINT('Ctrl Pts',(8.01126503742698,15.928556391972,-4.53217518972208));
#3007=CARTESIAN_POINT('Ctrl Pts',(8.53408394491976,15.8305562705067,-4.49844367620603));
#3008=CARTESIAN_POINT('Ctrl Pts',(9.17735963877629,15.4100225679524,-4.27234410641496));
#3009=CARTESIAN_POINT('Ctrl Pts',(9.50525098329752,14.9890936920199,-3.76046608187777));
#3010=CARTESIAN_POINT('Ctrl Pts',(9.57438693618159,14.9070837253668,-3.11386402678207));
#3011=CARTESIAN_POINT('Ctrl Pts',(9.49329545292344,15.2031447933043,-2.53052443204383));
#3012=CARTESIAN_POINT('Ctrl Pts',(9.14200388979054,15.7643854201366,-2.18827311995764));
#3013=CARTESIAN_POINT('Ctrl Pts',(8.70133132503454,16.0645066900128,-2.13613139022127));
#3014=CARTESIAN_POINT('Ctrl Pts',(8.46017357428717,16.160797331162,-2.12272428088238));
#3015=CARTESIAN_POINT('',(8.31813885942973,15.8822214776161,-2.43751002999514));
#3016=CARTESIAN_POINT('Origin',(8.31813885942973,15.7945634958465,-2.04723310493797));
#3017=CARTESIAN_POINT('Ctrl Pts',(7.75000000000001,15.699327464929,-4.13141824609902));
#3018=CARTESIAN_POINT('Ctrl Pts',(7.95901202994162,15.699327464929,-4.13141824609902));
#3019=CARTESIAN_POINT('Ctrl Pts',(8.37726715593582,15.6454167333357,-4.10910731079458));
#3020=CARTESIAN_POINT('Ctrl Pts',(8.89188771102105,15.415163369925,-3.9564702493095));
#3021=CARTESIAN_POINT('Ctrl Pts',(9.15420078663802,15.1895266705929,-3.60614795581139));
#3022=CARTESIAN_POINT('Ctrl Pts',(9.20950954894528,15.1564410435055,-3.1589129103793));
#3023=CARTESIAN_POINT('Ctrl Pts',(9.14463636233876,15.3352120664026,-2.74776348190055));
#3024=CARTESIAN_POINT('Ctrl Pts',(8.86360311183243,15.658294206639,-2.49494399189209));
#3025=CARTESIAN_POINT('Ctrl Pts',(8.51106506002765,15.8279072726346,-2.44970924876628));
#3026=CARTESIAN_POINT('Ctrl Pts',(8.31813885942973,15.8822214776161,-2.43751002999514));
#3027=CARTESIAN_POINT('Origin',(8.31813885942974,15.7945634958465,-2.04723310493797));
#3028=CARTESIAN_POINT('',(8.31813885942974,16.067257155301,-1.7545931075123));
#3029=CARTESIAN_POINT('Origin',(8.31813885942974,15.7945634958465,-2.04723310493797));
#3030=CARTESIAN_POINT('Origin',(8.31813885942974,15.7945634958465,-2.04723310493797));
#3031=CARTESIAN_POINT('Origin',(9.75000000000001,15.7945634958465,-2.04723310493797));
#3032=CARTESIAN_POINT('',(1.18186114056917,16.0672571553009,-1.75459310751219));
#3033=CARTESIAN_POINT('Origin',(1.18186114056917,15.7945634958465,-2.04723310493796));
#3034=CARTESIAN_POINT('',(9.75000000000001,16.067257155301,-1.7545931075123));
#3035=CARTESIAN_POINT('',(9.75,15.8822214776161,-2.43751002999515));
#3036=CARTESIAN_POINT('Origin',(1.18186114056935,15.7945634958462,-2.04723310493768));
#3037=CARTESIAN_POINT('Origin',(1.18186114056935,15.7945634958462,-2.04723310493768));
#3038=CARTESIAN_POINT('Origin',(9.75000000000001,16.4762976444828,-1.31563311137379));
#3039=CARTESIAN_POINT('',(1.23676918256545,16.329246529328,-0.733932183463457));
#3040=CARTESIAN_POINT('Ctrl Pts',(1.23676918244512,16.3292465293001,-0.733932183470511));
#3041=CARTESIAN_POINT('Ctrl Pts',(1.11552792664783,16.3016640313579,-0.740904902418285));
#3042=CARTESIAN_POINT('Ctrl Pts',(0.886350620312239,16.2261283976749,-0.763148828930925));
#3043=CARTESIAN_POINT('Ctrl Pts',(0.629352980454265,16.0688046328091,-0.858512609136757));
#3044=CARTESIAN_POINT('Ctrl Pts',(0.500506830483607,15.9263927712477,-1.03790824723904));
#3045=CARTESIAN_POINT('Ctrl Pts',(0.492012783232042,15.8620372210828,-1.27084398500962));
#3046=CARTESIAN_POINT('Ctrl Pts',(0.583203358280259,15.8865827845991,-1.46250580283356));
#3047=CARTESIAN_POINT('Ctrl Pts',(0.789171388464058,15.9637369105541,-1.64864665347891));
#3048=CARTESIAN_POINT('Ctrl Pts',(1.00343239965912,16.0324276591263,-1.72213758929061));
#3049=CARTESIAN_POINT('Ctrl Pts',(1.18186114057027,16.067257155301,-1.75459310751229));
#3050=CARTESIAN_POINT('',(8.26323081755444,16.3292465293002,-0.733932183470489));
#3051=CARTESIAN_POINT('',(9.75000000000001,16.329246529328,-0.733932183463462));
#3052=CARTESIAN_POINT('Ctrl Pts',(8.31813885942973,16.067257155301,-1.7545931075123));
#3053=CARTESIAN_POINT('Ctrl Pts',(8.49656760034092,16.0324276591263,-1.72213758929061));
#3054=CARTESIAN_POINT('Ctrl Pts',(8.71082848412245,15.9637128661686,-1.6486158600652));
#3055=CARTESIAN_POINT('Ctrl Pts',(8.91679651826041,15.8865654952837,-1.46248115561594));
#3056=CARTESIAN_POINT('Ctrl Pts',(9.00798700686842,15.862018911693,-1.27081448809295));
#3057=CARTESIAN_POINT('Ctrl Pts',(8.99949375315066,15.9263785390287,-1.03788277255268));
#3058=CARTESIAN_POINT('Ctrl Pts',(8.87064783977549,16.0687961967113,-0.858495751668094));
#3059=CARTESIAN_POINT('Ctrl Pts',(8.61365076320302,16.2261222116586,-0.76313561601976));
#3060=CARTESIAN_POINT('Ctrl Pts',(8.38447207335177,16.301664031358,-0.740904902418253));
#3061=CARTESIAN_POINT('Ctrl Pts',(8.26323081755444,16.3292465293002,-0.733932183470489));
#3062=CARTESIAN_POINT('Ctrl Pts',(1.23676918244512,16.3292465293001,-0.733932183470511));
#3063=CARTESIAN_POINT('Ctrl Pts',(1.11552792664783,16.3016640313579,-0.740904902418285));
#3064=CARTESIAN_POINT('Ctrl Pts',(0.886350620312239,16.2261283976749,-0.763148828930925));
#3065=CARTESIAN_POINT('Ctrl Pts',(0.629352980454265,16.0688046328091,-0.858512609136757));
#3066=CARTESIAN_POINT('Ctrl Pts',(0.500506830483607,15.9263927712477,-1.03790824723904));
#3067=CARTESIAN_POINT('Ctrl Pts',(0.492012783232042,15.8620372210828,-1.27084398500962));
#3068=CARTESIAN_POINT('Ctrl Pts',(0.583203358280259,15.8865827845991,-1.46250580283356));
#3069=CARTESIAN_POINT('Ctrl Pts',(0.789171388464058,15.9637369105541,-1.64864665347891));
#3070=CARTESIAN_POINT('Ctrl Pts',(1.00343239965912,16.0324276591263,-1.72213758929061));
#3071=CARTESIAN_POINT('Ctrl Pts',(1.18186114057027,16.067257155301,-1.75459310751229));
#3072=CARTESIAN_POINT('Ctrl Pts',(1.20687349825885,16.4033559795097,-0.715197681295693));
#3073=CARTESIAN_POINT('Ctrl Pts',(1.07890140603028,16.3700513793165,-0.719843004100465));
#3074=CARTESIAN_POINT('Ctrl Pts',(0.837736301319108,16.2790481616133,-0.736902848732564));
#3075=CARTESIAN_POINT('Ctrl Pts',(0.568054265956832,16.0927657722822,-0.83306721233909));
#3076=CARTESIAN_POINT('Ctrl Pts',(0.432275444237546,15.9291435539529,-1.02599868905481));
#3077=CARTESIAN_POINT('Ctrl Pts',(0.423281295847481,15.8586650919906,-1.27910054033079));
#3078=CARTESIAN_POINT('Ctrl Pts',(0.519468358367297,15.8914306594619,-1.48901728790294));
#3079=CARTESIAN_POINT('Ctrl Pts',(0.735828575019787,15.9891819650812,-1.69275665341155));
#3080=CARTESIAN_POINT('Ctrl Pts',(0.960756394792987,16.0765772888211,-1.77137691984033));
#3081=CARTESIAN_POINT('Ctrl Pts',(1.14894762264683,16.1214061700348,-1.80505132618881));
#3082=CARTESIAN_POINT('Ctrl Pts',(1.15467634967138,16.5215566382197,-0.638212034139727));
#3083=CARTESIAN_POINT('Ctrl Pts',(1.01495084907887,16.4768331249036,-0.64185230597725));
#3084=CARTESIAN_POINT('Ctrl Pts',(0.752805749323069,16.3554891976774,-0.657349954316385));
#3085=CARTESIAN_POINT('Ctrl Pts',(0.460899156079476,16.1132082924114,-0.765165490688868));
#3086=CARTESIAN_POINT('Ctrl Pts',(0.313006954219643,15.9055597635152,-0.990889318173743));
#3087=CARTESIAN_POINT('Ctrl Pts',(0.303140484684866,15.8208273549027,-1.29152926029343));
#3088=CARTESIAN_POINT('Ctrl Pts',(0.408053816844816,15.8694028155907,-1.54309380146315));
#3089=CARTESIAN_POINT('Ctrl Pts',(0.642606893120783,16.0040218666155,-1.78884904548993));
#3090=CARTESIAN_POINT('Ctrl Pts',(0.886227091297743,16.123618872516,-1.8844977715303));
#3091=CARTESIAN_POINT('Ctrl Pts',(1.09147458932871,16.1856621763053,-1.92567488953588));
#3092=CARTESIAN_POINT('Ctrl Pts',(1.1190831328342,16.5826762244402,-0.508651538451572));
#3093=CARTESIAN_POINT('Ctrl Pts',(0.970485469071881,16.5294781250763,-0.515455520794227));
#3094=CARTESIAN_POINT('Ctrl Pts',(0.690590074401898,16.384664894714,-0.539540969010179));
#3095=CARTESIAN_POINT('Ctrl Pts',(0.37779216779857,16.0916132556273,-0.67087262321475));
#3096=CARTESIAN_POINT('Ctrl Pts',(0.22018671169072,15.8372529351816,-0.938346905074963));
#3097=CARTESIAN_POINT('Ctrl Pts',(0.209736358854768,15.7354285100776,-1.29714644855072));
#3098=CARTESIAN_POINT('Ctrl Pts',(0.32140883092651,15.7985580650193,-1.59845401653492));
#3099=CARTESIAN_POINT('Ctrl Pts',(0.572403191067788,15.9636395155439,-1.89444786616996));
#3100=CARTESIAN_POINT('Ctrl Pts',(0.833330506811641,16.1050802316724,-2.01308312921208));
#3101=CARTESIAN_POINT('Ctrl Pts',(1.05182616576191,16.1772494352651,-2.06548663059539));
#3102=CARTESIAN_POINT('Ctrl Pts',(1.1084614780564,16.595719656589,-0.449435152270976));
#3103=CARTESIAN_POINT('Ctrl Pts',(0.956909908309788,16.5399716774187,-0.457908294701277));
#3104=CARTESIAN_POINT('Ctrl Pts',(0.670438275390297,16.3876545352614,-0.486421324578994));
#3105=CARTESIAN_POINT('Ctrl Pts',(0.349191225567831,16.075505376511,-0.628627845956336));
#3106=CARTESIAN_POINT('Ctrl Pts',(0.1881335381045,15.8020319418285,-0.914320221261181));
#3107=CARTESIAN_POINT('Ctrl Pts',(0.177515979040047,15.692920974365,-1.29814453844641));
#3108=CARTESIAN_POINT('Ctrl Pts',(0.291504197850316,15.7615923115913,-1.62068761692125));
#3109=CARTESIAN_POINT('Ctrl Pts',(0.548964235580061,15.9377675297453,-1.9378592586381));
#3110=CARTESIAN_POINT('Ctrl Pts',(0.816790499573897,16.086021025746,-2.06585364672989));
#3111=CARTESIAN_POINT('Ctrl Pts',(1.03982642571284,16.160797331162,-2.12272428088238));
#3112=CARTESIAN_POINT('Origin',(1.23676918244512,16.2312124525117,-0.346131564868329));
#3113=CARTESIAN_POINT('Origin',(9.75,16.0794519365976,-3.31563311137379));
#3114=CARTESIAN_POINT('Ctrl Pts',(8.31813885942973,16.067257155301,-1.7545931075123));
#3115=CARTESIAN_POINT('Ctrl Pts',(8.49656760034092,16.0324276591263,-1.72213758929061));
#3116=CARTESIAN_POINT('Ctrl Pts',(8.71082848412245,15.9637128661686,-1.6486158600652));
#3117=CARTESIAN_POINT('Ctrl Pts',(8.91679651826041,15.8865654952837,-1.46248115561594));
#3118=CARTESIAN_POINT('Ctrl Pts',(9.00798700686842,15.862018911693,-1.27081448809295));
#3119=CARTESIAN_POINT('Ctrl Pts',(8.99949375315066,15.9263785390287,-1.03788277255268));
#3120=CARTESIAN_POINT('Ctrl Pts',(8.87064783977549,16.0687961967113,-0.858495751668094));
#3121=CARTESIAN_POINT('Ctrl Pts',(8.61365076320302,16.2261222116586,-0.76313561601976));
#3122=CARTESIAN_POINT('Ctrl Pts',(8.38447207335177,16.301664031358,-0.740904902418253));
#3123=CARTESIAN_POINT('Ctrl Pts',(8.26323081755444,16.3292465293002,-0.733932183470489));
#3124=CARTESIAN_POINT('Ctrl Pts',(8.35105237735318,16.1214061700348,-1.80505132618881));
#3125=CARTESIAN_POINT('Ctrl Pts',(8.53924360520705,16.0765772888211,-1.77137691984033));
#3126=CARTESIAN_POINT('Ctrl Pts',(8.76417061043126,15.9891524012925,-1.69271524274579));
#3127=CARTESIAN_POINT('Ctrl Pts',(8.98053096548063,15.891409134726,-1.48898393068652));
#3128=CARTESIAN_POINT('Ctrl Pts',(9.0767178408787,15.8586420318815,-1.2790604367648));
#3129=CARTESIAN_POINT('Ctrl Pts',(9.06772456319157,15.9291252267207,-1.02596363994846));
#3130=CARTESIAN_POINT('Ctrl Pts',(8.9319461635312,16.0927546217785,-0.833043751349557));
#3131=CARTESIAN_POINT('Ctrl Pts',(8.66226477236812,16.2790397373984,-0.736884267994495));
#3132=CARTESIAN_POINT('Ctrl Pts',(8.42109859396929,16.3700513793167,-0.719843004100442));
#3133=CARTESIAN_POINT('Ctrl Pts',(8.29312650174068,16.4033559795099,-0.71519768129568));
#3134=CARTESIAN_POINT('Ctrl Pts',(8.40852327415094,16.1856533185289,-1.92567734772825));
#3135=CARTESIAN_POINT('Ctrl Pts',(8.61377077218195,16.1236100147396,-1.88450022972266));
#3136=CARTESIAN_POINT('Ctrl Pts',(8.85738875014719,16.0039826556993,-1.78880180658453));
#3137=CARTESIAN_POINT('Ctrl Pts',(9.09194223010895,15.8693727349004,-1.54305604747627));
#3138=CARTESIAN_POINT('Ctrl Pts',(9.19685513128651,15.820796803624,-1.29148281911445));
#3139=CARTESIAN_POINT('Ctrl Pts',(9.18698968685867,15.9055346344306,-0.990848430263281));
#3140=CARTESIAN_POINT('Ctrl Pts',(9.03909834197598,16.1131907426242,-0.765135823430125));
#3141=CARTESIAN_POINT('Ctrl Pts',(8.74719251086282,16.3554743954163,-0.657325292367778));
#3142=CARTESIAN_POINT('Ctrl Pts',(8.48504711071597,16.4768260557389,-0.641845626941476));
#3143=CARTESIAN_POINT('Ctrl Pts',(8.34532161012342,16.521549569055,-0.638205355103964));
#3144=CARTESIAN_POINT('Ctrl Pts',(8.4481738342381,16.1772494352651,-2.0654866305954));
#3145=CARTESIAN_POINT('Ctrl Pts',(8.6666694931884,16.1050802316724,-2.01308312921207));
#3146=CARTESIAN_POINT('Ctrl Pts',(8.92759561260757,15.9635924279745,-1.89439627814836));
#3147=CARTESIAN_POINT('Ctrl Pts',(9.1785901919481,15.7985237630429,-1.5984128383856));
#3148=CARTESIAN_POINT('Ctrl Pts',(9.29026241541967,15.7353916522904,-1.29709732971116));
#3149=CARTESIAN_POINT('Ctrl Pts',(9.27981309798412,15.8372237509489,-0.938304552640504));
#3150=CARTESIAN_POINT('Ctrl Pts',(9.1222081974805,16.0915956142129,-0.670844651102549));
#3151=CARTESIAN_POINT('Ctrl Pts',(8.80941104972766,16.3846517180658,-0.539519058773579));
#3152=CARTESIAN_POINT('Ctrl Pts',(8.52951453092762,16.5294781250765,-0.515455520794193));
#3153=CARTESIAN_POINT('Ctrl Pts',(8.38091686716525,16.5826762244404,-0.508651538451551));
#3154=CARTESIAN_POINT('Ctrl Pts',(8.46017357428716,16.160797331162,-2.12272428088238));
#3155=CARTESIAN_POINT('Ctrl Pts',(8.68320950042614,16.086021025746,-2.06585364672989));
#3156=CARTESIAN_POINT('Ctrl Pts',(8.95103560515306,15.9377155445266,-1.93780591377585));
#3157=CARTESIAN_POINT('Ctrl Pts',(9.20849564782552,15.7615546966861,-1.62064504440689));
#3158=CARTESIAN_POINT('Ctrl Pts',(9.32248375858553,15.6928808259429,-1.29809373211349));
#3159=CARTESIAN_POINT('Ctrl Pts',(9.31186719143833,15.8020004809278,-0.914276455125879));
#3160=CARTESIAN_POINT('Ctrl Pts',(9.15080979971936,16.0754865549998,-0.628598951167853));
#3161=CARTESIAN_POINT('Ctrl Pts',(8.82956345400377,16.3876406451642,-0.486398686645987));
#3162=CARTESIAN_POINT('Ctrl Pts',(8.54309009168971,16.5399716774189,-0.457908294701235));
#3163=CARTESIAN_POINT('Ctrl Pts',(8.39153852194304,16.5957196565892,-0.449435152270949));
#3164=CARTESIAN_POINT('Origin',(8.26323081755444,16.2312124525118,-0.34613156486829));
#3165=CARTESIAN_POINT('Origin',(8.2632308175434,16.2312124525293,-0.346131564820415));
#3166=CARTESIAN_POINT('',(8.2632308175434,16.5437451858572,-0.0964852337867099));
#3167=CARTESIAN_POINT('Origin',(8.2632308175434,16.2312124525293,-0.346131564820415));
#3168=CARTESIAN_POINT('Origin',(8.2632308175434,16.2312124525293,-0.346131564820415));
#3169=CARTESIAN_POINT('Origin',(9.75000000000001,16.2312124525582,-0.346131564856577));
#3170=CARTESIAN_POINT('',(1.23676918256545,16.5437451858723,-0.0964852338056489));
#3171=CARTESIAN_POINT('Origin',(1.23676918256545,16.2312124525582,-0.346131564856572));
#3172=CARTESIAN_POINT('',(9.75000000000001,16.5437451858725,-0.0964852338058541));
#3173=CARTESIAN_POINT('Origin',(1.2367691825658,16.2312124525577,-0.346131564855927));
#3174=CARTESIAN_POINT('Origin',(1.2367691825658,16.2312124525577,-0.346131564855927));
#3175=CARTESIAN_POINT('Origin',(9.75000000000001,16.8953445108511,0.18436688862621));
#3176=CARTESIAN_POINT('',(1.75000000000001,16.8188591832222,0.6278192475753));
#3177=CARTESIAN_POINT('Ctrl Pts',(1.75,16.8188591832222,0.627819247575301));
#3178=CARTESIAN_POINT('Ctrl Pts',(1.62122203914626,16.8188591832222,0.627819247575301));
#3179=CARTESIAN_POINT('Ctrl Pts',(1.36361570426575,16.8002621777566,0.625098306883035));
#3180=CARTESIAN_POINT('Ctrl Pts',(1.00768297552878,16.7168683720083,0.602734583900679));
#3181=CARTESIAN_POINT('Ctrl Pts',(0.731724629207173,16.5855196259964,0.527076970619585));
#3182=CARTESIAN_POINT('Ctrl Pts',(0.61069688405779,16.4636137644161,0.361557698760224));
#3183=CARTESIAN_POINT('Ctrl Pts',(0.66743644006963,16.4320887757187,0.149781433250937));
#3184=CARTESIAN_POINT('Ctrl Pts',(0.894439692714491,16.4847500636252,-0.0169774731983318));
#3185=CARTESIAN_POINT('Ctrl Pts',(1.11788397972998,16.5273923201832,-0.0760130490558927));
#3186=CARTESIAN_POINT('Ctrl Pts',(1.23676918256579,16.5437451858722,-0.0964852338055065));
#3187=CARTESIAN_POINT('',(7.75000000000001,16.8188591832222,0.627819247575297));
#3188=CARTESIAN_POINT('Ctrl Pts',(7.75000000000001,16.8188591832222,0.627819247575297));
#3189=CARTESIAN_POINT('Ctrl Pts',(5.75,16.8188591832222,0.627819247575298));
#3190=CARTESIAN_POINT('Ctrl Pts',(3.75000000000001,16.8188591832222,0.627819247575299));
#3191=CARTESIAN_POINT('Ctrl Pts',(1.75000000000001,16.8188591832222,0.6278192475753));
#3192=CARTESIAN_POINT('Ctrl Pts',(8.2632308175434,16.5437451858572,-0.0964852337867101));
#3193=CARTESIAN_POINT('Ctrl Pts',(8.38212450761378,16.5273911527309,-0.076011587517898));
#3194=CARTESIAN_POINT('Ctrl Pts',(8.60557344928575,16.4847568052447,-0.0169618756284525));
#3195=CARTESIAN_POINT('Ctrl Pts',(8.83257999837813,16.43209919134,0.149812126863769));
#3196=CARTESIAN_POINT('Ctrl Pts',(8.88933119362712,16.4636354571925,0.361604183850776));
#3197=CARTESIAN_POINT('Ctrl Pts',(8.7682875617744,16.5855404150616,0.527129276806691));
#3198=CARTESIAN_POINT('Ctrl Pts',(8.49240632981225,16.7168866616047,0.602811666445164));
#3199=CARTESIAN_POINT('Ctrl Pts',(8.22538857191189,16.7794350485254,0.619581685007074));
#3200=CARTESIAN_POINT('Ctrl Pts',(7.97550453813942,16.8118952447346,0.62686494302431));
#3201=CARTESIAN_POINT('Ctrl Pts',(7.84658277443096,16.8188591832222,0.627819247575297));
#3202=CARTESIAN_POINT('Ctrl Pts',(7.75000000000001,16.8188591832222,0.627819247575297));
#3203=CARTESIAN_POINT('Ctrl Pts',(1.75,16.8188591832222,0.627819247575301));
#3204=CARTESIAN_POINT('Ctrl Pts',(1.62122203914626,16.8188591832222,0.627819247575301));
#3205=CARTESIAN_POINT('Ctrl Pts',(1.36361570426575,16.8002621777566,0.625098306883035));
#3206=CARTESIAN_POINT('Ctrl Pts',(1.00768297552878,16.7168683720083,0.602734583900679));
#3207=CARTESIAN_POINT('Ctrl Pts',(0.731724629207173,16.5855196259964,0.527076970619585));
#3208=CARTESIAN_POINT('Ctrl Pts',(0.61069688405779,16.4636137644161,0.361557698760224));
#3209=CARTESIAN_POINT('Ctrl Pts',(0.66743644006963,16.4320887757187,0.149781433250937));
#3210=CARTESIAN_POINT('Ctrl Pts',(0.894439692714491,16.4847500636252,-0.0169774731983318));
#3211=CARTESIAN_POINT('Ctrl Pts',(1.11788397972998,16.5273923201832,-0.0760130490558927));
#3212=CARTESIAN_POINT('Ctrl Pts',(1.23676918256579,16.5437451858722,-0.0964852338055065));
#3213=CARTESIAN_POINT('Ctrl Pts',(1.75,16.8989141992403,0.641626895691063));
#3214=CARTESIAN_POINT('Ctrl Pts',(1.61374595628005,16.8989141992403,0.641626895691063));
#3215=CARTESIAN_POINT('Ctrl Pts',(1.34121261629407,16.8753677614312,0.641683556249373));
#3216=CARTESIAN_POINT('Ctrl Pts',(0.966681902500816,16.7703070644366,0.627809437889088));
#3217=CARTESIAN_POINT('Ctrl Pts',(0.6777204367367,16.6072797957334,0.552079468759639));
#3218=CARTESIAN_POINT('Ctrl Pts',(0.550818701857178,16.4614350609262,0.367779657972625));
#3219=CARTESIAN_POINT('Ctrl Pts',(0.610368877028416,16.4295486704951,0.126901068794498));
#3220=CARTESIAN_POINT('Ctrl Pts',(0.848042069053887,16.5042890997334,-0.0632864002866439));
#3221=CARTESIAN_POINT('Ctrl Pts',(1.08262851978234,16.5640998084389,-0.128498235526542));
#3222=CARTESIAN_POINT('Ctrl Pts',(1.20785454453481,16.5870938455927,-0.15075350624897));
#3223=CARTESIAN_POINT('Ctrl Pts',(1.75,17.0311019840093,0.709794964119298));
#3224=CARTESIAN_POINT('Ctrl Pts',(1.60071445250603,17.0311019840093,0.709794964119298));
#3225=CARTESIAN_POINT('Ctrl Pts',(1.30214267087025,16.9974609304977,0.71180979628833));
#3226=CARTESIAN_POINT('Ctrl Pts',(0.89506995674002,16.8502177514566,0.701091641897239));
#3227=CARTESIAN_POINT('Ctrl Pts',(0.583297558406542,16.6283138241126,0.613636260172413));
#3228=CARTESIAN_POINT('Ctrl Pts',(0.446102516827102,16.4362770200792,0.387283932126949));
#3229=CARTESIAN_POINT('Ctrl Pts',(0.510562057903239,16.4015208867373,0.0854655507283186));
#3230=CARTESIAN_POINT('Ctrl Pts',(0.766931882890328,16.5120148522891,-0.156302894486577));
#3231=CARTESIAN_POINT('Ctrl Pts',(1.02102499637332,16.5992897327002,-0.24050487860316));
#3232=CARTESIAN_POINT('Ctrl Pts',(1.15733612595044,16.6330010215605,-0.269396253098802));
#3233=CARTESIAN_POINT('Ctrl Pts',(1.75,17.1088386415773,0.833393079734859));
#3234=CARTESIAN_POINT('Ctrl Pts',(1.59173023324345,17.1088386415773,0.833393079734859));
#3235=CARTESIAN_POINT('Ctrl Pts',(1.27515934706305,17.0682261071582,0.8326536361123));
#3236=CARTESIAN_POINT('Ctrl Pts',(0.840500423081598,16.8891420974404,0.80938500695136));
#3237=CARTESIAN_POINT('Ctrl Pts',(0.505509920457154,16.6161485381956,0.696328326256405));
#3238=CARTESIAN_POINT('Ctrl Pts',(0.358368814364317,16.3773741223672,0.419090836594404));
#3239=CARTESIAN_POINT('Ctrl Pts',(0.427427807698474,16.3365799695723,0.048199213400038));
#3240=CARTESIAN_POINT('Ctrl Pts',(0.702935367157043,16.4724625836435,-0.251939166918056));
#3241=CARTESIAN_POINT('Ctrl Pts',(0.975053656464666,16.5752375377783,-0.360049425868439));
#3242=CARTESIAN_POINT('Ctrl Pts',(1.12040653144372,16.6146080016329,-0.397623829957416));
#3243=CARTESIAN_POINT('Ctrl Pts',(1.75,17.1287986579299,0.89095862638631));
#3244=CARTESIAN_POINT('Ctrl Pts',(1.58902754893282,17.1287986579299,0.89095862638631));
#3245=CARTESIAN_POINT('Ctrl Pts',(1.26701963033218,17.086315409821,0.888644734251447));
#3246=CARTESIAN_POINT('Ctrl Pts',(0.822103719410983,16.8973016147216,0.858693579828572));
#3247=CARTESIAN_POINT('Ctrl Pts',(0.477155786508972,16.6053624222398,0.733612898347442));
#3248=CARTESIAN_POINT('Ctrl Pts',(0.325871105072245,16.3473966309523,0.434223540127638));
#3249=CARTESIAN_POINT('Ctrl Pts',(0.396795550087041,16.3036332896347,0.0337725565422438));
#3250=CARTESIAN_POINT('Ctrl Pts',(0.680549615893119,16.4481689719155,-0.290789728467507));
#3251=CARTESIAN_POINT('Ctrl Pts',(0.959854974662471,16.5550266632413,-0.408444609943313));
#3252=CARTESIAN_POINT('Ctrl Pts',(1.10846147820724,16.5957196566447,-0.44943515226172));
#3253=CARTESIAN_POINT('Origin',(1.75000000000001,16.7508722253299,1.02199912219671));
#3254=CARTESIAN_POINT('Ctrl Pts',(8.2632308175434,16.5437451858572,-0.0964852337867101));
#3255=CARTESIAN_POINT('Ctrl Pts',(8.38212450761378,16.5273911527309,-0.076011587517898));
#3256=CARTESIAN_POINT('Ctrl Pts',(8.60557344928575,16.4847568052447,-0.0169618756284525));
#3257=CARTESIAN_POINT('Ctrl Pts',(8.83257999837813,16.43209919134,0.149812126863769));
#3258=CARTESIAN_POINT('Ctrl Pts',(8.88933119362712,16.4636354571925,0.361604183850776));
#3259=CARTESIAN_POINT('Ctrl Pts',(8.7682875617744,16.5855404150616,0.527129276806691));
#3260=CARTESIAN_POINT('Ctrl Pts',(8.49240632981225,16.7168866616047,0.602811666445164));
#3261=CARTESIAN_POINT('Ctrl Pts',(8.22538857191189,16.7794350485254,0.619581685007074));
#3262=CARTESIAN_POINT('Ctrl Pts',(7.97550453813942,16.8118952447346,0.62686494302431));
#3263=CARTESIAN_POINT('Ctrl Pts',(7.84658277443096,16.8188591832222,0.627819247575297));
#3264=CARTESIAN_POINT('Ctrl Pts',(7.75000000000001,16.8188591832222,0.627819247575297));
#3265=CARTESIAN_POINT('Ctrl Pts',(8.29214545558021,16.5870938455716,-0.150753506228516));
#3266=CARTESIAN_POINT('Ctrl Pts',(8.41738042023938,16.5640981668649,-0.128496646691232));
#3267=CARTESIAN_POINT('Ctrl Pts',(8.65196999940739,16.5042951347612,-0.0632606844707128));
#3268=CARTESIAN_POINT('Ctrl Pts',(8.88964634150125,16.4295595623771,0.126950496003883));
#3269=CARTESIAN_POINT('Ctrl Pts',(8.94920633781091,16.4614571842812,0.367850574563));
#3270=CARTESIAN_POINT('Ctrl Pts',(8.82228937313732,16.6073052588446,0.552170214253725));
#3271=CARTESIAN_POINT('Ctrl Pts',(8.53340075814817,16.7703209274268,0.627918071703804));
#3272=CARTESIAN_POINT('Ctrl Pts',(8.25243943115507,16.849131846768,0.638344907229688));
#3273=CARTESIAN_POINT('Ctrl Pts',(7.98856984344804,16.8900834153638,0.641725394379214));
#3274=CARTESIAN_POINT('Ctrl Pts',(7.85218979616284,16.8989141992403,0.64162689569106));
#3275=CARTESIAN_POINT('Ctrl Pts',(7.75000000000001,16.8989141992403,0.64162689569106));
#3276=CARTESIAN_POINT('Ctrl Pts',(8.34266262430247,16.6329949908646,-0.269397227695235));
#3277=CARTESIAN_POINT('Ctrl Pts',(8.47898348515344,16.5992812953428,-0.240503790630108));
#3278=CARTESIAN_POINT('Ctrl Pts',(8.73307638884531,16.5120182612893,-0.156276727201644));
#3279=CARTESIAN_POINT('Ctrl Pts',(8.98944842320204,16.4015290906538,0.0855168984044422));
#3280=CARTESIAN_POINT('Ctrl Pts',(9.05391463465574,16.4363021246176,0.387360181454036));
#3281=CARTESIAN_POINT('Ctrl Pts',(8.91670369297837,16.6283376303905,0.613727718015233));
#3282=CARTESIAN_POINT('Ctrl Pts',(8.60499971912473,16.8502338438496,0.701217099277305));
#3283=CARTESIAN_POINT('Ctrl Pts',(8.29963605003259,16.9606729597797,0.709261786390347));
#3284=CARTESIAN_POINT('Ctrl Pts',(8.01135333297057,17.0184908466388,0.710651810313412));
#3285=CARTESIAN_POINT('Ctrl Pts',(7.86196335354143,17.0310961610663,0.709801048258203));
#3286=CARTESIAN_POINT('Ctrl Pts',(7.75000000000001,17.0310961610663,0.709801048258203));
#3287=CARTESIAN_POINT('Ctrl Pts',(8.37959346868978,16.6146080015967,-0.397623829922919));
#3288=CARTESIAN_POINT('Ctrl Pts',(8.52495672043467,16.5752347270698,-0.360046743379123));
#3289=CARTESIAN_POINT('Ctrl Pts',(8.79707812462374,16.4724729596047,-0.251910880445578));
#3290=CARTESIAN_POINT('Ctrl Pts',(9.07258918618615,16.3365952606306,0.0482547805245832));
#3291=CARTESIAN_POINT('Ctrl Pts',(9.14165895403908,16.3774107138309,0.419173804298363));
#3292=CARTESIAN_POINT('Ctrl Pts',(8.99450036581332,16.6161808464812,0.696423429597911));
#3293=CARTESIAN_POINT('Ctrl Pts',(8.65959254930923,16.8891697792317,0.80952324039812));
#3294=CARTESIAN_POINT('Ctrl Pts',(8.3335266845517,17.0234841848872,0.826972692303109));
#3295=CARTESIAN_POINT('Ctrl Pts',(8.02711461051569,17.0936256917537,0.833231876514508));
#3296=CARTESIAN_POINT('Ctrl Pts',(7.86870146941718,17.1088386415773,0.833393079734855));
#3297=CARTESIAN_POINT('Ctrl Pts',(7.75000000000001,17.1088386415773,0.833393079734855));
#3298=CARTESIAN_POINT('Ctrl Pts',(8.39153852192925,16.5957196566073,-0.44943515222408));
#3299=CARTESIAN_POINT('Ctrl Pts',(8.54015563451722,16.5550237581156,-0.408441683571188));
#3300=CARTESIAN_POINT('Ctrl Pts',(8.81946681160716,16.4481821242862,-0.290760846092634));
#3301=CARTESIAN_POINT('Ctrl Pts',(9.10322499797267,16.3036527621863,0.0338297778939337));
#3302=CARTESIAN_POINT('Ctrl Pts',(9.17416399203389,16.3474397419668,0.434309634330558));
#3303=CARTESIAN_POINT('Ctrl Pts',(9.022859452218,16.6054026152571,0.733709964588145));
#3304=CARTESIAN_POINT('Ctrl Pts',(8.6780079122653,16.897332544977,0.858839419114045));
#3305=CARTESIAN_POINT('Ctrl Pts',(8.34423571488986,17.0391002781115,0.881295890800984));
#3306=CARTESIAN_POINT('Ctrl Pts',(8.03188067267427,17.1128808214997,0.890217344341307));
#3307=CARTESIAN_POINT('Ctrl Pts',(7.87072846803869,17.1287986579299,0.890958626386305));
#3308=CARTESIAN_POINT('Ctrl Pts',(7.75000000000001,17.1287986579299,0.890958626386305));
#3309=CARTESIAN_POINT('Origin',(7.75000000000001,16.7508722253299,1.02199912219671));
#3310=CARTESIAN_POINT('Ctrl Pts',(7.75000000000001,16.8188591832222,0.627819247575297));
#3311=CARTESIAN_POINT('Ctrl Pts',(5.75,16.8188591832222,0.627819247575298));
#3312=CARTESIAN_POINT('Ctrl Pts',(3.75000000000001,16.8188591832222,0.627819247575299));
#3313=CARTESIAN_POINT('Ctrl Pts',(1.75000000000001,16.8188591832222,0.6278192475753));
#3314=CARTESIAN_POINT('Ctrl Pts',(7.75000000000001,16.8989141992403,0.64162689569106));
#3315=CARTESIAN_POINT('Ctrl Pts',(5.75000000000001,16.8989141992403,0.641626895691061));
#3316=CARTESIAN_POINT('Ctrl Pts',(3.75,16.8989141992403,0.641626895691062));
#3317=CARTESIAN_POINT('Ctrl Pts',(1.75000000000001,16.8989141992403,0.641626895691063));
#3318=CARTESIAN_POINT('Ctrl Pts',(7.75000000000001,17.0310966206214,0.709800568089193));
#3319=CARTESIAN_POINT('Ctrl Pts',(5.75000000000001,17.0310966206214,0.709800568089195));
#3320=CARTESIAN_POINT('Ctrl Pts',(3.75000000000001,17.0310966206214,0.709800568089196));
#3321=CARTESIAN_POINT('Ctrl Pts',(1.75000000000001,17.0310966206214,0.709800568089197));
#3322=CARTESIAN_POINT('Ctrl Pts',(7.75000000000001,17.1088386415773,0.833393079734855));
#3323=CARTESIAN_POINT('Ctrl Pts',(5.75000000000001,17.1088386415773,0.833393079734856));
#3324=CARTESIAN_POINT('Ctrl Pts',(3.75,17.1088386415773,0.833393079734858));
#3325=CARTESIAN_POINT('Ctrl Pts',(1.75000000000001,17.1088386415773,0.833393079734859));
#3326=CARTESIAN_POINT('Ctrl Pts',(7.75000000000001,17.1287986579299,0.890958626386306));
#3327=CARTESIAN_POINT('Ctrl Pts',(5.75000000000001,17.1287986579299,0.890958626386307));
#3328=CARTESIAN_POINT('Ctrl Pts',(3.75000000000001,17.1287986579299,0.890958626386308));
#3329=CARTESIAN_POINT('Ctrl Pts',(1.75000000000001,17.1287986579299,0.89095862638631));
#3330=CARTESIAN_POINT('Ctrl Pts',(1.75000000000001,17.1287986579299,0.89095862638631));
#3331=CARTESIAN_POINT('Ctrl Pts',(3.75000000000001,17.1287986579299,0.890958626386308));
#3332=CARTESIAN_POINT('Ctrl Pts',(5.75000000000001,17.1287986579299,0.890958626386307));
#3333=CARTESIAN_POINT('Ctrl Pts',(7.75000000000001,17.1287986579299,0.890958626386306));
#3334=CARTESIAN_POINT('Ctrl Pts',(9.75,17.5,-15.1056331113738));
#3335=CARTESIAN_POINT('Ctrl Pts',(-34.8750000000001,17.5,-15.1056331113738));
#3336=CARTESIAN_POINT('Ctrl Pts',(9.75,14.1582631241603,-6.60563311137379));
#3337=CARTESIAN_POINT('Ctrl Pts',(-34.875,14.1582631241603,-6.60563311137376));
#3338=CARTESIAN_POINT('Ctrl Pts',(9.75000000000001,17.5,1.89436688862621));
#3339=CARTESIAN_POINT('Ctrl Pts',(-34.875,17.5,1.89436688862624));
#3340=CARTESIAN_POINT('Ctrl Pts',(1.75,17.129865470944,-14.1053009526896));
#3341=CARTESIAN_POINT('Ctrl Pts',(3.75,17.129865470944,-14.1053009526896));
#3342=CARTESIAN_POINT('Ctrl Pts',(5.75,17.129865470944,-14.1053009526896));
#3343=CARTESIAN_POINT('Ctrl Pts',(7.75,17.129865470944,-14.1053009526896));
#3344=CARTESIAN_POINT('Ctrl Pts',(9.75,17.5,-15.1056331113738));
#3345=CARTESIAN_POINT('Ctrl Pts',(-34.8750000000001,17.5,-15.1056331113738));
#3346=CARTESIAN_POINT('Ctrl Pts',(9.75,14.1582631241603,-6.60563311137379));
#3347=CARTESIAN_POINT('Ctrl Pts',(-34.875,14.1582631241603,-6.60563311137376));
#3348=CARTESIAN_POINT('Ctrl Pts',(9.75000000000001,17.5,1.89436688862621));
#3349=CARTESIAN_POINT('Ctrl Pts',(-34.875,17.5,1.89436688862624));
#3350=CARTESIAN_POINT('Ctrl Pts',(7.75000000000001,17.129865470944,0.894034729941997));
#3351=CARTESIAN_POINT('Ctrl Pts',(5.75,17.129865470944,0.894034729941998));
#3352=CARTESIAN_POINT('Ctrl Pts',(3.75000000000001,17.129865470944,0.894034729941998));
#3353=CARTESIAN_POINT('Ctrl Pts',(1.75,17.129865470944,0.894034729941998));
#3354=CARTESIAN_POINT('Ctrl Pts',(-0.249999999999996,14.9113005782349,0.537723206642146));
#3355=CARTESIAN_POINT('Ctrl Pts',(-0.249999999999996,14.9135658198612,0.540183424020177));
#3356=CARTESIAN_POINT('Ctrl Pts',(-0.250002012898103,14.9158380672732,0.542650424511743));
#3357=CARTESIAN_POINT('Ctrl Pts',(-0.245327560541762,15.3249529534129,0.987086744605402));
#3358=CARTESIAN_POINT('Ctrl Pts',(0.0294903767052977,15.8890705765582,1.59077700997079));
#3359=CARTESIAN_POINT('Ctrl Pts',(0.980884445908023,16.3712900465558,2.09966723668088));
#3360=CARTESIAN_POINT('Ctrl Pts',(1.49379084656947,16.4527348668831,2.18527387004759));
#3361=CARTESIAN_POINT('Ctrl Pts',(1.75000000000001,16.4527348668831,2.18527387004758));
#3362=CARTESIAN_POINT('Ctrl Pts',(-0.249999999999996,14.9113005782349,0.537723206642146));
#3363=CARTESIAN_POINT('Ctrl Pts',(-0.249551432883956,14.9137821200542,0.539842913711248));
#3364=CARTESIAN_POINT('Ctrl Pts',(-0.250427726870284,14.916209071793,0.541925509746214));
#3365=CARTESIAN_POINT('Ctrl Pts',(-0.238557377145731,15.3611215429905,0.921947243740549));
#3366=CARTESIAN_POINT('Ctrl Pts',(-0.0527537716767292,15.9704211469869,
1.43802072223937));
#3367=CARTESIAN_POINT('Ctrl Pts',(0.861367993554248,16.6181038608235,1.98970822682876));
#3368=CARTESIAN_POINT('Ctrl Pts',(1.45034491908385,16.7539242428412,2.10293922781345));
#3369=CARTESIAN_POINT('Ctrl Pts',(1.75000000000001,16.7525706411081,2.10198615498509));
#3370=CARTESIAN_POINT('Ctrl Pts',(-0.249999999999996,14.9113005782349,0.537723206642146));
#3371=CARTESIAN_POINT('Ctrl Pts',(-0.249657405660078,14.9141881839834,0.539227837749255));
#3372=CARTESIAN_POINT('Ctrl Pts',(-0.250342765650851,14.9168323986928,0.540669696664264));
#3373=CARTESIAN_POINT('Ctrl Pts',(-0.236978881464708,15.4247384169619,0.80929223394075));
#3374=CARTESIAN_POINT('Ctrl Pts',(-0.112906091366608,16.1111727044822,1.16204250255155));
#3375=CARTESIAN_POINT('Ctrl Pts',(0.756065235591082,16.9900866014478,1.59386631149673));
#3376=CARTESIAN_POINT('Ctrl Pts',(1.41171528474632,17.199374833969,1.69581808267963));
#3377=CARTESIAN_POINT('Ctrl Pts',(1.75,17.1978344873326,1.69509391698116));
#3378=CARTESIAN_POINT('Ctrl Pts',(-0.249999999999996,14.9113005782349,0.537723206642146));
#3379=CARTESIAN_POINT('Ctrl Pts',(-0.249663574662966,14.9144605908022,0.538579129362345));
#3380=CARTESIAN_POINT('Ctrl Pts',(-0.250321298377238,14.9175847584611,0.539448774211455));
#3381=CARTESIAN_POINT('Ctrl Pts',(-0.240249922994683,15.4856410435251,0.695238069121507));
#3382=CARTESIAN_POINT('Ctrl Pts',(-0.0321927345812427,16.263193238077,0.892852076610793));
#3383=CARTESIAN_POINT('Ctrl Pts',(0.891247106642693,17.050747289431,1.07722067827561));
#3384=CARTESIAN_POINT('Ctrl Pts',(1.46120640095525,17.2075217552721,1.11492234882462));
#3385=CARTESIAN_POINT('Ctrl Pts',(1.75,17.2063528002563,1.11453700177601));
#3386=CARTESIAN_POINT('Ctrl Pts',(-0.249999999999996,14.9113005782349,0.537723206642146));
#3387=CARTESIAN_POINT('Ctrl Pts',(-0.249999999999996,14.9145916760776,0.538317061979857));
#3388=CARTESIAN_POINT('Ctrl Pts',(-0.250002012898101,14.9178922859928,0.538911276985658));
#3389=CARTESIAN_POINT('Ctrl Pts',(-0.245327560541707,15.5123739684755,0.646354437425788));
#3390=CARTESIAN_POINT('Ctrl Pts',(0.0294903767052771,16.3250306700249,0.777962125747866));
#3391=CARTESIAN_POINT('Ctrl Pts',(0.980884445908024,17.0138178237361,0.877778800121565));
#3392=CARTESIAN_POINT('Ctrl Pts',(1.49379084656946,17.129865470944,0.894034729942001));
#3393=CARTESIAN_POINT('Ctrl Pts',(1.75,17.129865470944,0.894034729942));
#3394=CARTESIAN_POINT('',(1.75000000000001,16.4527348668831,2.18527387004758));
#3395=CARTESIAN_POINT('Origin',(1.75,16.185091003097,1.22175596041764));
#3396=CARTESIAN_POINT('Ctrl Pts',(-0.249999999999996,14.9113005782349,0.537723206642146));
#3397=CARTESIAN_POINT('Ctrl Pts',(-0.249999999999996,14.9135658198612,0.540183424020177));
#3398=CARTESIAN_POINT('Ctrl Pts',(-0.250002012898103,14.9158380672732,0.542650424511743));
#3399=CARTESIAN_POINT('Ctrl Pts',(-0.245327560541762,15.3249529534129,0.987086744605402));
#3400=CARTESIAN_POINT('Ctrl Pts',(0.0294903767052977,15.8890705765582,1.59077700997079));
#3401=CARTESIAN_POINT('Ctrl Pts',(0.980884445908023,16.3712900465558,2.09966723668088));
#3402=CARTESIAN_POINT('Ctrl Pts',(1.49379084656947,16.4527348668831,2.18527387004759));
#3403=CARTESIAN_POINT('Ctrl Pts',(1.75000000000001,16.4527348668831,2.18527387004758));
#3404=CARTESIAN_POINT('Ctrl Pts',(-0.250000000000004,14.9113005782349,-13.7489894293897));
#3405=CARTESIAN_POINT('Ctrl Pts',(-0.250000000000004,14.9145916760774,-13.7495832847273));
#3406=CARTESIAN_POINT('Ctrl Pts',(-0.249993508687011,14.9178824095058,-13.7501767805608));
#3407=CARTESIAN_POINT('Ctrl Pts',(-0.249166050313708,15.1190920741934,-13.7864489008034));
#3408=CARTESIAN_POINT('Ctrl Pts',(-0.199164701926218,15.5155397560264,-13.8558043885489));
#3409=CARTESIAN_POINT('Ctrl Pts',(0.0220301084730424,16.0848602556256,-13.9493817399764));
#3410=CARTESIAN_POINT('Ctrl Pts',(0.408524526225392,16.6030647716611,-14.0294082451968));
#3411=CARTESIAN_POINT('Ctrl Pts',(0.981965060229892,17.0118853730862,-14.0888582827424));
#3412=CARTESIAN_POINT('Ctrl Pts',(1.49379084656944,17.129865470944,-14.1053009526896));
#3413=CARTESIAN_POINT('Ctrl Pts',(1.75,17.129865470944,-14.1053009526896));
#3414=CARTESIAN_POINT('Ctrl Pts',(-0.250000000000004,14.9113005782349,-13.7489894293897));
#3415=CARTESIAN_POINT('Ctrl Pts',(-0.250000411535711,14.9143998239793,-13.7499406593767));
#3416=CARTESIAN_POINT('Ctrl Pts',(-0.249994483974662,14.9174875612223,-13.7508855877723));
#3417=CARTESIAN_POINT('Ctrl Pts',(-0.249314116818593,15.1069175654708,-13.8089940239164));
#3418=CARTESIAN_POINT('Ctrl Pts',(-0.209245798704523,15.4795526884205,-13.9213038315942));
#3419=CARTESIAN_POINT('Ctrl Pts',(-0.0282091809138606,16.0335263977001,
-14.080886722313));
#3420=CARTESIAN_POINT('Ctrl Pts',(0.308093620795518,16.5730138503976,-14.2277031282302));
#3421=CARTESIAN_POINT('Ctrl Pts',(0.865432839472235,17.0611306551992,-14.3546890865406));
#3422=CARTESIAN_POINT('Ctrl Pts',(1.44881953729944,17.2334157195865,-14.3998670929509));
#3423=CARTESIAN_POINT('Ctrl Pts',(1.75,17.2318485766938,-14.3993039818016));
#3424=CARTESIAN_POINT('Ctrl Pts',(-0.250000000000004,14.9113005782349,-13.7489894293897));
#3425=CARTESIAN_POINT('Ctrl Pts',(-0.250001019827799,14.9140591451504,-13.7505630899775));
#3426=CARTESIAN_POINT('Ctrl Pts',(-0.249994877869352,14.916802143628,-13.7521294723129));
#3427=CARTESIAN_POINT('Ctrl Pts',(-0.249453628756049,15.0854067788833,-13.8482875637016));
#3428=CARTESIAN_POINT('Ctrl Pts',(-0.216414283422138,15.4166860235506,-14.0358852662671));
#3429=CARTESIAN_POINT('Ctrl Pts',(-0.0667362323757762,15.9208889536913,
-14.3178995617745));
#3430=CARTESIAN_POINT('Ctrl Pts',(0.227252715402859,16.4335462208077,-14.6025118081484));
#3431=CARTESIAN_POINT('Ctrl Pts',(0.762037663077063,16.9463185087918,-14.8852280785783));
#3432=CARTESIAN_POINT('Ctrl Pts',(1.40968576458036,17.1519873196223,-14.9977763280651));
#3433=CARTESIAN_POINT('Ctrl Pts',(1.75,17.1501826116573,-14.9968493997309));
#3434=CARTESIAN_POINT('Ctrl Pts',(-0.250000000000004,14.9113005782349,-13.7489894293897));
#3435=CARTESIAN_POINT('Ctrl Pts',(-0.250000308651785,14.9137150932267,-13.7511843711813));
#3436=CARTESIAN_POINT('Ctrl Pts',(-0.24999424015275,14.9161208129492,-13.753374734844));
#3437=CARTESIAN_POINT('Ctrl Pts',(-0.249277100192403,15.0637159466273,-13.8875305313677));
#3438=CARTESIAN_POINT('Ctrl Pts',(-0.206725524509969,15.3545228398054,-14.150827393019));
#3439=CARTESIAN_POINT('Ctrl Pts',(-0.0156493585671553,15.7836457097079,
-14.5368909033242));
#3440=CARTESIAN_POINT('Ctrl Pts',(0.333201347152943,16.1942359054043,-14.9055563864187));
#3441=CARTESIAN_POINT('Ctrl Pts',(0.894565894661647,16.5550193667124,-15.2270803881334));
#3442=CARTESIAN_POINT('Ctrl Pts',(1.46006236461694,16.6786307224465,-15.3347837093308));
#3443=CARTESIAN_POINT('Ctrl Pts',(1.75,16.6776116975518,-15.3340743064983));
#3444=CARTESIAN_POINT('Ctrl Pts',(-0.250000000000004,14.9113005782349,-13.7489894293897));
#3445=CARTESIAN_POINT('Ctrl Pts',(-0.250000000000004,14.9135658198612,-13.7514496467675));
#3446=CARTESIAN_POINT('Ctrl Pts',(-0.249993508687012,14.9158309026395,-13.753909516722));
#3447=CARTESIAN_POINT('Ctrl Pts',(-0.249166050313739,15.0543330948139,-13.9043123060293));
#3448=CARTESIAN_POINT('Ctrl Pts',(-0.19916470192624,15.3278879335239,-14.2001146617074));
#3449=CARTESIAN_POINT('Ctrl Pts',(0.0220301084730228,15.7226827806614,-14.6234033762867));
#3450=CARTESIAN_POINT('Ctrl Pts',(0.408524526225348,16.0837621113063,-15.0074348335822));
#3451=CARTESIAN_POINT('Ctrl Pts',(0.98196506022989,16.3699038495231,-15.3095272812402));
#3452=CARTESIAN_POINT('Ctrl Pts',(1.49379084656944,16.4527348668831,-15.3965400927952));
#3453=CARTESIAN_POINT('Ctrl Pts',(1.75,16.4527348668831,-15.3965400927952));
#3454=CARTESIAN_POINT('',(1.75,16.4527348668831,-15.3965400927952));
#3455=CARTESIAN_POINT('Origin',(1.75,16.185091003097,-14.4330221831652));
#3456=CARTESIAN_POINT('Ctrl Pts',(1.75,16.4527348668831,-15.3965400927952));
#3457=CARTESIAN_POINT('Ctrl Pts',(1.49379084656944,16.4527348668831,-15.3965400927952));
#3458=CARTESIAN_POINT('Ctrl Pts',(0.98196506022989,16.3699038495231,-15.3095272812402));
#3459=CARTESIAN_POINT('Ctrl Pts',(0.408524526225348,16.0837621113063,-15.0074348335822));
#3460=CARTESIAN_POINT('Ctrl Pts',(0.0220301084730228,15.7226827806614,-14.6234033762867));
#3461=CARTESIAN_POINT('Ctrl Pts',(-0.19916470192624,15.3278879335239,-14.2001146617074));
#3462=CARTESIAN_POINT('Ctrl Pts',(-0.249166050313739,15.0543330948139,-13.9043123060293));
#3463=CARTESIAN_POINT('Ctrl Pts',(-0.249993508687012,14.9158309026395,-13.753909516722));
#3464=CARTESIAN_POINT('Ctrl Pts',(-0.250000000000004,14.9135658198612,-13.7514496467675));
#3465=CARTESIAN_POINT('Ctrl Pts',(-0.250000000000004,14.9113005782349,-13.7489894293897));
#3466=CARTESIAN_POINT('Origin',(1.75,16.0685804672702,-13.4275227935466));
#3467=CARTESIAN_POINT('',(1.75,8.5,-17.6056331113738));
#3468=CARTESIAN_POINT('',(1.75,16.6038681948424,-15.3545586128064));
#3469=CARTESIAN_POINT('Origin',(1.75,1.02738332309224,-17.6056331113738));
#3470=CARTESIAN_POINT('Origin',(1.75,13.2319042495052,1.00422218684485));
#3471=CARTESIAN_POINT('',(0.750529031276036,7.5,4.39436688862622));
#3472=CARTESIAN_POINT('Origin',(1.75000000000001,6.09290941806353,2.98727630668975));
#3473=CARTESIAN_POINT('',(1.75,8.5,4.39436688862622));
#3474=CARTESIAN_POINT('Origin',(1.75000000000001,1.02738332309224,4.39436688862622));
#3475=CARTESIAN_POINT('',(1.75,13.7671919770774,2.93125800610473));
#3476=CARTESIAN_POINT('Origin',(-0.250000000000004,15.,-17.6056331113738));
#3477=CARTESIAN_POINT('',(7.75,8.5,-17.6056331113738));
#3478=CARTESIAN_POINT('',(2.25,8.5,-17.6056331113738));
#3479=CARTESIAN_POINT('Origin',(7.75,1.02738332309224,-17.6056331113738));
#3480=CARTESIAN_POINT('Origin',(2.25,13.,-16.3556331113738));
#3481=CARTESIAN_POINT('',(7.74999999999999,16.4527348668831,-15.3965400927952));
#3482=CARTESIAN_POINT('Ctrl Pts',(7.75,16.4527348668831,-15.3965400927952));
#3483=CARTESIAN_POINT('Ctrl Pts',(5.75,16.4527348668831,-15.3965400927952));
#3484=CARTESIAN_POINT('Ctrl Pts',(3.75,16.4527348668831,-15.3965400927952));
#3485=CARTESIAN_POINT('Ctrl Pts',(1.75,16.4527348668831,-15.3965400927952));
#3486=CARTESIAN_POINT('',(7.75,13.7671919770774,-16.1425242288523));
#3487=CARTESIAN_POINT('Ctrl Pts',(1.75,17.129865470944,-14.1053009526896));
#3488=CARTESIAN_POINT('Ctrl Pts',(3.75,17.129865470944,-14.1053009526896));
#3489=CARTESIAN_POINT('Ctrl Pts',(5.75,17.129865470944,-14.1053009526896));
#3490=CARTESIAN_POINT('Ctrl Pts',(7.75,17.129865470944,-14.1053009526896));
#3491=CARTESIAN_POINT('Ctrl Pts',(1.75,17.2318485766938,-14.3993039818016));
#3492=CARTESIAN_POINT('Ctrl Pts',(3.74999999999999,17.2318485766938,-14.3993039818016));
#3493=CARTESIAN_POINT('Ctrl Pts',(5.75,17.2318485766938,-14.3993039818016));
#3494=CARTESIAN_POINT('Ctrl Pts',(7.75,17.2318485766938,-14.3993039818016));
#3495=CARTESIAN_POINT('Ctrl Pts',(1.75,17.1501407009958,-14.9968220796273));
#3496=CARTESIAN_POINT('Ctrl Pts',(3.75,17.1501407009958,-14.9968220796273));
#3497=CARTESIAN_POINT('Ctrl Pts',(5.75,17.1501407009958,-14.9968220796273));
#3498=CARTESIAN_POINT('Ctrl Pts',(7.75,17.1501407009958,-14.9968220796273));
#3499=CARTESIAN_POINT('Ctrl Pts',(1.75,16.6776116975518,-15.3340743064983));
#3500=CARTESIAN_POINT('Ctrl Pts',(3.74999999999999,16.6776116975518,-15.3340743064983));
#3501=CARTESIAN_POINT('Ctrl Pts',(5.75,16.6776116975518,-15.3340743064983));
#3502=CARTESIAN_POINT('Ctrl Pts',(7.75,16.6776116975518,-15.3340743064983));
#3503=CARTESIAN_POINT('Ctrl Pts',(1.75,16.4527348668831,-15.3965400927952));
#3504=CARTESIAN_POINT('Ctrl Pts',(3.75,16.4527348668831,-15.3965400927952));
#3505=CARTESIAN_POINT('Ctrl Pts',(5.75,16.4527348668831,-15.3965400927952));
#3506=CARTESIAN_POINT('Ctrl Pts',(7.75,16.4527348668831,-15.3965400927952));
#3507=CARTESIAN_POINT('Origin',(7.75,16.185091003097,-14.4330221831652));
#3508=CARTESIAN_POINT('Ctrl Pts',(9.75,14.9113005782349,-13.7489894293897));
#3509=CARTESIAN_POINT('Ctrl Pts',(9.75,14.9135658198611,-13.751449646768));
#3510=CARTESIAN_POINT('Ctrl Pts',(9.75000202310015,14.9158379930468,-13.7539165731335));
#3511=CARTESIAN_POINT('Ctrl Pts',(9.74532464765601,15.3249727259757,-14.1983727123301));
#3512=CARTESIAN_POINT('Ctrl Pts',(9.47045694810578,15.8891233987207,-14.802096624299));
#3513=CARTESIAN_POINT('Ctrl Pts',(8.51909737533386,16.3712891201426,-15.310932358378));
#3514=CARTESIAN_POINT('Ctrl Pts',(8.00620915343058,16.4527348668831,-15.3965400927952));
#3515=CARTESIAN_POINT('Ctrl Pts',(7.74999999999999,16.4527348668831,-15.3965400927952));
#3516=CARTESIAN_POINT('Ctrl Pts',(9.75,14.9113005782349,-13.7489894293897));
#3517=CARTESIAN_POINT('Ctrl Pts',(9.74955143288396,14.9137821200541,-13.7511091364591));
#3518=CARTESIAN_POINT('Ctrl Pts',(9.75042773707233,14.9162089975665,-13.7531916583679));
#3519=CARTESIAN_POINT('Ctrl Pts',(9.73855446425996,15.3611413155533,-14.1332332114653));
#3520=CARTESIAN_POINT('Ctrl Pts',(9.55270109648777,15.9704739691493,-14.6493403365675));
#3521=CARTESIAN_POINT('Ctrl Pts',(8.63861382768765,16.6181029344103,-15.2009733485259));
#3522=CARTESIAN_POINT('Ctrl Pts',(8.04965508091621,16.7539242428412,-15.314205450561));
#3523=CARTESIAN_POINT('Ctrl Pts',(7.74999999999999,16.752570641108,-15.3132523777327));
#3524=CARTESIAN_POINT('Ctrl Pts',(9.75,14.9113005782349,-13.7489894293897));
#3525=CARTESIAN_POINT('Ctrl Pts',(9.74947711883698,14.9142108538471,-13.7504998593501));
#3526=CARTESIAN_POINT('Ctrl Pts',(9.75050765838484,14.916811670314,-13.7519306308251));
#3527=CARTESIAN_POINT('Ctrl Pts',(9.73556053586579,15.4248914654992,-14.020592206004));
#3528=CARTESIAN_POINT('Ctrl Pts',(9.61327140429593,16.1115333344874,-14.3734647430224));
#3529=CARTESIAN_POINT('Ctrl Pts',(8.74397397011352,16.9898064323114,-14.805013282179));
#3530=CARTESIAN_POINT('Ctrl Pts',(8.08872845335199,17.1998335259773,-14.9073287199452));
#3531=CARTESIAN_POINT('Ctrl Pts',(7.75,17.1976206971325,-14.9062726913768));
#3532=CARTESIAN_POINT('Ctrl Pts',(9.75,14.9113005782349,-13.7489894293897));
#3533=CARTESIAN_POINT('Ctrl Pts',(9.74966357466297,14.9144605908022,-13.7498453521102));
#3534=CARTESIAN_POINT('Ctrl Pts',(9.75032130857928,14.9175846559194,-13.7507149890711));
#3535=CARTESIAN_POINT('Ctrl Pts',(9.74024701010898,15.4856683581052,-13.9065063915589));
#3536=CARTESIAN_POINT('Ctrl Pts',(9.53214005939211,16.2632667334451,-14.1041250563897));
#3537=CARTESIAN_POINT('Ctrl Pts',(8.60873471459925,17.0507458646977,-14.2884864880649));
#3538=CARTESIAN_POINT('Ctrl Pts',(8.0387935990448,17.2075217552721,-14.3261885715722));
#3539=CARTESIAN_POINT('Ctrl Pts',(7.75,17.2063528002563,-14.3258032245236));
#3540=CARTESIAN_POINT('Ctrl Pts',(9.75,14.9113005782349,-13.7489894293897));
#3541=CARTESIAN_POINT('Ctrl Pts',(9.75,14.9145916760777,-13.7495832847278));
#3542=CARTESIAN_POINT('Ctrl Pts',(9.75000202310014,14.917892183451,-13.7501774918453));
#3543=CARTESIAN_POINT('Ctrl Pts',(9.74532464765602,15.5124012830556,-13.8576227598632));
#3544=CARTESIAN_POINT('Ctrl Pts',(9.47045694810561,16.325104165393,-13.9892351055268));
#3545=CARTESIAN_POINT('Ctrl Pts',(8.51909737533391,17.0138163990028,-14.0890446099108));
#3546=CARTESIAN_POINT('Ctrl Pts',(8.00620915343058,17.129865470944,-14.1053009526896));
#3547=CARTESIAN_POINT('Ctrl Pts',(7.75,17.129865470944,-14.1053009526896));
#3548=CARTESIAN_POINT('Ctrl Pts',(9.75,14.9113005782349,-13.7489894293897));
#3549=CARTESIAN_POINT('Ctrl Pts',(9.75,14.9135658198611,-13.751449646768));
#3550=CARTESIAN_POINT('Ctrl Pts',(9.75000202310015,14.9158379930468,-13.7539165731335));
#3551=CARTESIAN_POINT('Ctrl Pts',(9.74532464765601,15.3249727259757,-14.1983727123301));
#3552=CARTESIAN_POINT('Ctrl Pts',(9.47045694810578,15.8891233987207,-14.802096624299));
#3553=CARTESIAN_POINT('Ctrl Pts',(8.51909737533386,16.3712891201426,-15.310932358378));
#3554=CARTESIAN_POINT('Ctrl Pts',(8.00620915343058,16.4527348668831,-15.3965400927952));
#3555=CARTESIAN_POINT('Ctrl Pts',(7.74999999999999,16.4527348668831,-15.3965400927952));
#3556=CARTESIAN_POINT('Ctrl Pts',(9.75000000000001,14.9113005782349,0.53772320664214));
#3557=CARTESIAN_POINT('Ctrl Pts',(9.75000000000001,14.9145916760776,0.538317061980655));
#3558=CARTESIAN_POINT('Ctrl Pts',(9.74999349830565,14.9178824027094,0.538910556870581));
#3559=CARTESIAN_POINT('Ctrl Pts',(9.74916701117938,15.1190927034232,0.575182765354383));
#3560=CARTESIAN_POINT('Ctrl Pts',(9.69917311990877,15.5155453003651,0.644538923545664));
#3561=CARTESIAN_POINT('Ctrl Pts',(9.47798097744744,16.0848665528484,0.73811634751473));
#3562=CARTESIAN_POINT('Ctrl Pts',(9.0914893083229,16.6030704259556,0.818142730740039));
#3563=CARTESIAN_POINT('Ctrl Pts',(8.5180456631847,17.0118903690641,0.877592683279035));
#3564=CARTESIAN_POINT('Ctrl Pts',(8.00620915343055,17.129865470944,0.894034729941998));
#3565=CARTESIAN_POINT('Ctrl Pts',(7.75000000000001,17.129865470944,0.894034729941998));
#3566=CARTESIAN_POINT('Ctrl Pts',(9.75000000000001,14.9113005782349,0.53772320664214));
#3567=CARTESIAN_POINT('Ctrl Pts',(9.75000041153572,14.9143998239793,0.538674436630063));
#3568=CARTESIAN_POINT('Ctrl Pts',(9.7499944735933,14.9174875544259,0.539619364082162));
#3569=CARTESIAN_POINT('Ctrl Pts',(9.74931507768427,15.1069181947005,0.597727888467366));
#3570=CARTESIAN_POINT('Ctrl Pts',(9.70925421668708,15.4795582327593,0.710038366590948));
#3571=CARTESIAN_POINT('Ctrl Pts',(9.52822026683436,16.033532694923,0.869621329851323));
#3572=CARTESIAN_POINT('Ctrl Pts',(9.19192021375278,16.5730195046921,1.01643761377352));
#3573=CARTESIAN_POINT('Ctrl Pts',(8.63457788394235,17.0611356511771,1.14342348707723));
#3574=CARTESIAN_POINT('Ctrl Pts',(8.05118046270055,17.2334157195865,1.18860087020332));
#3575=CARTESIAN_POINT('Ctrl Pts',(7.75000000000001,17.2318485766938,1.18803775905402));
#3576=CARTESIAN_POINT('Ctrl Pts',(9.75000000000001,14.9113005782349,0.53772320664214));
#3577=CARTESIAN_POINT('Ctrl Pts',(9.75000093386093,14.9140586282728,0.539296618530171));
#3578=CARTESIAN_POINT('Ctrl Pts',(9.74999496767838,14.9168027181878,0.540863522897654));
#3579=CARTESIAN_POINT('Ctrl Pts',(9.74945229222019,15.0853845584711,0.637011220768561));
#3580=CARTESIAN_POINT('Ctrl Pts',(9.71638640787464,15.4166917628015,0.824622113265634));
#3581=CARTESIAN_POINT('Ctrl Pts',(9.5667191617933,15.9208711835794,1.10662680669498));
#3582=CARTESIAN_POINT('Ctrl Pts',(9.27263199070276,16.4334721064555,1.39120818736067));
#3583=CARTESIAN_POINT('Ctrl Pts',(8.73806531194872,16.946400952251,1.67401064108139));
#3584=CARTESIAN_POINT('Ctrl Pts',(8.08997320078756,17.1518472457881,1.78644746335666));
#3585=CARTESIAN_POINT('Ctrl Pts',(7.75000000000001,17.1502444827279,1.78562350858395));
#3586=CARTESIAN_POINT('Ctrl Pts',(9.75000000000001,14.9113005782349,0.53772320664214));
#3587=CARTESIAN_POINT('Ctrl Pts',(9.75000030865179,14.9137150932261,0.539918148434826));
#3588=CARTESIAN_POINT('Ctrl Pts',(9.74999422977139,14.9161208081735,0.542108507084552));
#3589=CARTESIAN_POINT('Ctrl Pts',(9.74927806105805,15.063716388793,0.676264772712572));
#3590=CARTESIAN_POINT('Ctrl Pts',(9.70673394249251,15.3545267395323,0.939565256719739));
#3591=CARTESIAN_POINT('Ctrl Pts',(9.51566044448762,15.7836501495256,1.32562931471157));
#3592=CARTESIAN_POINT('Ctrl Pts',(9.16681248739532,16.1942399051722,1.69429431595174));
#3593=CARTESIAN_POINT('Ctrl Pts',(8.60544482875297,16.5550229012709,2.0158178334249));
#3594=CARTESIAN_POINT('Ctrl Pts',(8.03993763538305,16.6786307224465,2.12351748658322));
#3595=CARTESIAN_POINT('Ctrl Pts',(7.75000000000001,16.6776116975518,2.12280808375071));
#3596=CARTESIAN_POINT('Ctrl Pts',(9.75000000000001,14.9113005782349,0.53772320664214));
#3597=CARTESIAN_POINT('Ctrl Pts',(9.75000000000001,14.9135658198604,0.540183424021028));
#3598=CARTESIAN_POINT('Ctrl Pts',(9.74999349830565,14.9158308978638,0.542643288962586));
#3599=CARTESIAN_POINT('Ctrl Pts',(9.74916701117938,15.0543335369796,0.693046547374173));
#3600=CARTESIAN_POINT('Ctrl Pts',(9.69917311990877,15.3278918332508,0.98885252540818));
#3601=CARTESIAN_POINT('Ctrl Pts',(9.47798097744744,15.7226872204791,1.41214178767409));
#3602=CARTESIAN_POINT('Ctrl Pts',(9.09148930832291,16.0837661110742,1.7961727631153));
#3603=CARTESIAN_POINT('Ctrl Pts',(8.51804566318473,16.3699073840816,2.0982647265317));
#3604=CARTESIAN_POINT('Ctrl Pts',(8.00620915343055,16.4527348668831,2.18527387004758));
#3605=CARTESIAN_POINT('Ctrl Pts',(7.75000000000001,16.4527348668831,2.18527387004758));
#3606=CARTESIAN_POINT('',(7.75000000000001,16.4527348668831,2.18527387004758));
#3607=CARTESIAN_POINT('Origin',(7.75000000000001,16.185091003097,1.22175596041764));
#3608=CARTESIAN_POINT('Ctrl Pts',(7.75000000000001,16.4527348668831,2.18527387004758));
#3609=CARTESIAN_POINT('Ctrl Pts',(8.00620915343055,16.4527348668831,2.18527387004758));
#3610=CARTESIAN_POINT('Ctrl Pts',(8.51804566318473,16.3699073840816,2.0982647265317));
#3611=CARTESIAN_POINT('Ctrl Pts',(9.09148930832291,16.0837661110742,1.7961727631153));
#3612=CARTESIAN_POINT('Ctrl Pts',(9.47798097744744,15.7226872204791,1.41214178767409));
#3613=CARTESIAN_POINT('Ctrl Pts',(9.69917311990877,15.3278918332508,0.98885252540818));
#3614=CARTESIAN_POINT('Ctrl Pts',(9.74916701117938,15.0543335369796,0.693046547374173));
#3615=CARTESIAN_POINT('Ctrl Pts',(9.74999349830565,14.9158308978638,0.542643288962586));
#3616=CARTESIAN_POINT('Ctrl Pts',(9.75000000000001,14.9135658198604,0.540183424021028));
#3617=CARTESIAN_POINT('Ctrl Pts',(9.75000000000001,14.9113005782349,0.53772320664214));
#3618=CARTESIAN_POINT('Origin',(7.75000000000001,16.0685804672702,0.216256570798998));
#3619=CARTESIAN_POINT('',(7.75000000000001,8.5,4.39436688862622));
#3620=CARTESIAN_POINT('',(7.75000000000001,16.6038681948424,2.14329239005888));
#3621=CARTESIAN_POINT('',(8.74947096872398,7.5,4.39436688862622));
#3622=CARTESIAN_POINT('Origin',(7.75000000000001,1.02738332309224,4.39436688862622));
#3623=CARTESIAN_POINT('',(9.75000000000001,6.09290941806353,2.98727630668974));
#3624=CARTESIAN_POINT('Origin',(7.75000000000001,6.09290941806353,2.98727630668975));
#3625=CARTESIAN_POINT('',(9.75000000000001,16.0685804672702,0.216256570798997));
#3626=CARTESIAN_POINT('Origin',(7.75,13.2319042495052,-14.2154884095924));
#3627=CARTESIAN_POINT('',(9.75,13.2319042495052,-14.2154884095924));
#3628=CARTESIAN_POINT('Origin',(9.75,15.,-17.6056331113738));
#3629=CARTESIAN_POINT('',(9.75000000000001,2.875,-0.230633111373787));
#3630=CARTESIAN_POINT('Ctrl Pts',(7.75000000000001,17.129865470944,0.894034729941997));
#3631=CARTESIAN_POINT('Ctrl Pts',(5.75,17.129865470944,0.894034729941998));
#3632=CARTESIAN_POINT('Ctrl Pts',(3.75000000000001,17.129865470944,0.894034729941998));
#3633=CARTESIAN_POINT('Ctrl Pts',(1.75,17.129865470944,0.894034729941998));
#3634=CARTESIAN_POINT('Ctrl Pts',(7.75000000000001,17.2318485766938,1.18803775905401));
#3635=CARTESIAN_POINT('Ctrl Pts',(5.75,17.2318485766938,1.18803775905401));
#3636=CARTESIAN_POINT('Ctrl Pts',(3.75,17.2318485766938,1.18803775905402));
#3637=CARTESIAN_POINT('Ctrl Pts',(1.75,17.2318485766938,1.18803775905402));
#3638=CARTESIAN_POINT('Ctrl Pts',(7.75000000000001,17.1502506545958,1.78562753181011));
#3639=CARTESIAN_POINT('Ctrl Pts',(5.75,17.1502506545958,1.78562753181011));
#3640=CARTESIAN_POINT('Ctrl Pts',(3.75000000000001,17.1502506545958,1.78562753181011));
#3641=CARTESIAN_POINT('Ctrl Pts',(1.75,17.1502506545958,1.78562753181011));
#3642=CARTESIAN_POINT('Ctrl Pts',(7.75000000000001,16.6776116975518,2.12280808375071));
#3643=CARTESIAN_POINT('Ctrl Pts',(5.75,16.6776116975518,2.12280808375071));
#3644=CARTESIAN_POINT('Ctrl Pts',(3.75,16.6776116975518,2.12280808375071));
#3645=CARTESIAN_POINT('Ctrl Pts',(1.75,16.6776116975518,2.12280808375071));
#3646=CARTESIAN_POINT('Ctrl Pts',(7.75000000000001,16.4527348668831,2.18527387004758));
#3647=CARTESIAN_POINT('Ctrl Pts',(5.75,16.4527348668831,2.18527387004758));
#3648=CARTESIAN_POINT('Ctrl Pts',(3.75000000000001,16.4527348668831,2.18527387004758));
#3649=CARTESIAN_POINT('Ctrl Pts',(1.75,16.4527348668831,2.18527387004758));
#3650=CARTESIAN_POINT('Ctrl Pts',(1.75,16.4527348668831,2.18527387004758));
#3651=CARTESIAN_POINT('Ctrl Pts',(3.75000000000001,16.4527348668831,2.18527387004758));
#3652=CARTESIAN_POINT('Ctrl Pts',(5.75,16.4527348668831,2.18527387004758));
#3653=CARTESIAN_POINT('Ctrl Pts',(7.75000000000001,16.4527348668831,2.18527387004758));
#3654=CARTESIAN_POINT('Origin',(7.25000000000001,13.,3.14436688862622));
#3655=CARTESIAN_POINT('',(7.25000000000001,8.5,4.39436688862622));
#3656=CARTESIAN_POINT('Origin',(7.25000000000001,5.5,2.39436688862622));
#3657=CARTESIAN_POINT('',(7.25000000000001,7.5,4.39436688862622));
#3658=CARTESIAN_POINT('Origin',(4.75,15.,-6.60563311137379));
#3659=CARTESIAN_POINT('',(5.46,15.,-8.69563311137379));
#3660=CARTESIAN_POINT('',(5.46,15.,-7.69063311137379));
#3661=CARTESIAN_POINT('',(5.46,15.,-8.69563311137379));
#3662=CARTESIAN_POINT('',(5.73,15.,-7.69063311137379));
#3663=CARTESIAN_POINT('',(5.46,15.,-7.69063311137379));
#3664=CARTESIAN_POINT('',(5.73,15.,-5.52063311137379));
#3665=CARTESIAN_POINT('',(5.73,15.,-7.69063311137379));
#3666=CARTESIAN_POINT('',(5.46,15.,-5.52063311137379));
#3667=CARTESIAN_POINT('',(5.73,15.,-5.52063311137379));
#3668=CARTESIAN_POINT('',(5.46,15.,-4.51563311137378));
#3669=CARTESIAN_POINT('',(5.46,15.,-5.52063311137379));
#3670=CARTESIAN_POINT('',(4.04,15.,-4.51563311137378));
#3671=CARTESIAN_POINT('',(5.46,15.,-4.51563311137378));
#3672=CARTESIAN_POINT('',(4.04,15.,-5.52063311137379));
#3673=CARTESIAN_POINT('',(4.04,15.,-4.51563311137378));
#3674=CARTESIAN_POINT('',(3.77,15.,-5.52063311137379));
#3675=CARTESIAN_POINT('',(4.04,15.,-5.52063311137379));
#3676=CARTESIAN_POINT('',(3.77,15.,-7.69063311137379));
#3677=CARTESIAN_POINT('',(3.77,15.,-5.52063311137379));
#3678=CARTESIAN_POINT('',(4.04,15.,-7.69063311137379));
#3679=CARTESIAN_POINT('',(3.77,15.,-7.69063311137379));
#3680=CARTESIAN_POINT('',(4.04,15.,-8.69563311137379));
#3681=CARTESIAN_POINT('',(4.04,15.,-7.69063311137379));
#3682=CARTESIAN_POINT('',(4.04,15.,-8.69563311137379));
#3683=CARTESIAN_POINT('Origin',(5.46,10.,-9.18563311137379));
#3684=CARTESIAN_POINT('',(4.04,10.,-9.18563311137378));
#3685=CARTESIAN_POINT('',(5.46,10.,-9.18563311137379));
#3686=CARTESIAN_POINT('',(5.105,10.,-9.18563311137379));
#3687=CARTESIAN_POINT('',(4.04,10.,-9.18563311137378));
#3688=CARTESIAN_POINT('',(5.46,10.,-9.18563311137379));
#3689=CARTESIAN_POINT('Origin',(4.04,10.,-4.02563311137379));
#3690=CARTESIAN_POINT('',(5.46,10.,-4.02563311137379));
#3691=CARTESIAN_POINT('',(4.04,10.,-4.02563311137379));
#3692=CARTESIAN_POINT('',(4.395,10.,-4.02563311137379));
#3693=CARTESIAN_POINT('',(5.46,10.,-4.02563311137379));
#3694=CARTESIAN_POINT('',(4.04,10.,-4.02563311137379));
#3695=CARTESIAN_POINT('Origin',(4.75,10.,-6.60563311137378));
#3696=CARTESIAN_POINT('',(5.46,10.,-4.51563311137378));
#3697=CARTESIAN_POINT('',(5.46,10.,-5.31563311137378));
#3698=CARTESIAN_POINT('',(4.04,10.,-4.51563311137378));
#3699=CARTESIAN_POINT('',(4.04,10.,-6.06313311137379));
#3700=CARTESIAN_POINT('',(4.395,10.,-4.51563311137379));
#3701=CARTESIAN_POINT('Origin',(5.46,15.,-7.69063311137379));
#3702=CARTESIAN_POINT('',(5.46,15.,-7.69063311137379));
#3703=CARTESIAN_POINT('',(5.46,10.,-8.69563311137379));
#3704=CARTESIAN_POINT('',(5.46,15.,-8.69563311137379));
#3705=CARTESIAN_POINT('',(5.46,10.,-7.14813311137379));
#3706=CARTESIAN_POINT('Origin',(5.73,15.,-7.69063311137379));
#3707=CARTESIAN_POINT('',(5.73,15.,-7.69063311137379));
#3708=CARTESIAN_POINT('Origin',(5.73,15.,-5.52063311137379));
#3709=CARTESIAN_POINT('',(5.73,15.,-5.52063311137379));
#3710=CARTESIAN_POINT('Origin',(5.46,15.,-5.52063311137379));
#3711=CARTESIAN_POINT('',(5.46,15.,-5.52063311137379));
#3712=CARTESIAN_POINT('Origin',(5.46,15.,-4.51563311137378));
#3713=CARTESIAN_POINT('',(5.46,15.,-4.51563311137378));
#3714=CARTESIAN_POINT('Origin',(4.04,15.,-4.51563311137378));
#3715=CARTESIAN_POINT('',(4.04,15.,-4.51563311137378));
#3716=CARTESIAN_POINT('Origin',(9.75000000000001,15.,4.39436688862621));
#3717=CARTESIAN_POINT('Origin',(4.04,15.,-5.52063311137379));
#3718=CARTESIAN_POINT('',(4.04,15.,-5.52063311137379));
#3719=CARTESIAN_POINT('Origin',(3.77,15.,-5.52063311137379));
#3720=CARTESIAN_POINT('',(3.77,15.,-5.52063311137379));
#3721=CARTESIAN_POINT('Origin',(3.77,15.,-7.69063311137379));
#3722=CARTESIAN_POINT('',(3.77,15.,-7.69063311137379));
#3723=CARTESIAN_POINT('Origin',(4.04,15.,-7.69063311137379));
#3724=CARTESIAN_POINT('',(4.04,15.,-7.69063311137379));
#3725=CARTESIAN_POINT('Origin',(4.04,15.,-8.69563311137379));
#3726=CARTESIAN_POINT('',(4.04,10.,-8.69563311137379));
#3727=CARTESIAN_POINT('',(4.04,15.,-8.69563311137379));
#3728=CARTESIAN_POINT('',(4.04,10.,-7.89563311137378));
#3729=CARTESIAN_POINT('Origin',(5.46,15.,-8.69563311137379));
#3730=CARTESIAN_POINT('',(5.105,10.,-8.69563311137379));
#3731=CARTESIAN_POINT('Origin',(4.75,10.,-6.60563311137378));
#3732=CARTESIAN_POINT('',(0.,2.,0.));
#3733=UNCERTAINTY_MEASURE_WITH_UNIT(LENGTH_MEASURE(0.01),#3737,
'DISTANCE_ACCURACY_VALUE',
'Maximum model space distance between geometric entities at asserted c
onnectivities');
#3734=UNCERTAINTY_MEASURE_WITH_UNIT(LENGTH_MEASURE(0.01),#3737,
'DISTANCE_ACCURACY_VALUE',
'Maximum model space distance between geometric entities at asserted c
onnectivities');
#3735=(
GEOMETRIC_REPRESENTATION_CONTEXT(3)
GLOBAL_UNCERTAINTY_ASSIGNED_CONTEXT((#3733))
GLOBAL_UNIT_ASSIGNED_CONTEXT((#3737,#3739,#3740))
REPRESENTATION_CONTEXT('','3D')
);
#3736=(
GEOMETRIC_REPRESENTATION_CONTEXT(3)
GLOBAL_UNCERTAINTY_ASSIGNED_CONTEXT((#3734))
GLOBAL_UNIT_ASSIGNED_CONTEXT((#3737,#3739,#3740))
REPRESENTATION_CONTEXT('','3D')
);
#3737=(
LENGTH_UNIT()
NAMED_UNIT(*)
SI_UNIT(.MILLI.,.METRE.)
);
#3738=(
LENGTH_UNIT()
NAMED_UNIT(*)
SI_UNIT(.CENTI.,.METRE.)
);
#3739=(
NAMED_UNIT(*)
PLANE_ANGLE_UNIT()
SI_UNIT($,.RADIAN.)
);
#3740=(
NAMED_UNIT(*)
SI_UNIT($,.STERADIAN.)
SOLID_ANGLE_UNIT()
);
#3741=SHAPE_DEFINITION_REPRESENTATION(#3742,#3743);
#3742=PRODUCT_DEFINITION_SHAPE('',$,#3745);
#3743=SHAPE_REPRESENTATION('',(#1378),#3735);
#3744=PRODUCT_DEFINITION_CONTEXT('part definition',#3749,'design');
#3745=PRODUCT_DEFINITION('noise-synth-enclosure',
'noise-synth-enclosure',#3746,#3744);
#3746=PRODUCT_DEFINITION_FORMATION('',$,#3751);
#3747=PRODUCT_RELATED_PRODUCT_CATEGORY('noise-synth-enclosure',
'noise-synth-enclosure',(#3751));
#3748=APPLICATION_PROTOCOL_DEFINITION('international standard',
'automotive_design',2009,#3749);
#3749=APPLICATION_CONTEXT(
'Core Data for Automotive Mechanical Design Process');
#3750=PRODUCT_CONTEXT('part definition',#3749,'mechanical');
#3751=PRODUCT('noise-synth-enclosure','noise-synth-enclosure',$,(#3750));
#3752=PRESENTATION_STYLE_ASSIGNMENT((#3754));
#3753=PRESENTATION_STYLE_ASSIGNMENT((#3755));
#3754=SURFACE_STYLE_USAGE(.BOTH.,#3758);
#3755=SURFACE_STYLE_USAGE(.BOTH.,#3759);
#3756=SURFACE_STYLE_RENDERING_WITH_PROPERTIES($,#3766,(#3757));
#3757=SURFACE_STYLE_TRANSPARENT(0.);
#3758=SURFACE_SIDE_STYLE('',(#3760,#3756));
#3759=SURFACE_SIDE_STYLE('',(#3761));
#3760=SURFACE_STYLE_FILL_AREA(#3762);
#3761=SURFACE_STYLE_FILL_AREA(#3763);
#3762=FILL_AREA_STYLE('',(#3764));
#3763=FILL_AREA_STYLE('',(#3765));
#3764=FILL_AREA_STYLE_COLOUR('',#3766);
#3765=FILL_AREA_STYLE_COLOUR('',#3767);
#3766=COLOUR_RGB('',0.749019607843137,0.749019607843137,0.749019607843137);
#3767=COLOUR_RGB('',1.,1.,0.);
ENDSEC;
END-ISO-10303-21;
