ISO-10303-21;
HEADER;
/* Generated by software containing ST-Developer
 * from STEP Tools, Inc. (www.steptools.com) 
 */

FILE_DESCRIPTION(
/* description */ (''),
/* implementation_level */ '2;1');

FILE_NAME(
/* name */ 'noise-synth-enclosure-body.stp',
/* time_stamp */ '2025-09-21T16:44:29+01:00',
/* author */ ('iwheard'),
/* organization */ (''),
/* preprocessor_version */ 'ST-DEVELOPER v20',
/* originating_system */ 'Autodesk Inventor 2024',
/* authorisation */ '');

FILE_SCHEMA (('AUTOMOTIVE_DESIGN { 1 0 10303 214 3 1 1 }'));
ENDSEC;

DATA;
#10=MECHANICAL_DESIGN_GEOMETRIC_PRESENTATION_REPRESENTATION('',(#16),#7646);
#11=GEOMETRICALLY_BOUNDED_WIREFRAME_SHAPE_REPRESENTATION('',(#12),#7645);
#12=GEOMETRIC_CURVE_SET('Sketch25',(#7642));
#13=SHAPE_REPRESENTATION_RELATIONSHIP('SRR','None',#7653,#15);
#14=SHAPE_REPRESENTATION_RELATIONSHIP('SRR','None',#7653,#11);
#15=ADVANCED_BREP_SHAPE_REPRESENTATION('',(#17),#7645);
#16=STYLED_ITEM('',(#7669),#17);
#17=MANIFOLD_SOLID_BREP('case-body',#4604);
#18=TOROIDAL_SURFACE('',#4906,3.,1.);
#19=TOROIDAL_SURFACE('',#4913,3.,1.);
#20=TOROIDAL_SURFACE('',#4919,3.,1.);
#21=TOROIDAL_SURFACE('',#4925,3.,1.);
#22=TOROIDAL_SURFACE('',#4939,4.,1.);
#23=TOROIDAL_SURFACE('',#4945,4.,1.);
#24=TOROIDAL_SURFACE('',#4950,4.,1.);
#25=TOROIDAL_SURFACE('',#4955,4.,1.);
#26=FACE_BOUND('',#551,.T.);
#27=FACE_BOUND('',#552,.T.);
#28=FACE_BOUND('',#618,.T.);
#29=FACE_BOUND('',#619,.T.);
#30=FACE_BOUND('',#681,.T.);
#31=FACE_BOUND('',#709,.T.);
#32=FACE_BOUND('',#720,.T.);
#33=FACE_BOUND('',#721,.T.);
#34=FACE_BOUND('',#727,.T.);
#35=FACE_BOUND('',#728,.T.);
#36=FACE_BOUND('',#729,.T.);
#37=FACE_BOUND('',#730,.T.);
#38=FACE_BOUND('',#731,.T.);
#39=CIRCLE('',#4629,1.5);
#40=CIRCLE('',#4630,1.5);
#41=CIRCLE('',#4635,1.5);
#42=CIRCLE('',#4636,1.5);
#43=CIRCLE('',#4639,1.5);
#44=CIRCLE('',#4640,1.5);
#45=CIRCLE('',#4644,1.5);
#46=CIRCLE('',#4645,1.5);
#47=CIRCLE('',#4650,1.5);
#48=CIRCLE('',#4651,1.5);
#49=CIRCLE('',#4654,1.5);
#50=CIRCLE('',#4655,1.5);
#51=CIRCLE('',#4659,1.5);
#52=CIRCLE('',#4660,1.5);
#53=CIRCLE('',#4665,1.5);
#54=CIRCLE('',#4666,1.5);
#55=CIRCLE('',#4669,1.5);
#56=CIRCLE('',#4670,1.5);
#57=CIRCLE('',#4673,2.);
#58=CIRCLE('',#4674,2.);
#59=CIRCLE('',#4676,2.);
#60=CIRCLE('',#4677,2.);
#61=CIRCLE('',#4679,2.);
#62=CIRCLE('',#4680,2.);
#63=CIRCLE('',#4682,2.);
#64=CIRCLE('',#4683,2.);
#65=CIRCLE('',#4685,2.);
#66=CIRCLE('',#4686,2.);
#67=CIRCLE('',#4688,2.);
#68=CIRCLE('',#4689,2.);
#69=CIRCLE('',#4691,2.);
#70=CIRCLE('',#4692,2.);
#71=CIRCLE('',#4694,2.);
#72=CIRCLE('',#4695,2.);
#73=CIRCLE('',#4697,2.);
#74=CIRCLE('',#4698,2.);
#75=CIRCLE('',#4701,1.5);
#76=CIRCLE('',#4702,1.5);
#77=CIRCLE('',#4707,1.5);
#78=CIRCLE('',#4708,1.5);
#79=CIRCLE('',#4711,1.5);
#80=CIRCLE('',#4712,1.5);
#81=CIRCLE('',#4715,2.);
#82=CIRCLE('',#4716,2.);
#83=CIRCLE('',#4718,2.);
#84=CIRCLE('',#4719,2.);
#85=CIRCLE('',#4721,2.);
#86=CIRCLE('',#4722,2.);
#87=CIRCLE('',#4724,9.);
#88=CIRCLE('',#4725,9.);
#89=CIRCLE('',#4728,3.);
#90=CIRCLE('',#4729,8.);
#91=CIRCLE('',#4730,3.);
#92=CIRCLE('',#4731,3.);
#93=CIRCLE('',#4732,8.);
#94=CIRCLE('',#4733,3.);
#95=CIRCLE('',#4734,3.);
#96=CIRCLE('',#4735,8.);
#97=CIRCLE('',#4736,3.);
#98=CIRCLE('',#4737,3.);
#99=CIRCLE('',#4738,8.);
#100=CIRCLE('',#4739,3.);
#101=CIRCLE('',#4740,5.);
#102=CIRCLE('',#4741,5.);
#103=CIRCLE('',#4742,5.);
#104=CIRCLE('',#4743,5.);
#105=CIRCLE('',#4745,5.75);
#106=CIRCLE('',#4746,5.75);
#107=CIRCLE('',#4748,5.5);
#108=CIRCLE('',#4749,5.5);
#109=CIRCLE('',#4751,200.);
#110=CIRCLE('',#4752,200.);
#111=CIRCLE('',#4754,200.);
#112=CIRCLE('',#4757,200.);
#113=CIRCLE('',#4758,200.);
#114=CIRCLE('',#4760,200.);
#115=CIRCLE('',#4763,200.);
#116=CIRCLE('',#4765,200.);
#117=CIRCLE('',#4797,8.2);
#118=CIRCLE('',#4799,8.2);
#119=CIRCLE('',#4801,8.2);
#120=CIRCLE('',#4809,8.2);
#121=CIRCLE('',#4816,8.2);
#122=CIRCLE('',#4822,8.2);
#123=CIRCLE('',#4826,3.);
#124=CIRCLE('',#4829,3.);
#125=CIRCLE('',#4832,3.);
#126=CIRCLE('',#4834,8.);
#127=CIRCLE('',#4836,3.);
#128=CIRCLE('',#4839,3.);
#129=CIRCLE('',#4841,8.);
#130=CIRCLE('',#4843,3.);
#131=CIRCLE('',#4846,3.);
#132=CIRCLE('',#4848,8.);
#133=CIRCLE('',#4850,3.);
#134=CIRCLE('',#4852,260.);
#135=CIRCLE('',#4853,260.);
#136=CIRCLE('',#4855,260.);
#137=CIRCLE('',#4858,260.);
#138=CIRCLE('',#4859,260.);
#139=CIRCLE('',#4861,260.);
#140=CIRCLE('',#4864,260.);
#141=CIRCLE('',#4865,260.);
#142=CIRCLE('',#4867,260.);
#143=CIRCLE('',#4870,260.);
#144=CIRCLE('',#4871,260.);
#145=CIRCLE('',#4873,260.);
#146=CIRCLE('',#4876,260.);
#147=CIRCLE('',#4879,260.);
#148=CIRCLE('',#4881,260.);
#149=CIRCLE('',#4884,260.);
#150=CIRCLE('',#4898,2.);
#151=CIRCLE('',#4899,2.);
#152=CIRCLE('',#4901,2.);
#153=CIRCLE('',#4902,2.);
#154=CIRCLE('',#4907,0.999999999999999);
#155=CIRCLE('',#4908,3.);
#156=CIRCLE('',#4909,1.);
#157=CIRCLE('',#4910,2.);
#158=CIRCLE('',#4912,1.);
#159=CIRCLE('',#4914,1.);
#160=CIRCLE('',#4915,2.);
#161=CIRCLE('',#4916,3.);
#162=CIRCLE('',#4918,1.);
#163=CIRCLE('',#4920,1.);
#164=CIRCLE('',#4921,2.);
#165=CIRCLE('',#4922,3.);
#166=CIRCLE('',#4924,1.);
#167=CIRCLE('',#4926,1.);
#168=CIRCLE('',#4927,2.);
#169=CIRCLE('',#4928,3.);
#170=CIRCLE('',#4935,4.);
#171=CIRCLE('',#4936,4.);
#172=CIRCLE('',#4937,4.);
#173=CIRCLE('',#4938,4.);
#174=CIRCLE('',#4940,1.00000000000001);
#175=CIRCLE('',#4941,1.);
#176=CIRCLE('',#4942,5.);
#177=CIRCLE('',#4944,1.);
#178=CIRCLE('',#4946,1.);
#179=CIRCLE('',#4947,5.);
#180=CIRCLE('',#4949,1.);
#181=CIRCLE('',#4951,1.);
#182=CIRCLE('',#4952,5.);
#183=CIRCLE('',#4954,1.);
#184=CIRCLE('',#4956,1.);
#185=CIRCLE('',#4957,5.);
#186=CIRCLE('',#4970,8.);
#187=CIRCLE('',#4971,8.);
#188=CIRCLE('',#4974,8.);
#189=CIRCLE('',#4975,8.);
#190=CIRCLE('',#4978,8.);
#191=CIRCLE('',#4979,8.);
#192=CIRCLE('',#4982,8.);
#193=CIRCLE('',#4983,8.);
#194=CIRCLE('',#4986,8.39999999999999);
#195=CIRCLE('',#4987,8.39999999999999);
#196=CIRCLE('',#4988,8.39999999999999);
#197=CIRCLE('',#4989,8.39999999999999);
#198=CIRCLE('',#4995,8.39999999999999);
#199=CIRCLE('',#4996,8.39999999999999);
#200=CIRCLE('',#4997,8.39999999999999);
#201=CIRCLE('',#4998,8.39999999999999);
#202=CIRCLE('',#5000,8.);
#203=CYLINDRICAL_SURFACE('',#4628,1.5);
#204=CYLINDRICAL_SURFACE('',#4634,1.5);
#205=CYLINDRICAL_SURFACE('',#4638,1.5);
#206=CYLINDRICAL_SURFACE('',#4643,1.5);
#207=CYLINDRICAL_SURFACE('',#4649,1.5);
#208=CYLINDRICAL_SURFACE('',#4653,1.5);
#209=CYLINDRICAL_SURFACE('',#4658,1.5);
#210=CYLINDRICAL_SURFACE('',#4664,1.5);
#211=CYLINDRICAL_SURFACE('',#4668,1.5);
#212=CYLINDRICAL_SURFACE('',#4672,2.);
#213=CYLINDRICAL_SURFACE('',#4675,2.);
#214=CYLINDRICAL_SURFACE('',#4678,2.);
#215=CYLINDRICAL_SURFACE('',#4681,2.);
#216=CYLINDRICAL_SURFACE('',#4684,2.);
#217=CYLINDRICAL_SURFACE('',#4687,2.);
#218=CYLINDRICAL_SURFACE('',#4690,2.);
#219=CYLINDRICAL_SURFACE('',#4693,2.);
#220=CYLINDRICAL_SURFACE('',#4696,2.);
#221=CYLINDRICAL_SURFACE('',#4700,1.5);
#222=CYLINDRICAL_SURFACE('',#4706,1.5);
#223=CYLINDRICAL_SURFACE('',#4710,1.5);
#224=CYLINDRICAL_SURFACE('',#4714,2.);
#225=CYLINDRICAL_SURFACE('',#4717,2.);
#226=CYLINDRICAL_SURFACE('',#4720,2.);
#227=CYLINDRICAL_SURFACE('',#4723,9.);
#228=CYLINDRICAL_SURFACE('',#4744,5.75);
#229=CYLINDRICAL_SURFACE('',#4747,5.5);
#230=CYLINDRICAL_SURFACE('',#4750,200.);
#231=CYLINDRICAL_SURFACE('',#4756,200.);
#232=CYLINDRICAL_SURFACE('',#4762,200.);
#233=CYLINDRICAL_SURFACE('',#4764,200.);
#234=CYLINDRICAL_SURFACE('',#4808,8.2);
#235=CYLINDRICAL_SURFACE('',#4815,8.2);
#236=CYLINDRICAL_SURFACE('',#4821,8.2);
#237=CYLINDRICAL_SURFACE('',#4825,3.);
#238=CYLINDRICAL_SURFACE('',#4828,3.);
#239=CYLINDRICAL_SURFACE('',#4831,3.);
#240=CYLINDRICAL_SURFACE('',#4833,8.);
#241=CYLINDRICAL_SURFACE('',#4835,3.);
#242=CYLINDRICAL_SURFACE('',#4838,3.);
#243=CYLINDRICAL_SURFACE('',#4840,8.);
#244=CYLINDRICAL_SURFACE('',#4842,3.);
#245=CYLINDRICAL_SURFACE('',#4845,3.);
#246=CYLINDRICAL_SURFACE('',#4847,8.);
#247=CYLINDRICAL_SURFACE('',#4849,3.);
#248=CYLINDRICAL_SURFACE('',#4851,260.);
#249=CYLINDRICAL_SURFACE('',#4857,260.);
#250=CYLINDRICAL_SURFACE('',#4863,260.);
#251=CYLINDRICAL_SURFACE('',#4869,260.);
#252=CYLINDRICAL_SURFACE('',#4875,260.);
#253=CYLINDRICAL_SURFACE('',#4878,260.);
#254=CYLINDRICAL_SURFACE('',#4880,260.);
#255=CYLINDRICAL_SURFACE('',#4883,260.);
#256=CYLINDRICAL_SURFACE('',#4911,1.);
#257=CYLINDRICAL_SURFACE('',#4917,1.);
#258=CYLINDRICAL_SURFACE('',#4923,1.);
#259=CYLINDRICAL_SURFACE('',#4929,1.);
#260=CYLINDRICAL_SURFACE('',#4931,2.);
#261=CYLINDRICAL_SURFACE('',#4933,2.);
#262=CYLINDRICAL_SURFACE('',#4943,1.);
#263=CYLINDRICAL_SURFACE('',#4948,1.);
#264=CYLINDRICAL_SURFACE('',#4953,1.);
#265=CYLINDRICAL_SURFACE('',#4958,1.);
#266=CYLINDRICAL_SURFACE('',#4959,5.);
#267=CYLINDRICAL_SURFACE('',#4961,5.);
#268=CYLINDRICAL_SURFACE('',#4962,5.);
#269=CYLINDRICAL_SURFACE('',#4964,5.);
#270=CYLINDRICAL_SURFACE('',#4965,2.);
#271=CYLINDRICAL_SURFACE('',#4967,2.);
#272=CYLINDRICAL_SURFACE('',#4969,8.);
#273=CYLINDRICAL_SURFACE('',#4973,8.);
#274=CYLINDRICAL_SURFACE('',#4977,8.);
#275=CYLINDRICAL_SURFACE('',#4981,8.);
#276=CYLINDRICAL_SURFACE('',#4999,8.);
#277=CYLINDRICAL_SURFACE('',#5001,8.39999999999999);
#278=CYLINDRICAL_SURFACE('',#5003,8.39999999999999);
#279=CYLINDRICAL_SURFACE('',#5005,8.39999999999999);
#280=CYLINDRICAL_SURFACE('',#5007,8.39999999999999);
#281=FACE_OUTER_BOUND('',#500,.T.);
#282=FACE_OUTER_BOUND('',#501,.T.);
#283=FACE_OUTER_BOUND('',#502,.T.);
#284=FACE_OUTER_BOUND('',#503,.T.);
#285=FACE_OUTER_BOUND('',#504,.T.);
#286=FACE_OUTER_BOUND('',#505,.T.);
#287=FACE_OUTER_BOUND('',#506,.T.);
#288=FACE_OUTER_BOUND('',#507,.T.);
#289=FACE_OUTER_BOUND('',#508,.T.);
#290=FACE_OUTER_BOUND('',#509,.T.);
#291=FACE_OUTER_BOUND('',#510,.T.);
#292=FACE_OUTER_BOUND('',#511,.T.);
#293=FACE_OUTER_BOUND('',#512,.T.);
#294=FACE_OUTER_BOUND('',#513,.T.);
#295=FACE_OUTER_BOUND('',#514,.T.);
#296=FACE_OUTER_BOUND('',#515,.T.);
#297=FACE_OUTER_BOUND('',#516,.T.);
#298=FACE_OUTER_BOUND('',#517,.T.);
#299=FACE_OUTER_BOUND('',#518,.T.);
#300=FACE_OUTER_BOUND('',#519,.T.);
#301=FACE_OUTER_BOUND('',#520,.T.);
#302=FACE_OUTER_BOUND('',#521,.T.);
#303=FACE_OUTER_BOUND('',#522,.T.);
#304=FACE_OUTER_BOUND('',#523,.T.);
#305=FACE_OUTER_BOUND('',#524,.T.);
#306=FACE_OUTER_BOUND('',#525,.T.);
#307=FACE_OUTER_BOUND('',#526,.T.);
#308=FACE_OUTER_BOUND('',#527,.T.);
#309=FACE_OUTER_BOUND('',#528,.T.);
#310=FACE_OUTER_BOUND('',#529,.T.);
#311=FACE_OUTER_BOUND('',#530,.T.);
#312=FACE_OUTER_BOUND('',#531,.T.);
#313=FACE_OUTER_BOUND('',#532,.T.);
#314=FACE_OUTER_BOUND('',#533,.T.);
#315=FACE_OUTER_BOUND('',#534,.T.);
#316=FACE_OUTER_BOUND('',#535,.T.);
#317=FACE_OUTER_BOUND('',#536,.T.);
#318=FACE_OUTER_BOUND('',#537,.T.);
#319=FACE_OUTER_BOUND('',#538,.T.);
#320=FACE_OUTER_BOUND('',#539,.T.);
#321=FACE_OUTER_BOUND('',#540,.T.);
#322=FACE_OUTER_BOUND('',#541,.T.);
#323=FACE_OUTER_BOUND('',#542,.T.);
#324=FACE_OUTER_BOUND('',#543,.T.);
#325=FACE_OUTER_BOUND('',#544,.T.);
#326=FACE_OUTER_BOUND('',#545,.T.);
#327=FACE_OUTER_BOUND('',#546,.T.);
#328=FACE_OUTER_BOUND('',#547,.T.);
#329=FACE_OUTER_BOUND('',#548,.T.);
#330=FACE_OUTER_BOUND('',#549,.T.);
#331=FACE_OUTER_BOUND('',#550,.T.);
#332=FACE_OUTER_BOUND('',#553,.T.);
#333=FACE_OUTER_BOUND('',#554,.T.);
#334=FACE_OUTER_BOUND('',#555,.T.);
#335=FACE_OUTER_BOUND('',#556,.T.);
#336=FACE_OUTER_BOUND('',#557,.T.);
#337=FACE_OUTER_BOUND('',#558,.T.);
#338=FACE_OUTER_BOUND('',#559,.T.);
#339=FACE_OUTER_BOUND('',#560,.T.);
#340=FACE_OUTER_BOUND('',#561,.T.);
#341=FACE_OUTER_BOUND('',#562,.T.);
#342=FACE_OUTER_BOUND('',#563,.T.);
#343=FACE_OUTER_BOUND('',#564,.T.);
#344=FACE_OUTER_BOUND('',#565,.T.);
#345=FACE_OUTER_BOUND('',#566,.T.);
#346=FACE_OUTER_BOUND('',#567,.T.);
#347=FACE_OUTER_BOUND('',#568,.T.);
#348=FACE_OUTER_BOUND('',#569,.T.);
#349=FACE_OUTER_BOUND('',#570,.T.);
#350=FACE_OUTER_BOUND('',#571,.T.);
#351=FACE_OUTER_BOUND('',#572,.T.);
#352=FACE_OUTER_BOUND('',#573,.T.);
#353=FACE_OUTER_BOUND('',#574,.T.);
#354=FACE_OUTER_BOUND('',#575,.T.);
#355=FACE_OUTER_BOUND('',#576,.T.);
#356=FACE_OUTER_BOUND('',#577,.T.);
#357=FACE_OUTER_BOUND('',#578,.T.);
#358=FACE_OUTER_BOUND('',#579,.T.);
#359=FACE_OUTER_BOUND('',#580,.T.);
#360=FACE_OUTER_BOUND('',#581,.T.);
#361=FACE_OUTER_BOUND('',#582,.T.);
#362=FACE_OUTER_BOUND('',#583,.T.);
#363=FACE_OUTER_BOUND('',#584,.T.);
#364=FACE_OUTER_BOUND('',#585,.T.);
#365=FACE_OUTER_BOUND('',#586,.T.);
#366=FACE_OUTER_BOUND('',#587,.T.);
#367=FACE_OUTER_BOUND('',#588,.T.);
#368=FACE_OUTER_BOUND('',#589,.T.);
#369=FACE_OUTER_BOUND('',#590,.T.);
#370=FACE_OUTER_BOUND('',#591,.T.);
#371=FACE_OUTER_BOUND('',#592,.T.);
#372=FACE_OUTER_BOUND('',#593,.T.);
#373=FACE_OUTER_BOUND('',#594,.T.);
#374=FACE_OUTER_BOUND('',#595,.T.);
#375=FACE_OUTER_BOUND('',#596,.T.);
#376=FACE_OUTER_BOUND('',#597,.T.);
#377=FACE_OUTER_BOUND('',#598,.T.);
#378=FACE_OUTER_BOUND('',#599,.T.);
#379=FACE_OUTER_BOUND('',#600,.T.);
#380=FACE_OUTER_BOUND('',#601,.T.);
#381=FACE_OUTER_BOUND('',#602,.T.);
#382=FACE_OUTER_BOUND('',#603,.T.);
#383=FACE_OUTER_BOUND('',#604,.T.);
#384=FACE_OUTER_BOUND('',#605,.T.);
#385=FACE_OUTER_BOUND('',#606,.T.);
#386=FACE_OUTER_BOUND('',#607,.T.);
#387=FACE_OUTER_BOUND('',#608,.T.);
#388=FACE_OUTER_BOUND('',#609,.T.);
#389=FACE_OUTER_BOUND('',#610,.T.);
#390=FACE_OUTER_BOUND('',#611,.T.);
#391=FACE_OUTER_BOUND('',#612,.T.);
#392=FACE_OUTER_BOUND('',#613,.T.);
#393=FACE_OUTER_BOUND('',#614,.T.);
#394=FACE_OUTER_BOUND('',#615,.T.);
#395=FACE_OUTER_BOUND('',#616,.T.);
#396=FACE_OUTER_BOUND('',#617,.T.);
#397=FACE_OUTER_BOUND('',#620,.T.);
#398=FACE_OUTER_BOUND('',#621,.T.);
#399=FACE_OUTER_BOUND('',#622,.T.);
#400=FACE_OUTER_BOUND('',#623,.T.);
#401=FACE_OUTER_BOUND('',#624,.T.);
#402=FACE_OUTER_BOUND('',#625,.T.);
#403=FACE_OUTER_BOUND('',#626,.T.);
#404=FACE_OUTER_BOUND('',#627,.T.);
#405=FACE_OUTER_BOUND('',#628,.T.);
#406=FACE_OUTER_BOUND('',#629,.T.);
#407=FACE_OUTER_BOUND('',#630,.T.);
#408=FACE_OUTER_BOUND('',#631,.T.);
#409=FACE_OUTER_BOUND('',#632,.T.);
#410=FACE_OUTER_BOUND('',#633,.T.);
#411=FACE_OUTER_BOUND('',#634,.T.);
#412=FACE_OUTER_BOUND('',#635,.T.);
#413=FACE_OUTER_BOUND('',#636,.T.);
#414=FACE_OUTER_BOUND('',#637,.T.);
#415=FACE_OUTER_BOUND('',#638,.T.);
#416=FACE_OUTER_BOUND('',#639,.T.);
#417=FACE_OUTER_BOUND('',#640,.T.);
#418=FACE_OUTER_BOUND('',#641,.T.);
#419=FACE_OUTER_BOUND('',#642,.T.);
#420=FACE_OUTER_BOUND('',#643,.T.);
#421=FACE_OUTER_BOUND('',#644,.T.);
#422=FACE_OUTER_BOUND('',#645,.T.);
#423=FACE_OUTER_BOUND('',#646,.T.);
#424=FACE_OUTER_BOUND('',#647,.T.);
#425=FACE_OUTER_BOUND('',#648,.T.);
#426=FACE_OUTER_BOUND('',#649,.T.);
#427=FACE_OUTER_BOUND('',#650,.T.);
#428=FACE_OUTER_BOUND('',#651,.T.);
#429=FACE_OUTER_BOUND('',#652,.T.);
#430=FACE_OUTER_BOUND('',#653,.T.);
#431=FACE_OUTER_BOUND('',#654,.T.);
#432=FACE_OUTER_BOUND('',#655,.T.);
#433=FACE_OUTER_BOUND('',#656,.T.);
#434=FACE_OUTER_BOUND('',#657,.T.);
#435=FACE_OUTER_BOUND('',#658,.T.);
#436=FACE_OUTER_BOUND('',#659,.T.);
#437=FACE_OUTER_BOUND('',#660,.T.);
#438=FACE_OUTER_BOUND('',#661,.T.);
#439=FACE_OUTER_BOUND('',#662,.T.);
#440=FACE_OUTER_BOUND('',#663,.T.);
#441=FACE_OUTER_BOUND('',#664,.T.);
#442=FACE_OUTER_BOUND('',#665,.T.);
#443=FACE_OUTER_BOUND('',#666,.T.);
#444=FACE_OUTER_BOUND('',#667,.T.);
#445=FACE_OUTER_BOUND('',#668,.T.);
#446=FACE_OUTER_BOUND('',#669,.T.);
#447=FACE_OUTER_BOUND('',#670,.T.);
#448=FACE_OUTER_BOUND('',#671,.T.);
#449=FACE_OUTER_BOUND('',#672,.T.);
#450=FACE_OUTER_BOUND('',#673,.T.);
#451=FACE_OUTER_BOUND('',#674,.T.);
#452=FACE_OUTER_BOUND('',#675,.T.);
#453=FACE_OUTER_BOUND('',#676,.T.);
#454=FACE_OUTER_BOUND('',#677,.T.);
#455=FACE_OUTER_BOUND('',#678,.T.);
#456=FACE_OUTER_BOUND('',#679,.T.);
#457=FACE_OUTER_BOUND('',#680,.T.);
#458=FACE_OUTER_BOUND('',#682,.T.);
#459=FACE_OUTER_BOUND('',#683,.T.);
#460=FACE_OUTER_BOUND('',#684,.T.);
#461=FACE_OUTER_BOUND('',#685,.T.);
#462=FACE_OUTER_BOUND('',#686,.T.);
#463=FACE_OUTER_BOUND('',#687,.T.);
#464=FACE_OUTER_BOUND('',#688,.T.);
#465=FACE_OUTER_BOUND('',#689,.T.);
#466=FACE_OUTER_BOUND('',#690,.T.);
#467=FACE_OUTER_BOUND('',#691,.T.);
#468=FACE_OUTER_BOUND('',#692,.T.);
#469=FACE_OUTER_BOUND('',#693,.T.);
#470=FACE_OUTER_BOUND('',#694,.T.);
#471=FACE_OUTER_BOUND('',#695,.T.);
#472=FACE_OUTER_BOUND('',#696,.T.);
#473=FACE_OUTER_BOUND('',#697,.T.);
#474=FACE_OUTER_BOUND('',#698,.T.);
#475=FACE_OUTER_BOUND('',#699,.T.);
#476=FACE_OUTER_BOUND('',#700,.T.);
#477=FACE_OUTER_BOUND('',#701,.T.);
#478=FACE_OUTER_BOUND('',#702,.T.);
#479=FACE_OUTER_BOUND('',#703,.T.);
#480=FACE_OUTER_BOUND('',#704,.T.);
#481=FACE_OUTER_BOUND('',#705,.T.);
#482=FACE_OUTER_BOUND('',#706,.T.);
#483=FACE_OUTER_BOUND('',#707,.T.);
#484=FACE_OUTER_BOUND('',#708,.T.);
#485=FACE_OUTER_BOUND('',#710,.T.);
#486=FACE_OUTER_BOUND('',#711,.T.);
#487=FACE_OUTER_BOUND('',#712,.T.);
#488=FACE_OUTER_BOUND('',#713,.T.);
#489=FACE_OUTER_BOUND('',#714,.T.);
#490=FACE_OUTER_BOUND('',#715,.T.);
#491=FACE_OUTER_BOUND('',#716,.T.);
#492=FACE_OUTER_BOUND('',#717,.T.);
#493=FACE_OUTER_BOUND('',#718,.T.);
#494=FACE_OUTER_BOUND('',#719,.T.);
#495=FACE_OUTER_BOUND('',#722,.T.);
#496=FACE_OUTER_BOUND('',#723,.T.);
#497=FACE_OUTER_BOUND('',#724,.T.);
#498=FACE_OUTER_BOUND('',#725,.T.);
#499=FACE_OUTER_BOUND('',#726,.T.);
#500=EDGE_LOOP('',(#2892,#2893,#2894,#2895));
#501=EDGE_LOOP('',(#2896,#2897,#2898,#2899));
#502=EDGE_LOOP('',(#2900,#2901,#2902,#2903));
#503=EDGE_LOOP('',(#2904,#2905,#2906,#2907));
#504=EDGE_LOOP('',(#2908,#2909,#2910,#2911));
#505=EDGE_LOOP('',(#2912,#2913,#2914,#2915));
#506=EDGE_LOOP('',(#2916,#2917,#2918,#2919));
#507=EDGE_LOOP('',(#2920,#2921,#2922,#2923));
#508=EDGE_LOOP('',(#2924,#2925,#2926,#2927));
#509=EDGE_LOOP('',(#2928,#2929,#2930,#2931));
#510=EDGE_LOOP('',(#2932,#2933,#2934,#2935));
#511=EDGE_LOOP('',(#2936,#2937,#2938,#2939));
#512=EDGE_LOOP('',(#2940,#2941,#2942,#2943));
#513=EDGE_LOOP('',(#2944,#2945,#2946,#2947));
#514=EDGE_LOOP('',(#2948,#2949,#2950,#2951));
#515=EDGE_LOOP('',(#2952,#2953,#2954,#2955));
#516=EDGE_LOOP('',(#2956,#2957,#2958,#2959));
#517=EDGE_LOOP('',(#2960,#2961,#2962,#2963));
#518=EDGE_LOOP('',(#2964,#2965,#2966,#2967));
#519=EDGE_LOOP('',(#2968,#2969,#2970,#2971));
#520=EDGE_LOOP('',(#2972,#2973,#2974,#2975));
#521=EDGE_LOOP('',(#2976,#2977,#2978,#2979));
#522=EDGE_LOOP('',(#2980,#2981,#2982,#2983));
#523=EDGE_LOOP('',(#2984,#2985,#2986,#2987));
#524=EDGE_LOOP('',(#2988,#2989,#2990,#2991));
#525=EDGE_LOOP('',(#2992,#2993,#2994,#2995));
#526=EDGE_LOOP('',(#2996,#2997,#2998,#2999));
#527=EDGE_LOOP('',(#3000,#3001,#3002,#3003));
#528=EDGE_LOOP('',(#3004,#3005,#3006,#3007));
#529=EDGE_LOOP('',(#3008,#3009,#3010,#3011));
#530=EDGE_LOOP('',(#3012,#3013,#3014,#3015));
#531=EDGE_LOOP('',(#3016,#3017,#3018,#3019));
#532=EDGE_LOOP('',(#3020,#3021,#3022,#3023));
#533=EDGE_LOOP('',(#3024,#3025,#3026,#3027));
#534=EDGE_LOOP('',(#3028,#3029,#3030,#3031));
#535=EDGE_LOOP('',(#3032,#3033,#3034,#3035));
#536=EDGE_LOOP('',(#3036,#3037,#3038,#3039));
#537=EDGE_LOOP('',(#3040,#3041,#3042,#3043));
#538=EDGE_LOOP('',(#3044,#3045,#3046,#3047));
#539=EDGE_LOOP('',(#3048,#3049,#3050,#3051));
#540=EDGE_LOOP('',(#3052,#3053,#3054,#3055));
#541=EDGE_LOOP('',(#3056,#3057,#3058,#3059));
#542=EDGE_LOOP('',(#3060,#3061,#3062,#3063));
#543=EDGE_LOOP('',(#3064,#3065,#3066,#3067));
#544=EDGE_LOOP('',(#3068,#3069,#3070,#3071));
#545=EDGE_LOOP('',(#3072,#3073,#3074,#3075));
#546=EDGE_LOOP('',(#3076,#3077,#3078,#3079));
#547=EDGE_LOOP('',(#3080,#3081,#3082,#3083));
#548=EDGE_LOOP('',(#3084,#3085,#3086,#3087));
#549=EDGE_LOOP('',(#3088,#3089));
#550=EDGE_LOOP('',(#3090,#3091,#3092,#3093,#3094,#3095,#3096,#3097,#3098,
#3099,#3100,#3101,#3102,#3103,#3104,#3105,#3106,#3107,#3108,#3109));
#551=EDGE_LOOP('',(#3110,#3111,#3112,#3113,#3114,#3115,#3116,#3117,#3118,
#3119,#3120,#3121,#3122,#3123,#3124,#3125,#3126,#3127,#3128,#3129,#3130,
#3131,#3132,#3133,#3134,#3135,#3136,#3137,#3138,#3139,#3140,#3141,#3142,
#3143,#3144,#3145,#3146,#3147,#3148,#3149));
#552=EDGE_LOOP('',(#3150,#3151,#3152,#3153,#3154,#3155,#3156,#3157,#3158,
#3159,#3160,#3161,#3162,#3163,#3164,#3165,#3166,#3167,#3168,#3169,#3170,
#3171,#3172,#3173,#3174,#3175,#3176,#3177,#3178,#3179,#3180,#3181,#3182,
#3183,#3184,#3185,#3186,#3187,#3188,#3189));
#553=EDGE_LOOP('',(#3190,#3191,#3192,#3193));
#554=EDGE_LOOP('',(#3194,#3195,#3196,#3197));
#555=EDGE_LOOP('',(#3198,#3199,#3200,#3201));
#556=EDGE_LOOP('',(#3202,#3203,#3204,#3205,#3206,#3207,#3208,#3209,#3210,
#3211,#3212,#3213));
#557=EDGE_LOOP('',(#3214,#3215,#3216,#3217));
#558=EDGE_LOOP('',(#3218,#3219,#3220,#3221));
#559=EDGE_LOOP('',(#3222,#3223,#3224,#3225,#3226,#3227,#3228,#3229,#3230,
#3231,#3232,#3233));
#560=EDGE_LOOP('',(#3234,#3235,#3236,#3237));
#561=EDGE_LOOP('',(#3238,#3239,#3240,#3241));
#562=EDGE_LOOP('',(#3242,#3243,#3244,#3245));
#563=EDGE_LOOP('',(#3246,#3247,#3248,#3249,#3250,#3251,#3252,#3253,#3254,
#3255,#3256,#3257));
#564=EDGE_LOOP('',(#3258,#3259,#3260,#3261));
#565=EDGE_LOOP('',(#3262,#3263,#3264,#3265));
#566=EDGE_LOOP('',(#3266,#3267,#3268,#3269,#3270,#3271,#3272,#3273,#3274,
#3275,#3276,#3277));
#567=EDGE_LOOP('',(#3278,#3279,#3280,#3281));
#568=EDGE_LOOP('',(#3282,#3283,#3284,#3285));
#569=EDGE_LOOP('',(#3286,#3287,#3288,#3289,#3290,#3291,#3292,#3293));
#570=EDGE_LOOP('',(#3294,#3295,#3296,#3297));
#571=EDGE_LOOP('',(#3298,#3299,#3300,#3301,#3302,#3303,#3304,#3305));
#572=EDGE_LOOP('',(#3306,#3307,#3308,#3309));
#573=EDGE_LOOP('',(#3310,#3311,#3312,#3313));
#574=EDGE_LOOP('',(#3314,#3315,#3316,#3317,#3318,#3319,#3320,#3321));
#575=EDGE_LOOP('',(#3322,#3323,#3324,#3325,#3326,#3327,#3328,#3329));
#576=EDGE_LOOP('',(#3330,#3331,#3332,#3333));
#577=EDGE_LOOP('',(#3334,#3335,#3336,#3337));
#578=EDGE_LOOP('',(#3338,#3339,#3340,#3341));
#579=EDGE_LOOP('',(#3342,#3343,#3344,#3345));
#580=EDGE_LOOP('',(#3346,#3347,#3348,#3349));
#581=EDGE_LOOP('',(#3350,#3351,#3352,#3353));
#582=EDGE_LOOP('',(#3354,#3355,#3356,#3357));
#583=EDGE_LOOP('',(#3358,#3359,#3360,#3361));
#584=EDGE_LOOP('',(#3362,#3363,#3364,#3365));
#585=EDGE_LOOP('',(#3366,#3367,#3368,#3369,#3370,#3371,#3372,#3373,#3374,
#3375,#3376,#3377,#3378,#3379,#3380,#3381));
#586=EDGE_LOOP('',(#3382,#3383,#3384,#3385,#3386,#3387,#3388,#3389));
#587=EDGE_LOOP('',(#3390,#3391,#3392,#3393));
#588=EDGE_LOOP('',(#3394,#3395,#3396,#3397,#3398,#3399,#3400,#3401));
#589=EDGE_LOOP('',(#3402,#3403,#3404,#3405));
#590=EDGE_LOOP('',(#3406,#3407,#3408,#3409,#3410,#3411,#3412,#3413,#3414,
#3415,#3416,#3417));
#591=EDGE_LOOP('',(#3418,#3419,#3420,#3421));
#592=EDGE_LOOP('',(#3422,#3423,#3424,#3425));
#593=EDGE_LOOP('',(#3426,#3427,#3428,#3429,#3430,#3431,#3432,#3433,#3434,
#3435,#3436,#3437));
#594=EDGE_LOOP('',(#3438,#3439,#3440,#3441,#3442,#3443,#3444,#3445,#3446,
#3447,#3448,#3449));
#595=EDGE_LOOP('',(#3450,#3451,#3452,#3453,#3454,#3455,#3456,#3457,#3458,
#3459,#3460,#3461));
#596=EDGE_LOOP('',(#3462,#3463,#3464,#3465));
#597=EDGE_LOOP('',(#3466,#3467,#3468,#3469));
#598=EDGE_LOOP('',(#3470,#3471,#3472,#3473));
#599=EDGE_LOOP('',(#3474,#3475,#3476,#3477));
#600=EDGE_LOOP('',(#3478,#3479,#3480,#3481));
#601=EDGE_LOOP('',(#3482,#3483,#3484,#3485));
#602=EDGE_LOOP('',(#3486,#3487,#3488,#3489));
#603=EDGE_LOOP('',(#3490,#3491,#3492,#3493));
#604=EDGE_LOOP('',(#3494,#3495,#3496,#3497,#3498,#3499,#3500,#3501,#3502,
#3503,#3504,#3505));
#605=EDGE_LOOP('',(#3506,#3507,#3508,#3509));
#606=EDGE_LOOP('',(#3510,#3511,#3512,#3513));
#607=EDGE_LOOP('',(#3514,#3515,#3516,#3517));
#608=EDGE_LOOP('',(#3518,#3519,#3520,#3521));
#609=EDGE_LOOP('',(#3522,#3523,#3524,#3525));
#610=EDGE_LOOP('',(#3526,#3527,#3528,#3529,#3530,#3531,#3532,#3533,#3534,
#3535,#3536,#3537));
#611=EDGE_LOOP('',(#3538,#3539,#3540,#3541));
#612=EDGE_LOOP('',(#3542,#3543,#3544,#3545));
#613=EDGE_LOOP('',(#3546,#3547,#3548,#3549));
#614=EDGE_LOOP('',(#3550,#3551,#3552,#3553));
#615=EDGE_LOOP('',(#3554,#3555,#3556,#3557,#3558,#3559,#3560,#3561,#3562,
#3563,#3564,#3565));
#616=EDGE_LOOP('',(#3566,#3567,#3568,#3569));
#617=EDGE_LOOP('',(#3570,#3571,#3572,#3573,#3574,#3575));
#618=EDGE_LOOP('',(#3576));
#619=EDGE_LOOP('',(#3577));
#620=EDGE_LOOP('',(#3578,#3579,#3580,#3581));
#621=EDGE_LOOP('',(#3582,#3583,#3584,#3585));
#622=EDGE_LOOP('',(#3586,#3587,#3588,#3589));
#623=EDGE_LOOP('',(#3590,#3591,#3592,#3593));
#624=EDGE_LOOP('',(#3594,#3595,#3596,#3597));
#625=EDGE_LOOP('',(#3598,#3599,#3600,#3601));
#626=EDGE_LOOP('',(#3602,#3603,#3604,#3605));
#627=EDGE_LOOP('',(#3606,#3607,#3608,#3609));
#628=EDGE_LOOP('',(#3610,#3611,#3612,#3613));
#629=EDGE_LOOP('',(#3614,#3615,#3616,#3617));
#630=EDGE_LOOP('',(#3618,#3619,#3620,#3621));
#631=EDGE_LOOP('',(#3622,#3623,#3624,#3625));
#632=EDGE_LOOP('',(#3626,#3627,#3628,#3629));
#633=EDGE_LOOP('',(#3630,#3631,#3632,#3633));
#634=EDGE_LOOP('',(#3634,#3635,#3636,#3637,#3638,#3639,#3640,#3641,#3642,
#3643,#3644,#3645));
#635=EDGE_LOOP('',(#3646,#3647,#3648,#3649));
#636=EDGE_LOOP('',(#3650,#3651,#3652,#3653));
#637=EDGE_LOOP('',(#3654,#3655,#3656,#3657,#3658,#3659,#3660,#3661,#3662,
#3663,#3664,#3665));
#638=EDGE_LOOP('',(#3666,#3667,#3668,#3669));
#639=EDGE_LOOP('',(#3670,#3671,#3672,#3673));
#640=EDGE_LOOP('',(#3674,#3675,#3676,#3677,#3678,#3679,#3680,#3681,#3682,
#3683,#3684,#3685));
#641=EDGE_LOOP('',(#3686,#3687,#3688,#3689));
#642=EDGE_LOOP('',(#3690,#3691,#3692,#3693));
#643=EDGE_LOOP('',(#3694,#3695,#3696,#3697,#3698,#3699,#3700,#3701,#3702,
#3703,#3704,#3705));
#644=EDGE_LOOP('',(#3706,#3707,#3708,#3709));
#645=EDGE_LOOP('',(#3710,#3711,#3712,#3713));
#646=EDGE_LOOP('',(#3714,#3715,#3716,#3717,#3718,#3719,#3720,#3721,#3722,
#3723,#3724,#3725));
#647=EDGE_LOOP('',(#3726,#3727,#3728,#3729));
#648=EDGE_LOOP('',(#3730,#3731,#3732,#3733));
#649=EDGE_LOOP('',(#3734,#3735,#3736,#3737,#3738,#3739,#3740,#3741,#3742,
#3743,#3744,#3745));
#650=EDGE_LOOP('',(#3746,#3747,#3748,#3749));
#651=EDGE_LOOP('',(#3750,#3751,#3752,#3753,#3754,#3755,#3756,#3757,#3758,
#3759,#3760,#3761));
#652=EDGE_LOOP('',(#3762,#3763,#3764,#3765));
#653=EDGE_LOOP('',(#3766,#3767,#3768,#3769));
#654=EDGE_LOOP('',(#3770,#3771,#3772,#3773));
#655=EDGE_LOOP('',(#3774,#3775,#3776,#3777));
#656=EDGE_LOOP('',(#3778,#3779,#3780,#3781,#3782,#3783,#3784,#3785,#3786,
#3787,#3788,#3789));
#657=EDGE_LOOP('',(#3790,#3791,#3792,#3793));
#658=EDGE_LOOP('',(#3794,#3795,#3796,#3797));
#659=EDGE_LOOP('',(#3798,#3799,#3800,#3801));
#660=EDGE_LOOP('',(#3802,#3803,#3804,#3805));
#661=EDGE_LOOP('',(#3806,#3807,#3808,#3809,#3810,#3811,#3812,#3813,#3814,
#3815,#3816,#3817,#3818,#3819,#3820,#3821,#3822,#3823,#3824,#3825));
#662=EDGE_LOOP('',(#3826,#3827,#3828,#3829,#3830,#3831,#3832,#3833,#3834,
#3835,#3836,#3837,#3838,#3839,#3840,#3841,#3842,#3843,#3844,#3845));
#663=EDGE_LOOP('',(#3846,#3847,#3848,#3849,#3850,#3851));
#664=EDGE_LOOP('',(#3852,#3853,#3854,#3855,#3856,#3857));
#665=EDGE_LOOP('',(#3858,#3859,#3860,#3861));
#666=EDGE_LOOP('',(#3862,#3863,#3864,#3865));
#667=EDGE_LOOP('',(#3866,#3867,#3868,#3869));
#668=EDGE_LOOP('',(#3870,#3871,#3872,#3873));
#669=EDGE_LOOP('',(#3874,#3875,#3876,#3877));
#670=EDGE_LOOP('',(#3878,#3879,#3880,#3881));
#671=EDGE_LOOP('',(#3882,#3883,#3884,#3885));
#672=EDGE_LOOP('',(#3886,#3887,#3888,#3889));
#673=EDGE_LOOP('',(#3890,#3891,#3892,#3893));
#674=EDGE_LOOP('',(#3894,#3895,#3896,#3897));
#675=EDGE_LOOP('',(#3898,#3899,#3900,#3901));
#676=EDGE_LOOP('',(#3902,#3903,#3904,#3905,#3906,#3907,#3908,#3909,#3910,
#3911,#3912,#3913,#3914,#3915,#3916,#3917,#3918,#3919,#3920,#3921));
#677=EDGE_LOOP('',(#3922,#3923,#3924,#3925));
#678=EDGE_LOOP('',(#3926,#3927,#3928,#3929));
#679=EDGE_LOOP('',(#3930,#3931,#3932,#3933));
#680=EDGE_LOOP('',(#3934,#3935,#3936,#3937,#3938,#3939,#3940,#3941));
#681=EDGE_LOOP('',(#3942,#3943,#3944,#3945,#3946,#3947,#3948,#3949));
#682=EDGE_LOOP('',(#3950,#3951,#3952,#3953));
#683=EDGE_LOOP('',(#3954,#3955,#3956,#3957));
#684=EDGE_LOOP('',(#3958,#3959,#3960,#3961));
#685=EDGE_LOOP('',(#3962,#3963,#3964,#3965));
#686=EDGE_LOOP('',(#3966,#3967,#3968,#3969));
#687=EDGE_LOOP('',(#3970,#3971,#3972,#3973));
#688=EDGE_LOOP('',(#3974,#3975,#3976,#3977));
#689=EDGE_LOOP('',(#3978,#3979,#3980,#3981));
#690=EDGE_LOOP('',(#3982,#3983,#3984,#3985));
#691=EDGE_LOOP('',(#3986,#3987,#3988,#3989));
#692=EDGE_LOOP('',(#3990,#3991,#3992,#3993));
#693=EDGE_LOOP('',(#3994,#3995,#3996,#3997));
#694=EDGE_LOOP('',(#3998,#3999,#4000,#4001));
#695=EDGE_LOOP('',(#4002,#4003,#4004,#4005));
#696=EDGE_LOOP('',(#4006,#4007,#4008,#4009));
#697=EDGE_LOOP('',(#4010,#4011,#4012,#4013));
#698=EDGE_LOOP('',(#4014,#4015,#4016,#4017));
#699=EDGE_LOOP('',(#4018,#4019,#4020,#4021,#4022,#4023,#4024,#4025,#4026,
#4027,#4028,#4029,#4030,#4031,#4032,#4033,#4034,#4035,#4036,#4037));
#700=EDGE_LOOP('',(#4038,#4039,#4040,#4041));
#701=EDGE_LOOP('',(#4042,#4043,#4044,#4045));
#702=EDGE_LOOP('',(#4046,#4047,#4048,#4049));
#703=EDGE_LOOP('',(#4050,#4051,#4052,#4053));
#704=EDGE_LOOP('',(#4054,#4055,#4056,#4057));
#705=EDGE_LOOP('',(#4058,#4059,#4060,#4061));
#706=EDGE_LOOP('',(#4062,#4063,#4064,#4065));
#707=EDGE_LOOP('',(#4066,#4067,#4068,#4069));
#708=EDGE_LOOP('',(#4070,#4071,#4072,#4073,#4074,#4075,#4076,#4077));
#709=EDGE_LOOP('',(#4078,#4079,#4080,#4081,#4082,#4083,#4084,#4085));
#710=EDGE_LOOP('',(#4086,#4087,#4088,#4089,#4090,#4091,#4092,#4093,#4094,
#4095,#4096,#4097));
#711=EDGE_LOOP('',(#4098,#4099,#4100,#4101,#4102,#4103,#4104,#4105,#4106,
#4107,#4108,#4109));
#712=EDGE_LOOP('',(#4110,#4111,#4112,#4113,#4114,#4115,#4116,#4117,#4118,
#4119,#4120,#4121));
#713=EDGE_LOOP('',(#4122,#4123,#4124,#4125,#4126,#4127,#4128,#4129,#4130,
#4131,#4132,#4133));
#714=EDGE_LOOP('',(#4134,#4135,#4136,#4137,#4138,#4139,#4140,#4141));
#715=EDGE_LOOP('',(#4142,#4143,#4144,#4145));
#716=EDGE_LOOP('',(#4146,#4147,#4148,#4149));
#717=EDGE_LOOP('',(#4150,#4151,#4152,#4153));
#718=EDGE_LOOP('',(#4154,#4155,#4156,#4157));
#719=EDGE_LOOP('',(#4158,#4159,#4160,#4161));
#720=EDGE_LOOP('',(#4162));
#721=EDGE_LOOP('',(#4163));
#722=EDGE_LOOP('',(#4164,#4165,#4166,#4167));
#723=EDGE_LOOP('',(#4168,#4169,#4170,#4171));
#724=EDGE_LOOP('',(#4172,#4173,#4174,#4175));
#725=EDGE_LOOP('',(#4176,#4177,#4178,#4179));
#726=EDGE_LOOP('',(#4180,#4181,#4182,#4183,#4184,#4185,#4186,#4187));
#727=EDGE_LOOP('',(#4188,#4189,#4190,#4191,#4192,#4193,#4194,#4195,#4196,
#4197,#4198,#4199,#4200,#4201,#4202,#4203));
#728=EDGE_LOOP('',(#4204,#4205,#4206,#4207,#4208,#4209,#4210,#4211,#4212,
#4213,#4214,#4215));
#729=EDGE_LOOP('',(#4216,#4217,#4218,#4219,#4220,#4221,#4222,#4223,#4224,
#4225,#4226,#4227));
#730=EDGE_LOOP('',(#4228,#4229,#4230,#4231,#4232,#4233,#4234,#4235,#4236,
#4237,#4238,#4239));
#731=EDGE_LOOP('',(#4240,#4241,#4242,#4243,#4244,#4245,#4246,#4247,#4248,
#4249,#4250,#4251));
#732=LINE('',#6298,#1248);
#733=LINE('',#6300,#1249);
#734=LINE('',#6302,#1250);
#735=LINE('',#6303,#1251);
#736=LINE('',#6308,#1252);
#737=LINE('',#6312,#1253);
#738=LINE('',#6314,#1254);
#739=LINE('',#6315,#1255);
#740=LINE('',#6319,#1256);
#741=LINE('',#6321,#1257);
#742=LINE('',#6323,#1258);
#743=LINE('',#6324,#1259);
#744=LINE('',#6328,#1260);
#745=LINE('',#6330,#1261);
#746=LINE('',#6332,#1262);
#747=LINE('',#6333,#1263);
#748=LINE('',#6340,#1264);
#749=LINE('',#6342,#1265);
#750=LINE('',#6344,#1266);
#751=LINE('',#6345,#1267);
#752=LINE('',#6351,#1268);
#753=LINE('',#6354,#1269);
#754=LINE('',#6356,#1270);
#755=LINE('',#6357,#1271);
#756=LINE('',#6361,#1272);
#757=LINE('',#6363,#1273);
#758=LINE('',#6365,#1274);
#759=LINE('',#6366,#1275);
#760=LINE('',#6371,#1276);
#761=LINE('',#6375,#1277);
#762=LINE('',#6377,#1278);
#763=LINE('',#6378,#1279);
#764=LINE('',#6382,#1280);
#765=LINE('',#6384,#1281);
#766=LINE('',#6386,#1282);
#767=LINE('',#6387,#1283);
#768=LINE('',#6391,#1284);
#769=LINE('',#6393,#1285);
#770=LINE('',#6395,#1286);
#771=LINE('',#6396,#1287);
#772=LINE('',#6403,#1288);
#773=LINE('',#6405,#1289);
#774=LINE('',#6407,#1290);
#775=LINE('',#6408,#1291);
#776=LINE('',#6414,#1292);
#777=LINE('',#6417,#1293);
#778=LINE('',#6419,#1294);
#779=LINE('',#6420,#1295);
#780=LINE('',#6424,#1296);
#781=LINE('',#6426,#1297);
#782=LINE('',#6428,#1298);
#783=LINE('',#6429,#1299);
#784=LINE('',#6434,#1300);
#785=LINE('',#6438,#1301);
#786=LINE('',#6440,#1302);
#787=LINE('',#6441,#1303);
#788=LINE('',#6445,#1304);
#789=LINE('',#6447,#1305);
#790=LINE('',#6449,#1306);
#791=LINE('',#6450,#1307);
#792=LINE('',#6454,#1308);
#793=LINE('',#6456,#1309);
#794=LINE('',#6458,#1310);
#795=LINE('',#6459,#1311);
#796=LINE('',#6466,#1312);
#797=LINE('',#6468,#1313);
#798=LINE('',#6470,#1314);
#799=LINE('',#6471,#1315);
#800=LINE('',#6477,#1316);
#801=LINE('',#6480,#1317);
#802=LINE('',#6482,#1318);
#803=LINE('',#6483,#1319);
#804=LINE('',#6514,#1320);
#805=LINE('',#6516,#1321);
#806=LINE('',#6518,#1322);
#807=LINE('',#6519,#1323);
#808=LINE('',#6524,#1324);
#809=LINE('',#6528,#1325);
#810=LINE('',#6530,#1326);
#811=LINE('',#6531,#1327);
#812=LINE('',#6535,#1328);
#813=LINE('',#6537,#1329);
#814=LINE('',#6539,#1330);
#815=LINE('',#6540,#1331);
#816=LINE('',#6544,#1332);
#817=LINE('',#6546,#1333);
#818=LINE('',#6548,#1334);
#819=LINE('',#6549,#1335);
#820=LINE('',#6556,#1336);
#821=LINE('',#6558,#1337);
#822=LINE('',#6560,#1338);
#823=LINE('',#6561,#1339);
#824=LINE('',#6567,#1340);
#825=LINE('',#6570,#1341);
#826=LINE('',#6572,#1342);
#827=LINE('',#6573,#1343);
#828=LINE('',#6588,#1344);
#829=LINE('',#6591,#1345);
#830=LINE('',#6593,#1346);
#831=LINE('',#6596,#1347);
#832=LINE('',#6604,#1348);
#833=LINE('',#6612,#1349);
#834=LINE('',#6620,#1350);
#835=LINE('',#6627,#1351);
#836=LINE('',#6630,#1352);
#837=LINE('',#6632,#1353);
#838=LINE('',#6634,#1354);
#839=LINE('',#6636,#1355);
#840=LINE('',#6638,#1356);
#841=LINE('',#6640,#1357);
#842=LINE('',#6642,#1358);
#843=LINE('',#6644,#1359);
#844=LINE('',#6646,#1360);
#845=LINE('',#6648,#1361);
#846=LINE('',#6652,#1362);
#847=LINE('',#6656,#1363);
#848=LINE('',#6658,#1364);
#849=LINE('',#6660,#1365);
#850=LINE('',#6662,#1366);
#851=LINE('',#6664,#1367);
#852=LINE('',#6666,#1368);
#853=LINE('',#6668,#1369);
#854=LINE('',#6670,#1370);
#855=LINE('',#6672,#1371);
#856=LINE('',#6674,#1372);
#857=LINE('',#6676,#1373);
#858=LINE('',#6678,#1374);
#859=LINE('',#6680,#1375);
#860=LINE('',#6682,#1376);
#861=LINE('',#6684,#1377);
#862=LINE('',#6686,#1378);
#863=LINE('',#6688,#1379);
#864=LINE('',#6692,#1380);
#865=LINE('',#6696,#1381);
#866=LINE('',#6698,#1382);
#867=LINE('',#6700,#1383);
#868=LINE('',#6702,#1384);
#869=LINE('',#6704,#1385);
#870=LINE('',#6706,#1386);
#871=LINE('',#6707,#1387);
#872=LINE('',#6710,#1388);
#873=LINE('',#6712,#1389);
#874=LINE('',#6714,#1390);
#875=LINE('',#6716,#1391);
#876=LINE('',#6718,#1392);
#877=LINE('',#6720,#1393);
#878=LINE('',#6722,#1394);
#879=LINE('',#6724,#1395);
#880=LINE('',#6726,#1396);
#881=LINE('',#6728,#1397);
#882=LINE('',#6730,#1398);
#883=LINE('',#6732,#1399);
#884=LINE('',#6734,#1400);
#885=LINE('',#6736,#1401);
#886=LINE('',#6738,#1402);
#887=LINE('',#6740,#1403);
#888=LINE('',#6742,#1404);
#889=LINE('',#6744,#1405);
#890=LINE('',#6746,#1406);
#891=LINE('',#6748,#1407);
#892=LINE('',#6750,#1408);
#893=LINE('',#6752,#1409);
#894=LINE('',#6754,#1410);
#895=LINE('',#6756,#1411);
#896=LINE('',#6758,#1412);
#897=LINE('',#6760,#1413);
#898=LINE('',#6762,#1414);
#899=LINE('',#6764,#1415);
#900=LINE('',#6766,#1416);
#901=LINE('',#6768,#1417);
#902=LINE('',#6770,#1418);
#903=LINE('',#6772,#1419);
#904=LINE('',#6774,#1420);
#905=LINE('',#6776,#1421);
#906=LINE('',#6778,#1422);
#907=LINE('',#6780,#1423);
#908=LINE('',#6782,#1424);
#909=LINE('',#6784,#1425);
#910=LINE('',#6786,#1426);
#911=LINE('',#6787,#1427);
#912=LINE('',#6792,#1428);
#913=LINE('',#6798,#1429);
#914=LINE('',#6804,#1430);
#915=LINE('',#6808,#1431);
#916=LINE('',#6811,#1432);
#917=LINE('',#6813,#1433);
#918=LINE('',#6815,#1434);
#919=LINE('',#6817,#1435);
#920=LINE('',#6819,#1436);
#921=LINE('',#6821,#1437);
#922=LINE('',#6822,#1438);
#923=LINE('',#6825,#1439);
#924=LINE('',#6826,#1440);
#925=LINE('',#6831,#1441);
#926=LINE('',#6835,#1442);
#927=LINE('',#6838,#1443);
#928=LINE('',#6840,#1444);
#929=LINE('',#6842,#1445);
#930=LINE('',#6844,#1446);
#931=LINE('',#6846,#1447);
#932=LINE('',#6848,#1448);
#933=LINE('',#6849,#1449);
#934=LINE('',#6852,#1450);
#935=LINE('',#6853,#1451);
#936=LINE('',#6860,#1452);
#937=LINE('',#6862,#1453);
#938=LINE('',#6864,#1454);
#939=LINE('',#6866,#1455);
#940=LINE('',#6868,#1456);
#941=LINE('',#6870,#1457);
#942=LINE('',#6871,#1458);
#943=LINE('',#6873,#1459);
#944=LINE('',#6874,#1460);
#945=LINE('',#6876,#1461);
#946=LINE('',#6877,#1462);
#947=LINE('',#6880,#1463);
#948=LINE('',#6882,#1464);
#949=LINE('',#6884,#1465);
#950=LINE('',#6886,#1466);
#951=LINE('',#6888,#1467);
#952=LINE('',#6890,#1468);
#953=LINE('',#6891,#1469);
#954=LINE('',#6893,#1470);
#955=LINE('',#6894,#1471);
#956=LINE('',#6896,#1472);
#957=LINE('',#6897,#1473);
#958=LINE('',#6900,#1474);
#959=LINE('',#6902,#1475);
#960=LINE('',#6904,#1476);
#961=LINE('',#6906,#1477);
#962=LINE('',#6907,#1478);
#963=LINE('',#6910,#1479);
#964=LINE('',#6911,#1480);
#965=LINE('',#6914,#1481);
#966=LINE('',#6916,#1482);
#967=LINE('',#6918,#1483);
#968=LINE('',#6920,#1484);
#969=LINE('',#6921,#1485);
#970=LINE('',#6924,#1486);
#971=LINE('',#6925,#1487);
#972=LINE('',#6928,#1488);
#973=LINE('',#6930,#1489);
#974=LINE('',#6931,#1490);
#975=LINE('',#6934,#1491);
#976=LINE('',#6936,#1492);
#977=LINE('',#6937,#1493);
#978=LINE('',#6940,#1494);
#979=LINE('',#6942,#1495);
#980=LINE('',#6943,#1496);
#981=LINE('',#6946,#1497);
#982=LINE('',#6948,#1498);
#983=LINE('',#6949,#1499);
#984=LINE('',#6952,#1500);
#985=LINE('',#6954,#1501);
#986=LINE('',#6955,#1502);
#987=LINE('',#6957,#1503);
#988=LINE('',#6958,#1504);
#989=LINE('',#6960,#1505);
#990=LINE('',#6961,#1506);
#991=LINE('',#6964,#1507);
#992=LINE('',#6966,#1508);
#993=LINE('',#6967,#1509);
#994=LINE('',#6969,#1510);
#995=LINE('',#6970,#1511);
#996=LINE('',#6972,#1512);
#997=LINE('',#6973,#1513);
#998=LINE('',#6979,#1514);
#999=LINE('',#6981,#1515);
#1000=LINE('',#6983,#1516);
#1001=LINE('',#6985,#1517);
#1002=LINE('',#6987,#1518);
#1003=LINE('',#6989,#1519);
#1004=LINE('',#6991,#1520);
#1005=LINE('',#6993,#1521);
#1006=LINE('',#6995,#1522);
#1007=LINE('',#6997,#1523);
#1008=LINE('',#6999,#1524);
#1009=LINE('',#7001,#1525);
#1010=LINE('',#7003,#1526);
#1011=LINE('',#7005,#1527);
#1012=LINE('',#7007,#1528);
#1013=LINE('',#7008,#1529);
#1014=LINE('',#7011,#1530);
#1015=LINE('',#7012,#1531);
#1016=LINE('',#7013,#1532);
#1017=LINE('',#7015,#1533);
#1018=LINE('',#7016,#1534);
#1019=LINE('',#7019,#1535);
#1020=LINE('',#7020,#1536);
#1021=LINE('',#7021,#1537);
#1022=LINE('',#7023,#1538);
#1023=LINE('',#7024,#1539);
#1024=LINE('',#7026,#1540);
#1025=LINE('',#7029,#1541);
#1026=LINE('',#7032,#1542);
#1027=LINE('',#7034,#1543);
#1028=LINE('',#7038,#1544);
#1029=LINE('',#7039,#1545);
#1030=LINE('',#7042,#1546);
#1031=LINE('',#7044,#1547);
#1032=LINE('',#7048,#1548);
#1033=LINE('',#7049,#1549);
#1034=LINE('',#7052,#1550);
#1035=LINE('',#7054,#1551);
#1036=LINE('',#7058,#1552);
#1037=LINE('',#7059,#1553);
#1038=LINE('',#7062,#1554);
#1039=LINE('',#7063,#1555);
#1040=LINE('',#7065,#1556);
#1041=LINE('',#7067,#1557);
#1042=LINE('',#7070,#1558);
#1043=LINE('',#7071,#1559);
#1044=LINE('',#7074,#1560);
#1045=LINE('',#7075,#1561);
#1046=LINE('',#7078,#1562);
#1047=LINE('',#7079,#1563);
#1048=LINE('',#7083,#1564);
#1049=LINE('',#7085,#1565);
#1050=LINE('',#7089,#1566);
#1051=LINE('',#7090,#1567);
#1052=LINE('',#7093,#1568);
#1053=LINE('',#7094,#1569);
#1054=LINE('',#7097,#1570);
#1055=LINE('',#7098,#1571);
#1056=LINE('',#7102,#1572);
#1057=LINE('',#7104,#1573);
#1058=LINE('',#7108,#1574);
#1059=LINE('',#7109,#1575);
#1060=LINE('',#7112,#1576);
#1061=LINE('',#7113,#1577);
#1062=LINE('',#7117,#1578);
#1063=LINE('',#7119,#1579);
#1064=LINE('',#7123,#1580);
#1065=LINE('',#7126,#1581);
#1066=LINE('',#7129,#1582);
#1067=LINE('',#7130,#1583);
#1068=LINE('',#7133,#1584);
#1069=LINE('',#7136,#1585);
#1070=LINE('',#7139,#1586);
#1071=LINE('',#7140,#1587);
#1072=LINE('',#7143,#1588);
#1073=LINE('',#7147,#1589);
#1074=LINE('',#7151,#1590);
#1075=LINE('',#7155,#1591);
#1076=LINE('',#7156,#1592);
#1077=LINE('',#7159,#1593);
#1078=LINE('',#7163,#1594);
#1079=LINE('',#7167,#1595);
#1080=LINE('',#7171,#1596);
#1081=LINE('',#7172,#1597);
#1082=LINE('',#7175,#1598);
#1083=LINE('',#7179,#1599);
#1084=LINE('',#7187,#1600);
#1085=LINE('',#7191,#1601);
#1086=LINE('',#7194,#1602);
#1087=LINE('',#7196,#1603);
#1088=LINE('',#7198,#1604);
#1089=LINE('',#7200,#1605);
#1090=LINE('',#7202,#1606);
#1091=LINE('',#7204,#1607);
#1092=LINE('',#7205,#1608);
#1093=LINE('',#7208,#1609);
#1094=LINE('',#7209,#1610);
#1095=LINE('',#7214,#1611);
#1096=LINE('',#7218,#1612);
#1097=LINE('',#7221,#1613);
#1098=LINE('',#7223,#1614);
#1099=LINE('',#7225,#1615);
#1100=LINE('',#7227,#1616);
#1101=LINE('',#7229,#1617);
#1102=LINE('',#7231,#1618);
#1103=LINE('',#7232,#1619);
#1104=LINE('',#7235,#1620);
#1105=LINE('',#7236,#1621);
#1106=LINE('',#7241,#1622);
#1107=LINE('',#7245,#1623);
#1108=LINE('',#7248,#1624);
#1109=LINE('',#7250,#1625);
#1110=LINE('',#7252,#1626);
#1111=LINE('',#7254,#1627);
#1112=LINE('',#7256,#1628);
#1113=LINE('',#7258,#1629);
#1114=LINE('',#7259,#1630);
#1115=LINE('',#7262,#1631);
#1116=LINE('',#7263,#1632);
#1117=LINE('',#7268,#1633);
#1118=LINE('',#7272,#1634);
#1119=LINE('',#7275,#1635);
#1120=LINE('',#7277,#1636);
#1121=LINE('',#7279,#1637);
#1122=LINE('',#7281,#1638);
#1123=LINE('',#7283,#1639);
#1124=LINE('',#7285,#1640);
#1125=LINE('',#7286,#1641);
#1126=LINE('',#7289,#1642);
#1127=LINE('',#7290,#1643);
#1128=LINE('',#7295,#1644);
#1129=LINE('',#7297,#1645);
#1130=LINE('',#7299,#1646);
#1131=LINE('',#7301,#1647);
#1132=LINE('',#7303,#1648);
#1133=LINE('',#7305,#1649);
#1134=LINE('',#7306,#1650);
#1135=LINE('',#7313,#1651);
#1136=LINE('',#7315,#1652);
#1137=LINE('',#7317,#1653);
#1138=LINE('',#7319,#1654);
#1139=LINE('',#7321,#1655);
#1140=LINE('',#7323,#1656);
#1141=LINE('',#7324,#1657);
#1142=LINE('',#7329,#1658);
#1143=LINE('',#7331,#1659);
#1144=LINE('',#7333,#1660);
#1145=LINE('',#7335,#1661);
#1146=LINE('',#7337,#1662);
#1147=LINE('',#7339,#1663);
#1148=LINE('',#7340,#1664);
#1149=LINE('',#7342,#1665);
#1150=LINE('',#7343,#1666);
#1151=LINE('',#7345,#1667);
#1152=LINE('',#7346,#1668);
#1153=LINE('',#7349,#1669);
#1154=LINE('',#7351,#1670);
#1155=LINE('',#7352,#1671);
#1156=LINE('',#7355,#1672);
#1157=LINE('',#7357,#1673);
#1158=LINE('',#7358,#1674);
#1159=LINE('',#7360,#1675);
#1160=LINE('',#7362,#1676);
#1161=LINE('',#7364,#1677);
#1162=LINE('',#7365,#1678);
#1163=LINE('',#7366,#1679);
#1164=LINE('',#7368,#1680);
#1165=LINE('',#7369,#1681);
#1166=LINE('',#7371,#1682);
#1167=LINE('',#7372,#1683);
#1168=LINE('',#7374,#1684);
#1169=LINE('',#7375,#1685);
#1170=LINE('',#7377,#1686);
#1171=LINE('',#7378,#1687);
#1172=LINE('',#7381,#1688);
#1173=LINE('',#7383,#1689);
#1174=LINE('',#7384,#1690);
#1175=LINE('',#7386,#1691);
#1176=LINE('',#7388,#1692);
#1177=LINE('',#7390,#1693);
#1178=LINE('',#7392,#1694);
#1179=LINE('',#7394,#1695);
#1180=LINE('',#7395,#1696);
#1181=LINE('',#7396,#1697);
#1182=LINE('',#7397,#1698);
#1183=LINE('',#7402,#1699);
#1184=LINE('',#7405,#1700);
#1185=LINE('',#7408,#1701);
#1186=LINE('',#7412,#1702);
#1187=LINE('',#7415,#1703);
#1188=LINE('',#7417,#1704);
#1189=LINE('',#7419,#1705);
#1190=LINE('',#7431,#1706);
#1191=LINE('',#7442,#1707);
#1192=LINE('',#7443,#1708);
#1193=LINE('',#7454,#1709);
#1194=LINE('',#7455,#1710);
#1195=LINE('',#7463,#1711);
#1196=LINE('',#7464,#1712);
#1197=LINE('',#7466,#1713);
#1198=LINE('',#7467,#1714);
#1199=LINE('',#7469,#1715);
#1200=LINE('',#7471,#1716);
#1201=LINE('',#7478,#1717);
#1202=LINE('',#7482,#1718);
#1203=LINE('',#7486,#1719);
#1204=LINE('',#7489,#1720);
#1205=LINE('',#7499,#1721);
#1206=LINE('',#7507,#1722);
#1207=LINE('',#7518,#1723);
#1208=LINE('',#7520,#1724);
#1209=LINE('',#7522,#1725);
#1210=LINE('',#7524,#1726);
#1211=LINE('',#7526,#1727);
#1212=LINE('',#7527,#1728);
#1213=LINE('',#7529,#1729);
#1214=LINE('',#7532,#1730);
#1215=LINE('',#7534,#1731);
#1216=LINE('',#7542,#1732);
#1217=LINE('',#7545,#1733);
#1218=LINE('',#7548,#1734);
#1219=LINE('',#7550,#1735);
#1220=LINE('',#7551,#1736);
#1221=LINE('',#7557,#1737);
#1222=LINE('',#7560,#1738);
#1223=LINE('',#7562,#1739);
#1224=LINE('',#7563,#1740);
#1225=LINE('',#7569,#1741);
#1226=LINE('',#7572,#1742);
#1227=LINE('',#7574,#1743);
#1228=LINE('',#7575,#1744);
#1229=LINE('',#7581,#1745);
#1230=LINE('',#7583,#1746);
#1231=LINE('',#7584,#1747);
#1232=LINE('',#7588,#1748);
#1233=LINE('',#7592,#1749);
#1234=LINE('',#7596,#1750);
#1235=LINE('',#7600,#1751);
#1236=LINE('',#7611,#1752);
#1237=LINE('',#7615,#1753);
#1238=LINE('',#7619,#1754);
#1239=LINE('',#7622,#1755);
#1240=LINE('',#7626,#1756);
#1241=LINE('',#7627,#1757);
#1242=LINE('',#7629,#1758);
#1243=LINE('',#7631,#1759);
#1244=LINE('',#7633,#1760);
#1245=LINE('',#7635,#1761);
#1246=LINE('',#7637,#1762);
#1247=LINE('',#7639,#1763);
#1248=VECTOR('',#5014,10.);
#1249=VECTOR('',#5015,10.);
#1250=VECTOR('',#5016,10.);
#1251=VECTOR('',#5017,10.);
#1252=VECTOR('',#5022,10.);
#1253=VECTOR('',#5027,10.);
#1254=VECTOR('',#5028,10.);
#1255=VECTOR('',#5029,10.);
#1256=VECTOR('',#5032,10.);
#1257=VECTOR('',#5033,10.);
#1258=VECTOR('',#5034,10.);
#1259=VECTOR('',#5035,10.);
#1260=VECTOR('',#5038,10.);
#1261=VECTOR('',#5039,10.);
#1262=VECTOR('',#5040,10.);
#1263=VECTOR('',#5041,10.);
#1264=VECTOR('',#5050,10.);
#1265=VECTOR('',#5051,10.);
#1266=VECTOR('',#5052,10.);
#1267=VECTOR('',#5053,10.);
#1268=VECTOR('',#5060,10.);
#1269=VECTOR('',#5063,10.);
#1270=VECTOR('',#5064,10.);
#1271=VECTOR('',#5065,10.);
#1272=VECTOR('',#5068,10.);
#1273=VECTOR('',#5069,10.);
#1274=VECTOR('',#5070,10.);
#1275=VECTOR('',#5071,10.);
#1276=VECTOR('',#5076,10.);
#1277=VECTOR('',#5081,10.);
#1278=VECTOR('',#5082,10.);
#1279=VECTOR('',#5083,10.);
#1280=VECTOR('',#5086,10.);
#1281=VECTOR('',#5087,10.);
#1282=VECTOR('',#5088,10.);
#1283=VECTOR('',#5089,10.);
#1284=VECTOR('',#5092,10.);
#1285=VECTOR('',#5093,10.);
#1286=VECTOR('',#5094,10.);
#1287=VECTOR('',#5095,10.);
#1288=VECTOR('',#5104,10.);
#1289=VECTOR('',#5105,10.);
#1290=VECTOR('',#5106,10.);
#1291=VECTOR('',#5107,10.);
#1292=VECTOR('',#5114,10.);
#1293=VECTOR('',#5117,10.);
#1294=VECTOR('',#5118,10.);
#1295=VECTOR('',#5119,10.);
#1296=VECTOR('',#5122,10.);
#1297=VECTOR('',#5123,10.);
#1298=VECTOR('',#5124,10.);
#1299=VECTOR('',#5125,10.);
#1300=VECTOR('',#5130,10.);
#1301=VECTOR('',#5135,10.);
#1302=VECTOR('',#5136,10.);
#1303=VECTOR('',#5137,10.);
#1304=VECTOR('',#5140,10.);
#1305=VECTOR('',#5141,10.);
#1306=VECTOR('',#5142,10.);
#1307=VECTOR('',#5143,10.);
#1308=VECTOR('',#5146,10.);
#1309=VECTOR('',#5147,10.);
#1310=VECTOR('',#5148,10.);
#1311=VECTOR('',#5149,10.);
#1312=VECTOR('',#5158,10.);
#1313=VECTOR('',#5159,10.);
#1314=VECTOR('',#5160,10.);
#1315=VECTOR('',#5161,10.);
#1316=VECTOR('',#5168,10.);
#1317=VECTOR('',#5171,10.);
#1318=VECTOR('',#5172,10.);
#1319=VECTOR('',#5173,10.);
#1320=VECTOR('',#5230,10.);
#1321=VECTOR('',#5231,10.);
#1322=VECTOR('',#5232,10.);
#1323=VECTOR('',#5233,10.);
#1324=VECTOR('',#5238,10.);
#1325=VECTOR('',#5243,10.);
#1326=VECTOR('',#5244,10.);
#1327=VECTOR('',#5245,10.);
#1328=VECTOR('',#5248,10.);
#1329=VECTOR('',#5249,10.);
#1330=VECTOR('',#5250,10.);
#1331=VECTOR('',#5251,10.);
#1332=VECTOR('',#5254,10.);
#1333=VECTOR('',#5255,10.);
#1334=VECTOR('',#5256,10.);
#1335=VECTOR('',#5257,10.);
#1336=VECTOR('',#5266,10.);
#1337=VECTOR('',#5267,10.);
#1338=VECTOR('',#5268,10.);
#1339=VECTOR('',#5269,10.);
#1340=VECTOR('',#5276,10.);
#1341=VECTOR('',#5279,10.);
#1342=VECTOR('',#5280,10.);
#1343=VECTOR('',#5281,10.);
#1344=VECTOR('',#5304,10.);
#1345=VECTOR('',#5307,10.);
#1346=VECTOR('',#5310,10.);
#1347=VECTOR('',#5313,10.);
#1348=VECTOR('',#5320,10.);
#1349=VECTOR('',#5327,10.);
#1350=VECTOR('',#5334,10.);
#1351=VECTOR('',#5341,10.);
#1352=VECTOR('',#5342,10.);
#1353=VECTOR('',#5343,10.);
#1354=VECTOR('',#5344,10.);
#1355=VECTOR('',#5345,10.);
#1356=VECTOR('',#5346,10.);
#1357=VECTOR('',#5347,10.);
#1358=VECTOR('',#5348,10.);
#1359=VECTOR('',#5349,10.);
#1360=VECTOR('',#5350,10.);
#1361=VECTOR('',#5351,10.);
#1362=VECTOR('',#5354,10.);
#1363=VECTOR('',#5357,10.);
#1364=VECTOR('',#5358,10.);
#1365=VECTOR('',#5359,10.);
#1366=VECTOR('',#5360,10.);
#1367=VECTOR('',#5361,10.);
#1368=VECTOR('',#5362,10.);
#1369=VECTOR('',#5363,10.);
#1370=VECTOR('',#5364,10.);
#1371=VECTOR('',#5365,10.);
#1372=VECTOR('',#5366,10.);
#1373=VECTOR('',#5367,10.);
#1374=VECTOR('',#5368,10.);
#1375=VECTOR('',#5369,10.);
#1376=VECTOR('',#5370,10.);
#1377=VECTOR('',#5371,10.);
#1378=VECTOR('',#5372,10.);
#1379=VECTOR('',#5373,10.);
#1380=VECTOR('',#5376,10.);
#1381=VECTOR('',#5379,10.);
#1382=VECTOR('',#5380,10.);
#1383=VECTOR('',#5381,10.);
#1384=VECTOR('',#5382,10.);
#1385=VECTOR('',#5383,10.);
#1386=VECTOR('',#5384,10.);
#1387=VECTOR('',#5385,10.);
#1388=VECTOR('',#5386,10.);
#1389=VECTOR('',#5387,10.);
#1390=VECTOR('',#5388,10.);
#1391=VECTOR('',#5389,10.);
#1392=VECTOR('',#5390,10.);
#1393=VECTOR('',#5391,10.);
#1394=VECTOR('',#5392,10.);
#1395=VECTOR('',#5393,10.);
#1396=VECTOR('',#5394,10.);
#1397=VECTOR('',#5395,10.);
#1398=VECTOR('',#5396,10.);
#1399=VECTOR('',#5397,10.);
#1400=VECTOR('',#5398,10.);
#1401=VECTOR('',#5399,10.);
#1402=VECTOR('',#5400,10.);
#1403=VECTOR('',#5401,10.);
#1404=VECTOR('',#5402,10.);
#1405=VECTOR('',#5403,10.);
#1406=VECTOR('',#5404,10.);
#1407=VECTOR('',#5405,10.);
#1408=VECTOR('',#5406,10.);
#1409=VECTOR('',#5407,10.);
#1410=VECTOR('',#5408,10.);
#1411=VECTOR('',#5409,10.);
#1412=VECTOR('',#5410,10.);
#1413=VECTOR('',#5411,10.);
#1414=VECTOR('',#5412,10.);
#1415=VECTOR('',#5413,10.);
#1416=VECTOR('',#5414,10.);
#1417=VECTOR('',#5415,10.);
#1418=VECTOR('',#5416,10.);
#1419=VECTOR('',#5417,10.);
#1420=VECTOR('',#5418,10.);
#1421=VECTOR('',#5419,10.);
#1422=VECTOR('',#5420,10.);
#1423=VECTOR('',#5421,10.);
#1424=VECTOR('',#5422,10.);
#1425=VECTOR('',#5423,10.);
#1426=VECTOR('',#5424,10.);
#1427=VECTOR('',#5425,10.);
#1428=VECTOR('',#5430,5.75);
#1429=VECTOR('',#5437,5.5);
#1430=VECTOR('',#5444,200.);
#1431=VECTOR('',#5449,10.);
#1432=VECTOR('',#5452,10.);
#1433=VECTOR('',#5453,10.);
#1434=VECTOR('',#5454,10.);
#1435=VECTOR('',#5455,10.);
#1436=VECTOR('',#5456,10.);
#1437=VECTOR('',#5457,10.);
#1438=VECTOR('',#5458,10.);
#1439=VECTOR('',#5461,10.);
#1440=VECTOR('',#5462,200.);
#1441=VECTOR('',#5467,200.);
#1442=VECTOR('',#5472,10.);
#1443=VECTOR('',#5475,10.);
#1444=VECTOR('',#5476,10.);
#1445=VECTOR('',#5477,10.);
#1446=VECTOR('',#5478,10.);
#1447=VECTOR('',#5479,10.);
#1448=VECTOR('',#5480,10.);
#1449=VECTOR('',#5481,10.);
#1450=VECTOR('',#5484,10.);
#1451=VECTOR('',#5485,200.);
#1452=VECTOR('',#5496,10.);
#1453=VECTOR('',#5497,10.);
#1454=VECTOR('',#5498,10.);
#1455=VECTOR('',#5499,10.);
#1456=VECTOR('',#5500,10.);
#1457=VECTOR('',#5501,10.);
#1458=VECTOR('',#5502,10.);
#1459=VECTOR('',#5505,10.);
#1460=VECTOR('',#5506,10.);
#1461=VECTOR('',#5509,10.);
#1462=VECTOR('',#5510,10.);
#1463=VECTOR('',#5513,10.);
#1464=VECTOR('',#5514,10.);
#1465=VECTOR('',#5515,10.);
#1466=VECTOR('',#5516,10.);
#1467=VECTOR('',#5517,10.);
#1468=VECTOR('',#5518,10.);
#1469=VECTOR('',#5519,10.);
#1470=VECTOR('',#5522,10.);
#1471=VECTOR('',#5523,10.);
#1472=VECTOR('',#5526,10.);
#1473=VECTOR('',#5527,10.);
#1474=VECTOR('',#5530,10.);
#1475=VECTOR('',#5531,10.);
#1476=VECTOR('',#5532,10.);
#1477=VECTOR('',#5533,10.);
#1478=VECTOR('',#5534,10.);
#1479=VECTOR('',#5537,10.);
#1480=VECTOR('',#5538,10.);
#1481=VECTOR('',#5541,10.);
#1482=VECTOR('',#5542,10.);
#1483=VECTOR('',#5543,10.);
#1484=VECTOR('',#5544,10.);
#1485=VECTOR('',#5545,10.);
#1486=VECTOR('',#5548,10.);
#1487=VECTOR('',#5549,10.);
#1488=VECTOR('',#5552,10.);
#1489=VECTOR('',#5553,10.);
#1490=VECTOR('',#5554,10.);
#1491=VECTOR('',#5557,10.);
#1492=VECTOR('',#5558,10.);
#1493=VECTOR('',#5559,10.);
#1494=VECTOR('',#5562,10.);
#1495=VECTOR('',#5563,10.);
#1496=VECTOR('',#5564,10.);
#1497=VECTOR('',#5567,10.);
#1498=VECTOR('',#5568,10.);
#1499=VECTOR('',#5569,10.);
#1500=VECTOR('',#5572,10.);
#1501=VECTOR('',#5573,10.);
#1502=VECTOR('',#5574,10.);
#1503=VECTOR('',#5577,10.);
#1504=VECTOR('',#5578,10.);
#1505=VECTOR('',#5581,10.);
#1506=VECTOR('',#5582,10.);
#1507=VECTOR('',#5585,10.);
#1508=VECTOR('',#5586,10.);
#1509=VECTOR('',#5587,10.);
#1510=VECTOR('',#5590,10.);
#1511=VECTOR('',#5591,10.);
#1512=VECTOR('',#5594,10.);
#1513=VECTOR('',#5595,10.);
#1514=VECTOR('',#5602,10.);
#1515=VECTOR('',#5603,10.);
#1516=VECTOR('',#5604,10.);
#1517=VECTOR('',#5605,10.);
#1518=VECTOR('',#5606,10.);
#1519=VECTOR('',#5607,10.);
#1520=VECTOR('',#5608,10.);
#1521=VECTOR('',#5609,10.);
#1522=VECTOR('',#5610,10.);
#1523=VECTOR('',#5611,10.);
#1524=VECTOR('',#5612,10.);
#1525=VECTOR('',#5613,10.);
#1526=VECTOR('',#5614,10.);
#1527=VECTOR('',#5615,10.);
#1528=VECTOR('',#5616,10.);
#1529=VECTOR('',#5617,10.);
#1530=VECTOR('',#5620,10.);
#1531=VECTOR('',#5621,10.);
#1532=VECTOR('',#5622,10.);
#1533=VECTOR('',#5625,10.);
#1534=VECTOR('',#5626,10.);
#1535=VECTOR('',#5629,10.);
#1536=VECTOR('',#5630,10.);
#1537=VECTOR('',#5631,10.);
#1538=VECTOR('',#5634,10.);
#1539=VECTOR('',#5635,10.);
#1540=VECTOR('',#5638,10.);
#1541=VECTOR('',#5643,10.);
#1542=VECTOR('',#5646,10.);
#1543=VECTOR('',#5647,10.);
#1544=VECTOR('',#5650,10.);
#1545=VECTOR('',#5651,10.);
#1546=VECTOR('',#5654,10.);
#1547=VECTOR('',#5655,10.);
#1548=VECTOR('',#5658,10.);
#1549=VECTOR('',#5659,10.);
#1550=VECTOR('',#5662,10.);
#1551=VECTOR('',#5663,10.);
#1552=VECTOR('',#5666,10.);
#1553=VECTOR('',#5667,10.);
#1554=VECTOR('',#5670,10.);
#1555=VECTOR('',#5671,10.);
#1556=VECTOR('',#5674,10.);
#1557=VECTOR('',#5677,10.);
#1558=VECTOR('',#5680,10.);
#1559=VECTOR('',#5681,10.);
#1560=VECTOR('',#5684,10.);
#1561=VECTOR('',#5685,10.);
#1562=VECTOR('',#5688,10.);
#1563=VECTOR('',#5689,10.);
#1564=VECTOR('',#5694,10.);
#1565=VECTOR('',#5697,10.);
#1566=VECTOR('',#5702,10.);
#1567=VECTOR('',#5703,10.);
#1568=VECTOR('',#5706,10.);
#1569=VECTOR('',#5707,10.);
#1570=VECTOR('',#5710,10.);
#1571=VECTOR('',#5711,10.);
#1572=VECTOR('',#5716,10.);
#1573=VECTOR('',#5719,10.);
#1574=VECTOR('',#5724,10.);
#1575=VECTOR('',#5725,10.);
#1576=VECTOR('',#5728,10.);
#1577=VECTOR('',#5729,10.);
#1578=VECTOR('',#5734,10.);
#1579=VECTOR('',#5737,10.);
#1580=VECTOR('',#5742,10.);
#1581=VECTOR('',#5745,10.);
#1582=VECTOR('',#5748,10.);
#1583=VECTOR('',#5749,10.);
#1584=VECTOR('',#5752,10.);
#1585=VECTOR('',#5755,10.);
#1586=VECTOR('',#5758,10.);
#1587=VECTOR('',#5759,10.);
#1588=VECTOR('',#5762,10.);
#1589=VECTOR('',#5767,10.);
#1590=VECTOR('',#5772,10.);
#1591=VECTOR('',#5777,10.);
#1592=VECTOR('',#5778,10.);
#1593=VECTOR('',#5781,10.);
#1594=VECTOR('',#5786,10.);
#1595=VECTOR('',#5791,10.);
#1596=VECTOR('',#5796,10.);
#1597=VECTOR('',#5797,10.);
#1598=VECTOR('',#5800,10.);
#1599=VECTOR('',#5805,10.);
#1600=VECTOR('',#5816,260.);
#1601=VECTOR('',#5821,10.);
#1602=VECTOR('',#5824,10.);
#1603=VECTOR('',#5825,10.);
#1604=VECTOR('',#5826,10.);
#1605=VECTOR('',#5827,10.);
#1606=VECTOR('',#5828,10.);
#1607=VECTOR('',#5829,10.);
#1608=VECTOR('',#5830,10.);
#1609=VECTOR('',#5833,10.);
#1610=VECTOR('',#5834,260.);
#1611=VECTOR('',#5839,260.);
#1612=VECTOR('',#5844,10.);
#1613=VECTOR('',#5847,10.);
#1614=VECTOR('',#5848,10.);
#1615=VECTOR('',#5849,10.);
#1616=VECTOR('',#5850,10.);
#1617=VECTOR('',#5851,10.);
#1618=VECTOR('',#5852,10.);
#1619=VECTOR('',#5853,10.);
#1620=VECTOR('',#5856,10.);
#1621=VECTOR('',#5857,260.);
#1622=VECTOR('',#5862,260.);
#1623=VECTOR('',#5867,10.);
#1624=VECTOR('',#5870,10.);
#1625=VECTOR('',#5871,10.);
#1626=VECTOR('',#5872,10.);
#1627=VECTOR('',#5873,10.);
#1628=VECTOR('',#5874,10.);
#1629=VECTOR('',#5875,10.);
#1630=VECTOR('',#5876,10.);
#1631=VECTOR('',#5879,10.);
#1632=VECTOR('',#5880,260.);
#1633=VECTOR('',#5885,260.);
#1634=VECTOR('',#5890,10.);
#1635=VECTOR('',#5893,10.);
#1636=VECTOR('',#5894,10.);
#1637=VECTOR('',#5895,10.);
#1638=VECTOR('',#5896,10.);
#1639=VECTOR('',#5897,10.);
#1640=VECTOR('',#5898,10.);
#1641=VECTOR('',#5899,10.);
#1642=VECTOR('',#5902,10.);
#1643=VECTOR('',#5903,260.);
#1644=VECTOR('',#5910,10.);
#1645=VECTOR('',#5911,10.);
#1646=VECTOR('',#5912,10.);
#1647=VECTOR('',#5913,10.);
#1648=VECTOR('',#5914,10.);
#1649=VECTOR('',#5915,10.);
#1650=VECTOR('',#5916,10.);
#1651=VECTOR('',#5927,10.);
#1652=VECTOR('',#5928,10.);
#1653=VECTOR('',#5929,10.);
#1654=VECTOR('',#5930,10.);
#1655=VECTOR('',#5931,10.);
#1656=VECTOR('',#5932,10.);
#1657=VECTOR('',#5933,10.);
#1658=VECTOR('',#5940,10.);
#1659=VECTOR('',#5941,10.);
#1660=VECTOR('',#5942,10.);
#1661=VECTOR('',#5943,10.);
#1662=VECTOR('',#5944,10.);
#1663=VECTOR('',#5945,10.);
#1664=VECTOR('',#5946,10.);
#1665=VECTOR('',#5949,10.);
#1666=VECTOR('',#5950,10.);
#1667=VECTOR('',#5953,10.);
#1668=VECTOR('',#5954,10.);
#1669=VECTOR('',#5957,10.);
#1670=VECTOR('',#5958,10.);
#1671=VECTOR('',#5959,10.);
#1672=VECTOR('',#5962,10.);
#1673=VECTOR('',#5963,10.);
#1674=VECTOR('',#5964,10.);
#1675=VECTOR('',#5967,10.);
#1676=VECTOR('',#5968,10.);
#1677=VECTOR('',#5969,10.);
#1678=VECTOR('',#5970,10.);
#1679=VECTOR('',#5971,10.);
#1680=VECTOR('',#5974,10.);
#1681=VECTOR('',#5975,10.);
#1682=VECTOR('',#5978,10.);
#1683=VECTOR('',#5979,10.);
#1684=VECTOR('',#5982,10.);
#1685=VECTOR('',#5983,10.);
#1686=VECTOR('',#5986,10.);
#1687=VECTOR('',#5987,10.);
#1688=VECTOR('',#5990,10.);
#1689=VECTOR('',#5991,10.);
#1690=VECTOR('',#5992,10.);
#1691=VECTOR('',#5995,10.);
#1692=VECTOR('',#5996,10.);
#1693=VECTOR('',#5997,10.);
#1694=VECTOR('',#5998,10.);
#1695=VECTOR('',#5999,10.);
#1696=VECTOR('',#6000,10.);
#1697=VECTOR('',#6001,10.);
#1698=VECTOR('',#6002,10.);
#1699=VECTOR('',#6007,10.);
#1700=VECTOR('',#6010,10.);
#1701=VECTOR('',#6013,10.);
#1702=VECTOR('',#6016,10.);
#1703=VECTOR('',#6021,10.);
#1704=VECTOR('',#6024,10.);
#1705=VECTOR('',#6027,10.);
#1706=VECTOR('',#6042,10.);
#1707=VECTOR('',#6055,10.);
#1708=VECTOR('',#6056,10.);
#1709=VECTOR('',#6069,10.);
#1710=VECTOR('',#6070,10.);
#1711=VECTOR('',#6081,10.);
#1712=VECTOR('',#6082,10.);
#1713=VECTOR('',#6085,10.);
#1714=VECTOR('',#6086,10.);
#1715=VECTOR('',#6089,10.);
#1716=VECTOR('',#6092,10.);
#1717=VECTOR('',#6099,10.);
#1718=VECTOR('',#6102,10.);
#1719=VECTOR('',#6105,10.);
#1720=VECTOR('',#6108,10.);
#1721=VECTOR('',#6121,10.);
#1722=VECTOR('',#6132,10.);
#1723=VECTOR('',#6151,10.);
#1724=VECTOR('',#6154,10.);
#1725=VECTOR('',#6157,10.);
#1726=VECTOR('',#6160,10.);
#1727=VECTOR('',#6163,10.);
#1728=VECTOR('',#6164,10.);
#1729=VECTOR('',#6167,10.);
#1730=VECTOR('',#6172,10.);
#1731=VECTOR('',#6175,10.);
#1732=VECTOR('',#6184,10.);
#1733=VECTOR('',#6187,10.);
#1734=VECTOR('',#6190,10.);
#1735=VECTOR('',#6191,10.);
#1736=VECTOR('',#6192,10.);
#1737=VECTOR('',#6199,10.);
#1738=VECTOR('',#6202,10.);
#1739=VECTOR('',#6203,10.);
#1740=VECTOR('',#6204,10.);
#1741=VECTOR('',#6211,10.);
#1742=VECTOR('',#6214,10.);
#1743=VECTOR('',#6215,10.);
#1744=VECTOR('',#6216,10.);
#1745=VECTOR('',#6223,10.);
#1746=VECTOR('',#6226,10.);
#1747=VECTOR('',#6227,10.);
#1748=VECTOR('',#6230,10.);
#1749=VECTOR('',#6233,10.);
#1750=VECTOR('',#6236,10.);
#1751=VECTOR('',#6239,10.);
#1752=VECTOR('',#6254,10.);
#1753=VECTOR('',#6257,10.);
#1754=VECTOR('',#6260,10.);
#1755=VECTOR('',#6263,10.);
#1756=VECTOR('',#6270,10.);
#1757=VECTOR('',#6271,10.);
#1758=VECTOR('',#6274,10.);
#1759=VECTOR('',#6277,10.);
#1760=VECTOR('',#6280,10.);
#1761=VECTOR('',#6283,10.);
#1762=VECTOR('',#6286,10.);
#1763=VECTOR('',#6289,10.);
#1764=VERTEX_POINT('',#6296);
#1765=VERTEX_POINT('',#6297);
#1766=VERTEX_POINT('',#6299);
#1767=VERTEX_POINT('',#6301);
#1768=VERTEX_POINT('',#6305);
#1769=VERTEX_POINT('',#6307);
#1770=VERTEX_POINT('',#6311);
#1771=VERTEX_POINT('',#6313);
#1772=VERTEX_POINT('',#6317);
#1773=VERTEX_POINT('',#6318);
#1774=VERTEX_POINT('',#6320);
#1775=VERTEX_POINT('',#6322);
#1776=VERTEX_POINT('',#6326);
#1777=VERTEX_POINT('',#6327);
#1778=VERTEX_POINT('',#6329);
#1779=VERTEX_POINT('',#6331);
#1780=VERTEX_POINT('',#6338);
#1781=VERTEX_POINT('',#6339);
#1782=VERTEX_POINT('',#6341);
#1783=VERTEX_POINT('',#6343);
#1784=VERTEX_POINT('',#6347);
#1785=VERTEX_POINT('',#6349);
#1786=VERTEX_POINT('',#6353);
#1787=VERTEX_POINT('',#6355);
#1788=VERTEX_POINT('',#6359);
#1789=VERTEX_POINT('',#6360);
#1790=VERTEX_POINT('',#6362);
#1791=VERTEX_POINT('',#6364);
#1792=VERTEX_POINT('',#6368);
#1793=VERTEX_POINT('',#6370);
#1794=VERTEX_POINT('',#6374);
#1795=VERTEX_POINT('',#6376);
#1796=VERTEX_POINT('',#6380);
#1797=VERTEX_POINT('',#6381);
#1798=VERTEX_POINT('',#6383);
#1799=VERTEX_POINT('',#6385);
#1800=VERTEX_POINT('',#6389);
#1801=VERTEX_POINT('',#6390);
#1802=VERTEX_POINT('',#6392);
#1803=VERTEX_POINT('',#6394);
#1804=VERTEX_POINT('',#6401);
#1805=VERTEX_POINT('',#6402);
#1806=VERTEX_POINT('',#6404);
#1807=VERTEX_POINT('',#6406);
#1808=VERTEX_POINT('',#6410);
#1809=VERTEX_POINT('',#6412);
#1810=VERTEX_POINT('',#6416);
#1811=VERTEX_POINT('',#6418);
#1812=VERTEX_POINT('',#6422);
#1813=VERTEX_POINT('',#6423);
#1814=VERTEX_POINT('',#6425);
#1815=VERTEX_POINT('',#6427);
#1816=VERTEX_POINT('',#6431);
#1817=VERTEX_POINT('',#6433);
#1818=VERTEX_POINT('',#6437);
#1819=VERTEX_POINT('',#6439);
#1820=VERTEX_POINT('',#6443);
#1821=VERTEX_POINT('',#6444);
#1822=VERTEX_POINT('',#6446);
#1823=VERTEX_POINT('',#6448);
#1824=VERTEX_POINT('',#6452);
#1825=VERTEX_POINT('',#6453);
#1826=VERTEX_POINT('',#6455);
#1827=VERTEX_POINT('',#6457);
#1828=VERTEX_POINT('',#6464);
#1829=VERTEX_POINT('',#6465);
#1830=VERTEX_POINT('',#6467);
#1831=VERTEX_POINT('',#6469);
#1832=VERTEX_POINT('',#6473);
#1833=VERTEX_POINT('',#6475);
#1834=VERTEX_POINT('',#6479);
#1835=VERTEX_POINT('',#6481);
#1836=VERTEX_POINT('',#6512);
#1837=VERTEX_POINT('',#6513);
#1838=VERTEX_POINT('',#6515);
#1839=VERTEX_POINT('',#6517);
#1840=VERTEX_POINT('',#6521);
#1841=VERTEX_POINT('',#6523);
#1842=VERTEX_POINT('',#6527);
#1843=VERTEX_POINT('',#6529);
#1844=VERTEX_POINT('',#6533);
#1845=VERTEX_POINT('',#6534);
#1846=VERTEX_POINT('',#6536);
#1847=VERTEX_POINT('',#6538);
#1848=VERTEX_POINT('',#6542);
#1849=VERTEX_POINT('',#6543);
#1850=VERTEX_POINT('',#6545);
#1851=VERTEX_POINT('',#6547);
#1852=VERTEX_POINT('',#6554);
#1853=VERTEX_POINT('',#6555);
#1854=VERTEX_POINT('',#6557);
#1855=VERTEX_POINT('',#6559);
#1856=VERTEX_POINT('',#6563);
#1857=VERTEX_POINT('',#6565);
#1858=VERTEX_POINT('',#6569);
#1859=VERTEX_POINT('',#6571);
#1860=VERTEX_POINT('',#6584);
#1861=VERTEX_POINT('',#6585);
#1862=VERTEX_POINT('',#6587);
#1863=VERTEX_POINT('',#6589);
#1864=VERTEX_POINT('',#6595);
#1865=VERTEX_POINT('',#6597);
#1866=VERTEX_POINT('',#6599);
#1867=VERTEX_POINT('',#6601);
#1868=VERTEX_POINT('',#6603);
#1869=VERTEX_POINT('',#6605);
#1870=VERTEX_POINT('',#6607);
#1871=VERTEX_POINT('',#6609);
#1872=VERTEX_POINT('',#6611);
#1873=VERTEX_POINT('',#6613);
#1874=VERTEX_POINT('',#6615);
#1875=VERTEX_POINT('',#6617);
#1876=VERTEX_POINT('',#6619);
#1877=VERTEX_POINT('',#6621);
#1878=VERTEX_POINT('',#6623);
#1879=VERTEX_POINT('',#6625);
#1880=VERTEX_POINT('',#6628);
#1881=VERTEX_POINT('',#6629);
#1882=VERTEX_POINT('',#6631);
#1883=VERTEX_POINT('',#6633);
#1884=VERTEX_POINT('',#6635);
#1885=VERTEX_POINT('',#6637);
#1886=VERTEX_POINT('',#6639);
#1887=VERTEX_POINT('',#6641);
#1888=VERTEX_POINT('',#6643);
#1889=VERTEX_POINT('',#6645);
#1890=VERTEX_POINT('',#6647);
#1891=VERTEX_POINT('',#6649);
#1892=VERTEX_POINT('',#6651);
#1893=VERTEX_POINT('',#6653);
#1894=VERTEX_POINT('',#6655);
#1895=VERTEX_POINT('',#6657);
#1896=VERTEX_POINT('',#6659);
#1897=VERTEX_POINT('',#6661);
#1898=VERTEX_POINT('',#6663);
#1899=VERTEX_POINT('',#6665);
#1900=VERTEX_POINT('',#6667);
#1901=VERTEX_POINT('',#6669);
#1902=VERTEX_POINT('',#6671);
#1903=VERTEX_POINT('',#6673);
#1904=VERTEX_POINT('',#6675);
#1905=VERTEX_POINT('',#6677);
#1906=VERTEX_POINT('',#6679);
#1907=VERTEX_POINT('',#6681);
#1908=VERTEX_POINT('',#6683);
#1909=VERTEX_POINT('',#6685);
#1910=VERTEX_POINT('',#6687);
#1911=VERTEX_POINT('',#6689);
#1912=VERTEX_POINT('',#6691);
#1913=VERTEX_POINT('',#6693);
#1914=VERTEX_POINT('',#6695);
#1915=VERTEX_POINT('',#6697);
#1916=VERTEX_POINT('',#6699);
#1917=VERTEX_POINT('',#6701);
#1918=VERTEX_POINT('',#6703);
#1919=VERTEX_POINT('',#6705);
#1920=VERTEX_POINT('',#6708);
#1921=VERTEX_POINT('',#6709);
#1922=VERTEX_POINT('',#6711);
#1923=VERTEX_POINT('',#6713);
#1924=VERTEX_POINT('',#6715);
#1925=VERTEX_POINT('',#6717);
#1926=VERTEX_POINT('',#6719);
#1927=VERTEX_POINT('',#6721);
#1928=VERTEX_POINT('',#6723);
#1929=VERTEX_POINT('',#6725);
#1930=VERTEX_POINT('',#6727);
#1931=VERTEX_POINT('',#6729);
#1932=VERTEX_POINT('',#6731);
#1933=VERTEX_POINT('',#6733);
#1934=VERTEX_POINT('',#6735);
#1935=VERTEX_POINT('',#6737);
#1936=VERTEX_POINT('',#6739);
#1937=VERTEX_POINT('',#6741);
#1938=VERTEX_POINT('',#6743);
#1939=VERTEX_POINT('',#6745);
#1940=VERTEX_POINT('',#6747);
#1941=VERTEX_POINT('',#6749);
#1942=VERTEX_POINT('',#6751);
#1943=VERTEX_POINT('',#6753);
#1944=VERTEX_POINT('',#6755);
#1945=VERTEX_POINT('',#6757);
#1946=VERTEX_POINT('',#6759);
#1947=VERTEX_POINT('',#6761);
#1948=VERTEX_POINT('',#6763);
#1949=VERTEX_POINT('',#6765);
#1950=VERTEX_POINT('',#6767);
#1951=VERTEX_POINT('',#6769);
#1952=VERTEX_POINT('',#6771);
#1953=VERTEX_POINT('',#6773);
#1954=VERTEX_POINT('',#6775);
#1955=VERTEX_POINT('',#6777);
#1956=VERTEX_POINT('',#6779);
#1957=VERTEX_POINT('',#6781);
#1958=VERTEX_POINT('',#6783);
#1959=VERTEX_POINT('',#6785);
#1960=VERTEX_POINT('',#6789);
#1961=VERTEX_POINT('',#6791);
#1962=VERTEX_POINT('',#6795);
#1963=VERTEX_POINT('',#6797);
#1964=VERTEX_POINT('',#6801);
#1965=VERTEX_POINT('',#6803);
#1966=VERTEX_POINT('',#6807);
#1967=VERTEX_POINT('',#6810);
#1968=VERTEX_POINT('',#6812);
#1969=VERTEX_POINT('',#6814);
#1970=VERTEX_POINT('',#6816);
#1971=VERTEX_POINT('',#6818);
#1972=VERTEX_POINT('',#6820);
#1973=VERTEX_POINT('',#6824);
#1974=VERTEX_POINT('',#6828);
#1975=VERTEX_POINT('',#6830);
#1976=VERTEX_POINT('',#6834);
#1977=VERTEX_POINT('',#6837);
#1978=VERTEX_POINT('',#6839);
#1979=VERTEX_POINT('',#6841);
#1980=VERTEX_POINT('',#6843);
#1981=VERTEX_POINT('',#6845);
#1982=VERTEX_POINT('',#6847);
#1983=VERTEX_POINT('',#6851);
#1984=VERTEX_POINT('',#6859);
#1985=VERTEX_POINT('',#6861);
#1986=VERTEX_POINT('',#6863);
#1987=VERTEX_POINT('',#6865);
#1988=VERTEX_POINT('',#6867);
#1989=VERTEX_POINT('',#6869);
#1990=VERTEX_POINT('',#6879);
#1991=VERTEX_POINT('',#6881);
#1992=VERTEX_POINT('',#6883);
#1993=VERTEX_POINT('',#6885);
#1994=VERTEX_POINT('',#6887);
#1995=VERTEX_POINT('',#6889);
#1996=VERTEX_POINT('',#6899);
#1997=VERTEX_POINT('',#6901);
#1998=VERTEX_POINT('',#6903);
#1999=VERTEX_POINT('',#6905);
#2000=VERTEX_POINT('',#6909);
#2001=VERTEX_POINT('',#6913);
#2002=VERTEX_POINT('',#6915);
#2003=VERTEX_POINT('',#6917);
#2004=VERTEX_POINT('',#6919);
#2005=VERTEX_POINT('',#6923);
#2006=VERTEX_POINT('',#6927);
#2007=VERTEX_POINT('',#6929);
#2008=VERTEX_POINT('',#6933);
#2009=VERTEX_POINT('',#6935);
#2010=VERTEX_POINT('',#6939);
#2011=VERTEX_POINT('',#6941);
#2012=VERTEX_POINT('',#6945);
#2013=VERTEX_POINT('',#6947);
#2014=VERTEX_POINT('',#6951);
#2015=VERTEX_POINT('',#6953);
#2016=VERTEX_POINT('',#6963);
#2017=VERTEX_POINT('',#6965);
#2018=VERTEX_POINT('',#6977);
#2019=VERTEX_POINT('',#6978);
#2020=VERTEX_POINT('',#6980);
#2021=VERTEX_POINT('',#6982);
#2022=VERTEX_POINT('',#6984);
#2023=VERTEX_POINT('',#6986);
#2024=VERTEX_POINT('',#6988);
#2025=VERTEX_POINT('',#6990);
#2026=VERTEX_POINT('',#6992);
#2027=VERTEX_POINT('',#6994);
#2028=VERTEX_POINT('',#6996);
#2029=VERTEX_POINT('',#6998);
#2030=VERTEX_POINT('',#7000);
#2031=VERTEX_POINT('',#7002);
#2032=VERTEX_POINT('',#7004);
#2033=VERTEX_POINT('',#7006);
#2034=VERTEX_POINT('',#7010);
#2035=VERTEX_POINT('',#7018);
#2036=VERTEX_POINT('',#7031);
#2037=VERTEX_POINT('',#7033);
#2038=VERTEX_POINT('',#7035);
#2039=VERTEX_POINT('',#7037);
#2040=VERTEX_POINT('',#7041);
#2041=VERTEX_POINT('',#7043);
#2042=VERTEX_POINT('',#7045);
#2043=VERTEX_POINT('',#7047);
#2044=VERTEX_POINT('',#7051);
#2045=VERTEX_POINT('',#7053);
#2046=VERTEX_POINT('',#7055);
#2047=VERTEX_POINT('',#7057);
#2048=VERTEX_POINT('',#7061);
#2049=VERTEX_POINT('',#7069);
#2050=VERTEX_POINT('',#7073);
#2051=VERTEX_POINT('',#7077);
#2052=VERTEX_POINT('',#7081);
#2053=VERTEX_POINT('',#7088);
#2054=VERTEX_POINT('',#7092);
#2055=VERTEX_POINT('',#7096);
#2056=VERTEX_POINT('',#7100);
#2057=VERTEX_POINT('',#7107);
#2058=VERTEX_POINT('',#7111);
#2059=VERTEX_POINT('',#7115);
#2060=VERTEX_POINT('',#7122);
#2061=VERTEX_POINT('',#7124);
#2062=VERTEX_POINT('',#7128);
#2063=VERTEX_POINT('',#7132);
#2064=VERTEX_POINT('',#7134);
#2065=VERTEX_POINT('',#7138);
#2066=VERTEX_POINT('',#7142);
#2067=VERTEX_POINT('',#7146);
#2068=VERTEX_POINT('',#7150);
#2069=VERTEX_POINT('',#7154);
#2070=VERTEX_POINT('',#7158);
#2071=VERTEX_POINT('',#7162);
#2072=VERTEX_POINT('',#7166);
#2073=VERTEX_POINT('',#7170);
#2074=VERTEX_POINT('',#7174);
#2075=VERTEX_POINT('',#7178);
#2076=VERTEX_POINT('',#7184);
#2077=VERTEX_POINT('',#7186);
#2078=VERTEX_POINT('',#7190);
#2079=VERTEX_POINT('',#7193);
#2080=VERTEX_POINT('',#7195);
#2081=VERTEX_POINT('',#7197);
#2082=VERTEX_POINT('',#7199);
#2083=VERTEX_POINT('',#7201);
#2084=VERTEX_POINT('',#7203);
#2085=VERTEX_POINT('',#7207);
#2086=VERTEX_POINT('',#7211);
#2087=VERTEX_POINT('',#7213);
#2088=VERTEX_POINT('',#7217);
#2089=VERTEX_POINT('',#7220);
#2090=VERTEX_POINT('',#7222);
#2091=VERTEX_POINT('',#7224);
#2092=VERTEX_POINT('',#7226);
#2093=VERTEX_POINT('',#7228);
#2094=VERTEX_POINT('',#7230);
#2095=VERTEX_POINT('',#7234);
#2096=VERTEX_POINT('',#7238);
#2097=VERTEX_POINT('',#7240);
#2098=VERTEX_POINT('',#7244);
#2099=VERTEX_POINT('',#7247);
#2100=VERTEX_POINT('',#7249);
#2101=VERTEX_POINT('',#7251);
#2102=VERTEX_POINT('',#7253);
#2103=VERTEX_POINT('',#7255);
#2104=VERTEX_POINT('',#7257);
#2105=VERTEX_POINT('',#7261);
#2106=VERTEX_POINT('',#7265);
#2107=VERTEX_POINT('',#7267);
#2108=VERTEX_POINT('',#7271);
#2109=VERTEX_POINT('',#7274);
#2110=VERTEX_POINT('',#7276);
#2111=VERTEX_POINT('',#7278);
#2112=VERTEX_POINT('',#7280);
#2113=VERTEX_POINT('',#7282);
#2114=VERTEX_POINT('',#7284);
#2115=VERTEX_POINT('',#7288);
#2116=VERTEX_POINT('',#7294);
#2117=VERTEX_POINT('',#7296);
#2118=VERTEX_POINT('',#7298);
#2119=VERTEX_POINT('',#7300);
#2120=VERTEX_POINT('',#7302);
#2121=VERTEX_POINT('',#7304);
#2122=VERTEX_POINT('',#7312);
#2123=VERTEX_POINT('',#7314);
#2124=VERTEX_POINT('',#7316);
#2125=VERTEX_POINT('',#7318);
#2126=VERTEX_POINT('',#7320);
#2127=VERTEX_POINT('',#7322);
#2128=VERTEX_POINT('',#7328);
#2129=VERTEX_POINT('',#7330);
#2130=VERTEX_POINT('',#7332);
#2131=VERTEX_POINT('',#7334);
#2132=VERTEX_POINT('',#7336);
#2133=VERTEX_POINT('',#7338);
#2134=VERTEX_POINT('',#7348);
#2135=VERTEX_POINT('',#7350);
#2136=VERTEX_POINT('',#7354);
#2137=VERTEX_POINT('',#7356);
#2138=VERTEX_POINT('',#7361);
#2139=VERTEX_POINT('',#7363);
#2140=VERTEX_POINT('',#7380);
#2141=VERTEX_POINT('',#7382);
#2142=VERTEX_POINT('',#7387);
#2143=VERTEX_POINT('',#7389);
#2144=VERTEX_POINT('',#7391);
#2145=VERTEX_POINT('',#7393);
#2146=VERTEX_POINT('',#7399);
#2147=VERTEX_POINT('',#7401);
#2148=VERTEX_POINT('',#7403);
#2149=VERTEX_POINT('',#7407);
#2150=VERTEX_POINT('',#7409);
#2151=VERTEX_POINT('',#7411);
#2152=VERTEX_POINT('',#7421);
#2153=VERTEX_POINT('',#7422);
#2154=VERTEX_POINT('',#7424);
#2155=VERTEX_POINT('',#7429);
#2156=VERTEX_POINT('',#7433);
#2157=VERTEX_POINT('',#7434);
#2158=VERTEX_POINT('',#7439);
#2159=VERTEX_POINT('',#7440);
#2160=VERTEX_POINT('',#7445);
#2161=VERTEX_POINT('',#7446);
#2162=VERTEX_POINT('',#7451);
#2163=VERTEX_POINT('',#7452);
#2164=VERTEX_POINT('',#7457);
#2165=VERTEX_POINT('',#7458);
#2166=VERTEX_POINT('',#7474);
#2167=VERTEX_POINT('',#7475);
#2168=VERTEX_POINT('',#7477);
#2169=VERTEX_POINT('',#7479);
#2170=VERTEX_POINT('',#7481);
#2171=VERTEX_POINT('',#7483);
#2172=VERTEX_POINT('',#7485);
#2173=VERTEX_POINT('',#7487);
#2174=VERTEX_POINT('',#7491);
#2175=VERTEX_POINT('',#7493);
#2176=VERTEX_POINT('',#7497);
#2177=VERTEX_POINT('',#7501);
#2178=VERTEX_POINT('',#7505);
#2179=VERTEX_POINT('',#7514);
#2180=VERTEX_POINT('',#7538);
#2181=VERTEX_POINT('',#7539);
#2182=VERTEX_POINT('',#7541);
#2183=VERTEX_POINT('',#7543);
#2184=VERTEX_POINT('',#7547);
#2185=VERTEX_POINT('',#7549);
#2186=VERTEX_POINT('',#7553);
#2187=VERTEX_POINT('',#7555);
#2188=VERTEX_POINT('',#7559);
#2189=VERTEX_POINT('',#7561);
#2190=VERTEX_POINT('',#7565);
#2191=VERTEX_POINT('',#7567);
#2192=VERTEX_POINT('',#7571);
#2193=VERTEX_POINT('',#7573);
#2194=VERTEX_POINT('',#7577);
#2195=VERTEX_POINT('',#7579);
#2196=VERTEX_POINT('',#7586);
#2197=VERTEX_POINT('',#7587);
#2198=VERTEX_POINT('',#7589);
#2199=VERTEX_POINT('',#7591);
#2200=VERTEX_POINT('',#7593);
#2201=VERTEX_POINT('',#7595);
#2202=VERTEX_POINT('',#7597);
#2203=VERTEX_POINT('',#7599);
#2204=VERTEX_POINT('',#7607);
#2205=VERTEX_POINT('',#7608);
#2206=VERTEX_POINT('',#7610);
#2207=VERTEX_POINT('',#7612);
#2208=VERTEX_POINT('',#7614);
#2209=VERTEX_POINT('',#7616);
#2210=VERTEX_POINT('',#7618);
#2211=VERTEX_POINT('',#7620);
#2212=EDGE_CURVE('',#1764,#1765,#732,.T.);
#2213=EDGE_CURVE('',#1766,#1764,#733,.T.);
#2214=EDGE_CURVE('',#1767,#1766,#734,.T.);
#2215=EDGE_CURVE('',#1765,#1767,#735,.T.);
#2216=EDGE_CURVE('',#1768,#1764,#39,.T.);
#2217=EDGE_CURVE('',#1769,#1768,#736,.T.);
#2218=EDGE_CURVE('',#1766,#1769,#40,.T.);
#2219=EDGE_CURVE('',#1770,#1768,#737,.T.);
#2220=EDGE_CURVE('',#1771,#1770,#738,.T.);
#2221=EDGE_CURVE('',#1769,#1771,#739,.T.);
#2222=EDGE_CURVE('',#1772,#1773,#740,.T.);
#2223=EDGE_CURVE('',#1774,#1772,#741,.T.);
#2224=EDGE_CURVE('',#1775,#1774,#742,.T.);
#2225=EDGE_CURVE('',#1775,#1773,#743,.T.);
#2226=EDGE_CURVE('',#1776,#1777,#744,.T.);
#2227=EDGE_CURVE('',#1778,#1776,#745,.T.);
#2228=EDGE_CURVE('',#1779,#1778,#746,.T.);
#2229=EDGE_CURVE('',#1777,#1779,#747,.T.);
#2230=EDGE_CURVE('',#1773,#1776,#41,.T.);
#2231=EDGE_CURVE('',#1778,#1775,#42,.T.);
#2232=EDGE_CURVE('',#1780,#1781,#748,.T.);
#2233=EDGE_CURVE('',#1782,#1780,#749,.T.);
#2234=EDGE_CURVE('',#1783,#1782,#750,.T.);
#2235=EDGE_CURVE('',#1783,#1781,#751,.T.);
#2236=EDGE_CURVE('',#1781,#1784,#43,.T.);
#2237=EDGE_CURVE('',#1785,#1783,#44,.T.);
#2238=EDGE_CURVE('',#1785,#1784,#752,.T.);
#2239=EDGE_CURVE('',#1784,#1786,#753,.T.);
#2240=EDGE_CURVE('',#1787,#1785,#754,.T.);
#2241=EDGE_CURVE('',#1786,#1787,#755,.T.);
#2242=EDGE_CURVE('',#1788,#1789,#756,.T.);
#2243=EDGE_CURVE('',#1790,#1788,#757,.T.);
#2244=EDGE_CURVE('',#1791,#1790,#758,.T.);
#2245=EDGE_CURVE('',#1789,#1791,#759,.T.);
#2246=EDGE_CURVE('',#1792,#1788,#45,.T.);
#2247=EDGE_CURVE('',#1793,#1792,#760,.T.);
#2248=EDGE_CURVE('',#1790,#1793,#46,.T.);
#2249=EDGE_CURVE('',#1794,#1792,#761,.T.);
#2250=EDGE_CURVE('',#1795,#1794,#762,.T.);
#2251=EDGE_CURVE('',#1793,#1795,#763,.T.);
#2252=EDGE_CURVE('',#1796,#1797,#764,.T.);
#2253=EDGE_CURVE('',#1798,#1796,#765,.T.);
#2254=EDGE_CURVE('',#1799,#1798,#766,.T.);
#2255=EDGE_CURVE('',#1799,#1797,#767,.T.);
#2256=EDGE_CURVE('',#1800,#1801,#768,.T.);
#2257=EDGE_CURVE('',#1802,#1800,#769,.T.);
#2258=EDGE_CURVE('',#1803,#1802,#770,.T.);
#2259=EDGE_CURVE('',#1801,#1803,#771,.T.);
#2260=EDGE_CURVE('',#1797,#1800,#47,.T.);
#2261=EDGE_CURVE('',#1802,#1799,#48,.T.);
#2262=EDGE_CURVE('',#1804,#1805,#772,.T.);
#2263=EDGE_CURVE('',#1806,#1804,#773,.T.);
#2264=EDGE_CURVE('',#1807,#1806,#774,.T.);
#2265=EDGE_CURVE('',#1807,#1805,#775,.T.);
#2266=EDGE_CURVE('',#1805,#1808,#49,.T.);
#2267=EDGE_CURVE('',#1809,#1807,#50,.T.);
#2268=EDGE_CURVE('',#1809,#1808,#776,.T.);
#2269=EDGE_CURVE('',#1808,#1810,#777,.T.);
#2270=EDGE_CURVE('',#1811,#1809,#778,.T.);
#2271=EDGE_CURVE('',#1810,#1811,#779,.T.);
#2272=EDGE_CURVE('',#1812,#1813,#780,.T.);
#2273=EDGE_CURVE('',#1814,#1812,#781,.T.);
#2274=EDGE_CURVE('',#1815,#1814,#782,.T.);
#2275=EDGE_CURVE('',#1813,#1815,#783,.T.);
#2276=EDGE_CURVE('',#1816,#1812,#51,.T.);
#2277=EDGE_CURVE('',#1817,#1816,#784,.T.);
#2278=EDGE_CURVE('',#1814,#1817,#52,.T.);
#2279=EDGE_CURVE('',#1818,#1816,#785,.T.);
#2280=EDGE_CURVE('',#1819,#1818,#786,.T.);
#2281=EDGE_CURVE('',#1817,#1819,#787,.T.);
#2282=EDGE_CURVE('',#1820,#1821,#788,.T.);
#2283=EDGE_CURVE('',#1822,#1820,#789,.T.);
#2284=EDGE_CURVE('',#1823,#1822,#790,.T.);
#2285=EDGE_CURVE('',#1823,#1821,#791,.T.);
#2286=EDGE_CURVE('',#1824,#1825,#792,.T.);
#2287=EDGE_CURVE('',#1826,#1824,#793,.T.);
#2288=EDGE_CURVE('',#1827,#1826,#794,.T.);
#2289=EDGE_CURVE('',#1825,#1827,#795,.T.);
#2290=EDGE_CURVE('',#1821,#1824,#53,.T.);
#2291=EDGE_CURVE('',#1826,#1823,#54,.T.);
#2292=EDGE_CURVE('',#1828,#1829,#796,.T.);
#2293=EDGE_CURVE('',#1830,#1828,#797,.T.);
#2294=EDGE_CURVE('',#1831,#1830,#798,.T.);
#2295=EDGE_CURVE('',#1831,#1829,#799,.T.);
#2296=EDGE_CURVE('',#1829,#1832,#55,.T.);
#2297=EDGE_CURVE('',#1833,#1831,#56,.T.);
#2298=EDGE_CURVE('',#1833,#1832,#800,.T.);
#2299=EDGE_CURVE('',#1832,#1834,#801,.T.);
#2300=EDGE_CURVE('',#1835,#1833,#802,.T.);
#2301=EDGE_CURVE('',#1834,#1835,#803,.T.);
#2302=EDGE_CURVE('',#1786,#1772,#57,.T.);
#2303=EDGE_CURVE('',#1787,#1774,#58,.T.);
#2304=EDGE_CURVE('',#1777,#1770,#59,.T.);
#2305=EDGE_CURVE('',#1779,#1771,#60,.T.);
#2306=EDGE_CURVE('',#1767,#1782,#61,.T.);
#2307=EDGE_CURVE('',#1765,#1780,#62,.T.);
#2308=EDGE_CURVE('',#1810,#1796,#63,.T.);
#2309=EDGE_CURVE('',#1811,#1798,#64,.T.);
#2310=EDGE_CURVE('',#1801,#1794,#65,.T.);
#2311=EDGE_CURVE('',#1803,#1795,#66,.T.);
#2312=EDGE_CURVE('',#1791,#1806,#67,.T.);
#2313=EDGE_CURVE('',#1789,#1804,#68,.T.);
#2314=EDGE_CURVE('',#1834,#1820,#69,.T.);
#2315=EDGE_CURVE('',#1835,#1822,#70,.T.);
#2316=EDGE_CURVE('',#1825,#1818,#71,.T.);
#2317=EDGE_CURVE('',#1827,#1819,#72,.T.);
#2318=EDGE_CURVE('',#1815,#1830,#73,.T.);
#2319=EDGE_CURVE('',#1813,#1828,#74,.T.);
#2320=EDGE_CURVE('',#1836,#1837,#804,.T.);
#2321=EDGE_CURVE('',#1838,#1836,#805,.T.);
#2322=EDGE_CURVE('',#1839,#1838,#806,.T.);
#2323=EDGE_CURVE('',#1837,#1839,#807,.T.);
#2324=EDGE_CURVE('',#1840,#1836,#75,.T.);
#2325=EDGE_CURVE('',#1841,#1840,#808,.T.);
#2326=EDGE_CURVE('',#1838,#1841,#76,.T.);
#2327=EDGE_CURVE('',#1842,#1840,#809,.T.);
#2328=EDGE_CURVE('',#1843,#1842,#810,.T.);
#2329=EDGE_CURVE('',#1841,#1843,#811,.T.);
#2330=EDGE_CURVE('',#1844,#1845,#812,.T.);
#2331=EDGE_CURVE('',#1846,#1844,#813,.T.);
#2332=EDGE_CURVE('',#1847,#1846,#814,.T.);
#2333=EDGE_CURVE('',#1847,#1845,#815,.T.);
#2334=EDGE_CURVE('',#1848,#1849,#816,.T.);
#2335=EDGE_CURVE('',#1850,#1848,#817,.T.);
#2336=EDGE_CURVE('',#1851,#1850,#818,.T.);
#2337=EDGE_CURVE('',#1849,#1851,#819,.T.);
#2338=EDGE_CURVE('',#1845,#1848,#77,.T.);
#2339=EDGE_CURVE('',#1850,#1847,#78,.T.);
#2340=EDGE_CURVE('',#1852,#1853,#820,.T.);
#2341=EDGE_CURVE('',#1854,#1852,#821,.T.);
#2342=EDGE_CURVE('',#1855,#1854,#822,.T.);
#2343=EDGE_CURVE('',#1855,#1853,#823,.T.);
#2344=EDGE_CURVE('',#1853,#1856,#79,.T.);
#2345=EDGE_CURVE('',#1857,#1855,#80,.T.);
#2346=EDGE_CURVE('',#1857,#1856,#824,.T.);
#2347=EDGE_CURVE('',#1856,#1858,#825,.T.);
#2348=EDGE_CURVE('',#1859,#1857,#826,.T.);
#2349=EDGE_CURVE('',#1858,#1859,#827,.T.);
#2350=EDGE_CURVE('',#1858,#1844,#81,.T.);
#2351=EDGE_CURVE('',#1859,#1846,#82,.T.);
#2352=EDGE_CURVE('',#1849,#1842,#83,.T.);
#2353=EDGE_CURVE('',#1851,#1843,#84,.T.);
#2354=EDGE_CURVE('',#1839,#1854,#85,.T.);
#2355=EDGE_CURVE('',#1837,#1852,#86,.T.);
#2356=EDGE_CURVE('',#1860,#1861,#87,.T.);
#2357=EDGE_CURVE('',#1862,#1860,#828,.T.);
#2358=EDGE_CURVE('',#1862,#1863,#88,.T.);
#2359=EDGE_CURVE('',#1861,#1863,#829,.T.);
#2360=EDGE_CURVE('',#1863,#1862,#830,.T.);
#2361=EDGE_CURVE('',#1860,#1864,#831,.T.);
#2362=EDGE_CURVE('',#1864,#1865,#89,.T.);
#2363=EDGE_CURVE('',#1865,#1866,#90,.T.);
#2364=EDGE_CURVE('',#1866,#1867,#91,.T.);
#2365=EDGE_CURVE('',#1867,#1868,#832,.T.);
#2366=EDGE_CURVE('',#1868,#1869,#92,.T.);
#2367=EDGE_CURVE('',#1869,#1870,#93,.T.);
#2368=EDGE_CURVE('',#1870,#1871,#94,.T.);
#2369=EDGE_CURVE('',#1871,#1872,#833,.T.);
#2370=EDGE_CURVE('',#1872,#1873,#95,.T.);
#2371=EDGE_CURVE('',#1873,#1874,#96,.T.);
#2372=EDGE_CURVE('',#1874,#1875,#97,.T.);
#2373=EDGE_CURVE('',#1875,#1876,#834,.T.);
#2374=EDGE_CURVE('',#1876,#1877,#98,.T.);
#2375=EDGE_CURVE('',#1877,#1878,#99,.T.);
#2376=EDGE_CURVE('',#1878,#1879,#100,.T.);
#2377=EDGE_CURVE('',#1879,#1861,#835,.T.);
#2378=EDGE_CURVE('',#1880,#1881,#836,.T.);
#2379=EDGE_CURVE('',#1881,#1882,#837,.T.);
#2380=EDGE_CURVE('',#1882,#1883,#838,.T.);
#2381=EDGE_CURVE('',#1883,#1884,#839,.T.);
#2382=EDGE_CURVE('',#1884,#1885,#840,.T.);
#2383=EDGE_CURVE('',#1885,#1886,#841,.T.);
#2384=EDGE_CURVE('',#1886,#1887,#842,.T.);
#2385=EDGE_CURVE('',#1887,#1888,#843,.T.);
#2386=EDGE_CURVE('',#1888,#1889,#844,.T.);
#2387=EDGE_CURVE('',#1889,#1890,#845,.T.);
#2388=EDGE_CURVE('',#1891,#1890,#101,.F.);
#2389=EDGE_CURVE('',#1891,#1892,#846,.T.);
#2390=EDGE_CURVE('',#1893,#1892,#102,.F.);
#2391=EDGE_CURVE('',#1893,#1894,#847,.T.);
#2392=EDGE_CURVE('',#1894,#1895,#848,.T.);
#2393=EDGE_CURVE('',#1895,#1896,#849,.T.);
#2394=EDGE_CURVE('',#1896,#1897,#850,.T.);
#2395=EDGE_CURVE('',#1897,#1898,#851,.T.);
#2396=EDGE_CURVE('',#1898,#1899,#852,.T.);
#2397=EDGE_CURVE('',#1899,#1900,#853,.T.);
#2398=EDGE_CURVE('',#1900,#1901,#854,.T.);
#2399=EDGE_CURVE('',#1901,#1902,#855,.T.);
#2400=EDGE_CURVE('',#1902,#1903,#856,.T.);
#2401=EDGE_CURVE('',#1903,#1904,#857,.T.);
#2402=EDGE_CURVE('',#1904,#1905,#858,.T.);
#2403=EDGE_CURVE('',#1905,#1906,#859,.T.);
#2404=EDGE_CURVE('',#1906,#1907,#860,.T.);
#2405=EDGE_CURVE('',#1907,#1908,#861,.T.);
#2406=EDGE_CURVE('',#1908,#1909,#862,.T.);
#2407=EDGE_CURVE('',#1909,#1910,#863,.T.);
#2408=EDGE_CURVE('',#1911,#1910,#103,.F.);
#2409=EDGE_CURVE('',#1911,#1912,#864,.T.);
#2410=EDGE_CURVE('',#1913,#1912,#104,.F.);
#2411=EDGE_CURVE('',#1913,#1914,#865,.T.);
#2412=EDGE_CURVE('',#1914,#1915,#866,.T.);
#2413=EDGE_CURVE('',#1915,#1916,#867,.T.);
#2414=EDGE_CURVE('',#1916,#1917,#868,.T.);
#2415=EDGE_CURVE('',#1917,#1918,#869,.T.);
#2416=EDGE_CURVE('',#1918,#1919,#870,.T.);
#2417=EDGE_CURVE('',#1919,#1880,#871,.T.);
#2418=EDGE_CURVE('',#1920,#1921,#872,.T.);
#2419=EDGE_CURVE('',#1921,#1922,#873,.T.);
#2420=EDGE_CURVE('',#1922,#1923,#874,.T.);
#2421=EDGE_CURVE('',#1923,#1924,#875,.T.);
#2422=EDGE_CURVE('',#1924,#1925,#876,.T.);
#2423=EDGE_CURVE('',#1925,#1926,#877,.T.);
#2424=EDGE_CURVE('',#1926,#1927,#878,.T.);
#2425=EDGE_CURVE('',#1927,#1928,#879,.T.);
#2426=EDGE_CURVE('',#1928,#1929,#880,.T.);
#2427=EDGE_CURVE('',#1929,#1930,#881,.T.);
#2428=EDGE_CURVE('',#1930,#1931,#882,.T.);
#2429=EDGE_CURVE('',#1931,#1932,#883,.T.);
#2430=EDGE_CURVE('',#1932,#1933,#884,.T.);
#2431=EDGE_CURVE('',#1933,#1934,#885,.T.);
#2432=EDGE_CURVE('',#1934,#1935,#886,.T.);
#2433=EDGE_CURVE('',#1935,#1936,#887,.T.);
#2434=EDGE_CURVE('',#1936,#1937,#888,.T.);
#2435=EDGE_CURVE('',#1937,#1938,#889,.T.);
#2436=EDGE_CURVE('',#1938,#1939,#890,.T.);
#2437=EDGE_CURVE('',#1939,#1940,#891,.T.);
#2438=EDGE_CURVE('',#1940,#1941,#892,.T.);
#2439=EDGE_CURVE('',#1941,#1942,#893,.T.);
#2440=EDGE_CURVE('',#1942,#1943,#894,.T.);
#2441=EDGE_CURVE('',#1943,#1944,#895,.T.);
#2442=EDGE_CURVE('',#1944,#1945,#896,.T.);
#2443=EDGE_CURVE('',#1945,#1946,#897,.T.);
#2444=EDGE_CURVE('',#1946,#1947,#898,.T.);
#2445=EDGE_CURVE('',#1947,#1948,#899,.T.);
#2446=EDGE_CURVE('',#1948,#1949,#900,.T.);
#2447=EDGE_CURVE('',#1949,#1950,#901,.T.);
#2448=EDGE_CURVE('',#1950,#1951,#902,.T.);
#2449=EDGE_CURVE('',#1951,#1952,#903,.T.);
#2450=EDGE_CURVE('',#1952,#1953,#904,.T.);
#2451=EDGE_CURVE('',#1953,#1954,#905,.T.);
#2452=EDGE_CURVE('',#1954,#1955,#906,.T.);
#2453=EDGE_CURVE('',#1955,#1956,#907,.T.);
#2454=EDGE_CURVE('',#1956,#1957,#908,.T.);
#2455=EDGE_CURVE('',#1957,#1958,#909,.T.);
#2456=EDGE_CURVE('',#1958,#1959,#910,.T.);
#2457=EDGE_CURVE('',#1959,#1920,#911,.T.);
#2458=EDGE_CURVE('',#1960,#1960,#105,.T.);
#2459=EDGE_CURVE('',#1960,#1961,#912,.T.);
#2460=EDGE_CURVE('',#1961,#1961,#106,.T.);
#2461=EDGE_CURVE('',#1962,#1962,#107,.T.);
#2462=EDGE_CURVE('',#1962,#1963,#913,.T.);
#2463=EDGE_CURVE('',#1963,#1963,#108,.T.);
#2464=EDGE_CURVE('',#1964,#1947,#109,.T.);
#2465=EDGE_CURVE('',#1964,#1965,#914,.T.);
#2466=EDGE_CURVE('',#1948,#1965,#110,.T.);
#2467=EDGE_CURVE('',#1965,#1966,#915,.T.);
#2468=EDGE_CURVE('',#1966,#1921,#111,.T.);
#2469=EDGE_CURVE('',#1967,#1920,#916,.T.);
#2470=EDGE_CURVE('',#1968,#1967,#917,.T.);
#2471=EDGE_CURVE('',#1969,#1968,#918,.T.);
#2472=EDGE_CURVE('',#1970,#1969,#919,.T.);
#2473=EDGE_CURVE('',#1971,#1970,#920,.T.);
#2474=EDGE_CURVE('',#1972,#1971,#921,.T.);
#2475=EDGE_CURVE('',#1949,#1972,#922,.T.);
#2476=EDGE_CURVE('',#1964,#1973,#923,.T.);
#2477=EDGE_CURVE('',#1966,#1973,#924,.T.);
#2478=EDGE_CURVE('',#1974,#1943,#112,.T.);
#2479=EDGE_CURVE('',#1974,#1975,#925,.T.);
#2480=EDGE_CURVE('',#1944,#1975,#113,.T.);
#2481=EDGE_CURVE('',#1975,#1976,#926,.T.);
#2482=EDGE_CURVE('',#1976,#1929,#114,.T.);
#2483=EDGE_CURVE('',#1977,#1928,#927,.T.);
#2484=EDGE_CURVE('',#1978,#1977,#928,.T.);
#2485=EDGE_CURVE('',#1979,#1978,#929,.T.);
#2486=EDGE_CURVE('',#1980,#1979,#930,.T.);
#2487=EDGE_CURVE('',#1981,#1980,#931,.T.);
#2488=EDGE_CURVE('',#1982,#1981,#932,.T.);
#2489=EDGE_CURVE('',#1945,#1982,#933,.T.);
#2490=EDGE_CURVE('',#1974,#1983,#934,.T.);
#2491=EDGE_CURVE('',#1976,#1983,#935,.T.);
#2492=EDGE_CURVE('',#1922,#1973,#115,.T.);
#2493=EDGE_CURVE('',#1930,#1983,#116,.T.);
#2494=EDGE_CURVE('',#1984,#1946,#936,.T.);
#2495=EDGE_CURVE('',#1985,#1984,#937,.T.);
#2496=EDGE_CURVE('',#1986,#1985,#938,.T.);
#2497=EDGE_CURVE('',#1987,#1986,#939,.T.);
#2498=EDGE_CURVE('',#1988,#1987,#940,.T.);
#2499=EDGE_CURVE('',#1989,#1988,#941,.T.);
#2500=EDGE_CURVE('',#1923,#1989,#942,.T.);
#2501=EDGE_CURVE('',#1985,#1971,#943,.T.);
#2502=EDGE_CURVE('',#1972,#1984,#944,.T.);
#2503=EDGE_CURVE('',#1989,#1967,#945,.T.);
#2504=EDGE_CURVE('',#1968,#1988,#946,.T.);
#2505=EDGE_CURVE('',#1990,#1942,#947,.T.);
#2506=EDGE_CURVE('',#1991,#1990,#948,.T.);
#2507=EDGE_CURVE('',#1992,#1991,#949,.T.);
#2508=EDGE_CURVE('',#1993,#1992,#950,.T.);
#2509=EDGE_CURVE('',#1994,#1993,#951,.T.);
#2510=EDGE_CURVE('',#1995,#1994,#952,.T.);
#2511=EDGE_CURVE('',#1931,#1995,#953,.T.);
#2512=EDGE_CURVE('',#1991,#1981,#954,.T.);
#2513=EDGE_CURVE('',#1982,#1990,#955,.T.);
#2514=EDGE_CURVE('',#1995,#1977,#956,.T.);
#2515=EDGE_CURVE('',#1978,#1994,#957,.T.);
#2516=EDGE_CURVE('',#1996,#1987,#958,.T.);
#2517=EDGE_CURVE('',#1997,#1996,#959,.T.);
#2518=EDGE_CURVE('',#1998,#1997,#960,.T.);
#2519=EDGE_CURVE('',#1999,#1998,#961,.T.);
#2520=EDGE_CURVE('',#1969,#1999,#962,.T.);
#2521=EDGE_CURVE('',#1986,#2000,#963,.T.);
#2522=EDGE_CURVE('',#2000,#1996,#964,.T.);
#2523=EDGE_CURVE('',#2001,#1993,#965,.T.);
#2524=EDGE_CURVE('',#2002,#2001,#966,.T.);
#2525=EDGE_CURVE('',#2003,#2002,#967,.T.);
#2526=EDGE_CURVE('',#2004,#2003,#968,.T.);
#2527=EDGE_CURVE('',#1979,#2004,#969,.T.);
#2528=EDGE_CURVE('',#1992,#2005,#970,.T.);
#2529=EDGE_CURVE('',#2005,#2001,#971,.T.);
#2530=EDGE_CURVE('',#1956,#2006,#972,.T.);
#2531=EDGE_CURVE('',#1955,#2007,#973,.T.);
#2532=EDGE_CURVE('',#2006,#2007,#974,.T.);
#2533=EDGE_CURVE('',#2008,#1959,#975,.T.);
#2534=EDGE_CURVE('',#2009,#2008,#976,.T.);
#2535=EDGE_CURVE('',#1924,#2009,#977,.T.);
#2536=EDGE_CURVE('',#2010,#1927,#978,.T.);
#2537=EDGE_CURVE('',#2011,#2010,#979,.T.);
#2538=EDGE_CURVE('',#1932,#2011,#980,.T.);
#2539=EDGE_CURVE('',#2012,#1935,#981,.T.);
#2540=EDGE_CURVE('',#2013,#2012,#982,.T.);
#2541=EDGE_CURVE('',#1936,#2013,#983,.T.);
#2542=EDGE_CURVE('',#2006,#2014,#984,.T.);
#2543=EDGE_CURVE('',#2007,#2015,#985,.T.);
#2544=EDGE_CURVE('',#2015,#2014,#986,.T.);
#2545=EDGE_CURVE('',#2009,#1997,#987,.T.);
#2546=EDGE_CURVE('',#1998,#2008,#988,.T.);
#2547=EDGE_CURVE('',#2011,#2002,#989,.T.);
#2548=EDGE_CURVE('',#2003,#2010,#990,.T.);
#2549=EDGE_CURVE('',#2016,#2012,#991,.T.);
#2550=EDGE_CURVE('',#2016,#2017,#992,.T.);
#2551=EDGE_CURVE('',#2017,#2013,#993,.T.);
#2552=EDGE_CURVE('',#2014,#1953,#994,.T.);
#2553=EDGE_CURVE('',#1954,#2015,#995,.T.);
#2554=EDGE_CURVE('',#1938,#2016,#996,.T.);
#2555=EDGE_CURVE('',#1937,#2017,#997,.T.);
#2556=EDGE_CURVE('',#2018,#2019,#998,.T.);
#2557=EDGE_CURVE('',#2020,#2018,#999,.T.);
#2558=EDGE_CURVE('',#2021,#2020,#1000,.T.);
#2559=EDGE_CURVE('',#2021,#2022,#1001,.T.);
#2560=EDGE_CURVE('',#2023,#2022,#1002,.T.);
#2561=EDGE_CURVE('',#2024,#2023,#1003,.T.);
#2562=EDGE_CURVE('',#2025,#2024,#1004,.T.);
#2563=EDGE_CURVE('',#2025,#2026,#1005,.T.);
#2564=EDGE_CURVE('',#2027,#2026,#1006,.T.);
#2565=EDGE_CURVE('',#2028,#2027,#1007,.T.);
#2566=EDGE_CURVE('',#2029,#2028,#1008,.T.);
#2567=EDGE_CURVE('',#2029,#2030,#1009,.T.);
#2568=EDGE_CURVE('',#2030,#2031,#1010,.T.);
#2569=EDGE_CURVE('',#2031,#2032,#1011,.T.);
#2570=EDGE_CURVE('',#2032,#2033,#1012,.T.);
#2571=EDGE_CURVE('',#2033,#2019,#1013,.T.);
#2572=EDGE_CURVE('',#2034,#1970,#1014,.T.);
#2573=EDGE_CURVE('',#2026,#2034,#1015,.T.);
#2574=EDGE_CURVE('',#2000,#2025,#1016,.T.);
#2575=EDGE_CURVE('',#1952,#2029,#1017,.T.);
#2576=EDGE_CURVE('',#1951,#2030,#1018,.T.);
#2577=EDGE_CURVE('',#2035,#1980,#1019,.T.);
#2578=EDGE_CURVE('',#2022,#2035,#1020,.T.);
#2579=EDGE_CURVE('',#2005,#2021,#1021,.T.);
#2580=EDGE_CURVE('',#1940,#2033,#1022,.T.);
#2581=EDGE_CURVE('',#1941,#2032,#1023,.T.);
#2582=EDGE_CURVE('',#1950,#2031,#1024,.T.);
#2583=EDGE_CURVE('',#2019,#1939,#1025,.T.);
#2584=EDGE_CURVE('',#2020,#2036,#1026,.T.);
#2585=EDGE_CURVE('',#2036,#2037,#1027,.T.);
#2586=EDGE_CURVE('',#2037,#2038,#117,.T.);
#2587=EDGE_CURVE('',#2038,#2039,#1028,.T.);
#2588=EDGE_CURVE('',#2039,#1933,#1029,.T.);
#2589=EDGE_CURVE('',#2024,#2040,#1030,.T.);
#2590=EDGE_CURVE('',#2040,#2041,#1031,.T.);
#2591=EDGE_CURVE('',#2041,#2042,#118,.T.);
#2592=EDGE_CURVE('',#2042,#2043,#1032,.T.);
#2593=EDGE_CURVE('',#2043,#1925,#1033,.T.);
#2594=EDGE_CURVE('',#2028,#2044,#1034,.T.);
#2595=EDGE_CURVE('',#2044,#2045,#1035,.T.);
#2596=EDGE_CURVE('',#2045,#2046,#119,.T.);
#2597=EDGE_CURVE('',#2046,#2047,#1036,.T.);
#2598=EDGE_CURVE('',#2047,#1957,#1037,.T.);
#2599=EDGE_CURVE('',#2048,#2027,#1038,.T.);
#2600=EDGE_CURVE('',#2044,#2048,#1039,.T.);
#2601=EDGE_CURVE('',#1999,#2034,#1040,.T.);
#2602=EDGE_CURVE('',#2004,#2035,#1041,.T.);
#2603=EDGE_CURVE('',#2049,#2039,#1042,.T.);
#2604=EDGE_CURVE('',#1934,#2049,#1043,.T.);
#2605=EDGE_CURVE('',#2050,#2018,#1044,.T.);
#2606=EDGE_CURVE('',#2036,#2050,#1045,.T.);
#2607=EDGE_CURVE('',#2051,#2050,#1046,.T.);
#2608=EDGE_CURVE('',#2037,#2051,#1047,.T.);
#2609=EDGE_CURVE('',#2052,#2051,#120,.T.);
#2610=EDGE_CURVE('',#2038,#2052,#1048,.T.);
#2611=EDGE_CURVE('',#2049,#2052,#1049,.T.);
#2612=EDGE_CURVE('',#2053,#2043,#1050,.T.);
#2613=EDGE_CURVE('',#1926,#2053,#1051,.T.);
#2614=EDGE_CURVE('',#2054,#2023,#1052,.T.);
#2615=EDGE_CURVE('',#2040,#2054,#1053,.T.);
#2616=EDGE_CURVE('',#2055,#2054,#1054,.T.);
#2617=EDGE_CURVE('',#2041,#2055,#1055,.T.);
#2618=EDGE_CURVE('',#2056,#2055,#121,.T.);
#2619=EDGE_CURVE('',#2042,#2056,#1056,.T.);
#2620=EDGE_CURVE('',#2053,#2056,#1057,.T.);
#2621=EDGE_CURVE('',#2057,#2047,#1058,.T.);
#2622=EDGE_CURVE('',#1958,#2057,#1059,.T.);
#2623=EDGE_CURVE('',#2058,#2048,#1060,.T.);
#2624=EDGE_CURVE('',#2045,#2058,#1061,.T.);
#2625=EDGE_CURVE('',#2059,#2058,#122,.T.);
#2626=EDGE_CURVE('',#2046,#2059,#1062,.T.);
#2627=EDGE_CURVE('',#2057,#2059,#1063,.T.);
#2628=EDGE_CURVE('',#1878,#2060,#1064,.T.);
#2629=EDGE_CURVE('',#2060,#2061,#123,.T.);
#2630=EDGE_CURVE('',#2061,#1879,#1065,.T.);
#2631=EDGE_CURVE('',#2061,#2062,#1066,.T.);
#2632=EDGE_CURVE('',#1864,#2062,#1067,.T.);
#2633=EDGE_CURVE('',#1876,#2063,#1068,.T.);
#2634=EDGE_CURVE('',#2063,#2064,#124,.T.);
#2635=EDGE_CURVE('',#2064,#1877,#1069,.T.);
#2636=EDGE_CURVE('',#2065,#1875,#1070,.T.);
#2637=EDGE_CURVE('',#2065,#2063,#1071,.T.);
#2638=EDGE_CURVE('',#1874,#2066,#1072,.T.);
#2639=EDGE_CURVE('',#2066,#2065,#125,.T.);
#2640=EDGE_CURVE('',#2067,#1873,#1073,.T.);
#2641=EDGE_CURVE('',#2067,#2066,#126,.T.);
#2642=EDGE_CURVE('',#1872,#2068,#1074,.T.);
#2643=EDGE_CURVE('',#2068,#2067,#127,.T.);
#2644=EDGE_CURVE('',#2069,#1871,#1075,.T.);
#2645=EDGE_CURVE('',#2069,#2068,#1076,.T.);
#2646=EDGE_CURVE('',#1870,#2070,#1077,.T.);
#2647=EDGE_CURVE('',#2070,#2069,#128,.T.);
#2648=EDGE_CURVE('',#2071,#1869,#1078,.T.);
#2649=EDGE_CURVE('',#2071,#2070,#129,.T.);
#2650=EDGE_CURVE('',#1868,#2072,#1079,.T.);
#2651=EDGE_CURVE('',#2072,#2071,#130,.T.);
#2652=EDGE_CURVE('',#2073,#1867,#1080,.T.);
#2653=EDGE_CURVE('',#2073,#2072,#1081,.T.);
#2654=EDGE_CURVE('',#1866,#2074,#1082,.T.);
#2655=EDGE_CURVE('',#2074,#2073,#131,.T.);
#2656=EDGE_CURVE('',#2075,#1865,#1083,.T.);
#2657=EDGE_CURVE('',#2075,#2074,#132,.T.);
#2658=EDGE_CURVE('',#2062,#2075,#133,.T.);
#2659=EDGE_CURVE('',#2076,#1915,#134,.T.);
#2660=EDGE_CURVE('',#2076,#2077,#1084,.T.);
#2661=EDGE_CURVE('',#1916,#2077,#135,.T.);
#2662=EDGE_CURVE('',#2078,#2077,#1085,.T.);
#2663=EDGE_CURVE('',#2078,#1907,#136,.T.);
#2664=EDGE_CURVE('',#2079,#1906,#1086,.T.);
#2665=EDGE_CURVE('',#2080,#2079,#1087,.T.);
#2666=EDGE_CURVE('',#2081,#2080,#1088,.T.);
#2667=EDGE_CURVE('',#2082,#2081,#1089,.T.);
#2668=EDGE_CURVE('',#2083,#2082,#1090,.T.);
#2669=EDGE_CURVE('',#2084,#2083,#1091,.T.);
#2670=EDGE_CURVE('',#1917,#2084,#1092,.T.);
#2671=EDGE_CURVE('',#2076,#2085,#1093,.T.);
#2672=EDGE_CURVE('',#2078,#2085,#1094,.T.);
#2673=EDGE_CURVE('',#2086,#1919,#137,.T.);
#2674=EDGE_CURVE('',#2086,#2087,#1095,.T.);
#2675=EDGE_CURVE('',#1880,#2087,#138,.T.);
#2676=EDGE_CURVE('',#2088,#2087,#1096,.T.);
#2677=EDGE_CURVE('',#2088,#1903,#139,.T.);
#2678=EDGE_CURVE('',#2089,#1902,#1097,.T.);
#2679=EDGE_CURVE('',#2090,#2089,#1098,.T.);
#2680=EDGE_CURVE('',#2091,#2090,#1099,.T.);
#2681=EDGE_CURVE('',#2092,#2091,#1100,.T.);
#2682=EDGE_CURVE('',#2093,#2092,#1101,.T.);
#2683=EDGE_CURVE('',#2094,#2093,#1102,.T.);
#2684=EDGE_CURVE('',#1881,#2094,#1103,.T.);
#2685=EDGE_CURVE('',#2086,#2095,#1104,.T.);
#2686=EDGE_CURVE('',#2088,#2095,#1105,.T.);
#2687=EDGE_CURVE('',#2096,#1883,#140,.T.);
#2688=EDGE_CURVE('',#2096,#2097,#1106,.T.);
#2689=EDGE_CURVE('',#1884,#2097,#141,.T.);
#2690=EDGE_CURVE('',#2097,#2098,#1107,.T.);
#2691=EDGE_CURVE('',#2098,#1899,#142,.T.);
#2692=EDGE_CURVE('',#2099,#1898,#1108,.T.);
#2693=EDGE_CURVE('',#2100,#2099,#1109,.T.);
#2694=EDGE_CURVE('',#2101,#2100,#1110,.T.);
#2695=EDGE_CURVE('',#2102,#2101,#1111,.T.);
#2696=EDGE_CURVE('',#2103,#2102,#1112,.T.);
#2697=EDGE_CURVE('',#2104,#2103,#1113,.T.);
#2698=EDGE_CURVE('',#1885,#2104,#1114,.T.);
#2699=EDGE_CURVE('',#2096,#2105,#1115,.T.);
#2700=EDGE_CURVE('',#2098,#2105,#1116,.T.);
#2701=EDGE_CURVE('',#2106,#1887,#143,.T.);
#2702=EDGE_CURVE('',#2106,#2107,#1117,.T.);
#2703=EDGE_CURVE('',#1888,#2107,#144,.T.);
#2704=EDGE_CURVE('',#2108,#2107,#1118,.T.);
#2705=EDGE_CURVE('',#2108,#1895,#145,.T.);
#2706=EDGE_CURVE('',#2109,#1894,#1119,.T.);
#2707=EDGE_CURVE('',#2110,#2109,#1120,.T.);
#2708=EDGE_CURVE('',#2111,#2110,#1121,.T.);
#2709=EDGE_CURVE('',#2112,#2111,#1122,.T.);
#2710=EDGE_CURVE('',#2113,#2112,#1123,.T.);
#2711=EDGE_CURVE('',#2114,#2113,#1124,.T.);
#2712=EDGE_CURVE('',#1889,#2114,#1125,.T.);
#2713=EDGE_CURVE('',#2106,#2115,#1126,.T.);
#2714=EDGE_CURVE('',#2108,#2115,#1127,.T.);
#2715=EDGE_CURVE('',#1896,#2115,#146,.T.);
#2716=EDGE_CURVE('',#2116,#1886,#1128,.T.);
#2717=EDGE_CURVE('',#2116,#2117,#1129,.T.);
#2718=EDGE_CURVE('',#2118,#2117,#1130,.T.);
#2719=EDGE_CURVE('',#2119,#2118,#1131,.T.);
#2720=EDGE_CURVE('',#2120,#2119,#1132,.T.);
#2721=EDGE_CURVE('',#2120,#2121,#1133,.T.);
#2722=EDGE_CURVE('',#1897,#2121,#1134,.T.);
#2723=EDGE_CURVE('',#1900,#2105,#147,.T.);
#2724=EDGE_CURVE('',#1904,#2095,#148,.T.);
#2725=EDGE_CURVE('',#2122,#1918,#1135,.T.);
#2726=EDGE_CURVE('',#2122,#2123,#1136,.T.);
#2727=EDGE_CURVE('',#2124,#2123,#1137,.T.);
#2728=EDGE_CURVE('',#2125,#2124,#1138,.T.);
#2729=EDGE_CURVE('',#2126,#2125,#1139,.T.);
#2730=EDGE_CURVE('',#2126,#2127,#1140,.T.);
#2731=EDGE_CURVE('',#1905,#2127,#1141,.T.);
#2732=EDGE_CURVE('',#1908,#2085,#149,.T.);
#2733=EDGE_CURVE('',#2128,#1914,#1142,.T.);
#2734=EDGE_CURVE('',#2128,#2129,#1143,.T.);
#2735=EDGE_CURVE('',#2130,#2129,#1144,.T.);
#2736=EDGE_CURVE('',#2131,#2130,#1145,.T.);
#2737=EDGE_CURVE('',#2132,#2131,#1146,.T.);
#2738=EDGE_CURVE('',#2132,#2133,#1147,.T.);
#2739=EDGE_CURVE('',#1909,#2133,#1148,.T.);
#2740=EDGE_CURVE('',#2090,#2126,#1149,.T.);
#2741=EDGE_CURVE('',#2127,#2089,#1150,.T.);
#2742=EDGE_CURVE('',#2094,#2122,#1151,.T.);
#2743=EDGE_CURVE('',#2123,#2093,#1152,.T.);
#2744=EDGE_CURVE('',#2100,#2134,#1153,.T.);
#2745=EDGE_CURVE('',#2135,#2099,#1154,.T.);
#2746=EDGE_CURVE('',#2135,#2134,#1155,.T.);
#2747=EDGE_CURVE('',#2104,#2136,#1156,.T.);
#2748=EDGE_CURVE('',#2137,#2103,#1157,.T.);
#2749=EDGE_CURVE('',#2137,#2136,#1158,.T.);
#2750=EDGE_CURVE('',#2136,#1882,#1159,.T.);
#2751=EDGE_CURVE('',#2138,#2137,#1160,.T.);
#2752=EDGE_CURVE('',#2139,#2138,#1161,.T.);
#2753=EDGE_CURVE('',#2134,#2139,#1162,.T.);
#2754=EDGE_CURVE('',#1901,#2135,#1163,.T.);
#2755=EDGE_CURVE('',#2080,#2132,#1164,.T.);
#2756=EDGE_CURVE('',#2133,#2079,#1165,.T.);
#2757=EDGE_CURVE('',#2084,#2128,#1166,.T.);
#2758=EDGE_CURVE('',#2129,#2083,#1167,.T.);
#2759=EDGE_CURVE('',#2110,#2120,#1168,.T.);
#2760=EDGE_CURVE('',#2121,#2109,#1169,.T.);
#2761=EDGE_CURVE('',#2114,#2116,#1170,.T.);
#2762=EDGE_CURVE('',#2117,#2113,#1171,.T.);
#2763=EDGE_CURVE('',#2140,#1913,#1172,.T.);
#2764=EDGE_CURVE('',#2141,#2140,#1173,.T.);
#2765=EDGE_CURVE('',#1890,#2141,#1174,.T.);
#2766=EDGE_CURVE('',#2081,#2125,#1175,.T.);
#2767=EDGE_CURVE('',#2142,#2131,#1176,.T.);
#2768=EDGE_CURVE('',#2143,#2142,#1177,.T.);
#2769=EDGE_CURVE('',#2144,#2143,#1178,.T.);
#2770=EDGE_CURVE('',#2145,#2144,#1179,.T.);
#2771=EDGE_CURVE('',#2111,#2145,#1180,.T.);
#2772=EDGE_CURVE('',#2101,#2119,#1181,.T.);
#2773=EDGE_CURVE('',#2091,#2139,#1182,.T.);
#2774=EDGE_CURVE('',#2145,#2146,#150,.T.);
#2775=EDGE_CURVE('',#2146,#2147,#1183,.T.);
#2776=EDGE_CURVE('',#2147,#2148,#151,.T.);
#2777=EDGE_CURVE('',#2148,#2112,#1184,.T.);
#2778=EDGE_CURVE('',#2130,#2149,#1185,.T.);
#2779=EDGE_CURVE('',#2149,#2150,#152,.T.);
#2780=EDGE_CURVE('',#2150,#2151,#1186,.T.);
#2781=EDGE_CURVE('',#2151,#2142,#153,.T.);
#2782=EDGE_CURVE('',#2118,#2102,#1187,.T.);
#2783=EDGE_CURVE('',#2124,#2082,#1188,.T.);
#2784=EDGE_CURVE('',#2138,#2092,#1189,.T.);
#2785=EDGE_CURVE('',#2152,#2153,#154,.T.);
#2786=EDGE_CURVE('',#2153,#2154,#155,.T.);
#2787=EDGE_CURVE('',#2154,#2143,#156,.T.);
#2788=EDGE_CURVE('',#2143,#2152,#157,.T.);
#2789=EDGE_CURVE('',#2155,#2144,#158,.T.);
#2790=EDGE_CURVE('',#2154,#2155,#1190,.T.);
#2791=EDGE_CURVE('',#2156,#2157,#159,.T.);
#2792=EDGE_CURVE('',#2157,#2144,#160,.T.);
#2793=EDGE_CURVE('',#2155,#2156,#161,.T.);
#2794=EDGE_CURVE('',#2158,#2159,#162,.T.);
#2795=EDGE_CURVE('',#2159,#2157,#1191,.T.);
#2796=EDGE_CURVE('',#2156,#2158,#1192,.T.);
#2797=EDGE_CURVE('',#2160,#2161,#163,.T.);
#2798=EDGE_CURVE('',#2161,#2159,#164,.T.);
#2799=EDGE_CURVE('',#2158,#2160,#165,.T.);
#2800=EDGE_CURVE('',#2162,#2163,#166,.T.);
#2801=EDGE_CURVE('',#2163,#2161,#1193,.T.);
#2802=EDGE_CURVE('',#2160,#2162,#1194,.T.);
#2803=EDGE_CURVE('',#2164,#2165,#167,.T.);
#2804=EDGE_CURVE('',#2165,#2163,#168,.T.);
#2805=EDGE_CURVE('',#2162,#2164,#169,.T.);
#2806=EDGE_CURVE('',#2164,#2153,#1195,.T.);
#2807=EDGE_CURVE('',#2152,#2165,#1196,.T.);
#2808=EDGE_CURVE('',#2161,#2148,#1197,.T.);
#2809=EDGE_CURVE('',#2149,#2163,#1198,.T.);
#2810=EDGE_CURVE('',#2165,#2150,#1199,.T.);
#2811=EDGE_CURVE('',#2151,#2152,#1200,.T.);
#2812=EDGE_CURVE('',#2166,#2167,#170,.T.);
#2813=EDGE_CURVE('',#2168,#2166,#1201,.T.);
#2814=EDGE_CURVE('',#2169,#2168,#171,.T.);
#2815=EDGE_CURVE('',#2170,#2169,#1202,.T.);
#2816=EDGE_CURVE('',#2171,#2170,#172,.T.);
#2817=EDGE_CURVE('',#2172,#2171,#1203,.T.);
#2818=EDGE_CURVE('',#2173,#2172,#173,.T.);
#2819=EDGE_CURVE('',#2167,#2173,#1204,.T.);
#2820=EDGE_CURVE('',#2174,#2166,#174,.T.);
#2821=EDGE_CURVE('',#2167,#2175,#175,.T.);
#2822=EDGE_CURVE('',#2175,#2174,#176,.T.);
#2823=EDGE_CURVE('',#2173,#2176,#177,.T.);
#2824=EDGE_CURVE('',#2176,#2175,#1205,.T.);
#2825=EDGE_CURVE('',#2172,#2177,#178,.T.);
#2826=EDGE_CURVE('',#2177,#2176,#179,.T.);
#2827=EDGE_CURVE('',#2171,#2178,#180,.T.);
#2828=EDGE_CURVE('',#2178,#2177,#1206,.T.);
#2829=EDGE_CURVE('',#2170,#2140,#181,.T.);
#2830=EDGE_CURVE('',#2140,#2178,#182,.T.);
#2831=EDGE_CURVE('',#2169,#2141,#183,.T.);
#2832=EDGE_CURVE('',#2168,#2179,#184,.T.);
#2833=EDGE_CURVE('',#2179,#2141,#185,.T.);
#2834=EDGE_CURVE('',#2174,#2179,#1207,.T.);
#2835=EDGE_CURVE('',#2179,#1891,#1208,.T.);
#2836=EDGE_CURVE('',#1892,#2174,#1209,.T.);
#2837=EDGE_CURVE('',#2175,#1893,#1210,.T.);
#2838=EDGE_CURVE('',#2177,#1911,#1211,.T.);
#2839=EDGE_CURVE('',#1910,#2176,#1212,.T.);
#2840=EDGE_CURVE('',#1912,#2178,#1213,.T.);
#2841=EDGE_CURVE('',#2157,#2146,#1214,.T.);
#2842=EDGE_CURVE('',#2147,#2159,#1215,.T.);
#2843=EDGE_CURVE('',#2180,#2181,#186,.T.);
#2844=EDGE_CURVE('',#2180,#2182,#1216,.T.);
#2845=EDGE_CURVE('',#2183,#2182,#187,.T.);
#2846=EDGE_CURVE('',#2181,#2183,#1217,.T.);
#2847=EDGE_CURVE('',#2181,#2184,#1218,.T.);
#2848=EDGE_CURVE('',#2185,#2183,#1219,.T.);
#2849=EDGE_CURVE('',#2184,#2185,#1220,.T.);
#2850=EDGE_CURVE('',#2184,#2186,#188,.T.);
#2851=EDGE_CURVE('',#2187,#2185,#189,.T.);
#2852=EDGE_CURVE('',#2186,#2187,#1221,.T.);
#2853=EDGE_CURVE('',#2186,#2188,#1222,.T.);
#2854=EDGE_CURVE('',#2189,#2187,#1223,.T.);
#2855=EDGE_CURVE('',#2188,#2189,#1224,.T.);
#2856=EDGE_CURVE('',#2188,#2190,#190,.T.);
#2857=EDGE_CURVE('',#2191,#2189,#191,.T.);
#2858=EDGE_CURVE('',#2190,#2191,#1225,.T.);
#2859=EDGE_CURVE('',#2190,#2192,#1226,.T.);
#2860=EDGE_CURVE('',#2193,#2191,#1227,.T.);
#2861=EDGE_CURVE('',#2192,#2193,#1228,.T.);
#2862=EDGE_CURVE('',#2192,#2194,#192,.T.);
#2863=EDGE_CURVE('',#2195,#2193,#193,.T.);
#2864=EDGE_CURVE('',#2194,#2195,#1229,.T.);
#2865=EDGE_CURVE('',#2194,#2180,#1230,.T.);
#2866=EDGE_CURVE('',#2182,#2195,#1231,.T.);
#2867=EDGE_CURVE('',#2196,#2197,#1232,.T.);
#2868=EDGE_CURVE('',#2197,#2198,#194,.T.);
#2869=EDGE_CURVE('',#2198,#2199,#1233,.T.);
#2870=EDGE_CURVE('',#2199,#2200,#195,.T.);
#2871=EDGE_CURVE('',#2200,#2201,#1234,.T.);
#2872=EDGE_CURVE('',#2201,#2202,#196,.T.);
#2873=EDGE_CURVE('',#2202,#2203,#1235,.T.);
#2874=EDGE_CURVE('',#2203,#2196,#197,.T.);
#2875=EDGE_CURVE('',#2204,#2205,#198,.T.);
#2876=EDGE_CURVE('',#2205,#2206,#1236,.T.);
#2877=EDGE_CURVE('',#2206,#2207,#199,.T.);
#2878=EDGE_CURVE('',#2207,#2208,#1237,.T.);
#2879=EDGE_CURVE('',#2208,#2209,#200,.T.);
#2880=EDGE_CURVE('',#2209,#2210,#1238,.T.);
#2881=EDGE_CURVE('',#2210,#2211,#201,.T.);
#2882=EDGE_CURVE('',#2211,#2204,#1239,.T.);
#2883=EDGE_CURVE('',#2064,#2060,#202,.T.);
#2884=EDGE_CURVE('',#2211,#2201,#1240,.T.);
#2885=EDGE_CURVE('',#2202,#2210,#1241,.T.);
#2886=EDGE_CURVE('',#2203,#2209,#1242,.T.);
#2887=EDGE_CURVE('',#2196,#2208,#1243,.T.);
#2888=EDGE_CURVE('',#2197,#2207,#1244,.T.);
#2889=EDGE_CURVE('',#2198,#2206,#1245,.T.);
#2890=EDGE_CURVE('',#2199,#2205,#1246,.T.);
#2891=EDGE_CURVE('',#2200,#2204,#1247,.T.);
#2892=ORIENTED_EDGE('',*,*,#2212,.F.);
#2893=ORIENTED_EDGE('',*,*,#2213,.F.);
#2894=ORIENTED_EDGE('',*,*,#2214,.F.);
#2895=ORIENTED_EDGE('',*,*,#2215,.F.);
#2896=ORIENTED_EDGE('',*,*,#2216,.F.);
#2897=ORIENTED_EDGE('',*,*,#2217,.F.);
#2898=ORIENTED_EDGE('',*,*,#2218,.F.);
#2899=ORIENTED_EDGE('',*,*,#2213,.T.);
#2900=ORIENTED_EDGE('',*,*,#2219,.F.);
#2901=ORIENTED_EDGE('',*,*,#2220,.F.);
#2902=ORIENTED_EDGE('',*,*,#2221,.F.);
#2903=ORIENTED_EDGE('',*,*,#2217,.T.);
#2904=ORIENTED_EDGE('',*,*,#2222,.F.);
#2905=ORIENTED_EDGE('',*,*,#2223,.F.);
#2906=ORIENTED_EDGE('',*,*,#2224,.F.);
#2907=ORIENTED_EDGE('',*,*,#2225,.T.);
#2908=ORIENTED_EDGE('',*,*,#2226,.F.);
#2909=ORIENTED_EDGE('',*,*,#2227,.F.);
#2910=ORIENTED_EDGE('',*,*,#2228,.F.);
#2911=ORIENTED_EDGE('',*,*,#2229,.F.);
#2912=ORIENTED_EDGE('',*,*,#2230,.F.);
#2913=ORIENTED_EDGE('',*,*,#2225,.F.);
#2914=ORIENTED_EDGE('',*,*,#2231,.F.);
#2915=ORIENTED_EDGE('',*,*,#2227,.T.);
#2916=ORIENTED_EDGE('',*,*,#2232,.F.);
#2917=ORIENTED_EDGE('',*,*,#2233,.F.);
#2918=ORIENTED_EDGE('',*,*,#2234,.F.);
#2919=ORIENTED_EDGE('',*,*,#2235,.T.);
#2920=ORIENTED_EDGE('',*,*,#2236,.F.);
#2921=ORIENTED_EDGE('',*,*,#2235,.F.);
#2922=ORIENTED_EDGE('',*,*,#2237,.F.);
#2923=ORIENTED_EDGE('',*,*,#2238,.T.);
#2924=ORIENTED_EDGE('',*,*,#2239,.F.);
#2925=ORIENTED_EDGE('',*,*,#2238,.F.);
#2926=ORIENTED_EDGE('',*,*,#2240,.F.);
#2927=ORIENTED_EDGE('',*,*,#2241,.F.);
#2928=ORIENTED_EDGE('',*,*,#2242,.F.);
#2929=ORIENTED_EDGE('',*,*,#2243,.F.);
#2930=ORIENTED_EDGE('',*,*,#2244,.F.);
#2931=ORIENTED_EDGE('',*,*,#2245,.F.);
#2932=ORIENTED_EDGE('',*,*,#2246,.F.);
#2933=ORIENTED_EDGE('',*,*,#2247,.F.);
#2934=ORIENTED_EDGE('',*,*,#2248,.F.);
#2935=ORIENTED_EDGE('',*,*,#2243,.T.);
#2936=ORIENTED_EDGE('',*,*,#2249,.F.);
#2937=ORIENTED_EDGE('',*,*,#2250,.F.);
#2938=ORIENTED_EDGE('',*,*,#2251,.F.);
#2939=ORIENTED_EDGE('',*,*,#2247,.T.);
#2940=ORIENTED_EDGE('',*,*,#2252,.F.);
#2941=ORIENTED_EDGE('',*,*,#2253,.F.);
#2942=ORIENTED_EDGE('',*,*,#2254,.F.);
#2943=ORIENTED_EDGE('',*,*,#2255,.T.);
#2944=ORIENTED_EDGE('',*,*,#2256,.F.);
#2945=ORIENTED_EDGE('',*,*,#2257,.F.);
#2946=ORIENTED_EDGE('',*,*,#2258,.F.);
#2947=ORIENTED_EDGE('',*,*,#2259,.F.);
#2948=ORIENTED_EDGE('',*,*,#2260,.F.);
#2949=ORIENTED_EDGE('',*,*,#2255,.F.);
#2950=ORIENTED_EDGE('',*,*,#2261,.F.);
#2951=ORIENTED_EDGE('',*,*,#2257,.T.);
#2952=ORIENTED_EDGE('',*,*,#2262,.F.);
#2953=ORIENTED_EDGE('',*,*,#2263,.F.);
#2954=ORIENTED_EDGE('',*,*,#2264,.F.);
#2955=ORIENTED_EDGE('',*,*,#2265,.T.);
#2956=ORIENTED_EDGE('',*,*,#2266,.F.);
#2957=ORIENTED_EDGE('',*,*,#2265,.F.);
#2958=ORIENTED_EDGE('',*,*,#2267,.F.);
#2959=ORIENTED_EDGE('',*,*,#2268,.T.);
#2960=ORIENTED_EDGE('',*,*,#2269,.F.);
#2961=ORIENTED_EDGE('',*,*,#2268,.F.);
#2962=ORIENTED_EDGE('',*,*,#2270,.F.);
#2963=ORIENTED_EDGE('',*,*,#2271,.F.);
#2964=ORIENTED_EDGE('',*,*,#2272,.F.);
#2965=ORIENTED_EDGE('',*,*,#2273,.F.);
#2966=ORIENTED_EDGE('',*,*,#2274,.F.);
#2967=ORIENTED_EDGE('',*,*,#2275,.F.);
#2968=ORIENTED_EDGE('',*,*,#2276,.F.);
#2969=ORIENTED_EDGE('',*,*,#2277,.F.);
#2970=ORIENTED_EDGE('',*,*,#2278,.F.);
#2971=ORIENTED_EDGE('',*,*,#2273,.T.);
#2972=ORIENTED_EDGE('',*,*,#2279,.F.);
#2973=ORIENTED_EDGE('',*,*,#2280,.F.);
#2974=ORIENTED_EDGE('',*,*,#2281,.F.);
#2975=ORIENTED_EDGE('',*,*,#2277,.T.);
#2976=ORIENTED_EDGE('',*,*,#2282,.F.);
#2977=ORIENTED_EDGE('',*,*,#2283,.F.);
#2978=ORIENTED_EDGE('',*,*,#2284,.F.);
#2979=ORIENTED_EDGE('',*,*,#2285,.T.);
#2980=ORIENTED_EDGE('',*,*,#2286,.F.);
#2981=ORIENTED_EDGE('',*,*,#2287,.F.);
#2982=ORIENTED_EDGE('',*,*,#2288,.F.);
#2983=ORIENTED_EDGE('',*,*,#2289,.F.);
#2984=ORIENTED_EDGE('',*,*,#2290,.F.);
#2985=ORIENTED_EDGE('',*,*,#2285,.F.);
#2986=ORIENTED_EDGE('',*,*,#2291,.F.);
#2987=ORIENTED_EDGE('',*,*,#2287,.T.);
#2988=ORIENTED_EDGE('',*,*,#2292,.F.);
#2989=ORIENTED_EDGE('',*,*,#2293,.F.);
#2990=ORIENTED_EDGE('',*,*,#2294,.F.);
#2991=ORIENTED_EDGE('',*,*,#2295,.T.);
#2992=ORIENTED_EDGE('',*,*,#2296,.F.);
#2993=ORIENTED_EDGE('',*,*,#2295,.F.);
#2994=ORIENTED_EDGE('',*,*,#2297,.F.);
#2995=ORIENTED_EDGE('',*,*,#2298,.T.);
#2996=ORIENTED_EDGE('',*,*,#2299,.F.);
#2997=ORIENTED_EDGE('',*,*,#2298,.F.);
#2998=ORIENTED_EDGE('',*,*,#2300,.F.);
#2999=ORIENTED_EDGE('',*,*,#2301,.F.);
#3000=ORIENTED_EDGE('',*,*,#2223,.T.);
#3001=ORIENTED_EDGE('',*,*,#2302,.F.);
#3002=ORIENTED_EDGE('',*,*,#2241,.T.);
#3003=ORIENTED_EDGE('',*,*,#2303,.T.);
#3004=ORIENTED_EDGE('',*,*,#2220,.T.);
#3005=ORIENTED_EDGE('',*,*,#2304,.F.);
#3006=ORIENTED_EDGE('',*,*,#2229,.T.);
#3007=ORIENTED_EDGE('',*,*,#2305,.T.);
#3008=ORIENTED_EDGE('',*,*,#2215,.T.);
#3009=ORIENTED_EDGE('',*,*,#2306,.T.);
#3010=ORIENTED_EDGE('',*,*,#2233,.T.);
#3011=ORIENTED_EDGE('',*,*,#2307,.F.);
#3012=ORIENTED_EDGE('',*,*,#2253,.T.);
#3013=ORIENTED_EDGE('',*,*,#2308,.F.);
#3014=ORIENTED_EDGE('',*,*,#2271,.T.);
#3015=ORIENTED_EDGE('',*,*,#2309,.T.);
#3016=ORIENTED_EDGE('',*,*,#2250,.T.);
#3017=ORIENTED_EDGE('',*,*,#2310,.F.);
#3018=ORIENTED_EDGE('',*,*,#2259,.T.);
#3019=ORIENTED_EDGE('',*,*,#2311,.T.);
#3020=ORIENTED_EDGE('',*,*,#2245,.T.);
#3021=ORIENTED_EDGE('',*,*,#2312,.T.);
#3022=ORIENTED_EDGE('',*,*,#2263,.T.);
#3023=ORIENTED_EDGE('',*,*,#2313,.F.);
#3024=ORIENTED_EDGE('',*,*,#2283,.T.);
#3025=ORIENTED_EDGE('',*,*,#2314,.F.);
#3026=ORIENTED_EDGE('',*,*,#2301,.T.);
#3027=ORIENTED_EDGE('',*,*,#2315,.T.);
#3028=ORIENTED_EDGE('',*,*,#2280,.T.);
#3029=ORIENTED_EDGE('',*,*,#2316,.F.);
#3030=ORIENTED_EDGE('',*,*,#2289,.T.);
#3031=ORIENTED_EDGE('',*,*,#2317,.T.);
#3032=ORIENTED_EDGE('',*,*,#2275,.T.);
#3033=ORIENTED_EDGE('',*,*,#2318,.T.);
#3034=ORIENTED_EDGE('',*,*,#2293,.T.);
#3035=ORIENTED_EDGE('',*,*,#2319,.F.);
#3036=ORIENTED_EDGE('',*,*,#2320,.F.);
#3037=ORIENTED_EDGE('',*,*,#2321,.F.);
#3038=ORIENTED_EDGE('',*,*,#2322,.F.);
#3039=ORIENTED_EDGE('',*,*,#2323,.F.);
#3040=ORIENTED_EDGE('',*,*,#2324,.F.);
#3041=ORIENTED_EDGE('',*,*,#2325,.F.);
#3042=ORIENTED_EDGE('',*,*,#2326,.F.);
#3043=ORIENTED_EDGE('',*,*,#2321,.T.);
#3044=ORIENTED_EDGE('',*,*,#2327,.F.);
#3045=ORIENTED_EDGE('',*,*,#2328,.F.);
#3046=ORIENTED_EDGE('',*,*,#2329,.F.);
#3047=ORIENTED_EDGE('',*,*,#2325,.T.);
#3048=ORIENTED_EDGE('',*,*,#2330,.F.);
#3049=ORIENTED_EDGE('',*,*,#2331,.F.);
#3050=ORIENTED_EDGE('',*,*,#2332,.F.);
#3051=ORIENTED_EDGE('',*,*,#2333,.T.);
#3052=ORIENTED_EDGE('',*,*,#2334,.F.);
#3053=ORIENTED_EDGE('',*,*,#2335,.F.);
#3054=ORIENTED_EDGE('',*,*,#2336,.F.);
#3055=ORIENTED_EDGE('',*,*,#2337,.F.);
#3056=ORIENTED_EDGE('',*,*,#2338,.F.);
#3057=ORIENTED_EDGE('',*,*,#2333,.F.);
#3058=ORIENTED_EDGE('',*,*,#2339,.F.);
#3059=ORIENTED_EDGE('',*,*,#2335,.T.);
#3060=ORIENTED_EDGE('',*,*,#2340,.F.);
#3061=ORIENTED_EDGE('',*,*,#2341,.F.);
#3062=ORIENTED_EDGE('',*,*,#2342,.F.);
#3063=ORIENTED_EDGE('',*,*,#2343,.T.);
#3064=ORIENTED_EDGE('',*,*,#2344,.F.);
#3065=ORIENTED_EDGE('',*,*,#2343,.F.);
#3066=ORIENTED_EDGE('',*,*,#2345,.F.);
#3067=ORIENTED_EDGE('',*,*,#2346,.T.);
#3068=ORIENTED_EDGE('',*,*,#2347,.F.);
#3069=ORIENTED_EDGE('',*,*,#2346,.F.);
#3070=ORIENTED_EDGE('',*,*,#2348,.F.);
#3071=ORIENTED_EDGE('',*,*,#2349,.F.);
#3072=ORIENTED_EDGE('',*,*,#2331,.T.);
#3073=ORIENTED_EDGE('',*,*,#2350,.F.);
#3074=ORIENTED_EDGE('',*,*,#2349,.T.);
#3075=ORIENTED_EDGE('',*,*,#2351,.T.);
#3076=ORIENTED_EDGE('',*,*,#2328,.T.);
#3077=ORIENTED_EDGE('',*,*,#2352,.F.);
#3078=ORIENTED_EDGE('',*,*,#2337,.T.);
#3079=ORIENTED_EDGE('',*,*,#2353,.T.);
#3080=ORIENTED_EDGE('',*,*,#2323,.T.);
#3081=ORIENTED_EDGE('',*,*,#2354,.T.);
#3082=ORIENTED_EDGE('',*,*,#2341,.T.);
#3083=ORIENTED_EDGE('',*,*,#2355,.F.);
#3084=ORIENTED_EDGE('',*,*,#2356,.F.);
#3085=ORIENTED_EDGE('',*,*,#2357,.F.);
#3086=ORIENTED_EDGE('',*,*,#2358,.T.);
#3087=ORIENTED_EDGE('',*,*,#2359,.F.);
#3088=ORIENTED_EDGE('',*,*,#2358,.F.);
#3089=ORIENTED_EDGE('',*,*,#2360,.F.);
#3090=ORIENTED_EDGE('',*,*,#2359,.T.);
#3091=ORIENTED_EDGE('',*,*,#2360,.T.);
#3092=ORIENTED_EDGE('',*,*,#2357,.T.);
#3093=ORIENTED_EDGE('',*,*,#2361,.T.);
#3094=ORIENTED_EDGE('',*,*,#2362,.T.);
#3095=ORIENTED_EDGE('',*,*,#2363,.T.);
#3096=ORIENTED_EDGE('',*,*,#2364,.T.);
#3097=ORIENTED_EDGE('',*,*,#2365,.T.);
#3098=ORIENTED_EDGE('',*,*,#2366,.T.);
#3099=ORIENTED_EDGE('',*,*,#2367,.T.);
#3100=ORIENTED_EDGE('',*,*,#2368,.T.);
#3101=ORIENTED_EDGE('',*,*,#2369,.T.);
#3102=ORIENTED_EDGE('',*,*,#2370,.T.);
#3103=ORIENTED_EDGE('',*,*,#2371,.T.);
#3104=ORIENTED_EDGE('',*,*,#2372,.T.);
#3105=ORIENTED_EDGE('',*,*,#2373,.T.);
#3106=ORIENTED_EDGE('',*,*,#2374,.T.);
#3107=ORIENTED_EDGE('',*,*,#2375,.T.);
#3108=ORIENTED_EDGE('',*,*,#2376,.T.);
#3109=ORIENTED_EDGE('',*,*,#2377,.T.);
#3110=ORIENTED_EDGE('',*,*,#2378,.T.);
#3111=ORIENTED_EDGE('',*,*,#2379,.T.);
#3112=ORIENTED_EDGE('',*,*,#2380,.T.);
#3113=ORIENTED_EDGE('',*,*,#2381,.T.);
#3114=ORIENTED_EDGE('',*,*,#2382,.T.);
#3115=ORIENTED_EDGE('',*,*,#2383,.T.);
#3116=ORIENTED_EDGE('',*,*,#2384,.T.);
#3117=ORIENTED_EDGE('',*,*,#2385,.T.);
#3118=ORIENTED_EDGE('',*,*,#2386,.T.);
#3119=ORIENTED_EDGE('',*,*,#2387,.T.);
#3120=ORIENTED_EDGE('',*,*,#2388,.F.);
#3121=ORIENTED_EDGE('',*,*,#2389,.T.);
#3122=ORIENTED_EDGE('',*,*,#2390,.F.);
#3123=ORIENTED_EDGE('',*,*,#2391,.T.);
#3124=ORIENTED_EDGE('',*,*,#2392,.T.);
#3125=ORIENTED_EDGE('',*,*,#2393,.T.);
#3126=ORIENTED_EDGE('',*,*,#2394,.T.);
#3127=ORIENTED_EDGE('',*,*,#2395,.T.);
#3128=ORIENTED_EDGE('',*,*,#2396,.T.);
#3129=ORIENTED_EDGE('',*,*,#2397,.T.);
#3130=ORIENTED_EDGE('',*,*,#2398,.T.);
#3131=ORIENTED_EDGE('',*,*,#2399,.T.);
#3132=ORIENTED_EDGE('',*,*,#2400,.T.);
#3133=ORIENTED_EDGE('',*,*,#2401,.T.);
#3134=ORIENTED_EDGE('',*,*,#2402,.T.);
#3135=ORIENTED_EDGE('',*,*,#2403,.T.);
#3136=ORIENTED_EDGE('',*,*,#2404,.T.);
#3137=ORIENTED_EDGE('',*,*,#2405,.T.);
#3138=ORIENTED_EDGE('',*,*,#2406,.T.);
#3139=ORIENTED_EDGE('',*,*,#2407,.T.);
#3140=ORIENTED_EDGE('',*,*,#2408,.F.);
#3141=ORIENTED_EDGE('',*,*,#2409,.T.);
#3142=ORIENTED_EDGE('',*,*,#2410,.F.);
#3143=ORIENTED_EDGE('',*,*,#2411,.T.);
#3144=ORIENTED_EDGE('',*,*,#2412,.T.);
#3145=ORIENTED_EDGE('',*,*,#2413,.T.);
#3146=ORIENTED_EDGE('',*,*,#2414,.T.);
#3147=ORIENTED_EDGE('',*,*,#2415,.T.);
#3148=ORIENTED_EDGE('',*,*,#2416,.T.);
#3149=ORIENTED_EDGE('',*,*,#2417,.T.);
#3150=ORIENTED_EDGE('',*,*,#2418,.T.);
#3151=ORIENTED_EDGE('',*,*,#2419,.T.);
#3152=ORIENTED_EDGE('',*,*,#2420,.T.);
#3153=ORIENTED_EDGE('',*,*,#2421,.T.);
#3154=ORIENTED_EDGE('',*,*,#2422,.T.);
#3155=ORIENTED_EDGE('',*,*,#2423,.T.);
#3156=ORIENTED_EDGE('',*,*,#2424,.T.);
#3157=ORIENTED_EDGE('',*,*,#2425,.T.);
#3158=ORIENTED_EDGE('',*,*,#2426,.T.);
#3159=ORIENTED_EDGE('',*,*,#2427,.T.);
#3160=ORIENTED_EDGE('',*,*,#2428,.T.);
#3161=ORIENTED_EDGE('',*,*,#2429,.T.);
#3162=ORIENTED_EDGE('',*,*,#2430,.T.);
#3163=ORIENTED_EDGE('',*,*,#2431,.T.);
#3164=ORIENTED_EDGE('',*,*,#2432,.T.);
#3165=ORIENTED_EDGE('',*,*,#2433,.T.);
#3166=ORIENTED_EDGE('',*,*,#2434,.T.);
#3167=ORIENTED_EDGE('',*,*,#2435,.T.);
#3168=ORIENTED_EDGE('',*,*,#2436,.T.);
#3169=ORIENTED_EDGE('',*,*,#2437,.T.);
#3170=ORIENTED_EDGE('',*,*,#2438,.T.);
#3171=ORIENTED_EDGE('',*,*,#2439,.T.);
#3172=ORIENTED_EDGE('',*,*,#2440,.T.);
#3173=ORIENTED_EDGE('',*,*,#2441,.T.);
#3174=ORIENTED_EDGE('',*,*,#2442,.T.);
#3175=ORIENTED_EDGE('',*,*,#2443,.T.);
#3176=ORIENTED_EDGE('',*,*,#2444,.T.);
#3177=ORIENTED_EDGE('',*,*,#2445,.T.);
#3178=ORIENTED_EDGE('',*,*,#2446,.T.);
#3179=ORIENTED_EDGE('',*,*,#2447,.T.);
#3180=ORIENTED_EDGE('',*,*,#2448,.T.);
#3181=ORIENTED_EDGE('',*,*,#2449,.T.);
#3182=ORIENTED_EDGE('',*,*,#2450,.T.);
#3183=ORIENTED_EDGE('',*,*,#2451,.T.);
#3184=ORIENTED_EDGE('',*,*,#2452,.T.);
#3185=ORIENTED_EDGE('',*,*,#2453,.T.);
#3186=ORIENTED_EDGE('',*,*,#2454,.T.);
#3187=ORIENTED_EDGE('',*,*,#2455,.T.);
#3188=ORIENTED_EDGE('',*,*,#2456,.T.);
#3189=ORIENTED_EDGE('',*,*,#2457,.T.);
#3190=ORIENTED_EDGE('',*,*,#2458,.F.);
#3191=ORIENTED_EDGE('',*,*,#2459,.T.);
#3192=ORIENTED_EDGE('',*,*,#2460,.F.);
#3193=ORIENTED_EDGE('',*,*,#2459,.F.);
#3194=ORIENTED_EDGE('',*,*,#2461,.F.);
#3195=ORIENTED_EDGE('',*,*,#2462,.T.);
#3196=ORIENTED_EDGE('',*,*,#2463,.F.);
#3197=ORIENTED_EDGE('',*,*,#2462,.F.);
#3198=ORIENTED_EDGE('',*,*,#2464,.F.);
#3199=ORIENTED_EDGE('',*,*,#2465,.T.);
#3200=ORIENTED_EDGE('',*,*,#2466,.F.);
#3201=ORIENTED_EDGE('',*,*,#2445,.F.);
#3202=ORIENTED_EDGE('',*,*,#2466,.T.);
#3203=ORIENTED_EDGE('',*,*,#2467,.T.);
#3204=ORIENTED_EDGE('',*,*,#2468,.T.);
#3205=ORIENTED_EDGE('',*,*,#2418,.F.);
#3206=ORIENTED_EDGE('',*,*,#2469,.F.);
#3207=ORIENTED_EDGE('',*,*,#2470,.F.);
#3208=ORIENTED_EDGE('',*,*,#2471,.F.);
#3209=ORIENTED_EDGE('',*,*,#2472,.F.);
#3210=ORIENTED_EDGE('',*,*,#2473,.F.);
#3211=ORIENTED_EDGE('',*,*,#2474,.F.);
#3212=ORIENTED_EDGE('',*,*,#2475,.F.);
#3213=ORIENTED_EDGE('',*,*,#2446,.F.);
#3214=ORIENTED_EDGE('',*,*,#2465,.F.);
#3215=ORIENTED_EDGE('',*,*,#2476,.T.);
#3216=ORIENTED_EDGE('',*,*,#2477,.F.);
#3217=ORIENTED_EDGE('',*,*,#2467,.F.);
#3218=ORIENTED_EDGE('',*,*,#2478,.F.);
#3219=ORIENTED_EDGE('',*,*,#2479,.T.);
#3220=ORIENTED_EDGE('',*,*,#2480,.F.);
#3221=ORIENTED_EDGE('',*,*,#2441,.F.);
#3222=ORIENTED_EDGE('',*,*,#2480,.T.);
#3223=ORIENTED_EDGE('',*,*,#2481,.T.);
#3224=ORIENTED_EDGE('',*,*,#2482,.T.);
#3225=ORIENTED_EDGE('',*,*,#2426,.F.);
#3226=ORIENTED_EDGE('',*,*,#2483,.F.);
#3227=ORIENTED_EDGE('',*,*,#2484,.F.);
#3228=ORIENTED_EDGE('',*,*,#2485,.F.);
#3229=ORIENTED_EDGE('',*,*,#2486,.F.);
#3230=ORIENTED_EDGE('',*,*,#2487,.F.);
#3231=ORIENTED_EDGE('',*,*,#2488,.F.);
#3232=ORIENTED_EDGE('',*,*,#2489,.F.);
#3233=ORIENTED_EDGE('',*,*,#2442,.F.);
#3234=ORIENTED_EDGE('',*,*,#2479,.F.);
#3235=ORIENTED_EDGE('',*,*,#2490,.T.);
#3236=ORIENTED_EDGE('',*,*,#2491,.F.);
#3237=ORIENTED_EDGE('',*,*,#2481,.F.);
#3238=ORIENTED_EDGE('',*,*,#2468,.F.);
#3239=ORIENTED_EDGE('',*,*,#2477,.T.);
#3240=ORIENTED_EDGE('',*,*,#2492,.F.);
#3241=ORIENTED_EDGE('',*,*,#2419,.F.);
#3242=ORIENTED_EDGE('',*,*,#2482,.F.);
#3243=ORIENTED_EDGE('',*,*,#2491,.T.);
#3244=ORIENTED_EDGE('',*,*,#2493,.F.);
#3245=ORIENTED_EDGE('',*,*,#2427,.F.);
#3246=ORIENTED_EDGE('',*,*,#2464,.T.);
#3247=ORIENTED_EDGE('',*,*,#2444,.F.);
#3248=ORIENTED_EDGE('',*,*,#2494,.F.);
#3249=ORIENTED_EDGE('',*,*,#2495,.F.);
#3250=ORIENTED_EDGE('',*,*,#2496,.F.);
#3251=ORIENTED_EDGE('',*,*,#2497,.F.);
#3252=ORIENTED_EDGE('',*,*,#2498,.F.);
#3253=ORIENTED_EDGE('',*,*,#2499,.F.);
#3254=ORIENTED_EDGE('',*,*,#2500,.F.);
#3255=ORIENTED_EDGE('',*,*,#2420,.F.);
#3256=ORIENTED_EDGE('',*,*,#2492,.T.);
#3257=ORIENTED_EDGE('',*,*,#2476,.F.);
#3258=ORIENTED_EDGE('',*,*,#2501,.F.);
#3259=ORIENTED_EDGE('',*,*,#2495,.T.);
#3260=ORIENTED_EDGE('',*,*,#2502,.F.);
#3261=ORIENTED_EDGE('',*,*,#2474,.T.);
#3262=ORIENTED_EDGE('',*,*,#2503,.F.);
#3263=ORIENTED_EDGE('',*,*,#2499,.T.);
#3264=ORIENTED_EDGE('',*,*,#2504,.F.);
#3265=ORIENTED_EDGE('',*,*,#2470,.T.);
#3266=ORIENTED_EDGE('',*,*,#2478,.T.);
#3267=ORIENTED_EDGE('',*,*,#2440,.F.);
#3268=ORIENTED_EDGE('',*,*,#2505,.F.);
#3269=ORIENTED_EDGE('',*,*,#2506,.F.);
#3270=ORIENTED_EDGE('',*,*,#2507,.F.);
#3271=ORIENTED_EDGE('',*,*,#2508,.F.);
#3272=ORIENTED_EDGE('',*,*,#2509,.F.);
#3273=ORIENTED_EDGE('',*,*,#2510,.F.);
#3274=ORIENTED_EDGE('',*,*,#2511,.F.);
#3275=ORIENTED_EDGE('',*,*,#2428,.F.);
#3276=ORIENTED_EDGE('',*,*,#2493,.T.);
#3277=ORIENTED_EDGE('',*,*,#2490,.F.);
#3278=ORIENTED_EDGE('',*,*,#2512,.F.);
#3279=ORIENTED_EDGE('',*,*,#2506,.T.);
#3280=ORIENTED_EDGE('',*,*,#2513,.F.);
#3281=ORIENTED_EDGE('',*,*,#2488,.T.);
#3282=ORIENTED_EDGE('',*,*,#2514,.F.);
#3283=ORIENTED_EDGE('',*,*,#2510,.T.);
#3284=ORIENTED_EDGE('',*,*,#2515,.F.);
#3285=ORIENTED_EDGE('',*,*,#2484,.T.);
#3286=ORIENTED_EDGE('',*,*,#2471,.T.);
#3287=ORIENTED_EDGE('',*,*,#2504,.T.);
#3288=ORIENTED_EDGE('',*,*,#2498,.T.);
#3289=ORIENTED_EDGE('',*,*,#2516,.F.);
#3290=ORIENTED_EDGE('',*,*,#2517,.F.);
#3291=ORIENTED_EDGE('',*,*,#2518,.F.);
#3292=ORIENTED_EDGE('',*,*,#2519,.F.);
#3293=ORIENTED_EDGE('',*,*,#2520,.F.);
#3294=ORIENTED_EDGE('',*,*,#2497,.T.);
#3295=ORIENTED_EDGE('',*,*,#2521,.T.);
#3296=ORIENTED_EDGE('',*,*,#2522,.T.);
#3297=ORIENTED_EDGE('',*,*,#2516,.T.);
#3298=ORIENTED_EDGE('',*,*,#2485,.T.);
#3299=ORIENTED_EDGE('',*,*,#2515,.T.);
#3300=ORIENTED_EDGE('',*,*,#2509,.T.);
#3301=ORIENTED_EDGE('',*,*,#2523,.F.);
#3302=ORIENTED_EDGE('',*,*,#2524,.F.);
#3303=ORIENTED_EDGE('',*,*,#2525,.F.);
#3304=ORIENTED_EDGE('',*,*,#2526,.F.);
#3305=ORIENTED_EDGE('',*,*,#2527,.F.);
#3306=ORIENTED_EDGE('',*,*,#2508,.T.);
#3307=ORIENTED_EDGE('',*,*,#2528,.T.);
#3308=ORIENTED_EDGE('',*,*,#2529,.T.);
#3309=ORIENTED_EDGE('',*,*,#2523,.T.);
#3310=ORIENTED_EDGE('',*,*,#2530,.F.);
#3311=ORIENTED_EDGE('',*,*,#2453,.F.);
#3312=ORIENTED_EDGE('',*,*,#2531,.T.);
#3313=ORIENTED_EDGE('',*,*,#2532,.F.);
#3314=ORIENTED_EDGE('',*,*,#2469,.T.);
#3315=ORIENTED_EDGE('',*,*,#2457,.F.);
#3316=ORIENTED_EDGE('',*,*,#2533,.F.);
#3317=ORIENTED_EDGE('',*,*,#2534,.F.);
#3318=ORIENTED_EDGE('',*,*,#2535,.F.);
#3319=ORIENTED_EDGE('',*,*,#2421,.F.);
#3320=ORIENTED_EDGE('',*,*,#2500,.T.);
#3321=ORIENTED_EDGE('',*,*,#2503,.T.);
#3322=ORIENTED_EDGE('',*,*,#2483,.T.);
#3323=ORIENTED_EDGE('',*,*,#2425,.F.);
#3324=ORIENTED_EDGE('',*,*,#2536,.F.);
#3325=ORIENTED_EDGE('',*,*,#2537,.F.);
#3326=ORIENTED_EDGE('',*,*,#2538,.F.);
#3327=ORIENTED_EDGE('',*,*,#2429,.F.);
#3328=ORIENTED_EDGE('',*,*,#2511,.T.);
#3329=ORIENTED_EDGE('',*,*,#2514,.T.);
#3330=ORIENTED_EDGE('',*,*,#2539,.F.);
#3331=ORIENTED_EDGE('',*,*,#2540,.F.);
#3332=ORIENTED_EDGE('',*,*,#2541,.F.);
#3333=ORIENTED_EDGE('',*,*,#2433,.F.);
#3334=ORIENTED_EDGE('',*,*,#2542,.F.);
#3335=ORIENTED_EDGE('',*,*,#2532,.T.);
#3336=ORIENTED_EDGE('',*,*,#2543,.T.);
#3337=ORIENTED_EDGE('',*,*,#2544,.T.);
#3338=ORIENTED_EDGE('',*,*,#2545,.F.);
#3339=ORIENTED_EDGE('',*,*,#2534,.T.);
#3340=ORIENTED_EDGE('',*,*,#2546,.F.);
#3341=ORIENTED_EDGE('',*,*,#2518,.T.);
#3342=ORIENTED_EDGE('',*,*,#2547,.F.);
#3343=ORIENTED_EDGE('',*,*,#2537,.T.);
#3344=ORIENTED_EDGE('',*,*,#2548,.F.);
#3345=ORIENTED_EDGE('',*,*,#2525,.T.);
#3346=ORIENTED_EDGE('',*,*,#2549,.F.);
#3347=ORIENTED_EDGE('',*,*,#2550,.T.);
#3348=ORIENTED_EDGE('',*,*,#2551,.T.);
#3349=ORIENTED_EDGE('',*,*,#2540,.T.);
#3350=ORIENTED_EDGE('',*,*,#2552,.F.);
#3351=ORIENTED_EDGE('',*,*,#2544,.F.);
#3352=ORIENTED_EDGE('',*,*,#2553,.F.);
#3353=ORIENTED_EDGE('',*,*,#2451,.F.);
#3354=ORIENTED_EDGE('',*,*,#2554,.F.);
#3355=ORIENTED_EDGE('',*,*,#2435,.F.);
#3356=ORIENTED_EDGE('',*,*,#2555,.T.);
#3357=ORIENTED_EDGE('',*,*,#2550,.F.);
#3358=ORIENTED_EDGE('',*,*,#2452,.F.);
#3359=ORIENTED_EDGE('',*,*,#2553,.T.);
#3360=ORIENTED_EDGE('',*,*,#2543,.F.);
#3361=ORIENTED_EDGE('',*,*,#2531,.F.);
#3362=ORIENTED_EDGE('',*,*,#2434,.F.);
#3363=ORIENTED_EDGE('',*,*,#2541,.T.);
#3364=ORIENTED_EDGE('',*,*,#2551,.F.);
#3365=ORIENTED_EDGE('',*,*,#2555,.F.);
#3366=ORIENTED_EDGE('',*,*,#2556,.F.);
#3367=ORIENTED_EDGE('',*,*,#2557,.F.);
#3368=ORIENTED_EDGE('',*,*,#2558,.F.);
#3369=ORIENTED_EDGE('',*,*,#2559,.T.);
#3370=ORIENTED_EDGE('',*,*,#2560,.F.);
#3371=ORIENTED_EDGE('',*,*,#2561,.F.);
#3372=ORIENTED_EDGE('',*,*,#2562,.F.);
#3373=ORIENTED_EDGE('',*,*,#2563,.T.);
#3374=ORIENTED_EDGE('',*,*,#2564,.F.);
#3375=ORIENTED_EDGE('',*,*,#2565,.F.);
#3376=ORIENTED_EDGE('',*,*,#2566,.F.);
#3377=ORIENTED_EDGE('',*,*,#2567,.T.);
#3378=ORIENTED_EDGE('',*,*,#2568,.T.);
#3379=ORIENTED_EDGE('',*,*,#2569,.T.);
#3380=ORIENTED_EDGE('',*,*,#2570,.T.);
#3381=ORIENTED_EDGE('',*,*,#2571,.T.);
#3382=ORIENTED_EDGE('',*,*,#2473,.T.);
#3383=ORIENTED_EDGE('',*,*,#2572,.F.);
#3384=ORIENTED_EDGE('',*,*,#2573,.F.);
#3385=ORIENTED_EDGE('',*,*,#2563,.F.);
#3386=ORIENTED_EDGE('',*,*,#2574,.F.);
#3387=ORIENTED_EDGE('',*,*,#2521,.F.);
#3388=ORIENTED_EDGE('',*,*,#2496,.T.);
#3389=ORIENTED_EDGE('',*,*,#2501,.T.);
#3390=ORIENTED_EDGE('',*,*,#2575,.F.);
#3391=ORIENTED_EDGE('',*,*,#2449,.F.);
#3392=ORIENTED_EDGE('',*,*,#2576,.T.);
#3393=ORIENTED_EDGE('',*,*,#2567,.F.);
#3394=ORIENTED_EDGE('',*,*,#2487,.T.);
#3395=ORIENTED_EDGE('',*,*,#2577,.F.);
#3396=ORIENTED_EDGE('',*,*,#2578,.F.);
#3397=ORIENTED_EDGE('',*,*,#2559,.F.);
#3398=ORIENTED_EDGE('',*,*,#2579,.F.);
#3399=ORIENTED_EDGE('',*,*,#2528,.F.);
#3400=ORIENTED_EDGE('',*,*,#2507,.T.);
#3401=ORIENTED_EDGE('',*,*,#2512,.T.);
#3402=ORIENTED_EDGE('',*,*,#2438,.F.);
#3403=ORIENTED_EDGE('',*,*,#2580,.T.);
#3404=ORIENTED_EDGE('',*,*,#2570,.F.);
#3405=ORIENTED_EDGE('',*,*,#2581,.F.);
#3406=ORIENTED_EDGE('',*,*,#2494,.T.);
#3407=ORIENTED_EDGE('',*,*,#2443,.F.);
#3408=ORIENTED_EDGE('',*,*,#2489,.T.);
#3409=ORIENTED_EDGE('',*,*,#2513,.T.);
#3410=ORIENTED_EDGE('',*,*,#2505,.T.);
#3411=ORIENTED_EDGE('',*,*,#2439,.F.);
#3412=ORIENTED_EDGE('',*,*,#2581,.T.);
#3413=ORIENTED_EDGE('',*,*,#2569,.F.);
#3414=ORIENTED_EDGE('',*,*,#2582,.F.);
#3415=ORIENTED_EDGE('',*,*,#2447,.F.);
#3416=ORIENTED_EDGE('',*,*,#2475,.T.);
#3417=ORIENTED_EDGE('',*,*,#2502,.T.);
#3418=ORIENTED_EDGE('',*,*,#2448,.F.);
#3419=ORIENTED_EDGE('',*,*,#2582,.T.);
#3420=ORIENTED_EDGE('',*,*,#2568,.F.);
#3421=ORIENTED_EDGE('',*,*,#2576,.F.);
#3422=ORIENTED_EDGE('',*,*,#2583,.F.);
#3423=ORIENTED_EDGE('',*,*,#2571,.F.);
#3424=ORIENTED_EDGE('',*,*,#2580,.F.);
#3425=ORIENTED_EDGE('',*,*,#2437,.F.);
#3426=ORIENTED_EDGE('',*,*,#2538,.T.);
#3427=ORIENTED_EDGE('',*,*,#2547,.T.);
#3428=ORIENTED_EDGE('',*,*,#2524,.T.);
#3429=ORIENTED_EDGE('',*,*,#2529,.F.);
#3430=ORIENTED_EDGE('',*,*,#2579,.T.);
#3431=ORIENTED_EDGE('',*,*,#2558,.T.);
#3432=ORIENTED_EDGE('',*,*,#2584,.T.);
#3433=ORIENTED_EDGE('',*,*,#2585,.T.);
#3434=ORIENTED_EDGE('',*,*,#2586,.T.);
#3435=ORIENTED_EDGE('',*,*,#2587,.T.);
#3436=ORIENTED_EDGE('',*,*,#2588,.T.);
#3437=ORIENTED_EDGE('',*,*,#2430,.F.);
#3438=ORIENTED_EDGE('',*,*,#2535,.T.);
#3439=ORIENTED_EDGE('',*,*,#2545,.T.);
#3440=ORIENTED_EDGE('',*,*,#2517,.T.);
#3441=ORIENTED_EDGE('',*,*,#2522,.F.);
#3442=ORIENTED_EDGE('',*,*,#2574,.T.);
#3443=ORIENTED_EDGE('',*,*,#2562,.T.);
#3444=ORIENTED_EDGE('',*,*,#2589,.T.);
#3445=ORIENTED_EDGE('',*,*,#2590,.T.);
#3446=ORIENTED_EDGE('',*,*,#2591,.T.);
#3447=ORIENTED_EDGE('',*,*,#2592,.T.);
#3448=ORIENTED_EDGE('',*,*,#2593,.T.);
#3449=ORIENTED_EDGE('',*,*,#2422,.F.);
#3450=ORIENTED_EDGE('',*,*,#2530,.T.);
#3451=ORIENTED_EDGE('',*,*,#2542,.T.);
#3452=ORIENTED_EDGE('',*,*,#2552,.T.);
#3453=ORIENTED_EDGE('',*,*,#2450,.F.);
#3454=ORIENTED_EDGE('',*,*,#2575,.T.);
#3455=ORIENTED_EDGE('',*,*,#2566,.T.);
#3456=ORIENTED_EDGE('',*,*,#2594,.T.);
#3457=ORIENTED_EDGE('',*,*,#2595,.T.);
#3458=ORIENTED_EDGE('',*,*,#2596,.T.);
#3459=ORIENTED_EDGE('',*,*,#2597,.T.);
#3460=ORIENTED_EDGE('',*,*,#2598,.T.);
#3461=ORIENTED_EDGE('',*,*,#2454,.F.);
#3462=ORIENTED_EDGE('',*,*,#2565,.T.);
#3463=ORIENTED_EDGE('',*,*,#2599,.F.);
#3464=ORIENTED_EDGE('',*,*,#2600,.F.);
#3465=ORIENTED_EDGE('',*,*,#2594,.F.);
#3466=ORIENTED_EDGE('',*,*,#2472,.T.);
#3467=ORIENTED_EDGE('',*,*,#2520,.T.);
#3468=ORIENTED_EDGE('',*,*,#2601,.T.);
#3469=ORIENTED_EDGE('',*,*,#2572,.T.);
#3470=ORIENTED_EDGE('',*,*,#2486,.T.);
#3471=ORIENTED_EDGE('',*,*,#2527,.T.);
#3472=ORIENTED_EDGE('',*,*,#2602,.T.);
#3473=ORIENTED_EDGE('',*,*,#2577,.T.);
#3474=ORIENTED_EDGE('',*,*,#2603,.F.);
#3475=ORIENTED_EDGE('',*,*,#2604,.F.);
#3476=ORIENTED_EDGE('',*,*,#2431,.F.);
#3477=ORIENTED_EDGE('',*,*,#2588,.F.);
#3478=ORIENTED_EDGE('',*,*,#2557,.T.);
#3479=ORIENTED_EDGE('',*,*,#2605,.F.);
#3480=ORIENTED_EDGE('',*,*,#2606,.F.);
#3481=ORIENTED_EDGE('',*,*,#2584,.F.);
#3482=ORIENTED_EDGE('',*,*,#2606,.T.);
#3483=ORIENTED_EDGE('',*,*,#2607,.F.);
#3484=ORIENTED_EDGE('',*,*,#2608,.F.);
#3485=ORIENTED_EDGE('',*,*,#2585,.F.);
#3486=ORIENTED_EDGE('',*,*,#2608,.T.);
#3487=ORIENTED_EDGE('',*,*,#2609,.F.);
#3488=ORIENTED_EDGE('',*,*,#2610,.F.);
#3489=ORIENTED_EDGE('',*,*,#2586,.F.);
#3490=ORIENTED_EDGE('',*,*,#2610,.T.);
#3491=ORIENTED_EDGE('',*,*,#2611,.F.);
#3492=ORIENTED_EDGE('',*,*,#2603,.T.);
#3493=ORIENTED_EDGE('',*,*,#2587,.F.);
#3494=ORIENTED_EDGE('',*,*,#2539,.T.);
#3495=ORIENTED_EDGE('',*,*,#2432,.F.);
#3496=ORIENTED_EDGE('',*,*,#2604,.T.);
#3497=ORIENTED_EDGE('',*,*,#2611,.T.);
#3498=ORIENTED_EDGE('',*,*,#2609,.T.);
#3499=ORIENTED_EDGE('',*,*,#2607,.T.);
#3500=ORIENTED_EDGE('',*,*,#2605,.T.);
#3501=ORIENTED_EDGE('',*,*,#2556,.T.);
#3502=ORIENTED_EDGE('',*,*,#2583,.T.);
#3503=ORIENTED_EDGE('',*,*,#2436,.F.);
#3504=ORIENTED_EDGE('',*,*,#2554,.T.);
#3505=ORIENTED_EDGE('',*,*,#2549,.T.);
#3506=ORIENTED_EDGE('',*,*,#2612,.F.);
#3507=ORIENTED_EDGE('',*,*,#2613,.F.);
#3508=ORIENTED_EDGE('',*,*,#2423,.F.);
#3509=ORIENTED_EDGE('',*,*,#2593,.F.);
#3510=ORIENTED_EDGE('',*,*,#2561,.T.);
#3511=ORIENTED_EDGE('',*,*,#2614,.F.);
#3512=ORIENTED_EDGE('',*,*,#2615,.F.);
#3513=ORIENTED_EDGE('',*,*,#2589,.F.);
#3514=ORIENTED_EDGE('',*,*,#2615,.T.);
#3515=ORIENTED_EDGE('',*,*,#2616,.F.);
#3516=ORIENTED_EDGE('',*,*,#2617,.F.);
#3517=ORIENTED_EDGE('',*,*,#2590,.F.);
#3518=ORIENTED_EDGE('',*,*,#2617,.T.);
#3519=ORIENTED_EDGE('',*,*,#2618,.F.);
#3520=ORIENTED_EDGE('',*,*,#2619,.F.);
#3521=ORIENTED_EDGE('',*,*,#2591,.F.);
#3522=ORIENTED_EDGE('',*,*,#2619,.T.);
#3523=ORIENTED_EDGE('',*,*,#2620,.F.);
#3524=ORIENTED_EDGE('',*,*,#2612,.T.);
#3525=ORIENTED_EDGE('',*,*,#2592,.F.);
#3526=ORIENTED_EDGE('',*,*,#2536,.T.);
#3527=ORIENTED_EDGE('',*,*,#2424,.F.);
#3528=ORIENTED_EDGE('',*,*,#2613,.T.);
#3529=ORIENTED_EDGE('',*,*,#2620,.T.);
#3530=ORIENTED_EDGE('',*,*,#2618,.T.);
#3531=ORIENTED_EDGE('',*,*,#2616,.T.);
#3532=ORIENTED_EDGE('',*,*,#2614,.T.);
#3533=ORIENTED_EDGE('',*,*,#2560,.T.);
#3534=ORIENTED_EDGE('',*,*,#2578,.T.);
#3535=ORIENTED_EDGE('',*,*,#2602,.F.);
#3536=ORIENTED_EDGE('',*,*,#2526,.T.);
#3537=ORIENTED_EDGE('',*,*,#2548,.T.);
#3538=ORIENTED_EDGE('',*,*,#2621,.F.);
#3539=ORIENTED_EDGE('',*,*,#2622,.F.);
#3540=ORIENTED_EDGE('',*,*,#2455,.F.);
#3541=ORIENTED_EDGE('',*,*,#2598,.F.);
#3542=ORIENTED_EDGE('',*,*,#2600,.T.);
#3543=ORIENTED_EDGE('',*,*,#2623,.F.);
#3544=ORIENTED_EDGE('',*,*,#2624,.F.);
#3545=ORIENTED_EDGE('',*,*,#2595,.F.);
#3546=ORIENTED_EDGE('',*,*,#2624,.T.);
#3547=ORIENTED_EDGE('',*,*,#2625,.F.);
#3548=ORIENTED_EDGE('',*,*,#2626,.F.);
#3549=ORIENTED_EDGE('',*,*,#2596,.F.);
#3550=ORIENTED_EDGE('',*,*,#2626,.T.);
#3551=ORIENTED_EDGE('',*,*,#2627,.F.);
#3552=ORIENTED_EDGE('',*,*,#2621,.T.);
#3553=ORIENTED_EDGE('',*,*,#2597,.F.);
#3554=ORIENTED_EDGE('',*,*,#2533,.T.);
#3555=ORIENTED_EDGE('',*,*,#2456,.F.);
#3556=ORIENTED_EDGE('',*,*,#2622,.T.);
#3557=ORIENTED_EDGE('',*,*,#2627,.T.);
#3558=ORIENTED_EDGE('',*,*,#2625,.T.);
#3559=ORIENTED_EDGE('',*,*,#2623,.T.);
#3560=ORIENTED_EDGE('',*,*,#2599,.T.);
#3561=ORIENTED_EDGE('',*,*,#2564,.T.);
#3562=ORIENTED_EDGE('',*,*,#2573,.T.);
#3563=ORIENTED_EDGE('',*,*,#2601,.F.);
#3564=ORIENTED_EDGE('',*,*,#2519,.T.);
#3565=ORIENTED_EDGE('',*,*,#2546,.T.);
#3566=ORIENTED_EDGE('',*,*,#2376,.F.);
#3567=ORIENTED_EDGE('',*,*,#2628,.T.);
#3568=ORIENTED_EDGE('',*,*,#2629,.T.);
#3569=ORIENTED_EDGE('',*,*,#2630,.T.);
#3570=ORIENTED_EDGE('',*,*,#2630,.F.);
#3571=ORIENTED_EDGE('',*,*,#2631,.T.);
#3572=ORIENTED_EDGE('',*,*,#2632,.F.);
#3573=ORIENTED_EDGE('',*,*,#2361,.F.);
#3574=ORIENTED_EDGE('',*,*,#2356,.T.);
#3575=ORIENTED_EDGE('',*,*,#2377,.F.);
#3576=ORIENTED_EDGE('',*,*,#2458,.T.);
#3577=ORIENTED_EDGE('',*,*,#2461,.T.);
#3578=ORIENTED_EDGE('',*,*,#2374,.F.);
#3579=ORIENTED_EDGE('',*,*,#2633,.T.);
#3580=ORIENTED_EDGE('',*,*,#2634,.T.);
#3581=ORIENTED_EDGE('',*,*,#2635,.T.);
#3582=ORIENTED_EDGE('',*,*,#2633,.F.);
#3583=ORIENTED_EDGE('',*,*,#2373,.F.);
#3584=ORIENTED_EDGE('',*,*,#2636,.F.);
#3585=ORIENTED_EDGE('',*,*,#2637,.T.);
#3586=ORIENTED_EDGE('',*,*,#2372,.F.);
#3587=ORIENTED_EDGE('',*,*,#2638,.T.);
#3588=ORIENTED_EDGE('',*,*,#2639,.T.);
#3589=ORIENTED_EDGE('',*,*,#2636,.T.);
#3590=ORIENTED_EDGE('',*,*,#2638,.F.);
#3591=ORIENTED_EDGE('',*,*,#2371,.F.);
#3592=ORIENTED_EDGE('',*,*,#2640,.F.);
#3593=ORIENTED_EDGE('',*,*,#2641,.T.);
#3594=ORIENTED_EDGE('',*,*,#2370,.F.);
#3595=ORIENTED_EDGE('',*,*,#2642,.T.);
#3596=ORIENTED_EDGE('',*,*,#2643,.T.);
#3597=ORIENTED_EDGE('',*,*,#2640,.T.);
#3598=ORIENTED_EDGE('',*,*,#2642,.F.);
#3599=ORIENTED_EDGE('',*,*,#2369,.F.);
#3600=ORIENTED_EDGE('',*,*,#2644,.F.);
#3601=ORIENTED_EDGE('',*,*,#2645,.T.);
#3602=ORIENTED_EDGE('',*,*,#2368,.F.);
#3603=ORIENTED_EDGE('',*,*,#2646,.T.);
#3604=ORIENTED_EDGE('',*,*,#2647,.T.);
#3605=ORIENTED_EDGE('',*,*,#2644,.T.);
#3606=ORIENTED_EDGE('',*,*,#2646,.F.);
#3607=ORIENTED_EDGE('',*,*,#2367,.F.);
#3608=ORIENTED_EDGE('',*,*,#2648,.F.);
#3609=ORIENTED_EDGE('',*,*,#2649,.T.);
#3610=ORIENTED_EDGE('',*,*,#2366,.F.);
#3611=ORIENTED_EDGE('',*,*,#2650,.T.);
#3612=ORIENTED_EDGE('',*,*,#2651,.T.);
#3613=ORIENTED_EDGE('',*,*,#2648,.T.);
#3614=ORIENTED_EDGE('',*,*,#2650,.F.);
#3615=ORIENTED_EDGE('',*,*,#2365,.F.);
#3616=ORIENTED_EDGE('',*,*,#2652,.F.);
#3617=ORIENTED_EDGE('',*,*,#2653,.T.);
#3618=ORIENTED_EDGE('',*,*,#2364,.F.);
#3619=ORIENTED_EDGE('',*,*,#2654,.T.);
#3620=ORIENTED_EDGE('',*,*,#2655,.T.);
#3621=ORIENTED_EDGE('',*,*,#2652,.T.);
#3622=ORIENTED_EDGE('',*,*,#2654,.F.);
#3623=ORIENTED_EDGE('',*,*,#2363,.F.);
#3624=ORIENTED_EDGE('',*,*,#2656,.F.);
#3625=ORIENTED_EDGE('',*,*,#2657,.T.);
#3626=ORIENTED_EDGE('',*,*,#2362,.F.);
#3627=ORIENTED_EDGE('',*,*,#2632,.T.);
#3628=ORIENTED_EDGE('',*,*,#2658,.T.);
#3629=ORIENTED_EDGE('',*,*,#2656,.T.);
#3630=ORIENTED_EDGE('',*,*,#2659,.F.);
#3631=ORIENTED_EDGE('',*,*,#2660,.T.);
#3632=ORIENTED_EDGE('',*,*,#2661,.F.);
#3633=ORIENTED_EDGE('',*,*,#2413,.F.);
#3634=ORIENTED_EDGE('',*,*,#2661,.T.);
#3635=ORIENTED_EDGE('',*,*,#2662,.F.);
#3636=ORIENTED_EDGE('',*,*,#2663,.T.);
#3637=ORIENTED_EDGE('',*,*,#2404,.F.);
#3638=ORIENTED_EDGE('',*,*,#2664,.F.);
#3639=ORIENTED_EDGE('',*,*,#2665,.F.);
#3640=ORIENTED_EDGE('',*,*,#2666,.F.);
#3641=ORIENTED_EDGE('',*,*,#2667,.F.);
#3642=ORIENTED_EDGE('',*,*,#2668,.F.);
#3643=ORIENTED_EDGE('',*,*,#2669,.F.);
#3644=ORIENTED_EDGE('',*,*,#2670,.F.);
#3645=ORIENTED_EDGE('',*,*,#2414,.F.);
#3646=ORIENTED_EDGE('',*,*,#2660,.F.);
#3647=ORIENTED_EDGE('',*,*,#2671,.T.);
#3648=ORIENTED_EDGE('',*,*,#2672,.F.);
#3649=ORIENTED_EDGE('',*,*,#2662,.T.);
#3650=ORIENTED_EDGE('',*,*,#2673,.F.);
#3651=ORIENTED_EDGE('',*,*,#2674,.T.);
#3652=ORIENTED_EDGE('',*,*,#2675,.F.);
#3653=ORIENTED_EDGE('',*,*,#2417,.F.);
#3654=ORIENTED_EDGE('',*,*,#2675,.T.);
#3655=ORIENTED_EDGE('',*,*,#2676,.F.);
#3656=ORIENTED_EDGE('',*,*,#2677,.T.);
#3657=ORIENTED_EDGE('',*,*,#2400,.F.);
#3658=ORIENTED_EDGE('',*,*,#2678,.F.);
#3659=ORIENTED_EDGE('',*,*,#2679,.F.);
#3660=ORIENTED_EDGE('',*,*,#2680,.F.);
#3661=ORIENTED_EDGE('',*,*,#2681,.F.);
#3662=ORIENTED_EDGE('',*,*,#2682,.F.);
#3663=ORIENTED_EDGE('',*,*,#2683,.F.);
#3664=ORIENTED_EDGE('',*,*,#2684,.F.);
#3665=ORIENTED_EDGE('',*,*,#2378,.F.);
#3666=ORIENTED_EDGE('',*,*,#2674,.F.);
#3667=ORIENTED_EDGE('',*,*,#2685,.T.);
#3668=ORIENTED_EDGE('',*,*,#2686,.F.);
#3669=ORIENTED_EDGE('',*,*,#2676,.T.);
#3670=ORIENTED_EDGE('',*,*,#2687,.F.);
#3671=ORIENTED_EDGE('',*,*,#2688,.T.);
#3672=ORIENTED_EDGE('',*,*,#2689,.F.);
#3673=ORIENTED_EDGE('',*,*,#2381,.F.);
#3674=ORIENTED_EDGE('',*,*,#2689,.T.);
#3675=ORIENTED_EDGE('',*,*,#2690,.T.);
#3676=ORIENTED_EDGE('',*,*,#2691,.T.);
#3677=ORIENTED_EDGE('',*,*,#2396,.F.);
#3678=ORIENTED_EDGE('',*,*,#2692,.F.);
#3679=ORIENTED_EDGE('',*,*,#2693,.F.);
#3680=ORIENTED_EDGE('',*,*,#2694,.F.);
#3681=ORIENTED_EDGE('',*,*,#2695,.F.);
#3682=ORIENTED_EDGE('',*,*,#2696,.F.);
#3683=ORIENTED_EDGE('',*,*,#2697,.F.);
#3684=ORIENTED_EDGE('',*,*,#2698,.F.);
#3685=ORIENTED_EDGE('',*,*,#2382,.F.);
#3686=ORIENTED_EDGE('',*,*,#2688,.F.);
#3687=ORIENTED_EDGE('',*,*,#2699,.T.);
#3688=ORIENTED_EDGE('',*,*,#2700,.F.);
#3689=ORIENTED_EDGE('',*,*,#2690,.F.);
#3690=ORIENTED_EDGE('',*,*,#2701,.F.);
#3691=ORIENTED_EDGE('',*,*,#2702,.T.);
#3692=ORIENTED_EDGE('',*,*,#2703,.F.);
#3693=ORIENTED_EDGE('',*,*,#2385,.F.);
#3694=ORIENTED_EDGE('',*,*,#2703,.T.);
#3695=ORIENTED_EDGE('',*,*,#2704,.F.);
#3696=ORIENTED_EDGE('',*,*,#2705,.T.);
#3697=ORIENTED_EDGE('',*,*,#2392,.F.);
#3698=ORIENTED_EDGE('',*,*,#2706,.F.);
#3699=ORIENTED_EDGE('',*,*,#2707,.F.);
#3700=ORIENTED_EDGE('',*,*,#2708,.F.);
#3701=ORIENTED_EDGE('',*,*,#2709,.F.);
#3702=ORIENTED_EDGE('',*,*,#2710,.F.);
#3703=ORIENTED_EDGE('',*,*,#2711,.F.);
#3704=ORIENTED_EDGE('',*,*,#2712,.F.);
#3705=ORIENTED_EDGE('',*,*,#2386,.F.);
#3706=ORIENTED_EDGE('',*,*,#2702,.F.);
#3707=ORIENTED_EDGE('',*,*,#2713,.T.);
#3708=ORIENTED_EDGE('',*,*,#2714,.F.);
#3709=ORIENTED_EDGE('',*,*,#2704,.T.);
#3710=ORIENTED_EDGE('',*,*,#2705,.F.);
#3711=ORIENTED_EDGE('',*,*,#2714,.T.);
#3712=ORIENTED_EDGE('',*,*,#2715,.F.);
#3713=ORIENTED_EDGE('',*,*,#2393,.F.);
#3714=ORIENTED_EDGE('',*,*,#2701,.T.);
#3715=ORIENTED_EDGE('',*,*,#2384,.F.);
#3716=ORIENTED_EDGE('',*,*,#2716,.F.);
#3717=ORIENTED_EDGE('',*,*,#2717,.T.);
#3718=ORIENTED_EDGE('',*,*,#2718,.F.);
#3719=ORIENTED_EDGE('',*,*,#2719,.F.);
#3720=ORIENTED_EDGE('',*,*,#2720,.F.);
#3721=ORIENTED_EDGE('',*,*,#2721,.T.);
#3722=ORIENTED_EDGE('',*,*,#2722,.F.);
#3723=ORIENTED_EDGE('',*,*,#2394,.F.);
#3724=ORIENTED_EDGE('',*,*,#2715,.T.);
#3725=ORIENTED_EDGE('',*,*,#2713,.F.);
#3726=ORIENTED_EDGE('',*,*,#2691,.F.);
#3727=ORIENTED_EDGE('',*,*,#2700,.T.);
#3728=ORIENTED_EDGE('',*,*,#2723,.F.);
#3729=ORIENTED_EDGE('',*,*,#2397,.F.);
#3730=ORIENTED_EDGE('',*,*,#2677,.F.);
#3731=ORIENTED_EDGE('',*,*,#2686,.T.);
#3732=ORIENTED_EDGE('',*,*,#2724,.F.);
#3733=ORIENTED_EDGE('',*,*,#2401,.F.);
#3734=ORIENTED_EDGE('',*,*,#2673,.T.);
#3735=ORIENTED_EDGE('',*,*,#2416,.F.);
#3736=ORIENTED_EDGE('',*,*,#2725,.F.);
#3737=ORIENTED_EDGE('',*,*,#2726,.T.);
#3738=ORIENTED_EDGE('',*,*,#2727,.F.);
#3739=ORIENTED_EDGE('',*,*,#2728,.F.);
#3740=ORIENTED_EDGE('',*,*,#2729,.F.);
#3741=ORIENTED_EDGE('',*,*,#2730,.T.);
#3742=ORIENTED_EDGE('',*,*,#2731,.F.);
#3743=ORIENTED_EDGE('',*,*,#2402,.F.);
#3744=ORIENTED_EDGE('',*,*,#2724,.T.);
#3745=ORIENTED_EDGE('',*,*,#2685,.F.);
#3746=ORIENTED_EDGE('',*,*,#2663,.F.);
#3747=ORIENTED_EDGE('',*,*,#2672,.T.);
#3748=ORIENTED_EDGE('',*,*,#2732,.F.);
#3749=ORIENTED_EDGE('',*,*,#2405,.F.);
#3750=ORIENTED_EDGE('',*,*,#2659,.T.);
#3751=ORIENTED_EDGE('',*,*,#2412,.F.);
#3752=ORIENTED_EDGE('',*,*,#2733,.F.);
#3753=ORIENTED_EDGE('',*,*,#2734,.T.);
#3754=ORIENTED_EDGE('',*,*,#2735,.F.);
#3755=ORIENTED_EDGE('',*,*,#2736,.F.);
#3756=ORIENTED_EDGE('',*,*,#2737,.F.);
#3757=ORIENTED_EDGE('',*,*,#2738,.T.);
#3758=ORIENTED_EDGE('',*,*,#2739,.F.);
#3759=ORIENTED_EDGE('',*,*,#2406,.F.);
#3760=ORIENTED_EDGE('',*,*,#2732,.T.);
#3761=ORIENTED_EDGE('',*,*,#2671,.F.);
#3762=ORIENTED_EDGE('',*,*,#2740,.F.);
#3763=ORIENTED_EDGE('',*,*,#2679,.T.);
#3764=ORIENTED_EDGE('',*,*,#2741,.F.);
#3765=ORIENTED_EDGE('',*,*,#2730,.F.);
#3766=ORIENTED_EDGE('',*,*,#2742,.F.);
#3767=ORIENTED_EDGE('',*,*,#2683,.T.);
#3768=ORIENTED_EDGE('',*,*,#2743,.F.);
#3769=ORIENTED_EDGE('',*,*,#2726,.F.);
#3770=ORIENTED_EDGE('',*,*,#2744,.F.);
#3771=ORIENTED_EDGE('',*,*,#2693,.T.);
#3772=ORIENTED_EDGE('',*,*,#2745,.F.);
#3773=ORIENTED_EDGE('',*,*,#2746,.T.);
#3774=ORIENTED_EDGE('',*,*,#2747,.F.);
#3775=ORIENTED_EDGE('',*,*,#2697,.T.);
#3776=ORIENTED_EDGE('',*,*,#2748,.F.);
#3777=ORIENTED_EDGE('',*,*,#2749,.T.);
#3778=ORIENTED_EDGE('',*,*,#2687,.T.);
#3779=ORIENTED_EDGE('',*,*,#2380,.F.);
#3780=ORIENTED_EDGE('',*,*,#2750,.F.);
#3781=ORIENTED_EDGE('',*,*,#2749,.F.);
#3782=ORIENTED_EDGE('',*,*,#2751,.F.);
#3783=ORIENTED_EDGE('',*,*,#2752,.F.);
#3784=ORIENTED_EDGE('',*,*,#2753,.F.);
#3785=ORIENTED_EDGE('',*,*,#2746,.F.);
#3786=ORIENTED_EDGE('',*,*,#2754,.F.);
#3787=ORIENTED_EDGE('',*,*,#2398,.F.);
#3788=ORIENTED_EDGE('',*,*,#2723,.T.);
#3789=ORIENTED_EDGE('',*,*,#2699,.F.);
#3790=ORIENTED_EDGE('',*,*,#2755,.F.);
#3791=ORIENTED_EDGE('',*,*,#2665,.T.);
#3792=ORIENTED_EDGE('',*,*,#2756,.F.);
#3793=ORIENTED_EDGE('',*,*,#2738,.F.);
#3794=ORIENTED_EDGE('',*,*,#2757,.F.);
#3795=ORIENTED_EDGE('',*,*,#2669,.T.);
#3796=ORIENTED_EDGE('',*,*,#2758,.F.);
#3797=ORIENTED_EDGE('',*,*,#2734,.F.);
#3798=ORIENTED_EDGE('',*,*,#2759,.F.);
#3799=ORIENTED_EDGE('',*,*,#2707,.T.);
#3800=ORIENTED_EDGE('',*,*,#2760,.F.);
#3801=ORIENTED_EDGE('',*,*,#2721,.F.);
#3802=ORIENTED_EDGE('',*,*,#2761,.F.);
#3803=ORIENTED_EDGE('',*,*,#2711,.T.);
#3804=ORIENTED_EDGE('',*,*,#2762,.F.);
#3805=ORIENTED_EDGE('',*,*,#2717,.F.);
#3806=ORIENTED_EDGE('',*,*,#2684,.T.);
#3807=ORIENTED_EDGE('',*,*,#2742,.T.);
#3808=ORIENTED_EDGE('',*,*,#2725,.T.);
#3809=ORIENTED_EDGE('',*,*,#2415,.F.);
#3810=ORIENTED_EDGE('',*,*,#2670,.T.);
#3811=ORIENTED_EDGE('',*,*,#2757,.T.);
#3812=ORIENTED_EDGE('',*,*,#2733,.T.);
#3813=ORIENTED_EDGE('',*,*,#2411,.F.);
#3814=ORIENTED_EDGE('',*,*,#2763,.F.);
#3815=ORIENTED_EDGE('',*,*,#2764,.F.);
#3816=ORIENTED_EDGE('',*,*,#2765,.F.);
#3817=ORIENTED_EDGE('',*,*,#2387,.F.);
#3818=ORIENTED_EDGE('',*,*,#2712,.T.);
#3819=ORIENTED_EDGE('',*,*,#2761,.T.);
#3820=ORIENTED_EDGE('',*,*,#2716,.T.);
#3821=ORIENTED_EDGE('',*,*,#2383,.F.);
#3822=ORIENTED_EDGE('',*,*,#2698,.T.);
#3823=ORIENTED_EDGE('',*,*,#2747,.T.);
#3824=ORIENTED_EDGE('',*,*,#2750,.T.);
#3825=ORIENTED_EDGE('',*,*,#2379,.F.);
#3826=ORIENTED_EDGE('',*,*,#2680,.T.);
#3827=ORIENTED_EDGE('',*,*,#2740,.T.);
#3828=ORIENTED_EDGE('',*,*,#2729,.T.);
#3829=ORIENTED_EDGE('',*,*,#2766,.F.);
#3830=ORIENTED_EDGE('',*,*,#2666,.T.);
#3831=ORIENTED_EDGE('',*,*,#2755,.T.);
#3832=ORIENTED_EDGE('',*,*,#2737,.T.);
#3833=ORIENTED_EDGE('',*,*,#2767,.F.);
#3834=ORIENTED_EDGE('',*,*,#2768,.F.);
#3835=ORIENTED_EDGE('',*,*,#2769,.F.);
#3836=ORIENTED_EDGE('',*,*,#2770,.F.);
#3837=ORIENTED_EDGE('',*,*,#2771,.F.);
#3838=ORIENTED_EDGE('',*,*,#2708,.T.);
#3839=ORIENTED_EDGE('',*,*,#2759,.T.);
#3840=ORIENTED_EDGE('',*,*,#2720,.T.);
#3841=ORIENTED_EDGE('',*,*,#2772,.F.);
#3842=ORIENTED_EDGE('',*,*,#2694,.T.);
#3843=ORIENTED_EDGE('',*,*,#2744,.T.);
#3844=ORIENTED_EDGE('',*,*,#2753,.T.);
#3845=ORIENTED_EDGE('',*,*,#2773,.F.);
#3846=ORIENTED_EDGE('',*,*,#2709,.T.);
#3847=ORIENTED_EDGE('',*,*,#2771,.T.);
#3848=ORIENTED_EDGE('',*,*,#2774,.T.);
#3849=ORIENTED_EDGE('',*,*,#2775,.T.);
#3850=ORIENTED_EDGE('',*,*,#2776,.T.);
#3851=ORIENTED_EDGE('',*,*,#2777,.T.);
#3852=ORIENTED_EDGE('',*,*,#2736,.T.);
#3853=ORIENTED_EDGE('',*,*,#2778,.T.);
#3854=ORIENTED_EDGE('',*,*,#2779,.T.);
#3855=ORIENTED_EDGE('',*,*,#2780,.T.);
#3856=ORIENTED_EDGE('',*,*,#2781,.T.);
#3857=ORIENTED_EDGE('',*,*,#2767,.T.);
#3858=ORIENTED_EDGE('',*,*,#2695,.T.);
#3859=ORIENTED_EDGE('',*,*,#2772,.T.);
#3860=ORIENTED_EDGE('',*,*,#2719,.T.);
#3861=ORIENTED_EDGE('',*,*,#2782,.T.);
#3862=ORIENTED_EDGE('',*,*,#2728,.T.);
#3863=ORIENTED_EDGE('',*,*,#2783,.T.);
#3864=ORIENTED_EDGE('',*,*,#2667,.T.);
#3865=ORIENTED_EDGE('',*,*,#2766,.T.);
#3866=ORIENTED_EDGE('',*,*,#2681,.T.);
#3867=ORIENTED_EDGE('',*,*,#2773,.T.);
#3868=ORIENTED_EDGE('',*,*,#2752,.T.);
#3869=ORIENTED_EDGE('',*,*,#2784,.T.);
#3870=ORIENTED_EDGE('',*,*,#2785,.T.);
#3871=ORIENTED_EDGE('',*,*,#2786,.T.);
#3872=ORIENTED_EDGE('',*,*,#2787,.T.);
#3873=ORIENTED_EDGE('',*,*,#2788,.T.);
#3874=ORIENTED_EDGE('',*,*,#2789,.T.);
#3875=ORIENTED_EDGE('',*,*,#2769,.T.);
#3876=ORIENTED_EDGE('',*,*,#2787,.F.);
#3877=ORIENTED_EDGE('',*,*,#2790,.T.);
#3878=ORIENTED_EDGE('',*,*,#2791,.T.);
#3879=ORIENTED_EDGE('',*,*,#2792,.T.);
#3880=ORIENTED_EDGE('',*,*,#2789,.F.);
#3881=ORIENTED_EDGE('',*,*,#2793,.T.);
#3882=ORIENTED_EDGE('',*,*,#2794,.T.);
#3883=ORIENTED_EDGE('',*,*,#2795,.T.);
#3884=ORIENTED_EDGE('',*,*,#2791,.F.);
#3885=ORIENTED_EDGE('',*,*,#2796,.T.);
#3886=ORIENTED_EDGE('',*,*,#2797,.T.);
#3887=ORIENTED_EDGE('',*,*,#2798,.T.);
#3888=ORIENTED_EDGE('',*,*,#2794,.F.);
#3889=ORIENTED_EDGE('',*,*,#2799,.T.);
#3890=ORIENTED_EDGE('',*,*,#2800,.T.);
#3891=ORIENTED_EDGE('',*,*,#2801,.T.);
#3892=ORIENTED_EDGE('',*,*,#2797,.F.);
#3893=ORIENTED_EDGE('',*,*,#2802,.T.);
#3894=ORIENTED_EDGE('',*,*,#2803,.T.);
#3895=ORIENTED_EDGE('',*,*,#2804,.T.);
#3896=ORIENTED_EDGE('',*,*,#2800,.F.);
#3897=ORIENTED_EDGE('',*,*,#2805,.T.);
#3898=ORIENTED_EDGE('',*,*,#2803,.F.);
#3899=ORIENTED_EDGE('',*,*,#2806,.T.);
#3900=ORIENTED_EDGE('',*,*,#2785,.F.);
#3901=ORIENTED_EDGE('',*,*,#2807,.T.);
#3902=ORIENTED_EDGE('',*,*,#2682,.T.);
#3903=ORIENTED_EDGE('',*,*,#2784,.F.);
#3904=ORIENTED_EDGE('',*,*,#2751,.T.);
#3905=ORIENTED_EDGE('',*,*,#2748,.T.);
#3906=ORIENTED_EDGE('',*,*,#2696,.T.);
#3907=ORIENTED_EDGE('',*,*,#2782,.F.);
#3908=ORIENTED_EDGE('',*,*,#2718,.T.);
#3909=ORIENTED_EDGE('',*,*,#2762,.T.);
#3910=ORIENTED_EDGE('',*,*,#2710,.T.);
#3911=ORIENTED_EDGE('',*,*,#2777,.F.);
#3912=ORIENTED_EDGE('',*,*,#2808,.F.);
#3913=ORIENTED_EDGE('',*,*,#2801,.F.);
#3914=ORIENTED_EDGE('',*,*,#2809,.F.);
#3915=ORIENTED_EDGE('',*,*,#2778,.F.);
#3916=ORIENTED_EDGE('',*,*,#2735,.T.);
#3917=ORIENTED_EDGE('',*,*,#2758,.T.);
#3918=ORIENTED_EDGE('',*,*,#2668,.T.);
#3919=ORIENTED_EDGE('',*,*,#2783,.F.);
#3920=ORIENTED_EDGE('',*,*,#2727,.T.);
#3921=ORIENTED_EDGE('',*,*,#2743,.T.);
#3922=ORIENTED_EDGE('',*,*,#2804,.F.);
#3923=ORIENTED_EDGE('',*,*,#2810,.T.);
#3924=ORIENTED_EDGE('',*,*,#2779,.F.);
#3925=ORIENTED_EDGE('',*,*,#2809,.T.);
#3926=ORIENTED_EDGE('',*,*,#2807,.F.);
#3927=ORIENTED_EDGE('',*,*,#2811,.F.);
#3928=ORIENTED_EDGE('',*,*,#2780,.F.);
#3929=ORIENTED_EDGE('',*,*,#2810,.F.);
#3930=ORIENTED_EDGE('',*,*,#2788,.F.);
#3931=ORIENTED_EDGE('',*,*,#2768,.T.);
#3932=ORIENTED_EDGE('',*,*,#2781,.F.);
#3933=ORIENTED_EDGE('',*,*,#2811,.T.);
#3934=ORIENTED_EDGE('',*,*,#2812,.F.);
#3935=ORIENTED_EDGE('',*,*,#2813,.F.);
#3936=ORIENTED_EDGE('',*,*,#2814,.F.);
#3937=ORIENTED_EDGE('',*,*,#2815,.F.);
#3938=ORIENTED_EDGE('',*,*,#2816,.F.);
#3939=ORIENTED_EDGE('',*,*,#2817,.F.);
#3940=ORIENTED_EDGE('',*,*,#2818,.F.);
#3941=ORIENTED_EDGE('',*,*,#2819,.F.);
#3942=ORIENTED_EDGE('',*,*,#2786,.F.);
#3943=ORIENTED_EDGE('',*,*,#2806,.F.);
#3944=ORIENTED_EDGE('',*,*,#2805,.F.);
#3945=ORIENTED_EDGE('',*,*,#2802,.F.);
#3946=ORIENTED_EDGE('',*,*,#2799,.F.);
#3947=ORIENTED_EDGE('',*,*,#2796,.F.);
#3948=ORIENTED_EDGE('',*,*,#2793,.F.);
#3949=ORIENTED_EDGE('',*,*,#2790,.F.);
#3950=ORIENTED_EDGE('',*,*,#2820,.T.);
#3951=ORIENTED_EDGE('',*,*,#2812,.T.);
#3952=ORIENTED_EDGE('',*,*,#2821,.T.);
#3953=ORIENTED_EDGE('',*,*,#2822,.T.);
#3954=ORIENTED_EDGE('',*,*,#2823,.T.);
#3955=ORIENTED_EDGE('',*,*,#2824,.T.);
#3956=ORIENTED_EDGE('',*,*,#2821,.F.);
#3957=ORIENTED_EDGE('',*,*,#2819,.T.);
#3958=ORIENTED_EDGE('',*,*,#2825,.T.);
#3959=ORIENTED_EDGE('',*,*,#2826,.T.);
#3960=ORIENTED_EDGE('',*,*,#2823,.F.);
#3961=ORIENTED_EDGE('',*,*,#2818,.T.);
#3962=ORIENTED_EDGE('',*,*,#2827,.T.);
#3963=ORIENTED_EDGE('',*,*,#2828,.T.);
#3964=ORIENTED_EDGE('',*,*,#2825,.F.);
#3965=ORIENTED_EDGE('',*,*,#2817,.T.);
#3966=ORIENTED_EDGE('',*,*,#2829,.T.);
#3967=ORIENTED_EDGE('',*,*,#2830,.T.);
#3968=ORIENTED_EDGE('',*,*,#2827,.F.);
#3969=ORIENTED_EDGE('',*,*,#2816,.T.);
#3970=ORIENTED_EDGE('',*,*,#2831,.T.);
#3971=ORIENTED_EDGE('',*,*,#2764,.T.);
#3972=ORIENTED_EDGE('',*,*,#2829,.F.);
#3973=ORIENTED_EDGE('',*,*,#2815,.T.);
#3974=ORIENTED_EDGE('',*,*,#2832,.T.);
#3975=ORIENTED_EDGE('',*,*,#2833,.T.);
#3976=ORIENTED_EDGE('',*,*,#2831,.F.);
#3977=ORIENTED_EDGE('',*,*,#2814,.T.);
#3978=ORIENTED_EDGE('',*,*,#2832,.F.);
#3979=ORIENTED_EDGE('',*,*,#2813,.T.);
#3980=ORIENTED_EDGE('',*,*,#2820,.F.);
#3981=ORIENTED_EDGE('',*,*,#2834,.T.);
#3982=ORIENTED_EDGE('',*,*,#2833,.F.);
#3983=ORIENTED_EDGE('',*,*,#2835,.T.);
#3984=ORIENTED_EDGE('',*,*,#2388,.T.);
#3985=ORIENTED_EDGE('',*,*,#2765,.T.);
#3986=ORIENTED_EDGE('',*,*,#2834,.F.);
#3987=ORIENTED_EDGE('',*,*,#2836,.F.);
#3988=ORIENTED_EDGE('',*,*,#2389,.F.);
#3989=ORIENTED_EDGE('',*,*,#2835,.F.);
#3990=ORIENTED_EDGE('',*,*,#2822,.F.);
#3991=ORIENTED_EDGE('',*,*,#2837,.T.);
#3992=ORIENTED_EDGE('',*,*,#2390,.T.);
#3993=ORIENTED_EDGE('',*,*,#2836,.T.);
#3994=ORIENTED_EDGE('',*,*,#2826,.F.);
#3995=ORIENTED_EDGE('',*,*,#2838,.T.);
#3996=ORIENTED_EDGE('',*,*,#2408,.T.);
#3997=ORIENTED_EDGE('',*,*,#2839,.T.);
#3998=ORIENTED_EDGE('',*,*,#2828,.F.);
#3999=ORIENTED_EDGE('',*,*,#2840,.F.);
#4000=ORIENTED_EDGE('',*,*,#2409,.F.);
#4001=ORIENTED_EDGE('',*,*,#2838,.F.);
#4002=ORIENTED_EDGE('',*,*,#2830,.F.);
#4003=ORIENTED_EDGE('',*,*,#2763,.T.);
#4004=ORIENTED_EDGE('',*,*,#2410,.T.);
#4005=ORIENTED_EDGE('',*,*,#2840,.T.);
#4006=ORIENTED_EDGE('',*,*,#2792,.F.);
#4007=ORIENTED_EDGE('',*,*,#2841,.T.);
#4008=ORIENTED_EDGE('',*,*,#2774,.F.);
#4009=ORIENTED_EDGE('',*,*,#2770,.T.);
#4010=ORIENTED_EDGE('',*,*,#2795,.F.);
#4011=ORIENTED_EDGE('',*,*,#2842,.F.);
#4012=ORIENTED_EDGE('',*,*,#2775,.F.);
#4013=ORIENTED_EDGE('',*,*,#2841,.F.);
#4014=ORIENTED_EDGE('',*,*,#2798,.F.);
#4015=ORIENTED_EDGE('',*,*,#2808,.T.);
#4016=ORIENTED_EDGE('',*,*,#2776,.F.);
#4017=ORIENTED_EDGE('',*,*,#2842,.T.);
#4018=ORIENTED_EDGE('',*,*,#2678,.T.);
#4019=ORIENTED_EDGE('',*,*,#2399,.F.);
#4020=ORIENTED_EDGE('',*,*,#2754,.T.);
#4021=ORIENTED_EDGE('',*,*,#2745,.T.);
#4022=ORIENTED_EDGE('',*,*,#2692,.T.);
#4023=ORIENTED_EDGE('',*,*,#2395,.F.);
#4024=ORIENTED_EDGE('',*,*,#2722,.T.);
#4025=ORIENTED_EDGE('',*,*,#2760,.T.);
#4026=ORIENTED_EDGE('',*,*,#2706,.T.);
#4027=ORIENTED_EDGE('',*,*,#2391,.F.);
#4028=ORIENTED_EDGE('',*,*,#2837,.F.);
#4029=ORIENTED_EDGE('',*,*,#2824,.F.);
#4030=ORIENTED_EDGE('',*,*,#2839,.F.);
#4031=ORIENTED_EDGE('',*,*,#2407,.F.);
#4032=ORIENTED_EDGE('',*,*,#2739,.T.);
#4033=ORIENTED_EDGE('',*,*,#2756,.T.);
#4034=ORIENTED_EDGE('',*,*,#2664,.T.);
#4035=ORIENTED_EDGE('',*,*,#2403,.F.);
#4036=ORIENTED_EDGE('',*,*,#2731,.T.);
#4037=ORIENTED_EDGE('',*,*,#2741,.T.);
#4038=ORIENTED_EDGE('',*,*,#2843,.F.);
#4039=ORIENTED_EDGE('',*,*,#2844,.T.);
#4040=ORIENTED_EDGE('',*,*,#2845,.F.);
#4041=ORIENTED_EDGE('',*,*,#2846,.F.);
#4042=ORIENTED_EDGE('',*,*,#2847,.F.);
#4043=ORIENTED_EDGE('',*,*,#2846,.T.);
#4044=ORIENTED_EDGE('',*,*,#2848,.F.);
#4045=ORIENTED_EDGE('',*,*,#2849,.F.);
#4046=ORIENTED_EDGE('',*,*,#2850,.F.);
#4047=ORIENTED_EDGE('',*,*,#2849,.T.);
#4048=ORIENTED_EDGE('',*,*,#2851,.F.);
#4049=ORIENTED_EDGE('',*,*,#2852,.F.);
#4050=ORIENTED_EDGE('',*,*,#2853,.F.);
#4051=ORIENTED_EDGE('',*,*,#2852,.T.);
#4052=ORIENTED_EDGE('',*,*,#2854,.F.);
#4053=ORIENTED_EDGE('',*,*,#2855,.F.);
#4054=ORIENTED_EDGE('',*,*,#2856,.F.);
#4055=ORIENTED_EDGE('',*,*,#2855,.T.);
#4056=ORIENTED_EDGE('',*,*,#2857,.F.);
#4057=ORIENTED_EDGE('',*,*,#2858,.F.);
#4058=ORIENTED_EDGE('',*,*,#2859,.F.);
#4059=ORIENTED_EDGE('',*,*,#2858,.T.);
#4060=ORIENTED_EDGE('',*,*,#2860,.F.);
#4061=ORIENTED_EDGE('',*,*,#2861,.F.);
#4062=ORIENTED_EDGE('',*,*,#2862,.F.);
#4063=ORIENTED_EDGE('',*,*,#2861,.T.);
#4064=ORIENTED_EDGE('',*,*,#2863,.F.);
#4065=ORIENTED_EDGE('',*,*,#2864,.F.);
#4066=ORIENTED_EDGE('',*,*,#2865,.F.);
#4067=ORIENTED_EDGE('',*,*,#2864,.T.);
#4068=ORIENTED_EDGE('',*,*,#2866,.F.);
#4069=ORIENTED_EDGE('',*,*,#2844,.F.);
#4070=ORIENTED_EDGE('',*,*,#2867,.T.);
#4071=ORIENTED_EDGE('',*,*,#2868,.T.);
#4072=ORIENTED_EDGE('',*,*,#2869,.T.);
#4073=ORIENTED_EDGE('',*,*,#2870,.T.);
#4074=ORIENTED_EDGE('',*,*,#2871,.T.);
#4075=ORIENTED_EDGE('',*,*,#2872,.T.);
#4076=ORIENTED_EDGE('',*,*,#2873,.T.);
#4077=ORIENTED_EDGE('',*,*,#2874,.T.);
#4078=ORIENTED_EDGE('',*,*,#2866,.T.);
#4079=ORIENTED_EDGE('',*,*,#2863,.T.);
#4080=ORIENTED_EDGE('',*,*,#2860,.T.);
#4081=ORIENTED_EDGE('',*,*,#2857,.T.);
#4082=ORIENTED_EDGE('',*,*,#2854,.T.);
#4083=ORIENTED_EDGE('',*,*,#2851,.T.);
#4084=ORIENTED_EDGE('',*,*,#2848,.T.);
#4085=ORIENTED_EDGE('',*,*,#2845,.T.);
#4086=ORIENTED_EDGE('',*,*,#2212,.T.);
#4087=ORIENTED_EDGE('',*,*,#2307,.T.);
#4088=ORIENTED_EDGE('',*,*,#2232,.T.);
#4089=ORIENTED_EDGE('',*,*,#2236,.T.);
#4090=ORIENTED_EDGE('',*,*,#2239,.T.);
#4091=ORIENTED_EDGE('',*,*,#2302,.T.);
#4092=ORIENTED_EDGE('',*,*,#2222,.T.);
#4093=ORIENTED_EDGE('',*,*,#2230,.T.);
#4094=ORIENTED_EDGE('',*,*,#2226,.T.);
#4095=ORIENTED_EDGE('',*,*,#2304,.T.);
#4096=ORIENTED_EDGE('',*,*,#2219,.T.);
#4097=ORIENTED_EDGE('',*,*,#2216,.T.);
#4098=ORIENTED_EDGE('',*,*,#2272,.T.);
#4099=ORIENTED_EDGE('',*,*,#2319,.T.);
#4100=ORIENTED_EDGE('',*,*,#2292,.T.);
#4101=ORIENTED_EDGE('',*,*,#2296,.T.);
#4102=ORIENTED_EDGE('',*,*,#2299,.T.);
#4103=ORIENTED_EDGE('',*,*,#2314,.T.);
#4104=ORIENTED_EDGE('',*,*,#2282,.T.);
#4105=ORIENTED_EDGE('',*,*,#2290,.T.);
#4106=ORIENTED_EDGE('',*,*,#2286,.T.);
#4107=ORIENTED_EDGE('',*,*,#2316,.T.);
#4108=ORIENTED_EDGE('',*,*,#2279,.T.);
#4109=ORIENTED_EDGE('',*,*,#2276,.T.);
#4110=ORIENTED_EDGE('',*,*,#2242,.T.);
#4111=ORIENTED_EDGE('',*,*,#2313,.T.);
#4112=ORIENTED_EDGE('',*,*,#2262,.T.);
#4113=ORIENTED_EDGE('',*,*,#2266,.T.);
#4114=ORIENTED_EDGE('',*,*,#2269,.T.);
#4115=ORIENTED_EDGE('',*,*,#2308,.T.);
#4116=ORIENTED_EDGE('',*,*,#2252,.T.);
#4117=ORIENTED_EDGE('',*,*,#2260,.T.);
#4118=ORIENTED_EDGE('',*,*,#2256,.T.);
#4119=ORIENTED_EDGE('',*,*,#2310,.T.);
#4120=ORIENTED_EDGE('',*,*,#2249,.T.);
#4121=ORIENTED_EDGE('',*,*,#2246,.T.);
#4122=ORIENTED_EDGE('',*,*,#2320,.T.);
#4123=ORIENTED_EDGE('',*,*,#2355,.T.);
#4124=ORIENTED_EDGE('',*,*,#2340,.T.);
#4125=ORIENTED_EDGE('',*,*,#2344,.T.);
#4126=ORIENTED_EDGE('',*,*,#2347,.T.);
#4127=ORIENTED_EDGE('',*,*,#2350,.T.);
#4128=ORIENTED_EDGE('',*,*,#2330,.T.);
#4129=ORIENTED_EDGE('',*,*,#2338,.T.);
#4130=ORIENTED_EDGE('',*,*,#2334,.T.);
#4131=ORIENTED_EDGE('',*,*,#2352,.T.);
#4132=ORIENTED_EDGE('',*,*,#2327,.T.);
#4133=ORIENTED_EDGE('',*,*,#2324,.T.);
#4134=ORIENTED_EDGE('',*,*,#2875,.T.);
#4135=ORIENTED_EDGE('',*,*,#2876,.T.);
#4136=ORIENTED_EDGE('',*,*,#2877,.T.);
#4137=ORIENTED_EDGE('',*,*,#2878,.T.);
#4138=ORIENTED_EDGE('',*,*,#2879,.T.);
#4139=ORIENTED_EDGE('',*,*,#2880,.T.);
#4140=ORIENTED_EDGE('',*,*,#2881,.T.);
#4141=ORIENTED_EDGE('',*,*,#2882,.T.);
#4142=ORIENTED_EDGE('',*,*,#2628,.F.);
#4143=ORIENTED_EDGE('',*,*,#2375,.F.);
#4144=ORIENTED_EDGE('',*,*,#2635,.F.);
#4145=ORIENTED_EDGE('',*,*,#2883,.T.);
#4146=ORIENTED_EDGE('',*,*,#2884,.F.);
#4147=ORIENTED_EDGE('',*,*,#2881,.F.);
#4148=ORIENTED_EDGE('',*,*,#2885,.F.);
#4149=ORIENTED_EDGE('',*,*,#2872,.F.);
#4150=ORIENTED_EDGE('',*,*,#2885,.T.);
#4151=ORIENTED_EDGE('',*,*,#2880,.F.);
#4152=ORIENTED_EDGE('',*,*,#2886,.F.);
#4153=ORIENTED_EDGE('',*,*,#2873,.F.);
#4154=ORIENTED_EDGE('',*,*,#2886,.T.);
#4155=ORIENTED_EDGE('',*,*,#2879,.F.);
#4156=ORIENTED_EDGE('',*,*,#2887,.F.);
#4157=ORIENTED_EDGE('',*,*,#2874,.F.);
#4158=ORIENTED_EDGE('',*,*,#2887,.T.);
#4159=ORIENTED_EDGE('',*,*,#2878,.F.);
#4160=ORIENTED_EDGE('',*,*,#2888,.F.);
#4161=ORIENTED_EDGE('',*,*,#2867,.F.);
#4162=ORIENTED_EDGE('',*,*,#2460,.T.);
#4163=ORIENTED_EDGE('',*,*,#2463,.T.);
#4164=ORIENTED_EDGE('',*,*,#2888,.T.);
#4165=ORIENTED_EDGE('',*,*,#2877,.F.);
#4166=ORIENTED_EDGE('',*,*,#2889,.F.);
#4167=ORIENTED_EDGE('',*,*,#2868,.F.);
#4168=ORIENTED_EDGE('',*,*,#2889,.T.);
#4169=ORIENTED_EDGE('',*,*,#2876,.F.);
#4170=ORIENTED_EDGE('',*,*,#2890,.F.);
#4171=ORIENTED_EDGE('',*,*,#2869,.F.);
#4172=ORIENTED_EDGE('',*,*,#2890,.T.);
#4173=ORIENTED_EDGE('',*,*,#2875,.F.);
#4174=ORIENTED_EDGE('',*,*,#2891,.F.);
#4175=ORIENTED_EDGE('',*,*,#2870,.F.);
#4176=ORIENTED_EDGE('',*,*,#2891,.T.);
#4177=ORIENTED_EDGE('',*,*,#2882,.F.);
#4178=ORIENTED_EDGE('',*,*,#2884,.T.);
#4179=ORIENTED_EDGE('',*,*,#2871,.F.);
#4180=ORIENTED_EDGE('',*,*,#2843,.T.);
#4181=ORIENTED_EDGE('',*,*,#2847,.T.);
#4182=ORIENTED_EDGE('',*,*,#2850,.T.);
#4183=ORIENTED_EDGE('',*,*,#2853,.T.);
#4184=ORIENTED_EDGE('',*,*,#2856,.T.);
#4185=ORIENTED_EDGE('',*,*,#2859,.T.);
#4186=ORIENTED_EDGE('',*,*,#2862,.T.);
#4187=ORIENTED_EDGE('',*,*,#2865,.T.);
#4188=ORIENTED_EDGE('',*,*,#2643,.F.);
#4189=ORIENTED_EDGE('',*,*,#2645,.F.);
#4190=ORIENTED_EDGE('',*,*,#2647,.F.);
#4191=ORIENTED_EDGE('',*,*,#2649,.F.);
#4192=ORIENTED_EDGE('',*,*,#2651,.F.);
#4193=ORIENTED_EDGE('',*,*,#2653,.F.);
#4194=ORIENTED_EDGE('',*,*,#2655,.F.);
#4195=ORIENTED_EDGE('',*,*,#2657,.F.);
#4196=ORIENTED_EDGE('',*,*,#2658,.F.);
#4197=ORIENTED_EDGE('',*,*,#2631,.F.);
#4198=ORIENTED_EDGE('',*,*,#2629,.F.);
#4199=ORIENTED_EDGE('',*,*,#2883,.F.);
#4200=ORIENTED_EDGE('',*,*,#2634,.F.);
#4201=ORIENTED_EDGE('',*,*,#2637,.F.);
#4202=ORIENTED_EDGE('',*,*,#2639,.F.);
#4203=ORIENTED_EDGE('',*,*,#2641,.F.);
#4204=ORIENTED_EDGE('',*,*,#2306,.F.);
#4205=ORIENTED_EDGE('',*,*,#2214,.T.);
#4206=ORIENTED_EDGE('',*,*,#2218,.T.);
#4207=ORIENTED_EDGE('',*,*,#2221,.T.);
#4208=ORIENTED_EDGE('',*,*,#2305,.F.);
#4209=ORIENTED_EDGE('',*,*,#2228,.T.);
#4210=ORIENTED_EDGE('',*,*,#2231,.T.);
#4211=ORIENTED_EDGE('',*,*,#2224,.T.);
#4212=ORIENTED_EDGE('',*,*,#2303,.F.);
#4213=ORIENTED_EDGE('',*,*,#2240,.T.);
#4214=ORIENTED_EDGE('',*,*,#2237,.T.);
#4215=ORIENTED_EDGE('',*,*,#2234,.T.);
#4216=ORIENTED_EDGE('',*,*,#2318,.F.);
#4217=ORIENTED_EDGE('',*,*,#2274,.T.);
#4218=ORIENTED_EDGE('',*,*,#2278,.T.);
#4219=ORIENTED_EDGE('',*,*,#2281,.T.);
#4220=ORIENTED_EDGE('',*,*,#2317,.F.);
#4221=ORIENTED_EDGE('',*,*,#2288,.T.);
#4222=ORIENTED_EDGE('',*,*,#2291,.T.);
#4223=ORIENTED_EDGE('',*,*,#2284,.T.);
#4224=ORIENTED_EDGE('',*,*,#2315,.F.);
#4225=ORIENTED_EDGE('',*,*,#2300,.T.);
#4226=ORIENTED_EDGE('',*,*,#2297,.T.);
#4227=ORIENTED_EDGE('',*,*,#2294,.T.);
#4228=ORIENTED_EDGE('',*,*,#2312,.F.);
#4229=ORIENTED_EDGE('',*,*,#2244,.T.);
#4230=ORIENTED_EDGE('',*,*,#2248,.T.);
#4231=ORIENTED_EDGE('',*,*,#2251,.T.);
#4232=ORIENTED_EDGE('',*,*,#2311,.F.);
#4233=ORIENTED_EDGE('',*,*,#2258,.T.);
#4234=ORIENTED_EDGE('',*,*,#2261,.T.);
#4235=ORIENTED_EDGE('',*,*,#2254,.T.);
#4236=ORIENTED_EDGE('',*,*,#2309,.F.);
#4237=ORIENTED_EDGE('',*,*,#2270,.T.);
#4238=ORIENTED_EDGE('',*,*,#2267,.T.);
#4239=ORIENTED_EDGE('',*,*,#2264,.T.);
#4240=ORIENTED_EDGE('',*,*,#2354,.F.);
#4241=ORIENTED_EDGE('',*,*,#2322,.T.);
#4242=ORIENTED_EDGE('',*,*,#2326,.T.);
#4243=ORIENTED_EDGE('',*,*,#2329,.T.);
#4244=ORIENTED_EDGE('',*,*,#2353,.F.);
#4245=ORIENTED_EDGE('',*,*,#2336,.T.);
#4246=ORIENTED_EDGE('',*,*,#2339,.T.);
#4247=ORIENTED_EDGE('',*,*,#2332,.T.);
#4248=ORIENTED_EDGE('',*,*,#2351,.F.);
#4249=ORIENTED_EDGE('',*,*,#2348,.T.);
#4250=ORIENTED_EDGE('',*,*,#2345,.T.);
#4251=ORIENTED_EDGE('',*,*,#2342,.T.);
#4252=PLANE('',#4627);
#4253=PLANE('',#4631);
#4254=PLANE('',#4632);
#4255=PLANE('',#4633);
#4256=PLANE('',#4637);
#4257=PLANE('',#4641);
#4258=PLANE('',#4642);
#4259=PLANE('',#4646);
#4260=PLANE('',#4647);
#4261=PLANE('',#4648);
#4262=PLANE('',#4652);
#4263=PLANE('',#4656);
#4264=PLANE('',#4657);
#4265=PLANE('',#4661);
#4266=PLANE('',#4662);
#4267=PLANE('',#4663);
#4268=PLANE('',#4667);
#4269=PLANE('',#4671);
#4270=PLANE('',#4699);
#4271=PLANE('',#4703);
#4272=PLANE('',#4704);
#4273=PLANE('',#4705);
#4274=PLANE('',#4709);
#4275=PLANE('',#4713);
#4276=PLANE('',#4726);
#4277=PLANE('',#4727);
#4278=PLANE('',#4753);
#4279=PLANE('',#4755);
#4280=PLANE('',#4759);
#4281=PLANE('',#4761);
#4282=PLANE('',#4766);
#4283=PLANE('',#4767);
#4284=PLANE('',#4768);
#4285=PLANE('',#4769);
#4286=PLANE('',#4770);
#4287=PLANE('',#4771);
#4288=PLANE('',#4772);
#4289=PLANE('',#4773);
#4290=PLANE('',#4774);
#4291=PLANE('',#4775);
#4292=PLANE('',#4776);
#4293=PLANE('',#4777);
#4294=PLANE('',#4778);
#4295=PLANE('',#4779);
#4296=PLANE('',#4780);
#4297=PLANE('',#4781);
#4298=PLANE('',#4782);
#4299=PLANE('',#4783);
#4300=PLANE('',#4784);
#4301=PLANE('',#4785);
#4302=PLANE('',#4786);
#4303=PLANE('',#4787);
#4304=PLANE('',#4788);
#4305=PLANE('',#4789);
#4306=PLANE('',#4790);
#4307=PLANE('',#4791);
#4308=PLANE('',#4792);
#4309=PLANE('',#4793);
#4310=PLANE('',#4794);
#4311=PLANE('',#4795);
#4312=PLANE('',#4796);
#4313=PLANE('',#4798);
#4314=PLANE('',#4800);
#4315=PLANE('',#4802);
#4316=PLANE('',#4803);
#4317=PLANE('',#4804);
#4318=PLANE('',#4805);
#4319=PLANE('',#4806);
#4320=PLANE('',#4807);
#4321=PLANE('',#4810);
#4322=PLANE('',#4811);
#4323=PLANE('',#4812);
#4324=PLANE('',#4813);
#4325=PLANE('',#4814);
#4326=PLANE('',#4817);
#4327=PLANE('',#4818);
#4328=PLANE('',#4819);
#4329=PLANE('',#4820);
#4330=PLANE('',#4823);
#4331=PLANE('',#4824);
#4332=PLANE('',#4827);
#4333=PLANE('',#4830);
#4334=PLANE('',#4837);
#4335=PLANE('',#4844);
#4336=PLANE('',#4854);
#4337=PLANE('',#4856);
#4338=PLANE('',#4860);
#4339=PLANE('',#4862);
#4340=PLANE('',#4866);
#4341=PLANE('',#4868);
#4342=PLANE('',#4872);
#4343=PLANE('',#4874);
#4344=PLANE('',#4877);
#4345=PLANE('',#4882);
#4346=PLANE('',#4885);
#4347=PLANE('',#4886);
#4348=PLANE('',#4887);
#4349=PLANE('',#4888);
#4350=PLANE('',#4889);
#4351=PLANE('',#4890);
#4352=PLANE('',#4891);
#4353=PLANE('',#4892);
#4354=PLANE('',#4893);
#4355=PLANE('',#4894);
#4356=PLANE('',#4895);
#4357=PLANE('',#4896);
#4358=PLANE('',#4897);
#4359=PLANE('',#4900);
#4360=PLANE('',#4903);
#4361=PLANE('',#4904);
#4362=PLANE('',#4905);
#4363=PLANE('',#4930);
#4364=PLANE('',#4932);
#4365=PLANE('',#4934);
#4366=PLANE('',#4960);
#4367=PLANE('',#4963);
#4368=PLANE('',#4966);
#4369=PLANE('',#4968);
#4370=PLANE('',#4972);
#4371=PLANE('',#4976);
#4372=PLANE('',#4980);
#4373=PLANE('',#4984);
#4374=PLANE('',#4985);
#4375=PLANE('',#4990);
#4376=PLANE('',#4991);
#4377=PLANE('',#4992);
#4378=PLANE('',#4993);
#4379=PLANE('',#4994);
#4380=PLANE('',#5002);
#4381=PLANE('',#5004);
#4382=PLANE('',#5006);
#4383=PLANE('',#5008);
#4384=PLANE('',#5009);
#4385=ADVANCED_FACE('',(#281),#4252,.T.);
#4386=ADVANCED_FACE('',(#282),#203,.F.);
#4387=ADVANCED_FACE('',(#283),#4253,.T.);
#4388=ADVANCED_FACE('',(#284),#4254,.T.);
#4389=ADVANCED_FACE('',(#285),#4255,.T.);
#4390=ADVANCED_FACE('',(#286),#204,.F.);
#4391=ADVANCED_FACE('',(#287),#4256,.T.);
#4392=ADVANCED_FACE('',(#288),#205,.F.);
#4393=ADVANCED_FACE('',(#289),#4257,.T.);
#4394=ADVANCED_FACE('',(#290),#4258,.T.);
#4395=ADVANCED_FACE('',(#291),#206,.F.);
#4396=ADVANCED_FACE('',(#292),#4259,.T.);
#4397=ADVANCED_FACE('',(#293),#4260,.T.);
#4398=ADVANCED_FACE('',(#294),#4261,.T.);
#4399=ADVANCED_FACE('',(#295),#207,.F.);
#4400=ADVANCED_FACE('',(#296),#4262,.T.);
#4401=ADVANCED_FACE('',(#297),#208,.F.);
#4402=ADVANCED_FACE('',(#298),#4263,.T.);
#4403=ADVANCED_FACE('',(#299),#4264,.T.);
#4404=ADVANCED_FACE('',(#300),#209,.F.);
#4405=ADVANCED_FACE('',(#301),#4265,.T.);
#4406=ADVANCED_FACE('',(#302),#4266,.T.);
#4407=ADVANCED_FACE('',(#303),#4267,.T.);
#4408=ADVANCED_FACE('',(#304),#210,.F.);
#4409=ADVANCED_FACE('',(#305),#4268,.T.);
#4410=ADVANCED_FACE('',(#306),#211,.F.);
#4411=ADVANCED_FACE('',(#307),#4269,.T.);
#4412=ADVANCED_FACE('',(#308),#212,.F.);
#4413=ADVANCED_FACE('',(#309),#213,.F.);
#4414=ADVANCED_FACE('',(#310),#214,.F.);
#4415=ADVANCED_FACE('',(#311),#215,.F.);
#4416=ADVANCED_FACE('',(#312),#216,.F.);
#4417=ADVANCED_FACE('',(#313),#217,.F.);
#4418=ADVANCED_FACE('',(#314),#218,.F.);
#4419=ADVANCED_FACE('',(#315),#219,.F.);
#4420=ADVANCED_FACE('',(#316),#220,.F.);
#4421=ADVANCED_FACE('',(#317),#4270,.T.);
#4422=ADVANCED_FACE('',(#318),#221,.F.);
#4423=ADVANCED_FACE('',(#319),#4271,.T.);
#4424=ADVANCED_FACE('',(#320),#4272,.T.);
#4425=ADVANCED_FACE('',(#321),#4273,.T.);
#4426=ADVANCED_FACE('',(#322),#222,.F.);
#4427=ADVANCED_FACE('',(#323),#4274,.T.);
#4428=ADVANCED_FACE('',(#324),#223,.F.);
#4429=ADVANCED_FACE('',(#325),#4275,.T.);
#4430=ADVANCED_FACE('',(#326),#224,.F.);
#4431=ADVANCED_FACE('',(#327),#225,.F.);
#4432=ADVANCED_FACE('',(#328),#226,.F.);
#4433=ADVANCED_FACE('',(#329),#227,.F.);
#4434=ADVANCED_FACE('',(#330),#4276,.F.);
#4435=ADVANCED_FACE('',(#331,#26,#27),#4277,.F.);
#4436=ADVANCED_FACE('',(#332),#228,.F.);
#4437=ADVANCED_FACE('',(#333),#229,.F.);
#4438=ADVANCED_FACE('',(#334),#230,.F.);
#4439=ADVANCED_FACE('',(#335),#4278,.F.);
#4440=ADVANCED_FACE('',(#336),#4279,.F.);
#4441=ADVANCED_FACE('',(#337),#231,.F.);
#4442=ADVANCED_FACE('',(#338),#4280,.F.);
#4443=ADVANCED_FACE('',(#339),#4281,.F.);
#4444=ADVANCED_FACE('',(#340),#232,.F.);
#4445=ADVANCED_FACE('',(#341),#233,.F.);
#4446=ADVANCED_FACE('',(#342),#4282,.F.);
#4447=ADVANCED_FACE('',(#343),#4283,.F.);
#4448=ADVANCED_FACE('',(#344),#4284,.F.);
#4449=ADVANCED_FACE('',(#345),#4285,.F.);
#4450=ADVANCED_FACE('',(#346),#4286,.F.);
#4451=ADVANCED_FACE('',(#347),#4287,.F.);
#4452=ADVANCED_FACE('',(#348),#4288,.T.);
#4453=ADVANCED_FACE('',(#349),#4289,.F.);
#4454=ADVANCED_FACE('',(#350),#4290,.T.);
#4455=ADVANCED_FACE('',(#351),#4291,.F.);
#4456=ADVANCED_FACE('',(#352),#4292,.T.);
#4457=ADVANCED_FACE('',(#353),#4293,.T.);
#4458=ADVANCED_FACE('',(#354),#4294,.T.);
#4459=ADVANCED_FACE('',(#355),#4295,.T.);
#4460=ADVANCED_FACE('',(#356),#4296,.T.);
#4461=ADVANCED_FACE('',(#357),#4297,.T.);
#4462=ADVANCED_FACE('',(#358),#4298,.T.);
#4463=ADVANCED_FACE('',(#359),#4299,.T.);
#4464=ADVANCED_FACE('',(#360),#4300,.T.);
#4465=ADVANCED_FACE('',(#361),#4301,.T.);
#4466=ADVANCED_FACE('',(#362),#4302,.T.);
#4467=ADVANCED_FACE('',(#363),#4303,.T.);
#4468=ADVANCED_FACE('',(#364),#4304,.T.);
#4469=ADVANCED_FACE('',(#365),#4305,.T.);
#4470=ADVANCED_FACE('',(#366),#4306,.T.);
#4471=ADVANCED_FACE('',(#367),#4307,.T.);
#4472=ADVANCED_FACE('',(#368),#4308,.T.);
#4473=ADVANCED_FACE('',(#369),#4309,.T.);
#4474=ADVANCED_FACE('',(#370),#4310,.T.);
#4475=ADVANCED_FACE('',(#371),#4311,.T.);
#4476=ADVANCED_FACE('',(#372),#4312,.F.);
#4477=ADVANCED_FACE('',(#373),#4313,.F.);
#4478=ADVANCED_FACE('',(#374),#4314,.F.);
#4479=ADVANCED_FACE('',(#375),#4315,.T.);
#4480=ADVANCED_FACE('',(#376),#4316,.F.);
#4481=ADVANCED_FACE('',(#377),#4317,.F.);
#4482=ADVANCED_FACE('',(#378),#4318,.T.);
#4483=ADVANCED_FACE('',(#379),#4319,.T.);
#4484=ADVANCED_FACE('',(#380),#4320,.T.);
#4485=ADVANCED_FACE('',(#381),#234,.F.);
#4486=ADVANCED_FACE('',(#382),#4321,.T.);
#4487=ADVANCED_FACE('',(#383),#4322,.T.);
#4488=ADVANCED_FACE('',(#384),#4323,.T.);
#4489=ADVANCED_FACE('',(#385),#4324,.T.);
#4490=ADVANCED_FACE('',(#386),#4325,.T.);
#4491=ADVANCED_FACE('',(#387),#235,.F.);
#4492=ADVANCED_FACE('',(#388),#4326,.T.);
#4493=ADVANCED_FACE('',(#389),#4327,.T.);
#4494=ADVANCED_FACE('',(#390),#4328,.T.);
#4495=ADVANCED_FACE('',(#391),#4329,.T.);
#4496=ADVANCED_FACE('',(#392),#236,.F.);
#4497=ADVANCED_FACE('',(#393),#4330,.T.);
#4498=ADVANCED_FACE('',(#394),#4331,.T.);
#4499=ADVANCED_FACE('',(#395),#237,.F.);
#4500=ADVANCED_FACE('',(#396,#28,#29),#4332,.T.);
#4501=ADVANCED_FACE('',(#397),#238,.F.);
#4502=ADVANCED_FACE('',(#398),#4333,.T.);
#4503=ADVANCED_FACE('',(#399),#239,.F.);
#4504=ADVANCED_FACE('',(#400),#240,.T.);
#4505=ADVANCED_FACE('',(#401),#241,.F.);
#4506=ADVANCED_FACE('',(#402),#4334,.T.);
#4507=ADVANCED_FACE('',(#403),#242,.F.);
#4508=ADVANCED_FACE('',(#404),#243,.T.);
#4509=ADVANCED_FACE('',(#405),#244,.F.);
#4510=ADVANCED_FACE('',(#406),#4335,.T.);
#4511=ADVANCED_FACE('',(#407),#245,.F.);
#4512=ADVANCED_FACE('',(#408),#246,.T.);
#4513=ADVANCED_FACE('',(#409),#247,.F.);
#4514=ADVANCED_FACE('',(#410),#248,.F.);
#4515=ADVANCED_FACE('',(#411),#4336,.F.);
#4516=ADVANCED_FACE('',(#412),#4337,.F.);
#4517=ADVANCED_FACE('',(#413),#249,.F.);
#4518=ADVANCED_FACE('',(#414),#4338,.F.);
#4519=ADVANCED_FACE('',(#415),#4339,.F.);
#4520=ADVANCED_FACE('',(#416),#250,.F.);
#4521=ADVANCED_FACE('',(#417),#4340,.F.);
#4522=ADVANCED_FACE('',(#418),#4341,.F.);
#4523=ADVANCED_FACE('',(#419),#251,.F.);
#4524=ADVANCED_FACE('',(#420),#4342,.F.);
#4525=ADVANCED_FACE('',(#421),#4343,.F.);
#4526=ADVANCED_FACE('',(#422),#252,.F.);
#4527=ADVANCED_FACE('',(#423),#4344,.F.);
#4528=ADVANCED_FACE('',(#424),#253,.F.);
#4529=ADVANCED_FACE('',(#425),#254,.F.);
#4530=ADVANCED_FACE('',(#426),#4345,.F.);
#4531=ADVANCED_FACE('',(#427),#255,.F.);
#4532=ADVANCED_FACE('',(#428),#4346,.F.);
#4533=ADVANCED_FACE('',(#429),#4347,.F.);
#4534=ADVANCED_FACE('',(#430),#4348,.F.);
#4535=ADVANCED_FACE('',(#431),#4349,.F.);
#4536=ADVANCED_FACE('',(#432),#4350,.F.);
#4537=ADVANCED_FACE('',(#433),#4351,.F.);
#4538=ADVANCED_FACE('',(#434),#4352,.F.);
#4539=ADVANCED_FACE('',(#435),#4353,.F.);
#4540=ADVANCED_FACE('',(#436),#4354,.F.);
#4541=ADVANCED_FACE('',(#437),#4355,.F.);
#4542=ADVANCED_FACE('',(#438),#4356,.T.);
#4543=ADVANCED_FACE('',(#439),#4357,.T.);
#4544=ADVANCED_FACE('',(#440),#4358,.F.);
#4545=ADVANCED_FACE('',(#441),#4359,.F.);
#4546=ADVANCED_FACE('',(#442),#4360,.F.);
#4547=ADVANCED_FACE('',(#443),#4361,.F.);
#4548=ADVANCED_FACE('',(#444),#4362,.F.);
#4549=ADVANCED_FACE('',(#445),#18,.T.);
#4550=ADVANCED_FACE('',(#446),#256,.T.);
#4551=ADVANCED_FACE('',(#447),#19,.T.);
#4552=ADVANCED_FACE('',(#448),#257,.T.);
#4553=ADVANCED_FACE('',(#449),#20,.T.);
#4554=ADVANCED_FACE('',(#450),#258,.T.);
#4555=ADVANCED_FACE('',(#451),#21,.T.);
#4556=ADVANCED_FACE('',(#452),#259,.T.);
#4557=ADVANCED_FACE('',(#453),#4363,.T.);
#4558=ADVANCED_FACE('',(#454),#260,.F.);
#4559=ADVANCED_FACE('',(#455),#4364,.T.);
#4560=ADVANCED_FACE('',(#456),#261,.F.);
#4561=ADVANCED_FACE('',(#457,#30),#4365,.T.);
#4562=ADVANCED_FACE('',(#458),#22,.T.);
#4563=ADVANCED_FACE('',(#459),#262,.T.);
#4564=ADVANCED_FACE('',(#460),#23,.T.);
#4565=ADVANCED_FACE('',(#461),#263,.T.);
#4566=ADVANCED_FACE('',(#462),#24,.T.);
#4567=ADVANCED_FACE('',(#463),#264,.T.);
#4568=ADVANCED_FACE('',(#464),#25,.T.);
#4569=ADVANCED_FACE('',(#465),#265,.T.);
#4570=ADVANCED_FACE('',(#466),#266,.T.);
#4571=ADVANCED_FACE('',(#467),#4366,.T.);
#4572=ADVANCED_FACE('',(#468),#267,.T.);
#4573=ADVANCED_FACE('',(#469),#268,.T.);
#4574=ADVANCED_FACE('',(#470),#4367,.T.);
#4575=ADVANCED_FACE('',(#471),#269,.T.);
#4576=ADVANCED_FACE('',(#472),#270,.F.);
#4577=ADVANCED_FACE('',(#473),#4368,.T.);
#4578=ADVANCED_FACE('',(#474),#271,.F.);
#4579=ADVANCED_FACE('',(#475),#4369,.T.);
#4580=ADVANCED_FACE('',(#476),#272,.F.);
#4581=ADVANCED_FACE('',(#477),#4370,.T.);
#4582=ADVANCED_FACE('',(#478),#273,.F.);
#4583=ADVANCED_FACE('',(#479),#4371,.T.);
#4584=ADVANCED_FACE('',(#480),#274,.F.);
#4585=ADVANCED_FACE('',(#481),#4372,.T.);
#4586=ADVANCED_FACE('',(#482),#275,.F.);
#4587=ADVANCED_FACE('',(#483),#4373,.T.);
#4588=ADVANCED_FACE('',(#484,#31),#4374,.T.);
#4589=ADVANCED_FACE('',(#485),#4375,.F.);
#4590=ADVANCED_FACE('',(#486),#4376,.F.);
#4591=ADVANCED_FACE('',(#487),#4377,.F.);
#4592=ADVANCED_FACE('',(#488),#4378,.F.);
#4593=ADVANCED_FACE('',(#489),#4379,.T.);
#4594=ADVANCED_FACE('',(#490),#276,.T.);
#4595=ADVANCED_FACE('',(#491),#277,.T.);
#4596=ADVANCED_FACE('',(#492),#4380,.T.);
#4597=ADVANCED_FACE('',(#493),#278,.T.);
#4598=ADVANCED_FACE('',(#494,#32,#33),#4381,.T.);
#4599=ADVANCED_FACE('',(#495),#279,.T.);
#4600=ADVANCED_FACE('',(#496),#4382,.T.);
#4601=ADVANCED_FACE('',(#497),#280,.T.);
#4602=ADVANCED_FACE('',(#498),#4383,.T.);
#4603=ADVANCED_FACE('',(#499,#34,#35,#36,#37,#38),#4384,.F.);
#4604=CLOSED_SHELL('',(#4385,#4386,#4387,#4388,#4389,#4390,#4391,#4392,
#4393,#4394,#4395,#4396,#4397,#4398,#4399,#4400,#4401,#4402,#4403,#4404,
#4405,#4406,#4407,#4408,#4409,#4410,#4411,#4412,#4413,#4414,#4415,#4416,
#4417,#4418,#4419,#4420,#4421,#4422,#4423,#4424,#4425,#4426,#4427,#4428,
#4429,#4430,#4431,#4432,#4433,#4434,#4435,#4436,#4437,#4438,#4439,#4440,
#4441,#4442,#4443,#4444,#4445,#4446,#4447,#4448,#4449,#4450,#4451,#4452,
#4453,#4454,#4455,#4456,#4457,#4458,#4459,#4460,#4461,#4462,#4463,#4464,
#4465,#4466,#4467,#4468,#4469,#4470,#4471,#4472,#4473,#4474,#4475,#4476,
#4477,#4478,#4479,#4480,#4481,#4482,#4483,#4484,#4485,#4486,#4487,#4488,
#4489,#4490,#4491,#4492,#4493,#4494,#4495,#4496,#4497,#4498,#4499,#4500,
#4501,#4502,#4503,#4504,#4505,#4506,#4507,#4508,#4509,#4510,#4511,#4512,
#4513,#4514,#4515,#4516,#4517,#4518,#4519,#4520,#4521,#4522,#4523,#4524,
#4525,#4526,#4527,#4528,#4529,#4530,#4531,#4532,#4533,#4534,#4535,#4536,
#4537,#4538,#4539,#4540,#4541,#4542,#4543,#4544,#4545,#4546,#4547,#4548,
#4549,#4550,#4551,#4552,#4553,#4554,#4555,#4556,#4557,#4558,#4559,#4560,
#4561,#4562,#4563,#4564,#4565,#4566,#4567,#4568,#4569,#4570,#4571,#4572,
#4573,#4574,#4575,#4576,#4577,#4578,#4579,#4580,#4581,#4582,#4583,#4584,
#4585,#4586,#4587,#4588,#4589,#4590,#4591,#4592,#4593,#4594,#4595,#4596,
#4597,#4598,#4599,#4600,#4601,#4602,#4603));
#4605=DERIVED_UNIT_ELEMENT(#4608,1.);
#4606=DERIVED_UNIT_ELEMENT(#7648,-3.);
#4607=DIMENSIONAL_EXPONENTS(0.,1.,0.,0.,0.,0.,0.);
#4608=(
CONVERSION_BASED_UNIT('gram',#4610)
MASS_UNIT()
NAMED_UNIT(#4607)
);
#4609=(
MASS_UNIT()
NAMED_UNIT(*)
SI_UNIT(.KILO.,.GRAM.)
);
#4610=MASS_MEASURE_WITH_UNIT(MASS_MEASURE(0.001),#4609);
#4611=DERIVED_UNIT((#4605,#4606));
#4612=MEASURE_REPRESENTATION_ITEM('density measure',
POSITIVE_RATIO_MEASURE(1.),#4611);
#4613=PROPERTY_DEFINITION_REPRESENTATION(#4618,#4615);
#4614=PROPERTY_DEFINITION_REPRESENTATION(#4619,#4616);
#4615=REPRESENTATION('material name',(#4617),#7645);
#4616=REPRESENTATION('density',(#4612),#7645);
#4617=DESCRIPTIVE_REPRESENTATION_ITEM('Generic','Generic');
#4618=PROPERTY_DEFINITION('material property','material name',#7655);
#4619=PROPERTY_DEFINITION('material property','density of part',#7655);
#4620=DATE_TIME_ROLE('creation_date');
#4621=APPLIED_DATE_AND_TIME_ASSIGNMENT(#4622,#4620,(#7655));
#4622=DATE_AND_TIME(#4623,#4624);
#4623=CALENDAR_DATE(2025,17,9);
#4624=LOCAL_TIME(0,0,0.,#4625);
#4625=COORDINATED_UNIVERSAL_TIME_OFFSET(0,0,.BEHIND.);
#4626=AXIS2_PLACEMENT_3D('',#6294,#5010,#5011);
#4627=AXIS2_PLACEMENT_3D('',#6295,#5012,#5013);
#4628=AXIS2_PLACEMENT_3D('',#6304,#5018,#5019);
#4629=AXIS2_PLACEMENT_3D('',#6306,#5020,#5021);
#4630=AXIS2_PLACEMENT_3D('',#6309,#5023,#5024);
#4631=AXIS2_PLACEMENT_3D('',#6310,#5025,#5026);
#4632=AXIS2_PLACEMENT_3D('',#6316,#5030,#5031);
#4633=AXIS2_PLACEMENT_3D('',#6325,#5036,#5037);
#4634=AXIS2_PLACEMENT_3D('',#6334,#5042,#5043);
#4635=AXIS2_PLACEMENT_3D('',#6335,#5044,#5045);
#4636=AXIS2_PLACEMENT_3D('',#6336,#5046,#5047);
#4637=AXIS2_PLACEMENT_3D('',#6337,#5048,#5049);
#4638=AXIS2_PLACEMENT_3D('',#6346,#5054,#5055);
#4639=AXIS2_PLACEMENT_3D('',#6348,#5056,#5057);
#4640=AXIS2_PLACEMENT_3D('',#6350,#5058,#5059);
#4641=AXIS2_PLACEMENT_3D('',#6352,#5061,#5062);
#4642=AXIS2_PLACEMENT_3D('',#6358,#5066,#5067);
#4643=AXIS2_PLACEMENT_3D('',#6367,#5072,#5073);
#4644=AXIS2_PLACEMENT_3D('',#6369,#5074,#5075);
#4645=AXIS2_PLACEMENT_3D('',#6372,#5077,#5078);
#4646=AXIS2_PLACEMENT_3D('',#6373,#5079,#5080);
#4647=AXIS2_PLACEMENT_3D('',#6379,#5084,#5085);
#4648=AXIS2_PLACEMENT_3D('',#6388,#5090,#5091);
#4649=AXIS2_PLACEMENT_3D('',#6397,#5096,#5097);
#4650=AXIS2_PLACEMENT_3D('',#6398,#5098,#5099);
#4651=AXIS2_PLACEMENT_3D('',#6399,#5100,#5101);
#4652=AXIS2_PLACEMENT_3D('',#6400,#5102,#5103);
#4653=AXIS2_PLACEMENT_3D('',#6409,#5108,#5109);
#4654=AXIS2_PLACEMENT_3D('',#6411,#5110,#5111);
#4655=AXIS2_PLACEMENT_3D('',#6413,#5112,#5113);
#4656=AXIS2_PLACEMENT_3D('',#6415,#5115,#5116);
#4657=AXIS2_PLACEMENT_3D('',#6421,#5120,#5121);
#4658=AXIS2_PLACEMENT_3D('',#6430,#5126,#5127);
#4659=AXIS2_PLACEMENT_3D('',#6432,#5128,#5129);
#4660=AXIS2_PLACEMENT_3D('',#6435,#5131,#5132);
#4661=AXIS2_PLACEMENT_3D('',#6436,#5133,#5134);
#4662=AXIS2_PLACEMENT_3D('',#6442,#5138,#5139);
#4663=AXIS2_PLACEMENT_3D('',#6451,#5144,#5145);
#4664=AXIS2_PLACEMENT_3D('',#6460,#5150,#5151);
#4665=AXIS2_PLACEMENT_3D('',#6461,#5152,#5153);
#4666=AXIS2_PLACEMENT_3D('',#6462,#5154,#5155);
#4667=AXIS2_PLACEMENT_3D('',#6463,#5156,#5157);
#4668=AXIS2_PLACEMENT_3D('',#6472,#5162,#5163);
#4669=AXIS2_PLACEMENT_3D('',#6474,#5164,#5165);
#4670=AXIS2_PLACEMENT_3D('',#6476,#5166,#5167);
#4671=AXIS2_PLACEMENT_3D('',#6478,#5169,#5170);
#4672=AXIS2_PLACEMENT_3D('',#6484,#5174,#5175);
#4673=AXIS2_PLACEMENT_3D('',#6485,#5176,#5177);
#4674=AXIS2_PLACEMENT_3D('',#6486,#5178,#5179);
#4675=AXIS2_PLACEMENT_3D('',#6487,#5180,#5181);
#4676=AXIS2_PLACEMENT_3D('',#6488,#5182,#5183);
#4677=AXIS2_PLACEMENT_3D('',#6489,#5184,#5185);
#4678=AXIS2_PLACEMENT_3D('',#6490,#5186,#5187);
#4679=AXIS2_PLACEMENT_3D('',#6491,#5188,#5189);
#4680=AXIS2_PLACEMENT_3D('',#6492,#5190,#5191);
#4681=AXIS2_PLACEMENT_3D('',#6493,#5192,#5193);
#4682=AXIS2_PLACEMENT_3D('',#6494,#5194,#5195);
#4683=AXIS2_PLACEMENT_3D('',#6495,#5196,#5197);
#4684=AXIS2_PLACEMENT_3D('',#6496,#5198,#5199);
#4685=AXIS2_PLACEMENT_3D('',#6497,#5200,#5201);
#4686=AXIS2_PLACEMENT_3D('',#6498,#5202,#5203);
#4687=AXIS2_PLACEMENT_3D('',#6499,#5204,#5205);
#4688=AXIS2_PLACEMENT_3D('',#6500,#5206,#5207);
#4689=AXIS2_PLACEMENT_3D('',#6501,#5208,#5209);
#4690=AXIS2_PLACEMENT_3D('',#6502,#5210,#5211);
#4691=AXIS2_PLACEMENT_3D('',#6503,#5212,#5213);
#4692=AXIS2_PLACEMENT_3D('',#6504,#5214,#5215);
#4693=AXIS2_PLACEMENT_3D('',#6505,#5216,#5217);
#4694=AXIS2_PLACEMENT_3D('',#6506,#5218,#5219);
#4695=AXIS2_PLACEMENT_3D('',#6507,#5220,#5221);
#4696=AXIS2_PLACEMENT_3D('',#6508,#5222,#5223);
#4697=AXIS2_PLACEMENT_3D('',#6509,#5224,#5225);
#4698=AXIS2_PLACEMENT_3D('',#6510,#5226,#5227);
#4699=AXIS2_PLACEMENT_3D('',#6511,#5228,#5229);
#4700=AXIS2_PLACEMENT_3D('',#6520,#5234,#5235);
#4701=AXIS2_PLACEMENT_3D('',#6522,#5236,#5237);
#4702=AXIS2_PLACEMENT_3D('',#6525,#5239,#5240);
#4703=AXIS2_PLACEMENT_3D('',#6526,#5241,#5242);
#4704=AXIS2_PLACEMENT_3D('',#6532,#5246,#5247);
#4705=AXIS2_PLACEMENT_3D('',#6541,#5252,#5253);
#4706=AXIS2_PLACEMENT_3D('',#6550,#5258,#5259);
#4707=AXIS2_PLACEMENT_3D('',#6551,#5260,#5261);
#4708=AXIS2_PLACEMENT_3D('',#6552,#5262,#5263);
#4709=AXIS2_PLACEMENT_3D('',#6553,#5264,#5265);
#4710=AXIS2_PLACEMENT_3D('',#6562,#5270,#5271);
#4711=AXIS2_PLACEMENT_3D('',#6564,#5272,#5273);
#4712=AXIS2_PLACEMENT_3D('',#6566,#5274,#5275);
#4713=AXIS2_PLACEMENT_3D('',#6568,#5277,#5278);
#4714=AXIS2_PLACEMENT_3D('',#6574,#5282,#5283);
#4715=AXIS2_PLACEMENT_3D('',#6575,#5284,#5285);
#4716=AXIS2_PLACEMENT_3D('',#6576,#5286,#5287);
#4717=AXIS2_PLACEMENT_3D('',#6577,#5288,#5289);
#4718=AXIS2_PLACEMENT_3D('',#6578,#5290,#5291);
#4719=AXIS2_PLACEMENT_3D('',#6579,#5292,#5293);
#4720=AXIS2_PLACEMENT_3D('',#6580,#5294,#5295);
#4721=AXIS2_PLACEMENT_3D('',#6581,#5296,#5297);
#4722=AXIS2_PLACEMENT_3D('',#6582,#5298,#5299);
#4723=AXIS2_PLACEMENT_3D('',#6583,#5300,#5301);
#4724=AXIS2_PLACEMENT_3D('',#6586,#5302,#5303);
#4725=AXIS2_PLACEMENT_3D('',#6590,#5305,#5306);
#4726=AXIS2_PLACEMENT_3D('',#6592,#5308,#5309);
#4727=AXIS2_PLACEMENT_3D('',#6594,#5311,#5312);
#4728=AXIS2_PLACEMENT_3D('',#6598,#5314,#5315);
#4729=AXIS2_PLACEMENT_3D('',#6600,#5316,#5317);
#4730=AXIS2_PLACEMENT_3D('',#6602,#5318,#5319);
#4731=AXIS2_PLACEMENT_3D('',#6606,#5321,#5322);
#4732=AXIS2_PLACEMENT_3D('',#6608,#5323,#5324);
#4733=AXIS2_PLACEMENT_3D('',#6610,#5325,#5326);
#4734=AXIS2_PLACEMENT_3D('',#6614,#5328,#5329);
#4735=AXIS2_PLACEMENT_3D('',#6616,#5330,#5331);
#4736=AXIS2_PLACEMENT_3D('',#6618,#5332,#5333);
#4737=AXIS2_PLACEMENT_3D('',#6622,#5335,#5336);
#4738=AXIS2_PLACEMENT_3D('',#6624,#5337,#5338);
#4739=AXIS2_PLACEMENT_3D('',#6626,#5339,#5340);
#4740=AXIS2_PLACEMENT_3D('',#6650,#5352,#5353);
#4741=AXIS2_PLACEMENT_3D('',#6654,#5355,#5356);
#4742=AXIS2_PLACEMENT_3D('',#6690,#5374,#5375);
#4743=AXIS2_PLACEMENT_3D('',#6694,#5377,#5378);
#4744=AXIS2_PLACEMENT_3D('',#6788,#5426,#5427);
#4745=AXIS2_PLACEMENT_3D('',#6790,#5428,#5429);
#4746=AXIS2_PLACEMENT_3D('',#6793,#5431,#5432);
#4747=AXIS2_PLACEMENT_3D('',#6794,#5433,#5434);
#4748=AXIS2_PLACEMENT_3D('',#6796,#5435,#5436);
#4749=AXIS2_PLACEMENT_3D('',#6799,#5438,#5439);
#4750=AXIS2_PLACEMENT_3D('',#6800,#5440,#5441);
#4751=AXIS2_PLACEMENT_3D('',#6802,#5442,#5443);
#4752=AXIS2_PLACEMENT_3D('',#6805,#5445,#5446);
#4753=AXIS2_PLACEMENT_3D('',#6806,#5447,#5448);
#4754=AXIS2_PLACEMENT_3D('',#6809,#5450,#5451);
#4755=AXIS2_PLACEMENT_3D('',#6823,#5459,#5460);
#4756=AXIS2_PLACEMENT_3D('',#6827,#5463,#5464);
#4757=AXIS2_PLACEMENT_3D('',#6829,#5465,#5466);
#4758=AXIS2_PLACEMENT_3D('',#6832,#5468,#5469);
#4759=AXIS2_PLACEMENT_3D('',#6833,#5470,#5471);
#4760=AXIS2_PLACEMENT_3D('',#6836,#5473,#5474);
#4761=AXIS2_PLACEMENT_3D('',#6850,#5482,#5483);
#4762=AXIS2_PLACEMENT_3D('',#6854,#5486,#5487);
#4763=AXIS2_PLACEMENT_3D('',#6855,#5488,#5489);
#4764=AXIS2_PLACEMENT_3D('',#6856,#5490,#5491);
#4765=AXIS2_PLACEMENT_3D('',#6857,#5492,#5493);
#4766=AXIS2_PLACEMENT_3D('',#6858,#5494,#5495);
#4767=AXIS2_PLACEMENT_3D('',#6872,#5503,#5504);
#4768=AXIS2_PLACEMENT_3D('',#6875,#5507,#5508);
#4769=AXIS2_PLACEMENT_3D('',#6878,#5511,#5512);
#4770=AXIS2_PLACEMENT_3D('',#6892,#5520,#5521);
#4771=AXIS2_PLACEMENT_3D('',#6895,#5524,#5525);
#4772=AXIS2_PLACEMENT_3D('',#6898,#5528,#5529);
#4773=AXIS2_PLACEMENT_3D('',#6908,#5535,#5536);
#4774=AXIS2_PLACEMENT_3D('',#6912,#5539,#5540);
#4775=AXIS2_PLACEMENT_3D('',#6922,#5546,#5547);
#4776=AXIS2_PLACEMENT_3D('',#6926,#5550,#5551);
#4777=AXIS2_PLACEMENT_3D('',#6932,#5555,#5556);
#4778=AXIS2_PLACEMENT_3D('',#6938,#5560,#5561);
#4779=AXIS2_PLACEMENT_3D('',#6944,#5565,#5566);
#4780=AXIS2_PLACEMENT_3D('',#6950,#5570,#5571);
#4781=AXIS2_PLACEMENT_3D('',#6956,#5575,#5576);
#4782=AXIS2_PLACEMENT_3D('',#6959,#5579,#5580);
#4783=AXIS2_PLACEMENT_3D('',#6962,#5583,#5584);
#4784=AXIS2_PLACEMENT_3D('',#6968,#5588,#5589);
#4785=AXIS2_PLACEMENT_3D('',#6971,#5592,#5593);
#4786=AXIS2_PLACEMENT_3D('',#6974,#5596,#5597);
#4787=AXIS2_PLACEMENT_3D('',#6975,#5598,#5599);
#4788=AXIS2_PLACEMENT_3D('',#6976,#5600,#5601);
#4789=AXIS2_PLACEMENT_3D('',#7009,#5618,#5619);
#4790=AXIS2_PLACEMENT_3D('',#7014,#5623,#5624);
#4791=AXIS2_PLACEMENT_3D('',#7017,#5627,#5628);
#4792=AXIS2_PLACEMENT_3D('',#7022,#5632,#5633);
#4793=AXIS2_PLACEMENT_3D('',#7025,#5636,#5637);
#4794=AXIS2_PLACEMENT_3D('',#7027,#5639,#5640);
#4795=AXIS2_PLACEMENT_3D('',#7028,#5641,#5642);
#4796=AXIS2_PLACEMENT_3D('',#7030,#5644,#5645);
#4797=AXIS2_PLACEMENT_3D('',#7036,#5648,#5649);
#4798=AXIS2_PLACEMENT_3D('',#7040,#5652,#5653);
#4799=AXIS2_PLACEMENT_3D('',#7046,#5656,#5657);
#4800=AXIS2_PLACEMENT_3D('',#7050,#5660,#5661);
#4801=AXIS2_PLACEMENT_3D('',#7056,#5664,#5665);
#4802=AXIS2_PLACEMENT_3D('',#7060,#5668,#5669);
#4803=AXIS2_PLACEMENT_3D('',#7064,#5672,#5673);
#4804=AXIS2_PLACEMENT_3D('',#7066,#5675,#5676);
#4805=AXIS2_PLACEMENT_3D('',#7068,#5678,#5679);
#4806=AXIS2_PLACEMENT_3D('',#7072,#5682,#5683);
#4807=AXIS2_PLACEMENT_3D('',#7076,#5686,#5687);
#4808=AXIS2_PLACEMENT_3D('',#7080,#5690,#5691);
#4809=AXIS2_PLACEMENT_3D('',#7082,#5692,#5693);
#4810=AXIS2_PLACEMENT_3D('',#7084,#5695,#5696);
#4811=AXIS2_PLACEMENT_3D('',#7086,#5698,#5699);
#4812=AXIS2_PLACEMENT_3D('',#7087,#5700,#5701);
#4813=AXIS2_PLACEMENT_3D('',#7091,#5704,#5705);
#4814=AXIS2_PLACEMENT_3D('',#7095,#5708,#5709);
#4815=AXIS2_PLACEMENT_3D('',#7099,#5712,#5713);
#4816=AXIS2_PLACEMENT_3D('',#7101,#5714,#5715);
#4817=AXIS2_PLACEMENT_3D('',#7103,#5717,#5718);
#4818=AXIS2_PLACEMENT_3D('',#7105,#5720,#5721);
#4819=AXIS2_PLACEMENT_3D('',#7106,#5722,#5723);
#4820=AXIS2_PLACEMENT_3D('',#7110,#5726,#5727);
#4821=AXIS2_PLACEMENT_3D('',#7114,#5730,#5731);
#4822=AXIS2_PLACEMENT_3D('',#7116,#5732,#5733);
#4823=AXIS2_PLACEMENT_3D('',#7118,#5735,#5736);
#4824=AXIS2_PLACEMENT_3D('',#7120,#5738,#5739);
#4825=AXIS2_PLACEMENT_3D('',#7121,#5740,#5741);
#4826=AXIS2_PLACEMENT_3D('',#7125,#5743,#5744);
#4827=AXIS2_PLACEMENT_3D('',#7127,#5746,#5747);
#4828=AXIS2_PLACEMENT_3D('',#7131,#5750,#5751);
#4829=AXIS2_PLACEMENT_3D('',#7135,#5753,#5754);
#4830=AXIS2_PLACEMENT_3D('',#7137,#5756,#5757);
#4831=AXIS2_PLACEMENT_3D('',#7141,#5760,#5761);
#4832=AXIS2_PLACEMENT_3D('',#7144,#5763,#5764);
#4833=AXIS2_PLACEMENT_3D('',#7145,#5765,#5766);
#4834=AXIS2_PLACEMENT_3D('',#7148,#5768,#5769);
#4835=AXIS2_PLACEMENT_3D('',#7149,#5770,#5771);
#4836=AXIS2_PLACEMENT_3D('',#7152,#5773,#5774);
#4837=AXIS2_PLACEMENT_3D('',#7153,#5775,#5776);
#4838=AXIS2_PLACEMENT_3D('',#7157,#5779,#5780);
#4839=AXIS2_PLACEMENT_3D('',#7160,#5782,#5783);
#4840=AXIS2_PLACEMENT_3D('',#7161,#5784,#5785);
#4841=AXIS2_PLACEMENT_3D('',#7164,#5787,#5788);
#4842=AXIS2_PLACEMENT_3D('',#7165,#5789,#5790);
#4843=AXIS2_PLACEMENT_3D('',#7168,#5792,#5793);
#4844=AXIS2_PLACEMENT_3D('',#7169,#5794,#5795);
#4845=AXIS2_PLACEMENT_3D('',#7173,#5798,#5799);
#4846=AXIS2_PLACEMENT_3D('',#7176,#5801,#5802);
#4847=AXIS2_PLACEMENT_3D('',#7177,#5803,#5804);
#4848=AXIS2_PLACEMENT_3D('',#7180,#5806,#5807);
#4849=AXIS2_PLACEMENT_3D('',#7181,#5808,#5809);
#4850=AXIS2_PLACEMENT_3D('',#7182,#5810,#5811);
#4851=AXIS2_PLACEMENT_3D('',#7183,#5812,#5813);
#4852=AXIS2_PLACEMENT_3D('',#7185,#5814,#5815);
#4853=AXIS2_PLACEMENT_3D('',#7188,#5817,#5818);
#4854=AXIS2_PLACEMENT_3D('',#7189,#5819,#5820);
#4855=AXIS2_PLACEMENT_3D('',#7192,#5822,#5823);
#4856=AXIS2_PLACEMENT_3D('',#7206,#5831,#5832);
#4857=AXIS2_PLACEMENT_3D('',#7210,#5835,#5836);
#4858=AXIS2_PLACEMENT_3D('',#7212,#5837,#5838);
#4859=AXIS2_PLACEMENT_3D('',#7215,#5840,#5841);
#4860=AXIS2_PLACEMENT_3D('',#7216,#5842,#5843);
#4861=AXIS2_PLACEMENT_3D('',#7219,#5845,#5846);
#4862=AXIS2_PLACEMENT_3D('',#7233,#5854,#5855);
#4863=AXIS2_PLACEMENT_3D('',#7237,#5858,#5859);
#4864=AXIS2_PLACEMENT_3D('',#7239,#5860,#5861);
#4865=AXIS2_PLACEMENT_3D('',#7242,#5863,#5864);
#4866=AXIS2_PLACEMENT_3D('',#7243,#5865,#5866);
#4867=AXIS2_PLACEMENT_3D('',#7246,#5868,#5869);
#4868=AXIS2_PLACEMENT_3D('',#7260,#5877,#5878);
#4869=AXIS2_PLACEMENT_3D('',#7264,#5881,#5882);
#4870=AXIS2_PLACEMENT_3D('',#7266,#5883,#5884);
#4871=AXIS2_PLACEMENT_3D('',#7269,#5886,#5887);
#4872=AXIS2_PLACEMENT_3D('',#7270,#5888,#5889);
#4873=AXIS2_PLACEMENT_3D('',#7273,#5891,#5892);
#4874=AXIS2_PLACEMENT_3D('',#7287,#5900,#5901);
#4875=AXIS2_PLACEMENT_3D('',#7291,#5904,#5905);
#4876=AXIS2_PLACEMENT_3D('',#7292,#5906,#5907);
#4877=AXIS2_PLACEMENT_3D('',#7293,#5908,#5909);
#4878=AXIS2_PLACEMENT_3D('',#7307,#5917,#5918);
#4879=AXIS2_PLACEMENT_3D('',#7308,#5919,#5920);
#4880=AXIS2_PLACEMENT_3D('',#7309,#5921,#5922);
#4881=AXIS2_PLACEMENT_3D('',#7310,#5923,#5924);
#4882=AXIS2_PLACEMENT_3D('',#7311,#5925,#5926);
#4883=AXIS2_PLACEMENT_3D('',#7325,#5934,#5935);
#4884=AXIS2_PLACEMENT_3D('',#7326,#5936,#5937);
#4885=AXIS2_PLACEMENT_3D('',#7327,#5938,#5939);
#4886=AXIS2_PLACEMENT_3D('',#7341,#5947,#5948);
#4887=AXIS2_PLACEMENT_3D('',#7344,#5951,#5952);
#4888=AXIS2_PLACEMENT_3D('',#7347,#5955,#5956);
#4889=AXIS2_PLACEMENT_3D('',#7353,#5960,#5961);
#4890=AXIS2_PLACEMENT_3D('',#7359,#5965,#5966);
#4891=AXIS2_PLACEMENT_3D('',#7367,#5972,#5973);
#4892=AXIS2_PLACEMENT_3D('',#7370,#5976,#5977);
#4893=AXIS2_PLACEMENT_3D('',#7373,#5980,#5981);
#4894=AXIS2_PLACEMENT_3D('',#7376,#5984,#5985);
#4895=AXIS2_PLACEMENT_3D('',#7379,#5988,#5989);
#4896=AXIS2_PLACEMENT_3D('',#7385,#5993,#5994);
#4897=AXIS2_PLACEMENT_3D('',#7398,#6003,#6004);
#4898=AXIS2_PLACEMENT_3D('',#7400,#6005,#6006);
#4899=AXIS2_PLACEMENT_3D('',#7404,#6008,#6009);
#4900=AXIS2_PLACEMENT_3D('',#7406,#6011,#6012);
#4901=AXIS2_PLACEMENT_3D('',#7410,#6014,#6015);
#4902=AXIS2_PLACEMENT_3D('',#7413,#6017,#6018);
#4903=AXIS2_PLACEMENT_3D('',#7414,#6019,#6020);
#4904=AXIS2_PLACEMENT_3D('',#7416,#6022,#6023);
#4905=AXIS2_PLACEMENT_3D('',#7418,#6025,#6026);
#4906=AXIS2_PLACEMENT_3D('',#7420,#6028,#6029);
#4907=AXIS2_PLACEMENT_3D('',#7423,#6030,#6031);
#4908=AXIS2_PLACEMENT_3D('',#7425,#6032,#6033);
#4909=AXIS2_PLACEMENT_3D('',#7426,#6034,#6035);
#4910=AXIS2_PLACEMENT_3D('',#7427,#6036,#6037);
#4911=AXIS2_PLACEMENT_3D('',#7428,#6038,#6039);
#4912=AXIS2_PLACEMENT_3D('',#7430,#6040,#6041);
#4913=AXIS2_PLACEMENT_3D('',#7432,#6043,#6044);
#4914=AXIS2_PLACEMENT_3D('',#7435,#6045,#6046);
#4915=AXIS2_PLACEMENT_3D('',#7436,#6047,#6048);
#4916=AXIS2_PLACEMENT_3D('',#7437,#6049,#6050);
#4917=AXIS2_PLACEMENT_3D('',#7438,#6051,#6052);
#4918=AXIS2_PLACEMENT_3D('',#7441,#6053,#6054);
#4919=AXIS2_PLACEMENT_3D('',#7444,#6057,#6058);
#4920=AXIS2_PLACEMENT_3D('',#7447,#6059,#6060);
#4921=AXIS2_PLACEMENT_3D('',#7448,#6061,#6062);
#4922=AXIS2_PLACEMENT_3D('',#7449,#6063,#6064);
#4923=AXIS2_PLACEMENT_3D('',#7450,#6065,#6066);
#4924=AXIS2_PLACEMENT_3D('',#7453,#6067,#6068);
#4925=AXIS2_PLACEMENT_3D('',#7456,#6071,#6072);
#4926=AXIS2_PLACEMENT_3D('',#7459,#6073,#6074);
#4927=AXIS2_PLACEMENT_3D('',#7460,#6075,#6076);
#4928=AXIS2_PLACEMENT_3D('',#7461,#6077,#6078);
#4929=AXIS2_PLACEMENT_3D('',#7462,#6079,#6080);
#4930=AXIS2_PLACEMENT_3D('',#7465,#6083,#6084);
#4931=AXIS2_PLACEMENT_3D('',#7468,#6087,#6088);
#4932=AXIS2_PLACEMENT_3D('',#7470,#6090,#6091);
#4933=AXIS2_PLACEMENT_3D('',#7472,#6093,#6094);
#4934=AXIS2_PLACEMENT_3D('',#7473,#6095,#6096);
#4935=AXIS2_PLACEMENT_3D('',#7476,#6097,#6098);
#4936=AXIS2_PLACEMENT_3D('',#7480,#6100,#6101);
#4937=AXIS2_PLACEMENT_3D('',#7484,#6103,#6104);
#4938=AXIS2_PLACEMENT_3D('',#7488,#6106,#6107);
#4939=AXIS2_PLACEMENT_3D('',#7490,#6109,#6110);
#4940=AXIS2_PLACEMENT_3D('',#7492,#6111,#6112);
#4941=AXIS2_PLACEMENT_3D('',#7494,#6113,#6114);
#4942=AXIS2_PLACEMENT_3D('',#7495,#6115,#6116);
#4943=AXIS2_PLACEMENT_3D('',#7496,#6117,#6118);
#4944=AXIS2_PLACEMENT_3D('',#7498,#6119,#6120);
#4945=AXIS2_PLACEMENT_3D('',#7500,#6122,#6123);
#4946=AXIS2_PLACEMENT_3D('',#7502,#6124,#6125);
#4947=AXIS2_PLACEMENT_3D('',#7503,#6126,#6127);
#4948=AXIS2_PLACEMENT_3D('',#7504,#6128,#6129);
#4949=AXIS2_PLACEMENT_3D('',#7506,#6130,#6131);
#4950=AXIS2_PLACEMENT_3D('',#7508,#6133,#6134);
#4951=AXIS2_PLACEMENT_3D('',#7509,#6135,#6136);
#4952=AXIS2_PLACEMENT_3D('',#7510,#6137,#6138);
#4953=AXIS2_PLACEMENT_3D('',#7511,#6139,#6140);
#4954=AXIS2_PLACEMENT_3D('',#7512,#6141,#6142);
#4955=AXIS2_PLACEMENT_3D('',#7513,#6143,#6144);
#4956=AXIS2_PLACEMENT_3D('',#7515,#6145,#6146);
#4957=AXIS2_PLACEMENT_3D('',#7516,#6147,#6148);
#4958=AXIS2_PLACEMENT_3D('',#7517,#6149,#6150);
#4959=AXIS2_PLACEMENT_3D('',#7519,#6152,#6153);
#4960=AXIS2_PLACEMENT_3D('',#7521,#6155,#6156);
#4961=AXIS2_PLACEMENT_3D('',#7523,#6158,#6159);
#4962=AXIS2_PLACEMENT_3D('',#7525,#6161,#6162);
#4963=AXIS2_PLACEMENT_3D('',#7528,#6165,#6166);
#4964=AXIS2_PLACEMENT_3D('',#7530,#6168,#6169);
#4965=AXIS2_PLACEMENT_3D('',#7531,#6170,#6171);
#4966=AXIS2_PLACEMENT_3D('',#7533,#6173,#6174);
#4967=AXIS2_PLACEMENT_3D('',#7535,#6176,#6177);
#4968=AXIS2_PLACEMENT_3D('',#7536,#6178,#6179);
#4969=AXIS2_PLACEMENT_3D('',#7537,#6180,#6181);
#4970=AXIS2_PLACEMENT_3D('',#7540,#6182,#6183);
#4971=AXIS2_PLACEMENT_3D('',#7544,#6185,#6186);
#4972=AXIS2_PLACEMENT_3D('',#7546,#6188,#6189);
#4973=AXIS2_PLACEMENT_3D('',#7552,#6193,#6194);
#4974=AXIS2_PLACEMENT_3D('',#7554,#6195,#6196);
#4975=AXIS2_PLACEMENT_3D('',#7556,#6197,#6198);
#4976=AXIS2_PLACEMENT_3D('',#7558,#6200,#6201);
#4977=AXIS2_PLACEMENT_3D('',#7564,#6205,#6206);
#4978=AXIS2_PLACEMENT_3D('',#7566,#6207,#6208);
#4979=AXIS2_PLACEMENT_3D('',#7568,#6209,#6210);
#4980=AXIS2_PLACEMENT_3D('',#7570,#6212,#6213);
#4981=AXIS2_PLACEMENT_3D('',#7576,#6217,#6218);
#4982=AXIS2_PLACEMENT_3D('',#7578,#6219,#6220);
#4983=AXIS2_PLACEMENT_3D('',#7580,#6221,#6222);
#4984=AXIS2_PLACEMENT_3D('',#7582,#6224,#6225);
#4985=AXIS2_PLACEMENT_3D('',#7585,#6228,#6229);
#4986=AXIS2_PLACEMENT_3D('',#7590,#6231,#6232);
#4987=AXIS2_PLACEMENT_3D('',#7594,#6234,#6235);
#4988=AXIS2_PLACEMENT_3D('',#7598,#6237,#6238);
#4989=AXIS2_PLACEMENT_3D('',#7601,#6240,#6241);
#4990=AXIS2_PLACEMENT_3D('',#7602,#6242,#6243);
#4991=AXIS2_PLACEMENT_3D('',#7603,#6244,#6245);
#4992=AXIS2_PLACEMENT_3D('',#7604,#6246,#6247);
#4993=AXIS2_PLACEMENT_3D('',#7605,#6248,#6249);
#4994=AXIS2_PLACEMENT_3D('',#7606,#6250,#6251);
#4995=AXIS2_PLACEMENT_3D('',#7609,#6252,#6253);
#4996=AXIS2_PLACEMENT_3D('',#7613,#6255,#6256);
#4997=AXIS2_PLACEMENT_3D('',#7617,#6258,#6259);
#4998=AXIS2_PLACEMENT_3D('',#7621,#6261,#6262);
#4999=AXIS2_PLACEMENT_3D('',#7623,#6264,#6265);
#5000=AXIS2_PLACEMENT_3D('',#7624,#6266,#6267);
#5001=AXIS2_PLACEMENT_3D('',#7625,#6268,#6269);
#5002=AXIS2_PLACEMENT_3D('',#7628,#6272,#6273);
#5003=AXIS2_PLACEMENT_3D('',#7630,#6275,#6276);
#5004=AXIS2_PLACEMENT_3D('',#7632,#6278,#6279);
#5005=AXIS2_PLACEMENT_3D('',#7634,#6281,#6282);
#5006=AXIS2_PLACEMENT_3D('',#7636,#6284,#6285);
#5007=AXIS2_PLACEMENT_3D('',#7638,#6287,#6288);
#5008=AXIS2_PLACEMENT_3D('',#7640,#6290,#6291);
#5009=AXIS2_PLACEMENT_3D('',#7641,#6292,#6293);
#5010=DIRECTION('axis',(0.,0.,1.));
#5011=DIRECTION('refdir',(1.,0.,0.));
#5012=DIRECTION('center_axis',(0.625179505946255,0.,-0.780480996145836));
#5013=DIRECTION('ref_axis',(0.780480996145836,0.,0.625179505946255));
#5014=DIRECTION('',(0.780480996145836,0.,0.625179505946255));
#5015=DIRECTION('',(0.,-1.,0.));
#5016=DIRECTION('',(-0.780480996145836,0.,-0.625179505946255));
#5017=DIRECTION('',(0.,1.,0.));
#5018=DIRECTION('center_axis',(0.,-1.,0.));
#5019=DIRECTION('ref_axis',(-1.,0.,0.));
#5020=DIRECTION('center_axis',(0.,1.,0.));
#5021=DIRECTION('ref_axis',(-1.,0.,0.));
#5022=DIRECTION('',(0.,-1.,0.));
#5023=DIRECTION('center_axis',(0.,-1.,0.));
#5024=DIRECTION('ref_axis',(-1.,0.,0.));
#5025=DIRECTION('center_axis',(-0.988506122806405,0.,-0.15118083600195));
#5026=DIRECTION('ref_axis',(0.15118083600195,0.,-0.988506122806405));
#5027=DIRECTION('',(0.15118083600195,0.,-0.988506122806405));
#5028=DIRECTION('',(0.,-1.,0.));
#5029=DIRECTION('',(-0.15118083600195,0.,0.988506122806405));
#5030=DIRECTION('center_axis',(0.625179505946255,0.,-0.780480996145836));
#5031=DIRECTION('ref_axis',(0.780480996145836,0.,0.625179505946255));
#5032=DIRECTION('',(0.780480996145836,0.,0.625179505946255));
#5033=DIRECTION('',(0.,-1.,0.));
#5034=DIRECTION('',(-0.780480996145836,0.,-0.625179505946255));
#5035=DIRECTION('',(0.,-1.,0.));
#5036=DIRECTION('center_axis',(0.363326616860152,0.,0.931661832147779));
#5037=DIRECTION('ref_axis',(-0.931661832147779,0.,0.363326616860152));
#5038=DIRECTION('',(-0.931661832147779,0.,0.363326616860152));
#5039=DIRECTION('',(0.,-1.,0.));
#5040=DIRECTION('',(0.931661832147779,0.,-0.363326616860152));
#5041=DIRECTION('',(0.,1.,0.));
#5042=DIRECTION('center_axis',(0.,-1.,0.));
#5043=DIRECTION('ref_axis',(-1.,0.,0.));
#5044=DIRECTION('center_axis',(0.,1.,0.));
#5045=DIRECTION('ref_axis',(-1.,0.,0.));
#5046=DIRECTION('center_axis',(0.,-1.,0.));
#5047=DIRECTION('ref_axis',(-1.,0.,0.));
#5048=DIRECTION('center_axis',(0.363326616860152,0.,0.931661832147779));
#5049=DIRECTION('ref_axis',(-0.931661832147779,0.,0.363326616860152));
#5050=DIRECTION('',(-0.931661832147779,0.,0.363326616860152));
#5051=DIRECTION('',(0.,-1.,0.));
#5052=DIRECTION('',(0.931661832147779,0.,-0.363326616860152));
#5053=DIRECTION('',(0.,-1.,0.));
#5054=DIRECTION('center_axis',(0.,-1.,0.));
#5055=DIRECTION('ref_axis',(-1.,0.,0.));
#5056=DIRECTION('center_axis',(0.,1.,0.));
#5057=DIRECTION('ref_axis',(-1.,0.,0.));
#5058=DIRECTION('center_axis',(0.,-1.,0.));
#5059=DIRECTION('ref_axis',(-1.,0.,0.));
#5060=DIRECTION('',(0.,-1.,0.));
#5061=DIRECTION('center_axis',(-0.988506122806405,0.,-0.15118083600195));
#5062=DIRECTION('ref_axis',(0.15118083600195,0.,-0.988506122806405));
#5063=DIRECTION('',(0.15118083600195,0.,-0.988506122806405));
#5064=DIRECTION('',(-0.15118083600195,0.,0.988506122806405));
#5065=DIRECTION('',(0.,1.,0.));
#5066=DIRECTION('center_axis',(0.625179505946255,0.,-0.780480996145836));
#5067=DIRECTION('ref_axis',(0.780480996145836,0.,0.625179505946255));
#5068=DIRECTION('',(0.780480996145836,0.,0.625179505946255));
#5069=DIRECTION('',(0.,-1.,0.));
#5070=DIRECTION('',(-0.780480996145836,0.,-0.625179505946255));
#5071=DIRECTION('',(0.,1.,0.));
#5072=DIRECTION('center_axis',(0.,-1.,0.));
#5073=DIRECTION('ref_axis',(-1.,0.,0.));
#5074=DIRECTION('center_axis',(0.,1.,0.));
#5075=DIRECTION('ref_axis',(-1.,0.,0.));
#5076=DIRECTION('',(0.,-1.,0.));
#5077=DIRECTION('center_axis',(0.,-1.,0.));
#5078=DIRECTION('ref_axis',(-1.,0.,0.));
#5079=DIRECTION('center_axis',(-0.988506122806405,0.,-0.15118083600195));
#5080=DIRECTION('ref_axis',(0.15118083600195,0.,-0.988506122806405));
#5081=DIRECTION('',(0.15118083600195,0.,-0.988506122806405));
#5082=DIRECTION('',(0.,-1.,0.));
#5083=DIRECTION('',(-0.15118083600195,0.,0.988506122806405));
#5084=DIRECTION('center_axis',(0.625179505946255,0.,-0.780480996145836));
#5085=DIRECTION('ref_axis',(0.780480996145836,0.,0.625179505946255));
#5086=DIRECTION('',(0.780480996145836,0.,0.625179505946255));
#5087=DIRECTION('',(0.,-1.,0.));
#5088=DIRECTION('',(-0.780480996145836,0.,-0.625179505946255));
#5089=DIRECTION('',(0.,-1.,0.));
#5090=DIRECTION('center_axis',(0.363326616860152,0.,0.931661832147779));
#5091=DIRECTION('ref_axis',(-0.931661832147779,0.,0.363326616860152));
#5092=DIRECTION('',(-0.931661832147779,0.,0.363326616860152));
#5093=DIRECTION('',(0.,-1.,0.));
#5094=DIRECTION('',(0.931661832147779,0.,-0.363326616860152));
#5095=DIRECTION('',(0.,1.,0.));
#5096=DIRECTION('center_axis',(0.,-1.,0.));
#5097=DIRECTION('ref_axis',(-1.,0.,0.));
#5098=DIRECTION('center_axis',(0.,1.,0.));
#5099=DIRECTION('ref_axis',(-1.,0.,0.));
#5100=DIRECTION('center_axis',(0.,-1.,0.));
#5101=DIRECTION('ref_axis',(-1.,0.,0.));
#5102=DIRECTION('center_axis',(0.363326616860152,0.,0.931661832147779));
#5103=DIRECTION('ref_axis',(-0.931661832147779,0.,0.363326616860152));
#5104=DIRECTION('',(-0.931661832147779,0.,0.363326616860152));
#5105=DIRECTION('',(0.,-1.,0.));
#5106=DIRECTION('',(0.931661832147779,0.,-0.363326616860152));
#5107=DIRECTION('',(0.,-1.,0.));
#5108=DIRECTION('center_axis',(0.,-1.,0.));
#5109=DIRECTION('ref_axis',(-1.,0.,0.));
#5110=DIRECTION('center_axis',(0.,1.,0.));
#5111=DIRECTION('ref_axis',(-1.,0.,0.));
#5112=DIRECTION('center_axis',(0.,-1.,0.));
#5113=DIRECTION('ref_axis',(-1.,0.,0.));
#5114=DIRECTION('',(0.,-1.,0.));
#5115=DIRECTION('center_axis',(-0.988506122806405,0.,-0.15118083600195));
#5116=DIRECTION('ref_axis',(0.15118083600195,0.,-0.988506122806405));
#5117=DIRECTION('',(0.15118083600195,0.,-0.988506122806405));
#5118=DIRECTION('',(-0.15118083600195,0.,0.988506122806405));
#5119=DIRECTION('',(0.,1.,0.));
#5120=DIRECTION('center_axis',(0.625179505946255,0.,-0.780480996145836));
#5121=DIRECTION('ref_axis',(0.780480996145836,0.,0.625179505946255));
#5122=DIRECTION('',(0.780480996145836,0.,0.625179505946255));
#5123=DIRECTION('',(0.,-1.,0.));
#5124=DIRECTION('',(-0.780480996145836,0.,-0.625179505946255));
#5125=DIRECTION('',(0.,1.,0.));
#5126=DIRECTION('center_axis',(0.,-1.,0.));
#5127=DIRECTION('ref_axis',(-1.,0.,0.));
#5128=DIRECTION('center_axis',(0.,1.,0.));
#5129=DIRECTION('ref_axis',(-1.,0.,0.));
#5130=DIRECTION('',(0.,-1.,0.));
#5131=DIRECTION('center_axis',(0.,-1.,0.));
#5132=DIRECTION('ref_axis',(-1.,0.,0.));
#5133=DIRECTION('center_axis',(-0.988506122806405,0.,-0.15118083600195));
#5134=DIRECTION('ref_axis',(0.15118083600195,0.,-0.988506122806405));
#5135=DIRECTION('',(0.15118083600195,0.,-0.988506122806405));
#5136=DIRECTION('',(0.,-1.,0.));
#5137=DIRECTION('',(-0.15118083600195,0.,0.988506122806405));
#5138=DIRECTION('center_axis',(0.625179505946255,0.,-0.780480996145836));
#5139=DIRECTION('ref_axis',(0.780480996145836,0.,0.625179505946255));
#5140=DIRECTION('',(0.780480996145836,0.,0.625179505946255));
#5141=DIRECTION('',(0.,-1.,0.));
#5142=DIRECTION('',(-0.780480996145836,0.,-0.625179505946255));
#5143=DIRECTION('',(0.,-1.,0.));
#5144=DIRECTION('center_axis',(0.363326616860152,0.,0.931661832147779));
#5145=DIRECTION('ref_axis',(-0.931661832147779,0.,0.363326616860152));
#5146=DIRECTION('',(-0.931661832147779,0.,0.363326616860152));
#5147=DIRECTION('',(0.,-1.,0.));
#5148=DIRECTION('',(0.931661832147779,0.,-0.363326616860152));
#5149=DIRECTION('',(0.,1.,0.));
#5150=DIRECTION('center_axis',(0.,-1.,0.));
#5151=DIRECTION('ref_axis',(-1.,0.,0.));
#5152=DIRECTION('center_axis',(0.,1.,0.));
#5153=DIRECTION('ref_axis',(-1.,0.,0.));
#5154=DIRECTION('center_axis',(0.,-1.,0.));
#5155=DIRECTION('ref_axis',(-1.,0.,0.));
#5156=DIRECTION('center_axis',(0.363326616860152,0.,0.931661832147779));
#5157=DIRECTION('ref_axis',(-0.931661832147779,0.,0.363326616860152));
#5158=DIRECTION('',(-0.931661832147779,0.,0.363326616860152));
#5159=DIRECTION('',(0.,-1.,0.));
#5160=DIRECTION('',(0.931661832147779,0.,-0.363326616860152));
#5161=DIRECTION('',(0.,-1.,0.));
#5162=DIRECTION('center_axis',(0.,-1.,0.));
#5163=DIRECTION('ref_axis',(-1.,0.,0.));
#5164=DIRECTION('center_axis',(0.,1.,0.));
#5165=DIRECTION('ref_axis',(-1.,0.,0.));
#5166=DIRECTION('center_axis',(0.,-1.,0.));
#5167=DIRECTION('ref_axis',(-1.,0.,0.));
#5168=DIRECTION('',(0.,-1.,0.));
#5169=DIRECTION('center_axis',(-0.988506122806405,0.,-0.15118083600195));
#5170=DIRECTION('ref_axis',(0.15118083600195,0.,-0.988506122806405));
#5171=DIRECTION('',(0.15118083600195,0.,-0.988506122806405));
#5172=DIRECTION('',(-0.15118083600195,0.,0.988506122806405));
#5173=DIRECTION('',(0.,1.,0.));
#5174=DIRECTION('center_axis',(0.,-1.,0.));
#5175=DIRECTION('ref_axis',(-1.,0.,0.));
#5176=DIRECTION('center_axis',(0.,1.,0.));
#5177=DIRECTION('ref_axis',(-1.,0.,0.));
#5178=DIRECTION('center_axis',(0.,1.,0.));
#5179=DIRECTION('ref_axis',(-1.,0.,0.));
#5180=DIRECTION('center_axis',(0.,-1.,0.));
#5181=DIRECTION('ref_axis',(-1.,0.,0.));
#5182=DIRECTION('center_axis',(0.,1.,0.));
#5183=DIRECTION('ref_axis',(-1.,0.,0.));
#5184=DIRECTION('center_axis',(0.,1.,0.));
#5185=DIRECTION('ref_axis',(-1.,0.,0.));
#5186=DIRECTION('center_axis',(0.,-1.,0.));
#5187=DIRECTION('ref_axis',(0.988506122806403,0.,0.151180836001961));
#5188=DIRECTION('center_axis',(0.,1.,0.));
#5189=DIRECTION('ref_axis',(-1.,0.,0.));
#5190=DIRECTION('center_axis',(0.,1.,0.));
#5191=DIRECTION('ref_axis',(-1.,0.,0.));
#5192=DIRECTION('center_axis',(0.,-1.,0.));
#5193=DIRECTION('ref_axis',(-1.,0.,0.));
#5194=DIRECTION('center_axis',(0.,1.,0.));
#5195=DIRECTION('ref_axis',(-1.,0.,0.));
#5196=DIRECTION('center_axis',(0.,1.,0.));
#5197=DIRECTION('ref_axis',(-1.,0.,0.));
#5198=DIRECTION('center_axis',(0.,-1.,0.));
#5199=DIRECTION('ref_axis',(-1.,0.,0.));
#5200=DIRECTION('center_axis',(0.,1.,0.));
#5201=DIRECTION('ref_axis',(-1.,0.,0.));
#5202=DIRECTION('center_axis',(0.,1.,0.));
#5203=DIRECTION('ref_axis',(-1.,0.,0.));
#5204=DIRECTION('center_axis',(0.,-1.,0.));
#5205=DIRECTION('ref_axis',(0.988506122806406,0.,0.151180836001946));
#5206=DIRECTION('center_axis',(0.,1.,0.));
#5207=DIRECTION('ref_axis',(-1.,0.,0.));
#5208=DIRECTION('center_axis',(0.,1.,0.));
#5209=DIRECTION('ref_axis',(-1.,0.,0.));
#5210=DIRECTION('center_axis',(0.,-1.,0.));
#5211=DIRECTION('ref_axis',(-1.,0.,0.));
#5212=DIRECTION('center_axis',(0.,1.,0.));
#5213=DIRECTION('ref_axis',(-1.,0.,0.));
#5214=DIRECTION('center_axis',(0.,1.,0.));
#5215=DIRECTION('ref_axis',(-1.,0.,0.));
#5216=DIRECTION('center_axis',(0.,-1.,0.));
#5217=DIRECTION('ref_axis',(-1.,0.,0.));
#5218=DIRECTION('center_axis',(0.,1.,0.));
#5219=DIRECTION('ref_axis',(-1.,0.,0.));
#5220=DIRECTION('center_axis',(0.,1.,0.));
#5221=DIRECTION('ref_axis',(-1.,0.,0.));
#5222=DIRECTION('center_axis',(0.,-1.,0.));
#5223=DIRECTION('ref_axis',(0.988506122806405,0.,0.151180836001951));
#5224=DIRECTION('center_axis',(0.,1.,0.));
#5225=DIRECTION('ref_axis',(-1.,0.,0.));
#5226=DIRECTION('center_axis',(0.,1.,0.));
#5227=DIRECTION('ref_axis',(-1.,0.,0.));
#5228=DIRECTION('center_axis',(0.625179505946255,0.,-0.780480996145836));
#5229=DIRECTION('ref_axis',(0.780480996145836,0.,0.625179505946255));
#5230=DIRECTION('',(0.780480996145836,0.,0.625179505946255));
#5231=DIRECTION('',(0.,-1.,0.));
#5232=DIRECTION('',(-0.780480996145836,0.,-0.625179505946255));
#5233=DIRECTION('',(0.,1.,0.));
#5234=DIRECTION('center_axis',(0.,-1.,0.));
#5235=DIRECTION('ref_axis',(-1.,0.,0.));
#5236=DIRECTION('center_axis',(0.,1.,0.));
#5237=DIRECTION('ref_axis',(-1.,0.,0.));
#5238=DIRECTION('',(0.,-1.,0.));
#5239=DIRECTION('center_axis',(0.,-1.,0.));
#5240=DIRECTION('ref_axis',(-1.,0.,0.));
#5241=DIRECTION('center_axis',(-0.988506122806405,0.,-0.15118083600195));
#5242=DIRECTION('ref_axis',(0.15118083600195,0.,-0.988506122806405));
#5243=DIRECTION('',(0.15118083600195,0.,-0.988506122806405));
#5244=DIRECTION('',(0.,-1.,0.));
#5245=DIRECTION('',(-0.15118083600195,0.,0.988506122806405));
#5246=DIRECTION('center_axis',(0.625179505946255,0.,-0.780480996145836));
#5247=DIRECTION('ref_axis',(0.780480996145836,0.,0.625179505946255));
#5248=DIRECTION('',(0.780480996145836,0.,0.625179505946255));
#5249=DIRECTION('',(0.,-1.,0.));
#5250=DIRECTION('',(-0.780480996145836,0.,-0.625179505946255));
#5251=DIRECTION('',(0.,-1.,0.));
#5252=DIRECTION('center_axis',(0.363326616860152,0.,0.931661832147779));
#5253=DIRECTION('ref_axis',(-0.931661832147779,0.,0.363326616860152));
#5254=DIRECTION('',(-0.931661832147779,0.,0.363326616860152));
#5255=DIRECTION('',(0.,-1.,0.));
#5256=DIRECTION('',(0.931661832147779,0.,-0.363326616860152));
#5257=DIRECTION('',(0.,1.,0.));
#5258=DIRECTION('center_axis',(0.,-1.,0.));
#5259=DIRECTION('ref_axis',(-1.,0.,0.));
#5260=DIRECTION('center_axis',(0.,1.,0.));
#5261=DIRECTION('ref_axis',(-1.,0.,0.));
#5262=DIRECTION('center_axis',(0.,-1.,0.));
#5263=DIRECTION('ref_axis',(-1.,0.,0.));
#5264=DIRECTION('center_axis',(0.363326616860152,0.,0.931661832147779));
#5265=DIRECTION('ref_axis',(-0.931661832147779,0.,0.363326616860152));
#5266=DIRECTION('',(-0.931661832147779,0.,0.363326616860152));
#5267=DIRECTION('',(0.,-1.,0.));
#5268=DIRECTION('',(0.931661832147779,0.,-0.363326616860152));
#5269=DIRECTION('',(0.,-1.,0.));
#5270=DIRECTION('center_axis',(0.,-1.,0.));
#5271=DIRECTION('ref_axis',(-1.,0.,0.));
#5272=DIRECTION('center_axis',(0.,1.,0.));
#5273=DIRECTION('ref_axis',(-1.,0.,0.));
#5274=DIRECTION('center_axis',(0.,-1.,0.));
#5275=DIRECTION('ref_axis',(-1.,0.,0.));
#5276=DIRECTION('',(0.,-1.,0.));
#5277=DIRECTION('center_axis',(-0.988506122806405,0.,-0.15118083600195));
#5278=DIRECTION('ref_axis',(0.15118083600195,0.,-0.988506122806405));
#5279=DIRECTION('',(0.15118083600195,0.,-0.988506122806405));
#5280=DIRECTION('',(-0.15118083600195,0.,0.988506122806405));
#5281=DIRECTION('',(0.,1.,0.));
#5282=DIRECTION('center_axis',(0.,-1.,0.));
#5283=DIRECTION('ref_axis',(-1.,0.,0.));
#5284=DIRECTION('center_axis',(0.,1.,0.));
#5285=DIRECTION('ref_axis',(-1.,0.,0.));
#5286=DIRECTION('center_axis',(0.,1.,0.));
#5287=DIRECTION('ref_axis',(-1.,0.,0.));
#5288=DIRECTION('center_axis',(0.,-1.,0.));
#5289=DIRECTION('ref_axis',(-1.,0.,0.));
#5290=DIRECTION('center_axis',(0.,1.,0.));
#5291=DIRECTION('ref_axis',(-1.,0.,0.));
#5292=DIRECTION('center_axis',(0.,1.,0.));
#5293=DIRECTION('ref_axis',(-1.,0.,0.));
#5294=DIRECTION('center_axis',(0.,-1.,0.));
#5295=DIRECTION('ref_axis',(0.988506122806406,0.,0.151180836001945));
#5296=DIRECTION('center_axis',(0.,1.,0.));
#5297=DIRECTION('ref_axis',(-1.,0.,0.));
#5298=DIRECTION('center_axis',(0.,1.,0.));
#5299=DIRECTION('ref_axis',(-1.,0.,0.));
#5300=DIRECTION('center_axis',(0.,0.,1.));
#5301=DIRECTION('ref_axis',(1.,0.,0.));
#5302=DIRECTION('center_axis',(0.,0.,1.));
#5303=DIRECTION('ref_axis',(1.,0.,0.));
#5304=DIRECTION('',(0.,0.,-1.));
#5305=DIRECTION('center_axis',(0.,0.,1.));
#5306=DIRECTION('ref_axis',(1.,0.,0.));
#5307=DIRECTION('',(0.,0.,1.));
#5308=DIRECTION('center_axis',(0.,0.,1.));
#5309=DIRECTION('ref_axis',(1.,0.,0.));
#5310=DIRECTION('',(-1.,0.,0.));
#5311=DIRECTION('center_axis',(0.,-1.,0.));
#5312=DIRECTION('ref_axis',(0.,0.,-1.));
#5313=DIRECTION('',(-1.,0.,0.));
#5314=DIRECTION('center_axis',(0.,1.,0.));
#5315=DIRECTION('ref_axis',(-0.809039834955891,0.,-0.587753813645258));
#5316=DIRECTION('center_axis',(0.,-1.,0.));
#5317=DIRECTION('ref_axis',(1.,0.,0.));
#5318=DIRECTION('center_axis',(0.,1.,0.));
#5319=DIRECTION('ref_axis',(-0.58775381364526,0.,-0.80903983495589));
#5320=DIRECTION('',(-1.25982754567394E-16,0.,1.));
#5321=DIRECTION('center_axis',(0.,1.,0.));
#5322=DIRECTION('ref_axis',(-0.587753813645259,0.,0.80903983495589));
#5323=DIRECTION('center_axis',(0.,-1.,0.));
#5324=DIRECTION('ref_axis',(1.,0.,0.));
#5325=DIRECTION('center_axis',(0.,1.,0.));
#5326=DIRECTION('ref_axis',(-0.80903983495589,0.,0.58775381364526));
#5327=DIRECTION('',(1.,0.,1.34981522750779E-16));
#5328=DIRECTION('center_axis',(0.,1.,0.));
#5329=DIRECTION('ref_axis',(0.809039834955891,0.,0.587753813645257));
#5330=DIRECTION('center_axis',(0.,-1.,0.));
#5331=DIRECTION('ref_axis',(1.,0.,0.));
#5332=DIRECTION('center_axis',(0.,1.,0.));
#5333=DIRECTION('ref_axis',(0.587753813645258,0.,0.809039834955891));
#5334=DIRECTION('',(-1.25982754567394E-16,0.,-1.));
#5335=DIRECTION('center_axis',(0.,1.,0.));
#5336=DIRECTION('ref_axis',(0.587753813645264,0.,-0.809039834955886));
#5337=DIRECTION('center_axis',(0.,-1.,0.));
#5338=DIRECTION('ref_axis',(1.,0.,0.));
#5339=DIRECTION('center_axis',(0.,1.,0.));
#5340=DIRECTION('ref_axis',(0.809039834955891,0.,-0.587753813645257));
#5341=DIRECTION('',(-1.,0.,0.));
#5342=DIRECTION('',(0.,0.,1.));
#5343=DIRECTION('',(1.,0.,-3.62521803959235E-16));
#5344=DIRECTION('',(0.,0.,-1.));
#5345=DIRECTION('',(1.,0.,2.01858731750028E-16));
#5346=DIRECTION('',(0.,0.,1.));
#5347=DIRECTION('',(1.,0.,-3.62521803959235E-16));
#5348=DIRECTION('',(0.,0.,-1.));
#5349=DIRECTION('',(1.,0.,2.01858731750028E-16));
#5350=DIRECTION('',(0.,0.,1.));
#5351=DIRECTION('',(1.,0.,-3.62521803959235E-16));
#5352=DIRECTION('center_axis',(0.,-1.,0.));
#5353=DIRECTION('ref_axis',(0.707106781186546,0.,-0.707106781186549));
#5354=DIRECTION('',(7.20144664621723E-16,0.,1.));
#5355=DIRECTION('center_axis',(0.,-1.,0.));
#5356=DIRECTION('ref_axis',(0.707106781186548,0.,0.707106781186547));
#5357=DIRECTION('',(-1.,0.,-1.81260901979617E-16));
#5358=DIRECTION('',(0.,0.,1.));
#5359=DIRECTION('',(-1.,0.,0.));
#5360=DIRECTION('',(0.,0.,-1.));
#5361=DIRECTION('',(-1.,0.,-1.81260901979617E-16));
#5362=DIRECTION('',(0.,0.,1.));
#5363=DIRECTION('',(-1.,0.,0.));
#5364=DIRECTION('',(0.,0.,-1.));
#5365=DIRECTION('',(-1.,0.,-1.81260901979617E-16));
#5366=DIRECTION('',(0.,0.,1.));
#5367=DIRECTION('',(-1.,0.,0.));
#5368=DIRECTION('',(0.,0.,-1.));
#5369=DIRECTION('',(-1.,0.,-1.81260901979617E-16));
#5370=DIRECTION('',(0.,0.,1.));
#5371=DIRECTION('',(-1.,0.,0.));
#5372=DIRECTION('',(0.,0.,-1.));
#5373=DIRECTION('',(-1.,0.,-1.81260901979617E-16));
#5374=DIRECTION('center_axis',(0.,-1.,0.));
#5375=DIRECTION('ref_axis',(-0.707106781186547,0.,0.707106781186547));
#5376=DIRECTION('',(-3.60072332310862E-16,0.,-1.));
#5377=DIRECTION('center_axis',(0.,-1.,0.));
#5378=DIRECTION('ref_axis',(-0.707106781186547,0.,-0.707106781186547));
#5379=DIRECTION('',(1.,0.,-3.62521803959235E-16));
#5380=DIRECTION('',(0.,0.,-1.));
#5381=DIRECTION('',(1.,0.,2.01858731750028E-16));
#5382=DIRECTION('',(0.,0.,1.));
#5383=DIRECTION('',(1.,0.,-3.62521803959235E-16));
#5384=DIRECTION('',(0.,0.,-1.));
#5385=DIRECTION('',(1.,0.,2.01858731750028E-16));
#5386=DIRECTION('',(0.00145354167330266,0.,0.999998943607744));
#5387=DIRECTION('',(-0.999998943607744,0.,0.00145354167330266));
#5388=DIRECTION('',(-0.00145354167330266,0.,-0.999998943607744));
#5389=DIRECTION('',(-0.999998943607744,0.,0.00145354167330292));
#5390=DIRECTION('',(1.25982754567394E-16,0.,1.));
#5391=DIRECTION('',(-1.,0.,0.));
#5392=DIRECTION('',(-1.25982754567394E-16,0.,-1.));
#5393=DIRECTION('',(-0.999998943607744,0.,0.00145354167330292));
#5394=DIRECTION('',(0.00145354167330266,0.,0.999998943607744));
#5395=DIRECTION('',(-0.999998943607744,0.,0.00145354167330266));
#5396=DIRECTION('',(-0.00145354167330266,0.,-0.999998943607744));
#5397=DIRECTION('',(-0.999998943607744,0.,0.00145354167330292));
#5398=DIRECTION('',(1.25982754567394E-16,0.,1.));
#5399=DIRECTION('',(-1.,0.,0.));
#5400=DIRECTION('',(-1.25982754567394E-16,0.,-1.));
#5401=DIRECTION('',(-0.999998943607744,0.,0.00145354167330292));
#5402=DIRECTION('',(0.,0.,-1.));
#5403=DIRECTION('',(0.99999632017573,0.,-0.00271286472194207));
#5404=DIRECTION('',(-1.25982754567394E-16,0.,-1.));
#5405=DIRECTION('',(-0.999907234216338,0.,0.0136206814012221));
#5406=DIRECTION('',(0.,0.,-1.));
#5407=DIRECTION('',(0.999994563074187,0.,-0.00329754788677762));
#5408=DIRECTION('',(-0.00145354167330266,0.,-0.999998943607744));
#5409=DIRECTION('',(0.999998943607744,0.,-0.00145354167330287));
#5410=DIRECTION('',(0.00145354167330266,0.,0.999998943607744));
#5411=DIRECTION('',(0.999994563074187,0.,-0.00329754788677762));
#5412=DIRECTION('',(-0.00145354167330266,0.,-0.999998943607744));
#5413=DIRECTION('',(0.999998943607744,0.,-0.00145354167330287));
#5414=DIRECTION('',(0.00145354167330266,0.,0.999998943607744));
#5415=DIRECTION('',(0.999994563074187,0.,-0.00329754788677762));
#5416=DIRECTION('',(0.,0.,1.));
#5417=DIRECTION('',(-0.999907234216338,0.,0.0136206814012221));
#5418=DIRECTION('',(1.25982754567394E-16,0.,1.));
#5419=DIRECTION('',(0.99999632017573,0.,-0.00271286472194207));
#5420=DIRECTION('',(0.,0.,1.));
#5421=DIRECTION('',(-0.999998943607744,0.,0.00145354167330292));
#5422=DIRECTION('',(1.25982754567394E-16,0.,1.));
#5423=DIRECTION('',(-1.,0.,0.));
#5424=DIRECTION('',(-1.25982754567394E-16,0.,-1.));
#5425=DIRECTION('',(-0.999998943607744,0.,0.00145354167330292));
#5426=DIRECTION('center_axis',(0.,0.,-1.));
#5427=DIRECTION('ref_axis',(1.,0.,0.));
#5428=DIRECTION('center_axis',(0.,0.,-1.));
#5429=DIRECTION('ref_axis',(1.,0.,0.));
#5430=DIRECTION('',(0.,0.,-1.));
#5431=DIRECTION('center_axis',(-2.69963045501558E-16,0.,1.));
#5432=DIRECTION('ref_axis',(1.,0.,0.));
#5433=DIRECTION('center_axis',(0.,0.,-1.));
#5434=DIRECTION('ref_axis',(1.,0.,0.));
#5435=DIRECTION('center_axis',(0.,0.,-1.));
#5436=DIRECTION('ref_axis',(1.,0.,0.));
#5437=DIRECTION('',(0.,0.,-1.));
#5438=DIRECTION('center_axis',(-2.69963045501558E-16,0.,1.));
#5439=DIRECTION('ref_axis',(1.,0.,0.));
#5440=DIRECTION('center_axis',(-0.999998943607744,0.,0.00145354167330287));
#5441=DIRECTION('ref_axis',(-0.000102716659232627,-0.9975,-0.0706663954740011));
#5442=DIRECTION('center_axis',(0.999998943607744,0.,-0.00145354167330266));
#5443=DIRECTION('ref_axis',(-0.000102716659232627,-0.9975,-0.0706663954740011));
#5444=DIRECTION('',(0.999998943607744,0.,-0.00145354167330287));
#5445=DIRECTION('center_axis',(-0.999998943607744,0.,0.00145354167330266));
#5446=DIRECTION('ref_axis',(-0.000102716659232627,-0.9975,-0.0706663954740011));
#5447=DIRECTION('center_axis',(0.999998943607744,0.,-0.00145354167330266));
#5448=DIRECTION('ref_axis',(0.,1.,0.));
#5449=DIRECTION('',(0.00145354167330266,0.,0.999998943607744));
#5450=DIRECTION('center_axis',(-0.999998943607744,0.,0.00145354167330266));
#5451=DIRECTION('ref_axis',(0.000102716659232627,-0.9975,0.0706663954740011));
#5452=DIRECTION('',(0.,-1.,0.));
#5453=DIRECTION('',(0.00145354167330266,0.,0.999998943607744));
#5454=DIRECTION('',(0.,1.,0.));
#5455=DIRECTION('',(0.00145354167330266,0.,0.999998943607744));
#5456=DIRECTION('',(0.,-1.,0.));
#5457=DIRECTION('',(0.00145354167330266,0.,0.999998943607744));
#5458=DIRECTION('',(0.,1.,0.));
#5459=DIRECTION('center_axis',(0.,-1.,0.));
#5460=DIRECTION('ref_axis',(0.999998943607744,0.,-0.00145354167330292));
#5461=DIRECTION('',(0.00145354167330266,0.,0.999998943607744));
#5462=DIRECTION('',(-0.999998943607744,0.,0.00145354167330266));
#5463=DIRECTION('center_axis',(-0.999998943607744,0.,0.00145354167330287));
#5464=DIRECTION('ref_axis',(-0.000102716659232627,-0.9975,-0.0706663954740011));
#5465=DIRECTION('center_axis',(0.999998943607744,0.,-0.00145354167330266));
#5466=DIRECTION('ref_axis',(-0.000102716659232627,-0.9975,-0.0706663954740011));
#5467=DIRECTION('',(0.999998943607744,0.,-0.00145354167330287));
#5468=DIRECTION('center_axis',(-0.999998943607744,0.,0.00145354167330266));
#5469=DIRECTION('ref_axis',(-0.000102716659232627,-0.9975,-0.0706663954740011));
#5470=DIRECTION('center_axis',(0.999998943607744,0.,-0.00145354167330266));
#5471=DIRECTION('ref_axis',(0.,1.,0.));
#5472=DIRECTION('',(0.00145354167330266,0.,0.999998943607744));
#5473=DIRECTION('center_axis',(-0.999998943607744,0.,0.00145354167330266));
#5474=DIRECTION('ref_axis',(0.000102716659232627,-0.9975,0.0706663954740011));
#5475=DIRECTION('',(0.,-1.,0.));
#5476=DIRECTION('',(0.00145354167330266,0.,0.999998943607744));
#5477=DIRECTION('',(0.,1.,0.));
#5478=DIRECTION('',(0.00145354167330266,0.,0.999998943607744));
#5479=DIRECTION('',(0.,-1.,0.));
#5480=DIRECTION('',(0.00145354167330266,0.,0.999998943607744));
#5481=DIRECTION('',(0.,1.,0.));
#5482=DIRECTION('center_axis',(0.,-1.,0.));
#5483=DIRECTION('ref_axis',(0.999998943607744,0.,-0.00145354167330292));
#5484=DIRECTION('',(0.00145354167330266,0.,0.999998943607744));
#5485=DIRECTION('',(-0.999998943607744,0.,0.00145354167330266));
#5486=DIRECTION('center_axis',(0.999998943607744,0.,-0.00145354167330266));
#5487=DIRECTION('ref_axis',(0.000102716659232627,-0.9975,0.0706663954740011));
#5488=DIRECTION('center_axis',(0.999998943607744,0.,-0.00145354167330266));
#5489=DIRECTION('ref_axis',(0.000102716659232627,-0.9975,0.0706663954740011));
#5490=DIRECTION('center_axis',(0.999998943607744,0.,-0.00145354167330266));
#5491=DIRECTION('ref_axis',(0.000102716659232627,-0.9975,0.0706663954740011));
#5492=DIRECTION('center_axis',(0.999998943607744,0.,-0.00145354167330266));
#5493=DIRECTION('ref_axis',(0.000102716659232627,-0.9975,0.0706663954740011));
#5494=DIRECTION('center_axis',(-0.999998943607744,0.,0.00145354167330266));
#5495=DIRECTION('ref_axis',(0.,-1.,0.));
#5496=DIRECTION('',(0.,-1.,0.));
#5497=DIRECTION('',(-0.00145354167330287,0.,-0.999998943607744));
#5498=DIRECTION('',(0.,1.,0.));
#5499=DIRECTION('',(-0.00145354167330266,0.,-0.999998943607744));
#5500=DIRECTION('',(0.,-1.,0.));
#5501=DIRECTION('',(-0.00145354167330287,0.,-0.999998943607744));
#5502=DIRECTION('',(0.,1.,0.));
#5503=DIRECTION('center_axis',(0.,1.,0.));
#5504=DIRECTION('ref_axis',(-0.999998943607744,0.,0.00145354167330292));
#5505=DIRECTION('',(0.999907234216338,0.,-0.0136206814012221));
#5506=DIRECTION('',(-0.999994563074187,0.,0.00329754788677762));
#5507=DIRECTION('center_axis',(0.,1.,0.));
#5508=DIRECTION('ref_axis',(-0.999998943607744,0.,0.00145354167330292));
#5509=DIRECTION('',(0.999998943607744,0.,-0.00145354167330292));
#5510=DIRECTION('',(-0.99999632017573,0.,0.00271286472194207));
#5511=DIRECTION('center_axis',(-0.999998943607744,0.,0.00145354167330266));
#5512=DIRECTION('ref_axis',(0.,-1.,0.));
#5513=DIRECTION('',(0.,-1.,0.));
#5514=DIRECTION('',(-0.00145354167330287,0.,-0.999998943607744));
#5515=DIRECTION('',(0.,1.,0.));
#5516=DIRECTION('',(-0.00145354167330266,0.,-0.999998943607744));
#5517=DIRECTION('',(0.,-1.,0.));
#5518=DIRECTION('',(-0.00145354167330287,0.,-0.999998943607744));
#5519=DIRECTION('',(0.,1.,0.));
#5520=DIRECTION('center_axis',(0.,1.,0.));
#5521=DIRECTION('ref_axis',(-0.999998943607744,0.,0.00145354167330292));
#5522=DIRECTION('',(0.999907234216338,0.,-0.0136206814012221));
#5523=DIRECTION('',(-0.999994563074187,0.,0.00329754788677762));
#5524=DIRECTION('center_axis',(0.,1.,0.));
#5525=DIRECTION('ref_axis',(-0.999998943607744,0.,0.00145354167330292));
#5526=DIRECTION('',(0.999998943607744,0.,-0.00145354167330292));
#5527=DIRECTION('',(-0.99999632017573,0.,0.00271286472194207));
#5528=DIRECTION('center_axis',(-0.00271286472194207,0.,-0.99999632017573));
#5529=DIRECTION('ref_axis',(-0.99999632017573,0.,0.00271286472194207));
#5530=DIRECTION('',(0.99999632017573,0.,-0.00271286472194207));
#5531=DIRECTION('',(0.,-1.,0.));
#5532=DIRECTION('',(-0.99999632017573,0.,0.00271286472194207));
#5533=DIRECTION('',(0.,1.,0.));
#5534=DIRECTION('',(0.99999632017573,0.,-0.00271286472194207));
#5535=DIRECTION('center_axis',(0.,-1.,0.));
#5536=DIRECTION('ref_axis',(0.,0.,-1.));
#5537=DIRECTION('',(-0.999907234216338,0.,0.0136206814012221));
#5538=DIRECTION('',(1.25982754567394E-16,0.,1.));
#5539=DIRECTION('center_axis',(-0.00271286472194207,0.,-0.99999632017573));
#5540=DIRECTION('ref_axis',(-0.99999632017573,0.,0.00271286472194207));
#5541=DIRECTION('',(0.99999632017573,0.,-0.00271286472194207));
#5542=DIRECTION('',(0.,-1.,0.));
#5543=DIRECTION('',(-0.99999632017573,0.,0.00271286472194207));
#5544=DIRECTION('',(0.,1.,0.));
#5545=DIRECTION('',(0.99999632017573,0.,-0.00271286472194207));
#5546=DIRECTION('center_axis',(0.,-1.,0.));
#5547=DIRECTION('ref_axis',(0.,0.,-1.));
#5548=DIRECTION('',(-0.999907234216338,0.,0.0136206814012221));
#5549=DIRECTION('',(1.25982754567394E-16,0.,1.));
#5550=DIRECTION('center_axis',(0.00145354167330292,0.,0.999998943607744));
#5551=DIRECTION('ref_axis',(0.999998943607744,0.,-0.00145354167330292));
#5552=DIRECTION('',(0.,1.,0.));
#5553=DIRECTION('',(0.,1.,0.));
#5554=DIRECTION('',(0.999998943607744,0.,-0.00145354167330292));
#5555=DIRECTION('center_axis',(0.00145354167330292,0.,0.999998943607744));
#5556=DIRECTION('ref_axis',(0.999998943607744,0.,-0.00145354167330292));
#5557=DIRECTION('',(0.,-1.,0.));
#5558=DIRECTION('',(0.999998943607744,0.,-0.00145354167330292));
#5559=DIRECTION('',(0.,1.,0.));
#5560=DIRECTION('center_axis',(0.00145354167330292,0.,0.999998943607744));
#5561=DIRECTION('ref_axis',(0.999998943607744,0.,-0.00145354167330292));
#5562=DIRECTION('',(0.,-1.,0.));
#5563=DIRECTION('',(0.999998943607744,0.,-0.00145354167330292));
#5564=DIRECTION('',(0.,1.,0.));
#5565=DIRECTION('center_axis',(0.00145354167330292,0.,0.999998943607744));
#5566=DIRECTION('ref_axis',(0.999998943607744,0.,-0.00145354167330292));
#5567=DIRECTION('',(0.,-1.,0.));
#5568=DIRECTION('',(0.999998943607744,0.,-0.00145354167330292));
#5569=DIRECTION('',(0.,1.,0.));
#5570=DIRECTION('center_axis',(0.,1.,0.));
#5571=DIRECTION('ref_axis',(0.,0.,1.));
#5572=DIRECTION('',(-1.25982754567394E-16,0.,-1.));
#5573=DIRECTION('',(0.,0.,-1.));
#5574=DIRECTION('',(-0.99999632017573,0.,0.00271286472194207));
#5575=DIRECTION('center_axis',(0.,1.,0.));
#5576=DIRECTION('ref_axis',(0.,0.,1.));
#5577=DIRECTION('',(-1.25982754567394E-16,0.,-1.));
#5578=DIRECTION('',(1.25982754567394E-16,0.,1.));
#5579=DIRECTION('center_axis',(0.,1.,0.));
#5580=DIRECTION('ref_axis',(0.,0.,1.));
#5581=DIRECTION('',(-1.25982754567394E-16,0.,-1.));
#5582=DIRECTION('',(1.25982754567394E-16,0.,1.));
#5583=DIRECTION('center_axis',(0.,1.,0.));
#5584=DIRECTION('ref_axis',(0.,0.,1.));
#5585=DIRECTION('',(1.25982754567394E-16,0.,1.));
#5586=DIRECTION('',(-0.99999632017573,0.,0.00271286472194207));
#5587=DIRECTION('',(0.,0.,1.));
#5588=DIRECTION('center_axis',(-0.00271286472194207,0.,-0.99999632017573));
#5589=DIRECTION('ref_axis',(-0.99999632017573,0.,0.00271286472194207));
#5590=DIRECTION('',(0.,-1.,0.));
#5591=DIRECTION('',(0.,1.,0.));
#5592=DIRECTION('center_axis',(-0.00271286472194207,0.,-0.99999632017573));
#5593=DIRECTION('ref_axis',(-0.99999632017573,0.,0.00271286472194207));
#5594=DIRECTION('',(0.,1.,0.));
#5595=DIRECTION('',(0.,1.,0.));
#5596=DIRECTION('center_axis',(1.,0.,0.));
#5597=DIRECTION('ref_axis',(0.,0.,-1.));
#5598=DIRECTION('center_axis',(-1.,0.,0.));
#5599=DIRECTION('ref_axis',(0.,0.,1.));
#5600=DIRECTION('center_axis',(0.,1.,0.));
#5601=DIRECTION('ref_axis',(0.,0.,1.));
#5602=DIRECTION('',(1.25982754567394E-16,0.,1.));
#5603=DIRECTION('',(-1.,0.,0.));
#5604=DIRECTION('',(-1.25982754567394E-16,0.,-1.));
#5605=DIRECTION('',(0.999907234216338,0.,-0.0136206814012221));
#5606=DIRECTION('',(1.25982754567394E-16,0.,1.));
#5607=DIRECTION('',(-1.,0.,0.));
#5608=DIRECTION('',(-1.25982754567394E-16,0.,-1.));
#5609=DIRECTION('',(0.999907234216338,0.,-0.0136206814012221));
#5610=DIRECTION('',(1.25982754567394E-16,0.,1.));
#5611=DIRECTION('',(-1.,0.,0.));
#5612=DIRECTION('',(-1.25982754567394E-16,0.,-1.));
#5613=DIRECTION('',(0.999907234216338,0.,-0.0136206814012221));
#5614=DIRECTION('',(0.,0.,-1.));
#5615=DIRECTION('',(-0.999994563074187,0.,0.00329754788677762));
#5616=DIRECTION('',(0.,0.,1.));
#5617=DIRECTION('',(0.999907234216338,0.,-0.0136206814012221));
#5618=DIRECTION('center_axis',(0.0136206814012221,0.,0.999907234216338));
#5619=DIRECTION('ref_axis',(0.999907234216338,0.,-0.0136206814012221));
#5620=DIRECTION('',(-0.999907234216338,0.,0.0136206814012221));
#5621=DIRECTION('',(0.,-1.,0.));
#5622=DIRECTION('',(0.,1.,0.));
#5623=DIRECTION('center_axis',(0.0136206814012221,0.,0.999907234216338));
#5624=DIRECTION('ref_axis',(0.999907234216338,0.,-0.0136206814012221));
#5625=DIRECTION('',(0.,1.,0.));
#5626=DIRECTION('',(0.,1.,0.));
#5627=DIRECTION('center_axis',(0.0136206814012221,0.,0.999907234216338));
#5628=DIRECTION('ref_axis',(0.999907234216338,0.,-0.0136206814012221));
#5629=DIRECTION('',(-0.999907234216338,0.,0.0136206814012221));
#5630=DIRECTION('',(0.,-1.,0.));
#5631=DIRECTION('',(0.,1.,0.));
#5632=DIRECTION('center_axis',(-1.,0.,0.));
#5633=DIRECTION('ref_axis',(0.,0.,1.));
#5634=DIRECTION('',(0.,1.,0.));
#5635=DIRECTION('',(0.,1.,0.));
#5636=DIRECTION('center_axis',(-0.00329754788677762,0.,-0.999994563074187));
#5637=DIRECTION('ref_axis',(-0.999994563074187,0.,0.00329754788677762));
#5638=DIRECTION('',(0.,1.,0.));
#5639=DIRECTION('center_axis',(1.,0.,0.));
#5640=DIRECTION('ref_axis',(0.,0.,-1.));
#5641=DIRECTION('center_axis',(0.0136206814012221,0.,0.999907234216338));
#5642=DIRECTION('ref_axis',(0.999907234216338,0.,-0.0136206814012221));
#5643=DIRECTION('',(0.,-1.,0.));
#5644=DIRECTION('center_axis',(-1.,0.,1.25982754567394E-16));
#5645=DIRECTION('ref_axis',(1.25982754567394E-16,0.,1.));
#5646=DIRECTION('',(0.,1.,0.));
#5647=DIRECTION('',(1.25982754567394E-16,0.,1.));
#5648=DIRECTION('center_axis',(-1.,0.,1.25982754567394E-16));
#5649=DIRECTION('ref_axis',(-1.25982754567394E-16,0.,-1.));
#5650=DIRECTION('',(1.25982754567394E-16,0.,1.));
#5651=DIRECTION('',(0.,-1.,0.));
#5652=DIRECTION('center_axis',(-1.,0.,1.25982754567394E-16));
#5653=DIRECTION('ref_axis',(1.25982754567394E-16,0.,1.));
#5654=DIRECTION('',(0.,1.,0.));
#5655=DIRECTION('',(1.25982754567394E-16,0.,1.));
#5656=DIRECTION('center_axis',(-1.,0.,1.25982754567394E-16));
#5657=DIRECTION('ref_axis',(-1.25982754567394E-16,0.,-1.));
#5658=DIRECTION('',(1.25982754567394E-16,0.,1.));
#5659=DIRECTION('',(0.,-1.,0.));
#5660=DIRECTION('center_axis',(-1.,0.,1.25982754567394E-16));
#5661=DIRECTION('ref_axis',(1.25982754567394E-16,0.,1.));
#5662=DIRECTION('',(0.,1.,0.));
#5663=DIRECTION('',(1.25982754567394E-16,0.,1.));
#5664=DIRECTION('center_axis',(-1.,0.,1.25982754567394E-16));
#5665=DIRECTION('ref_axis',(-1.25982754567394E-16,0.,-1.));
#5666=DIRECTION('',(1.25982754567394E-16,0.,1.));
#5667=DIRECTION('',(0.,-1.,0.));
#5668=DIRECTION('center_axis',(0.,0.,-1.));
#5669=DIRECTION('ref_axis',(0.,-1.,0.));
#5670=DIRECTION('',(0.,-1.,0.));
#5671=DIRECTION('',(-1.,0.,0.));
#5672=DIRECTION('center_axis',(0.,-1.,0.));
#5673=DIRECTION('ref_axis',(0.,0.,-1.));
#5674=DIRECTION('',(-1.25982754567394E-16,0.,-1.));
#5675=DIRECTION('center_axis',(0.,-1.,0.));
#5676=DIRECTION('ref_axis',(0.,0.,-1.));
#5677=DIRECTION('',(-1.25982754567394E-16,0.,-1.));
#5678=DIRECTION('center_axis',(0.,0.,1.));
#5679=DIRECTION('ref_axis',(0.,1.,0.));
#5680=DIRECTION('',(1.,0.,0.));
#5681=DIRECTION('',(0.,1.,0.));
#5682=DIRECTION('center_axis',(0.,0.,-1.));
#5683=DIRECTION('ref_axis',(0.,-1.,0.));
#5684=DIRECTION('',(0.,-1.,0.));
#5685=DIRECTION('',(-1.,0.,0.));
#5686=DIRECTION('center_axis',(0.,1.,0.));
#5687=DIRECTION('ref_axis',(-1.25982754567394E-16,0.,-1.));
#5688=DIRECTION('',(-1.25982754567394E-16,0.,-1.));
#5689=DIRECTION('',(-1.,0.,0.));
#5690=DIRECTION('center_axis',(-1.,0.,0.));
#5691=DIRECTION('ref_axis',(0.,0.,-1.));
#5692=DIRECTION('center_axis',(1.,0.,-1.25982754567394E-16));
#5693=DIRECTION('ref_axis',(-1.25982754567394E-16,0.,-1.));
#5694=DIRECTION('',(-1.,0.,0.));
#5695=DIRECTION('center_axis',(0.,1.,0.));
#5696=DIRECTION('ref_axis',(-1.25982754567394E-16,0.,-1.));
#5697=DIRECTION('',(-1.25982754567394E-16,0.,-1.));
#5698=DIRECTION('center_axis',(-1.,0.,1.25982754567394E-16));
#5699=DIRECTION('ref_axis',(1.25982754567394E-16,0.,1.));
#5700=DIRECTION('center_axis',(0.,0.,1.));
#5701=DIRECTION('ref_axis',(0.,1.,0.));
#5702=DIRECTION('',(1.,0.,0.));
#5703=DIRECTION('',(0.,1.,0.));
#5704=DIRECTION('center_axis',(0.,0.,-1.));
#5705=DIRECTION('ref_axis',(0.,-1.,0.));
#5706=DIRECTION('',(0.,-1.,0.));
#5707=DIRECTION('',(-1.,0.,0.));
#5708=DIRECTION('center_axis',(0.,1.,0.));
#5709=DIRECTION('ref_axis',(-1.25982754567394E-16,0.,-1.));
#5710=DIRECTION('',(-1.25982754567394E-16,0.,-1.));
#5711=DIRECTION('',(-1.,0.,0.));
#5712=DIRECTION('center_axis',(-1.,0.,0.));
#5713=DIRECTION('ref_axis',(0.,0.,-1.));
#5714=DIRECTION('center_axis',(1.,0.,-1.25982754567394E-16));
#5715=DIRECTION('ref_axis',(-1.25982754567394E-16,0.,-1.));
#5716=DIRECTION('',(-1.,0.,0.));
#5717=DIRECTION('center_axis',(0.,1.,0.));
#5718=DIRECTION('ref_axis',(-1.25982754567394E-16,0.,-1.));
#5719=DIRECTION('',(-1.25982754567394E-16,0.,-1.));
#5720=DIRECTION('center_axis',(-1.,0.,1.25982754567394E-16));
#5721=DIRECTION('ref_axis',(1.25982754567394E-16,0.,1.));
#5722=DIRECTION('center_axis',(0.,0.,1.));
#5723=DIRECTION('ref_axis',(0.,1.,0.));
#5724=DIRECTION('',(1.,0.,0.));
#5725=DIRECTION('',(0.,1.,0.));
#5726=DIRECTION('center_axis',(0.,1.,0.));
#5727=DIRECTION('ref_axis',(-1.25982754567394E-16,0.,-1.));
#5728=DIRECTION('',(-1.25982754567394E-16,0.,-1.));
#5729=DIRECTION('',(-1.,0.,0.));
#5730=DIRECTION('center_axis',(-1.,0.,0.));
#5731=DIRECTION('ref_axis',(0.,0.,-1.));
#5732=DIRECTION('center_axis',(1.,0.,-1.25982754567394E-16));
#5733=DIRECTION('ref_axis',(-1.25982754567394E-16,0.,-1.));
#5734=DIRECTION('',(-1.,0.,0.));
#5735=DIRECTION('center_axis',(0.,1.,0.));
#5736=DIRECTION('ref_axis',(-1.25982754567394E-16,0.,-1.));
#5737=DIRECTION('',(-1.25982754567394E-16,0.,-1.));
#5738=DIRECTION('center_axis',(-1.,0.,1.25982754567394E-16));
#5739=DIRECTION('ref_axis',(1.25982754567394E-16,0.,1.));
#5740=DIRECTION('center_axis',(0.,-1.,0.));
#5741=DIRECTION('ref_axis',(0.809039834955891,0.,-0.587753813645257));
#5742=DIRECTION('',(0.,1.,0.));
#5743=DIRECTION('center_axis',(0.,1.,0.));
#5744=DIRECTION('ref_axis',(0.809039834955891,0.,-0.587753813645257));
#5745=DIRECTION('',(0.,-1.,0.));
#5746=DIRECTION('center_axis',(0.,0.,1.));
#5747=DIRECTION('ref_axis',(-1.,0.,0.));
#5748=DIRECTION('',(-1.,0.,0.));
#5749=DIRECTION('',(0.,1.,0.));
#5750=DIRECTION('center_axis',(0.,-1.,0.));
#5751=DIRECTION('ref_axis',(0.587753813645264,0.,-0.809039834955886));
#5752=DIRECTION('',(0.,1.,0.));
#5753=DIRECTION('center_axis',(0.,1.,0.));
#5754=DIRECTION('ref_axis',(0.587753813645264,0.,-0.809039834955886));
#5755=DIRECTION('',(0.,-1.,0.));
#5756=DIRECTION('center_axis',(-1.,0.,1.25982754567394E-16));
#5757=DIRECTION('ref_axis',(-1.25982754567394E-16,0.,-1.));
#5758=DIRECTION('',(0.,-1.,0.));
#5759=DIRECTION('',(-1.25982754567394E-16,0.,-1.));
#5760=DIRECTION('center_axis',(0.,-1.,0.));
#5761=DIRECTION('ref_axis',(0.587753813645258,0.,0.809039834955891));
#5762=DIRECTION('',(0.,1.,0.));
#5763=DIRECTION('center_axis',(0.,1.,0.));
#5764=DIRECTION('ref_axis',(0.587753813645258,0.,0.809039834955891));
#5765=DIRECTION('center_axis',(0.,-1.,0.));
#5766=DIRECTION('ref_axis',(-0.707106781186547,0.,-0.707106781186548));
#5767=DIRECTION('',(0.,-1.,0.));
#5768=DIRECTION('center_axis',(0.,-1.,0.));
#5769=DIRECTION('ref_axis',(1.,0.,0.));
#5770=DIRECTION('center_axis',(0.,-1.,0.));
#5771=DIRECTION('ref_axis',(0.809039834955891,0.,0.587753813645257));
#5772=DIRECTION('',(0.,1.,0.));
#5773=DIRECTION('center_axis',(0.,1.,0.));
#5774=DIRECTION('ref_axis',(0.809039834955891,0.,0.587753813645257));
#5775=DIRECTION('center_axis',(1.34981522750779E-16,0.,-1.));
#5776=DIRECTION('ref_axis',(1.,0.,1.34981522750779E-16));
#5777=DIRECTION('',(0.,-1.,0.));
#5778=DIRECTION('',(1.,0.,1.34981522750779E-16));
#5779=DIRECTION('center_axis',(0.,-1.,0.));
#5780=DIRECTION('ref_axis',(-0.80903983495589,0.,0.58775381364526));
#5781=DIRECTION('',(0.,1.,0.));
#5782=DIRECTION('center_axis',(0.,1.,0.));
#5783=DIRECTION('ref_axis',(-0.80903983495589,0.,0.58775381364526));
#5784=DIRECTION('center_axis',(0.,-1.,0.));
#5785=DIRECTION('ref_axis',(1.,0.,0.));
#5786=DIRECTION('',(0.,-1.,0.));
#5787=DIRECTION('center_axis',(0.,-1.,0.));
#5788=DIRECTION('ref_axis',(1.,0.,0.));
#5789=DIRECTION('center_axis',(0.,-1.,0.));
#5790=DIRECTION('ref_axis',(-0.587753813645259,0.,0.80903983495589));
#5791=DIRECTION('',(0.,1.,0.));
#5792=DIRECTION('center_axis',(0.,1.,0.));
#5793=DIRECTION('ref_axis',(-0.587753813645259,0.,0.80903983495589));
#5794=DIRECTION('center_axis',(1.,0.,1.25982754567394E-16));
#5795=DIRECTION('ref_axis',(-1.25982754567394E-16,0.,1.));
#5796=DIRECTION('',(0.,-1.,0.));
#5797=DIRECTION('',(-1.25982754567394E-16,0.,1.));
#5798=DIRECTION('center_axis',(0.,-1.,0.));
#5799=DIRECTION('ref_axis',(-0.58775381364526,0.,-0.80903983495589));
#5800=DIRECTION('',(0.,1.,0.));
#5801=DIRECTION('center_axis',(0.,1.,0.));
#5802=DIRECTION('ref_axis',(-0.58775381364526,0.,-0.80903983495589));
#5803=DIRECTION('center_axis',(0.,-1.,0.));
#5804=DIRECTION('ref_axis',(1.,0.,0.));
#5805=DIRECTION('',(0.,-1.,0.));
#5806=DIRECTION('center_axis',(0.,-1.,0.));
#5807=DIRECTION('ref_axis',(1.,0.,0.));
#5808=DIRECTION('center_axis',(0.,-1.,0.));
#5809=DIRECTION('ref_axis',(-0.809039834955891,0.,-0.587753813645258));
#5810=DIRECTION('center_axis',(0.,1.,0.));
#5811=DIRECTION('ref_axis',(-0.809039834955891,0.,-0.587753813645258));
#5812=DIRECTION('center_axis',(-1.,-1.11022302462516E-16,-2.01858731750028E-16));
#5813=DIRECTION('ref_axis',(1.02482125350014E-16,-0.998076923076923,-0.061987544081871));
#5814=DIRECTION('center_axis',(1.,3.36431219583381E-16,0.));
#5815=DIRECTION('ref_axis',(1.02482125350014E-16,-0.998076923076923,-0.061987544081871));
#5816=DIRECTION('',(1.,1.11022302462516E-16,2.01858731750028E-16));
#5817=DIRECTION('center_axis',(-1.,0.,0.));
#5818=DIRECTION('ref_axis',(1.02482125350014E-16,-0.998076923076923,-0.061987544081871));
#5819=DIRECTION('center_axis',(1.,0.,0.));
#5820=DIRECTION('ref_axis',(0.,1.,0.));
#5821=DIRECTION('',(2.01858731750028E-16,0.,-1.));
#5822=DIRECTION('center_axis',(-1.,0.,0.));
#5823=DIRECTION('ref_axis',(1.02482125350014E-16,-0.998076923076923,0.061987544081871));
#5824=DIRECTION('',(0.,-1.,0.));
#5825=DIRECTION('',(0.,0.,1.));
#5826=DIRECTION('',(0.,1.,0.));
#5827=DIRECTION('',(0.,0.,1.));
#5828=DIRECTION('',(0.,-1.,0.));
#5829=DIRECTION('',(0.,0.,1.));
#5830=DIRECTION('',(0.,1.,0.));
#5831=DIRECTION('center_axis',(1.11022302462516E-16,-1.,0.));
#5832=DIRECTION('ref_axis',(1.,1.11022302462516E-16,1.81260901979617E-16));
#5833=DIRECTION('',(0.,0.,1.));
#5834=DIRECTION('',(-1.,-1.11022302462516E-16,0.));
#5835=DIRECTION('center_axis',(-1.,0.,-2.01858731750028E-16));
#5836=DIRECTION('ref_axis',(0.,-0.998076923076923,-0.061987544081871));
#5837=DIRECTION('center_axis',(1.,0.,0.));
#5838=DIRECTION('ref_axis',(0.,-0.998076923076923,-0.061987544081871));
#5839=DIRECTION('',(1.,0.,2.01858731750028E-16));
#5840=DIRECTION('center_axis',(-1.,0.,0.));
#5841=DIRECTION('ref_axis',(0.,-0.998076923076923,-0.061987544081871));
#5842=DIRECTION('center_axis',(1.,0.,0.));
#5843=DIRECTION('ref_axis',(0.,1.,0.));
#5844=DIRECTION('',(2.01858731750028E-16,0.,-1.));
#5845=DIRECTION('center_axis',(-1.,0.,0.));
#5846=DIRECTION('ref_axis',(0.,-0.998076923076923,0.061987544081871));
#5847=DIRECTION('',(0.,-1.,0.));
#5848=DIRECTION('',(0.,0.,1.));
#5849=DIRECTION('',(0.,1.,0.));
#5850=DIRECTION('',(0.,0.,1.));
#5851=DIRECTION('',(0.,-1.,0.));
#5852=DIRECTION('',(0.,0.,1.));
#5853=DIRECTION('',(0.,1.,0.));
#5854=DIRECTION('center_axis',(0.,-1.,0.));
#5855=DIRECTION('ref_axis',(1.,0.,1.81260901979617E-16));
#5856=DIRECTION('',(0.,0.,1.));
#5857=DIRECTION('',(-1.,0.,0.));
#5858=DIRECTION('center_axis',(-1.,-9.71445146547013E-16,-2.01858731750028E-16));
#5859=DIRECTION('ref_axis',(9.56499836600135E-16,-0.998076923076923,-0.061987544081871));
#5860=DIRECTION('center_axis',(1.,1.26882631385732E-15,0.));
#5861=DIRECTION('ref_axis',(9.56499836600135E-16,-0.998076923076923,-0.061987544081871));
#5862=DIRECTION('',(1.,9.71445146547013E-16,2.01858731750028E-16));
#5863=DIRECTION('center_axis',(-1.,-1.26882631385732E-15,0.));
#5864=DIRECTION('ref_axis',(9.56499836600135E-16,-0.998076923076923,-0.061987544081871));
#5865=DIRECTION('center_axis',(1.,1.26882631385732E-15,0.));
#5866=DIRECTION('ref_axis',(-1.26882631385732E-15,1.,-2.29988602105251E-31));
#5867=DIRECTION('',(0.,0.,1.));
#5868=DIRECTION('center_axis',(-1.,-1.26882631385732E-15,0.));
#5869=DIRECTION('ref_axis',(9.56499836600135E-16,-0.998076923076923,0.061987544081871));
#5870=DIRECTION('',(1.26882631385732E-15,-1.,2.29988602105251E-31));
#5871=DIRECTION('',(0.,0.,1.));
#5872=DIRECTION('',(-1.26882631385732E-15,1.,0.));
#5873=DIRECTION('',(0.,0.,1.));
#5874=DIRECTION('',(1.26882631385732E-15,-1.,-5.24160069914293E-31));
#5875=DIRECTION('',(0.,0.,1.));
#5876=DIRECTION('',(-1.26882631385732E-15,1.,4.59977204210502E-31));
#5877=DIRECTION('center_axis',(9.71445146547013E-16,-1.,0.));
#5878=DIRECTION('ref_axis',(1.,9.71445146547013E-16,1.81260901979617E-16));
#5879=DIRECTION('',(0.,0.,1.));
#5880=DIRECTION('',(-1.,-9.71445146547013E-16,0.));
#5881=DIRECTION('center_axis',(-1.,0.,-2.01858731750028E-16));
#5882=DIRECTION('ref_axis',(0.,-0.998076923076923,-0.061987544081871));
#5883=DIRECTION('center_axis',(1.,0.,0.));
#5884=DIRECTION('ref_axis',(0.,-0.998076923076923,-0.061987544081871));
#5885=DIRECTION('',(1.,0.,2.01858731750028E-16));
#5886=DIRECTION('center_axis',(-1.,0.,0.));
#5887=DIRECTION('ref_axis',(0.,-0.998076923076923,-0.061987544081871));
#5888=DIRECTION('center_axis',(1.,0.,0.));
#5889=DIRECTION('ref_axis',(0.,1.,0.));
#5890=DIRECTION('',(2.01858731750028E-16,0.,-1.));
#5891=DIRECTION('center_axis',(-1.,0.,0.));
#5892=DIRECTION('ref_axis',(0.,-0.998076923076923,0.061987544081871));
#5893=DIRECTION('',(0.,-1.,0.));
#5894=DIRECTION('',(0.,0.,1.));
#5895=DIRECTION('',(0.,1.,0.));
#5896=DIRECTION('',(0.,0.,1.));
#5897=DIRECTION('',(0.,-1.,0.));
#5898=DIRECTION('',(0.,0.,1.));
#5899=DIRECTION('',(0.,1.,0.));
#5900=DIRECTION('center_axis',(0.,-1.,0.));
#5901=DIRECTION('ref_axis',(1.,0.,1.81260901979617E-16));
#5902=DIRECTION('',(0.,0.,1.));
#5903=DIRECTION('',(-1.,0.,0.));
#5904=DIRECTION('center_axis',(1.,0.,0.));
#5905=DIRECTION('ref_axis',(0.,-0.998076923076923,0.061987544081871));
#5906=DIRECTION('center_axis',(1.,0.,0.));
#5907=DIRECTION('ref_axis',(0.,-0.998076923076923,0.061987544081871));
#5908=DIRECTION('center_axis',(-1.,0.,0.));
#5909=DIRECTION('ref_axis',(0.,-1.,0.));
#5910=DIRECTION('',(0.,-1.,0.));
#5911=DIRECTION('',(0.,0.,1.));
#5912=DIRECTION('',(0.,1.,0.));
#5913=DIRECTION('',(0.,0.,-1.));
#5914=DIRECTION('',(0.,-1.,0.));
#5915=DIRECTION('',(0.,0.,1.));
#5916=DIRECTION('',(0.,1.,0.));
#5917=DIRECTION('center_axis',(1.,9.71445146547013E-16,0.));
#5918=DIRECTION('ref_axis',(9.56499836600135E-16,-0.998076923076923,0.061987544081871));
#5919=DIRECTION('center_axis',(1.,1.26882631385732E-15,0.));
#5920=DIRECTION('ref_axis',(9.56499836600135E-16,-0.998076923076923,0.061987544081871));
#5921=DIRECTION('center_axis',(1.,0.,0.));
#5922=DIRECTION('ref_axis',(0.,-0.998076923076923,0.061987544081871));
#5923=DIRECTION('center_axis',(1.,0.,0.));
#5924=DIRECTION('ref_axis',(0.,-0.998076923076923,0.061987544081871));
#5925=DIRECTION('center_axis',(-1.,0.,0.));
#5926=DIRECTION('ref_axis',(0.,-1.,0.));
#5927=DIRECTION('',(0.,-1.,0.));
#5928=DIRECTION('',(0.,0.,1.));
#5929=DIRECTION('',(0.,1.,0.));
#5930=DIRECTION('',(0.,0.,-1.));
#5931=DIRECTION('',(0.,-1.,0.));
#5932=DIRECTION('',(0.,0.,1.));
#5933=DIRECTION('',(0.,1.,0.));
#5934=DIRECTION('center_axis',(1.,1.11022302462516E-16,0.));
#5935=DIRECTION('ref_axis',(1.02482125350014E-16,-0.998076923076923,0.061987544081871));
#5936=DIRECTION('center_axis',(1.,3.36431219583381E-16,0.));
#5937=DIRECTION('ref_axis',(1.02482125350014E-16,-0.998076923076923,0.061987544081871));
#5938=DIRECTION('center_axis',(-1.,-3.36431219583381E-16,0.));
#5939=DIRECTION('ref_axis',(3.36431219583381E-16,-1.,6.09818263157863E-32));
#5940=DIRECTION('',(3.36431219583381E-16,-1.,-1.21963652631573E-31));
#5941=DIRECTION('',(0.,0.,1.));
#5942=DIRECTION('',(-3.36431219583381E-16,1.,1.38981836719699E-31));
#5943=DIRECTION('',(0.,0.,-1.));
#5944=DIRECTION('',(3.36431219583381E-16,-1.,0.));
#5945=DIRECTION('',(0.,0.,1.));
#5946=DIRECTION('',(-3.36431219583381E-16,1.,-6.09818263157863E-32));
#5947=DIRECTION('center_axis',(0.,1.,0.));
#5948=DIRECTION('ref_axis',(-1.,0.,-1.81260901979617E-16));
#5949=DIRECTION('',(-1.,0.,0.));
#5950=DIRECTION('',(1.,0.,1.81260901979617E-16));
#5951=DIRECTION('center_axis',(0.,1.,0.));
#5952=DIRECTION('ref_axis',(-1.,0.,-1.81260901979617E-16));
#5953=DIRECTION('',(-1.,0.,3.62521803959235E-16));
#5954=DIRECTION('',(1.,0.,-4.13106241720988E-16));
#5955=DIRECTION('center_axis',(-9.99200722162642E-16,1.,0.));
#5956=DIRECTION('ref_axis',(-1.,-9.99200722162642E-16,-1.81260901979617E-16));
#5957=DIRECTION('',(-1.,-9.99200722162642E-16,0.));
#5958=DIRECTION('',(1.,9.99200722162642E-16,1.81260901979617E-16));
#5959=DIRECTION('',(2.01858731750028E-16,0.,-1.));
#5960=DIRECTION('center_axis',(-9.99200722162642E-16,1.,0.));
#5961=DIRECTION('ref_axis',(-1.,-9.99200722162642E-16,-1.81260901979617E-16));
#5962=DIRECTION('',(-1.,-9.99200722162642E-16,3.62521803959235E-16));
#5963=DIRECTION('',(1.,9.99200722162642E-16,-4.13106241720988E-16));
#5964=DIRECTION('',(2.01858731750028E-16,0.,-1.));
#5965=DIRECTION('center_axis',(-1.,-1.26882631385732E-15,0.));
#5966=DIRECTION('ref_axis',(1.26882631385732E-15,-1.,2.29988602105251E-31));
#5967=DIRECTION('',(1.26882631385732E-15,-1.,-4.59977204210502E-31));
#5968=DIRECTION('',(-1.26882631385732E-15,1.,5.24160069914293E-31));
#5969=DIRECTION('',(0.,0.,-1.));
#5970=DIRECTION('',(1.26882631385732E-15,-1.,0.));
#5971=DIRECTION('',(-1.26882631385732E-15,1.,-2.29988602105251E-31));
#5972=DIRECTION('center_axis',(0.,1.,0.));
#5973=DIRECTION('ref_axis',(-1.,0.,-1.81260901979617E-16));
#5974=DIRECTION('',(-1.,0.,0.));
#5975=DIRECTION('',(1.,0.,1.81260901979617E-16));
#5976=DIRECTION('center_axis',(0.,1.,0.));
#5977=DIRECTION('ref_axis',(-1.,0.,-1.81260901979617E-16));
#5978=DIRECTION('',(-1.,0.,3.62521803959235E-16));
#5979=DIRECTION('',(1.,0.,-4.13106241720988E-16));
#5980=DIRECTION('center_axis',(0.,1.,0.));
#5981=DIRECTION('ref_axis',(-1.,0.,-1.81260901979617E-16));
#5982=DIRECTION('',(-1.,0.,0.));
#5983=DIRECTION('',(1.,0.,1.81260901979617E-16));
#5984=DIRECTION('center_axis',(0.,1.,0.));
#5985=DIRECTION('ref_axis',(-1.,0.,-1.81260901979617E-16));
#5986=DIRECTION('',(-1.,0.,3.62521803959235E-16));
#5987=DIRECTION('',(1.,0.,-4.13106241720988E-16));
#5988=DIRECTION('center_axis',(-3.62521803959235E-16,0.,-1.));
#5989=DIRECTION('ref_axis',(-1.,0.,3.62521803959235E-16));
#5990=DIRECTION('',(0.,-1.,0.));
#5991=DIRECTION('',(-1.,0.,3.62521803959235E-16));
#5992=DIRECTION('',(0.,1.,0.));
#5993=DIRECTION('center_axis',(0.,0.,-1.));
#5994=DIRECTION('ref_axis',(-1.,0.,0.));
#5995=DIRECTION('',(1.,0.,0.));
#5996=DIRECTION('',(1.,0.,0.));
#5997=DIRECTION('',(0.,-1.,0.));
#5998=DIRECTION('',(-1.,0.,0.));
#5999=DIRECTION('',(0.,1.,0.));
#6000=DIRECTION('',(1.,0.,0.));
#6001=DIRECTION('',(1.,0.,0.));
#6002=DIRECTION('',(1.,0.,0.));
#6003=DIRECTION('center_axis',(0.,-1.,0.));
#6004=DIRECTION('ref_axis',(0.,0.,-1.));
#6005=DIRECTION('center_axis',(0.,1.,0.));
#6006=DIRECTION('ref_axis',(0.707106781186549,0.,0.707106781186546));
#6007=DIRECTION('',(-8.59527502935605E-16,0.,-1.));
#6008=DIRECTION('center_axis',(0.,1.,0.));
#6009=DIRECTION('ref_axis',(0.707106781186544,0.,-0.707106781186551));
#6010=DIRECTION('',(-1.,0.,4.13106241720988E-16));
#6011=DIRECTION('center_axis',(0.,-1.,0.));
#6012=DIRECTION('ref_axis',(0.,0.,-1.));
#6013=DIRECTION('',(-1.,0.,4.13106241720988E-16));
#6014=DIRECTION('center_axis',(0.,1.,0.));
#6015=DIRECTION('ref_axis',(-0.707106781186546,0.,-0.707106781186549));
#6016=DIRECTION('',(1.43254583822601E-16,0.,1.));
#6017=DIRECTION('center_axis',(0.,1.,0.));
#6018=DIRECTION('ref_axis',(-0.707106781186548,0.,0.707106781186548));
#6019=DIRECTION('center_axis',(0.,-1.,0.));
#6020=DIRECTION('ref_axis',(0.,0.,-1.));
#6021=DIRECTION('',(-1.,0.,4.13106241720988E-16));
#6022=DIRECTION('center_axis',(0.,-1.,0.));
#6023=DIRECTION('ref_axis',(0.,0.,-1.));
#6024=DIRECTION('',(-1.,0.,4.13106241720988E-16));
#6025=DIRECTION('center_axis',(0.,-1.,0.));
#6026=DIRECTION('ref_axis',(0.,0.,-1.));
#6027=DIRECTION('',(-1.,0.,4.13106241720988E-16));
#6028=DIRECTION('center_axis',(0.,1.,0.));
#6029=DIRECTION('ref_axis',(0.,0.,1.));
#6030=DIRECTION('center_axis',(0.,0.,1.));
#6031=DIRECTION('ref_axis',(1.,0.,0.));
#6032=DIRECTION('center_axis',(0.,1.,0.));
#6033=DIRECTION('ref_axis',(-0.707106781186548,0.,0.707106781186548));
#6034=DIRECTION('center_axis',(-1.,0.,0.));
#6035=DIRECTION('ref_axis',(0.,1.,0.));
#6036=DIRECTION('center_axis',(0.,-1.,0.));
#6037=DIRECTION('ref_axis',(-0.707106781186548,0.,0.707106781186548));
#6038=DIRECTION('center_axis',(-1.,0.,0.));
#6039=DIRECTION('ref_axis',(0.,0.707106781186548,-0.707106781186548));
#6040=DIRECTION('center_axis',(-1.,0.,0.));
#6041=DIRECTION('ref_axis',(0.,1.,0.));
#6042=DIRECTION('',(1.,0.,0.));
#6043=DIRECTION('center_axis',(0.,1.,0.));
#6044=DIRECTION('ref_axis',(0.,0.,1.));
#6045=DIRECTION('center_axis',(0.,0.,1.));
#6046=DIRECTION('ref_axis',(0.,1.,0.));
#6047=DIRECTION('center_axis',(0.,-1.,0.));
#6048=DIRECTION('ref_axis',(0.707106781186549,0.,0.707106781186546));
#6049=DIRECTION('center_axis',(0.,1.,0.));
#6050=DIRECTION('ref_axis',(0.707106781186549,0.,0.707106781186546));
#6051=DIRECTION('center_axis',(8.59527502935605E-16,0.,1.));
#6052=DIRECTION('ref_axis',(-0.707106781186544,0.707106781186551,0.));
#6053=DIRECTION('center_axis',(0.,0.,1.));
#6054=DIRECTION('ref_axis',(0.,1.,0.));
#6055=DIRECTION('',(8.59527502935605E-16,0.,1.));
#6056=DIRECTION('',(-8.59527502935605E-16,0.,-1.));
#6057=DIRECTION('center_axis',(0.,1.,0.));
#6058=DIRECTION('ref_axis',(0.,0.,1.));
#6059=DIRECTION('center_axis',(1.,0.,0.));
#6060=DIRECTION('ref_axis',(0.,1.,0.));
#6061=DIRECTION('center_axis',(0.,-1.,0.));
#6062=DIRECTION('ref_axis',(0.70710678118655,0.,-0.707106781186545));
#6063=DIRECTION('center_axis',(0.,1.,0.));
#6064=DIRECTION('ref_axis',(0.70710678118655,0.,-0.707106781186545));
#6065=DIRECTION('center_axis',(1.,0.,-4.13106241720988E-16));
#6066=DIRECTION('ref_axis',(0.,0.707106781186551,0.707106781186544));
#6067=DIRECTION('center_axis',(1.,0.,0.));
#6068=DIRECTION('ref_axis',(0.,1.,0.));
#6069=DIRECTION('',(1.,0.,-4.13106241720988E-16));
#6070=DIRECTION('',(-1.,0.,4.13106241720988E-16));
#6071=DIRECTION('center_axis',(0.,1.,0.));
#6072=DIRECTION('ref_axis',(0.,0.,1.));
#6073=DIRECTION('center_axis',(0.,0.,-1.));
#6074=DIRECTION('ref_axis',(0.,1.,0.));
#6075=DIRECTION('center_axis',(0.,-1.,0.));
#6076=DIRECTION('ref_axis',(-0.707106781186546,0.,-0.707106781186549));
#6077=DIRECTION('center_axis',(0.,1.,0.));
#6078=DIRECTION('ref_axis',(-0.707106781186546,0.,-0.707106781186549));
#6079=DIRECTION('center_axis',(-1.43254583822601E-16,0.,-1.));
#6080=DIRECTION('ref_axis',(0.707106781186546,0.707106781186549,0.));
#6081=DIRECTION('',(1.43254583822601E-16,0.,1.));
#6082=DIRECTION('',(-1.43254583822601E-16,0.,-1.));
#6083=DIRECTION('center_axis',(4.13106241720988E-16,0.,1.));
#6084=DIRECTION('ref_axis',(1.,0.,-4.13106241720988E-16));
#6085=DIRECTION('',(0.,-1.,0.));
#6086=DIRECTION('',(0.,1.,0.));
#6087=DIRECTION('center_axis',(0.,1.,0.));
#6088=DIRECTION('ref_axis',(-0.707106781186546,0.,-0.707106781186549));
#6089=DIRECTION('',(0.,-1.,0.));
#6090=DIRECTION('center_axis',(1.,0.,-1.43254583822601E-16));
#6091=DIRECTION('ref_axis',(-1.43254583822601E-16,0.,-1.));
#6092=DIRECTION('',(0.,1.,0.));
#6093=DIRECTION('center_axis',(0.,1.,0.));
#6094=DIRECTION('ref_axis',(-0.707106781186548,0.,0.707106781186548));
#6095=DIRECTION('center_axis',(0.,1.,0.));
#6096=DIRECTION('ref_axis',(0.,0.,1.));
#6097=DIRECTION('center_axis',(0.,-1.,0.));
#6098=DIRECTION('ref_axis',(0.707106781186548,0.,0.707106781186547));
#6099=DIRECTION('',(7.20144664621723E-16,0.,1.));
#6100=DIRECTION('center_axis',(0.,-1.,0.));
#6101=DIRECTION('ref_axis',(0.707106781186548,0.,-0.707106781186547));
#6102=DIRECTION('',(1.,0.,-3.62521803959235E-16));
#6103=DIRECTION('center_axis',(0.,-1.,0.));
#6104=DIRECTION('ref_axis',(-0.707106781186547,0.,-0.707106781186547));
#6105=DIRECTION('',(-3.60072332310862E-16,0.,-1.));
#6106=DIRECTION('center_axis',(0.,-1.,0.));
#6107=DIRECTION('ref_axis',(-0.707106781186547,0.,0.707106781186548));
#6108=DIRECTION('',(-1.,0.,-1.81260901979617E-16));
#6109=DIRECTION('center_axis',(0.,-1.,0.));
#6110=DIRECTION('ref_axis',(0.,0.,-1.));
#6111=DIRECTION('center_axis',(0.,0.,1.));
#6112=DIRECTION('ref_axis',(1.,0.,0.));
#6113=DIRECTION('center_axis',(1.,0.,0.));
#6114=DIRECTION('ref_axis',(0.,1.,0.));
#6115=DIRECTION('center_axis',(0.,1.,0.));
#6116=DIRECTION('ref_axis',(0.707106781186548,0.,0.707106781186547));
#6117=DIRECTION('center_axis',(1.,0.,1.81260901979617E-16));
#6118=DIRECTION('ref_axis',(0.,0.707106781186551,0.707106781186544));
#6119=DIRECTION('center_axis',(1.,0.,0.));
#6120=DIRECTION('ref_axis',(0.,1.,0.));
#6121=DIRECTION('',(1.,0.,1.81260901979617E-16));
#6122=DIRECTION('center_axis',(0.,-1.,0.));
#6123=DIRECTION('ref_axis',(0.,0.,-1.));
#6124=DIRECTION('center_axis',(0.,0.,1.));
#6125=DIRECTION('ref_axis',(0.,1.,0.));
#6126=DIRECTION('center_axis',(0.,1.,0.));
#6127=DIRECTION('ref_axis',(-0.707106781186547,0.,0.707106781186548));
#6128=DIRECTION('center_axis',(3.60072332310862E-16,0.,1.));
#6129=DIRECTION('ref_axis',(-0.707106781186546,0.707106781186549,0.));
#6130=DIRECTION('center_axis',(0.,0.,1.));
#6131=DIRECTION('ref_axis',(0.,1.,0.));
#6132=DIRECTION('',(3.60072332310862E-16,0.,1.));
#6133=DIRECTION('center_axis',(0.,-1.,0.));
#6134=DIRECTION('ref_axis',(0.,0.,-1.));
#6135=DIRECTION('center_axis',(-1.,0.,0.));
#6136=DIRECTION('ref_axis',(0.,1.,0.));
#6137=DIRECTION('center_axis',(0.,1.,0.));
#6138=DIRECTION('ref_axis',(-0.707106781186547,0.,-0.707106781186547));
#6139=DIRECTION('center_axis',(-1.,0.,3.62521803959235E-16));
#6140=DIRECTION('ref_axis',(0.,0.707106781186551,-0.707106781186544));
#6141=DIRECTION('center_axis',(-1.,0.,0.));
#6142=DIRECTION('ref_axis',(0.,1.,0.));
#6143=DIRECTION('center_axis',(0.,-1.,0.));
#6144=DIRECTION('ref_axis',(0.,0.,-1.));
#6145=DIRECTION('center_axis',(0.,0.,-1.));
#6146=DIRECTION('ref_axis',(0.,1.,0.));
#6147=DIRECTION('center_axis',(0.,1.,0.));
#6148=DIRECTION('ref_axis',(0.707106781186548,0.,-0.707106781186547));
#6149=DIRECTION('center_axis',(-7.20144664621723E-16,0.,-1.));
#6150=DIRECTION('ref_axis',(0.707106781186544,0.707106781186551,0.));
#6151=DIRECTION('',(-7.20144664621723E-16,0.,-1.));
#6152=DIRECTION('center_axis',(0.,1.,0.));
#6153=DIRECTION('ref_axis',(0.707106781186546,0.,-0.707106781186549));
#6154=DIRECTION('',(0.,-1.,0.));
#6155=DIRECTION('center_axis',(1.,0.,-7.20144664621723E-16));
#6156=DIRECTION('ref_axis',(-7.20144664621723E-16,0.,-1.));
#6157=DIRECTION('',(0.,1.,0.));
#6158=DIRECTION('center_axis',(0.,1.,0.));
#6159=DIRECTION('ref_axis',(0.707106781186548,0.,0.707106781186547));
#6160=DIRECTION('',(0.,-1.,0.));
#6161=DIRECTION('center_axis',(0.,1.,0.));
#6162=DIRECTION('ref_axis',(-0.707106781186547,0.,0.707106781186547));
#6163=DIRECTION('',(0.,-1.,0.));
#6164=DIRECTION('',(0.,1.,0.));
#6165=DIRECTION('center_axis',(-1.,0.,3.60072332310862E-16));
#6166=DIRECTION('ref_axis',(3.60072332310862E-16,0.,1.));
#6167=DIRECTION('',(0.,1.,0.));
#6168=DIRECTION('center_axis',(0.,1.,0.));
#6169=DIRECTION('ref_axis',(-0.707106781186547,0.,-0.707106781186547));
#6170=DIRECTION('center_axis',(0.,1.,0.));
#6171=DIRECTION('ref_axis',(0.707106781186549,0.,0.707106781186546));
#6172=DIRECTION('',(0.,-1.,0.));
#6173=DIRECTION('center_axis',(-1.,0.,8.59527502935605E-16));
#6174=DIRECTION('ref_axis',(8.59527502935605E-16,0.,1.));
#6175=DIRECTION('',(0.,1.,0.));
#6176=DIRECTION('center_axis',(0.,1.,0.));
#6177=DIRECTION('ref_axis',(0.707106781186544,0.,-0.707106781186551));
#6178=DIRECTION('center_axis',(-1.81260901979617E-16,0.,1.));
#6179=DIRECTION('ref_axis',(1.,0.,1.81260901979617E-16));
#6180=DIRECTION('center_axis',(0.,1.,0.));
#6181=DIRECTION('ref_axis',(0.,0.,-1.));
#6182=DIRECTION('center_axis',(0.,1.,0.));
#6183=DIRECTION('ref_axis',(0.,0.,-1.));
#6184=DIRECTION('',(0.,1.,0.));
#6185=DIRECTION('center_axis',(0.,-1.,0.));
#6186=DIRECTION('ref_axis',(0.,0.,-1.));
#6187=DIRECTION('',(0.,1.,0.));
#6188=DIRECTION('center_axis',(-1.,0.,1.25982754567394E-16));
#6189=DIRECTION('ref_axis',(1.25982754567394E-16,0.,1.));
#6190=DIRECTION('',(-1.25982754567394E-16,0.,-1.));
#6191=DIRECTION('',(1.25982754567394E-16,0.,1.));
#6192=DIRECTION('',(0.,1.,0.));
#6193=DIRECTION('center_axis',(0.,1.,0.));
#6194=DIRECTION('ref_axis',(-1.,0.,0.));
#6195=DIRECTION('center_axis',(0.,1.,0.));
#6196=DIRECTION('ref_axis',(-1.,0.,0.));
#6197=DIRECTION('center_axis',(0.,-1.,0.));
#6198=DIRECTION('ref_axis',(-1.,0.,0.));
#6199=DIRECTION('',(0.,1.,0.));
#6200=DIRECTION('center_axis',(0.,0.,1.));
#6201=DIRECTION('ref_axis',(1.,0.,0.));
#6202=DIRECTION('',(-1.,0.,0.));
#6203=DIRECTION('',(1.,0.,0.));
#6204=DIRECTION('',(0.,1.,0.));
#6205=DIRECTION('center_axis',(0.,1.,0.));
#6206=DIRECTION('ref_axis',(0.,0.,1.));
#6207=DIRECTION('center_axis',(0.,1.,0.));
#6208=DIRECTION('ref_axis',(0.,0.,1.));
#6209=DIRECTION('center_axis',(0.,-1.,0.));
#6210=DIRECTION('ref_axis',(0.,0.,1.));
#6211=DIRECTION('',(0.,1.,0.));
#6212=DIRECTION('center_axis',(1.,0.,-1.25982754567394E-16));
#6213=DIRECTION('ref_axis',(-1.25982754567394E-16,0.,-1.));
#6214=DIRECTION('',(1.25982754567394E-16,0.,1.));
#6215=DIRECTION('',(-1.25982754567394E-16,0.,-1.));
#6216=DIRECTION('',(0.,1.,0.));
#6217=DIRECTION('center_axis',(0.,1.,0.));
#6218=DIRECTION('ref_axis',(1.,0.,0.));
#6219=DIRECTION('center_axis',(0.,1.,0.));
#6220=DIRECTION('ref_axis',(1.,0.,0.));
#6221=DIRECTION('center_axis',(0.,-1.,0.));
#6222=DIRECTION('ref_axis',(1.,0.,0.));
#6223=DIRECTION('',(0.,1.,0.));
#6224=DIRECTION('center_axis',(0.,0.,-1.));
#6225=DIRECTION('ref_axis',(-1.,0.,0.));
#6226=DIRECTION('',(1.,0.,0.));
#6227=DIRECTION('',(-1.,0.,0.));
#6228=DIRECTION('center_axis',(0.,1.,0.));
#6229=DIRECTION('ref_axis',(0.,0.,1.));
#6230=DIRECTION('',(-1.,0.,-2.69963045501558E-16));
#6231=DIRECTION('center_axis',(0.,1.,0.));
#6232=DIRECTION('ref_axis',(0.,0.,-1.));
#6233=DIRECTION('',(-1.57478443209242E-16,0.,1.));
#6234=DIRECTION('center_axis',(0.,1.,0.));
#6235=DIRECTION('ref_axis',(-1.,0.,0.));
#6236=DIRECTION('',(1.,0.,1.34981522750779E-16));
#6237=DIRECTION('center_axis',(0.,1.,0.));
#6238=DIRECTION('ref_axis',(0.,0.,1.));
#6239=DIRECTION('',(1.25982754567394E-16,0.,-1.));
#6240=DIRECTION('center_axis',(0.,1.,0.));
#6241=DIRECTION('ref_axis',(1.,0.,0.));
#6242=DIRECTION('center_axis',(0.,-1.,0.));
#6243=DIRECTION('ref_axis',(0.,0.,-1.));
#6244=DIRECTION('center_axis',(0.,-1.,0.));
#6245=DIRECTION('ref_axis',(0.,0.,-1.));
#6246=DIRECTION('center_axis',(0.,-1.,0.));
#6247=DIRECTION('ref_axis',(0.,0.,-1.));
#6248=DIRECTION('center_axis',(0.,-1.,0.));
#6249=DIRECTION('ref_axis',(0.,0.,-1.));
#6250=DIRECTION('center_axis',(0.,-1.,0.));
#6251=DIRECTION('ref_axis',(0.,0.,-1.));
#6252=DIRECTION('center_axis',(0.,-1.,0.));
#6253=DIRECTION('ref_axis',(0.,0.,1.));
#6254=DIRECTION('',(1.25982754567394E-16,0.,-1.));
#6255=DIRECTION('center_axis',(0.,-1.,0.));
#6256=DIRECTION('ref_axis',(-1.,0.,0.));
#6257=DIRECTION('',(1.,0.,2.69963045501558E-16));
#6258=DIRECTION('center_axis',(0.,-1.,0.));
#6259=DIRECTION('ref_axis',(0.,0.,-1.));
#6260=DIRECTION('',(-1.25982754567394E-16,0.,1.));
#6261=DIRECTION('center_axis',(0.,-1.,0.));
#6262=DIRECTION('ref_axis',(1.,0.,0.));
#6263=DIRECTION('',(-1.,0.,-1.34981522750779E-16));
#6264=DIRECTION('center_axis',(0.,-1.,0.));
#6265=DIRECTION('ref_axis',(-0.70710678118655,0.,0.707106781186546));
#6266=DIRECTION('center_axis',(0.,-1.,0.));
#6267=DIRECTION('ref_axis',(1.,0.,0.));
#6268=DIRECTION('center_axis',(0.,-1.,0.));
#6269=DIRECTION('ref_axis',(1.,0.,0.));
#6270=DIRECTION('',(0.,1.,0.));
#6271=DIRECTION('',(0.,-1.,0.));
#6272=DIRECTION('center_axis',(1.,0.,1.25982754567394E-16));
#6273=DIRECTION('ref_axis',(-1.25982754567394E-16,0.,1.));
#6274=DIRECTION('',(0.,-1.,0.));
#6275=DIRECTION('center_axis',(0.,-1.,0.));
#6276=DIRECTION('ref_axis',(0.,0.,-1.));
#6277=DIRECTION('',(0.,-1.,0.));
#6278=DIRECTION('center_axis',(2.69963045501558E-16,0.,-1.));
#6279=DIRECTION('ref_axis',(1.,0.,2.69963045501558E-16));
#6280=DIRECTION('',(0.,-1.,0.));
#6281=DIRECTION('center_axis',(0.,-1.,0.));
#6282=DIRECTION('ref_axis',(-1.,0.,0.));
#6283=DIRECTION('',(0.,-1.,0.));
#6284=DIRECTION('center_axis',(-1.,0.,-1.57478443209242E-16));
#6285=DIRECTION('ref_axis',(1.57478443209242E-16,0.,-1.));
#6286=DIRECTION('',(0.,-1.,0.));
#6287=DIRECTION('center_axis',(0.,-1.,0.));
#6288=DIRECTION('ref_axis',(0.,0.,1.));
#6289=DIRECTION('',(0.,-1.,0.));
#6290=DIRECTION('center_axis',(-1.34981522750779E-16,0.,1.));
#6291=DIRECTION('ref_axis',(-1.,0.,-1.34981522750779E-16));
#6292=DIRECTION('center_axis',(0.,-1.,0.));
#6293=DIRECTION('ref_axis',(0.,0.,-1.));
#6294=CARTESIAN_POINT('',(0.,0.,0.));
#6295=CARTESIAN_POINT('Origin',(120.770721494219,-1.5,27.9377692589194));
#6296=CARTESIAN_POINT('',(120.770721494219,-31.5,27.9377692589194));
#6297=CARTESIAN_POINT('',(121.160961992292,-31.5,28.2503590118926));
#6298=CARTESIAN_POINT('',(82.9443959833915,-31.5,-2.36180704261863));
#6299=CARTESIAN_POINT('',(120.770721494219,-1.5,27.9377692589194));
#6300=CARTESIAN_POINT('',(120.770721494219,-1.5,27.9377692589194));
#6301=CARTESIAN_POINT('',(121.160961992292,-1.5,28.2503590118926));
#6302=CARTESIAN_POINT('',(121.160961992292,-1.5,28.2503590118926));
#6303=CARTESIAN_POINT('',(121.160961992292,-1.5,28.2503590118925));
#6304=CARTESIAN_POINT('Origin',(119.6,-1.5,27.));
#6305=CARTESIAN_POINT('',(119.373228745997,-31.5,28.4827591842097));
#6306=CARTESIAN_POINT('Origin',(119.6,-31.5,27.));
#6307=CARTESIAN_POINT('',(119.373228745997,-1.5,28.4827591842097));
#6308=CARTESIAN_POINT('',(119.373228745997,-1.5,28.4827591842097));
#6309=CARTESIAN_POINT('Origin',(119.6,-1.5,27.));
#6310=CARTESIAN_POINT('Origin',(119.297638327996,-1.5,28.9770122456129));
#6311=CARTESIAN_POINT('',(119.297638327996,-31.5,28.9770122456129));
#6312=CARTESIAN_POINT('',(123.964740604637,-31.5,-1.53915169572088));
#6313=CARTESIAN_POINT('',(119.297638327996,-1.5,28.9770122456129));
#6314=CARTESIAN_POINT('',(119.297638327996,-1.5,28.9770122456128));
#6315=CARTESIAN_POINT('',(119.902361672004,-1.5,25.0229877543872));
#6316=CARTESIAN_POINT('Origin',(118.039038007708,-1.5,25.7496409881075));
#6317=CARTESIAN_POINT('',(118.039038007708,-31.5,25.7496409881075));
#6318=CARTESIAN_POINT('',(118.429278505781,-31.5,26.0622307410807));
#6319=CARTESIAN_POINT('',(81.5785542401363,-31.5,-3.45587117802458));
#6320=CARTESIAN_POINT('',(118.039038007708,-1.5,25.7496409881075));
#6321=CARTESIAN_POINT('',(118.039038007708,-1.5,25.7496409881075));
#6322=CARTESIAN_POINT('',(118.429278505781,-1.5,26.0622307410807));
#6323=CARTESIAN_POINT('',(121.160961992292,-1.5,28.2503590118926));
#6324=CARTESIAN_POINT('',(118.429278505781,-1.5,26.0622307410807));
#6325=CARTESIAN_POINT('Origin',(118.202507251778,-1.5,27.5449899252903));
#6326=CARTESIAN_POINT('',(118.202507251778,-31.5,27.5449899252903));
#6327=CARTESIAN_POINT('',(117.736676335704,-31.5,27.7266532337203));
#6328=CARTESIAN_POINT('',(102.276296948968,-31.5,33.7558444532511));
#6329=CARTESIAN_POINT('',(118.202507251778,-1.5,27.5449899252903));
#6330=CARTESIAN_POINT('',(118.202507251778,-1.5,27.5449899252903));
#6331=CARTESIAN_POINT('',(117.736676335704,-1.5,27.7266532337203));
#6332=CARTESIAN_POINT('',(117.736676335704,-1.5,27.7266532337203));
#6333=CARTESIAN_POINT('',(117.736676335704,-1.5,27.7266532337203));
#6334=CARTESIAN_POINT('Origin',(119.6,-1.5,27.));
#6335=CARTESIAN_POINT('Origin',(119.6,-31.5,27.));
#6336=CARTESIAN_POINT('Origin',(119.6,-1.5,27.));
#6337=CARTESIAN_POINT('Origin',(121.463323664296,-1.5,26.2733467662797));
#6338=CARTESIAN_POINT('',(121.463323664296,-31.5,26.2733467662797));
#6339=CARTESIAN_POINT('',(120.997492748222,-31.5,26.4550100747098));
#6340=CARTESIAN_POINT('',(103.906705155227,-31.5,33.1200228737458));
#6341=CARTESIAN_POINT('',(121.463323664296,-1.5,26.2733467662797));
#6342=CARTESIAN_POINT('',(121.463323664296,-1.5,26.2733467662797));
#6343=CARTESIAN_POINT('',(120.997492748222,-1.5,26.4550100747098));
#6344=CARTESIAN_POINT('',(117.736676335704,-1.5,27.7266532337203));
#6345=CARTESIAN_POINT('',(120.997492748222,-1.5,26.4550100747098));
#6346=CARTESIAN_POINT('Origin',(119.6,-1.5,27.));
#6347=CARTESIAN_POINT('',(119.826771254003,-31.5,25.5172408157904));
#6348=CARTESIAN_POINT('Origin',(119.6,-31.5,27.));
#6349=CARTESIAN_POINT('',(119.826771254003,-1.5,25.5172408157904));
#6350=CARTESIAN_POINT('Origin',(119.6,-1.5,27.));
#6351=CARTESIAN_POINT('',(119.826771254003,-1.5,25.5172408157904));
#6352=CARTESIAN_POINT('Origin',(119.826771254003,-1.5,25.5172408157904));
#6353=CARTESIAN_POINT('',(119.902361672004,-31.5,25.0229877543872));
#6354=CARTESIAN_POINT('',(124.229307067641,-31.5,-3.2690374106321));
#6355=CARTESIAN_POINT('',(119.902361672004,-1.5,25.0229877543872));
#6356=CARTESIAN_POINT('',(119.902361672004,-1.5,25.0229877543872));
#6357=CARTESIAN_POINT('',(119.902361672004,-1.5,25.0229877543872));
#6358=CARTESIAN_POINT('Origin',(-10.8292785057813,-1.5,27.9377692589194));
#6359=CARTESIAN_POINT('',(-10.8292785057813,-31.5,27.9377692589194));
#6360=CARTESIAN_POINT('',(-10.4390380077083,-31.5,28.2503590118925));
#6361=CARTESIAN_POINT('',(-8.57349550092088,-31.5,29.7446925683462));
#6362=CARTESIAN_POINT('',(-10.8292785057813,-1.5,27.9377692589194));
#6363=CARTESIAN_POINT('',(-10.8292785057813,-1.5,27.9377692589194));
#6364=CARTESIAN_POINT('',(-10.4390380077083,-1.5,28.2503590118925));
#6365=CARTESIAN_POINT('',(-10.4390380077083,-1.5,28.2503590118925));
#6366=CARTESIAN_POINT('',(-10.4390380077083,-1.5,28.2503590118925));
#6367=CARTESIAN_POINT('Origin',(-12.,-1.5,27.));
#6368=CARTESIAN_POINT('',(-12.2267712540029,-31.5,28.4827591842096));
#6369=CARTESIAN_POINT('Origin',(-12.,-31.5,27.));
#6370=CARTESIAN_POINT('',(-12.2267712540029,-1.5,28.4827591842096));
#6371=CARTESIAN_POINT('',(-12.2267712540029,-1.5,28.4827591842096));
#6372=CARTESIAN_POINT('Origin',(-12.,-1.5,27.));
#6373=CARTESIAN_POINT('Origin',(-12.3023616720039,-1.5,28.9770122456128));
#6374=CARTESIAN_POINT('',(-12.3023616720039,-31.5,28.9770122456128));
#6375=CARTESIAN_POINT('',(-6.13135794289731,-31.5,-11.3725130738817));
#6376=CARTESIAN_POINT('',(-12.3023616720039,-1.5,28.9770122456128));
#6377=CARTESIAN_POINT('',(-12.3023616720039,-1.5,28.9770122456128));
#6378=CARTESIAN_POINT('',(-11.6976383279961,-1.5,25.0229877543872));
#6379=CARTESIAN_POINT('Origin',(-13.5609619922917,-1.5,25.7496409881075));
#6380=CARTESIAN_POINT('',(-13.5609619922917,-31.5,25.7496409881075));
#6381=CARTESIAN_POINT('',(-13.1707214942188,-31.5,26.0622307410806));
#6382=CARTESIAN_POINT('',(-9.93933724417609,-31.5,28.6506284329403));
#6383=CARTESIAN_POINT('',(-13.5609619922917,-1.5,25.7496409881075));
#6384=CARTESIAN_POINT('',(-13.5609619922917,-1.5,25.7496409881075));
#6385=CARTESIAN_POINT('',(-13.1707214942188,-1.5,26.0622307410806));
#6386=CARTESIAN_POINT('',(-10.4390380077083,-1.5,28.2503590118925));
#6387=CARTESIAN_POINT('',(-13.1707214942188,-1.5,26.0622307410806));
#6388=CARTESIAN_POINT('Origin',(-13.3974927482217,-1.5,27.5449899252902));
#6389=CARTESIAN_POINT('',(-13.3974927482217,-31.5,27.5449899252902));
#6390=CARTESIAN_POINT('',(-13.8633236642956,-31.5,27.7266532337203));
#6391=CARTESIAN_POINT('',(27.790286980815,-31.5,11.4827062204466));
#6392=CARTESIAN_POINT('',(-13.3974927482217,-1.5,27.5449899252902));
#6393=CARTESIAN_POINT('',(-13.3974927482217,-1.5,27.5449899252902));
#6394=CARTESIAN_POINT('',(-13.8633236642956,-1.5,27.7266532337203));
#6395=CARTESIAN_POINT('',(-13.8633236642956,-1.5,27.7266532337203));
#6396=CARTESIAN_POINT('',(-13.8633236642955,-1.5,27.7266532337203));
#6397=CARTESIAN_POINT('Origin',(-12.,-1.5,27.));
#6398=CARTESIAN_POINT('Origin',(-12.,-31.5,27.));
#6399=CARTESIAN_POINT('Origin',(-12.,-1.5,27.));
#6400=CARTESIAN_POINT('Origin',(-10.1366763357044,-1.5,26.2733467662797));
#6401=CARTESIAN_POINT('',(-10.1366763357044,-31.5,26.2733467662797));
#6402=CARTESIAN_POINT('',(-10.6025072517784,-31.5,26.4550100747098));
#6403=CARTESIAN_POINT('',(29.4206951870737,-31.5,10.8468846409413));
#6404=CARTESIAN_POINT('',(-10.1366763357044,-1.5,26.2733467662797));
#6405=CARTESIAN_POINT('',(-10.1366763357044,-1.5,26.2733467662797));
#6406=CARTESIAN_POINT('',(-10.6025072517784,-1.5,26.4550100747098));
#6407=CARTESIAN_POINT('',(-13.8633236642956,-1.5,27.7266532337203));
#6408=CARTESIAN_POINT('',(-10.6025072517784,-1.5,26.4550100747098));
#6409=CARTESIAN_POINT('Origin',(-12.,-1.5,27.));
#6410=CARTESIAN_POINT('',(-11.7732287459971,-31.5,25.5172408157904));
#6411=CARTESIAN_POINT('Origin',(-12.,-31.5,27.));
#6412=CARTESIAN_POINT('',(-11.7732287459971,-1.5,25.5172408157904));
#6413=CARTESIAN_POINT('Origin',(-12.,-1.5,27.));
#6414=CARTESIAN_POINT('',(-11.7732287459971,-1.5,25.5172408157904));
#6415=CARTESIAN_POINT('Origin',(-11.7732287459971,-1.5,25.5172408157904));
#6416=CARTESIAN_POINT('',(-11.6976383279961,-31.5,25.0229877543872));
#6417=CARTESIAN_POINT('',(-5.86679147989389,-31.5,-13.102398788793));
#6418=CARTESIAN_POINT('',(-11.6976383279961,-1.5,25.0229877543872));
#6419=CARTESIAN_POINT('',(-11.6976383279961,-1.5,25.0229877543872));
#6420=CARTESIAN_POINT('',(-11.6976383279961,-1.5,25.0229877543872));
#6421=CARTESIAN_POINT('Origin',(120.770721494219,-1.5,-113.062230741081));
#6422=CARTESIAN_POINT('',(120.770721494219,-31.5,-113.062230741081));
#6423=CARTESIAN_POINT('',(121.160961992292,-31.5,-112.749640988107));
#6424=CARTESIAN_POINT('',(117.34421699514,-31.5,-115.806923309427));
#6425=CARTESIAN_POINT('',(120.770721494219,-1.5,-113.062230741081));
#6426=CARTESIAN_POINT('',(120.770721494219,-1.5,-113.062230741081));
#6427=CARTESIAN_POINT('',(121.160961992292,-1.5,-112.749640988107));
#6428=CARTESIAN_POINT('',(121.160961992292,-1.5,-112.749640988107));
#6429=CARTESIAN_POINT('',(121.160961992292,-1.5,-112.749640988107));
#6430=CARTESIAN_POINT('Origin',(119.6,-1.5,-114.));
#6431=CARTESIAN_POINT('',(119.373228745997,-31.5,-112.51724081579));
#6432=CARTESIAN_POINT('Origin',(119.6,-31.5,-114.));
#6433=CARTESIAN_POINT('',(119.373228745997,-1.5,-112.51724081579));
#6434=CARTESIAN_POINT('',(119.373228745997,-1.5,-112.51724081579));
#6435=CARTESIAN_POINT('Origin',(119.6,-1.5,-114.));
#6436=CARTESIAN_POINT('Origin',(119.297638327996,-1.5,-112.022987754387));
#6437=CARTESIAN_POINT('',(119.297638327996,-31.5,-112.022987754387));
#6438=CARTESIAN_POINT('',(113.428996270893,-31.5,-73.6504746805054));
#6439=CARTESIAN_POINT('',(119.297638327996,-1.5,-112.022987754387));
#6440=CARTESIAN_POINT('',(119.297638327996,-1.5,-112.022987754387));
#6441=CARTESIAN_POINT('',(119.902361672004,-1.5,-115.977012245613));
#6442=CARTESIAN_POINT('Origin',(118.039038007708,-1.5,-115.250359011892));
#6443=CARTESIAN_POINT('',(118.039038007708,-31.5,-115.250359011892));
#6444=CARTESIAN_POINT('',(118.429278505781,-31.5,-114.937769258919));
#6445=CARTESIAN_POINT('',(115.978375251884,-31.5,-116.900987444833));
#6446=CARTESIAN_POINT('',(118.039038007708,-1.5,-115.250359011892));
#6447=CARTESIAN_POINT('',(118.039038007708,-1.5,-115.250359011893));
#6448=CARTESIAN_POINT('',(118.429278505781,-1.5,-114.937769258919));
#6449=CARTESIAN_POINT('',(121.160961992292,-1.5,-112.749640988107));
#6450=CARTESIAN_POINT('',(118.429278505781,-1.5,-114.937769258919));
#6451=CARTESIAN_POINT('Origin',(118.202507251778,-1.5,-113.45501007471));
#6452=CARTESIAN_POINT('',(118.202507251778,-31.5,-113.45501007471));
#6453=CARTESIAN_POINT('',(117.736676335704,-31.5,-113.27334676628));
#6454=CARTESIAN_POINT('',(78.4122202709633,-31.5,-97.9377162951563));
#6455=CARTESIAN_POINT('',(118.202507251778,-1.5,-113.45501007471));
#6456=CARTESIAN_POINT('',(118.202507251778,-1.5,-113.45501007471));
#6457=CARTESIAN_POINT('',(117.736676335704,-1.5,-113.27334676628));
#6458=CARTESIAN_POINT('',(117.736676335704,-1.5,-113.27334676628));
#6459=CARTESIAN_POINT('',(117.736676335704,-1.5,-113.27334676628));
#6460=CARTESIAN_POINT('Origin',(119.6,-1.5,-114.));
#6461=CARTESIAN_POINT('Origin',(119.6,-31.5,-114.));
#6462=CARTESIAN_POINT('Origin',(119.6,-1.5,-114.));
#6463=CARTESIAN_POINT('Origin',(121.463323664296,-1.5,-114.72665323372));
#6464=CARTESIAN_POINT('',(121.463323664296,-31.5,-114.72665323372));
#6465=CARTESIAN_POINT('',(120.997492748222,-31.5,-114.54498992529));
#6466=CARTESIAN_POINT('',(80.0426284772219,-31.5,-98.5735378746616));
#6467=CARTESIAN_POINT('',(121.463323664296,-1.5,-114.72665323372));
#6468=CARTESIAN_POINT('',(121.463323664296,-1.5,-114.72665323372));
#6469=CARTESIAN_POINT('',(120.997492748222,-1.5,-114.54498992529));
#6470=CARTESIAN_POINT('',(117.736676335704,-1.5,-113.27334676628));
#6471=CARTESIAN_POINT('',(120.997492748222,-1.5,-114.54498992529));
#6472=CARTESIAN_POINT('Origin',(119.6,-1.5,-114.));
#6473=CARTESIAN_POINT('',(119.826771254003,-31.5,-115.48275918421));
#6474=CARTESIAN_POINT('Origin',(119.6,-31.5,-114.));
#6475=CARTESIAN_POINT('',(119.826771254003,-1.5,-115.48275918421));
#6476=CARTESIAN_POINT('Origin',(119.6,-1.5,-114.));
#6477=CARTESIAN_POINT('',(119.826771254003,-1.5,-115.48275918421));
#6478=CARTESIAN_POINT('Origin',(119.826771254003,-1.5,-115.48275918421));
#6479=CARTESIAN_POINT('',(119.902361672004,-31.5,-115.977012245613));
#6480=CARTESIAN_POINT('',(113.693562733897,-31.5,-75.3803603954166));
#6481=CARTESIAN_POINT('',(119.902361672004,-1.5,-115.977012245613));
#6482=CARTESIAN_POINT('',(119.902361672004,-1.5,-115.977012245613));
#6483=CARTESIAN_POINT('',(119.902361672004,-1.5,-115.977012245613));
#6484=CARTESIAN_POINT('Origin',(119.6,-1.5,27.));
#6485=CARTESIAN_POINT('Origin',(119.6,-31.5,27.));
#6486=CARTESIAN_POINT('Origin',(119.6,-1.5,27.));
#6487=CARTESIAN_POINT('Origin',(119.6,-1.5,27.));
#6488=CARTESIAN_POINT('Origin',(119.6,-31.5,27.));
#6489=CARTESIAN_POINT('Origin',(119.6,-1.5,27.));
#6490=CARTESIAN_POINT('Origin',(119.6,-1.5,27.));
#6491=CARTESIAN_POINT('Origin',(119.6,-1.5,27.));
#6492=CARTESIAN_POINT('Origin',(119.6,-31.5,27.));
#6493=CARTESIAN_POINT('Origin',(-12.,-1.5,27.));
#6494=CARTESIAN_POINT('Origin',(-12.,-31.5,27.));
#6495=CARTESIAN_POINT('Origin',(-12.,-1.5,27.));
#6496=CARTESIAN_POINT('Origin',(-12.,-1.5,27.));
#6497=CARTESIAN_POINT('Origin',(-12.,-31.5,27.));
#6498=CARTESIAN_POINT('Origin',(-12.,-1.5,27.));
#6499=CARTESIAN_POINT('Origin',(-12.,-1.5,27.));
#6500=CARTESIAN_POINT('Origin',(-12.,-1.5,27.));
#6501=CARTESIAN_POINT('Origin',(-12.,-31.5,27.));
#6502=CARTESIAN_POINT('Origin',(119.6,-1.5,-114.));
#6503=CARTESIAN_POINT('Origin',(119.6,-31.5,-114.));
#6504=CARTESIAN_POINT('Origin',(119.6,-1.5,-114.));
#6505=CARTESIAN_POINT('Origin',(119.6,-1.5,-114.));
#6506=CARTESIAN_POINT('Origin',(119.6,-31.5,-114.));
#6507=CARTESIAN_POINT('Origin',(119.6,-1.5,-114.));
#6508=CARTESIAN_POINT('Origin',(119.6,-1.5,-114.));
#6509=CARTESIAN_POINT('Origin',(119.6,-1.5,-114.));
#6510=CARTESIAN_POINT('Origin',(119.6,-31.5,-114.));
#6511=CARTESIAN_POINT('Origin',(-10.8292785057813,-1.5,-113.062230741081));
#6512=CARTESIAN_POINT('',(-10.8292785057813,-31.5,-113.062230741081));
#6513=CARTESIAN_POINT('',(-10.4390380077083,-31.5,-112.749640988107));
#6514=CARTESIAN_POINT('',(25.8263255108272,-31.5,-83.700423698462));
#6515=CARTESIAN_POINT('',(-10.8292785057813,-1.5,-113.062230741081));
#6516=CARTESIAN_POINT('',(-10.8292785057813,-1.5,-113.062230741081));
#6517=CARTESIAN_POINT('',(-10.4390380077083,-1.5,-112.749640988107));
#6518=CARTESIAN_POINT('',(-10.4390380077083,-1.5,-112.749640988107));
#6519=CARTESIAN_POINT('',(-10.4390380077083,-1.5,-112.749640988107));
#6520=CARTESIAN_POINT('Origin',(-12.,-1.5,-114.));
#6521=CARTESIAN_POINT('',(-12.2267712540029,-31.5,-112.51724081579));
#6522=CARTESIAN_POINT('Origin',(-12.,-31.5,-114.));
#6523=CARTESIAN_POINT('',(-12.2267712540029,-1.5,-112.51724081579));
#6524=CARTESIAN_POINT('',(-12.2267712540029,-1.5,-112.51724081579));
#6525=CARTESIAN_POINT('Origin',(-12.,-1.5,-114.));
#6526=CARTESIAN_POINT('Origin',(-12.3023616720039,-1.5,-112.022987754387));
#6527=CARTESIAN_POINT('',(-12.3023616720039,-31.5,-112.022987754387));
#6528=CARTESIAN_POINT('',(-16.667102276641,-31.5,-83.4838360586663));
#6529=CARTESIAN_POINT('',(-12.3023616720039,-1.5,-112.022987754387));
#6530=CARTESIAN_POINT('',(-12.3023616720039,-1.5,-112.022987754387));
#6531=CARTESIAN_POINT('',(-11.6976383279961,-1.5,-115.977012245613));
#6532=CARTESIAN_POINT('Origin',(-13.5609619922917,-1.5,-115.250359011893));
#6533=CARTESIAN_POINT('',(-13.5609619922917,-31.5,-115.250359011893));
#6534=CARTESIAN_POINT('',(-13.1707214942188,-31.5,-114.937769258919));
#6535=CARTESIAN_POINT('',(24.460483767572,-31.5,-84.7944878338679));
#6536=CARTESIAN_POINT('',(-13.5609619922917,-1.5,-115.250359011893));
#6537=CARTESIAN_POINT('',(-13.5609619922917,-1.5,-115.250359011893));
#6538=CARTESIAN_POINT('',(-13.1707214942188,-1.5,-114.937769258919));
#6539=CARTESIAN_POINT('',(-10.4390380077083,-1.5,-112.749640988107));
#6540=CARTESIAN_POINT('',(-13.1707214942188,-1.5,-114.937769258919));
#6541=CARTESIAN_POINT('Origin',(-13.3974927482217,-1.5,-113.45501007471));
#6542=CARTESIAN_POINT('',(-13.3974927482217,-31.5,-113.45501007471));
#6543=CARTESIAN_POINT('',(-13.8633236642956,-31.5,-113.27334676628));
#6544=CARTESIAN_POINT('',(3.92621030281023,-31.5,-120.210854527961));
#6545=CARTESIAN_POINT('',(-13.3974927482217,-1.5,-113.45501007471));
#6546=CARTESIAN_POINT('',(-13.3974927482217,-1.5,-113.45501007471));
#6547=CARTESIAN_POINT('',(-13.8633236642956,-1.5,-113.27334676628));
#6548=CARTESIAN_POINT('',(-13.8633236642956,-1.5,-113.27334676628));
#6549=CARTESIAN_POINT('',(-13.8633236642956,-1.5,-113.27334676628));
#6550=CARTESIAN_POINT('Origin',(-12.,-1.5,-114.));
#6551=CARTESIAN_POINT('Origin',(-12.,-31.5,-114.));
#6552=CARTESIAN_POINT('Origin',(-12.,-1.5,-114.));
#6553=CARTESIAN_POINT('Origin',(-10.1366763357044,-1.5,-114.72665323372));
#6554=CARTESIAN_POINT('',(-10.1366763357044,-31.5,-114.72665323372));
#6555=CARTESIAN_POINT('',(-10.6025072517783,-31.5,-114.54498992529));
#6556=CARTESIAN_POINT('',(5.55661850906885,-31.5,-120.846676107466));
#6557=CARTESIAN_POINT('',(-10.1366763357044,-1.5,-114.72665323372));
#6558=CARTESIAN_POINT('',(-10.1366763357045,-1.5,-114.72665323372));
#6559=CARTESIAN_POINT('',(-10.6025072517783,-1.5,-114.54498992529));
#6560=CARTESIAN_POINT('',(-13.8633236642956,-1.5,-113.27334676628));
#6561=CARTESIAN_POINT('',(-10.6025072517783,-1.5,-114.54498992529));
#6562=CARTESIAN_POINT('Origin',(-12.,-1.5,-114.));
#6563=CARTESIAN_POINT('',(-11.7732287459971,-31.5,-115.48275918421));
#6564=CARTESIAN_POINT('Origin',(-12.,-31.5,-114.));
#6565=CARTESIAN_POINT('',(-11.7732287459971,-1.5,-115.48275918421));
#6566=CARTESIAN_POINT('Origin',(-12.,-1.5,-114.));
#6567=CARTESIAN_POINT('',(-11.7732287459971,-1.5,-115.48275918421));
#6568=CARTESIAN_POINT('Origin',(-11.7732287459971,-1.5,-115.48275918421));
#6569=CARTESIAN_POINT('',(-11.6976383279961,-31.5,-115.977012245613));
#6570=CARTESIAN_POINT('',(-16.4025358136376,-31.5,-85.2137217735775));
#6571=CARTESIAN_POINT('',(-11.6976383279961,-1.5,-115.977012245613));
#6572=CARTESIAN_POINT('',(-11.6976383279961,-1.5,-115.977012245613));
#6573=CARTESIAN_POINT('',(-11.6976383279961,-1.5,-115.977012245613));
#6574=CARTESIAN_POINT('Origin',(-12.,-1.5,-114.));
#6575=CARTESIAN_POINT('Origin',(-12.,-31.5,-114.));
#6576=CARTESIAN_POINT('Origin',(-12.,-1.5,-114.));
#6577=CARTESIAN_POINT('Origin',(-12.,-1.5,-114.));
#6578=CARTESIAN_POINT('Origin',(-12.,-31.5,-114.));
#6579=CARTESIAN_POINT('Origin',(-12.,-1.5,-114.));
#6580=CARTESIAN_POINT('Origin',(-12.,-1.5,-114.));
#6581=CARTESIAN_POINT('Origin',(-12.,-1.5,-114.));
#6582=CARTESIAN_POINT('Origin',(-12.,-31.5,-114.));
#6583=CARTESIAN_POINT('Origin',(18.4613574644976,-23.5,-120.4));
#6584=CARTESIAN_POINT('',(14.3382518388799,-31.5,-120.4));
#6585=CARTESIAN_POINT('',(22.5844630901153,-31.5,-120.4));
#6586=CARTESIAN_POINT('Origin',(18.4613574644976,-23.5,-120.4));
#6587=CARTESIAN_POINT('',(14.3382518388799,-31.5,-98.4));
#6588=CARTESIAN_POINT('',(14.3382518388799,-31.5,-120.4));
#6589=CARTESIAN_POINT('',(22.5844630901153,-31.5,-98.4));
#6590=CARTESIAN_POINT('Origin',(18.4613574644976,-23.5,-98.4));
#6591=CARTESIAN_POINT('',(22.5844630901153,-31.5,-120.4));
#6592=CARTESIAN_POINT('Origin',(18.4613574644976,-32.,-98.4));
#6593=CARTESIAN_POINT('',(36.1306787322488,-31.5,-98.4));
#6594=CARTESIAN_POINT('Origin',(53.8,-31.5,-43.5));
#6595=CARTESIAN_POINT('',(-1.53864253550239,-31.5,-120.4));
#6596=CARTESIAN_POINT('',(119.6,-31.5,-120.4));
#6597=CARTESIAN_POINT('',(-4.39174002581992,-31.5,-116.472727272727));
#6598=CARTESIAN_POINT('Origin',(-1.53864253550239,-31.5,-117.4));
#6599=CARTESIAN_POINT('',(-14.4727272727273,-31.5,-106.39174002582));
#6600=CARTESIAN_POINT('Origin',(-12.,-31.5,-114.));
#6601=CARTESIAN_POINT('',(-18.4,-31.5,-103.538642535502));
#6602=CARTESIAN_POINT('Origin',(-15.4,-31.5,-103.538642535502));
#6603=CARTESIAN_POINT('',(-18.4,-31.5,16.5386425355024));
#6604=CARTESIAN_POINT('',(-18.4,-31.5,-114.));
#6605=CARTESIAN_POINT('',(-14.4727272727273,-31.5,19.3917400258199));
#6606=CARTESIAN_POINT('Origin',(-15.4,-31.5,16.5386425355024));
#6607=CARTESIAN_POINT('',(-4.3917400258199,-31.5,29.4727272727273));
#6608=CARTESIAN_POINT('Origin',(-12.,-31.5,27.));
#6609=CARTESIAN_POINT('',(-1.53864253550237,-31.5,33.4));
#6610=CARTESIAN_POINT('Origin',(-1.53864253550237,-31.5,30.4));
#6611=CARTESIAN_POINT('',(109.138642535502,-31.5,33.4));
#6612=CARTESIAN_POINT('',(-12.,-31.5,33.4));
#6613=CARTESIAN_POINT('',(111.99174002582,-31.5,29.4727272727273));
#6614=CARTESIAN_POINT('Origin',(109.138642535502,-31.5,30.4));
#6615=CARTESIAN_POINT('',(122.072727272727,-31.5,19.3917400258199));
#6616=CARTESIAN_POINT('Origin',(119.6,-31.5,27.));
#6617=CARTESIAN_POINT('',(126.,-31.5,16.5386425355024));
#6618=CARTESIAN_POINT('Origin',(123.,-31.5,16.5386425355024));
#6619=CARTESIAN_POINT('',(126.,-31.5,-103.538642535502));
#6620=CARTESIAN_POINT('',(126.,-31.5,27.));
#6621=CARTESIAN_POINT('',(122.072727272727,-31.5,-106.39174002582));
#6622=CARTESIAN_POINT('Origin',(123.,-31.5,-103.538642535502));
#6623=CARTESIAN_POINT('',(111.99174002582,-31.5,-116.472727272727));
#6624=CARTESIAN_POINT('Origin',(119.6,-31.5,-114.));
#6625=CARTESIAN_POINT('',(109.138642535502,-31.5,-120.4));
#6626=CARTESIAN_POINT('Origin',(109.138642535502,-31.5,-117.4));
#6627=CARTESIAN_POINT('',(119.6,-31.5,-120.4));
#6628=CARTESIAN_POINT('',(38.5701986579661,-31.5,-63.7483573733879));
#6629=CARTESIAN_POINT('',(38.5701986579661,-31.5,-56.7483573733879));
#6630=CARTESIAN_POINT('',(38.5701986579661,-31.5,-31.6241786866939));
#6631=CARTESIAN_POINT('',(43.5701986579661,-31.5,-56.7483573733879));
#6632=CARTESIAN_POINT('',(59.685099328983,-31.5,-56.7483573733879));
#6633=CARTESIAN_POINT('',(43.5701986579661,-31.5,-63.7483573733879));
#6634=CARTESIAN_POINT('',(43.5701986579661,-31.5,-31.6241786866939));
#6635=CARTESIAN_POINT('',(48.5701986579661,-31.5,-63.7483573733879));
#6636=CARTESIAN_POINT('',(49.935099328983,-31.5,-63.7483573733879));
#6637=CARTESIAN_POINT('',(48.5701986579661,-31.5,-56.7483573733879));
#6638=CARTESIAN_POINT('',(48.5701986579661,-31.5,-31.6241786866939));
#6639=CARTESIAN_POINT('',(52.5701986579661,-31.5,-56.7483573733879));
#6640=CARTESIAN_POINT('',(59.685099328983,-31.5,-56.7483573733879));
#6641=CARTESIAN_POINT('',(52.5701986579661,-31.5,-63.7483573733879));
#6642=CARTESIAN_POINT('',(52.5701986579661,-31.5,-31.6241786866939));
#6643=CARTESIAN_POINT('',(57.5701986579661,-31.5,-63.7483573733879));
#6644=CARTESIAN_POINT('',(54.435099328983,-31.5,-63.7483573733879));
#6645=CARTESIAN_POINT('',(57.5701986579661,-31.5,-56.7483573733879));
#6646=CARTESIAN_POINT('',(57.5701986579661,-31.5,-31.6241786866939));
#6647=CARTESIAN_POINT('',(60.5701986579661,-31.5,-56.7483573733879));
#6648=CARTESIAN_POINT('',(59.685099328983,-31.5,-56.7483573733879));
#6649=CARTESIAN_POINT('',(65.5701986579661,-31.5,-51.7483573733879));
#6650=CARTESIAN_POINT('Origin',(60.5701986579661,-31.5,-51.7483573733879));
#6651=CARTESIAN_POINT('',(65.5701986579661,-31.5,-24.7483573733879));
#6652=CARTESIAN_POINT('',(65.5701986579661,-31.5,-31.6241786866939));
#6653=CARTESIAN_POINT('',(60.5701986579661,-31.5,-19.7483573733879));
#6654=CARTESIAN_POINT('Origin',(60.5701986579661,-31.5,-24.7483573733879));
#6655=CARTESIAN_POINT('',(57.5701986579661,-31.5,-19.7483573733879));
#6656=CARTESIAN_POINT('',(35.185099328983,-31.5,-19.7483573733879));
#6657=CARTESIAN_POINT('',(57.5701986579661,-31.5,-11.7483573733879));
#6658=CARTESIAN_POINT('',(57.5701986579661,-31.5,-31.6241786866939));
#6659=CARTESIAN_POINT('',(52.5701986579661,-31.5,-11.7483573733879));
#6660=CARTESIAN_POINT('',(54.435099328983,-31.5,-11.7483573733879));
#6661=CARTESIAN_POINT('',(52.5701986579661,-31.5,-19.7483573733879));
#6662=CARTESIAN_POINT('',(52.5701986579661,-31.5,-31.6241786866939));
#6663=CARTESIAN_POINT('',(48.5701986579661,-31.5,-19.7483573733879));
#6664=CARTESIAN_POINT('',(35.185099328983,-31.5,-19.7483573733879));
#6665=CARTESIAN_POINT('',(48.5701986579661,-31.5,-11.7483573733879));
#6666=CARTESIAN_POINT('',(48.5701986579661,-31.5,-31.6241786866939));
#6667=CARTESIAN_POINT('',(43.5701986579661,-31.5,-11.7483573733879));
#6668=CARTESIAN_POINT('',(49.935099328983,-31.5,-11.7483573733879));
#6669=CARTESIAN_POINT('',(43.5701986579661,-31.5,-19.7483573733879));
#6670=CARTESIAN_POINT('',(43.5701986579661,-31.5,-31.6241786866939));
#6671=CARTESIAN_POINT('',(38.5701986579661,-31.5,-19.7483573733879));
#6672=CARTESIAN_POINT('',(35.185099328983,-31.5,-19.7483573733879));
#6673=CARTESIAN_POINT('',(38.5701986579661,-31.5,-11.7483573733879));
#6674=CARTESIAN_POINT('',(38.5701986579661,-31.5,-31.6241786866939));
#6675=CARTESIAN_POINT('',(33.5701986579661,-31.5,-11.7483573733879));
#6676=CARTESIAN_POINT('',(44.935099328983,-31.5,-11.7483573733879));
#6677=CARTESIAN_POINT('',(33.5701986579661,-31.5,-19.7483573733879));
#6678=CARTESIAN_POINT('',(33.5701986579661,-31.5,-31.6241786866939));
#6679=CARTESIAN_POINT('',(29.5701986579661,-31.5,-19.7483573733879));
#6680=CARTESIAN_POINT('',(35.185099328983,-31.5,-19.7483573733879));
#6681=CARTESIAN_POINT('',(29.5701986579661,-31.5,-11.7483573733879));
#6682=CARTESIAN_POINT('',(29.5701986579661,-31.5,-31.6241786866939));
#6683=CARTESIAN_POINT('',(24.5701986579661,-31.5,-11.7483573733879));
#6684=CARTESIAN_POINT('',(40.435099328983,-31.5,-11.7483573733879));
#6685=CARTESIAN_POINT('',(24.5701986579661,-31.5,-19.7483573733879));
#6686=CARTESIAN_POINT('',(24.5701986579661,-31.5,-31.6241786866939));
#6687=CARTESIAN_POINT('',(21.5701986579661,-31.5,-19.7483573733879));
#6688=CARTESIAN_POINT('',(35.185099328983,-31.5,-19.7483573733879));
#6689=CARTESIAN_POINT('',(16.5701986579661,-31.5,-24.7483573733879));
#6690=CARTESIAN_POINT('Origin',(21.5701986579661,-31.5,-24.7483573733879));
#6691=CARTESIAN_POINT('',(16.5701986579661,-31.5,-51.7483573733878));
#6692=CARTESIAN_POINT('',(16.5701986579661,-31.5,-50.1241786866939));
#6693=CARTESIAN_POINT('',(21.5701986579661,-31.5,-56.7483573733878));
#6694=CARTESIAN_POINT('Origin',(21.5701986579661,-31.5,-51.7483573733878));
#6695=CARTESIAN_POINT('',(24.5701986579661,-31.5,-56.7483573733879));
#6696=CARTESIAN_POINT('',(59.685099328983,-31.5,-56.7483573733879));
#6697=CARTESIAN_POINT('',(24.5701986579661,-31.5,-63.7483573733879));
#6698=CARTESIAN_POINT('',(24.5701986579661,-31.5,-31.6241786866939));
#6699=CARTESIAN_POINT('',(29.5701986579661,-31.5,-63.7483573733879));
#6700=CARTESIAN_POINT('',(40.435099328983,-31.5,-63.7483573733879));
#6701=CARTESIAN_POINT('',(29.5701986579661,-31.5,-56.7483573733879));
#6702=CARTESIAN_POINT('',(29.5701986579661,-31.5,-31.6241786866939));
#6703=CARTESIAN_POINT('',(33.5701986579661,-31.5,-56.7483573733879));
#6704=CARTESIAN_POINT('',(59.685099328983,-31.5,-56.7483573733879));
#6705=CARTESIAN_POINT('',(33.5701986579661,-31.5,-63.7483573733879));
#6706=CARTESIAN_POINT('',(33.5701986579661,-31.5,-31.6241786866939));
#6707=CARTESIAN_POINT('',(44.935099328983,-31.5,-63.7483573733879));
#6708=CARTESIAN_POINT('',(92.9999510261014,-31.5,-42.780959987618));
#6709=CARTESIAN_POINT('',(93.0086722761413,-31.5,-36.7809663259715));
#6710=CARTESIAN_POINT('',(92.9993870388393,-31.5,-43.1689685853291));
#6711=CARTESIAN_POINT('',(88.0086775581026,-31.5,-36.773698617605));
#6712=CARTESIAN_POINT('',(72.159262070843,-31.5,-36.7506608073598));
#6713=CARTESIAN_POINT('',(87.9999563080627,-31.5,-42.7736922792515));
#6714=CARTESIAN_POINT('',(87.9993923208006,-31.5,-43.1617008769626));
#6715=CARTESIAN_POINT('',(86.5,-31.5,-42.7715120279464));
#6716=CARTESIAN_POINT('',(62.1856633162452,-31.5,-42.7361700889829));
#6717=CARTESIAN_POINT('',(86.5,-31.5,-42.7483573733879));
#6718=CARTESIAN_POINT('',(86.5,-31.5,-48.874178686694));
#6719=CARTESIAN_POINT('',(83.5,-31.5,-42.7483573733879));
#6720=CARTESIAN_POINT('',(69.4,-31.5,-42.7483573733879));
#6721=CARTESIAN_POINT('',(83.5,-31.5,-42.7671513983199));
#6722=CARTESIAN_POINT('',(83.5,-31.5,-48.874178686694));
#6723=CARTESIAN_POINT('',(81.9999742667188,-31.5,-42.7649710461023));
#6724=CARTESIAN_POINT('',(62.1856633162452,-31.5,-42.7361700889829));
#6725=CARTESIAN_POINT('',(82.0086955167586,-31.5,-36.7649773844558));
#6726=CARTESIAN_POINT('',(81.9994102794566,-31.5,-43.1529796438133));
#6727=CARTESIAN_POINT('',(77.0087007987199,-31.5,-36.7577096760893));
#6728=CARTESIAN_POINT('',(66.6592736911517,-31.5,-36.742666336602));
#6729=CARTESIAN_POINT('',(76.9999795486801,-31.5,-42.7577033377357));
#6730=CARTESIAN_POINT('',(76.9994155614179,-31.5,-43.1457119354468));
#6731=CARTESIAN_POINT('',(75.5,-31.5,-42.7555230526494));
#6732=CARTESIAN_POINT('',(62.1856633162452,-31.5,-42.7361700889829));
#6733=CARTESIAN_POINT('',(75.5,-31.5,-42.7483573733879));
#6734=CARTESIAN_POINT('',(75.5,-31.5,-48.874178686694));
#6735=CARTESIAN_POINT('',(72.5,-31.5,-42.7483573733879));
#6736=CARTESIAN_POINT('',(63.9,-31.5,-42.7483573733879));
#6737=CARTESIAN_POINT('',(72.5,-31.5,-42.751162423023));
#6738=CARTESIAN_POINT('',(72.5,-31.5,-48.874178686694));
#6739=CARTESIAN_POINT('',(70.5701986579661,-31.5,-42.7483573733879));
#6740=CARTESIAN_POINT('',(62.1856633162452,-31.5,-42.7361700889829));
#6741=CARTESIAN_POINT('',(70.5701986579661,-31.5,-46.0483573733879));
#6742=CARTESIAN_POINT('',(70.5701986579661,-31.5,-44.774178686694));
#6743=CARTESIAN_POINT('',(72.5,-31.5,-46.0535926826341));
#6744=CARTESIAN_POINT('',(77.6466050495819,-31.5,-46.0675547772889));
#6745=CARTESIAN_POINT('',(72.5,-31.5,-62.4746450212297));
#6746=CARTESIAN_POINT('',(72.5,-31.5,-48.874178686694));
#6747=CARTESIAN_POINT('',(70.5701986579661,-31.5,-62.4483573733879));
#6748=CARTESIAN_POINT('',(62.0576221589553,-31.5,-62.3323995240706));
#6749=CARTESIAN_POINT('',(70.5701986579661,-31.5,-65.7483573733879));
#6750=CARTESIAN_POINT('',(70.5701986579661,-31.5,-54.6241786866939));
#6751=CARTESIAN_POINT('',(76.966530981032,-31.5,-65.7694497002004));
#6752=CARTESIAN_POINT('',(77.6134088655978,-31.5,-65.7715828225992));
#6753=CARTESIAN_POINT('',(76.9592803818276,-31.5,-70.7576737587526));
#6754=CARTESIAN_POINT('',(76.9994155614179,-31.5,-43.1457119354468));
#6755=CARTESIAN_POINT('',(81.9592750998663,-31.5,-70.7649414671191));
#6756=CARTESIAN_POINT('',(66.6098532742594,-31.5,-70.7426304192653));
#6757=CARTESIAN_POINT('',(81.9665122973164,-31.5,-65.7859374676666));
#6758=CARTESIAN_POINT('',(81.9994102794566,-31.5,-43.1529796438133));
#6759=CARTESIAN_POINT('',(87.9664782565863,-31.5,-65.8057227503074));
#6760=CARTESIAN_POINT('',(77.6134088655978,-31.5,-65.7715828225992));
#6761=CARTESIAN_POINT('',(87.9592571412102,-31.5,-70.7736627002683));
#6762=CARTESIAN_POINT('',(87.9993923208006,-31.5,-43.1617008769626));
#6763=CARTESIAN_POINT('',(92.959251859249,-31.5,-70.7809304086348));
#6764=CARTESIAN_POINT('',(72.1098416539507,-31.5,-70.7506248900231));
#6765=CARTESIAN_POINT('',(92.9664595728707,-31.5,-65.8222105177736));
#6766=CARTESIAN_POINT('',(92.9993870388393,-31.5,-43.1689685853291));
#6767=CARTESIAN_POINT('',(101.5,-31.5,-65.8503504289704));
#6768=CARTESIAN_POINT('',(77.6134088655978,-31.5,-65.7715828225992));
#6769=CARTESIAN_POINT('',(101.5,-31.5,-62.8696814277269));
#6770=CARTESIAN_POINT('',(101.5,-31.5,-53.1848407138635));
#6771=CARTESIAN_POINT('',(97.5,-31.5,-62.8151936475204));
#6772=CARTESIAN_POINT('',(62.0576221589553,-31.5,-62.3323995240706));
#6773=CARTESIAN_POINT('',(97.5,-31.5,-46.1214145502552));
#6774=CARTESIAN_POINT('',(97.5,-31.5,-48.874178686694));
#6775=CARTESIAN_POINT('',(101.5,-31.5,-46.1322660490746));
#6776=CARTESIAN_POINT('',(77.6466050495819,-31.5,-46.0675547772889));
#6777=CARTESIAN_POINT('',(101.5,-31.5,-42.7933151760786));
#6778=CARTESIAN_POINT('',(101.5,-31.5,-43.1466575880393));
#6779=CARTESIAN_POINT('',(97.5,-31.5,-42.7875010032433));
#6780=CARTESIAN_POINT('',(62.1856633162452,-31.5,-42.7361700889829));
#6781=CARTESIAN_POINT('',(97.5,-31.5,-42.7483573733879));
#6782=CARTESIAN_POINT('',(97.5,-31.5,-48.874178686694));
#6783=CARTESIAN_POINT('',(94.5,-31.5,-42.7483573733879));
#6784=CARTESIAN_POINT('',(74.9,-31.5,-42.7483573733879));
#6785=CARTESIAN_POINT('',(94.5,-31.5,-42.7831403736169));
#6786=CARTESIAN_POINT('',(94.5,-31.5,-48.874178686694));
#6787=CARTESIAN_POINT('',(62.1856633162452,-31.5,-42.7361700889829));
#6788=CARTESIAN_POINT('Origin',(85.1386425355024,-17.5,-120.4));
#6789=CARTESIAN_POINT('',(79.3886425355024,-17.5,-120.4));
#6790=CARTESIAN_POINT('Origin',(85.1386425355024,-17.5,-120.4));
#6791=CARTESIAN_POINT('',(79.3886425355024,-17.5,-122.4));
#6792=CARTESIAN_POINT('',(79.3886425355024,-17.5,-120.4));
#6793=CARTESIAN_POINT('Origin',(85.1386425355024,-17.5,-122.4));
#6794=CARTESIAN_POINT('Origin',(18.4613574644976,-23.5,-120.4));
#6795=CARTESIAN_POINT('',(12.9613574644976,-23.5,-120.4));
#6796=CARTESIAN_POINT('Origin',(18.4613574644976,-23.5,-120.4));
#6797=CARTESIAN_POINT('',(12.9613574644976,-23.5,-122.4));
#6798=CARTESIAN_POINT('',(12.9613574644976,-23.5,-120.4));
#6799=CARTESIAN_POINT('Origin',(18.4613574644976,-23.5,-122.4));
#6800=CARTESIAN_POINT('Origin',(72.1303849857972,168.,-56.6173457952229));
#6801=CARTESIAN_POINT('',(87.9798004730568,-32.,-56.6403836054681));
#6802=CARTESIAN_POINT('Origin',(87.9798004730568,168.,-56.6403836054681));
#6803=CARTESIAN_POINT('',(92.9797951910955,-32.,-56.6476513138346));
#6804=CARTESIAN_POINT('',(72.1303849857972,-32.,-56.6173457952229));
#6805=CARTESIAN_POINT('Origin',(92.9797951910955,168.,-56.6476513138346));
#6806=CARTESIAN_POINT('Origin',(92.9999510261014,-32.,-42.780959987618));
#6807=CARTESIAN_POINT('',(92.9881289442947,-32.,-50.9142454207717));
#6808=CARTESIAN_POINT('',(92.9999510261014,-32.,-42.780959987618));
#6809=CARTESIAN_POINT('Origin',(92.9881289442947,168.,-50.9142454207717));
#6810=CARTESIAN_POINT('',(92.9999510261014,-28.5,-42.780959987618));
#6811=CARTESIAN_POINT('',(92.9999510261014,-31.75,-42.780959987618));
#6812=CARTESIAN_POINT('',(92.9951132950899,-28.5,-46.1091933570652));
#6813=CARTESIAN_POINT('',(92.9999510261014,-28.5,-42.780959987618));
#6814=CARTESIAN_POINT('',(92.9951132950899,-31.5,-46.1091933570652));
#6815=CARTESIAN_POINT('',(92.9951132950899,-31.75,-46.1091933570652));
#6816=CARTESIAN_POINT('',(92.970920077992,-31.5,-62.7534987696884));
#6817=CARTESIAN_POINT('',(92.9993870388393,-31.5,-43.1689685853291));
#6818=CARTESIAN_POINT('',(92.970920077992,-28.5,-62.7534987696884));
#6819=CARTESIAN_POINT('',(92.970920077992,-31.75,-62.7534987696884));
#6820=CARTESIAN_POINT('',(92.9664595728707,-28.5,-65.8222105177736));
#6821=CARTESIAN_POINT('',(92.9999510261014,-28.5,-42.780959987618));
#6822=CARTESIAN_POINT('',(92.9664595728707,-31.75,-65.8222105177736));
#6823=CARTESIAN_POINT('Origin',(87.9999563080627,-32.,-42.7736922792515));
#6824=CARTESIAN_POINT('',(87.988134226256,-32.,-50.9069777124052));
#6825=CARTESIAN_POINT('',(87.9999563080627,-32.,-42.7736922792515));
#6826=CARTESIAN_POINT('',(72.1387187389965,-32.,-50.88393990216));
#6827=CARTESIAN_POINT('Origin',(66.6303966061059,168.,-56.609351324465));
#6828=CARTESIAN_POINT('',(76.9798237136741,-32.,-56.6243946639524));
#6829=CARTESIAN_POINT('Origin',(76.9798237136741,168.,-56.6243946639524));
#6830=CARTESIAN_POINT('',(81.9798184317128,-32.,-56.6316623723189));
#6831=CARTESIAN_POINT('',(66.6303966061059,-32.,-56.609351324465));
#6832=CARTESIAN_POINT('Origin',(81.9798184317128,168.,-56.6316623723189));
#6833=CARTESIAN_POINT('Origin',(81.9999742667188,-32.,-42.7649710461023));
#6834=CARTESIAN_POINT('',(81.9881521849121,-32.,-50.898256479256));
#6835=CARTESIAN_POINT('',(81.9999742667188,-32.,-42.7649710461023));
#6836=CARTESIAN_POINT('Origin',(81.9881521849121,168.,-50.898256479256));
#6837=CARTESIAN_POINT('',(81.9999742667188,-28.5,-42.7649710461023));
#6838=CARTESIAN_POINT('',(81.9999742667188,-31.75,-42.7649710461023));
#6839=CARTESIAN_POINT('',(81.9951566710055,-28.5,-46.0793518529854));
#6840=CARTESIAN_POINT('',(81.9999742667188,-28.5,-42.7649710461023));
#6841=CARTESIAN_POINT('',(81.9951566710055,-31.5,-46.0793518529854));
#6842=CARTESIAN_POINT('',(81.9951566710055,-31.75,-46.0793518529854));
#6843=CARTESIAN_POINT('',(81.9711378746225,-31.5,-62.6036603409342));
#6844=CARTESIAN_POINT('',(81.9994102794566,-31.5,-43.1529796438133));
#6845=CARTESIAN_POINT('',(81.9711378746225,-28.5,-62.6036603409342));
#6846=CARTESIAN_POINT('',(81.9711378746225,-31.75,-62.6036603409342));
#6847=CARTESIAN_POINT('',(81.9665122973164,-28.5,-65.7859374676666));
#6848=CARTESIAN_POINT('',(81.9999742667188,-28.5,-42.7649710461023));
#6849=CARTESIAN_POINT('',(81.9665122973164,-31.75,-65.7859374676666));
#6850=CARTESIAN_POINT('Origin',(76.9999795486801,-32.,-42.7577033377358));
#6851=CARTESIAN_POINT('',(76.9881574668734,-32.,-50.8909887708895));
#6852=CARTESIAN_POINT('',(76.9999795486801,-32.,-42.7577033377358));
#6853=CARTESIAN_POINT('',(66.6387303593052,-32.,-50.8759454314022));
#6854=CARTESIAN_POINT('Origin',(72.1387187389965,168.,-50.88393990216));
#6855=CARTESIAN_POINT('Origin',(87.988134226256,168.,-50.9069777124052));
#6856=CARTESIAN_POINT('Origin',(66.6387303593052,168.,-50.8759454314022));
#6857=CARTESIAN_POINT('Origin',(76.9881574668734,168.,-50.8909887708895));
#6858=CARTESIAN_POINT('Origin',(87.9999563080627,-28.5,-42.7736922792515));
#6859=CARTESIAN_POINT('',(87.9664782565863,-28.5,-65.8057227503074));
#6860=CARTESIAN_POINT('',(87.9664782565863,-30.,-65.8057227503074));
#6861=CARTESIAN_POINT('',(87.9710137945981,-28.5,-62.6853903210327));
#6862=CARTESIAN_POINT('',(87.9999563080627,-28.5,-42.7736922792515));
#6863=CARTESIAN_POINT('',(87.9710137945981,-31.5,-62.6853903210327));
#6864=CARTESIAN_POINT('',(87.9710137945981,-30.,-62.6853903210327));
#6865=CARTESIAN_POINT('',(87.9951277294692,-31.5,-46.0956290226997));
#6866=CARTESIAN_POINT('',(87.9993923208006,-31.5,-43.1617008769626));
#6867=CARTESIAN_POINT('',(87.9951277294692,-28.5,-46.0956290226997));
#6868=CARTESIAN_POINT('',(87.9951277294691,-30.,-46.0956290226997));
#6869=CARTESIAN_POINT('',(87.9999563080627,-28.5,-42.7736922792515));
#6870=CARTESIAN_POINT('',(87.9999563080627,-28.5,-42.7736922792515));
#6871=CARTESIAN_POINT('',(87.9999563080627,-30.,-42.7736922792515));
#6872=CARTESIAN_POINT('Origin',(92.9999510261014,-28.5,-42.780959987618));
#6873=CARTESIAN_POINT('',(81.6490649733007,-28.5,-62.5992730815697));
#6874=CARTESIAN_POINT('',(97.2119857240113,-28.5,-65.836210419678));
#6875=CARTESIAN_POINT('Origin',(92.9999510261014,-28.5,-42.780959987618));
#6876=CARTESIAN_POINT('',(81.7850748420338,-28.5,-42.7646586805029));
#6877=CARTESIAN_POINT('',(97.2454609884142,-28.5,-46.1207240178093));
#6878=CARTESIAN_POINT('Origin',(76.9999795486801,-28.5,-42.7577033377358));
#6879=CARTESIAN_POINT('',(76.966530981032,-28.5,-65.7694497002004));
#6880=CARTESIAN_POINT('',(76.966530981032,-30.,-65.7694497002004));
#6881=CARTESIAN_POINT('',(76.9712315912287,-28.5,-62.5355518922785));
#6882=CARTESIAN_POINT('',(76.9999795486801,-28.5,-42.7577033377358));
#6883=CARTESIAN_POINT('',(76.9712315912287,-31.5,-62.5355518922785));
#6884=CARTESIAN_POINT('',(76.9712315912287,-30.,-62.5355518922785));
#6885=CARTESIAN_POINT('',(76.9951711053848,-31.5,-46.0657875186198));
#6886=CARTESIAN_POINT('',(76.9994155614179,-31.5,-43.1457119354468));
#6887=CARTESIAN_POINT('',(76.9951711053848,-28.5,-46.0657875186198));
#6888=CARTESIAN_POINT('',(76.9951711053848,-30.,-46.0657875186198));
#6889=CARTESIAN_POINT('',(76.9999795486801,-28.5,-42.7577033377357));
#6890=CARTESIAN_POINT('',(76.9999795486801,-28.5,-42.7577033377358));
#6891=CARTESIAN_POINT('',(76.9999795486801,-30.,-42.7577033377357));
#6892=CARTESIAN_POINT('Origin',(81.9999742667188,-28.5,-42.7649710461023));
#6893=CARTESIAN_POINT('',(76.1499880877058,-28.5,-62.5243649583995));
#6894=CARTESIAN_POINT('',(91.7120307882081,-28.5,-65.8180739562955));
#6895=CARTESIAN_POINT('Origin',(81.9999742667188,-28.5,-42.7649710461023));
#6896=CARTESIAN_POINT('',(76.2850864623424,-28.5,-42.7566642097451));
#6897=CARTESIAN_POINT('',(91.745491398792,-28.5,-46.1058032894322));
#6898=CARTESIAN_POINT('Origin',(101.5,-31.5,-46.1322660490746));
#6899=CARTESIAN_POINT('',(86.5,-31.5,-46.0915729285019));
#6900=CARTESIAN_POINT('',(77.6466050495819,-31.5,-46.0675547772889));
#6901=CARTESIAN_POINT('',(86.5,-25.5,-46.0915729285019));
#6902=CARTESIAN_POINT('',(86.5,-28.97,-46.0915729285019));
#6903=CARTESIAN_POINT('',(94.5,-25.5,-46.1132759261406));
#6904=CARTESIAN_POINT('',(101.5,-25.5,-46.1322660490746));
#6905=CARTESIAN_POINT('',(94.5,-31.5,-46.1132759261406));
#6906=CARTESIAN_POINT('',(94.5,-28.97,-46.1132759261407));
#6907=CARTESIAN_POINT('',(77.6466050495819,-31.5,-46.0675547772889));
#6908=CARTESIAN_POINT('Origin',(53.8,-31.5,-43.5));
#6909=CARTESIAN_POINT('',(86.5,-31.5,-62.6653522519525));
#6910=CARTESIAN_POINT('',(62.0576221589553,-31.5,-62.3323995240706));
#6911=CARTESIAN_POINT('',(86.5,-31.5,-48.874178686694));
#6912=CARTESIAN_POINT('Origin',(101.5,-31.5,-46.1322660490746));
#6913=CARTESIAN_POINT('',(75.5,-31.5,-46.0617313067486));
#6914=CARTESIAN_POINT('',(77.6466050495819,-31.5,-46.0675547772889));
#6915=CARTESIAN_POINT('',(75.5,-25.5,-46.0617313067486));
#6916=CARTESIAN_POINT('',(75.5,-28.97,-46.0617313067486));
#6917=CARTESIAN_POINT('',(83.5,-25.5,-46.0834343043874));
#6918=CARTESIAN_POINT('',(101.5,-25.5,-46.1322660490746));
#6919=CARTESIAN_POINT('',(83.5,-31.5,-46.0834343043874));
#6920=CARTESIAN_POINT('',(83.5,-28.97,-46.0834343043874));
#6921=CARTESIAN_POINT('',(77.6466050495819,-31.5,-46.0675547772889));
#6922=CARTESIAN_POINT('Origin',(53.8,-31.5,-43.5));
#6923=CARTESIAN_POINT('',(75.5,-31.5,-62.5155108563845));
#6924=CARTESIAN_POINT('',(62.0576221589553,-31.5,-62.3323995240706));
#6925=CARTESIAN_POINT('',(75.5,-31.5,-48.874178686694));
#6926=CARTESIAN_POINT('Origin',(70.5701986579661,-31.5,-42.7483573733879));
#6927=CARTESIAN_POINT('',(97.5,-25.5,-42.7875010032433));
#6928=CARTESIAN_POINT('',(97.5,-28.97,-42.7875010032433));
#6929=CARTESIAN_POINT('',(101.5,-25.5,-42.7933151760786));
#6930=CARTESIAN_POINT('',(101.5,-31.5,-42.7933151760786));
#6931=CARTESIAN_POINT('',(70.5701986579661,-25.5,-42.7483573733879));
#6932=CARTESIAN_POINT('Origin',(70.5701986579661,-31.5,-42.7483573733879));
#6933=CARTESIAN_POINT('',(94.5,-25.5,-42.7831403736169));
#6934=CARTESIAN_POINT('',(94.5,-28.97,-42.7831403736169));
#6935=CARTESIAN_POINT('',(86.5,-25.5,-42.7715120279464));
#6936=CARTESIAN_POINT('',(70.5701986579661,-25.5,-42.7483573733879));
#6937=CARTESIAN_POINT('',(86.5,-28.97,-42.7715120279464));
#6938=CARTESIAN_POINT('Origin',(70.5701986579661,-31.5,-42.7483573733879));
#6939=CARTESIAN_POINT('',(83.5,-25.5,-42.7671513983199));
#6940=CARTESIAN_POINT('',(83.5,-28.97,-42.7671513983199));
#6941=CARTESIAN_POINT('',(75.5,-25.5,-42.7555230526494));
#6942=CARTESIAN_POINT('',(70.5701986579661,-25.5,-42.7483573733879));
#6943=CARTESIAN_POINT('',(75.5,-28.97,-42.7555230526494));
#6944=CARTESIAN_POINT('Origin',(70.5701986579661,-31.5,-42.7483573733879));
#6945=CARTESIAN_POINT('',(72.5,-25.5,-42.751162423023));
#6946=CARTESIAN_POINT('',(72.5,-28.97,-42.751162423023));
#6947=CARTESIAN_POINT('',(70.5701986579661,-25.5,-42.7483573733879));
#6948=CARTESIAN_POINT('',(70.5701986579661,-25.5,-42.7483573733879));
#6949=CARTESIAN_POINT('',(70.5701986579661,-31.5,-42.7483573733879));
#6950=CARTESIAN_POINT('Origin',(86.0350993289831,-25.5,-44.4403117112312));
#6951=CARTESIAN_POINT('',(97.5,-25.5,-46.1214145502552));
#6952=CARTESIAN_POINT('',(97.5,-25.5,-49.3443345423096));
#6953=CARTESIAN_POINT('',(101.5,-25.5,-46.1322660490746));
#6954=CARTESIAN_POINT('',(101.5,-25.5,-42.7933151760786));
#6955=CARTESIAN_POINT('',(101.5,-25.5,-46.1322660490746));
#6956=CARTESIAN_POINT('Origin',(86.0350993289831,-25.5,-44.4403117112312));
#6957=CARTESIAN_POINT('',(86.5,-25.5,-49.3443345423096));
#6958=CARTESIAN_POINT('',(94.5,-25.5,-49.3443345423096));
#6959=CARTESIAN_POINT('Origin',(86.0350993289831,-25.5,-44.4403117112312));
#6960=CARTESIAN_POINT('',(75.5,-25.5,-49.3443345423096));
#6961=CARTESIAN_POINT('',(83.5,-25.5,-49.3443345423096));
#6962=CARTESIAN_POINT('Origin',(86.0350993289831,-25.5,-44.4403117112312));
#6963=CARTESIAN_POINT('',(72.5,-25.5,-46.0535926826341));
#6964=CARTESIAN_POINT('',(72.5,-25.5,-49.3443345423096));
#6965=CARTESIAN_POINT('',(70.5701986579661,-25.5,-46.0483573733879));
#6966=CARTESIAN_POINT('',(101.5,-25.5,-46.1322660490746));
#6967=CARTESIAN_POINT('',(70.5701986579661,-25.5,-46.0483573733879));
#6968=CARTESIAN_POINT('Origin',(101.5,-31.5,-46.1322660490746));
#6969=CARTESIAN_POINT('',(97.5,-28.97,-46.1214145502552));
#6970=CARTESIAN_POINT('',(101.5,-31.5,-46.1322660490746));
#6971=CARTESIAN_POINT('Origin',(101.5,-31.5,-46.1322660490746));
#6972=CARTESIAN_POINT('',(72.5,-28.97,-46.0535926826341));
#6973=CARTESIAN_POINT('',(70.5701986579661,-31.5,-46.0483573733879));
#6974=CARTESIAN_POINT('Origin',(101.5,-31.5,-42.7933151760786));
#6975=CARTESIAN_POINT('Origin',(70.5701986579661,-31.5,-46.0483573733879));
#6976=CARTESIAN_POINT('Origin',(86.0350993289831,-25.5,-64.1493539011792));
#6977=CARTESIAN_POINT('',(72.5,-25.5,-65.7483573733879));
#6978=CARTESIAN_POINT('',(72.5,-25.5,-62.4746450212297));
#6979=CARTESIAN_POINT('',(72.5,-25.5,-59.1988556372835));
#6980=CARTESIAN_POINT('',(75.5,-25.5,-65.7483573733879));
#6981=CARTESIAN_POINT('',(80.0175496644915,-25.5,-65.7483573733879));
#6982=CARTESIAN_POINT('',(75.5,-25.5,-62.5155108563845));
#6983=CARTESIAN_POINT('',(75.5,-25.5,-59.1988556372835));
#6984=CARTESIAN_POINT('',(83.5,-25.5,-62.6244864167976));
#6985=CARTESIAN_POINT('',(70.5701986579661,-25.5,-62.4483573733879));
#6986=CARTESIAN_POINT('',(83.5,-25.5,-65.7483573733879));
#6987=CARTESIAN_POINT('',(83.5,-25.5,-59.1988556372835));
#6988=CARTESIAN_POINT('',(86.5,-25.5,-65.7483573733879));
#6989=CARTESIAN_POINT('',(85.5175496644915,-25.5,-65.7483573733879));
#6990=CARTESIAN_POINT('',(86.5,-25.5,-62.6653522519525));
#6991=CARTESIAN_POINT('',(86.5,-25.5,-59.1988556372835));
#6992=CARTESIAN_POINT('',(94.5,-25.5,-62.7743278123655));
#6993=CARTESIAN_POINT('',(70.5701986579661,-25.5,-62.4483573733879));
#6994=CARTESIAN_POINT('',(94.5,-25.5,-65.7483573733879));
#6995=CARTESIAN_POINT('',(94.5,-25.5,-59.1988556372835));
#6996=CARTESIAN_POINT('',(97.5,-25.5,-65.7483573733879));
#6997=CARTESIAN_POINT('',(91.0175496644915,-25.5,-65.7483573733879));
#6998=CARTESIAN_POINT('',(97.5,-25.5,-62.8151936475204));
#6999=CARTESIAN_POINT('',(97.5,-25.5,-59.1988556372835));
#7000=CARTESIAN_POINT('',(101.5,-25.5,-62.8696814277269));
#7001=CARTESIAN_POINT('',(70.5701986579661,-25.5,-62.4483573733879));
#7002=CARTESIAN_POINT('',(101.5,-25.5,-65.8503504289704));
#7003=CARTESIAN_POINT('',(101.5,-25.5,-62.8696814277269));
#7004=CARTESIAN_POINT('',(70.5701986579661,-25.5,-65.7483573733879));
#7005=CARTESIAN_POINT('',(101.5,-25.5,-65.8503504289704));
#7006=CARTESIAN_POINT('',(70.5701986579661,-25.5,-62.4483573733879));
#7007=CARTESIAN_POINT('',(70.5701986579661,-25.5,-65.7483573733879));
#7008=CARTESIAN_POINT('',(70.5701986579661,-25.5,-62.4483573733879));
#7009=CARTESIAN_POINT('Origin',(70.5701986579661,-31.5,-62.4483573733879));
#7010=CARTESIAN_POINT('',(94.5,-31.5,-62.7743278123655));
#7011=CARTESIAN_POINT('',(62.0576221589553,-31.5,-62.3323995240706));
#7012=CARTESIAN_POINT('',(94.5,-28.97,-62.7743278123655));
#7013=CARTESIAN_POINT('',(86.5,-28.97,-62.6653522519525));
#7014=CARTESIAN_POINT('Origin',(70.5701986579661,-31.5,-62.4483573733879));
#7015=CARTESIAN_POINT('',(97.5,-28.97,-62.8151936475204));
#7016=CARTESIAN_POINT('',(101.5,-31.5,-62.8696814277269));
#7017=CARTESIAN_POINT('Origin',(70.5701986579661,-31.5,-62.4483573733879));
#7018=CARTESIAN_POINT('',(83.5,-31.5,-62.6244864167976));
#7019=CARTESIAN_POINT('',(62.0576221589553,-31.5,-62.3323995240706));
#7020=CARTESIAN_POINT('',(83.5,-28.97,-62.6244864167976));
#7021=CARTESIAN_POINT('',(75.5,-28.97,-62.5155108563845));
#7022=CARTESIAN_POINT('Origin',(70.5701986579661,-31.5,-65.7483573733879));
#7023=CARTESIAN_POINT('',(70.5701986579661,-31.5,-62.4483573733879));
#7024=CARTESIAN_POINT('',(70.5701986579661,-31.5,-65.7483573733879));
#7025=CARTESIAN_POINT('Origin',(101.5,-31.5,-65.8503504289704));
#7026=CARTESIAN_POINT('',(101.5,-31.5,-65.8503504289704));
#7027=CARTESIAN_POINT('Origin',(101.5,-31.5,-62.8696814277269));
#7028=CARTESIAN_POINT('Origin',(70.5701986579661,-31.5,-62.4483573733879));
#7029=CARTESIAN_POINT('',(72.5,-28.97,-62.4746450212296));
#7030=CARTESIAN_POINT('Origin',(75.5,-26.44,-54.2483573733879));
#7031=CARTESIAN_POINT('',(75.5,-21.38,-65.7483573733879));
#7032=CARTESIAN_POINT('',(75.5,-21.38,-65.7483573733879));
#7033=CARTESIAN_POINT('',(75.5,-21.38,-62.4483573733879));
#7034=CARTESIAN_POINT('',(75.5,-21.38,-42.7483573733879));
#7035=CARTESIAN_POINT('',(75.5,-21.38,-46.0483573733879));
#7036=CARTESIAN_POINT('Origin',(75.5,-21.38,-54.2483573733879));
#7037=CARTESIAN_POINT('',(75.5,-21.38,-42.7483573733879));
#7038=CARTESIAN_POINT('',(75.5,-21.38,-42.7483573733879));
#7039=CARTESIAN_POINT('',(75.5,-31.5,-42.7483573733879));
#7040=CARTESIAN_POINT('Origin',(86.5,-26.44,-54.2483573733879));
#7041=CARTESIAN_POINT('',(86.5,-21.38,-65.7483573733879));
#7042=CARTESIAN_POINT('',(86.5,-21.38,-65.7483573733879));
#7043=CARTESIAN_POINT('',(86.5,-21.38,-62.4483573733879));
#7044=CARTESIAN_POINT('',(86.5,-21.38,-42.7483573733879));
#7045=CARTESIAN_POINT('',(86.5,-21.38,-46.0483573733879));
#7046=CARTESIAN_POINT('Origin',(86.5,-21.38,-54.2483573733879));
#7047=CARTESIAN_POINT('',(86.5,-21.38,-42.7483573733879));
#7048=CARTESIAN_POINT('',(86.5,-21.38,-42.7483573733879));
#7049=CARTESIAN_POINT('',(86.5,-31.5,-42.7483573733879));
#7050=CARTESIAN_POINT('Origin',(97.5,-26.44,-54.2483573733879));
#7051=CARTESIAN_POINT('',(97.5,-21.38,-65.7483573733879));
#7052=CARTESIAN_POINT('',(97.5,-21.38,-65.7483573733879));
#7053=CARTESIAN_POINT('',(97.5,-21.38,-62.4483573733879));
#7054=CARTESIAN_POINT('',(97.5,-21.38,-42.7483573733879));
#7055=CARTESIAN_POINT('',(97.5,-21.38,-46.0483573733879));
#7056=CARTESIAN_POINT('Origin',(97.5,-21.38,-54.2483573733879));
#7057=CARTESIAN_POINT('',(97.5,-21.38,-42.7483573733879));
#7058=CARTESIAN_POINT('',(97.5,-21.38,-42.7483573733879));
#7059=CARTESIAN_POINT('',(97.5,-31.5,-42.7483573733879));
#7060=CARTESIAN_POINT('Origin',(96.,-21.38,-65.7483573733879));
#7061=CARTESIAN_POINT('',(94.5,-21.38,-65.7483573733879));
#7062=CARTESIAN_POINT('',(94.5,-21.38,-65.7483573733879));
#7063=CARTESIAN_POINT('',(96.,-21.38,-65.7483573733879));
#7064=CARTESIAN_POINT('Origin',(53.8,-31.5,-43.5));
#7065=CARTESIAN_POINT('',(94.5,-31.5,-48.874178686694));
#7066=CARTESIAN_POINT('Origin',(53.8,-31.5,-43.5));
#7067=CARTESIAN_POINT('',(83.5,-31.5,-48.874178686694));
#7068=CARTESIAN_POINT('Origin',(74.,-31.5,-42.7483573733879));
#7069=CARTESIAN_POINT('',(72.5,-21.38,-42.7483573733879));
#7070=CARTESIAN_POINT('',(74.,-21.38,-42.7483573733879));
#7071=CARTESIAN_POINT('',(72.5,-31.5,-42.7483573733879));
#7072=CARTESIAN_POINT('Origin',(74.,-21.38,-65.7483573733879));
#7073=CARTESIAN_POINT('',(72.5,-21.38,-65.7483573733879));
#7074=CARTESIAN_POINT('',(72.5,-21.38,-65.7483573733879));
#7075=CARTESIAN_POINT('',(74.,-21.38,-65.7483573733879));
#7076=CARTESIAN_POINT('Origin',(74.,-21.38,-62.4483573733879));
#7077=CARTESIAN_POINT('',(72.5,-21.38,-62.4483573733879));
#7078=CARTESIAN_POINT('',(72.5,-21.38,-42.7483573733879));
#7079=CARTESIAN_POINT('',(74.,-21.38,-62.4483573733879));
#7080=CARTESIAN_POINT('Origin',(74.,-21.38,-54.2483573733879));
#7081=CARTESIAN_POINT('',(72.5,-21.38,-46.0483573733879));
#7082=CARTESIAN_POINT('Origin',(72.5,-21.38,-54.2483573733879));
#7083=CARTESIAN_POINT('',(74.,-21.38,-46.0483573733879));
#7084=CARTESIAN_POINT('Origin',(74.,-21.38,-42.7483573733879));
#7085=CARTESIAN_POINT('',(72.5,-21.38,-42.7483573733879));
#7086=CARTESIAN_POINT('Origin',(72.5,-26.44,-54.2483573733879));
#7087=CARTESIAN_POINT('Origin',(85.,-31.5,-42.7483573733879));
#7088=CARTESIAN_POINT('',(83.5,-21.38,-42.7483573733879));
#7089=CARTESIAN_POINT('',(85.,-21.38,-42.7483573733879));
#7090=CARTESIAN_POINT('',(83.5,-31.5,-42.7483573733879));
#7091=CARTESIAN_POINT('Origin',(85.,-21.38,-65.7483573733879));
#7092=CARTESIAN_POINT('',(83.5,-21.38,-65.7483573733879));
#7093=CARTESIAN_POINT('',(83.5,-21.38,-65.7483573733879));
#7094=CARTESIAN_POINT('',(85.,-21.38,-65.7483573733879));
#7095=CARTESIAN_POINT('Origin',(85.,-21.38,-62.4483573733879));
#7096=CARTESIAN_POINT('',(83.5,-21.38,-62.4483573733879));
#7097=CARTESIAN_POINT('',(83.5,-21.38,-42.7483573733879));
#7098=CARTESIAN_POINT('',(85.,-21.38,-62.4483573733879));
#7099=CARTESIAN_POINT('Origin',(85.,-21.38,-54.2483573733879));
#7100=CARTESIAN_POINT('',(83.5,-21.38,-46.0483573733879));
#7101=CARTESIAN_POINT('Origin',(83.5,-21.38,-54.2483573733879));
#7102=CARTESIAN_POINT('',(85.,-21.38,-46.0483573733879));
#7103=CARTESIAN_POINT('Origin',(85.,-21.38,-42.7483573733879));
#7104=CARTESIAN_POINT('',(83.5,-21.38,-42.7483573733879));
#7105=CARTESIAN_POINT('Origin',(83.5,-26.44,-54.2483573733879));
#7106=CARTESIAN_POINT('Origin',(96.,-31.5,-42.7483573733879));
#7107=CARTESIAN_POINT('',(94.5,-21.38,-42.7483573733879));
#7108=CARTESIAN_POINT('',(96.,-21.38,-42.7483573733879));
#7109=CARTESIAN_POINT('',(94.5,-31.5,-42.7483573733879));
#7110=CARTESIAN_POINT('Origin',(96.,-21.38,-62.4483573733879));
#7111=CARTESIAN_POINT('',(94.5,-21.38,-62.4483573733879));
#7112=CARTESIAN_POINT('',(94.5,-21.38,-42.7483573733879));
#7113=CARTESIAN_POINT('',(96.,-21.38,-62.4483573733879));
#7114=CARTESIAN_POINT('Origin',(96.,-21.38,-54.2483573733879));
#7115=CARTESIAN_POINT('',(94.5,-21.38,-46.0483573733879));
#7116=CARTESIAN_POINT('Origin',(94.5,-21.38,-54.2483573733879));
#7117=CARTESIAN_POINT('',(96.,-21.38,-46.0483573733879));
#7118=CARTESIAN_POINT('Origin',(96.,-21.38,-42.7483573733879));
#7119=CARTESIAN_POINT('',(94.5,-21.38,-42.7483573733879));
#7120=CARTESIAN_POINT('Origin',(94.5,-26.44,-54.2483573733879));
#7121=CARTESIAN_POINT('Origin',(109.138642535502,-1.5,-117.4));
#7122=CARTESIAN_POINT('',(111.99174002582,-1.5,-116.472727272727));
#7123=CARTESIAN_POINT('',(111.99174002582,-1.5,-116.472727272727));
#7124=CARTESIAN_POINT('',(109.138642535502,-1.5,-120.4));
#7125=CARTESIAN_POINT('Origin',(109.138642535502,-1.5,-117.4));
#7126=CARTESIAN_POINT('',(109.138642535502,-1.5,-120.4));
#7127=CARTESIAN_POINT('Origin',(114.8,-1.5,-120.4));
#7128=CARTESIAN_POINT('',(-1.53864253550239,-1.5,-120.4));
#7129=CARTESIAN_POINT('',(119.6,-1.5,-120.4));
#7130=CARTESIAN_POINT('',(-1.53864253550239,-1.5,-120.4));
#7131=CARTESIAN_POINT('Origin',(123.,-1.5,-103.538642535502));
#7132=CARTESIAN_POINT('',(126.,-1.5,-103.538642535502));
#7133=CARTESIAN_POINT('',(126.,-1.5,-103.538642535502));
#7134=CARTESIAN_POINT('',(122.072727272727,-1.5,-106.39174002582));
#7135=CARTESIAN_POINT('Origin',(123.,-1.5,-103.538642535502));
#7136=CARTESIAN_POINT('',(122.072727272727,-1.5,-106.39174002582));
#7137=CARTESIAN_POINT('Origin',(126.,-1.5,22.2));
#7138=CARTESIAN_POINT('',(126.,-1.5,16.5386425355024));
#7139=CARTESIAN_POINT('',(126.,-1.5,16.5386425355024));
#7140=CARTESIAN_POINT('',(126.,-1.5,27.));
#7141=CARTESIAN_POINT('Origin',(123.,-1.5,16.5386425355024));
#7142=CARTESIAN_POINT('',(122.072727272727,-1.5,19.3917400258199));
#7143=CARTESIAN_POINT('',(122.072727272727,-1.5,19.3917400258199));
#7144=CARTESIAN_POINT('Origin',(123.,-1.5,16.5386425355024));
#7145=CARTESIAN_POINT('Origin',(119.6,-1.5,27.));
#7146=CARTESIAN_POINT('',(111.99174002582,-1.5,29.4727272727273));
#7147=CARTESIAN_POINT('',(111.99174002582,-1.5,29.4727272727273));
#7148=CARTESIAN_POINT('Origin',(119.6,-1.5,27.));
#7149=CARTESIAN_POINT('Origin',(109.138642535502,-1.5,30.4));
#7150=CARTESIAN_POINT('',(109.138642535502,-1.5,33.4));
#7151=CARTESIAN_POINT('',(109.138642535502,-1.5,33.4));
#7152=CARTESIAN_POINT('Origin',(109.138642535502,-1.5,30.4));
#7153=CARTESIAN_POINT('Origin',(-7.19999999999997,-1.5,33.4));
#7154=CARTESIAN_POINT('',(-1.53864253550237,-1.5,33.4));
#7155=CARTESIAN_POINT('',(-1.53864253550237,-1.5,33.4));
#7156=CARTESIAN_POINT('',(-12.,-1.5,33.4));
#7157=CARTESIAN_POINT('Origin',(-1.53864253550237,-1.5,30.4));
#7158=CARTESIAN_POINT('',(-4.3917400258199,-1.5,29.4727272727273));
#7159=CARTESIAN_POINT('',(-4.3917400258199,-1.5,29.4727272727273));
#7160=CARTESIAN_POINT('Origin',(-1.53864253550237,-1.5,30.4));
#7161=CARTESIAN_POINT('Origin',(-12.,-1.5,27.));
#7162=CARTESIAN_POINT('',(-14.4727272727273,-1.5,19.3917400258199));
#7163=CARTESIAN_POINT('',(-14.4727272727273,-1.5,19.3917400258199));
#7164=CARTESIAN_POINT('Origin',(-12.,-1.5,27.));
#7165=CARTESIAN_POINT('Origin',(-15.4,-1.5,16.5386425355024));
#7166=CARTESIAN_POINT('',(-18.4,-1.5,16.5386425355024));
#7167=CARTESIAN_POINT('',(-18.4,-1.5,16.5386425355024));
#7168=CARTESIAN_POINT('Origin',(-15.4,-1.5,16.5386425355024));
#7169=CARTESIAN_POINT('Origin',(-18.4,-1.5,-109.2));
#7170=CARTESIAN_POINT('',(-18.4,-1.5,-103.538642535502));
#7171=CARTESIAN_POINT('',(-18.4,-1.5,-103.538642535502));
#7172=CARTESIAN_POINT('',(-18.4,-1.5,-114.));
#7173=CARTESIAN_POINT('Origin',(-15.4,-1.5,-103.538642535502));
#7174=CARTESIAN_POINT('',(-14.4727272727273,-1.5,-106.39174002582));
#7175=CARTESIAN_POINT('',(-14.4727272727273,-1.5,-106.39174002582));
#7176=CARTESIAN_POINT('Origin',(-15.4,-1.5,-103.538642535502));
#7177=CARTESIAN_POINT('Origin',(-12.,-1.5,-114.));
#7178=CARTESIAN_POINT('',(-4.39174002581992,-1.5,-116.472727272727));
#7179=CARTESIAN_POINT('',(-4.39174002581992,-1.5,-116.472727272727));
#7180=CARTESIAN_POINT('Origin',(-12.,-1.5,-114.));
#7181=CARTESIAN_POINT('Origin',(-1.53864253550239,-1.5,-117.4));
#7182=CARTESIAN_POINT('Origin',(-1.53864253550239,-1.5,-117.4));
#7183=CARTESIAN_POINT('Origin',(40.435099328983,228.,-47.6315959121014));
#7184=CARTESIAN_POINT('',(24.5701986579661,-32.,-47.6315959121014));
#7185=CARTESIAN_POINT('Origin',(24.5701986579661,228.,-47.6315959121014));
#7186=CARTESIAN_POINT('',(29.5701986579661,-32.,-47.6315959121014));
#7187=CARTESIAN_POINT('',(40.435099328983,-32.,-47.6315959121014));
#7188=CARTESIAN_POINT('Origin',(29.5701986579661,228.,-47.6315959121014));
#7189=CARTESIAN_POINT('Origin',(29.5701986579661,-32.,-19.7483573733879));
#7190=CARTESIAN_POINT('',(29.5701986579661,-32.,-27.8651188346743));
#7191=CARTESIAN_POINT('',(29.5701986579661,-32.,-19.7483573733879));
#7192=CARTESIAN_POINT('Origin',(29.5701986579661,228.,-27.8651188346743));
#7193=CARTESIAN_POINT('',(29.5701986579661,-28.7,-19.7483573733879));
#7194=CARTESIAN_POINT('',(29.5701986579661,-31.75,-19.7483573733879));
#7195=CARTESIAN_POINT('',(29.5701986579661,-28.7,-22.7483573733879));
#7196=CARTESIAN_POINT('',(29.5701986579661,-28.7,-19.7483573733879));
#7197=CARTESIAN_POINT('',(29.5701986579661,-31.5,-22.7483573733879));
#7198=CARTESIAN_POINT('',(29.5701986579661,-31.75,-22.7483573733879));
#7199=CARTESIAN_POINT('',(29.5701986579661,-31.5,-53.7483573733879));
#7200=CARTESIAN_POINT('',(29.5701986579661,-31.5,-31.6241786866939));
#7201=CARTESIAN_POINT('',(29.5701986579661,-28.7,-53.7483573733878));
#7202=CARTESIAN_POINT('',(29.5701986579661,-31.75,-53.7483573733878));
#7203=CARTESIAN_POINT('',(29.5701986579661,-28.7,-56.7483573733879));
#7204=CARTESIAN_POINT('',(29.5701986579661,-28.7,-19.7483573733879));
#7205=CARTESIAN_POINT('',(29.5701986579661,-31.75,-56.7483573733879));
#7206=CARTESIAN_POINT('Origin',(24.5701986579661,-32.,-19.7483573733879));
#7207=CARTESIAN_POINT('',(24.5701986579661,-32.,-27.8651188346743));
#7208=CARTESIAN_POINT('',(24.5701986579661,-32.,-19.7483573733879));
#7209=CARTESIAN_POINT('',(40.435099328983,-32.,-27.8651188346743));
#7210=CARTESIAN_POINT('Origin',(44.935099328983,228.,-47.6315959121014));
#7211=CARTESIAN_POINT('',(33.5701986579661,-32.,-47.6315959121014));
#7212=CARTESIAN_POINT('Origin',(33.5701986579661,228.,-47.6315959121014));
#7213=CARTESIAN_POINT('',(38.5701986579661,-32.,-47.6315959121014));
#7214=CARTESIAN_POINT('',(44.935099328983,-32.,-47.6315959121014));
#7215=CARTESIAN_POINT('Origin',(38.5701986579661,228.,-47.6315959121014));
#7216=CARTESIAN_POINT('Origin',(38.5701986579661,-32.,-19.7483573733879));
#7217=CARTESIAN_POINT('',(38.5701986579661,-32.,-27.8651188346743));
#7218=CARTESIAN_POINT('',(38.5701986579661,-32.,-19.7483573733879));
#7219=CARTESIAN_POINT('Origin',(38.5701986579661,228.,-27.8651188346743));
#7220=CARTESIAN_POINT('',(38.5701986579661,-28.7,-19.7483573733879));
#7221=CARTESIAN_POINT('',(38.5701986579661,-31.75,-19.7483573733879));
#7222=CARTESIAN_POINT('',(38.5701986579661,-28.7,-22.7483573733879));
#7223=CARTESIAN_POINT('',(38.5701986579661,-28.7,-19.7483573733879));
#7224=CARTESIAN_POINT('',(38.5701986579661,-31.5,-22.7483573733879));
#7225=CARTESIAN_POINT('',(38.5701986579661,-31.75,-22.7483573733879));
#7226=CARTESIAN_POINT('',(38.5701986579661,-31.5,-53.7483573733879));
#7227=CARTESIAN_POINT('',(38.5701986579661,-31.5,-31.6241786866939));
#7228=CARTESIAN_POINT('',(38.5701986579661,-28.7,-53.7483573733879));
#7229=CARTESIAN_POINT('',(38.5701986579661,-31.75,-53.7483573733879));
#7230=CARTESIAN_POINT('',(38.5701986579661,-28.7,-56.7483573733879));
#7231=CARTESIAN_POINT('',(38.5701986579661,-28.7,-19.7483573733879));
#7232=CARTESIAN_POINT('',(38.5701986579661,-31.75,-56.7483573733879));
#7233=CARTESIAN_POINT('Origin',(33.5701986579661,-32.,-19.7483573733879));
#7234=CARTESIAN_POINT('',(33.5701986579661,-32.,-27.8651188346743));
#7235=CARTESIAN_POINT('',(33.5701986579661,-32.,-19.7483573733879));
#7236=CARTESIAN_POINT('',(44.935099328983,-32.,-27.8651188346743));
#7237=CARTESIAN_POINT('Origin',(49.9350993289828,228.,-47.6315959121014));
#7238=CARTESIAN_POINT('',(43.5701986579661,-32.,-47.6315959121014));
#7239=CARTESIAN_POINT('Origin',(43.5701986579658,228.,-47.6315959121014));
#7240=CARTESIAN_POINT('',(48.5701986579661,-32.,-47.6315959121014));
#7241=CARTESIAN_POINT('',(49.935099328983,-32.,-47.6315959121014));
#7242=CARTESIAN_POINT('Origin',(48.5701986579658,228.,-47.6315959121014));
#7243=CARTESIAN_POINT('Origin',(48.5701986579661,-32.,-19.7483573733879));
#7244=CARTESIAN_POINT('',(48.5701986579661,-32.,-27.8651188346743));
#7245=CARTESIAN_POINT('',(48.5701986579661,-32.,-19.7483573733879));
#7246=CARTESIAN_POINT('Origin',(48.5701986579658,228.,-27.8651188346743));
#7247=CARTESIAN_POINT('',(48.5701986579661,-28.5,-19.7483573733879));
#7248=CARTESIAN_POINT('',(48.5701986579661,-31.75,-19.7483573733879));
#7249=CARTESIAN_POINT('',(48.5701986579661,-28.5,-22.7483573733879));
#7250=CARTESIAN_POINT('',(48.5701986579661,-28.5,-19.7483573733879));
#7251=CARTESIAN_POINT('',(48.5701986579661,-31.5,-22.7483573733879));
#7252=CARTESIAN_POINT('',(48.5701986579661,-31.75,-22.7483573733879));
#7253=CARTESIAN_POINT('',(48.5701986579661,-31.5,-53.7483573733879));
#7254=CARTESIAN_POINT('',(48.5701986579661,-31.5,-31.6241786866939));
#7255=CARTESIAN_POINT('',(48.5701986579661,-28.5,-53.7483573733879));
#7256=CARTESIAN_POINT('',(48.5701986579661,-31.75,-53.7483573733879));
#7257=CARTESIAN_POINT('',(48.5701986579661,-28.5,-56.7483573733879));
#7258=CARTESIAN_POINT('',(48.5701986579661,-28.5,-19.7483573733879));
#7259=CARTESIAN_POINT('',(48.5701986579661,-31.75,-56.7483573733879));
#7260=CARTESIAN_POINT('Origin',(43.5701986579661,-32.,-19.7483573733879));
#7261=CARTESIAN_POINT('',(43.5701986579661,-32.,-27.8651188346743));
#7262=CARTESIAN_POINT('',(43.5701986579661,-32.,-19.7483573733879));
#7263=CARTESIAN_POINT('',(49.935099328983,-32.,-27.8651188346743));
#7264=CARTESIAN_POINT('Origin',(54.435099328983,228.,-47.6315959121014));
#7265=CARTESIAN_POINT('',(52.5701986579661,-32.,-47.6315959121014));
#7266=CARTESIAN_POINT('Origin',(52.5701986579661,228.,-47.6315959121014));
#7267=CARTESIAN_POINT('',(57.5701986579661,-32.,-47.6315959121014));
#7268=CARTESIAN_POINT('',(54.435099328983,-32.,-47.6315959121014));
#7269=CARTESIAN_POINT('Origin',(57.5701986579661,228.,-47.6315959121014));
#7270=CARTESIAN_POINT('Origin',(57.5701986579661,-32.,-19.7483573733879));
#7271=CARTESIAN_POINT('',(57.5701986579661,-32.,-27.8651188346743));
#7272=CARTESIAN_POINT('',(57.5701986579661,-32.,-19.7483573733879));
#7273=CARTESIAN_POINT('Origin',(57.5701986579661,228.,-27.8651188346743));
#7274=CARTESIAN_POINT('',(57.5701986579661,-28.5,-19.7483573733879));
#7275=CARTESIAN_POINT('',(57.5701986579661,-31.75,-19.7483573733879));
#7276=CARTESIAN_POINT('',(57.5701986579661,-28.5,-22.7483573733879));
#7277=CARTESIAN_POINT('',(57.5701986579661,-28.5,-19.7483573733879));
#7278=CARTESIAN_POINT('',(57.5701986579661,-31.5,-22.7483573733879));
#7279=CARTESIAN_POINT('',(57.5701986579661,-31.75,-22.7483573733879));
#7280=CARTESIAN_POINT('',(57.5701986579661,-31.5,-53.7483573733879));
#7281=CARTESIAN_POINT('',(57.5701986579661,-31.5,-31.6241786866939));
#7282=CARTESIAN_POINT('',(57.5701986579661,-28.5,-53.7483573733879));
#7283=CARTESIAN_POINT('',(57.5701986579661,-31.75,-53.7483573733879));
#7284=CARTESIAN_POINT('',(57.5701986579661,-28.5,-56.7483573733879));
#7285=CARTESIAN_POINT('',(57.5701986579661,-28.5,-19.7483573733879));
#7286=CARTESIAN_POINT('',(57.5701986579661,-31.75,-56.7483573733879));
#7287=CARTESIAN_POINT('Origin',(52.5701986579661,-32.,-19.7483573733879));
#7288=CARTESIAN_POINT('',(52.5701986579661,-32.,-27.8651188346743));
#7289=CARTESIAN_POINT('',(52.5701986579661,-32.,-19.7483573733879));
#7290=CARTESIAN_POINT('',(54.435099328983,-32.,-27.8651188346743));
#7291=CARTESIAN_POINT('Origin',(54.435099328983,228.,-27.8651188346743));
#7292=CARTESIAN_POINT('Origin',(52.5701986579661,228.,-27.8651188346743));
#7293=CARTESIAN_POINT('Origin',(52.5701986579661,-28.5,-19.7483573733879));
#7294=CARTESIAN_POINT('',(52.5701986579661,-28.5,-56.7483573733879));
#7295=CARTESIAN_POINT('',(52.5701986579661,-30.,-56.7483573733879));
#7296=CARTESIAN_POINT('',(52.5701986579661,-28.5,-53.7483573733879));
#7297=CARTESIAN_POINT('',(52.5701986579661,-28.5,-19.7483573733879));
#7298=CARTESIAN_POINT('',(52.5701986579661,-31.5,-53.7483573733879));
#7299=CARTESIAN_POINT('',(52.5701986579661,-30.,-53.7483573733879));
#7300=CARTESIAN_POINT('',(52.5701986579661,-31.5,-22.7483573733879));
#7301=CARTESIAN_POINT('',(52.5701986579661,-31.5,-31.6241786866939));
#7302=CARTESIAN_POINT('',(52.5701986579661,-28.5,-22.7483573733879));
#7303=CARTESIAN_POINT('',(52.5701986579661,-30.,-22.7483573733879));
#7304=CARTESIAN_POINT('',(52.5701986579661,-28.5,-19.7483573733879));
#7305=CARTESIAN_POINT('',(52.5701986579661,-28.5,-19.7483573733879));
#7306=CARTESIAN_POINT('',(52.5701986579661,-30.,-19.7483573733879));
#7307=CARTESIAN_POINT('Origin',(49.9350993289828,228.,-27.8651188346743));
#7308=CARTESIAN_POINT('Origin',(43.5701986579658,228.,-27.8651188346743));
#7309=CARTESIAN_POINT('Origin',(44.935099328983,228.,-27.8651188346743));
#7310=CARTESIAN_POINT('Origin',(33.5701986579661,228.,-27.8651188346743));
#7311=CARTESIAN_POINT('Origin',(33.5701986579661,-28.7,-19.7483573733879));
#7312=CARTESIAN_POINT('',(33.5701986579661,-28.7,-56.7483573733879));
#7313=CARTESIAN_POINT('',(33.5701986579661,-30.1,-56.7483573733879));
#7314=CARTESIAN_POINT('',(33.5701986579661,-28.7,-53.7483573733878));
#7315=CARTESIAN_POINT('',(33.5701986579661,-28.7,-19.7483573733879));
#7316=CARTESIAN_POINT('',(33.5701986579661,-31.5,-53.7483573733879));
#7317=CARTESIAN_POINT('',(33.5701986579661,-30.1,-53.7483573733879));
#7318=CARTESIAN_POINT('',(33.5701986579661,-31.5,-22.7483573733879));
#7319=CARTESIAN_POINT('',(33.5701986579661,-31.5,-31.6241786866939));
#7320=CARTESIAN_POINT('',(33.5701986579661,-28.7,-22.7483573733879));
#7321=CARTESIAN_POINT('',(33.5701986579661,-30.1,-22.7483573733879));
#7322=CARTESIAN_POINT('',(33.5701986579661,-28.7,-19.7483573733879));
#7323=CARTESIAN_POINT('',(33.5701986579661,-28.7,-19.7483573733879));
#7324=CARTESIAN_POINT('',(33.5701986579661,-30.1,-19.7483573733879));
#7325=CARTESIAN_POINT('Origin',(40.435099328983,228.,-27.8651188346743));
#7326=CARTESIAN_POINT('Origin',(24.5701986579661,228.,-27.8651188346743));
#7327=CARTESIAN_POINT('Origin',(24.5701986579661,-28.7,-19.7483573733879));
#7328=CARTESIAN_POINT('',(24.5701986579661,-28.7,-56.7483573733879));
#7329=CARTESIAN_POINT('',(24.5701986579661,-30.1,-56.7483573733878));
#7330=CARTESIAN_POINT('',(24.5701986579661,-28.7,-53.7483573733878));
#7331=CARTESIAN_POINT('',(24.5701986579661,-28.7,-19.7483573733879));
#7332=CARTESIAN_POINT('',(24.5701986579661,-31.5,-53.7483573733878));
#7333=CARTESIAN_POINT('',(24.5701986579661,-30.1,-53.7483573733878));
#7334=CARTESIAN_POINT('',(24.5701986579661,-31.5,-22.7483573733879));
#7335=CARTESIAN_POINT('',(24.5701986579661,-31.5,-31.6241786866939));
#7336=CARTESIAN_POINT('',(24.5701986579661,-28.7,-22.7483573733879));
#7337=CARTESIAN_POINT('',(24.5701986579661,-30.1,-22.7483573733879));
#7338=CARTESIAN_POINT('',(24.5701986579661,-28.7,-19.7483573733879));
#7339=CARTESIAN_POINT('',(24.5701986579661,-28.7,-19.7483573733879));
#7340=CARTESIAN_POINT('',(24.5701986579661,-30.1,-19.7483573733879));
#7341=CARTESIAN_POINT('Origin',(38.5701986579661,-28.7,-19.7483573733879));
#7342=CARTESIAN_POINT('',(50.5701986579661,-28.7,-22.7483573733879));
#7343=CARTESIAN_POINT('',(27.5701986579661,-28.7,-19.7483573733879));
#7344=CARTESIAN_POINT('Origin',(38.5701986579661,-28.7,-19.7483573733879));
#7345=CARTESIAN_POINT('',(52.0701986579661,-28.7,-56.7483573733879));
#7346=CARTESIAN_POINT('',(29.0701986579661,-28.7,-53.7483573733878));
#7347=CARTESIAN_POINT('Origin',(48.5701986579661,-28.5,-19.7483573733879));
#7348=CARTESIAN_POINT('',(43.5701986579661,-28.5,-22.7483573733879));
#7349=CARTESIAN_POINT('',(55.5701986579661,-28.5,-22.7483573733879));
#7350=CARTESIAN_POINT('',(43.5701986579661,-28.5,-19.7483573733879));
#7351=CARTESIAN_POINT('',(32.5701986579661,-28.5,-19.7483573733879));
#7352=CARTESIAN_POINT('',(43.5701986579661,-28.5,-19.7483573733879));
#7353=CARTESIAN_POINT('Origin',(48.5701986579661,-28.5,-19.7483573733879));
#7354=CARTESIAN_POINT('',(43.5701986579661,-28.5,-56.7483573733879));
#7355=CARTESIAN_POINT('',(57.0701986579661,-28.5,-56.7483573733879));
#7356=CARTESIAN_POINT('',(43.5701986579661,-28.5,-53.7483573733879));
#7357=CARTESIAN_POINT('',(34.0701986579661,-28.5,-53.7483573733879));
#7358=CARTESIAN_POINT('',(43.5701986579661,-28.5,-19.7483573733879));
#7359=CARTESIAN_POINT('Origin',(43.5701986579661,-28.5,-19.7483573733879));
#7360=CARTESIAN_POINT('',(43.5701986579661,-30.,-56.7483573733879));
#7361=CARTESIAN_POINT('',(43.5701986579661,-31.5,-53.7483573733879));
#7362=CARTESIAN_POINT('',(43.5701986579661,-30.,-53.7483573733879));
#7363=CARTESIAN_POINT('',(43.5701986579661,-31.5,-22.7483573733879));
#7364=CARTESIAN_POINT('',(43.5701986579661,-31.5,-31.6241786866939));
#7365=CARTESIAN_POINT('',(43.5701986579661,-30.,-22.7483573733879));
#7366=CARTESIAN_POINT('',(43.5701986579661,-30.,-19.7483573733879));
#7367=CARTESIAN_POINT('Origin',(29.5701986579661,-28.7,-19.7483573733879));
#7368=CARTESIAN_POINT('',(46.0701986579661,-28.7,-22.7483573733879));
#7369=CARTESIAN_POINT('',(23.0701986579661,-28.7,-19.7483573733879));
#7370=CARTESIAN_POINT('Origin',(29.5701986579661,-28.7,-19.7483573733879));
#7371=CARTESIAN_POINT('',(47.5701986579661,-28.7,-56.7483573733879));
#7372=CARTESIAN_POINT('',(24.5701986579661,-28.7,-53.7483573733878));
#7373=CARTESIAN_POINT('Origin',(57.5701986579661,-28.5,-19.7483573733879));
#7374=CARTESIAN_POINT('',(60.0701986579661,-28.5,-22.7483573733879));
#7375=CARTESIAN_POINT('',(37.0701986579661,-28.5,-19.7483573733879));
#7376=CARTESIAN_POINT('Origin',(57.5701986579661,-28.5,-19.7483573733879));
#7377=CARTESIAN_POINT('',(61.5701986579661,-28.5,-56.7483573733879));
#7378=CARTESIAN_POINT('',(38.5701986579661,-28.5,-53.7483573733879));
#7379=CARTESIAN_POINT('Origin',(65.5701986579661,-31.5,-56.7483573733879));
#7380=CARTESIAN_POINT('',(21.5701986579661,-26.5,-56.7483573733878));
#7381=CARTESIAN_POINT('',(21.5701986579661,-31.5,-56.7483573733878));
#7382=CARTESIAN_POINT('',(60.5701986579661,-26.5,-56.7483573733879));
#7383=CARTESIAN_POINT('',(53.3201986579661,-26.5,-56.7483573733879));
#7384=CARTESIAN_POINT('',(60.5701986579661,-31.5,-56.7483573733879));
#7385=CARTESIAN_POINT('Origin',(62.5701986579661,-31.5,-22.7483573733879));
#7386=CARTESIAN_POINT('',(58.1850993289831,-31.5,-22.7483573733879));
#7387=CARTESIAN_POINT('',(21.5701986579661,-31.5,-22.7483573733879));
#7388=CARTESIAN_POINT('',(58.1850993289831,-31.5,-22.7483573733879));
#7389=CARTESIAN_POINT('',(21.5701986579661,-26.5,-22.7483573733879));
#7390=CARTESIAN_POINT('',(21.5701986579661,-31.5,-22.7483573733879));
#7391=CARTESIAN_POINT('',(60.5701986579661,-26.5,-22.7483573733879));
#7392=CARTESIAN_POINT('',(51.8201986579661,-26.5,-22.7483573733879));
#7393=CARTESIAN_POINT('',(60.5701986579661,-31.5,-22.7483573733879));
#7394=CARTESIAN_POINT('',(60.5701986579661,-31.5,-22.7483573733879));
#7395=CARTESIAN_POINT('',(58.1850993289831,-31.5,-22.7483573733879));
#7396=CARTESIAN_POINT('',(58.1850993289831,-31.5,-22.7483573733879));
#7397=CARTESIAN_POINT('',(58.1850993289831,-31.5,-22.7483573733879));
#7398=CARTESIAN_POINT('Origin',(53.8,-31.5,-43.5));
#7399=CARTESIAN_POINT('',(62.5701986579661,-31.5,-24.7483573733879));
#7400=CARTESIAN_POINT('Origin',(60.5701986579661,-31.5,-24.7483573733879));
#7401=CARTESIAN_POINT('',(62.5701986579661,-31.5,-51.7483573733879));
#7402=CARTESIAN_POINT('',(62.5701986579661,-31.5,-48.6241786866939));
#7403=CARTESIAN_POINT('',(60.5701986579661,-31.5,-53.7483573733879));
#7404=CARTESIAN_POINT('Origin',(60.5701986579661,-31.5,-51.7483573733879));
#7405=CARTESIAN_POINT('',(36.685099328983,-31.5,-53.7483573733879));
#7406=CARTESIAN_POINT('Origin',(53.8,-31.5,-43.5));
#7407=CARTESIAN_POINT('',(21.5701986579661,-31.5,-53.7483573733878));
#7408=CARTESIAN_POINT('',(36.685099328983,-31.5,-53.7483573733879));
#7409=CARTESIAN_POINT('',(19.5701986579661,-31.5,-51.7483573733878));
#7410=CARTESIAN_POINT('Origin',(21.5701986579661,-31.5,-51.7483573733878));
#7411=CARTESIAN_POINT('',(19.5701986579661,-31.5,-24.7483573733879));
#7412=CARTESIAN_POINT('',(19.5701986579661,-31.5,-33.1241786866939));
#7413=CARTESIAN_POINT('Origin',(21.5701986579661,-31.5,-24.7483573733879));
#7414=CARTESIAN_POINT('Origin',(53.8,-31.5,-43.5));
#7415=CARTESIAN_POINT('',(36.685099328983,-31.5,-53.7483573733879));
#7416=CARTESIAN_POINT('Origin',(53.8,-31.5,-43.5));
#7417=CARTESIAN_POINT('',(36.685099328983,-31.5,-53.7483573733879));
#7418=CARTESIAN_POINT('Origin',(53.8,-31.5,-43.5));
#7419=CARTESIAN_POINT('',(36.685099328983,-31.5,-53.7483573733879));
#7420=CARTESIAN_POINT('Origin',(21.5701986579661,-26.5,-24.7483573733879));
#7421=CARTESIAN_POINT('',(19.5701986579661,-26.5,-24.7483573733879));
#7422=CARTESIAN_POINT('',(18.5701986579661,-25.5,-24.7483573733879));
#7423=CARTESIAN_POINT('Origin',(18.5701986579661,-26.5,-24.7483573733879));
#7424=CARTESIAN_POINT('',(21.5701986579661,-25.5,-21.7483573733879));
#7425=CARTESIAN_POINT('Origin',(21.5701986579661,-25.5,-24.7483573733879));
#7426=CARTESIAN_POINT('Origin',(21.5701986579661,-26.5,-21.7483573733879));
#7427=CARTESIAN_POINT('Origin',(21.5701986579661,-26.5,-24.7483573733879));
#7428=CARTESIAN_POINT('Origin',(51.8201986579661,-26.5,-21.7483573733879));
#7429=CARTESIAN_POINT('',(60.5701986579661,-25.5,-21.7483573733879));
#7430=CARTESIAN_POINT('Origin',(60.5701986579661,-26.5,-21.7483573733879));
#7431=CARTESIAN_POINT('',(51.8201986579661,-25.5,-21.7483573733879));
#7432=CARTESIAN_POINT('Origin',(60.5701986579661,-26.5,-24.7483573733879));
#7433=CARTESIAN_POINT('',(63.5701986579661,-25.5,-24.7483573733879));
#7434=CARTESIAN_POINT('',(62.5701986579661,-26.5,-24.7483573733879));
#7435=CARTESIAN_POINT('Origin',(63.5701986579661,-26.5,-24.7483573733879));
#7436=CARTESIAN_POINT('Origin',(60.5701986579661,-26.5,-24.7483573733879));
#7437=CARTESIAN_POINT('Origin',(60.5701986579661,-25.5,-24.7483573733879));
#7438=CARTESIAN_POINT('Origin',(63.5701986579661,-26.5,-45.9983573733879));
#7439=CARTESIAN_POINT('',(63.5701986579661,-25.5,-51.7483573733879));
#7440=CARTESIAN_POINT('',(62.5701986579661,-26.5,-51.7483573733879));
#7441=CARTESIAN_POINT('Origin',(63.5701986579661,-26.5,-51.7483573733879));
#7442=CARTESIAN_POINT('',(62.5701986579661,-26.5,-45.9983573733879));
#7443=CARTESIAN_POINT('',(63.5701986579661,-25.5,-45.9983573733879));
#7444=CARTESIAN_POINT('Origin',(60.5701986579661,-26.5,-51.7483573733879));
#7445=CARTESIAN_POINT('',(60.5701986579661,-25.5,-54.7483573733879));
#7446=CARTESIAN_POINT('',(60.5701986579661,-26.5,-53.7483573733879));
#7447=CARTESIAN_POINT('Origin',(60.5701986579661,-26.5,-54.7483573733879));
#7448=CARTESIAN_POINT('Origin',(60.5701986579661,-26.5,-51.7483573733879));
#7449=CARTESIAN_POINT('Origin',(60.5701986579661,-25.5,-51.7483573733879));
#7450=CARTESIAN_POINT('Origin',(30.3201986579661,-26.5,-54.7483573733878));
#7451=CARTESIAN_POINT('',(21.5701986579661,-25.5,-54.7483573733878));
#7452=CARTESIAN_POINT('',(21.5701986579661,-26.5,-53.7483573733878));
#7453=CARTESIAN_POINT('Origin',(21.5701986579661,-26.5,-54.7483573733878));
#7454=CARTESIAN_POINT('',(30.3201986579661,-26.5,-53.7483573733878));
#7455=CARTESIAN_POINT('',(30.3201986579661,-25.5,-54.7483573733878));
#7456=CARTESIAN_POINT('Origin',(21.5701986579661,-26.5,-51.7483573733878));
#7457=CARTESIAN_POINT('',(18.5701986579661,-25.5,-51.7483573733878));
#7458=CARTESIAN_POINT('',(19.5701986579661,-26.5,-51.7483573733878));
#7459=CARTESIAN_POINT('Origin',(18.5701986579661,-26.5,-51.7483573733878));
#7460=CARTESIAN_POINT('Origin',(21.5701986579661,-26.5,-51.7483573733878));
#7461=CARTESIAN_POINT('Origin',(21.5701986579661,-25.5,-51.7483573733878));
#7462=CARTESIAN_POINT('Origin',(18.5701986579661,-26.5,-30.4983573733879));
#7463=CARTESIAN_POINT('',(18.5701986579661,-25.5,-30.4983573733879));
#7464=CARTESIAN_POINT('',(19.5701986579661,-26.5,-30.4983573733879));
#7465=CARTESIAN_POINT('Origin',(19.5701986579661,-31.5,-53.7483573733878));
#7466=CARTESIAN_POINT('',(60.5701986579661,-31.5,-53.7483573733879));
#7467=CARTESIAN_POINT('',(21.5701986579661,-31.5,-53.7483573733878));
#7468=CARTESIAN_POINT('Origin',(21.5701986579661,-31.5,-51.7483573733878));
#7469=CARTESIAN_POINT('',(19.5701986579661,-31.5,-51.7483573733878));
#7470=CARTESIAN_POINT('Origin',(19.5701986579661,-31.5,-22.7483573733879));
#7471=CARTESIAN_POINT('',(19.5701986579661,-31.5,-24.7483573733879));
#7472=CARTESIAN_POINT('Origin',(21.5701986579661,-31.5,-24.7483573733879));
#7473=CARTESIAN_POINT('Origin',(41.0701986579661,-25.5,-38.2483573733879));
#7474=CARTESIAN_POINT('',(64.5701986579661,-25.5,-24.7483573733879));
#7475=CARTESIAN_POINT('',(60.5701986579661,-25.5,-20.7483573733879));
#7476=CARTESIAN_POINT('Origin',(60.5701986579661,-25.5,-24.7483573733879));
#7477=CARTESIAN_POINT('',(64.5701986579661,-25.5,-51.7483573733879));
#7478=CARTESIAN_POINT('',(64.5701986579661,-25.5,-28.9983573733879));
#7479=CARTESIAN_POINT('',(60.5701986579661,-25.5,-55.7483573733879));
#7480=CARTESIAN_POINT('Origin',(60.5701986579661,-25.5,-51.7483573733879));
#7481=CARTESIAN_POINT('',(21.5701986579661,-25.5,-55.7483573733878));
#7482=CARTESIAN_POINT('',(53.3201986579661,-25.5,-55.7483573733879));
#7483=CARTESIAN_POINT('',(17.5701986579661,-25.5,-51.7483573733878));
#7484=CARTESIAN_POINT('Origin',(21.5701986579661,-25.5,-51.7483573733878));
#7485=CARTESIAN_POINT('',(17.5701986579661,-25.5,-24.7483573733879));
#7486=CARTESIAN_POINT('',(17.5701986579661,-25.5,-47.4983573733879));
#7487=CARTESIAN_POINT('',(21.5701986579661,-25.5,-20.7483573733879));
#7488=CARTESIAN_POINT('Origin',(21.5701986579661,-25.5,-24.7483573733879));
#7489=CARTESIAN_POINT('',(28.8201986579661,-25.5,-20.7483573733879));
#7490=CARTESIAN_POINT('Origin',(60.5701986579661,-26.5,-24.7483573733879));
#7491=CARTESIAN_POINT('',(65.5701986579661,-26.5,-24.7483573733879));
#7492=CARTESIAN_POINT('Origin',(64.5701986579661,-26.5,-24.7483573733879));
#7493=CARTESIAN_POINT('',(60.5701986579661,-26.5,-19.7483573733879));
#7494=CARTESIAN_POINT('Origin',(60.5701986579661,-26.5,-20.7483573733879));
#7495=CARTESIAN_POINT('Origin',(60.5701986579661,-26.5,-24.7483573733879));
#7496=CARTESIAN_POINT('Origin',(28.8201986579661,-26.5,-20.7483573733879));
#7497=CARTESIAN_POINT('',(21.5701986579661,-26.5,-19.7483573733879));
#7498=CARTESIAN_POINT('Origin',(21.5701986579661,-26.5,-20.7483573733879));
#7499=CARTESIAN_POINT('',(28.8201986579661,-26.5,-19.7483573733879));
#7500=CARTESIAN_POINT('Origin',(21.5701986579661,-26.5,-24.7483573733879));
#7501=CARTESIAN_POINT('',(16.5701986579661,-26.5,-24.7483573733879));
#7502=CARTESIAN_POINT('Origin',(17.5701986579661,-26.5,-24.7483573733879));
#7503=CARTESIAN_POINT('Origin',(21.5701986579661,-26.5,-24.7483573733879));
#7504=CARTESIAN_POINT('Origin',(17.5701986579661,-26.5,-47.4983573733879));
#7505=CARTESIAN_POINT('',(16.5701986579661,-26.5,-51.7483573733878));
#7506=CARTESIAN_POINT('Origin',(17.5701986579661,-26.5,-51.7483573733878));
#7507=CARTESIAN_POINT('',(16.5701986579661,-26.5,-47.4983573733879));
#7508=CARTESIAN_POINT('Origin',(21.5701986579661,-26.5,-51.7483573733878));
#7509=CARTESIAN_POINT('Origin',(21.5701986579661,-26.5,-55.7483573733878));
#7510=CARTESIAN_POINT('Origin',(21.5701986579661,-26.5,-51.7483573733878));
#7511=CARTESIAN_POINT('Origin',(53.3201986579661,-26.5,-55.7483573733879));
#7512=CARTESIAN_POINT('Origin',(60.5701986579661,-26.5,-55.7483573733879));
#7513=CARTESIAN_POINT('Origin',(60.5701986579661,-26.5,-51.7483573733879));
#7514=CARTESIAN_POINT('',(65.5701986579661,-26.5,-51.7483573733879));
#7515=CARTESIAN_POINT('Origin',(64.5701986579661,-26.5,-51.7483573733879));
#7516=CARTESIAN_POINT('Origin',(60.5701986579661,-26.5,-51.7483573733879));
#7517=CARTESIAN_POINT('Origin',(64.5701986579661,-26.5,-28.9983573733879));
#7518=CARTESIAN_POINT('',(65.5701986579661,-26.5,-28.9983573733879));
#7519=CARTESIAN_POINT('Origin',(60.5701986579661,-31.5,-51.7483573733879));
#7520=CARTESIAN_POINT('',(65.5701986579661,-31.5,-51.7483573733879));
#7521=CARTESIAN_POINT('Origin',(65.5701986579661,-31.5,-19.7483573733879));
#7522=CARTESIAN_POINT('',(65.5701986579661,-31.5,-24.7483573733879));
#7523=CARTESIAN_POINT('Origin',(60.5701986579661,-31.5,-24.7483573733879));
#7524=CARTESIAN_POINT('',(60.5701986579661,-31.5,-19.7483573733879));
#7525=CARTESIAN_POINT('Origin',(21.5701986579661,-31.5,-24.7483573733879));
#7526=CARTESIAN_POINT('',(16.5701986579661,-31.5,-24.7483573733879));
#7527=CARTESIAN_POINT('',(21.5701986579661,-31.5,-19.7483573733879));
#7528=CARTESIAN_POINT('Origin',(16.5701986579661,-31.5,-56.7483573733878));
#7529=CARTESIAN_POINT('',(16.5701986579661,-31.5,-51.7483573733878));
#7530=CARTESIAN_POINT('Origin',(21.5701986579661,-31.5,-51.7483573733878));
#7531=CARTESIAN_POINT('Origin',(60.5701986579661,-31.5,-24.7483573733879));
#7532=CARTESIAN_POINT('',(62.5701986579661,-31.5,-24.7483573733879));
#7533=CARTESIAN_POINT('Origin',(62.5701986579661,-31.5,-53.7483573733879));
#7534=CARTESIAN_POINT('',(62.5701986579661,-31.5,-51.7483573733879));
#7535=CARTESIAN_POINT('Origin',(60.5701986579661,-31.5,-51.7483573733879));
#7536=CARTESIAN_POINT('Origin',(16.5701986579661,-31.5,-19.7483573733879));
#7537=CARTESIAN_POINT('Origin',(119.6,-1.5,27.));
#7538=CARTESIAN_POINT('',(119.6,-1.5,35.));
#7539=CARTESIAN_POINT('',(127.6,-1.5,27.));
#7540=CARTESIAN_POINT('Origin',(119.6,-1.5,27.));
#7541=CARTESIAN_POINT('',(119.6,0.5,35.));
#7542=CARTESIAN_POINT('',(119.6,-1.5,35.));
#7543=CARTESIAN_POINT('',(127.6,0.5,27.));
#7544=CARTESIAN_POINT('Origin',(119.6,0.5,27.));
#7545=CARTESIAN_POINT('',(127.6,-1.5,27.));
#7546=CARTESIAN_POINT('Origin',(127.6,-1.5,-114.));
#7547=CARTESIAN_POINT('',(127.6,-1.5,-114.));
#7548=CARTESIAN_POINT('',(127.6,-1.5,-78.75));
#7549=CARTESIAN_POINT('',(127.6,0.5,-114.));
#7550=CARTESIAN_POINT('',(127.6,0.5,-114.));
#7551=CARTESIAN_POINT('',(127.6,-1.5,-114.));
#7552=CARTESIAN_POINT('Origin',(119.6,-1.5,-114.));
#7553=CARTESIAN_POINT('',(119.6,-1.5,-122.));
#7554=CARTESIAN_POINT('Origin',(119.6,-1.5,-114.));
#7555=CARTESIAN_POINT('',(119.6,0.5,-122.));
#7556=CARTESIAN_POINT('Origin',(119.6,0.5,-114.));
#7557=CARTESIAN_POINT('',(119.6,-1.5,-122.));
#7558=CARTESIAN_POINT('Origin',(-12.,-1.5,-122.));
#7559=CARTESIAN_POINT('',(-12.,-1.5,-122.));
#7560=CARTESIAN_POINT('',(20.9,-1.5,-122.));
#7561=CARTESIAN_POINT('',(-12.,0.5,-122.));
#7562=CARTESIAN_POINT('',(-12.,0.5,-122.));
#7563=CARTESIAN_POINT('',(-12.,-1.5,-122.));
#7564=CARTESIAN_POINT('Origin',(-12.,-1.5,-114.));
#7565=CARTESIAN_POINT('',(-20.,-1.5,-114.));
#7566=CARTESIAN_POINT('Origin',(-12.,-1.5,-114.));
#7567=CARTESIAN_POINT('',(-20.,0.5,-114.));
#7568=CARTESIAN_POINT('Origin',(-12.,0.5,-114.));
#7569=CARTESIAN_POINT('',(-20.,-1.5,-114.));
#7570=CARTESIAN_POINT('Origin',(-20.,-1.5,27.));
#7571=CARTESIAN_POINT('',(-20.,-1.5,27.));
#7572=CARTESIAN_POINT('',(-20.,-1.5,-8.25));
#7573=CARTESIAN_POINT('',(-20.,0.5,27.));
#7574=CARTESIAN_POINT('',(-20.,0.5,27.));
#7575=CARTESIAN_POINT('',(-20.,-1.5,27.));
#7576=CARTESIAN_POINT('Origin',(-12.,-1.5,27.));
#7577=CARTESIAN_POINT('',(-12.,-1.5,35.));
#7578=CARTESIAN_POINT('Origin',(-12.,-1.5,27.));
#7579=CARTESIAN_POINT('',(-12.,0.5,35.));
#7580=CARTESIAN_POINT('Origin',(-12.,0.5,27.));
#7581=CARTESIAN_POINT('',(-12.,-1.5,35.));
#7582=CARTESIAN_POINT('Origin',(119.6,-1.5,35.));
#7583=CARTESIAN_POINT('',(86.7,-1.5,35.));
#7584=CARTESIAN_POINT('',(119.6,0.5,35.));
#7585=CARTESIAN_POINT('Origin',(53.8,0.5,-43.5));
#7586=CARTESIAN_POINT('',(119.6,0.5,-122.4));
#7587=CARTESIAN_POINT('',(-12.,0.5,-122.4));
#7588=CARTESIAN_POINT('',(119.6,0.5,-122.4));
#7589=CARTESIAN_POINT('',(-20.4,0.5,-114.));
#7590=CARTESIAN_POINT('Origin',(-12.,0.5,-114.));
#7591=CARTESIAN_POINT('',(-20.4,0.5,27.));
#7592=CARTESIAN_POINT('',(-20.4,0.5,-114.));
#7593=CARTESIAN_POINT('',(-12.,0.5,35.4));
#7594=CARTESIAN_POINT('Origin',(-12.,0.5,27.));
#7595=CARTESIAN_POINT('',(119.6,0.5,35.4));
#7596=CARTESIAN_POINT('',(-12.,0.5,35.4));
#7597=CARTESIAN_POINT('',(128.,0.5,27.));
#7598=CARTESIAN_POINT('Origin',(119.6,0.5,27.));
#7599=CARTESIAN_POINT('',(128.,0.5,-114.));
#7600=CARTESIAN_POINT('',(128.,0.5,27.));
#7601=CARTESIAN_POINT('Origin',(119.6,0.5,-114.));
#7602=CARTESIAN_POINT('Origin',(53.8,-31.5,-43.5));
#7603=CARTESIAN_POINT('Origin',(53.8,-31.5,-43.5));
#7604=CARTESIAN_POINT('Origin',(53.8,-31.5,-43.5));
#7605=CARTESIAN_POINT('Origin',(53.8,-31.5,-43.5));
#7606=CARTESIAN_POINT('Origin',(53.8,-33.5,-43.5));
#7607=CARTESIAN_POINT('',(-12.,-33.5,35.4));
#7608=CARTESIAN_POINT('',(-20.4,-33.5,27.));
#7609=CARTESIAN_POINT('Origin',(-12.,-33.5,27.));
#7610=CARTESIAN_POINT('',(-20.4,-33.5,-114.));
#7611=CARTESIAN_POINT('',(-20.4,-33.5,27.));
#7612=CARTESIAN_POINT('',(-12.,-33.5,-122.4));
#7613=CARTESIAN_POINT('Origin',(-12.,-33.5,-114.));
#7614=CARTESIAN_POINT('',(119.6,-33.5,-122.4));
#7615=CARTESIAN_POINT('',(-12.,-33.5,-122.4));
#7616=CARTESIAN_POINT('',(128.,-33.5,-114.));
#7617=CARTESIAN_POINT('Origin',(119.6,-33.5,-114.));
#7618=CARTESIAN_POINT('',(128.,-33.5,27.));
#7619=CARTESIAN_POINT('',(128.,-33.5,-114.));
#7620=CARTESIAN_POINT('',(119.6,-33.5,35.4));
#7621=CARTESIAN_POINT('Origin',(119.6,-33.5,27.));
#7622=CARTESIAN_POINT('',(119.6,-33.5,35.4));
#7623=CARTESIAN_POINT('Origin',(119.6,-1.5,-114.));
#7624=CARTESIAN_POINT('Origin',(119.6,-1.5,-114.));
#7625=CARTESIAN_POINT('Origin',(119.6,-1.5,27.));
#7626=CARTESIAN_POINT('',(119.6,-1.5,35.4));
#7627=CARTESIAN_POINT('',(128.,-1.5,27.));
#7628=CARTESIAN_POINT('Origin',(128.,-1.5,-114.));
#7629=CARTESIAN_POINT('',(128.,-1.5,-114.));
#7630=CARTESIAN_POINT('Origin',(119.6,-1.5,-114.));
#7631=CARTESIAN_POINT('',(119.6,-1.5,-122.4));
#7632=CARTESIAN_POINT('Origin',(-12.,-1.5,-122.4));
#7633=CARTESIAN_POINT('',(-12.,-1.5,-122.4));
#7634=CARTESIAN_POINT('Origin',(-12.,-1.5,-114.));
#7635=CARTESIAN_POINT('',(-20.4,-1.5,-114.));
#7636=CARTESIAN_POINT('Origin',(-20.4,-1.5,27.));
#7637=CARTESIAN_POINT('',(-20.4,-1.5,27.));
#7638=CARTESIAN_POINT('Origin',(-12.,-1.5,27.));
#7639=CARTESIAN_POINT('',(-12.,-1.5,35.4));
#7640=CARTESIAN_POINT('Origin',(119.6,-1.5,35.4));
#7641=CARTESIAN_POINT('Origin',(53.8,-1.5,-43.5));
#7642=CARTESIAN_POINT('',(0.,2.,0.));
#7643=UNCERTAINTY_MEASURE_WITH_UNIT(LENGTH_MEASURE(0.01),#7647,
'DISTANCE_ACCURACY_VALUE',
'Maximum model space distance between geometric entities at asserted c
onnectivities');
#7644=UNCERTAINTY_MEASURE_WITH_UNIT(LENGTH_MEASURE(0.01),#7647,
'DISTANCE_ACCURACY_VALUE',
'Maximum model space distance between geometric entities at asserted c
onnectivities');
#7645=(
GEOMETRIC_REPRESENTATION_CONTEXT(3)
GLOBAL_UNCERTAINTY_ASSIGNED_CONTEXT((#7643))
GLOBAL_UNIT_ASSIGNED_CONTEXT((#7647,#7649,#7650))
REPRESENTATION_CONTEXT('','3D')
);
#7646=(
GEOMETRIC_REPRESENTATION_CONTEXT(3)
GLOBAL_UNCERTAINTY_ASSIGNED_CONTEXT((#7644))
GLOBAL_UNIT_ASSIGNED_CONTEXT((#7647,#7649,#7650))
REPRESENTATION_CONTEXT('','3D')
);
#7647=(
LENGTH_UNIT()
NAMED_UNIT(*)
SI_UNIT(.MILLI.,.METRE.)
);
#7648=(
LENGTH_UNIT()
NAMED_UNIT(*)
SI_UNIT(.CENTI.,.METRE.)
);
#7649=(
NAMED_UNIT(*)
PLANE_ANGLE_UNIT()
SI_UNIT($,.RADIAN.)
);
#7650=(
NAMED_UNIT(*)
SI_UNIT($,.STERADIAN.)
SOLID_ANGLE_UNIT()
);
#7651=SHAPE_DEFINITION_REPRESENTATION(#7652,#7653);
#7652=PRODUCT_DEFINITION_SHAPE('',$,#7655);
#7653=SHAPE_REPRESENTATION('',(#4626),#7645);
#7654=PRODUCT_DEFINITION_CONTEXT('part definition',#7659,'design');
#7655=PRODUCT_DEFINITION('noise-synth-enclosure',
'noise-synth-enclosure',#7656,#7654);
#7656=PRODUCT_DEFINITION_FORMATION('',$,#7661);
#7657=PRODUCT_RELATED_PRODUCT_CATEGORY('noise-synth-enclosure',
'noise-synth-enclosure',(#7661));
#7658=APPLICATION_PROTOCOL_DEFINITION('international standard',
'automotive_design',2009,#7659);
#7659=APPLICATION_CONTEXT(
'Core Data for Automotive Mechanical Design Process');
#7660=PRODUCT_CONTEXT('part definition',#7659,'mechanical');
#7661=PRODUCT('noise-synth-enclosure','noise-synth-enclosure',$,(#7660));
#7662=PRESENTATION_STYLE_ASSIGNMENT((#7672));
#7663=PRESENTATION_STYLE_ASSIGNMENT((#7673));
#7664=PRESENTATION_STYLE_ASSIGNMENT((#7674));
#7665=PRESENTATION_STYLE_ASSIGNMENT((#7675));
#7666=PRESENTATION_STYLE_ASSIGNMENT((#7676));
#7667=PRESENTATION_STYLE_ASSIGNMENT((#7677));
#7668=PRESENTATION_STYLE_ASSIGNMENT((#7678));
#7669=PRESENTATION_STYLE_ASSIGNMENT((#7679));
#7670=PRESENTATION_STYLE_ASSIGNMENT((#7680));
#7671=PRESENTATION_STYLE_ASSIGNMENT((#7681));
#7672=SURFACE_STYLE_USAGE(.BOTH.,#7700);
#7673=SURFACE_STYLE_USAGE(.BOTH.,#7701);
#7674=SURFACE_STYLE_USAGE(.BOTH.,#7702);
#7675=SURFACE_STYLE_USAGE(.BOTH.,#7703);
#7676=SURFACE_STYLE_USAGE(.BOTH.,#7704);
#7677=SURFACE_STYLE_USAGE(.BOTH.,#7705);
#7678=SURFACE_STYLE_USAGE(.BOTH.,#7706);
#7679=SURFACE_STYLE_USAGE(.BOTH.,#7707);
#7680=SURFACE_STYLE_USAGE(.BOTH.,#7708);
#7681=SURFACE_STYLE_USAGE(.BOTH.,#7709);
#7682=SURFACE_STYLE_RENDERING_WITH_PROPERTIES($,#7740,(#7691));
#7683=SURFACE_STYLE_RENDERING_WITH_PROPERTIES($,#7741,(#7692));
#7684=SURFACE_STYLE_RENDERING_WITH_PROPERTIES($,#7742,(#7693));
#7685=SURFACE_STYLE_RENDERING_WITH_PROPERTIES($,#7743,(#7694));
#7686=SURFACE_STYLE_RENDERING_WITH_PROPERTIES($,#7744,(#7695));
#7687=SURFACE_STYLE_RENDERING_WITH_PROPERTIES($,#7745,(#7696));
#7688=SURFACE_STYLE_RENDERING_WITH_PROPERTIES($,#7746,(#7697));
#7689=SURFACE_STYLE_RENDERING_WITH_PROPERTIES($,#7747,(#7698));
#7690=SURFACE_STYLE_RENDERING_WITH_PROPERTIES($,#7748,(#7699));
#7691=SURFACE_STYLE_TRANSPARENT(0.);
#7692=SURFACE_STYLE_TRANSPARENT(0.);
#7693=SURFACE_STYLE_TRANSPARENT(0.);
#7694=SURFACE_STYLE_TRANSPARENT(0.);
#7695=SURFACE_STYLE_TRANSPARENT(0.);
#7696=SURFACE_STYLE_TRANSPARENT(0.);
#7697=SURFACE_STYLE_TRANSPARENT(0.);
#7698=SURFACE_STYLE_TRANSPARENT(0.);
#7699=SURFACE_STYLE_TRANSPARENT(0.);
#7700=SURFACE_SIDE_STYLE('',(#7710,#7682));
#7701=SURFACE_SIDE_STYLE('',(#7711,#7683));
#7702=SURFACE_SIDE_STYLE('',(#7712,#7684));
#7703=SURFACE_SIDE_STYLE('',(#7713,#7685));
#7704=SURFACE_SIDE_STYLE('',(#7714,#7686));
#7705=SURFACE_SIDE_STYLE('',(#7715,#7687));
#7706=SURFACE_SIDE_STYLE('',(#7716,#7688));
#7707=SURFACE_SIDE_STYLE('',(#7717,#7689));
#7708=SURFACE_SIDE_STYLE('',(#7718,#7690));
#7709=SURFACE_SIDE_STYLE('',(#7719));
#7710=SURFACE_STYLE_FILL_AREA(#7720);
#7711=SURFACE_STYLE_FILL_AREA(#7721);
#7712=SURFACE_STYLE_FILL_AREA(#7722);
#7713=SURFACE_STYLE_FILL_AREA(#7723);
#7714=SURFACE_STYLE_FILL_AREA(#7724);
#7715=SURFACE_STYLE_FILL_AREA(#7725);
#7716=SURFACE_STYLE_FILL_AREA(#7726);
#7717=SURFACE_STYLE_FILL_AREA(#7727);
#7718=SURFACE_STYLE_FILL_AREA(#7728);
#7719=SURFACE_STYLE_FILL_AREA(#7729);
#7720=FILL_AREA_STYLE('',(#7730));
#7721=FILL_AREA_STYLE('',(#7731));
#7722=FILL_AREA_STYLE('',(#7732));
#7723=FILL_AREA_STYLE('',(#7733));
#7724=FILL_AREA_STYLE('',(#7734));
#7725=FILL_AREA_STYLE('',(#7735));
#7726=FILL_AREA_STYLE('',(#7736));
#7727=FILL_AREA_STYLE('',(#7737));
#7728=FILL_AREA_STYLE('',(#7738));
#7729=FILL_AREA_STYLE('',(#7739));
#7730=FILL_AREA_STYLE_COLOUR('',#7740);
#7731=FILL_AREA_STYLE_COLOUR('',#7741);
#7732=FILL_AREA_STYLE_COLOUR('',#7742);
#7733=FILL_AREA_STYLE_COLOUR('',#7743);
#7734=FILL_AREA_STYLE_COLOUR('',#7744);
#7735=FILL_AREA_STYLE_COLOUR('',#7745);
#7736=FILL_AREA_STYLE_COLOUR('',#7746);
#7737=FILL_AREA_STYLE_COLOUR('',#7747);
#7738=FILL_AREA_STYLE_COLOUR('',#7748);
#7739=FILL_AREA_STYLE_COLOUR('',#7749);
#7740=COLOUR_RGB('',0.749019607843137,0.749019607843137,0.749019607843137);
#7741=COLOUR_RGB('',0.886274509803922,0.862745098039216,0.164705882352941);
#7742=COLOUR_RGB('',0.96078431372549,0.96078431372549,0.96078431372549);
#7743=COLOUR_RGB('',0.866666666666667,0.486274509803922,0.0588235294117647);
#7744=COLOUR_RGB('',0.0392156862745098,0.0392156862745098,0.0392156862745098);
#7745=COLOUR_RGB('',0.,0.,0.);
#7746=COLOUR_RGB('',0.0196078431372549,0.0196078431372549,0.0196078431372549);
#7747=COLOUR_RGB('',0.270588235294118,0.270588235294118,0.270588235294118);
#7748=COLOUR_RGB('',0.450980392156863,0.580392156862745,0.250980392156863);
#7749=COLOUR_RGB('',1.,1.,0.);
ENDSEC;
END-ISO-10303-21;
