ISO-10303-21;
HEADER;
/* Generated by software containing ST-Developer
 * from STEP Tools, Inc. (www.steptools.com) 
 */

FILE_DESCRIPTION(
/* description */ (''),
/* implementation_level */ '2;1');

FILE_NAME(
/* name */ '2D-rocket-model.stp',
/* time_stamp */ '2026-02-09T16:54:55Z',
/* author */ ('iwheard'),
/* organization */ (''),
/* preprocessor_version */ 'ST-DEVELOPER v20',
/* originating_system */ 'Autodesk Inventor 2024',
/* authorisation */ '');

FILE_SCHEMA (('AUTOMOTIVE_DESIGN { 1 0 10303 214 3 1 1 }'));
ENDSEC;

DATA;
#10=MECHANICAL_DESIGN_GEOMETRIC_PRESENTATION_REPRESENTATION('',(#17,#18,
#19,#20,#21),#5128);
#11=SHAPE_REPRESENTATION_RELATIONSHIP('SRR','None',#5135,#12);
#12=ADVANCED_BREP_SHAPE_REPRESENTATION('',(#22,#23,#24,#25,#26),#5127);
#13=FACE_BOUND('',#499,.T.);
#14=FACE_BOUND('',#500,.T.);
#15=FACE_BOUND('',#502,.T.);
#16=FACE_BOUND('',#503,.T.);
#17=STYLED_ITEM('',(#5144),#22);
#18=STYLED_ITEM('',(#5144),#23);
#19=STYLED_ITEM('',(#5144),#24);
#20=STYLED_ITEM('',(#5144),#25);
#21=STYLED_ITEM('',(#5144),#26);
#22=MANIFOLD_SOLID_BREP('Solid1',#2983);
#23=MANIFOLD_SOLID_BREP('Solid2',#2984);
#24=MANIFOLD_SOLID_BREP('Solid3',#2985);
#25=MANIFOLD_SOLID_BREP('Solid4',#2986);
#26=MANIFOLD_SOLID_BREP('Solid5',#2987);
#27=B_SPLINE_SURFACE_WITH_KNOTS('',3,1,((#4182,#4183),(#4184,#4185),(#4186,
#4187),(#4188,#4189)),.UNSPECIFIED.,.F.,.F.,.F.,(4,4),(2,2),(1.,2.),(0.,
1.),.UNSPECIFIED.);
#28=B_SPLINE_SURFACE_WITH_KNOTS('',3,1,((#4202,#4203),(#4204,#4205),(#4206,
#4207),(#4208,#4209)),.UNSPECIFIED.,.F.,.F.,.F.,(4,4),(2,2),(1.,1.99992389081006),
(0.,1.),.UNSPECIFIED.);
#29=B_SPLINE_SURFACE_WITH_KNOTS('',2,1,((#4211,#4212),(#4213,#4214),(#4215,
#4216)),.UNSPECIFIED.,.F.,.F.,.F.,(3,3),(2,2),(1.,2.),(0.,1.),
 .UNSPECIFIED.);
#30=B_SPLINE_SURFACE_WITH_KNOTS('',2,1,((#4218,#4219),(#4220,#4221),(#4222,
#4223)),.UNSPECIFIED.,.F.,.F.,.F.,(3,3),(2,2),(1.,2.),(0.,1.),
 .UNSPECIFIED.);
#31=B_SPLINE_SURFACE_WITH_KNOTS('',3,1,((#4225,#4226),(#4227,#4228),(#4229,
#4230),(#4231,#4232)),.UNSPECIFIED.,.F.,.F.,.F.,(4,4),(2,2),(1.00026270870161,
2.),(0.,1.),.UNSPECIFIED.);
#32=B_SPLINE_SURFACE_WITH_KNOTS('',3,1,((#4244,#4245),(#4246,#4247),(#4248,
#4249),(#4250,#4251)),.UNSPECIFIED.,.F.,.F.,.F.,(4,4),(2,2),(1.,1.99966126221767),
(0.,1.),.UNSPECIFIED.);
#33=B_SPLINE_SURFACE_WITH_KNOTS('',2,1,((#4253,#4254),(#4255,#4256),(#4257,
#4258)),.UNSPECIFIED.,.F.,.F.,.F.,(3,3),(2,2),(1.,2.),(0.,1.),
 .UNSPECIFIED.);
#34=B_SPLINE_SURFACE_WITH_KNOTS('',2,1,((#4260,#4261),(#4262,#4263),(#4264,
#4265)),.UNSPECIFIED.,.F.,.F.,.F.,(3,3),(2,2),(1.,2.),(0.,1.),
 .UNSPECIFIED.);
#35=B_SPLINE_SURFACE_WITH_KNOTS('',3,1,((#4267,#4268),(#4269,#4270),(#4271,
#4272),(#4273,#4274)),.UNSPECIFIED.,.F.,.F.,.F.,(4,4),(2,2),(1.00033873778355,
2.),(0.,1.),.UNSPECIFIED.);
#36=B_SPLINE_SURFACE_WITH_KNOTS('',3,1,((#4290,#4291),(#4292,#4293),(#4294,
#4295),(#4296,#4297)),.UNSPECIFIED.,.F.,.F.,.F.,(4,4),(2,2),(1.,2.),(0.,
1.),.UNSPECIFIED.);
#37=B_SPLINE_SURFACE_WITH_KNOTS('',2,1,((#4299,#4300),(#4301,#4302),(#4303,
#4304)),.UNSPECIFIED.,.F.,.F.,.F.,(3,3),(2,2),(1.,2.),(0.,1.),
 .UNSPECIFIED.);
#38=B_SPLINE_SURFACE_WITH_KNOTS('',2,1,((#4306,#4307),(#4308,#4309),(#4310,
#4311)),.UNSPECIFIED.,.F.,.F.,.F.,(3,3),(2,2),(1.,2.),(0.,1.),
 .UNSPECIFIED.);
#39=B_SPLINE_SURFACE_WITH_KNOTS('',3,1,((#4313,#4314),(#4315,#4316),(#4317,
#4318),(#4319,#4320)),.UNSPECIFIED.,.F.,.F.,.F.,(4,4),(2,2),(1.,2.),(0.,
1.),.UNSPECIFIED.);
#40=B_SPLINE_SURFACE_WITH_KNOTS('',3,1,((#4335,#4336),(#4337,#4338),(#4339,
#4340),(#4341,#4342)),.UNSPECIFIED.,.F.,.F.,.F.,(4,4),(2,2),(1.,2.),(0.,
1.),.UNSPECIFIED.);
#41=B_SPLINE_SURFACE_WITH_KNOTS('',2,1,((#4344,#4345),(#4346,#4347),(#4348,
#4349)),.UNSPECIFIED.,.F.,.F.,.F.,(3,3),(2,2),(1.,2.),(0.,1.),
 .UNSPECIFIED.);
#42=B_SPLINE_SURFACE_WITH_KNOTS('',2,1,((#4351,#4352),(#4353,#4354),(#4355,
#4356)),.UNSPECIFIED.,.F.,.F.,.F.,(3,3),(2,2),(1.,2.),(0.,1.),
 .UNSPECIFIED.);
#43=B_SPLINE_SURFACE_WITH_KNOTS('',4,1,((#4390,#4391),(#4392,#4393),(#4394,
#4395),(#4396,#4397),(#4398,#4399),(#4400,#4401)),.UNSPECIFIED.,.F.,.F.,
 .F.,(5,1,5),(2,2),(1.,2.,2.59702496463431),(0.,1.),.UNSPECIFIED.);
#44=B_SPLINE_SURFACE_WITH_KNOTS('',2,1,((#4417,#4418),(#4419,#4420),(#4421,
#4422)),.UNSPECIFIED.,.F.,.F.,.F.,(3,3),(2,2),(1.,2.),(0.,1.),
 .UNSPECIFIED.);
#45=B_SPLINE_SURFACE_WITH_KNOTS('',2,1,((#4432,#4433),(#4434,#4435),(#4436,
#4437)),.UNSPECIFIED.,.F.,.F.,.F.,(3,3),(2,2),(1.,2.),(0.,1.),
 .UNSPECIFIED.);
#46=B_SPLINE_SURFACE_WITH_KNOTS('',4,1,((#4447,#4448),(#4449,#4450),(#4451,
#4452),(#4453,#4454),(#4455,#4456),(#4457,#4458)),.UNSPECIFIED.,.F.,.F.,
 .F.,(5,1,5),(2,2),(1.40297503536569,2.,3.),(0.,1.),.UNSPECIFIED.);
#47=B_SPLINE_SURFACE_WITH_KNOTS('',3,1,((#4516,#4517),(#4518,#4519),(#4520,
#4521),(#4522,#4523)),.UNSPECIFIED.,.F.,.F.,.F.,(4,4),(2,2),(1.,2.),(0.,
1.),.UNSPECIFIED.);
#48=B_SPLINE_SURFACE_WITH_KNOTS('',2,1,((#4535,#4536),(#4537,#4538),(#4539,
#4540)),.UNSPECIFIED.,.F.,.F.,.F.,(3,3),(2,2),(1.,2.),(0.,1.),
 .UNSPECIFIED.);
#49=B_SPLINE_SURFACE_WITH_KNOTS('',2,1,((#4550,#4551),(#4552,#4553),(#4554,
#4555)),.UNSPECIFIED.,.F.,.F.,.F.,(3,3),(2,2),(1.,2.),(0.,1.),
 .UNSPECIFIED.);
#50=B_SPLINE_SURFACE_WITH_KNOTS('',3,1,((#4565,#4566),(#4567,#4568),(#4569,
#4570),(#4571,#4572)),.UNSPECIFIED.,.F.,.F.,.F.,(4,4),(2,2),(1.,2.),(0.,
1.),.UNSPECIFIED.);
#51=B_SPLINE_SURFACE_WITH_KNOTS('',2,1,((#4688,#4689),(#4690,#4691),(#4692,
#4693)),.UNSPECIFIED.,.F.,.F.,.F.,(3,3),(2,2),(1.,2.),(0.,1.),
 .UNSPECIFIED.);
#52=B_SPLINE_SURFACE_WITH_KNOTS('',4,1,((#4703,#4704),(#4705,#4706),(#4707,
#4708),(#4709,#4710),(#4711,#4712),(#4713,#4714)),.UNSPECIFIED.,.F.,.F.,
 .F.,(5,1,5),(2,2),(1.,2.,3.),(0.,1.),.UNSPECIFIED.);
#53=B_SPLINE_SURFACE_WITH_KNOTS('',2,1,((#4730,#4731),(#4732,#4733),(#4734,
#4735)),.UNSPECIFIED.,.F.,.F.,.F.,(3,3),(2,2),(1.,2.),(0.,1.),
 .UNSPECIFIED.);
#54=B_SPLINE_SURFACE_WITH_KNOTS('',2,1,((#4745,#4746),(#4747,#4748),(#4749,
#4750)),.UNSPECIFIED.,.F.,.F.,.F.,(3,3),(2,2),(1.,2.),(0.,1.),
 .UNSPECIFIED.);
#55=B_SPLINE_SURFACE_WITH_KNOTS('',4,1,((#4760,#4761),(#4762,#4763),(#4764,
#4765),(#4766,#4767),(#4768,#4769),(#4770,#4771)),.UNSPECIFIED.,.F.,.F.,
 .F.,(5,1,5),(2,2),(1.,2.,3.),(0.,1.),.UNSPECIFIED.);
#56=B_SPLINE_SURFACE_WITH_KNOTS('',2,1,((#4787,#4788),(#4789,#4790),(#4791,
#4792)),.UNSPECIFIED.,.F.,.F.,.F.,(3,3),(2,2),(1.,2.),(0.,1.),
 .UNSPECIFIED.);
#57=B_SPLINE_SURFACE_WITH_KNOTS('',4,1,((#4863,#4864),(#4865,#4866),(#4867,
#4868),(#4869,#4870),(#4871,#4872)),.UNSPECIFIED.,.F.,.F.,.F.,(5,5),(2,
2),(1.,2.),(0.,1.),.UNSPECIFIED.);
#58=B_SPLINE_SURFACE_WITH_KNOTS('',4,1,((#4901,#4902),(#4903,#4904),(#4905,
#4906),(#4907,#4908),(#4909,#4910)),.UNSPECIFIED.,.F.,.F.,.F.,(5,5),(2,
2),(1.,1.40297503536569),(0.,1.),.UNSPECIFIED.);
#59=B_SPLINE_SURFACE_WITH_KNOTS('',2,1,((#4924,#4925),(#4926,#4927),(#4928,
#4929)),.UNSPECIFIED.,.F.,.F.,.F.,(3,3),(2,2),(1.,2.),(0.,1.),
 .UNSPECIFIED.);
#60=B_SPLINE_SURFACE_WITH_KNOTS('',2,1,((#5053,#5054),(#5055,#5056),(#5057,
#5058)),.UNSPECIFIED.,.F.,.F.,.F.,(3,3),(2,2),(1.,2.),(0.,1.),
 .UNSPECIFIED.);
#61=B_SPLINE_SURFACE_WITH_KNOTS('',4,1,((#5068,#5069),(#5070,#5071),(#5072,
#5073),(#5074,#5075),(#5076,#5077)),.UNSPECIFIED.,.F.,.F.,.F.,(5,5),(2,
2),(2.59702496463431,3.),(0.,1.),.UNSPECIFIED.);
#62=B_SPLINE_SURFACE_WITH_KNOTS('',4,1,((#5103,#5104),(#5105,#5106),(#5107,
#5108),(#5109,#5110),(#5111,#5112)),.UNSPECIFIED.,.F.,.F.,.F.,(5,5),(2,
2),(1.,2.),(0.,1.),.UNSPECIFIED.);
#63=B_SPLINE_CURVE_WITH_KNOTS('',3,(#3854,#3855,#3856,#3857),
 .UNSPECIFIED.,.F.,.F.,(4,4),(1.,2.),.UNSPECIFIED.);
#64=B_SPLINE_CURVE_WITH_KNOTS('',2,(#3859,#3860,#3861),.UNSPECIFIED.,.F.,
 .F.,(3,3),(1.,2.),.UNSPECIFIED.);
#65=B_SPLINE_CURVE_WITH_KNOTS('',2,(#3863,#3864,#3865),.UNSPECIFIED.,.F.,
 .F.,(3,3),(1.,2.),.UNSPECIFIED.);
#66=B_SPLINE_CURVE_WITH_KNOTS('',3,(#3867,#3868,#3869,#3870),
 .UNSPECIFIED.,.F.,.F.,(4,4),(1.,2.),.UNSPECIFIED.);
#67=B_SPLINE_CURVE_WITH_KNOTS('',3,(#3908,#3909,#3910,#3911),
 .UNSPECIFIED.,.F.,.F.,(4,4),(1.,2.),.UNSPECIFIED.);
#68=B_SPLINE_CURVE_WITH_KNOTS('',2,(#3913,#3914,#3915),.UNSPECIFIED.,.F.,
 .F.,(3,3),(1.,2.),.UNSPECIFIED.);
#69=B_SPLINE_CURVE_WITH_KNOTS('',2,(#3917,#3918,#3919),.UNSPECIFIED.,.F.,
 .F.,(3,3),(1.,2.),.UNSPECIFIED.);
#70=B_SPLINE_CURVE_WITH_KNOTS('',3,(#3921,#3922,#3923,#3924),
 .UNSPECIFIED.,.F.,.F.,(4,4),(1.,2.),.UNSPECIFIED.);
#71=B_SPLINE_CURVE_WITH_KNOTS('',3,(#3936,#3937,#3938,#3939),
 .UNSPECIFIED.,.F.,.F.,(4,4),(1.,1.99992389081006),.UNSPECIFIED.);
#72=B_SPLINE_CURVE_WITH_KNOTS('',2,(#3941,#3942,#3943),.UNSPECIFIED.,.F.,
 .F.,(3,3),(1.,2.),.UNSPECIFIED.);
#73=B_SPLINE_CURVE_WITH_KNOTS('',2,(#3945,#3946,#3947),.UNSPECIFIED.,.F.,
 .F.,(3,3),(1.,2.),.UNSPECIFIED.);
#74=B_SPLINE_CURVE_WITH_KNOTS('',3,(#3949,#3950,#3951,#3952),
 .UNSPECIFIED.,.F.,.F.,(4,4),(1.00026270870161,2.),.UNSPECIFIED.);
#75=B_SPLINE_CURVE_WITH_KNOTS('',3,(#3964,#3965,#3966,#3967),
 .UNSPECIFIED.,.F.,.F.,(4,4),(1.,1.99966126221767),.UNSPECIFIED.);
#76=B_SPLINE_CURVE_WITH_KNOTS('',2,(#3969,#3970,#3971),.UNSPECIFIED.,.F.,
 .F.,(3,3),(1.,2.),.UNSPECIFIED.);
#77=B_SPLINE_CURVE_WITH_KNOTS('',2,(#3973,#3974,#3975),.UNSPECIFIED.,.F.,
 .F.,(3,3),(1.,2.),.UNSPECIFIED.);
#78=B_SPLINE_CURVE_WITH_KNOTS('',3,(#3977,#3978,#3979,#3980),
 .UNSPECIFIED.,.F.,.F.,(4,4),(1.00033873778355,2.),.UNSPECIFIED.);
#79=B_SPLINE_CURVE_WITH_KNOTS('',3,(#4022,#4023,#4024,#4025),
 .UNSPECIFIED.,.F.,.F.,(4,4),(1.00033873778355,2.),.UNSPECIFIED.);
#80=B_SPLINE_CURVE_WITH_KNOTS('',2,(#4027,#4028,#4029),.UNSPECIFIED.,.F.,
 .F.,(3,3),(1.,2.),.UNSPECIFIED.);
#81=B_SPLINE_CURVE_WITH_KNOTS('',2,(#4031,#4032,#4033),.UNSPECIFIED.,.F.,
 .F.,(3,3),(1.,2.),.UNSPECIFIED.);
#82=B_SPLINE_CURVE_WITH_KNOTS('',3,(#4035,#4036,#4037,#4038),
 .UNSPECIFIED.,.F.,.F.,(4,4),(1.,1.99966126221767),.UNSPECIFIED.);
#83=B_SPLINE_CURVE_WITH_KNOTS('',3,(#4050,#4051,#4052,#4053),
 .UNSPECIFIED.,.F.,.F.,(4,4),(1.00026270870161,2.),.UNSPECIFIED.);
#84=B_SPLINE_CURVE_WITH_KNOTS('',2,(#4055,#4056,#4057),.UNSPECIFIED.,.F.,
 .F.,(3,3),(1.,2.),.UNSPECIFIED.);
#85=B_SPLINE_CURVE_WITH_KNOTS('',2,(#4059,#4060,#4061),.UNSPECIFIED.,.F.,
 .F.,(3,3),(1.,2.),.UNSPECIFIED.);
#86=B_SPLINE_CURVE_WITH_KNOTS('',3,(#4063,#4064,#4065,#4066),
 .UNSPECIFIED.,.F.,.F.,(4,4),(1.,1.99992389081006),.UNSPECIFIED.);
#87=B_SPLINE_CURVE_WITH_KNOTS('',3,(#4078,#4079,#4080,#4081),
 .UNSPECIFIED.,.F.,.F.,(4,4),(1.,2.),.UNSPECIFIED.);
#88=B_SPLINE_CURVE_WITH_KNOTS('',2,(#4083,#4084,#4085),.UNSPECIFIED.,.F.,
 .F.,(3,3),(1.,2.),.UNSPECIFIED.);
#89=B_SPLINE_CURVE_WITH_KNOTS('',2,(#4087,#4088,#4089),.UNSPECIFIED.,.F.,
 .F.,(3,3),(1.,2.),.UNSPECIFIED.);
#90=B_SPLINE_CURVE_WITH_KNOTS('',3,(#4091,#4092,#4093,#4094),
 .UNSPECIFIED.,.F.,.F.,(4,4),(1.,2.),.UNSPECIFIED.);
#91=B_SPLINE_CURVE_WITH_KNOTS('',3,(#4122,#4123,#4124,#4125),
 .UNSPECIFIED.,.F.,.F.,(4,4),(1.,2.),.UNSPECIFIED.);
#92=B_SPLINE_CURVE_WITH_KNOTS('',2,(#4127,#4128,#4129),.UNSPECIFIED.,.F.,
 .F.,(3,3),(1.,2.),.UNSPECIFIED.);
#93=B_SPLINE_CURVE_WITH_KNOTS('',2,(#4131,#4132,#4133),.UNSPECIFIED.,.F.,
 .F.,(3,3),(1.,2.),.UNSPECIFIED.);
#94=B_SPLINE_CURVE_WITH_KNOTS('',3,(#4135,#4136,#4137,#4138),
 .UNSPECIFIED.,.F.,.F.,(4,4),(1.,2.),.UNSPECIFIED.);
#95=B_SPLINE_CURVE_WITH_KNOTS('',4,(#4403,#4404,#4405,#4406,#4407,#4408),
 .UNSPECIFIED.,.F.,.F.,(5,1,5),(1.,2.,2.59702496463431),.UNSPECIFIED.);
#96=B_SPLINE_CURVE_WITH_KNOTS('',4,(#4410,#4411,#4412,#4413,#4414,#4415),
 .UNSPECIFIED.,.F.,.F.,(5,1,5),(1.,2.,2.59702496463431),.UNSPECIFIED.);
#97=B_SPLINE_CURVE_WITH_KNOTS('',2,(#4424,#4425,#4426),.UNSPECIFIED.,.F.,
 .F.,(3,3),(1.,2.),.UNSPECIFIED.);
#98=B_SPLINE_CURVE_WITH_KNOTS('',2,(#4428,#4429,#4430),.UNSPECIFIED.,.F.,
 .F.,(3,3),(1.,2.),.UNSPECIFIED.);
#99=B_SPLINE_CURVE_WITH_KNOTS('',2,(#4439,#4440,#4441),.UNSPECIFIED.,.F.,
 .F.,(3,3),(1.,2.),.UNSPECIFIED.);
#100=B_SPLINE_CURVE_WITH_KNOTS('',2,(#4443,#4444,#4445),.UNSPECIFIED.,.F.,
 .F.,(3,3),(1.,2.),.UNSPECIFIED.);
#101=B_SPLINE_CURVE_WITH_KNOTS('',4,(#4460,#4461,#4462,#4463,#4464,#4465),
 .UNSPECIFIED.,.F.,.F.,(5,1,5),(1.40297503536569,2.,3.),.UNSPECIFIED.);
#102=B_SPLINE_CURVE_WITH_KNOTS('',4,(#4467,#4468,#4469,#4470,#4471,#4472),
 .UNSPECIFIED.,.F.,.F.,(5,1,5),(1.40297503536569,2.,3.),.UNSPECIFIED.);
#103=B_SPLINE_CURVE_WITH_KNOTS('',3,(#4525,#4526,#4527,#4528),
 .UNSPECIFIED.,.F.,.F.,(4,4),(1.,2.),.UNSPECIFIED.);
#104=B_SPLINE_CURVE_WITH_KNOTS('',3,(#4530,#4531,#4532,#4533),
 .UNSPECIFIED.,.F.,.F.,(4,4),(1.,2.),.UNSPECIFIED.);
#105=B_SPLINE_CURVE_WITH_KNOTS('',2,(#4542,#4543,#4544),.UNSPECIFIED.,.F.,
 .F.,(3,3),(1.,2.),.UNSPECIFIED.);
#106=B_SPLINE_CURVE_WITH_KNOTS('',2,(#4546,#4547,#4548),.UNSPECIFIED.,.F.,
 .F.,(3,3),(1.,2.),.UNSPECIFIED.);
#107=B_SPLINE_CURVE_WITH_KNOTS('',2,(#4557,#4558,#4559),.UNSPECIFIED.,.F.,
 .F.,(3,3),(1.,2.),.UNSPECIFIED.);
#108=B_SPLINE_CURVE_WITH_KNOTS('',2,(#4561,#4562,#4563),.UNSPECIFIED.,.F.,
 .F.,(3,3),(1.,2.),.UNSPECIFIED.);
#109=B_SPLINE_CURVE_WITH_KNOTS('',3,(#4574,#4575,#4576,#4577),
 .UNSPECIFIED.,.F.,.F.,(4,4),(1.,2.),.UNSPECIFIED.);
#110=B_SPLINE_CURVE_WITH_KNOTS('',3,(#4579,#4580,#4581,#4582),
 .UNSPECIFIED.,.F.,.F.,(4,4),(1.,2.),.UNSPECIFIED.);
#111=B_SPLINE_CURVE_WITH_KNOTS('',2,(#4695,#4696,#4697),.UNSPECIFIED.,.F.,
 .F.,(3,3),(1.,2.),.UNSPECIFIED.);
#112=B_SPLINE_CURVE_WITH_KNOTS('',2,(#4699,#4700,#4701),.UNSPECIFIED.,.F.,
 .F.,(3,3),(1.,2.),.UNSPECIFIED.);
#113=B_SPLINE_CURVE_WITH_KNOTS('',4,(#4716,#4717,#4718,#4719,#4720,#4721),
 .UNSPECIFIED.,.F.,.F.,(5,1,5),(1.,2.,3.),.UNSPECIFIED.);
#114=B_SPLINE_CURVE_WITH_KNOTS('',4,(#4723,#4724,#4725,#4726,#4727,#4728),
 .UNSPECIFIED.,.F.,.F.,(5,1,5),(1.,2.,3.),.UNSPECIFIED.);
#115=B_SPLINE_CURVE_WITH_KNOTS('',2,(#4737,#4738,#4739),.UNSPECIFIED.,.F.,
 .F.,(3,3),(1.,2.),.UNSPECIFIED.);
#116=B_SPLINE_CURVE_WITH_KNOTS('',2,(#4741,#4742,#4743),.UNSPECIFIED.,.F.,
 .F.,(3,3),(1.,2.),.UNSPECIFIED.);
#117=B_SPLINE_CURVE_WITH_KNOTS('',2,(#4752,#4753,#4754),.UNSPECIFIED.,.F.,
 .F.,(3,3),(1.,2.),.UNSPECIFIED.);
#118=B_SPLINE_CURVE_WITH_KNOTS('',2,(#4756,#4757,#4758),.UNSPECIFIED.,.F.,
 .F.,(3,3),(1.,2.),.UNSPECIFIED.);
#119=B_SPLINE_CURVE_WITH_KNOTS('',4,(#4773,#4774,#4775,#4776,#4777,#4778),
 .UNSPECIFIED.,.F.,.F.,(5,1,5),(1.,2.,3.),.UNSPECIFIED.);
#120=B_SPLINE_CURVE_WITH_KNOTS('',4,(#4780,#4781,#4782,#4783,#4784,#4785),
 .UNSPECIFIED.,.F.,.F.,(5,1,5),(1.,2.,3.),.UNSPECIFIED.);
#121=B_SPLINE_CURVE_WITH_KNOTS('',2,(#4794,#4795,#4796),.UNSPECIFIED.,.F.,
 .F.,(3,3),(1.,2.),.UNSPECIFIED.);
#122=B_SPLINE_CURVE_WITH_KNOTS('',2,(#4798,#4799,#4800),.UNSPECIFIED.,.F.,
 .F.,(3,3),(1.,2.),.UNSPECIFIED.);
#123=B_SPLINE_CURVE_WITH_KNOTS('',4,(#4875,#4876,#4877,#4878,#4879),
 .UNSPECIFIED.,.F.,.F.,(5,5),(1.,2.),.UNSPECIFIED.);
#124=B_SPLINE_CURVE_WITH_KNOTS('',4,(#4883,#4884,#4885,#4886,#4887),
 .UNSPECIFIED.,.F.,.F.,(5,5),(1.,2.),.UNSPECIFIED.);
#125=B_SPLINE_CURVE_WITH_KNOTS('',4,(#4912,#4913,#4914,#4915,#4916),
 .UNSPECIFIED.,.F.,.F.,(5,5),(1.,1.40297503536569),.UNSPECIFIED.);
#126=B_SPLINE_CURVE_WITH_KNOTS('',4,(#4918,#4919,#4920,#4921,#4922),
 .UNSPECIFIED.,.F.,.F.,(5,5),(1.,1.40297503536569),.UNSPECIFIED.);
#127=B_SPLINE_CURVE_WITH_KNOTS('',2,(#4931,#4932,#4933),.UNSPECIFIED.,.F.,
 .F.,(3,3),(1.,2.),.UNSPECIFIED.);
#128=B_SPLINE_CURVE_WITH_KNOTS('',2,(#4935,#4936,#4937),.UNSPECIFIED.,.F.,
 .F.,(3,3),(1.,2.),.UNSPECIFIED.);
#129=B_SPLINE_CURVE_WITH_KNOTS('',2,(#5060,#5061,#5062),.UNSPECIFIED.,.F.,
 .F.,(3,3),(1.,2.),.UNSPECIFIED.);
#130=B_SPLINE_CURVE_WITH_KNOTS('',2,(#5064,#5065,#5066),.UNSPECIFIED.,.F.,
 .F.,(3,3),(1.,2.),.UNSPECIFIED.);
#131=B_SPLINE_CURVE_WITH_KNOTS('',4,(#5079,#5080,#5081,#5082,#5083),
 .UNSPECIFIED.,.F.,.F.,(5,5),(2.59702496463431,3.),.UNSPECIFIED.);
#132=B_SPLINE_CURVE_WITH_KNOTS('',4,(#5085,#5086,#5087,#5088,#5089),
 .UNSPECIFIED.,.F.,.F.,(5,5),(2.59702496463431,3.),.UNSPECIFIED.);
#133=B_SPLINE_CURVE_WITH_KNOTS('',4,(#5113,#5114,#5115,#5116,#5117),
 .UNSPECIFIED.,.F.,.F.,(5,5),(1.,2.),.UNSPECIFIED.);
#134=B_SPLINE_CURVE_WITH_KNOTS('',4,(#5118,#5119,#5120,#5121,#5122),
 .UNSPECIFIED.,.F.,.F.,(5,5),(1.,2.),.UNSPECIFIED.);
#135=PLANE('',#3013);
#136=PLANE('',#3017);
#137=PLANE('',#3018);
#138=PLANE('',#3027);
#139=PLANE('',#3030);
#140=PLANE('',#3031);
#141=PLANE('',#3037);
#142=PLANE('',#3040);
#143=PLANE('',#3042);
#144=PLANE('',#3043);
#145=PLANE('',#3044);
#146=PLANE('',#3045);
#147=PLANE('',#3046);
#148=PLANE('',#3047);
#149=PLANE('',#3048);
#150=PLANE('',#3049);
#151=PLANE('',#3050);
#152=PLANE('',#3051);
#153=PLANE('',#3052);
#154=PLANE('',#3053);
#155=PLANE('',#3054);
#156=PLANE('',#3055);
#157=PLANE('',#3056);
#158=PLANE('',#3057);
#159=PLANE('',#3058);
#160=PLANE('',#3059);
#161=PLANE('',#3060);
#162=PLANE('',#3061);
#163=PLANE('',#3062);
#164=PLANE('',#3063);
#165=PLANE('',#3064);
#166=PLANE('',#3065);
#167=PLANE('',#3066);
#168=PLANE('',#3067);
#169=PLANE('',#3068);
#170=PLANE('',#3069);
#171=PLANE('',#3070);
#172=PLANE('',#3071);
#173=PLANE('',#3072);
#174=PLANE('',#3073);
#175=PLANE('',#3074);
#176=PLANE('',#3075);
#177=PLANE('',#3076);
#178=PLANE('',#3077);
#179=PLANE('',#3078);
#180=PLANE('',#3079);
#181=PLANE('',#3080);
#182=PLANE('',#3081);
#183=PLANE('',#3082);
#184=PLANE('',#3083);
#185=PLANE('',#3084);
#186=PLANE('',#3085);
#187=PLANE('',#3086);
#188=PLANE('',#3087);
#189=PLANE('',#3088);
#190=PLANE('',#3089);
#191=PLANE('',#3090);
#192=PLANE('',#3100);
#193=PLANE('',#3110);
#194=PLANE('',#3111);
#195=PLANE('',#3112);
#196=PLANE('',#3119);
#197=PLANE('',#3120);
#198=PLANE('',#3121);
#199=PLANE('',#3122);
#200=PLANE('',#3123);
#201=PLANE('',#3124);
#202=PLANE('',#3125);
#203=PLANE('',#3126);
#204=PLANE('',#3127);
#205=PLANE('',#3128);
#206=PLANE('',#3129);
#207=PLANE('',#3130);
#208=PLANE('',#3131);
#209=PLANE('',#3132);
#210=PLANE('',#3133);
#211=PLANE('',#3134);
#212=PLANE('',#3135);
#213=PLANE('',#3136);
#214=PLANE('',#3137);
#215=PLANE('',#3138);
#216=PLANE('',#3145);
#217=PLANE('',#3146);
#218=PLANE('',#3147);
#219=PLANE('',#3148);
#220=PLANE('',#3149);
#221=PLANE('',#3150);
#222=PLANE('',#3151);
#223=PLANE('',#3152);
#224=PLANE('',#3153);
#225=PLANE('',#3154);
#226=PLANE('',#3155);
#227=PLANE('',#3162);
#228=PLANE('',#3163);
#229=PLANE('',#3164);
#230=PLANE('',#3165);
#231=PLANE('',#3166);
#232=PLANE('',#3167);
#233=FACE_OUTER_BOUND('',#387,.T.);
#234=FACE_OUTER_BOUND('',#388,.T.);
#235=FACE_OUTER_BOUND('',#389,.T.);
#236=FACE_OUTER_BOUND('',#390,.T.);
#237=FACE_OUTER_BOUND('',#391,.T.);
#238=FACE_OUTER_BOUND('',#392,.T.);
#239=FACE_OUTER_BOUND('',#393,.T.);
#240=FACE_OUTER_BOUND('',#394,.T.);
#241=FACE_OUTER_BOUND('',#395,.T.);
#242=FACE_OUTER_BOUND('',#396,.T.);
#243=FACE_OUTER_BOUND('',#397,.T.);
#244=FACE_OUTER_BOUND('',#398,.T.);
#245=FACE_OUTER_BOUND('',#399,.T.);
#246=FACE_OUTER_BOUND('',#400,.T.);
#247=FACE_OUTER_BOUND('',#401,.T.);
#248=FACE_OUTER_BOUND('',#402,.T.);
#249=FACE_OUTER_BOUND('',#403,.T.);
#250=FACE_OUTER_BOUND('',#404,.T.);
#251=FACE_OUTER_BOUND('',#405,.T.);
#252=FACE_OUTER_BOUND('',#406,.T.);
#253=FACE_OUTER_BOUND('',#407,.T.);
#254=FACE_OUTER_BOUND('',#408,.T.);
#255=FACE_OUTER_BOUND('',#409,.T.);
#256=FACE_OUTER_BOUND('',#410,.T.);
#257=FACE_OUTER_BOUND('',#411,.T.);
#258=FACE_OUTER_BOUND('',#412,.T.);
#259=FACE_OUTER_BOUND('',#413,.T.);
#260=FACE_OUTER_BOUND('',#414,.T.);
#261=FACE_OUTER_BOUND('',#415,.T.);
#262=FACE_OUTER_BOUND('',#416,.T.);
#263=FACE_OUTER_BOUND('',#417,.T.);
#264=FACE_OUTER_BOUND('',#418,.T.);
#265=FACE_OUTER_BOUND('',#419,.T.);
#266=FACE_OUTER_BOUND('',#420,.T.);
#267=FACE_OUTER_BOUND('',#421,.T.);
#268=FACE_OUTER_BOUND('',#422,.T.);
#269=FACE_OUTER_BOUND('',#423,.T.);
#270=FACE_OUTER_BOUND('',#424,.T.);
#271=FACE_OUTER_BOUND('',#425,.T.);
#272=FACE_OUTER_BOUND('',#426,.T.);
#273=FACE_OUTER_BOUND('',#427,.T.);
#274=FACE_OUTER_BOUND('',#428,.T.);
#275=FACE_OUTER_BOUND('',#429,.T.);
#276=FACE_OUTER_BOUND('',#430,.T.);
#277=FACE_OUTER_BOUND('',#431,.T.);
#278=FACE_OUTER_BOUND('',#432,.T.);
#279=FACE_OUTER_BOUND('',#433,.T.);
#280=FACE_OUTER_BOUND('',#434,.T.);
#281=FACE_OUTER_BOUND('',#435,.T.);
#282=FACE_OUTER_BOUND('',#436,.T.);
#283=FACE_OUTER_BOUND('',#437,.T.);
#284=FACE_OUTER_BOUND('',#438,.T.);
#285=FACE_OUTER_BOUND('',#439,.T.);
#286=FACE_OUTER_BOUND('',#440,.T.);
#287=FACE_OUTER_BOUND('',#441,.T.);
#288=FACE_OUTER_BOUND('',#442,.T.);
#289=FACE_OUTER_BOUND('',#443,.T.);
#290=FACE_OUTER_BOUND('',#444,.T.);
#291=FACE_OUTER_BOUND('',#445,.T.);
#292=FACE_OUTER_BOUND('',#446,.T.);
#293=FACE_OUTER_BOUND('',#447,.T.);
#294=FACE_OUTER_BOUND('',#448,.T.);
#295=FACE_OUTER_BOUND('',#449,.T.);
#296=FACE_OUTER_BOUND('',#450,.T.);
#297=FACE_OUTER_BOUND('',#451,.T.);
#298=FACE_OUTER_BOUND('',#452,.T.);
#299=FACE_OUTER_BOUND('',#453,.T.);
#300=FACE_OUTER_BOUND('',#454,.T.);
#301=FACE_OUTER_BOUND('',#455,.T.);
#302=FACE_OUTER_BOUND('',#456,.T.);
#303=FACE_OUTER_BOUND('',#457,.T.);
#304=FACE_OUTER_BOUND('',#458,.T.);
#305=FACE_OUTER_BOUND('',#459,.T.);
#306=FACE_OUTER_BOUND('',#460,.T.);
#307=FACE_OUTER_BOUND('',#461,.T.);
#308=FACE_OUTER_BOUND('',#462,.T.);
#309=FACE_OUTER_BOUND('',#463,.T.);
#310=FACE_OUTER_BOUND('',#464,.T.);
#311=FACE_OUTER_BOUND('',#465,.T.);
#312=FACE_OUTER_BOUND('',#466,.T.);
#313=FACE_OUTER_BOUND('',#467,.T.);
#314=FACE_OUTER_BOUND('',#468,.T.);
#315=FACE_OUTER_BOUND('',#469,.T.);
#316=FACE_OUTER_BOUND('',#470,.T.);
#317=FACE_OUTER_BOUND('',#471,.T.);
#318=FACE_OUTER_BOUND('',#472,.T.);
#319=FACE_OUTER_BOUND('',#473,.T.);
#320=FACE_OUTER_BOUND('',#474,.T.);
#321=FACE_OUTER_BOUND('',#475,.T.);
#322=FACE_OUTER_BOUND('',#476,.T.);
#323=FACE_OUTER_BOUND('',#477,.T.);
#324=FACE_OUTER_BOUND('',#478,.T.);
#325=FACE_OUTER_BOUND('',#479,.T.);
#326=FACE_OUTER_BOUND('',#480,.T.);
#327=FACE_OUTER_BOUND('',#481,.T.);
#328=FACE_OUTER_BOUND('',#482,.T.);
#329=FACE_OUTER_BOUND('',#483,.T.);
#330=FACE_OUTER_BOUND('',#484,.T.);
#331=FACE_OUTER_BOUND('',#485,.T.);
#332=FACE_OUTER_BOUND('',#486,.T.);
#333=FACE_OUTER_BOUND('',#487,.T.);
#334=FACE_OUTER_BOUND('',#488,.T.);
#335=FACE_OUTER_BOUND('',#489,.T.);
#336=FACE_OUTER_BOUND('',#490,.T.);
#337=FACE_OUTER_BOUND('',#491,.T.);
#338=FACE_OUTER_BOUND('',#492,.T.);
#339=FACE_OUTER_BOUND('',#493,.T.);
#340=FACE_OUTER_BOUND('',#494,.T.);
#341=FACE_OUTER_BOUND('',#495,.T.);
#342=FACE_OUTER_BOUND('',#496,.T.);
#343=FACE_OUTER_BOUND('',#497,.T.);
#344=FACE_OUTER_BOUND('',#498,.T.);
#345=FACE_OUTER_BOUND('',#501,.T.);
#346=FACE_OUTER_BOUND('',#504,.T.);
#347=FACE_OUTER_BOUND('',#505,.T.);
#348=FACE_OUTER_BOUND('',#506,.T.);
#349=FACE_OUTER_BOUND('',#507,.T.);
#350=FACE_OUTER_BOUND('',#508,.T.);
#351=FACE_OUTER_BOUND('',#509,.T.);
#352=FACE_OUTER_BOUND('',#510,.T.);
#353=FACE_OUTER_BOUND('',#511,.T.);
#354=FACE_OUTER_BOUND('',#512,.T.);
#355=FACE_OUTER_BOUND('',#513,.T.);
#356=FACE_OUTER_BOUND('',#514,.T.);
#357=FACE_OUTER_BOUND('',#515,.T.);
#358=FACE_OUTER_BOUND('',#516,.T.);
#359=FACE_OUTER_BOUND('',#517,.T.);
#360=FACE_OUTER_BOUND('',#518,.T.);
#361=FACE_OUTER_BOUND('',#519,.T.);
#362=FACE_OUTER_BOUND('',#520,.T.);
#363=FACE_OUTER_BOUND('',#521,.T.);
#364=FACE_OUTER_BOUND('',#522,.T.);
#365=FACE_OUTER_BOUND('',#523,.T.);
#366=FACE_OUTER_BOUND('',#524,.T.);
#367=FACE_OUTER_BOUND('',#525,.T.);
#368=FACE_OUTER_BOUND('',#526,.T.);
#369=FACE_OUTER_BOUND('',#527,.T.);
#370=FACE_OUTER_BOUND('',#528,.T.);
#371=FACE_OUTER_BOUND('',#529,.T.);
#372=FACE_OUTER_BOUND('',#530,.T.);
#373=FACE_OUTER_BOUND('',#531,.T.);
#374=FACE_OUTER_BOUND('',#532,.T.);
#375=FACE_OUTER_BOUND('',#533,.T.);
#376=FACE_OUTER_BOUND('',#534,.T.);
#377=FACE_OUTER_BOUND('',#535,.T.);
#378=FACE_OUTER_BOUND('',#536,.T.);
#379=FACE_OUTER_BOUND('',#537,.T.);
#380=FACE_OUTER_BOUND('',#538,.T.);
#381=FACE_OUTER_BOUND('',#539,.T.);
#382=FACE_OUTER_BOUND('',#540,.T.);
#383=FACE_OUTER_BOUND('',#541,.T.);
#384=FACE_OUTER_BOUND('',#542,.T.);
#385=FACE_OUTER_BOUND('',#543,.T.);
#386=FACE_OUTER_BOUND('',#544,.T.);
#387=EDGE_LOOP('',(#1945,#1946,#1947,#1948));
#388=EDGE_LOOP('',(#1949,#1950,#1951,#1952));
#389=EDGE_LOOP('',(#1953,#1954,#1955,#1956));
#390=EDGE_LOOP('',(#1957,#1958,#1959,#1960));
#391=EDGE_LOOP('',(#1961,#1962,#1963,#1964,#1965,#1966,#1967,#1968,#1969,
#1970,#1971,#1972,#1973,#1974,#1975,#1976,#1977,#1978,#1979,#1980,#1981,
#1982,#1983,#1984,#1985,#1986,#1987,#1988,#1989,#1990,#1991,#1992,#1993,
#1994,#1995,#1996,#1997,#1998,#1999,#2000,#2001,#2002,#2003,#2004,#2005,
#2006,#2007,#2008,#2009,#2010,#2011,#2012,#2013,#2014,#2015,#2016,#2017,
#2018,#2019,#2020,#2021,#2022));
#392=EDGE_LOOP('',(#2023,#2024,#2025,#2026));
#393=EDGE_LOOP('',(#2027,#2028,#2029,#2030));
#394=EDGE_LOOP('',(#2031,#2032,#2033,#2034));
#395=EDGE_LOOP('',(#2035,#2036,#2037,#2038));
#396=EDGE_LOOP('',(#2039,#2040,#2041,#2042,#2043,#2044,#2045,#2046,#2047,
#2048,#2049,#2050,#2051,#2052,#2053,#2054,#2055,#2056,#2057,#2058,#2059,
#2060,#2061,#2062,#2063,#2064,#2065,#2066,#2067,#2068,#2069,#2070,#2071,
#2072,#2073,#2074,#2075,#2076,#2077,#2078,#2079,#2080,#2081,#2082,#2083,
#2084,#2085,#2086,#2087,#2088,#2089,#2090,#2091,#2092,#2093,#2094,#2095,
#2096,#2097,#2098,#2099,#2100));
#397=EDGE_LOOP('',(#2101,#2102,#2103,#2104));
#398=EDGE_LOOP('',(#2105,#2106,#2107,#2108));
#399=EDGE_LOOP('',(#2109,#2110,#2111,#2112));
#400=EDGE_LOOP('',(#2113,#2114,#2115,#2116));
#401=EDGE_LOOP('',(#2117,#2118,#2119,#2120));
#402=EDGE_LOOP('',(#2121,#2122,#2123,#2124));
#403=EDGE_LOOP('',(#2125,#2126,#2127,#2128));
#404=EDGE_LOOP('',(#2129,#2130,#2131,#2132));
#405=EDGE_LOOP('',(#2133,#2134,#2135,#2136));
#406=EDGE_LOOP('',(#2137,#2138,#2139,#2140));
#407=EDGE_LOOP('',(#2141,#2142,#2143,#2144));
#408=EDGE_LOOP('',(#2145,#2146,#2147,#2148));
#409=EDGE_LOOP('',(#2149,#2150,#2151,#2152));
#410=EDGE_LOOP('',(#2153,#2154,#2155,#2156));
#411=EDGE_LOOP('',(#2157,#2158,#2159,#2160));
#412=EDGE_LOOP('',(#2161,#2162,#2163,#2164));
#413=EDGE_LOOP('',(#2165,#2166,#2167,#2168));
#414=EDGE_LOOP('',(#2169,#2170,#2171,#2172));
#415=EDGE_LOOP('',(#2173,#2174,#2175,#2176));
#416=EDGE_LOOP('',(#2177,#2178,#2179,#2180));
#417=EDGE_LOOP('',(#2181,#2182,#2183,#2184));
#418=EDGE_LOOP('',(#2185,#2186,#2187,#2188));
#419=EDGE_LOOP('',(#2189,#2190,#2191,#2192));
#420=EDGE_LOOP('',(#2193,#2194,#2195,#2196));
#421=EDGE_LOOP('',(#2197,#2198,#2199,#2200));
#422=EDGE_LOOP('',(#2201,#2202,#2203,#2204));
#423=EDGE_LOOP('',(#2205,#2206,#2207,#2208));
#424=EDGE_LOOP('',(#2209,#2210,#2211,#2212));
#425=EDGE_LOOP('',(#2213,#2214,#2215,#2216));
#426=EDGE_LOOP('',(#2217,#2218,#2219,#2220));
#427=EDGE_LOOP('',(#2221,#2222,#2223,#2224));
#428=EDGE_LOOP('',(#2225,#2226,#2227,#2228));
#429=EDGE_LOOP('',(#2229,#2230,#2231,#2232));
#430=EDGE_LOOP('',(#2233,#2234,#2235,#2236));
#431=EDGE_LOOP('',(#2237,#2238,#2239,#2240));
#432=EDGE_LOOP('',(#2241,#2242,#2243,#2244));
#433=EDGE_LOOP('',(#2245,#2246,#2247,#2248));
#434=EDGE_LOOP('',(#2249,#2250,#2251,#2252));
#435=EDGE_LOOP('',(#2253,#2254,#2255,#2256));
#436=EDGE_LOOP('',(#2257,#2258,#2259,#2260));
#437=EDGE_LOOP('',(#2261,#2262,#2263,#2264));
#438=EDGE_LOOP('',(#2265,#2266,#2267,#2268));
#439=EDGE_LOOP('',(#2269,#2270,#2271,#2272));
#440=EDGE_LOOP('',(#2273,#2274,#2275,#2276));
#441=EDGE_LOOP('',(#2277,#2278,#2279,#2280));
#442=EDGE_LOOP('',(#2281,#2282,#2283,#2284));
#443=EDGE_LOOP('',(#2285,#2286,#2287,#2288));
#444=EDGE_LOOP('',(#2289,#2290,#2291,#2292));
#445=EDGE_LOOP('',(#2293,#2294,#2295,#2296));
#446=EDGE_LOOP('',(#2297,#2298,#2299,#2300));
#447=EDGE_LOOP('',(#2301,#2302,#2303,#2304));
#448=EDGE_LOOP('',(#2305,#2306,#2307,#2308));
#449=EDGE_LOOP('',(#2309,#2310,#2311,#2312));
#450=EDGE_LOOP('',(#2313,#2314,#2315,#2316));
#451=EDGE_LOOP('',(#2317,#2318,#2319,#2320));
#452=EDGE_LOOP('',(#2321,#2322,#2323,#2324));
#453=EDGE_LOOP('',(#2325,#2326,#2327,#2328));
#454=EDGE_LOOP('',(#2329,#2330,#2331,#2332));
#455=EDGE_LOOP('',(#2333,#2334,#2335,#2336));
#456=EDGE_LOOP('',(#2337,#2338,#2339,#2340));
#457=EDGE_LOOP('',(#2341,#2342,#2343,#2344));
#458=EDGE_LOOP('',(#2345,#2346,#2347,#2348));
#459=EDGE_LOOP('',(#2349,#2350,#2351,#2352));
#460=EDGE_LOOP('',(#2353,#2354,#2355,#2356));
#461=EDGE_LOOP('',(#2357,#2358,#2359,#2360));
#462=EDGE_LOOP('',(#2361,#2362,#2363,#2364));
#463=EDGE_LOOP('',(#2365,#2366,#2367,#2368));
#464=EDGE_LOOP('',(#2369,#2370,#2371,#2372));
#465=EDGE_LOOP('',(#2373,#2374,#2375,#2376));
#466=EDGE_LOOP('',(#2377,#2378,#2379,#2380));
#467=EDGE_LOOP('',(#2381,#2382,#2383,#2384));
#468=EDGE_LOOP('',(#2385,#2386,#2387,#2388));
#469=EDGE_LOOP('',(#2389,#2390,#2391,#2392));
#470=EDGE_LOOP('',(#2393,#2394,#2395,#2396));
#471=EDGE_LOOP('',(#2397,#2398,#2399,#2400));
#472=EDGE_LOOP('',(#2401,#2402,#2403,#2404));
#473=EDGE_LOOP('',(#2405,#2406,#2407,#2408,#2409,#2410,#2411,#2412,#2413,
#2414,#2415,#2416,#2417,#2418,#2419,#2420,#2421,#2422,#2423,#2424,#2425,
#2426));
#474=EDGE_LOOP('',(#2427,#2428,#2429,#2430,#2431,#2432,#2433,#2434,#2435,
#2436,#2437,#2438,#2439,#2440,#2441,#2442,#2443,#2444,#2445,#2446,#2447,
#2448));
#475=EDGE_LOOP('',(#2449,#2450,#2451,#2452));
#476=EDGE_LOOP('',(#2453,#2454,#2455,#2456));
#477=EDGE_LOOP('',(#2457,#2458,#2459,#2460));
#478=EDGE_LOOP('',(#2461,#2462,#2463,#2464));
#479=EDGE_LOOP('',(#2465,#2466,#2467,#2468));
#480=EDGE_LOOP('',(#2469,#2470,#2471,#2472));
#481=EDGE_LOOP('',(#2473,#2474,#2475,#2476));
#482=EDGE_LOOP('',(#2477,#2478,#2479,#2480));
#483=EDGE_LOOP('',(#2481,#2482,#2483,#2484));
#484=EDGE_LOOP('',(#2485,#2486,#2487,#2488));
#485=EDGE_LOOP('',(#2489,#2490,#2491,#2492));
#486=EDGE_LOOP('',(#2493,#2494,#2495,#2496));
#487=EDGE_LOOP('',(#2497,#2498,#2499,#2500));
#488=EDGE_LOOP('',(#2501,#2502,#2503,#2504));
#489=EDGE_LOOP('',(#2505,#2506,#2507,#2508));
#490=EDGE_LOOP('',(#2509,#2510,#2511,#2512));
#491=EDGE_LOOP('',(#2513,#2514,#2515,#2516));
#492=EDGE_LOOP('',(#2517,#2518,#2519,#2520));
#493=EDGE_LOOP('',(#2521,#2522,#2523,#2524));
#494=EDGE_LOOP('',(#2525,#2526,#2527,#2528));
#495=EDGE_LOOP('',(#2529,#2530,#2531,#2532));
#496=EDGE_LOOP('',(#2533,#2534,#2535,#2536));
#497=EDGE_LOOP('',(#2537,#2538,#2539,#2540));
#498=EDGE_LOOP('',(#2541,#2542,#2543,#2544,#2545,#2546,#2547,#2548,#2549,
#2550,#2551,#2552,#2553,#2554,#2555,#2556,#2557));
#499=EDGE_LOOP('',(#2558,#2559,#2560));
#500=EDGE_LOOP('',(#2561,#2562,#2563));
#501=EDGE_LOOP('',(#2564,#2565,#2566,#2567,#2568,#2569,#2570,#2571,#2572,
#2573,#2574,#2575,#2576,#2577,#2578,#2579,#2580));
#502=EDGE_LOOP('',(#2581,#2582,#2583));
#503=EDGE_LOOP('',(#2584,#2585,#2586));
#504=EDGE_LOOP('',(#2587,#2588,#2589,#2590));
#505=EDGE_LOOP('',(#2591,#2592,#2593,#2594));
#506=EDGE_LOOP('',(#2595,#2596,#2597,#2598));
#507=EDGE_LOOP('',(#2599,#2600,#2601,#2602));
#508=EDGE_LOOP('',(#2603,#2604,#2605,#2606));
#509=EDGE_LOOP('',(#2607,#2608,#2609,#2610));
#510=EDGE_LOOP('',(#2611,#2612,#2613,#2614));
#511=EDGE_LOOP('',(#2615,#2616,#2617,#2618));
#512=EDGE_LOOP('',(#2619,#2620,#2621,#2622,#2623,#2624,#2625,#2626));
#513=EDGE_LOOP('',(#2627,#2628,#2629,#2630,#2631,#2632,#2633,#2634));
#514=EDGE_LOOP('',(#2635,#2636,#2637,#2638));
#515=EDGE_LOOP('',(#2639,#2640,#2641,#2642));
#516=EDGE_LOOP('',(#2643,#2644,#2645,#2646));
#517=EDGE_LOOP('',(#2647,#2648,#2649,#2650));
#518=EDGE_LOOP('',(#2651,#2652,#2653,#2654));
#519=EDGE_LOOP('',(#2655,#2656,#2657,#2658));
#520=EDGE_LOOP('',(#2659,#2660,#2661,#2662));
#521=EDGE_LOOP('',(#2663,#2664,#2665,#2666));
#522=EDGE_LOOP('',(#2667,#2668,#2669,#2670));
#523=EDGE_LOOP('',(#2671,#2672,#2673,#2674));
#524=EDGE_LOOP('',(#2675,#2676,#2677,#2678));
#525=EDGE_LOOP('',(#2679,#2680,#2681,#2682));
#526=EDGE_LOOP('',(#2683,#2684,#2685,#2686));
#527=EDGE_LOOP('',(#2687,#2688,#2689,#2690));
#528=EDGE_LOOP('',(#2691,#2692,#2693,#2694));
#529=EDGE_LOOP('',(#2695,#2696,#2697,#2698));
#530=EDGE_LOOP('',(#2699,#2700,#2701,#2702));
#531=EDGE_LOOP('',(#2703,#2704,#2705,#2706));
#532=EDGE_LOOP('',(#2707,#2708,#2709,#2710));
#533=EDGE_LOOP('',(#2711,#2712,#2713,#2714));
#534=EDGE_LOOP('',(#2715,#2716,#2717,#2718));
#535=EDGE_LOOP('',(#2719,#2720,#2721,#2722));
#536=EDGE_LOOP('',(#2723,#2724,#2725,#2726));
#537=EDGE_LOOP('',(#2727,#2728,#2729,#2730));
#538=EDGE_LOOP('',(#2731,#2732,#2733,#2734));
#539=EDGE_LOOP('',(#2735,#2736,#2737,#2738));
#540=EDGE_LOOP('',(#2739,#2740,#2741,#2742));
#541=EDGE_LOOP('',(#2743,#2744,#2745,#2746));
#542=EDGE_LOOP('',(#2747,#2748,#2749,#2750));
#543=EDGE_LOOP('',(#2751,#2752,#2753,#2754,#2755,#2756,#2757,#2758,#2759,
#2760,#2761,#2762,#2763,#2764,#2765,#2766,#2767,#2768,#2769,#2770,#2771,
#2772,#2773,#2774,#2775,#2776,#2777,#2778,#2779));
#544=EDGE_LOOP('',(#2780,#2781,#2782,#2783,#2784,#2785,#2786,#2787,#2788,
#2789,#2790,#2791,#2792,#2793,#2794,#2795,#2796,#2797,#2798,#2799,#2800,
#2801,#2802,#2803,#2804,#2805,#2806,#2807,#2808));
#545=LINE('',#3812,#865);
#546=LINE('',#3815,#866);
#547=LINE('',#3818,#867);
#548=LINE('',#3820,#868);
#549=LINE('',#3821,#869);
#550=LINE('',#3827,#870);
#551=LINE('',#3830,#871);
#552=LINE('',#3832,#872);
#553=LINE('',#3833,#873);
#554=LINE('',#3836,#874);
#555=LINE('',#3838,#875);
#556=LINE('',#3840,#876);
#557=LINE('',#3842,#877);
#558=LINE('',#3844,#878);
#559=LINE('',#3846,#879);
#560=LINE('',#3848,#880);
#561=LINE('',#3850,#881);
#562=LINE('',#3852,#882);
#563=LINE('',#3872,#883);
#564=LINE('',#3874,#884);
#565=LINE('',#3876,#885);
#566=LINE('',#3878,#886);
#567=LINE('',#3880,#887);
#568=LINE('',#3882,#888);
#569=LINE('',#3884,#889);
#570=LINE('',#3886,#890);
#571=LINE('',#3888,#891);
#572=LINE('',#3892,#892);
#573=LINE('',#3896,#893);
#574=LINE('',#3900,#894);
#575=LINE('',#3904,#895);
#576=LINE('',#3906,#896);
#577=LINE('',#3926,#897);
#578=LINE('',#3928,#898);
#579=LINE('',#3930,#899);
#580=LINE('',#3932,#900);
#581=LINE('',#3934,#901);
#582=LINE('',#3954,#902);
#583=LINE('',#3956,#903);
#584=LINE('',#3958,#904);
#585=LINE('',#3960,#905);
#586=LINE('',#3962,#906);
#587=LINE('',#3982,#907);
#588=LINE('',#3984,#908);
#589=LINE('',#3988,#909);
#590=LINE('',#3992,#910);
#591=LINE('',#3995,#911);
#592=LINE('',#3998,#912);
#593=LINE('',#3999,#913);
#594=LINE('',#4004,#914);
#595=LINE('',#4005,#915);
#596=LINE('',#4008,#916);
#597=LINE('',#4009,#917);
#598=LINE('',#4014,#918);
#599=LINE('',#4018,#919);
#600=LINE('',#4020,#920);
#601=LINE('',#4040,#921);
#602=LINE('',#4042,#922);
#603=LINE('',#4044,#923);
#604=LINE('',#4046,#924);
#605=LINE('',#4048,#925);
#606=LINE('',#4068,#926);
#607=LINE('',#4070,#927);
#608=LINE('',#4072,#928);
#609=LINE('',#4074,#929);
#610=LINE('',#4076,#930);
#611=LINE('',#4096,#931);
#612=LINE('',#4098,#932);
#613=LINE('',#4102,#933);
#614=LINE('',#4104,#934);
#615=LINE('',#4106,#935);
#616=LINE('',#4108,#936);
#617=LINE('',#4110,#937);
#618=LINE('',#4112,#938);
#619=LINE('',#4114,#939);
#620=LINE('',#4116,#940);
#621=LINE('',#4118,#941);
#622=LINE('',#4120,#942);
#623=LINE('',#4140,#943);
#624=LINE('',#4142,#944);
#625=LINE('',#4144,#945);
#626=LINE('',#4146,#946);
#627=LINE('',#4148,#947);
#628=LINE('',#4150,#948);
#629=LINE('',#4152,#949);
#630=LINE('',#4154,#950);
#631=LINE('',#4155,#951);
#632=LINE('',#4157,#952);
#633=LINE('',#4159,#953);
#634=LINE('',#4161,#954);
#635=LINE('',#4163,#955);
#636=LINE('',#4164,#956);
#637=LINE('',#4166,#957);
#638=LINE('',#4169,#958);
#639=LINE('',#4170,#959);
#640=LINE('',#4172,#960);
#641=LINE('',#4174,#961);
#642=LINE('',#4176,#962);
#643=LINE('',#4177,#963);
#644=LINE('',#4179,#964);
#645=LINE('',#4181,#965);
#646=LINE('',#4190,#966);
#647=LINE('',#4191,#967);
#648=LINE('',#4193,#968);
#649=LINE('',#4195,#969);
#650=LINE('',#4197,#970);
#651=LINE('',#4199,#971);
#652=LINE('',#4201,#972);
#653=LINE('',#4210,#973);
#654=LINE('',#4217,#974);
#655=LINE('',#4224,#975);
#656=LINE('',#4233,#976);
#657=LINE('',#4235,#977);
#658=LINE('',#4237,#978);
#659=LINE('',#4239,#979);
#660=LINE('',#4241,#980);
#661=LINE('',#4243,#981);
#662=LINE('',#4252,#982);
#663=LINE('',#4259,#983);
#664=LINE('',#4266,#984);
#665=LINE('',#4275,#985);
#666=LINE('',#4277,#986);
#667=LINE('',#4280,#987);
#668=LINE('',#4283,#988);
#669=LINE('',#4285,#989);
#670=LINE('',#4287,#990);
#671=LINE('',#4289,#991);
#672=LINE('',#4298,#992);
#673=LINE('',#4305,#993);
#674=LINE('',#4312,#994);
#675=LINE('',#4321,#995);
#676=LINE('',#4323,#996);
#677=LINE('',#4325,#997);
#678=LINE('',#4327,#998);
#679=LINE('',#4332,#999);
#680=LINE('',#4334,#1000);
#681=LINE('',#4343,#1001);
#682=LINE('',#4350,#1002);
#683=LINE('',#4360,#1003);
#684=LINE('',#4362,#1004);
#685=LINE('',#4364,#1005);
#686=LINE('',#4365,#1006);
#687=LINE('',#4368,#1007);
#688=LINE('',#4370,#1008);
#689=LINE('',#4371,#1009);
#690=LINE('',#4374,#1010);
#691=LINE('',#4376,#1011);
#692=LINE('',#4377,#1012);
#693=LINE('',#4380,#1013);
#694=LINE('',#4382,#1014);
#695=LINE('',#4383,#1015);
#696=LINE('',#4386,#1016);
#697=LINE('',#4388,#1017);
#698=LINE('',#4389,#1018);
#699=LINE('',#4416,#1019);
#700=LINE('',#4431,#1020);
#701=LINE('',#4446,#1021);
#702=LINE('',#4473,#1022);
#703=LINE('',#4476,#1023);
#704=LINE('',#4478,#1024);
#705=LINE('',#4479,#1025);
#706=LINE('',#4482,#1026);
#707=LINE('',#4484,#1027);
#708=LINE('',#4485,#1028);
#709=LINE('',#4488,#1029);
#710=LINE('',#4490,#1030);
#711=LINE('',#4491,#1031);
#712=LINE('',#4494,#1032);
#713=LINE('',#4496,#1033);
#714=LINE('',#4497,#1034);
#715=LINE('',#4500,#1035);
#716=LINE('',#4502,#1036);
#717=LINE('',#4503,#1037);
#718=LINE('',#4506,#1038);
#719=LINE('',#4508,#1039);
#720=LINE('',#4509,#1040);
#721=LINE('',#4512,#1041);
#722=LINE('',#4514,#1042);
#723=LINE('',#4515,#1043);
#724=LINE('',#4534,#1044);
#725=LINE('',#4549,#1045);
#726=LINE('',#4564,#1046);
#727=LINE('',#4583,#1047);
#728=LINE('',#4586,#1048);
#729=LINE('',#4588,#1049);
#730=LINE('',#4589,#1050);
#731=LINE('',#4591,#1051);
#732=LINE('',#4592,#1052);
#733=LINE('',#4598,#1053);
#734=LINE('',#4600,#1054);
#735=LINE('',#4602,#1055);
#736=LINE('',#4603,#1056);
#737=LINE('',#4609,#1057);
#738=LINE('',#4618,#1058);
#739=LINE('',#4621,#1059);
#740=LINE('',#4624,#1060);
#741=LINE('',#4626,#1061);
#742=LINE('',#4627,#1062);
#743=LINE('',#4636,#1063);
#744=LINE('',#4639,#1064);
#745=LINE('',#4645,#1065);
#746=LINE('',#4648,#1066);
#747=LINE('',#4650,#1067);
#748=LINE('',#4651,#1068);
#749=LINE('',#4654,#1069);
#750=LINE('',#4656,#1070);
#751=LINE('',#4657,#1071);
#752=LINE('',#4660,#1072);
#753=LINE('',#4662,#1073);
#754=LINE('',#4663,#1074);
#755=LINE('',#4669,#1075);
#756=LINE('',#4675,#1076);
#757=LINE('',#4678,#1077);
#758=LINE('',#4680,#1078);
#759=LINE('',#4681,#1079);
#760=LINE('',#4684,#1080);
#761=LINE('',#4686,#1081);
#762=LINE('',#4687,#1082);
#763=LINE('',#4702,#1083);
#764=LINE('',#4729,#1084);
#765=LINE('',#4744,#1085);
#766=LINE('',#4759,#1086);
#767=LINE('',#4786,#1087);
#768=LINE('',#4801,#1088);
#769=LINE('',#4804,#1089);
#770=LINE('',#4806,#1090);
#771=LINE('',#4807,#1091);
#772=LINE('',#4809,#1092);
#773=LINE('',#4810,#1093);
#774=LINE('',#4816,#1094);
#775=LINE('',#4818,#1095);
#776=LINE('',#4820,#1096);
#777=LINE('',#4821,#1097);
#778=LINE('',#4824,#1098);
#779=LINE('',#4826,#1099);
#780=LINE('',#4827,#1100);
#781=LINE('',#4830,#1101);
#782=LINE('',#4832,#1102);
#783=LINE('',#4833,#1103);
#784=LINE('',#4836,#1104);
#785=LINE('',#4838,#1105);
#786=LINE('',#4839,#1106);
#787=LINE('',#4842,#1107);
#788=LINE('',#4844,#1108);
#789=LINE('',#4845,#1109);
#790=LINE('',#4848,#1110);
#791=LINE('',#4850,#1111);
#792=LINE('',#4851,#1112);
#793=LINE('',#4854,#1113);
#794=LINE('',#4856,#1114);
#795=LINE('',#4857,#1115);
#796=LINE('',#4859,#1116);
#797=LINE('',#4860,#1117);
#798=LINE('',#4881,#1118);
#799=LINE('',#4888,#1119);
#800=LINE('',#4891,#1120);
#801=LINE('',#4893,#1121);
#802=LINE('',#4894,#1122);
#803=LINE('',#4897,#1123);
#804=LINE('',#4899,#1124);
#805=LINE('',#4900,#1125);
#806=LINE('',#4923,#1126);
#807=LINE('',#4938,#1127);
#808=LINE('',#4941,#1128);
#809=LINE('',#4943,#1129);
#810=LINE('',#4944,#1130);
#811=LINE('',#4947,#1131);
#812=LINE('',#4949,#1132);
#813=LINE('',#4950,#1133);
#814=LINE('',#4956,#1134);
#815=LINE('',#4962,#1135);
#816=LINE('',#4965,#1136);
#817=LINE('',#4967,#1137);
#818=LINE('',#4968,#1138);
#819=LINE('',#4971,#1139);
#820=LINE('',#4973,#1140);
#821=LINE('',#4974,#1141);
#822=LINE('',#4977,#1142);
#823=LINE('',#4979,#1143);
#824=LINE('',#4980,#1144);
#825=LINE('',#4983,#1145);
#826=LINE('',#4985,#1146);
#827=LINE('',#4986,#1147);
#828=LINE('',#4989,#1148);
#829=LINE('',#4991,#1149);
#830=LINE('',#4992,#1150);
#831=LINE('',#4995,#1151);
#832=LINE('',#4997,#1152);
#833=LINE('',#4998,#1153);
#834=LINE('',#5001,#1154);
#835=LINE('',#5003,#1155);
#836=LINE('',#5004,#1156);
#837=LINE('',#5007,#1157);
#838=LINE('',#5009,#1158);
#839=LINE('',#5010,#1159);
#840=LINE('',#5013,#1160);
#841=LINE('',#5015,#1161);
#842=LINE('',#5016,#1162);
#843=LINE('',#5019,#1163);
#844=LINE('',#5021,#1164);
#845=LINE('',#5022,#1165);
#846=LINE('',#5025,#1166);
#847=LINE('',#5027,#1167);
#848=LINE('',#5028,#1168);
#849=LINE('',#5034,#1169);
#850=LINE('',#5040,#1170);
#851=LINE('',#5043,#1171);
#852=LINE('',#5045,#1172);
#853=LINE('',#5046,#1173);
#854=LINE('',#5049,#1174);
#855=LINE('',#5051,#1175);
#856=LINE('',#5052,#1176);
#857=LINE('',#5067,#1177);
#858=LINE('',#5090,#1178);
#859=LINE('',#5093,#1179);
#860=LINE('',#5095,#1180);
#861=LINE('',#5096,#1181);
#862=LINE('',#5099,#1182);
#863=LINE('',#5101,#1183);
#864=LINE('',#5102,#1184);
#865=VECTOR('',#3174,10.);
#866=VECTOR('',#3177,10.);
#867=VECTOR('',#3180,10.);
#868=VECTOR('',#3181,10.);
#869=VECTOR('',#3182,10.);
#870=VECTOR('',#3189,10.);
#871=VECTOR('',#3192,10.);
#872=VECTOR('',#3193,10.);
#873=VECTOR('',#3194,10.);
#874=VECTOR('',#3197,10.);
#875=VECTOR('',#3198,10.);
#876=VECTOR('',#3199,10.);
#877=VECTOR('',#3200,10.);
#878=VECTOR('',#3201,10.);
#879=VECTOR('',#3202,10.);
#880=VECTOR('',#3203,10.);
#881=VECTOR('',#3204,10.);
#882=VECTOR('',#3205,10.);
#883=VECTOR('',#3206,10.);
#884=VECTOR('',#3207,10.);
#885=VECTOR('',#3208,10.);
#886=VECTOR('',#3209,10.);
#887=VECTOR('',#3210,10.);
#888=VECTOR('',#3211,10.);
#889=VECTOR('',#3212,10.);
#890=VECTOR('',#3213,10.);
#891=VECTOR('',#3214,10.);
#892=VECTOR('',#3217,10.);
#893=VECTOR('',#3220,10.);
#894=VECTOR('',#3223,10.);
#895=VECTOR('',#3226,10.);
#896=VECTOR('',#3227,10.);
#897=VECTOR('',#3228,10.);
#898=VECTOR('',#3229,10.);
#899=VECTOR('',#3230,10.);
#900=VECTOR('',#3231,10.);
#901=VECTOR('',#3232,10.);
#902=VECTOR('',#3233,10.);
#903=VECTOR('',#3234,10.);
#904=VECTOR('',#3235,10.);
#905=VECTOR('',#3236,10.);
#906=VECTOR('',#3237,10.);
#907=VECTOR('',#3238,10.);
#908=VECTOR('',#3239,10.);
#909=VECTOR('',#3242,10.);
#910=VECTOR('',#3247,10.);
#911=VECTOR('',#3250,10.);
#912=VECTOR('',#3253,10.);
#913=VECTOR('',#3254,10.);
#914=VECTOR('',#3259,10.);
#915=VECTOR('',#3260,10.);
#916=VECTOR('',#3263,10.);
#917=VECTOR('',#3264,10.);
#918=VECTOR('',#3269,10.);
#919=VECTOR('',#3272,10.);
#920=VECTOR('',#3273,10.);
#921=VECTOR('',#3274,10.);
#922=VECTOR('',#3275,10.);
#923=VECTOR('',#3276,10.);
#924=VECTOR('',#3277,10.);
#925=VECTOR('',#3278,10.);
#926=VECTOR('',#3279,10.);
#927=VECTOR('',#3280,10.);
#928=VECTOR('',#3281,10.);
#929=VECTOR('',#3282,10.);
#930=VECTOR('',#3283,10.);
#931=VECTOR('',#3284,10.);
#932=VECTOR('',#3285,10.);
#933=VECTOR('',#3288,10.);
#934=VECTOR('',#3291,10.);
#935=VECTOR('',#3292,10.);
#936=VECTOR('',#3293,10.);
#937=VECTOR('',#3294,10.);
#938=VECTOR('',#3295,10.);
#939=VECTOR('',#3296,10.);
#940=VECTOR('',#3297,10.);
#941=VECTOR('',#3298,10.);
#942=VECTOR('',#3299,10.);
#943=VECTOR('',#3300,10.);
#944=VECTOR('',#3301,10.);
#945=VECTOR('',#3302,10.);
#946=VECTOR('',#3303,10.);
#947=VECTOR('',#3304,10.);
#948=VECTOR('',#3305,10.);
#949=VECTOR('',#3306,10.);
#950=VECTOR('',#3307,10.);
#951=VECTOR('',#3308,10.);
#952=VECTOR('',#3311,10.);
#953=VECTOR('',#3314,1.);
#954=VECTOR('',#3317,10.);
#955=VECTOR('',#3320,1.);
#956=VECTOR('',#3321,10.);
#957=VECTOR('',#3324,10.);
#958=VECTOR('',#3329,10.);
#959=VECTOR('',#3330,10.);
#960=VECTOR('',#3333,10.);
#961=VECTOR('',#3336,10.);
#962=VECTOR('',#3339,10.);
#963=VECTOR('',#3340,10.);
#964=VECTOR('',#3343,10.);
#965=VECTOR('',#3346,10.);
#966=VECTOR('',#3347,10.);
#967=VECTOR('',#3348,10.);
#968=VECTOR('',#3351,10.);
#969=VECTOR('',#3354,10.);
#970=VECTOR('',#3357,10.);
#971=VECTOR('',#3360,10.);
#972=VECTOR('',#3363,10.);
#973=VECTOR('',#3364,10.);
#974=VECTOR('',#3365,10.);
#975=VECTOR('',#3366,10.);
#976=VECTOR('',#3367,10.);
#977=VECTOR('',#3370,10.);
#978=VECTOR('',#3373,10.);
#979=VECTOR('',#3376,10.);
#980=VECTOR('',#3379,10.);
#981=VECTOR('',#3382,10.);
#982=VECTOR('',#3383,10.);
#983=VECTOR('',#3384,10.);
#984=VECTOR('',#3385,10.);
#985=VECTOR('',#3386,10.);
#986=VECTOR('',#3389,10.);
#987=VECTOR('',#3394,10.);
#988=VECTOR('',#3399,10.);
#989=VECTOR('',#3402,10.);
#990=VECTOR('',#3405,10.);
#991=VECTOR('',#3408,10.);
#992=VECTOR('',#3409,10.);
#993=VECTOR('',#3410,10.);
#994=VECTOR('',#3411,10.);
#995=VECTOR('',#3412,10.);
#996=VECTOR('',#3415,10.);
#997=VECTOR('',#3418,10.);
#998=VECTOR('',#3421,10.);
#999=VECTOR('',#3430,10.);
#1000=VECTOR('',#3433,10.);
#1001=VECTOR('',#3434,10.);
#1002=VECTOR('',#3435,10.);
#1003=VECTOR('',#3438,10.);
#1004=VECTOR('',#3439,10.);
#1005=VECTOR('',#3440,10.);
#1006=VECTOR('',#3441,10.);
#1007=VECTOR('',#3444,10.);
#1008=VECTOR('',#3445,10.);
#1009=VECTOR('',#3446,10.);
#1010=VECTOR('',#3449,10.);
#1011=VECTOR('',#3450,10.);
#1012=VECTOR('',#3451,10.);
#1013=VECTOR('',#3454,10.);
#1014=VECTOR('',#3455,10.);
#1015=VECTOR('',#3456,10.);
#1016=VECTOR('',#3459,10.);
#1017=VECTOR('',#3460,10.);
#1018=VECTOR('',#3461,10.);
#1019=VECTOR('',#3462,10.);
#1020=VECTOR('',#3463,10.);
#1021=VECTOR('',#3464,10.);
#1022=VECTOR('',#3465,10.);
#1023=VECTOR('',#3468,10.);
#1024=VECTOR('',#3469,10.);
#1025=VECTOR('',#3470,10.);
#1026=VECTOR('',#3473,10.);
#1027=VECTOR('',#3474,10.);
#1028=VECTOR('',#3475,10.);
#1029=VECTOR('',#3478,10.);
#1030=VECTOR('',#3479,10.);
#1031=VECTOR('',#3480,10.);
#1032=VECTOR('',#3483,10.);
#1033=VECTOR('',#3484,10.);
#1034=VECTOR('',#3485,10.);
#1035=VECTOR('',#3488,10.);
#1036=VECTOR('',#3489,10.);
#1037=VECTOR('',#3490,10.);
#1038=VECTOR('',#3493,10.);
#1039=VECTOR('',#3494,10.);
#1040=VECTOR('',#3495,10.);
#1041=VECTOR('',#3498,10.);
#1042=VECTOR('',#3499,10.);
#1043=VECTOR('',#3500,10.);
#1044=VECTOR('',#3501,10.);
#1045=VECTOR('',#3502,10.);
#1046=VECTOR('',#3503,10.);
#1047=VECTOR('',#3504,10.);
#1048=VECTOR('',#3507,10.);
#1049=VECTOR('',#3508,10.);
#1050=VECTOR('',#3509,10.);
#1051=VECTOR('',#3512,10.);
#1052=VECTOR('',#3513,10.);
#1053=VECTOR('',#3520,10.);
#1054=VECTOR('',#3521,10.);
#1055=VECTOR('',#3522,10.);
#1056=VECTOR('',#3523,10.);
#1057=VECTOR('',#3530,10.);
#1058=VECTOR('',#3541,10.);
#1059=VECTOR('',#3544,10.);
#1060=VECTOR('',#3547,10.);
#1061=VECTOR('',#3548,10.);
#1062=VECTOR('',#3549,10.);
#1063=VECTOR('',#3560,10.);
#1064=VECTOR('',#3563,10.);
#1065=VECTOR('',#3570,10.);
#1066=VECTOR('',#3573,10.);
#1067=VECTOR('',#3574,10.);
#1068=VECTOR('',#3575,10.);
#1069=VECTOR('',#3578,10.);
#1070=VECTOR('',#3579,10.);
#1071=VECTOR('',#3580,10.);
#1072=VECTOR('',#3583,10.);
#1073=VECTOR('',#3584,10.);
#1074=VECTOR('',#3585,10.);
#1075=VECTOR('',#3592,10.);
#1076=VECTOR('',#3599,10.);
#1077=VECTOR('',#3602,10.);
#1078=VECTOR('',#3603,10.);
#1079=VECTOR('',#3604,10.);
#1080=VECTOR('',#3607,10.);
#1081=VECTOR('',#3608,10.);
#1082=VECTOR('',#3609,10.);
#1083=VECTOR('',#3610,10.);
#1084=VECTOR('',#3611,10.);
#1085=VECTOR('',#3612,10.);
#1086=VECTOR('',#3613,10.);
#1087=VECTOR('',#3614,10.);
#1088=VECTOR('',#3615,10.);
#1089=VECTOR('',#3618,10.);
#1090=VECTOR('',#3619,10.);
#1091=VECTOR('',#3620,10.);
#1092=VECTOR('',#3623,10.);
#1093=VECTOR('',#3624,10.);
#1094=VECTOR('',#3631,10.);
#1095=VECTOR('',#3632,10.);
#1096=VECTOR('',#3633,10.);
#1097=VECTOR('',#3634,10.);
#1098=VECTOR('',#3637,10.);
#1099=VECTOR('',#3638,10.);
#1100=VECTOR('',#3639,10.);
#1101=VECTOR('',#3642,10.);
#1102=VECTOR('',#3643,10.);
#1103=VECTOR('',#3644,10.);
#1104=VECTOR('',#3647,10.);
#1105=VECTOR('',#3648,10.);
#1106=VECTOR('',#3649,10.);
#1107=VECTOR('',#3652,10.);
#1108=VECTOR('',#3653,10.);
#1109=VECTOR('',#3654,10.);
#1110=VECTOR('',#3657,10.);
#1111=VECTOR('',#3658,10.);
#1112=VECTOR('',#3659,10.);
#1113=VECTOR('',#3662,10.);
#1114=VECTOR('',#3663,10.);
#1115=VECTOR('',#3664,10.);
#1116=VECTOR('',#3667,10.);
#1117=VECTOR('',#3668,10.);
#1118=VECTOR('',#3673,10.);
#1119=VECTOR('',#3674,10.);
#1120=VECTOR('',#3677,10.);
#1121=VECTOR('',#3678,10.);
#1122=VECTOR('',#3679,10.);
#1123=VECTOR('',#3682,10.);
#1124=VECTOR('',#3683,10.);
#1125=VECTOR('',#3684,10.);
#1126=VECTOR('',#3685,10.);
#1127=VECTOR('',#3686,10.);
#1128=VECTOR('',#3689,10.);
#1129=VECTOR('',#3690,10.);
#1130=VECTOR('',#3691,10.);
#1131=VECTOR('',#3694,10.);
#1132=VECTOR('',#3695,10.);
#1133=VECTOR('',#3696,10.);
#1134=VECTOR('',#3703,10.);
#1135=VECTOR('',#3710,10.);
#1136=VECTOR('',#3713,10.);
#1137=VECTOR('',#3714,10.);
#1138=VECTOR('',#3715,10.);
#1139=VECTOR('',#3718,10.);
#1140=VECTOR('',#3719,10.);
#1141=VECTOR('',#3720,10.);
#1142=VECTOR('',#3723,10.);
#1143=VECTOR('',#3724,10.);
#1144=VECTOR('',#3725,10.);
#1145=VECTOR('',#3728,10.);
#1146=VECTOR('',#3729,10.);
#1147=VECTOR('',#3730,10.);
#1148=VECTOR('',#3733,10.);
#1149=VECTOR('',#3734,10.);
#1150=VECTOR('',#3735,10.);
#1151=VECTOR('',#3738,10.);
#1152=VECTOR('',#3739,10.);
#1153=VECTOR('',#3740,10.);
#1154=VECTOR('',#3743,10.);
#1155=VECTOR('',#3744,10.);
#1156=VECTOR('',#3745,10.);
#1157=VECTOR('',#3748,10.);
#1158=VECTOR('',#3749,10.);
#1159=VECTOR('',#3750,10.);
#1160=VECTOR('',#3753,10.);
#1161=VECTOR('',#3754,10.);
#1162=VECTOR('',#3755,10.);
#1163=VECTOR('',#3758,10.);
#1164=VECTOR('',#3759,10.);
#1165=VECTOR('',#3760,10.);
#1166=VECTOR('',#3763,10.);
#1167=VECTOR('',#3764,10.);
#1168=VECTOR('',#3765,10.);
#1169=VECTOR('',#3772,10.);
#1170=VECTOR('',#3779,10.);
#1171=VECTOR('',#3782,10.);
#1172=VECTOR('',#3783,10.);
#1173=VECTOR('',#3784,10.);
#1174=VECTOR('',#3787,10.);
#1175=VECTOR('',#3788,10.);
#1176=VECTOR('',#3789,10.);
#1177=VECTOR('',#3790,10.);
#1178=VECTOR('',#3791,10.);
#1179=VECTOR('',#3794,10.);
#1180=VECTOR('',#3795,10.);
#1181=VECTOR('',#3796,10.);
#1182=VECTOR('',#3799,10.);
#1183=VECTOR('',#3800,10.);
#1184=VECTOR('',#3801,10.);
#1185=CIRCLE('',#3011,4.);
#1186=CIRCLE('',#3012,4.);
#1187=CIRCLE('',#3015,4.);
#1188=CIRCLE('',#3016,4.);
#1189=CIRCLE('',#3019,4.);
#1190=CIRCLE('',#3020,4.);
#1191=CIRCLE('',#3021,1.);
#1192=CIRCLE('',#3022,1.);
#1193=CIRCLE('',#3023,1.);
#1194=CIRCLE('',#3024,1.);
#1195=CIRCLE('',#3026,4.);
#1196=CIRCLE('',#3029,4.);
#1197=CIRCLE('',#3032,1.);
#1198=CIRCLE('',#3033,1.);
#1199=CIRCLE('',#3034,1.);
#1200=CIRCLE('',#3035,1.);
#1201=CIRCLE('',#3092,2.01542403460775);
#1202=CIRCLE('',#3093,2.01542403460775);
#1203=CIRCLE('',#3095,2.3319191127972);
#1204=CIRCLE('',#3096,2.3319191127972);
#1205=CIRCLE('',#3098,2.01542403460775);
#1206=CIRCLE('',#3099,2.01542403460775);
#1207=CIRCLE('',#3102,2.3319191127972);
#1208=CIRCLE('',#3103,2.3319191127972);
#1209=CIRCLE('',#3105,2.01542403460775);
#1210=CIRCLE('',#3106,2.01542403460775);
#1211=CIRCLE('',#3108,2.3319191127972);
#1212=CIRCLE('',#3109,2.3319191127972);
#1213=CIRCLE('',#3114,2.3319191127972);
#1214=CIRCLE('',#3115,2.3319191127972);
#1215=CIRCLE('',#3117,2.01542403460775);
#1216=CIRCLE('',#3118,2.01542403460775);
#1217=CIRCLE('',#3140,2.01542403460775);
#1218=CIRCLE('',#3141,2.01542403460775);
#1219=CIRCLE('',#3143,2.3319191127972);
#1220=CIRCLE('',#3144,2.3319191127972);
#1221=CIRCLE('',#3157,2.3319191127972);
#1222=CIRCLE('',#3158,2.3319191127972);
#1223=CIRCLE('',#3160,2.01542403460775);
#1224=CIRCLE('',#3161,2.01542403460775);
#1225=VERTEX_POINT('',#3808);
#1226=VERTEX_POINT('',#3809);
#1227=VERTEX_POINT('',#3811);
#1228=VERTEX_POINT('',#3813);
#1229=VERTEX_POINT('',#3817);
#1230=VERTEX_POINT('',#3819);
#1231=VERTEX_POINT('',#3823);
#1232=VERTEX_POINT('',#3825);
#1233=VERTEX_POINT('',#3829);
#1234=VERTEX_POINT('',#3831);
#1235=VERTEX_POINT('',#3835);
#1236=VERTEX_POINT('',#3837);
#1237=VERTEX_POINT('',#3839);
#1238=VERTEX_POINT('',#3841);
#1239=VERTEX_POINT('',#3843);
#1240=VERTEX_POINT('',#3845);
#1241=VERTEX_POINT('',#3847);
#1242=VERTEX_POINT('',#3849);
#1243=VERTEX_POINT('',#3851);
#1244=VERTEX_POINT('',#3853);
#1245=VERTEX_POINT('',#3858);
#1246=VERTEX_POINT('',#3862);
#1247=VERTEX_POINT('',#3866);
#1248=VERTEX_POINT('',#3871);
#1249=VERTEX_POINT('',#3873);
#1250=VERTEX_POINT('',#3875);
#1251=VERTEX_POINT('',#3877);
#1252=VERTEX_POINT('',#3879);
#1253=VERTEX_POINT('',#3881);
#1254=VERTEX_POINT('',#3883);
#1255=VERTEX_POINT('',#3885);
#1256=VERTEX_POINT('',#3887);
#1257=VERTEX_POINT('',#3889);
#1258=VERTEX_POINT('',#3891);
#1259=VERTEX_POINT('',#3893);
#1260=VERTEX_POINT('',#3895);
#1261=VERTEX_POINT('',#3897);
#1262=VERTEX_POINT('',#3899);
#1263=VERTEX_POINT('',#3901);
#1264=VERTEX_POINT('',#3903);
#1265=VERTEX_POINT('',#3905);
#1266=VERTEX_POINT('',#3907);
#1267=VERTEX_POINT('',#3912);
#1268=VERTEX_POINT('',#3916);
#1269=VERTEX_POINT('',#3920);
#1270=VERTEX_POINT('',#3925);
#1271=VERTEX_POINT('',#3927);
#1272=VERTEX_POINT('',#3929);
#1273=VERTEX_POINT('',#3931);
#1274=VERTEX_POINT('',#3933);
#1275=VERTEX_POINT('',#3935);
#1276=VERTEX_POINT('',#3940);
#1277=VERTEX_POINT('',#3944);
#1278=VERTEX_POINT('',#3948);
#1279=VERTEX_POINT('',#3953);
#1280=VERTEX_POINT('',#3955);
#1281=VERTEX_POINT('',#3957);
#1282=VERTEX_POINT('',#3959);
#1283=VERTEX_POINT('',#3961);
#1284=VERTEX_POINT('',#3963);
#1285=VERTEX_POINT('',#3968);
#1286=VERTEX_POINT('',#3972);
#1287=VERTEX_POINT('',#3976);
#1288=VERTEX_POINT('',#3981);
#1289=VERTEX_POINT('',#3983);
#1290=VERTEX_POINT('',#3985);
#1291=VERTEX_POINT('',#3987);
#1292=VERTEX_POINT('',#3991);
#1293=VERTEX_POINT('',#3993);
#1294=VERTEX_POINT('',#3997);
#1295=VERTEX_POINT('',#4001);
#1296=VERTEX_POINT('',#4002);
#1297=VERTEX_POINT('',#4007);
#1298=VERTEX_POINT('',#4011);
#1299=VERTEX_POINT('',#4013);
#1300=VERTEX_POINT('',#4015);
#1301=VERTEX_POINT('',#4017);
#1302=VERTEX_POINT('',#4019);
#1303=VERTEX_POINT('',#4021);
#1304=VERTEX_POINT('',#4026);
#1305=VERTEX_POINT('',#4030);
#1306=VERTEX_POINT('',#4034);
#1307=VERTEX_POINT('',#4039);
#1308=VERTEX_POINT('',#4041);
#1309=VERTEX_POINT('',#4043);
#1310=VERTEX_POINT('',#4045);
#1311=VERTEX_POINT('',#4047);
#1312=VERTEX_POINT('',#4049);
#1313=VERTEX_POINT('',#4054);
#1314=VERTEX_POINT('',#4058);
#1315=VERTEX_POINT('',#4062);
#1316=VERTEX_POINT('',#4067);
#1317=VERTEX_POINT('',#4069);
#1318=VERTEX_POINT('',#4071);
#1319=VERTEX_POINT('',#4073);
#1320=VERTEX_POINT('',#4075);
#1321=VERTEX_POINT('',#4077);
#1322=VERTEX_POINT('',#4082);
#1323=VERTEX_POINT('',#4086);
#1324=VERTEX_POINT('',#4090);
#1325=VERTEX_POINT('',#4095);
#1326=VERTEX_POINT('',#4097);
#1327=VERTEX_POINT('',#4099);
#1328=VERTEX_POINT('',#4101);
#1329=VERTEX_POINT('',#4105);
#1330=VERTEX_POINT('',#4107);
#1331=VERTEX_POINT('',#4109);
#1332=VERTEX_POINT('',#4111);
#1333=VERTEX_POINT('',#4113);
#1334=VERTEX_POINT('',#4115);
#1335=VERTEX_POINT('',#4117);
#1336=VERTEX_POINT('',#4119);
#1337=VERTEX_POINT('',#4121);
#1338=VERTEX_POINT('',#4126);
#1339=VERTEX_POINT('',#4130);
#1340=VERTEX_POINT('',#4134);
#1341=VERTEX_POINT('',#4139);
#1342=VERTEX_POINT('',#4141);
#1343=VERTEX_POINT('',#4143);
#1344=VERTEX_POINT('',#4145);
#1345=VERTEX_POINT('',#4147);
#1346=VERTEX_POINT('',#4149);
#1347=VERTEX_POINT('',#4151);
#1348=VERTEX_POINT('',#4153);
#1349=VERTEX_POINT('',#4358);
#1350=VERTEX_POINT('',#4359);
#1351=VERTEX_POINT('',#4361);
#1352=VERTEX_POINT('',#4363);
#1353=VERTEX_POINT('',#4367);
#1354=VERTEX_POINT('',#4369);
#1355=VERTEX_POINT('',#4373);
#1356=VERTEX_POINT('',#4375);
#1357=VERTEX_POINT('',#4379);
#1358=VERTEX_POINT('',#4381);
#1359=VERTEX_POINT('',#4385);
#1360=VERTEX_POINT('',#4387);
#1361=VERTEX_POINT('',#4402);
#1362=VERTEX_POINT('',#4409);
#1363=VERTEX_POINT('',#4423);
#1364=VERTEX_POINT('',#4427);
#1365=VERTEX_POINT('',#4438);
#1366=VERTEX_POINT('',#4442);
#1367=VERTEX_POINT('',#4459);
#1368=VERTEX_POINT('',#4466);
#1369=VERTEX_POINT('',#4475);
#1370=VERTEX_POINT('',#4477);
#1371=VERTEX_POINT('',#4481);
#1372=VERTEX_POINT('',#4483);
#1373=VERTEX_POINT('',#4487);
#1374=VERTEX_POINT('',#4489);
#1375=VERTEX_POINT('',#4493);
#1376=VERTEX_POINT('',#4495);
#1377=VERTEX_POINT('',#4499);
#1378=VERTEX_POINT('',#4501);
#1379=VERTEX_POINT('',#4505);
#1380=VERTEX_POINT('',#4507);
#1381=VERTEX_POINT('',#4511);
#1382=VERTEX_POINT('',#4513);
#1383=VERTEX_POINT('',#4524);
#1384=VERTEX_POINT('',#4529);
#1385=VERTEX_POINT('',#4541);
#1386=VERTEX_POINT('',#4545);
#1387=VERTEX_POINT('',#4556);
#1388=VERTEX_POINT('',#4560);
#1389=VERTEX_POINT('',#4573);
#1390=VERTEX_POINT('',#4578);
#1391=VERTEX_POINT('',#4585);
#1392=VERTEX_POINT('',#4587);
#1393=VERTEX_POINT('',#4596);
#1394=VERTEX_POINT('',#4597);
#1395=VERTEX_POINT('',#4599);
#1396=VERTEX_POINT('',#4601);
#1397=VERTEX_POINT('',#4605);
#1398=VERTEX_POINT('',#4607);
#1399=VERTEX_POINT('',#4614);
#1400=VERTEX_POINT('',#4615);
#1401=VERTEX_POINT('',#4617);
#1402=VERTEX_POINT('',#4619);
#1403=VERTEX_POINT('',#4623);
#1404=VERTEX_POINT('',#4625);
#1405=VERTEX_POINT('',#4632);
#1406=VERTEX_POINT('',#4633);
#1407=VERTEX_POINT('',#4635);
#1408=VERTEX_POINT('',#4637);
#1409=VERTEX_POINT('',#4641);
#1410=VERTEX_POINT('',#4643);
#1411=VERTEX_POINT('',#4647);
#1412=VERTEX_POINT('',#4649);
#1413=VERTEX_POINT('',#4653);
#1414=VERTEX_POINT('',#4655);
#1415=VERTEX_POINT('',#4659);
#1416=VERTEX_POINT('',#4661);
#1417=VERTEX_POINT('',#4665);
#1418=VERTEX_POINT('',#4667);
#1419=VERTEX_POINT('',#4671);
#1420=VERTEX_POINT('',#4673);
#1421=VERTEX_POINT('',#4677);
#1422=VERTEX_POINT('',#4679);
#1423=VERTEX_POINT('',#4683);
#1424=VERTEX_POINT('',#4685);
#1425=VERTEX_POINT('',#4694);
#1426=VERTEX_POINT('',#4698);
#1427=VERTEX_POINT('',#4715);
#1428=VERTEX_POINT('',#4722);
#1429=VERTEX_POINT('',#4736);
#1430=VERTEX_POINT('',#4740);
#1431=VERTEX_POINT('',#4751);
#1432=VERTEX_POINT('',#4755);
#1433=VERTEX_POINT('',#4772);
#1434=VERTEX_POINT('',#4779);
#1435=VERTEX_POINT('',#4793);
#1436=VERTEX_POINT('',#4797);
#1437=VERTEX_POINT('',#4803);
#1438=VERTEX_POINT('',#4805);
#1439=VERTEX_POINT('',#4814);
#1440=VERTEX_POINT('',#4815);
#1441=VERTEX_POINT('',#4817);
#1442=VERTEX_POINT('',#4819);
#1443=VERTEX_POINT('',#4823);
#1444=VERTEX_POINT('',#4825);
#1445=VERTEX_POINT('',#4829);
#1446=VERTEX_POINT('',#4831);
#1447=VERTEX_POINT('',#4835);
#1448=VERTEX_POINT('',#4837);
#1449=VERTEX_POINT('',#4841);
#1450=VERTEX_POINT('',#4843);
#1451=VERTEX_POINT('',#4847);
#1452=VERTEX_POINT('',#4849);
#1453=VERTEX_POINT('',#4853);
#1454=VERTEX_POINT('',#4855);
#1455=VERTEX_POINT('',#4873);
#1456=VERTEX_POINT('',#4874);
#1457=VERTEX_POINT('',#4880);
#1458=VERTEX_POINT('',#4882);
#1459=VERTEX_POINT('',#4890);
#1460=VERTEX_POINT('',#4892);
#1461=VERTEX_POINT('',#4896);
#1462=VERTEX_POINT('',#4898);
#1463=VERTEX_POINT('',#4911);
#1464=VERTEX_POINT('',#4917);
#1465=VERTEX_POINT('',#4930);
#1466=VERTEX_POINT('',#4934);
#1467=VERTEX_POINT('',#4940);
#1468=VERTEX_POINT('',#4942);
#1469=VERTEX_POINT('',#4946);
#1470=VERTEX_POINT('',#4948);
#1471=VERTEX_POINT('',#4952);
#1472=VERTEX_POINT('',#4954);
#1473=VERTEX_POINT('',#4958);
#1474=VERTEX_POINT('',#4960);
#1475=VERTEX_POINT('',#4964);
#1476=VERTEX_POINT('',#4966);
#1477=VERTEX_POINT('',#4970);
#1478=VERTEX_POINT('',#4972);
#1479=VERTEX_POINT('',#4976);
#1480=VERTEX_POINT('',#4978);
#1481=VERTEX_POINT('',#4982);
#1482=VERTEX_POINT('',#4984);
#1483=VERTEX_POINT('',#4988);
#1484=VERTEX_POINT('',#4990);
#1485=VERTEX_POINT('',#4994);
#1486=VERTEX_POINT('',#4996);
#1487=VERTEX_POINT('',#5000);
#1488=VERTEX_POINT('',#5002);
#1489=VERTEX_POINT('',#5006);
#1490=VERTEX_POINT('',#5008);
#1491=VERTEX_POINT('',#5012);
#1492=VERTEX_POINT('',#5014);
#1493=VERTEX_POINT('',#5018);
#1494=VERTEX_POINT('',#5020);
#1495=VERTEX_POINT('',#5024);
#1496=VERTEX_POINT('',#5026);
#1497=VERTEX_POINT('',#5030);
#1498=VERTEX_POINT('',#5032);
#1499=VERTEX_POINT('',#5036);
#1500=VERTEX_POINT('',#5038);
#1501=VERTEX_POINT('',#5042);
#1502=VERTEX_POINT('',#5044);
#1503=VERTEX_POINT('',#5048);
#1504=VERTEX_POINT('',#5050);
#1505=VERTEX_POINT('',#5059);
#1506=VERTEX_POINT('',#5063);
#1507=VERTEX_POINT('',#5078);
#1508=VERTEX_POINT('',#5084);
#1509=VERTEX_POINT('',#5092);
#1510=VERTEX_POINT('',#5094);
#1511=VERTEX_POINT('',#5098);
#1512=VERTEX_POINT('',#5100);
#1513=EDGE_CURVE('',#1225,#1226,#1185,.T.);
#1514=EDGE_CURVE('',#1226,#1227,#545,.T.);
#1515=EDGE_CURVE('',#1227,#1228,#1186,.T.);
#1516=EDGE_CURVE('',#1228,#1225,#546,.T.);
#1517=EDGE_CURVE('',#1226,#1229,#547,.T.);
#1518=EDGE_CURVE('',#1230,#1229,#548,.T.);
#1519=EDGE_CURVE('',#1227,#1230,#549,.T.);
#1520=EDGE_CURVE('',#1231,#1230,#1187,.T.);
#1521=EDGE_CURVE('',#1229,#1232,#1188,.T.);
#1522=EDGE_CURVE('',#1232,#1231,#550,.T.);
#1523=EDGE_CURVE('',#1232,#1233,#551,.T.);
#1524=EDGE_CURVE('',#1234,#1233,#552,.T.);
#1525=EDGE_CURVE('',#1231,#1234,#553,.T.);
#1526=EDGE_CURVE('',#1235,#1225,#554,.T.);
#1527=EDGE_CURVE('',#1236,#1235,#555,.T.);
#1528=EDGE_CURVE('',#1237,#1236,#556,.T.);
#1529=EDGE_CURVE('',#1238,#1237,#557,.T.);
#1530=EDGE_CURVE('',#1239,#1238,#558,.T.);
#1531=EDGE_CURVE('',#1240,#1239,#559,.T.);
#1532=EDGE_CURVE('',#1241,#1240,#560,.T.);
#1533=EDGE_CURVE('',#1242,#1241,#561,.T.);
#1534=EDGE_CURVE('',#1243,#1242,#562,.T.);
#1535=EDGE_CURVE('',#1244,#1243,#63,.T.);
#1536=EDGE_CURVE('',#1245,#1244,#64,.T.);
#1537=EDGE_CURVE('',#1246,#1245,#65,.T.);
#1538=EDGE_CURVE('',#1247,#1246,#66,.T.);
#1539=EDGE_CURVE('',#1248,#1247,#563,.T.);
#1540=EDGE_CURVE('',#1249,#1248,#564,.T.);
#1541=EDGE_CURVE('',#1250,#1249,#565,.T.);
#1542=EDGE_CURVE('',#1251,#1250,#566,.T.);
#1543=EDGE_CURVE('',#1252,#1251,#567,.T.);
#1544=EDGE_CURVE('',#1253,#1252,#568,.T.);
#1545=EDGE_CURVE('',#1254,#1253,#569,.T.);
#1546=EDGE_CURVE('',#1255,#1254,#570,.T.);
#1547=EDGE_CURVE('',#1256,#1255,#571,.T.);
#1548=EDGE_CURVE('',#1257,#1256,#1189,.T.);
#1549=EDGE_CURVE('',#1258,#1257,#572,.T.);
#1550=EDGE_CURVE('',#1259,#1258,#1190,.T.);
#1551=EDGE_CURVE('',#1260,#1259,#573,.T.);
#1552=EDGE_CURVE('',#1261,#1260,#1191,.T.);
#1553=EDGE_CURVE('',#1262,#1261,#574,.T.);
#1554=EDGE_CURVE('',#1263,#1262,#1192,.T.);
#1555=EDGE_CURVE('',#1264,#1263,#575,.T.);
#1556=EDGE_CURVE('',#1265,#1264,#576,.T.);
#1557=EDGE_CURVE('',#1266,#1265,#67,.T.);
#1558=EDGE_CURVE('',#1267,#1266,#68,.T.);
#1559=EDGE_CURVE('',#1268,#1267,#69,.T.);
#1560=EDGE_CURVE('',#1269,#1268,#70,.T.);
#1561=EDGE_CURVE('',#1270,#1269,#577,.T.);
#1562=EDGE_CURVE('',#1271,#1270,#578,.T.);
#1563=EDGE_CURVE('',#1272,#1271,#579,.T.);
#1564=EDGE_CURVE('',#1273,#1272,#580,.T.);
#1565=EDGE_CURVE('',#1274,#1273,#581,.T.);
#1566=EDGE_CURVE('',#1275,#1274,#71,.T.);
#1567=EDGE_CURVE('',#1276,#1275,#72,.T.);
#1568=EDGE_CURVE('',#1277,#1276,#73,.T.);
#1569=EDGE_CURVE('',#1278,#1277,#74,.T.);
#1570=EDGE_CURVE('',#1279,#1278,#582,.T.);
#1571=EDGE_CURVE('',#1280,#1279,#583,.T.);
#1572=EDGE_CURVE('',#1281,#1280,#584,.T.);
#1573=EDGE_CURVE('',#1282,#1281,#585,.T.);
#1574=EDGE_CURVE('',#1283,#1282,#586,.T.);
#1575=EDGE_CURVE('',#1284,#1283,#75,.T.);
#1576=EDGE_CURVE('',#1285,#1284,#76,.T.);
#1577=EDGE_CURVE('',#1286,#1285,#77,.T.);
#1578=EDGE_CURVE('',#1287,#1286,#78,.T.);
#1579=EDGE_CURVE('',#1288,#1287,#587,.T.);
#1580=EDGE_CURVE('',#1289,#1288,#588,.T.);
#1581=EDGE_CURVE('',#1290,#1289,#1193,.T.);
#1582=EDGE_CURVE('',#1291,#1290,#589,.T.);
#1583=EDGE_CURVE('',#1233,#1291,#1194,.T.);
#1584=EDGE_CURVE('',#1256,#1292,#590,.T.);
#1585=EDGE_CURVE('',#1292,#1293,#1195,.T.);
#1586=EDGE_CURVE('',#1293,#1257,#591,.T.);
#1587=EDGE_CURVE('',#1255,#1294,#592,.T.);
#1588=EDGE_CURVE('',#1292,#1294,#593,.T.);
#1589=EDGE_CURVE('',#1295,#1296,#1196,.T.);
#1590=EDGE_CURVE('',#1296,#1259,#594,.T.);
#1591=EDGE_CURVE('',#1258,#1295,#595,.T.);
#1592=EDGE_CURVE('',#1297,#1296,#596,.T.);
#1593=EDGE_CURVE('',#1260,#1297,#597,.T.);
#1594=EDGE_CURVE('',#1298,#1234,#1197,.T.);
#1595=EDGE_CURVE('',#1299,#1298,#598,.T.);
#1596=EDGE_CURVE('',#1300,#1299,#1198,.T.);
#1597=EDGE_CURVE('',#1300,#1301,#599,.T.);
#1598=EDGE_CURVE('',#1301,#1302,#600,.T.);
#1599=EDGE_CURVE('',#1302,#1303,#79,.T.);
#1600=EDGE_CURVE('',#1303,#1304,#80,.T.);
#1601=EDGE_CURVE('',#1304,#1305,#81,.T.);
#1602=EDGE_CURVE('',#1305,#1306,#82,.T.);
#1603=EDGE_CURVE('',#1306,#1307,#601,.T.);
#1604=EDGE_CURVE('',#1307,#1308,#602,.T.);
#1605=EDGE_CURVE('',#1308,#1309,#603,.T.);
#1606=EDGE_CURVE('',#1309,#1310,#604,.T.);
#1607=EDGE_CURVE('',#1310,#1311,#605,.T.);
#1608=EDGE_CURVE('',#1311,#1312,#83,.T.);
#1609=EDGE_CURVE('',#1312,#1313,#84,.T.);
#1610=EDGE_CURVE('',#1313,#1314,#85,.T.);
#1611=EDGE_CURVE('',#1314,#1315,#86,.T.);
#1612=EDGE_CURVE('',#1315,#1316,#606,.T.);
#1613=EDGE_CURVE('',#1316,#1317,#607,.T.);
#1614=EDGE_CURVE('',#1317,#1318,#608,.T.);
#1615=EDGE_CURVE('',#1318,#1319,#609,.T.);
#1616=EDGE_CURVE('',#1319,#1320,#610,.T.);
#1617=EDGE_CURVE('',#1320,#1321,#87,.T.);
#1618=EDGE_CURVE('',#1321,#1322,#88,.T.);
#1619=EDGE_CURVE('',#1322,#1323,#89,.T.);
#1620=EDGE_CURVE('',#1323,#1324,#90,.T.);
#1621=EDGE_CURVE('',#1324,#1325,#611,.T.);
#1622=EDGE_CURVE('',#1325,#1326,#612,.T.);
#1623=EDGE_CURVE('',#1327,#1326,#1199,.T.);
#1624=EDGE_CURVE('',#1328,#1327,#613,.T.);
#1625=EDGE_CURVE('',#1297,#1328,#1200,.T.);
#1626=EDGE_CURVE('',#1295,#1293,#614,.T.);
#1627=EDGE_CURVE('',#1294,#1329,#615,.T.);
#1628=EDGE_CURVE('',#1330,#1329,#616,.T.);
#1629=EDGE_CURVE('',#1330,#1331,#617,.T.);
#1630=EDGE_CURVE('',#1332,#1331,#618,.T.);
#1631=EDGE_CURVE('',#1332,#1333,#619,.T.);
#1632=EDGE_CURVE('',#1333,#1334,#620,.T.);
#1633=EDGE_CURVE('',#1334,#1335,#621,.T.);
#1634=EDGE_CURVE('',#1335,#1336,#622,.T.);
#1635=EDGE_CURVE('',#1336,#1337,#91,.T.);
#1636=EDGE_CURVE('',#1337,#1338,#92,.T.);
#1637=EDGE_CURVE('',#1338,#1339,#93,.T.);
#1638=EDGE_CURVE('',#1339,#1340,#94,.T.);
#1639=EDGE_CURVE('',#1340,#1341,#623,.T.);
#1640=EDGE_CURVE('',#1341,#1342,#624,.T.);
#1641=EDGE_CURVE('',#1342,#1343,#625,.T.);
#1642=EDGE_CURVE('',#1343,#1344,#626,.T.);
#1643=EDGE_CURVE('',#1345,#1344,#627,.T.);
#1644=EDGE_CURVE('',#1345,#1346,#628,.T.);
#1645=EDGE_CURVE('',#1347,#1346,#629,.T.);
#1646=EDGE_CURVE('',#1347,#1348,#630,.T.);
#1647=EDGE_CURVE('',#1348,#1228,#631,.T.);
#1648=EDGE_CURVE('',#1328,#1261,#632,.T.);
#1649=EDGE_CURVE('',#1262,#1327,#633,.T.);
#1650=EDGE_CURVE('',#1263,#1326,#634,.T.);
#1651=EDGE_CURVE('',#1299,#1290,#635,.T.);
#1652=EDGE_CURVE('',#1289,#1300,#636,.T.);
#1653=EDGE_CURVE('',#1291,#1298,#637,.T.);
#1654=EDGE_CURVE('',#1346,#1237,#638,.T.);
#1655=EDGE_CURVE('',#1236,#1347,#639,.T.);
#1656=EDGE_CURVE('',#1238,#1345,#640,.T.);
#1657=EDGE_CURVE('',#1344,#1239,#641,.T.);
#1658=EDGE_CURVE('',#1329,#1254,#642,.T.);
#1659=EDGE_CURVE('',#1253,#1330,#643,.T.);
#1660=EDGE_CURVE('',#1331,#1252,#644,.T.);
#1661=EDGE_CURVE('',#1251,#1332,#645,.T.);
#1662=EDGE_CURVE('',#1268,#1321,#646,.T.);
#1663=EDGE_CURVE('',#1269,#1320,#647,.T.);
#1664=EDGE_CURVE('',#1270,#1319,#648,.T.);
#1665=EDGE_CURVE('',#1271,#1318,#649,.T.);
#1666=EDGE_CURVE('',#1272,#1317,#650,.T.);
#1667=EDGE_CURVE('',#1273,#1316,#651,.T.);
#1668=EDGE_CURVE('',#1274,#1315,#652,.T.);
#1669=EDGE_CURVE('',#1275,#1314,#653,.T.);
#1670=EDGE_CURVE('',#1276,#1313,#654,.T.);
#1671=EDGE_CURVE('',#1277,#1312,#655,.T.);
#1672=EDGE_CURVE('',#1278,#1311,#656,.T.);
#1673=EDGE_CURVE('',#1279,#1310,#657,.T.);
#1674=EDGE_CURVE('',#1280,#1309,#658,.T.);
#1675=EDGE_CURVE('',#1281,#1308,#659,.T.);
#1676=EDGE_CURVE('',#1282,#1307,#660,.T.);
#1677=EDGE_CURVE('',#1283,#1306,#661,.T.);
#1678=EDGE_CURVE('',#1284,#1305,#662,.T.);
#1679=EDGE_CURVE('',#1285,#1304,#663,.T.);
#1680=EDGE_CURVE('',#1286,#1303,#664,.T.);
#1681=EDGE_CURVE('',#1287,#1302,#665,.T.);
#1682=EDGE_CURVE('',#1288,#1301,#666,.T.);
#1683=EDGE_CURVE('',#1235,#1348,#667,.T.);
#1684=EDGE_CURVE('',#1240,#1343,#668,.T.);
#1685=EDGE_CURVE('',#1241,#1342,#669,.T.);
#1686=EDGE_CURVE('',#1242,#1341,#670,.T.);
#1687=EDGE_CURVE('',#1243,#1340,#671,.T.);
#1688=EDGE_CURVE('',#1244,#1339,#672,.T.);
#1689=EDGE_CURVE('',#1245,#1338,#673,.T.);
#1690=EDGE_CURVE('',#1246,#1337,#674,.T.);
#1691=EDGE_CURVE('',#1247,#1336,#675,.T.);
#1692=EDGE_CURVE('',#1248,#1335,#676,.T.);
#1693=EDGE_CURVE('',#1249,#1334,#677,.T.);
#1694=EDGE_CURVE('',#1250,#1333,#678,.T.);
#1695=EDGE_CURVE('',#1264,#1325,#679,.T.);
#1696=EDGE_CURVE('',#1265,#1324,#680,.T.);
#1697=EDGE_CURVE('',#1266,#1323,#681,.T.);
#1698=EDGE_CURVE('',#1267,#1322,#682,.T.);
#1699=EDGE_CURVE('',#1349,#1350,#683,.T.);
#1700=EDGE_CURVE('',#1350,#1351,#684,.T.);
#1701=EDGE_CURVE('',#1352,#1351,#685,.T.);
#1702=EDGE_CURVE('',#1349,#1352,#686,.T.);
#1703=EDGE_CURVE('',#1353,#1349,#687,.T.);
#1704=EDGE_CURVE('',#1354,#1352,#688,.T.);
#1705=EDGE_CURVE('',#1353,#1354,#689,.T.);
#1706=EDGE_CURVE('',#1355,#1353,#690,.T.);
#1707=EDGE_CURVE('',#1356,#1354,#691,.T.);
#1708=EDGE_CURVE('',#1355,#1356,#692,.T.);
#1709=EDGE_CURVE('',#1357,#1355,#693,.T.);
#1710=EDGE_CURVE('',#1358,#1356,#694,.T.);
#1711=EDGE_CURVE('',#1357,#1358,#695,.T.);
#1712=EDGE_CURVE('',#1359,#1357,#696,.T.);
#1713=EDGE_CURVE('',#1360,#1358,#697,.T.);
#1714=EDGE_CURVE('',#1359,#1360,#698,.T.);
#1715=EDGE_CURVE('',#1361,#1359,#95,.T.);
#1716=EDGE_CURVE('',#1362,#1360,#96,.T.);
#1717=EDGE_CURVE('',#1361,#1362,#699,.T.);
#1718=EDGE_CURVE('',#1363,#1361,#97,.T.);
#1719=EDGE_CURVE('',#1364,#1362,#98,.T.);
#1720=EDGE_CURVE('',#1363,#1364,#700,.T.);
#1721=EDGE_CURVE('',#1365,#1363,#99,.T.);
#1722=EDGE_CURVE('',#1366,#1364,#100,.T.);
#1723=EDGE_CURVE('',#1365,#1366,#701,.T.);
#1724=EDGE_CURVE('',#1367,#1365,#101,.T.);
#1725=EDGE_CURVE('',#1368,#1366,#102,.T.);
#1726=EDGE_CURVE('',#1367,#1368,#702,.T.);
#1727=EDGE_CURVE('',#1369,#1367,#703,.T.);
#1728=EDGE_CURVE('',#1370,#1368,#704,.T.);
#1729=EDGE_CURVE('',#1369,#1370,#705,.T.);
#1730=EDGE_CURVE('',#1371,#1369,#706,.T.);
#1731=EDGE_CURVE('',#1372,#1370,#707,.T.);
#1732=EDGE_CURVE('',#1371,#1372,#708,.T.);
#1733=EDGE_CURVE('',#1373,#1371,#709,.T.);
#1734=EDGE_CURVE('',#1374,#1372,#710,.T.);
#1735=EDGE_CURVE('',#1373,#1374,#711,.T.);
#1736=EDGE_CURVE('',#1375,#1373,#712,.T.);
#1737=EDGE_CURVE('',#1376,#1374,#713,.T.);
#1738=EDGE_CURVE('',#1375,#1376,#714,.T.);
#1739=EDGE_CURVE('',#1377,#1375,#715,.T.);
#1740=EDGE_CURVE('',#1378,#1376,#716,.T.);
#1741=EDGE_CURVE('',#1377,#1378,#717,.T.);
#1742=EDGE_CURVE('',#1379,#1377,#718,.T.);
#1743=EDGE_CURVE('',#1380,#1378,#719,.T.);
#1744=EDGE_CURVE('',#1379,#1380,#720,.T.);
#1745=EDGE_CURVE('',#1381,#1379,#721,.T.);
#1746=EDGE_CURVE('',#1382,#1380,#722,.T.);
#1747=EDGE_CURVE('',#1381,#1382,#723,.T.);
#1748=EDGE_CURVE('',#1383,#1381,#103,.T.);
#1749=EDGE_CURVE('',#1384,#1382,#104,.T.);
#1750=EDGE_CURVE('',#1383,#1384,#724,.T.);
#1751=EDGE_CURVE('',#1385,#1383,#105,.T.);
#1752=EDGE_CURVE('',#1386,#1384,#106,.T.);
#1753=EDGE_CURVE('',#1385,#1386,#725,.T.);
#1754=EDGE_CURVE('',#1387,#1385,#107,.T.);
#1755=EDGE_CURVE('',#1388,#1386,#108,.T.);
#1756=EDGE_CURVE('',#1387,#1388,#726,.T.);
#1757=EDGE_CURVE('',#1389,#1387,#109,.T.);
#1758=EDGE_CURVE('',#1390,#1388,#110,.T.);
#1759=EDGE_CURVE('',#1389,#1390,#727,.T.);
#1760=EDGE_CURVE('',#1391,#1389,#728,.T.);
#1761=EDGE_CURVE('',#1392,#1390,#729,.T.);
#1762=EDGE_CURVE('',#1391,#1392,#730,.T.);
#1763=EDGE_CURVE('',#1350,#1391,#731,.T.);
#1764=EDGE_CURVE('',#1351,#1392,#732,.T.);
#1765=EDGE_CURVE('',#1393,#1394,#733,.T.);
#1766=EDGE_CURVE('',#1394,#1395,#734,.T.);
#1767=EDGE_CURVE('',#1396,#1395,#735,.T.);
#1768=EDGE_CURVE('',#1393,#1396,#736,.T.);
#1769=EDGE_CURVE('',#1397,#1393,#1201,.T.);
#1770=EDGE_CURVE('',#1398,#1396,#1202,.T.);
#1771=EDGE_CURVE('',#1397,#1398,#737,.T.);
#1772=EDGE_CURVE('',#1394,#1397,#1203,.T.);
#1773=EDGE_CURVE('',#1395,#1398,#1204,.T.);
#1774=EDGE_CURVE('',#1399,#1400,#1205,.T.);
#1775=EDGE_CURVE('',#1400,#1401,#738,.T.);
#1776=EDGE_CURVE('',#1402,#1401,#1206,.T.);
#1777=EDGE_CURVE('',#1399,#1402,#739,.T.);
#1778=EDGE_CURVE('',#1403,#1399,#740,.T.);
#1779=EDGE_CURVE('',#1404,#1402,#741,.T.);
#1780=EDGE_CURVE('',#1403,#1404,#742,.T.);
#1781=EDGE_CURVE('',#1400,#1403,#1207,.T.);
#1782=EDGE_CURVE('',#1401,#1404,#1208,.T.);
#1783=EDGE_CURVE('',#1405,#1406,#1209,.T.);
#1784=EDGE_CURVE('',#1406,#1407,#743,.T.);
#1785=EDGE_CURVE('',#1408,#1407,#1210,.T.);
#1786=EDGE_CURVE('',#1405,#1408,#744,.T.);
#1787=EDGE_CURVE('',#1409,#1405,#1211,.T.);
#1788=EDGE_CURVE('',#1410,#1408,#1212,.T.);
#1789=EDGE_CURVE('',#1409,#1410,#745,.T.);
#1790=EDGE_CURVE('',#1411,#1409,#746,.T.);
#1791=EDGE_CURVE('',#1412,#1410,#747,.T.);
#1792=EDGE_CURVE('',#1411,#1412,#748,.T.);
#1793=EDGE_CURVE('',#1413,#1411,#749,.T.);
#1794=EDGE_CURVE('',#1414,#1412,#750,.T.);
#1795=EDGE_CURVE('',#1413,#1414,#751,.T.);
#1796=EDGE_CURVE('',#1415,#1413,#752,.T.);
#1797=EDGE_CURVE('',#1416,#1414,#753,.T.);
#1798=EDGE_CURVE('',#1415,#1416,#754,.T.);
#1799=EDGE_CURVE('',#1417,#1415,#1213,.T.);
#1800=EDGE_CURVE('',#1418,#1416,#1214,.T.);
#1801=EDGE_CURVE('',#1417,#1418,#755,.T.);
#1802=EDGE_CURVE('',#1419,#1417,#1215,.T.);
#1803=EDGE_CURVE('',#1420,#1418,#1216,.T.);
#1804=EDGE_CURVE('',#1419,#1420,#756,.T.);
#1805=EDGE_CURVE('',#1421,#1419,#757,.T.);
#1806=EDGE_CURVE('',#1422,#1420,#758,.T.);
#1807=EDGE_CURVE('',#1421,#1422,#759,.T.);
#1808=EDGE_CURVE('',#1423,#1421,#760,.T.);
#1809=EDGE_CURVE('',#1424,#1422,#761,.T.);
#1810=EDGE_CURVE('',#1423,#1424,#762,.T.);
#1811=EDGE_CURVE('',#1425,#1423,#111,.T.);
#1812=EDGE_CURVE('',#1426,#1424,#112,.T.);
#1813=EDGE_CURVE('',#1425,#1426,#763,.T.);
#1814=EDGE_CURVE('',#1427,#1425,#113,.T.);
#1815=EDGE_CURVE('',#1428,#1426,#114,.T.);
#1816=EDGE_CURVE('',#1427,#1428,#764,.T.);
#1817=EDGE_CURVE('',#1429,#1427,#115,.T.);
#1818=EDGE_CURVE('',#1430,#1428,#116,.T.);
#1819=EDGE_CURVE('',#1429,#1430,#765,.T.);
#1820=EDGE_CURVE('',#1431,#1429,#117,.T.);
#1821=EDGE_CURVE('',#1432,#1430,#118,.T.);
#1822=EDGE_CURVE('',#1431,#1432,#766,.T.);
#1823=EDGE_CURVE('',#1433,#1431,#119,.T.);
#1824=EDGE_CURVE('',#1434,#1432,#120,.T.);
#1825=EDGE_CURVE('',#1433,#1434,#767,.T.);
#1826=EDGE_CURVE('',#1435,#1433,#121,.T.);
#1827=EDGE_CURVE('',#1436,#1434,#122,.T.);
#1828=EDGE_CURVE('',#1435,#1436,#768,.T.);
#1829=EDGE_CURVE('',#1437,#1435,#769,.T.);
#1830=EDGE_CURVE('',#1438,#1436,#770,.T.);
#1831=EDGE_CURVE('',#1437,#1438,#771,.T.);
#1832=EDGE_CURVE('',#1406,#1437,#772,.T.);
#1833=EDGE_CURVE('',#1407,#1438,#773,.T.);
#1834=EDGE_CURVE('',#1439,#1440,#774,.T.);
#1835=EDGE_CURVE('',#1440,#1441,#775,.T.);
#1836=EDGE_CURVE('',#1442,#1441,#776,.T.);
#1837=EDGE_CURVE('',#1439,#1442,#777,.T.);
#1838=EDGE_CURVE('',#1443,#1439,#778,.T.);
#1839=EDGE_CURVE('',#1444,#1442,#779,.T.);
#1840=EDGE_CURVE('',#1443,#1444,#780,.T.);
#1841=EDGE_CURVE('',#1445,#1443,#781,.T.);
#1842=EDGE_CURVE('',#1446,#1444,#782,.T.);
#1843=EDGE_CURVE('',#1445,#1446,#783,.T.);
#1844=EDGE_CURVE('',#1447,#1445,#784,.T.);
#1845=EDGE_CURVE('',#1448,#1446,#785,.T.);
#1846=EDGE_CURVE('',#1447,#1448,#786,.T.);
#1847=EDGE_CURVE('',#1449,#1447,#787,.T.);
#1848=EDGE_CURVE('',#1450,#1448,#788,.T.);
#1849=EDGE_CURVE('',#1449,#1450,#789,.T.);
#1850=EDGE_CURVE('',#1451,#1449,#790,.T.);
#1851=EDGE_CURVE('',#1452,#1450,#791,.T.);
#1852=EDGE_CURVE('',#1451,#1452,#792,.T.);
#1853=EDGE_CURVE('',#1453,#1451,#793,.T.);
#1854=EDGE_CURVE('',#1454,#1452,#794,.T.);
#1855=EDGE_CURVE('',#1453,#1454,#795,.T.);
#1856=EDGE_CURVE('',#1440,#1453,#796,.T.);
#1857=EDGE_CURVE('',#1441,#1454,#797,.T.);
#1858=EDGE_CURVE('',#1455,#1456,#123,.T.);
#1859=EDGE_CURVE('',#1456,#1457,#798,.T.);
#1860=EDGE_CURVE('',#1458,#1457,#124,.T.);
#1861=EDGE_CURVE('',#1455,#1458,#799,.T.);
#1862=EDGE_CURVE('',#1459,#1455,#800,.T.);
#1863=EDGE_CURVE('',#1460,#1458,#801,.T.);
#1864=EDGE_CURVE('',#1459,#1460,#802,.T.);
#1865=EDGE_CURVE('',#1461,#1459,#803,.T.);
#1866=EDGE_CURVE('',#1462,#1460,#804,.T.);
#1867=EDGE_CURVE('',#1461,#1462,#805,.T.);
#1868=EDGE_CURVE('',#1463,#1461,#125,.T.);
#1869=EDGE_CURVE('',#1464,#1462,#126,.T.);
#1870=EDGE_CURVE('',#1463,#1464,#806,.T.);
#1871=EDGE_CURVE('',#1465,#1463,#127,.T.);
#1872=EDGE_CURVE('',#1466,#1464,#128,.T.);
#1873=EDGE_CURVE('',#1465,#1466,#807,.T.);
#1874=EDGE_CURVE('',#1467,#1465,#808,.T.);
#1875=EDGE_CURVE('',#1468,#1466,#809,.T.);
#1876=EDGE_CURVE('',#1467,#1468,#810,.T.);
#1877=EDGE_CURVE('',#1469,#1467,#811,.T.);
#1878=EDGE_CURVE('',#1470,#1468,#812,.T.);
#1879=EDGE_CURVE('',#1469,#1470,#813,.T.);
#1880=EDGE_CURVE('',#1471,#1469,#1217,.T.);
#1881=EDGE_CURVE('',#1472,#1470,#1218,.T.);
#1882=EDGE_CURVE('',#1471,#1472,#814,.T.);
#1883=EDGE_CURVE('',#1473,#1471,#1219,.T.);
#1884=EDGE_CURVE('',#1474,#1472,#1220,.T.);
#1885=EDGE_CURVE('',#1473,#1474,#815,.T.);
#1886=EDGE_CURVE('',#1475,#1473,#816,.T.);
#1887=EDGE_CURVE('',#1476,#1474,#817,.T.);
#1888=EDGE_CURVE('',#1475,#1476,#818,.T.);
#1889=EDGE_CURVE('',#1477,#1475,#819,.T.);
#1890=EDGE_CURVE('',#1478,#1476,#820,.T.);
#1891=EDGE_CURVE('',#1477,#1478,#821,.T.);
#1892=EDGE_CURVE('',#1479,#1477,#822,.T.);
#1893=EDGE_CURVE('',#1480,#1478,#823,.T.);
#1894=EDGE_CURVE('',#1479,#1480,#824,.T.);
#1895=EDGE_CURVE('',#1481,#1479,#825,.T.);
#1896=EDGE_CURVE('',#1482,#1480,#826,.T.);
#1897=EDGE_CURVE('',#1481,#1482,#827,.T.);
#1898=EDGE_CURVE('',#1483,#1481,#828,.T.);
#1899=EDGE_CURVE('',#1484,#1482,#829,.T.);
#1900=EDGE_CURVE('',#1483,#1484,#830,.T.);
#1901=EDGE_CURVE('',#1485,#1483,#831,.T.);
#1902=EDGE_CURVE('',#1486,#1484,#832,.T.);
#1903=EDGE_CURVE('',#1485,#1486,#833,.T.);
#1904=EDGE_CURVE('',#1487,#1485,#834,.T.);
#1905=EDGE_CURVE('',#1488,#1486,#835,.T.);
#1906=EDGE_CURVE('',#1487,#1488,#836,.T.);
#1907=EDGE_CURVE('',#1489,#1487,#837,.T.);
#1908=EDGE_CURVE('',#1490,#1488,#838,.T.);
#1909=EDGE_CURVE('',#1489,#1490,#839,.T.);
#1910=EDGE_CURVE('',#1491,#1489,#840,.T.);
#1911=EDGE_CURVE('',#1492,#1490,#841,.T.);
#1912=EDGE_CURVE('',#1491,#1492,#842,.T.);
#1913=EDGE_CURVE('',#1493,#1491,#843,.T.);
#1914=EDGE_CURVE('',#1494,#1492,#844,.T.);
#1915=EDGE_CURVE('',#1493,#1494,#845,.T.);
#1916=EDGE_CURVE('',#1495,#1493,#846,.T.);
#1917=EDGE_CURVE('',#1496,#1494,#847,.T.);
#1918=EDGE_CURVE('',#1495,#1496,#848,.T.);
#1919=EDGE_CURVE('',#1497,#1495,#1221,.T.);
#1920=EDGE_CURVE('',#1498,#1496,#1222,.T.);
#1921=EDGE_CURVE('',#1497,#1498,#849,.T.);
#1922=EDGE_CURVE('',#1499,#1497,#1223,.T.);
#1923=EDGE_CURVE('',#1500,#1498,#1224,.T.);
#1924=EDGE_CURVE('',#1499,#1500,#850,.T.);
#1925=EDGE_CURVE('',#1501,#1499,#851,.T.);
#1926=EDGE_CURVE('',#1502,#1500,#852,.T.);
#1927=EDGE_CURVE('',#1501,#1502,#853,.T.);
#1928=EDGE_CURVE('',#1503,#1501,#854,.T.);
#1929=EDGE_CURVE('',#1504,#1502,#855,.T.);
#1930=EDGE_CURVE('',#1503,#1504,#856,.T.);
#1931=EDGE_CURVE('',#1505,#1503,#129,.T.);
#1932=EDGE_CURVE('',#1506,#1504,#130,.T.);
#1933=EDGE_CURVE('',#1505,#1506,#857,.T.);
#1934=EDGE_CURVE('',#1507,#1505,#131,.T.);
#1935=EDGE_CURVE('',#1508,#1506,#132,.T.);
#1936=EDGE_CURVE('',#1507,#1508,#858,.T.);
#1937=EDGE_CURVE('',#1509,#1507,#859,.T.);
#1938=EDGE_CURVE('',#1510,#1508,#860,.T.);
#1939=EDGE_CURVE('',#1509,#1510,#861,.T.);
#1940=EDGE_CURVE('',#1511,#1509,#862,.T.);
#1941=EDGE_CURVE('',#1512,#1510,#863,.T.);
#1942=EDGE_CURVE('',#1511,#1512,#864,.T.);
#1943=EDGE_CURVE('',#1456,#1511,#133,.T.);
#1944=EDGE_CURVE('',#1457,#1512,#134,.T.);
#1945=ORIENTED_EDGE('',*,*,#1513,.T.);
#1946=ORIENTED_EDGE('',*,*,#1514,.T.);
#1947=ORIENTED_EDGE('',*,*,#1515,.T.);
#1948=ORIENTED_EDGE('',*,*,#1516,.T.);
#1949=ORIENTED_EDGE('',*,*,#1514,.F.);
#1950=ORIENTED_EDGE('',*,*,#1517,.T.);
#1951=ORIENTED_EDGE('',*,*,#1518,.F.);
#1952=ORIENTED_EDGE('',*,*,#1519,.F.);
#1953=ORIENTED_EDGE('',*,*,#1520,.T.);
#1954=ORIENTED_EDGE('',*,*,#1518,.T.);
#1955=ORIENTED_EDGE('',*,*,#1521,.T.);
#1956=ORIENTED_EDGE('',*,*,#1522,.T.);
#1957=ORIENTED_EDGE('',*,*,#1522,.F.);
#1958=ORIENTED_EDGE('',*,*,#1523,.T.);
#1959=ORIENTED_EDGE('',*,*,#1524,.F.);
#1960=ORIENTED_EDGE('',*,*,#1525,.F.);
#1961=ORIENTED_EDGE('',*,*,#1521,.F.);
#1962=ORIENTED_EDGE('',*,*,#1517,.F.);
#1963=ORIENTED_EDGE('',*,*,#1513,.F.);
#1964=ORIENTED_EDGE('',*,*,#1526,.F.);
#1965=ORIENTED_EDGE('',*,*,#1527,.F.);
#1966=ORIENTED_EDGE('',*,*,#1528,.F.);
#1967=ORIENTED_EDGE('',*,*,#1529,.F.);
#1968=ORIENTED_EDGE('',*,*,#1530,.F.);
#1969=ORIENTED_EDGE('',*,*,#1531,.F.);
#1970=ORIENTED_EDGE('',*,*,#1532,.F.);
#1971=ORIENTED_EDGE('',*,*,#1533,.F.);
#1972=ORIENTED_EDGE('',*,*,#1534,.F.);
#1973=ORIENTED_EDGE('',*,*,#1535,.F.);
#1974=ORIENTED_EDGE('',*,*,#1536,.F.);
#1975=ORIENTED_EDGE('',*,*,#1537,.F.);
#1976=ORIENTED_EDGE('',*,*,#1538,.F.);
#1977=ORIENTED_EDGE('',*,*,#1539,.F.);
#1978=ORIENTED_EDGE('',*,*,#1540,.F.);
#1979=ORIENTED_EDGE('',*,*,#1541,.F.);
#1980=ORIENTED_EDGE('',*,*,#1542,.F.);
#1981=ORIENTED_EDGE('',*,*,#1543,.F.);
#1982=ORIENTED_EDGE('',*,*,#1544,.F.);
#1983=ORIENTED_EDGE('',*,*,#1545,.F.);
#1984=ORIENTED_EDGE('',*,*,#1546,.F.);
#1985=ORIENTED_EDGE('',*,*,#1547,.F.);
#1986=ORIENTED_EDGE('',*,*,#1548,.F.);
#1987=ORIENTED_EDGE('',*,*,#1549,.F.);
#1988=ORIENTED_EDGE('',*,*,#1550,.F.);
#1989=ORIENTED_EDGE('',*,*,#1551,.F.);
#1990=ORIENTED_EDGE('',*,*,#1552,.F.);
#1991=ORIENTED_EDGE('',*,*,#1553,.F.);
#1992=ORIENTED_EDGE('',*,*,#1554,.F.);
#1993=ORIENTED_EDGE('',*,*,#1555,.F.);
#1994=ORIENTED_EDGE('',*,*,#1556,.F.);
#1995=ORIENTED_EDGE('',*,*,#1557,.F.);
#1996=ORIENTED_EDGE('',*,*,#1558,.F.);
#1997=ORIENTED_EDGE('',*,*,#1559,.F.);
#1998=ORIENTED_EDGE('',*,*,#1560,.F.);
#1999=ORIENTED_EDGE('',*,*,#1561,.F.);
#2000=ORIENTED_EDGE('',*,*,#1562,.F.);
#2001=ORIENTED_EDGE('',*,*,#1563,.F.);
#2002=ORIENTED_EDGE('',*,*,#1564,.F.);
#2003=ORIENTED_EDGE('',*,*,#1565,.F.);
#2004=ORIENTED_EDGE('',*,*,#1566,.F.);
#2005=ORIENTED_EDGE('',*,*,#1567,.F.);
#2006=ORIENTED_EDGE('',*,*,#1568,.F.);
#2007=ORIENTED_EDGE('',*,*,#1569,.F.);
#2008=ORIENTED_EDGE('',*,*,#1570,.F.);
#2009=ORIENTED_EDGE('',*,*,#1571,.F.);
#2010=ORIENTED_EDGE('',*,*,#1572,.F.);
#2011=ORIENTED_EDGE('',*,*,#1573,.F.);
#2012=ORIENTED_EDGE('',*,*,#1574,.F.);
#2013=ORIENTED_EDGE('',*,*,#1575,.F.);
#2014=ORIENTED_EDGE('',*,*,#1576,.F.);
#2015=ORIENTED_EDGE('',*,*,#1577,.F.);
#2016=ORIENTED_EDGE('',*,*,#1578,.F.);
#2017=ORIENTED_EDGE('',*,*,#1579,.F.);
#2018=ORIENTED_EDGE('',*,*,#1580,.F.);
#2019=ORIENTED_EDGE('',*,*,#1581,.F.);
#2020=ORIENTED_EDGE('',*,*,#1582,.F.);
#2021=ORIENTED_EDGE('',*,*,#1583,.F.);
#2022=ORIENTED_EDGE('',*,*,#1523,.F.);
#2023=ORIENTED_EDGE('',*,*,#1548,.T.);
#2024=ORIENTED_EDGE('',*,*,#1584,.T.);
#2025=ORIENTED_EDGE('',*,*,#1585,.T.);
#2026=ORIENTED_EDGE('',*,*,#1586,.T.);
#2027=ORIENTED_EDGE('',*,*,#1584,.F.);
#2028=ORIENTED_EDGE('',*,*,#1547,.T.);
#2029=ORIENTED_EDGE('',*,*,#1587,.T.);
#2030=ORIENTED_EDGE('',*,*,#1588,.F.);
#2031=ORIENTED_EDGE('',*,*,#1589,.T.);
#2032=ORIENTED_EDGE('',*,*,#1590,.T.);
#2033=ORIENTED_EDGE('',*,*,#1550,.T.);
#2034=ORIENTED_EDGE('',*,*,#1591,.T.);
#2035=ORIENTED_EDGE('',*,*,#1590,.F.);
#2036=ORIENTED_EDGE('',*,*,#1592,.F.);
#2037=ORIENTED_EDGE('',*,*,#1593,.F.);
#2038=ORIENTED_EDGE('',*,*,#1551,.T.);
#2039=ORIENTED_EDGE('',*,*,#1520,.F.);
#2040=ORIENTED_EDGE('',*,*,#1525,.T.);
#2041=ORIENTED_EDGE('',*,*,#1594,.F.);
#2042=ORIENTED_EDGE('',*,*,#1595,.F.);
#2043=ORIENTED_EDGE('',*,*,#1596,.F.);
#2044=ORIENTED_EDGE('',*,*,#1597,.T.);
#2045=ORIENTED_EDGE('',*,*,#1598,.T.);
#2046=ORIENTED_EDGE('',*,*,#1599,.T.);
#2047=ORIENTED_EDGE('',*,*,#1600,.T.);
#2048=ORIENTED_EDGE('',*,*,#1601,.T.);
#2049=ORIENTED_EDGE('',*,*,#1602,.T.);
#2050=ORIENTED_EDGE('',*,*,#1603,.T.);
#2051=ORIENTED_EDGE('',*,*,#1604,.T.);
#2052=ORIENTED_EDGE('',*,*,#1605,.T.);
#2053=ORIENTED_EDGE('',*,*,#1606,.T.);
#2054=ORIENTED_EDGE('',*,*,#1607,.T.);
#2055=ORIENTED_EDGE('',*,*,#1608,.T.);
#2056=ORIENTED_EDGE('',*,*,#1609,.T.);
#2057=ORIENTED_EDGE('',*,*,#1610,.T.);
#2058=ORIENTED_EDGE('',*,*,#1611,.T.);
#2059=ORIENTED_EDGE('',*,*,#1612,.T.);
#2060=ORIENTED_EDGE('',*,*,#1613,.T.);
#2061=ORIENTED_EDGE('',*,*,#1614,.T.);
#2062=ORIENTED_EDGE('',*,*,#1615,.T.);
#2063=ORIENTED_EDGE('',*,*,#1616,.T.);
#2064=ORIENTED_EDGE('',*,*,#1617,.T.);
#2065=ORIENTED_EDGE('',*,*,#1618,.T.);
#2066=ORIENTED_EDGE('',*,*,#1619,.T.);
#2067=ORIENTED_EDGE('',*,*,#1620,.T.);
#2068=ORIENTED_EDGE('',*,*,#1621,.T.);
#2069=ORIENTED_EDGE('',*,*,#1622,.T.);
#2070=ORIENTED_EDGE('',*,*,#1623,.F.);
#2071=ORIENTED_EDGE('',*,*,#1624,.F.);
#2072=ORIENTED_EDGE('',*,*,#1625,.F.);
#2073=ORIENTED_EDGE('',*,*,#1592,.T.);
#2074=ORIENTED_EDGE('',*,*,#1589,.F.);
#2075=ORIENTED_EDGE('',*,*,#1626,.T.);
#2076=ORIENTED_EDGE('',*,*,#1585,.F.);
#2077=ORIENTED_EDGE('',*,*,#1588,.T.);
#2078=ORIENTED_EDGE('',*,*,#1627,.T.);
#2079=ORIENTED_EDGE('',*,*,#1628,.F.);
#2080=ORIENTED_EDGE('',*,*,#1629,.T.);
#2081=ORIENTED_EDGE('',*,*,#1630,.F.);
#2082=ORIENTED_EDGE('',*,*,#1631,.T.);
#2083=ORIENTED_EDGE('',*,*,#1632,.T.);
#2084=ORIENTED_EDGE('',*,*,#1633,.T.);
#2085=ORIENTED_EDGE('',*,*,#1634,.T.);
#2086=ORIENTED_EDGE('',*,*,#1635,.T.);
#2087=ORIENTED_EDGE('',*,*,#1636,.T.);
#2088=ORIENTED_EDGE('',*,*,#1637,.T.);
#2089=ORIENTED_EDGE('',*,*,#1638,.T.);
#2090=ORIENTED_EDGE('',*,*,#1639,.T.);
#2091=ORIENTED_EDGE('',*,*,#1640,.T.);
#2092=ORIENTED_EDGE('',*,*,#1641,.T.);
#2093=ORIENTED_EDGE('',*,*,#1642,.T.);
#2094=ORIENTED_EDGE('',*,*,#1643,.F.);
#2095=ORIENTED_EDGE('',*,*,#1644,.T.);
#2096=ORIENTED_EDGE('',*,*,#1645,.F.);
#2097=ORIENTED_EDGE('',*,*,#1646,.T.);
#2098=ORIENTED_EDGE('',*,*,#1647,.T.);
#2099=ORIENTED_EDGE('',*,*,#1515,.F.);
#2100=ORIENTED_EDGE('',*,*,#1519,.T.);
#2101=ORIENTED_EDGE('',*,*,#1625,.T.);
#2102=ORIENTED_EDGE('',*,*,#1648,.T.);
#2103=ORIENTED_EDGE('',*,*,#1552,.T.);
#2104=ORIENTED_EDGE('',*,*,#1593,.T.);
#2105=ORIENTED_EDGE('',*,*,#1648,.F.);
#2106=ORIENTED_EDGE('',*,*,#1624,.T.);
#2107=ORIENTED_EDGE('',*,*,#1649,.F.);
#2108=ORIENTED_EDGE('',*,*,#1553,.T.);
#2109=ORIENTED_EDGE('',*,*,#1554,.T.);
#2110=ORIENTED_EDGE('',*,*,#1649,.T.);
#2111=ORIENTED_EDGE('',*,*,#1623,.T.);
#2112=ORIENTED_EDGE('',*,*,#1650,.F.);
#2113=ORIENTED_EDGE('',*,*,#1596,.T.);
#2114=ORIENTED_EDGE('',*,*,#1651,.T.);
#2115=ORIENTED_EDGE('',*,*,#1581,.T.);
#2116=ORIENTED_EDGE('',*,*,#1652,.T.);
#2117=ORIENTED_EDGE('',*,*,#1651,.F.);
#2118=ORIENTED_EDGE('',*,*,#1595,.T.);
#2119=ORIENTED_EDGE('',*,*,#1653,.F.);
#2120=ORIENTED_EDGE('',*,*,#1582,.T.);
#2121=ORIENTED_EDGE('',*,*,#1583,.T.);
#2122=ORIENTED_EDGE('',*,*,#1653,.T.);
#2123=ORIENTED_EDGE('',*,*,#1594,.T.);
#2124=ORIENTED_EDGE('',*,*,#1524,.T.);
#2125=ORIENTED_EDGE('',*,*,#1645,.T.);
#2126=ORIENTED_EDGE('',*,*,#1654,.T.);
#2127=ORIENTED_EDGE('',*,*,#1528,.T.);
#2128=ORIENTED_EDGE('',*,*,#1655,.T.);
#2129=ORIENTED_EDGE('',*,*,#1654,.F.);
#2130=ORIENTED_EDGE('',*,*,#1644,.F.);
#2131=ORIENTED_EDGE('',*,*,#1656,.F.);
#2132=ORIENTED_EDGE('',*,*,#1529,.T.);
#2133=ORIENTED_EDGE('',*,*,#1643,.T.);
#2134=ORIENTED_EDGE('',*,*,#1657,.T.);
#2135=ORIENTED_EDGE('',*,*,#1530,.T.);
#2136=ORIENTED_EDGE('',*,*,#1656,.T.);
#2137=ORIENTED_EDGE('',*,*,#1628,.T.);
#2138=ORIENTED_EDGE('',*,*,#1658,.T.);
#2139=ORIENTED_EDGE('',*,*,#1545,.T.);
#2140=ORIENTED_EDGE('',*,*,#1659,.T.);
#2141=ORIENTED_EDGE('',*,*,#1659,.F.);
#2142=ORIENTED_EDGE('',*,*,#1544,.T.);
#2143=ORIENTED_EDGE('',*,*,#1660,.F.);
#2144=ORIENTED_EDGE('',*,*,#1629,.F.);
#2145=ORIENTED_EDGE('',*,*,#1630,.T.);
#2146=ORIENTED_EDGE('',*,*,#1660,.T.);
#2147=ORIENTED_EDGE('',*,*,#1543,.T.);
#2148=ORIENTED_EDGE('',*,*,#1661,.T.);
#2149=ORIENTED_EDGE('',*,*,#1560,.T.);
#2150=ORIENTED_EDGE('',*,*,#1662,.T.);
#2151=ORIENTED_EDGE('',*,*,#1617,.F.);
#2152=ORIENTED_EDGE('',*,*,#1663,.F.);
#2153=ORIENTED_EDGE('',*,*,#1561,.T.);
#2154=ORIENTED_EDGE('',*,*,#1663,.T.);
#2155=ORIENTED_EDGE('',*,*,#1616,.F.);
#2156=ORIENTED_EDGE('',*,*,#1664,.F.);
#2157=ORIENTED_EDGE('',*,*,#1562,.T.);
#2158=ORIENTED_EDGE('',*,*,#1664,.T.);
#2159=ORIENTED_EDGE('',*,*,#1615,.F.);
#2160=ORIENTED_EDGE('',*,*,#1665,.F.);
#2161=ORIENTED_EDGE('',*,*,#1563,.T.);
#2162=ORIENTED_EDGE('',*,*,#1665,.T.);
#2163=ORIENTED_EDGE('',*,*,#1614,.F.);
#2164=ORIENTED_EDGE('',*,*,#1666,.F.);
#2165=ORIENTED_EDGE('',*,*,#1564,.T.);
#2166=ORIENTED_EDGE('',*,*,#1666,.T.);
#2167=ORIENTED_EDGE('',*,*,#1613,.F.);
#2168=ORIENTED_EDGE('',*,*,#1667,.F.);
#2169=ORIENTED_EDGE('',*,*,#1565,.T.);
#2170=ORIENTED_EDGE('',*,*,#1667,.T.);
#2171=ORIENTED_EDGE('',*,*,#1612,.F.);
#2172=ORIENTED_EDGE('',*,*,#1668,.F.);
#2173=ORIENTED_EDGE('',*,*,#1566,.T.);
#2174=ORIENTED_EDGE('',*,*,#1668,.T.);
#2175=ORIENTED_EDGE('',*,*,#1611,.F.);
#2176=ORIENTED_EDGE('',*,*,#1669,.F.);
#2177=ORIENTED_EDGE('',*,*,#1567,.T.);
#2178=ORIENTED_EDGE('',*,*,#1669,.T.);
#2179=ORIENTED_EDGE('',*,*,#1610,.F.);
#2180=ORIENTED_EDGE('',*,*,#1670,.F.);
#2181=ORIENTED_EDGE('',*,*,#1568,.T.);
#2182=ORIENTED_EDGE('',*,*,#1670,.T.);
#2183=ORIENTED_EDGE('',*,*,#1609,.F.);
#2184=ORIENTED_EDGE('',*,*,#1671,.F.);
#2185=ORIENTED_EDGE('',*,*,#1569,.T.);
#2186=ORIENTED_EDGE('',*,*,#1671,.T.);
#2187=ORIENTED_EDGE('',*,*,#1608,.F.);
#2188=ORIENTED_EDGE('',*,*,#1672,.F.);
#2189=ORIENTED_EDGE('',*,*,#1570,.T.);
#2190=ORIENTED_EDGE('',*,*,#1672,.T.);
#2191=ORIENTED_EDGE('',*,*,#1607,.F.);
#2192=ORIENTED_EDGE('',*,*,#1673,.F.);
#2193=ORIENTED_EDGE('',*,*,#1571,.T.);
#2194=ORIENTED_EDGE('',*,*,#1673,.T.);
#2195=ORIENTED_EDGE('',*,*,#1606,.F.);
#2196=ORIENTED_EDGE('',*,*,#1674,.F.);
#2197=ORIENTED_EDGE('',*,*,#1572,.T.);
#2198=ORIENTED_EDGE('',*,*,#1674,.T.);
#2199=ORIENTED_EDGE('',*,*,#1605,.F.);
#2200=ORIENTED_EDGE('',*,*,#1675,.F.);
#2201=ORIENTED_EDGE('',*,*,#1573,.T.);
#2202=ORIENTED_EDGE('',*,*,#1675,.T.);
#2203=ORIENTED_EDGE('',*,*,#1604,.F.);
#2204=ORIENTED_EDGE('',*,*,#1676,.F.);
#2205=ORIENTED_EDGE('',*,*,#1574,.T.);
#2206=ORIENTED_EDGE('',*,*,#1676,.T.);
#2207=ORIENTED_EDGE('',*,*,#1603,.F.);
#2208=ORIENTED_EDGE('',*,*,#1677,.F.);
#2209=ORIENTED_EDGE('',*,*,#1575,.T.);
#2210=ORIENTED_EDGE('',*,*,#1677,.T.);
#2211=ORIENTED_EDGE('',*,*,#1602,.F.);
#2212=ORIENTED_EDGE('',*,*,#1678,.F.);
#2213=ORIENTED_EDGE('',*,*,#1576,.T.);
#2214=ORIENTED_EDGE('',*,*,#1678,.T.);
#2215=ORIENTED_EDGE('',*,*,#1601,.F.);
#2216=ORIENTED_EDGE('',*,*,#1679,.F.);
#2217=ORIENTED_EDGE('',*,*,#1577,.T.);
#2218=ORIENTED_EDGE('',*,*,#1679,.T.);
#2219=ORIENTED_EDGE('',*,*,#1600,.F.);
#2220=ORIENTED_EDGE('',*,*,#1680,.F.);
#2221=ORIENTED_EDGE('',*,*,#1578,.T.);
#2222=ORIENTED_EDGE('',*,*,#1680,.T.);
#2223=ORIENTED_EDGE('',*,*,#1599,.F.);
#2224=ORIENTED_EDGE('',*,*,#1681,.F.);
#2225=ORIENTED_EDGE('',*,*,#1579,.T.);
#2226=ORIENTED_EDGE('',*,*,#1681,.T.);
#2227=ORIENTED_EDGE('',*,*,#1598,.F.);
#2228=ORIENTED_EDGE('',*,*,#1682,.F.);
#2229=ORIENTED_EDGE('',*,*,#1580,.T.);
#2230=ORIENTED_EDGE('',*,*,#1682,.T.);
#2231=ORIENTED_EDGE('',*,*,#1597,.F.);
#2232=ORIENTED_EDGE('',*,*,#1652,.F.);
#2233=ORIENTED_EDGE('',*,*,#1516,.F.);
#2234=ORIENTED_EDGE('',*,*,#1647,.F.);
#2235=ORIENTED_EDGE('',*,*,#1683,.F.);
#2236=ORIENTED_EDGE('',*,*,#1526,.T.);
#2237=ORIENTED_EDGE('',*,*,#1655,.F.);
#2238=ORIENTED_EDGE('',*,*,#1527,.T.);
#2239=ORIENTED_EDGE('',*,*,#1683,.T.);
#2240=ORIENTED_EDGE('',*,*,#1646,.F.);
#2241=ORIENTED_EDGE('',*,*,#1657,.F.);
#2242=ORIENTED_EDGE('',*,*,#1642,.F.);
#2243=ORIENTED_EDGE('',*,*,#1684,.F.);
#2244=ORIENTED_EDGE('',*,*,#1531,.T.);
#2245=ORIENTED_EDGE('',*,*,#1532,.T.);
#2246=ORIENTED_EDGE('',*,*,#1684,.T.);
#2247=ORIENTED_EDGE('',*,*,#1641,.F.);
#2248=ORIENTED_EDGE('',*,*,#1685,.F.);
#2249=ORIENTED_EDGE('',*,*,#1533,.T.);
#2250=ORIENTED_EDGE('',*,*,#1685,.T.);
#2251=ORIENTED_EDGE('',*,*,#1640,.F.);
#2252=ORIENTED_EDGE('',*,*,#1686,.F.);
#2253=ORIENTED_EDGE('',*,*,#1534,.T.);
#2254=ORIENTED_EDGE('',*,*,#1686,.T.);
#2255=ORIENTED_EDGE('',*,*,#1639,.F.);
#2256=ORIENTED_EDGE('',*,*,#1687,.F.);
#2257=ORIENTED_EDGE('',*,*,#1535,.T.);
#2258=ORIENTED_EDGE('',*,*,#1687,.T.);
#2259=ORIENTED_EDGE('',*,*,#1638,.F.);
#2260=ORIENTED_EDGE('',*,*,#1688,.F.);
#2261=ORIENTED_EDGE('',*,*,#1536,.T.);
#2262=ORIENTED_EDGE('',*,*,#1688,.T.);
#2263=ORIENTED_EDGE('',*,*,#1637,.F.);
#2264=ORIENTED_EDGE('',*,*,#1689,.F.);
#2265=ORIENTED_EDGE('',*,*,#1537,.T.);
#2266=ORIENTED_EDGE('',*,*,#1689,.T.);
#2267=ORIENTED_EDGE('',*,*,#1636,.F.);
#2268=ORIENTED_EDGE('',*,*,#1690,.F.);
#2269=ORIENTED_EDGE('',*,*,#1538,.T.);
#2270=ORIENTED_EDGE('',*,*,#1690,.T.);
#2271=ORIENTED_EDGE('',*,*,#1635,.F.);
#2272=ORIENTED_EDGE('',*,*,#1691,.F.);
#2273=ORIENTED_EDGE('',*,*,#1539,.T.);
#2274=ORIENTED_EDGE('',*,*,#1691,.T.);
#2275=ORIENTED_EDGE('',*,*,#1634,.F.);
#2276=ORIENTED_EDGE('',*,*,#1692,.F.);
#2277=ORIENTED_EDGE('',*,*,#1540,.T.);
#2278=ORIENTED_EDGE('',*,*,#1692,.T.);
#2279=ORIENTED_EDGE('',*,*,#1633,.F.);
#2280=ORIENTED_EDGE('',*,*,#1693,.F.);
#2281=ORIENTED_EDGE('',*,*,#1541,.T.);
#2282=ORIENTED_EDGE('',*,*,#1693,.T.);
#2283=ORIENTED_EDGE('',*,*,#1632,.F.);
#2284=ORIENTED_EDGE('',*,*,#1694,.F.);
#2285=ORIENTED_EDGE('',*,*,#1661,.F.);
#2286=ORIENTED_EDGE('',*,*,#1542,.T.);
#2287=ORIENTED_EDGE('',*,*,#1694,.T.);
#2288=ORIENTED_EDGE('',*,*,#1631,.F.);
#2289=ORIENTED_EDGE('',*,*,#1658,.F.);
#2290=ORIENTED_EDGE('',*,*,#1627,.F.);
#2291=ORIENTED_EDGE('',*,*,#1587,.F.);
#2292=ORIENTED_EDGE('',*,*,#1546,.T.);
#2293=ORIENTED_EDGE('',*,*,#1586,.F.);
#2294=ORIENTED_EDGE('',*,*,#1626,.F.);
#2295=ORIENTED_EDGE('',*,*,#1591,.F.);
#2296=ORIENTED_EDGE('',*,*,#1549,.T.);
#2297=ORIENTED_EDGE('',*,*,#1555,.T.);
#2298=ORIENTED_EDGE('',*,*,#1650,.T.);
#2299=ORIENTED_EDGE('',*,*,#1622,.F.);
#2300=ORIENTED_EDGE('',*,*,#1695,.F.);
#2301=ORIENTED_EDGE('',*,*,#1556,.T.);
#2302=ORIENTED_EDGE('',*,*,#1695,.T.);
#2303=ORIENTED_EDGE('',*,*,#1621,.F.);
#2304=ORIENTED_EDGE('',*,*,#1696,.F.);
#2305=ORIENTED_EDGE('',*,*,#1557,.T.);
#2306=ORIENTED_EDGE('',*,*,#1696,.T.);
#2307=ORIENTED_EDGE('',*,*,#1620,.F.);
#2308=ORIENTED_EDGE('',*,*,#1697,.F.);
#2309=ORIENTED_EDGE('',*,*,#1558,.T.);
#2310=ORIENTED_EDGE('',*,*,#1697,.T.);
#2311=ORIENTED_EDGE('',*,*,#1619,.F.);
#2312=ORIENTED_EDGE('',*,*,#1698,.F.);
#2313=ORIENTED_EDGE('',*,*,#1559,.T.);
#2314=ORIENTED_EDGE('',*,*,#1698,.T.);
#2315=ORIENTED_EDGE('',*,*,#1618,.F.);
#2316=ORIENTED_EDGE('',*,*,#1662,.F.);
#2317=ORIENTED_EDGE('',*,*,#1699,.T.);
#2318=ORIENTED_EDGE('',*,*,#1700,.T.);
#2319=ORIENTED_EDGE('',*,*,#1701,.F.);
#2320=ORIENTED_EDGE('',*,*,#1702,.F.);
#2321=ORIENTED_EDGE('',*,*,#1703,.T.);
#2322=ORIENTED_EDGE('',*,*,#1702,.T.);
#2323=ORIENTED_EDGE('',*,*,#1704,.F.);
#2324=ORIENTED_EDGE('',*,*,#1705,.F.);
#2325=ORIENTED_EDGE('',*,*,#1706,.T.);
#2326=ORIENTED_EDGE('',*,*,#1705,.T.);
#2327=ORIENTED_EDGE('',*,*,#1707,.F.);
#2328=ORIENTED_EDGE('',*,*,#1708,.F.);
#2329=ORIENTED_EDGE('',*,*,#1709,.T.);
#2330=ORIENTED_EDGE('',*,*,#1708,.T.);
#2331=ORIENTED_EDGE('',*,*,#1710,.F.);
#2332=ORIENTED_EDGE('',*,*,#1711,.F.);
#2333=ORIENTED_EDGE('',*,*,#1712,.T.);
#2334=ORIENTED_EDGE('',*,*,#1711,.T.);
#2335=ORIENTED_EDGE('',*,*,#1713,.F.);
#2336=ORIENTED_EDGE('',*,*,#1714,.F.);
#2337=ORIENTED_EDGE('',*,*,#1715,.T.);
#2338=ORIENTED_EDGE('',*,*,#1714,.T.);
#2339=ORIENTED_EDGE('',*,*,#1716,.F.);
#2340=ORIENTED_EDGE('',*,*,#1717,.F.);
#2341=ORIENTED_EDGE('',*,*,#1718,.T.);
#2342=ORIENTED_EDGE('',*,*,#1717,.T.);
#2343=ORIENTED_EDGE('',*,*,#1719,.F.);
#2344=ORIENTED_EDGE('',*,*,#1720,.F.);
#2345=ORIENTED_EDGE('',*,*,#1721,.T.);
#2346=ORIENTED_EDGE('',*,*,#1720,.T.);
#2347=ORIENTED_EDGE('',*,*,#1722,.F.);
#2348=ORIENTED_EDGE('',*,*,#1723,.F.);
#2349=ORIENTED_EDGE('',*,*,#1724,.T.);
#2350=ORIENTED_EDGE('',*,*,#1723,.T.);
#2351=ORIENTED_EDGE('',*,*,#1725,.F.);
#2352=ORIENTED_EDGE('',*,*,#1726,.F.);
#2353=ORIENTED_EDGE('',*,*,#1727,.T.);
#2354=ORIENTED_EDGE('',*,*,#1726,.T.);
#2355=ORIENTED_EDGE('',*,*,#1728,.F.);
#2356=ORIENTED_EDGE('',*,*,#1729,.F.);
#2357=ORIENTED_EDGE('',*,*,#1730,.T.);
#2358=ORIENTED_EDGE('',*,*,#1729,.T.);
#2359=ORIENTED_EDGE('',*,*,#1731,.F.);
#2360=ORIENTED_EDGE('',*,*,#1732,.F.);
#2361=ORIENTED_EDGE('',*,*,#1733,.T.);
#2362=ORIENTED_EDGE('',*,*,#1732,.T.);
#2363=ORIENTED_EDGE('',*,*,#1734,.F.);
#2364=ORIENTED_EDGE('',*,*,#1735,.F.);
#2365=ORIENTED_EDGE('',*,*,#1736,.T.);
#2366=ORIENTED_EDGE('',*,*,#1735,.T.);
#2367=ORIENTED_EDGE('',*,*,#1737,.F.);
#2368=ORIENTED_EDGE('',*,*,#1738,.F.);
#2369=ORIENTED_EDGE('',*,*,#1739,.T.);
#2370=ORIENTED_EDGE('',*,*,#1738,.T.);
#2371=ORIENTED_EDGE('',*,*,#1740,.F.);
#2372=ORIENTED_EDGE('',*,*,#1741,.F.);
#2373=ORIENTED_EDGE('',*,*,#1742,.T.);
#2374=ORIENTED_EDGE('',*,*,#1741,.T.);
#2375=ORIENTED_EDGE('',*,*,#1743,.F.);
#2376=ORIENTED_EDGE('',*,*,#1744,.F.);
#2377=ORIENTED_EDGE('',*,*,#1745,.T.);
#2378=ORIENTED_EDGE('',*,*,#1744,.T.);
#2379=ORIENTED_EDGE('',*,*,#1746,.F.);
#2380=ORIENTED_EDGE('',*,*,#1747,.F.);
#2381=ORIENTED_EDGE('',*,*,#1748,.T.);
#2382=ORIENTED_EDGE('',*,*,#1747,.T.);
#2383=ORIENTED_EDGE('',*,*,#1749,.F.);
#2384=ORIENTED_EDGE('',*,*,#1750,.F.);
#2385=ORIENTED_EDGE('',*,*,#1751,.T.);
#2386=ORIENTED_EDGE('',*,*,#1750,.T.);
#2387=ORIENTED_EDGE('',*,*,#1752,.F.);
#2388=ORIENTED_EDGE('',*,*,#1753,.F.);
#2389=ORIENTED_EDGE('',*,*,#1754,.T.);
#2390=ORIENTED_EDGE('',*,*,#1753,.T.);
#2391=ORIENTED_EDGE('',*,*,#1755,.F.);
#2392=ORIENTED_EDGE('',*,*,#1756,.F.);
#2393=ORIENTED_EDGE('',*,*,#1757,.T.);
#2394=ORIENTED_EDGE('',*,*,#1756,.T.);
#2395=ORIENTED_EDGE('',*,*,#1758,.F.);
#2396=ORIENTED_EDGE('',*,*,#1759,.F.);
#2397=ORIENTED_EDGE('',*,*,#1760,.T.);
#2398=ORIENTED_EDGE('',*,*,#1759,.T.);
#2399=ORIENTED_EDGE('',*,*,#1761,.F.);
#2400=ORIENTED_EDGE('',*,*,#1762,.F.);
#2401=ORIENTED_EDGE('',*,*,#1763,.T.);
#2402=ORIENTED_EDGE('',*,*,#1762,.T.);
#2403=ORIENTED_EDGE('',*,*,#1764,.F.);
#2404=ORIENTED_EDGE('',*,*,#1700,.F.);
#2405=ORIENTED_EDGE('',*,*,#1764,.T.);
#2406=ORIENTED_EDGE('',*,*,#1761,.T.);
#2407=ORIENTED_EDGE('',*,*,#1758,.T.);
#2408=ORIENTED_EDGE('',*,*,#1755,.T.);
#2409=ORIENTED_EDGE('',*,*,#1752,.T.);
#2410=ORIENTED_EDGE('',*,*,#1749,.T.);
#2411=ORIENTED_EDGE('',*,*,#1746,.T.);
#2412=ORIENTED_EDGE('',*,*,#1743,.T.);
#2413=ORIENTED_EDGE('',*,*,#1740,.T.);
#2414=ORIENTED_EDGE('',*,*,#1737,.T.);
#2415=ORIENTED_EDGE('',*,*,#1734,.T.);
#2416=ORIENTED_EDGE('',*,*,#1731,.T.);
#2417=ORIENTED_EDGE('',*,*,#1728,.T.);
#2418=ORIENTED_EDGE('',*,*,#1725,.T.);
#2419=ORIENTED_EDGE('',*,*,#1722,.T.);
#2420=ORIENTED_EDGE('',*,*,#1719,.T.);
#2421=ORIENTED_EDGE('',*,*,#1716,.T.);
#2422=ORIENTED_EDGE('',*,*,#1713,.T.);
#2423=ORIENTED_EDGE('',*,*,#1710,.T.);
#2424=ORIENTED_EDGE('',*,*,#1707,.T.);
#2425=ORIENTED_EDGE('',*,*,#1704,.T.);
#2426=ORIENTED_EDGE('',*,*,#1701,.T.);
#2427=ORIENTED_EDGE('',*,*,#1763,.F.);
#2428=ORIENTED_EDGE('',*,*,#1699,.F.);
#2429=ORIENTED_EDGE('',*,*,#1703,.F.);
#2430=ORIENTED_EDGE('',*,*,#1706,.F.);
#2431=ORIENTED_EDGE('',*,*,#1709,.F.);
#2432=ORIENTED_EDGE('',*,*,#1712,.F.);
#2433=ORIENTED_EDGE('',*,*,#1715,.F.);
#2434=ORIENTED_EDGE('',*,*,#1718,.F.);
#2435=ORIENTED_EDGE('',*,*,#1721,.F.);
#2436=ORIENTED_EDGE('',*,*,#1724,.F.);
#2437=ORIENTED_EDGE('',*,*,#1727,.F.);
#2438=ORIENTED_EDGE('',*,*,#1730,.F.);
#2439=ORIENTED_EDGE('',*,*,#1733,.F.);
#2440=ORIENTED_EDGE('',*,*,#1736,.F.);
#2441=ORIENTED_EDGE('',*,*,#1739,.F.);
#2442=ORIENTED_EDGE('',*,*,#1742,.F.);
#2443=ORIENTED_EDGE('',*,*,#1745,.F.);
#2444=ORIENTED_EDGE('',*,*,#1748,.F.);
#2445=ORIENTED_EDGE('',*,*,#1751,.F.);
#2446=ORIENTED_EDGE('',*,*,#1754,.F.);
#2447=ORIENTED_EDGE('',*,*,#1757,.F.);
#2448=ORIENTED_EDGE('',*,*,#1760,.F.);
#2449=ORIENTED_EDGE('',*,*,#1765,.T.);
#2450=ORIENTED_EDGE('',*,*,#1766,.T.);
#2451=ORIENTED_EDGE('',*,*,#1767,.F.);
#2452=ORIENTED_EDGE('',*,*,#1768,.F.);
#2453=ORIENTED_EDGE('',*,*,#1769,.T.);
#2454=ORIENTED_EDGE('',*,*,#1768,.T.);
#2455=ORIENTED_EDGE('',*,*,#1770,.F.);
#2456=ORIENTED_EDGE('',*,*,#1771,.F.);
#2457=ORIENTED_EDGE('',*,*,#1772,.T.);
#2458=ORIENTED_EDGE('',*,*,#1771,.T.);
#2459=ORIENTED_EDGE('',*,*,#1773,.F.);
#2460=ORIENTED_EDGE('',*,*,#1766,.F.);
#2461=ORIENTED_EDGE('',*,*,#1774,.T.);
#2462=ORIENTED_EDGE('',*,*,#1775,.T.);
#2463=ORIENTED_EDGE('',*,*,#1776,.F.);
#2464=ORIENTED_EDGE('',*,*,#1777,.F.);
#2465=ORIENTED_EDGE('',*,*,#1778,.T.);
#2466=ORIENTED_EDGE('',*,*,#1777,.T.);
#2467=ORIENTED_EDGE('',*,*,#1779,.F.);
#2468=ORIENTED_EDGE('',*,*,#1780,.F.);
#2469=ORIENTED_EDGE('',*,*,#1781,.T.);
#2470=ORIENTED_EDGE('',*,*,#1780,.T.);
#2471=ORIENTED_EDGE('',*,*,#1782,.F.);
#2472=ORIENTED_EDGE('',*,*,#1775,.F.);
#2473=ORIENTED_EDGE('',*,*,#1783,.T.);
#2474=ORIENTED_EDGE('',*,*,#1784,.T.);
#2475=ORIENTED_EDGE('',*,*,#1785,.F.);
#2476=ORIENTED_EDGE('',*,*,#1786,.F.);
#2477=ORIENTED_EDGE('',*,*,#1787,.T.);
#2478=ORIENTED_EDGE('',*,*,#1786,.T.);
#2479=ORIENTED_EDGE('',*,*,#1788,.F.);
#2480=ORIENTED_EDGE('',*,*,#1789,.F.);
#2481=ORIENTED_EDGE('',*,*,#1790,.T.);
#2482=ORIENTED_EDGE('',*,*,#1789,.T.);
#2483=ORIENTED_EDGE('',*,*,#1791,.F.);
#2484=ORIENTED_EDGE('',*,*,#1792,.F.);
#2485=ORIENTED_EDGE('',*,*,#1793,.T.);
#2486=ORIENTED_EDGE('',*,*,#1792,.T.);
#2487=ORIENTED_EDGE('',*,*,#1794,.F.);
#2488=ORIENTED_EDGE('',*,*,#1795,.F.);
#2489=ORIENTED_EDGE('',*,*,#1796,.T.);
#2490=ORIENTED_EDGE('',*,*,#1795,.T.);
#2491=ORIENTED_EDGE('',*,*,#1797,.F.);
#2492=ORIENTED_EDGE('',*,*,#1798,.F.);
#2493=ORIENTED_EDGE('',*,*,#1799,.T.);
#2494=ORIENTED_EDGE('',*,*,#1798,.T.);
#2495=ORIENTED_EDGE('',*,*,#1800,.F.);
#2496=ORIENTED_EDGE('',*,*,#1801,.F.);
#2497=ORIENTED_EDGE('',*,*,#1802,.T.);
#2498=ORIENTED_EDGE('',*,*,#1801,.T.);
#2499=ORIENTED_EDGE('',*,*,#1803,.F.);
#2500=ORIENTED_EDGE('',*,*,#1804,.F.);
#2501=ORIENTED_EDGE('',*,*,#1805,.T.);
#2502=ORIENTED_EDGE('',*,*,#1804,.T.);
#2503=ORIENTED_EDGE('',*,*,#1806,.F.);
#2504=ORIENTED_EDGE('',*,*,#1807,.F.);
#2505=ORIENTED_EDGE('',*,*,#1808,.T.);
#2506=ORIENTED_EDGE('',*,*,#1807,.T.);
#2507=ORIENTED_EDGE('',*,*,#1809,.F.);
#2508=ORIENTED_EDGE('',*,*,#1810,.F.);
#2509=ORIENTED_EDGE('',*,*,#1811,.T.);
#2510=ORIENTED_EDGE('',*,*,#1810,.T.);
#2511=ORIENTED_EDGE('',*,*,#1812,.F.);
#2512=ORIENTED_EDGE('',*,*,#1813,.F.);
#2513=ORIENTED_EDGE('',*,*,#1814,.T.);
#2514=ORIENTED_EDGE('',*,*,#1813,.T.);
#2515=ORIENTED_EDGE('',*,*,#1815,.F.);
#2516=ORIENTED_EDGE('',*,*,#1816,.F.);
#2517=ORIENTED_EDGE('',*,*,#1817,.T.);
#2518=ORIENTED_EDGE('',*,*,#1816,.T.);
#2519=ORIENTED_EDGE('',*,*,#1818,.F.);
#2520=ORIENTED_EDGE('',*,*,#1819,.F.);
#2521=ORIENTED_EDGE('',*,*,#1820,.T.);
#2522=ORIENTED_EDGE('',*,*,#1819,.T.);
#2523=ORIENTED_EDGE('',*,*,#1821,.F.);
#2524=ORIENTED_EDGE('',*,*,#1822,.F.);
#2525=ORIENTED_EDGE('',*,*,#1823,.T.);
#2526=ORIENTED_EDGE('',*,*,#1822,.T.);
#2527=ORIENTED_EDGE('',*,*,#1824,.F.);
#2528=ORIENTED_EDGE('',*,*,#1825,.F.);
#2529=ORIENTED_EDGE('',*,*,#1826,.T.);
#2530=ORIENTED_EDGE('',*,*,#1825,.T.);
#2531=ORIENTED_EDGE('',*,*,#1827,.F.);
#2532=ORIENTED_EDGE('',*,*,#1828,.F.);
#2533=ORIENTED_EDGE('',*,*,#1829,.T.);
#2534=ORIENTED_EDGE('',*,*,#1828,.T.);
#2535=ORIENTED_EDGE('',*,*,#1830,.F.);
#2536=ORIENTED_EDGE('',*,*,#1831,.F.);
#2537=ORIENTED_EDGE('',*,*,#1832,.T.);
#2538=ORIENTED_EDGE('',*,*,#1831,.T.);
#2539=ORIENTED_EDGE('',*,*,#1833,.F.);
#2540=ORIENTED_EDGE('',*,*,#1784,.F.);
#2541=ORIENTED_EDGE('',*,*,#1833,.T.);
#2542=ORIENTED_EDGE('',*,*,#1830,.T.);
#2543=ORIENTED_EDGE('',*,*,#1827,.T.);
#2544=ORIENTED_EDGE('',*,*,#1824,.T.);
#2545=ORIENTED_EDGE('',*,*,#1821,.T.);
#2546=ORIENTED_EDGE('',*,*,#1818,.T.);
#2547=ORIENTED_EDGE('',*,*,#1815,.T.);
#2548=ORIENTED_EDGE('',*,*,#1812,.T.);
#2549=ORIENTED_EDGE('',*,*,#1809,.T.);
#2550=ORIENTED_EDGE('',*,*,#1806,.T.);
#2551=ORIENTED_EDGE('',*,*,#1803,.T.);
#2552=ORIENTED_EDGE('',*,*,#1800,.T.);
#2553=ORIENTED_EDGE('',*,*,#1797,.T.);
#2554=ORIENTED_EDGE('',*,*,#1794,.T.);
#2555=ORIENTED_EDGE('',*,*,#1791,.T.);
#2556=ORIENTED_EDGE('',*,*,#1788,.T.);
#2557=ORIENTED_EDGE('',*,*,#1785,.T.);
#2558=ORIENTED_EDGE('',*,*,#1782,.T.);
#2559=ORIENTED_EDGE('',*,*,#1779,.T.);
#2560=ORIENTED_EDGE('',*,*,#1776,.T.);
#2561=ORIENTED_EDGE('',*,*,#1773,.T.);
#2562=ORIENTED_EDGE('',*,*,#1770,.T.);
#2563=ORIENTED_EDGE('',*,*,#1767,.T.);
#2564=ORIENTED_EDGE('',*,*,#1832,.F.);
#2565=ORIENTED_EDGE('',*,*,#1783,.F.);
#2566=ORIENTED_EDGE('',*,*,#1787,.F.);
#2567=ORIENTED_EDGE('',*,*,#1790,.F.);
#2568=ORIENTED_EDGE('',*,*,#1793,.F.);
#2569=ORIENTED_EDGE('',*,*,#1796,.F.);
#2570=ORIENTED_EDGE('',*,*,#1799,.F.);
#2571=ORIENTED_EDGE('',*,*,#1802,.F.);
#2572=ORIENTED_EDGE('',*,*,#1805,.F.);
#2573=ORIENTED_EDGE('',*,*,#1808,.F.);
#2574=ORIENTED_EDGE('',*,*,#1811,.F.);
#2575=ORIENTED_EDGE('',*,*,#1814,.F.);
#2576=ORIENTED_EDGE('',*,*,#1817,.F.);
#2577=ORIENTED_EDGE('',*,*,#1820,.F.);
#2578=ORIENTED_EDGE('',*,*,#1823,.F.);
#2579=ORIENTED_EDGE('',*,*,#1826,.F.);
#2580=ORIENTED_EDGE('',*,*,#1829,.F.);
#2581=ORIENTED_EDGE('',*,*,#1781,.F.);
#2582=ORIENTED_EDGE('',*,*,#1774,.F.);
#2583=ORIENTED_EDGE('',*,*,#1778,.F.);
#2584=ORIENTED_EDGE('',*,*,#1772,.F.);
#2585=ORIENTED_EDGE('',*,*,#1765,.F.);
#2586=ORIENTED_EDGE('',*,*,#1769,.F.);
#2587=ORIENTED_EDGE('',*,*,#1834,.T.);
#2588=ORIENTED_EDGE('',*,*,#1835,.T.);
#2589=ORIENTED_EDGE('',*,*,#1836,.F.);
#2590=ORIENTED_EDGE('',*,*,#1837,.F.);
#2591=ORIENTED_EDGE('',*,*,#1838,.T.);
#2592=ORIENTED_EDGE('',*,*,#1837,.T.);
#2593=ORIENTED_EDGE('',*,*,#1839,.F.);
#2594=ORIENTED_EDGE('',*,*,#1840,.F.);
#2595=ORIENTED_EDGE('',*,*,#1841,.T.);
#2596=ORIENTED_EDGE('',*,*,#1840,.T.);
#2597=ORIENTED_EDGE('',*,*,#1842,.F.);
#2598=ORIENTED_EDGE('',*,*,#1843,.F.);
#2599=ORIENTED_EDGE('',*,*,#1844,.T.);
#2600=ORIENTED_EDGE('',*,*,#1843,.T.);
#2601=ORIENTED_EDGE('',*,*,#1845,.F.);
#2602=ORIENTED_EDGE('',*,*,#1846,.F.);
#2603=ORIENTED_EDGE('',*,*,#1847,.T.);
#2604=ORIENTED_EDGE('',*,*,#1846,.T.);
#2605=ORIENTED_EDGE('',*,*,#1848,.F.);
#2606=ORIENTED_EDGE('',*,*,#1849,.F.);
#2607=ORIENTED_EDGE('',*,*,#1850,.T.);
#2608=ORIENTED_EDGE('',*,*,#1849,.T.);
#2609=ORIENTED_EDGE('',*,*,#1851,.F.);
#2610=ORIENTED_EDGE('',*,*,#1852,.F.);
#2611=ORIENTED_EDGE('',*,*,#1853,.T.);
#2612=ORIENTED_EDGE('',*,*,#1852,.T.);
#2613=ORIENTED_EDGE('',*,*,#1854,.F.);
#2614=ORIENTED_EDGE('',*,*,#1855,.F.);
#2615=ORIENTED_EDGE('',*,*,#1856,.T.);
#2616=ORIENTED_EDGE('',*,*,#1855,.T.);
#2617=ORIENTED_EDGE('',*,*,#1857,.F.);
#2618=ORIENTED_EDGE('',*,*,#1835,.F.);
#2619=ORIENTED_EDGE('',*,*,#1857,.T.);
#2620=ORIENTED_EDGE('',*,*,#1854,.T.);
#2621=ORIENTED_EDGE('',*,*,#1851,.T.);
#2622=ORIENTED_EDGE('',*,*,#1848,.T.);
#2623=ORIENTED_EDGE('',*,*,#1845,.T.);
#2624=ORIENTED_EDGE('',*,*,#1842,.T.);
#2625=ORIENTED_EDGE('',*,*,#1839,.T.);
#2626=ORIENTED_EDGE('',*,*,#1836,.T.);
#2627=ORIENTED_EDGE('',*,*,#1856,.F.);
#2628=ORIENTED_EDGE('',*,*,#1834,.F.);
#2629=ORIENTED_EDGE('',*,*,#1838,.F.);
#2630=ORIENTED_EDGE('',*,*,#1841,.F.);
#2631=ORIENTED_EDGE('',*,*,#1844,.F.);
#2632=ORIENTED_EDGE('',*,*,#1847,.F.);
#2633=ORIENTED_EDGE('',*,*,#1850,.F.);
#2634=ORIENTED_EDGE('',*,*,#1853,.F.);
#2635=ORIENTED_EDGE('',*,*,#1858,.T.);
#2636=ORIENTED_EDGE('',*,*,#1859,.T.);
#2637=ORIENTED_EDGE('',*,*,#1860,.F.);
#2638=ORIENTED_EDGE('',*,*,#1861,.F.);
#2639=ORIENTED_EDGE('',*,*,#1862,.T.);
#2640=ORIENTED_EDGE('',*,*,#1861,.T.);
#2641=ORIENTED_EDGE('',*,*,#1863,.F.);
#2642=ORIENTED_EDGE('',*,*,#1864,.F.);
#2643=ORIENTED_EDGE('',*,*,#1865,.T.);
#2644=ORIENTED_EDGE('',*,*,#1864,.T.);
#2645=ORIENTED_EDGE('',*,*,#1866,.F.);
#2646=ORIENTED_EDGE('',*,*,#1867,.F.);
#2647=ORIENTED_EDGE('',*,*,#1868,.T.);
#2648=ORIENTED_EDGE('',*,*,#1867,.T.);
#2649=ORIENTED_EDGE('',*,*,#1869,.F.);
#2650=ORIENTED_EDGE('',*,*,#1870,.F.);
#2651=ORIENTED_EDGE('',*,*,#1871,.T.);
#2652=ORIENTED_EDGE('',*,*,#1870,.T.);
#2653=ORIENTED_EDGE('',*,*,#1872,.F.);
#2654=ORIENTED_EDGE('',*,*,#1873,.F.);
#2655=ORIENTED_EDGE('',*,*,#1874,.T.);
#2656=ORIENTED_EDGE('',*,*,#1873,.T.);
#2657=ORIENTED_EDGE('',*,*,#1875,.F.);
#2658=ORIENTED_EDGE('',*,*,#1876,.F.);
#2659=ORIENTED_EDGE('',*,*,#1877,.T.);
#2660=ORIENTED_EDGE('',*,*,#1876,.T.);
#2661=ORIENTED_EDGE('',*,*,#1878,.F.);
#2662=ORIENTED_EDGE('',*,*,#1879,.F.);
#2663=ORIENTED_EDGE('',*,*,#1880,.T.);
#2664=ORIENTED_EDGE('',*,*,#1879,.T.);
#2665=ORIENTED_EDGE('',*,*,#1881,.F.);
#2666=ORIENTED_EDGE('',*,*,#1882,.F.);
#2667=ORIENTED_EDGE('',*,*,#1883,.T.);
#2668=ORIENTED_EDGE('',*,*,#1882,.T.);
#2669=ORIENTED_EDGE('',*,*,#1884,.F.);
#2670=ORIENTED_EDGE('',*,*,#1885,.F.);
#2671=ORIENTED_EDGE('',*,*,#1886,.T.);
#2672=ORIENTED_EDGE('',*,*,#1885,.T.);
#2673=ORIENTED_EDGE('',*,*,#1887,.F.);
#2674=ORIENTED_EDGE('',*,*,#1888,.F.);
#2675=ORIENTED_EDGE('',*,*,#1889,.T.);
#2676=ORIENTED_EDGE('',*,*,#1888,.T.);
#2677=ORIENTED_EDGE('',*,*,#1890,.F.);
#2678=ORIENTED_EDGE('',*,*,#1891,.F.);
#2679=ORIENTED_EDGE('',*,*,#1892,.T.);
#2680=ORIENTED_EDGE('',*,*,#1891,.T.);
#2681=ORIENTED_EDGE('',*,*,#1893,.F.);
#2682=ORIENTED_EDGE('',*,*,#1894,.F.);
#2683=ORIENTED_EDGE('',*,*,#1895,.T.);
#2684=ORIENTED_EDGE('',*,*,#1894,.T.);
#2685=ORIENTED_EDGE('',*,*,#1896,.F.);
#2686=ORIENTED_EDGE('',*,*,#1897,.F.);
#2687=ORIENTED_EDGE('',*,*,#1898,.T.);
#2688=ORIENTED_EDGE('',*,*,#1897,.T.);
#2689=ORIENTED_EDGE('',*,*,#1899,.F.);
#2690=ORIENTED_EDGE('',*,*,#1900,.F.);
#2691=ORIENTED_EDGE('',*,*,#1901,.T.);
#2692=ORIENTED_EDGE('',*,*,#1900,.T.);
#2693=ORIENTED_EDGE('',*,*,#1902,.F.);
#2694=ORIENTED_EDGE('',*,*,#1903,.F.);
#2695=ORIENTED_EDGE('',*,*,#1904,.T.);
#2696=ORIENTED_EDGE('',*,*,#1903,.T.);
#2697=ORIENTED_EDGE('',*,*,#1905,.F.);
#2698=ORIENTED_EDGE('',*,*,#1906,.F.);
#2699=ORIENTED_EDGE('',*,*,#1907,.T.);
#2700=ORIENTED_EDGE('',*,*,#1906,.T.);
#2701=ORIENTED_EDGE('',*,*,#1908,.F.);
#2702=ORIENTED_EDGE('',*,*,#1909,.F.);
#2703=ORIENTED_EDGE('',*,*,#1910,.T.);
#2704=ORIENTED_EDGE('',*,*,#1909,.T.);
#2705=ORIENTED_EDGE('',*,*,#1911,.F.);
#2706=ORIENTED_EDGE('',*,*,#1912,.F.);
#2707=ORIENTED_EDGE('',*,*,#1913,.T.);
#2708=ORIENTED_EDGE('',*,*,#1912,.T.);
#2709=ORIENTED_EDGE('',*,*,#1914,.F.);
#2710=ORIENTED_EDGE('',*,*,#1915,.F.);
#2711=ORIENTED_EDGE('',*,*,#1916,.T.);
#2712=ORIENTED_EDGE('',*,*,#1915,.T.);
#2713=ORIENTED_EDGE('',*,*,#1917,.F.);
#2714=ORIENTED_EDGE('',*,*,#1918,.F.);
#2715=ORIENTED_EDGE('',*,*,#1919,.T.);
#2716=ORIENTED_EDGE('',*,*,#1918,.T.);
#2717=ORIENTED_EDGE('',*,*,#1920,.F.);
#2718=ORIENTED_EDGE('',*,*,#1921,.F.);
#2719=ORIENTED_EDGE('',*,*,#1922,.T.);
#2720=ORIENTED_EDGE('',*,*,#1921,.T.);
#2721=ORIENTED_EDGE('',*,*,#1923,.F.);
#2722=ORIENTED_EDGE('',*,*,#1924,.F.);
#2723=ORIENTED_EDGE('',*,*,#1925,.T.);
#2724=ORIENTED_EDGE('',*,*,#1924,.T.);
#2725=ORIENTED_EDGE('',*,*,#1926,.F.);
#2726=ORIENTED_EDGE('',*,*,#1927,.F.);
#2727=ORIENTED_EDGE('',*,*,#1928,.T.);
#2728=ORIENTED_EDGE('',*,*,#1927,.T.);
#2729=ORIENTED_EDGE('',*,*,#1929,.F.);
#2730=ORIENTED_EDGE('',*,*,#1930,.F.);
#2731=ORIENTED_EDGE('',*,*,#1931,.T.);
#2732=ORIENTED_EDGE('',*,*,#1930,.T.);
#2733=ORIENTED_EDGE('',*,*,#1932,.F.);
#2734=ORIENTED_EDGE('',*,*,#1933,.F.);
#2735=ORIENTED_EDGE('',*,*,#1934,.T.);
#2736=ORIENTED_EDGE('',*,*,#1933,.T.);
#2737=ORIENTED_EDGE('',*,*,#1935,.F.);
#2738=ORIENTED_EDGE('',*,*,#1936,.F.);
#2739=ORIENTED_EDGE('',*,*,#1937,.T.);
#2740=ORIENTED_EDGE('',*,*,#1936,.T.);
#2741=ORIENTED_EDGE('',*,*,#1938,.F.);
#2742=ORIENTED_EDGE('',*,*,#1939,.F.);
#2743=ORIENTED_EDGE('',*,*,#1940,.T.);
#2744=ORIENTED_EDGE('',*,*,#1939,.T.);
#2745=ORIENTED_EDGE('',*,*,#1941,.F.);
#2746=ORIENTED_EDGE('',*,*,#1942,.F.);
#2747=ORIENTED_EDGE('',*,*,#1943,.T.);
#2748=ORIENTED_EDGE('',*,*,#1942,.T.);
#2749=ORIENTED_EDGE('',*,*,#1944,.F.);
#2750=ORIENTED_EDGE('',*,*,#1859,.F.);
#2751=ORIENTED_EDGE('',*,*,#1944,.T.);
#2752=ORIENTED_EDGE('',*,*,#1941,.T.);
#2753=ORIENTED_EDGE('',*,*,#1938,.T.);
#2754=ORIENTED_EDGE('',*,*,#1935,.T.);
#2755=ORIENTED_EDGE('',*,*,#1932,.T.);
#2756=ORIENTED_EDGE('',*,*,#1929,.T.);
#2757=ORIENTED_EDGE('',*,*,#1926,.T.);
#2758=ORIENTED_EDGE('',*,*,#1923,.T.);
#2759=ORIENTED_EDGE('',*,*,#1920,.T.);
#2760=ORIENTED_EDGE('',*,*,#1917,.T.);
#2761=ORIENTED_EDGE('',*,*,#1914,.T.);
#2762=ORIENTED_EDGE('',*,*,#1911,.T.);
#2763=ORIENTED_EDGE('',*,*,#1908,.T.);
#2764=ORIENTED_EDGE('',*,*,#1905,.T.);
#2765=ORIENTED_EDGE('',*,*,#1902,.T.);
#2766=ORIENTED_EDGE('',*,*,#1899,.T.);
#2767=ORIENTED_EDGE('',*,*,#1896,.T.);
#2768=ORIENTED_EDGE('',*,*,#1893,.T.);
#2769=ORIENTED_EDGE('',*,*,#1890,.T.);
#2770=ORIENTED_EDGE('',*,*,#1887,.T.);
#2771=ORIENTED_EDGE('',*,*,#1884,.T.);
#2772=ORIENTED_EDGE('',*,*,#1881,.T.);
#2773=ORIENTED_EDGE('',*,*,#1878,.T.);
#2774=ORIENTED_EDGE('',*,*,#1875,.T.);
#2775=ORIENTED_EDGE('',*,*,#1872,.T.);
#2776=ORIENTED_EDGE('',*,*,#1869,.T.);
#2777=ORIENTED_EDGE('',*,*,#1866,.T.);
#2778=ORIENTED_EDGE('',*,*,#1863,.T.);
#2779=ORIENTED_EDGE('',*,*,#1860,.T.);
#2780=ORIENTED_EDGE('',*,*,#1943,.F.);
#2781=ORIENTED_EDGE('',*,*,#1858,.F.);
#2782=ORIENTED_EDGE('',*,*,#1862,.F.);
#2783=ORIENTED_EDGE('',*,*,#1865,.F.);
#2784=ORIENTED_EDGE('',*,*,#1868,.F.);
#2785=ORIENTED_EDGE('',*,*,#1871,.F.);
#2786=ORIENTED_EDGE('',*,*,#1874,.F.);
#2787=ORIENTED_EDGE('',*,*,#1877,.F.);
#2788=ORIENTED_EDGE('',*,*,#1880,.F.);
#2789=ORIENTED_EDGE('',*,*,#1883,.F.);
#2790=ORIENTED_EDGE('',*,*,#1886,.F.);
#2791=ORIENTED_EDGE('',*,*,#1889,.F.);
#2792=ORIENTED_EDGE('',*,*,#1892,.F.);
#2793=ORIENTED_EDGE('',*,*,#1895,.F.);
#2794=ORIENTED_EDGE('',*,*,#1898,.F.);
#2795=ORIENTED_EDGE('',*,*,#1901,.F.);
#2796=ORIENTED_EDGE('',*,*,#1904,.F.);
#2797=ORIENTED_EDGE('',*,*,#1907,.F.);
#2798=ORIENTED_EDGE('',*,*,#1910,.F.);
#2799=ORIENTED_EDGE('',*,*,#1913,.F.);
#2800=ORIENTED_EDGE('',*,*,#1916,.F.);
#2801=ORIENTED_EDGE('',*,*,#1919,.F.);
#2802=ORIENTED_EDGE('',*,*,#1922,.F.);
#2803=ORIENTED_EDGE('',*,*,#1925,.F.);
#2804=ORIENTED_EDGE('',*,*,#1928,.F.);
#2805=ORIENTED_EDGE('',*,*,#1931,.F.);
#2806=ORIENTED_EDGE('',*,*,#1934,.F.);
#2807=ORIENTED_EDGE('',*,*,#1937,.F.);
#2808=ORIENTED_EDGE('',*,*,#1940,.F.);
#2809=CYLINDRICAL_SURFACE('',#3010,4.);
#2810=CYLINDRICAL_SURFACE('',#3014,4.);
#2811=CYLINDRICAL_SURFACE('',#3025,4.);
#2812=CYLINDRICAL_SURFACE('',#3028,4.);
#2813=CYLINDRICAL_SURFACE('',#3036,1.);
#2814=CYLINDRICAL_SURFACE('',#3038,1.);
#2815=CYLINDRICAL_SURFACE('',#3039,1.);
#2816=CYLINDRICAL_SURFACE('',#3041,1.);
#2817=CYLINDRICAL_SURFACE('',#3091,2.01542403460775);
#2818=CYLINDRICAL_SURFACE('',#3094,2.3319191127972);
#2819=CYLINDRICAL_SURFACE('',#3097,2.01542403460775);
#2820=CYLINDRICAL_SURFACE('',#3101,2.3319191127972);
#2821=CYLINDRICAL_SURFACE('',#3104,2.01542403460775);
#2822=CYLINDRICAL_SURFACE('',#3107,2.3319191127972);
#2823=CYLINDRICAL_SURFACE('',#3113,2.3319191127972);
#2824=CYLINDRICAL_SURFACE('',#3116,2.01542403460775);
#2825=CYLINDRICAL_SURFACE('',#3139,2.01542403460775);
#2826=CYLINDRICAL_SURFACE('',#3142,2.3319191127972);
#2827=CYLINDRICAL_SURFACE('',#3156,2.3319191127972);
#2828=CYLINDRICAL_SURFACE('',#3159,2.01542403460775);
#2829=ADVANCED_FACE('',(#233),#2809,.F.);
#2830=ADVANCED_FACE('',(#234),#135,.T.);
#2831=ADVANCED_FACE('',(#235),#2810,.T.);
#2832=ADVANCED_FACE('',(#236),#136,.T.);
#2833=ADVANCED_FACE('',(#237),#137,.F.);
#2834=ADVANCED_FACE('',(#238),#2811,.F.);
#2835=ADVANCED_FACE('',(#239),#138,.T.);
#2836=ADVANCED_FACE('',(#240),#2812,.T.);
#2837=ADVANCED_FACE('',(#241),#139,.T.);
#2838=ADVANCED_FACE('',(#242),#140,.T.);
#2839=ADVANCED_FACE('',(#243),#2813,.T.);
#2840=ADVANCED_FACE('',(#244),#141,.T.);
#2841=ADVANCED_FACE('',(#245),#2814,.T.);
#2842=ADVANCED_FACE('',(#246),#2815,.T.);
#2843=ADVANCED_FACE('',(#247),#142,.T.);
#2844=ADVANCED_FACE('',(#248),#2816,.T.);
#2845=ADVANCED_FACE('',(#249),#143,.T.);
#2846=ADVANCED_FACE('',(#250),#144,.T.);
#2847=ADVANCED_FACE('',(#251),#145,.T.);
#2848=ADVANCED_FACE('',(#252),#146,.T.);
#2849=ADVANCED_FACE('',(#253),#147,.T.);
#2850=ADVANCED_FACE('',(#254),#148,.T.);
#2851=ADVANCED_FACE('',(#255),#27,.T.);
#2852=ADVANCED_FACE('',(#256),#149,.T.);
#2853=ADVANCED_FACE('',(#257),#150,.T.);
#2854=ADVANCED_FACE('',(#258),#151,.T.);
#2855=ADVANCED_FACE('',(#259),#152,.T.);
#2856=ADVANCED_FACE('',(#260),#153,.T.);
#2857=ADVANCED_FACE('',(#261),#28,.T.);
#2858=ADVANCED_FACE('',(#262),#29,.T.);
#2859=ADVANCED_FACE('',(#263),#30,.T.);
#2860=ADVANCED_FACE('',(#264),#31,.T.);
#2861=ADVANCED_FACE('',(#265),#154,.T.);
#2862=ADVANCED_FACE('',(#266),#155,.T.);
#2863=ADVANCED_FACE('',(#267),#156,.T.);
#2864=ADVANCED_FACE('',(#268),#157,.T.);
#2865=ADVANCED_FACE('',(#269),#158,.T.);
#2866=ADVANCED_FACE('',(#270),#32,.T.);
#2867=ADVANCED_FACE('',(#271),#33,.T.);
#2868=ADVANCED_FACE('',(#272),#34,.T.);
#2869=ADVANCED_FACE('',(#273),#35,.T.);
#2870=ADVANCED_FACE('',(#274),#159,.T.);
#2871=ADVANCED_FACE('',(#275),#160,.T.);
#2872=ADVANCED_FACE('',(#276),#161,.T.);
#2873=ADVANCED_FACE('',(#277),#162,.T.);
#2874=ADVANCED_FACE('',(#278),#163,.T.);
#2875=ADVANCED_FACE('',(#279),#164,.T.);
#2876=ADVANCED_FACE('',(#280),#165,.T.);
#2877=ADVANCED_FACE('',(#281),#166,.T.);
#2878=ADVANCED_FACE('',(#282),#36,.T.);
#2879=ADVANCED_FACE('',(#283),#37,.T.);
#2880=ADVANCED_FACE('',(#284),#38,.T.);
#2881=ADVANCED_FACE('',(#285),#39,.T.);
#2882=ADVANCED_FACE('',(#286),#167,.T.);
#2883=ADVANCED_FACE('',(#287),#168,.T.);
#2884=ADVANCED_FACE('',(#288),#169,.T.);
#2885=ADVANCED_FACE('',(#289),#170,.T.);
#2886=ADVANCED_FACE('',(#290),#171,.T.);
#2887=ADVANCED_FACE('',(#291),#172,.T.);
#2888=ADVANCED_FACE('',(#292),#173,.T.);
#2889=ADVANCED_FACE('',(#293),#174,.T.);
#2890=ADVANCED_FACE('',(#294),#40,.T.);
#2891=ADVANCED_FACE('',(#295),#41,.T.);
#2892=ADVANCED_FACE('',(#296),#42,.T.);
#2893=ADVANCED_FACE('',(#297),#175,.T.);
#2894=ADVANCED_FACE('',(#298),#176,.T.);
#2895=ADVANCED_FACE('',(#299),#177,.T.);
#2896=ADVANCED_FACE('',(#300),#178,.T.);
#2897=ADVANCED_FACE('',(#301),#179,.T.);
#2898=ADVANCED_FACE('',(#302),#43,.T.);
#2899=ADVANCED_FACE('',(#303),#44,.T.);
#2900=ADVANCED_FACE('',(#304),#45,.T.);
#2901=ADVANCED_FACE('',(#305),#46,.T.);
#2902=ADVANCED_FACE('',(#306),#180,.T.);
#2903=ADVANCED_FACE('',(#307),#181,.T.);
#2904=ADVANCED_FACE('',(#308),#182,.T.);
#2905=ADVANCED_FACE('',(#309),#183,.T.);
#2906=ADVANCED_FACE('',(#310),#184,.T.);
#2907=ADVANCED_FACE('',(#311),#185,.T.);
#2908=ADVANCED_FACE('',(#312),#186,.T.);
#2909=ADVANCED_FACE('',(#313),#47,.T.);
#2910=ADVANCED_FACE('',(#314),#48,.T.);
#2911=ADVANCED_FACE('',(#315),#49,.T.);
#2912=ADVANCED_FACE('',(#316),#50,.T.);
#2913=ADVANCED_FACE('',(#317),#187,.T.);
#2914=ADVANCED_FACE('',(#318),#188,.T.);
#2915=ADVANCED_FACE('',(#319),#189,.T.);
#2916=ADVANCED_FACE('',(#320),#190,.F.);
#2917=ADVANCED_FACE('',(#321),#191,.T.);
#2918=ADVANCED_FACE('',(#322),#2817,.T.);
#2919=ADVANCED_FACE('',(#323),#2818,.T.);
#2920=ADVANCED_FACE('',(#324),#2819,.T.);
#2921=ADVANCED_FACE('',(#325),#192,.T.);
#2922=ADVANCED_FACE('',(#326),#2820,.T.);
#2923=ADVANCED_FACE('',(#327),#2821,.T.);
#2924=ADVANCED_FACE('',(#328),#2822,.T.);
#2925=ADVANCED_FACE('',(#329),#193,.T.);
#2926=ADVANCED_FACE('',(#330),#194,.T.);
#2927=ADVANCED_FACE('',(#331),#195,.T.);
#2928=ADVANCED_FACE('',(#332),#2823,.T.);
#2929=ADVANCED_FACE('',(#333),#2824,.T.);
#2930=ADVANCED_FACE('',(#334),#196,.T.);
#2931=ADVANCED_FACE('',(#335),#197,.T.);
#2932=ADVANCED_FACE('',(#336),#51,.T.);
#2933=ADVANCED_FACE('',(#337),#52,.T.);
#2934=ADVANCED_FACE('',(#338),#53,.T.);
#2935=ADVANCED_FACE('',(#339),#54,.T.);
#2936=ADVANCED_FACE('',(#340),#55,.T.);
#2937=ADVANCED_FACE('',(#341),#56,.T.);
#2938=ADVANCED_FACE('',(#342),#198,.T.);
#2939=ADVANCED_FACE('',(#343),#199,.T.);
#2940=ADVANCED_FACE('',(#344,#13,#14),#200,.T.);
#2941=ADVANCED_FACE('',(#345,#15,#16),#201,.F.);
#2942=ADVANCED_FACE('',(#346),#202,.T.);
#2943=ADVANCED_FACE('',(#347),#203,.T.);
#2944=ADVANCED_FACE('',(#348),#204,.T.);
#2945=ADVANCED_FACE('',(#349),#205,.T.);
#2946=ADVANCED_FACE('',(#350),#206,.T.);
#2947=ADVANCED_FACE('',(#351),#207,.T.);
#2948=ADVANCED_FACE('',(#352),#208,.T.);
#2949=ADVANCED_FACE('',(#353),#209,.T.);
#2950=ADVANCED_FACE('',(#354),#210,.T.);
#2951=ADVANCED_FACE('',(#355),#211,.F.);
#2952=ADVANCED_FACE('',(#356),#57,.T.);
#2953=ADVANCED_FACE('',(#357),#212,.T.);
#2954=ADVANCED_FACE('',(#358),#213,.T.);
#2955=ADVANCED_FACE('',(#359),#58,.T.);
#2956=ADVANCED_FACE('',(#360),#59,.T.);
#2957=ADVANCED_FACE('',(#361),#214,.T.);
#2958=ADVANCED_FACE('',(#362),#215,.T.);
#2959=ADVANCED_FACE('',(#363),#2825,.F.);
#2960=ADVANCED_FACE('',(#364),#2826,.F.);
#2961=ADVANCED_FACE('',(#365),#216,.T.);
#2962=ADVANCED_FACE('',(#366),#217,.T.);
#2963=ADVANCED_FACE('',(#367),#218,.T.);
#2964=ADVANCED_FACE('',(#368),#219,.T.);
#2965=ADVANCED_FACE('',(#369),#220,.T.);
#2966=ADVANCED_FACE('',(#370),#221,.T.);
#2967=ADVANCED_FACE('',(#371),#222,.T.);
#2968=ADVANCED_FACE('',(#372),#223,.T.);
#2969=ADVANCED_FACE('',(#373),#224,.T.);
#2970=ADVANCED_FACE('',(#374),#225,.T.);
#2971=ADVANCED_FACE('',(#375),#226,.T.);
#2972=ADVANCED_FACE('',(#376),#2827,.F.);
#2973=ADVANCED_FACE('',(#377),#2828,.F.);
#2974=ADVANCED_FACE('',(#378),#227,.T.);
#2975=ADVANCED_FACE('',(#379),#228,.T.);
#2976=ADVANCED_FACE('',(#380),#60,.T.);
#2977=ADVANCED_FACE('',(#381),#61,.T.);
#2978=ADVANCED_FACE('',(#382),#229,.T.);
#2979=ADVANCED_FACE('',(#383),#230,.T.);
#2980=ADVANCED_FACE('',(#384),#62,.T.);
#2981=ADVANCED_FACE('',(#385),#231,.T.);
#2982=ADVANCED_FACE('',(#386),#232,.F.);
#2983=CLOSED_SHELL('',(#2829,#2830,#2831,#2832,#2833,#2834,#2835,#2836,
#2837,#2838,#2839,#2840,#2841,#2842,#2843,#2844,#2845,#2846,#2847,#2848,
#2849,#2850,#2851,#2852,#2853,#2854,#2855,#2856,#2857,#2858,#2859,#2860,
#2861,#2862,#2863,#2864,#2865,#2866,#2867,#2868,#2869,#2870,#2871,#2872,
#2873,#2874,#2875,#2876,#2877,#2878,#2879,#2880,#2881,#2882,#2883,#2884,
#2885,#2886,#2887,#2888,#2889,#2890,#2891,#2892));
#2984=CLOSED_SHELL('',(#2893,#2894,#2895,#2896,#2897,#2898,#2899,#2900,
#2901,#2902,#2903,#2904,#2905,#2906,#2907,#2908,#2909,#2910,#2911,#2912,
#2913,#2914,#2915,#2916));
#2985=CLOSED_SHELL('',(#2917,#2918,#2919,#2920,#2921,#2922,#2923,#2924,
#2925,#2926,#2927,#2928,#2929,#2930,#2931,#2932,#2933,#2934,#2935,#2936,
#2937,#2938,#2939,#2940,#2941));
#2986=CLOSED_SHELL('',(#2942,#2943,#2944,#2945,#2946,#2947,#2948,#2949,
#2950,#2951));
#2987=CLOSED_SHELL('',(#2952,#2953,#2954,#2955,#2956,#2957,#2958,#2959,
#2960,#2961,#2962,#2963,#2964,#2965,#2966,#2967,#2968,#2969,#2970,#2971,
#2972,#2973,#2974,#2975,#2976,#2977,#2978,#2979,#2980,#2981,#2982));
#2988=DERIVED_UNIT_ELEMENT(#2991,1.);
#2989=DERIVED_UNIT_ELEMENT(#5130,-3.);
#2990=DIMENSIONAL_EXPONENTS(0.,1.,0.,0.,0.,0.,0.);
#2991=(
CONVERSION_BASED_UNIT('gram',#2993)
MASS_UNIT()
NAMED_UNIT(#2990)
);
#2992=(
MASS_UNIT()
NAMED_UNIT(*)
SI_UNIT(.KILO.,.GRAM.)
);
#2993=MASS_MEASURE_WITH_UNIT(MASS_MEASURE(0.001),#2992);
#2994=DERIVED_UNIT((#2988,#2989));
#2995=MEASURE_REPRESENTATION_ITEM('density measure',
POSITIVE_RATIO_MEASURE(1.),#2994);
#2996=PROPERTY_DEFINITION_REPRESENTATION(#3001,#2998);
#2997=PROPERTY_DEFINITION_REPRESENTATION(#3002,#2999);
#2998=REPRESENTATION('material name',(#3000),#5127);
#2999=REPRESENTATION('density',(#2995),#5127);
#3000=DESCRIPTIVE_REPRESENTATION_ITEM('Generic','Generic');
#3001=PROPERTY_DEFINITION('material property','material name',#5137);
#3002=PROPERTY_DEFINITION('material property','density of part',#5137);
#3003=DATE_TIME_ROLE('creation_date');
#3004=APPLIED_DATE_AND_TIME_ASSIGNMENT(#3005,#3003,(#5137));
#3005=DATE_AND_TIME(#3006,#3007);
#3006=CALENDAR_DATE(2026,9,2);
#3007=LOCAL_TIME(0,0,0.,#3008);
#3008=COORDINATED_UNIVERSAL_TIME_OFFSET(0,0,.BEHIND.);
#3009=AXIS2_PLACEMENT_3D('',#3806,#3168,#3169);
#3010=AXIS2_PLACEMENT_3D('',#3807,#3170,#3171);
#3011=AXIS2_PLACEMENT_3D('',#3810,#3172,#3173);
#3012=AXIS2_PLACEMENT_3D('',#3814,#3175,#3176);
#3013=AXIS2_PLACEMENT_3D('',#3816,#3178,#3179);
#3014=AXIS2_PLACEMENT_3D('',#3822,#3183,#3184);
#3015=AXIS2_PLACEMENT_3D('',#3824,#3185,#3186);
#3016=AXIS2_PLACEMENT_3D('',#3826,#3187,#3188);
#3017=AXIS2_PLACEMENT_3D('',#3828,#3190,#3191);
#3018=AXIS2_PLACEMENT_3D('',#3834,#3195,#3196);
#3019=AXIS2_PLACEMENT_3D('',#3890,#3215,#3216);
#3020=AXIS2_PLACEMENT_3D('',#3894,#3218,#3219);
#3021=AXIS2_PLACEMENT_3D('',#3898,#3221,#3222);
#3022=AXIS2_PLACEMENT_3D('',#3902,#3224,#3225);
#3023=AXIS2_PLACEMENT_3D('',#3986,#3240,#3241);
#3024=AXIS2_PLACEMENT_3D('',#3989,#3243,#3244);
#3025=AXIS2_PLACEMENT_3D('',#3990,#3245,#3246);
#3026=AXIS2_PLACEMENT_3D('',#3994,#3248,#3249);
#3027=AXIS2_PLACEMENT_3D('',#3996,#3251,#3252);
#3028=AXIS2_PLACEMENT_3D('',#4000,#3255,#3256);
#3029=AXIS2_PLACEMENT_3D('',#4003,#3257,#3258);
#3030=AXIS2_PLACEMENT_3D('',#4006,#3261,#3262);
#3031=AXIS2_PLACEMENT_3D('',#4010,#3265,#3266);
#3032=AXIS2_PLACEMENT_3D('',#4012,#3267,#3268);
#3033=AXIS2_PLACEMENT_3D('',#4016,#3270,#3271);
#3034=AXIS2_PLACEMENT_3D('',#4100,#3286,#3287);
#3035=AXIS2_PLACEMENT_3D('',#4103,#3289,#3290);
#3036=AXIS2_PLACEMENT_3D('',#4156,#3309,#3310);
#3037=AXIS2_PLACEMENT_3D('',#4158,#3312,#3313);
#3038=AXIS2_PLACEMENT_3D('',#4160,#3315,#3316);
#3039=AXIS2_PLACEMENT_3D('',#4162,#3318,#3319);
#3040=AXIS2_PLACEMENT_3D('',#4165,#3322,#3323);
#3041=AXIS2_PLACEMENT_3D('',#4167,#3325,#3326);
#3042=AXIS2_PLACEMENT_3D('',#4168,#3327,#3328);
#3043=AXIS2_PLACEMENT_3D('',#4171,#3331,#3332);
#3044=AXIS2_PLACEMENT_3D('',#4173,#3334,#3335);
#3045=AXIS2_PLACEMENT_3D('',#4175,#3337,#3338);
#3046=AXIS2_PLACEMENT_3D('',#4178,#3341,#3342);
#3047=AXIS2_PLACEMENT_3D('',#4180,#3344,#3345);
#3048=AXIS2_PLACEMENT_3D('',#4192,#3349,#3350);
#3049=AXIS2_PLACEMENT_3D('',#4194,#3352,#3353);
#3050=AXIS2_PLACEMENT_3D('',#4196,#3355,#3356);
#3051=AXIS2_PLACEMENT_3D('',#4198,#3358,#3359);
#3052=AXIS2_PLACEMENT_3D('',#4200,#3361,#3362);
#3053=AXIS2_PLACEMENT_3D('',#4234,#3368,#3369);
#3054=AXIS2_PLACEMENT_3D('',#4236,#3371,#3372);
#3055=AXIS2_PLACEMENT_3D('',#4238,#3374,#3375);
#3056=AXIS2_PLACEMENT_3D('',#4240,#3377,#3378);
#3057=AXIS2_PLACEMENT_3D('',#4242,#3380,#3381);
#3058=AXIS2_PLACEMENT_3D('',#4276,#3387,#3388);
#3059=AXIS2_PLACEMENT_3D('',#4278,#3390,#3391);
#3060=AXIS2_PLACEMENT_3D('',#4279,#3392,#3393);
#3061=AXIS2_PLACEMENT_3D('',#4281,#3395,#3396);
#3062=AXIS2_PLACEMENT_3D('',#4282,#3397,#3398);
#3063=AXIS2_PLACEMENT_3D('',#4284,#3400,#3401);
#3064=AXIS2_PLACEMENT_3D('',#4286,#3403,#3404);
#3065=AXIS2_PLACEMENT_3D('',#4288,#3406,#3407);
#3066=AXIS2_PLACEMENT_3D('',#4322,#3413,#3414);
#3067=AXIS2_PLACEMENT_3D('',#4324,#3416,#3417);
#3068=AXIS2_PLACEMENT_3D('',#4326,#3419,#3420);
#3069=AXIS2_PLACEMENT_3D('',#4328,#3422,#3423);
#3070=AXIS2_PLACEMENT_3D('',#4329,#3424,#3425);
#3071=AXIS2_PLACEMENT_3D('',#4330,#3426,#3427);
#3072=AXIS2_PLACEMENT_3D('',#4331,#3428,#3429);
#3073=AXIS2_PLACEMENT_3D('',#4333,#3431,#3432);
#3074=AXIS2_PLACEMENT_3D('',#4357,#3436,#3437);
#3075=AXIS2_PLACEMENT_3D('',#4366,#3442,#3443);
#3076=AXIS2_PLACEMENT_3D('',#4372,#3447,#3448);
#3077=AXIS2_PLACEMENT_3D('',#4378,#3452,#3453);
#3078=AXIS2_PLACEMENT_3D('',#4384,#3457,#3458);
#3079=AXIS2_PLACEMENT_3D('',#4474,#3466,#3467);
#3080=AXIS2_PLACEMENT_3D('',#4480,#3471,#3472);
#3081=AXIS2_PLACEMENT_3D('',#4486,#3476,#3477);
#3082=AXIS2_PLACEMENT_3D('',#4492,#3481,#3482);
#3083=AXIS2_PLACEMENT_3D('',#4498,#3486,#3487);
#3084=AXIS2_PLACEMENT_3D('',#4504,#3491,#3492);
#3085=AXIS2_PLACEMENT_3D('',#4510,#3496,#3497);
#3086=AXIS2_PLACEMENT_3D('',#4584,#3505,#3506);
#3087=AXIS2_PLACEMENT_3D('',#4590,#3510,#3511);
#3088=AXIS2_PLACEMENT_3D('',#4593,#3514,#3515);
#3089=AXIS2_PLACEMENT_3D('',#4594,#3516,#3517);
#3090=AXIS2_PLACEMENT_3D('',#4595,#3518,#3519);
#3091=AXIS2_PLACEMENT_3D('',#4604,#3524,#3525);
#3092=AXIS2_PLACEMENT_3D('',#4606,#3526,#3527);
#3093=AXIS2_PLACEMENT_3D('',#4608,#3528,#3529);
#3094=AXIS2_PLACEMENT_3D('',#4610,#3531,#3532);
#3095=AXIS2_PLACEMENT_3D('',#4611,#3533,#3534);
#3096=AXIS2_PLACEMENT_3D('',#4612,#3535,#3536);
#3097=AXIS2_PLACEMENT_3D('',#4613,#3537,#3538);
#3098=AXIS2_PLACEMENT_3D('',#4616,#3539,#3540);
#3099=AXIS2_PLACEMENT_3D('',#4620,#3542,#3543);
#3100=AXIS2_PLACEMENT_3D('',#4622,#3545,#3546);
#3101=AXIS2_PLACEMENT_3D('',#4628,#3550,#3551);
#3102=AXIS2_PLACEMENT_3D('',#4629,#3552,#3553);
#3103=AXIS2_PLACEMENT_3D('',#4630,#3554,#3555);
#3104=AXIS2_PLACEMENT_3D('',#4631,#3556,#3557);
#3105=AXIS2_PLACEMENT_3D('',#4634,#3558,#3559);
#3106=AXIS2_PLACEMENT_3D('',#4638,#3561,#3562);
#3107=AXIS2_PLACEMENT_3D('',#4640,#3564,#3565);
#3108=AXIS2_PLACEMENT_3D('',#4642,#3566,#3567);
#3109=AXIS2_PLACEMENT_3D('',#4644,#3568,#3569);
#3110=AXIS2_PLACEMENT_3D('',#4646,#3571,#3572);
#3111=AXIS2_PLACEMENT_3D('',#4652,#3576,#3577);
#3112=AXIS2_PLACEMENT_3D('',#4658,#3581,#3582);
#3113=AXIS2_PLACEMENT_3D('',#4664,#3586,#3587);
#3114=AXIS2_PLACEMENT_3D('',#4666,#3588,#3589);
#3115=AXIS2_PLACEMENT_3D('',#4668,#3590,#3591);
#3116=AXIS2_PLACEMENT_3D('',#4670,#3593,#3594);
#3117=AXIS2_PLACEMENT_3D('',#4672,#3595,#3596);
#3118=AXIS2_PLACEMENT_3D('',#4674,#3597,#3598);
#3119=AXIS2_PLACEMENT_3D('',#4676,#3600,#3601);
#3120=AXIS2_PLACEMENT_3D('',#4682,#3605,#3606);
#3121=AXIS2_PLACEMENT_3D('',#4802,#3616,#3617);
#3122=AXIS2_PLACEMENT_3D('',#4808,#3621,#3622);
#3123=AXIS2_PLACEMENT_3D('',#4811,#3625,#3626);
#3124=AXIS2_PLACEMENT_3D('',#4812,#3627,#3628);
#3125=AXIS2_PLACEMENT_3D('',#4813,#3629,#3630);
#3126=AXIS2_PLACEMENT_3D('',#4822,#3635,#3636);
#3127=AXIS2_PLACEMENT_3D('',#4828,#3640,#3641);
#3128=AXIS2_PLACEMENT_3D('',#4834,#3645,#3646);
#3129=AXIS2_PLACEMENT_3D('',#4840,#3650,#3651);
#3130=AXIS2_PLACEMENT_3D('',#4846,#3655,#3656);
#3131=AXIS2_PLACEMENT_3D('',#4852,#3660,#3661);
#3132=AXIS2_PLACEMENT_3D('',#4858,#3665,#3666);
#3133=AXIS2_PLACEMENT_3D('',#4861,#3669,#3670);
#3134=AXIS2_PLACEMENT_3D('',#4862,#3671,#3672);
#3135=AXIS2_PLACEMENT_3D('',#4889,#3675,#3676);
#3136=AXIS2_PLACEMENT_3D('',#4895,#3680,#3681);
#3137=AXIS2_PLACEMENT_3D('',#4939,#3687,#3688);
#3138=AXIS2_PLACEMENT_3D('',#4945,#3692,#3693);
#3139=AXIS2_PLACEMENT_3D('',#4951,#3697,#3698);
#3140=AXIS2_PLACEMENT_3D('',#4953,#3699,#3700);
#3141=AXIS2_PLACEMENT_3D('',#4955,#3701,#3702);
#3142=AXIS2_PLACEMENT_3D('',#4957,#3704,#3705);
#3143=AXIS2_PLACEMENT_3D('',#4959,#3706,#3707);
#3144=AXIS2_PLACEMENT_3D('',#4961,#3708,#3709);
#3145=AXIS2_PLACEMENT_3D('',#4963,#3711,#3712);
#3146=AXIS2_PLACEMENT_3D('',#4969,#3716,#3717);
#3147=AXIS2_PLACEMENT_3D('',#4975,#3721,#3722);
#3148=AXIS2_PLACEMENT_3D('',#4981,#3726,#3727);
#3149=AXIS2_PLACEMENT_3D('',#4987,#3731,#3732);
#3150=AXIS2_PLACEMENT_3D('',#4993,#3736,#3737);
#3151=AXIS2_PLACEMENT_3D('',#4999,#3741,#3742);
#3152=AXIS2_PLACEMENT_3D('',#5005,#3746,#3747);
#3153=AXIS2_PLACEMENT_3D('',#5011,#3751,#3752);
#3154=AXIS2_PLACEMENT_3D('',#5017,#3756,#3757);
#3155=AXIS2_PLACEMENT_3D('',#5023,#3761,#3762);
#3156=AXIS2_PLACEMENT_3D('',#5029,#3766,#3767);
#3157=AXIS2_PLACEMENT_3D('',#5031,#3768,#3769);
#3158=AXIS2_PLACEMENT_3D('',#5033,#3770,#3771);
#3159=AXIS2_PLACEMENT_3D('',#5035,#3773,#3774);
#3160=AXIS2_PLACEMENT_3D('',#5037,#3775,#3776);
#3161=AXIS2_PLACEMENT_3D('',#5039,#3777,#3778);
#3162=AXIS2_PLACEMENT_3D('',#5041,#3780,#3781);
#3163=AXIS2_PLACEMENT_3D('',#5047,#3785,#3786);
#3164=AXIS2_PLACEMENT_3D('',#5091,#3792,#3793);
#3165=AXIS2_PLACEMENT_3D('',#5097,#3797,#3798);
#3166=AXIS2_PLACEMENT_3D('',#5123,#3802,#3803);
#3167=AXIS2_PLACEMENT_3D('',#5124,#3804,#3805);
#3168=DIRECTION('axis',(0.,0.,1.));
#3169=DIRECTION('refdir',(1.,0.,0.));
#3170=DIRECTION('center_axis',(0.,1.,0.));
#3171=DIRECTION('ref_axis',(0.996592676029717,0.,0.0824805315448917));
#3172=DIRECTION('center_axis',(0.,-1.,0.));
#3173=DIRECTION('ref_axis',(0.996592676029717,0.,0.0824805315448917));
#3174=DIRECTION('',(0.,1.,0.));
#3175=DIRECTION('center_axis',(0.,1.,0.));
#3176=DIRECTION('ref_axis',(0.996592676029717,0.,0.0824805315448917));
#3177=DIRECTION('',(0.,-1.,0.));
#3178=DIRECTION('center_axis',(-0.986393923832144,0.,-0.164398987305356));
#3179=DIRECTION('ref_axis',(-0.164398987305356,0.,0.986393923832144));
#3180=DIRECTION('',(-0.164398987305356,0.,0.986393923832144));
#3181=DIRECTION('',(0.,-1.,0.));
#3182=DIRECTION('',(-0.164398987305356,0.,0.986393923832144));
#3183=DIRECTION('center_axis',(0.,1.,0.));
#3184=DIRECTION('ref_axis',(-0.996592676029717,0.,-0.0824805315448939));
#3185=DIRECTION('center_axis',(0.,-1.,0.));
#3186=DIRECTION('ref_axis',(-0.996592676029717,0.,-0.0824805315448939));
#3187=DIRECTION('center_axis',(0.,1.,0.));
#3188=DIRECTION('ref_axis',(-0.996592676029717,0.,-0.0824805315448939));
#3189=DIRECTION('',(0.,1.,0.));
#3190=DIRECTION('center_axis',(-1.,0.,-3.70074341541719E-16));
#3191=DIRECTION('ref_axis',(-3.70074341541719E-16,0.,1.));
#3192=DIRECTION('',(-3.70074341541719E-16,0.,1.));
#3193=DIRECTION('',(0.,-1.,0.));
#3194=DIRECTION('',(-3.70074341541719E-16,0.,1.));
#3195=DIRECTION('center_axis',(0.,1.,0.));
#3196=DIRECTION('ref_axis',(0.,0.,1.));
#3197=DIRECTION('',(-3.7140077287341E-16,0.,1.));
#3198=DIRECTION('',(1.,0.,0.));
#3199=DIRECTION('',(0.894427190999916,0.,0.447213595499958));
#3200=DIRECTION('',(-1.48029736616688E-15,0.,1.));
#3201=DIRECTION('',(-0.894427190999913,0.,0.447213595499963));
#3202=DIRECTION('',(-1.,0.,0.));
#3203=DIRECTION('',(-0.517334983658239,0.,-0.855782983403695));
#3204=DIRECTION('',(-0.15108792739181,0.,-0.988520327659703));
#3205=DIRECTION('',(-0.797772505607117,0.,-0.602958563499468));
#3206=DIRECTION('',(-0.797772505607117,0.,0.602958563499468));
#3207=DIRECTION('',(-0.15108792739181,0.,0.988520327659703));
#3208=DIRECTION('',(-0.517334983658239,0.,0.855782983403695));
#3209=DIRECTION('',(-1.,0.,0.));
#3210=DIRECTION('',(-0.894427190999917,0.,-0.447213595499956));
#3211=DIRECTION('',(3.70074341541719E-16,0.,-1.));
#3212=DIRECTION('',(0.894427190999916,0.,-0.447213595499957));
#3213=DIRECTION('',(1.,0.,0.));
#3214=DIRECTION('',(3.84665086190317E-16,0.,-1.));
#3215=DIRECTION('center_axis',(0.,-1.,0.));
#3216=DIRECTION('ref_axis',(-0.996592676029717,0.,0.0824805315448939));
#3217=DIRECTION('',(-0.164398987305358,0.,-0.986393923832144));
#3218=DIRECTION('center_axis',(0.,1.,0.));
#3219=DIRECTION('ref_axis',(0.996592676029717,0.,-0.0824805315448939));
#3220=DIRECTION('',(3.70074341541719E-16,0.,-1.));
#3221=DIRECTION('center_axis',(0.,1.,0.));
#3222=DIRECTION('ref_axis',(0.923879532511287,0.,0.38268343236509));
#3223=DIRECTION('',(0.707106781186549,0.,-0.707106781186546));
#3224=DIRECTION('center_axis',(0.,1.,0.));
#3225=DIRECTION('ref_axis',(0.121639176931117,0.,0.992574385441978));
#3226=DIRECTION('',(0.642787609686539,0.,-0.766044443118979));
#3227=DIRECTION('',(1.,0.,0.));
#3228=DIRECTION('',(1.,0.,0.));
#3229=DIRECTION('',(0.642787609686539,0.,0.766044443118978));
#3230=DIRECTION('',(1.,0.,0.));
#3231=DIRECTION('',(0.642787609686539,0.,-0.766044443118978));
#3232=DIRECTION('',(0.999999985813178,0.,-0.000168444780501268));
#3233=DIRECTION('',(0.999999985813178,0.,-0.000168444780501268));
#3234=DIRECTION('',(0.64278760968654,0.,0.766044443118978));
#3235=DIRECTION('',(1.,0.,0.));
#3236=DIRECTION('',(0.642523457743167,0.,-0.766266015330032));
#3237=DIRECTION('',(1.,0.,0.));
#3238=DIRECTION('',(1.,0.,0.));
#3239=DIRECTION('',(0.642523457743167,0.,0.766266015330032));
#3240=DIRECTION('center_axis',(0.,1.,0.));
#3241=DIRECTION('ref_axis',(-0.121639176931104,0.,0.99257438544198));
#3242=DIRECTION('',(0.707106781186549,0.,0.707106781186546));
#3243=DIRECTION('center_axis',(0.,1.,0.));
#3244=DIRECTION('ref_axis',(-0.923879532511287,0.,0.382683432365089));
#3245=DIRECTION('center_axis',(0.,1.,0.));
#3246=DIRECTION('ref_axis',(-0.996592676029717,0.,0.0824805315448939));
#3247=DIRECTION('',(0.,1.,0.));
#3248=DIRECTION('center_axis',(0.,1.,0.));
#3249=DIRECTION('ref_axis',(-0.996592676029717,0.,0.0824805315448939));
#3250=DIRECTION('',(0.,-1.,0.));
#3251=DIRECTION('center_axis',(1.,0.,3.84665086190317E-16));
#3252=DIRECTION('ref_axis',(3.84665086190317E-16,0.,-1.));
#3253=DIRECTION('',(0.,1.,0.));
#3254=DIRECTION('',(3.84665086190317E-16,0.,-1.));
#3255=DIRECTION('center_axis',(0.,1.,0.));
#3256=DIRECTION('ref_axis',(0.996592676029717,0.,-0.0824805315448939));
#3257=DIRECTION('center_axis',(0.,-1.,0.));
#3258=DIRECTION('ref_axis',(0.996592676029717,0.,-0.0824805315448939));
#3259=DIRECTION('',(0.,-1.,0.));
#3260=DIRECTION('',(0.,1.,0.));
#3261=DIRECTION('center_axis',(1.,0.,3.70074341541719E-16));
#3262=DIRECTION('ref_axis',(3.70074341541719E-16,0.,-1.));
#3263=DIRECTION('',(3.70074341541719E-16,0.,-1.));
#3264=DIRECTION('',(0.,1.,0.));
#3265=DIRECTION('center_axis',(0.,1.,0.));
#3266=DIRECTION('ref_axis',(0.,0.,1.));
#3267=DIRECTION('center_axis',(0.,-1.,0.));
#3268=DIRECTION('ref_axis',(-0.923879532511287,0.,0.382683432365089));
#3269=DIRECTION('',(-0.707106781186549,0.,-0.707106781186546));
#3270=DIRECTION('center_axis',(0.,-1.,0.));
#3271=DIRECTION('ref_axis',(-0.121639176931104,0.,0.99257438544198));
#3272=DIRECTION('',(0.642523457743167,0.,0.766266015330032));
#3273=DIRECTION('',(1.,0.,0.));
#3274=DIRECTION('',(1.,0.,0.));
#3275=DIRECTION('',(0.642523457743167,0.,-0.766266015330032));
#3276=DIRECTION('',(1.,0.,0.));
#3277=DIRECTION('',(0.64278760968654,0.,0.766044443118978));
#3278=DIRECTION('',(0.999999985813178,0.,-0.000168444780501268));
#3279=DIRECTION('',(0.999999985813178,0.,-0.000168444780501268));
#3280=DIRECTION('',(0.642787609686539,0.,-0.766044443118978));
#3281=DIRECTION('',(1.,0.,0.));
#3282=DIRECTION('',(0.642787609686539,0.,0.766044443118978));
#3283=DIRECTION('',(1.,0.,0.));
#3284=DIRECTION('',(1.,0.,0.));
#3285=DIRECTION('',(0.642787609686539,0.,-0.766044443118979));
#3286=DIRECTION('center_axis',(0.,-1.,0.));
#3287=DIRECTION('ref_axis',(0.121639176931117,0.,0.992574385441978));
#3288=DIRECTION('',(-0.707106781186549,0.,0.707106781186546));
#3289=DIRECTION('center_axis',(0.,-1.,0.));
#3290=DIRECTION('ref_axis',(0.923879532511287,0.,0.38268343236509));
#3291=DIRECTION('',(-0.164398987305358,0.,-0.986393923832144));
#3292=DIRECTION('',(1.,0.,0.));
#3293=DIRECTION('',(-0.894427190999916,0.,0.447213595499957));
#3294=DIRECTION('',(3.70074341541719E-16,0.,-1.));
#3295=DIRECTION('',(0.894427190999917,0.,0.447213595499956));
#3296=DIRECTION('',(-1.,0.,0.));
#3297=DIRECTION('',(-0.517334983658239,0.,0.855782983403695));
#3298=DIRECTION('',(-0.15108792739181,0.,0.988520327659703));
#3299=DIRECTION('',(-0.797772505607117,0.,0.602958563499468));
#3300=DIRECTION('',(-0.797772505607117,0.,-0.602958563499468));
#3301=DIRECTION('',(-0.15108792739181,0.,-0.988520327659703));
#3302=DIRECTION('',(-0.517334983658239,0.,-0.855782983403695));
#3303=DIRECTION('',(-1.,0.,0.));
#3304=DIRECTION('',(0.894427190999913,0.,-0.447213595499963));
#3305=DIRECTION('',(-1.48029736616688E-15,0.,1.));
#3306=DIRECTION('',(-0.894427190999916,0.,-0.447213595499958));
#3307=DIRECTION('',(1.,0.,0.));
#3308=DIRECTION('',(-3.7140077287341E-16,0.,1.));
#3309=DIRECTION('center_axis',(0.,1.,0.));
#3310=DIRECTION('ref_axis',(0.923879532511287,0.,0.38268343236509));
#3311=DIRECTION('',(0.,-1.,0.));
#3312=DIRECTION('center_axis',(0.707106781186546,0.,0.707106781186549));
#3313=DIRECTION('ref_axis',(0.707106781186549,0.,-0.707106781186546));
#3314=DIRECTION('',(0.,1.,0.));
#3315=DIRECTION('center_axis',(0.,1.,0.));
#3316=DIRECTION('ref_axis',(0.121639176931117,0.,0.992574385441978));
#3317=DIRECTION('',(0.,1.,0.));
#3318=DIRECTION('center_axis',(0.,-1.,0.));
#3319=DIRECTION('ref_axis',(-0.121639176931104,0.,0.99257438544198));
#3320=DIRECTION('',(0.,-1.,0.));
#3321=DIRECTION('',(0.,1.,0.));
#3322=DIRECTION('center_axis',(-0.707106781186546,0.,0.707106781186549));
#3323=DIRECTION('ref_axis',(0.707106781186549,0.,0.707106781186546));
#3324=DIRECTION('',(0.,1.,0.));
#3325=DIRECTION('center_axis',(0.,-1.,0.));
#3326=DIRECTION('ref_axis',(-0.923879532511287,0.,0.382683432365089));
#3327=DIRECTION('center_axis',(-0.447213595499958,0.,0.894427190999916));
#3328=DIRECTION('ref_axis',(0.894427190999916,0.,0.447213595499958));
#3329=DIRECTION('',(0.,-1.,0.));
#3330=DIRECTION('',(0.,1.,0.));
#3331=DIRECTION('center_axis',(-1.,0.,-1.48029736616688E-15));
#3332=DIRECTION('ref_axis',(-1.48029736616688E-15,0.,1.));
#3333=DIRECTION('',(0.,1.,0.));
#3334=DIRECTION('center_axis',(-0.447213595499963,0.,-0.894427190999914));
#3335=DIRECTION('ref_axis',(-0.894427190999913,0.,0.447213595499963));
#3336=DIRECTION('',(0.,-1.,0.));
#3337=DIRECTION('center_axis',(0.447213595499957,0.,0.894427190999917));
#3338=DIRECTION('ref_axis',(0.894427190999916,0.,-0.447213595499957));
#3339=DIRECTION('',(0.,-1.,0.));
#3340=DIRECTION('',(0.,1.,0.));
#3341=DIRECTION('center_axis',(1.,0.,3.70074341541719E-16));
#3342=DIRECTION('ref_axis',(3.70074341541719E-16,0.,-1.));
#3343=DIRECTION('',(0.,-1.,0.));
#3344=DIRECTION('center_axis',(0.447213595499956,0.,-0.894427190999917));
#3345=DIRECTION('ref_axis',(-0.894427190999917,0.,-0.447213595499956));
#3346=DIRECTION('',(0.,1.,0.));
#3347=DIRECTION('',(0.,1.,0.));
#3348=DIRECTION('',(0.,1.,0.));
#3349=DIRECTION('center_axis',(0.,0.,1.));
#3350=DIRECTION('ref_axis',(1.,0.,0.));
#3351=DIRECTION('',(0.,1.,0.));
#3352=DIRECTION('center_axis',(-0.766044443118978,0.,0.642787609686539));
#3353=DIRECTION('ref_axis',(0.642787609686539,0.,0.766044443118978));
#3354=DIRECTION('',(0.,1.,0.));
#3355=DIRECTION('center_axis',(0.,0.,1.));
#3356=DIRECTION('ref_axis',(1.,0.,0.));
#3357=DIRECTION('',(0.,1.,0.));
#3358=DIRECTION('center_axis',(0.766044443118978,0.,0.642787609686539));
#3359=DIRECTION('ref_axis',(0.642787609686539,0.,-0.766044443118978));
#3360=DIRECTION('',(0.,1.,0.));
#3361=DIRECTION('center_axis',(0.000168444780501268,0.,0.999999985813178));
#3362=DIRECTION('ref_axis',(0.999999985813178,0.,-0.000168444780501268));
#3363=DIRECTION('',(0.,1.,0.));
#3364=DIRECTION('',(0.,1.,0.));
#3365=DIRECTION('',(0.,1.,0.));
#3366=DIRECTION('',(0.,1.,0.));
#3367=DIRECTION('',(0.,1.,0.));
#3368=DIRECTION('center_axis',(0.000168444780501268,0.,0.999999985813178));
#3369=DIRECTION('ref_axis',(0.999999985813178,0.,-0.000168444780501268));
#3370=DIRECTION('',(0.,1.,0.));
#3371=DIRECTION('center_axis',(-0.766044443118978,0.,0.64278760968654));
#3372=DIRECTION('ref_axis',(0.64278760968654,0.,0.766044443118978));
#3373=DIRECTION('',(0.,1.,0.));
#3374=DIRECTION('center_axis',(0.,0.,1.));
#3375=DIRECTION('ref_axis',(1.,0.,0.));
#3376=DIRECTION('',(0.,1.,0.));
#3377=DIRECTION('center_axis',(0.766266015330032,0.,0.642523457743167));
#3378=DIRECTION('ref_axis',(0.642523457743167,0.,-0.766266015330032));
#3379=DIRECTION('',(0.,1.,0.));
#3380=DIRECTION('center_axis',(0.,0.,1.));
#3381=DIRECTION('ref_axis',(1.,0.,0.));
#3382=DIRECTION('',(0.,1.,0.));
#3383=DIRECTION('',(0.,1.,0.));
#3384=DIRECTION('',(0.,1.,0.));
#3385=DIRECTION('',(0.,1.,0.));
#3386=DIRECTION('',(0.,1.,0.));
#3387=DIRECTION('center_axis',(0.,0.,1.));
#3388=DIRECTION('ref_axis',(1.,0.,0.));
#3389=DIRECTION('',(0.,1.,0.));
#3390=DIRECTION('center_axis',(-0.766266015330032,0.,0.642523457743167));
#3391=DIRECTION('ref_axis',(0.642523457743167,0.,0.766266015330032));
#3392=DIRECTION('center_axis',(-1.,0.,-3.7140077287341E-16));
#3393=DIRECTION('ref_axis',(-3.7140077287341E-16,0.,1.));
#3394=DIRECTION('',(0.,1.,0.));
#3395=DIRECTION('center_axis',(0.,0.,1.));
#3396=DIRECTION('ref_axis',(1.,0.,0.));
#3397=DIRECTION('center_axis',(0.,0.,-1.));
#3398=DIRECTION('ref_axis',(-1.,0.,0.));
#3399=DIRECTION('',(0.,1.,0.));
#3400=DIRECTION('center_axis',(0.855782983403695,0.,-0.517334983658239));
#3401=DIRECTION('ref_axis',(-0.517334983658239,0.,-0.855782983403695));
#3402=DIRECTION('',(0.,1.,0.));
#3403=DIRECTION('center_axis',(0.988520327659703,0.,-0.15108792739181));
#3404=DIRECTION('ref_axis',(-0.15108792739181,0.,-0.988520327659703));
#3405=DIRECTION('',(0.,1.,0.));
#3406=DIRECTION('center_axis',(0.602958563499468,0.,-0.797772505607117));
#3407=DIRECTION('ref_axis',(-0.797772505607117,0.,-0.602958563499468));
#3408=DIRECTION('',(0.,1.,0.));
#3409=DIRECTION('',(0.,1.,0.));
#3410=DIRECTION('',(0.,1.,0.));
#3411=DIRECTION('',(0.,1.,0.));
#3412=DIRECTION('',(0.,1.,0.));
#3413=DIRECTION('center_axis',(-0.602958563499468,0.,-0.797772505607117));
#3414=DIRECTION('ref_axis',(-0.797772505607117,0.,0.602958563499468));
#3415=DIRECTION('',(0.,1.,0.));
#3416=DIRECTION('center_axis',(-0.988520327659703,0.,-0.15108792739181));
#3417=DIRECTION('ref_axis',(-0.15108792739181,0.,0.988520327659703));
#3418=DIRECTION('',(0.,1.,0.));
#3419=DIRECTION('center_axis',(-0.855782983403695,0.,-0.517334983658239));
#3420=DIRECTION('ref_axis',(-0.517334983658239,0.,0.855782983403695));
#3421=DIRECTION('',(0.,1.,0.));
#3422=DIRECTION('center_axis',(0.,0.,-1.));
#3423=DIRECTION('ref_axis',(-1.,0.,0.));
#3424=DIRECTION('center_axis',(0.,0.,1.));
#3425=DIRECTION('ref_axis',(1.,0.,0.));
#3426=DIRECTION('center_axis',(0.986393923832144,0.,-0.164398987305358));
#3427=DIRECTION('ref_axis',(-0.164398987305358,0.,-0.986393923832144));
#3428=DIRECTION('center_axis',(0.766044443118979,0.,0.642787609686539));
#3429=DIRECTION('ref_axis',(0.642787609686539,0.,-0.766044443118979));
#3430=DIRECTION('',(0.,1.,0.));
#3431=DIRECTION('center_axis',(0.,0.,1.));
#3432=DIRECTION('ref_axis',(1.,0.,0.));
#3433=DIRECTION('',(0.,1.,0.));
#3434=DIRECTION('',(0.,1.,0.));
#3435=DIRECTION('',(0.,1.,0.));
#3436=DIRECTION('center_axis',(-0.855782983403695,0.,0.517334983658239));
#3437=DIRECTION('ref_axis',(0.517334983658239,0.,0.855782983403695));
#3438=DIRECTION('',(0.517334983658239,0.,0.855782983403695));
#3439=DIRECTION('',(0.,1.,0.));
#3440=DIRECTION('',(0.517334983658239,0.,0.855782983403695));
#3441=DIRECTION('',(0.,1.,0.));
#3442=DIRECTION('center_axis',(0.,0.,1.));
#3443=DIRECTION('ref_axis',(1.,0.,0.));
#3444=DIRECTION('',(1.,0.,0.));
#3445=DIRECTION('',(1.,0.,0.));
#3446=DIRECTION('',(0.,1.,0.));
#3447=DIRECTION('center_axis',(-1.,0.,4.34435096592452E-16));
#3448=DIRECTION('ref_axis',(4.34435096592452E-16,0.,1.));
#3449=DIRECTION('',(4.34435096592452E-16,0.,1.));
#3450=DIRECTION('',(4.34435096592452E-16,0.,1.));
#3451=DIRECTION('',(0.,1.,0.));
#3452=DIRECTION('center_axis',(-0.713938758592767,0.,-0.700208146895635));
#3453=DIRECTION('ref_axis',(-0.700208146895635,0.,0.713938758592767));
#3454=DIRECTION('',(-0.700208146895635,0.,0.713938758592767));
#3455=DIRECTION('',(-0.700208146895635,0.,0.713938758592767));
#3456=DIRECTION('',(0.,1.,0.));
#3457=DIRECTION('center_axis',(0.,0.,-1.));
#3458=DIRECTION('ref_axis',(-1.,0.,0.));
#3459=DIRECTION('',(-1.,0.,0.));
#3460=DIRECTION('',(-1.,0.,0.));
#3461=DIRECTION('',(0.,1.,0.));
#3462=DIRECTION('',(0.,1.,0.));
#3463=DIRECTION('',(0.,1.,0.));
#3464=DIRECTION('',(0.,1.,0.));
#3465=DIRECTION('',(0.,1.,0.));
#3466=DIRECTION('center_axis',(0.,0.,-1.));
#3467=DIRECTION('ref_axis',(-1.,0.,0.));
#3468=DIRECTION('',(-1.,0.,0.));
#3469=DIRECTION('',(-1.,0.,0.));
#3470=DIRECTION('',(0.,1.,0.));
#3471=DIRECTION('center_axis',(0.713938758592792,0.,-0.70020814689561));
#3472=DIRECTION('ref_axis',(-0.70020814689561,0.,-0.713938758592792));
#3473=DIRECTION('',(-0.70020814689561,0.,-0.713938758592792));
#3474=DIRECTION('',(-0.70020814689561,0.,-0.713938758592792));
#3475=DIRECTION('',(0.,1.,0.));
#3476=DIRECTION('center_axis',(1.,0.,-5.30976229168552E-16));
#3477=DIRECTION('ref_axis',(-5.30976229168552E-16,0.,-1.));
#3478=DIRECTION('',(-5.30976229168552E-16,0.,-1.));
#3479=DIRECTION('',(-5.30976229168552E-16,0.,-1.));
#3480=DIRECTION('',(0.,1.,0.));
#3481=DIRECTION('center_axis',(0.,0.,1.));
#3482=DIRECTION('ref_axis',(1.,0.,0.));
#3483=DIRECTION('',(1.,0.,0.));
#3484=DIRECTION('',(1.,0.,0.));
#3485=DIRECTION('',(0.,1.,0.));
#3486=DIRECTION('center_axis',(0.855782983403695,0.,0.517334983658239));
#3487=DIRECTION('ref_axis',(0.517334983658239,0.,-0.855782983403695));
#3488=DIRECTION('',(0.517334983658239,0.,-0.855782983403695));
#3489=DIRECTION('',(0.517334983658239,0.,-0.855782983403695));
#3490=DIRECTION('',(0.,1.,0.));
#3491=DIRECTION('center_axis',(0.988520327659703,0.,0.15108792739181));
#3492=DIRECTION('ref_axis',(0.15108792739181,0.,-0.988520327659703));
#3493=DIRECTION('',(0.15108792739181,0.,-0.988520327659703));
#3494=DIRECTION('',(0.15108792739181,0.,-0.988520327659703));
#3495=DIRECTION('',(0.,1.,0.));
#3496=DIRECTION('center_axis',(0.602958563499468,0.,0.797772505607117));
#3497=DIRECTION('ref_axis',(0.797772505607117,0.,-0.602958563499468));
#3498=DIRECTION('',(0.797772505607117,0.,-0.602958563499468));
#3499=DIRECTION('',(0.797772505607117,0.,-0.602958563499468));
#3500=DIRECTION('',(0.,1.,0.));
#3501=DIRECTION('',(0.,1.,0.));
#3502=DIRECTION('',(0.,1.,0.));
#3503=DIRECTION('',(0.,1.,0.));
#3504=DIRECTION('',(0.,1.,0.));
#3505=DIRECTION('center_axis',(-0.602958563499468,0.,0.797772505607117));
#3506=DIRECTION('ref_axis',(0.797772505607117,0.,0.602958563499468));
#3507=DIRECTION('',(0.797772505607117,0.,0.602958563499468));
#3508=DIRECTION('',(0.797772505607117,0.,0.602958563499468));
#3509=DIRECTION('',(0.,1.,0.));
#3510=DIRECTION('center_axis',(-0.988520327659703,0.,0.15108792739181));
#3511=DIRECTION('ref_axis',(0.15108792739181,0.,0.988520327659703));
#3512=DIRECTION('',(0.15108792739181,0.,0.988520327659703));
#3513=DIRECTION('',(0.15108792739181,0.,0.988520327659703));
#3514=DIRECTION('center_axis',(0.,1.,0.));
#3515=DIRECTION('ref_axis',(0.,0.,1.));
#3516=DIRECTION('center_axis',(0.,1.,0.));
#3517=DIRECTION('ref_axis',(0.,0.,1.));
#3518=DIRECTION('center_axis',(0.969827368283505,0.,0.24379269006328));
#3519=DIRECTION('ref_axis',(0.24379269006328,0.,-0.969827368283505));
#3520=DIRECTION('',(0.24379269006328,0.,-0.969827368283505));
#3521=DIRECTION('',(0.,1.,0.));
#3522=DIRECTION('',(0.24379269006328,0.,-0.969827368283505));
#3523=DIRECTION('',(0.,1.,0.));
#3524=DIRECTION('center_axis',(0.,1.,0.));
#3525=DIRECTION('ref_axis',(-1.,0.,0.));
#3526=DIRECTION('center_axis',(0.,1.,0.));
#3527=DIRECTION('ref_axis',(-1.,0.,0.));
#3528=DIRECTION('center_axis',(0.,1.,0.));
#3529=DIRECTION('ref_axis',(-1.,0.,0.));
#3530=DIRECTION('',(0.,1.,0.));
#3531=DIRECTION('center_axis',(0.,1.,0.));
#3532=DIRECTION('ref_axis',(-1.,0.,0.));
#3533=DIRECTION('center_axis',(0.,1.,0.));
#3534=DIRECTION('ref_axis',(-1.,0.,0.));
#3535=DIRECTION('center_axis',(0.,1.,0.));
#3536=DIRECTION('ref_axis',(-1.,0.,0.));
#3537=DIRECTION('center_axis',(0.,1.,0.));
#3538=DIRECTION('ref_axis',(-1.,0.,0.));
#3539=DIRECTION('center_axis',(0.,1.,0.));
#3540=DIRECTION('ref_axis',(-1.,0.,0.));
#3541=DIRECTION('',(0.,1.,0.));
#3542=DIRECTION('center_axis',(0.,1.,0.));
#3543=DIRECTION('ref_axis',(-1.,0.,0.));
#3544=DIRECTION('',(0.,1.,0.));
#3545=DIRECTION('center_axis',(-0.969827368283505,0.,0.24379269006328));
#3546=DIRECTION('ref_axis',(0.24379269006328,0.,0.969827368283505));
#3547=DIRECTION('',(0.24379269006328,0.,0.969827368283505));
#3548=DIRECTION('',(0.24379269006328,0.,0.969827368283505));
#3549=DIRECTION('',(0.,1.,0.));
#3550=DIRECTION('center_axis',(0.,1.,0.));
#3551=DIRECTION('ref_axis',(-1.,0.,0.));
#3552=DIRECTION('center_axis',(0.,1.,0.));
#3553=DIRECTION('ref_axis',(-1.,0.,0.));
#3554=DIRECTION('center_axis',(0.,1.,0.));
#3555=DIRECTION('ref_axis',(-1.,0.,0.));
#3556=DIRECTION('center_axis',(0.,1.,0.));
#3557=DIRECTION('ref_axis',(-1.,0.,0.));
#3558=DIRECTION('center_axis',(0.,1.,0.));
#3559=DIRECTION('ref_axis',(-1.,0.,0.));
#3560=DIRECTION('',(0.,1.,0.));
#3561=DIRECTION('center_axis',(0.,1.,0.));
#3562=DIRECTION('ref_axis',(-1.,0.,0.));
#3563=DIRECTION('',(0.,1.,0.));
#3564=DIRECTION('center_axis',(0.,1.,0.));
#3565=DIRECTION('ref_axis',(-1.,0.,0.));
#3566=DIRECTION('center_axis',(0.,1.,0.));
#3567=DIRECTION('ref_axis',(-1.,0.,0.));
#3568=DIRECTION('center_axis',(0.,1.,0.));
#3569=DIRECTION('ref_axis',(-1.,0.,0.));
#3570=DIRECTION('',(0.,1.,0.));
#3571=DIRECTION('center_axis',(-0.56710341456039,0.,-0.823646597269694));
#3572=DIRECTION('ref_axis',(-0.823646597269694,0.,0.56710341456039));
#3573=DIRECTION('',(-0.823646597269694,0.,0.56710341456039));
#3574=DIRECTION('',(-0.823646597269694,0.,0.56710341456039));
#3575=DIRECTION('',(0.,1.,0.));
#3576=DIRECTION('center_axis',(0.,0.,-1.));
#3577=DIRECTION('ref_axis',(-1.,0.,0.));
#3578=DIRECTION('',(-1.,0.,0.));
#3579=DIRECTION('',(-1.,0.,0.));
#3580=DIRECTION('',(0.,1.,0.));
#3581=DIRECTION('center_axis',(0.56710341456039,0.,-0.823646597269694));
#3582=DIRECTION('ref_axis',(-0.823646597269694,0.,-0.56710341456039));
#3583=DIRECTION('',(-0.823646597269694,0.,-0.56710341456039));
#3584=DIRECTION('',(-0.823646597269694,0.,-0.56710341456039));
#3585=DIRECTION('',(0.,1.,0.));
#3586=DIRECTION('center_axis',(0.,1.,0.));
#3587=DIRECTION('ref_axis',(0.999774115864096,0.,0.0212536408213967));
#3588=DIRECTION('center_axis',(0.,1.,0.));
#3589=DIRECTION('ref_axis',(-1.,0.,0.));
#3590=DIRECTION('center_axis',(0.,1.,0.));
#3591=DIRECTION('ref_axis',(-1.,0.,0.));
#3592=DIRECTION('',(0.,1.,0.));
#3593=DIRECTION('center_axis',(0.,1.,0.));
#3594=DIRECTION('ref_axis',(0.765897164506678,0.,0.64296308867666));
#3595=DIRECTION('center_axis',(0.,1.,0.));
#3596=DIRECTION('ref_axis',(-1.,0.,0.));
#3597=DIRECTION('center_axis',(0.,1.,0.));
#3598=DIRECTION('ref_axis',(-1.,0.,0.));
#3599=DIRECTION('',(0.,1.,0.));
#3600=DIRECTION('center_axis',(0.76962452665362,0.,0.638496740769435));
#3601=DIRECTION('ref_axis',(0.638496740769435,0.,-0.76962452665362));
#3602=DIRECTION('',(0.638496740769435,0.,-0.76962452665362));
#3603=DIRECTION('',(0.638496740769435,0.,-0.76962452665362));
#3604=DIRECTION('',(0.,1.,0.));
#3605=DIRECTION('center_axis',(1.,0.,0.));
#3606=DIRECTION('ref_axis',(0.,0.,-1.));
#3607=DIRECTION('',(0.,0.,-1.));
#3608=DIRECTION('',(0.,0.,-1.));
#3609=DIRECTION('',(0.,1.,0.));
#3610=DIRECTION('',(0.,1.,0.));
#3611=DIRECTION('',(0.,1.,0.));
#3612=DIRECTION('',(0.,1.,0.));
#3613=DIRECTION('',(0.,1.,0.));
#3614=DIRECTION('',(0.,1.,0.));
#3615=DIRECTION('',(0.,1.,0.));
#3616=DIRECTION('center_axis',(-1.,0.,-2.31366882527236E-16));
#3617=DIRECTION('ref_axis',(-2.31366882527236E-16,0.,1.));
#3618=DIRECTION('',(-2.31366882527236E-16,0.,1.));
#3619=DIRECTION('',(-2.31366882527236E-16,0.,1.));
#3620=DIRECTION('',(0.,1.,0.));
#3621=DIRECTION('center_axis',(-0.76962452665362,0.,0.638496740769435));
#3622=DIRECTION('ref_axis',(0.638496740769435,0.,0.76962452665362));
#3623=DIRECTION('',(0.638496740769435,0.,0.76962452665362));
#3624=DIRECTION('',(0.638496740769435,0.,0.76962452665362));
#3625=DIRECTION('center_axis',(0.,1.,0.));
#3626=DIRECTION('ref_axis',(0.,0.,1.));
#3627=DIRECTION('center_axis',(0.,1.,0.));
#3628=DIRECTION('ref_axis',(0.,0.,1.));
#3629=DIRECTION('center_axis',(0.707106781186549,0.,0.707106781186546));
#3630=DIRECTION('ref_axis',(0.707106781186546,0.,-0.707106781186549));
#3631=DIRECTION('',(0.707106781186546,0.,-0.707106781186549));
#3632=DIRECTION('',(0.,1.,0.));
#3633=DIRECTION('',(0.707106781186546,0.,-0.707106781186549));
#3634=DIRECTION('',(0.,1.,0.));
#3635=DIRECTION('center_axis',(0.,0.,1.));
#3636=DIRECTION('ref_axis',(1.,0.,0.));
#3637=DIRECTION('',(1.,0.,0.));
#3638=DIRECTION('',(1.,0.,0.));
#3639=DIRECTION('',(0.,1.,0.));
#3640=DIRECTION('center_axis',(-0.707106781186551,0.,0.707106781186544));
#3641=DIRECTION('ref_axis',(0.707106781186544,0.,0.707106781186551));
#3642=DIRECTION('',(0.707106781186544,0.,0.707106781186551));
#3643=DIRECTION('',(0.707106781186544,0.,0.707106781186551));
#3644=DIRECTION('',(0.,1.,0.));
#3645=DIRECTION('center_axis',(-1.,0.,0.));
#3646=DIRECTION('ref_axis',(0.,0.,1.));
#3647=DIRECTION('',(0.,0.,1.));
#3648=DIRECTION('',(0.,0.,1.));
#3649=DIRECTION('',(0.,1.,0.));
#3650=DIRECTION('center_axis',(-0.70710678118654,0.,-0.707106781186555));
#3651=DIRECTION('ref_axis',(-0.707106781186555,0.,0.70710678118654));
#3652=DIRECTION('',(-0.707106781186555,0.,0.70710678118654));
#3653=DIRECTION('',(-0.707106781186555,0.,0.70710678118654));
#3654=DIRECTION('',(0.,1.,0.));
#3655=DIRECTION('center_axis',(5.15279670950142E-14,0.,-1.));
#3656=DIRECTION('ref_axis',(-1.,0.,-5.15279670950142E-14));
#3657=DIRECTION('',(-1.,0.,-5.15279670950142E-14));
#3658=DIRECTION('',(-1.,0.,-5.15279670950142E-14));
#3659=DIRECTION('',(0.,1.,0.));
#3660=DIRECTION('center_axis',(0.707106781186623,0.,-0.707106781186472));
#3661=DIRECTION('ref_axis',(-0.707106781186472,0.,-0.707106781186623));
#3662=DIRECTION('',(-0.707106781186472,0.,-0.707106781186623));
#3663=DIRECTION('',(-0.707106781186472,0.,-0.707106781186623));
#3664=DIRECTION('',(0.,1.,0.));
#3665=DIRECTION('center_axis',(1.,0.,6.49174245279214E-16));
#3666=DIRECTION('ref_axis',(6.49174245279214E-16,0.,-1.));
#3667=DIRECTION('',(6.49174245279214E-16,0.,-1.));
#3668=DIRECTION('',(6.49174245279214E-16,0.,-1.));
#3669=DIRECTION('center_axis',(0.,1.,0.));
#3670=DIRECTION('ref_axis',(0.,0.,1.));
#3671=DIRECTION('center_axis',(0.,1.,0.));
#3672=DIRECTION('ref_axis',(0.,0.,1.));
#3673=DIRECTION('',(0.,1.,0.));
#3674=DIRECTION('',(0.,1.,0.));
#3675=DIRECTION('center_axis',(-0.713938758592792,0.,0.70020814689561));
#3676=DIRECTION('ref_axis',(0.70020814689561,0.,0.713938758592792));
#3677=DIRECTION('',(0.70020814689561,0.,0.713938758592792));
#3678=DIRECTION('',(0.70020814689561,0.,0.713938758592792));
#3679=DIRECTION('',(0.,1.,0.));
#3680=DIRECTION('center_axis',(0.,0.,1.));
#3681=DIRECTION('ref_axis',(1.,0.,0.));
#3682=DIRECTION('',(1.,0.,0.));
#3683=DIRECTION('',(1.,0.,0.));
#3684=DIRECTION('',(0.,1.,0.));
#3685=DIRECTION('',(0.,1.,0.));
#3686=DIRECTION('',(0.,1.,0.));
#3687=DIRECTION('center_axis',(-1.,0.,0.));
#3688=DIRECTION('ref_axis',(0.,0.,1.));
#3689=DIRECTION('',(0.,0.,1.));
#3690=DIRECTION('',(0.,0.,1.));
#3691=DIRECTION('',(0.,1.,0.));
#3692=DIRECTION('center_axis',(-0.76962452665362,0.,-0.638496740769435));
#3693=DIRECTION('ref_axis',(-0.638496740769435,0.,0.76962452665362));
#3694=DIRECTION('',(-0.638496740769435,0.,0.76962452665362));
#3695=DIRECTION('',(-0.638496740769435,0.,0.76962452665362));
#3696=DIRECTION('',(0.,1.,0.));
#3697=DIRECTION('center_axis',(0.,1.,0.));
#3698=DIRECTION('ref_axis',(1.,0.,0.));
#3699=DIRECTION('center_axis',(0.,-1.,0.));
#3700=DIRECTION('ref_axis',(1.,0.,0.));
#3701=DIRECTION('center_axis',(0.,-1.,0.));
#3702=DIRECTION('ref_axis',(1.,0.,0.));
#3703=DIRECTION('',(0.,1.,0.));
#3704=DIRECTION('center_axis',(0.,1.,0.));
#3705=DIRECTION('ref_axis',(1.,0.,0.));
#3706=DIRECTION('center_axis',(0.,-1.,0.));
#3707=DIRECTION('ref_axis',(1.,0.,0.));
#3708=DIRECTION('center_axis',(0.,-1.,0.));
#3709=DIRECTION('ref_axis',(1.,0.,0.));
#3710=DIRECTION('',(0.,1.,0.));
#3711=DIRECTION('center_axis',(-0.56710341456039,0.,0.823646597269694));
#3712=DIRECTION('ref_axis',(0.823646597269694,0.,0.56710341456039));
#3713=DIRECTION('',(0.823646597269694,0.,0.56710341456039));
#3714=DIRECTION('',(0.823646597269694,0.,0.56710341456039));
#3715=DIRECTION('',(0.,1.,0.));
#3716=DIRECTION('center_axis',(0.,0.,-1.));
#3717=DIRECTION('ref_axis',(-1.,0.,0.));
#3718=DIRECTION('',(-1.,0.,0.));
#3719=DIRECTION('',(-1.,0.,0.));
#3720=DIRECTION('',(0.,1.,0.));
#3721=DIRECTION('center_axis',(-0.707106781186549,0.,-0.707106781186546));
#3722=DIRECTION('ref_axis',(-0.707106781186546,0.,0.707106781186549));
#3723=DIRECTION('',(-0.707106781186546,0.,0.707106781186549));
#3724=DIRECTION('',(-0.707106781186546,0.,0.707106781186549));
#3725=DIRECTION('',(0.,1.,0.));
#3726=DIRECTION('center_axis',(-1.,0.,-6.49174245279214E-16));
#3727=DIRECTION('ref_axis',(-6.49174245279214E-16,0.,1.));
#3728=DIRECTION('',(-6.49174245279214E-16,0.,1.));
#3729=DIRECTION('',(-6.49174245279214E-16,0.,1.));
#3730=DIRECTION('',(0.,1.,0.));
#3731=DIRECTION('center_axis',(-0.707106781186623,0.,0.707106781186472));
#3732=DIRECTION('ref_axis',(0.707106781186472,0.,0.707106781186623));
#3733=DIRECTION('',(0.707106781186472,0.,0.707106781186623));
#3734=DIRECTION('',(0.707106781186472,0.,0.707106781186623));
#3735=DIRECTION('',(0.,1.,0.));
#3736=DIRECTION('center_axis',(-5.15279670950142E-14,0.,1.));
#3737=DIRECTION('ref_axis',(1.,0.,5.15279670950142E-14));
#3738=DIRECTION('',(1.,0.,5.15279670950142E-14));
#3739=DIRECTION('',(1.,0.,5.15279670950142E-14));
#3740=DIRECTION('',(0.,1.,0.));
#3741=DIRECTION('center_axis',(0.70710678118654,0.,0.707106781186555));
#3742=DIRECTION('ref_axis',(0.707106781186555,0.,-0.70710678118654));
#3743=DIRECTION('',(0.707106781186555,0.,-0.70710678118654));
#3744=DIRECTION('',(0.707106781186555,0.,-0.70710678118654));
#3745=DIRECTION('',(0.,1.,0.));
#3746=DIRECTION('center_axis',(1.,0.,0.));
#3747=DIRECTION('ref_axis',(0.,0.,-1.));
#3748=DIRECTION('',(0.,0.,-1.));
#3749=DIRECTION('',(0.,0.,-1.));
#3750=DIRECTION('',(0.,1.,0.));
#3751=DIRECTION('center_axis',(0.707106781186551,0.,-0.707106781186544));
#3752=DIRECTION('ref_axis',(-0.707106781186544,0.,-0.707106781186551));
#3753=DIRECTION('',(-0.707106781186544,0.,-0.707106781186551));
#3754=DIRECTION('',(-0.707106781186544,0.,-0.707106781186551));
#3755=DIRECTION('',(0.,1.,0.));
#3756=DIRECTION('center_axis',(0.,0.,-1.));
#3757=DIRECTION('ref_axis',(-1.,0.,0.));
#3758=DIRECTION('',(-1.,0.,0.));
#3759=DIRECTION('',(-1.,0.,0.));
#3760=DIRECTION('',(0.,1.,0.));
#3761=DIRECTION('center_axis',(0.56710341456039,0.,0.823646597269694));
#3762=DIRECTION('ref_axis',(0.823646597269694,0.,-0.56710341456039));
#3763=DIRECTION('',(0.823646597269694,0.,-0.56710341456039));
#3764=DIRECTION('',(0.823646597269694,0.,-0.56710341456039));
#3765=DIRECTION('',(0.,1.,0.));
#3766=DIRECTION('center_axis',(0.,1.,0.));
#3767=DIRECTION('ref_axis',(-0.999774115864096,0.,0.0212536408213991));
#3768=DIRECTION('center_axis',(0.,-1.,0.));
#3769=DIRECTION('ref_axis',(1.,0.,0.));
#3770=DIRECTION('center_axis',(0.,-1.,0.));
#3771=DIRECTION('ref_axis',(1.,0.,0.));
#3772=DIRECTION('',(0.,1.,0.));
#3773=DIRECTION('center_axis',(0.,1.,0.));
#3774=DIRECTION('ref_axis',(-0.765897164506679,0.,0.642963088676659));
#3775=DIRECTION('center_axis',(0.,-1.,0.));
#3776=DIRECTION('ref_axis',(1.,0.,0.));
#3777=DIRECTION('center_axis',(0.,-1.,0.));
#3778=DIRECTION('ref_axis',(1.,0.,0.));
#3779=DIRECTION('',(0.,1.,0.));
#3780=DIRECTION('center_axis',(0.76962452665362,0.,-0.638496740769435));
#3781=DIRECTION('ref_axis',(-0.638496740769435,0.,-0.76962452665362));
#3782=DIRECTION('',(-0.638496740769435,0.,-0.76962452665362));
#3783=DIRECTION('',(-0.638496740769435,0.,-0.76962452665362));
#3784=DIRECTION('',(0.,1.,0.));
#3785=DIRECTION('center_axis',(1.,0.,2.31366882527236E-16));
#3786=DIRECTION('ref_axis',(2.31366882527236E-16,0.,-1.));
#3787=DIRECTION('',(2.31366882527236E-16,0.,-1.));
#3788=DIRECTION('',(2.31366882527236E-16,0.,-1.));
#3789=DIRECTION('',(0.,1.,0.));
#3790=DIRECTION('',(0.,1.,0.));
#3791=DIRECTION('',(0.,1.,0.));
#3792=DIRECTION('center_axis',(0.,0.,1.));
#3793=DIRECTION('ref_axis',(1.,0.,0.));
#3794=DIRECTION('',(1.,0.,0.));
#3795=DIRECTION('',(1.,0.,0.));
#3796=DIRECTION('',(0.,1.,0.));
#3797=DIRECTION('center_axis',(0.713938758592767,0.,0.700208146895635));
#3798=DIRECTION('ref_axis',(0.700208146895635,0.,-0.713938758592767));
#3799=DIRECTION('',(0.700208146895635,0.,-0.713938758592767));
#3800=DIRECTION('',(0.700208146895635,0.,-0.713938758592767));
#3801=DIRECTION('',(0.,1.,0.));
#3802=DIRECTION('center_axis',(0.,1.,0.));
#3803=DIRECTION('ref_axis',(0.,0.,1.));
#3804=DIRECTION('center_axis',(0.,1.,0.));
#3805=DIRECTION('ref_axis',(0.,0.,1.));
#3806=CARTESIAN_POINT('',(0.,0.,0.));
#3807=CARTESIAN_POINT('Origin',(-10.5,0.,41.5189498788071));
#3808=CARTESIAN_POINT('',(-6.50000000000002,0.,41.5189498788071));
#3809=CARTESIAN_POINT('',(-6.55442430467144,0.,42.1765458280285));
#3810=CARTESIAN_POINT('Origin',(-10.5,0.,41.5189498788071));
#3811=CARTESIAN_POINT('',(-6.55442430467144,10.,42.1765458280285));
#3812=CARTESIAN_POINT('',(-6.55442430467144,0.,42.1765458280285));
#3813=CARTESIAN_POINT('',(-6.50000000000002,10.,41.5189498788071));
#3814=CARTESIAN_POINT('Origin',(-10.5,10.,41.5189498788071));
#3815=CARTESIAN_POINT('',(-6.50000000000002,0.,41.5189498788071));
#3816=CARTESIAN_POINT('Origin',(-6.50000000000002,0.,41.85));
#3817=CARTESIAN_POINT('',(-7.44557569532859,0.,47.5234541719715));
#3818=CARTESIAN_POINT('',(-6.50000000000002,0.,41.85));
#3819=CARTESIAN_POINT('',(-7.44557569532859,10.,47.5234541719715));
#3820=CARTESIAN_POINT('',(-7.44557569532859,0.,47.5234541719715));
#3821=CARTESIAN_POINT('',(-6.50000000000002,10.,41.85));
#3822=CARTESIAN_POINT('Origin',(-3.50000000000001,0.,48.1810501211929));
#3823=CARTESIAN_POINT('',(-7.50000000000001,10.,48.1810501211929));
#3824=CARTESIAN_POINT('Origin',(-3.50000000000001,10.,48.1810501211929));
#3825=CARTESIAN_POINT('',(-7.50000000000001,0.,48.1810501211929));
#3826=CARTESIAN_POINT('Origin',(-3.50000000000001,0.,48.1810501211929));
#3827=CARTESIAN_POINT('',(-7.50000000000001,0.,48.1810501211929));
#3828=CARTESIAN_POINT('Origin',(-7.50000000000001,0.,47.85));
#3829=CARTESIAN_POINT('',(-7.50000000000002,0.,52.4357864376269));
#3830=CARTESIAN_POINT('',(-7.50000000000001,0.,41.85));
#3831=CARTESIAN_POINT('',(-7.50000000000002,10.,52.4357864376269));
#3832=CARTESIAN_POINT('',(-7.50000000000002,0.,52.4357864376269));
#3833=CARTESIAN_POINT('',(-7.50000000000001,10.,41.85));
#3834=CARTESIAN_POINT('Origin',(-1.27675647831893E-14,0.,48.9695079075052));
#3835=CARTESIAN_POINT('',(-6.49999999999999,0.,-38.85));
#3836=CARTESIAN_POINT('',(-6.49999999999998,0.,-41.85));
#3837=CARTESIAN_POINT('',(-6.59999999999999,0.,-38.85));
#3838=CARTESIAN_POINT('',(-7.59999999999999,0.,-38.85));
#3839=CARTESIAN_POINT('',(-7.59999999999999,0.,-39.35));
#3840=CARTESIAN_POINT('',(13.353901581501,0.,-28.8730492092495));
#3841=CARTESIAN_POINT('',(-7.59999999999999,0.,-41.35));
#3842=CARTESIAN_POINT('',(-7.59999999999998,0.,-41.85));
#3843=CARTESIAN_POINT('',(-6.59999999999998,0.,-41.85));
#3844=CARTESIAN_POINT('',(-22.3739015815012,0.,-33.9630492092493));
#3845=CARTESIAN_POINT('',(-2.24879499213383,0.,-41.85));
#3846=CARTESIAN_POINT('',(6.50000000000002,0.,-41.85));
#3847=CARTESIAN_POINT('',(-0.785461008233489,0.,-39.4293318410387));
#3848=CARTESIAN_POINT('',(-0.785461008233489,0.,-39.4293318410387));
#3849=CARTESIAN_POINT('',(-0.639442093446788,0.,-38.4739764530788));
#3850=CARTESIAN_POINT('',(-0.639442093446788,0.,-38.4739764530788));
#3851=CARTESIAN_POINT('',(-0.392157539177883,0.,-38.287078134862));
#3852=CARTESIAN_POINT('',(-0.392157539177883,0.,-38.287078134862));
#3853=CARTESIAN_POINT('',(-1.09724218098227,0.,-36.1941978299691));
#3854=CARTESIAN_POINT('Ctrl Pts',(-1.09724218098227,0.,-36.1941978299691));
#3855=CARTESIAN_POINT('Ctrl Pts',(-1.00642714942082,0.,-36.8845718392269));
#3856=CARTESIAN_POINT('Ctrl Pts',(-0.785461008233513,0.,-37.9560119352656));
#3857=CARTESIAN_POINT('Ctrl Pts',(-0.392157539177883,0.,-38.287078134862));
#3858=CARTESIAN_POINT('',(1.11022302462516E-15,0.,-35.9978542525193));
#3859=CARTESIAN_POINT('Ctrl Pts',(1.11022302462516E-15,0.,-35.9978542525193));
#3860=CARTESIAN_POINT('Ctrl Pts',(-1.11480591818267,0.,-36.0421086910742));
#3861=CARTESIAN_POINT('Ctrl Pts',(-1.09724218098227,0.,-36.1941978299691));
#3862=CARTESIAN_POINT('',(1.09724218098227,0.,-36.1941978299691));
#3863=CARTESIAN_POINT('Ctrl Pts',(1.09724218098227,0.,-36.1941978299691));
#3864=CARTESIAN_POINT('Ctrl Pts',(1.11480591818267,0.,-36.0421086910742));
#3865=CARTESIAN_POINT('Ctrl Pts',(1.11022302462516E-15,0.,-35.9978542525193));
#3866=CARTESIAN_POINT('',(0.39215753917791,0.,-38.287078134862));
#3867=CARTESIAN_POINT('Ctrl Pts',(0.39215753917791,0.,-38.287078134862));
#3868=CARTESIAN_POINT('Ctrl Pts',(0.785461008233515,0.,-37.9560119352656));
#3869=CARTESIAN_POINT('Ctrl Pts',(1.00642714942082,0.,-36.8845718392269));
#3870=CARTESIAN_POINT('Ctrl Pts',(1.09724218098227,0.,-36.1941978299691));
#3871=CARTESIAN_POINT('',(0.639442093446814,0.,-38.4739764530788));
#3872=CARTESIAN_POINT('',(0.639442093446814,0.,-38.4739764530788));
#3873=CARTESIAN_POINT('',(0.785461008233515,0.,-39.4293318410387));
#3874=CARTESIAN_POINT('',(0.785461008233515,0.,-39.4293318410387));
#3875=CARTESIAN_POINT('',(2.24879499213386,0.,-41.85));
#3876=CARTESIAN_POINT('',(2.24879499213386,0.,-41.85));
#3877=CARTESIAN_POINT('',(6.60000000000001,0.,-41.85));
#3878=CARTESIAN_POINT('',(6.50000000000002,0.,-41.85));
#3879=CARTESIAN_POINT('',(7.60000000000001,0.,-41.35));
#3880=CARTESIAN_POINT('',(22.373901581501,0.,-33.9630492092496));
#3881=CARTESIAN_POINT('',(7.60000000000001,0.,-39.35));
#3882=CARTESIAN_POINT('',(7.60000000000001,0.,-38.85));
#3883=CARTESIAN_POINT('',(6.60000000000001,0.,-38.85));
#3884=CARTESIAN_POINT('',(-13.353901581501,0.,-28.8730492092495));
#3885=CARTESIAN_POINT('',(6.50000000000001,0.,-38.85));
#3886=CARTESIAN_POINT('',(6.50000000000001,0.,-38.85));
#3887=CARTESIAN_POINT('',(6.49999999999998,0.,41.5189498788071));
#3888=CARTESIAN_POINT('',(6.49999999999998,0.,41.85));
#3889=CARTESIAN_POINT('',(6.55442430467141,0.,42.1765458280286));
#3890=CARTESIAN_POINT('Origin',(10.5,0.,41.5189498788071));
#3891=CARTESIAN_POINT('',(7.44557569532856,0.,47.5234541719714));
#3892=CARTESIAN_POINT('',(7.49999999999999,0.,47.85));
#3893=CARTESIAN_POINT('',(7.49999999999999,0.,48.1810501211929));
#3894=CARTESIAN_POINT('Origin',(3.49999999999998,0.,48.1810501211929));
#3895=CARTESIAN_POINT('',(7.49999999999998,0.,52.4357864376269));
#3896=CARTESIAN_POINT('',(7.49999999999998,0.,53.85));
#3897=CARTESIAN_POINT('',(7.20710678118652,0.,53.1428932188135));
#3898=CARTESIAN_POINT('Origin',(6.49999999999998,0.,52.4357864376269));
#3899=CARTESIAN_POINT('',(6.78546760425542,0.,53.5645323957446));
#3900=CARTESIAN_POINT('',(6.34512302312367,0.,54.0048769768763));
#3901=CARTESIAN_POINT('',(6.19999999999999,0.,53.85));
#3902=CARTESIAN_POINT('Origin',(6.07836082306887,0.,52.857425614558));
#3903=CARTESIAN_POINT('',(5.76875519479757,0.,54.3639375458876));
#3904=CARTESIAN_POINT('',(5.76875519479757,0.,54.3639375458876));
#3905=CARTESIAN_POINT('',(5.28853843646433,0.,54.3639375458876));
#3906=CARTESIAN_POINT('',(3.6312448052024,0.,54.3639375458876));
#3907=CARTESIAN_POINT('',(5.83352771728303,0.,55.8619933631853));
#3908=CARTESIAN_POINT('Ctrl Pts',(5.83352771728303,0.,55.8619933631853));
#3909=CARTESIAN_POINT('Ctrl Pts',(5.74271268572158,0.,55.1716193539275));
#3910=CARTESIAN_POINT('Ctrl Pts',(5.52560818910314,0.,54.7181618094536));
#3911=CARTESIAN_POINT('Ctrl Pts',(5.28853843646433,0.,54.3639375458876));
#3912=CARTESIAN_POINT('',(4.69999999999999,0.,56.0890158150105));
#3913=CARTESIAN_POINT('Ctrl Pts',(4.69999999999999,0.,56.0890158150105));
#3914=CARTESIAN_POINT('Ctrl Pts',(5.85103436385269,0.,56.0126443418617));
#3915=CARTESIAN_POINT('Ctrl Pts',(5.83352771728303,0.,55.8619933631853));
#3916=CARTESIAN_POINT('',(3.56647228271695,0.,55.8619933631853));
#3917=CARTESIAN_POINT('Ctrl Pts',(3.56647228271695,0.,55.8619933631853));
#3918=CARTESIAN_POINT('Ctrl Pts',(3.54896563614729,0.,56.0126443418617));
#3919=CARTESIAN_POINT('Ctrl Pts',(4.69999999999999,0.,56.0890158150105));
#3920=CARTESIAN_POINT('',(4.11146156353564,0.,54.3639375458876));
#3921=CARTESIAN_POINT('Ctrl Pts',(4.11146156353564,0.,54.3639375458876));
#3922=CARTESIAN_POINT('Ctrl Pts',(3.87439181089683,0.,54.7181618094536));
#3923=CARTESIAN_POINT('Ctrl Pts',(3.65728731427839,0.,55.1716193539275));
#3924=CARTESIAN_POINT('Ctrl Pts',(3.56647228271695,0.,55.8619933631853));
#3925=CARTESIAN_POINT('',(3.6312448052024,0.,54.3639375458876));
#3926=CARTESIAN_POINT('',(3.6312448052024,0.,54.3639375458876));
#3927=CARTESIAN_POINT('',(3.19999999999999,0.,53.85));
#3928=CARTESIAN_POINT('',(3.19999999999999,0.,53.85));
#3929=CARTESIAN_POINT('',(1.49999999999998,0.,53.85));
#3930=CARTESIAN_POINT('',(-7.50000000000002,0.,53.85));
#3931=CARTESIAN_POINT('',(1.06875519479757,0.,54.3639375458876));
#3932=CARTESIAN_POINT('',(1.06875519479757,0.,54.3639375458876));
#3933=CARTESIAN_POINT('',(0.588592565677842,0.,54.3640184267774));
#3934=CARTESIAN_POINT('',(-1.06845311759606,0.,54.3642975474777));
#3935=CARTESIAN_POINT('',(1.13352771728303,0.,55.8619933631853));
#3936=CARTESIAN_POINT('Ctrl Pts',(1.13352771728303,0.,55.8619933631853));
#3937=CARTESIAN_POINT('Ctrl Pts',(1.04271959758007,0.,55.1716718977341));
#3938=CARTESIAN_POINT('Ctrl Pts',(0.825641235666336,0.,54.7182308353987));
#3939=CARTESIAN_POINT('Ctrl Pts',(0.588592565677833,0.,54.3640184267774));
#3940=CARTESIAN_POINT('',(-1.27675647831893E-14,0.,56.0890158150105));
#3941=CARTESIAN_POINT('Ctrl Pts',(-1.27675647831893E-14,0.,56.0890158150105));
#3942=CARTESIAN_POINT('Ctrl Pts',(1.15103436385268,0.,56.0126443418617));
#3943=CARTESIAN_POINT('Ctrl Pts',(1.13352771728303,0.,55.8619933631853));
#3944=CARTESIAN_POINT('',(-1.13352771728305,0.,55.8619933631853));
#3945=CARTESIAN_POINT('Ctrl Pts',(-1.13352771728305,0.,55.8619933631853));
#3946=CARTESIAN_POINT('Ctrl Pts',(-1.15103436385271,0.,56.0126443418617));
#3947=CARTESIAN_POINT('Ctrl Pts',(-1.27675647831893E-14,0.,56.0890158150105));
#3948=CARTESIAN_POINT('',(-0.588725273189391,0.,54.3642167398252));
#3949=CARTESIAN_POINT('Ctrl Pts',(-0.588725273189396,0.,54.3642167398252));
#3950=CARTESIAN_POINT('Ctrl Pts',(-0.825722250868032,0.,54.7184000802901));
#3951=CARTESIAN_POINT('Ctrl Pts',(-1.04273654362063,0.,55.1718007211871));
#3952=CARTESIAN_POINT('Ctrl Pts',(-1.13352771728305,0.,55.8619933631853));
#3953=CARTESIAN_POINT('',(-1.06845311759606,0.,54.3642975474777));
#3954=CARTESIAN_POINT('',(-1.06845311759606,0.,54.3642975474777));
#3955=CARTESIAN_POINT('',(-1.50000000000002,0.,53.85));
#3956=CARTESIAN_POINT('',(-1.50000000000002,0.,53.85));
#3957=CARTESIAN_POINT('',(-3.20000000000001,0.,53.85));
#3958=CARTESIAN_POINT('',(-7.50000000000002,0.,53.85));
#3959=CARTESIAN_POINT('',(-3.63124480520242,0.,54.3642975474777));
#3960=CARTESIAN_POINT('',(-3.63124480520242,0.,54.3642975474777));
#3961=CARTESIAN_POINT('',(-4.11122065696477,0.,54.3642975474777));
#3962=CARTESIAN_POINT('',(-5.7687551947976,0.,54.3642975474777));
#3963=CARTESIAN_POINT('',(-3.56647228271697,0.,55.8619933631853));
#3964=CARTESIAN_POINT('Ctrl Pts',(-3.56647228271697,0.,55.8619933631853));
#3965=CARTESIAN_POINT('Ctrl Pts',(-3.65725655179603,0.,55.1718532096883));
#3966=CARTESIAN_POINT('Ctrl Pts',(-3.87424474239629,0.,54.7184690430441));
#3967=CARTESIAN_POINT('Ctrl Pts',(-4.11122065696564,0.,54.3642975474764));
#3968=CARTESIAN_POINT('',(-4.70000000000001,0.,56.0890158150105));
#3969=CARTESIAN_POINT('Ctrl Pts',(-4.70000000000001,0.,56.0890158150105));
#3970=CARTESIAN_POINT('Ctrl Pts',(-3.54896563614732,0.,56.0126443418617));
#3971=CARTESIAN_POINT('Ctrl Pts',(-3.56647228271697,0.,55.8619933631853));
#3972=CARTESIAN_POINT('',(-5.83352771728305,0.,55.8619933631853));
#3973=CARTESIAN_POINT('Ctrl Pts',(-5.83352771728305,0.,55.8619933631853));
#3974=CARTESIAN_POINT('Ctrl Pts',(-5.85103436385271,0.,56.0126443418617));
#3975=CARTESIAN_POINT('Ctrl Pts',(-4.70000000000001,0.,56.0890158150105));
#3976=CARTESIAN_POINT('',(-5.28877934303526,0.,54.3642975474777));
#3977=CARTESIAN_POINT('Ctrl Pts',(-5.28877934303525,0.,54.3642975474777));
#3978=CARTESIAN_POINT('Ctrl Pts',(-5.52575525760426,0.,54.7184690430452));
#3979=CARTESIAN_POINT('Ctrl Pts',(-5.74274344820411,0.,55.1718532096892));
#3980=CARTESIAN_POINT('Ctrl Pts',(-5.83352771728305,0.,55.8619933631853));
#3981=CARTESIAN_POINT('',(-5.7687551947976,0.,54.3642975474777));
#3982=CARTESIAN_POINT('',(-5.7687551947976,0.,54.3642975474777));
#3983=CARTESIAN_POINT('',(-6.20000000000001,0.,53.85));
#3984=CARTESIAN_POINT('',(-6.20000000000001,0.,53.85));
#3985=CARTESIAN_POINT('',(-6.78546760425545,0.,53.5645323957446));
#3986=CARTESIAN_POINT('Origin',(-6.07836082306891,0.,52.857425614558));
#3987=CARTESIAN_POINT('',(-7.20710678118656,0.,53.1428932188135));
#3988=CARTESIAN_POINT('',(-6.3451230231237,0.,54.0048769768763));
#3989=CARTESIAN_POINT('Origin',(-6.50000000000001,0.,52.4357864376269));
#3990=CARTESIAN_POINT('Origin',(10.5,0.,41.5189498788071));
#3991=CARTESIAN_POINT('',(6.49999999999998,10.,41.5189498788071));
#3992=CARTESIAN_POINT('',(6.49999999999998,0.,41.5189498788071));
#3993=CARTESIAN_POINT('',(6.55442430467141,10.,42.1765458280286));
#3994=CARTESIAN_POINT('Origin',(10.5,10.,41.5189498788071));
#3995=CARTESIAN_POINT('',(6.55442430467141,0.,42.1765458280286));
#3996=CARTESIAN_POINT('Origin',(6.49999999999998,0.,41.85));
#3997=CARTESIAN_POINT('',(6.50000000000001,10.,-38.85));
#3998=CARTESIAN_POINT('',(6.50000000000001,0.,-38.85));
#3999=CARTESIAN_POINT('',(6.49999999999998,10.,41.85));
#4000=CARTESIAN_POINT('Origin',(3.49999999999998,0.,48.1810501211929));
#4001=CARTESIAN_POINT('',(7.44557569532856,10.,47.5234541719714));
#4002=CARTESIAN_POINT('',(7.49999999999999,10.,48.1810501211929));
#4003=CARTESIAN_POINT('Origin',(3.49999999999998,10.,48.1810501211929));
#4004=CARTESIAN_POINT('',(7.49999999999999,0.,48.1810501211929));
#4005=CARTESIAN_POINT('',(7.44557569532856,0.,47.5234541719714));
#4006=CARTESIAN_POINT('Origin',(7.49999999999998,0.,53.85));
#4007=CARTESIAN_POINT('',(7.49999999999998,10.,52.4357864376269));
#4008=CARTESIAN_POINT('',(7.49999999999998,10.,53.85));
#4009=CARTESIAN_POINT('',(7.49999999999998,0.,52.4357864376269));
#4010=CARTESIAN_POINT('Origin',(-1.27675647831893E-14,10.,48.9695079075052));
#4011=CARTESIAN_POINT('',(-7.20710678118656,10.,53.1428932188135));
#4012=CARTESIAN_POINT('Origin',(-6.50000000000001,10.,52.4357864376269));
#4013=CARTESIAN_POINT('',(-6.78546760425545,10.,53.5645323957446));
#4014=CARTESIAN_POINT('',(-6.3451230231237,10.,54.0048769768763));
#4015=CARTESIAN_POINT('',(-6.20000000000001,10.,53.85));
#4016=CARTESIAN_POINT('Origin',(-6.07836082306891,10.,52.857425614558));
#4017=CARTESIAN_POINT('',(-5.7687551947976,10.,54.3642975474777));
#4018=CARTESIAN_POINT('',(-6.20000000000001,10.,53.85));
#4019=CARTESIAN_POINT('',(-5.28877934303526,10.,54.3642975474777));
#4020=CARTESIAN_POINT('',(-5.7687551947976,10.,54.3642975474777));
#4021=CARTESIAN_POINT('',(-5.83352771728305,10.,55.8619933631853));
#4022=CARTESIAN_POINT('Ctrl Pts',(-5.28877934303525,10.,54.3642975474777));
#4023=CARTESIAN_POINT('Ctrl Pts',(-5.52575525760426,10.,54.7184690430452));
#4024=CARTESIAN_POINT('Ctrl Pts',(-5.74274344820411,10.,55.1718532096892));
#4025=CARTESIAN_POINT('Ctrl Pts',(-5.83352771728305,10.,55.8619933631853));
#4026=CARTESIAN_POINT('',(-4.70000000000001,10.,56.0890158150105));
#4027=CARTESIAN_POINT('Ctrl Pts',(-5.83352771728305,10.,55.8619933631853));
#4028=CARTESIAN_POINT('Ctrl Pts',(-5.85103436385271,10.,56.0126443418617));
#4029=CARTESIAN_POINT('Ctrl Pts',(-4.70000000000001,10.,56.0890158150105));
#4030=CARTESIAN_POINT('',(-3.56647228271697,10.,55.8619933631853));
#4031=CARTESIAN_POINT('Ctrl Pts',(-4.70000000000001,10.,56.0890158150105));
#4032=CARTESIAN_POINT('Ctrl Pts',(-3.54896563614732,10.,56.0126443418617));
#4033=CARTESIAN_POINT('Ctrl Pts',(-3.56647228271697,10.,55.8619933631853));
#4034=CARTESIAN_POINT('',(-4.11122065696477,10.,54.3642975474777));
#4035=CARTESIAN_POINT('Ctrl Pts',(-3.56647228271697,10.,55.8619933631853));
#4036=CARTESIAN_POINT('Ctrl Pts',(-3.65725655179603,10.,55.1718532096883));
#4037=CARTESIAN_POINT('Ctrl Pts',(-3.87424474239629,10.,54.7184690430441));
#4038=CARTESIAN_POINT('Ctrl Pts',(-4.11122065696564,10.,54.3642975474764));
#4039=CARTESIAN_POINT('',(-3.63124480520242,10.,54.3642975474777));
#4040=CARTESIAN_POINT('',(-5.7687551947976,10.,54.3642975474777));
#4041=CARTESIAN_POINT('',(-3.20000000000001,10.,53.85));
#4042=CARTESIAN_POINT('',(-3.63124480520242,10.,54.3642975474777));
#4043=CARTESIAN_POINT('',(-1.50000000000002,10.,53.85));
#4044=CARTESIAN_POINT('',(-7.50000000000002,10.,53.85));
#4045=CARTESIAN_POINT('',(-1.06845311759606,10.,54.3642975474777));
#4046=CARTESIAN_POINT('',(-1.50000000000002,10.,53.85));
#4047=CARTESIAN_POINT('',(-0.588725273189391,10.,54.3642167398252));
#4048=CARTESIAN_POINT('',(-1.06845311759606,10.,54.3642975474777));
#4049=CARTESIAN_POINT('',(-1.13352771728305,10.,55.8619933631853));
#4050=CARTESIAN_POINT('Ctrl Pts',(-0.588725273189396,10.,54.3642167398252));
#4051=CARTESIAN_POINT('Ctrl Pts',(-0.825722250868032,10.,54.7184000802901));
#4052=CARTESIAN_POINT('Ctrl Pts',(-1.04273654362063,10.,55.1718007211871));
#4053=CARTESIAN_POINT('Ctrl Pts',(-1.13352771728305,10.,55.8619933631853));
#4054=CARTESIAN_POINT('',(-1.27675647831893E-14,10.,56.0890158150105));
#4055=CARTESIAN_POINT('Ctrl Pts',(-1.13352771728305,10.,55.8619933631853));
#4056=CARTESIAN_POINT('Ctrl Pts',(-1.15103436385271,10.,56.0126443418617));
#4057=CARTESIAN_POINT('Ctrl Pts',(-1.27675647831893E-14,10.,56.0890158150105));
#4058=CARTESIAN_POINT('',(1.13352771728303,10.,55.8619933631853));
#4059=CARTESIAN_POINT('Ctrl Pts',(-1.27675647831893E-14,10.,56.0890158150105));
#4060=CARTESIAN_POINT('Ctrl Pts',(1.15103436385268,10.,56.0126443418617));
#4061=CARTESIAN_POINT('Ctrl Pts',(1.13352771728303,10.,55.8619933631853));
#4062=CARTESIAN_POINT('',(0.588592565677842,10.,54.3640184267774));
#4063=CARTESIAN_POINT('Ctrl Pts',(1.13352771728303,10.,55.8619933631853));
#4064=CARTESIAN_POINT('Ctrl Pts',(1.04271959758007,10.,55.1716718977341));
#4065=CARTESIAN_POINT('Ctrl Pts',(0.825641235666336,10.,54.7182308353987));
#4066=CARTESIAN_POINT('Ctrl Pts',(0.588592565677833,10.,54.3640184267774));
#4067=CARTESIAN_POINT('',(1.06875519479757,10.,54.3639375458876));
#4068=CARTESIAN_POINT('',(-1.06845311759606,10.,54.3642975474777));
#4069=CARTESIAN_POINT('',(1.49999999999998,10.,53.85));
#4070=CARTESIAN_POINT('',(1.06875519479757,10.,54.3639375458876));
#4071=CARTESIAN_POINT('',(3.19999999999999,10.,53.85));
#4072=CARTESIAN_POINT('',(-7.50000000000002,10.,53.85));
#4073=CARTESIAN_POINT('',(3.6312448052024,10.,54.3639375458876));
#4074=CARTESIAN_POINT('',(3.19999999999999,10.,53.85));
#4075=CARTESIAN_POINT('',(4.11146156353564,10.,54.3639375458876));
#4076=CARTESIAN_POINT('',(3.6312448052024,10.,54.3639375458876));
#4077=CARTESIAN_POINT('',(3.56647228271695,10.,55.8619933631853));
#4078=CARTESIAN_POINT('Ctrl Pts',(4.11146156353564,10.,54.3639375458876));
#4079=CARTESIAN_POINT('Ctrl Pts',(3.87439181089683,10.,54.7181618094536));
#4080=CARTESIAN_POINT('Ctrl Pts',(3.65728731427839,10.,55.1716193539275));
#4081=CARTESIAN_POINT('Ctrl Pts',(3.56647228271695,10.,55.8619933631853));
#4082=CARTESIAN_POINT('',(4.69999999999999,10.,56.0890158150105));
#4083=CARTESIAN_POINT('Ctrl Pts',(3.56647228271695,10.,55.8619933631853));
#4084=CARTESIAN_POINT('Ctrl Pts',(3.54896563614729,10.,56.0126443418617));
#4085=CARTESIAN_POINT('Ctrl Pts',(4.69999999999999,10.,56.0890158150105));
#4086=CARTESIAN_POINT('',(5.83352771728303,10.,55.8619933631853));
#4087=CARTESIAN_POINT('Ctrl Pts',(4.69999999999999,10.,56.0890158150105));
#4088=CARTESIAN_POINT('Ctrl Pts',(5.85103436385269,10.,56.0126443418617));
#4089=CARTESIAN_POINT('Ctrl Pts',(5.83352771728303,10.,55.8619933631853));
#4090=CARTESIAN_POINT('',(5.28853843646433,10.,54.3639375458876));
#4091=CARTESIAN_POINT('Ctrl Pts',(5.83352771728303,10.,55.8619933631853));
#4092=CARTESIAN_POINT('Ctrl Pts',(5.74271268572158,10.,55.1716193539275));
#4093=CARTESIAN_POINT('Ctrl Pts',(5.52560818910314,10.,54.7181618094536));
#4094=CARTESIAN_POINT('Ctrl Pts',(5.28853843646433,10.,54.3639375458876));
#4095=CARTESIAN_POINT('',(5.76875519479757,10.,54.3639375458876));
#4096=CARTESIAN_POINT('',(3.6312448052024,10.,54.3639375458876));
#4097=CARTESIAN_POINT('',(6.19999999999999,10.,53.85));
#4098=CARTESIAN_POINT('',(5.76875519479757,10.,54.3639375458876));
#4099=CARTESIAN_POINT('',(6.78546760425542,10.,53.5645323957446));
#4100=CARTESIAN_POINT('Origin',(6.07836082306887,10.,52.857425614558));
#4101=CARTESIAN_POINT('',(7.20710678118652,10.,53.1428932188135));
#4102=CARTESIAN_POINT('',(6.34512302312367,10.,54.0048769768763));
#4103=CARTESIAN_POINT('Origin',(6.49999999999998,10.,52.4357864376269));
#4104=CARTESIAN_POINT('',(7.49999999999999,10.,47.85));
#4105=CARTESIAN_POINT('',(6.60000000000001,10.,-38.85));
#4106=CARTESIAN_POINT('',(6.50000000000001,10.,-38.85));
#4107=CARTESIAN_POINT('',(7.60000000000001,10.,-39.35));
#4108=CARTESIAN_POINT('',(-13.353901581501,10.,-28.8730492092495));
#4109=CARTESIAN_POINT('',(7.60000000000001,10.,-41.35));
#4110=CARTESIAN_POINT('',(7.60000000000001,10.,-38.85));
#4111=CARTESIAN_POINT('',(6.60000000000001,10.,-41.85));
#4112=CARTESIAN_POINT('',(22.373901581501,10.,-33.9630492092496));
#4113=CARTESIAN_POINT('',(2.24879499213386,10.,-41.85));
#4114=CARTESIAN_POINT('',(6.50000000000002,10.,-41.85));
#4115=CARTESIAN_POINT('',(0.785461008233516,10.,-39.4293318410387));
#4116=CARTESIAN_POINT('',(2.24879499213386,10.,-41.85));
#4117=CARTESIAN_POINT('',(0.639442093446814,10.,-38.4739764530788));
#4118=CARTESIAN_POINT('',(0.785461008233515,10.,-39.4293318410387));
#4119=CARTESIAN_POINT('',(0.39215753917791,10.,-38.287078134862));
#4120=CARTESIAN_POINT('',(0.639442093446814,10.,-38.4739764530788));
#4121=CARTESIAN_POINT('',(1.09724218098227,10.,-36.1941978299691));
#4122=CARTESIAN_POINT('Ctrl Pts',(0.39215753917791,10.,-38.287078134862));
#4123=CARTESIAN_POINT('Ctrl Pts',(0.785461008233515,10.,-37.9560119352656));
#4124=CARTESIAN_POINT('Ctrl Pts',(1.00642714942082,10.,-36.8845718392269));
#4125=CARTESIAN_POINT('Ctrl Pts',(1.09724218098227,10.,-36.1941978299691));
#4126=CARTESIAN_POINT('',(1.11022302462516E-15,10.,-35.9978542525193));
#4127=CARTESIAN_POINT('Ctrl Pts',(1.09724218098227,10.,-36.1941978299691));
#4128=CARTESIAN_POINT('Ctrl Pts',(1.11480591818267,10.,-36.0421086910742));
#4129=CARTESIAN_POINT('Ctrl Pts',(1.11022302462516E-15,10.,-35.9978542525193));
#4130=CARTESIAN_POINT('',(-1.09724218098227,10.,-36.1941978299691));
#4131=CARTESIAN_POINT('Ctrl Pts',(1.11022302462516E-15,10.,-35.9978542525193));
#4132=CARTESIAN_POINT('Ctrl Pts',(-1.11480591818267,10.,-36.0421086910742));
#4133=CARTESIAN_POINT('Ctrl Pts',(-1.09724218098227,10.,-36.1941978299691));
#4134=CARTESIAN_POINT('',(-0.392157539177883,10.,-38.287078134862));
#4135=CARTESIAN_POINT('Ctrl Pts',(-1.09724218098227,10.,-36.1941978299691));
#4136=CARTESIAN_POINT('Ctrl Pts',(-1.00642714942082,10.,-36.8845718392269));
#4137=CARTESIAN_POINT('Ctrl Pts',(-0.785461008233513,10.,-37.9560119352656));
#4138=CARTESIAN_POINT('Ctrl Pts',(-0.392157539177883,10.,-38.287078134862));
#4139=CARTESIAN_POINT('',(-0.639442093446788,10.,-38.4739764530788));
#4140=CARTESIAN_POINT('',(-0.392157539177883,10.,-38.287078134862));
#4141=CARTESIAN_POINT('',(-0.785461008233489,10.,-39.4293318410387));
#4142=CARTESIAN_POINT('',(-0.639442093446788,10.,-38.4739764530788));
#4143=CARTESIAN_POINT('',(-2.24879499213383,10.,-41.85));
#4144=CARTESIAN_POINT('',(-0.785461008233489,10.,-39.4293318410387));
#4145=CARTESIAN_POINT('',(-6.59999999999998,10.,-41.85));
#4146=CARTESIAN_POINT('',(6.50000000000002,10.,-41.85));
#4147=CARTESIAN_POINT('',(-7.59999999999999,10.,-41.35));
#4148=CARTESIAN_POINT('',(-22.3739015815012,10.,-33.9630492092493));
#4149=CARTESIAN_POINT('',(-7.59999999999999,10.,-39.35));
#4150=CARTESIAN_POINT('',(-7.59999999999998,10.,-41.85));
#4151=CARTESIAN_POINT('',(-6.59999999999999,10.,-38.85));
#4152=CARTESIAN_POINT('',(13.353901581501,10.,-28.8730492092495));
#4153=CARTESIAN_POINT('',(-6.49999999999999,10.,-38.85));
#4154=CARTESIAN_POINT('',(-7.59999999999999,10.,-38.85));
#4155=CARTESIAN_POINT('',(-6.49999999999998,10.,-41.85));
#4156=CARTESIAN_POINT('Origin',(6.49999999999998,0.,52.4357864376269));
#4157=CARTESIAN_POINT('',(7.20710678118652,0.,53.1428932188135));
#4158=CARTESIAN_POINT('Origin',(6.99999999999998,0.,53.35));
#4159=CARTESIAN_POINT('',(6.78546760425542,0.,53.5645323957446));
#4160=CARTESIAN_POINT('Origin',(6.07836082306887,0.,52.857425614558));
#4161=CARTESIAN_POINT('',(6.19999999999999,0.,53.85));
#4162=CARTESIAN_POINT('Origin',(-6.07836082306891,0.,52.857425614558));
#4163=CARTESIAN_POINT('',(-6.78546760425545,0.,53.5645323957446));
#4164=CARTESIAN_POINT('',(-6.20000000000001,0.,53.85));
#4165=CARTESIAN_POINT('Origin',(-7.00000000000002,0.,53.35));
#4166=CARTESIAN_POINT('',(-7.20710678118656,0.,53.1428932188135));
#4167=CARTESIAN_POINT('Origin',(-6.50000000000001,0.,52.4357864376269));
#4168=CARTESIAN_POINT('Origin',(-7.09999999999999,0.,-39.1));
#4169=CARTESIAN_POINT('',(-7.59999999999999,0.,-39.35));
#4170=CARTESIAN_POINT('',(-6.59999999999999,0.,-38.85));
#4171=CARTESIAN_POINT('Origin',(-7.59999999999998,0.,-41.85));
#4172=CARTESIAN_POINT('',(-7.59999999999999,0.,-41.35));
#4173=CARTESIAN_POINT('Origin',(-7.09999999999999,0.,-41.6));
#4174=CARTESIAN_POINT('',(-6.59999999999998,0.,-41.85));
#4175=CARTESIAN_POINT('Origin',(7.10000000000001,0.,-39.1));
#4176=CARTESIAN_POINT('',(6.60000000000001,0.,-38.85));
#4177=CARTESIAN_POINT('',(7.60000000000001,0.,-39.35));
#4178=CARTESIAN_POINT('Origin',(7.60000000000001,0.,-38.85));
#4179=CARTESIAN_POINT('',(7.60000000000001,0.,-41.35));
#4180=CARTESIAN_POINT('Origin',(7.10000000000001,0.,-41.6));
#4181=CARTESIAN_POINT('',(6.60000000000001,0.,-41.85));
#4182=CARTESIAN_POINT('Ctrl Pts',(4.11146156353564,0.,54.3639375458876));
#4183=CARTESIAN_POINT('Ctrl Pts',(4.11146156353564,10.,54.3639375458876));
#4184=CARTESIAN_POINT('Ctrl Pts',(3.87439181089683,0.,54.7181618094536));
#4185=CARTESIAN_POINT('Ctrl Pts',(3.87439181089683,10.,54.7181618094536));
#4186=CARTESIAN_POINT('Ctrl Pts',(3.65728731427839,0.,55.1716193539275));
#4187=CARTESIAN_POINT('Ctrl Pts',(3.65728731427839,10.,55.1716193539275));
#4188=CARTESIAN_POINT('Ctrl Pts',(3.56647228271695,0.,55.8619933631853));
#4189=CARTESIAN_POINT('Ctrl Pts',(3.56647228271695,10.,55.8619933631853));
#4190=CARTESIAN_POINT('',(3.56647228271695,0.,55.8619933631853));
#4191=CARTESIAN_POINT('',(4.11146156353564,0.,54.3639375458876));
#4192=CARTESIAN_POINT('Origin',(3.6312448052024,0.,54.3639375458876));
#4193=CARTESIAN_POINT('',(3.6312448052024,0.,54.3639375458876));
#4194=CARTESIAN_POINT('Origin',(3.19999999999999,0.,53.85));
#4195=CARTESIAN_POINT('',(3.19999999999999,0.,53.85));
#4196=CARTESIAN_POINT('Origin',(1.49999999999998,0.,53.85));
#4197=CARTESIAN_POINT('',(1.49999999999998,0.,53.85));
#4198=CARTESIAN_POINT('Origin',(1.06875519479757,0.,54.3639375458876));
#4199=CARTESIAN_POINT('',(1.06875519479757,0.,54.3639375458876));
#4200=CARTESIAN_POINT('Origin',(0.588592565677842,0.,54.3640184267774));
#4201=CARTESIAN_POINT('',(0.588592565677842,0.,54.3640184267774));
#4202=CARTESIAN_POINT('Ctrl Pts',(1.13352771728303,0.,55.8619933631853));
#4203=CARTESIAN_POINT('Ctrl Pts',(1.13352771728303,10.,55.8619933631853));
#4204=CARTESIAN_POINT('Ctrl Pts',(1.04271959758007,0.,55.1716718977341));
#4205=CARTESIAN_POINT('Ctrl Pts',(1.04271959758007,10.,55.1716718977341));
#4206=CARTESIAN_POINT('Ctrl Pts',(0.825641235666336,0.,54.7182308353987));
#4207=CARTESIAN_POINT('Ctrl Pts',(0.825641235666336,10.,54.7182308353987));
#4208=CARTESIAN_POINT('Ctrl Pts',(0.588592565677833,0.,54.3640184267774));
#4209=CARTESIAN_POINT('Ctrl Pts',(0.588592565677833,10.,54.3640184267774));
#4210=CARTESIAN_POINT('',(1.13352771728303,0.,55.8619933631853));
#4211=CARTESIAN_POINT('Ctrl Pts',(-1.27675647831893E-14,0.,56.0890158150105));
#4212=CARTESIAN_POINT('Ctrl Pts',(-1.27675647831893E-14,10.,56.0890158150105));
#4213=CARTESIAN_POINT('Ctrl Pts',(1.15103436385268,0.,56.0126443418617));
#4214=CARTESIAN_POINT('Ctrl Pts',(1.15103436385268,10.,56.0126443418617));
#4215=CARTESIAN_POINT('Ctrl Pts',(1.13352771728303,0.,55.8619933631853));
#4216=CARTESIAN_POINT('Ctrl Pts',(1.13352771728303,10.,55.8619933631853));
#4217=CARTESIAN_POINT('',(-1.27675647831893E-14,0.,56.0890158150105));
#4218=CARTESIAN_POINT('Ctrl Pts',(-1.13352771728305,0.,55.8619933631853));
#4219=CARTESIAN_POINT('Ctrl Pts',(-1.13352771728305,10.,55.8619933631853));
#4220=CARTESIAN_POINT('Ctrl Pts',(-1.15103436385271,0.,56.0126443418617));
#4221=CARTESIAN_POINT('Ctrl Pts',(-1.15103436385271,10.,56.0126443418617));
#4222=CARTESIAN_POINT('Ctrl Pts',(-1.27675647831893E-14,0.,56.0890158150105));
#4223=CARTESIAN_POINT('Ctrl Pts',(-1.27675647831893E-14,10.,56.0890158150105));
#4224=CARTESIAN_POINT('',(-1.13352771728305,0.,55.8619933631853));
#4225=CARTESIAN_POINT('Ctrl Pts',(-0.588725273189396,0.,54.3642167398252));
#4226=CARTESIAN_POINT('Ctrl Pts',(-0.588725273189396,10.,54.3642167398252));
#4227=CARTESIAN_POINT('Ctrl Pts',(-0.825722250868032,0.,54.7184000802901));
#4228=CARTESIAN_POINT('Ctrl Pts',(-0.825722250868032,10.,54.7184000802901));
#4229=CARTESIAN_POINT('Ctrl Pts',(-1.04273654362063,0.,55.1718007211871));
#4230=CARTESIAN_POINT('Ctrl Pts',(-1.04273654362063,10.,55.1718007211871));
#4231=CARTESIAN_POINT('Ctrl Pts',(-1.13352771728305,0.,55.8619933631853));
#4232=CARTESIAN_POINT('Ctrl Pts',(-1.13352771728305,10.,55.8619933631853));
#4233=CARTESIAN_POINT('',(-0.588725273189391,0.,54.3642167398252));
#4234=CARTESIAN_POINT('Origin',(-1.06845311759606,0.,54.3642975474777));
#4235=CARTESIAN_POINT('',(-1.06845311759606,0.,54.3642975474777));
#4236=CARTESIAN_POINT('Origin',(-1.50000000000002,0.,53.85));
#4237=CARTESIAN_POINT('',(-1.50000000000002,0.,53.85));
#4238=CARTESIAN_POINT('Origin',(-3.20000000000001,0.,53.85));
#4239=CARTESIAN_POINT('',(-3.20000000000001,0.,53.85));
#4240=CARTESIAN_POINT('Origin',(-3.63124480520242,0.,54.3642975474777));
#4241=CARTESIAN_POINT('',(-3.63124480520242,0.,54.3642975474777));
#4242=CARTESIAN_POINT('Origin',(-4.11122065696477,0.,54.3642975474777));
#4243=CARTESIAN_POINT('',(-4.11122065696477,0.,54.3642975474777));
#4244=CARTESIAN_POINT('Ctrl Pts',(-3.56647228271697,0.,55.8619933631853));
#4245=CARTESIAN_POINT('Ctrl Pts',(-3.56647228271697,10.,55.8619933631853));
#4246=CARTESIAN_POINT('Ctrl Pts',(-3.65725655179603,0.,55.1718532096884));
#4247=CARTESIAN_POINT('Ctrl Pts',(-3.65725655179603,10.,55.1718532096884));
#4248=CARTESIAN_POINT('Ctrl Pts',(-3.87424474239629,0.,54.7184690430441));
#4249=CARTESIAN_POINT('Ctrl Pts',(-3.87424474239629,10.,54.7184690430441));
#4250=CARTESIAN_POINT('Ctrl Pts',(-4.11122065696564,0.,54.3642975474764));
#4251=CARTESIAN_POINT('Ctrl Pts',(-4.11122065696564,10.,54.3642975474764));
#4252=CARTESIAN_POINT('',(-3.56647228271697,0.,55.8619933631853));
#4253=CARTESIAN_POINT('Ctrl Pts',(-4.70000000000001,0.,56.0890158150105));
#4254=CARTESIAN_POINT('Ctrl Pts',(-4.70000000000001,10.,56.0890158150105));
#4255=CARTESIAN_POINT('Ctrl Pts',(-3.54896563614732,0.,56.0126443418617));
#4256=CARTESIAN_POINT('Ctrl Pts',(-3.54896563614732,10.,56.0126443418617));
#4257=CARTESIAN_POINT('Ctrl Pts',(-3.56647228271697,0.,55.8619933631853));
#4258=CARTESIAN_POINT('Ctrl Pts',(-3.56647228271697,10.,55.8619933631853));
#4259=CARTESIAN_POINT('',(-4.70000000000001,0.,56.0890158150105));
#4260=CARTESIAN_POINT('Ctrl Pts',(-5.83352771728305,0.,55.8619933631853));
#4261=CARTESIAN_POINT('Ctrl Pts',(-5.83352771728305,10.,55.8619933631853));
#4262=CARTESIAN_POINT('Ctrl Pts',(-5.85103436385271,0.,56.0126443418617));
#4263=CARTESIAN_POINT('Ctrl Pts',(-5.85103436385271,10.,56.0126443418617));
#4264=CARTESIAN_POINT('Ctrl Pts',(-4.70000000000001,0.,56.0890158150105));
#4265=CARTESIAN_POINT('Ctrl Pts',(-4.70000000000001,10.,56.0890158150105));
#4266=CARTESIAN_POINT('',(-5.83352771728305,0.,55.8619933631853));
#4267=CARTESIAN_POINT('Ctrl Pts',(-5.28877934303525,0.,54.3642975474777));
#4268=CARTESIAN_POINT('Ctrl Pts',(-5.28877934303525,10.,54.3642975474777));
#4269=CARTESIAN_POINT('Ctrl Pts',(-5.52575525760426,0.,54.7184690430453));
#4270=CARTESIAN_POINT('Ctrl Pts',(-5.52575525760426,10.,54.7184690430453));
#4271=CARTESIAN_POINT('Ctrl Pts',(-5.74274344820411,0.,55.1718532096892));
#4272=CARTESIAN_POINT('Ctrl Pts',(-5.74274344820411,10.,55.1718532096892));
#4273=CARTESIAN_POINT('Ctrl Pts',(-5.83352771728305,0.,55.8619933631853));
#4274=CARTESIAN_POINT('Ctrl Pts',(-5.83352771728305,10.,55.8619933631853));
#4275=CARTESIAN_POINT('',(-5.28877934303526,0.,54.3642975474777));
#4276=CARTESIAN_POINT('Origin',(-5.7687551947976,0.,54.3642975474777));
#4277=CARTESIAN_POINT('',(-5.7687551947976,0.,54.3642975474777));
#4278=CARTESIAN_POINT('Origin',(-6.20000000000001,0.,53.85));
#4279=CARTESIAN_POINT('Origin',(-6.49999999999999,0.,-38.85));
#4280=CARTESIAN_POINT('',(-6.49999999999999,0.,-38.85));
#4281=CARTESIAN_POINT('Origin',(-7.59999999999999,0.,-38.85));
#4282=CARTESIAN_POINT('Origin',(-2.24879499213383,0.,-41.85));
#4283=CARTESIAN_POINT('',(-2.24879499213383,0.,-41.85));
#4284=CARTESIAN_POINT('Origin',(-0.785461008233489,0.,-39.4293318410387));
#4285=CARTESIAN_POINT('',(-0.785461008233489,0.,-39.4293318410387));
#4286=CARTESIAN_POINT('Origin',(-0.639442093446788,0.,-38.4739764530788));
#4287=CARTESIAN_POINT('',(-0.639442093446788,0.,-38.4739764530788));
#4288=CARTESIAN_POINT('Origin',(-0.392157539177883,0.,-38.287078134862));
#4289=CARTESIAN_POINT('',(-0.392157539177883,0.,-38.287078134862));
#4290=CARTESIAN_POINT('Ctrl Pts',(-1.09724218098227,0.,-36.1941978299691));
#4291=CARTESIAN_POINT('Ctrl Pts',(-1.09724218098227,10.,-36.1941978299691));
#4292=CARTESIAN_POINT('Ctrl Pts',(-1.00642714942082,0.,-36.8845718392269));
#4293=CARTESIAN_POINT('Ctrl Pts',(-1.00642714942082,10.,-36.8845718392269));
#4294=CARTESIAN_POINT('Ctrl Pts',(-0.785461008233513,0.,-37.9560119352656));
#4295=CARTESIAN_POINT('Ctrl Pts',(-0.785461008233513,10.,-37.9560119352656));
#4296=CARTESIAN_POINT('Ctrl Pts',(-0.392157539177883,0.,-38.287078134862));
#4297=CARTESIAN_POINT('Ctrl Pts',(-0.392157539177883,10.,-38.287078134862));
#4298=CARTESIAN_POINT('',(-1.09724218098227,0.,-36.1941978299691));
#4299=CARTESIAN_POINT('Ctrl Pts',(1.11022302462516E-15,0.,-35.9978542525193));
#4300=CARTESIAN_POINT('Ctrl Pts',(1.11022302462516E-15,10.,-35.9978542525193));
#4301=CARTESIAN_POINT('Ctrl Pts',(-1.11480591818267,0.,-36.0421086910742));
#4302=CARTESIAN_POINT('Ctrl Pts',(-1.11480591818267,10.,-36.0421086910742));
#4303=CARTESIAN_POINT('Ctrl Pts',(-1.09724218098227,0.,-36.1941978299691));
#4304=CARTESIAN_POINT('Ctrl Pts',(-1.09724218098227,10.,-36.1941978299691));
#4305=CARTESIAN_POINT('',(1.11022302462516E-15,0.,-35.9978542525193));
#4306=CARTESIAN_POINT('Ctrl Pts',(1.09724218098227,0.,-36.1941978299691));
#4307=CARTESIAN_POINT('Ctrl Pts',(1.09724218098227,10.,-36.1941978299691));
#4308=CARTESIAN_POINT('Ctrl Pts',(1.11480591818267,0.,-36.0421086910742));
#4309=CARTESIAN_POINT('Ctrl Pts',(1.11480591818267,10.,-36.0421086910742));
#4310=CARTESIAN_POINT('Ctrl Pts',(1.11022302462516E-15,0.,-35.9978542525193));
#4311=CARTESIAN_POINT('Ctrl Pts',(1.11022302462516E-15,10.,-35.9978542525193));
#4312=CARTESIAN_POINT('',(1.09724218098227,0.,-36.1941978299691));
#4313=CARTESIAN_POINT('Ctrl Pts',(0.39215753917791,0.,-38.287078134862));
#4314=CARTESIAN_POINT('Ctrl Pts',(0.39215753917791,10.,-38.287078134862));
#4315=CARTESIAN_POINT('Ctrl Pts',(0.785461008233515,0.,-37.9560119352656));
#4316=CARTESIAN_POINT('Ctrl Pts',(0.785461008233515,10.,-37.9560119352656));
#4317=CARTESIAN_POINT('Ctrl Pts',(1.00642714942082,0.,-36.8845718392269));
#4318=CARTESIAN_POINT('Ctrl Pts',(1.00642714942082,10.,-36.8845718392269));
#4319=CARTESIAN_POINT('Ctrl Pts',(1.09724218098227,0.,-36.1941978299691));
#4320=CARTESIAN_POINT('Ctrl Pts',(1.09724218098227,10.,-36.1941978299691));
#4321=CARTESIAN_POINT('',(0.39215753917791,0.,-38.287078134862));
#4322=CARTESIAN_POINT('Origin',(0.639442093446814,0.,-38.4739764530788));
#4323=CARTESIAN_POINT('',(0.639442093446814,0.,-38.4739764530788));
#4324=CARTESIAN_POINT('Origin',(0.785461008233515,0.,-39.4293318410387));
#4325=CARTESIAN_POINT('',(0.785461008233515,0.,-39.4293318410387));
#4326=CARTESIAN_POINT('Origin',(2.24879499213386,0.,-41.85));
#4327=CARTESIAN_POINT('',(2.24879499213386,0.,-41.85));
#4328=CARTESIAN_POINT('Origin',(7.60000000000001,0.,-41.85));
#4329=CARTESIAN_POINT('Origin',(6.50000000000001,0.,-38.85));
#4330=CARTESIAN_POINT('Origin',(7.49999999999999,0.,47.85));
#4331=CARTESIAN_POINT('Origin',(5.76875519479757,0.,54.3639375458876));
#4332=CARTESIAN_POINT('',(5.76875519479757,0.,54.3639375458876));
#4333=CARTESIAN_POINT('Origin',(5.28853843646433,0.,54.3639375458876));
#4334=CARTESIAN_POINT('',(5.28853843646433,0.,54.3639375458876));
#4335=CARTESIAN_POINT('Ctrl Pts',(5.83352771728303,0.,55.8619933631853));
#4336=CARTESIAN_POINT('Ctrl Pts',(5.83352771728303,10.,55.8619933631853));
#4337=CARTESIAN_POINT('Ctrl Pts',(5.74271268572158,0.,55.1716193539275));
#4338=CARTESIAN_POINT('Ctrl Pts',(5.74271268572158,10.,55.1716193539275));
#4339=CARTESIAN_POINT('Ctrl Pts',(5.52560818910314,0.,54.7181618094536));
#4340=CARTESIAN_POINT('Ctrl Pts',(5.52560818910314,10.,54.7181618094536));
#4341=CARTESIAN_POINT('Ctrl Pts',(5.28853843646433,0.,54.3639375458876));
#4342=CARTESIAN_POINT('Ctrl Pts',(5.28853843646433,10.,54.3639375458876));
#4343=CARTESIAN_POINT('',(5.83352771728303,0.,55.8619933631853));
#4344=CARTESIAN_POINT('Ctrl Pts',(4.69999999999999,0.,56.0890158150105));
#4345=CARTESIAN_POINT('Ctrl Pts',(4.69999999999999,10.,56.0890158150105));
#4346=CARTESIAN_POINT('Ctrl Pts',(5.85103436385269,0.,56.0126443418617));
#4347=CARTESIAN_POINT('Ctrl Pts',(5.85103436385269,10.,56.0126443418617));
#4348=CARTESIAN_POINT('Ctrl Pts',(5.83352771728303,0.,55.8619933631853));
#4349=CARTESIAN_POINT('Ctrl Pts',(5.83352771728303,10.,55.8619933631853));
#4350=CARTESIAN_POINT('',(4.69999999999999,0.,56.0890158150105));
#4351=CARTESIAN_POINT('Ctrl Pts',(3.56647228271695,0.,55.8619933631853));
#4352=CARTESIAN_POINT('Ctrl Pts',(3.56647228271695,10.,55.8619933631853));
#4353=CARTESIAN_POINT('Ctrl Pts',(3.54896563614729,0.,56.0126443418617));
#4354=CARTESIAN_POINT('Ctrl Pts',(3.54896563614729,10.,56.0126443418617));
#4355=CARTESIAN_POINT('Ctrl Pts',(4.69999999999999,0.,56.0890158150105));
#4356=CARTESIAN_POINT('Ctrl Pts',(4.69999999999999,10.,56.0890158150105));
#4357=CARTESIAN_POINT('Origin',(-2.24879499213383,0.,-41.85));
#4358=CARTESIAN_POINT('',(-2.24879499213383,0.,-41.85));
#4359=CARTESIAN_POINT('',(-0.785461008233489,0.,-39.4293318410387));
#4360=CARTESIAN_POINT('',(-2.24879499213383,0.,-41.85));
#4361=CARTESIAN_POINT('',(-0.785461008233489,10.,-39.4293318410387));
#4362=CARTESIAN_POINT('',(-0.785461008233489,0.,-39.4293318410387));
#4363=CARTESIAN_POINT('',(-2.24879499213383,10.,-41.85));
#4364=CARTESIAN_POINT('',(-2.24879499213383,10.,-41.85));
#4365=CARTESIAN_POINT('',(-2.24879499213383,0.,-41.85));
#4366=CARTESIAN_POINT('Origin',(-6.49999999999998,0.,-41.85));
#4367=CARTESIAN_POINT('',(-6.49999999999998,0.,-41.85));
#4368=CARTESIAN_POINT('',(-6.49999999999998,0.,-41.85));
#4369=CARTESIAN_POINT('',(-6.49999999999998,10.,-41.85));
#4370=CARTESIAN_POINT('',(-6.49999999999998,10.,-41.85));
#4371=CARTESIAN_POINT('',(-6.49999999999998,0.,-41.85));
#4372=CARTESIAN_POINT('Origin',(-6.49999999999999,0.,-64.85));
#4373=CARTESIAN_POINT('',(-6.49999999999999,0.,-64.85));
#4374=CARTESIAN_POINT('',(-6.49999999999999,0.,-64.85));
#4375=CARTESIAN_POINT('',(-6.49999999999999,10.,-64.85));
#4376=CARTESIAN_POINT('',(-6.49999999999999,10.,-64.85));
#4377=CARTESIAN_POINT('',(-6.49999999999999,0.,-64.85));
#4378=CARTESIAN_POINT('Origin',(-3.87439181089689,0.,-67.527094603069));
#4379=CARTESIAN_POINT('',(-3.87439181089692,0.,-67.5270946030691));
#4380=CARTESIAN_POINT('',(-3.87439181089686,0.,-67.5270946030691));
#4381=CARTESIAN_POINT('',(-3.87439181089692,10.,-67.5270946030691));
#4382=CARTESIAN_POINT('',(-3.87439181089686,10.,-67.5270946030691));
#4383=CARTESIAN_POINT('',(-3.87439181089692,0.,-67.5270946030691));
#4384=CARTESIAN_POINT('Origin',(-0.23074148231855,0.,-67.5270946030691));
#4385=CARTESIAN_POINT('',(-0.23074148231855,0.,-67.5270946030691));
#4386=CARTESIAN_POINT('',(3.87439181089695,0.,-67.5270946030691));
#4387=CARTESIAN_POINT('',(-0.23074148231855,10.,-67.5270946030691));
#4388=CARTESIAN_POINT('',(3.87439181089695,10.,-67.5270946030691));
#4389=CARTESIAN_POINT('',(-0.23074148231855,0.,-67.5270946030691));
#4390=CARTESIAN_POINT('Ctrl Pts',(-1.14606757974133,0.,-65.6079555199819));
#4391=CARTESIAN_POINT('Ctrl Pts',(-1.14606757974133,10.,-65.6079555199819));
#4392=CARTESIAN_POINT('Ctrl Pts',(-1.07667543010533,0.,-66.0755880490737));
#4393=CARTESIAN_POINT('Ctrl Pts',(-1.07667543010533,10.,-66.0755880490737));
#4394=CARTESIAN_POINT('Ctrl Pts',(-0.727539153098306,0.,-66.8818534931577));
#4395=CARTESIAN_POINT('Ctrl Pts',(-0.727539153098306,10.,-66.8818534931577));
#4396=CARTESIAN_POINT('Ctrl Pts',(-0.341844315980429,0.,-67.2741169115114));
#4397=CARTESIAN_POINT('Ctrl Pts',(-0.341844315980429,10.,-67.2741169115114));
#4398=CARTESIAN_POINT('Ctrl Pts',(-0.232890528273804,0.,-67.4669159411903));
#4399=CARTESIAN_POINT('Ctrl Pts',(-0.232890528273804,10.,-67.4669159411903));
#4400=CARTESIAN_POINT('Ctrl Pts',(-0.23074148231855,0.,-67.5270946030691));
#4401=CARTESIAN_POINT('Ctrl Pts',(-0.23074148231855,10.,-67.5270946030691));
#4402=CARTESIAN_POINT('',(-1.14606757974133,0.,-65.6079555199819));
#4403=CARTESIAN_POINT('Ctrl Pts',(-1.14606757974133,0.,-65.6079555199819));
#4404=CARTESIAN_POINT('Ctrl Pts',(-1.07667543010533,0.,-66.0755880490737));
#4405=CARTESIAN_POINT('Ctrl Pts',(-0.727539153098306,0.,-66.8818534931577));
#4406=CARTESIAN_POINT('Ctrl Pts',(-0.341844315980429,0.,-67.2741169115114));
#4407=CARTESIAN_POINT('Ctrl Pts',(-0.232890528273804,0.,-67.4669159411903));
#4408=CARTESIAN_POINT('Ctrl Pts',(-0.23074148231855,0.,-67.5270946030691));
#4409=CARTESIAN_POINT('',(-1.14606757974133,10.,-65.6079555199819));
#4410=CARTESIAN_POINT('Ctrl Pts',(-1.14606757974133,10.,-65.6079555199819));
#4411=CARTESIAN_POINT('Ctrl Pts',(-1.07667543010533,10.,-66.0755880490737));
#4412=CARTESIAN_POINT('Ctrl Pts',(-0.727539153098306,10.,-66.8818534931577));
#4413=CARTESIAN_POINT('Ctrl Pts',(-0.341844315980429,10.,-67.2741169115114));
#4414=CARTESIAN_POINT('Ctrl Pts',(-0.232890528273804,10.,-67.4669159411903));
#4415=CARTESIAN_POINT('Ctrl Pts',(-0.23074148231855,10.,-67.5270946030691));
#4416=CARTESIAN_POINT('',(-1.14606757974133,0.,-65.6079555199819));
#4417=CARTESIAN_POINT('Ctrl Pts',(1.11022302462516E-15,0.,-65.4421998521508));
#4418=CARTESIAN_POINT('Ctrl Pts',(1.11022302462516E-15,10.,-65.4421998521508));
#4419=CARTESIAN_POINT('Ctrl Pts',(-0.982043570140862,0.,-65.4563819204118));
#4420=CARTESIAN_POINT('Ctrl Pts',(-0.982043570140862,10.,-65.4563819204118));
#4421=CARTESIAN_POINT('Ctrl Pts',(-1.14606757974133,0.,-65.6079555199819));
#4422=CARTESIAN_POINT('Ctrl Pts',(-1.14606757974133,10.,-65.6079555199819));
#4423=CARTESIAN_POINT('',(1.11022302462516E-15,0.,-65.4421998521508));
#4424=CARTESIAN_POINT('Ctrl Pts',(1.11022302462516E-15,0.,-65.4421998521508));
#4425=CARTESIAN_POINT('Ctrl Pts',(-0.982043570140862,0.,-65.4563819204118));
#4426=CARTESIAN_POINT('Ctrl Pts',(-1.14606757974133,0.,-65.6079555199819));
#4427=CARTESIAN_POINT('',(1.11022302462516E-15,10.,-65.4421998521508));
#4428=CARTESIAN_POINT('Ctrl Pts',(1.11022302462516E-15,10.,-65.4421998521508));
#4429=CARTESIAN_POINT('Ctrl Pts',(-0.982043570140862,10.,-65.4563819204118));
#4430=CARTESIAN_POINT('Ctrl Pts',(-1.14606757974133,10.,-65.6079555199819));
#4431=CARTESIAN_POINT('',(1.11022302462516E-15,0.,-65.4421998521508));
#4432=CARTESIAN_POINT('Ctrl Pts',(1.14606757974134,0.,-65.6079555199819));
#4433=CARTESIAN_POINT('Ctrl Pts',(1.14606757974134,10.,-65.6079555199819));
#4434=CARTESIAN_POINT('Ctrl Pts',(0.982043570140865,0.,-65.4563819204118));
#4435=CARTESIAN_POINT('Ctrl Pts',(0.982043570140865,10.,-65.4563819204118));
#4436=CARTESIAN_POINT('Ctrl Pts',(1.11022302462516E-15,0.,-65.4421998521508));
#4437=CARTESIAN_POINT('Ctrl Pts',(1.11022302462516E-15,10.,-65.4421998521508));
#4438=CARTESIAN_POINT('',(1.14606757974134,0.,-65.6079555199819));
#4439=CARTESIAN_POINT('Ctrl Pts',(1.14606757974134,0.,-65.6079555199819));
#4440=CARTESIAN_POINT('Ctrl Pts',(0.982043570140865,0.,-65.4563819204118));
#4441=CARTESIAN_POINT('Ctrl Pts',(1.11022302462516E-15,0.,-65.4421998521508));
#4442=CARTESIAN_POINT('',(1.14606757974134,10.,-65.6079555199819));
#4443=CARTESIAN_POINT('Ctrl Pts',(1.14606757974134,10.,-65.6079555199819));
#4444=CARTESIAN_POINT('Ctrl Pts',(0.982043570140865,10.,-65.4563819204118));
#4445=CARTESIAN_POINT('Ctrl Pts',(1.11022302462516E-15,10.,-65.4421998521508));
#4446=CARTESIAN_POINT('',(1.14606757974134,0.,-65.6079555199819));
#4447=CARTESIAN_POINT('Ctrl Pts',(0.230741482318576,0.,-67.5270946030691));
#4448=CARTESIAN_POINT('Ctrl Pts',(0.230741482318576,10.,-67.5270946030691));
#4449=CARTESIAN_POINT('Ctrl Pts',(0.232890528273831,0.,-67.4669159411903));
#4450=CARTESIAN_POINT('Ctrl Pts',(0.232890528273831,10.,-67.4669159411903));
#4451=CARTESIAN_POINT('Ctrl Pts',(0.341844315980456,0.,-67.2741169115114));
#4452=CARTESIAN_POINT('Ctrl Pts',(0.341844315980456,10.,-67.2741169115114));
#4453=CARTESIAN_POINT('Ctrl Pts',(0.727539153098332,0.,-66.8818534931577));
#4454=CARTESIAN_POINT('Ctrl Pts',(0.727539153098332,10.,-66.8818534931577));
#4455=CARTESIAN_POINT('Ctrl Pts',(1.07667543010536,0.,-66.0755880490737));
#4456=CARTESIAN_POINT('Ctrl Pts',(1.07667543010536,10.,-66.0755880490737));
#4457=CARTESIAN_POINT('Ctrl Pts',(1.14606757974134,0.,-65.6079555199819));
#4458=CARTESIAN_POINT('Ctrl Pts',(1.14606757974134,10.,-65.6079555199819));
#4459=CARTESIAN_POINT('',(0.230741482318577,0.,-67.5270946030691));
#4460=CARTESIAN_POINT('Ctrl Pts',(0.230741482318576,0.,-67.5270946030691));
#4461=CARTESIAN_POINT('Ctrl Pts',(0.232890528273831,0.,-67.4669159411903));
#4462=CARTESIAN_POINT('Ctrl Pts',(0.341844315980456,0.,-67.2741169115114));
#4463=CARTESIAN_POINT('Ctrl Pts',(0.727539153098332,0.,-66.8818534931577));
#4464=CARTESIAN_POINT('Ctrl Pts',(1.07667543010536,0.,-66.0755880490737));
#4465=CARTESIAN_POINT('Ctrl Pts',(1.14606757974134,0.,-65.6079555199819));
#4466=CARTESIAN_POINT('',(0.230741482318577,10.,-67.5270946030691));
#4467=CARTESIAN_POINT('Ctrl Pts',(0.230741482318576,10.,-67.5270946030691));
#4468=CARTESIAN_POINT('Ctrl Pts',(0.232890528273831,10.,-67.4669159411903));
#4469=CARTESIAN_POINT('Ctrl Pts',(0.341844315980456,10.,-67.2741169115114));
#4470=CARTESIAN_POINT('Ctrl Pts',(0.727539153098332,10.,-66.8818534931577));
#4471=CARTESIAN_POINT('Ctrl Pts',(1.07667543010536,10.,-66.0755880490737));
#4472=CARTESIAN_POINT('Ctrl Pts',(1.14606757974134,10.,-65.6079555199819));
#4473=CARTESIAN_POINT('',(0.230741482318577,0.,-67.5270946030691));
#4474=CARTESIAN_POINT('Origin',(3.87439181089695,0.,-67.5270946030691));
#4475=CARTESIAN_POINT('',(3.87439181089695,0.,-67.5270946030691));
#4476=CARTESIAN_POINT('',(3.87439181089695,0.,-67.5270946030691));
#4477=CARTESIAN_POINT('',(3.87439181089695,10.,-67.5270946030691));
#4478=CARTESIAN_POINT('',(3.87439181089695,10.,-67.5270946030691));
#4479=CARTESIAN_POINT('',(3.87439181089695,0.,-67.5270946030691));
#4480=CARTESIAN_POINT('Origin',(6.49999999999997,0.,-64.85));
#4481=CARTESIAN_POINT('',(6.5,0.,-64.85));
#4482=CARTESIAN_POINT('',(6.49999999999995,0.,-64.85));
#4483=CARTESIAN_POINT('',(6.5,10.,-64.85));
#4484=CARTESIAN_POINT('',(6.49999999999995,10.,-64.85));
#4485=CARTESIAN_POINT('',(6.5,0.,-64.85));
#4486=CARTESIAN_POINT('Origin',(6.50000000000002,0.,-41.85));
#4487=CARTESIAN_POINT('',(6.50000000000002,0.,-41.85));
#4488=CARTESIAN_POINT('',(6.50000000000002,0.,-41.85));
#4489=CARTESIAN_POINT('',(6.50000000000002,10.,-41.85));
#4490=CARTESIAN_POINT('',(6.50000000000002,10.,-41.85));
#4491=CARTESIAN_POINT('',(6.50000000000002,0.,-41.85));
#4492=CARTESIAN_POINT('Origin',(2.24879499213386,0.,-41.85));
#4493=CARTESIAN_POINT('',(2.24879499213386,0.,-41.85));
#4494=CARTESIAN_POINT('',(-6.49999999999998,0.,-41.85));
#4495=CARTESIAN_POINT('',(2.24879499213386,10.,-41.85));
#4496=CARTESIAN_POINT('',(-6.49999999999998,10.,-41.85));
#4497=CARTESIAN_POINT('',(2.24879499213386,0.,-41.85));
#4498=CARTESIAN_POINT('Origin',(0.785461008233515,0.,-39.4293318410387));
#4499=CARTESIAN_POINT('',(0.785461008233515,0.,-39.4293318410387));
#4500=CARTESIAN_POINT('',(0.785461008233515,0.,-39.4293318410387));
#4501=CARTESIAN_POINT('',(0.785461008233515,10.,-39.4293318410387));
#4502=CARTESIAN_POINT('',(0.785461008233515,10.,-39.4293318410387));
#4503=CARTESIAN_POINT('',(0.785461008233515,0.,-39.4293318410387));
#4504=CARTESIAN_POINT('Origin',(0.639442093446814,0.,-38.4739764530788));
#4505=CARTESIAN_POINT('',(0.639442093446814,0.,-38.4739764530788));
#4506=CARTESIAN_POINT('',(0.639442093446814,0.,-38.4739764530788));
#4507=CARTESIAN_POINT('',(0.639442093446814,10.,-38.4739764530788));
#4508=CARTESIAN_POINT('',(0.639442093446814,10.,-38.4739764530788));
#4509=CARTESIAN_POINT('',(0.639442093446814,0.,-38.4739764530788));
#4510=CARTESIAN_POINT('Origin',(0.39215753917791,0.,-38.287078134862));
#4511=CARTESIAN_POINT('',(0.39215753917791,0.,-38.287078134862));
#4512=CARTESIAN_POINT('',(0.39215753917791,0.,-38.287078134862));
#4513=CARTESIAN_POINT('',(0.39215753917791,10.,-38.287078134862));
#4514=CARTESIAN_POINT('',(0.39215753917791,10.,-38.287078134862));
#4515=CARTESIAN_POINT('',(0.39215753917791,0.,-38.287078134862));
#4516=CARTESIAN_POINT('Ctrl Pts',(1.09724218098227,0.,-36.1941978299691));
#4517=CARTESIAN_POINT('Ctrl Pts',(1.09724218098227,10.,-36.1941978299691));
#4518=CARTESIAN_POINT('Ctrl Pts',(1.00642714942082,0.,-36.8845718392269));
#4519=CARTESIAN_POINT('Ctrl Pts',(1.00642714942082,10.,-36.8845718392269));
#4520=CARTESIAN_POINT('Ctrl Pts',(0.785461008233515,0.,-37.9560119352656));
#4521=CARTESIAN_POINT('Ctrl Pts',(0.785461008233515,10.,-37.9560119352656));
#4522=CARTESIAN_POINT('Ctrl Pts',(0.39215753917791,0.,-38.287078134862));
#4523=CARTESIAN_POINT('Ctrl Pts',(0.39215753917791,10.,-38.287078134862));
#4524=CARTESIAN_POINT('',(1.09724218098227,0.,-36.1941978299691));
#4525=CARTESIAN_POINT('Ctrl Pts',(1.09724218098227,0.,-36.1941978299691));
#4526=CARTESIAN_POINT('Ctrl Pts',(1.00642714942082,0.,-36.8845718392269));
#4527=CARTESIAN_POINT('Ctrl Pts',(0.785461008233515,0.,-37.9560119352656));
#4528=CARTESIAN_POINT('Ctrl Pts',(0.39215753917791,0.,-38.287078134862));
#4529=CARTESIAN_POINT('',(1.09724218098227,10.,-36.1941978299691));
#4530=CARTESIAN_POINT('Ctrl Pts',(1.09724218098227,10.,-36.1941978299691));
#4531=CARTESIAN_POINT('Ctrl Pts',(1.00642714942082,10.,-36.8845718392269));
#4532=CARTESIAN_POINT('Ctrl Pts',(0.785461008233515,10.,-37.9560119352656));
#4533=CARTESIAN_POINT('Ctrl Pts',(0.39215753917791,10.,-38.287078134862));
#4534=CARTESIAN_POINT('',(1.09724218098227,0.,-36.1941978299691));
#4535=CARTESIAN_POINT('Ctrl Pts',(1.11022302462516E-15,0.,-35.9978542525193));
#4536=CARTESIAN_POINT('Ctrl Pts',(1.11022302462516E-15,10.,-35.9978542525193));
#4537=CARTESIAN_POINT('Ctrl Pts',(1.11480591818267,0.,-36.0421086910742));
#4538=CARTESIAN_POINT('Ctrl Pts',(1.11480591818267,10.,-36.0421086910742));
#4539=CARTESIAN_POINT('Ctrl Pts',(1.09724218098227,0.,-36.1941978299691));
#4540=CARTESIAN_POINT('Ctrl Pts',(1.09724218098227,10.,-36.1941978299691));
#4541=CARTESIAN_POINT('',(1.11022302462516E-15,0.,-35.9978542525193));
#4542=CARTESIAN_POINT('Ctrl Pts',(1.11022302462516E-15,0.,-35.9978542525193));
#4543=CARTESIAN_POINT('Ctrl Pts',(1.11480591818267,0.,-36.0421086910742));
#4544=CARTESIAN_POINT('Ctrl Pts',(1.09724218098227,0.,-36.1941978299691));
#4545=CARTESIAN_POINT('',(1.11022302462516E-15,10.,-35.9978542525193));
#4546=CARTESIAN_POINT('Ctrl Pts',(1.11022302462516E-15,10.,-35.9978542525193));
#4547=CARTESIAN_POINT('Ctrl Pts',(1.11480591818267,10.,-36.0421086910742));
#4548=CARTESIAN_POINT('Ctrl Pts',(1.09724218098227,10.,-36.1941978299691));
#4549=CARTESIAN_POINT('',(1.11022302462516E-15,0.,-35.9978542525193));
#4550=CARTESIAN_POINT('Ctrl Pts',(-1.09724218098227,0.,-36.1941978299691));
#4551=CARTESIAN_POINT('Ctrl Pts',(-1.09724218098227,10.,-36.1941978299691));
#4552=CARTESIAN_POINT('Ctrl Pts',(-1.11480591818267,0.,-36.0421086910742));
#4553=CARTESIAN_POINT('Ctrl Pts',(-1.11480591818267,10.,-36.0421086910742));
#4554=CARTESIAN_POINT('Ctrl Pts',(1.11022302462516E-15,0.,-35.9978542525193));
#4555=CARTESIAN_POINT('Ctrl Pts',(1.11022302462516E-15,10.,-35.9978542525193));
#4556=CARTESIAN_POINT('',(-1.09724218098227,0.,-36.1941978299691));
#4557=CARTESIAN_POINT('Ctrl Pts',(-1.09724218098227,0.,-36.1941978299691));
#4558=CARTESIAN_POINT('Ctrl Pts',(-1.11480591818267,0.,-36.0421086910742));
#4559=CARTESIAN_POINT('Ctrl Pts',(1.11022302462516E-15,0.,-35.9978542525193));
#4560=CARTESIAN_POINT('',(-1.09724218098227,10.,-36.1941978299691));
#4561=CARTESIAN_POINT('Ctrl Pts',(-1.09724218098227,10.,-36.1941978299691));
#4562=CARTESIAN_POINT('Ctrl Pts',(-1.11480591818267,10.,-36.0421086910742));
#4563=CARTESIAN_POINT('Ctrl Pts',(1.11022302462516E-15,10.,-35.9978542525193));
#4564=CARTESIAN_POINT('',(-1.09724218098227,0.,-36.1941978299691));
#4565=CARTESIAN_POINT('Ctrl Pts',(-0.392157539177883,0.,-38.287078134862));
#4566=CARTESIAN_POINT('Ctrl Pts',(-0.392157539177883,10.,-38.287078134862));
#4567=CARTESIAN_POINT('Ctrl Pts',(-0.785461008233513,0.,-37.9560119352656));
#4568=CARTESIAN_POINT('Ctrl Pts',(-0.785461008233513,10.,-37.9560119352656));
#4569=CARTESIAN_POINT('Ctrl Pts',(-1.00642714942082,0.,-36.8845718392269));
#4570=CARTESIAN_POINT('Ctrl Pts',(-1.00642714942082,10.,-36.8845718392269));
#4571=CARTESIAN_POINT('Ctrl Pts',(-1.09724218098227,0.,-36.1941978299691));
#4572=CARTESIAN_POINT('Ctrl Pts',(-1.09724218098227,10.,-36.1941978299691));
#4573=CARTESIAN_POINT('',(-0.392157539177883,0.,-38.287078134862));
#4574=CARTESIAN_POINT('Ctrl Pts',(-0.392157539177883,0.,-38.287078134862));
#4575=CARTESIAN_POINT('Ctrl Pts',(-0.785461008233513,0.,-37.9560119352656));
#4576=CARTESIAN_POINT('Ctrl Pts',(-1.00642714942082,0.,-36.8845718392269));
#4577=CARTESIAN_POINT('Ctrl Pts',(-1.09724218098227,0.,-36.1941978299691));
#4578=CARTESIAN_POINT('',(-0.392157539177883,10.,-38.287078134862));
#4579=CARTESIAN_POINT('Ctrl Pts',(-0.392157539177883,10.,-38.287078134862));
#4580=CARTESIAN_POINT('Ctrl Pts',(-0.785461008233513,10.,-37.9560119352656));
#4581=CARTESIAN_POINT('Ctrl Pts',(-1.00642714942082,10.,-36.8845718392269));
#4582=CARTESIAN_POINT('Ctrl Pts',(-1.09724218098227,10.,-36.1941978299691));
#4583=CARTESIAN_POINT('',(-0.392157539177883,0.,-38.287078134862));
#4584=CARTESIAN_POINT('Origin',(-0.639442093446788,0.,-38.4739764530788));
#4585=CARTESIAN_POINT('',(-0.639442093446788,0.,-38.4739764530788));
#4586=CARTESIAN_POINT('',(-0.639442093446788,0.,-38.4739764530788));
#4587=CARTESIAN_POINT('',(-0.639442093446788,10.,-38.4739764530788));
#4588=CARTESIAN_POINT('',(-0.639442093446788,10.,-38.4739764530788));
#4589=CARTESIAN_POINT('',(-0.639442093446788,0.,-38.4739764530788));
#4590=CARTESIAN_POINT('Origin',(-0.785461008233489,0.,-39.4293318410387));
#4591=CARTESIAN_POINT('',(-0.785461008233489,0.,-39.4293318410387));
#4592=CARTESIAN_POINT('',(-0.785461008233489,10.,-39.4293318410387));
#4593=CARTESIAN_POINT('Origin',(1.0547118733939E-14,10.,-51.7624744277942));
#4594=CARTESIAN_POINT('Origin',(1.0547118733939E-14,0.,-51.7624744277942));
#4595=CARTESIAN_POINT('Origin',(2.44695307131332,0.,-71.6933572117063));
#4596=CARTESIAN_POINT('',(2.44695307131332,0.,-71.6933572117063));
#4597=CARTESIAN_POINT('',(2.45941479179866,0.,-71.7429309605313));
#4598=CARTESIAN_POINT('',(1.75000000000001,0.,-68.9208205831739));
#4599=CARTESIAN_POINT('',(2.45941479179866,10.,-71.7429309605313));
#4600=CARTESIAN_POINT('',(2.45941479179866,0.,-71.7429309605313));
#4601=CARTESIAN_POINT('',(2.44695307131332,10.,-71.6933572117063));
#4602=CARTESIAN_POINT('',(1.75000000000001,10.,-68.9208205831739));
#4603=CARTESIAN_POINT('',(2.44695307131332,0.,-71.6933572117063));
#4604=CARTESIAN_POINT('Origin',(2.20000000000001,0.,-69.6931201707925));
#4605=CARTESIAN_POINT('',(2.57922408745054,0.,-71.6725451203099));
#4606=CARTESIAN_POINT('Origin',(2.20000000000001,0.,-69.6931201707925));
#4607=CARTESIAN_POINT('',(2.57922408745054,10.,-71.6725451203099));
#4608=CARTESIAN_POINT('Origin',(2.20000000000001,10.,-69.6931201707925));
#4609=CARTESIAN_POINT('',(2.57922408745054,0.,-71.6725451203099));
#4610=CARTESIAN_POINT('Origin',(3.70000000000001,0.,-73.7174676377852));
#4611=CARTESIAN_POINT('Origin',(3.70000000000001,0.,-73.7174676377852));
#4612=CARTESIAN_POINT('Origin',(3.70000000000001,10.,-73.7174676377852));
#4613=CARTESIAN_POINT('Origin',(-2.19999999999999,0.,-69.6931201707925));
#4614=CARTESIAN_POINT('',(-2.4469530713133,0.,-71.6933572117063));
#4615=CARTESIAN_POINT('',(-2.57922408745052,0.,-71.6725451203099));
#4616=CARTESIAN_POINT('Origin',(-2.19999999999999,0.,-69.6931201707925));
#4617=CARTESIAN_POINT('',(-2.57922408745052,10.,-71.6725451203099));
#4618=CARTESIAN_POINT('',(-2.57922408745052,0.,-71.6725451203099));
#4619=CARTESIAN_POINT('',(-2.4469530713133,10.,-71.6933572117063));
#4620=CARTESIAN_POINT('Origin',(-2.19999999999999,10.,-69.6931201707925));
#4621=CARTESIAN_POINT('',(-2.4469530713133,0.,-71.6933572117063));
#4622=CARTESIAN_POINT('Origin',(-2.45941479179864,0.,-71.7429309605313));
#4623=CARTESIAN_POINT('',(-2.45941479179864,0.,-71.7429309605313));
#4624=CARTESIAN_POINT('',(-3.49999999999999,0.,-75.8824644866707));
#4625=CARTESIAN_POINT('',(-2.45941479179864,10.,-71.7429309605313));
#4626=CARTESIAN_POINT('',(-3.49999999999999,10.,-75.8824644866707));
#4627=CARTESIAN_POINT('',(-2.45941479179864,0.,-71.7429309605313));
#4628=CARTESIAN_POINT('Origin',(-3.69999999999999,0.,-73.7174676377852));
#4629=CARTESIAN_POINT('Origin',(-3.69999999999999,0.,-73.7174676377852));
#4630=CARTESIAN_POINT('Origin',(-3.69999999999999,10.,-73.7174676377852));
#4631=CARTESIAN_POINT('Origin',(-2.19999999999999,0.,-69.6931201707925));
#4632=CARTESIAN_POINT('',(-3.20888502717401,0.,-71.437850820841));
#4633=CARTESIAN_POINT('',(-0.656372885295022,0.,-68.3973002102956));
#4634=CARTESIAN_POINT('Origin',(-2.19999999999999,0.,-69.6931201707925));
#4635=CARTESIAN_POINT('',(-0.656372885295022,10.,-68.3973002102956));
#4636=CARTESIAN_POINT('',(-0.656372885295022,0.,-68.3973002102956));
#4637=CARTESIAN_POINT('',(-3.20888502717401,10.,-71.437850820841));
#4638=CARTESIAN_POINT('Origin',(-2.19999999999999,10.,-69.6931201707925));
#4639=CARTESIAN_POINT('',(-3.20888502717401,0.,-71.437850820841));
#4640=CARTESIAN_POINT('Origin',(-3.69999999999999,0.,-73.7174676377852));
#4641=CARTESIAN_POINT('',(-3.30620714321392,0.,-76.0158962171788));
#4642=CARTESIAN_POINT('Origin',(-3.69999999999999,0.,-73.7174676377852));
#4643=CARTESIAN_POINT('',(-3.30620714321392,10.,-76.0158962171788));
#4644=CARTESIAN_POINT('Origin',(-3.69999999999999,10.,-73.7174676377852));
#4645=CARTESIAN_POINT('',(-3.30620714321392,0.,-76.0158962171788));
#4646=CARTESIAN_POINT('Origin',(-2.48333777705125,0.,-76.5824644866707));
#4647=CARTESIAN_POINT('',(-2.48333777705125,0.,-76.5824644866707));
#4648=CARTESIAN_POINT('',(-2.48333777705125,0.,-76.5824644866707));
#4649=CARTESIAN_POINT('',(-2.48333777705125,10.,-76.5824644866707));
#4650=CARTESIAN_POINT('',(-2.48333777705125,10.,-76.5824644866707));
#4651=CARTESIAN_POINT('',(-2.48333777705125,0.,-76.5824644866707));
#4652=CARTESIAN_POINT('Origin',(2.48333777705127,0.,-76.5824644866707));
#4653=CARTESIAN_POINT('',(2.48333777705127,0.,-76.5824644866707));
#4654=CARTESIAN_POINT('',(2.48333777705127,0.,-76.5824644866707));
#4655=CARTESIAN_POINT('',(2.48333777705127,10.,-76.5824644866707));
#4656=CARTESIAN_POINT('',(2.48333777705127,10.,-76.5824644866707));
#4657=CARTESIAN_POINT('',(2.48333777705127,0.,-76.5824644866707));
#4658=CARTESIAN_POINT('Origin',(3.30620714321394,0.,-76.0158962171788));
#4659=CARTESIAN_POINT('',(3.30620714321394,0.,-76.0158962171788));
#4660=CARTESIAN_POINT('',(3.50000000000001,0.,-75.8824644866707));
#4661=CARTESIAN_POINT('',(3.30620714321394,10.,-76.0158962171788));
#4662=CARTESIAN_POINT('',(3.50000000000001,10.,-75.8824644866707));
#4663=CARTESIAN_POINT('',(3.30620714321394,0.,-76.0158962171788));
#4664=CARTESIAN_POINT('Origin',(3.70000000000001,0.,-73.7174676377852));
#4665=CARTESIAN_POINT('',(3.20888502717404,0.,-71.437850820841));
#4666=CARTESIAN_POINT('Origin',(3.70000000000001,0.,-73.7174676377852));
#4667=CARTESIAN_POINT('',(3.20888502717404,10.,-71.437850820841));
#4668=CARTESIAN_POINT('Origin',(3.70000000000001,10.,-73.7174676377852));
#4669=CARTESIAN_POINT('',(3.20888502717404,0.,-71.437850820841));
#4670=CARTESIAN_POINT('Origin',(2.20000000000001,0.,-69.6931201707925));
#4671=CARTESIAN_POINT('',(0.656372885295048,0.,-68.3973002102956));
#4672=CARTESIAN_POINT('Origin',(2.20000000000001,0.,-69.6931201707925));
#4673=CARTESIAN_POINT('',(0.656372885295048,10.,-68.3973002102956));
#4674=CARTESIAN_POINT('Origin',(2.20000000000001,10.,-69.6931201707925));
#4675=CARTESIAN_POINT('',(0.656372885295048,0.,-68.3973002102956));
#4676=CARTESIAN_POINT('Origin',(0.350000000000014,0.,-68.0280076645881));
#4677=CARTESIAN_POINT('',(0.350000000000013,0.,-68.0280076645881));
#4678=CARTESIAN_POINT('',(0.285438500831011,0.,-67.9501871996345));
#4679=CARTESIAN_POINT('',(0.350000000000013,10.,-68.0280076645881));
#4680=CARTESIAN_POINT('',(0.285438500831011,10.,-67.9501871996345));
#4681=CARTESIAN_POINT('',(0.350000000000013,0.,-68.0280076645881));
#4682=CARTESIAN_POINT('Origin',(0.350000000000013,0.,-67.721185816415));
#4683=CARTESIAN_POINT('',(0.350000000000013,0.,-67.721185816415));
#4684=CARTESIAN_POINT('',(0.350000000000013,0.,-67.721185816415));
#4685=CARTESIAN_POINT('',(0.350000000000013,10.,-67.721185816415));
#4686=CARTESIAN_POINT('',(0.350000000000013,10.,-67.721185816415));
#4687=CARTESIAN_POINT('',(0.350000000000013,0.,-67.721185816415));
#4688=CARTESIAN_POINT('Ctrl Pts',(0.326871384528473,0.,-67.6776961361847));
#4689=CARTESIAN_POINT('Ctrl Pts',(0.326871384528473,10.,-67.6776961361847));
#4690=CARTESIAN_POINT('Ctrl Pts',(0.350000000000013,0.,-67.6999235415185));
#4691=CARTESIAN_POINT('Ctrl Pts',(0.350000000000013,10.,-67.6999235415185));
#4692=CARTESIAN_POINT('Ctrl Pts',(0.350000000000013,0.,-67.721185816415));
#4693=CARTESIAN_POINT('Ctrl Pts',(0.350000000000013,10.,-67.721185816415));
#4694=CARTESIAN_POINT('',(0.326871384528473,0.,-67.6776961361847));
#4695=CARTESIAN_POINT('Ctrl Pts',(0.326871384528473,0.,-67.6776961361847));
#4696=CARTESIAN_POINT('Ctrl Pts',(0.350000000000013,0.,-67.6999235415185));
#4697=CARTESIAN_POINT('Ctrl Pts',(0.350000000000013,0.,-67.721185816415));
#4698=CARTESIAN_POINT('',(0.326871384528473,10.,-67.6776961361847));
#4699=CARTESIAN_POINT('Ctrl Pts',(0.326871384528473,10.,-67.6776961361847));
#4700=CARTESIAN_POINT('Ctrl Pts',(0.350000000000013,10.,-67.6999235415185));
#4701=CARTESIAN_POINT('Ctrl Pts',(0.350000000000013,10.,-67.721185816415));
#4702=CARTESIAN_POINT('',(0.326871384528473,0.,-67.6776961361847));
#4703=CARTESIAN_POINT('Ctrl Pts',(1.14606757974134,0.,-65.6079555199819));
#4704=CARTESIAN_POINT('Ctrl Pts',(1.14606757974134,10.,-65.6079555199819));
#4705=CARTESIAN_POINT('Ctrl Pts',(1.07667543010536,0.,-66.0755880490737));
#4706=CARTESIAN_POINT('Ctrl Pts',(1.07667543010536,10.,-66.0755880490737));
#4707=CARTESIAN_POINT('Ctrl Pts',(0.639442093446814,0.,-67.0852973046439));
#4708=CARTESIAN_POINT('Ctrl Pts',(0.639442093446814,10.,-67.0852973046439));
#4709=CARTESIAN_POINT('Ctrl Pts',(0.144872984909005,0.,-67.4457160620969));
#4710=CARTESIAN_POINT('Ctrl Pts',(0.144872984909005,10.,-67.4457160620969));
#4711=CARTESIAN_POINT('Ctrl Pts',(0.208307506857899,0.,-67.5782092301604));
#4712=CARTESIAN_POINT('Ctrl Pts',(0.208307506857899,10.,-67.5782092301604));
#4713=CARTESIAN_POINT('Ctrl Pts',(0.326871384528473,0.,-67.6776961361847));
#4714=CARTESIAN_POINT('Ctrl Pts',(0.326871384528473,10.,-67.6776961361847));
#4715=CARTESIAN_POINT('',(1.14606757974134,0.,-65.6079555199819));
#4716=CARTESIAN_POINT('Ctrl Pts',(1.14606757974134,0.,-65.6079555199819));
#4717=CARTESIAN_POINT('Ctrl Pts',(1.07667543010536,0.,-66.0755880490737));
#4718=CARTESIAN_POINT('Ctrl Pts',(0.639442093446814,0.,-67.0852973046439));
#4719=CARTESIAN_POINT('Ctrl Pts',(0.144872984909005,0.,-67.4457160620969));
#4720=CARTESIAN_POINT('Ctrl Pts',(0.208307506857899,0.,-67.5782092301604));
#4721=CARTESIAN_POINT('Ctrl Pts',(0.326871384528473,0.,-67.6776961361847));
#4722=CARTESIAN_POINT('',(1.14606757974134,10.,-65.6079555199819));
#4723=CARTESIAN_POINT('Ctrl Pts',(1.14606757974134,10.,-65.6079555199819));
#4724=CARTESIAN_POINT('Ctrl Pts',(1.07667543010536,10.,-66.0755880490737));
#4725=CARTESIAN_POINT('Ctrl Pts',(0.639442093446814,10.,-67.0852973046439));
#4726=CARTESIAN_POINT('Ctrl Pts',(0.144872984909005,10.,-67.4457160620969));
#4727=CARTESIAN_POINT('Ctrl Pts',(0.208307506857899,10.,-67.5782092301604));
#4728=CARTESIAN_POINT('Ctrl Pts',(0.326871384528473,10.,-67.6776961361847));
#4729=CARTESIAN_POINT('',(1.14606757974134,0.,-65.6079555199819));
#4730=CARTESIAN_POINT('Ctrl Pts',(1.11022302462516E-15,0.,-65.4421998521508));
#4731=CARTESIAN_POINT('Ctrl Pts',(1.11022302462516E-15,10.,-65.4421998521508));
#4732=CARTESIAN_POINT('Ctrl Pts',(0.982043570140865,0.,-65.4563819204118));
#4733=CARTESIAN_POINT('Ctrl Pts',(0.982043570140865,10.,-65.4563819204118));
#4734=CARTESIAN_POINT('Ctrl Pts',(1.14606757974134,0.,-65.6079555199819));
#4735=CARTESIAN_POINT('Ctrl Pts',(1.14606757974134,10.,-65.6079555199819));
#4736=CARTESIAN_POINT('',(1.11022302462516E-15,0.,-65.4421998521508));
#4737=CARTESIAN_POINT('Ctrl Pts',(1.11022302462516E-15,0.,-65.4421998521508));
#4738=CARTESIAN_POINT('Ctrl Pts',(0.982043570140865,0.,-65.4563819204118));
#4739=CARTESIAN_POINT('Ctrl Pts',(1.14606757974134,0.,-65.6079555199819));
#4740=CARTESIAN_POINT('',(1.11022302462516E-15,10.,-65.4421998521508));
#4741=CARTESIAN_POINT('Ctrl Pts',(1.11022302462516E-15,10.,-65.4421998521508));
#4742=CARTESIAN_POINT('Ctrl Pts',(0.982043570140865,10.,-65.4563819204118));
#4743=CARTESIAN_POINT('Ctrl Pts',(1.14606757974134,10.,-65.6079555199819));
#4744=CARTESIAN_POINT('',(1.11022302462516E-15,0.,-65.4421998521508));
#4745=CARTESIAN_POINT('Ctrl Pts',(-1.14606757974133,0.,-65.6079555199819));
#4746=CARTESIAN_POINT('Ctrl Pts',(-1.14606757974133,10.,-65.6079555199819));
#4747=CARTESIAN_POINT('Ctrl Pts',(-0.982043570140862,0.,-65.4563819204118));
#4748=CARTESIAN_POINT('Ctrl Pts',(-0.982043570140862,10.,-65.4563819204118));
#4749=CARTESIAN_POINT('Ctrl Pts',(1.11022302462516E-15,0.,-65.4421998521508));
#4750=CARTESIAN_POINT('Ctrl Pts',(1.11022302462516E-15,10.,-65.4421998521508));
#4751=CARTESIAN_POINT('',(-1.14606757974133,0.,-65.6079555199819));
#4752=CARTESIAN_POINT('Ctrl Pts',(-1.14606757974133,0.,-65.6079555199819));
#4753=CARTESIAN_POINT('Ctrl Pts',(-0.982043570140862,0.,-65.4563819204118));
#4754=CARTESIAN_POINT('Ctrl Pts',(1.11022302462516E-15,0.,-65.4421998521508));
#4755=CARTESIAN_POINT('',(-1.14606757974133,10.,-65.6079555199819));
#4756=CARTESIAN_POINT('Ctrl Pts',(-1.14606757974133,10.,-65.6079555199819));
#4757=CARTESIAN_POINT('Ctrl Pts',(-0.982043570140862,10.,-65.4563819204118));
#4758=CARTESIAN_POINT('Ctrl Pts',(1.11022302462516E-15,10.,-65.4421998521508));
#4759=CARTESIAN_POINT('',(-1.14606757974133,0.,-65.6079555199819));
#4760=CARTESIAN_POINT('Ctrl Pts',(-0.326871384528446,0.,-67.6776961361847));
#4761=CARTESIAN_POINT('Ctrl Pts',(-0.326871384528446,10.,-67.6776961361847));
#4762=CARTESIAN_POINT('Ctrl Pts',(-0.208307506857872,0.,-67.5782092301604));
#4763=CARTESIAN_POINT('Ctrl Pts',(-0.208307506857872,10.,-67.5782092301604));
#4764=CARTESIAN_POINT('Ctrl Pts',(-0.144872984908979,0.,-67.4457160620969));
#4765=CARTESIAN_POINT('Ctrl Pts',(-0.144872984908979,10.,-67.4457160620969));
#4766=CARTESIAN_POINT('Ctrl Pts',(-0.639442093446788,0.,-67.0852973046439));
#4767=CARTESIAN_POINT('Ctrl Pts',(-0.639442093446788,10.,-67.0852973046439));
#4768=CARTESIAN_POINT('Ctrl Pts',(-1.07667543010533,0.,-66.0755880490737));
#4769=CARTESIAN_POINT('Ctrl Pts',(-1.07667543010533,10.,-66.0755880490737));
#4770=CARTESIAN_POINT('Ctrl Pts',(-1.14606757974133,0.,-65.6079555199819));
#4771=CARTESIAN_POINT('Ctrl Pts',(-1.14606757974133,10.,-65.6079555199819));
#4772=CARTESIAN_POINT('',(-0.326871384528446,0.,-67.6776961361847));
#4773=CARTESIAN_POINT('Ctrl Pts',(-0.326871384528446,0.,-67.6776961361847));
#4774=CARTESIAN_POINT('Ctrl Pts',(-0.208307506857872,0.,-67.5782092301604));
#4775=CARTESIAN_POINT('Ctrl Pts',(-0.144872984908979,0.,-67.4457160620969));
#4776=CARTESIAN_POINT('Ctrl Pts',(-0.639442093446788,0.,-67.0852973046439));
#4777=CARTESIAN_POINT('Ctrl Pts',(-1.07667543010533,0.,-66.0755880490737));
#4778=CARTESIAN_POINT('Ctrl Pts',(-1.14606757974133,0.,-65.6079555199819));
#4779=CARTESIAN_POINT('',(-0.326871384528446,10.,-67.6776961361847));
#4780=CARTESIAN_POINT('Ctrl Pts',(-0.326871384528446,10.,-67.6776961361847));
#4781=CARTESIAN_POINT('Ctrl Pts',(-0.208307506857872,10.,-67.5782092301604));
#4782=CARTESIAN_POINT('Ctrl Pts',(-0.144872984908979,10.,-67.4457160620969));
#4783=CARTESIAN_POINT('Ctrl Pts',(-0.639442093446788,10.,-67.0852973046439));
#4784=CARTESIAN_POINT('Ctrl Pts',(-1.07667543010533,10.,-66.0755880490737));
#4785=CARTESIAN_POINT('Ctrl Pts',(-1.14606757974133,10.,-65.6079555199819));
#4786=CARTESIAN_POINT('',(-0.326871384528446,0.,-67.6776961361847));
#4787=CARTESIAN_POINT('Ctrl Pts',(-0.349999999999987,0.,-67.721185816415));
#4788=CARTESIAN_POINT('Ctrl Pts',(-0.349999999999987,10.,-67.721185816415));
#4789=CARTESIAN_POINT('Ctrl Pts',(-0.349999999999987,0.,-67.6999235415185));
#4790=CARTESIAN_POINT('Ctrl Pts',(-0.349999999999987,10.,-67.6999235415185));
#4791=CARTESIAN_POINT('Ctrl Pts',(-0.326871384528446,0.,-67.6776961361847));
#4792=CARTESIAN_POINT('Ctrl Pts',(-0.326871384528446,10.,-67.6776961361847));
#4793=CARTESIAN_POINT('',(-0.349999999999987,0.,-67.721185816415));
#4794=CARTESIAN_POINT('Ctrl Pts',(-0.349999999999987,0.,-67.721185816415));
#4795=CARTESIAN_POINT('Ctrl Pts',(-0.349999999999987,0.,-67.6999235415185));
#4796=CARTESIAN_POINT('Ctrl Pts',(-0.326871384528446,0.,-67.6776961361847));
#4797=CARTESIAN_POINT('',(-0.349999999999987,10.,-67.721185816415));
#4798=CARTESIAN_POINT('Ctrl Pts',(-0.349999999999987,10.,-67.721185816415));
#4799=CARTESIAN_POINT('Ctrl Pts',(-0.349999999999987,10.,-67.6999235415185));
#4800=CARTESIAN_POINT('Ctrl Pts',(-0.326871384528446,10.,-67.6776961361847));
#4801=CARTESIAN_POINT('',(-0.349999999999987,0.,-67.721185816415));
#4802=CARTESIAN_POINT('Origin',(-0.349999999999987,0.,-68.0280076645881));
#4803=CARTESIAN_POINT('',(-0.349999999999987,0.,-68.0280076645881));
#4804=CARTESIAN_POINT('',(-0.349999999999986,0.,-68.9208205831739));
#4805=CARTESIAN_POINT('',(-0.349999999999987,10.,-68.0280076645881));
#4806=CARTESIAN_POINT('',(-0.349999999999986,10.,-68.9208205831739));
#4807=CARTESIAN_POINT('',(-0.349999999999987,0.,-68.0280076645881));
#4808=CARTESIAN_POINT('Origin',(-0.65637288529502,0.,-68.3973002102956));
#4809=CARTESIAN_POINT('',(-1.15454754325684,0.,-68.9977847716775));
#4810=CARTESIAN_POINT('',(-1.15454754325684,10.,-68.9977847716775));
#4811=CARTESIAN_POINT('Origin',(1.22124532708767E-14,10.,-71.0123321694107));
#4812=CARTESIAN_POINT('Origin',(1.22124532708767E-14,0.,-71.0123321694107));
#4813=CARTESIAN_POINT('Origin',(3.60118950874269,0.,-76.5824644866707));
#4814=CARTESIAN_POINT('',(3.60118950874269,0.,-76.5824644866707));
#4815=CARTESIAN_POINT('',(3.90118950874269,0.,-76.8824644866707));
#4816=CARTESIAN_POINT('',(3.60118950874269,0.,-76.5824644866707));
#4817=CARTESIAN_POINT('',(3.90118950874269,10.,-76.8824644866707));
#4818=CARTESIAN_POINT('',(3.90118950874269,0.,-76.8824644866707));
#4819=CARTESIAN_POINT('',(3.60118950874269,10.,-76.5824644866707));
#4820=CARTESIAN_POINT('',(3.60118950874269,10.,-76.5824644866707));
#4821=CARTESIAN_POINT('',(3.60118950874269,0.,-76.5824644866707));
#4822=CARTESIAN_POINT('Origin',(-3.63827591759949,0.,-76.5824644866707));
#4823=CARTESIAN_POINT('',(-3.63827591759949,0.,-76.5824644866707));
#4824=CARTESIAN_POINT('',(-3.63827591759949,0.,-76.5824644866707));
#4825=CARTESIAN_POINT('',(-3.63827591759949,10.,-76.5824644866707));
#4826=CARTESIAN_POINT('',(-3.63827591759949,10.,-76.5824644866707));
#4827=CARTESIAN_POINT('',(-3.63827591759949,0.,-76.5824644866707));
#4828=CARTESIAN_POINT('Origin',(-3.93827591759949,0.,-76.8824644866707));
#4829=CARTESIAN_POINT('',(-3.93827591759949,0.,-76.8824644866707));
#4830=CARTESIAN_POINT('',(-3.93827591759949,0.,-76.8824644866707));
#4831=CARTESIAN_POINT('',(-3.93827591759949,10.,-76.8824644866707));
#4832=CARTESIAN_POINT('',(-3.93827591759949,10.,-76.8824644866707));
#4833=CARTESIAN_POINT('',(-3.93827591759949,0.,-76.8824644866707));
#4834=CARTESIAN_POINT('Origin',(-3.93827591759949,0.,-82.0130886574482));
#4835=CARTESIAN_POINT('',(-3.93827591759949,0.,-82.0130886574482));
#4836=CARTESIAN_POINT('',(-3.93827591759949,0.,-82.0130886574482));
#4837=CARTESIAN_POINT('',(-3.93827591759949,10.,-82.0130886574482));
#4838=CARTESIAN_POINT('',(-3.93827591759949,10.,-82.0130886574482));
#4839=CARTESIAN_POINT('',(-3.93827591759949,0.,-82.0130886574482));
#4840=CARTESIAN_POINT('Origin',(-3.63827591759949,0.,-82.3130886574482));
#4841=CARTESIAN_POINT('',(-3.63827591759949,0.,-82.3130886574482));
#4842=CARTESIAN_POINT('',(-3.63827591759949,0.,-82.3130886574482));
#4843=CARTESIAN_POINT('',(-3.63827591759949,10.,-82.3130886574482));
#4844=CARTESIAN_POINT('',(-3.63827591759949,10.,-82.3130886574482));
#4845=CARTESIAN_POINT('',(-3.63827591759949,0.,-82.3130886574482));
#4846=CARTESIAN_POINT('Origin',(3.60118950874269,0.,-82.3130886574478));
#4847=CARTESIAN_POINT('',(3.60118950874269,0.,-82.3130886574478));
#4848=CARTESIAN_POINT('',(3.60118950874269,0.,-82.3130886574478));
#4849=CARTESIAN_POINT('',(3.60118950874269,10.,-82.3130886574478));
#4850=CARTESIAN_POINT('',(3.60118950874269,10.,-82.3130886574478));
#4851=CARTESIAN_POINT('',(3.60118950874269,0.,-82.3130886574478));
#4852=CARTESIAN_POINT('Origin',(3.9011895087427,0.,-82.0130886574478));
#4853=CARTESIAN_POINT('',(3.9011895087427,0.,-82.0130886574478));
#4854=CARTESIAN_POINT('',(3.9011895087427,0.,-82.0130886574478));
#4855=CARTESIAN_POINT('',(3.9011895087427,10.,-82.0130886574478));
#4856=CARTESIAN_POINT('',(3.9011895087427,10.,-82.0130886574478));
#4857=CARTESIAN_POINT('',(3.9011895087427,0.,-82.0130886574478));
#4858=CARTESIAN_POINT('Origin',(3.90118950874269,0.,-76.8824644866707));
#4859=CARTESIAN_POINT('',(3.90118950874269,0.,-76.8824644866707));
#4860=CARTESIAN_POINT('',(3.90118950874269,10.,-76.8824644866707));
#4861=CARTESIAN_POINT('Origin',(-0.0185432044283962,10.,-79.4477765720595));
#4862=CARTESIAN_POINT('Origin',(-0.0185432044283965,0.,-79.4477765720595));
#4863=CARTESIAN_POINT('Ctrl Pts',(6.49999999999995,0.,-64.85));
#4864=CARTESIAN_POINT('Ctrl Pts',(6.49999999999995,10.,-64.85));
#4865=CARTESIAN_POINT('Ctrl Pts',(6.99999999999999,0.,-74.536240341585));
#4866=CARTESIAN_POINT('Ctrl Pts',(6.99999999999999,10.,-74.536240341585));
#4867=CARTESIAN_POINT('Ctrl Pts',(5.23522671000939,0.,-86.9996076948532));
#4868=CARTESIAN_POINT('Ctrl Pts',(5.23522671000939,10.,-86.9996076948532));
#4869=CARTESIAN_POINT('Ctrl Pts',(1.64349308906847,0.,-91.2818834722362));
#4870=CARTESIAN_POINT('Ctrl Pts',(1.64349308906847,10.,-91.2818834722362));
#4871=CARTESIAN_POINT('Ctrl Pts',(-4.29637712182913E-14,0.,-91.6636425250872));
#4872=CARTESIAN_POINT('Ctrl Pts',(-4.29637712182913E-14,10.,-91.6636425250872));
#4873=CARTESIAN_POINT('',(6.5,0.,-64.85));
#4874=CARTESIAN_POINT('',(-4.29637712182913E-14,0.,-91.6636425250872));
#4875=CARTESIAN_POINT('Ctrl Pts',(6.49999999999995,0.,-64.85));
#4876=CARTESIAN_POINT('Ctrl Pts',(6.99999999999999,0.,-74.536240341585));
#4877=CARTESIAN_POINT('Ctrl Pts',(5.23522671000939,0.,-86.9996076948532));
#4878=CARTESIAN_POINT('Ctrl Pts',(1.64349308906847,0.,-91.2818834722362));
#4879=CARTESIAN_POINT('Ctrl Pts',(-4.29637712182913E-14,0.,-91.6636425250872));
#4880=CARTESIAN_POINT('',(-4.29637712182913E-14,10.,-91.6636425250872));
#4881=CARTESIAN_POINT('',(-4.29637712182913E-14,0.,-91.6636425250872));
#4882=CARTESIAN_POINT('',(6.5,10.,-64.85));
#4883=CARTESIAN_POINT('Ctrl Pts',(6.49999999999995,10.,-64.85));
#4884=CARTESIAN_POINT('Ctrl Pts',(6.99999999999999,10.,-74.536240341585));
#4885=CARTESIAN_POINT('Ctrl Pts',(5.23522671000939,10.,-86.9996076948532));
#4886=CARTESIAN_POINT('Ctrl Pts',(1.64349308906847,10.,-91.2818834722362));
#4887=CARTESIAN_POINT('Ctrl Pts',(-4.29637712182913E-14,10.,-91.6636425250872));
#4888=CARTESIAN_POINT('',(6.5,0.,-64.85));
#4889=CARTESIAN_POINT('Origin',(3.87439181089698,0.,-67.5270946030691));
#4890=CARTESIAN_POINT('',(3.87439181089695,0.,-67.5270946030691));
#4891=CARTESIAN_POINT('',(3.874391810897,0.,-67.5270946030691));
#4892=CARTESIAN_POINT('',(3.87439181089695,10.,-67.5270946030691));
#4893=CARTESIAN_POINT('',(3.874391810897,10.,-67.5270946030691));
#4894=CARTESIAN_POINT('',(3.87439181089695,0.,-67.5270946030691));
#4895=CARTESIAN_POINT('Origin',(0.230741482318577,0.,-67.5270946030691));
#4896=CARTESIAN_POINT('',(0.230741482318577,0.,-67.5270946030691));
#4897=CARTESIAN_POINT('',(-3.87439181089692,0.,-67.5270946030691));
#4898=CARTESIAN_POINT('',(0.230741482318577,10.,-67.5270946030691));
#4899=CARTESIAN_POINT('',(-3.87439181089692,10.,-67.5270946030691));
#4900=CARTESIAN_POINT('',(0.230741482318577,0.,-67.5270946030691));
#4901=CARTESIAN_POINT('Ctrl Pts',(0.326871384528473,0.,-67.6776961361847));
#4902=CARTESIAN_POINT('Ctrl Pts',(0.326871384528473,10.,-67.6776961361847));
#4903=CARTESIAN_POINT('Ctrl Pts',(0.279093101731079,0.,-67.6376053967112));
#4904=CARTESIAN_POINT('Ctrl Pts',(0.279093101731079,10.,-67.6376053967112));
#4905=CARTESIAN_POINT('Ctrl Pts',(0.245417743675028,0.,-67.6029125158678));
#4906=CARTESIAN_POINT('Ctrl Pts',(0.245417743675028,10.,-67.6029125158678));
#4907=CARTESIAN_POINT('Ctrl Pts',(0.229290936828655,0.,-67.5677135048494));
#4908=CARTESIAN_POINT('Ctrl Pts',(0.229290936828655,10.,-67.5677135048494));
#4909=CARTESIAN_POINT('Ctrl Pts',(0.230741482318576,0.,-67.5270946030691));
#4910=CARTESIAN_POINT('Ctrl Pts',(0.230741482318576,10.,-67.5270946030691));
#4911=CARTESIAN_POINT('',(0.326871384528473,0.,-67.6776961361847));
#4912=CARTESIAN_POINT('Ctrl Pts',(0.326871384528473,0.,-67.6776961361847));
#4913=CARTESIAN_POINT('Ctrl Pts',(0.279093101731079,0.,-67.6376053967112));
#4914=CARTESIAN_POINT('Ctrl Pts',(0.245417743675028,0.,-67.6029125158678));
#4915=CARTESIAN_POINT('Ctrl Pts',(0.229290936828654,0.,-67.5677135048494));
#4916=CARTESIAN_POINT('Ctrl Pts',(0.230741482318576,0.,-67.5270946030691));
#4917=CARTESIAN_POINT('',(0.326871384528473,10.,-67.6776961361847));
#4918=CARTESIAN_POINT('Ctrl Pts',(0.326871384528473,10.,-67.6776961361847));
#4919=CARTESIAN_POINT('Ctrl Pts',(0.279093101731079,10.,-67.6376053967112));
#4920=CARTESIAN_POINT('Ctrl Pts',(0.245417743675028,10.,-67.6029125158678));
#4921=CARTESIAN_POINT('Ctrl Pts',(0.229290936828654,10.,-67.5677135048494));
#4922=CARTESIAN_POINT('Ctrl Pts',(0.230741482318576,10.,-67.5270946030691));
#4923=CARTESIAN_POINT('',(0.326871384528473,0.,-67.6776961361847));
#4924=CARTESIAN_POINT('Ctrl Pts',(0.350000000000013,0.,-67.721185816415));
#4925=CARTESIAN_POINT('Ctrl Pts',(0.350000000000013,10.,-67.721185816415));
#4926=CARTESIAN_POINT('Ctrl Pts',(0.350000000000013,0.,-67.6999235415185));
#4927=CARTESIAN_POINT('Ctrl Pts',(0.350000000000013,10.,-67.6999235415185));
#4928=CARTESIAN_POINT('Ctrl Pts',(0.326871384528473,0.,-67.6776961361847));
#4929=CARTESIAN_POINT('Ctrl Pts',(0.326871384528473,10.,-67.6776961361847));
#4930=CARTESIAN_POINT('',(0.350000000000013,0.,-67.721185816415));
#4931=CARTESIAN_POINT('Ctrl Pts',(0.350000000000013,0.,-67.721185816415));
#4932=CARTESIAN_POINT('Ctrl Pts',(0.350000000000013,0.,-67.6999235415185));
#4933=CARTESIAN_POINT('Ctrl Pts',(0.326871384528473,0.,-67.6776961361847));
#4934=CARTESIAN_POINT('',(0.350000000000013,10.,-67.721185816415));
#4935=CARTESIAN_POINT('Ctrl Pts',(0.350000000000013,10.,-67.721185816415));
#4936=CARTESIAN_POINT('Ctrl Pts',(0.350000000000013,10.,-67.6999235415185));
#4937=CARTESIAN_POINT('Ctrl Pts',(0.326871384528473,10.,-67.6776961361847));
#4938=CARTESIAN_POINT('',(0.350000000000013,0.,-67.721185816415));
#4939=CARTESIAN_POINT('Origin',(0.350000000000013,0.,-68.0280076645881));
#4940=CARTESIAN_POINT('',(0.350000000000013,0.,-68.0280076645881));
#4941=CARTESIAN_POINT('',(0.350000000000013,0.,-68.9208205831739));
#4942=CARTESIAN_POINT('',(0.350000000000013,10.,-68.0280076645881));
#4943=CARTESIAN_POINT('',(0.350000000000013,10.,-68.9208205831739));
#4944=CARTESIAN_POINT('',(0.350000000000013,0.,-68.0280076645881));
#4945=CARTESIAN_POINT('Origin',(0.656372885295046,0.,-68.3973002102956));
#4946=CARTESIAN_POINT('',(0.656372885295048,0.,-68.3973002102956));
#4947=CARTESIAN_POINT('',(1.15454754325687,0.,-68.9977847716775));
#4948=CARTESIAN_POINT('',(0.656372885295048,10.,-68.3973002102956));
#4949=CARTESIAN_POINT('',(1.15454754325687,10.,-68.9977847716775));
#4950=CARTESIAN_POINT('',(0.656372885295048,0.,-68.3973002102956));
#4951=CARTESIAN_POINT('Origin',(2.20000000000001,0.,-69.6931201707925));
#4952=CARTESIAN_POINT('',(3.20888502717404,0.,-71.437850820841));
#4953=CARTESIAN_POINT('Origin',(2.20000000000001,0.,-69.6931201707925));
#4954=CARTESIAN_POINT('',(3.20888502717404,10.,-71.437850820841));
#4955=CARTESIAN_POINT('Origin',(2.20000000000001,10.,-69.6931201707925));
#4956=CARTESIAN_POINT('',(3.20888502717404,0.,-71.437850820841));
#4957=CARTESIAN_POINT('Origin',(3.70000000000001,0.,-73.7174676377852));
#4958=CARTESIAN_POINT('',(3.30620714321394,0.,-76.0158962171788));
#4959=CARTESIAN_POINT('Origin',(3.70000000000001,0.,-73.7174676377852));
#4960=CARTESIAN_POINT('',(3.30620714321394,10.,-76.0158962171788));
#4961=CARTESIAN_POINT('Origin',(3.70000000000001,10.,-73.7174676377852));
#4962=CARTESIAN_POINT('',(3.30620714321394,0.,-76.0158962171788));
#4963=CARTESIAN_POINT('Origin',(2.48333777705127,0.,-76.5824644866707));
#4964=CARTESIAN_POINT('',(2.48333777705127,0.,-76.5824644866707));
#4965=CARTESIAN_POINT('',(2.48333777705127,0.,-76.5824644866707));
#4966=CARTESIAN_POINT('',(2.48333777705127,10.,-76.5824644866707));
#4967=CARTESIAN_POINT('',(2.48333777705127,10.,-76.5824644866707));
#4968=CARTESIAN_POINT('',(2.48333777705127,0.,-76.5824644866707));
#4969=CARTESIAN_POINT('Origin',(3.60118950874269,0.,-76.5824644866707));
#4970=CARTESIAN_POINT('',(3.60118950874269,0.,-76.5824644866707));
#4971=CARTESIAN_POINT('',(3.60118950874269,0.,-76.5824644866707));
#4972=CARTESIAN_POINT('',(3.60118950874269,10.,-76.5824644866707));
#4973=CARTESIAN_POINT('',(3.60118950874269,10.,-76.5824644866707));
#4974=CARTESIAN_POINT('',(3.60118950874269,0.,-76.5824644866707));
#4975=CARTESIAN_POINT('Origin',(3.90118950874269,0.,-76.8824644866707));
#4976=CARTESIAN_POINT('',(3.90118950874269,0.,-76.8824644866707));
#4977=CARTESIAN_POINT('',(3.90118950874269,0.,-76.8824644866707));
#4978=CARTESIAN_POINT('',(3.90118950874269,10.,-76.8824644866707));
#4979=CARTESIAN_POINT('',(3.90118950874269,10.,-76.8824644866707));
#4980=CARTESIAN_POINT('',(3.90118950874269,0.,-76.8824644866707));
#4981=CARTESIAN_POINT('Origin',(3.9011895087427,0.,-82.0130886574478));
#4982=CARTESIAN_POINT('',(3.9011895087427,0.,-82.0130886574478));
#4983=CARTESIAN_POINT('',(3.9011895087427,0.,-82.0130886574478));
#4984=CARTESIAN_POINT('',(3.9011895087427,10.,-82.0130886574478));
#4985=CARTESIAN_POINT('',(3.9011895087427,10.,-82.0130886574478));
#4986=CARTESIAN_POINT('',(3.9011895087427,0.,-82.0130886574478));
#4987=CARTESIAN_POINT('Origin',(3.60118950874269,0.,-82.3130886574478));
#4988=CARTESIAN_POINT('',(3.60118950874269,0.,-82.3130886574478));
#4989=CARTESIAN_POINT('',(3.60118950874269,0.,-82.3130886574478));
#4990=CARTESIAN_POINT('',(3.60118950874269,10.,-82.3130886574478));
#4991=CARTESIAN_POINT('',(3.60118950874269,10.,-82.3130886574478));
#4992=CARTESIAN_POINT('',(3.60118950874269,0.,-82.3130886574478));
#4993=CARTESIAN_POINT('Origin',(-3.63827591759949,0.,-82.3130886574482));
#4994=CARTESIAN_POINT('',(-3.63827591759949,0.,-82.3130886574482));
#4995=CARTESIAN_POINT('',(-3.63827591759949,0.,-82.3130886574482));
#4996=CARTESIAN_POINT('',(-3.63827591759949,10.,-82.3130886574482));
#4997=CARTESIAN_POINT('',(-3.63827591759949,10.,-82.3130886574482));
#4998=CARTESIAN_POINT('',(-3.63827591759949,0.,-82.3130886574482));
#4999=CARTESIAN_POINT('Origin',(-3.93827591759949,0.,-82.0130886574482));
#5000=CARTESIAN_POINT('',(-3.93827591759949,0.,-82.0130886574482));
#5001=CARTESIAN_POINT('',(-3.93827591759949,0.,-82.0130886574482));
#5002=CARTESIAN_POINT('',(-3.93827591759949,10.,-82.0130886574482));
#5003=CARTESIAN_POINT('',(-3.93827591759949,10.,-82.0130886574482));
#5004=CARTESIAN_POINT('',(-3.93827591759949,0.,-82.0130886574482));
#5005=CARTESIAN_POINT('Origin',(-3.93827591759949,0.,-76.8824644866707));
#5006=CARTESIAN_POINT('',(-3.93827591759949,0.,-76.8824644866707));
#5007=CARTESIAN_POINT('',(-3.93827591759949,0.,-76.8824644866707));
#5008=CARTESIAN_POINT('',(-3.93827591759949,10.,-76.8824644866707));
#5009=CARTESIAN_POINT('',(-3.93827591759949,10.,-76.8824644866707));
#5010=CARTESIAN_POINT('',(-3.93827591759949,0.,-76.8824644866707));
#5011=CARTESIAN_POINT('Origin',(-3.63827591759949,0.,-76.5824644866707));
#5012=CARTESIAN_POINT('',(-3.63827591759949,0.,-76.5824644866707));
#5013=CARTESIAN_POINT('',(-3.63827591759949,0.,-76.5824644866707));
#5014=CARTESIAN_POINT('',(-3.63827591759949,10.,-76.5824644866707));
#5015=CARTESIAN_POINT('',(-3.63827591759949,10.,-76.5824644866707));
#5016=CARTESIAN_POINT('',(-3.63827591759949,0.,-76.5824644866707));
#5017=CARTESIAN_POINT('Origin',(-2.48333777705125,0.,-76.5824644866707));
#5018=CARTESIAN_POINT('',(-2.48333777705125,0.,-76.5824644866707));
#5019=CARTESIAN_POINT('',(3.60118950874269,0.,-76.5824644866707));
#5020=CARTESIAN_POINT('',(-2.48333777705125,10.,-76.5824644866707));
#5021=CARTESIAN_POINT('',(3.60118950874269,10.,-76.5824644866707));
#5022=CARTESIAN_POINT('',(-2.48333777705125,0.,-76.5824644866707));
#5023=CARTESIAN_POINT('Origin',(-3.30620714321392,0.,-76.0158962171788));
#5024=CARTESIAN_POINT('',(-3.30620714321392,0.,-76.0158962171788));
#5025=CARTESIAN_POINT('',(-3.49999999999999,0.,-75.8824644866707));
#5026=CARTESIAN_POINT('',(-3.30620714321392,10.,-76.0158962171788));
#5027=CARTESIAN_POINT('',(-3.49999999999999,10.,-75.8824644866707));
#5028=CARTESIAN_POINT('',(-3.30620714321392,0.,-76.0158962171788));
#5029=CARTESIAN_POINT('Origin',(-3.69999999999999,0.,-73.7174676377852));
#5030=CARTESIAN_POINT('',(-3.20888502717401,0.,-71.437850820841));
#5031=CARTESIAN_POINT('Origin',(-3.69999999999999,0.,-73.7174676377852));
#5032=CARTESIAN_POINT('',(-3.20888502717401,10.,-71.437850820841));
#5033=CARTESIAN_POINT('Origin',(-3.69999999999999,10.,-73.7174676377852));
#5034=CARTESIAN_POINT('',(-3.20888502717401,0.,-71.437850820841));
#5035=CARTESIAN_POINT('Origin',(-2.19999999999999,0.,-69.6931201707925));
#5036=CARTESIAN_POINT('',(-0.656372885295022,0.,-68.3973002102956));
#5037=CARTESIAN_POINT('Origin',(-2.19999999999999,0.,-69.6931201707925));
#5038=CARTESIAN_POINT('',(-0.656372885295022,10.,-68.3973002102956));
#5039=CARTESIAN_POINT('Origin',(-2.19999999999999,10.,-69.6931201707925));
#5040=CARTESIAN_POINT('',(-0.656372885295022,0.,-68.3973002102956));
#5041=CARTESIAN_POINT('Origin',(-0.349999999999987,0.,-68.0280076645881));
#5042=CARTESIAN_POINT('',(-0.349999999999987,0.,-68.0280076645881));
#5043=CARTESIAN_POINT('',(-0.285438500830985,0.,-67.9501871996345));
#5044=CARTESIAN_POINT('',(-0.349999999999987,10.,-68.0280076645881));
#5045=CARTESIAN_POINT('',(-0.285438500830985,10.,-67.9501871996345));
#5046=CARTESIAN_POINT('',(-0.349999999999987,0.,-68.0280076645881));
#5047=CARTESIAN_POINT('Origin',(-0.349999999999987,0.,-67.721185816415));
#5048=CARTESIAN_POINT('',(-0.349999999999987,0.,-67.721185816415));
#5049=CARTESIAN_POINT('',(-0.349999999999987,0.,-67.721185816415));
#5050=CARTESIAN_POINT('',(-0.349999999999987,10.,-67.721185816415));
#5051=CARTESIAN_POINT('',(-0.349999999999987,10.,-67.721185816415));
#5052=CARTESIAN_POINT('',(-0.349999999999987,0.,-67.721185816415));
#5053=CARTESIAN_POINT('Ctrl Pts',(-0.326871384528446,0.,-67.6776961361847));
#5054=CARTESIAN_POINT('Ctrl Pts',(-0.326871384528446,10.,-67.6776961361847));
#5055=CARTESIAN_POINT('Ctrl Pts',(-0.349999999999987,0.,-67.6999235415185));
#5056=CARTESIAN_POINT('Ctrl Pts',(-0.349999999999987,10.,-67.6999235415185));
#5057=CARTESIAN_POINT('Ctrl Pts',(-0.349999999999987,0.,-67.721185816415));
#5058=CARTESIAN_POINT('Ctrl Pts',(-0.349999999999987,10.,-67.721185816415));
#5059=CARTESIAN_POINT('',(-0.326871384528446,0.,-67.6776961361847));
#5060=CARTESIAN_POINT('Ctrl Pts',(-0.326871384528446,0.,-67.6776961361847));
#5061=CARTESIAN_POINT('Ctrl Pts',(-0.349999999999987,0.,-67.6999235415185));
#5062=CARTESIAN_POINT('Ctrl Pts',(-0.349999999999987,0.,-67.721185816415));
#5063=CARTESIAN_POINT('',(-0.326871384528446,10.,-67.6776961361847));
#5064=CARTESIAN_POINT('Ctrl Pts',(-0.326871384528446,10.,-67.6776961361847));
#5065=CARTESIAN_POINT('Ctrl Pts',(-0.349999999999987,10.,-67.6999235415185));
#5066=CARTESIAN_POINT('Ctrl Pts',(-0.349999999999987,10.,-67.721185816415));
#5067=CARTESIAN_POINT('',(-0.326871384528446,0.,-67.6776961361847));
#5068=CARTESIAN_POINT('Ctrl Pts',(-0.23074148231855,0.,-67.5270946030691));
#5069=CARTESIAN_POINT('Ctrl Pts',(-0.23074148231855,10.,-67.5270946030691));
#5070=CARTESIAN_POINT('Ctrl Pts',(-0.229290936828627,0.,-67.5677135048494));
#5071=CARTESIAN_POINT('Ctrl Pts',(-0.229290936828627,10.,-67.5677135048494));
#5072=CARTESIAN_POINT('Ctrl Pts',(-0.245417743675001,0.,-67.6029125158678));
#5073=CARTESIAN_POINT('Ctrl Pts',(-0.245417743675001,10.,-67.6029125158678));
#5074=CARTESIAN_POINT('Ctrl Pts',(-0.279093101731054,0.,-67.6376053967112));
#5075=CARTESIAN_POINT('Ctrl Pts',(-0.279093101731054,10.,-67.6376053967112));
#5076=CARTESIAN_POINT('Ctrl Pts',(-0.326871384528446,0.,-67.6776961361847));
#5077=CARTESIAN_POINT('Ctrl Pts',(-0.326871384528446,10.,-67.6776961361847));
#5078=CARTESIAN_POINT('',(-0.23074148231855,0.,-67.5270946030691));
#5079=CARTESIAN_POINT('Ctrl Pts',(-0.23074148231855,0.,-67.5270946030691));
#5080=CARTESIAN_POINT('Ctrl Pts',(-0.229290936828628,0.,-67.5677135048494));
#5081=CARTESIAN_POINT('Ctrl Pts',(-0.245417743675001,0.,-67.6029125158678));
#5082=CARTESIAN_POINT('Ctrl Pts',(-0.279093101731053,0.,-67.6376053967112));
#5083=CARTESIAN_POINT('Ctrl Pts',(-0.326871384528446,0.,-67.6776961361847));
#5084=CARTESIAN_POINT('',(-0.23074148231855,10.,-67.5270946030691));
#5085=CARTESIAN_POINT('Ctrl Pts',(-0.23074148231855,10.,-67.5270946030691));
#5086=CARTESIAN_POINT('Ctrl Pts',(-0.229290936828628,10.,-67.5677135048494));
#5087=CARTESIAN_POINT('Ctrl Pts',(-0.245417743675001,10.,-67.6029125158678));
#5088=CARTESIAN_POINT('Ctrl Pts',(-0.279093101731053,10.,-67.6376053967112));
#5089=CARTESIAN_POINT('Ctrl Pts',(-0.326871384528446,10.,-67.6776961361847));
#5090=CARTESIAN_POINT('',(-0.23074148231855,0.,-67.5270946030691));
#5091=CARTESIAN_POINT('Origin',(-3.87439181089692,0.,-67.5270946030691));
#5092=CARTESIAN_POINT('',(-3.87439181089692,0.,-67.5270946030691));
#5093=CARTESIAN_POINT('',(-3.87439181089692,0.,-67.5270946030691));
#5094=CARTESIAN_POINT('',(-3.87439181089692,10.,-67.5270946030691));
#5095=CARTESIAN_POINT('',(-3.87439181089692,10.,-67.5270946030691));
#5096=CARTESIAN_POINT('',(-3.87439181089692,0.,-67.5270946030691));
#5097=CARTESIAN_POINT('Origin',(-6.49999999999999,0.,-64.85));
#5098=CARTESIAN_POINT('',(-6.49999999999999,0.,-64.85));
#5099=CARTESIAN_POINT('',(-6.49999999999999,0.,-64.85));
#5100=CARTESIAN_POINT('',(-6.49999999999999,10.,-64.85));
#5101=CARTESIAN_POINT('',(-6.49999999999999,10.,-64.85));
#5102=CARTESIAN_POINT('',(-6.49999999999999,0.,-64.85));
#5103=CARTESIAN_POINT('Ctrl Pts',(-4.29637712182913E-14,0.,-91.6636425250872));
#5104=CARTESIAN_POINT('Ctrl Pts',(-4.29637712182913E-14,10.,-91.6636425250872));
#5105=CARTESIAN_POINT('Ctrl Pts',(-1.6434930890685,0.,-91.2818834722362));
#5106=CARTESIAN_POINT('Ctrl Pts',(-1.6434930890685,10.,-91.2818834722362));
#5107=CARTESIAN_POINT('Ctrl Pts',(-5.23522671000942,0.,-86.9996076948532));
#5108=CARTESIAN_POINT('Ctrl Pts',(-5.23522671000942,10.,-86.9996076948532));
#5109=CARTESIAN_POINT('Ctrl Pts',(-7.00000000000002,0.,-74.536240341585));
#5110=CARTESIAN_POINT('Ctrl Pts',(-7.00000000000002,10.,-74.536240341585));
#5111=CARTESIAN_POINT('Ctrl Pts',(-6.49999999999999,0.,-64.85));
#5112=CARTESIAN_POINT('Ctrl Pts',(-6.49999999999999,10.,-64.85));
#5113=CARTESIAN_POINT('Ctrl Pts',(-4.29637712182913E-14,0.,-91.6636425250872));
#5114=CARTESIAN_POINT('Ctrl Pts',(-1.6434930890685,0.,-91.2818834722362));
#5115=CARTESIAN_POINT('Ctrl Pts',(-5.23522671000942,0.,-86.9996076948532));
#5116=CARTESIAN_POINT('Ctrl Pts',(-7.00000000000002,0.,-74.536240341585));
#5117=CARTESIAN_POINT('Ctrl Pts',(-6.49999999999999,0.,-64.85));
#5118=CARTESIAN_POINT('Ctrl Pts',(-4.29637712182913E-14,10.,-91.6636425250872));
#5119=CARTESIAN_POINT('Ctrl Pts',(-1.6434930890685,10.,-91.2818834722362));
#5120=CARTESIAN_POINT('Ctrl Pts',(-5.23522671000942,10.,-86.9996076948532));
#5121=CARTESIAN_POINT('Ctrl Pts',(-7.00000000000002,10.,-74.536240341585));
#5122=CARTESIAN_POINT('Ctrl Pts',(-6.49999999999999,10.,-64.85));
#5123=CARTESIAN_POINT('Origin',(-1.66533453693773E-14,10.,-78.2568212625436));
#5124=CARTESIAN_POINT('Origin',(-1.66533453693773E-14,0.,-78.2568212625436));
#5125=UNCERTAINTY_MEASURE_WITH_UNIT(LENGTH_MEASURE(0.01),#5129,
'DISTANCE_ACCURACY_VALUE',
'Maximum model space distance between geometric entities at asserted c
onnectivities');
#5126=UNCERTAINTY_MEASURE_WITH_UNIT(LENGTH_MEASURE(0.01),#5129,
'DISTANCE_ACCURACY_VALUE',
'Maximum model space distance between geometric entities at asserted c
onnectivities');
#5127=(
GEOMETRIC_REPRESENTATION_CONTEXT(3)
GLOBAL_UNCERTAINTY_ASSIGNED_CONTEXT((#5125))
GLOBAL_UNIT_ASSIGNED_CONTEXT((#5129,#5131,#5132))
REPRESENTATION_CONTEXT('','3D')
);
#5128=(
GEOMETRIC_REPRESENTATION_CONTEXT(3)
GLOBAL_UNCERTAINTY_ASSIGNED_CONTEXT((#5126))
GLOBAL_UNIT_ASSIGNED_CONTEXT((#5129,#5131,#5132))
REPRESENTATION_CONTEXT('','3D')
);
#5129=(
LENGTH_UNIT()
NAMED_UNIT(*)
SI_UNIT(.MILLI.,.METRE.)
);
#5130=(
LENGTH_UNIT()
NAMED_UNIT(*)
SI_UNIT(.CENTI.,.METRE.)
);
#5131=(
NAMED_UNIT(*)
PLANE_ANGLE_UNIT()
SI_UNIT($,.RADIAN.)
);
#5132=(
NAMED_UNIT(*)
SI_UNIT($,.STERADIAN.)
SOLID_ANGLE_UNIT()
);
#5133=SHAPE_DEFINITION_REPRESENTATION(#5134,#5135);
#5134=PRODUCT_DEFINITION_SHAPE('',$,#5137);
#5135=SHAPE_REPRESENTATION('',(#3009),#5127);
#5136=PRODUCT_DEFINITION_CONTEXT('part definition',#5141,'design');
#5137=PRODUCT_DEFINITION('2D-rocket-model','2D-rocket-model',#5138,#5136);
#5138=PRODUCT_DEFINITION_FORMATION('',$,#5143);
#5139=PRODUCT_RELATED_PRODUCT_CATEGORY('2D-rocket-model',
'2D-rocket-model',(#5143));
#5140=APPLICATION_PROTOCOL_DEFINITION('international standard',
'automotive_design',2009,#5141);
#5141=APPLICATION_CONTEXT(
'Core Data for Automotive Mechanical Design Process');
#5142=PRODUCT_CONTEXT('part definition',#5141,'mechanical');
#5143=PRODUCT('2D-rocket-model','2D-rocket-model',$,(#5142));
#5144=PRESENTATION_STYLE_ASSIGNMENT((#5145));
#5145=SURFACE_STYLE_USAGE(.BOTH.,#5148);
#5146=SURFACE_STYLE_RENDERING_WITH_PROPERTIES($,#5152,(#5147));
#5147=SURFACE_STYLE_TRANSPARENT(0.);
#5148=SURFACE_SIDE_STYLE('',(#5149,#5146));
#5149=SURFACE_STYLE_FILL_AREA(#5150);
#5150=FILL_AREA_STYLE('',(#5151));
#5151=FILL_AREA_STYLE_COLOUR('',#5152);
#5152=COLOUR_RGB('',0.749019607843137,0.749019607843137,0.749019607843137);
ENDSEC;
END-ISO-10303-21;
