ISO-10303-21;
HEADER;
/* Generated by software containing ST-Developer
 * from STEP Tools, Inc. (www.steptools.com) 
 */

FILE_DESCRIPTION(
/* description */ (''),
/* implementation_level */ '2;1');

FILE_NAME(
/* name */ 'chess-board-top-plate.stp',
/* time_stamp */ '2025-08-03T19:21:35+01:00',
/* author */ ('iwheard'),
/* organization */ (''),
/* preprocessor_version */ 'ST-DEVELOPER v20',
/* originating_system */ 'Autodesk Inventor 2024',
/* authorisation */ '');

FILE_SCHEMA (('AUTOMOTIVE_DESIGN { 1 0 10303 214 3 1 1 }'));
ENDSEC;

DATA;
#10=MECHANICAL_DESIGN_GEOMETRIC_PRESENTATION_REPRESENTATION('',(#78,#79,
#80,#81,#82,#83,#84,#85,#86,#87,#88,#89,#90,#91,#92,#93,#94,#95,#96,#97,
#98,#99,#100,#101,#102,#103,#104,#105,#106,#107,#108,#109,#110,#111,#112,
#113,#114,#115,#116,#117,#118,#119,#120,#121,#122,#123,#124,#125,#126,#127,
#128,#129,#130,#131,#132,#133,#134,#135,#136,#137,#138,#139,#140,#141,#142),
#10917);
#11=SHAPE_REPRESENTATION_RELATIONSHIP('SRR','None',#10928,#12);
#12=ADVANCED_BREP_SHAPE_REPRESENTATION('',(#13),#10916);
#13=MANIFOLD_SOLID_BREP('top-plate',#6640);
#14=FACE_BOUND('',#1438,.T.);
#15=FACE_BOUND('',#1439,.T.);
#16=FACE_BOUND('',#1440,.T.);
#17=FACE_BOUND('',#1441,.T.);
#18=FACE_BOUND('',#1442,.T.);
#19=FACE_BOUND('',#1443,.T.);
#20=FACE_BOUND('',#1444,.T.);
#21=FACE_BOUND('',#1445,.T.);
#22=FACE_BOUND('',#1446,.T.);
#23=FACE_BOUND('',#1447,.T.);
#24=FACE_BOUND('',#1448,.T.);
#25=FACE_BOUND('',#1449,.T.);
#26=FACE_BOUND('',#1450,.T.);
#27=FACE_BOUND('',#1451,.T.);
#28=FACE_BOUND('',#1452,.T.);
#29=FACE_BOUND('',#1453,.T.);
#30=FACE_BOUND('',#1454,.T.);
#31=FACE_BOUND('',#1455,.T.);
#32=FACE_BOUND('',#1456,.T.);
#33=FACE_BOUND('',#1457,.T.);
#34=FACE_BOUND('',#1458,.T.);
#35=FACE_BOUND('',#1459,.T.);
#36=FACE_BOUND('',#1460,.T.);
#37=FACE_BOUND('',#1461,.T.);
#38=FACE_BOUND('',#1462,.T.);
#39=FACE_BOUND('',#1463,.T.);
#40=FACE_BOUND('',#1464,.T.);
#41=FACE_BOUND('',#1465,.T.);
#42=FACE_BOUND('',#1466,.T.);
#43=FACE_BOUND('',#1467,.T.);
#44=FACE_BOUND('',#1468,.T.);
#45=FACE_BOUND('',#1469,.T.);
#46=FACE_BOUND('',#1470,.T.);
#47=FACE_BOUND('',#1471,.T.);
#48=FACE_BOUND('',#1472,.T.);
#49=FACE_BOUND('',#1473,.T.);
#50=FACE_BOUND('',#1474,.T.);
#51=FACE_BOUND('',#1475,.T.);
#52=FACE_BOUND('',#1476,.T.);
#53=FACE_BOUND('',#1477,.T.);
#54=FACE_BOUND('',#1478,.T.);
#55=FACE_BOUND('',#1479,.T.);
#56=FACE_BOUND('',#1480,.T.);
#57=FACE_BOUND('',#1481,.T.);
#58=FACE_BOUND('',#1482,.T.);
#59=FACE_BOUND('',#1483,.T.);
#60=FACE_BOUND('',#1484,.T.);
#61=FACE_BOUND('',#1485,.T.);
#62=FACE_BOUND('',#1486,.T.);
#63=FACE_BOUND('',#1487,.T.);
#64=FACE_BOUND('',#1488,.T.);
#65=FACE_BOUND('',#1489,.T.);
#66=FACE_BOUND('',#1490,.T.);
#67=FACE_BOUND('',#1491,.T.);
#68=FACE_BOUND('',#1492,.T.);
#69=FACE_BOUND('',#1493,.T.);
#70=FACE_BOUND('',#1494,.T.);
#71=FACE_BOUND('',#1495,.T.);
#72=FACE_BOUND('',#1496,.T.);
#73=FACE_BOUND('',#1497,.T.);
#74=FACE_BOUND('',#1498,.T.);
#75=FACE_BOUND('',#1499,.T.);
#76=FACE_BOUND('',#1500,.T.);
#77=FACE_BOUND('',#1501,.T.);
#78=STYLED_ITEM('',(#10938),#6189);
#79=STYLED_ITEM('',(#10938),#6190);
#80=STYLED_ITEM('',(#10939),#6193);
#81=STYLED_ITEM('',(#10938),#6196);
#82=STYLED_ITEM('',(#10938),#6203);
#83=STYLED_ITEM('',(#10939),#6207);
#84=STYLED_ITEM('',(#10938),#6210);
#85=STYLED_ITEM('',(#10938),#6217);
#86=STYLED_ITEM('',(#10939),#6221);
#87=STYLED_ITEM('',(#10938),#6224);
#88=STYLED_ITEM('',(#10938),#6231);
#89=STYLED_ITEM('',(#10939),#6235);
#90=STYLED_ITEM('',(#10938),#6238);
#91=STYLED_ITEM('',(#10938),#6241);
#92=STYLED_ITEM('',(#10938),#6247);
#93=STYLED_ITEM('',(#10939),#6257);
#94=STYLED_ITEM('',(#10939),#6271);
#95=STYLED_ITEM('',(#10939),#6285);
#96=STYLED_ITEM('',(#10938),#6298);
#97=STYLED_ITEM('',(#10939),#6299);
#98=STYLED_ITEM('',(#10938),#6303);
#99=STYLED_ITEM('',(#10939),#6306);
#100=STYLED_ITEM('',(#10939),#6320);
#101=STYLED_ITEM('',(#10939),#6334);
#102=STYLED_ITEM('',(#10939),#6348);
#103=STYLED_ITEM('',(#10938),#6354);
#104=STYLED_ITEM('',(#10938),#6359);
#105=STYLED_ITEM('',(#10939),#6369);
#106=STYLED_ITEM('',(#10939),#6383);
#107=STYLED_ITEM('',(#10939),#6397);
#108=STYLED_ITEM('',(#10938),#6410);
#109=STYLED_ITEM('',(#10939),#6411);
#110=STYLED_ITEM('',(#10938),#6415);
#111=STYLED_ITEM('',(#10939),#6418);
#112=STYLED_ITEM('',(#10939),#6432);
#113=STYLED_ITEM('',(#10939),#6446);
#114=STYLED_ITEM('',(#10939),#6460);
#115=STYLED_ITEM('',(#10938),#6466);
#116=STYLED_ITEM('',(#10938),#6471);
#117=STYLED_ITEM('',(#10939),#6481);
#118=STYLED_ITEM('',(#10939),#6495);
#119=STYLED_ITEM('',(#10939),#6509);
#120=STYLED_ITEM('',(#10938),#6522);
#121=STYLED_ITEM('',(#10939),#6523);
#122=STYLED_ITEM('',(#10938),#6527);
#123=STYLED_ITEM('',(#10939),#6530);
#124=STYLED_ITEM('',(#10939),#6544);
#125=STYLED_ITEM('',(#10939),#6558);
#126=STYLED_ITEM('',(#10939),#6572);
#127=STYLED_ITEM('',(#10938),#6578);
#128=STYLED_ITEM('',(#10938),#6583);
#129=STYLED_ITEM('',(#10938),#6584);
#130=STYLED_ITEM('',(#10938),#6592);
#131=STYLED_ITEM('',(#10939),#6594);
#132=STYLED_ITEM('',(#10938),#6599);
#133=STYLED_ITEM('',(#10938),#6606);
#134=STYLED_ITEM('',(#10939),#6608);
#135=STYLED_ITEM('',(#10938),#6613);
#136=STYLED_ITEM('',(#10938),#6620);
#137=STYLED_ITEM('',(#10939),#6622);
#138=STYLED_ITEM('',(#10938),#6627);
#139=STYLED_ITEM('',(#10938),#6634);
#140=STYLED_ITEM('',(#10938),#6635);
#141=STYLED_ITEM('',(#10939),#6637);
#142=STYLED_ITEM('',(#10937),#13);
#143=PLANE('',#6665);
#144=PLANE('',#6666);
#145=PLANE('',#6667);
#146=PLANE('',#6668);
#147=PLANE('',#6669);
#148=PLANE('',#6670);
#149=PLANE('',#6674);
#150=PLANE('',#6675);
#151=PLANE('',#6676);
#152=PLANE('',#6677);
#153=PLANE('',#6678);
#154=PLANE('',#6679);
#155=PLANE('',#6683);
#156=PLANE('',#6684);
#157=PLANE('',#6685);
#158=PLANE('',#6686);
#159=PLANE('',#6687);
#160=PLANE('',#6688);
#161=PLANE('',#6692);
#162=PLANE('',#6693);
#163=PLANE('',#6694);
#164=PLANE('',#6695);
#165=PLANE('',#6696);
#166=PLANE('',#6697);
#167=PLANE('',#6701);
#168=PLANE('',#6702);
#169=PLANE('',#6703);
#170=PLANE('',#6704);
#171=PLANE('',#6705);
#172=PLANE('',#6706);
#173=PLANE('',#6710);
#174=PLANE('',#6711);
#175=PLANE('',#6712);
#176=PLANE('',#6713);
#177=PLANE('',#6714);
#178=PLANE('',#6715);
#179=PLANE('',#6719);
#180=PLANE('',#6720);
#181=PLANE('',#6721);
#182=PLANE('',#6722);
#183=PLANE('',#6723);
#184=PLANE('',#6724);
#185=PLANE('',#6728);
#186=PLANE('',#6729);
#187=PLANE('',#6730);
#188=PLANE('',#6731);
#189=PLANE('',#6732);
#190=PLANE('',#6733);
#191=PLANE('',#6734);
#192=PLANE('',#6738);
#193=PLANE('',#6739);
#194=PLANE('',#6740);
#195=PLANE('',#6741);
#196=PLANE('',#6742);
#197=PLANE('',#6743);
#198=PLANE('',#6747);
#199=PLANE('',#6748);
#200=PLANE('',#6749);
#201=PLANE('',#6750);
#202=PLANE('',#6751);
#203=PLANE('',#6752);
#204=PLANE('',#6756);
#205=PLANE('',#6757);
#206=PLANE('',#6758);
#207=PLANE('',#6759);
#208=PLANE('',#6760);
#209=PLANE('',#6761);
#210=PLANE('',#6765);
#211=PLANE('',#6766);
#212=PLANE('',#6767);
#213=PLANE('',#6768);
#214=PLANE('',#6769);
#215=PLANE('',#6770);
#216=PLANE('',#6774);
#217=PLANE('',#6775);
#218=PLANE('',#6776);
#219=PLANE('',#6777);
#220=PLANE('',#6778);
#221=PLANE('',#6779);
#222=PLANE('',#6783);
#223=PLANE('',#6784);
#224=PLANE('',#6785);
#225=PLANE('',#6786);
#226=PLANE('',#6787);
#227=PLANE('',#6788);
#228=PLANE('',#6792);
#229=PLANE('',#6793);
#230=PLANE('',#6794);
#231=PLANE('',#6795);
#232=PLANE('',#6796);
#233=PLANE('',#6797);
#234=PLANE('',#6801);
#235=PLANE('',#6802);
#236=PLANE('',#6803);
#237=PLANE('',#6804);
#238=PLANE('',#6805);
#239=PLANE('',#6806);
#240=PLANE('',#6810);
#241=PLANE('',#6811);
#242=PLANE('',#6812);
#243=PLANE('',#6813);
#244=PLANE('',#6814);
#245=PLANE('',#6815);
#246=PLANE('',#6819);
#247=PLANE('',#6820);
#248=PLANE('',#6821);
#249=PLANE('',#6822);
#250=PLANE('',#6823);
#251=PLANE('',#6824);
#252=PLANE('',#6828);
#253=PLANE('',#6829);
#254=PLANE('',#6830);
#255=PLANE('',#6831);
#256=PLANE('',#6832);
#257=PLANE('',#6833);
#258=PLANE('',#6837);
#259=PLANE('',#6838);
#260=PLANE('',#6839);
#261=PLANE('',#6840);
#262=PLANE('',#6841);
#263=PLANE('',#6842);
#264=PLANE('',#6846);
#265=PLANE('',#6847);
#266=PLANE('',#6848);
#267=PLANE('',#6849);
#268=PLANE('',#6850);
#269=PLANE('',#6851);
#270=PLANE('',#6855);
#271=PLANE('',#6856);
#272=PLANE('',#6857);
#273=PLANE('',#6858);
#274=PLANE('',#6859);
#275=PLANE('',#6860);
#276=PLANE('',#6864);
#277=PLANE('',#6865);
#278=PLANE('',#6866);
#279=PLANE('',#6867);
#280=PLANE('',#6868);
#281=PLANE('',#6869);
#282=PLANE('',#6873);
#283=PLANE('',#6874);
#284=PLANE('',#6875);
#285=PLANE('',#6876);
#286=PLANE('',#6877);
#287=PLANE('',#6878);
#288=PLANE('',#6882);
#289=PLANE('',#6883);
#290=PLANE('',#6884);
#291=PLANE('',#6885);
#292=PLANE('',#6886);
#293=PLANE('',#6887);
#294=PLANE('',#6891);
#295=PLANE('',#6892);
#296=PLANE('',#6893);
#297=PLANE('',#6894);
#298=PLANE('',#6895);
#299=PLANE('',#6896);
#300=PLANE('',#6900);
#301=PLANE('',#6901);
#302=PLANE('',#6902);
#303=PLANE('',#6903);
#304=PLANE('',#6904);
#305=PLANE('',#6905);
#306=PLANE('',#6909);
#307=PLANE('',#6910);
#308=PLANE('',#6911);
#309=PLANE('',#6912);
#310=PLANE('',#6913);
#311=PLANE('',#6914);
#312=PLANE('',#6918);
#313=PLANE('',#6919);
#314=PLANE('',#6920);
#315=PLANE('',#6921);
#316=PLANE('',#6922);
#317=PLANE('',#6923);
#318=PLANE('',#6927);
#319=PLANE('',#6928);
#320=PLANE('',#6929);
#321=PLANE('',#6930);
#322=PLANE('',#6931);
#323=PLANE('',#6932);
#324=PLANE('',#6936);
#325=PLANE('',#6937);
#326=PLANE('',#6938);
#327=PLANE('',#6939);
#328=PLANE('',#6940);
#329=PLANE('',#6941);
#330=PLANE('',#6945);
#331=PLANE('',#6946);
#332=PLANE('',#6947);
#333=PLANE('',#6948);
#334=PLANE('',#6949);
#335=PLANE('',#6950);
#336=PLANE('',#6954);
#337=PLANE('',#6955);
#338=PLANE('',#6956);
#339=PLANE('',#6957);
#340=PLANE('',#6958);
#341=PLANE('',#6959);
#342=PLANE('',#6963);
#343=PLANE('',#6964);
#344=PLANE('',#6965);
#345=PLANE('',#6966);
#346=PLANE('',#6967);
#347=PLANE('',#6968);
#348=PLANE('',#6972);
#349=PLANE('',#6973);
#350=PLANE('',#6974);
#351=PLANE('',#6975);
#352=PLANE('',#6976);
#353=PLANE('',#6977);
#354=PLANE('',#6981);
#355=PLANE('',#6982);
#356=PLANE('',#6983);
#357=PLANE('',#6984);
#358=PLANE('',#6985);
#359=PLANE('',#6986);
#360=PLANE('',#6990);
#361=PLANE('',#6991);
#362=PLANE('',#6992);
#363=PLANE('',#6993);
#364=PLANE('',#6994);
#365=PLANE('',#6995);
#366=PLANE('',#6999);
#367=PLANE('',#7000);
#368=PLANE('',#7001);
#369=PLANE('',#7002);
#370=PLANE('',#7003);
#371=PLANE('',#7004);
#372=PLANE('',#7008);
#373=PLANE('',#7009);
#374=PLANE('',#7010);
#375=PLANE('',#7011);
#376=PLANE('',#7012);
#377=PLANE('',#7013);
#378=PLANE('',#7017);
#379=PLANE('',#7018);
#380=PLANE('',#7019);
#381=PLANE('',#7020);
#382=PLANE('',#7021);
#383=PLANE('',#7022);
#384=PLANE('',#7026);
#385=PLANE('',#7027);
#386=PLANE('',#7028);
#387=PLANE('',#7029);
#388=PLANE('',#7030);
#389=PLANE('',#7031);
#390=PLANE('',#7035);
#391=PLANE('',#7036);
#392=PLANE('',#7037);
#393=PLANE('',#7038);
#394=PLANE('',#7039);
#395=PLANE('',#7040);
#396=PLANE('',#7044);
#397=PLANE('',#7045);
#398=PLANE('',#7046);
#399=PLANE('',#7047);
#400=PLANE('',#7048);
#401=PLANE('',#7049);
#402=PLANE('',#7053);
#403=PLANE('',#7054);
#404=PLANE('',#7055);
#405=PLANE('',#7056);
#406=PLANE('',#7057);
#407=PLANE('',#7058);
#408=PLANE('',#7062);
#409=PLANE('',#7063);
#410=PLANE('',#7064);
#411=PLANE('',#7065);
#412=PLANE('',#7066);
#413=PLANE('',#7067);
#414=PLANE('',#7071);
#415=PLANE('',#7072);
#416=PLANE('',#7073);
#417=PLANE('',#7074);
#418=PLANE('',#7075);
#419=PLANE('',#7076);
#420=PLANE('',#7080);
#421=PLANE('',#7081);
#422=PLANE('',#7082);
#423=PLANE('',#7083);
#424=PLANE('',#7084);
#425=PLANE('',#7085);
#426=PLANE('',#7089);
#427=PLANE('',#7090);
#428=PLANE('',#7091);
#429=PLANE('',#7092);
#430=PLANE('',#7093);
#431=PLANE('',#7094);
#432=PLANE('',#7098);
#433=PLANE('',#7099);
#434=PLANE('',#7100);
#435=PLANE('',#7101);
#436=PLANE('',#7102);
#437=PLANE('',#7103);
#438=PLANE('',#7107);
#439=PLANE('',#7108);
#440=PLANE('',#7109);
#441=PLANE('',#7110);
#442=PLANE('',#7111);
#443=PLANE('',#7112);
#444=PLANE('',#7116);
#445=PLANE('',#7117);
#446=PLANE('',#7118);
#447=PLANE('',#7119);
#448=PLANE('',#7120);
#449=PLANE('',#7121);
#450=PLANE('',#7125);
#451=PLANE('',#7126);
#452=PLANE('',#7127);
#453=PLANE('',#7128);
#454=PLANE('',#7129);
#455=PLANE('',#7130);
#456=PLANE('',#7134);
#457=PLANE('',#7135);
#458=PLANE('',#7136);
#459=PLANE('',#7137);
#460=PLANE('',#7138);
#461=PLANE('',#7139);
#462=PLANE('',#7143);
#463=PLANE('',#7144);
#464=PLANE('',#7145);
#465=PLANE('',#7146);
#466=PLANE('',#7147);
#467=PLANE('',#7148);
#468=PLANE('',#7152);
#469=PLANE('',#7153);
#470=PLANE('',#7154);
#471=PLANE('',#7155);
#472=PLANE('',#7156);
#473=PLANE('',#7157);
#474=PLANE('',#7161);
#475=PLANE('',#7162);
#476=PLANE('',#7163);
#477=PLANE('',#7164);
#478=PLANE('',#7165);
#479=PLANE('',#7166);
#480=PLANE('',#7170);
#481=PLANE('',#7171);
#482=PLANE('',#7172);
#483=PLANE('',#7173);
#484=PLANE('',#7174);
#485=PLANE('',#7175);
#486=PLANE('',#7176);
#487=PLANE('',#7180);
#488=PLANE('',#7181);
#489=PLANE('',#7182);
#490=PLANE('',#7183);
#491=PLANE('',#7184);
#492=PLANE('',#7185);
#493=PLANE('',#7189);
#494=PLANE('',#7190);
#495=PLANE('',#7191);
#496=PLANE('',#7192);
#497=PLANE('',#7193);
#498=PLANE('',#7194);
#499=PLANE('',#7198);
#500=PLANE('',#7199);
#501=PLANE('',#7200);
#502=PLANE('',#7201);
#503=PLANE('',#7202);
#504=PLANE('',#7203);
#505=PLANE('',#7207);
#506=PLANE('',#7208);
#507=PLANE('',#7209);
#508=PLANE('',#7210);
#509=PLANE('',#7211);
#510=PLANE('',#7212);
#511=PLANE('',#7216);
#512=PLANE('',#7217);
#513=PLANE('',#7218);
#514=PLANE('',#7219);
#515=PLANE('',#7220);
#516=PLANE('',#7221);
#517=PLANE('',#7225);
#518=PLANE('',#7226);
#519=PLANE('',#7227);
#520=PLANE('',#7228);
#521=PLANE('',#7229);
#522=PLANE('',#7230);
#523=PLANE('',#7234);
#524=PLANE('',#7235);
#525=PLANE('',#7236);
#526=PLANE('',#7237);
#527=PLANE('',#7238);
#528=PLANE('',#7239);
#529=PLANE('',#7240);
#530=PLANE('',#7241);
#531=PLANE('',#7242);
#532=FACE_OUTER_BOUND('',#985,.T.);
#533=FACE_OUTER_BOUND('',#986,.T.);
#534=FACE_OUTER_BOUND('',#987,.T.);
#535=FACE_OUTER_BOUND('',#988,.T.);
#536=FACE_OUTER_BOUND('',#989,.T.);
#537=FACE_OUTER_BOUND('',#990,.T.);
#538=FACE_OUTER_BOUND('',#991,.T.);
#539=FACE_OUTER_BOUND('',#992,.T.);
#540=FACE_OUTER_BOUND('',#993,.T.);
#541=FACE_OUTER_BOUND('',#994,.T.);
#542=FACE_OUTER_BOUND('',#995,.T.);
#543=FACE_OUTER_BOUND('',#996,.T.);
#544=FACE_OUTER_BOUND('',#997,.T.);
#545=FACE_OUTER_BOUND('',#998,.T.);
#546=FACE_OUTER_BOUND('',#999,.T.);
#547=FACE_OUTER_BOUND('',#1000,.T.);
#548=FACE_OUTER_BOUND('',#1001,.T.);
#549=FACE_OUTER_BOUND('',#1002,.T.);
#550=FACE_OUTER_BOUND('',#1003,.T.);
#551=FACE_OUTER_BOUND('',#1004,.T.);
#552=FACE_OUTER_BOUND('',#1005,.T.);
#553=FACE_OUTER_BOUND('',#1006,.T.);
#554=FACE_OUTER_BOUND('',#1007,.T.);
#555=FACE_OUTER_BOUND('',#1008,.T.);
#556=FACE_OUTER_BOUND('',#1009,.T.);
#557=FACE_OUTER_BOUND('',#1010,.T.);
#558=FACE_OUTER_BOUND('',#1011,.T.);
#559=FACE_OUTER_BOUND('',#1012,.T.);
#560=FACE_OUTER_BOUND('',#1013,.T.);
#561=FACE_OUTER_BOUND('',#1014,.T.);
#562=FACE_OUTER_BOUND('',#1015,.T.);
#563=FACE_OUTER_BOUND('',#1016,.T.);
#564=FACE_OUTER_BOUND('',#1017,.T.);
#565=FACE_OUTER_BOUND('',#1018,.T.);
#566=FACE_OUTER_BOUND('',#1019,.T.);
#567=FACE_OUTER_BOUND('',#1020,.T.);
#568=FACE_OUTER_BOUND('',#1021,.T.);
#569=FACE_OUTER_BOUND('',#1022,.T.);
#570=FACE_OUTER_BOUND('',#1023,.T.);
#571=FACE_OUTER_BOUND('',#1024,.T.);
#572=FACE_OUTER_BOUND('',#1025,.T.);
#573=FACE_OUTER_BOUND('',#1026,.T.);
#574=FACE_OUTER_BOUND('',#1027,.T.);
#575=FACE_OUTER_BOUND('',#1028,.T.);
#576=FACE_OUTER_BOUND('',#1029,.T.);
#577=FACE_OUTER_BOUND('',#1030,.T.);
#578=FACE_OUTER_BOUND('',#1031,.T.);
#579=FACE_OUTER_BOUND('',#1032,.T.);
#580=FACE_OUTER_BOUND('',#1033,.T.);
#581=FACE_OUTER_BOUND('',#1034,.T.);
#582=FACE_OUTER_BOUND('',#1035,.T.);
#583=FACE_OUTER_BOUND('',#1036,.T.);
#584=FACE_OUTER_BOUND('',#1037,.T.);
#585=FACE_OUTER_BOUND('',#1038,.T.);
#586=FACE_OUTER_BOUND('',#1039,.T.);
#587=FACE_OUTER_BOUND('',#1040,.T.);
#588=FACE_OUTER_BOUND('',#1041,.T.);
#589=FACE_OUTER_BOUND('',#1042,.T.);
#590=FACE_OUTER_BOUND('',#1043,.T.);
#591=FACE_OUTER_BOUND('',#1044,.T.);
#592=FACE_OUTER_BOUND('',#1045,.T.);
#593=FACE_OUTER_BOUND('',#1046,.T.);
#594=FACE_OUTER_BOUND('',#1047,.T.);
#595=FACE_OUTER_BOUND('',#1048,.T.);
#596=FACE_OUTER_BOUND('',#1049,.T.);
#597=FACE_OUTER_BOUND('',#1050,.T.);
#598=FACE_OUTER_BOUND('',#1051,.T.);
#599=FACE_OUTER_BOUND('',#1052,.T.);
#600=FACE_OUTER_BOUND('',#1053,.T.);
#601=FACE_OUTER_BOUND('',#1054,.T.);
#602=FACE_OUTER_BOUND('',#1055,.T.);
#603=FACE_OUTER_BOUND('',#1056,.T.);
#604=FACE_OUTER_BOUND('',#1057,.T.);
#605=FACE_OUTER_BOUND('',#1058,.T.);
#606=FACE_OUTER_BOUND('',#1059,.T.);
#607=FACE_OUTER_BOUND('',#1060,.T.);
#608=FACE_OUTER_BOUND('',#1061,.T.);
#609=FACE_OUTER_BOUND('',#1062,.T.);
#610=FACE_OUTER_BOUND('',#1063,.T.);
#611=FACE_OUTER_BOUND('',#1064,.T.);
#612=FACE_OUTER_BOUND('',#1065,.T.);
#613=FACE_OUTER_BOUND('',#1066,.T.);
#614=FACE_OUTER_BOUND('',#1067,.T.);
#615=FACE_OUTER_BOUND('',#1068,.T.);
#616=FACE_OUTER_BOUND('',#1069,.T.);
#617=FACE_OUTER_BOUND('',#1070,.T.);
#618=FACE_OUTER_BOUND('',#1071,.T.);
#619=FACE_OUTER_BOUND('',#1072,.T.);
#620=FACE_OUTER_BOUND('',#1073,.T.);
#621=FACE_OUTER_BOUND('',#1074,.T.);
#622=FACE_OUTER_BOUND('',#1075,.T.);
#623=FACE_OUTER_BOUND('',#1076,.T.);
#624=FACE_OUTER_BOUND('',#1077,.T.);
#625=FACE_OUTER_BOUND('',#1078,.T.);
#626=FACE_OUTER_BOUND('',#1079,.T.);
#627=FACE_OUTER_BOUND('',#1080,.T.);
#628=FACE_OUTER_BOUND('',#1081,.T.);
#629=FACE_OUTER_BOUND('',#1082,.T.);
#630=FACE_OUTER_BOUND('',#1083,.T.);
#631=FACE_OUTER_BOUND('',#1084,.T.);
#632=FACE_OUTER_BOUND('',#1085,.T.);
#633=FACE_OUTER_BOUND('',#1086,.T.);
#634=FACE_OUTER_BOUND('',#1087,.T.);
#635=FACE_OUTER_BOUND('',#1088,.T.);
#636=FACE_OUTER_BOUND('',#1089,.T.);
#637=FACE_OUTER_BOUND('',#1090,.T.);
#638=FACE_OUTER_BOUND('',#1091,.T.);
#639=FACE_OUTER_BOUND('',#1092,.T.);
#640=FACE_OUTER_BOUND('',#1093,.T.);
#641=FACE_OUTER_BOUND('',#1094,.T.);
#642=FACE_OUTER_BOUND('',#1095,.T.);
#643=FACE_OUTER_BOUND('',#1096,.T.);
#644=FACE_OUTER_BOUND('',#1097,.T.);
#645=FACE_OUTER_BOUND('',#1098,.T.);
#646=FACE_OUTER_BOUND('',#1099,.T.);
#647=FACE_OUTER_BOUND('',#1100,.T.);
#648=FACE_OUTER_BOUND('',#1101,.T.);
#649=FACE_OUTER_BOUND('',#1102,.T.);
#650=FACE_OUTER_BOUND('',#1103,.T.);
#651=FACE_OUTER_BOUND('',#1104,.T.);
#652=FACE_OUTER_BOUND('',#1105,.T.);
#653=FACE_OUTER_BOUND('',#1106,.T.);
#654=FACE_OUTER_BOUND('',#1107,.T.);
#655=FACE_OUTER_BOUND('',#1108,.T.);
#656=FACE_OUTER_BOUND('',#1109,.T.);
#657=FACE_OUTER_BOUND('',#1110,.T.);
#658=FACE_OUTER_BOUND('',#1111,.T.);
#659=FACE_OUTER_BOUND('',#1112,.T.);
#660=FACE_OUTER_BOUND('',#1113,.T.);
#661=FACE_OUTER_BOUND('',#1114,.T.);
#662=FACE_OUTER_BOUND('',#1115,.T.);
#663=FACE_OUTER_BOUND('',#1116,.T.);
#664=FACE_OUTER_BOUND('',#1117,.T.);
#665=FACE_OUTER_BOUND('',#1118,.T.);
#666=FACE_OUTER_BOUND('',#1119,.T.);
#667=FACE_OUTER_BOUND('',#1120,.T.);
#668=FACE_OUTER_BOUND('',#1121,.T.);
#669=FACE_OUTER_BOUND('',#1122,.T.);
#670=FACE_OUTER_BOUND('',#1123,.T.);
#671=FACE_OUTER_BOUND('',#1124,.T.);
#672=FACE_OUTER_BOUND('',#1125,.T.);
#673=FACE_OUTER_BOUND('',#1126,.T.);
#674=FACE_OUTER_BOUND('',#1127,.T.);
#675=FACE_OUTER_BOUND('',#1128,.T.);
#676=FACE_OUTER_BOUND('',#1129,.T.);
#677=FACE_OUTER_BOUND('',#1130,.T.);
#678=FACE_OUTER_BOUND('',#1131,.T.);
#679=FACE_OUTER_BOUND('',#1132,.T.);
#680=FACE_OUTER_BOUND('',#1133,.T.);
#681=FACE_OUTER_BOUND('',#1134,.T.);
#682=FACE_OUTER_BOUND('',#1135,.T.);
#683=FACE_OUTER_BOUND('',#1136,.T.);
#684=FACE_OUTER_BOUND('',#1137,.T.);
#685=FACE_OUTER_BOUND('',#1138,.T.);
#686=FACE_OUTER_BOUND('',#1139,.T.);
#687=FACE_OUTER_BOUND('',#1140,.T.);
#688=FACE_OUTER_BOUND('',#1141,.T.);
#689=FACE_OUTER_BOUND('',#1142,.T.);
#690=FACE_OUTER_BOUND('',#1143,.T.);
#691=FACE_OUTER_BOUND('',#1144,.T.);
#692=FACE_OUTER_BOUND('',#1145,.T.);
#693=FACE_OUTER_BOUND('',#1146,.T.);
#694=FACE_OUTER_BOUND('',#1147,.T.);
#695=FACE_OUTER_BOUND('',#1148,.T.);
#696=FACE_OUTER_BOUND('',#1149,.T.);
#697=FACE_OUTER_BOUND('',#1150,.T.);
#698=FACE_OUTER_BOUND('',#1151,.T.);
#699=FACE_OUTER_BOUND('',#1152,.T.);
#700=FACE_OUTER_BOUND('',#1153,.T.);
#701=FACE_OUTER_BOUND('',#1154,.T.);
#702=FACE_OUTER_BOUND('',#1155,.T.);
#703=FACE_OUTER_BOUND('',#1156,.T.);
#704=FACE_OUTER_BOUND('',#1157,.T.);
#705=FACE_OUTER_BOUND('',#1158,.T.);
#706=FACE_OUTER_BOUND('',#1159,.T.);
#707=FACE_OUTER_BOUND('',#1160,.T.);
#708=FACE_OUTER_BOUND('',#1161,.T.);
#709=FACE_OUTER_BOUND('',#1162,.T.);
#710=FACE_OUTER_BOUND('',#1163,.T.);
#711=FACE_OUTER_BOUND('',#1164,.T.);
#712=FACE_OUTER_BOUND('',#1165,.T.);
#713=FACE_OUTER_BOUND('',#1166,.T.);
#714=FACE_OUTER_BOUND('',#1167,.T.);
#715=FACE_OUTER_BOUND('',#1168,.T.);
#716=FACE_OUTER_BOUND('',#1169,.T.);
#717=FACE_OUTER_BOUND('',#1170,.T.);
#718=FACE_OUTER_BOUND('',#1171,.T.);
#719=FACE_OUTER_BOUND('',#1172,.T.);
#720=FACE_OUTER_BOUND('',#1173,.T.);
#721=FACE_OUTER_BOUND('',#1174,.T.);
#722=FACE_OUTER_BOUND('',#1175,.T.);
#723=FACE_OUTER_BOUND('',#1176,.T.);
#724=FACE_OUTER_BOUND('',#1177,.T.);
#725=FACE_OUTER_BOUND('',#1178,.T.);
#726=FACE_OUTER_BOUND('',#1179,.T.);
#727=FACE_OUTER_BOUND('',#1180,.T.);
#728=FACE_OUTER_BOUND('',#1181,.T.);
#729=FACE_OUTER_BOUND('',#1182,.T.);
#730=FACE_OUTER_BOUND('',#1183,.T.);
#731=FACE_OUTER_BOUND('',#1184,.T.);
#732=FACE_OUTER_BOUND('',#1185,.T.);
#733=FACE_OUTER_BOUND('',#1186,.T.);
#734=FACE_OUTER_BOUND('',#1187,.T.);
#735=FACE_OUTER_BOUND('',#1188,.T.);
#736=FACE_OUTER_BOUND('',#1189,.T.);
#737=FACE_OUTER_BOUND('',#1190,.T.);
#738=FACE_OUTER_BOUND('',#1191,.T.);
#739=FACE_OUTER_BOUND('',#1192,.T.);
#740=FACE_OUTER_BOUND('',#1193,.T.);
#741=FACE_OUTER_BOUND('',#1194,.T.);
#742=FACE_OUTER_BOUND('',#1195,.T.);
#743=FACE_OUTER_BOUND('',#1196,.T.);
#744=FACE_OUTER_BOUND('',#1197,.T.);
#745=FACE_OUTER_BOUND('',#1198,.T.);
#746=FACE_OUTER_BOUND('',#1199,.T.);
#747=FACE_OUTER_BOUND('',#1200,.T.);
#748=FACE_OUTER_BOUND('',#1201,.T.);
#749=FACE_OUTER_BOUND('',#1202,.T.);
#750=FACE_OUTER_BOUND('',#1203,.T.);
#751=FACE_OUTER_BOUND('',#1204,.T.);
#752=FACE_OUTER_BOUND('',#1205,.T.);
#753=FACE_OUTER_BOUND('',#1206,.T.);
#754=FACE_OUTER_BOUND('',#1207,.T.);
#755=FACE_OUTER_BOUND('',#1208,.T.);
#756=FACE_OUTER_BOUND('',#1209,.T.);
#757=FACE_OUTER_BOUND('',#1210,.T.);
#758=FACE_OUTER_BOUND('',#1211,.T.);
#759=FACE_OUTER_BOUND('',#1212,.T.);
#760=FACE_OUTER_BOUND('',#1213,.T.);
#761=FACE_OUTER_BOUND('',#1214,.T.);
#762=FACE_OUTER_BOUND('',#1215,.T.);
#763=FACE_OUTER_BOUND('',#1216,.T.);
#764=FACE_OUTER_BOUND('',#1217,.T.);
#765=FACE_OUTER_BOUND('',#1218,.T.);
#766=FACE_OUTER_BOUND('',#1219,.T.);
#767=FACE_OUTER_BOUND('',#1220,.T.);
#768=FACE_OUTER_BOUND('',#1221,.T.);
#769=FACE_OUTER_BOUND('',#1222,.T.);
#770=FACE_OUTER_BOUND('',#1223,.T.);
#771=FACE_OUTER_BOUND('',#1224,.T.);
#772=FACE_OUTER_BOUND('',#1225,.T.);
#773=FACE_OUTER_BOUND('',#1226,.T.);
#774=FACE_OUTER_BOUND('',#1227,.T.);
#775=FACE_OUTER_BOUND('',#1228,.T.);
#776=FACE_OUTER_BOUND('',#1229,.T.);
#777=FACE_OUTER_BOUND('',#1230,.T.);
#778=FACE_OUTER_BOUND('',#1231,.T.);
#779=FACE_OUTER_BOUND('',#1232,.T.);
#780=FACE_OUTER_BOUND('',#1233,.T.);
#781=FACE_OUTER_BOUND('',#1234,.T.);
#782=FACE_OUTER_BOUND('',#1235,.T.);
#783=FACE_OUTER_BOUND('',#1236,.T.);
#784=FACE_OUTER_BOUND('',#1237,.T.);
#785=FACE_OUTER_BOUND('',#1238,.T.);
#786=FACE_OUTER_BOUND('',#1239,.T.);
#787=FACE_OUTER_BOUND('',#1240,.T.);
#788=FACE_OUTER_BOUND('',#1241,.T.);
#789=FACE_OUTER_BOUND('',#1242,.T.);
#790=FACE_OUTER_BOUND('',#1243,.T.);
#791=FACE_OUTER_BOUND('',#1244,.T.);
#792=FACE_OUTER_BOUND('',#1245,.T.);
#793=FACE_OUTER_BOUND('',#1246,.T.);
#794=FACE_OUTER_BOUND('',#1247,.T.);
#795=FACE_OUTER_BOUND('',#1248,.T.);
#796=FACE_OUTER_BOUND('',#1249,.T.);
#797=FACE_OUTER_BOUND('',#1250,.T.);
#798=FACE_OUTER_BOUND('',#1251,.T.);
#799=FACE_OUTER_BOUND('',#1252,.T.);
#800=FACE_OUTER_BOUND('',#1253,.T.);
#801=FACE_OUTER_BOUND('',#1254,.T.);
#802=FACE_OUTER_BOUND('',#1255,.T.);
#803=FACE_OUTER_BOUND('',#1256,.T.);
#804=FACE_OUTER_BOUND('',#1257,.T.);
#805=FACE_OUTER_BOUND('',#1258,.T.);
#806=FACE_OUTER_BOUND('',#1259,.T.);
#807=FACE_OUTER_BOUND('',#1260,.T.);
#808=FACE_OUTER_BOUND('',#1261,.T.);
#809=FACE_OUTER_BOUND('',#1262,.T.);
#810=FACE_OUTER_BOUND('',#1263,.T.);
#811=FACE_OUTER_BOUND('',#1264,.T.);
#812=FACE_OUTER_BOUND('',#1265,.T.);
#813=FACE_OUTER_BOUND('',#1266,.T.);
#814=FACE_OUTER_BOUND('',#1267,.T.);
#815=FACE_OUTER_BOUND('',#1268,.T.);
#816=FACE_OUTER_BOUND('',#1269,.T.);
#817=FACE_OUTER_BOUND('',#1270,.T.);
#818=FACE_OUTER_BOUND('',#1271,.T.);
#819=FACE_OUTER_BOUND('',#1272,.T.);
#820=FACE_OUTER_BOUND('',#1273,.T.);
#821=FACE_OUTER_BOUND('',#1274,.T.);
#822=FACE_OUTER_BOUND('',#1275,.T.);
#823=FACE_OUTER_BOUND('',#1276,.T.);
#824=FACE_OUTER_BOUND('',#1277,.T.);
#825=FACE_OUTER_BOUND('',#1278,.T.);
#826=FACE_OUTER_BOUND('',#1279,.T.);
#827=FACE_OUTER_BOUND('',#1280,.T.);
#828=FACE_OUTER_BOUND('',#1281,.T.);
#829=FACE_OUTER_BOUND('',#1282,.T.);
#830=FACE_OUTER_BOUND('',#1283,.T.);
#831=FACE_OUTER_BOUND('',#1284,.T.);
#832=FACE_OUTER_BOUND('',#1285,.T.);
#833=FACE_OUTER_BOUND('',#1286,.T.);
#834=FACE_OUTER_BOUND('',#1287,.T.);
#835=FACE_OUTER_BOUND('',#1288,.T.);
#836=FACE_OUTER_BOUND('',#1289,.T.);
#837=FACE_OUTER_BOUND('',#1290,.T.);
#838=FACE_OUTER_BOUND('',#1291,.T.);
#839=FACE_OUTER_BOUND('',#1292,.T.);
#840=FACE_OUTER_BOUND('',#1293,.T.);
#841=FACE_OUTER_BOUND('',#1294,.T.);
#842=FACE_OUTER_BOUND('',#1295,.T.);
#843=FACE_OUTER_BOUND('',#1296,.T.);
#844=FACE_OUTER_BOUND('',#1297,.T.);
#845=FACE_OUTER_BOUND('',#1298,.T.);
#846=FACE_OUTER_BOUND('',#1299,.T.);
#847=FACE_OUTER_BOUND('',#1300,.T.);
#848=FACE_OUTER_BOUND('',#1301,.T.);
#849=FACE_OUTER_BOUND('',#1302,.T.);
#850=FACE_OUTER_BOUND('',#1303,.T.);
#851=FACE_OUTER_BOUND('',#1304,.T.);
#852=FACE_OUTER_BOUND('',#1305,.T.);
#853=FACE_OUTER_BOUND('',#1306,.T.);
#854=FACE_OUTER_BOUND('',#1307,.T.);
#855=FACE_OUTER_BOUND('',#1308,.T.);
#856=FACE_OUTER_BOUND('',#1309,.T.);
#857=FACE_OUTER_BOUND('',#1310,.T.);
#858=FACE_OUTER_BOUND('',#1311,.T.);
#859=FACE_OUTER_BOUND('',#1312,.T.);
#860=FACE_OUTER_BOUND('',#1313,.T.);
#861=FACE_OUTER_BOUND('',#1314,.T.);
#862=FACE_OUTER_BOUND('',#1315,.T.);
#863=FACE_OUTER_BOUND('',#1316,.T.);
#864=FACE_OUTER_BOUND('',#1317,.T.);
#865=FACE_OUTER_BOUND('',#1318,.T.);
#866=FACE_OUTER_BOUND('',#1319,.T.);
#867=FACE_OUTER_BOUND('',#1320,.T.);
#868=FACE_OUTER_BOUND('',#1321,.T.);
#869=FACE_OUTER_BOUND('',#1322,.T.);
#870=FACE_OUTER_BOUND('',#1323,.T.);
#871=FACE_OUTER_BOUND('',#1324,.T.);
#872=FACE_OUTER_BOUND('',#1325,.T.);
#873=FACE_OUTER_BOUND('',#1326,.T.);
#874=FACE_OUTER_BOUND('',#1327,.T.);
#875=FACE_OUTER_BOUND('',#1328,.T.);
#876=FACE_OUTER_BOUND('',#1329,.T.);
#877=FACE_OUTER_BOUND('',#1330,.T.);
#878=FACE_OUTER_BOUND('',#1331,.T.);
#879=FACE_OUTER_BOUND('',#1332,.T.);
#880=FACE_OUTER_BOUND('',#1333,.T.);
#881=FACE_OUTER_BOUND('',#1334,.T.);
#882=FACE_OUTER_BOUND('',#1335,.T.);
#883=FACE_OUTER_BOUND('',#1336,.T.);
#884=FACE_OUTER_BOUND('',#1337,.T.);
#885=FACE_OUTER_BOUND('',#1338,.T.);
#886=FACE_OUTER_BOUND('',#1339,.T.);
#887=FACE_OUTER_BOUND('',#1340,.T.);
#888=FACE_OUTER_BOUND('',#1341,.T.);
#889=FACE_OUTER_BOUND('',#1342,.T.);
#890=FACE_OUTER_BOUND('',#1343,.T.);
#891=FACE_OUTER_BOUND('',#1344,.T.);
#892=FACE_OUTER_BOUND('',#1345,.T.);
#893=FACE_OUTER_BOUND('',#1346,.T.);
#894=FACE_OUTER_BOUND('',#1347,.T.);
#895=FACE_OUTER_BOUND('',#1348,.T.);
#896=FACE_OUTER_BOUND('',#1349,.T.);
#897=FACE_OUTER_BOUND('',#1350,.T.);
#898=FACE_OUTER_BOUND('',#1351,.T.);
#899=FACE_OUTER_BOUND('',#1352,.T.);
#900=FACE_OUTER_BOUND('',#1353,.T.);
#901=FACE_OUTER_BOUND('',#1354,.T.);
#902=FACE_OUTER_BOUND('',#1355,.T.);
#903=FACE_OUTER_BOUND('',#1356,.T.);
#904=FACE_OUTER_BOUND('',#1357,.T.);
#905=FACE_OUTER_BOUND('',#1358,.T.);
#906=FACE_OUTER_BOUND('',#1359,.T.);
#907=FACE_OUTER_BOUND('',#1360,.T.);
#908=FACE_OUTER_BOUND('',#1361,.T.);
#909=FACE_OUTER_BOUND('',#1362,.T.);
#910=FACE_OUTER_BOUND('',#1363,.T.);
#911=FACE_OUTER_BOUND('',#1364,.T.);
#912=FACE_OUTER_BOUND('',#1365,.T.);
#913=FACE_OUTER_BOUND('',#1366,.T.);
#914=FACE_OUTER_BOUND('',#1367,.T.);
#915=FACE_OUTER_BOUND('',#1368,.T.);
#916=FACE_OUTER_BOUND('',#1369,.T.);
#917=FACE_OUTER_BOUND('',#1370,.T.);
#918=FACE_OUTER_BOUND('',#1371,.T.);
#919=FACE_OUTER_BOUND('',#1372,.T.);
#920=FACE_OUTER_BOUND('',#1373,.T.);
#921=FACE_OUTER_BOUND('',#1374,.T.);
#922=FACE_OUTER_BOUND('',#1375,.T.);
#923=FACE_OUTER_BOUND('',#1376,.T.);
#924=FACE_OUTER_BOUND('',#1377,.T.);
#925=FACE_OUTER_BOUND('',#1378,.T.);
#926=FACE_OUTER_BOUND('',#1379,.T.);
#927=FACE_OUTER_BOUND('',#1380,.T.);
#928=FACE_OUTER_BOUND('',#1381,.T.);
#929=FACE_OUTER_BOUND('',#1382,.T.);
#930=FACE_OUTER_BOUND('',#1383,.T.);
#931=FACE_OUTER_BOUND('',#1384,.T.);
#932=FACE_OUTER_BOUND('',#1385,.T.);
#933=FACE_OUTER_BOUND('',#1386,.T.);
#934=FACE_OUTER_BOUND('',#1387,.T.);
#935=FACE_OUTER_BOUND('',#1388,.T.);
#936=FACE_OUTER_BOUND('',#1389,.T.);
#937=FACE_OUTER_BOUND('',#1390,.T.);
#938=FACE_OUTER_BOUND('',#1391,.T.);
#939=FACE_OUTER_BOUND('',#1392,.T.);
#940=FACE_OUTER_BOUND('',#1393,.T.);
#941=FACE_OUTER_BOUND('',#1394,.T.);
#942=FACE_OUTER_BOUND('',#1395,.T.);
#943=FACE_OUTER_BOUND('',#1396,.T.);
#944=FACE_OUTER_BOUND('',#1397,.T.);
#945=FACE_OUTER_BOUND('',#1398,.T.);
#946=FACE_OUTER_BOUND('',#1399,.T.);
#947=FACE_OUTER_BOUND('',#1400,.T.);
#948=FACE_OUTER_BOUND('',#1401,.T.);
#949=FACE_OUTER_BOUND('',#1402,.T.);
#950=FACE_OUTER_BOUND('',#1403,.T.);
#951=FACE_OUTER_BOUND('',#1404,.T.);
#952=FACE_OUTER_BOUND('',#1405,.T.);
#953=FACE_OUTER_BOUND('',#1406,.T.);
#954=FACE_OUTER_BOUND('',#1407,.T.);
#955=FACE_OUTER_BOUND('',#1408,.T.);
#956=FACE_OUTER_BOUND('',#1409,.T.);
#957=FACE_OUTER_BOUND('',#1410,.T.);
#958=FACE_OUTER_BOUND('',#1411,.T.);
#959=FACE_OUTER_BOUND('',#1412,.T.);
#960=FACE_OUTER_BOUND('',#1413,.T.);
#961=FACE_OUTER_BOUND('',#1414,.T.);
#962=FACE_OUTER_BOUND('',#1415,.T.);
#963=FACE_OUTER_BOUND('',#1416,.T.);
#964=FACE_OUTER_BOUND('',#1417,.T.);
#965=FACE_OUTER_BOUND('',#1418,.T.);
#966=FACE_OUTER_BOUND('',#1419,.T.);
#967=FACE_OUTER_BOUND('',#1420,.T.);
#968=FACE_OUTER_BOUND('',#1421,.T.);
#969=FACE_OUTER_BOUND('',#1422,.T.);
#970=FACE_OUTER_BOUND('',#1423,.T.);
#971=FACE_OUTER_BOUND('',#1424,.T.);
#972=FACE_OUTER_BOUND('',#1425,.T.);
#973=FACE_OUTER_BOUND('',#1426,.T.);
#974=FACE_OUTER_BOUND('',#1427,.T.);
#975=FACE_OUTER_BOUND('',#1428,.T.);
#976=FACE_OUTER_BOUND('',#1429,.T.);
#977=FACE_OUTER_BOUND('',#1430,.T.);
#978=FACE_OUTER_BOUND('',#1431,.T.);
#979=FACE_OUTER_BOUND('',#1432,.T.);
#980=FACE_OUTER_BOUND('',#1433,.T.);
#981=FACE_OUTER_BOUND('',#1434,.T.);
#982=FACE_OUTER_BOUND('',#1435,.T.);
#983=FACE_OUTER_BOUND('',#1436,.T.);
#984=FACE_OUTER_BOUND('',#1437,.T.);
#985=EDGE_LOOP('',(#4411,#4412,#4413,#4414));
#986=EDGE_LOOP('',(#4415));
#987=EDGE_LOOP('',(#4416,#4417,#4418,#4419));
#988=EDGE_LOOP('',(#4420,#4421,#4422,#4423));
#989=EDGE_LOOP('',(#4424,#4425,#4426,#4427));
#990=EDGE_LOOP('',(#4428,#4429,#4430,#4431));
#991=EDGE_LOOP('',(#4432,#4433,#4434,#4435));
#992=EDGE_LOOP('',(#4436,#4437,#4438,#4439));
#993=EDGE_LOOP('',(#4440));
#994=EDGE_LOOP('',(#4441,#4442,#4443,#4444));
#995=EDGE_LOOP('',(#4445,#4446,#4447,#4448));
#996=EDGE_LOOP('',(#4449,#4450,#4451,#4452));
#997=EDGE_LOOP('',(#4453,#4454,#4455,#4456));
#998=EDGE_LOOP('',(#4457,#4458,#4459,#4460));
#999=EDGE_LOOP('',(#4461,#4462,#4463,#4464));
#1000=EDGE_LOOP('',(#4465));
#1001=EDGE_LOOP('',(#4466,#4467,#4468,#4469));
#1002=EDGE_LOOP('',(#4470,#4471,#4472,#4473));
#1003=EDGE_LOOP('',(#4474,#4475,#4476,#4477));
#1004=EDGE_LOOP('',(#4478,#4479,#4480,#4481));
#1005=EDGE_LOOP('',(#4482,#4483,#4484,#4485));
#1006=EDGE_LOOP('',(#4486,#4487,#4488,#4489));
#1007=EDGE_LOOP('',(#4490));
#1008=EDGE_LOOP('',(#4491,#4492,#4493,#4494));
#1009=EDGE_LOOP('',(#4495,#4496,#4497,#4498));
#1010=EDGE_LOOP('',(#4499,#4500,#4501,#4502));
#1011=EDGE_LOOP('',(#4503,#4504,#4505,#4506));
#1012=EDGE_LOOP('',(#4507,#4508,#4509,#4510));
#1013=EDGE_LOOP('',(#4511,#4512,#4513,#4514));
#1014=EDGE_LOOP('',(#4515));
#1015=EDGE_LOOP('',(#4516,#4517,#4518,#4519));
#1016=EDGE_LOOP('',(#4520,#4521,#4522,#4523));
#1017=EDGE_LOOP('',(#4524,#4525,#4526,#4527));
#1018=EDGE_LOOP('',(#4528,#4529,#4530,#4531));
#1019=EDGE_LOOP('',(#4532,#4533,#4534,#4535));
#1020=EDGE_LOOP('',(#4536,#4537,#4538,#4539));
#1021=EDGE_LOOP('',(#4540));
#1022=EDGE_LOOP('',(#4541,#4542,#4543,#4544));
#1023=EDGE_LOOP('',(#4545,#4546,#4547,#4548));
#1024=EDGE_LOOP('',(#4549,#4550,#4551,#4552));
#1025=EDGE_LOOP('',(#4553,#4554,#4555,#4556));
#1026=EDGE_LOOP('',(#4557,#4558,#4559,#4560));
#1027=EDGE_LOOP('',(#4561,#4562,#4563,#4564));
#1028=EDGE_LOOP('',(#4565));
#1029=EDGE_LOOP('',(#4566,#4567,#4568,#4569));
#1030=EDGE_LOOP('',(#4570,#4571,#4572,#4573));
#1031=EDGE_LOOP('',(#4574,#4575,#4576,#4577));
#1032=EDGE_LOOP('',(#4578,#4579,#4580,#4581));
#1033=EDGE_LOOP('',(#4582,#4583,#4584,#4585));
#1034=EDGE_LOOP('',(#4586,#4587,#4588,#4589));
#1035=EDGE_LOOP('',(#4590));
#1036=EDGE_LOOP('',(#4591,#4592,#4593,#4594));
#1037=EDGE_LOOP('',(#4595,#4596,#4597,#4598));
#1038=EDGE_LOOP('',(#4599,#4600,#4601,#4602));
#1039=EDGE_LOOP('',(#4603,#4604,#4605,#4606));
#1040=EDGE_LOOP('',(#4607,#4608,#4609,#4610,#4611,#4612,#4613,#4614,#4615,
#4616,#4617));
#1041=EDGE_LOOP('',(#4618,#4619,#4620,#4621));
#1042=EDGE_LOOP('',(#4622,#4623,#4624,#4625));
#1043=EDGE_LOOP('',(#4626));
#1044=EDGE_LOOP('',(#4627,#4628,#4629,#4630));
#1045=EDGE_LOOP('',(#4631,#4632,#4633,#4634));
#1046=EDGE_LOOP('',(#4635,#4636,#4637,#4638));
#1047=EDGE_LOOP('',(#4639,#4640,#4641,#4642));
#1048=EDGE_LOOP('',(#4643,#4644,#4645,#4646));
#1049=EDGE_LOOP('',(#4647,#4648,#4649,#4650));
#1050=EDGE_LOOP('',(#4651));
#1051=EDGE_LOOP('',(#4652,#4653,#4654,#4655));
#1052=EDGE_LOOP('',(#4656,#4657,#4658,#4659));
#1053=EDGE_LOOP('',(#4660,#4661,#4662,#4663));
#1054=EDGE_LOOP('',(#4664,#4665,#4666,#4667));
#1055=EDGE_LOOP('',(#4668,#4669,#4670,#4671));
#1056=EDGE_LOOP('',(#4672,#4673,#4674,#4675));
#1057=EDGE_LOOP('',(#4676));
#1058=EDGE_LOOP('',(#4677,#4678,#4679,#4680));
#1059=EDGE_LOOP('',(#4681,#4682,#4683,#4684));
#1060=EDGE_LOOP('',(#4685,#4686,#4687,#4688));
#1061=EDGE_LOOP('',(#4689,#4690,#4691,#4692));
#1062=EDGE_LOOP('',(#4693,#4694,#4695,#4696));
#1063=EDGE_LOOP('',(#4697,#4698,#4699,#4700));
#1064=EDGE_LOOP('',(#4701));
#1065=EDGE_LOOP('',(#4702,#4703,#4704,#4705));
#1066=EDGE_LOOP('',(#4706,#4707,#4708,#4709));
#1067=EDGE_LOOP('',(#4710,#4711,#4712,#4713));
#1068=EDGE_LOOP('',(#4714,#4715,#4716,#4717));
#1069=EDGE_LOOP('',(#4718,#4719,#4720,#4721));
#1070=EDGE_LOOP('',(#4722,#4723,#4724,#4725));
#1071=EDGE_LOOP('',(#4726));
#1072=EDGE_LOOP('',(#4727,#4728,#4729,#4730));
#1073=EDGE_LOOP('',(#4731,#4732,#4733,#4734));
#1074=EDGE_LOOP('',(#4735,#4736,#4737,#4738));
#1075=EDGE_LOOP('',(#4739,#4740,#4741,#4742));
#1076=EDGE_LOOP('',(#4743,#4744,#4745,#4746));
#1077=EDGE_LOOP('',(#4747,#4748,#4749,#4750));
#1078=EDGE_LOOP('',(#4751));
#1079=EDGE_LOOP('',(#4752,#4753,#4754,#4755));
#1080=EDGE_LOOP('',(#4756,#4757,#4758,#4759));
#1081=EDGE_LOOP('',(#4760,#4761,#4762,#4763));
#1082=EDGE_LOOP('',(#4764,#4765,#4766,#4767));
#1083=EDGE_LOOP('',(#4768,#4769,#4770,#4771));
#1084=EDGE_LOOP('',(#4772,#4773,#4774,#4775));
#1085=EDGE_LOOP('',(#4776));
#1086=EDGE_LOOP('',(#4777,#4778,#4779,#4780));
#1087=EDGE_LOOP('',(#4781,#4782,#4783,#4784));
#1088=EDGE_LOOP('',(#4785,#4786,#4787,#4788));
#1089=EDGE_LOOP('',(#4789,#4790,#4791,#4792));
#1090=EDGE_LOOP('',(#4793,#4794,#4795,#4796));
#1091=EDGE_LOOP('',(#4797,#4798,#4799,#4800));
#1092=EDGE_LOOP('',(#4801));
#1093=EDGE_LOOP('',(#4802,#4803,#4804,#4805));
#1094=EDGE_LOOP('',(#4806,#4807,#4808,#4809));
#1095=EDGE_LOOP('',(#4810,#4811,#4812,#4813));
#1096=EDGE_LOOP('',(#4814,#4815,#4816,#4817));
#1097=EDGE_LOOP('',(#4818,#4819,#4820,#4821));
#1098=EDGE_LOOP('',(#4822,#4823,#4824,#4825));
#1099=EDGE_LOOP('',(#4826));
#1100=EDGE_LOOP('',(#4827,#4828,#4829,#4830));
#1101=EDGE_LOOP('',(#4831,#4832,#4833,#4834));
#1102=EDGE_LOOP('',(#4835,#4836,#4837,#4838));
#1103=EDGE_LOOP('',(#4839,#4840,#4841,#4842));
#1104=EDGE_LOOP('',(#4843,#4844,#4845,#4846));
#1105=EDGE_LOOP('',(#4847,#4848,#4849,#4850));
#1106=EDGE_LOOP('',(#4851));
#1107=EDGE_LOOP('',(#4852,#4853,#4854,#4855));
#1108=EDGE_LOOP('',(#4856,#4857,#4858,#4859));
#1109=EDGE_LOOP('',(#4860,#4861,#4862,#4863));
#1110=EDGE_LOOP('',(#4864,#4865,#4866,#4867));
#1111=EDGE_LOOP('',(#4868,#4869,#4870,#4871));
#1112=EDGE_LOOP('',(#4872,#4873,#4874,#4875));
#1113=EDGE_LOOP('',(#4876));
#1114=EDGE_LOOP('',(#4877,#4878,#4879,#4880));
#1115=EDGE_LOOP('',(#4881,#4882,#4883,#4884));
#1116=EDGE_LOOP('',(#4885,#4886,#4887,#4888));
#1117=EDGE_LOOP('',(#4889,#4890,#4891,#4892));
#1118=EDGE_LOOP('',(#4893,#4894,#4895,#4896));
#1119=EDGE_LOOP('',(#4897,#4898,#4899,#4900));
#1120=EDGE_LOOP('',(#4901));
#1121=EDGE_LOOP('',(#4902,#4903,#4904,#4905));
#1122=EDGE_LOOP('',(#4906,#4907,#4908,#4909));
#1123=EDGE_LOOP('',(#4910,#4911,#4912,#4913));
#1124=EDGE_LOOP('',(#4914,#4915,#4916,#4917));
#1125=EDGE_LOOP('',(#4918,#4919,#4920,#4921));
#1126=EDGE_LOOP('',(#4922,#4923,#4924,#4925));
#1127=EDGE_LOOP('',(#4926));
#1128=EDGE_LOOP('',(#4927,#4928,#4929,#4930));
#1129=EDGE_LOOP('',(#4931,#4932,#4933,#4934));
#1130=EDGE_LOOP('',(#4935,#4936,#4937,#4938));
#1131=EDGE_LOOP('',(#4939,#4940,#4941,#4942));
#1132=EDGE_LOOP('',(#4943,#4944,#4945,#4946));
#1133=EDGE_LOOP('',(#4947,#4948,#4949,#4950));
#1134=EDGE_LOOP('',(#4951));
#1135=EDGE_LOOP('',(#4952,#4953,#4954,#4955));
#1136=EDGE_LOOP('',(#4956,#4957,#4958,#4959));
#1137=EDGE_LOOP('',(#4960,#4961,#4962,#4963));
#1138=EDGE_LOOP('',(#4964,#4965,#4966,#4967));
#1139=EDGE_LOOP('',(#4968,#4969,#4970,#4971));
#1140=EDGE_LOOP('',(#4972,#4973,#4974,#4975));
#1141=EDGE_LOOP('',(#4976));
#1142=EDGE_LOOP('',(#4977,#4978,#4979,#4980));
#1143=EDGE_LOOP('',(#4981,#4982,#4983,#4984));
#1144=EDGE_LOOP('',(#4985,#4986,#4987,#4988));
#1145=EDGE_LOOP('',(#4989,#4990,#4991,#4992));
#1146=EDGE_LOOP('',(#4993,#4994,#4995,#4996));
#1147=EDGE_LOOP('',(#4997,#4998,#4999,#5000));
#1148=EDGE_LOOP('',(#5001));
#1149=EDGE_LOOP('',(#5002,#5003,#5004,#5005));
#1150=EDGE_LOOP('',(#5006,#5007,#5008,#5009));
#1151=EDGE_LOOP('',(#5010,#5011,#5012,#5013));
#1152=EDGE_LOOP('',(#5014,#5015,#5016,#5017));
#1153=EDGE_LOOP('',(#5018,#5019,#5020,#5021));
#1154=EDGE_LOOP('',(#5022,#5023,#5024,#5025));
#1155=EDGE_LOOP('',(#5026));
#1156=EDGE_LOOP('',(#5027,#5028,#5029,#5030));
#1157=EDGE_LOOP('',(#5031,#5032,#5033,#5034));
#1158=EDGE_LOOP('',(#5035,#5036,#5037,#5038));
#1159=EDGE_LOOP('',(#5039,#5040,#5041,#5042));
#1160=EDGE_LOOP('',(#5043,#5044,#5045,#5046));
#1161=EDGE_LOOP('',(#5047,#5048,#5049,#5050));
#1162=EDGE_LOOP('',(#5051));
#1163=EDGE_LOOP('',(#5052,#5053,#5054,#5055));
#1164=EDGE_LOOP('',(#5056,#5057,#5058,#5059));
#1165=EDGE_LOOP('',(#5060,#5061,#5062,#5063));
#1166=EDGE_LOOP('',(#5064,#5065,#5066,#5067));
#1167=EDGE_LOOP('',(#5068,#5069,#5070,#5071));
#1168=EDGE_LOOP('',(#5072,#5073,#5074,#5075));
#1169=EDGE_LOOP('',(#5076));
#1170=EDGE_LOOP('',(#5077,#5078,#5079,#5080));
#1171=EDGE_LOOP('',(#5081,#5082,#5083,#5084));
#1172=EDGE_LOOP('',(#5085,#5086,#5087,#5088));
#1173=EDGE_LOOP('',(#5089,#5090,#5091,#5092));
#1174=EDGE_LOOP('',(#5093,#5094,#5095,#5096));
#1175=EDGE_LOOP('',(#5097,#5098,#5099,#5100));
#1176=EDGE_LOOP('',(#5101));
#1177=EDGE_LOOP('',(#5102,#5103,#5104,#5105));
#1178=EDGE_LOOP('',(#5106,#5107,#5108,#5109));
#1179=EDGE_LOOP('',(#5110,#5111,#5112,#5113));
#1180=EDGE_LOOP('',(#5114,#5115,#5116,#5117));
#1181=EDGE_LOOP('',(#5118,#5119,#5120,#5121));
#1182=EDGE_LOOP('',(#5122,#5123,#5124,#5125));
#1183=EDGE_LOOP('',(#5126));
#1184=EDGE_LOOP('',(#5127,#5128,#5129,#5130));
#1185=EDGE_LOOP('',(#5131,#5132,#5133,#5134));
#1186=EDGE_LOOP('',(#5135,#5136,#5137,#5138));
#1187=EDGE_LOOP('',(#5139,#5140,#5141,#5142));
#1188=EDGE_LOOP('',(#5143,#5144,#5145,#5146));
#1189=EDGE_LOOP('',(#5147,#5148,#5149,#5150));
#1190=EDGE_LOOP('',(#5151));
#1191=EDGE_LOOP('',(#5152,#5153,#5154,#5155));
#1192=EDGE_LOOP('',(#5156,#5157,#5158,#5159));
#1193=EDGE_LOOP('',(#5160,#5161,#5162,#5163));
#1194=EDGE_LOOP('',(#5164,#5165,#5166,#5167));
#1195=EDGE_LOOP('',(#5168,#5169,#5170,#5171));
#1196=EDGE_LOOP('',(#5172,#5173,#5174,#5175));
#1197=EDGE_LOOP('',(#5176));
#1198=EDGE_LOOP('',(#5177,#5178,#5179,#5180));
#1199=EDGE_LOOP('',(#5181,#5182,#5183,#5184));
#1200=EDGE_LOOP('',(#5185,#5186,#5187,#5188));
#1201=EDGE_LOOP('',(#5189,#5190,#5191,#5192));
#1202=EDGE_LOOP('',(#5193,#5194,#5195,#5196));
#1203=EDGE_LOOP('',(#5197,#5198,#5199,#5200));
#1204=EDGE_LOOP('',(#5201));
#1205=EDGE_LOOP('',(#5202,#5203,#5204,#5205));
#1206=EDGE_LOOP('',(#5206,#5207,#5208,#5209));
#1207=EDGE_LOOP('',(#5210,#5211,#5212,#5213));
#1208=EDGE_LOOP('',(#5214,#5215,#5216,#5217));
#1209=EDGE_LOOP('',(#5218,#5219,#5220,#5221));
#1210=EDGE_LOOP('',(#5222,#5223,#5224,#5225));
#1211=EDGE_LOOP('',(#5226));
#1212=EDGE_LOOP('',(#5227,#5228,#5229,#5230));
#1213=EDGE_LOOP('',(#5231,#5232,#5233,#5234));
#1214=EDGE_LOOP('',(#5235,#5236,#5237,#5238));
#1215=EDGE_LOOP('',(#5239,#5240,#5241,#5242));
#1216=EDGE_LOOP('',(#5243,#5244,#5245,#5246));
#1217=EDGE_LOOP('',(#5247,#5248,#5249,#5250));
#1218=EDGE_LOOP('',(#5251));
#1219=EDGE_LOOP('',(#5252,#5253,#5254,#5255));
#1220=EDGE_LOOP('',(#5256,#5257,#5258,#5259));
#1221=EDGE_LOOP('',(#5260,#5261,#5262,#5263));
#1222=EDGE_LOOP('',(#5264,#5265,#5266,#5267));
#1223=EDGE_LOOP('',(#5268,#5269,#5270,#5271));
#1224=EDGE_LOOP('',(#5272,#5273,#5274,#5275));
#1225=EDGE_LOOP('',(#5276));
#1226=EDGE_LOOP('',(#5277,#5278,#5279,#5280));
#1227=EDGE_LOOP('',(#5281,#5282,#5283,#5284));
#1228=EDGE_LOOP('',(#5285,#5286,#5287,#5288));
#1229=EDGE_LOOP('',(#5289,#5290,#5291,#5292));
#1230=EDGE_LOOP('',(#5293,#5294,#5295,#5296));
#1231=EDGE_LOOP('',(#5297,#5298,#5299,#5300));
#1232=EDGE_LOOP('',(#5301));
#1233=EDGE_LOOP('',(#5302,#5303,#5304,#5305));
#1234=EDGE_LOOP('',(#5306,#5307,#5308,#5309));
#1235=EDGE_LOOP('',(#5310,#5311,#5312,#5313));
#1236=EDGE_LOOP('',(#5314,#5315,#5316,#5317));
#1237=EDGE_LOOP('',(#5318,#5319,#5320,#5321));
#1238=EDGE_LOOP('',(#5322,#5323,#5324,#5325));
#1239=EDGE_LOOP('',(#5326));
#1240=EDGE_LOOP('',(#5327,#5328,#5329,#5330));
#1241=EDGE_LOOP('',(#5331,#5332,#5333,#5334));
#1242=EDGE_LOOP('',(#5335,#5336,#5337,#5338));
#1243=EDGE_LOOP('',(#5339,#5340,#5341,#5342));
#1244=EDGE_LOOP('',(#5343,#5344,#5345,#5346));
#1245=EDGE_LOOP('',(#5347,#5348,#5349,#5350));
#1246=EDGE_LOOP('',(#5351));
#1247=EDGE_LOOP('',(#5352,#5353,#5354,#5355));
#1248=EDGE_LOOP('',(#5356,#5357,#5358,#5359));
#1249=EDGE_LOOP('',(#5360,#5361,#5362,#5363));
#1250=EDGE_LOOP('',(#5364,#5365,#5366,#5367));
#1251=EDGE_LOOP('',(#5368,#5369,#5370,#5371));
#1252=EDGE_LOOP('',(#5372,#5373,#5374,#5375));
#1253=EDGE_LOOP('',(#5376));
#1254=EDGE_LOOP('',(#5377,#5378,#5379,#5380));
#1255=EDGE_LOOP('',(#5381,#5382,#5383,#5384));
#1256=EDGE_LOOP('',(#5385,#5386,#5387,#5388));
#1257=EDGE_LOOP('',(#5389,#5390,#5391,#5392));
#1258=EDGE_LOOP('',(#5393,#5394,#5395,#5396));
#1259=EDGE_LOOP('',(#5397,#5398,#5399,#5400));
#1260=EDGE_LOOP('',(#5401));
#1261=EDGE_LOOP('',(#5402,#5403,#5404,#5405));
#1262=EDGE_LOOP('',(#5406,#5407,#5408,#5409));
#1263=EDGE_LOOP('',(#5410,#5411,#5412,#5413));
#1264=EDGE_LOOP('',(#5414,#5415,#5416,#5417));
#1265=EDGE_LOOP('',(#5418,#5419,#5420,#5421));
#1266=EDGE_LOOP('',(#5422,#5423,#5424,#5425));
#1267=EDGE_LOOP('',(#5426));
#1268=EDGE_LOOP('',(#5427,#5428,#5429,#5430));
#1269=EDGE_LOOP('',(#5431,#5432,#5433,#5434));
#1270=EDGE_LOOP('',(#5435,#5436,#5437,#5438));
#1271=EDGE_LOOP('',(#5439,#5440,#5441,#5442));
#1272=EDGE_LOOP('',(#5443,#5444,#5445,#5446));
#1273=EDGE_LOOP('',(#5447,#5448,#5449,#5450));
#1274=EDGE_LOOP('',(#5451));
#1275=EDGE_LOOP('',(#5452,#5453,#5454,#5455));
#1276=EDGE_LOOP('',(#5456,#5457,#5458,#5459));
#1277=EDGE_LOOP('',(#5460,#5461,#5462,#5463));
#1278=EDGE_LOOP('',(#5464,#5465,#5466,#5467));
#1279=EDGE_LOOP('',(#5468,#5469,#5470,#5471));
#1280=EDGE_LOOP('',(#5472,#5473,#5474,#5475));
#1281=EDGE_LOOP('',(#5476));
#1282=EDGE_LOOP('',(#5477,#5478,#5479,#5480));
#1283=EDGE_LOOP('',(#5481,#5482,#5483,#5484));
#1284=EDGE_LOOP('',(#5485,#5486,#5487,#5488));
#1285=EDGE_LOOP('',(#5489,#5490,#5491,#5492));
#1286=EDGE_LOOP('',(#5493,#5494,#5495,#5496));
#1287=EDGE_LOOP('',(#5497,#5498,#5499,#5500));
#1288=EDGE_LOOP('',(#5501));
#1289=EDGE_LOOP('',(#5502,#5503,#5504,#5505));
#1290=EDGE_LOOP('',(#5506,#5507,#5508,#5509));
#1291=EDGE_LOOP('',(#5510,#5511,#5512,#5513));
#1292=EDGE_LOOP('',(#5514,#5515,#5516,#5517));
#1293=EDGE_LOOP('',(#5518,#5519,#5520,#5521));
#1294=EDGE_LOOP('',(#5522,#5523,#5524,#5525));
#1295=EDGE_LOOP('',(#5526));
#1296=EDGE_LOOP('',(#5527,#5528,#5529,#5530));
#1297=EDGE_LOOP('',(#5531,#5532,#5533,#5534));
#1298=EDGE_LOOP('',(#5535,#5536,#5537,#5538));
#1299=EDGE_LOOP('',(#5539,#5540,#5541,#5542));
#1300=EDGE_LOOP('',(#5543,#5544,#5545,#5546));
#1301=EDGE_LOOP('',(#5547,#5548,#5549,#5550));
#1302=EDGE_LOOP('',(#5551));
#1303=EDGE_LOOP('',(#5552,#5553,#5554,#5555));
#1304=EDGE_LOOP('',(#5556,#5557,#5558,#5559));
#1305=EDGE_LOOP('',(#5560,#5561,#5562,#5563));
#1306=EDGE_LOOP('',(#5564,#5565,#5566,#5567));
#1307=EDGE_LOOP('',(#5568,#5569,#5570,#5571));
#1308=EDGE_LOOP('',(#5572,#5573,#5574,#5575));
#1309=EDGE_LOOP('',(#5576));
#1310=EDGE_LOOP('',(#5577,#5578,#5579,#5580));
#1311=EDGE_LOOP('',(#5581,#5582,#5583,#5584));
#1312=EDGE_LOOP('',(#5585,#5586,#5587,#5588));
#1313=EDGE_LOOP('',(#5589,#5590,#5591,#5592));
#1314=EDGE_LOOP('',(#5593,#5594,#5595,#5596));
#1315=EDGE_LOOP('',(#5597,#5598,#5599,#5600));
#1316=EDGE_LOOP('',(#5601));
#1317=EDGE_LOOP('',(#5602,#5603,#5604,#5605));
#1318=EDGE_LOOP('',(#5606,#5607,#5608,#5609));
#1319=EDGE_LOOP('',(#5610,#5611,#5612,#5613));
#1320=EDGE_LOOP('',(#5614,#5615,#5616,#5617));
#1321=EDGE_LOOP('',(#5618,#5619,#5620,#5621));
#1322=EDGE_LOOP('',(#5622,#5623,#5624,#5625));
#1323=EDGE_LOOP('',(#5626));
#1324=EDGE_LOOP('',(#5627,#5628,#5629,#5630));
#1325=EDGE_LOOP('',(#5631,#5632,#5633,#5634));
#1326=EDGE_LOOP('',(#5635,#5636,#5637,#5638));
#1327=EDGE_LOOP('',(#5639,#5640,#5641,#5642));
#1328=EDGE_LOOP('',(#5643,#5644,#5645,#5646));
#1329=EDGE_LOOP('',(#5647,#5648,#5649,#5650));
#1330=EDGE_LOOP('',(#5651));
#1331=EDGE_LOOP('',(#5652,#5653,#5654,#5655));
#1332=EDGE_LOOP('',(#5656,#5657,#5658,#5659));
#1333=EDGE_LOOP('',(#5660,#5661,#5662,#5663));
#1334=EDGE_LOOP('',(#5664,#5665,#5666,#5667));
#1335=EDGE_LOOP('',(#5668,#5669,#5670,#5671));
#1336=EDGE_LOOP('',(#5672,#5673,#5674,#5675));
#1337=EDGE_LOOP('',(#5676));
#1338=EDGE_LOOP('',(#5677,#5678,#5679,#5680));
#1339=EDGE_LOOP('',(#5681,#5682,#5683,#5684));
#1340=EDGE_LOOP('',(#5685,#5686,#5687,#5688));
#1341=EDGE_LOOP('',(#5689,#5690,#5691,#5692));
#1342=EDGE_LOOP('',(#5693,#5694,#5695,#5696));
#1343=EDGE_LOOP('',(#5697,#5698,#5699,#5700));
#1344=EDGE_LOOP('',(#5701));
#1345=EDGE_LOOP('',(#5702,#5703,#5704,#5705));
#1346=EDGE_LOOP('',(#5706,#5707,#5708,#5709));
#1347=EDGE_LOOP('',(#5710,#5711,#5712,#5713));
#1348=EDGE_LOOP('',(#5714,#5715,#5716,#5717));
#1349=EDGE_LOOP('',(#5718,#5719,#5720,#5721));
#1350=EDGE_LOOP('',(#5722,#5723,#5724,#5725));
#1351=EDGE_LOOP('',(#5726));
#1352=EDGE_LOOP('',(#5727,#5728,#5729,#5730));
#1353=EDGE_LOOP('',(#5731,#5732,#5733,#5734));
#1354=EDGE_LOOP('',(#5735,#5736,#5737,#5738));
#1355=EDGE_LOOP('',(#5739,#5740,#5741,#5742));
#1356=EDGE_LOOP('',(#5743,#5744,#5745,#5746));
#1357=EDGE_LOOP('',(#5747,#5748,#5749,#5750));
#1358=EDGE_LOOP('',(#5751));
#1359=EDGE_LOOP('',(#5752,#5753,#5754,#5755));
#1360=EDGE_LOOP('',(#5756,#5757,#5758,#5759));
#1361=EDGE_LOOP('',(#5760,#5761,#5762,#5763));
#1362=EDGE_LOOP('',(#5764,#5765,#5766,#5767));
#1363=EDGE_LOOP('',(#5768,#5769,#5770,#5771));
#1364=EDGE_LOOP('',(#5772,#5773,#5774,#5775));
#1365=EDGE_LOOP('',(#5776));
#1366=EDGE_LOOP('',(#5777,#5778,#5779,#5780));
#1367=EDGE_LOOP('',(#5781,#5782,#5783,#5784));
#1368=EDGE_LOOP('',(#5785,#5786,#5787,#5788));
#1369=EDGE_LOOP('',(#5789,#5790,#5791,#5792));
#1370=EDGE_LOOP('',(#5793,#5794,#5795,#5796));
#1371=EDGE_LOOP('',(#5797,#5798,#5799,#5800));
#1372=EDGE_LOOP('',(#5801));
#1373=EDGE_LOOP('',(#5802,#5803,#5804,#5805));
#1374=EDGE_LOOP('',(#5806,#5807,#5808,#5809));
#1375=EDGE_LOOP('',(#5810,#5811,#5812,#5813));
#1376=EDGE_LOOP('',(#5814,#5815,#5816,#5817));
#1377=EDGE_LOOP('',(#5818,#5819,#5820,#5821));
#1378=EDGE_LOOP('',(#5822,#5823,#5824,#5825));
#1379=EDGE_LOOP('',(#5826));
#1380=EDGE_LOOP('',(#5827,#5828,#5829,#5830));
#1381=EDGE_LOOP('',(#5831,#5832,#5833,#5834));
#1382=EDGE_LOOP('',(#5835,#5836,#5837,#5838));
#1383=EDGE_LOOP('',(#5839,#5840,#5841,#5842));
#1384=EDGE_LOOP('',(#5843,#5844,#5845,#5846));
#1385=EDGE_LOOP('',(#5847,#5848,#5849,#5850,#5851,#5852,#5853,#5854,#5855,
#5856,#5857));
#1386=EDGE_LOOP('',(#5858,#5859,#5860,#5861));
#1387=EDGE_LOOP('',(#5862));
#1388=EDGE_LOOP('',(#5863,#5864,#5865,#5866));
#1389=EDGE_LOOP('',(#5867,#5868,#5869,#5870));
#1390=EDGE_LOOP('',(#5871,#5872,#5873,#5874));
#1391=EDGE_LOOP('',(#5875,#5876,#5877,#5878));
#1392=EDGE_LOOP('',(#5879,#5880,#5881,#5882));
#1393=EDGE_LOOP('',(#5883,#5884,#5885,#5886));
#1394=EDGE_LOOP('',(#5887));
#1395=EDGE_LOOP('',(#5888,#5889,#5890,#5891));
#1396=EDGE_LOOP('',(#5892,#5893,#5894,#5895));
#1397=EDGE_LOOP('',(#5896,#5897,#5898,#5899));
#1398=EDGE_LOOP('',(#5900,#5901,#5902,#5903));
#1399=EDGE_LOOP('',(#5904,#5905,#5906,#5907));
#1400=EDGE_LOOP('',(#5908,#5909,#5910,#5911));
#1401=EDGE_LOOP('',(#5912));
#1402=EDGE_LOOP('',(#5913,#5914,#5915,#5916));
#1403=EDGE_LOOP('',(#5917,#5918,#5919,#5920));
#1404=EDGE_LOOP('',(#5921,#5922,#5923,#5924));
#1405=EDGE_LOOP('',(#5925,#5926,#5927,#5928));
#1406=EDGE_LOOP('',(#5929,#5930,#5931,#5932));
#1407=EDGE_LOOP('',(#5933,#5934,#5935,#5936));
#1408=EDGE_LOOP('',(#5937));
#1409=EDGE_LOOP('',(#5938,#5939,#5940,#5941));
#1410=EDGE_LOOP('',(#5942,#5943,#5944,#5945));
#1411=EDGE_LOOP('',(#5946,#5947,#5948,#5949));
#1412=EDGE_LOOP('',(#5950,#5951,#5952,#5953));
#1413=EDGE_LOOP('',(#5954,#5955,#5956,#5957));
#1414=EDGE_LOOP('',(#5958,#5959,#5960,#5961));
#1415=EDGE_LOOP('',(#5962));
#1416=EDGE_LOOP('',(#5963,#5964,#5965,#5966));
#1417=EDGE_LOOP('',(#5967,#5968,#5969,#5970));
#1418=EDGE_LOOP('',(#5971,#5972,#5973,#5974));
#1419=EDGE_LOOP('',(#5975,#5976,#5977,#5978));
#1420=EDGE_LOOP('',(#5979,#5980,#5981,#5982));
#1421=EDGE_LOOP('',(#5983,#5984,#5985,#5986));
#1422=EDGE_LOOP('',(#5987));
#1423=EDGE_LOOP('',(#5988,#5989,#5990,#5991));
#1424=EDGE_LOOP('',(#5992,#5993,#5994,#5995));
#1425=EDGE_LOOP('',(#5996,#5997,#5998,#5999));
#1426=EDGE_LOOP('',(#6000,#6001,#6002,#6003));
#1427=EDGE_LOOP('',(#6004,#6005,#6006,#6007));
#1428=EDGE_LOOP('',(#6008,#6009,#6010,#6011));
#1429=EDGE_LOOP('',(#6012));
#1430=EDGE_LOOP('',(#6013,#6014,#6015,#6016));
#1431=EDGE_LOOP('',(#6017,#6018,#6019,#6020));
#1432=EDGE_LOOP('',(#6021,#6022,#6023,#6024));
#1433=EDGE_LOOP('',(#6025,#6026,#6027,#6028));
#1434=EDGE_LOOP('',(#6029,#6030,#6031,#6032,#6033,#6034,#6035,#6036,#6037,
#6038,#6039));
#1435=EDGE_LOOP('',(#6040,#6041,#6042,#6043));
#1436=EDGE_LOOP('',(#6044,#6045,#6046,#6047,#6048,#6049,#6050,#6051,#6052,
#6053,#6054));
#1437=EDGE_LOOP('',(#6055,#6056,#6057,#6058));
#1438=EDGE_LOOP('',(#6059));
#1439=EDGE_LOOP('',(#6060));
#1440=EDGE_LOOP('',(#6061));
#1441=EDGE_LOOP('',(#6062));
#1442=EDGE_LOOP('',(#6063));
#1443=EDGE_LOOP('',(#6064));
#1444=EDGE_LOOP('',(#6065));
#1445=EDGE_LOOP('',(#6066));
#1446=EDGE_LOOP('',(#6067));
#1447=EDGE_LOOP('',(#6068));
#1448=EDGE_LOOP('',(#6069));
#1449=EDGE_LOOP('',(#6070));
#1450=EDGE_LOOP('',(#6071));
#1451=EDGE_LOOP('',(#6072));
#1452=EDGE_LOOP('',(#6073));
#1453=EDGE_LOOP('',(#6074));
#1454=EDGE_LOOP('',(#6075));
#1455=EDGE_LOOP('',(#6076));
#1456=EDGE_LOOP('',(#6077));
#1457=EDGE_LOOP('',(#6078));
#1458=EDGE_LOOP('',(#6079));
#1459=EDGE_LOOP('',(#6080));
#1460=EDGE_LOOP('',(#6081));
#1461=EDGE_LOOP('',(#6082));
#1462=EDGE_LOOP('',(#6083));
#1463=EDGE_LOOP('',(#6084));
#1464=EDGE_LOOP('',(#6085));
#1465=EDGE_LOOP('',(#6086));
#1466=EDGE_LOOP('',(#6087));
#1467=EDGE_LOOP('',(#6088));
#1468=EDGE_LOOP('',(#6089));
#1469=EDGE_LOOP('',(#6090));
#1470=EDGE_LOOP('',(#6091));
#1471=EDGE_LOOP('',(#6092));
#1472=EDGE_LOOP('',(#6093));
#1473=EDGE_LOOP('',(#6094));
#1474=EDGE_LOOP('',(#6095));
#1475=EDGE_LOOP('',(#6096));
#1476=EDGE_LOOP('',(#6097));
#1477=EDGE_LOOP('',(#6098));
#1478=EDGE_LOOP('',(#6099));
#1479=EDGE_LOOP('',(#6100));
#1480=EDGE_LOOP('',(#6101));
#1481=EDGE_LOOP('',(#6102));
#1482=EDGE_LOOP('',(#6103));
#1483=EDGE_LOOP('',(#6104));
#1484=EDGE_LOOP('',(#6105));
#1485=EDGE_LOOP('',(#6106));
#1486=EDGE_LOOP('',(#6107));
#1487=EDGE_LOOP('',(#6108));
#1488=EDGE_LOOP('',(#6109));
#1489=EDGE_LOOP('',(#6110));
#1490=EDGE_LOOP('',(#6111));
#1491=EDGE_LOOP('',(#6112));
#1492=EDGE_LOOP('',(#6113));
#1493=EDGE_LOOP('',(#6114));
#1494=EDGE_LOOP('',(#6115));
#1495=EDGE_LOOP('',(#6116));
#1496=EDGE_LOOP('',(#6117));
#1497=EDGE_LOOP('',(#6118));
#1498=EDGE_LOOP('',(#6119));
#1499=EDGE_LOOP('',(#6120));
#1500=EDGE_LOOP('',(#6121));
#1501=EDGE_LOOP('',(#6122));
#1502=LINE('',#9140,#2230);
#1503=LINE('',#9146,#2231);
#1504=LINE('',#9148,#2232);
#1505=LINE('',#9150,#2233);
#1506=LINE('',#9151,#2234);
#1507=LINE('',#9154,#2235);
#1508=LINE('',#9156,#2236);
#1509=LINE('',#9157,#2237);
#1510=LINE('',#9160,#2238);
#1511=LINE('',#9162,#2239);
#1512=LINE('',#9163,#2240);
#1513=LINE('',#9165,#2241);
#1514=LINE('',#9166,#2242);
#1515=LINE('',#9172,#2243);
#1516=LINE('',#9178,#2244);
#1517=LINE('',#9179,#2245);
#1518=LINE('',#9181,#2246);
#1519=LINE('',#9182,#2247);
#1520=LINE('',#9185,#2248);
#1521=LINE('',#9186,#2249);
#1522=LINE('',#9189,#2250);
#1523=LINE('',#9191,#2251);
#1524=LINE('',#9192,#2252);
#1525=LINE('',#9194,#2253);
#1526=LINE('',#9195,#2254);
#1527=LINE('',#9201,#2255);
#1528=LINE('',#9207,#2256);
#1529=LINE('',#9208,#2257);
#1530=LINE('',#9210,#2258);
#1531=LINE('',#9211,#2259);
#1532=LINE('',#9214,#2260);
#1533=LINE('',#9215,#2261);
#1534=LINE('',#9218,#2262);
#1535=LINE('',#9220,#2263);
#1536=LINE('',#9221,#2264);
#1537=LINE('',#9223,#2265);
#1538=LINE('',#9224,#2266);
#1539=LINE('',#9230,#2267);
#1540=LINE('',#9236,#2268);
#1541=LINE('',#9237,#2269);
#1542=LINE('',#9239,#2270);
#1543=LINE('',#9240,#2271);
#1544=LINE('',#9243,#2272);
#1545=LINE('',#9244,#2273);
#1546=LINE('',#9247,#2274);
#1547=LINE('',#9249,#2275);
#1548=LINE('',#9250,#2276);
#1549=LINE('',#9252,#2277);
#1550=LINE('',#9253,#2278);
#1551=LINE('',#9259,#2279);
#1552=LINE('',#9265,#2280);
#1553=LINE('',#9266,#2281);
#1554=LINE('',#9268,#2282);
#1555=LINE('',#9269,#2283);
#1556=LINE('',#9272,#2284);
#1557=LINE('',#9273,#2285);
#1558=LINE('',#9276,#2286);
#1559=LINE('',#9278,#2287);
#1560=LINE('',#9279,#2288);
#1561=LINE('',#9281,#2289);
#1562=LINE('',#9282,#2290);
#1563=LINE('',#9288,#2291);
#1564=LINE('',#9294,#2292);
#1565=LINE('',#9295,#2293);
#1566=LINE('',#9297,#2294);
#1567=LINE('',#9298,#2295);
#1568=LINE('',#9301,#2296);
#1569=LINE('',#9302,#2297);
#1570=LINE('',#9305,#2298);
#1571=LINE('',#9307,#2299);
#1572=LINE('',#9308,#2300);
#1573=LINE('',#9310,#2301);
#1574=LINE('',#9311,#2302);
#1575=LINE('',#9317,#2303);
#1576=LINE('',#9323,#2304);
#1577=LINE('',#9324,#2305);
#1578=LINE('',#9326,#2306);
#1579=LINE('',#9327,#2307);
#1580=LINE('',#9330,#2308);
#1581=LINE('',#9331,#2309);
#1582=LINE('',#9334,#2310);
#1583=LINE('',#9336,#2311);
#1584=LINE('',#9337,#2312);
#1585=LINE('',#9339,#2313);
#1586=LINE('',#9340,#2314);
#1587=LINE('',#9346,#2315);
#1588=LINE('',#9352,#2316);
#1589=LINE('',#9353,#2317);
#1590=LINE('',#9355,#2318);
#1591=LINE('',#9356,#2319);
#1592=LINE('',#9359,#2320);
#1593=LINE('',#9360,#2321);
#1594=LINE('',#9363,#2322);
#1595=LINE('',#9365,#2323);
#1596=LINE('',#9366,#2324);
#1597=LINE('',#9368,#2325);
#1598=LINE('',#9369,#2326);
#1599=LINE('',#9372,#2327);
#1600=LINE('',#9374,#2328);
#1601=LINE('',#9375,#2329);
#1602=LINE('',#9381,#2330);
#1603=LINE('',#9387,#2331);
#1604=LINE('',#9388,#2332);
#1605=LINE('',#9389,#2333);
#1606=LINE('',#9392,#2334);
#1607=LINE('',#9394,#2335);
#1608=LINE('',#9395,#2336);
#1609=LINE('',#9398,#2337);
#1610=LINE('',#9400,#2338);
#1611=LINE('',#9401,#2339);
#1612=LINE('',#9403,#2340);
#1613=LINE('',#9404,#2341);
#1614=LINE('',#9410,#2342);
#1615=LINE('',#9416,#2343);
#1616=LINE('',#9417,#2344);
#1617=LINE('',#9418,#2345);
#1618=LINE('',#9421,#2346);
#1619=LINE('',#9422,#2347);
#1620=LINE('',#9425,#2348);
#1621=LINE('',#9427,#2349);
#1622=LINE('',#9428,#2350);
#1623=LINE('',#9430,#2351);
#1624=LINE('',#9431,#2352);
#1625=LINE('',#9437,#2353);
#1626=LINE('',#9443,#2354);
#1627=LINE('',#9444,#2355);
#1628=LINE('',#9445,#2356);
#1629=LINE('',#9448,#2357);
#1630=LINE('',#9449,#2358);
#1631=LINE('',#9452,#2359);
#1632=LINE('',#9454,#2360);
#1633=LINE('',#9455,#2361);
#1634=LINE('',#9457,#2362);
#1635=LINE('',#9458,#2363);
#1636=LINE('',#9464,#2364);
#1637=LINE('',#9470,#2365);
#1638=LINE('',#9471,#2366);
#1639=LINE('',#9472,#2367);
#1640=LINE('',#9475,#2368);
#1641=LINE('',#9476,#2369);
#1642=LINE('',#9479,#2370);
#1643=LINE('',#9481,#2371);
#1644=LINE('',#9482,#2372);
#1645=LINE('',#9484,#2373);
#1646=LINE('',#9485,#2374);
#1647=LINE('',#9491,#2375);
#1648=LINE('',#9497,#2376);
#1649=LINE('',#9498,#2377);
#1650=LINE('',#9499,#2378);
#1651=LINE('',#9502,#2379);
#1652=LINE('',#9503,#2380);
#1653=LINE('',#9506,#2381);
#1654=LINE('',#9508,#2382);
#1655=LINE('',#9509,#2383);
#1656=LINE('',#9511,#2384);
#1657=LINE('',#9512,#2385);
#1658=LINE('',#9518,#2386);
#1659=LINE('',#9524,#2387);
#1660=LINE('',#9525,#2388);
#1661=LINE('',#9526,#2389);
#1662=LINE('',#9529,#2390);
#1663=LINE('',#9530,#2391);
#1664=LINE('',#9533,#2392);
#1665=LINE('',#9535,#2393);
#1666=LINE('',#9536,#2394);
#1667=LINE('',#9538,#2395);
#1668=LINE('',#9539,#2396);
#1669=LINE('',#9545,#2397);
#1670=LINE('',#9551,#2398);
#1671=LINE('',#9552,#2399);
#1672=LINE('',#9553,#2400);
#1673=LINE('',#9556,#2401);
#1674=LINE('',#9557,#2402);
#1675=LINE('',#9560,#2403);
#1676=LINE('',#9562,#2404);
#1677=LINE('',#9563,#2405);
#1678=LINE('',#9565,#2406);
#1679=LINE('',#9566,#2407);
#1680=LINE('',#9572,#2408);
#1681=LINE('',#9578,#2409);
#1682=LINE('',#9579,#2410);
#1683=LINE('',#9580,#2411);
#1684=LINE('',#9583,#2412);
#1685=LINE('',#9584,#2413);
#1686=LINE('',#9587,#2414);
#1687=LINE('',#9589,#2415);
#1688=LINE('',#9590,#2416);
#1689=LINE('',#9592,#2417);
#1690=LINE('',#9593,#2418);
#1691=LINE('',#9599,#2419);
#1692=LINE('',#9605,#2420);
#1693=LINE('',#9606,#2421);
#1694=LINE('',#9607,#2422);
#1695=LINE('',#9610,#2423);
#1696=LINE('',#9612,#2424);
#1697=LINE('',#9613,#2425);
#1698=LINE('',#9616,#2426);
#1699=LINE('',#9618,#2427);
#1700=LINE('',#9619,#2428);
#1701=LINE('',#9621,#2429);
#1702=LINE('',#9622,#2430);
#1703=LINE('',#9628,#2431);
#1704=LINE('',#9634,#2432);
#1705=LINE('',#9635,#2433);
#1706=LINE('',#9636,#2434);
#1707=LINE('',#9639,#2435);
#1708=LINE('',#9640,#2436);
#1709=LINE('',#9643,#2437);
#1710=LINE('',#9645,#2438);
#1711=LINE('',#9646,#2439);
#1712=LINE('',#9648,#2440);
#1713=LINE('',#9649,#2441);
#1714=LINE('',#9655,#2442);
#1715=LINE('',#9661,#2443);
#1716=LINE('',#9662,#2444);
#1717=LINE('',#9663,#2445);
#1718=LINE('',#9666,#2446);
#1719=LINE('',#9667,#2447);
#1720=LINE('',#9670,#2448);
#1721=LINE('',#9672,#2449);
#1722=LINE('',#9673,#2450);
#1723=LINE('',#9675,#2451);
#1724=LINE('',#9676,#2452);
#1725=LINE('',#9682,#2453);
#1726=LINE('',#9688,#2454);
#1727=LINE('',#9689,#2455);
#1728=LINE('',#9690,#2456);
#1729=LINE('',#9693,#2457);
#1730=LINE('',#9694,#2458);
#1731=LINE('',#9697,#2459);
#1732=LINE('',#9699,#2460);
#1733=LINE('',#9700,#2461);
#1734=LINE('',#9702,#2462);
#1735=LINE('',#9703,#2463);
#1736=LINE('',#9709,#2464);
#1737=LINE('',#9715,#2465);
#1738=LINE('',#9716,#2466);
#1739=LINE('',#9717,#2467);
#1740=LINE('',#9720,#2468);
#1741=LINE('',#9721,#2469);
#1742=LINE('',#9724,#2470);
#1743=LINE('',#9726,#2471);
#1744=LINE('',#9727,#2472);
#1745=LINE('',#9729,#2473);
#1746=LINE('',#9730,#2474);
#1747=LINE('',#9736,#2475);
#1748=LINE('',#9742,#2476);
#1749=LINE('',#9743,#2477);
#1750=LINE('',#9744,#2478);
#1751=LINE('',#9747,#2479);
#1752=LINE('',#9748,#2480);
#1753=LINE('',#9751,#2481);
#1754=LINE('',#9753,#2482);
#1755=LINE('',#9754,#2483);
#1756=LINE('',#9756,#2484);
#1757=LINE('',#9757,#2485);
#1758=LINE('',#9763,#2486);
#1759=LINE('',#9769,#2487);
#1760=LINE('',#9770,#2488);
#1761=LINE('',#9771,#2489);
#1762=LINE('',#9774,#2490);
#1763=LINE('',#9775,#2491);
#1764=LINE('',#9778,#2492);
#1765=LINE('',#9780,#2493);
#1766=LINE('',#9781,#2494);
#1767=LINE('',#9783,#2495);
#1768=LINE('',#9784,#2496);
#1769=LINE('',#9790,#2497);
#1770=LINE('',#9796,#2498);
#1771=LINE('',#9797,#2499);
#1772=LINE('',#9798,#2500);
#1773=LINE('',#9801,#2501);
#1774=LINE('',#9802,#2502);
#1775=LINE('',#9805,#2503);
#1776=LINE('',#9807,#2504);
#1777=LINE('',#9808,#2505);
#1778=LINE('',#9810,#2506);
#1779=LINE('',#9811,#2507);
#1780=LINE('',#9817,#2508);
#1781=LINE('',#9823,#2509);
#1782=LINE('',#9824,#2510);
#1783=LINE('',#9825,#2511);
#1784=LINE('',#9828,#2512);
#1785=LINE('',#9830,#2513);
#1786=LINE('',#9831,#2514);
#1787=LINE('',#9834,#2515);
#1788=LINE('',#9836,#2516);
#1789=LINE('',#9837,#2517);
#1790=LINE('',#9839,#2518);
#1791=LINE('',#9840,#2519);
#1792=LINE('',#9846,#2520);
#1793=LINE('',#9852,#2521);
#1794=LINE('',#9853,#2522);
#1795=LINE('',#9854,#2523);
#1796=LINE('',#9857,#2524);
#1797=LINE('',#9858,#2525);
#1798=LINE('',#9861,#2526);
#1799=LINE('',#9863,#2527);
#1800=LINE('',#9864,#2528);
#1801=LINE('',#9866,#2529);
#1802=LINE('',#9867,#2530);
#1803=LINE('',#9873,#2531);
#1804=LINE('',#9879,#2532);
#1805=LINE('',#9880,#2533);
#1806=LINE('',#9881,#2534);
#1807=LINE('',#9884,#2535);
#1808=LINE('',#9885,#2536);
#1809=LINE('',#9888,#2537);
#1810=LINE('',#9890,#2538);
#1811=LINE('',#9891,#2539);
#1812=LINE('',#9893,#2540);
#1813=LINE('',#9894,#2541);
#1814=LINE('',#9900,#2542);
#1815=LINE('',#9906,#2543);
#1816=LINE('',#9907,#2544);
#1817=LINE('',#9908,#2545);
#1818=LINE('',#9911,#2546);
#1819=LINE('',#9912,#2547);
#1820=LINE('',#9915,#2548);
#1821=LINE('',#9917,#2549);
#1822=LINE('',#9918,#2550);
#1823=LINE('',#9920,#2551);
#1824=LINE('',#9921,#2552);
#1825=LINE('',#9927,#2553);
#1826=LINE('',#9933,#2554);
#1827=LINE('',#9934,#2555);
#1828=LINE('',#9935,#2556);
#1829=LINE('',#9938,#2557);
#1830=LINE('',#9939,#2558);
#1831=LINE('',#9942,#2559);
#1832=LINE('',#9944,#2560);
#1833=LINE('',#9945,#2561);
#1834=LINE('',#9947,#2562);
#1835=LINE('',#9948,#2563);
#1836=LINE('',#9954,#2564);
#1837=LINE('',#9960,#2565);
#1838=LINE('',#9961,#2566);
#1839=LINE('',#9962,#2567);
#1840=LINE('',#9965,#2568);
#1841=LINE('',#9966,#2569);
#1842=LINE('',#9969,#2570);
#1843=LINE('',#9971,#2571);
#1844=LINE('',#9972,#2572);
#1845=LINE('',#9974,#2573);
#1846=LINE('',#9975,#2574);
#1847=LINE('',#9981,#2575);
#1848=LINE('',#9987,#2576);
#1849=LINE('',#9988,#2577);
#1850=LINE('',#9989,#2578);
#1851=LINE('',#9992,#2579);
#1852=LINE('',#9993,#2580);
#1853=LINE('',#9996,#2581);
#1854=LINE('',#9998,#2582);
#1855=LINE('',#9999,#2583);
#1856=LINE('',#10001,#2584);
#1857=LINE('',#10002,#2585);
#1858=LINE('',#10008,#2586);
#1859=LINE('',#10014,#2587);
#1860=LINE('',#10015,#2588);
#1861=LINE('',#10016,#2589);
#1862=LINE('',#10019,#2590);
#1863=LINE('',#10020,#2591);
#1864=LINE('',#10023,#2592);
#1865=LINE('',#10025,#2593);
#1866=LINE('',#10026,#2594);
#1867=LINE('',#10028,#2595);
#1868=LINE('',#10029,#2596);
#1869=LINE('',#10035,#2597);
#1870=LINE('',#10041,#2598);
#1871=LINE('',#10042,#2599);
#1872=LINE('',#10043,#2600);
#1873=LINE('',#10046,#2601);
#1874=LINE('',#10048,#2602);
#1875=LINE('',#10049,#2603);
#1876=LINE('',#10052,#2604);
#1877=LINE('',#10054,#2605);
#1878=LINE('',#10055,#2606);
#1879=LINE('',#10057,#2607);
#1880=LINE('',#10058,#2608);
#1881=LINE('',#10064,#2609);
#1882=LINE('',#10070,#2610);
#1883=LINE('',#10071,#2611);
#1884=LINE('',#10072,#2612);
#1885=LINE('',#10075,#2613);
#1886=LINE('',#10076,#2614);
#1887=LINE('',#10079,#2615);
#1888=LINE('',#10081,#2616);
#1889=LINE('',#10082,#2617);
#1890=LINE('',#10084,#2618);
#1891=LINE('',#10085,#2619);
#1892=LINE('',#10091,#2620);
#1893=LINE('',#10097,#2621);
#1894=LINE('',#10098,#2622);
#1895=LINE('',#10099,#2623);
#1896=LINE('',#10102,#2624);
#1897=LINE('',#10103,#2625);
#1898=LINE('',#10106,#2626);
#1899=LINE('',#10108,#2627);
#1900=LINE('',#10109,#2628);
#1901=LINE('',#10111,#2629);
#1902=LINE('',#10112,#2630);
#1903=LINE('',#10118,#2631);
#1904=LINE('',#10124,#2632);
#1905=LINE('',#10125,#2633);
#1906=LINE('',#10126,#2634);
#1907=LINE('',#10129,#2635);
#1908=LINE('',#10130,#2636);
#1909=LINE('',#10133,#2637);
#1910=LINE('',#10135,#2638);
#1911=LINE('',#10136,#2639);
#1912=LINE('',#10138,#2640);
#1913=LINE('',#10139,#2641);
#1914=LINE('',#10145,#2642);
#1915=LINE('',#10151,#2643);
#1916=LINE('',#10152,#2644);
#1917=LINE('',#10153,#2645);
#1918=LINE('',#10156,#2646);
#1919=LINE('',#10157,#2647);
#1920=LINE('',#10160,#2648);
#1921=LINE('',#10162,#2649);
#1922=LINE('',#10163,#2650);
#1923=LINE('',#10165,#2651);
#1924=LINE('',#10166,#2652);
#1925=LINE('',#10172,#2653);
#1926=LINE('',#10178,#2654);
#1927=LINE('',#10179,#2655);
#1928=LINE('',#10180,#2656);
#1929=LINE('',#10183,#2657);
#1930=LINE('',#10184,#2658);
#1931=LINE('',#10187,#2659);
#1932=LINE('',#10189,#2660);
#1933=LINE('',#10190,#2661);
#1934=LINE('',#10192,#2662);
#1935=LINE('',#10193,#2663);
#1936=LINE('',#10199,#2664);
#1937=LINE('',#10205,#2665);
#1938=LINE('',#10206,#2666);
#1939=LINE('',#10207,#2667);
#1940=LINE('',#10210,#2668);
#1941=LINE('',#10211,#2669);
#1942=LINE('',#10214,#2670);
#1943=LINE('',#10216,#2671);
#1944=LINE('',#10217,#2672);
#1945=LINE('',#10219,#2673);
#1946=LINE('',#10220,#2674);
#1947=LINE('',#10226,#2675);
#1948=LINE('',#10232,#2676);
#1949=LINE('',#10233,#2677);
#1950=LINE('',#10234,#2678);
#1951=LINE('',#10237,#2679);
#1952=LINE('',#10238,#2680);
#1953=LINE('',#10241,#2681);
#1954=LINE('',#10243,#2682);
#1955=LINE('',#10244,#2683);
#1956=LINE('',#10246,#2684);
#1957=LINE('',#10247,#2685);
#1958=LINE('',#10253,#2686);
#1959=LINE('',#10259,#2687);
#1960=LINE('',#10260,#2688);
#1961=LINE('',#10261,#2689);
#1962=LINE('',#10264,#2690);
#1963=LINE('',#10266,#2691);
#1964=LINE('',#10267,#2692);
#1965=LINE('',#10270,#2693);
#1966=LINE('',#10272,#2694);
#1967=LINE('',#10273,#2695);
#1968=LINE('',#10275,#2696);
#1969=LINE('',#10276,#2697);
#1970=LINE('',#10282,#2698);
#1971=LINE('',#10288,#2699);
#1972=LINE('',#10289,#2700);
#1973=LINE('',#10290,#2701);
#1974=LINE('',#10293,#2702);
#1975=LINE('',#10294,#2703);
#1976=LINE('',#10297,#2704);
#1977=LINE('',#10299,#2705);
#1978=LINE('',#10300,#2706);
#1979=LINE('',#10302,#2707);
#1980=LINE('',#10303,#2708);
#1981=LINE('',#10309,#2709);
#1982=LINE('',#10315,#2710);
#1983=LINE('',#10316,#2711);
#1984=LINE('',#10317,#2712);
#1985=LINE('',#10320,#2713);
#1986=LINE('',#10321,#2714);
#1987=LINE('',#10324,#2715);
#1988=LINE('',#10326,#2716);
#1989=LINE('',#10327,#2717);
#1990=LINE('',#10329,#2718);
#1991=LINE('',#10330,#2719);
#1992=LINE('',#10336,#2720);
#1993=LINE('',#10342,#2721);
#1994=LINE('',#10343,#2722);
#1995=LINE('',#10344,#2723);
#1996=LINE('',#10347,#2724);
#1997=LINE('',#10348,#2725);
#1998=LINE('',#10351,#2726);
#1999=LINE('',#10353,#2727);
#2000=LINE('',#10354,#2728);
#2001=LINE('',#10356,#2729);
#2002=LINE('',#10357,#2730);
#2003=LINE('',#10363,#2731);
#2004=LINE('',#10369,#2732);
#2005=LINE('',#10370,#2733);
#2006=LINE('',#10371,#2734);
#2007=LINE('',#10374,#2735);
#2008=LINE('',#10375,#2736);
#2009=LINE('',#10378,#2737);
#2010=LINE('',#10380,#2738);
#2011=LINE('',#10381,#2739);
#2012=LINE('',#10383,#2740);
#2013=LINE('',#10384,#2741);
#2014=LINE('',#10390,#2742);
#2015=LINE('',#10396,#2743);
#2016=LINE('',#10397,#2744);
#2017=LINE('',#10398,#2745);
#2018=LINE('',#10401,#2746);
#2019=LINE('',#10402,#2747);
#2020=LINE('',#10405,#2748);
#2021=LINE('',#10407,#2749);
#2022=LINE('',#10408,#2750);
#2023=LINE('',#10410,#2751);
#2024=LINE('',#10411,#2752);
#2025=LINE('',#10417,#2753);
#2026=LINE('',#10423,#2754);
#2027=LINE('',#10424,#2755);
#2028=LINE('',#10425,#2756);
#2029=LINE('',#10428,#2757);
#2030=LINE('',#10429,#2758);
#2031=LINE('',#10432,#2759);
#2032=LINE('',#10434,#2760);
#2033=LINE('',#10435,#2761);
#2034=LINE('',#10437,#2762);
#2035=LINE('',#10438,#2763);
#2036=LINE('',#10444,#2764);
#2037=LINE('',#10450,#2765);
#2038=LINE('',#10451,#2766);
#2039=LINE('',#10452,#2767);
#2040=LINE('',#10455,#2768);
#2041=LINE('',#10456,#2769);
#2042=LINE('',#10459,#2770);
#2043=LINE('',#10461,#2771);
#2044=LINE('',#10462,#2772);
#2045=LINE('',#10464,#2773);
#2046=LINE('',#10465,#2774);
#2047=LINE('',#10471,#2775);
#2048=LINE('',#10477,#2776);
#2049=LINE('',#10478,#2777);
#2050=LINE('',#10479,#2778);
#2051=LINE('',#10482,#2779);
#2052=LINE('',#10484,#2780);
#2053=LINE('',#10485,#2781);
#2054=LINE('',#10488,#2782);
#2055=LINE('',#10490,#2783);
#2056=LINE('',#10491,#2784);
#2057=LINE('',#10493,#2785);
#2058=LINE('',#10494,#2786);
#2059=LINE('',#10500,#2787);
#2060=LINE('',#10506,#2788);
#2061=LINE('',#10507,#2789);
#2062=LINE('',#10508,#2790);
#2063=LINE('',#10511,#2791);
#2064=LINE('',#10512,#2792);
#2065=LINE('',#10515,#2793);
#2066=LINE('',#10517,#2794);
#2067=LINE('',#10518,#2795);
#2068=LINE('',#10520,#2796);
#2069=LINE('',#10521,#2797);
#2070=LINE('',#10527,#2798);
#2071=LINE('',#10533,#2799);
#2072=LINE('',#10534,#2800);
#2073=LINE('',#10535,#2801);
#2074=LINE('',#10538,#2802);
#2075=LINE('',#10539,#2803);
#2076=LINE('',#10542,#2804);
#2077=LINE('',#10544,#2805);
#2078=LINE('',#10545,#2806);
#2079=LINE('',#10547,#2807);
#2080=LINE('',#10548,#2808);
#2081=LINE('',#10554,#2809);
#2082=LINE('',#10560,#2810);
#2083=LINE('',#10561,#2811);
#2084=LINE('',#10562,#2812);
#2085=LINE('',#10565,#2813);
#2086=LINE('',#10566,#2814);
#2087=LINE('',#10569,#2815);
#2088=LINE('',#10571,#2816);
#2089=LINE('',#10572,#2817);
#2090=LINE('',#10574,#2818);
#2091=LINE('',#10575,#2819);
#2092=LINE('',#10581,#2820);
#2093=LINE('',#10587,#2821);
#2094=LINE('',#10588,#2822);
#2095=LINE('',#10589,#2823);
#2096=LINE('',#10592,#2824);
#2097=LINE('',#10593,#2825);
#2098=LINE('',#10596,#2826);
#2099=LINE('',#10598,#2827);
#2100=LINE('',#10599,#2828);
#2101=LINE('',#10601,#2829);
#2102=LINE('',#10602,#2830);
#2103=LINE('',#10608,#2831);
#2104=LINE('',#10614,#2832);
#2105=LINE('',#10615,#2833);
#2106=LINE('',#10616,#2834);
#2107=LINE('',#10619,#2835);
#2108=LINE('',#10620,#2836);
#2109=LINE('',#10623,#2837);
#2110=LINE('',#10625,#2838);
#2111=LINE('',#10626,#2839);
#2112=LINE('',#10628,#2840);
#2113=LINE('',#10629,#2841);
#2114=LINE('',#10635,#2842);
#2115=LINE('',#10641,#2843);
#2116=LINE('',#10642,#2844);
#2117=LINE('',#10643,#2845);
#2118=LINE('',#10646,#2846);
#2119=LINE('',#10647,#2847);
#2120=LINE('',#10650,#2848);
#2121=LINE('',#10652,#2849);
#2122=LINE('',#10653,#2850);
#2123=LINE('',#10655,#2851);
#2124=LINE('',#10656,#2852);
#2125=LINE('',#10662,#2853);
#2126=LINE('',#10668,#2854);
#2127=LINE('',#10669,#2855);
#2128=LINE('',#10670,#2856);
#2129=LINE('',#10673,#2857);
#2130=LINE('',#10674,#2858);
#2131=LINE('',#10677,#2859);
#2132=LINE('',#10679,#2860);
#2133=LINE('',#10680,#2861);
#2134=LINE('',#10682,#2862);
#2135=LINE('',#10683,#2863);
#2136=LINE('',#10689,#2864);
#2137=LINE('',#10695,#2865);
#2138=LINE('',#10696,#2866);
#2139=LINE('',#10697,#2867);
#2140=LINE('',#10700,#2868);
#2141=LINE('',#10702,#2869);
#2142=LINE('',#10703,#2870);
#2143=LINE('',#10706,#2871);
#2144=LINE('',#10708,#2872);
#2145=LINE('',#10709,#2873);
#2146=LINE('',#10711,#2874);
#2147=LINE('',#10712,#2875);
#2148=LINE('',#10716,#2876);
#2149=LINE('',#10717,#2877);
#2150=LINE('',#10722,#2878);
#2151=LINE('',#10728,#2879);
#2152=LINE('',#10729,#2880);
#2153=LINE('',#10730,#2881);
#2154=LINE('',#10733,#2882);
#2155=LINE('',#10734,#2883);
#2156=LINE('',#10737,#2884);
#2157=LINE('',#10739,#2885);
#2158=LINE('',#10740,#2886);
#2159=LINE('',#10742,#2887);
#2160=LINE('',#10743,#2888);
#2161=LINE('',#10749,#2889);
#2162=LINE('',#10755,#2890);
#2163=LINE('',#10756,#2891);
#2164=LINE('',#10757,#2892);
#2165=LINE('',#10760,#2893);
#2166=LINE('',#10761,#2894);
#2167=LINE('',#10764,#2895);
#2168=LINE('',#10766,#2896);
#2169=LINE('',#10767,#2897);
#2170=LINE('',#10769,#2898);
#2171=LINE('',#10770,#2899);
#2172=LINE('',#10776,#2900);
#2173=LINE('',#10782,#2901);
#2174=LINE('',#10783,#2902);
#2175=LINE('',#10784,#2903);
#2176=LINE('',#10787,#2904);
#2177=LINE('',#10788,#2905);
#2178=LINE('',#10791,#2906);
#2179=LINE('',#10793,#2907);
#2180=LINE('',#10794,#2908);
#2181=LINE('',#10796,#2909);
#2182=LINE('',#10797,#2910);
#2183=LINE('',#10803,#2911);
#2184=LINE('',#10809,#2912);
#2185=LINE('',#10810,#2913);
#2186=LINE('',#10811,#2914);
#2187=LINE('',#10814,#2915);
#2188=LINE('',#10815,#2916);
#2189=LINE('',#10818,#2917);
#2190=LINE('',#10820,#2918);
#2191=LINE('',#10821,#2919);
#2192=LINE('',#10823,#2920);
#2193=LINE('',#10824,#2921);
#2194=LINE('',#10830,#2922);
#2195=LINE('',#10836,#2923);
#2196=LINE('',#10837,#2924);
#2197=LINE('',#10838,#2925);
#2198=LINE('',#10841,#2926);
#2199=LINE('',#10842,#2927);
#2200=LINE('',#10845,#2928);
#2201=LINE('',#10847,#2929);
#2202=LINE('',#10848,#2930);
#2203=LINE('',#10850,#2931);
#2204=LINE('',#10851,#2932);
#2205=LINE('',#10857,#2933);
#2206=LINE('',#10863,#2934);
#2207=LINE('',#10864,#2935);
#2208=LINE('',#10865,#2936);
#2209=LINE('',#10868,#2937);
#2210=LINE('',#10869,#2938);
#2211=LINE('',#10872,#2939);
#2212=LINE('',#10874,#2940);
#2213=LINE('',#10875,#2941);
#2214=LINE('',#10877,#2942);
#2215=LINE('',#10878,#2943);
#2216=LINE('',#10884,#2944);
#2217=LINE('',#10890,#2945);
#2218=LINE('',#10891,#2946);
#2219=LINE('',#10892,#2947);
#2220=LINE('',#10895,#2948);
#2221=LINE('',#10896,#2949);
#2222=LINE('',#10899,#2950);
#2223=LINE('',#10901,#2951);
#2224=LINE('',#10902,#2952);
#2225=LINE('',#10904,#2953);
#2226=LINE('',#10905,#2954);
#2227=LINE('',#10908,#2955);
#2228=LINE('',#10909,#2956);
#2229=LINE('',#10912,#2957);
#2230=VECTOR('',#7249,0.118110236220472);
#2231=VECTOR('',#7256,0.393700787401575);
#2232=VECTOR('',#7257,0.393700787401575);
#2233=VECTOR('',#7258,0.393700787401575);
#2234=VECTOR('',#7259,0.393700787401575);
#2235=VECTOR('',#7262,0.393700787401575);
#2236=VECTOR('',#7263,0.393700787401575);
#2237=VECTOR('',#7264,0.393700787401575);
#2238=VECTOR('',#7267,0.393700787401575);
#2239=VECTOR('',#7268,0.393700787401575);
#2240=VECTOR('',#7269,0.393700787401575);
#2241=VECTOR('',#7272,0.393700787401575);
#2242=VECTOR('',#7273,0.393700787401575);
#2243=VECTOR('',#7280,0.118110236220472);
#2244=VECTOR('',#7287,0.393700787401575);
#2245=VECTOR('',#7288,0.393700787401575);
#2246=VECTOR('',#7289,0.393700787401575);
#2247=VECTOR('',#7290,0.393700787401575);
#2248=VECTOR('',#7293,0.393700787401575);
#2249=VECTOR('',#7294,0.393700787401575);
#2250=VECTOR('',#7297,0.393700787401575);
#2251=VECTOR('',#7298,0.393700787401575);
#2252=VECTOR('',#7299,0.393700787401575);
#2253=VECTOR('',#7302,0.393700787401575);
#2254=VECTOR('',#7303,0.393700787401575);
#2255=VECTOR('',#7310,0.118110236220472);
#2256=VECTOR('',#7317,0.393700787401575);
#2257=VECTOR('',#7318,0.393700787401575);
#2258=VECTOR('',#7319,0.393700787401575);
#2259=VECTOR('',#7320,0.393700787401575);
#2260=VECTOR('',#7323,0.393700787401575);
#2261=VECTOR('',#7324,0.393700787401575);
#2262=VECTOR('',#7327,0.393700787401575);
#2263=VECTOR('',#7328,0.393700787401575);
#2264=VECTOR('',#7329,0.393700787401575);
#2265=VECTOR('',#7332,0.393700787401575);
#2266=VECTOR('',#7333,0.393700787401575);
#2267=VECTOR('',#7340,0.118110236220472);
#2268=VECTOR('',#7347,0.393700787401575);
#2269=VECTOR('',#7348,0.393700787401575);
#2270=VECTOR('',#7349,0.393700787401575);
#2271=VECTOR('',#7350,0.393700787401575);
#2272=VECTOR('',#7353,0.393700787401575);
#2273=VECTOR('',#7354,0.393700787401575);
#2274=VECTOR('',#7357,0.393700787401575);
#2275=VECTOR('',#7358,0.393700787401575);
#2276=VECTOR('',#7359,0.393700787401575);
#2277=VECTOR('',#7362,0.393700787401575);
#2278=VECTOR('',#7363,0.393700787401575);
#2279=VECTOR('',#7370,0.118110236220472);
#2280=VECTOR('',#7377,0.393700787401575);
#2281=VECTOR('',#7378,0.393700787401575);
#2282=VECTOR('',#7379,0.393700787401575);
#2283=VECTOR('',#7380,0.393700787401575);
#2284=VECTOR('',#7383,0.393700787401575);
#2285=VECTOR('',#7384,0.393700787401575);
#2286=VECTOR('',#7387,0.393700787401575);
#2287=VECTOR('',#7388,0.393700787401575);
#2288=VECTOR('',#7389,0.393700787401575);
#2289=VECTOR('',#7392,0.393700787401575);
#2290=VECTOR('',#7393,0.393700787401575);
#2291=VECTOR('',#7400,0.118110236220472);
#2292=VECTOR('',#7407,0.393700787401575);
#2293=VECTOR('',#7408,0.393700787401575);
#2294=VECTOR('',#7409,0.393700787401575);
#2295=VECTOR('',#7410,0.393700787401575);
#2296=VECTOR('',#7413,0.393700787401575);
#2297=VECTOR('',#7414,0.393700787401575);
#2298=VECTOR('',#7417,0.393700787401575);
#2299=VECTOR('',#7418,0.393700787401575);
#2300=VECTOR('',#7419,0.393700787401575);
#2301=VECTOR('',#7422,0.393700787401575);
#2302=VECTOR('',#7423,0.393700787401575);
#2303=VECTOR('',#7430,0.118110236220472);
#2304=VECTOR('',#7437,0.393700787401575);
#2305=VECTOR('',#7438,0.393700787401575);
#2306=VECTOR('',#7439,0.393700787401575);
#2307=VECTOR('',#7440,0.393700787401575);
#2308=VECTOR('',#7443,0.393700787401575);
#2309=VECTOR('',#7444,0.393700787401575);
#2310=VECTOR('',#7447,0.393700787401575);
#2311=VECTOR('',#7448,0.393700787401575);
#2312=VECTOR('',#7449,0.393700787401575);
#2313=VECTOR('',#7452,0.393700787401575);
#2314=VECTOR('',#7453,0.393700787401575);
#2315=VECTOR('',#7460,0.118110236220472);
#2316=VECTOR('',#7467,0.393700787401575);
#2317=VECTOR('',#7468,0.393700787401575);
#2318=VECTOR('',#7469,0.393700787401575);
#2319=VECTOR('',#7470,0.393700787401575);
#2320=VECTOR('',#7473,0.393700787401575);
#2321=VECTOR('',#7474,0.393700787401575);
#2322=VECTOR('',#7477,0.393700787401575);
#2323=VECTOR('',#7478,0.393700787401575);
#2324=VECTOR('',#7479,0.393700787401575);
#2325=VECTOR('',#7482,0.393700787401575);
#2326=VECTOR('',#7483,0.393700787401575);
#2327=VECTOR('',#7486,0.393700787401575);
#2328=VECTOR('',#7487,0.393700787401575);
#2329=VECTOR('',#7488,0.393700787401575);
#2330=VECTOR('',#7495,0.118110236220472);
#2331=VECTOR('',#7502,0.393700787401575);
#2332=VECTOR('',#7503,0.393700787401575);
#2333=VECTOR('',#7504,0.393700787401575);
#2334=VECTOR('',#7507,0.393700787401575);
#2335=VECTOR('',#7508,0.393700787401575);
#2336=VECTOR('',#7509,0.393700787401575);
#2337=VECTOR('',#7512,0.393700787401575);
#2338=VECTOR('',#7513,0.393700787401575);
#2339=VECTOR('',#7514,0.393700787401575);
#2340=VECTOR('',#7517,0.393700787401575);
#2341=VECTOR('',#7518,0.393700787401575);
#2342=VECTOR('',#7525,0.118110236220472);
#2343=VECTOR('',#7532,0.393700787401575);
#2344=VECTOR('',#7533,0.393700787401575);
#2345=VECTOR('',#7534,0.393700787401575);
#2346=VECTOR('',#7537,0.393700787401575);
#2347=VECTOR('',#7538,0.393700787401575);
#2348=VECTOR('',#7541,0.393700787401575);
#2349=VECTOR('',#7542,0.393700787401575);
#2350=VECTOR('',#7543,0.393700787401575);
#2351=VECTOR('',#7546,0.393700787401575);
#2352=VECTOR('',#7547,0.393700787401575);
#2353=VECTOR('',#7554,0.118110236220472);
#2354=VECTOR('',#7561,0.393700787401575);
#2355=VECTOR('',#7562,0.393700787401575);
#2356=VECTOR('',#7563,0.393700787401575);
#2357=VECTOR('',#7566,0.393700787401575);
#2358=VECTOR('',#7567,0.393700787401575);
#2359=VECTOR('',#7570,0.393700787401575);
#2360=VECTOR('',#7571,0.393700787401575);
#2361=VECTOR('',#7572,0.393700787401575);
#2362=VECTOR('',#7575,0.393700787401575);
#2363=VECTOR('',#7576,0.393700787401575);
#2364=VECTOR('',#7583,0.118110236220472);
#2365=VECTOR('',#7590,0.393700787401575);
#2366=VECTOR('',#7591,0.393700787401575);
#2367=VECTOR('',#7592,0.393700787401575);
#2368=VECTOR('',#7595,0.393700787401575);
#2369=VECTOR('',#7596,0.393700787401575);
#2370=VECTOR('',#7599,0.393700787401575);
#2371=VECTOR('',#7600,0.393700787401575);
#2372=VECTOR('',#7601,0.393700787401575);
#2373=VECTOR('',#7604,0.393700787401575);
#2374=VECTOR('',#7605,0.393700787401575);
#2375=VECTOR('',#7612,0.118110236220472);
#2376=VECTOR('',#7619,0.393700787401575);
#2377=VECTOR('',#7620,0.393700787401575);
#2378=VECTOR('',#7621,0.393700787401575);
#2379=VECTOR('',#7624,0.393700787401575);
#2380=VECTOR('',#7625,0.393700787401575);
#2381=VECTOR('',#7628,0.393700787401575);
#2382=VECTOR('',#7629,0.393700787401575);
#2383=VECTOR('',#7630,0.393700787401575);
#2384=VECTOR('',#7633,0.393700787401575);
#2385=VECTOR('',#7634,0.393700787401575);
#2386=VECTOR('',#7641,0.118110236220472);
#2387=VECTOR('',#7648,0.393700787401575);
#2388=VECTOR('',#7649,0.393700787401575);
#2389=VECTOR('',#7650,0.393700787401575);
#2390=VECTOR('',#7653,0.393700787401575);
#2391=VECTOR('',#7654,0.393700787401575);
#2392=VECTOR('',#7657,0.393700787401575);
#2393=VECTOR('',#7658,0.393700787401575);
#2394=VECTOR('',#7659,0.393700787401575);
#2395=VECTOR('',#7662,0.393700787401575);
#2396=VECTOR('',#7663,0.393700787401575);
#2397=VECTOR('',#7670,0.118110236220472);
#2398=VECTOR('',#7677,0.393700787401575);
#2399=VECTOR('',#7678,0.393700787401575);
#2400=VECTOR('',#7679,0.393700787401575);
#2401=VECTOR('',#7682,0.393700787401575);
#2402=VECTOR('',#7683,0.393700787401575);
#2403=VECTOR('',#7686,0.393700787401575);
#2404=VECTOR('',#7687,0.393700787401575);
#2405=VECTOR('',#7688,0.393700787401575);
#2406=VECTOR('',#7691,0.393700787401575);
#2407=VECTOR('',#7692,0.393700787401575);
#2408=VECTOR('',#7699,0.118110236220472);
#2409=VECTOR('',#7706,0.393700787401575);
#2410=VECTOR('',#7707,0.393700787401575);
#2411=VECTOR('',#7708,0.393700787401575);
#2412=VECTOR('',#7711,0.393700787401575);
#2413=VECTOR('',#7712,0.393700787401575);
#2414=VECTOR('',#7715,0.393700787401575);
#2415=VECTOR('',#7716,0.393700787401575);
#2416=VECTOR('',#7717,0.393700787401575);
#2417=VECTOR('',#7720,0.393700787401575);
#2418=VECTOR('',#7721,0.393700787401575);
#2419=VECTOR('',#7728,0.118110236220472);
#2420=VECTOR('',#7735,0.393700787401575);
#2421=VECTOR('',#7736,0.393700787401575);
#2422=VECTOR('',#7737,0.393700787401575);
#2423=VECTOR('',#7740,0.393700787401575);
#2424=VECTOR('',#7741,0.393700787401575);
#2425=VECTOR('',#7742,0.393700787401575);
#2426=VECTOR('',#7745,0.393700787401575);
#2427=VECTOR('',#7746,0.393700787401575);
#2428=VECTOR('',#7747,0.393700787401575);
#2429=VECTOR('',#7750,0.393700787401575);
#2430=VECTOR('',#7751,0.393700787401575);
#2431=VECTOR('',#7758,0.118110236220472);
#2432=VECTOR('',#7765,0.393700787401575);
#2433=VECTOR('',#7766,0.393700787401575);
#2434=VECTOR('',#7767,0.393700787401575);
#2435=VECTOR('',#7770,0.393700787401575);
#2436=VECTOR('',#7771,0.393700787401575);
#2437=VECTOR('',#7774,0.393700787401575);
#2438=VECTOR('',#7775,0.393700787401575);
#2439=VECTOR('',#7776,0.393700787401575);
#2440=VECTOR('',#7779,0.393700787401575);
#2441=VECTOR('',#7780,0.393700787401575);
#2442=VECTOR('',#7787,0.118110236220472);
#2443=VECTOR('',#7794,0.393700787401575);
#2444=VECTOR('',#7795,0.393700787401575);
#2445=VECTOR('',#7796,0.393700787401575);
#2446=VECTOR('',#7799,0.393700787401575);
#2447=VECTOR('',#7800,0.393700787401575);
#2448=VECTOR('',#7803,0.393700787401575);
#2449=VECTOR('',#7804,0.393700787401575);
#2450=VECTOR('',#7805,0.393700787401575);
#2451=VECTOR('',#7808,0.393700787401575);
#2452=VECTOR('',#7809,0.393700787401575);
#2453=VECTOR('',#7816,0.118110236220472);
#2454=VECTOR('',#7823,0.393700787401575);
#2455=VECTOR('',#7824,0.393700787401575);
#2456=VECTOR('',#7825,0.393700787401575);
#2457=VECTOR('',#7828,0.393700787401575);
#2458=VECTOR('',#7829,0.393700787401575);
#2459=VECTOR('',#7832,0.393700787401575);
#2460=VECTOR('',#7833,0.393700787401575);
#2461=VECTOR('',#7834,0.393700787401575);
#2462=VECTOR('',#7837,0.393700787401575);
#2463=VECTOR('',#7838,0.393700787401575);
#2464=VECTOR('',#7845,0.118110236220472);
#2465=VECTOR('',#7852,0.393700787401575);
#2466=VECTOR('',#7853,0.393700787401575);
#2467=VECTOR('',#7854,0.393700787401575);
#2468=VECTOR('',#7857,0.393700787401575);
#2469=VECTOR('',#7858,0.393700787401575);
#2470=VECTOR('',#7861,0.393700787401575);
#2471=VECTOR('',#7862,0.393700787401575);
#2472=VECTOR('',#7863,0.393700787401575);
#2473=VECTOR('',#7866,0.393700787401575);
#2474=VECTOR('',#7867,0.393700787401575);
#2475=VECTOR('',#7874,0.118110236220472);
#2476=VECTOR('',#7881,0.393700787401575);
#2477=VECTOR('',#7882,0.393700787401575);
#2478=VECTOR('',#7883,0.393700787401575);
#2479=VECTOR('',#7886,0.393700787401575);
#2480=VECTOR('',#7887,0.393700787401575);
#2481=VECTOR('',#7890,0.393700787401575);
#2482=VECTOR('',#7891,0.393700787401575);
#2483=VECTOR('',#7892,0.393700787401575);
#2484=VECTOR('',#7895,0.393700787401575);
#2485=VECTOR('',#7896,0.393700787401575);
#2486=VECTOR('',#7903,0.118110236220472);
#2487=VECTOR('',#7910,0.393700787401575);
#2488=VECTOR('',#7911,0.393700787401575);
#2489=VECTOR('',#7912,0.393700787401575);
#2490=VECTOR('',#7915,0.393700787401575);
#2491=VECTOR('',#7916,0.393700787401575);
#2492=VECTOR('',#7919,0.393700787401575);
#2493=VECTOR('',#7920,0.393700787401575);
#2494=VECTOR('',#7921,0.393700787401575);
#2495=VECTOR('',#7924,0.393700787401575);
#2496=VECTOR('',#7925,0.393700787401575);
#2497=VECTOR('',#7932,0.118110236220472);
#2498=VECTOR('',#7939,0.393700787401575);
#2499=VECTOR('',#7940,0.393700787401575);
#2500=VECTOR('',#7941,0.393700787401575);
#2501=VECTOR('',#7944,0.393700787401575);
#2502=VECTOR('',#7945,0.393700787401575);
#2503=VECTOR('',#7948,0.393700787401575);
#2504=VECTOR('',#7949,0.393700787401575);
#2505=VECTOR('',#7950,0.393700787401575);
#2506=VECTOR('',#7953,0.393700787401575);
#2507=VECTOR('',#7954,0.393700787401575);
#2508=VECTOR('',#7961,0.118110236220472);
#2509=VECTOR('',#7968,0.393700787401575);
#2510=VECTOR('',#7969,0.393700787401575);
#2511=VECTOR('',#7970,0.393700787401575);
#2512=VECTOR('',#7973,0.393700787401575);
#2513=VECTOR('',#7974,0.393700787401575);
#2514=VECTOR('',#7975,0.393700787401575);
#2515=VECTOR('',#7978,0.393700787401575);
#2516=VECTOR('',#7979,0.393700787401575);
#2517=VECTOR('',#7980,0.393700787401575);
#2518=VECTOR('',#7983,0.393700787401575);
#2519=VECTOR('',#7984,0.393700787401575);
#2520=VECTOR('',#7991,0.118110236220472);
#2521=VECTOR('',#7998,0.393700787401575);
#2522=VECTOR('',#7999,0.393700787401575);
#2523=VECTOR('',#8000,0.393700787401575);
#2524=VECTOR('',#8003,0.393700787401575);
#2525=VECTOR('',#8004,0.393700787401575);
#2526=VECTOR('',#8007,0.393700787401575);
#2527=VECTOR('',#8008,0.393700787401575);
#2528=VECTOR('',#8009,0.393700787401575);
#2529=VECTOR('',#8012,0.393700787401575);
#2530=VECTOR('',#8013,0.393700787401575);
#2531=VECTOR('',#8020,0.118110236220472);
#2532=VECTOR('',#8027,0.393700787401575);
#2533=VECTOR('',#8028,0.393700787401575);
#2534=VECTOR('',#8029,0.393700787401575);
#2535=VECTOR('',#8032,0.393700787401575);
#2536=VECTOR('',#8033,0.393700787401575);
#2537=VECTOR('',#8036,0.393700787401575);
#2538=VECTOR('',#8037,0.393700787401575);
#2539=VECTOR('',#8038,0.393700787401575);
#2540=VECTOR('',#8041,0.393700787401575);
#2541=VECTOR('',#8042,0.393700787401575);
#2542=VECTOR('',#8049,0.118110236220472);
#2543=VECTOR('',#8056,0.393700787401575);
#2544=VECTOR('',#8057,0.393700787401575);
#2545=VECTOR('',#8058,0.393700787401575);
#2546=VECTOR('',#8061,0.393700787401575);
#2547=VECTOR('',#8062,0.393700787401575);
#2548=VECTOR('',#8065,0.393700787401575);
#2549=VECTOR('',#8066,0.393700787401575);
#2550=VECTOR('',#8067,0.393700787401575);
#2551=VECTOR('',#8070,0.393700787401575);
#2552=VECTOR('',#8071,0.393700787401575);
#2553=VECTOR('',#8078,0.118110236220472);
#2554=VECTOR('',#8085,0.393700787401575);
#2555=VECTOR('',#8086,0.393700787401575);
#2556=VECTOR('',#8087,0.393700787401575);
#2557=VECTOR('',#8090,0.393700787401575);
#2558=VECTOR('',#8091,0.393700787401575);
#2559=VECTOR('',#8094,0.393700787401575);
#2560=VECTOR('',#8095,0.393700787401575);
#2561=VECTOR('',#8096,0.393700787401575);
#2562=VECTOR('',#8099,0.393700787401575);
#2563=VECTOR('',#8100,0.393700787401575);
#2564=VECTOR('',#8107,0.118110236220472);
#2565=VECTOR('',#8114,0.393700787401575);
#2566=VECTOR('',#8115,0.393700787401575);
#2567=VECTOR('',#8116,0.393700787401575);
#2568=VECTOR('',#8119,0.393700787401575);
#2569=VECTOR('',#8120,0.393700787401575);
#2570=VECTOR('',#8123,0.393700787401575);
#2571=VECTOR('',#8124,0.393700787401575);
#2572=VECTOR('',#8125,0.393700787401575);
#2573=VECTOR('',#8128,0.393700787401575);
#2574=VECTOR('',#8129,0.393700787401575);
#2575=VECTOR('',#8136,0.118110236220472);
#2576=VECTOR('',#8143,0.393700787401575);
#2577=VECTOR('',#8144,0.393700787401575);
#2578=VECTOR('',#8145,0.393700787401575);
#2579=VECTOR('',#8148,0.393700787401575);
#2580=VECTOR('',#8149,0.393700787401575);
#2581=VECTOR('',#8152,0.393700787401575);
#2582=VECTOR('',#8153,0.393700787401575);
#2583=VECTOR('',#8154,0.393700787401575);
#2584=VECTOR('',#8157,0.393700787401575);
#2585=VECTOR('',#8158,0.393700787401575);
#2586=VECTOR('',#8165,0.118110236220472);
#2587=VECTOR('',#8172,0.393700787401575);
#2588=VECTOR('',#8173,0.393700787401575);
#2589=VECTOR('',#8174,0.393700787401575);
#2590=VECTOR('',#8177,0.393700787401575);
#2591=VECTOR('',#8178,0.393700787401575);
#2592=VECTOR('',#8181,0.393700787401575);
#2593=VECTOR('',#8182,0.393700787401575);
#2594=VECTOR('',#8183,0.393700787401575);
#2595=VECTOR('',#8186,0.393700787401575);
#2596=VECTOR('',#8187,0.393700787401575);
#2597=VECTOR('',#8194,0.118110236220472);
#2598=VECTOR('',#8201,0.393700787401575);
#2599=VECTOR('',#8202,0.393700787401575);
#2600=VECTOR('',#8203,0.393700787401575);
#2601=VECTOR('',#8206,0.393700787401575);
#2602=VECTOR('',#8207,0.393700787401575);
#2603=VECTOR('',#8208,0.393700787401575);
#2604=VECTOR('',#8211,0.393700787401575);
#2605=VECTOR('',#8212,0.393700787401575);
#2606=VECTOR('',#8213,0.393700787401575);
#2607=VECTOR('',#8216,0.393700787401575);
#2608=VECTOR('',#8217,0.393700787401575);
#2609=VECTOR('',#8224,0.118110236220472);
#2610=VECTOR('',#8231,0.393700787401575);
#2611=VECTOR('',#8232,0.393700787401575);
#2612=VECTOR('',#8233,0.393700787401575);
#2613=VECTOR('',#8236,0.393700787401575);
#2614=VECTOR('',#8237,0.393700787401575);
#2615=VECTOR('',#8240,0.393700787401575);
#2616=VECTOR('',#8241,0.393700787401575);
#2617=VECTOR('',#8242,0.393700787401575);
#2618=VECTOR('',#8245,0.393700787401575);
#2619=VECTOR('',#8246,0.393700787401575);
#2620=VECTOR('',#8253,0.118110236220472);
#2621=VECTOR('',#8260,0.393700787401575);
#2622=VECTOR('',#8261,0.393700787401575);
#2623=VECTOR('',#8262,0.393700787401575);
#2624=VECTOR('',#8265,0.393700787401575);
#2625=VECTOR('',#8266,0.393700787401575);
#2626=VECTOR('',#8269,0.393700787401575);
#2627=VECTOR('',#8270,0.393700787401575);
#2628=VECTOR('',#8271,0.393700787401575);
#2629=VECTOR('',#8274,0.393700787401575);
#2630=VECTOR('',#8275,0.393700787401575);
#2631=VECTOR('',#8282,0.118110236220472);
#2632=VECTOR('',#8289,0.393700787401575);
#2633=VECTOR('',#8290,0.393700787401575);
#2634=VECTOR('',#8291,0.393700787401575);
#2635=VECTOR('',#8294,0.393700787401575);
#2636=VECTOR('',#8295,0.393700787401575);
#2637=VECTOR('',#8298,0.393700787401575);
#2638=VECTOR('',#8299,0.393700787401575);
#2639=VECTOR('',#8300,0.393700787401575);
#2640=VECTOR('',#8303,0.393700787401575);
#2641=VECTOR('',#8304,0.393700787401575);
#2642=VECTOR('',#8311,0.118110236220472);
#2643=VECTOR('',#8318,0.393700787401575);
#2644=VECTOR('',#8319,0.393700787401575);
#2645=VECTOR('',#8320,0.393700787401575);
#2646=VECTOR('',#8323,0.393700787401575);
#2647=VECTOR('',#8324,0.393700787401575);
#2648=VECTOR('',#8327,0.393700787401575);
#2649=VECTOR('',#8328,0.393700787401575);
#2650=VECTOR('',#8329,0.393700787401575);
#2651=VECTOR('',#8332,0.393700787401575);
#2652=VECTOR('',#8333,0.393700787401575);
#2653=VECTOR('',#8340,0.118110236220472);
#2654=VECTOR('',#8347,0.393700787401575);
#2655=VECTOR('',#8348,0.393700787401575);
#2656=VECTOR('',#8349,0.393700787401575);
#2657=VECTOR('',#8352,0.393700787401575);
#2658=VECTOR('',#8353,0.393700787401575);
#2659=VECTOR('',#8356,0.393700787401575);
#2660=VECTOR('',#8357,0.393700787401575);
#2661=VECTOR('',#8358,0.393700787401575);
#2662=VECTOR('',#8361,0.393700787401575);
#2663=VECTOR('',#8362,0.393700787401575);
#2664=VECTOR('',#8369,0.118110236220472);
#2665=VECTOR('',#8376,0.393700787401575);
#2666=VECTOR('',#8377,0.393700787401575);
#2667=VECTOR('',#8378,0.393700787401575);
#2668=VECTOR('',#8381,0.393700787401575);
#2669=VECTOR('',#8382,0.393700787401575);
#2670=VECTOR('',#8385,0.393700787401575);
#2671=VECTOR('',#8386,0.393700787401575);
#2672=VECTOR('',#8387,0.393700787401575);
#2673=VECTOR('',#8390,0.393700787401575);
#2674=VECTOR('',#8391,0.393700787401575);
#2675=VECTOR('',#8398,0.118110236220472);
#2676=VECTOR('',#8405,0.393700787401575);
#2677=VECTOR('',#8406,0.393700787401575);
#2678=VECTOR('',#8407,0.393700787401575);
#2679=VECTOR('',#8410,0.393700787401575);
#2680=VECTOR('',#8411,0.393700787401575);
#2681=VECTOR('',#8414,0.393700787401575);
#2682=VECTOR('',#8415,0.393700787401575);
#2683=VECTOR('',#8416,0.393700787401575);
#2684=VECTOR('',#8419,0.393700787401575);
#2685=VECTOR('',#8420,0.393700787401575);
#2686=VECTOR('',#8427,0.118110236220472);
#2687=VECTOR('',#8434,0.393700787401575);
#2688=VECTOR('',#8435,0.393700787401575);
#2689=VECTOR('',#8436,0.393700787401575);
#2690=VECTOR('',#8439,0.393700787401575);
#2691=VECTOR('',#8440,0.393700787401575);
#2692=VECTOR('',#8441,0.393700787401575);
#2693=VECTOR('',#8444,0.393700787401575);
#2694=VECTOR('',#8445,0.393700787401575);
#2695=VECTOR('',#8446,0.393700787401575);
#2696=VECTOR('',#8449,0.393700787401575);
#2697=VECTOR('',#8450,0.393700787401575);
#2698=VECTOR('',#8457,0.118110236220472);
#2699=VECTOR('',#8464,0.393700787401575);
#2700=VECTOR('',#8465,0.393700787401575);
#2701=VECTOR('',#8466,0.393700787401575);
#2702=VECTOR('',#8469,0.393700787401575);
#2703=VECTOR('',#8470,0.393700787401575);
#2704=VECTOR('',#8473,0.393700787401575);
#2705=VECTOR('',#8474,0.393700787401575);
#2706=VECTOR('',#8475,0.393700787401575);
#2707=VECTOR('',#8478,0.393700787401575);
#2708=VECTOR('',#8479,0.393700787401575);
#2709=VECTOR('',#8486,0.118110236220472);
#2710=VECTOR('',#8493,0.393700787401575);
#2711=VECTOR('',#8494,0.393700787401575);
#2712=VECTOR('',#8495,0.393700787401575);
#2713=VECTOR('',#8498,0.393700787401575);
#2714=VECTOR('',#8499,0.393700787401575);
#2715=VECTOR('',#8502,0.393700787401575);
#2716=VECTOR('',#8503,0.393700787401575);
#2717=VECTOR('',#8504,0.393700787401575);
#2718=VECTOR('',#8507,0.393700787401575);
#2719=VECTOR('',#8508,0.393700787401575);
#2720=VECTOR('',#8515,0.118110236220472);
#2721=VECTOR('',#8522,0.393700787401575);
#2722=VECTOR('',#8523,0.393700787401575);
#2723=VECTOR('',#8524,0.393700787401575);
#2724=VECTOR('',#8527,0.393700787401575);
#2725=VECTOR('',#8528,0.393700787401575);
#2726=VECTOR('',#8531,0.393700787401575);
#2727=VECTOR('',#8532,0.393700787401575);
#2728=VECTOR('',#8533,0.393700787401575);
#2729=VECTOR('',#8536,0.393700787401575);
#2730=VECTOR('',#8537,0.393700787401575);
#2731=VECTOR('',#8544,0.118110236220472);
#2732=VECTOR('',#8551,0.393700787401575);
#2733=VECTOR('',#8552,0.393700787401575);
#2734=VECTOR('',#8553,0.393700787401575);
#2735=VECTOR('',#8556,0.393700787401575);
#2736=VECTOR('',#8557,0.393700787401575);
#2737=VECTOR('',#8560,0.393700787401575);
#2738=VECTOR('',#8561,0.393700787401575);
#2739=VECTOR('',#8562,0.393700787401575);
#2740=VECTOR('',#8565,0.393700787401575);
#2741=VECTOR('',#8566,0.393700787401575);
#2742=VECTOR('',#8573,0.118110236220472);
#2743=VECTOR('',#8580,0.393700787401575);
#2744=VECTOR('',#8581,0.393700787401575);
#2745=VECTOR('',#8582,0.393700787401575);
#2746=VECTOR('',#8585,0.393700787401575);
#2747=VECTOR('',#8586,0.393700787401575);
#2748=VECTOR('',#8589,0.393700787401575);
#2749=VECTOR('',#8590,0.393700787401575);
#2750=VECTOR('',#8591,0.393700787401575);
#2751=VECTOR('',#8594,0.393700787401575);
#2752=VECTOR('',#8595,0.393700787401575);
#2753=VECTOR('',#8602,0.118110236220472);
#2754=VECTOR('',#8609,0.393700787401575);
#2755=VECTOR('',#8610,0.393700787401575);
#2756=VECTOR('',#8611,0.393700787401575);
#2757=VECTOR('',#8614,0.393700787401575);
#2758=VECTOR('',#8615,0.393700787401575);
#2759=VECTOR('',#8618,0.393700787401575);
#2760=VECTOR('',#8619,0.393700787401575);
#2761=VECTOR('',#8620,0.393700787401575);
#2762=VECTOR('',#8623,0.393700787401575);
#2763=VECTOR('',#8624,0.393700787401575);
#2764=VECTOR('',#8631,0.118110236220472);
#2765=VECTOR('',#8638,0.393700787401575);
#2766=VECTOR('',#8639,0.393700787401575);
#2767=VECTOR('',#8640,0.393700787401575);
#2768=VECTOR('',#8643,0.393700787401575);
#2769=VECTOR('',#8644,0.393700787401575);
#2770=VECTOR('',#8647,0.393700787401575);
#2771=VECTOR('',#8648,0.393700787401575);
#2772=VECTOR('',#8649,0.393700787401575);
#2773=VECTOR('',#8652,0.393700787401575);
#2774=VECTOR('',#8653,0.393700787401575);
#2775=VECTOR('',#8660,0.118110236220472);
#2776=VECTOR('',#8667,0.393700787401575);
#2777=VECTOR('',#8668,0.393700787401575);
#2778=VECTOR('',#8669,0.393700787401575);
#2779=VECTOR('',#8672,0.393700787401575);
#2780=VECTOR('',#8673,0.393700787401575);
#2781=VECTOR('',#8674,0.393700787401575);
#2782=VECTOR('',#8677,0.393700787401575);
#2783=VECTOR('',#8678,0.393700787401575);
#2784=VECTOR('',#8679,0.393700787401575);
#2785=VECTOR('',#8682,0.393700787401575);
#2786=VECTOR('',#8683,0.393700787401575);
#2787=VECTOR('',#8690,0.118110236220472);
#2788=VECTOR('',#8697,0.393700787401575);
#2789=VECTOR('',#8698,0.393700787401575);
#2790=VECTOR('',#8699,0.393700787401575);
#2791=VECTOR('',#8702,0.393700787401575);
#2792=VECTOR('',#8703,0.393700787401575);
#2793=VECTOR('',#8706,0.393700787401575);
#2794=VECTOR('',#8707,0.393700787401575);
#2795=VECTOR('',#8708,0.393700787401575);
#2796=VECTOR('',#8711,0.393700787401575);
#2797=VECTOR('',#8712,0.393700787401575);
#2798=VECTOR('',#8719,0.118110236220472);
#2799=VECTOR('',#8726,0.393700787401575);
#2800=VECTOR('',#8727,0.393700787401575);
#2801=VECTOR('',#8728,0.393700787401575);
#2802=VECTOR('',#8731,0.393700787401575);
#2803=VECTOR('',#8732,0.393700787401575);
#2804=VECTOR('',#8735,0.393700787401575);
#2805=VECTOR('',#8736,0.393700787401575);
#2806=VECTOR('',#8737,0.393700787401575);
#2807=VECTOR('',#8740,0.393700787401575);
#2808=VECTOR('',#8741,0.393700787401575);
#2809=VECTOR('',#8748,0.118110236220472);
#2810=VECTOR('',#8755,0.393700787401575);
#2811=VECTOR('',#8756,0.393700787401575);
#2812=VECTOR('',#8757,0.393700787401575);
#2813=VECTOR('',#8760,0.393700787401575);
#2814=VECTOR('',#8761,0.393700787401575);
#2815=VECTOR('',#8764,0.393700787401575);
#2816=VECTOR('',#8765,0.393700787401575);
#2817=VECTOR('',#8766,0.393700787401575);
#2818=VECTOR('',#8769,0.393700787401575);
#2819=VECTOR('',#8770,0.393700787401575);
#2820=VECTOR('',#8777,0.118110236220472);
#2821=VECTOR('',#8784,0.393700787401575);
#2822=VECTOR('',#8785,0.393700787401575);
#2823=VECTOR('',#8786,0.393700787401575);
#2824=VECTOR('',#8789,0.393700787401575);
#2825=VECTOR('',#8790,0.393700787401575);
#2826=VECTOR('',#8793,0.393700787401575);
#2827=VECTOR('',#8794,0.393700787401575);
#2828=VECTOR('',#8795,0.393700787401575);
#2829=VECTOR('',#8798,0.393700787401575);
#2830=VECTOR('',#8799,0.393700787401575);
#2831=VECTOR('',#8806,0.118110236220472);
#2832=VECTOR('',#8813,0.393700787401575);
#2833=VECTOR('',#8814,0.393700787401575);
#2834=VECTOR('',#8815,0.393700787401575);
#2835=VECTOR('',#8818,0.393700787401575);
#2836=VECTOR('',#8819,0.393700787401575);
#2837=VECTOR('',#8822,0.393700787401575);
#2838=VECTOR('',#8823,0.393700787401575);
#2839=VECTOR('',#8824,0.393700787401575);
#2840=VECTOR('',#8827,0.393700787401575);
#2841=VECTOR('',#8828,0.393700787401575);
#2842=VECTOR('',#8835,0.118110236220472);
#2843=VECTOR('',#8842,0.393700787401575);
#2844=VECTOR('',#8843,0.393700787401575);
#2845=VECTOR('',#8844,0.393700787401575);
#2846=VECTOR('',#8847,0.393700787401575);
#2847=VECTOR('',#8848,0.393700787401575);
#2848=VECTOR('',#8851,0.393700787401575);
#2849=VECTOR('',#8852,0.393700787401575);
#2850=VECTOR('',#8853,0.393700787401575);
#2851=VECTOR('',#8856,0.393700787401575);
#2852=VECTOR('',#8857,0.393700787401575);
#2853=VECTOR('',#8864,0.118110236220472);
#2854=VECTOR('',#8871,0.393700787401575);
#2855=VECTOR('',#8872,0.393700787401575);
#2856=VECTOR('',#8873,0.393700787401575);
#2857=VECTOR('',#8876,0.393700787401575);
#2858=VECTOR('',#8877,0.393700787401575);
#2859=VECTOR('',#8880,0.393700787401575);
#2860=VECTOR('',#8881,0.393700787401575);
#2861=VECTOR('',#8882,0.393700787401575);
#2862=VECTOR('',#8885,0.393700787401575);
#2863=VECTOR('',#8886,0.393700787401575);
#2864=VECTOR('',#8893,0.118110236220472);
#2865=VECTOR('',#8900,0.393700787401575);
#2866=VECTOR('',#8901,0.393700787401575);
#2867=VECTOR('',#8902,0.393700787401575);
#2868=VECTOR('',#8905,0.393700787401575);
#2869=VECTOR('',#8906,0.393700787401575);
#2870=VECTOR('',#8907,0.393700787401575);
#2871=VECTOR('',#8910,0.393700787401575);
#2872=VECTOR('',#8911,0.393700787401575);
#2873=VECTOR('',#8912,0.393700787401575);
#2874=VECTOR('',#8915,0.393700787401575);
#2875=VECTOR('',#8916,0.393700787401575);
#2876=VECTOR('',#8921,0.393700787401575);
#2877=VECTOR('',#8922,0.393700787401575);
#2878=VECTOR('',#8927,0.118110236220472);
#2879=VECTOR('',#8934,0.393700787401575);
#2880=VECTOR('',#8935,0.393700787401575);
#2881=VECTOR('',#8936,0.393700787401575);
#2882=VECTOR('',#8939,0.393700787401575);
#2883=VECTOR('',#8940,0.393700787401575);
#2884=VECTOR('',#8943,0.393700787401575);
#2885=VECTOR('',#8944,0.393700787401575);
#2886=VECTOR('',#8945,0.393700787401575);
#2887=VECTOR('',#8948,0.393700787401575);
#2888=VECTOR('',#8949,0.393700787401575);
#2889=VECTOR('',#8956,0.118110236220472);
#2890=VECTOR('',#8963,0.393700787401575);
#2891=VECTOR('',#8964,0.393700787401575);
#2892=VECTOR('',#8965,0.393700787401575);
#2893=VECTOR('',#8968,0.393700787401575);
#2894=VECTOR('',#8969,0.393700787401575);
#2895=VECTOR('',#8972,0.393700787401575);
#2896=VECTOR('',#8973,0.393700787401575);
#2897=VECTOR('',#8974,0.393700787401575);
#2898=VECTOR('',#8977,0.393700787401575);
#2899=VECTOR('',#8978,0.393700787401575);
#2900=VECTOR('',#8985,0.118110236220472);
#2901=VECTOR('',#8992,0.393700787401575);
#2902=VECTOR('',#8993,0.393700787401575);
#2903=VECTOR('',#8994,0.393700787401575);
#2904=VECTOR('',#8997,0.393700787401575);
#2905=VECTOR('',#8998,0.393700787401575);
#2906=VECTOR('',#9001,0.393700787401575);
#2907=VECTOR('',#9002,0.393700787401575);
#2908=VECTOR('',#9003,0.393700787401575);
#2909=VECTOR('',#9006,0.393700787401575);
#2910=VECTOR('',#9007,0.393700787401575);
#2911=VECTOR('',#9014,0.118110236220472);
#2912=VECTOR('',#9021,0.393700787401575);
#2913=VECTOR('',#9022,0.393700787401575);
#2914=VECTOR('',#9023,0.393700787401575);
#2915=VECTOR('',#9026,0.393700787401575);
#2916=VECTOR('',#9027,0.393700787401575);
#2917=VECTOR('',#9030,0.393700787401575);
#2918=VECTOR('',#9031,0.393700787401575);
#2919=VECTOR('',#9032,0.393700787401575);
#2920=VECTOR('',#9035,0.393700787401575);
#2921=VECTOR('',#9036,0.393700787401575);
#2922=VECTOR('',#9043,0.118110236220472);
#2923=VECTOR('',#9050,0.393700787401575);
#2924=VECTOR('',#9051,0.393700787401575);
#2925=VECTOR('',#9052,0.393700787401575);
#2926=VECTOR('',#9055,0.393700787401575);
#2927=VECTOR('',#9056,0.393700787401575);
#2928=VECTOR('',#9059,0.393700787401575);
#2929=VECTOR('',#9060,0.393700787401575);
#2930=VECTOR('',#9061,0.393700787401575);
#2931=VECTOR('',#9064,0.393700787401575);
#2932=VECTOR('',#9065,0.393700787401575);
#2933=VECTOR('',#9072,0.118110236220472);
#2934=VECTOR('',#9079,0.393700787401575);
#2935=VECTOR('',#9080,0.393700787401575);
#2936=VECTOR('',#9081,0.393700787401575);
#2937=VECTOR('',#9084,0.393700787401575);
#2938=VECTOR('',#9085,0.393700787401575);
#2939=VECTOR('',#9088,0.393700787401575);
#2940=VECTOR('',#9089,0.393700787401575);
#2941=VECTOR('',#9090,0.393700787401575);
#2942=VECTOR('',#9093,0.393700787401575);
#2943=VECTOR('',#9094,0.393700787401575);
#2944=VECTOR('',#9101,0.118110236220472);
#2945=VECTOR('',#9108,0.393700787401575);
#2946=VECTOR('',#9109,0.393700787401575);
#2947=VECTOR('',#9110,0.393700787401575);
#2948=VECTOR('',#9113,0.393700787401575);
#2949=VECTOR('',#9114,0.393700787401575);
#2950=VECTOR('',#9117,0.393700787401575);
#2951=VECTOR('',#9118,0.393700787401575);
#2952=VECTOR('',#9119,0.393700787401575);
#2953=VECTOR('',#9122,0.393700787401575);
#2954=VECTOR('',#9123,0.393700787401575);
#2955=VECTOR('',#9126,0.393700787401575);
#2956=VECTOR('',#9127,0.393700787401575);
#2957=VECTOR('',#9132,0.393700787401575);
#2958=CIRCLE('',#6663,0.118110236220472);
#2959=CIRCLE('',#6664,0.118110236220472);
#2960=CIRCLE('',#6672,0.118110236220472);
#2961=CIRCLE('',#6673,0.118110236220472);
#2962=CIRCLE('',#6681,0.118110236220472);
#2963=CIRCLE('',#6682,0.118110236220472);
#2964=CIRCLE('',#6690,0.118110236220472);
#2965=CIRCLE('',#6691,0.118110236220472);
#2966=CIRCLE('',#6699,0.118110236220472);
#2967=CIRCLE('',#6700,0.118110236220472);
#2968=CIRCLE('',#6708,0.118110236220472);
#2969=CIRCLE('',#6709,0.118110236220472);
#2970=CIRCLE('',#6717,0.118110236220472);
#2971=CIRCLE('',#6718,0.118110236220472);
#2972=CIRCLE('',#6726,0.118110236220472);
#2973=CIRCLE('',#6727,0.118110236220472);
#2974=CIRCLE('',#6736,0.118110236220472);
#2975=CIRCLE('',#6737,0.118110236220472);
#2976=CIRCLE('',#6745,0.118110236220472);
#2977=CIRCLE('',#6746,0.118110236220472);
#2978=CIRCLE('',#6754,0.118110236220472);
#2979=CIRCLE('',#6755,0.118110236220472);
#2980=CIRCLE('',#6763,0.118110236220472);
#2981=CIRCLE('',#6764,0.118110236220472);
#2982=CIRCLE('',#6772,0.118110236220472);
#2983=CIRCLE('',#6773,0.118110236220472);
#2984=CIRCLE('',#6781,0.118110236220472);
#2985=CIRCLE('',#6782,0.118110236220472);
#2986=CIRCLE('',#6790,0.118110236220472);
#2987=CIRCLE('',#6791,0.118110236220472);
#2988=CIRCLE('',#6799,0.118110236220472);
#2989=CIRCLE('',#6800,0.118110236220472);
#2990=CIRCLE('',#6808,0.118110236220472);
#2991=CIRCLE('',#6809,0.118110236220472);
#2992=CIRCLE('',#6817,0.118110236220472);
#2993=CIRCLE('',#6818,0.118110236220472);
#2994=CIRCLE('',#6826,0.118110236220472);
#2995=CIRCLE('',#6827,0.118110236220472);
#2996=CIRCLE('',#6835,0.118110236220472);
#2997=CIRCLE('',#6836,0.118110236220472);
#2998=CIRCLE('',#6844,0.118110236220472);
#2999=CIRCLE('',#6845,0.118110236220472);
#3000=CIRCLE('',#6853,0.118110236220472);
#3001=CIRCLE('',#6854,0.118110236220472);
#3002=CIRCLE('',#6862,0.118110236220472);
#3003=CIRCLE('',#6863,0.118110236220472);
#3004=CIRCLE('',#6871,0.118110236220472);
#3005=CIRCLE('',#6872,0.118110236220472);
#3006=CIRCLE('',#6880,0.118110236220472);
#3007=CIRCLE('',#6881,0.118110236220472);
#3008=CIRCLE('',#6889,0.118110236220472);
#3009=CIRCLE('',#6890,0.118110236220472);
#3010=CIRCLE('',#6898,0.118110236220472);
#3011=CIRCLE('',#6899,0.118110236220472);
#3012=CIRCLE('',#6907,0.118110236220472);
#3013=CIRCLE('',#6908,0.118110236220472);
#3014=CIRCLE('',#6916,0.118110236220472);
#3015=CIRCLE('',#6917,0.118110236220472);
#3016=CIRCLE('',#6925,0.118110236220472);
#3017=CIRCLE('',#6926,0.118110236220472);
#3018=CIRCLE('',#6934,0.118110236220472);
#3019=CIRCLE('',#6935,0.118110236220472);
#3020=CIRCLE('',#6943,0.118110236220472);
#3021=CIRCLE('',#6944,0.118110236220472);
#3022=CIRCLE('',#6952,0.118110236220472);
#3023=CIRCLE('',#6953,0.118110236220472);
#3024=CIRCLE('',#6961,0.118110236220472);
#3025=CIRCLE('',#6962,0.118110236220472);
#3026=CIRCLE('',#6970,0.118110236220472);
#3027=CIRCLE('',#6971,0.118110236220472);
#3028=CIRCLE('',#6979,0.118110236220472);
#3029=CIRCLE('',#6980,0.118110236220472);
#3030=CIRCLE('',#6988,0.118110236220472);
#3031=CIRCLE('',#6989,0.118110236220472);
#3032=CIRCLE('',#6997,0.118110236220472);
#3033=CIRCLE('',#6998,0.118110236220472);
#3034=CIRCLE('',#7006,0.118110236220472);
#3035=CIRCLE('',#7007,0.118110236220472);
#3036=CIRCLE('',#7015,0.118110236220472);
#3037=CIRCLE('',#7016,0.118110236220472);
#3038=CIRCLE('',#7024,0.118110236220472);
#3039=CIRCLE('',#7025,0.118110236220472);
#3040=CIRCLE('',#7033,0.118110236220472);
#3041=CIRCLE('',#7034,0.118110236220472);
#3042=CIRCLE('',#7042,0.118110236220472);
#3043=CIRCLE('',#7043,0.118110236220472);
#3044=CIRCLE('',#7051,0.118110236220472);
#3045=CIRCLE('',#7052,0.118110236220472);
#3046=CIRCLE('',#7060,0.118110236220472);
#3047=CIRCLE('',#7061,0.118110236220472);
#3048=CIRCLE('',#7069,0.118110236220472);
#3049=CIRCLE('',#7070,0.118110236220472);
#3050=CIRCLE('',#7078,0.118110236220472);
#3051=CIRCLE('',#7079,0.118110236220472);
#3052=CIRCLE('',#7087,0.118110236220472);
#3053=CIRCLE('',#7088,0.118110236220472);
#3054=CIRCLE('',#7096,0.118110236220472);
#3055=CIRCLE('',#7097,0.118110236220472);
#3056=CIRCLE('',#7105,0.118110236220472);
#3057=CIRCLE('',#7106,0.118110236220472);
#3058=CIRCLE('',#7114,0.118110236220472);
#3059=CIRCLE('',#7115,0.118110236220472);
#3060=CIRCLE('',#7123,0.118110236220472);
#3061=CIRCLE('',#7124,0.118110236220472);
#3062=CIRCLE('',#7132,0.118110236220472);
#3063=CIRCLE('',#7133,0.118110236220472);
#3064=CIRCLE('',#7141,0.118110236220472);
#3065=CIRCLE('',#7142,0.118110236220472);
#3066=CIRCLE('',#7150,0.118110236220472);
#3067=CIRCLE('',#7151,0.118110236220472);
#3068=CIRCLE('',#7159,0.118110236220472);
#3069=CIRCLE('',#7160,0.118110236220472);
#3070=CIRCLE('',#7168,0.118110236220472);
#3071=CIRCLE('',#7169,0.118110236220472);
#3072=CIRCLE('',#7178,0.118110236220472);
#3073=CIRCLE('',#7179,0.118110236220472);
#3074=CIRCLE('',#7187,0.118110236220472);
#3075=CIRCLE('',#7188,0.118110236220472);
#3076=CIRCLE('',#7196,0.118110236220472);
#3077=CIRCLE('',#7197,0.118110236220472);
#3078=CIRCLE('',#7205,0.118110236220472);
#3079=CIRCLE('',#7206,0.118110236220472);
#3080=CIRCLE('',#7214,0.118110236220472);
#3081=CIRCLE('',#7215,0.118110236220472);
#3082=CIRCLE('',#7223,0.118110236220472);
#3083=CIRCLE('',#7224,0.118110236220472);
#3084=CIRCLE('',#7232,0.118110236220472);
#3085=CIRCLE('',#7233,0.118110236220472);
#3086=VERTEX_POINT('',#9137);
#3087=VERTEX_POINT('',#9139);
#3088=VERTEX_POINT('',#9144);
#3089=VERTEX_POINT('',#9145);
#3090=VERTEX_POINT('',#9147);
#3091=VERTEX_POINT('',#9149);
#3092=VERTEX_POINT('',#9153);
#3093=VERTEX_POINT('',#9155);
#3094=VERTEX_POINT('',#9159);
#3095=VERTEX_POINT('',#9161);
#3096=VERTEX_POINT('',#9169);
#3097=VERTEX_POINT('',#9171);
#3098=VERTEX_POINT('',#9176);
#3099=VERTEX_POINT('',#9177);
#3100=VERTEX_POINT('',#9180);
#3101=VERTEX_POINT('',#9184);
#3102=VERTEX_POINT('',#9188);
#3103=VERTEX_POINT('',#9190);
#3104=VERTEX_POINT('',#9198);
#3105=VERTEX_POINT('',#9200);
#3106=VERTEX_POINT('',#9205);
#3107=VERTEX_POINT('',#9206);
#3108=VERTEX_POINT('',#9209);
#3109=VERTEX_POINT('',#9213);
#3110=VERTEX_POINT('',#9217);
#3111=VERTEX_POINT('',#9219);
#3112=VERTEX_POINT('',#9227);
#3113=VERTEX_POINT('',#9229);
#3114=VERTEX_POINT('',#9234);
#3115=VERTEX_POINT('',#9235);
#3116=VERTEX_POINT('',#9238);
#3117=VERTEX_POINT('',#9242);
#3118=VERTEX_POINT('',#9246);
#3119=VERTEX_POINT('',#9248);
#3120=VERTEX_POINT('',#9256);
#3121=VERTEX_POINT('',#9258);
#3122=VERTEX_POINT('',#9263);
#3123=VERTEX_POINT('',#9264);
#3124=VERTEX_POINT('',#9267);
#3125=VERTEX_POINT('',#9271);
#3126=VERTEX_POINT('',#9275);
#3127=VERTEX_POINT('',#9277);
#3128=VERTEX_POINT('',#9285);
#3129=VERTEX_POINT('',#9287);
#3130=VERTEX_POINT('',#9292);
#3131=VERTEX_POINT('',#9293);
#3132=VERTEX_POINT('',#9296);
#3133=VERTEX_POINT('',#9300);
#3134=VERTEX_POINT('',#9304);
#3135=VERTEX_POINT('',#9306);
#3136=VERTEX_POINT('',#9314);
#3137=VERTEX_POINT('',#9316);
#3138=VERTEX_POINT('',#9321);
#3139=VERTEX_POINT('',#9322);
#3140=VERTEX_POINT('',#9325);
#3141=VERTEX_POINT('',#9329);
#3142=VERTEX_POINT('',#9333);
#3143=VERTEX_POINT('',#9335);
#3144=VERTEX_POINT('',#9343);
#3145=VERTEX_POINT('',#9345);
#3146=VERTEX_POINT('',#9350);
#3147=VERTEX_POINT('',#9351);
#3148=VERTEX_POINT('',#9354);
#3149=VERTEX_POINT('',#9358);
#3150=VERTEX_POINT('',#9362);
#3151=VERTEX_POINT('',#9364);
#3152=VERTEX_POINT('',#9371);
#3153=VERTEX_POINT('',#9373);
#3154=VERTEX_POINT('',#9378);
#3155=VERTEX_POINT('',#9380);
#3156=VERTEX_POINT('',#9385);
#3157=VERTEX_POINT('',#9386);
#3158=VERTEX_POINT('',#9391);
#3159=VERTEX_POINT('',#9393);
#3160=VERTEX_POINT('',#9397);
#3161=VERTEX_POINT('',#9399);
#3162=VERTEX_POINT('',#9407);
#3163=VERTEX_POINT('',#9409);
#3164=VERTEX_POINT('',#9414);
#3165=VERTEX_POINT('',#9415);
#3166=VERTEX_POINT('',#9420);
#3167=VERTEX_POINT('',#9424);
#3168=VERTEX_POINT('',#9426);
#3169=VERTEX_POINT('',#9434);
#3170=VERTEX_POINT('',#9436);
#3171=VERTEX_POINT('',#9441);
#3172=VERTEX_POINT('',#9442);
#3173=VERTEX_POINT('',#9447);
#3174=VERTEX_POINT('',#9451);
#3175=VERTEX_POINT('',#9453);
#3176=VERTEX_POINT('',#9461);
#3177=VERTEX_POINT('',#9463);
#3178=VERTEX_POINT('',#9468);
#3179=VERTEX_POINT('',#9469);
#3180=VERTEX_POINT('',#9474);
#3181=VERTEX_POINT('',#9478);
#3182=VERTEX_POINT('',#9480);
#3183=VERTEX_POINT('',#9488);
#3184=VERTEX_POINT('',#9490);
#3185=VERTEX_POINT('',#9495);
#3186=VERTEX_POINT('',#9496);
#3187=VERTEX_POINT('',#9501);
#3188=VERTEX_POINT('',#9505);
#3189=VERTEX_POINT('',#9507);
#3190=VERTEX_POINT('',#9515);
#3191=VERTEX_POINT('',#9517);
#3192=VERTEX_POINT('',#9522);
#3193=VERTEX_POINT('',#9523);
#3194=VERTEX_POINT('',#9528);
#3195=VERTEX_POINT('',#9532);
#3196=VERTEX_POINT('',#9534);
#3197=VERTEX_POINT('',#9542);
#3198=VERTEX_POINT('',#9544);
#3199=VERTEX_POINT('',#9549);
#3200=VERTEX_POINT('',#9550);
#3201=VERTEX_POINT('',#9555);
#3202=VERTEX_POINT('',#9559);
#3203=VERTEX_POINT('',#9561);
#3204=VERTEX_POINT('',#9569);
#3205=VERTEX_POINT('',#9571);
#3206=VERTEX_POINT('',#9576);
#3207=VERTEX_POINT('',#9577);
#3208=VERTEX_POINT('',#9582);
#3209=VERTEX_POINT('',#9586);
#3210=VERTEX_POINT('',#9588);
#3211=VERTEX_POINT('',#9596);
#3212=VERTEX_POINT('',#9598);
#3213=VERTEX_POINT('',#9603);
#3214=VERTEX_POINT('',#9604);
#3215=VERTEX_POINT('',#9609);
#3216=VERTEX_POINT('',#9611);
#3217=VERTEX_POINT('',#9615);
#3218=VERTEX_POINT('',#9617);
#3219=VERTEX_POINT('',#9625);
#3220=VERTEX_POINT('',#9627);
#3221=VERTEX_POINT('',#9632);
#3222=VERTEX_POINT('',#9633);
#3223=VERTEX_POINT('',#9638);
#3224=VERTEX_POINT('',#9642);
#3225=VERTEX_POINT('',#9644);
#3226=VERTEX_POINT('',#9652);
#3227=VERTEX_POINT('',#9654);
#3228=VERTEX_POINT('',#9659);
#3229=VERTEX_POINT('',#9660);
#3230=VERTEX_POINT('',#9665);
#3231=VERTEX_POINT('',#9669);
#3232=VERTEX_POINT('',#9671);
#3233=VERTEX_POINT('',#9679);
#3234=VERTEX_POINT('',#9681);
#3235=VERTEX_POINT('',#9686);
#3236=VERTEX_POINT('',#9687);
#3237=VERTEX_POINT('',#9692);
#3238=VERTEX_POINT('',#9696);
#3239=VERTEX_POINT('',#9698);
#3240=VERTEX_POINT('',#9706);
#3241=VERTEX_POINT('',#9708);
#3242=VERTEX_POINT('',#9713);
#3243=VERTEX_POINT('',#9714);
#3244=VERTEX_POINT('',#9719);
#3245=VERTEX_POINT('',#9723);
#3246=VERTEX_POINT('',#9725);
#3247=VERTEX_POINT('',#9733);
#3248=VERTEX_POINT('',#9735);
#3249=VERTEX_POINT('',#9740);
#3250=VERTEX_POINT('',#9741);
#3251=VERTEX_POINT('',#9746);
#3252=VERTEX_POINT('',#9750);
#3253=VERTEX_POINT('',#9752);
#3254=VERTEX_POINT('',#9760);
#3255=VERTEX_POINT('',#9762);
#3256=VERTEX_POINT('',#9767);
#3257=VERTEX_POINT('',#9768);
#3258=VERTEX_POINT('',#9773);
#3259=VERTEX_POINT('',#9777);
#3260=VERTEX_POINT('',#9779);
#3261=VERTEX_POINT('',#9787);
#3262=VERTEX_POINT('',#9789);
#3263=VERTEX_POINT('',#9794);
#3264=VERTEX_POINT('',#9795);
#3265=VERTEX_POINT('',#9800);
#3266=VERTEX_POINT('',#9804);
#3267=VERTEX_POINT('',#9806);
#3268=VERTEX_POINT('',#9814);
#3269=VERTEX_POINT('',#9816);
#3270=VERTEX_POINT('',#9821);
#3271=VERTEX_POINT('',#9822);
#3272=VERTEX_POINT('',#9827);
#3273=VERTEX_POINT('',#9829);
#3274=VERTEX_POINT('',#9833);
#3275=VERTEX_POINT('',#9835);
#3276=VERTEX_POINT('',#9843);
#3277=VERTEX_POINT('',#9845);
#3278=VERTEX_POINT('',#9850);
#3279=VERTEX_POINT('',#9851);
#3280=VERTEX_POINT('',#9856);
#3281=VERTEX_POINT('',#9860);
#3282=VERTEX_POINT('',#9862);
#3283=VERTEX_POINT('',#9870);
#3284=VERTEX_POINT('',#9872);
#3285=VERTEX_POINT('',#9877);
#3286=VERTEX_POINT('',#9878);
#3287=VERTEX_POINT('',#9883);
#3288=VERTEX_POINT('',#9887);
#3289=VERTEX_POINT('',#9889);
#3290=VERTEX_POINT('',#9897);
#3291=VERTEX_POINT('',#9899);
#3292=VERTEX_POINT('',#9904);
#3293=VERTEX_POINT('',#9905);
#3294=VERTEX_POINT('',#9910);
#3295=VERTEX_POINT('',#9914);
#3296=VERTEX_POINT('',#9916);
#3297=VERTEX_POINT('',#9924);
#3298=VERTEX_POINT('',#9926);
#3299=VERTEX_POINT('',#9931);
#3300=VERTEX_POINT('',#9932);
#3301=VERTEX_POINT('',#9937);
#3302=VERTEX_POINT('',#9941);
#3303=VERTEX_POINT('',#9943);
#3304=VERTEX_POINT('',#9951);
#3305=VERTEX_POINT('',#9953);
#3306=VERTEX_POINT('',#9958);
#3307=VERTEX_POINT('',#9959);
#3308=VERTEX_POINT('',#9964);
#3309=VERTEX_POINT('',#9968);
#3310=VERTEX_POINT('',#9970);
#3311=VERTEX_POINT('',#9978);
#3312=VERTEX_POINT('',#9980);
#3313=VERTEX_POINT('',#9985);
#3314=VERTEX_POINT('',#9986);
#3315=VERTEX_POINT('',#9991);
#3316=VERTEX_POINT('',#9995);
#3317=VERTEX_POINT('',#9997);
#3318=VERTEX_POINT('',#10005);
#3319=VERTEX_POINT('',#10007);
#3320=VERTEX_POINT('',#10012);
#3321=VERTEX_POINT('',#10013);
#3322=VERTEX_POINT('',#10018);
#3323=VERTEX_POINT('',#10022);
#3324=VERTEX_POINT('',#10024);
#3325=VERTEX_POINT('',#10032);
#3326=VERTEX_POINT('',#10034);
#3327=VERTEX_POINT('',#10039);
#3328=VERTEX_POINT('',#10040);
#3329=VERTEX_POINT('',#10045);
#3330=VERTEX_POINT('',#10047);
#3331=VERTEX_POINT('',#10051);
#3332=VERTEX_POINT('',#10053);
#3333=VERTEX_POINT('',#10061);
#3334=VERTEX_POINT('',#10063);
#3335=VERTEX_POINT('',#10068);
#3336=VERTEX_POINT('',#10069);
#3337=VERTEX_POINT('',#10074);
#3338=VERTEX_POINT('',#10078);
#3339=VERTEX_POINT('',#10080);
#3340=VERTEX_POINT('',#10088);
#3341=VERTEX_POINT('',#10090);
#3342=VERTEX_POINT('',#10095);
#3343=VERTEX_POINT('',#10096);
#3344=VERTEX_POINT('',#10101);
#3345=VERTEX_POINT('',#10105);
#3346=VERTEX_POINT('',#10107);
#3347=VERTEX_POINT('',#10115);
#3348=VERTEX_POINT('',#10117);
#3349=VERTEX_POINT('',#10122);
#3350=VERTEX_POINT('',#10123);
#3351=VERTEX_POINT('',#10128);
#3352=VERTEX_POINT('',#10132);
#3353=VERTEX_POINT('',#10134);
#3354=VERTEX_POINT('',#10142);
#3355=VERTEX_POINT('',#10144);
#3356=VERTEX_POINT('',#10149);
#3357=VERTEX_POINT('',#10150);
#3358=VERTEX_POINT('',#10155);
#3359=VERTEX_POINT('',#10159);
#3360=VERTEX_POINT('',#10161);
#3361=VERTEX_POINT('',#10169);
#3362=VERTEX_POINT('',#10171);
#3363=VERTEX_POINT('',#10176);
#3364=VERTEX_POINT('',#10177);
#3365=VERTEX_POINT('',#10182);
#3366=VERTEX_POINT('',#10186);
#3367=VERTEX_POINT('',#10188);
#3368=VERTEX_POINT('',#10196);
#3369=VERTEX_POINT('',#10198);
#3370=VERTEX_POINT('',#10203);
#3371=VERTEX_POINT('',#10204);
#3372=VERTEX_POINT('',#10209);
#3373=VERTEX_POINT('',#10213);
#3374=VERTEX_POINT('',#10215);
#3375=VERTEX_POINT('',#10223);
#3376=VERTEX_POINT('',#10225);
#3377=VERTEX_POINT('',#10230);
#3378=VERTEX_POINT('',#10231);
#3379=VERTEX_POINT('',#10236);
#3380=VERTEX_POINT('',#10240);
#3381=VERTEX_POINT('',#10242);
#3382=VERTEX_POINT('',#10250);
#3383=VERTEX_POINT('',#10252);
#3384=VERTEX_POINT('',#10257);
#3385=VERTEX_POINT('',#10258);
#3386=VERTEX_POINT('',#10263);
#3387=VERTEX_POINT('',#10265);
#3388=VERTEX_POINT('',#10269);
#3389=VERTEX_POINT('',#10271);
#3390=VERTEX_POINT('',#10279);
#3391=VERTEX_POINT('',#10281);
#3392=VERTEX_POINT('',#10286);
#3393=VERTEX_POINT('',#10287);
#3394=VERTEX_POINT('',#10292);
#3395=VERTEX_POINT('',#10296);
#3396=VERTEX_POINT('',#10298);
#3397=VERTEX_POINT('',#10306);
#3398=VERTEX_POINT('',#10308);
#3399=VERTEX_POINT('',#10313);
#3400=VERTEX_POINT('',#10314);
#3401=VERTEX_POINT('',#10319);
#3402=VERTEX_POINT('',#10323);
#3403=VERTEX_POINT('',#10325);
#3404=VERTEX_POINT('',#10333);
#3405=VERTEX_POINT('',#10335);
#3406=VERTEX_POINT('',#10340);
#3407=VERTEX_POINT('',#10341);
#3408=VERTEX_POINT('',#10346);
#3409=VERTEX_POINT('',#10350);
#3410=VERTEX_POINT('',#10352);
#3411=VERTEX_POINT('',#10360);
#3412=VERTEX_POINT('',#10362);
#3413=VERTEX_POINT('',#10367);
#3414=VERTEX_POINT('',#10368);
#3415=VERTEX_POINT('',#10373);
#3416=VERTEX_POINT('',#10377);
#3417=VERTEX_POINT('',#10379);
#3418=VERTEX_POINT('',#10387);
#3419=VERTEX_POINT('',#10389);
#3420=VERTEX_POINT('',#10394);
#3421=VERTEX_POINT('',#10395);
#3422=VERTEX_POINT('',#10400);
#3423=VERTEX_POINT('',#10404);
#3424=VERTEX_POINT('',#10406);
#3425=VERTEX_POINT('',#10414);
#3426=VERTEX_POINT('',#10416);
#3427=VERTEX_POINT('',#10421);
#3428=VERTEX_POINT('',#10422);
#3429=VERTEX_POINT('',#10427);
#3430=VERTEX_POINT('',#10431);
#3431=VERTEX_POINT('',#10433);
#3432=VERTEX_POINT('',#10441);
#3433=VERTEX_POINT('',#10443);
#3434=VERTEX_POINT('',#10448);
#3435=VERTEX_POINT('',#10449);
#3436=VERTEX_POINT('',#10454);
#3437=VERTEX_POINT('',#10458);
#3438=VERTEX_POINT('',#10460);
#3439=VERTEX_POINT('',#10468);
#3440=VERTEX_POINT('',#10470);
#3441=VERTEX_POINT('',#10475);
#3442=VERTEX_POINT('',#10476);
#3443=VERTEX_POINT('',#10481);
#3444=VERTEX_POINT('',#10483);
#3445=VERTEX_POINT('',#10487);
#3446=VERTEX_POINT('',#10489);
#3447=VERTEX_POINT('',#10497);
#3448=VERTEX_POINT('',#10499);
#3449=VERTEX_POINT('',#10504);
#3450=VERTEX_POINT('',#10505);
#3451=VERTEX_POINT('',#10510);
#3452=VERTEX_POINT('',#10514);
#3453=VERTEX_POINT('',#10516);
#3454=VERTEX_POINT('',#10524);
#3455=VERTEX_POINT('',#10526);
#3456=VERTEX_POINT('',#10531);
#3457=VERTEX_POINT('',#10532);
#3458=VERTEX_POINT('',#10537);
#3459=VERTEX_POINT('',#10541);
#3460=VERTEX_POINT('',#10543);
#3461=VERTEX_POINT('',#10551);
#3462=VERTEX_POINT('',#10553);
#3463=VERTEX_POINT('',#10558);
#3464=VERTEX_POINT('',#10559);
#3465=VERTEX_POINT('',#10564);
#3466=VERTEX_POINT('',#10568);
#3467=VERTEX_POINT('',#10570);
#3468=VERTEX_POINT('',#10578);
#3469=VERTEX_POINT('',#10580);
#3470=VERTEX_POINT('',#10585);
#3471=VERTEX_POINT('',#10586);
#3472=VERTEX_POINT('',#10591);
#3473=VERTEX_POINT('',#10595);
#3474=VERTEX_POINT('',#10597);
#3475=VERTEX_POINT('',#10605);
#3476=VERTEX_POINT('',#10607);
#3477=VERTEX_POINT('',#10612);
#3478=VERTEX_POINT('',#10613);
#3479=VERTEX_POINT('',#10618);
#3480=VERTEX_POINT('',#10622);
#3481=VERTEX_POINT('',#10624);
#3482=VERTEX_POINT('',#10632);
#3483=VERTEX_POINT('',#10634);
#3484=VERTEX_POINT('',#10639);
#3485=VERTEX_POINT('',#10640);
#3486=VERTEX_POINT('',#10645);
#3487=VERTEX_POINT('',#10649);
#3488=VERTEX_POINT('',#10651);
#3489=VERTEX_POINT('',#10659);
#3490=VERTEX_POINT('',#10661);
#3491=VERTEX_POINT('',#10666);
#3492=VERTEX_POINT('',#10667);
#3493=VERTEX_POINT('',#10672);
#3494=VERTEX_POINT('',#10676);
#3495=VERTEX_POINT('',#10678);
#3496=VERTEX_POINT('',#10686);
#3497=VERTEX_POINT('',#10688);
#3498=VERTEX_POINT('',#10693);
#3499=VERTEX_POINT('',#10694);
#3500=VERTEX_POINT('',#10699);
#3501=VERTEX_POINT('',#10701);
#3502=VERTEX_POINT('',#10705);
#3503=VERTEX_POINT('',#10707);
#3504=VERTEX_POINT('',#10715);
#3505=VERTEX_POINT('',#10719);
#3506=VERTEX_POINT('',#10721);
#3507=VERTEX_POINT('',#10726);
#3508=VERTEX_POINT('',#10727);
#3509=VERTEX_POINT('',#10732);
#3510=VERTEX_POINT('',#10736);
#3511=VERTEX_POINT('',#10738);
#3512=VERTEX_POINT('',#10746);
#3513=VERTEX_POINT('',#10748);
#3514=VERTEX_POINT('',#10753);
#3515=VERTEX_POINT('',#10754);
#3516=VERTEX_POINT('',#10759);
#3517=VERTEX_POINT('',#10763);
#3518=VERTEX_POINT('',#10765);
#3519=VERTEX_POINT('',#10773);
#3520=VERTEX_POINT('',#10775);
#3521=VERTEX_POINT('',#10780);
#3522=VERTEX_POINT('',#10781);
#3523=VERTEX_POINT('',#10786);
#3524=VERTEX_POINT('',#10790);
#3525=VERTEX_POINT('',#10792);
#3526=VERTEX_POINT('',#10800);
#3527=VERTEX_POINT('',#10802);
#3528=VERTEX_POINT('',#10807);
#3529=VERTEX_POINT('',#10808);
#3530=VERTEX_POINT('',#10813);
#3531=VERTEX_POINT('',#10817);
#3532=VERTEX_POINT('',#10819);
#3533=VERTEX_POINT('',#10827);
#3534=VERTEX_POINT('',#10829);
#3535=VERTEX_POINT('',#10834);
#3536=VERTEX_POINT('',#10835);
#3537=VERTEX_POINT('',#10840);
#3538=VERTEX_POINT('',#10844);
#3539=VERTEX_POINT('',#10846);
#3540=VERTEX_POINT('',#10854);
#3541=VERTEX_POINT('',#10856);
#3542=VERTEX_POINT('',#10861);
#3543=VERTEX_POINT('',#10862);
#3544=VERTEX_POINT('',#10867);
#3545=VERTEX_POINT('',#10871);
#3546=VERTEX_POINT('',#10873);
#3547=VERTEX_POINT('',#10881);
#3548=VERTEX_POINT('',#10883);
#3549=VERTEX_POINT('',#10888);
#3550=VERTEX_POINT('',#10889);
#3551=VERTEX_POINT('',#10894);
#3552=VERTEX_POINT('',#10898);
#3553=VERTEX_POINT('',#10900);
#3554=VERTEX_POINT('',#10907);
#3555=EDGE_CURVE('',#3086,#3086,#2958,.T.);
#3556=EDGE_CURVE('',#3086,#3087,#1502,.T.);
#3557=EDGE_CURVE('',#3087,#3087,#2959,.T.);
#3558=EDGE_CURVE('',#3088,#3089,#1503,.T.);
#3559=EDGE_CURVE('',#3089,#3090,#1504,.T.);
#3560=EDGE_CURVE('',#3090,#3091,#1505,.T.);
#3561=EDGE_CURVE('',#3088,#3091,#1506,.T.);
#3562=EDGE_CURVE('',#3089,#3092,#1507,.T.);
#3563=EDGE_CURVE('',#3092,#3093,#1508,.T.);
#3564=EDGE_CURVE('',#3093,#3090,#1509,.T.);
#3565=EDGE_CURVE('',#3092,#3094,#1510,.T.);
#3566=EDGE_CURVE('',#3094,#3095,#1511,.T.);
#3567=EDGE_CURVE('',#3093,#3095,#1512,.T.);
#3568=EDGE_CURVE('',#3095,#3091,#1513,.T.);
#3569=EDGE_CURVE('',#3094,#3088,#1514,.T.);
#3570=EDGE_CURVE('',#3096,#3096,#2960,.T.);
#3571=EDGE_CURVE('',#3096,#3097,#1515,.T.);
#3572=EDGE_CURVE('',#3097,#3097,#2961,.T.);
#3573=EDGE_CURVE('',#3098,#3099,#1516,.T.);
#3574=EDGE_CURVE('',#3099,#3091,#1517,.T.);
#3575=EDGE_CURVE('',#3091,#3100,#1518,.T.);
#3576=EDGE_CURVE('',#3098,#3100,#1519,.T.);
#3577=EDGE_CURVE('',#3099,#3101,#1520,.T.);
#3578=EDGE_CURVE('',#3101,#3095,#1521,.T.);
#3579=EDGE_CURVE('',#3101,#3102,#1522,.T.);
#3580=EDGE_CURVE('',#3102,#3103,#1523,.T.);
#3581=EDGE_CURVE('',#3095,#3103,#1524,.T.);
#3582=EDGE_CURVE('',#3103,#3100,#1525,.T.);
#3583=EDGE_CURVE('',#3102,#3098,#1526,.T.);
#3584=EDGE_CURVE('',#3104,#3104,#2962,.T.);
#3585=EDGE_CURVE('',#3104,#3105,#1527,.T.);
#3586=EDGE_CURVE('',#3105,#3105,#2963,.T.);
#3587=EDGE_CURVE('',#3106,#3107,#1528,.T.);
#3588=EDGE_CURVE('',#3107,#3100,#1529,.T.);
#3589=EDGE_CURVE('',#3100,#3108,#1530,.T.);
#3590=EDGE_CURVE('',#3106,#3108,#1531,.T.);
#3591=EDGE_CURVE('',#3107,#3109,#1532,.T.);
#3592=EDGE_CURVE('',#3109,#3103,#1533,.T.);
#3593=EDGE_CURVE('',#3109,#3110,#1534,.T.);
#3594=EDGE_CURVE('',#3110,#3111,#1535,.T.);
#3595=EDGE_CURVE('',#3103,#3111,#1536,.T.);
#3596=EDGE_CURVE('',#3111,#3108,#1537,.T.);
#3597=EDGE_CURVE('',#3110,#3106,#1538,.T.);
#3598=EDGE_CURVE('',#3112,#3112,#2964,.T.);
#3599=EDGE_CURVE('',#3112,#3113,#1539,.T.);
#3600=EDGE_CURVE('',#3113,#3113,#2965,.T.);
#3601=EDGE_CURVE('',#3114,#3115,#1540,.T.);
#3602=EDGE_CURVE('',#3115,#3108,#1541,.T.);
#3603=EDGE_CURVE('',#3108,#3116,#1542,.T.);
#3604=EDGE_CURVE('',#3114,#3116,#1543,.T.);
#3605=EDGE_CURVE('',#3115,#3117,#1544,.T.);
#3606=EDGE_CURVE('',#3117,#3111,#1545,.T.);
#3607=EDGE_CURVE('',#3117,#3118,#1546,.T.);
#3608=EDGE_CURVE('',#3118,#3119,#1547,.T.);
#3609=EDGE_CURVE('',#3111,#3119,#1548,.T.);
#3610=EDGE_CURVE('',#3119,#3116,#1549,.T.);
#3611=EDGE_CURVE('',#3118,#3114,#1550,.T.);
#3612=EDGE_CURVE('',#3120,#3120,#2966,.T.);
#3613=EDGE_CURVE('',#3120,#3121,#1551,.T.);
#3614=EDGE_CURVE('',#3121,#3121,#2967,.T.);
#3615=EDGE_CURVE('',#3122,#3123,#1552,.T.);
#3616=EDGE_CURVE('',#3123,#3116,#1553,.T.);
#3617=EDGE_CURVE('',#3116,#3124,#1554,.T.);
#3618=EDGE_CURVE('',#3122,#3124,#1555,.T.);
#3619=EDGE_CURVE('',#3123,#3125,#1556,.T.);
#3620=EDGE_CURVE('',#3125,#3119,#1557,.T.);
#3621=EDGE_CURVE('',#3125,#3126,#1558,.T.);
#3622=EDGE_CURVE('',#3126,#3127,#1559,.T.);
#3623=EDGE_CURVE('',#3119,#3127,#1560,.T.);
#3624=EDGE_CURVE('',#3127,#3124,#1561,.T.);
#3625=EDGE_CURVE('',#3126,#3122,#1562,.T.);
#3626=EDGE_CURVE('',#3128,#3128,#2968,.T.);
#3627=EDGE_CURVE('',#3128,#3129,#1563,.T.);
#3628=EDGE_CURVE('',#3129,#3129,#2969,.T.);
#3629=EDGE_CURVE('',#3130,#3131,#1564,.T.);
#3630=EDGE_CURVE('',#3131,#3124,#1565,.T.);
#3631=EDGE_CURVE('',#3124,#3132,#1566,.T.);
#3632=EDGE_CURVE('',#3130,#3132,#1567,.T.);
#3633=EDGE_CURVE('',#3131,#3133,#1568,.T.);
#3634=EDGE_CURVE('',#3133,#3127,#1569,.T.);
#3635=EDGE_CURVE('',#3133,#3134,#1570,.T.);
#3636=EDGE_CURVE('',#3134,#3135,#1571,.T.);
#3637=EDGE_CURVE('',#3127,#3135,#1572,.T.);
#3638=EDGE_CURVE('',#3135,#3132,#1573,.T.);
#3639=EDGE_CURVE('',#3134,#3130,#1574,.T.);
#3640=EDGE_CURVE('',#3136,#3136,#2970,.T.);
#3641=EDGE_CURVE('',#3136,#3137,#1575,.T.);
#3642=EDGE_CURVE('',#3137,#3137,#2971,.T.);
#3643=EDGE_CURVE('',#3138,#3139,#1576,.T.);
#3644=EDGE_CURVE('',#3139,#3132,#1577,.T.);
#3645=EDGE_CURVE('',#3132,#3140,#1578,.T.);
#3646=EDGE_CURVE('',#3138,#3140,#1579,.T.);
#3647=EDGE_CURVE('',#3139,#3141,#1580,.T.);
#3648=EDGE_CURVE('',#3141,#3135,#1581,.T.);
#3649=EDGE_CURVE('',#3141,#3142,#1582,.T.);
#3650=EDGE_CURVE('',#3142,#3143,#1583,.T.);
#3651=EDGE_CURVE('',#3135,#3143,#1584,.T.);
#3652=EDGE_CURVE('',#3143,#3140,#1585,.T.);
#3653=EDGE_CURVE('',#3142,#3138,#1586,.T.);
#3654=EDGE_CURVE('',#3144,#3144,#2972,.T.);
#3655=EDGE_CURVE('',#3144,#3145,#1587,.T.);
#3656=EDGE_CURVE('',#3145,#3145,#2973,.T.);
#3657=EDGE_CURVE('',#3146,#3147,#1588,.T.);
#3658=EDGE_CURVE('',#3147,#3140,#1589,.T.);
#3659=EDGE_CURVE('',#3140,#3148,#1590,.T.);
#3660=EDGE_CURVE('',#3146,#3148,#1591,.T.);
#3661=EDGE_CURVE('',#3147,#3149,#1592,.T.);
#3662=EDGE_CURVE('',#3149,#3143,#1593,.T.);
#3663=EDGE_CURVE('',#3149,#3150,#1594,.T.);
#3664=EDGE_CURVE('',#3150,#3151,#1595,.T.);
#3665=EDGE_CURVE('',#3143,#3151,#1596,.T.);
#3666=EDGE_CURVE('',#3148,#3151,#1597,.T.);
#3667=EDGE_CURVE('',#3150,#3146,#1598,.T.);
#3668=EDGE_CURVE('',#3152,#3090,#1599,.T.);
#3669=EDGE_CURVE('',#3152,#3153,#1600,.T.);
#3670=EDGE_CURVE('',#3153,#3148,#1601,.T.);
#3671=EDGE_CURVE('',#3154,#3154,#2974,.T.);
#3672=EDGE_CURVE('',#3154,#3155,#1602,.T.);
#3673=EDGE_CURVE('',#3155,#3155,#2975,.T.);
#3674=EDGE_CURVE('',#3156,#3157,#1603,.T.);
#3675=EDGE_CURVE('',#3157,#3093,#1604,.T.);
#3676=EDGE_CURVE('',#3156,#3095,#1605,.T.);
#3677=EDGE_CURVE('',#3157,#3158,#1606,.T.);
#3678=EDGE_CURVE('',#3158,#3159,#1607,.T.);
#3679=EDGE_CURVE('',#3159,#3093,#1608,.T.);
#3680=EDGE_CURVE('',#3158,#3160,#1609,.T.);
#3681=EDGE_CURVE('',#3160,#3161,#1610,.T.);
#3682=EDGE_CURVE('',#3159,#3161,#1611,.T.);
#3683=EDGE_CURVE('',#3161,#3095,#1612,.T.);
#3684=EDGE_CURVE('',#3160,#3156,#1613,.T.);
#3685=EDGE_CURVE('',#3162,#3162,#2976,.T.);
#3686=EDGE_CURVE('',#3162,#3163,#1614,.T.);
#3687=EDGE_CURVE('',#3163,#3163,#2977,.T.);
#3688=EDGE_CURVE('',#3164,#3165,#1615,.T.);
#3689=EDGE_CURVE('',#3165,#3095,#1616,.T.);
#3690=EDGE_CURVE('',#3164,#3103,#1617,.T.);
#3691=EDGE_CURVE('',#3165,#3166,#1618,.T.);
#3692=EDGE_CURVE('',#3166,#3161,#1619,.T.);
#3693=EDGE_CURVE('',#3166,#3167,#1620,.T.);
#3694=EDGE_CURVE('',#3167,#3168,#1621,.T.);
#3695=EDGE_CURVE('',#3161,#3168,#1622,.T.);
#3696=EDGE_CURVE('',#3168,#3103,#1623,.T.);
#3697=EDGE_CURVE('',#3167,#3164,#1624,.T.);
#3698=EDGE_CURVE('',#3169,#3169,#2978,.T.);
#3699=EDGE_CURVE('',#3169,#3170,#1625,.T.);
#3700=EDGE_CURVE('',#3170,#3170,#2979,.T.);
#3701=EDGE_CURVE('',#3171,#3172,#1626,.T.);
#3702=EDGE_CURVE('',#3172,#3103,#1627,.T.);
#3703=EDGE_CURVE('',#3171,#3111,#1628,.T.);
#3704=EDGE_CURVE('',#3172,#3173,#1629,.T.);
#3705=EDGE_CURVE('',#3173,#3168,#1630,.T.);
#3706=EDGE_CURVE('',#3173,#3174,#1631,.T.);
#3707=EDGE_CURVE('',#3174,#3175,#1632,.T.);
#3708=EDGE_CURVE('',#3168,#3175,#1633,.T.);
#3709=EDGE_CURVE('',#3175,#3111,#1634,.T.);
#3710=EDGE_CURVE('',#3174,#3171,#1635,.T.);
#3711=EDGE_CURVE('',#3176,#3176,#2980,.T.);
#3712=EDGE_CURVE('',#3176,#3177,#1636,.T.);
#3713=EDGE_CURVE('',#3177,#3177,#2981,.T.);
#3714=EDGE_CURVE('',#3178,#3179,#1637,.T.);
#3715=EDGE_CURVE('',#3179,#3111,#1638,.T.);
#3716=EDGE_CURVE('',#3178,#3119,#1639,.T.);
#3717=EDGE_CURVE('',#3179,#3180,#1640,.T.);
#3718=EDGE_CURVE('',#3180,#3175,#1641,.T.);
#3719=EDGE_CURVE('',#3180,#3181,#1642,.T.);
#3720=EDGE_CURVE('',#3181,#3182,#1643,.T.);
#3721=EDGE_CURVE('',#3175,#3182,#1644,.T.);
#3722=EDGE_CURVE('',#3182,#3119,#1645,.T.);
#3723=EDGE_CURVE('',#3181,#3178,#1646,.T.);
#3724=EDGE_CURVE('',#3183,#3183,#2982,.T.);
#3725=EDGE_CURVE('',#3183,#3184,#1647,.T.);
#3726=EDGE_CURVE('',#3184,#3184,#2983,.T.);
#3727=EDGE_CURVE('',#3185,#3186,#1648,.T.);
#3728=EDGE_CURVE('',#3186,#3119,#1649,.T.);
#3729=EDGE_CURVE('',#3185,#3127,#1650,.T.);
#3730=EDGE_CURVE('',#3186,#3187,#1651,.T.);
#3731=EDGE_CURVE('',#3187,#3182,#1652,.T.);
#3732=EDGE_CURVE('',#3187,#3188,#1653,.T.);
#3733=EDGE_CURVE('',#3188,#3189,#1654,.T.);
#3734=EDGE_CURVE('',#3182,#3189,#1655,.T.);
#3735=EDGE_CURVE('',#3189,#3127,#1656,.T.);
#3736=EDGE_CURVE('',#3188,#3185,#1657,.T.);
#3737=EDGE_CURVE('',#3190,#3190,#2984,.T.);
#3738=EDGE_CURVE('',#3190,#3191,#1658,.T.);
#3739=EDGE_CURVE('',#3191,#3191,#2985,.T.);
#3740=EDGE_CURVE('',#3192,#3193,#1659,.T.);
#3741=EDGE_CURVE('',#3193,#3127,#1660,.T.);
#3742=EDGE_CURVE('',#3192,#3135,#1661,.T.);
#3743=EDGE_CURVE('',#3193,#3194,#1662,.T.);
#3744=EDGE_CURVE('',#3194,#3189,#1663,.T.);
#3745=EDGE_CURVE('',#3194,#3195,#1664,.T.);
#3746=EDGE_CURVE('',#3195,#3196,#1665,.T.);
#3747=EDGE_CURVE('',#3189,#3196,#1666,.T.);
#3748=EDGE_CURVE('',#3196,#3135,#1667,.T.);
#3749=EDGE_CURVE('',#3195,#3192,#1668,.T.);
#3750=EDGE_CURVE('',#3197,#3197,#2986,.T.);
#3751=EDGE_CURVE('',#3197,#3198,#1669,.T.);
#3752=EDGE_CURVE('',#3198,#3198,#2987,.T.);
#3753=EDGE_CURVE('',#3199,#3200,#1670,.T.);
#3754=EDGE_CURVE('',#3200,#3135,#1671,.T.);
#3755=EDGE_CURVE('',#3199,#3143,#1672,.T.);
#3756=EDGE_CURVE('',#3200,#3201,#1673,.T.);
#3757=EDGE_CURVE('',#3201,#3196,#1674,.T.);
#3758=EDGE_CURVE('',#3201,#3202,#1675,.T.);
#3759=EDGE_CURVE('',#3202,#3203,#1676,.T.);
#3760=EDGE_CURVE('',#3196,#3203,#1677,.T.);
#3761=EDGE_CURVE('',#3203,#3143,#1678,.T.);
#3762=EDGE_CURVE('',#3202,#3199,#1679,.T.);
#3763=EDGE_CURVE('',#3204,#3204,#2988,.T.);
#3764=EDGE_CURVE('',#3204,#3205,#1680,.T.);
#3765=EDGE_CURVE('',#3205,#3205,#2989,.T.);
#3766=EDGE_CURVE('',#3206,#3207,#1681,.T.);
#3767=EDGE_CURVE('',#3207,#3143,#1682,.T.);
#3768=EDGE_CURVE('',#3206,#3151,#1683,.T.);
#3769=EDGE_CURVE('',#3207,#3208,#1684,.T.);
#3770=EDGE_CURVE('',#3208,#3203,#1685,.T.);
#3771=EDGE_CURVE('',#3208,#3209,#1686,.T.);
#3772=EDGE_CURVE('',#3209,#3210,#1687,.T.);
#3773=EDGE_CURVE('',#3203,#3210,#1688,.T.);
#3774=EDGE_CURVE('',#3151,#3210,#1689,.T.);
#3775=EDGE_CURVE('',#3209,#3206,#1690,.T.);
#3776=EDGE_CURVE('',#3211,#3211,#2990,.T.);
#3777=EDGE_CURVE('',#3211,#3212,#1691,.T.);
#3778=EDGE_CURVE('',#3212,#3212,#2991,.T.);
#3779=EDGE_CURVE('',#3213,#3214,#1692,.T.);
#3780=EDGE_CURVE('',#3214,#3159,#1693,.T.);
#3781=EDGE_CURVE('',#3213,#3161,#1694,.T.);
#3782=EDGE_CURVE('',#3214,#3215,#1695,.T.);
#3783=EDGE_CURVE('',#3215,#3216,#1696,.T.);
#3784=EDGE_CURVE('',#3216,#3159,#1697,.T.);
#3785=EDGE_CURVE('',#3215,#3217,#1698,.T.);
#3786=EDGE_CURVE('',#3217,#3218,#1699,.T.);
#3787=EDGE_CURVE('',#3216,#3218,#1700,.T.);
#3788=EDGE_CURVE('',#3218,#3161,#1701,.T.);
#3789=EDGE_CURVE('',#3217,#3213,#1702,.T.);
#3790=EDGE_CURVE('',#3219,#3219,#2992,.T.);
#3791=EDGE_CURVE('',#3219,#3220,#1703,.T.);
#3792=EDGE_CURVE('',#3220,#3220,#2993,.T.);
#3793=EDGE_CURVE('',#3221,#3222,#1704,.T.);
#3794=EDGE_CURVE('',#3222,#3161,#1705,.T.);
#3795=EDGE_CURVE('',#3221,#3168,#1706,.T.);
#3796=EDGE_CURVE('',#3222,#3223,#1707,.T.);
#3797=EDGE_CURVE('',#3223,#3218,#1708,.T.);
#3798=EDGE_CURVE('',#3223,#3224,#1709,.T.);
#3799=EDGE_CURVE('',#3224,#3225,#1710,.T.);
#3800=EDGE_CURVE('',#3218,#3225,#1711,.T.);
#3801=EDGE_CURVE('',#3225,#3168,#1712,.T.);
#3802=EDGE_CURVE('',#3224,#3221,#1713,.T.);
#3803=EDGE_CURVE('',#3226,#3226,#2994,.T.);
#3804=EDGE_CURVE('',#3226,#3227,#1714,.T.);
#3805=EDGE_CURVE('',#3227,#3227,#2995,.T.);
#3806=EDGE_CURVE('',#3228,#3229,#1715,.T.);
#3807=EDGE_CURVE('',#3229,#3168,#1716,.T.);
#3808=EDGE_CURVE('',#3228,#3175,#1717,.T.);
#3809=EDGE_CURVE('',#3229,#3230,#1718,.T.);
#3810=EDGE_CURVE('',#3230,#3225,#1719,.T.);
#3811=EDGE_CURVE('',#3230,#3231,#1720,.T.);
#3812=EDGE_CURVE('',#3231,#3232,#1721,.T.);
#3813=EDGE_CURVE('',#3225,#3232,#1722,.T.);
#3814=EDGE_CURVE('',#3232,#3175,#1723,.T.);
#3815=EDGE_CURVE('',#3231,#3228,#1724,.T.);
#3816=EDGE_CURVE('',#3233,#3233,#2996,.T.);
#3817=EDGE_CURVE('',#3233,#3234,#1725,.T.);
#3818=EDGE_CURVE('',#3234,#3234,#2997,.T.);
#3819=EDGE_CURVE('',#3235,#3236,#1726,.T.);
#3820=EDGE_CURVE('',#3236,#3175,#1727,.T.);
#3821=EDGE_CURVE('',#3235,#3182,#1728,.T.);
#3822=EDGE_CURVE('',#3236,#3237,#1729,.T.);
#3823=EDGE_CURVE('',#3237,#3232,#1730,.T.);
#3824=EDGE_CURVE('',#3237,#3238,#1731,.T.);
#3825=EDGE_CURVE('',#3238,#3239,#1732,.T.);
#3826=EDGE_CURVE('',#3232,#3239,#1733,.T.);
#3827=EDGE_CURVE('',#3239,#3182,#1734,.T.);
#3828=EDGE_CURVE('',#3238,#3235,#1735,.T.);
#3829=EDGE_CURVE('',#3240,#3240,#2998,.T.);
#3830=EDGE_CURVE('',#3240,#3241,#1736,.T.);
#3831=EDGE_CURVE('',#3241,#3241,#2999,.T.);
#3832=EDGE_CURVE('',#3242,#3243,#1737,.T.);
#3833=EDGE_CURVE('',#3243,#3182,#1738,.T.);
#3834=EDGE_CURVE('',#3242,#3189,#1739,.T.);
#3835=EDGE_CURVE('',#3243,#3244,#1740,.T.);
#3836=EDGE_CURVE('',#3244,#3239,#1741,.T.);
#3837=EDGE_CURVE('',#3244,#3245,#1742,.T.);
#3838=EDGE_CURVE('',#3245,#3246,#1743,.T.);
#3839=EDGE_CURVE('',#3239,#3246,#1744,.T.);
#3840=EDGE_CURVE('',#3246,#3189,#1745,.T.);
#3841=EDGE_CURVE('',#3245,#3242,#1746,.T.);
#3842=EDGE_CURVE('',#3247,#3247,#3000,.T.);
#3843=EDGE_CURVE('',#3247,#3248,#1747,.T.);
#3844=EDGE_CURVE('',#3248,#3248,#3001,.T.);
#3845=EDGE_CURVE('',#3249,#3250,#1748,.T.);
#3846=EDGE_CURVE('',#3250,#3189,#1749,.T.);
#3847=EDGE_CURVE('',#3249,#3196,#1750,.T.);
#3848=EDGE_CURVE('',#3250,#3251,#1751,.T.);
#3849=EDGE_CURVE('',#3251,#3246,#1752,.T.);
#3850=EDGE_CURVE('',#3251,#3252,#1753,.T.);
#3851=EDGE_CURVE('',#3252,#3253,#1754,.T.);
#3852=EDGE_CURVE('',#3246,#3253,#1755,.T.);
#3853=EDGE_CURVE('',#3253,#3196,#1756,.T.);
#3854=EDGE_CURVE('',#3252,#3249,#1757,.T.);
#3855=EDGE_CURVE('',#3254,#3254,#3002,.T.);
#3856=EDGE_CURVE('',#3254,#3255,#1758,.T.);
#3857=EDGE_CURVE('',#3255,#3255,#3003,.T.);
#3858=EDGE_CURVE('',#3256,#3257,#1759,.T.);
#3859=EDGE_CURVE('',#3257,#3196,#1760,.T.);
#3860=EDGE_CURVE('',#3256,#3203,#1761,.T.);
#3861=EDGE_CURVE('',#3257,#3258,#1762,.T.);
#3862=EDGE_CURVE('',#3258,#3253,#1763,.T.);
#3863=EDGE_CURVE('',#3258,#3259,#1764,.T.);
#3864=EDGE_CURVE('',#3259,#3260,#1765,.T.);
#3865=EDGE_CURVE('',#3253,#3260,#1766,.T.);
#3866=EDGE_CURVE('',#3260,#3203,#1767,.T.);
#3867=EDGE_CURVE('',#3259,#3256,#1768,.T.);
#3868=EDGE_CURVE('',#3261,#3261,#3004,.T.);
#3869=EDGE_CURVE('',#3261,#3262,#1769,.T.);
#3870=EDGE_CURVE('',#3262,#3262,#3005,.T.);
#3871=EDGE_CURVE('',#3263,#3264,#1770,.T.);
#3872=EDGE_CURVE('',#3264,#3203,#1771,.T.);
#3873=EDGE_CURVE('',#3263,#3210,#1772,.T.);
#3874=EDGE_CURVE('',#3264,#3265,#1773,.T.);
#3875=EDGE_CURVE('',#3265,#3260,#1774,.T.);
#3876=EDGE_CURVE('',#3265,#3266,#1775,.T.);
#3877=EDGE_CURVE('',#3266,#3267,#1776,.T.);
#3878=EDGE_CURVE('',#3260,#3267,#1777,.T.);
#3879=EDGE_CURVE('',#3210,#3267,#1778,.T.);
#3880=EDGE_CURVE('',#3266,#3263,#1779,.T.);
#3881=EDGE_CURVE('',#3268,#3268,#3006,.T.);
#3882=EDGE_CURVE('',#3268,#3269,#1780,.T.);
#3883=EDGE_CURVE('',#3269,#3269,#3007,.T.);
#3884=EDGE_CURVE('',#3270,#3271,#1781,.T.);
#3885=EDGE_CURVE('',#3271,#3216,#1782,.T.);
#3886=EDGE_CURVE('',#3270,#3218,#1783,.T.);
#3887=EDGE_CURVE('',#3271,#3272,#1784,.T.);
#3888=EDGE_CURVE('',#3272,#3273,#1785,.T.);
#3889=EDGE_CURVE('',#3273,#3216,#1786,.T.);
#3890=EDGE_CURVE('',#3272,#3274,#1787,.T.);
#3891=EDGE_CURVE('',#3274,#3275,#1788,.T.);
#3892=EDGE_CURVE('',#3273,#3275,#1789,.T.);
#3893=EDGE_CURVE('',#3275,#3218,#1790,.T.);
#3894=EDGE_CURVE('',#3274,#3270,#1791,.T.);
#3895=EDGE_CURVE('',#3276,#3276,#3008,.T.);
#3896=EDGE_CURVE('',#3276,#3277,#1792,.T.);
#3897=EDGE_CURVE('',#3277,#3277,#3009,.T.);
#3898=EDGE_CURVE('',#3278,#3279,#1793,.T.);
#3899=EDGE_CURVE('',#3279,#3218,#1794,.T.);
#3900=EDGE_CURVE('',#3278,#3225,#1795,.T.);
#3901=EDGE_CURVE('',#3279,#3280,#1796,.T.);
#3902=EDGE_CURVE('',#3280,#3275,#1797,.T.);
#3903=EDGE_CURVE('',#3280,#3281,#1798,.T.);
#3904=EDGE_CURVE('',#3281,#3282,#1799,.T.);
#3905=EDGE_CURVE('',#3275,#3282,#1800,.T.);
#3906=EDGE_CURVE('',#3282,#3225,#1801,.T.);
#3907=EDGE_CURVE('',#3281,#3278,#1802,.T.);
#3908=EDGE_CURVE('',#3283,#3283,#3010,.T.);
#3909=EDGE_CURVE('',#3283,#3284,#1803,.T.);
#3910=EDGE_CURVE('',#3284,#3284,#3011,.T.);
#3911=EDGE_CURVE('',#3285,#3286,#1804,.T.);
#3912=EDGE_CURVE('',#3286,#3225,#1805,.T.);
#3913=EDGE_CURVE('',#3285,#3232,#1806,.T.);
#3914=EDGE_CURVE('',#3286,#3287,#1807,.T.);
#3915=EDGE_CURVE('',#3287,#3282,#1808,.T.);
#3916=EDGE_CURVE('',#3287,#3288,#1809,.T.);
#3917=EDGE_CURVE('',#3288,#3289,#1810,.T.);
#3918=EDGE_CURVE('',#3282,#3289,#1811,.T.);
#3919=EDGE_CURVE('',#3289,#3232,#1812,.T.);
#3920=EDGE_CURVE('',#3288,#3285,#1813,.T.);
#3921=EDGE_CURVE('',#3290,#3290,#3012,.T.);
#3922=EDGE_CURVE('',#3290,#3291,#1814,.T.);
#3923=EDGE_CURVE('',#3291,#3291,#3013,.T.);
#3924=EDGE_CURVE('',#3292,#3293,#1815,.T.);
#3925=EDGE_CURVE('',#3293,#3232,#1816,.T.);
#3926=EDGE_CURVE('',#3292,#3239,#1817,.T.);
#3927=EDGE_CURVE('',#3293,#3294,#1818,.T.);
#3928=EDGE_CURVE('',#3294,#3289,#1819,.T.);
#3929=EDGE_CURVE('',#3294,#3295,#1820,.T.);
#3930=EDGE_CURVE('',#3295,#3296,#1821,.T.);
#3931=EDGE_CURVE('',#3289,#3296,#1822,.T.);
#3932=EDGE_CURVE('',#3296,#3239,#1823,.T.);
#3933=EDGE_CURVE('',#3295,#3292,#1824,.T.);
#3934=EDGE_CURVE('',#3297,#3297,#3014,.T.);
#3935=EDGE_CURVE('',#3297,#3298,#1825,.T.);
#3936=EDGE_CURVE('',#3298,#3298,#3015,.T.);
#3937=EDGE_CURVE('',#3299,#3300,#1826,.T.);
#3938=EDGE_CURVE('',#3300,#3239,#1827,.T.);
#3939=EDGE_CURVE('',#3299,#3246,#1828,.T.);
#3940=EDGE_CURVE('',#3300,#3301,#1829,.T.);
#3941=EDGE_CURVE('',#3301,#3296,#1830,.T.);
#3942=EDGE_CURVE('',#3301,#3302,#1831,.T.);
#3943=EDGE_CURVE('',#3302,#3303,#1832,.T.);
#3944=EDGE_CURVE('',#3296,#3303,#1833,.T.);
#3945=EDGE_CURVE('',#3303,#3246,#1834,.T.);
#3946=EDGE_CURVE('',#3302,#3299,#1835,.T.);
#3947=EDGE_CURVE('',#3304,#3304,#3016,.T.);
#3948=EDGE_CURVE('',#3304,#3305,#1836,.T.);
#3949=EDGE_CURVE('',#3305,#3305,#3017,.T.);
#3950=EDGE_CURVE('',#3306,#3307,#1837,.T.);
#3951=EDGE_CURVE('',#3307,#3246,#1838,.T.);
#3952=EDGE_CURVE('',#3306,#3253,#1839,.T.);
#3953=EDGE_CURVE('',#3307,#3308,#1840,.T.);
#3954=EDGE_CURVE('',#3308,#3303,#1841,.T.);
#3955=EDGE_CURVE('',#3308,#3309,#1842,.T.);
#3956=EDGE_CURVE('',#3309,#3310,#1843,.T.);
#3957=EDGE_CURVE('',#3303,#3310,#1844,.T.);
#3958=EDGE_CURVE('',#3310,#3253,#1845,.T.);
#3959=EDGE_CURVE('',#3309,#3306,#1846,.T.);
#3960=EDGE_CURVE('',#3311,#3311,#3018,.T.);
#3961=EDGE_CURVE('',#3311,#3312,#1847,.T.);
#3962=EDGE_CURVE('',#3312,#3312,#3019,.T.);
#3963=EDGE_CURVE('',#3313,#3314,#1848,.T.);
#3964=EDGE_CURVE('',#3314,#3253,#1849,.T.);
#3965=EDGE_CURVE('',#3313,#3260,#1850,.T.);
#3966=EDGE_CURVE('',#3314,#3315,#1851,.T.);
#3967=EDGE_CURVE('',#3315,#3310,#1852,.T.);
#3968=EDGE_CURVE('',#3315,#3316,#1853,.T.);
#3969=EDGE_CURVE('',#3316,#3317,#1854,.T.);
#3970=EDGE_CURVE('',#3310,#3317,#1855,.T.);
#3971=EDGE_CURVE('',#3317,#3260,#1856,.T.);
#3972=EDGE_CURVE('',#3316,#3313,#1857,.T.);
#3973=EDGE_CURVE('',#3318,#3318,#3020,.T.);
#3974=EDGE_CURVE('',#3318,#3319,#1858,.T.);
#3975=EDGE_CURVE('',#3319,#3319,#3021,.T.);
#3976=EDGE_CURVE('',#3320,#3321,#1859,.T.);
#3977=EDGE_CURVE('',#3321,#3260,#1860,.T.);
#3978=EDGE_CURVE('',#3320,#3267,#1861,.T.);
#3979=EDGE_CURVE('',#3321,#3322,#1862,.T.);
#3980=EDGE_CURVE('',#3322,#3317,#1863,.T.);
#3981=EDGE_CURVE('',#3322,#3323,#1864,.T.);
#3982=EDGE_CURVE('',#3323,#3324,#1865,.T.);
#3983=EDGE_CURVE('',#3317,#3324,#1866,.T.);
#3984=EDGE_CURVE('',#3267,#3324,#1867,.T.);
#3985=EDGE_CURVE('',#3323,#3320,#1868,.T.);
#3986=EDGE_CURVE('',#3325,#3325,#3022,.T.);
#3987=EDGE_CURVE('',#3325,#3326,#1869,.T.);
#3988=EDGE_CURVE('',#3326,#3326,#3023,.T.);
#3989=EDGE_CURVE('',#3327,#3328,#1870,.T.);
#3990=EDGE_CURVE('',#3328,#3273,#1871,.T.);
#3991=EDGE_CURVE('',#3327,#3275,#1872,.T.);
#3992=EDGE_CURVE('',#3328,#3329,#1873,.T.);
#3993=EDGE_CURVE('',#3329,#3330,#1874,.T.);
#3994=EDGE_CURVE('',#3330,#3273,#1875,.T.);
#3995=EDGE_CURVE('',#3329,#3331,#1876,.T.);
#3996=EDGE_CURVE('',#3331,#3332,#1877,.T.);
#3997=EDGE_CURVE('',#3330,#3332,#1878,.T.);
#3998=EDGE_CURVE('',#3332,#3275,#1879,.T.);
#3999=EDGE_CURVE('',#3331,#3327,#1880,.T.);
#4000=EDGE_CURVE('',#3333,#3333,#3024,.T.);
#4001=EDGE_CURVE('',#3333,#3334,#1881,.T.);
#4002=EDGE_CURVE('',#3334,#3334,#3025,.T.);
#4003=EDGE_CURVE('',#3335,#3336,#1882,.T.);
#4004=EDGE_CURVE('',#3336,#3275,#1883,.T.);
#4005=EDGE_CURVE('',#3335,#3282,#1884,.T.);
#4006=EDGE_CURVE('',#3336,#3337,#1885,.T.);
#4007=EDGE_CURVE('',#3337,#3332,#1886,.T.);
#4008=EDGE_CURVE('',#3337,#3338,#1887,.T.);
#4009=EDGE_CURVE('',#3338,#3339,#1888,.T.);
#4010=EDGE_CURVE('',#3332,#3339,#1889,.T.);
#4011=EDGE_CURVE('',#3339,#3282,#1890,.T.);
#4012=EDGE_CURVE('',#3338,#3335,#1891,.T.);
#4013=EDGE_CURVE('',#3340,#3340,#3026,.T.);
#4014=EDGE_CURVE('',#3340,#3341,#1892,.T.);
#4015=EDGE_CURVE('',#3341,#3341,#3027,.T.);
#4016=EDGE_CURVE('',#3342,#3343,#1893,.T.);
#4017=EDGE_CURVE('',#3343,#3282,#1894,.T.);
#4018=EDGE_CURVE('',#3342,#3289,#1895,.T.);
#4019=EDGE_CURVE('',#3343,#3344,#1896,.T.);
#4020=EDGE_CURVE('',#3344,#3339,#1897,.T.);
#4021=EDGE_CURVE('',#3344,#3345,#1898,.T.);
#4022=EDGE_CURVE('',#3345,#3346,#1899,.T.);
#4023=EDGE_CURVE('',#3339,#3346,#1900,.T.);
#4024=EDGE_CURVE('',#3346,#3289,#1901,.T.);
#4025=EDGE_CURVE('',#3345,#3342,#1902,.T.);
#4026=EDGE_CURVE('',#3347,#3347,#3028,.T.);
#4027=EDGE_CURVE('',#3347,#3348,#1903,.T.);
#4028=EDGE_CURVE('',#3348,#3348,#3029,.T.);
#4029=EDGE_CURVE('',#3349,#3350,#1904,.T.);
#4030=EDGE_CURVE('',#3350,#3289,#1905,.T.);
#4031=EDGE_CURVE('',#3349,#3296,#1906,.T.);
#4032=EDGE_CURVE('',#3350,#3351,#1907,.T.);
#4033=EDGE_CURVE('',#3351,#3346,#1908,.T.);
#4034=EDGE_CURVE('',#3351,#3352,#1909,.T.);
#4035=EDGE_CURVE('',#3352,#3353,#1910,.T.);
#4036=EDGE_CURVE('',#3346,#3353,#1911,.T.);
#4037=EDGE_CURVE('',#3353,#3296,#1912,.T.);
#4038=EDGE_CURVE('',#3352,#3349,#1913,.T.);
#4039=EDGE_CURVE('',#3354,#3354,#3030,.T.);
#4040=EDGE_CURVE('',#3354,#3355,#1914,.T.);
#4041=EDGE_CURVE('',#3355,#3355,#3031,.T.);
#4042=EDGE_CURVE('',#3356,#3357,#1915,.T.);
#4043=EDGE_CURVE('',#3357,#3296,#1916,.T.);
#4044=EDGE_CURVE('',#3356,#3303,#1917,.T.);
#4045=EDGE_CURVE('',#3357,#3358,#1918,.T.);
#4046=EDGE_CURVE('',#3358,#3353,#1919,.T.);
#4047=EDGE_CURVE('',#3358,#3359,#1920,.T.);
#4048=EDGE_CURVE('',#3359,#3360,#1921,.T.);
#4049=EDGE_CURVE('',#3353,#3360,#1922,.T.);
#4050=EDGE_CURVE('',#3360,#3303,#1923,.T.);
#4051=EDGE_CURVE('',#3359,#3356,#1924,.T.);
#4052=EDGE_CURVE('',#3361,#3361,#3032,.T.);
#4053=EDGE_CURVE('',#3361,#3362,#1925,.T.);
#4054=EDGE_CURVE('',#3362,#3362,#3033,.T.);
#4055=EDGE_CURVE('',#3363,#3364,#1926,.T.);
#4056=EDGE_CURVE('',#3364,#3303,#1927,.T.);
#4057=EDGE_CURVE('',#3363,#3310,#1928,.T.);
#4058=EDGE_CURVE('',#3364,#3365,#1929,.T.);
#4059=EDGE_CURVE('',#3365,#3360,#1930,.T.);
#4060=EDGE_CURVE('',#3365,#3366,#1931,.T.);
#4061=EDGE_CURVE('',#3366,#3367,#1932,.T.);
#4062=EDGE_CURVE('',#3360,#3367,#1933,.T.);
#4063=EDGE_CURVE('',#3367,#3310,#1934,.T.);
#4064=EDGE_CURVE('',#3366,#3363,#1935,.T.);
#4065=EDGE_CURVE('',#3368,#3368,#3034,.T.);
#4066=EDGE_CURVE('',#3368,#3369,#1936,.T.);
#4067=EDGE_CURVE('',#3369,#3369,#3035,.T.);
#4068=EDGE_CURVE('',#3370,#3371,#1937,.T.);
#4069=EDGE_CURVE('',#3371,#3310,#1938,.T.);
#4070=EDGE_CURVE('',#3370,#3317,#1939,.T.);
#4071=EDGE_CURVE('',#3371,#3372,#1940,.T.);
#4072=EDGE_CURVE('',#3372,#3367,#1941,.T.);
#4073=EDGE_CURVE('',#3372,#3373,#1942,.T.);
#4074=EDGE_CURVE('',#3373,#3374,#1943,.T.);
#4075=EDGE_CURVE('',#3367,#3374,#1944,.T.);
#4076=EDGE_CURVE('',#3374,#3317,#1945,.T.);
#4077=EDGE_CURVE('',#3373,#3370,#1946,.T.);
#4078=EDGE_CURVE('',#3375,#3375,#3036,.T.);
#4079=EDGE_CURVE('',#3375,#3376,#1947,.T.);
#4080=EDGE_CURVE('',#3376,#3376,#3037,.T.);
#4081=EDGE_CURVE('',#3377,#3378,#1948,.T.);
#4082=EDGE_CURVE('',#3378,#3317,#1949,.T.);
#4083=EDGE_CURVE('',#3377,#3324,#1950,.T.);
#4084=EDGE_CURVE('',#3378,#3379,#1951,.T.);
#4085=EDGE_CURVE('',#3379,#3374,#1952,.T.);
#4086=EDGE_CURVE('',#3379,#3380,#1953,.T.);
#4087=EDGE_CURVE('',#3380,#3381,#1954,.T.);
#4088=EDGE_CURVE('',#3374,#3381,#1955,.T.);
#4089=EDGE_CURVE('',#3324,#3381,#1956,.T.);
#4090=EDGE_CURVE('',#3380,#3377,#1957,.T.);
#4091=EDGE_CURVE('',#3382,#3382,#3038,.T.);
#4092=EDGE_CURVE('',#3382,#3383,#1958,.T.);
#4093=EDGE_CURVE('',#3383,#3383,#3039,.T.);
#4094=EDGE_CURVE('',#3384,#3385,#1959,.T.);
#4095=EDGE_CURVE('',#3385,#3330,#1960,.T.);
#4096=EDGE_CURVE('',#3384,#3332,#1961,.T.);
#4097=EDGE_CURVE('',#3385,#3386,#1962,.T.);
#4098=EDGE_CURVE('',#3386,#3387,#1963,.T.);
#4099=EDGE_CURVE('',#3387,#3330,#1964,.T.);
#4100=EDGE_CURVE('',#3386,#3388,#1965,.T.);
#4101=EDGE_CURVE('',#3388,#3389,#1966,.T.);
#4102=EDGE_CURVE('',#3387,#3389,#1967,.T.);
#4103=EDGE_CURVE('',#3389,#3332,#1968,.T.);
#4104=EDGE_CURVE('',#3388,#3384,#1969,.T.);
#4105=EDGE_CURVE('',#3390,#3390,#3040,.T.);
#4106=EDGE_CURVE('',#3390,#3391,#1970,.T.);
#4107=EDGE_CURVE('',#3391,#3391,#3041,.T.);
#4108=EDGE_CURVE('',#3392,#3393,#1971,.T.);
#4109=EDGE_CURVE('',#3393,#3332,#1972,.T.);
#4110=EDGE_CURVE('',#3392,#3339,#1973,.T.);
#4111=EDGE_CURVE('',#3393,#3394,#1974,.T.);
#4112=EDGE_CURVE('',#3394,#3389,#1975,.T.);
#4113=EDGE_CURVE('',#3394,#3395,#1976,.T.);
#4114=EDGE_CURVE('',#3395,#3396,#1977,.T.);
#4115=EDGE_CURVE('',#3389,#3396,#1978,.T.);
#4116=EDGE_CURVE('',#3396,#3339,#1979,.T.);
#4117=EDGE_CURVE('',#3395,#3392,#1980,.T.);
#4118=EDGE_CURVE('',#3397,#3397,#3042,.T.);
#4119=EDGE_CURVE('',#3397,#3398,#1981,.T.);
#4120=EDGE_CURVE('',#3398,#3398,#3043,.T.);
#4121=EDGE_CURVE('',#3399,#3400,#1982,.T.);
#4122=EDGE_CURVE('',#3400,#3339,#1983,.T.);
#4123=EDGE_CURVE('',#3399,#3346,#1984,.T.);
#4124=EDGE_CURVE('',#3400,#3401,#1985,.T.);
#4125=EDGE_CURVE('',#3401,#3396,#1986,.T.);
#4126=EDGE_CURVE('',#3401,#3402,#1987,.T.);
#4127=EDGE_CURVE('',#3402,#3403,#1988,.T.);
#4128=EDGE_CURVE('',#3396,#3403,#1989,.T.);
#4129=EDGE_CURVE('',#3403,#3346,#1990,.T.);
#4130=EDGE_CURVE('',#3402,#3399,#1991,.T.);
#4131=EDGE_CURVE('',#3404,#3404,#3044,.T.);
#4132=EDGE_CURVE('',#3404,#3405,#1992,.T.);
#4133=EDGE_CURVE('',#3405,#3405,#3045,.T.);
#4134=EDGE_CURVE('',#3406,#3407,#1993,.T.);
#4135=EDGE_CURVE('',#3407,#3346,#1994,.T.);
#4136=EDGE_CURVE('',#3406,#3353,#1995,.T.);
#4137=EDGE_CURVE('',#3407,#3408,#1996,.T.);
#4138=EDGE_CURVE('',#3408,#3403,#1997,.T.);
#4139=EDGE_CURVE('',#3408,#3409,#1998,.T.);
#4140=EDGE_CURVE('',#3409,#3410,#1999,.T.);
#4141=EDGE_CURVE('',#3403,#3410,#2000,.T.);
#4142=EDGE_CURVE('',#3410,#3353,#2001,.T.);
#4143=EDGE_CURVE('',#3409,#3406,#2002,.T.);
#4144=EDGE_CURVE('',#3411,#3411,#3046,.T.);
#4145=EDGE_CURVE('',#3411,#3412,#2003,.T.);
#4146=EDGE_CURVE('',#3412,#3412,#3047,.T.);
#4147=EDGE_CURVE('',#3413,#3414,#2004,.T.);
#4148=EDGE_CURVE('',#3414,#3353,#2005,.T.);
#4149=EDGE_CURVE('',#3413,#3360,#2006,.T.);
#4150=EDGE_CURVE('',#3414,#3415,#2007,.T.);
#4151=EDGE_CURVE('',#3415,#3410,#2008,.T.);
#4152=EDGE_CURVE('',#3415,#3416,#2009,.T.);
#4153=EDGE_CURVE('',#3416,#3417,#2010,.T.);
#4154=EDGE_CURVE('',#3410,#3417,#2011,.T.);
#4155=EDGE_CURVE('',#3417,#3360,#2012,.T.);
#4156=EDGE_CURVE('',#3416,#3413,#2013,.T.);
#4157=EDGE_CURVE('',#3418,#3418,#3048,.T.);
#4158=EDGE_CURVE('',#3418,#3419,#2014,.T.);
#4159=EDGE_CURVE('',#3419,#3419,#3049,.T.);
#4160=EDGE_CURVE('',#3420,#3421,#2015,.T.);
#4161=EDGE_CURVE('',#3421,#3360,#2016,.T.);
#4162=EDGE_CURVE('',#3420,#3367,#2017,.T.);
#4163=EDGE_CURVE('',#3421,#3422,#2018,.T.);
#4164=EDGE_CURVE('',#3422,#3417,#2019,.T.);
#4165=EDGE_CURVE('',#3422,#3423,#2020,.T.);
#4166=EDGE_CURVE('',#3423,#3424,#2021,.T.);
#4167=EDGE_CURVE('',#3417,#3424,#2022,.T.);
#4168=EDGE_CURVE('',#3424,#3367,#2023,.T.);
#4169=EDGE_CURVE('',#3423,#3420,#2024,.T.);
#4170=EDGE_CURVE('',#3425,#3425,#3050,.T.);
#4171=EDGE_CURVE('',#3425,#3426,#2025,.T.);
#4172=EDGE_CURVE('',#3426,#3426,#3051,.T.);
#4173=EDGE_CURVE('',#3427,#3428,#2026,.T.);
#4174=EDGE_CURVE('',#3428,#3367,#2027,.T.);
#4175=EDGE_CURVE('',#3427,#3374,#2028,.T.);
#4176=EDGE_CURVE('',#3428,#3429,#2029,.T.);
#4177=EDGE_CURVE('',#3429,#3424,#2030,.T.);
#4178=EDGE_CURVE('',#3429,#3430,#2031,.T.);
#4179=EDGE_CURVE('',#3430,#3431,#2032,.T.);
#4180=EDGE_CURVE('',#3424,#3431,#2033,.T.);
#4181=EDGE_CURVE('',#3431,#3374,#2034,.T.);
#4182=EDGE_CURVE('',#3430,#3427,#2035,.T.);
#4183=EDGE_CURVE('',#3432,#3432,#3052,.T.);
#4184=EDGE_CURVE('',#3432,#3433,#2036,.T.);
#4185=EDGE_CURVE('',#3433,#3433,#3053,.T.);
#4186=EDGE_CURVE('',#3434,#3435,#2037,.T.);
#4187=EDGE_CURVE('',#3435,#3374,#2038,.T.);
#4188=EDGE_CURVE('',#3434,#3381,#2039,.T.);
#4189=EDGE_CURVE('',#3435,#3436,#2040,.T.);
#4190=EDGE_CURVE('',#3436,#3431,#2041,.T.);
#4191=EDGE_CURVE('',#3436,#3437,#2042,.T.);
#4192=EDGE_CURVE('',#3437,#3438,#2043,.T.);
#4193=EDGE_CURVE('',#3431,#3438,#2044,.T.);
#4194=EDGE_CURVE('',#3381,#3438,#2045,.T.);
#4195=EDGE_CURVE('',#3437,#3434,#2046,.T.);
#4196=EDGE_CURVE('',#3439,#3439,#3054,.T.);
#4197=EDGE_CURVE('',#3439,#3440,#2047,.T.);
#4198=EDGE_CURVE('',#3440,#3440,#3055,.T.);
#4199=EDGE_CURVE('',#3441,#3442,#2048,.T.);
#4200=EDGE_CURVE('',#3442,#3387,#2049,.T.);
#4201=EDGE_CURVE('',#3441,#3389,#2050,.T.);
#4202=EDGE_CURVE('',#3442,#3443,#2051,.T.);
#4203=EDGE_CURVE('',#3443,#3444,#2052,.T.);
#4204=EDGE_CURVE('',#3444,#3387,#2053,.T.);
#4205=EDGE_CURVE('',#3443,#3445,#2054,.T.);
#4206=EDGE_CURVE('',#3445,#3446,#2055,.T.);
#4207=EDGE_CURVE('',#3444,#3446,#2056,.T.);
#4208=EDGE_CURVE('',#3446,#3389,#2057,.T.);
#4209=EDGE_CURVE('',#3445,#3441,#2058,.T.);
#4210=EDGE_CURVE('',#3447,#3447,#3056,.T.);
#4211=EDGE_CURVE('',#3447,#3448,#2059,.T.);
#4212=EDGE_CURVE('',#3448,#3448,#3057,.T.);
#4213=EDGE_CURVE('',#3449,#3450,#2060,.T.);
#4214=EDGE_CURVE('',#3450,#3389,#2061,.T.);
#4215=EDGE_CURVE('',#3449,#3396,#2062,.T.);
#4216=EDGE_CURVE('',#3450,#3451,#2063,.T.);
#4217=EDGE_CURVE('',#3451,#3446,#2064,.T.);
#4218=EDGE_CURVE('',#3451,#3452,#2065,.T.);
#4219=EDGE_CURVE('',#3452,#3453,#2066,.T.);
#4220=EDGE_CURVE('',#3446,#3453,#2067,.T.);
#4221=EDGE_CURVE('',#3453,#3396,#2068,.T.);
#4222=EDGE_CURVE('',#3452,#3449,#2069,.T.);
#4223=EDGE_CURVE('',#3454,#3454,#3058,.T.);
#4224=EDGE_CURVE('',#3454,#3455,#2070,.T.);
#4225=EDGE_CURVE('',#3455,#3455,#3059,.T.);
#4226=EDGE_CURVE('',#3456,#3457,#2071,.T.);
#4227=EDGE_CURVE('',#3457,#3396,#2072,.T.);
#4228=EDGE_CURVE('',#3456,#3403,#2073,.T.);
#4229=EDGE_CURVE('',#3457,#3458,#2074,.T.);
#4230=EDGE_CURVE('',#3458,#3453,#2075,.T.);
#4231=EDGE_CURVE('',#3458,#3459,#2076,.T.);
#4232=EDGE_CURVE('',#3459,#3460,#2077,.T.);
#4233=EDGE_CURVE('',#3453,#3460,#2078,.T.);
#4234=EDGE_CURVE('',#3460,#3403,#2079,.T.);
#4235=EDGE_CURVE('',#3459,#3456,#2080,.T.);
#4236=EDGE_CURVE('',#3461,#3461,#3060,.T.);
#4237=EDGE_CURVE('',#3461,#3462,#2081,.T.);
#4238=EDGE_CURVE('',#3462,#3462,#3061,.T.);
#4239=EDGE_CURVE('',#3463,#3464,#2082,.T.);
#4240=EDGE_CURVE('',#3464,#3403,#2083,.T.);
#4241=EDGE_CURVE('',#3463,#3410,#2084,.T.);
#4242=EDGE_CURVE('',#3464,#3465,#2085,.T.);
#4243=EDGE_CURVE('',#3465,#3460,#2086,.T.);
#4244=EDGE_CURVE('',#3465,#3466,#2087,.T.);
#4245=EDGE_CURVE('',#3466,#3467,#2088,.T.);
#4246=EDGE_CURVE('',#3460,#3467,#2089,.T.);
#4247=EDGE_CURVE('',#3467,#3410,#2090,.T.);
#4248=EDGE_CURVE('',#3466,#3463,#2091,.T.);
#4249=EDGE_CURVE('',#3468,#3468,#3062,.T.);
#4250=EDGE_CURVE('',#3468,#3469,#2092,.T.);
#4251=EDGE_CURVE('',#3469,#3469,#3063,.T.);
#4252=EDGE_CURVE('',#3470,#3471,#2093,.T.);
#4253=EDGE_CURVE('',#3471,#3410,#2094,.T.);
#4254=EDGE_CURVE('',#3470,#3417,#2095,.T.);
#4255=EDGE_CURVE('',#3471,#3472,#2096,.T.);
#4256=EDGE_CURVE('',#3472,#3467,#2097,.T.);
#4257=EDGE_CURVE('',#3472,#3473,#2098,.T.);
#4258=EDGE_CURVE('',#3473,#3474,#2099,.T.);
#4259=EDGE_CURVE('',#3467,#3474,#2100,.T.);
#4260=EDGE_CURVE('',#3474,#3417,#2101,.T.);
#4261=EDGE_CURVE('',#3473,#3470,#2102,.T.);
#4262=EDGE_CURVE('',#3475,#3475,#3064,.T.);
#4263=EDGE_CURVE('',#3475,#3476,#2103,.T.);
#4264=EDGE_CURVE('',#3476,#3476,#3065,.T.);
#4265=EDGE_CURVE('',#3477,#3478,#2104,.T.);
#4266=EDGE_CURVE('',#3478,#3417,#2105,.T.);
#4267=EDGE_CURVE('',#3477,#3424,#2106,.T.);
#4268=EDGE_CURVE('',#3478,#3479,#2107,.T.);
#4269=EDGE_CURVE('',#3479,#3474,#2108,.T.);
#4270=EDGE_CURVE('',#3479,#3480,#2109,.T.);
#4271=EDGE_CURVE('',#3480,#3481,#2110,.T.);
#4272=EDGE_CURVE('',#3474,#3481,#2111,.T.);
#4273=EDGE_CURVE('',#3481,#3424,#2112,.T.);
#4274=EDGE_CURVE('',#3480,#3477,#2113,.T.);
#4275=EDGE_CURVE('',#3482,#3482,#3066,.T.);
#4276=EDGE_CURVE('',#3482,#3483,#2114,.T.);
#4277=EDGE_CURVE('',#3483,#3483,#3067,.T.);
#4278=EDGE_CURVE('',#3484,#3485,#2115,.T.);
#4279=EDGE_CURVE('',#3485,#3424,#2116,.T.);
#4280=EDGE_CURVE('',#3484,#3431,#2117,.T.);
#4281=EDGE_CURVE('',#3485,#3486,#2118,.T.);
#4282=EDGE_CURVE('',#3486,#3481,#2119,.T.);
#4283=EDGE_CURVE('',#3486,#3487,#2120,.T.);
#4284=EDGE_CURVE('',#3487,#3488,#2121,.T.);
#4285=EDGE_CURVE('',#3481,#3488,#2122,.T.);
#4286=EDGE_CURVE('',#3488,#3431,#2123,.T.);
#4287=EDGE_CURVE('',#3487,#3484,#2124,.T.);
#4288=EDGE_CURVE('',#3489,#3489,#3068,.T.);
#4289=EDGE_CURVE('',#3489,#3490,#2125,.T.);
#4290=EDGE_CURVE('',#3490,#3490,#3069,.T.);
#4291=EDGE_CURVE('',#3491,#3492,#2126,.T.);
#4292=EDGE_CURVE('',#3492,#3431,#2127,.T.);
#4293=EDGE_CURVE('',#3491,#3438,#2128,.T.);
#4294=EDGE_CURVE('',#3492,#3493,#2129,.T.);
#4295=EDGE_CURVE('',#3493,#3488,#2130,.T.);
#4296=EDGE_CURVE('',#3493,#3494,#2131,.T.);
#4297=EDGE_CURVE('',#3494,#3495,#2132,.T.);
#4298=EDGE_CURVE('',#3488,#3495,#2133,.T.);
#4299=EDGE_CURVE('',#3438,#3495,#2134,.T.);
#4300=EDGE_CURVE('',#3494,#3491,#2135,.T.);
#4301=EDGE_CURVE('',#3496,#3496,#3070,.T.);
#4302=EDGE_CURVE('',#3496,#3497,#2136,.T.);
#4303=EDGE_CURVE('',#3497,#3497,#3071,.T.);
#4304=EDGE_CURVE('',#3498,#3499,#2137,.T.);
#4305=EDGE_CURVE('',#3499,#3444,#2138,.T.);
#4306=EDGE_CURVE('',#3498,#3446,#2139,.T.);
#4307=EDGE_CURVE('',#3499,#3500,#2140,.T.);
#4308=EDGE_CURVE('',#3500,#3501,#2141,.T.);
#4309=EDGE_CURVE('',#3501,#3444,#2142,.T.);
#4310=EDGE_CURVE('',#3500,#3502,#2143,.T.);
#4311=EDGE_CURVE('',#3502,#3503,#2144,.T.);
#4312=EDGE_CURVE('',#3503,#3501,#2145,.T.);
#4313=EDGE_CURVE('',#3503,#3446,#2146,.T.);
#4314=EDGE_CURVE('',#3502,#3498,#2147,.T.);
#4315=EDGE_CURVE('',#3504,#3501,#2148,.T.);
#4316=EDGE_CURVE('',#3504,#3152,#2149,.T.);
#4317=EDGE_CURVE('',#3505,#3505,#3072,.T.);
#4318=EDGE_CURVE('',#3505,#3506,#2150,.T.);
#4319=EDGE_CURVE('',#3506,#3506,#3073,.T.);
#4320=EDGE_CURVE('',#3507,#3508,#2151,.T.);
#4321=EDGE_CURVE('',#3508,#3446,#2152,.T.);
#4322=EDGE_CURVE('',#3507,#3453,#2153,.T.);
#4323=EDGE_CURVE('',#3508,#3509,#2154,.T.);
#4324=EDGE_CURVE('',#3509,#3503,#2155,.T.);
#4325=EDGE_CURVE('',#3509,#3510,#2156,.T.);
#4326=EDGE_CURVE('',#3510,#3511,#2157,.T.);
#4327=EDGE_CURVE('',#3511,#3503,#2158,.T.);
#4328=EDGE_CURVE('',#3511,#3453,#2159,.T.);
#4329=EDGE_CURVE('',#3510,#3507,#2160,.T.);
#4330=EDGE_CURVE('',#3512,#3512,#3074,.T.);
#4331=EDGE_CURVE('',#3512,#3513,#2161,.T.);
#4332=EDGE_CURVE('',#3513,#3513,#3075,.T.);
#4333=EDGE_CURVE('',#3514,#3515,#2162,.T.);
#4334=EDGE_CURVE('',#3515,#3453,#2163,.T.);
#4335=EDGE_CURVE('',#3514,#3460,#2164,.T.);
#4336=EDGE_CURVE('',#3515,#3516,#2165,.T.);
#4337=EDGE_CURVE('',#3516,#3511,#2166,.T.);
#4338=EDGE_CURVE('',#3516,#3517,#2167,.T.);
#4339=EDGE_CURVE('',#3517,#3518,#2168,.T.);
#4340=EDGE_CURVE('',#3518,#3511,#2169,.T.);
#4341=EDGE_CURVE('',#3518,#3460,#2170,.T.);
#4342=EDGE_CURVE('',#3517,#3514,#2171,.T.);
#4343=EDGE_CURVE('',#3519,#3519,#3076,.T.);
#4344=EDGE_CURVE('',#3519,#3520,#2172,.T.);
#4345=EDGE_CURVE('',#3520,#3520,#3077,.T.);
#4346=EDGE_CURVE('',#3521,#3522,#2173,.T.);
#4347=EDGE_CURVE('',#3522,#3460,#2174,.T.);
#4348=EDGE_CURVE('',#3521,#3467,#2175,.T.);
#4349=EDGE_CURVE('',#3522,#3523,#2176,.T.);
#4350=EDGE_CURVE('',#3523,#3518,#2177,.T.);
#4351=EDGE_CURVE('',#3523,#3524,#2178,.T.);
#4352=EDGE_CURVE('',#3524,#3525,#2179,.T.);
#4353=EDGE_CURVE('',#3525,#3518,#2180,.T.);
#4354=EDGE_CURVE('',#3525,#3467,#2181,.T.);
#4355=EDGE_CURVE('',#3524,#3521,#2182,.T.);
#4356=EDGE_CURVE('',#3526,#3526,#3078,.T.);
#4357=EDGE_CURVE('',#3526,#3527,#2183,.T.);
#4358=EDGE_CURVE('',#3527,#3527,#3079,.T.);
#4359=EDGE_CURVE('',#3528,#3529,#2184,.T.);
#4360=EDGE_CURVE('',#3529,#3467,#2185,.T.);
#4361=EDGE_CURVE('',#3528,#3474,#2186,.T.);
#4362=EDGE_CURVE('',#3529,#3530,#2187,.T.);
#4363=EDGE_CURVE('',#3530,#3525,#2188,.T.);
#4364=EDGE_CURVE('',#3530,#3531,#2189,.T.);
#4365=EDGE_CURVE('',#3531,#3532,#2190,.T.);
#4366=EDGE_CURVE('',#3532,#3525,#2191,.T.);
#4367=EDGE_CURVE('',#3532,#3474,#2192,.T.);
#4368=EDGE_CURVE('',#3531,#3528,#2193,.T.);
#4369=EDGE_CURVE('',#3533,#3533,#3080,.T.);
#4370=EDGE_CURVE('',#3533,#3534,#2194,.T.);
#4371=EDGE_CURVE('',#3534,#3534,#3081,.T.);
#4372=EDGE_CURVE('',#3535,#3536,#2195,.T.);
#4373=EDGE_CURVE('',#3536,#3474,#2196,.T.);
#4374=EDGE_CURVE('',#3535,#3481,#2197,.T.);
#4375=EDGE_CURVE('',#3536,#3537,#2198,.T.);
#4376=EDGE_CURVE('',#3537,#3532,#2199,.T.);
#4377=EDGE_CURVE('',#3537,#3538,#2200,.T.);
#4378=EDGE_CURVE('',#3538,#3539,#2201,.T.);
#4379=EDGE_CURVE('',#3539,#3532,#2202,.T.);
#4380=EDGE_CURVE('',#3539,#3481,#2203,.T.);
#4381=EDGE_CURVE('',#3538,#3535,#2204,.T.);
#4382=EDGE_CURVE('',#3540,#3540,#3082,.T.);
#4383=EDGE_CURVE('',#3540,#3541,#2205,.T.);
#4384=EDGE_CURVE('',#3541,#3541,#3083,.T.);
#4385=EDGE_CURVE('',#3542,#3543,#2206,.T.);
#4386=EDGE_CURVE('',#3543,#3481,#2207,.T.);
#4387=EDGE_CURVE('',#3542,#3488,#2208,.T.);
#4388=EDGE_CURVE('',#3543,#3544,#2209,.T.);
#4389=EDGE_CURVE('',#3544,#3539,#2210,.T.);
#4390=EDGE_CURVE('',#3544,#3545,#2211,.T.);
#4391=EDGE_CURVE('',#3545,#3546,#2212,.T.);
#4392=EDGE_CURVE('',#3546,#3539,#2213,.T.);
#4393=EDGE_CURVE('',#3546,#3488,#2214,.T.);
#4394=EDGE_CURVE('',#3545,#3542,#2215,.T.);
#4395=EDGE_CURVE('',#3547,#3547,#3084,.T.);
#4396=EDGE_CURVE('',#3547,#3548,#2216,.T.);
#4397=EDGE_CURVE('',#3548,#3548,#3085,.T.);
#4398=EDGE_CURVE('',#3549,#3550,#2217,.T.);
#4399=EDGE_CURVE('',#3550,#3488,#2218,.T.);
#4400=EDGE_CURVE('',#3549,#3495,#2219,.T.);
#4401=EDGE_CURVE('',#3550,#3551,#2220,.T.);
#4402=EDGE_CURVE('',#3551,#3546,#2221,.T.);
#4403=EDGE_CURVE('',#3551,#3552,#2222,.T.);
#4404=EDGE_CURVE('',#3552,#3553,#2223,.T.);
#4405=EDGE_CURVE('',#3553,#3546,#2224,.T.);
#4406=EDGE_CURVE('',#3495,#3553,#2225,.T.);
#4407=EDGE_CURVE('',#3552,#3549,#2226,.T.);
#4408=EDGE_CURVE('',#3153,#3554,#2227,.T.);
#4409=EDGE_CURVE('',#3554,#3553,#2228,.T.);
#4410=EDGE_CURVE('',#3554,#3504,#2229,.T.);
#4411=ORIENTED_EDGE('',*,*,#3555,.F.);
#4412=ORIENTED_EDGE('',*,*,#3556,.T.);
#4413=ORIENTED_EDGE('',*,*,#3557,.T.);
#4414=ORIENTED_EDGE('',*,*,#3556,.F.);
#4415=ORIENTED_EDGE('',*,*,#3557,.F.);
#4416=ORIENTED_EDGE('',*,*,#3558,.T.);
#4417=ORIENTED_EDGE('',*,*,#3559,.T.);
#4418=ORIENTED_EDGE('',*,*,#3560,.T.);
#4419=ORIENTED_EDGE('',*,*,#3561,.F.);
#4420=ORIENTED_EDGE('',*,*,#3562,.T.);
#4421=ORIENTED_EDGE('',*,*,#3563,.T.);
#4422=ORIENTED_EDGE('',*,*,#3564,.T.);
#4423=ORIENTED_EDGE('',*,*,#3559,.F.);
#4424=ORIENTED_EDGE('',*,*,#3565,.T.);
#4425=ORIENTED_EDGE('',*,*,#3566,.T.);
#4426=ORIENTED_EDGE('',*,*,#3567,.F.);
#4427=ORIENTED_EDGE('',*,*,#3563,.F.);
#4428=ORIENTED_EDGE('',*,*,#3568,.F.);
#4429=ORIENTED_EDGE('',*,*,#3566,.F.);
#4430=ORIENTED_EDGE('',*,*,#3569,.T.);
#4431=ORIENTED_EDGE('',*,*,#3561,.T.);
#4432=ORIENTED_EDGE('',*,*,#3558,.F.);
#4433=ORIENTED_EDGE('',*,*,#3569,.F.);
#4434=ORIENTED_EDGE('',*,*,#3565,.F.);
#4435=ORIENTED_EDGE('',*,*,#3562,.F.);
#4436=ORIENTED_EDGE('',*,*,#3570,.F.);
#4437=ORIENTED_EDGE('',*,*,#3571,.T.);
#4438=ORIENTED_EDGE('',*,*,#3572,.T.);
#4439=ORIENTED_EDGE('',*,*,#3571,.F.);
#4440=ORIENTED_EDGE('',*,*,#3572,.F.);
#4441=ORIENTED_EDGE('',*,*,#3573,.T.);
#4442=ORIENTED_EDGE('',*,*,#3574,.T.);
#4443=ORIENTED_EDGE('',*,*,#3575,.T.);
#4444=ORIENTED_EDGE('',*,*,#3576,.F.);
#4445=ORIENTED_EDGE('',*,*,#3577,.T.);
#4446=ORIENTED_EDGE('',*,*,#3578,.T.);
#4447=ORIENTED_EDGE('',*,*,#3568,.T.);
#4448=ORIENTED_EDGE('',*,*,#3574,.F.);
#4449=ORIENTED_EDGE('',*,*,#3579,.T.);
#4450=ORIENTED_EDGE('',*,*,#3580,.T.);
#4451=ORIENTED_EDGE('',*,*,#3581,.F.);
#4452=ORIENTED_EDGE('',*,*,#3578,.F.);
#4453=ORIENTED_EDGE('',*,*,#3582,.F.);
#4454=ORIENTED_EDGE('',*,*,#3580,.F.);
#4455=ORIENTED_EDGE('',*,*,#3583,.T.);
#4456=ORIENTED_EDGE('',*,*,#3576,.T.);
#4457=ORIENTED_EDGE('',*,*,#3573,.F.);
#4458=ORIENTED_EDGE('',*,*,#3583,.F.);
#4459=ORIENTED_EDGE('',*,*,#3579,.F.);
#4460=ORIENTED_EDGE('',*,*,#3577,.F.);
#4461=ORIENTED_EDGE('',*,*,#3584,.F.);
#4462=ORIENTED_EDGE('',*,*,#3585,.T.);
#4463=ORIENTED_EDGE('',*,*,#3586,.T.);
#4464=ORIENTED_EDGE('',*,*,#3585,.F.);
#4465=ORIENTED_EDGE('',*,*,#3586,.F.);
#4466=ORIENTED_EDGE('',*,*,#3587,.T.);
#4467=ORIENTED_EDGE('',*,*,#3588,.T.);
#4468=ORIENTED_EDGE('',*,*,#3589,.T.);
#4469=ORIENTED_EDGE('',*,*,#3590,.F.);
#4470=ORIENTED_EDGE('',*,*,#3591,.T.);
#4471=ORIENTED_EDGE('',*,*,#3592,.T.);
#4472=ORIENTED_EDGE('',*,*,#3582,.T.);
#4473=ORIENTED_EDGE('',*,*,#3588,.F.);
#4474=ORIENTED_EDGE('',*,*,#3593,.T.);
#4475=ORIENTED_EDGE('',*,*,#3594,.T.);
#4476=ORIENTED_EDGE('',*,*,#3595,.F.);
#4477=ORIENTED_EDGE('',*,*,#3592,.F.);
#4478=ORIENTED_EDGE('',*,*,#3596,.F.);
#4479=ORIENTED_EDGE('',*,*,#3594,.F.);
#4480=ORIENTED_EDGE('',*,*,#3597,.T.);
#4481=ORIENTED_EDGE('',*,*,#3590,.T.);
#4482=ORIENTED_EDGE('',*,*,#3587,.F.);
#4483=ORIENTED_EDGE('',*,*,#3597,.F.);
#4484=ORIENTED_EDGE('',*,*,#3593,.F.);
#4485=ORIENTED_EDGE('',*,*,#3591,.F.);
#4486=ORIENTED_EDGE('',*,*,#3598,.F.);
#4487=ORIENTED_EDGE('',*,*,#3599,.T.);
#4488=ORIENTED_EDGE('',*,*,#3600,.T.);
#4489=ORIENTED_EDGE('',*,*,#3599,.F.);
#4490=ORIENTED_EDGE('',*,*,#3600,.F.);
#4491=ORIENTED_EDGE('',*,*,#3601,.T.);
#4492=ORIENTED_EDGE('',*,*,#3602,.T.);
#4493=ORIENTED_EDGE('',*,*,#3603,.T.);
#4494=ORIENTED_EDGE('',*,*,#3604,.F.);
#4495=ORIENTED_EDGE('',*,*,#3605,.T.);
#4496=ORIENTED_EDGE('',*,*,#3606,.T.);
#4497=ORIENTED_EDGE('',*,*,#3596,.T.);
#4498=ORIENTED_EDGE('',*,*,#3602,.F.);
#4499=ORIENTED_EDGE('',*,*,#3607,.T.);
#4500=ORIENTED_EDGE('',*,*,#3608,.T.);
#4501=ORIENTED_EDGE('',*,*,#3609,.F.);
#4502=ORIENTED_EDGE('',*,*,#3606,.F.);
#4503=ORIENTED_EDGE('',*,*,#3610,.F.);
#4504=ORIENTED_EDGE('',*,*,#3608,.F.);
#4505=ORIENTED_EDGE('',*,*,#3611,.T.);
#4506=ORIENTED_EDGE('',*,*,#3604,.T.);
#4507=ORIENTED_EDGE('',*,*,#3601,.F.);
#4508=ORIENTED_EDGE('',*,*,#3611,.F.);
#4509=ORIENTED_EDGE('',*,*,#3607,.F.);
#4510=ORIENTED_EDGE('',*,*,#3605,.F.);
#4511=ORIENTED_EDGE('',*,*,#3612,.F.);
#4512=ORIENTED_EDGE('',*,*,#3613,.T.);
#4513=ORIENTED_EDGE('',*,*,#3614,.T.);
#4514=ORIENTED_EDGE('',*,*,#3613,.F.);
#4515=ORIENTED_EDGE('',*,*,#3614,.F.);
#4516=ORIENTED_EDGE('',*,*,#3615,.T.);
#4517=ORIENTED_EDGE('',*,*,#3616,.T.);
#4518=ORIENTED_EDGE('',*,*,#3617,.T.);
#4519=ORIENTED_EDGE('',*,*,#3618,.F.);
#4520=ORIENTED_EDGE('',*,*,#3619,.T.);
#4521=ORIENTED_EDGE('',*,*,#3620,.T.);
#4522=ORIENTED_EDGE('',*,*,#3610,.T.);
#4523=ORIENTED_EDGE('',*,*,#3616,.F.);
#4524=ORIENTED_EDGE('',*,*,#3621,.T.);
#4525=ORIENTED_EDGE('',*,*,#3622,.T.);
#4526=ORIENTED_EDGE('',*,*,#3623,.F.);
#4527=ORIENTED_EDGE('',*,*,#3620,.F.);
#4528=ORIENTED_EDGE('',*,*,#3624,.F.);
#4529=ORIENTED_EDGE('',*,*,#3622,.F.);
#4530=ORIENTED_EDGE('',*,*,#3625,.T.);
#4531=ORIENTED_EDGE('',*,*,#3618,.T.);
#4532=ORIENTED_EDGE('',*,*,#3615,.F.);
#4533=ORIENTED_EDGE('',*,*,#3625,.F.);
#4534=ORIENTED_EDGE('',*,*,#3621,.F.);
#4535=ORIENTED_EDGE('',*,*,#3619,.F.);
#4536=ORIENTED_EDGE('',*,*,#3626,.F.);
#4537=ORIENTED_EDGE('',*,*,#3627,.T.);
#4538=ORIENTED_EDGE('',*,*,#3628,.T.);
#4539=ORIENTED_EDGE('',*,*,#3627,.F.);
#4540=ORIENTED_EDGE('',*,*,#3628,.F.);
#4541=ORIENTED_EDGE('',*,*,#3629,.T.);
#4542=ORIENTED_EDGE('',*,*,#3630,.T.);
#4543=ORIENTED_EDGE('',*,*,#3631,.T.);
#4544=ORIENTED_EDGE('',*,*,#3632,.F.);
#4545=ORIENTED_EDGE('',*,*,#3633,.T.);
#4546=ORIENTED_EDGE('',*,*,#3634,.T.);
#4547=ORIENTED_EDGE('',*,*,#3624,.T.);
#4548=ORIENTED_EDGE('',*,*,#3630,.F.);
#4549=ORIENTED_EDGE('',*,*,#3635,.T.);
#4550=ORIENTED_EDGE('',*,*,#3636,.T.);
#4551=ORIENTED_EDGE('',*,*,#3637,.F.);
#4552=ORIENTED_EDGE('',*,*,#3634,.F.);
#4553=ORIENTED_EDGE('',*,*,#3638,.F.);
#4554=ORIENTED_EDGE('',*,*,#3636,.F.);
#4555=ORIENTED_EDGE('',*,*,#3639,.T.);
#4556=ORIENTED_EDGE('',*,*,#3632,.T.);
#4557=ORIENTED_EDGE('',*,*,#3629,.F.);
#4558=ORIENTED_EDGE('',*,*,#3639,.F.);
#4559=ORIENTED_EDGE('',*,*,#3635,.F.);
#4560=ORIENTED_EDGE('',*,*,#3633,.F.);
#4561=ORIENTED_EDGE('',*,*,#3640,.F.);
#4562=ORIENTED_EDGE('',*,*,#3641,.T.);
#4563=ORIENTED_EDGE('',*,*,#3642,.T.);
#4564=ORIENTED_EDGE('',*,*,#3641,.F.);
#4565=ORIENTED_EDGE('',*,*,#3642,.F.);
#4566=ORIENTED_EDGE('',*,*,#3643,.T.);
#4567=ORIENTED_EDGE('',*,*,#3644,.T.);
#4568=ORIENTED_EDGE('',*,*,#3645,.T.);
#4569=ORIENTED_EDGE('',*,*,#3646,.F.);
#4570=ORIENTED_EDGE('',*,*,#3647,.T.);
#4571=ORIENTED_EDGE('',*,*,#3648,.T.);
#4572=ORIENTED_EDGE('',*,*,#3638,.T.);
#4573=ORIENTED_EDGE('',*,*,#3644,.F.);
#4574=ORIENTED_EDGE('',*,*,#3649,.T.);
#4575=ORIENTED_EDGE('',*,*,#3650,.T.);
#4576=ORIENTED_EDGE('',*,*,#3651,.F.);
#4577=ORIENTED_EDGE('',*,*,#3648,.F.);
#4578=ORIENTED_EDGE('',*,*,#3652,.F.);
#4579=ORIENTED_EDGE('',*,*,#3650,.F.);
#4580=ORIENTED_EDGE('',*,*,#3653,.T.);
#4581=ORIENTED_EDGE('',*,*,#3646,.T.);
#4582=ORIENTED_EDGE('',*,*,#3643,.F.);
#4583=ORIENTED_EDGE('',*,*,#3653,.F.);
#4584=ORIENTED_EDGE('',*,*,#3649,.F.);
#4585=ORIENTED_EDGE('',*,*,#3647,.F.);
#4586=ORIENTED_EDGE('',*,*,#3654,.F.);
#4587=ORIENTED_EDGE('',*,*,#3655,.T.);
#4588=ORIENTED_EDGE('',*,*,#3656,.T.);
#4589=ORIENTED_EDGE('',*,*,#3655,.F.);
#4590=ORIENTED_EDGE('',*,*,#3656,.F.);
#4591=ORIENTED_EDGE('',*,*,#3657,.T.);
#4592=ORIENTED_EDGE('',*,*,#3658,.T.);
#4593=ORIENTED_EDGE('',*,*,#3659,.T.);
#4594=ORIENTED_EDGE('',*,*,#3660,.F.);
#4595=ORIENTED_EDGE('',*,*,#3661,.T.);
#4596=ORIENTED_EDGE('',*,*,#3662,.T.);
#4597=ORIENTED_EDGE('',*,*,#3652,.T.);
#4598=ORIENTED_EDGE('',*,*,#3658,.F.);
#4599=ORIENTED_EDGE('',*,*,#3663,.T.);
#4600=ORIENTED_EDGE('',*,*,#3664,.T.);
#4601=ORIENTED_EDGE('',*,*,#3665,.F.);
#4602=ORIENTED_EDGE('',*,*,#3662,.F.);
#4603=ORIENTED_EDGE('',*,*,#3666,.T.);
#4604=ORIENTED_EDGE('',*,*,#3664,.F.);
#4605=ORIENTED_EDGE('',*,*,#3667,.T.);
#4606=ORIENTED_EDGE('',*,*,#3660,.T.);
#4607=ORIENTED_EDGE('',*,*,#3659,.F.);
#4608=ORIENTED_EDGE('',*,*,#3645,.F.);
#4609=ORIENTED_EDGE('',*,*,#3631,.F.);
#4610=ORIENTED_EDGE('',*,*,#3617,.F.);
#4611=ORIENTED_EDGE('',*,*,#3603,.F.);
#4612=ORIENTED_EDGE('',*,*,#3589,.F.);
#4613=ORIENTED_EDGE('',*,*,#3575,.F.);
#4614=ORIENTED_EDGE('',*,*,#3560,.F.);
#4615=ORIENTED_EDGE('',*,*,#3668,.F.);
#4616=ORIENTED_EDGE('',*,*,#3669,.T.);
#4617=ORIENTED_EDGE('',*,*,#3670,.T.);
#4618=ORIENTED_EDGE('',*,*,#3657,.F.);
#4619=ORIENTED_EDGE('',*,*,#3667,.F.);
#4620=ORIENTED_EDGE('',*,*,#3663,.F.);
#4621=ORIENTED_EDGE('',*,*,#3661,.F.);
#4622=ORIENTED_EDGE('',*,*,#3671,.F.);
#4623=ORIENTED_EDGE('',*,*,#3672,.T.);
#4624=ORIENTED_EDGE('',*,*,#3673,.T.);
#4625=ORIENTED_EDGE('',*,*,#3672,.F.);
#4626=ORIENTED_EDGE('',*,*,#3673,.F.);
#4627=ORIENTED_EDGE('',*,*,#3674,.T.);
#4628=ORIENTED_EDGE('',*,*,#3675,.T.);
#4629=ORIENTED_EDGE('',*,*,#3567,.T.);
#4630=ORIENTED_EDGE('',*,*,#3676,.F.);
#4631=ORIENTED_EDGE('',*,*,#3677,.T.);
#4632=ORIENTED_EDGE('',*,*,#3678,.T.);
#4633=ORIENTED_EDGE('',*,*,#3679,.T.);
#4634=ORIENTED_EDGE('',*,*,#3675,.F.);
#4635=ORIENTED_EDGE('',*,*,#3680,.T.);
#4636=ORIENTED_EDGE('',*,*,#3681,.T.);
#4637=ORIENTED_EDGE('',*,*,#3682,.F.);
#4638=ORIENTED_EDGE('',*,*,#3678,.F.);
#4639=ORIENTED_EDGE('',*,*,#3683,.F.);
#4640=ORIENTED_EDGE('',*,*,#3681,.F.);
#4641=ORIENTED_EDGE('',*,*,#3684,.T.);
#4642=ORIENTED_EDGE('',*,*,#3676,.T.);
#4643=ORIENTED_EDGE('',*,*,#3674,.F.);
#4644=ORIENTED_EDGE('',*,*,#3684,.F.);
#4645=ORIENTED_EDGE('',*,*,#3680,.F.);
#4646=ORIENTED_EDGE('',*,*,#3677,.F.);
#4647=ORIENTED_EDGE('',*,*,#3685,.F.);
#4648=ORIENTED_EDGE('',*,*,#3686,.T.);
#4649=ORIENTED_EDGE('',*,*,#3687,.T.);
#4650=ORIENTED_EDGE('',*,*,#3686,.F.);
#4651=ORIENTED_EDGE('',*,*,#3687,.F.);
#4652=ORIENTED_EDGE('',*,*,#3688,.T.);
#4653=ORIENTED_EDGE('',*,*,#3689,.T.);
#4654=ORIENTED_EDGE('',*,*,#3581,.T.);
#4655=ORIENTED_EDGE('',*,*,#3690,.F.);
#4656=ORIENTED_EDGE('',*,*,#3691,.T.);
#4657=ORIENTED_EDGE('',*,*,#3692,.T.);
#4658=ORIENTED_EDGE('',*,*,#3683,.T.);
#4659=ORIENTED_EDGE('',*,*,#3689,.F.);
#4660=ORIENTED_EDGE('',*,*,#3693,.T.);
#4661=ORIENTED_EDGE('',*,*,#3694,.T.);
#4662=ORIENTED_EDGE('',*,*,#3695,.F.);
#4663=ORIENTED_EDGE('',*,*,#3692,.F.);
#4664=ORIENTED_EDGE('',*,*,#3696,.F.);
#4665=ORIENTED_EDGE('',*,*,#3694,.F.);
#4666=ORIENTED_EDGE('',*,*,#3697,.T.);
#4667=ORIENTED_EDGE('',*,*,#3690,.T.);
#4668=ORIENTED_EDGE('',*,*,#3688,.F.);
#4669=ORIENTED_EDGE('',*,*,#3697,.F.);
#4670=ORIENTED_EDGE('',*,*,#3693,.F.);
#4671=ORIENTED_EDGE('',*,*,#3691,.F.);
#4672=ORIENTED_EDGE('',*,*,#3698,.F.);
#4673=ORIENTED_EDGE('',*,*,#3699,.T.);
#4674=ORIENTED_EDGE('',*,*,#3700,.T.);
#4675=ORIENTED_EDGE('',*,*,#3699,.F.);
#4676=ORIENTED_EDGE('',*,*,#3700,.F.);
#4677=ORIENTED_EDGE('',*,*,#3701,.T.);
#4678=ORIENTED_EDGE('',*,*,#3702,.T.);
#4679=ORIENTED_EDGE('',*,*,#3595,.T.);
#4680=ORIENTED_EDGE('',*,*,#3703,.F.);
#4681=ORIENTED_EDGE('',*,*,#3704,.T.);
#4682=ORIENTED_EDGE('',*,*,#3705,.T.);
#4683=ORIENTED_EDGE('',*,*,#3696,.T.);
#4684=ORIENTED_EDGE('',*,*,#3702,.F.);
#4685=ORIENTED_EDGE('',*,*,#3706,.T.);
#4686=ORIENTED_EDGE('',*,*,#3707,.T.);
#4687=ORIENTED_EDGE('',*,*,#3708,.F.);
#4688=ORIENTED_EDGE('',*,*,#3705,.F.);
#4689=ORIENTED_EDGE('',*,*,#3709,.F.);
#4690=ORIENTED_EDGE('',*,*,#3707,.F.);
#4691=ORIENTED_EDGE('',*,*,#3710,.T.);
#4692=ORIENTED_EDGE('',*,*,#3703,.T.);
#4693=ORIENTED_EDGE('',*,*,#3701,.F.);
#4694=ORIENTED_EDGE('',*,*,#3710,.F.);
#4695=ORIENTED_EDGE('',*,*,#3706,.F.);
#4696=ORIENTED_EDGE('',*,*,#3704,.F.);
#4697=ORIENTED_EDGE('',*,*,#3711,.F.);
#4698=ORIENTED_EDGE('',*,*,#3712,.T.);
#4699=ORIENTED_EDGE('',*,*,#3713,.T.);
#4700=ORIENTED_EDGE('',*,*,#3712,.F.);
#4701=ORIENTED_EDGE('',*,*,#3713,.F.);
#4702=ORIENTED_EDGE('',*,*,#3714,.T.);
#4703=ORIENTED_EDGE('',*,*,#3715,.T.);
#4704=ORIENTED_EDGE('',*,*,#3609,.T.);
#4705=ORIENTED_EDGE('',*,*,#3716,.F.);
#4706=ORIENTED_EDGE('',*,*,#3717,.T.);
#4707=ORIENTED_EDGE('',*,*,#3718,.T.);
#4708=ORIENTED_EDGE('',*,*,#3709,.T.);
#4709=ORIENTED_EDGE('',*,*,#3715,.F.);
#4710=ORIENTED_EDGE('',*,*,#3719,.T.);
#4711=ORIENTED_EDGE('',*,*,#3720,.T.);
#4712=ORIENTED_EDGE('',*,*,#3721,.F.);
#4713=ORIENTED_EDGE('',*,*,#3718,.F.);
#4714=ORIENTED_EDGE('',*,*,#3722,.F.);
#4715=ORIENTED_EDGE('',*,*,#3720,.F.);
#4716=ORIENTED_EDGE('',*,*,#3723,.T.);
#4717=ORIENTED_EDGE('',*,*,#3716,.T.);
#4718=ORIENTED_EDGE('',*,*,#3714,.F.);
#4719=ORIENTED_EDGE('',*,*,#3723,.F.);
#4720=ORIENTED_EDGE('',*,*,#3719,.F.);
#4721=ORIENTED_EDGE('',*,*,#3717,.F.);
#4722=ORIENTED_EDGE('',*,*,#3724,.F.);
#4723=ORIENTED_EDGE('',*,*,#3725,.T.);
#4724=ORIENTED_EDGE('',*,*,#3726,.T.);
#4725=ORIENTED_EDGE('',*,*,#3725,.F.);
#4726=ORIENTED_EDGE('',*,*,#3726,.F.);
#4727=ORIENTED_EDGE('',*,*,#3727,.T.);
#4728=ORIENTED_EDGE('',*,*,#3728,.T.);
#4729=ORIENTED_EDGE('',*,*,#3623,.T.);
#4730=ORIENTED_EDGE('',*,*,#3729,.F.);
#4731=ORIENTED_EDGE('',*,*,#3730,.T.);
#4732=ORIENTED_EDGE('',*,*,#3731,.T.);
#4733=ORIENTED_EDGE('',*,*,#3722,.T.);
#4734=ORIENTED_EDGE('',*,*,#3728,.F.);
#4735=ORIENTED_EDGE('',*,*,#3732,.T.);
#4736=ORIENTED_EDGE('',*,*,#3733,.T.);
#4737=ORIENTED_EDGE('',*,*,#3734,.F.);
#4738=ORIENTED_EDGE('',*,*,#3731,.F.);
#4739=ORIENTED_EDGE('',*,*,#3735,.F.);
#4740=ORIENTED_EDGE('',*,*,#3733,.F.);
#4741=ORIENTED_EDGE('',*,*,#3736,.T.);
#4742=ORIENTED_EDGE('',*,*,#3729,.T.);
#4743=ORIENTED_EDGE('',*,*,#3727,.F.);
#4744=ORIENTED_EDGE('',*,*,#3736,.F.);
#4745=ORIENTED_EDGE('',*,*,#3732,.F.);
#4746=ORIENTED_EDGE('',*,*,#3730,.F.);
#4747=ORIENTED_EDGE('',*,*,#3737,.F.);
#4748=ORIENTED_EDGE('',*,*,#3738,.T.);
#4749=ORIENTED_EDGE('',*,*,#3739,.T.);
#4750=ORIENTED_EDGE('',*,*,#3738,.F.);
#4751=ORIENTED_EDGE('',*,*,#3739,.F.);
#4752=ORIENTED_EDGE('',*,*,#3740,.T.);
#4753=ORIENTED_EDGE('',*,*,#3741,.T.);
#4754=ORIENTED_EDGE('',*,*,#3637,.T.);
#4755=ORIENTED_EDGE('',*,*,#3742,.F.);
#4756=ORIENTED_EDGE('',*,*,#3743,.T.);
#4757=ORIENTED_EDGE('',*,*,#3744,.T.);
#4758=ORIENTED_EDGE('',*,*,#3735,.T.);
#4759=ORIENTED_EDGE('',*,*,#3741,.F.);
#4760=ORIENTED_EDGE('',*,*,#3745,.T.);
#4761=ORIENTED_EDGE('',*,*,#3746,.T.);
#4762=ORIENTED_EDGE('',*,*,#3747,.F.);
#4763=ORIENTED_EDGE('',*,*,#3744,.F.);
#4764=ORIENTED_EDGE('',*,*,#3748,.F.);
#4765=ORIENTED_EDGE('',*,*,#3746,.F.);
#4766=ORIENTED_EDGE('',*,*,#3749,.T.);
#4767=ORIENTED_EDGE('',*,*,#3742,.T.);
#4768=ORIENTED_EDGE('',*,*,#3740,.F.);
#4769=ORIENTED_EDGE('',*,*,#3749,.F.);
#4770=ORIENTED_EDGE('',*,*,#3745,.F.);
#4771=ORIENTED_EDGE('',*,*,#3743,.F.);
#4772=ORIENTED_EDGE('',*,*,#3750,.F.);
#4773=ORIENTED_EDGE('',*,*,#3751,.T.);
#4774=ORIENTED_EDGE('',*,*,#3752,.T.);
#4775=ORIENTED_EDGE('',*,*,#3751,.F.);
#4776=ORIENTED_EDGE('',*,*,#3752,.F.);
#4777=ORIENTED_EDGE('',*,*,#3753,.T.);
#4778=ORIENTED_EDGE('',*,*,#3754,.T.);
#4779=ORIENTED_EDGE('',*,*,#3651,.T.);
#4780=ORIENTED_EDGE('',*,*,#3755,.F.);
#4781=ORIENTED_EDGE('',*,*,#3756,.T.);
#4782=ORIENTED_EDGE('',*,*,#3757,.T.);
#4783=ORIENTED_EDGE('',*,*,#3748,.T.);
#4784=ORIENTED_EDGE('',*,*,#3754,.F.);
#4785=ORIENTED_EDGE('',*,*,#3758,.T.);
#4786=ORIENTED_EDGE('',*,*,#3759,.T.);
#4787=ORIENTED_EDGE('',*,*,#3760,.F.);
#4788=ORIENTED_EDGE('',*,*,#3757,.F.);
#4789=ORIENTED_EDGE('',*,*,#3761,.F.);
#4790=ORIENTED_EDGE('',*,*,#3759,.F.);
#4791=ORIENTED_EDGE('',*,*,#3762,.T.);
#4792=ORIENTED_EDGE('',*,*,#3755,.T.);
#4793=ORIENTED_EDGE('',*,*,#3753,.F.);
#4794=ORIENTED_EDGE('',*,*,#3762,.F.);
#4795=ORIENTED_EDGE('',*,*,#3758,.F.);
#4796=ORIENTED_EDGE('',*,*,#3756,.F.);
#4797=ORIENTED_EDGE('',*,*,#3763,.F.);
#4798=ORIENTED_EDGE('',*,*,#3764,.T.);
#4799=ORIENTED_EDGE('',*,*,#3765,.T.);
#4800=ORIENTED_EDGE('',*,*,#3764,.F.);
#4801=ORIENTED_EDGE('',*,*,#3765,.F.);
#4802=ORIENTED_EDGE('',*,*,#3766,.T.);
#4803=ORIENTED_EDGE('',*,*,#3767,.T.);
#4804=ORIENTED_EDGE('',*,*,#3665,.T.);
#4805=ORIENTED_EDGE('',*,*,#3768,.F.);
#4806=ORIENTED_EDGE('',*,*,#3769,.T.);
#4807=ORIENTED_EDGE('',*,*,#3770,.T.);
#4808=ORIENTED_EDGE('',*,*,#3761,.T.);
#4809=ORIENTED_EDGE('',*,*,#3767,.F.);
#4810=ORIENTED_EDGE('',*,*,#3771,.T.);
#4811=ORIENTED_EDGE('',*,*,#3772,.T.);
#4812=ORIENTED_EDGE('',*,*,#3773,.F.);
#4813=ORIENTED_EDGE('',*,*,#3770,.F.);
#4814=ORIENTED_EDGE('',*,*,#3774,.T.);
#4815=ORIENTED_EDGE('',*,*,#3772,.F.);
#4816=ORIENTED_EDGE('',*,*,#3775,.T.);
#4817=ORIENTED_EDGE('',*,*,#3768,.T.);
#4818=ORIENTED_EDGE('',*,*,#3766,.F.);
#4819=ORIENTED_EDGE('',*,*,#3775,.F.);
#4820=ORIENTED_EDGE('',*,*,#3771,.F.);
#4821=ORIENTED_EDGE('',*,*,#3769,.F.);
#4822=ORIENTED_EDGE('',*,*,#3776,.F.);
#4823=ORIENTED_EDGE('',*,*,#3777,.T.);
#4824=ORIENTED_EDGE('',*,*,#3778,.T.);
#4825=ORIENTED_EDGE('',*,*,#3777,.F.);
#4826=ORIENTED_EDGE('',*,*,#3778,.F.);
#4827=ORIENTED_EDGE('',*,*,#3779,.T.);
#4828=ORIENTED_EDGE('',*,*,#3780,.T.);
#4829=ORIENTED_EDGE('',*,*,#3682,.T.);
#4830=ORIENTED_EDGE('',*,*,#3781,.F.);
#4831=ORIENTED_EDGE('',*,*,#3782,.T.);
#4832=ORIENTED_EDGE('',*,*,#3783,.T.);
#4833=ORIENTED_EDGE('',*,*,#3784,.T.);
#4834=ORIENTED_EDGE('',*,*,#3780,.F.);
#4835=ORIENTED_EDGE('',*,*,#3785,.T.);
#4836=ORIENTED_EDGE('',*,*,#3786,.T.);
#4837=ORIENTED_EDGE('',*,*,#3787,.F.);
#4838=ORIENTED_EDGE('',*,*,#3783,.F.);
#4839=ORIENTED_EDGE('',*,*,#3788,.F.);
#4840=ORIENTED_EDGE('',*,*,#3786,.F.);
#4841=ORIENTED_EDGE('',*,*,#3789,.T.);
#4842=ORIENTED_EDGE('',*,*,#3781,.T.);
#4843=ORIENTED_EDGE('',*,*,#3779,.F.);
#4844=ORIENTED_EDGE('',*,*,#3789,.F.);
#4845=ORIENTED_EDGE('',*,*,#3785,.F.);
#4846=ORIENTED_EDGE('',*,*,#3782,.F.);
#4847=ORIENTED_EDGE('',*,*,#3790,.F.);
#4848=ORIENTED_EDGE('',*,*,#3791,.T.);
#4849=ORIENTED_EDGE('',*,*,#3792,.T.);
#4850=ORIENTED_EDGE('',*,*,#3791,.F.);
#4851=ORIENTED_EDGE('',*,*,#3792,.F.);
#4852=ORIENTED_EDGE('',*,*,#3793,.T.);
#4853=ORIENTED_EDGE('',*,*,#3794,.T.);
#4854=ORIENTED_EDGE('',*,*,#3695,.T.);
#4855=ORIENTED_EDGE('',*,*,#3795,.F.);
#4856=ORIENTED_EDGE('',*,*,#3796,.T.);
#4857=ORIENTED_EDGE('',*,*,#3797,.T.);
#4858=ORIENTED_EDGE('',*,*,#3788,.T.);
#4859=ORIENTED_EDGE('',*,*,#3794,.F.);
#4860=ORIENTED_EDGE('',*,*,#3798,.T.);
#4861=ORIENTED_EDGE('',*,*,#3799,.T.);
#4862=ORIENTED_EDGE('',*,*,#3800,.F.);
#4863=ORIENTED_EDGE('',*,*,#3797,.F.);
#4864=ORIENTED_EDGE('',*,*,#3801,.F.);
#4865=ORIENTED_EDGE('',*,*,#3799,.F.);
#4866=ORIENTED_EDGE('',*,*,#3802,.T.);
#4867=ORIENTED_EDGE('',*,*,#3795,.T.);
#4868=ORIENTED_EDGE('',*,*,#3793,.F.);
#4869=ORIENTED_EDGE('',*,*,#3802,.F.);
#4870=ORIENTED_EDGE('',*,*,#3798,.F.);
#4871=ORIENTED_EDGE('',*,*,#3796,.F.);
#4872=ORIENTED_EDGE('',*,*,#3803,.F.);
#4873=ORIENTED_EDGE('',*,*,#3804,.T.);
#4874=ORIENTED_EDGE('',*,*,#3805,.T.);
#4875=ORIENTED_EDGE('',*,*,#3804,.F.);
#4876=ORIENTED_EDGE('',*,*,#3805,.F.);
#4877=ORIENTED_EDGE('',*,*,#3806,.T.);
#4878=ORIENTED_EDGE('',*,*,#3807,.T.);
#4879=ORIENTED_EDGE('',*,*,#3708,.T.);
#4880=ORIENTED_EDGE('',*,*,#3808,.F.);
#4881=ORIENTED_EDGE('',*,*,#3809,.T.);
#4882=ORIENTED_EDGE('',*,*,#3810,.T.);
#4883=ORIENTED_EDGE('',*,*,#3801,.T.);
#4884=ORIENTED_EDGE('',*,*,#3807,.F.);
#4885=ORIENTED_EDGE('',*,*,#3811,.T.);
#4886=ORIENTED_EDGE('',*,*,#3812,.T.);
#4887=ORIENTED_EDGE('',*,*,#3813,.F.);
#4888=ORIENTED_EDGE('',*,*,#3810,.F.);
#4889=ORIENTED_EDGE('',*,*,#3814,.F.);
#4890=ORIENTED_EDGE('',*,*,#3812,.F.);
#4891=ORIENTED_EDGE('',*,*,#3815,.T.);
#4892=ORIENTED_EDGE('',*,*,#3808,.T.);
#4893=ORIENTED_EDGE('',*,*,#3806,.F.);
#4894=ORIENTED_EDGE('',*,*,#3815,.F.);
#4895=ORIENTED_EDGE('',*,*,#3811,.F.);
#4896=ORIENTED_EDGE('',*,*,#3809,.F.);
#4897=ORIENTED_EDGE('',*,*,#3816,.F.);
#4898=ORIENTED_EDGE('',*,*,#3817,.T.);
#4899=ORIENTED_EDGE('',*,*,#3818,.T.);
#4900=ORIENTED_EDGE('',*,*,#3817,.F.);
#4901=ORIENTED_EDGE('',*,*,#3818,.F.);
#4902=ORIENTED_EDGE('',*,*,#3819,.T.);
#4903=ORIENTED_EDGE('',*,*,#3820,.T.);
#4904=ORIENTED_EDGE('',*,*,#3721,.T.);
#4905=ORIENTED_EDGE('',*,*,#3821,.F.);
#4906=ORIENTED_EDGE('',*,*,#3822,.T.);
#4907=ORIENTED_EDGE('',*,*,#3823,.T.);
#4908=ORIENTED_EDGE('',*,*,#3814,.T.);
#4909=ORIENTED_EDGE('',*,*,#3820,.F.);
#4910=ORIENTED_EDGE('',*,*,#3824,.T.);
#4911=ORIENTED_EDGE('',*,*,#3825,.T.);
#4912=ORIENTED_EDGE('',*,*,#3826,.F.);
#4913=ORIENTED_EDGE('',*,*,#3823,.F.);
#4914=ORIENTED_EDGE('',*,*,#3827,.F.);
#4915=ORIENTED_EDGE('',*,*,#3825,.F.);
#4916=ORIENTED_EDGE('',*,*,#3828,.T.);
#4917=ORIENTED_EDGE('',*,*,#3821,.T.);
#4918=ORIENTED_EDGE('',*,*,#3819,.F.);
#4919=ORIENTED_EDGE('',*,*,#3828,.F.);
#4920=ORIENTED_EDGE('',*,*,#3824,.F.);
#4921=ORIENTED_EDGE('',*,*,#3822,.F.);
#4922=ORIENTED_EDGE('',*,*,#3829,.F.);
#4923=ORIENTED_EDGE('',*,*,#3830,.T.);
#4924=ORIENTED_EDGE('',*,*,#3831,.T.);
#4925=ORIENTED_EDGE('',*,*,#3830,.F.);
#4926=ORIENTED_EDGE('',*,*,#3831,.F.);
#4927=ORIENTED_EDGE('',*,*,#3832,.T.);
#4928=ORIENTED_EDGE('',*,*,#3833,.T.);
#4929=ORIENTED_EDGE('',*,*,#3734,.T.);
#4930=ORIENTED_EDGE('',*,*,#3834,.F.);
#4931=ORIENTED_EDGE('',*,*,#3835,.T.);
#4932=ORIENTED_EDGE('',*,*,#3836,.T.);
#4933=ORIENTED_EDGE('',*,*,#3827,.T.);
#4934=ORIENTED_EDGE('',*,*,#3833,.F.);
#4935=ORIENTED_EDGE('',*,*,#3837,.T.);
#4936=ORIENTED_EDGE('',*,*,#3838,.T.);
#4937=ORIENTED_EDGE('',*,*,#3839,.F.);
#4938=ORIENTED_EDGE('',*,*,#3836,.F.);
#4939=ORIENTED_EDGE('',*,*,#3840,.F.);
#4940=ORIENTED_EDGE('',*,*,#3838,.F.);
#4941=ORIENTED_EDGE('',*,*,#3841,.T.);
#4942=ORIENTED_EDGE('',*,*,#3834,.T.);
#4943=ORIENTED_EDGE('',*,*,#3832,.F.);
#4944=ORIENTED_EDGE('',*,*,#3841,.F.);
#4945=ORIENTED_EDGE('',*,*,#3837,.F.);
#4946=ORIENTED_EDGE('',*,*,#3835,.F.);
#4947=ORIENTED_EDGE('',*,*,#3842,.F.);
#4948=ORIENTED_EDGE('',*,*,#3843,.T.);
#4949=ORIENTED_EDGE('',*,*,#3844,.T.);
#4950=ORIENTED_EDGE('',*,*,#3843,.F.);
#4951=ORIENTED_EDGE('',*,*,#3844,.F.);
#4952=ORIENTED_EDGE('',*,*,#3845,.T.);
#4953=ORIENTED_EDGE('',*,*,#3846,.T.);
#4954=ORIENTED_EDGE('',*,*,#3747,.T.);
#4955=ORIENTED_EDGE('',*,*,#3847,.F.);
#4956=ORIENTED_EDGE('',*,*,#3848,.T.);
#4957=ORIENTED_EDGE('',*,*,#3849,.T.);
#4958=ORIENTED_EDGE('',*,*,#3840,.T.);
#4959=ORIENTED_EDGE('',*,*,#3846,.F.);
#4960=ORIENTED_EDGE('',*,*,#3850,.T.);
#4961=ORIENTED_EDGE('',*,*,#3851,.T.);
#4962=ORIENTED_EDGE('',*,*,#3852,.F.);
#4963=ORIENTED_EDGE('',*,*,#3849,.F.);
#4964=ORIENTED_EDGE('',*,*,#3853,.F.);
#4965=ORIENTED_EDGE('',*,*,#3851,.F.);
#4966=ORIENTED_EDGE('',*,*,#3854,.T.);
#4967=ORIENTED_EDGE('',*,*,#3847,.T.);
#4968=ORIENTED_EDGE('',*,*,#3845,.F.);
#4969=ORIENTED_EDGE('',*,*,#3854,.F.);
#4970=ORIENTED_EDGE('',*,*,#3850,.F.);
#4971=ORIENTED_EDGE('',*,*,#3848,.F.);
#4972=ORIENTED_EDGE('',*,*,#3855,.F.);
#4973=ORIENTED_EDGE('',*,*,#3856,.T.);
#4974=ORIENTED_EDGE('',*,*,#3857,.T.);
#4975=ORIENTED_EDGE('',*,*,#3856,.F.);
#4976=ORIENTED_EDGE('',*,*,#3857,.F.);
#4977=ORIENTED_EDGE('',*,*,#3858,.T.);
#4978=ORIENTED_EDGE('',*,*,#3859,.T.);
#4979=ORIENTED_EDGE('',*,*,#3760,.T.);
#4980=ORIENTED_EDGE('',*,*,#3860,.F.);
#4981=ORIENTED_EDGE('',*,*,#3861,.T.);
#4982=ORIENTED_EDGE('',*,*,#3862,.T.);
#4983=ORIENTED_EDGE('',*,*,#3853,.T.);
#4984=ORIENTED_EDGE('',*,*,#3859,.F.);
#4985=ORIENTED_EDGE('',*,*,#3863,.T.);
#4986=ORIENTED_EDGE('',*,*,#3864,.T.);
#4987=ORIENTED_EDGE('',*,*,#3865,.F.);
#4988=ORIENTED_EDGE('',*,*,#3862,.F.);
#4989=ORIENTED_EDGE('',*,*,#3866,.F.);
#4990=ORIENTED_EDGE('',*,*,#3864,.F.);
#4991=ORIENTED_EDGE('',*,*,#3867,.T.);
#4992=ORIENTED_EDGE('',*,*,#3860,.T.);
#4993=ORIENTED_EDGE('',*,*,#3858,.F.);
#4994=ORIENTED_EDGE('',*,*,#3867,.F.);
#4995=ORIENTED_EDGE('',*,*,#3863,.F.);
#4996=ORIENTED_EDGE('',*,*,#3861,.F.);
#4997=ORIENTED_EDGE('',*,*,#3868,.F.);
#4998=ORIENTED_EDGE('',*,*,#3869,.T.);
#4999=ORIENTED_EDGE('',*,*,#3870,.T.);
#5000=ORIENTED_EDGE('',*,*,#3869,.F.);
#5001=ORIENTED_EDGE('',*,*,#3870,.F.);
#5002=ORIENTED_EDGE('',*,*,#3871,.T.);
#5003=ORIENTED_EDGE('',*,*,#3872,.T.);
#5004=ORIENTED_EDGE('',*,*,#3773,.T.);
#5005=ORIENTED_EDGE('',*,*,#3873,.F.);
#5006=ORIENTED_EDGE('',*,*,#3874,.T.);
#5007=ORIENTED_EDGE('',*,*,#3875,.T.);
#5008=ORIENTED_EDGE('',*,*,#3866,.T.);
#5009=ORIENTED_EDGE('',*,*,#3872,.F.);
#5010=ORIENTED_EDGE('',*,*,#3876,.T.);
#5011=ORIENTED_EDGE('',*,*,#3877,.T.);
#5012=ORIENTED_EDGE('',*,*,#3878,.F.);
#5013=ORIENTED_EDGE('',*,*,#3875,.F.);
#5014=ORIENTED_EDGE('',*,*,#3879,.T.);
#5015=ORIENTED_EDGE('',*,*,#3877,.F.);
#5016=ORIENTED_EDGE('',*,*,#3880,.T.);
#5017=ORIENTED_EDGE('',*,*,#3873,.T.);
#5018=ORIENTED_EDGE('',*,*,#3871,.F.);
#5019=ORIENTED_EDGE('',*,*,#3880,.F.);
#5020=ORIENTED_EDGE('',*,*,#3876,.F.);
#5021=ORIENTED_EDGE('',*,*,#3874,.F.);
#5022=ORIENTED_EDGE('',*,*,#3881,.F.);
#5023=ORIENTED_EDGE('',*,*,#3882,.T.);
#5024=ORIENTED_EDGE('',*,*,#3883,.T.);
#5025=ORIENTED_EDGE('',*,*,#3882,.F.);
#5026=ORIENTED_EDGE('',*,*,#3883,.F.);
#5027=ORIENTED_EDGE('',*,*,#3884,.T.);
#5028=ORIENTED_EDGE('',*,*,#3885,.T.);
#5029=ORIENTED_EDGE('',*,*,#3787,.T.);
#5030=ORIENTED_EDGE('',*,*,#3886,.F.);
#5031=ORIENTED_EDGE('',*,*,#3887,.T.);
#5032=ORIENTED_EDGE('',*,*,#3888,.T.);
#5033=ORIENTED_EDGE('',*,*,#3889,.T.);
#5034=ORIENTED_EDGE('',*,*,#3885,.F.);
#5035=ORIENTED_EDGE('',*,*,#3890,.T.);
#5036=ORIENTED_EDGE('',*,*,#3891,.T.);
#5037=ORIENTED_EDGE('',*,*,#3892,.F.);
#5038=ORIENTED_EDGE('',*,*,#3888,.F.);
#5039=ORIENTED_EDGE('',*,*,#3893,.F.);
#5040=ORIENTED_EDGE('',*,*,#3891,.F.);
#5041=ORIENTED_EDGE('',*,*,#3894,.T.);
#5042=ORIENTED_EDGE('',*,*,#3886,.T.);
#5043=ORIENTED_EDGE('',*,*,#3884,.F.);
#5044=ORIENTED_EDGE('',*,*,#3894,.F.);
#5045=ORIENTED_EDGE('',*,*,#3890,.F.);
#5046=ORIENTED_EDGE('',*,*,#3887,.F.);
#5047=ORIENTED_EDGE('',*,*,#3895,.F.);
#5048=ORIENTED_EDGE('',*,*,#3896,.T.);
#5049=ORIENTED_EDGE('',*,*,#3897,.T.);
#5050=ORIENTED_EDGE('',*,*,#3896,.F.);
#5051=ORIENTED_EDGE('',*,*,#3897,.F.);
#5052=ORIENTED_EDGE('',*,*,#3898,.T.);
#5053=ORIENTED_EDGE('',*,*,#3899,.T.);
#5054=ORIENTED_EDGE('',*,*,#3800,.T.);
#5055=ORIENTED_EDGE('',*,*,#3900,.F.);
#5056=ORIENTED_EDGE('',*,*,#3901,.T.);
#5057=ORIENTED_EDGE('',*,*,#3902,.T.);
#5058=ORIENTED_EDGE('',*,*,#3893,.T.);
#5059=ORIENTED_EDGE('',*,*,#3899,.F.);
#5060=ORIENTED_EDGE('',*,*,#3903,.T.);
#5061=ORIENTED_EDGE('',*,*,#3904,.T.);
#5062=ORIENTED_EDGE('',*,*,#3905,.F.);
#5063=ORIENTED_EDGE('',*,*,#3902,.F.);
#5064=ORIENTED_EDGE('',*,*,#3906,.F.);
#5065=ORIENTED_EDGE('',*,*,#3904,.F.);
#5066=ORIENTED_EDGE('',*,*,#3907,.T.);
#5067=ORIENTED_EDGE('',*,*,#3900,.T.);
#5068=ORIENTED_EDGE('',*,*,#3898,.F.);
#5069=ORIENTED_EDGE('',*,*,#3907,.F.);
#5070=ORIENTED_EDGE('',*,*,#3903,.F.);
#5071=ORIENTED_EDGE('',*,*,#3901,.F.);
#5072=ORIENTED_EDGE('',*,*,#3908,.F.);
#5073=ORIENTED_EDGE('',*,*,#3909,.T.);
#5074=ORIENTED_EDGE('',*,*,#3910,.T.);
#5075=ORIENTED_EDGE('',*,*,#3909,.F.);
#5076=ORIENTED_EDGE('',*,*,#3910,.F.);
#5077=ORIENTED_EDGE('',*,*,#3911,.T.);
#5078=ORIENTED_EDGE('',*,*,#3912,.T.);
#5079=ORIENTED_EDGE('',*,*,#3813,.T.);
#5080=ORIENTED_EDGE('',*,*,#3913,.F.);
#5081=ORIENTED_EDGE('',*,*,#3914,.T.);
#5082=ORIENTED_EDGE('',*,*,#3915,.T.);
#5083=ORIENTED_EDGE('',*,*,#3906,.T.);
#5084=ORIENTED_EDGE('',*,*,#3912,.F.);
#5085=ORIENTED_EDGE('',*,*,#3916,.T.);
#5086=ORIENTED_EDGE('',*,*,#3917,.T.);
#5087=ORIENTED_EDGE('',*,*,#3918,.F.);
#5088=ORIENTED_EDGE('',*,*,#3915,.F.);
#5089=ORIENTED_EDGE('',*,*,#3919,.F.);
#5090=ORIENTED_EDGE('',*,*,#3917,.F.);
#5091=ORIENTED_EDGE('',*,*,#3920,.T.);
#5092=ORIENTED_EDGE('',*,*,#3913,.T.);
#5093=ORIENTED_EDGE('',*,*,#3911,.F.);
#5094=ORIENTED_EDGE('',*,*,#3920,.F.);
#5095=ORIENTED_EDGE('',*,*,#3916,.F.);
#5096=ORIENTED_EDGE('',*,*,#3914,.F.);
#5097=ORIENTED_EDGE('',*,*,#3921,.F.);
#5098=ORIENTED_EDGE('',*,*,#3922,.T.);
#5099=ORIENTED_EDGE('',*,*,#3923,.T.);
#5100=ORIENTED_EDGE('',*,*,#3922,.F.);
#5101=ORIENTED_EDGE('',*,*,#3923,.F.);
#5102=ORIENTED_EDGE('',*,*,#3924,.T.);
#5103=ORIENTED_EDGE('',*,*,#3925,.T.);
#5104=ORIENTED_EDGE('',*,*,#3826,.T.);
#5105=ORIENTED_EDGE('',*,*,#3926,.F.);
#5106=ORIENTED_EDGE('',*,*,#3927,.T.);
#5107=ORIENTED_EDGE('',*,*,#3928,.T.);
#5108=ORIENTED_EDGE('',*,*,#3919,.T.);
#5109=ORIENTED_EDGE('',*,*,#3925,.F.);
#5110=ORIENTED_EDGE('',*,*,#3929,.T.);
#5111=ORIENTED_EDGE('',*,*,#3930,.T.);
#5112=ORIENTED_EDGE('',*,*,#3931,.F.);
#5113=ORIENTED_EDGE('',*,*,#3928,.F.);
#5114=ORIENTED_EDGE('',*,*,#3932,.F.);
#5115=ORIENTED_EDGE('',*,*,#3930,.F.);
#5116=ORIENTED_EDGE('',*,*,#3933,.T.);
#5117=ORIENTED_EDGE('',*,*,#3926,.T.);
#5118=ORIENTED_EDGE('',*,*,#3924,.F.);
#5119=ORIENTED_EDGE('',*,*,#3933,.F.);
#5120=ORIENTED_EDGE('',*,*,#3929,.F.);
#5121=ORIENTED_EDGE('',*,*,#3927,.F.);
#5122=ORIENTED_EDGE('',*,*,#3934,.F.);
#5123=ORIENTED_EDGE('',*,*,#3935,.T.);
#5124=ORIENTED_EDGE('',*,*,#3936,.T.);
#5125=ORIENTED_EDGE('',*,*,#3935,.F.);
#5126=ORIENTED_EDGE('',*,*,#3936,.F.);
#5127=ORIENTED_EDGE('',*,*,#3937,.T.);
#5128=ORIENTED_EDGE('',*,*,#3938,.T.);
#5129=ORIENTED_EDGE('',*,*,#3839,.T.);
#5130=ORIENTED_EDGE('',*,*,#3939,.F.);
#5131=ORIENTED_EDGE('',*,*,#3940,.T.);
#5132=ORIENTED_EDGE('',*,*,#3941,.T.);
#5133=ORIENTED_EDGE('',*,*,#3932,.T.);
#5134=ORIENTED_EDGE('',*,*,#3938,.F.);
#5135=ORIENTED_EDGE('',*,*,#3942,.T.);
#5136=ORIENTED_EDGE('',*,*,#3943,.T.);
#5137=ORIENTED_EDGE('',*,*,#3944,.F.);
#5138=ORIENTED_EDGE('',*,*,#3941,.F.);
#5139=ORIENTED_EDGE('',*,*,#3945,.F.);
#5140=ORIENTED_EDGE('',*,*,#3943,.F.);
#5141=ORIENTED_EDGE('',*,*,#3946,.T.);
#5142=ORIENTED_EDGE('',*,*,#3939,.T.);
#5143=ORIENTED_EDGE('',*,*,#3937,.F.);
#5144=ORIENTED_EDGE('',*,*,#3946,.F.);
#5145=ORIENTED_EDGE('',*,*,#3942,.F.);
#5146=ORIENTED_EDGE('',*,*,#3940,.F.);
#5147=ORIENTED_EDGE('',*,*,#3947,.F.);
#5148=ORIENTED_EDGE('',*,*,#3948,.T.);
#5149=ORIENTED_EDGE('',*,*,#3949,.T.);
#5150=ORIENTED_EDGE('',*,*,#3948,.F.);
#5151=ORIENTED_EDGE('',*,*,#3949,.F.);
#5152=ORIENTED_EDGE('',*,*,#3950,.T.);
#5153=ORIENTED_EDGE('',*,*,#3951,.T.);
#5154=ORIENTED_EDGE('',*,*,#3852,.T.);
#5155=ORIENTED_EDGE('',*,*,#3952,.F.);
#5156=ORIENTED_EDGE('',*,*,#3953,.T.);
#5157=ORIENTED_EDGE('',*,*,#3954,.T.);
#5158=ORIENTED_EDGE('',*,*,#3945,.T.);
#5159=ORIENTED_EDGE('',*,*,#3951,.F.);
#5160=ORIENTED_EDGE('',*,*,#3955,.T.);
#5161=ORIENTED_EDGE('',*,*,#3956,.T.);
#5162=ORIENTED_EDGE('',*,*,#3957,.F.);
#5163=ORIENTED_EDGE('',*,*,#3954,.F.);
#5164=ORIENTED_EDGE('',*,*,#3958,.F.);
#5165=ORIENTED_EDGE('',*,*,#3956,.F.);
#5166=ORIENTED_EDGE('',*,*,#3959,.T.);
#5167=ORIENTED_EDGE('',*,*,#3952,.T.);
#5168=ORIENTED_EDGE('',*,*,#3950,.F.);
#5169=ORIENTED_EDGE('',*,*,#3959,.F.);
#5170=ORIENTED_EDGE('',*,*,#3955,.F.);
#5171=ORIENTED_EDGE('',*,*,#3953,.F.);
#5172=ORIENTED_EDGE('',*,*,#3960,.F.);
#5173=ORIENTED_EDGE('',*,*,#3961,.T.);
#5174=ORIENTED_EDGE('',*,*,#3962,.T.);
#5175=ORIENTED_EDGE('',*,*,#3961,.F.);
#5176=ORIENTED_EDGE('',*,*,#3962,.F.);
#5177=ORIENTED_EDGE('',*,*,#3963,.T.);
#5178=ORIENTED_EDGE('',*,*,#3964,.T.);
#5179=ORIENTED_EDGE('',*,*,#3865,.T.);
#5180=ORIENTED_EDGE('',*,*,#3965,.F.);
#5181=ORIENTED_EDGE('',*,*,#3966,.T.);
#5182=ORIENTED_EDGE('',*,*,#3967,.T.);
#5183=ORIENTED_EDGE('',*,*,#3958,.T.);
#5184=ORIENTED_EDGE('',*,*,#3964,.F.);
#5185=ORIENTED_EDGE('',*,*,#3968,.T.);
#5186=ORIENTED_EDGE('',*,*,#3969,.T.);
#5187=ORIENTED_EDGE('',*,*,#3970,.F.);
#5188=ORIENTED_EDGE('',*,*,#3967,.F.);
#5189=ORIENTED_EDGE('',*,*,#3971,.F.);
#5190=ORIENTED_EDGE('',*,*,#3969,.F.);
#5191=ORIENTED_EDGE('',*,*,#3972,.T.);
#5192=ORIENTED_EDGE('',*,*,#3965,.T.);
#5193=ORIENTED_EDGE('',*,*,#3963,.F.);
#5194=ORIENTED_EDGE('',*,*,#3972,.F.);
#5195=ORIENTED_EDGE('',*,*,#3968,.F.);
#5196=ORIENTED_EDGE('',*,*,#3966,.F.);
#5197=ORIENTED_EDGE('',*,*,#3973,.F.);
#5198=ORIENTED_EDGE('',*,*,#3974,.T.);
#5199=ORIENTED_EDGE('',*,*,#3975,.T.);
#5200=ORIENTED_EDGE('',*,*,#3974,.F.);
#5201=ORIENTED_EDGE('',*,*,#3975,.F.);
#5202=ORIENTED_EDGE('',*,*,#3976,.T.);
#5203=ORIENTED_EDGE('',*,*,#3977,.T.);
#5204=ORIENTED_EDGE('',*,*,#3878,.T.);
#5205=ORIENTED_EDGE('',*,*,#3978,.F.);
#5206=ORIENTED_EDGE('',*,*,#3979,.T.);
#5207=ORIENTED_EDGE('',*,*,#3980,.T.);
#5208=ORIENTED_EDGE('',*,*,#3971,.T.);
#5209=ORIENTED_EDGE('',*,*,#3977,.F.);
#5210=ORIENTED_EDGE('',*,*,#3981,.T.);
#5211=ORIENTED_EDGE('',*,*,#3982,.T.);
#5212=ORIENTED_EDGE('',*,*,#3983,.F.);
#5213=ORIENTED_EDGE('',*,*,#3980,.F.);
#5214=ORIENTED_EDGE('',*,*,#3984,.T.);
#5215=ORIENTED_EDGE('',*,*,#3982,.F.);
#5216=ORIENTED_EDGE('',*,*,#3985,.T.);
#5217=ORIENTED_EDGE('',*,*,#3978,.T.);
#5218=ORIENTED_EDGE('',*,*,#3976,.F.);
#5219=ORIENTED_EDGE('',*,*,#3985,.F.);
#5220=ORIENTED_EDGE('',*,*,#3981,.F.);
#5221=ORIENTED_EDGE('',*,*,#3979,.F.);
#5222=ORIENTED_EDGE('',*,*,#3986,.F.);
#5223=ORIENTED_EDGE('',*,*,#3987,.T.);
#5224=ORIENTED_EDGE('',*,*,#3988,.T.);
#5225=ORIENTED_EDGE('',*,*,#3987,.F.);
#5226=ORIENTED_EDGE('',*,*,#3988,.F.);
#5227=ORIENTED_EDGE('',*,*,#3989,.T.);
#5228=ORIENTED_EDGE('',*,*,#3990,.T.);
#5229=ORIENTED_EDGE('',*,*,#3892,.T.);
#5230=ORIENTED_EDGE('',*,*,#3991,.F.);
#5231=ORIENTED_EDGE('',*,*,#3992,.T.);
#5232=ORIENTED_EDGE('',*,*,#3993,.T.);
#5233=ORIENTED_EDGE('',*,*,#3994,.T.);
#5234=ORIENTED_EDGE('',*,*,#3990,.F.);
#5235=ORIENTED_EDGE('',*,*,#3995,.T.);
#5236=ORIENTED_EDGE('',*,*,#3996,.T.);
#5237=ORIENTED_EDGE('',*,*,#3997,.F.);
#5238=ORIENTED_EDGE('',*,*,#3993,.F.);
#5239=ORIENTED_EDGE('',*,*,#3998,.F.);
#5240=ORIENTED_EDGE('',*,*,#3996,.F.);
#5241=ORIENTED_EDGE('',*,*,#3999,.T.);
#5242=ORIENTED_EDGE('',*,*,#3991,.T.);
#5243=ORIENTED_EDGE('',*,*,#3989,.F.);
#5244=ORIENTED_EDGE('',*,*,#3999,.F.);
#5245=ORIENTED_EDGE('',*,*,#3995,.F.);
#5246=ORIENTED_EDGE('',*,*,#3992,.F.);
#5247=ORIENTED_EDGE('',*,*,#4000,.F.);
#5248=ORIENTED_EDGE('',*,*,#4001,.T.);
#5249=ORIENTED_EDGE('',*,*,#4002,.T.);
#5250=ORIENTED_EDGE('',*,*,#4001,.F.);
#5251=ORIENTED_EDGE('',*,*,#4002,.F.);
#5252=ORIENTED_EDGE('',*,*,#4003,.T.);
#5253=ORIENTED_EDGE('',*,*,#4004,.T.);
#5254=ORIENTED_EDGE('',*,*,#3905,.T.);
#5255=ORIENTED_EDGE('',*,*,#4005,.F.);
#5256=ORIENTED_EDGE('',*,*,#4006,.T.);
#5257=ORIENTED_EDGE('',*,*,#4007,.T.);
#5258=ORIENTED_EDGE('',*,*,#3998,.T.);
#5259=ORIENTED_EDGE('',*,*,#4004,.F.);
#5260=ORIENTED_EDGE('',*,*,#4008,.T.);
#5261=ORIENTED_EDGE('',*,*,#4009,.T.);
#5262=ORIENTED_EDGE('',*,*,#4010,.F.);
#5263=ORIENTED_EDGE('',*,*,#4007,.F.);
#5264=ORIENTED_EDGE('',*,*,#4011,.F.);
#5265=ORIENTED_EDGE('',*,*,#4009,.F.);
#5266=ORIENTED_EDGE('',*,*,#4012,.T.);
#5267=ORIENTED_EDGE('',*,*,#4005,.T.);
#5268=ORIENTED_EDGE('',*,*,#4003,.F.);
#5269=ORIENTED_EDGE('',*,*,#4012,.F.);
#5270=ORIENTED_EDGE('',*,*,#4008,.F.);
#5271=ORIENTED_EDGE('',*,*,#4006,.F.);
#5272=ORIENTED_EDGE('',*,*,#4013,.F.);
#5273=ORIENTED_EDGE('',*,*,#4014,.T.);
#5274=ORIENTED_EDGE('',*,*,#4015,.T.);
#5275=ORIENTED_EDGE('',*,*,#4014,.F.);
#5276=ORIENTED_EDGE('',*,*,#4015,.F.);
#5277=ORIENTED_EDGE('',*,*,#4016,.T.);
#5278=ORIENTED_EDGE('',*,*,#4017,.T.);
#5279=ORIENTED_EDGE('',*,*,#3918,.T.);
#5280=ORIENTED_EDGE('',*,*,#4018,.F.);
#5281=ORIENTED_EDGE('',*,*,#4019,.T.);
#5282=ORIENTED_EDGE('',*,*,#4020,.T.);
#5283=ORIENTED_EDGE('',*,*,#4011,.T.);
#5284=ORIENTED_EDGE('',*,*,#4017,.F.);
#5285=ORIENTED_EDGE('',*,*,#4021,.T.);
#5286=ORIENTED_EDGE('',*,*,#4022,.T.);
#5287=ORIENTED_EDGE('',*,*,#4023,.F.);
#5288=ORIENTED_EDGE('',*,*,#4020,.F.);
#5289=ORIENTED_EDGE('',*,*,#4024,.F.);
#5290=ORIENTED_EDGE('',*,*,#4022,.F.);
#5291=ORIENTED_EDGE('',*,*,#4025,.T.);
#5292=ORIENTED_EDGE('',*,*,#4018,.T.);
#5293=ORIENTED_EDGE('',*,*,#4016,.F.);
#5294=ORIENTED_EDGE('',*,*,#4025,.F.);
#5295=ORIENTED_EDGE('',*,*,#4021,.F.);
#5296=ORIENTED_EDGE('',*,*,#4019,.F.);
#5297=ORIENTED_EDGE('',*,*,#4026,.F.);
#5298=ORIENTED_EDGE('',*,*,#4027,.T.);
#5299=ORIENTED_EDGE('',*,*,#4028,.T.);
#5300=ORIENTED_EDGE('',*,*,#4027,.F.);
#5301=ORIENTED_EDGE('',*,*,#4028,.F.);
#5302=ORIENTED_EDGE('',*,*,#4029,.T.);
#5303=ORIENTED_EDGE('',*,*,#4030,.T.);
#5304=ORIENTED_EDGE('',*,*,#3931,.T.);
#5305=ORIENTED_EDGE('',*,*,#4031,.F.);
#5306=ORIENTED_EDGE('',*,*,#4032,.T.);
#5307=ORIENTED_EDGE('',*,*,#4033,.T.);
#5308=ORIENTED_EDGE('',*,*,#4024,.T.);
#5309=ORIENTED_EDGE('',*,*,#4030,.F.);
#5310=ORIENTED_EDGE('',*,*,#4034,.T.);
#5311=ORIENTED_EDGE('',*,*,#4035,.T.);
#5312=ORIENTED_EDGE('',*,*,#4036,.F.);
#5313=ORIENTED_EDGE('',*,*,#4033,.F.);
#5314=ORIENTED_EDGE('',*,*,#4037,.F.);
#5315=ORIENTED_EDGE('',*,*,#4035,.F.);
#5316=ORIENTED_EDGE('',*,*,#4038,.T.);
#5317=ORIENTED_EDGE('',*,*,#4031,.T.);
#5318=ORIENTED_EDGE('',*,*,#4029,.F.);
#5319=ORIENTED_EDGE('',*,*,#4038,.F.);
#5320=ORIENTED_EDGE('',*,*,#4034,.F.);
#5321=ORIENTED_EDGE('',*,*,#4032,.F.);
#5322=ORIENTED_EDGE('',*,*,#4039,.F.);
#5323=ORIENTED_EDGE('',*,*,#4040,.T.);
#5324=ORIENTED_EDGE('',*,*,#4041,.T.);
#5325=ORIENTED_EDGE('',*,*,#4040,.F.);
#5326=ORIENTED_EDGE('',*,*,#4041,.F.);
#5327=ORIENTED_EDGE('',*,*,#4042,.T.);
#5328=ORIENTED_EDGE('',*,*,#4043,.T.);
#5329=ORIENTED_EDGE('',*,*,#3944,.T.);
#5330=ORIENTED_EDGE('',*,*,#4044,.F.);
#5331=ORIENTED_EDGE('',*,*,#4045,.T.);
#5332=ORIENTED_EDGE('',*,*,#4046,.T.);
#5333=ORIENTED_EDGE('',*,*,#4037,.T.);
#5334=ORIENTED_EDGE('',*,*,#4043,.F.);
#5335=ORIENTED_EDGE('',*,*,#4047,.T.);
#5336=ORIENTED_EDGE('',*,*,#4048,.T.);
#5337=ORIENTED_EDGE('',*,*,#4049,.F.);
#5338=ORIENTED_EDGE('',*,*,#4046,.F.);
#5339=ORIENTED_EDGE('',*,*,#4050,.F.);
#5340=ORIENTED_EDGE('',*,*,#4048,.F.);
#5341=ORIENTED_EDGE('',*,*,#4051,.T.);
#5342=ORIENTED_EDGE('',*,*,#4044,.T.);
#5343=ORIENTED_EDGE('',*,*,#4042,.F.);
#5344=ORIENTED_EDGE('',*,*,#4051,.F.);
#5345=ORIENTED_EDGE('',*,*,#4047,.F.);
#5346=ORIENTED_EDGE('',*,*,#4045,.F.);
#5347=ORIENTED_EDGE('',*,*,#4052,.F.);
#5348=ORIENTED_EDGE('',*,*,#4053,.T.);
#5349=ORIENTED_EDGE('',*,*,#4054,.T.);
#5350=ORIENTED_EDGE('',*,*,#4053,.F.);
#5351=ORIENTED_EDGE('',*,*,#4054,.F.);
#5352=ORIENTED_EDGE('',*,*,#4055,.T.);
#5353=ORIENTED_EDGE('',*,*,#4056,.T.);
#5354=ORIENTED_EDGE('',*,*,#3957,.T.);
#5355=ORIENTED_EDGE('',*,*,#4057,.F.);
#5356=ORIENTED_EDGE('',*,*,#4058,.T.);
#5357=ORIENTED_EDGE('',*,*,#4059,.T.);
#5358=ORIENTED_EDGE('',*,*,#4050,.T.);
#5359=ORIENTED_EDGE('',*,*,#4056,.F.);
#5360=ORIENTED_EDGE('',*,*,#4060,.T.);
#5361=ORIENTED_EDGE('',*,*,#4061,.T.);
#5362=ORIENTED_EDGE('',*,*,#4062,.F.);
#5363=ORIENTED_EDGE('',*,*,#4059,.F.);
#5364=ORIENTED_EDGE('',*,*,#4063,.F.);
#5365=ORIENTED_EDGE('',*,*,#4061,.F.);
#5366=ORIENTED_EDGE('',*,*,#4064,.T.);
#5367=ORIENTED_EDGE('',*,*,#4057,.T.);
#5368=ORIENTED_EDGE('',*,*,#4055,.F.);
#5369=ORIENTED_EDGE('',*,*,#4064,.F.);
#5370=ORIENTED_EDGE('',*,*,#4060,.F.);
#5371=ORIENTED_EDGE('',*,*,#4058,.F.);
#5372=ORIENTED_EDGE('',*,*,#4065,.F.);
#5373=ORIENTED_EDGE('',*,*,#4066,.T.);
#5374=ORIENTED_EDGE('',*,*,#4067,.T.);
#5375=ORIENTED_EDGE('',*,*,#4066,.F.);
#5376=ORIENTED_EDGE('',*,*,#4067,.F.);
#5377=ORIENTED_EDGE('',*,*,#4068,.T.);
#5378=ORIENTED_EDGE('',*,*,#4069,.T.);
#5379=ORIENTED_EDGE('',*,*,#3970,.T.);
#5380=ORIENTED_EDGE('',*,*,#4070,.F.);
#5381=ORIENTED_EDGE('',*,*,#4071,.T.);
#5382=ORIENTED_EDGE('',*,*,#4072,.T.);
#5383=ORIENTED_EDGE('',*,*,#4063,.T.);
#5384=ORIENTED_EDGE('',*,*,#4069,.F.);
#5385=ORIENTED_EDGE('',*,*,#4073,.T.);
#5386=ORIENTED_EDGE('',*,*,#4074,.T.);
#5387=ORIENTED_EDGE('',*,*,#4075,.F.);
#5388=ORIENTED_EDGE('',*,*,#4072,.F.);
#5389=ORIENTED_EDGE('',*,*,#4076,.F.);
#5390=ORIENTED_EDGE('',*,*,#4074,.F.);
#5391=ORIENTED_EDGE('',*,*,#4077,.T.);
#5392=ORIENTED_EDGE('',*,*,#4070,.T.);
#5393=ORIENTED_EDGE('',*,*,#4068,.F.);
#5394=ORIENTED_EDGE('',*,*,#4077,.F.);
#5395=ORIENTED_EDGE('',*,*,#4073,.F.);
#5396=ORIENTED_EDGE('',*,*,#4071,.F.);
#5397=ORIENTED_EDGE('',*,*,#4078,.F.);
#5398=ORIENTED_EDGE('',*,*,#4079,.T.);
#5399=ORIENTED_EDGE('',*,*,#4080,.T.);
#5400=ORIENTED_EDGE('',*,*,#4079,.F.);
#5401=ORIENTED_EDGE('',*,*,#4080,.F.);
#5402=ORIENTED_EDGE('',*,*,#4081,.T.);
#5403=ORIENTED_EDGE('',*,*,#4082,.T.);
#5404=ORIENTED_EDGE('',*,*,#3983,.T.);
#5405=ORIENTED_EDGE('',*,*,#4083,.F.);
#5406=ORIENTED_EDGE('',*,*,#4084,.T.);
#5407=ORIENTED_EDGE('',*,*,#4085,.T.);
#5408=ORIENTED_EDGE('',*,*,#4076,.T.);
#5409=ORIENTED_EDGE('',*,*,#4082,.F.);
#5410=ORIENTED_EDGE('',*,*,#4086,.T.);
#5411=ORIENTED_EDGE('',*,*,#4087,.T.);
#5412=ORIENTED_EDGE('',*,*,#4088,.F.);
#5413=ORIENTED_EDGE('',*,*,#4085,.F.);
#5414=ORIENTED_EDGE('',*,*,#4089,.T.);
#5415=ORIENTED_EDGE('',*,*,#4087,.F.);
#5416=ORIENTED_EDGE('',*,*,#4090,.T.);
#5417=ORIENTED_EDGE('',*,*,#4083,.T.);
#5418=ORIENTED_EDGE('',*,*,#4081,.F.);
#5419=ORIENTED_EDGE('',*,*,#4090,.F.);
#5420=ORIENTED_EDGE('',*,*,#4086,.F.);
#5421=ORIENTED_EDGE('',*,*,#4084,.F.);
#5422=ORIENTED_EDGE('',*,*,#4091,.F.);
#5423=ORIENTED_EDGE('',*,*,#4092,.T.);
#5424=ORIENTED_EDGE('',*,*,#4093,.T.);
#5425=ORIENTED_EDGE('',*,*,#4092,.F.);
#5426=ORIENTED_EDGE('',*,*,#4093,.F.);
#5427=ORIENTED_EDGE('',*,*,#4094,.T.);
#5428=ORIENTED_EDGE('',*,*,#4095,.T.);
#5429=ORIENTED_EDGE('',*,*,#3997,.T.);
#5430=ORIENTED_EDGE('',*,*,#4096,.F.);
#5431=ORIENTED_EDGE('',*,*,#4097,.T.);
#5432=ORIENTED_EDGE('',*,*,#4098,.T.);
#5433=ORIENTED_EDGE('',*,*,#4099,.T.);
#5434=ORIENTED_EDGE('',*,*,#4095,.F.);
#5435=ORIENTED_EDGE('',*,*,#4100,.T.);
#5436=ORIENTED_EDGE('',*,*,#4101,.T.);
#5437=ORIENTED_EDGE('',*,*,#4102,.F.);
#5438=ORIENTED_EDGE('',*,*,#4098,.F.);
#5439=ORIENTED_EDGE('',*,*,#4103,.F.);
#5440=ORIENTED_EDGE('',*,*,#4101,.F.);
#5441=ORIENTED_EDGE('',*,*,#4104,.T.);
#5442=ORIENTED_EDGE('',*,*,#4096,.T.);
#5443=ORIENTED_EDGE('',*,*,#4094,.F.);
#5444=ORIENTED_EDGE('',*,*,#4104,.F.);
#5445=ORIENTED_EDGE('',*,*,#4100,.F.);
#5446=ORIENTED_EDGE('',*,*,#4097,.F.);
#5447=ORIENTED_EDGE('',*,*,#4105,.F.);
#5448=ORIENTED_EDGE('',*,*,#4106,.T.);
#5449=ORIENTED_EDGE('',*,*,#4107,.T.);
#5450=ORIENTED_EDGE('',*,*,#4106,.F.);
#5451=ORIENTED_EDGE('',*,*,#4107,.F.);
#5452=ORIENTED_EDGE('',*,*,#4108,.T.);
#5453=ORIENTED_EDGE('',*,*,#4109,.T.);
#5454=ORIENTED_EDGE('',*,*,#4010,.T.);
#5455=ORIENTED_EDGE('',*,*,#4110,.F.);
#5456=ORIENTED_EDGE('',*,*,#4111,.T.);
#5457=ORIENTED_EDGE('',*,*,#4112,.T.);
#5458=ORIENTED_EDGE('',*,*,#4103,.T.);
#5459=ORIENTED_EDGE('',*,*,#4109,.F.);
#5460=ORIENTED_EDGE('',*,*,#4113,.T.);
#5461=ORIENTED_EDGE('',*,*,#4114,.T.);
#5462=ORIENTED_EDGE('',*,*,#4115,.F.);
#5463=ORIENTED_EDGE('',*,*,#4112,.F.);
#5464=ORIENTED_EDGE('',*,*,#4116,.F.);
#5465=ORIENTED_EDGE('',*,*,#4114,.F.);
#5466=ORIENTED_EDGE('',*,*,#4117,.T.);
#5467=ORIENTED_EDGE('',*,*,#4110,.T.);
#5468=ORIENTED_EDGE('',*,*,#4108,.F.);
#5469=ORIENTED_EDGE('',*,*,#4117,.F.);
#5470=ORIENTED_EDGE('',*,*,#4113,.F.);
#5471=ORIENTED_EDGE('',*,*,#4111,.F.);
#5472=ORIENTED_EDGE('',*,*,#4118,.F.);
#5473=ORIENTED_EDGE('',*,*,#4119,.T.);
#5474=ORIENTED_EDGE('',*,*,#4120,.T.);
#5475=ORIENTED_EDGE('',*,*,#4119,.F.);
#5476=ORIENTED_EDGE('',*,*,#4120,.F.);
#5477=ORIENTED_EDGE('',*,*,#4121,.T.);
#5478=ORIENTED_EDGE('',*,*,#4122,.T.);
#5479=ORIENTED_EDGE('',*,*,#4023,.T.);
#5480=ORIENTED_EDGE('',*,*,#4123,.F.);
#5481=ORIENTED_EDGE('',*,*,#4124,.T.);
#5482=ORIENTED_EDGE('',*,*,#4125,.T.);
#5483=ORIENTED_EDGE('',*,*,#4116,.T.);
#5484=ORIENTED_EDGE('',*,*,#4122,.F.);
#5485=ORIENTED_EDGE('',*,*,#4126,.T.);
#5486=ORIENTED_EDGE('',*,*,#4127,.T.);
#5487=ORIENTED_EDGE('',*,*,#4128,.F.);
#5488=ORIENTED_EDGE('',*,*,#4125,.F.);
#5489=ORIENTED_EDGE('',*,*,#4129,.F.);
#5490=ORIENTED_EDGE('',*,*,#4127,.F.);
#5491=ORIENTED_EDGE('',*,*,#4130,.T.);
#5492=ORIENTED_EDGE('',*,*,#4123,.T.);
#5493=ORIENTED_EDGE('',*,*,#4121,.F.);
#5494=ORIENTED_EDGE('',*,*,#4130,.F.);
#5495=ORIENTED_EDGE('',*,*,#4126,.F.);
#5496=ORIENTED_EDGE('',*,*,#4124,.F.);
#5497=ORIENTED_EDGE('',*,*,#4131,.F.);
#5498=ORIENTED_EDGE('',*,*,#4132,.T.);
#5499=ORIENTED_EDGE('',*,*,#4133,.T.);
#5500=ORIENTED_EDGE('',*,*,#4132,.F.);
#5501=ORIENTED_EDGE('',*,*,#4133,.F.);
#5502=ORIENTED_EDGE('',*,*,#4134,.T.);
#5503=ORIENTED_EDGE('',*,*,#4135,.T.);
#5504=ORIENTED_EDGE('',*,*,#4036,.T.);
#5505=ORIENTED_EDGE('',*,*,#4136,.F.);
#5506=ORIENTED_EDGE('',*,*,#4137,.T.);
#5507=ORIENTED_EDGE('',*,*,#4138,.T.);
#5508=ORIENTED_EDGE('',*,*,#4129,.T.);
#5509=ORIENTED_EDGE('',*,*,#4135,.F.);
#5510=ORIENTED_EDGE('',*,*,#4139,.T.);
#5511=ORIENTED_EDGE('',*,*,#4140,.T.);
#5512=ORIENTED_EDGE('',*,*,#4141,.F.);
#5513=ORIENTED_EDGE('',*,*,#4138,.F.);
#5514=ORIENTED_EDGE('',*,*,#4142,.F.);
#5515=ORIENTED_EDGE('',*,*,#4140,.F.);
#5516=ORIENTED_EDGE('',*,*,#4143,.T.);
#5517=ORIENTED_EDGE('',*,*,#4136,.T.);
#5518=ORIENTED_EDGE('',*,*,#4134,.F.);
#5519=ORIENTED_EDGE('',*,*,#4143,.F.);
#5520=ORIENTED_EDGE('',*,*,#4139,.F.);
#5521=ORIENTED_EDGE('',*,*,#4137,.F.);
#5522=ORIENTED_EDGE('',*,*,#4144,.F.);
#5523=ORIENTED_EDGE('',*,*,#4145,.T.);
#5524=ORIENTED_EDGE('',*,*,#4146,.T.);
#5525=ORIENTED_EDGE('',*,*,#4145,.F.);
#5526=ORIENTED_EDGE('',*,*,#4146,.F.);
#5527=ORIENTED_EDGE('',*,*,#4147,.T.);
#5528=ORIENTED_EDGE('',*,*,#4148,.T.);
#5529=ORIENTED_EDGE('',*,*,#4049,.T.);
#5530=ORIENTED_EDGE('',*,*,#4149,.F.);
#5531=ORIENTED_EDGE('',*,*,#4150,.T.);
#5532=ORIENTED_EDGE('',*,*,#4151,.T.);
#5533=ORIENTED_EDGE('',*,*,#4142,.T.);
#5534=ORIENTED_EDGE('',*,*,#4148,.F.);
#5535=ORIENTED_EDGE('',*,*,#4152,.T.);
#5536=ORIENTED_EDGE('',*,*,#4153,.T.);
#5537=ORIENTED_EDGE('',*,*,#4154,.F.);
#5538=ORIENTED_EDGE('',*,*,#4151,.F.);
#5539=ORIENTED_EDGE('',*,*,#4155,.F.);
#5540=ORIENTED_EDGE('',*,*,#4153,.F.);
#5541=ORIENTED_EDGE('',*,*,#4156,.T.);
#5542=ORIENTED_EDGE('',*,*,#4149,.T.);
#5543=ORIENTED_EDGE('',*,*,#4147,.F.);
#5544=ORIENTED_EDGE('',*,*,#4156,.F.);
#5545=ORIENTED_EDGE('',*,*,#4152,.F.);
#5546=ORIENTED_EDGE('',*,*,#4150,.F.);
#5547=ORIENTED_EDGE('',*,*,#4157,.F.);
#5548=ORIENTED_EDGE('',*,*,#4158,.T.);
#5549=ORIENTED_EDGE('',*,*,#4159,.T.);
#5550=ORIENTED_EDGE('',*,*,#4158,.F.);
#5551=ORIENTED_EDGE('',*,*,#4159,.F.);
#5552=ORIENTED_EDGE('',*,*,#4160,.T.);
#5553=ORIENTED_EDGE('',*,*,#4161,.T.);
#5554=ORIENTED_EDGE('',*,*,#4062,.T.);
#5555=ORIENTED_EDGE('',*,*,#4162,.F.);
#5556=ORIENTED_EDGE('',*,*,#4163,.T.);
#5557=ORIENTED_EDGE('',*,*,#4164,.T.);
#5558=ORIENTED_EDGE('',*,*,#4155,.T.);
#5559=ORIENTED_EDGE('',*,*,#4161,.F.);
#5560=ORIENTED_EDGE('',*,*,#4165,.T.);
#5561=ORIENTED_EDGE('',*,*,#4166,.T.);
#5562=ORIENTED_EDGE('',*,*,#4167,.F.);
#5563=ORIENTED_EDGE('',*,*,#4164,.F.);
#5564=ORIENTED_EDGE('',*,*,#4168,.F.);
#5565=ORIENTED_EDGE('',*,*,#4166,.F.);
#5566=ORIENTED_EDGE('',*,*,#4169,.T.);
#5567=ORIENTED_EDGE('',*,*,#4162,.T.);
#5568=ORIENTED_EDGE('',*,*,#4160,.F.);
#5569=ORIENTED_EDGE('',*,*,#4169,.F.);
#5570=ORIENTED_EDGE('',*,*,#4165,.F.);
#5571=ORIENTED_EDGE('',*,*,#4163,.F.);
#5572=ORIENTED_EDGE('',*,*,#4170,.F.);
#5573=ORIENTED_EDGE('',*,*,#4171,.T.);
#5574=ORIENTED_EDGE('',*,*,#4172,.T.);
#5575=ORIENTED_EDGE('',*,*,#4171,.F.);
#5576=ORIENTED_EDGE('',*,*,#4172,.F.);
#5577=ORIENTED_EDGE('',*,*,#4173,.T.);
#5578=ORIENTED_EDGE('',*,*,#4174,.T.);
#5579=ORIENTED_EDGE('',*,*,#4075,.T.);
#5580=ORIENTED_EDGE('',*,*,#4175,.F.);
#5581=ORIENTED_EDGE('',*,*,#4176,.T.);
#5582=ORIENTED_EDGE('',*,*,#4177,.T.);
#5583=ORIENTED_EDGE('',*,*,#4168,.T.);
#5584=ORIENTED_EDGE('',*,*,#4174,.F.);
#5585=ORIENTED_EDGE('',*,*,#4178,.T.);
#5586=ORIENTED_EDGE('',*,*,#4179,.T.);
#5587=ORIENTED_EDGE('',*,*,#4180,.F.);
#5588=ORIENTED_EDGE('',*,*,#4177,.F.);
#5589=ORIENTED_EDGE('',*,*,#4181,.F.);
#5590=ORIENTED_EDGE('',*,*,#4179,.F.);
#5591=ORIENTED_EDGE('',*,*,#4182,.T.);
#5592=ORIENTED_EDGE('',*,*,#4175,.T.);
#5593=ORIENTED_EDGE('',*,*,#4173,.F.);
#5594=ORIENTED_EDGE('',*,*,#4182,.F.);
#5595=ORIENTED_EDGE('',*,*,#4178,.F.);
#5596=ORIENTED_EDGE('',*,*,#4176,.F.);
#5597=ORIENTED_EDGE('',*,*,#4183,.F.);
#5598=ORIENTED_EDGE('',*,*,#4184,.T.);
#5599=ORIENTED_EDGE('',*,*,#4185,.T.);
#5600=ORIENTED_EDGE('',*,*,#4184,.F.);
#5601=ORIENTED_EDGE('',*,*,#4185,.F.);
#5602=ORIENTED_EDGE('',*,*,#4186,.T.);
#5603=ORIENTED_EDGE('',*,*,#4187,.T.);
#5604=ORIENTED_EDGE('',*,*,#4088,.T.);
#5605=ORIENTED_EDGE('',*,*,#4188,.F.);
#5606=ORIENTED_EDGE('',*,*,#4189,.T.);
#5607=ORIENTED_EDGE('',*,*,#4190,.T.);
#5608=ORIENTED_EDGE('',*,*,#4181,.T.);
#5609=ORIENTED_EDGE('',*,*,#4187,.F.);
#5610=ORIENTED_EDGE('',*,*,#4191,.T.);
#5611=ORIENTED_EDGE('',*,*,#4192,.T.);
#5612=ORIENTED_EDGE('',*,*,#4193,.F.);
#5613=ORIENTED_EDGE('',*,*,#4190,.F.);
#5614=ORIENTED_EDGE('',*,*,#4194,.T.);
#5615=ORIENTED_EDGE('',*,*,#4192,.F.);
#5616=ORIENTED_EDGE('',*,*,#4195,.T.);
#5617=ORIENTED_EDGE('',*,*,#4188,.T.);
#5618=ORIENTED_EDGE('',*,*,#4186,.F.);
#5619=ORIENTED_EDGE('',*,*,#4195,.F.);
#5620=ORIENTED_EDGE('',*,*,#4191,.F.);
#5621=ORIENTED_EDGE('',*,*,#4189,.F.);
#5622=ORIENTED_EDGE('',*,*,#4196,.F.);
#5623=ORIENTED_EDGE('',*,*,#4197,.T.);
#5624=ORIENTED_EDGE('',*,*,#4198,.T.);
#5625=ORIENTED_EDGE('',*,*,#4197,.F.);
#5626=ORIENTED_EDGE('',*,*,#4198,.F.);
#5627=ORIENTED_EDGE('',*,*,#4199,.T.);
#5628=ORIENTED_EDGE('',*,*,#4200,.T.);
#5629=ORIENTED_EDGE('',*,*,#4102,.T.);
#5630=ORIENTED_EDGE('',*,*,#4201,.F.);
#5631=ORIENTED_EDGE('',*,*,#4202,.T.);
#5632=ORIENTED_EDGE('',*,*,#4203,.T.);
#5633=ORIENTED_EDGE('',*,*,#4204,.T.);
#5634=ORIENTED_EDGE('',*,*,#4200,.F.);
#5635=ORIENTED_EDGE('',*,*,#4205,.T.);
#5636=ORIENTED_EDGE('',*,*,#4206,.T.);
#5637=ORIENTED_EDGE('',*,*,#4207,.F.);
#5638=ORIENTED_EDGE('',*,*,#4203,.F.);
#5639=ORIENTED_EDGE('',*,*,#4208,.F.);
#5640=ORIENTED_EDGE('',*,*,#4206,.F.);
#5641=ORIENTED_EDGE('',*,*,#4209,.T.);
#5642=ORIENTED_EDGE('',*,*,#4201,.T.);
#5643=ORIENTED_EDGE('',*,*,#4199,.F.);
#5644=ORIENTED_EDGE('',*,*,#4209,.F.);
#5645=ORIENTED_EDGE('',*,*,#4205,.F.);
#5646=ORIENTED_EDGE('',*,*,#4202,.F.);
#5647=ORIENTED_EDGE('',*,*,#4210,.F.);
#5648=ORIENTED_EDGE('',*,*,#4211,.T.);
#5649=ORIENTED_EDGE('',*,*,#4212,.T.);
#5650=ORIENTED_EDGE('',*,*,#4211,.F.);
#5651=ORIENTED_EDGE('',*,*,#4212,.F.);
#5652=ORIENTED_EDGE('',*,*,#4213,.T.);
#5653=ORIENTED_EDGE('',*,*,#4214,.T.);
#5654=ORIENTED_EDGE('',*,*,#4115,.T.);
#5655=ORIENTED_EDGE('',*,*,#4215,.F.);
#5656=ORIENTED_EDGE('',*,*,#4216,.T.);
#5657=ORIENTED_EDGE('',*,*,#4217,.T.);
#5658=ORIENTED_EDGE('',*,*,#4208,.T.);
#5659=ORIENTED_EDGE('',*,*,#4214,.F.);
#5660=ORIENTED_EDGE('',*,*,#4218,.T.);
#5661=ORIENTED_EDGE('',*,*,#4219,.T.);
#5662=ORIENTED_EDGE('',*,*,#4220,.F.);
#5663=ORIENTED_EDGE('',*,*,#4217,.F.);
#5664=ORIENTED_EDGE('',*,*,#4221,.F.);
#5665=ORIENTED_EDGE('',*,*,#4219,.F.);
#5666=ORIENTED_EDGE('',*,*,#4222,.T.);
#5667=ORIENTED_EDGE('',*,*,#4215,.T.);
#5668=ORIENTED_EDGE('',*,*,#4213,.F.);
#5669=ORIENTED_EDGE('',*,*,#4222,.F.);
#5670=ORIENTED_EDGE('',*,*,#4218,.F.);
#5671=ORIENTED_EDGE('',*,*,#4216,.F.);
#5672=ORIENTED_EDGE('',*,*,#4223,.F.);
#5673=ORIENTED_EDGE('',*,*,#4224,.T.);
#5674=ORIENTED_EDGE('',*,*,#4225,.T.);
#5675=ORIENTED_EDGE('',*,*,#4224,.F.);
#5676=ORIENTED_EDGE('',*,*,#4225,.F.);
#5677=ORIENTED_EDGE('',*,*,#4226,.T.);
#5678=ORIENTED_EDGE('',*,*,#4227,.T.);
#5679=ORIENTED_EDGE('',*,*,#4128,.T.);
#5680=ORIENTED_EDGE('',*,*,#4228,.F.);
#5681=ORIENTED_EDGE('',*,*,#4229,.T.);
#5682=ORIENTED_EDGE('',*,*,#4230,.T.);
#5683=ORIENTED_EDGE('',*,*,#4221,.T.);
#5684=ORIENTED_EDGE('',*,*,#4227,.F.);
#5685=ORIENTED_EDGE('',*,*,#4231,.T.);
#5686=ORIENTED_EDGE('',*,*,#4232,.T.);
#5687=ORIENTED_EDGE('',*,*,#4233,.F.);
#5688=ORIENTED_EDGE('',*,*,#4230,.F.);
#5689=ORIENTED_EDGE('',*,*,#4234,.F.);
#5690=ORIENTED_EDGE('',*,*,#4232,.F.);
#5691=ORIENTED_EDGE('',*,*,#4235,.T.);
#5692=ORIENTED_EDGE('',*,*,#4228,.T.);
#5693=ORIENTED_EDGE('',*,*,#4226,.F.);
#5694=ORIENTED_EDGE('',*,*,#4235,.F.);
#5695=ORIENTED_EDGE('',*,*,#4231,.F.);
#5696=ORIENTED_EDGE('',*,*,#4229,.F.);
#5697=ORIENTED_EDGE('',*,*,#4236,.F.);
#5698=ORIENTED_EDGE('',*,*,#4237,.T.);
#5699=ORIENTED_EDGE('',*,*,#4238,.T.);
#5700=ORIENTED_EDGE('',*,*,#4237,.F.);
#5701=ORIENTED_EDGE('',*,*,#4238,.F.);
#5702=ORIENTED_EDGE('',*,*,#4239,.T.);
#5703=ORIENTED_EDGE('',*,*,#4240,.T.);
#5704=ORIENTED_EDGE('',*,*,#4141,.T.);
#5705=ORIENTED_EDGE('',*,*,#4241,.F.);
#5706=ORIENTED_EDGE('',*,*,#4242,.T.);
#5707=ORIENTED_EDGE('',*,*,#4243,.T.);
#5708=ORIENTED_EDGE('',*,*,#4234,.T.);
#5709=ORIENTED_EDGE('',*,*,#4240,.F.);
#5710=ORIENTED_EDGE('',*,*,#4244,.T.);
#5711=ORIENTED_EDGE('',*,*,#4245,.T.);
#5712=ORIENTED_EDGE('',*,*,#4246,.F.);
#5713=ORIENTED_EDGE('',*,*,#4243,.F.);
#5714=ORIENTED_EDGE('',*,*,#4247,.F.);
#5715=ORIENTED_EDGE('',*,*,#4245,.F.);
#5716=ORIENTED_EDGE('',*,*,#4248,.T.);
#5717=ORIENTED_EDGE('',*,*,#4241,.T.);
#5718=ORIENTED_EDGE('',*,*,#4239,.F.);
#5719=ORIENTED_EDGE('',*,*,#4248,.F.);
#5720=ORIENTED_EDGE('',*,*,#4244,.F.);
#5721=ORIENTED_EDGE('',*,*,#4242,.F.);
#5722=ORIENTED_EDGE('',*,*,#4249,.F.);
#5723=ORIENTED_EDGE('',*,*,#4250,.T.);
#5724=ORIENTED_EDGE('',*,*,#4251,.T.);
#5725=ORIENTED_EDGE('',*,*,#4250,.F.);
#5726=ORIENTED_EDGE('',*,*,#4251,.F.);
#5727=ORIENTED_EDGE('',*,*,#4252,.T.);
#5728=ORIENTED_EDGE('',*,*,#4253,.T.);
#5729=ORIENTED_EDGE('',*,*,#4154,.T.);
#5730=ORIENTED_EDGE('',*,*,#4254,.F.);
#5731=ORIENTED_EDGE('',*,*,#4255,.T.);
#5732=ORIENTED_EDGE('',*,*,#4256,.T.);
#5733=ORIENTED_EDGE('',*,*,#4247,.T.);
#5734=ORIENTED_EDGE('',*,*,#4253,.F.);
#5735=ORIENTED_EDGE('',*,*,#4257,.T.);
#5736=ORIENTED_EDGE('',*,*,#4258,.T.);
#5737=ORIENTED_EDGE('',*,*,#4259,.F.);
#5738=ORIENTED_EDGE('',*,*,#4256,.F.);
#5739=ORIENTED_EDGE('',*,*,#4260,.F.);
#5740=ORIENTED_EDGE('',*,*,#4258,.F.);
#5741=ORIENTED_EDGE('',*,*,#4261,.T.);
#5742=ORIENTED_EDGE('',*,*,#4254,.T.);
#5743=ORIENTED_EDGE('',*,*,#4252,.F.);
#5744=ORIENTED_EDGE('',*,*,#4261,.F.);
#5745=ORIENTED_EDGE('',*,*,#4257,.F.);
#5746=ORIENTED_EDGE('',*,*,#4255,.F.);
#5747=ORIENTED_EDGE('',*,*,#4262,.F.);
#5748=ORIENTED_EDGE('',*,*,#4263,.T.);
#5749=ORIENTED_EDGE('',*,*,#4264,.T.);
#5750=ORIENTED_EDGE('',*,*,#4263,.F.);
#5751=ORIENTED_EDGE('',*,*,#4264,.F.);
#5752=ORIENTED_EDGE('',*,*,#4265,.T.);
#5753=ORIENTED_EDGE('',*,*,#4266,.T.);
#5754=ORIENTED_EDGE('',*,*,#4167,.T.);
#5755=ORIENTED_EDGE('',*,*,#4267,.F.);
#5756=ORIENTED_EDGE('',*,*,#4268,.T.);
#5757=ORIENTED_EDGE('',*,*,#4269,.T.);
#5758=ORIENTED_EDGE('',*,*,#4260,.T.);
#5759=ORIENTED_EDGE('',*,*,#4266,.F.);
#5760=ORIENTED_EDGE('',*,*,#4270,.T.);
#5761=ORIENTED_EDGE('',*,*,#4271,.T.);
#5762=ORIENTED_EDGE('',*,*,#4272,.F.);
#5763=ORIENTED_EDGE('',*,*,#4269,.F.);
#5764=ORIENTED_EDGE('',*,*,#4273,.F.);
#5765=ORIENTED_EDGE('',*,*,#4271,.F.);
#5766=ORIENTED_EDGE('',*,*,#4274,.T.);
#5767=ORIENTED_EDGE('',*,*,#4267,.T.);
#5768=ORIENTED_EDGE('',*,*,#4265,.F.);
#5769=ORIENTED_EDGE('',*,*,#4274,.F.);
#5770=ORIENTED_EDGE('',*,*,#4270,.F.);
#5771=ORIENTED_EDGE('',*,*,#4268,.F.);
#5772=ORIENTED_EDGE('',*,*,#4275,.F.);
#5773=ORIENTED_EDGE('',*,*,#4276,.T.);
#5774=ORIENTED_EDGE('',*,*,#4277,.T.);
#5775=ORIENTED_EDGE('',*,*,#4276,.F.);
#5776=ORIENTED_EDGE('',*,*,#4277,.F.);
#5777=ORIENTED_EDGE('',*,*,#4278,.T.);
#5778=ORIENTED_EDGE('',*,*,#4279,.T.);
#5779=ORIENTED_EDGE('',*,*,#4180,.T.);
#5780=ORIENTED_EDGE('',*,*,#4280,.F.);
#5781=ORIENTED_EDGE('',*,*,#4281,.T.);
#5782=ORIENTED_EDGE('',*,*,#4282,.T.);
#5783=ORIENTED_EDGE('',*,*,#4273,.T.);
#5784=ORIENTED_EDGE('',*,*,#4279,.F.);
#5785=ORIENTED_EDGE('',*,*,#4283,.T.);
#5786=ORIENTED_EDGE('',*,*,#4284,.T.);
#5787=ORIENTED_EDGE('',*,*,#4285,.F.);
#5788=ORIENTED_EDGE('',*,*,#4282,.F.);
#5789=ORIENTED_EDGE('',*,*,#4286,.F.);
#5790=ORIENTED_EDGE('',*,*,#4284,.F.);
#5791=ORIENTED_EDGE('',*,*,#4287,.T.);
#5792=ORIENTED_EDGE('',*,*,#4280,.T.);
#5793=ORIENTED_EDGE('',*,*,#4278,.F.);
#5794=ORIENTED_EDGE('',*,*,#4287,.F.);
#5795=ORIENTED_EDGE('',*,*,#4283,.F.);
#5796=ORIENTED_EDGE('',*,*,#4281,.F.);
#5797=ORIENTED_EDGE('',*,*,#4288,.F.);
#5798=ORIENTED_EDGE('',*,*,#4289,.T.);
#5799=ORIENTED_EDGE('',*,*,#4290,.T.);
#5800=ORIENTED_EDGE('',*,*,#4289,.F.);
#5801=ORIENTED_EDGE('',*,*,#4290,.F.);
#5802=ORIENTED_EDGE('',*,*,#4291,.T.);
#5803=ORIENTED_EDGE('',*,*,#4292,.T.);
#5804=ORIENTED_EDGE('',*,*,#4193,.T.);
#5805=ORIENTED_EDGE('',*,*,#4293,.F.);
#5806=ORIENTED_EDGE('',*,*,#4294,.T.);
#5807=ORIENTED_EDGE('',*,*,#4295,.T.);
#5808=ORIENTED_EDGE('',*,*,#4286,.T.);
#5809=ORIENTED_EDGE('',*,*,#4292,.F.);
#5810=ORIENTED_EDGE('',*,*,#4296,.T.);
#5811=ORIENTED_EDGE('',*,*,#4297,.T.);
#5812=ORIENTED_EDGE('',*,*,#4298,.F.);
#5813=ORIENTED_EDGE('',*,*,#4295,.F.);
#5814=ORIENTED_EDGE('',*,*,#4299,.T.);
#5815=ORIENTED_EDGE('',*,*,#4297,.F.);
#5816=ORIENTED_EDGE('',*,*,#4300,.T.);
#5817=ORIENTED_EDGE('',*,*,#4293,.T.);
#5818=ORIENTED_EDGE('',*,*,#4291,.F.);
#5819=ORIENTED_EDGE('',*,*,#4300,.F.);
#5820=ORIENTED_EDGE('',*,*,#4296,.F.);
#5821=ORIENTED_EDGE('',*,*,#4294,.F.);
#5822=ORIENTED_EDGE('',*,*,#4301,.F.);
#5823=ORIENTED_EDGE('',*,*,#4302,.T.);
#5824=ORIENTED_EDGE('',*,*,#4303,.T.);
#5825=ORIENTED_EDGE('',*,*,#4302,.F.);
#5826=ORIENTED_EDGE('',*,*,#4303,.F.);
#5827=ORIENTED_EDGE('',*,*,#4304,.T.);
#5828=ORIENTED_EDGE('',*,*,#4305,.T.);
#5829=ORIENTED_EDGE('',*,*,#4207,.T.);
#5830=ORIENTED_EDGE('',*,*,#4306,.F.);
#5831=ORIENTED_EDGE('',*,*,#4307,.T.);
#5832=ORIENTED_EDGE('',*,*,#4308,.T.);
#5833=ORIENTED_EDGE('',*,*,#4309,.T.);
#5834=ORIENTED_EDGE('',*,*,#4305,.F.);
#5835=ORIENTED_EDGE('',*,*,#4310,.T.);
#5836=ORIENTED_EDGE('',*,*,#4311,.T.);
#5837=ORIENTED_EDGE('',*,*,#4312,.T.);
#5838=ORIENTED_EDGE('',*,*,#4308,.F.);
#5839=ORIENTED_EDGE('',*,*,#4313,.F.);
#5840=ORIENTED_EDGE('',*,*,#4311,.F.);
#5841=ORIENTED_EDGE('',*,*,#4314,.T.);
#5842=ORIENTED_EDGE('',*,*,#4306,.T.);
#5843=ORIENTED_EDGE('',*,*,#4304,.F.);
#5844=ORIENTED_EDGE('',*,*,#4314,.F.);
#5845=ORIENTED_EDGE('',*,*,#4310,.F.);
#5846=ORIENTED_EDGE('',*,*,#4307,.F.);
#5847=ORIENTED_EDGE('',*,*,#4309,.F.);
#5848=ORIENTED_EDGE('',*,*,#4315,.F.);
#5849=ORIENTED_EDGE('',*,*,#4316,.T.);
#5850=ORIENTED_EDGE('',*,*,#3668,.T.);
#5851=ORIENTED_EDGE('',*,*,#3564,.F.);
#5852=ORIENTED_EDGE('',*,*,#3679,.F.);
#5853=ORIENTED_EDGE('',*,*,#3784,.F.);
#5854=ORIENTED_EDGE('',*,*,#3889,.F.);
#5855=ORIENTED_EDGE('',*,*,#3994,.F.);
#5856=ORIENTED_EDGE('',*,*,#4099,.F.);
#5857=ORIENTED_EDGE('',*,*,#4204,.F.);
#5858=ORIENTED_EDGE('',*,*,#4317,.F.);
#5859=ORIENTED_EDGE('',*,*,#4318,.T.);
#5860=ORIENTED_EDGE('',*,*,#4319,.T.);
#5861=ORIENTED_EDGE('',*,*,#4318,.F.);
#5862=ORIENTED_EDGE('',*,*,#4319,.F.);
#5863=ORIENTED_EDGE('',*,*,#4320,.T.);
#5864=ORIENTED_EDGE('',*,*,#4321,.T.);
#5865=ORIENTED_EDGE('',*,*,#4220,.T.);
#5866=ORIENTED_EDGE('',*,*,#4322,.F.);
#5867=ORIENTED_EDGE('',*,*,#4323,.T.);
#5868=ORIENTED_EDGE('',*,*,#4324,.T.);
#5869=ORIENTED_EDGE('',*,*,#4313,.T.);
#5870=ORIENTED_EDGE('',*,*,#4321,.F.);
#5871=ORIENTED_EDGE('',*,*,#4325,.T.);
#5872=ORIENTED_EDGE('',*,*,#4326,.T.);
#5873=ORIENTED_EDGE('',*,*,#4327,.T.);
#5874=ORIENTED_EDGE('',*,*,#4324,.F.);
#5875=ORIENTED_EDGE('',*,*,#4328,.F.);
#5876=ORIENTED_EDGE('',*,*,#4326,.F.);
#5877=ORIENTED_EDGE('',*,*,#4329,.T.);
#5878=ORIENTED_EDGE('',*,*,#4322,.T.);
#5879=ORIENTED_EDGE('',*,*,#4320,.F.);
#5880=ORIENTED_EDGE('',*,*,#4329,.F.);
#5881=ORIENTED_EDGE('',*,*,#4325,.F.);
#5882=ORIENTED_EDGE('',*,*,#4323,.F.);
#5883=ORIENTED_EDGE('',*,*,#4330,.F.);
#5884=ORIENTED_EDGE('',*,*,#4331,.T.);
#5885=ORIENTED_EDGE('',*,*,#4332,.T.);
#5886=ORIENTED_EDGE('',*,*,#4331,.F.);
#5887=ORIENTED_EDGE('',*,*,#4332,.F.);
#5888=ORIENTED_EDGE('',*,*,#4333,.T.);
#5889=ORIENTED_EDGE('',*,*,#4334,.T.);
#5890=ORIENTED_EDGE('',*,*,#4233,.T.);
#5891=ORIENTED_EDGE('',*,*,#4335,.F.);
#5892=ORIENTED_EDGE('',*,*,#4336,.T.);
#5893=ORIENTED_EDGE('',*,*,#4337,.T.);
#5894=ORIENTED_EDGE('',*,*,#4328,.T.);
#5895=ORIENTED_EDGE('',*,*,#4334,.F.);
#5896=ORIENTED_EDGE('',*,*,#4338,.T.);
#5897=ORIENTED_EDGE('',*,*,#4339,.T.);
#5898=ORIENTED_EDGE('',*,*,#4340,.T.);
#5899=ORIENTED_EDGE('',*,*,#4337,.F.);
#5900=ORIENTED_EDGE('',*,*,#4341,.F.);
#5901=ORIENTED_EDGE('',*,*,#4339,.F.);
#5902=ORIENTED_EDGE('',*,*,#4342,.T.);
#5903=ORIENTED_EDGE('',*,*,#4335,.T.);
#5904=ORIENTED_EDGE('',*,*,#4333,.F.);
#5905=ORIENTED_EDGE('',*,*,#4342,.F.);
#5906=ORIENTED_EDGE('',*,*,#4338,.F.);
#5907=ORIENTED_EDGE('',*,*,#4336,.F.);
#5908=ORIENTED_EDGE('',*,*,#4343,.F.);
#5909=ORIENTED_EDGE('',*,*,#4344,.T.);
#5910=ORIENTED_EDGE('',*,*,#4345,.T.);
#5911=ORIENTED_EDGE('',*,*,#4344,.F.);
#5912=ORIENTED_EDGE('',*,*,#4345,.F.);
#5913=ORIENTED_EDGE('',*,*,#4346,.T.);
#5914=ORIENTED_EDGE('',*,*,#4347,.T.);
#5915=ORIENTED_EDGE('',*,*,#4246,.T.);
#5916=ORIENTED_EDGE('',*,*,#4348,.F.);
#5917=ORIENTED_EDGE('',*,*,#4349,.T.);
#5918=ORIENTED_EDGE('',*,*,#4350,.T.);
#5919=ORIENTED_EDGE('',*,*,#4341,.T.);
#5920=ORIENTED_EDGE('',*,*,#4347,.F.);
#5921=ORIENTED_EDGE('',*,*,#4351,.T.);
#5922=ORIENTED_EDGE('',*,*,#4352,.T.);
#5923=ORIENTED_EDGE('',*,*,#4353,.T.);
#5924=ORIENTED_EDGE('',*,*,#4350,.F.);
#5925=ORIENTED_EDGE('',*,*,#4354,.F.);
#5926=ORIENTED_EDGE('',*,*,#4352,.F.);
#5927=ORIENTED_EDGE('',*,*,#4355,.T.);
#5928=ORIENTED_EDGE('',*,*,#4348,.T.);
#5929=ORIENTED_EDGE('',*,*,#4346,.F.);
#5930=ORIENTED_EDGE('',*,*,#4355,.F.);
#5931=ORIENTED_EDGE('',*,*,#4351,.F.);
#5932=ORIENTED_EDGE('',*,*,#4349,.F.);
#5933=ORIENTED_EDGE('',*,*,#4356,.F.);
#5934=ORIENTED_EDGE('',*,*,#4357,.T.);
#5935=ORIENTED_EDGE('',*,*,#4358,.T.);
#5936=ORIENTED_EDGE('',*,*,#4357,.F.);
#5937=ORIENTED_EDGE('',*,*,#4358,.F.);
#5938=ORIENTED_EDGE('',*,*,#4359,.T.);
#5939=ORIENTED_EDGE('',*,*,#4360,.T.);
#5940=ORIENTED_EDGE('',*,*,#4259,.T.);
#5941=ORIENTED_EDGE('',*,*,#4361,.F.);
#5942=ORIENTED_EDGE('',*,*,#4362,.T.);
#5943=ORIENTED_EDGE('',*,*,#4363,.T.);
#5944=ORIENTED_EDGE('',*,*,#4354,.T.);
#5945=ORIENTED_EDGE('',*,*,#4360,.F.);
#5946=ORIENTED_EDGE('',*,*,#4364,.T.);
#5947=ORIENTED_EDGE('',*,*,#4365,.T.);
#5948=ORIENTED_EDGE('',*,*,#4366,.T.);
#5949=ORIENTED_EDGE('',*,*,#4363,.F.);
#5950=ORIENTED_EDGE('',*,*,#4367,.F.);
#5951=ORIENTED_EDGE('',*,*,#4365,.F.);
#5952=ORIENTED_EDGE('',*,*,#4368,.T.);
#5953=ORIENTED_EDGE('',*,*,#4361,.T.);
#5954=ORIENTED_EDGE('',*,*,#4359,.F.);
#5955=ORIENTED_EDGE('',*,*,#4368,.F.);
#5956=ORIENTED_EDGE('',*,*,#4364,.F.);
#5957=ORIENTED_EDGE('',*,*,#4362,.F.);
#5958=ORIENTED_EDGE('',*,*,#4369,.F.);
#5959=ORIENTED_EDGE('',*,*,#4370,.T.);
#5960=ORIENTED_EDGE('',*,*,#4371,.T.);
#5961=ORIENTED_EDGE('',*,*,#4370,.F.);
#5962=ORIENTED_EDGE('',*,*,#4371,.F.);
#5963=ORIENTED_EDGE('',*,*,#4372,.T.);
#5964=ORIENTED_EDGE('',*,*,#4373,.T.);
#5965=ORIENTED_EDGE('',*,*,#4272,.T.);
#5966=ORIENTED_EDGE('',*,*,#4374,.F.);
#5967=ORIENTED_EDGE('',*,*,#4375,.T.);
#5968=ORIENTED_EDGE('',*,*,#4376,.T.);
#5969=ORIENTED_EDGE('',*,*,#4367,.T.);
#5970=ORIENTED_EDGE('',*,*,#4373,.F.);
#5971=ORIENTED_EDGE('',*,*,#4377,.T.);
#5972=ORIENTED_EDGE('',*,*,#4378,.T.);
#5973=ORIENTED_EDGE('',*,*,#4379,.T.);
#5974=ORIENTED_EDGE('',*,*,#4376,.F.);
#5975=ORIENTED_EDGE('',*,*,#4380,.F.);
#5976=ORIENTED_EDGE('',*,*,#4378,.F.);
#5977=ORIENTED_EDGE('',*,*,#4381,.T.);
#5978=ORIENTED_EDGE('',*,*,#4374,.T.);
#5979=ORIENTED_EDGE('',*,*,#4372,.F.);
#5980=ORIENTED_EDGE('',*,*,#4381,.F.);
#5981=ORIENTED_EDGE('',*,*,#4377,.F.);
#5982=ORIENTED_EDGE('',*,*,#4375,.F.);
#5983=ORIENTED_EDGE('',*,*,#4382,.F.);
#5984=ORIENTED_EDGE('',*,*,#4383,.T.);
#5985=ORIENTED_EDGE('',*,*,#4384,.T.);
#5986=ORIENTED_EDGE('',*,*,#4383,.F.);
#5987=ORIENTED_EDGE('',*,*,#4384,.F.);
#5988=ORIENTED_EDGE('',*,*,#4385,.T.);
#5989=ORIENTED_EDGE('',*,*,#4386,.T.);
#5990=ORIENTED_EDGE('',*,*,#4285,.T.);
#5991=ORIENTED_EDGE('',*,*,#4387,.F.);
#5992=ORIENTED_EDGE('',*,*,#4388,.T.);
#5993=ORIENTED_EDGE('',*,*,#4389,.T.);
#5994=ORIENTED_EDGE('',*,*,#4380,.T.);
#5995=ORIENTED_EDGE('',*,*,#4386,.F.);
#5996=ORIENTED_EDGE('',*,*,#4390,.T.);
#5997=ORIENTED_EDGE('',*,*,#4391,.T.);
#5998=ORIENTED_EDGE('',*,*,#4392,.T.);
#5999=ORIENTED_EDGE('',*,*,#4389,.F.);
#6000=ORIENTED_EDGE('',*,*,#4393,.F.);
#6001=ORIENTED_EDGE('',*,*,#4391,.F.);
#6002=ORIENTED_EDGE('',*,*,#4394,.T.);
#6003=ORIENTED_EDGE('',*,*,#4387,.T.);
#6004=ORIENTED_EDGE('',*,*,#4385,.F.);
#6005=ORIENTED_EDGE('',*,*,#4394,.F.);
#6006=ORIENTED_EDGE('',*,*,#4390,.F.);
#6007=ORIENTED_EDGE('',*,*,#4388,.F.);
#6008=ORIENTED_EDGE('',*,*,#4395,.F.);
#6009=ORIENTED_EDGE('',*,*,#4396,.T.);
#6010=ORIENTED_EDGE('',*,*,#4397,.T.);
#6011=ORIENTED_EDGE('',*,*,#4396,.F.);
#6012=ORIENTED_EDGE('',*,*,#4397,.F.);
#6013=ORIENTED_EDGE('',*,*,#4398,.T.);
#6014=ORIENTED_EDGE('',*,*,#4399,.T.);
#6015=ORIENTED_EDGE('',*,*,#4298,.T.);
#6016=ORIENTED_EDGE('',*,*,#4400,.F.);
#6017=ORIENTED_EDGE('',*,*,#4401,.T.);
#6018=ORIENTED_EDGE('',*,*,#4402,.T.);
#6019=ORIENTED_EDGE('',*,*,#4393,.T.);
#6020=ORIENTED_EDGE('',*,*,#4399,.F.);
#6021=ORIENTED_EDGE('',*,*,#4403,.T.);
#6022=ORIENTED_EDGE('',*,*,#4404,.T.);
#6023=ORIENTED_EDGE('',*,*,#4405,.T.);
#6024=ORIENTED_EDGE('',*,*,#4402,.F.);
#6025=ORIENTED_EDGE('',*,*,#4406,.T.);
#6026=ORIENTED_EDGE('',*,*,#4404,.F.);
#6027=ORIENTED_EDGE('',*,*,#4407,.T.);
#6028=ORIENTED_EDGE('',*,*,#4400,.T.);
#6029=ORIENTED_EDGE('',*,*,#4406,.F.);
#6030=ORIENTED_EDGE('',*,*,#4299,.F.);
#6031=ORIENTED_EDGE('',*,*,#4194,.F.);
#6032=ORIENTED_EDGE('',*,*,#4089,.F.);
#6033=ORIENTED_EDGE('',*,*,#3984,.F.);
#6034=ORIENTED_EDGE('',*,*,#3879,.F.);
#6035=ORIENTED_EDGE('',*,*,#3774,.F.);
#6036=ORIENTED_EDGE('',*,*,#3666,.F.);
#6037=ORIENTED_EDGE('',*,*,#3670,.F.);
#6038=ORIENTED_EDGE('',*,*,#4408,.T.);
#6039=ORIENTED_EDGE('',*,*,#4409,.T.);
#6040=ORIENTED_EDGE('',*,*,#4398,.F.);
#6041=ORIENTED_EDGE('',*,*,#4407,.F.);
#6042=ORIENTED_EDGE('',*,*,#4403,.F.);
#6043=ORIENTED_EDGE('',*,*,#4401,.F.);
#6044=ORIENTED_EDGE('',*,*,#4405,.F.);
#6045=ORIENTED_EDGE('',*,*,#4409,.F.);
#6046=ORIENTED_EDGE('',*,*,#4410,.T.);
#6047=ORIENTED_EDGE('',*,*,#4315,.T.);
#6048=ORIENTED_EDGE('',*,*,#4312,.F.);
#6049=ORIENTED_EDGE('',*,*,#4327,.F.);
#6050=ORIENTED_EDGE('',*,*,#4340,.F.);
#6051=ORIENTED_EDGE('',*,*,#4353,.F.);
#6052=ORIENTED_EDGE('',*,*,#4366,.F.);
#6053=ORIENTED_EDGE('',*,*,#4379,.F.);
#6054=ORIENTED_EDGE('',*,*,#4392,.F.);
#6055=ORIENTED_EDGE('',*,*,#4410,.F.);
#6056=ORIENTED_EDGE('',*,*,#4408,.F.);
#6057=ORIENTED_EDGE('',*,*,#3669,.F.);
#6058=ORIENTED_EDGE('',*,*,#4316,.F.);
#6059=ORIENTED_EDGE('',*,*,#4288,.T.);
#6060=ORIENTED_EDGE('',*,*,#4275,.T.);
#6061=ORIENTED_EDGE('',*,*,#4301,.T.);
#6062=ORIENTED_EDGE('',*,*,#4317,.T.);
#6063=ORIENTED_EDGE('',*,*,#4330,.T.);
#6064=ORIENTED_EDGE('',*,*,#4343,.T.);
#6065=ORIENTED_EDGE('',*,*,#4356,.T.);
#6066=ORIENTED_EDGE('',*,*,#4369,.T.);
#6067=ORIENTED_EDGE('',*,*,#4382,.T.);
#6068=ORIENTED_EDGE('',*,*,#4262,.T.);
#6069=ORIENTED_EDGE('',*,*,#4249,.T.);
#6070=ORIENTED_EDGE('',*,*,#4236,.T.);
#6071=ORIENTED_EDGE('',*,*,#4223,.T.);
#6072=ORIENTED_EDGE('',*,*,#4210,.T.);
#6073=ORIENTED_EDGE('',*,*,#4196,.T.);
#6074=ORIENTED_EDGE('',*,*,#4183,.T.);
#6075=ORIENTED_EDGE('',*,*,#4170,.T.);
#6076=ORIENTED_EDGE('',*,*,#4157,.T.);
#6077=ORIENTED_EDGE('',*,*,#4144,.T.);
#6078=ORIENTED_EDGE('',*,*,#4131,.T.);
#6079=ORIENTED_EDGE('',*,*,#4118,.T.);
#6080=ORIENTED_EDGE('',*,*,#4105,.T.);
#6081=ORIENTED_EDGE('',*,*,#4091,.T.);
#6082=ORIENTED_EDGE('',*,*,#4078,.T.);
#6083=ORIENTED_EDGE('',*,*,#4065,.T.);
#6084=ORIENTED_EDGE('',*,*,#4052,.T.);
#6085=ORIENTED_EDGE('',*,*,#4039,.T.);
#6086=ORIENTED_EDGE('',*,*,#4026,.T.);
#6087=ORIENTED_EDGE('',*,*,#4013,.T.);
#6088=ORIENTED_EDGE('',*,*,#4000,.T.);
#6089=ORIENTED_EDGE('',*,*,#3986,.T.);
#6090=ORIENTED_EDGE('',*,*,#3973,.T.);
#6091=ORIENTED_EDGE('',*,*,#3960,.T.);
#6092=ORIENTED_EDGE('',*,*,#3947,.T.);
#6093=ORIENTED_EDGE('',*,*,#3934,.T.);
#6094=ORIENTED_EDGE('',*,*,#3921,.T.);
#6095=ORIENTED_EDGE('',*,*,#3908,.T.);
#6096=ORIENTED_EDGE('',*,*,#3895,.T.);
#6097=ORIENTED_EDGE('',*,*,#3881,.T.);
#6098=ORIENTED_EDGE('',*,*,#3868,.T.);
#6099=ORIENTED_EDGE('',*,*,#3855,.T.);
#6100=ORIENTED_EDGE('',*,*,#3842,.T.);
#6101=ORIENTED_EDGE('',*,*,#3829,.T.);
#6102=ORIENTED_EDGE('',*,*,#3816,.T.);
#6103=ORIENTED_EDGE('',*,*,#3803,.T.);
#6104=ORIENTED_EDGE('',*,*,#3790,.T.);
#6105=ORIENTED_EDGE('',*,*,#3776,.T.);
#6106=ORIENTED_EDGE('',*,*,#3763,.T.);
#6107=ORIENTED_EDGE('',*,*,#3750,.T.);
#6108=ORIENTED_EDGE('',*,*,#3737,.T.);
#6109=ORIENTED_EDGE('',*,*,#3724,.T.);
#6110=ORIENTED_EDGE('',*,*,#3711,.T.);
#6111=ORIENTED_EDGE('',*,*,#3698,.T.);
#6112=ORIENTED_EDGE('',*,*,#3685,.T.);
#6113=ORIENTED_EDGE('',*,*,#3671,.T.);
#6114=ORIENTED_EDGE('',*,*,#3654,.T.);
#6115=ORIENTED_EDGE('',*,*,#3640,.T.);
#6116=ORIENTED_EDGE('',*,*,#3626,.T.);
#6117=ORIENTED_EDGE('',*,*,#3612,.T.);
#6118=ORIENTED_EDGE('',*,*,#3598,.T.);
#6119=ORIENTED_EDGE('',*,*,#3584,.T.);
#6120=ORIENTED_EDGE('',*,*,#3570,.T.);
#6121=ORIENTED_EDGE('',*,*,#3555,.T.);
#6122=ORIENTED_EDGE('',*,*,#4395,.T.);
#6123=CYLINDRICAL_SURFACE('',#6662,0.118110236220472);
#6124=CYLINDRICAL_SURFACE('',#6671,0.118110236220472);
#6125=CYLINDRICAL_SURFACE('',#6680,0.118110236220472);
#6126=CYLINDRICAL_SURFACE('',#6689,0.118110236220472);
#6127=CYLINDRICAL_SURFACE('',#6698,0.118110236220472);
#6128=CYLINDRICAL_SURFACE('',#6707,0.118110236220472);
#6129=CYLINDRICAL_SURFACE('',#6716,0.118110236220472);
#6130=CYLINDRICAL_SURFACE('',#6725,0.118110236220472);
#6131=CYLINDRICAL_SURFACE('',#6735,0.118110236220472);
#6132=CYLINDRICAL_SURFACE('',#6744,0.118110236220472);
#6133=CYLINDRICAL_SURFACE('',#6753,0.118110236220472);
#6134=CYLINDRICAL_SURFACE('',#6762,0.118110236220472);
#6135=CYLINDRICAL_SURFACE('',#6771,0.118110236220472);
#6136=CYLINDRICAL_SURFACE('',#6780,0.118110236220472);
#6137=CYLINDRICAL_SURFACE('',#6789,0.118110236220472);
#6138=CYLINDRICAL_SURFACE('',#6798,0.118110236220472);
#6139=CYLINDRICAL_SURFACE('',#6807,0.118110236220472);
#6140=CYLINDRICAL_SURFACE('',#6816,0.118110236220472);
#6141=CYLINDRICAL_SURFACE('',#6825,0.118110236220472);
#6142=CYLINDRICAL_SURFACE('',#6834,0.118110236220472);
#6143=CYLINDRICAL_SURFACE('',#6843,0.118110236220472);
#6144=CYLINDRICAL_SURFACE('',#6852,0.118110236220472);
#6145=CYLINDRICAL_SURFACE('',#6861,0.118110236220472);
#6146=CYLINDRICAL_SURFACE('',#6870,0.118110236220472);
#6147=CYLINDRICAL_SURFACE('',#6879,0.118110236220472);
#6148=CYLINDRICAL_SURFACE('',#6888,0.118110236220472);
#6149=CYLINDRICAL_SURFACE('',#6897,0.118110236220472);
#6150=CYLINDRICAL_SURFACE('',#6906,0.118110236220472);
#6151=CYLINDRICAL_SURFACE('',#6915,0.118110236220472);
#6152=CYLINDRICAL_SURFACE('',#6924,0.118110236220472);
#6153=CYLINDRICAL_SURFACE('',#6933,0.118110236220472);
#6154=CYLINDRICAL_SURFACE('',#6942,0.118110236220472);
#6155=CYLINDRICAL_SURFACE('',#6951,0.118110236220472);
#6156=CYLINDRICAL_SURFACE('',#6960,0.118110236220472);
#6157=CYLINDRICAL_SURFACE('',#6969,0.118110236220472);
#6158=CYLINDRICAL_SURFACE('',#6978,0.118110236220472);
#6159=CYLINDRICAL_SURFACE('',#6987,0.118110236220472);
#6160=CYLINDRICAL_SURFACE('',#6996,0.118110236220472);
#6161=CYLINDRICAL_SURFACE('',#7005,0.118110236220472);
#6162=CYLINDRICAL_SURFACE('',#7014,0.118110236220472);
#6163=CYLINDRICAL_SURFACE('',#7023,0.118110236220472);
#6164=CYLINDRICAL_SURFACE('',#7032,0.118110236220472);
#6165=CYLINDRICAL_SURFACE('',#7041,0.118110236220472);
#6166=CYLINDRICAL_SURFACE('',#7050,0.118110236220472);
#6167=CYLINDRICAL_SURFACE('',#7059,0.118110236220472);
#6168=CYLINDRICAL_SURFACE('',#7068,0.118110236220472);
#6169=CYLINDRICAL_SURFACE('',#7077,0.118110236220472);
#6170=CYLINDRICAL_SURFACE('',#7086,0.118110236220472);
#6171=CYLINDRICAL_SURFACE('',#7095,0.118110236220472);
#6172=CYLINDRICAL_SURFACE('',#7104,0.118110236220472);
#6173=CYLINDRICAL_SURFACE('',#7113,0.118110236220472);
#6174=CYLINDRICAL_SURFACE('',#7122,0.118110236220472);
#6175=CYLINDRICAL_SURFACE('',#7131,0.118110236220472);
#6176=CYLINDRICAL_SURFACE('',#7140,0.118110236220472);
#6177=CYLINDRICAL_SURFACE('',#7149,0.118110236220472);
#6178=CYLINDRICAL_SURFACE('',#7158,0.118110236220472);
#6179=CYLINDRICAL_SURFACE('',#7167,0.118110236220472);
#6180=CYLINDRICAL_SURFACE('',#7177,0.118110236220472);
#6181=CYLINDRICAL_SURFACE('',#7186,0.118110236220472);
#6182=CYLINDRICAL_SURFACE('',#7195,0.118110236220472);
#6183=CYLINDRICAL_SURFACE('',#7204,0.118110236220472);
#6184=CYLINDRICAL_SURFACE('',#7213,0.118110236220472);
#6185=CYLINDRICAL_SURFACE('',#7222,0.118110236220472);
#6186=CYLINDRICAL_SURFACE('',#7231,0.118110236220472);
#6187=ADVANCED_FACE('',(#532),#6123,.F.);
#6188=ADVANCED_FACE('',(#533),#143,.F.);
#6189=ADVANCED_FACE('',(#534),#144,.T.);
#6190=ADVANCED_FACE('',(#535),#145,.T.);
#6191=ADVANCED_FACE('',(#536),#146,.T.);
#6192=ADVANCED_FACE('',(#537),#147,.T.);
#6193=ADVANCED_FACE('',(#538),#148,.T.);
#6194=ADVANCED_FACE('',(#539),#6124,.F.);
#6195=ADVANCED_FACE('',(#540),#149,.F.);
#6196=ADVANCED_FACE('',(#541),#150,.T.);
#6197=ADVANCED_FACE('',(#542),#151,.T.);
#6198=ADVANCED_FACE('',(#543),#152,.T.);
#6199=ADVANCED_FACE('',(#544),#153,.T.);
#6200=ADVANCED_FACE('',(#545),#154,.T.);
#6201=ADVANCED_FACE('',(#546),#6125,.F.);
#6202=ADVANCED_FACE('',(#547),#155,.F.);
#6203=ADVANCED_FACE('',(#548),#156,.T.);
#6204=ADVANCED_FACE('',(#549),#157,.T.);
#6205=ADVANCED_FACE('',(#550),#158,.T.);
#6206=ADVANCED_FACE('',(#551),#159,.T.);
#6207=ADVANCED_FACE('',(#552),#160,.T.);
#6208=ADVANCED_FACE('',(#553),#6126,.F.);
#6209=ADVANCED_FACE('',(#554),#161,.F.);
#6210=ADVANCED_FACE('',(#555),#162,.T.);
#6211=ADVANCED_FACE('',(#556),#163,.T.);
#6212=ADVANCED_FACE('',(#557),#164,.T.);
#6213=ADVANCED_FACE('',(#558),#165,.T.);
#6214=ADVANCED_FACE('',(#559),#166,.T.);
#6215=ADVANCED_FACE('',(#560),#6127,.F.);
#6216=ADVANCED_FACE('',(#561),#167,.F.);
#6217=ADVANCED_FACE('',(#562),#168,.T.);
#6218=ADVANCED_FACE('',(#563),#169,.T.);
#6219=ADVANCED_FACE('',(#564),#170,.T.);
#6220=ADVANCED_FACE('',(#565),#171,.T.);
#6221=ADVANCED_FACE('',(#566),#172,.T.);
#6222=ADVANCED_FACE('',(#567),#6128,.F.);
#6223=ADVANCED_FACE('',(#568),#173,.F.);
#6224=ADVANCED_FACE('',(#569),#174,.T.);
#6225=ADVANCED_FACE('',(#570),#175,.T.);
#6226=ADVANCED_FACE('',(#571),#176,.T.);
#6227=ADVANCED_FACE('',(#572),#177,.T.);
#6228=ADVANCED_FACE('',(#573),#178,.T.);
#6229=ADVANCED_FACE('',(#574),#6129,.F.);
#6230=ADVANCED_FACE('',(#575),#179,.F.);
#6231=ADVANCED_FACE('',(#576),#180,.T.);
#6232=ADVANCED_FACE('',(#577),#181,.T.);
#6233=ADVANCED_FACE('',(#578),#182,.T.);
#6234=ADVANCED_FACE('',(#579),#183,.T.);
#6235=ADVANCED_FACE('',(#580),#184,.T.);
#6236=ADVANCED_FACE('',(#581),#6130,.F.);
#6237=ADVANCED_FACE('',(#582),#185,.F.);
#6238=ADVANCED_FACE('',(#583),#186,.T.);
#6239=ADVANCED_FACE('',(#584),#187,.T.);
#6240=ADVANCED_FACE('',(#585),#188,.T.);
#6241=ADVANCED_FACE('',(#586),#189,.T.);
#6242=ADVANCED_FACE('',(#587),#190,.T.);
#6243=ADVANCED_FACE('',(#588),#191,.T.);
#6244=ADVANCED_FACE('',(#589),#6131,.F.);
#6245=ADVANCED_FACE('',(#590),#192,.F.);
#6246=ADVANCED_FACE('',(#591),#193,.T.);
#6247=ADVANCED_FACE('',(#592),#194,.T.);
#6248=ADVANCED_FACE('',(#593),#195,.T.);
#6249=ADVANCED_FACE('',(#594),#196,.T.);
#6250=ADVANCED_FACE('',(#595),#197,.T.);
#6251=ADVANCED_FACE('',(#596),#6132,.F.);
#6252=ADVANCED_FACE('',(#597),#198,.F.);
#6253=ADVANCED_FACE('',(#598),#199,.T.);
#6254=ADVANCED_FACE('',(#599),#200,.T.);
#6255=ADVANCED_FACE('',(#600),#201,.T.);
#6256=ADVANCED_FACE('',(#601),#202,.T.);
#6257=ADVANCED_FACE('',(#602),#203,.T.);
#6258=ADVANCED_FACE('',(#603),#6133,.F.);
#6259=ADVANCED_FACE('',(#604),#204,.F.);
#6260=ADVANCED_FACE('',(#605),#205,.T.);
#6261=ADVANCED_FACE('',(#606),#206,.T.);
#6262=ADVANCED_FACE('',(#607),#207,.T.);
#6263=ADVANCED_FACE('',(#608),#208,.T.);
#6264=ADVANCED_FACE('',(#609),#209,.T.);
#6265=ADVANCED_FACE('',(#610),#6134,.F.);
#6266=ADVANCED_FACE('',(#611),#210,.F.);
#6267=ADVANCED_FACE('',(#612),#211,.T.);
#6268=ADVANCED_FACE('',(#613),#212,.T.);
#6269=ADVANCED_FACE('',(#614),#213,.T.);
#6270=ADVANCED_FACE('',(#615),#214,.T.);
#6271=ADVANCED_FACE('',(#616),#215,.T.);
#6272=ADVANCED_FACE('',(#617),#6135,.F.);
#6273=ADVANCED_FACE('',(#618),#216,.F.);
#6274=ADVANCED_FACE('',(#619),#217,.T.);
#6275=ADVANCED_FACE('',(#620),#218,.T.);
#6276=ADVANCED_FACE('',(#621),#219,.T.);
#6277=ADVANCED_FACE('',(#622),#220,.T.);
#6278=ADVANCED_FACE('',(#623),#221,.T.);
#6279=ADVANCED_FACE('',(#624),#6136,.F.);
#6280=ADVANCED_FACE('',(#625),#222,.F.);
#6281=ADVANCED_FACE('',(#626),#223,.T.);
#6282=ADVANCED_FACE('',(#627),#224,.T.);
#6283=ADVANCED_FACE('',(#628),#225,.T.);
#6284=ADVANCED_FACE('',(#629),#226,.T.);
#6285=ADVANCED_FACE('',(#630),#227,.T.);
#6286=ADVANCED_FACE('',(#631),#6137,.F.);
#6287=ADVANCED_FACE('',(#632),#228,.F.);
#6288=ADVANCED_FACE('',(#633),#229,.T.);
#6289=ADVANCED_FACE('',(#634),#230,.T.);
#6290=ADVANCED_FACE('',(#635),#231,.T.);
#6291=ADVANCED_FACE('',(#636),#232,.T.);
#6292=ADVANCED_FACE('',(#637),#233,.T.);
#6293=ADVANCED_FACE('',(#638),#6138,.F.);
#6294=ADVANCED_FACE('',(#639),#234,.F.);
#6295=ADVANCED_FACE('',(#640),#235,.T.);
#6296=ADVANCED_FACE('',(#641),#236,.T.);
#6297=ADVANCED_FACE('',(#642),#237,.T.);
#6298=ADVANCED_FACE('',(#643),#238,.T.);
#6299=ADVANCED_FACE('',(#644),#239,.T.);
#6300=ADVANCED_FACE('',(#645),#6139,.F.);
#6301=ADVANCED_FACE('',(#646),#240,.F.);
#6302=ADVANCED_FACE('',(#647),#241,.T.);
#6303=ADVANCED_FACE('',(#648),#242,.T.);
#6304=ADVANCED_FACE('',(#649),#243,.T.);
#6305=ADVANCED_FACE('',(#650),#244,.T.);
#6306=ADVANCED_FACE('',(#651),#245,.T.);
#6307=ADVANCED_FACE('',(#652),#6140,.F.);
#6308=ADVANCED_FACE('',(#653),#246,.F.);
#6309=ADVANCED_FACE('',(#654),#247,.T.);
#6310=ADVANCED_FACE('',(#655),#248,.T.);
#6311=ADVANCED_FACE('',(#656),#249,.T.);
#6312=ADVANCED_FACE('',(#657),#250,.T.);
#6313=ADVANCED_FACE('',(#658),#251,.T.);
#6314=ADVANCED_FACE('',(#659),#6141,.F.);
#6315=ADVANCED_FACE('',(#660),#252,.F.);
#6316=ADVANCED_FACE('',(#661),#253,.T.);
#6317=ADVANCED_FACE('',(#662),#254,.T.);
#6318=ADVANCED_FACE('',(#663),#255,.T.);
#6319=ADVANCED_FACE('',(#664),#256,.T.);
#6320=ADVANCED_FACE('',(#665),#257,.T.);
#6321=ADVANCED_FACE('',(#666),#6142,.F.);
#6322=ADVANCED_FACE('',(#667),#258,.F.);
#6323=ADVANCED_FACE('',(#668),#259,.T.);
#6324=ADVANCED_FACE('',(#669),#260,.T.);
#6325=ADVANCED_FACE('',(#670),#261,.T.);
#6326=ADVANCED_FACE('',(#671),#262,.T.);
#6327=ADVANCED_FACE('',(#672),#263,.T.);
#6328=ADVANCED_FACE('',(#673),#6143,.F.);
#6329=ADVANCED_FACE('',(#674),#264,.F.);
#6330=ADVANCED_FACE('',(#675),#265,.T.);
#6331=ADVANCED_FACE('',(#676),#266,.T.);
#6332=ADVANCED_FACE('',(#677),#267,.T.);
#6333=ADVANCED_FACE('',(#678),#268,.T.);
#6334=ADVANCED_FACE('',(#679),#269,.T.);
#6335=ADVANCED_FACE('',(#680),#6144,.F.);
#6336=ADVANCED_FACE('',(#681),#270,.F.);
#6337=ADVANCED_FACE('',(#682),#271,.T.);
#6338=ADVANCED_FACE('',(#683),#272,.T.);
#6339=ADVANCED_FACE('',(#684),#273,.T.);
#6340=ADVANCED_FACE('',(#685),#274,.T.);
#6341=ADVANCED_FACE('',(#686),#275,.T.);
#6342=ADVANCED_FACE('',(#687),#6145,.F.);
#6343=ADVANCED_FACE('',(#688),#276,.F.);
#6344=ADVANCED_FACE('',(#689),#277,.T.);
#6345=ADVANCED_FACE('',(#690),#278,.T.);
#6346=ADVANCED_FACE('',(#691),#279,.T.);
#6347=ADVANCED_FACE('',(#692),#280,.T.);
#6348=ADVANCED_FACE('',(#693),#281,.T.);
#6349=ADVANCED_FACE('',(#694),#6146,.F.);
#6350=ADVANCED_FACE('',(#695),#282,.F.);
#6351=ADVANCED_FACE('',(#696),#283,.T.);
#6352=ADVANCED_FACE('',(#697),#284,.T.);
#6353=ADVANCED_FACE('',(#698),#285,.T.);
#6354=ADVANCED_FACE('',(#699),#286,.T.);
#6355=ADVANCED_FACE('',(#700),#287,.T.);
#6356=ADVANCED_FACE('',(#701),#6147,.F.);
#6357=ADVANCED_FACE('',(#702),#288,.F.);
#6358=ADVANCED_FACE('',(#703),#289,.T.);
#6359=ADVANCED_FACE('',(#704),#290,.T.);
#6360=ADVANCED_FACE('',(#705),#291,.T.);
#6361=ADVANCED_FACE('',(#706),#292,.T.);
#6362=ADVANCED_FACE('',(#707),#293,.T.);
#6363=ADVANCED_FACE('',(#708),#6148,.F.);
#6364=ADVANCED_FACE('',(#709),#294,.F.);
#6365=ADVANCED_FACE('',(#710),#295,.T.);
#6366=ADVANCED_FACE('',(#711),#296,.T.);
#6367=ADVANCED_FACE('',(#712),#297,.T.);
#6368=ADVANCED_FACE('',(#713),#298,.T.);
#6369=ADVANCED_FACE('',(#714),#299,.T.);
#6370=ADVANCED_FACE('',(#715),#6149,.F.);
#6371=ADVANCED_FACE('',(#716),#300,.F.);
#6372=ADVANCED_FACE('',(#717),#301,.T.);
#6373=ADVANCED_FACE('',(#718),#302,.T.);
#6374=ADVANCED_FACE('',(#719),#303,.T.);
#6375=ADVANCED_FACE('',(#720),#304,.T.);
#6376=ADVANCED_FACE('',(#721),#305,.T.);
#6377=ADVANCED_FACE('',(#722),#6150,.F.);
#6378=ADVANCED_FACE('',(#723),#306,.F.);
#6379=ADVANCED_FACE('',(#724),#307,.T.);
#6380=ADVANCED_FACE('',(#725),#308,.T.);
#6381=ADVANCED_FACE('',(#726),#309,.T.);
#6382=ADVANCED_FACE('',(#727),#310,.T.);
#6383=ADVANCED_FACE('',(#728),#311,.T.);
#6384=ADVANCED_FACE('',(#729),#6151,.F.);
#6385=ADVANCED_FACE('',(#730),#312,.F.);
#6386=ADVANCED_FACE('',(#731),#313,.T.);
#6387=ADVANCED_FACE('',(#732),#314,.T.);
#6388=ADVANCED_FACE('',(#733),#315,.T.);
#6389=ADVANCED_FACE('',(#734),#316,.T.);
#6390=ADVANCED_FACE('',(#735),#317,.T.);
#6391=ADVANCED_FACE('',(#736),#6152,.F.);
#6392=ADVANCED_FACE('',(#737),#318,.F.);
#6393=ADVANCED_FACE('',(#738),#319,.T.);
#6394=ADVANCED_FACE('',(#739),#320,.T.);
#6395=ADVANCED_FACE('',(#740),#321,.T.);
#6396=ADVANCED_FACE('',(#741),#322,.T.);
#6397=ADVANCED_FACE('',(#742),#323,.T.);
#6398=ADVANCED_FACE('',(#743),#6153,.F.);
#6399=ADVANCED_FACE('',(#744),#324,.F.);
#6400=ADVANCED_FACE('',(#745),#325,.T.);
#6401=ADVANCED_FACE('',(#746),#326,.T.);
#6402=ADVANCED_FACE('',(#747),#327,.T.);
#6403=ADVANCED_FACE('',(#748),#328,.T.);
#6404=ADVANCED_FACE('',(#749),#329,.T.);
#6405=ADVANCED_FACE('',(#750),#6154,.F.);
#6406=ADVANCED_FACE('',(#751),#330,.F.);
#6407=ADVANCED_FACE('',(#752),#331,.T.);
#6408=ADVANCED_FACE('',(#753),#332,.T.);
#6409=ADVANCED_FACE('',(#754),#333,.T.);
#6410=ADVANCED_FACE('',(#755),#334,.T.);
#6411=ADVANCED_FACE('',(#756),#335,.T.);
#6412=ADVANCED_FACE('',(#757),#6155,.F.);
#6413=ADVANCED_FACE('',(#758),#336,.F.);
#6414=ADVANCED_FACE('',(#759),#337,.T.);
#6415=ADVANCED_FACE('',(#760),#338,.T.);
#6416=ADVANCED_FACE('',(#761),#339,.T.);
#6417=ADVANCED_FACE('',(#762),#340,.T.);
#6418=ADVANCED_FACE('',(#763),#341,.T.);
#6419=ADVANCED_FACE('',(#764),#6156,.F.);
#6420=ADVANCED_FACE('',(#765),#342,.F.);
#6421=ADVANCED_FACE('',(#766),#343,.T.);
#6422=ADVANCED_FACE('',(#767),#344,.T.);
#6423=ADVANCED_FACE('',(#768),#345,.T.);
#6424=ADVANCED_FACE('',(#769),#346,.T.);
#6425=ADVANCED_FACE('',(#770),#347,.T.);
#6426=ADVANCED_FACE('',(#771),#6157,.F.);
#6427=ADVANCED_FACE('',(#772),#348,.F.);
#6428=ADVANCED_FACE('',(#773),#349,.T.);
#6429=ADVANCED_FACE('',(#774),#350,.T.);
#6430=ADVANCED_FACE('',(#775),#351,.T.);
#6431=ADVANCED_FACE('',(#776),#352,.T.);
#6432=ADVANCED_FACE('',(#777),#353,.T.);
#6433=ADVANCED_FACE('',(#778),#6158,.F.);
#6434=ADVANCED_FACE('',(#779),#354,.F.);
#6435=ADVANCED_FACE('',(#780),#355,.T.);
#6436=ADVANCED_FACE('',(#781),#356,.T.);
#6437=ADVANCED_FACE('',(#782),#357,.T.);
#6438=ADVANCED_FACE('',(#783),#358,.T.);
#6439=ADVANCED_FACE('',(#784),#359,.T.);
#6440=ADVANCED_FACE('',(#785),#6159,.F.);
#6441=ADVANCED_FACE('',(#786),#360,.F.);
#6442=ADVANCED_FACE('',(#787),#361,.T.);
#6443=ADVANCED_FACE('',(#788),#362,.T.);
#6444=ADVANCED_FACE('',(#789),#363,.T.);
#6445=ADVANCED_FACE('',(#790),#364,.T.);
#6446=ADVANCED_FACE('',(#791),#365,.T.);
#6447=ADVANCED_FACE('',(#792),#6160,.F.);
#6448=ADVANCED_FACE('',(#793),#366,.F.);
#6449=ADVANCED_FACE('',(#794),#367,.T.);
#6450=ADVANCED_FACE('',(#795),#368,.T.);
#6451=ADVANCED_FACE('',(#796),#369,.T.);
#6452=ADVANCED_FACE('',(#797),#370,.T.);
#6453=ADVANCED_FACE('',(#798),#371,.T.);
#6454=ADVANCED_FACE('',(#799),#6161,.F.);
#6455=ADVANCED_FACE('',(#800),#372,.F.);
#6456=ADVANCED_FACE('',(#801),#373,.T.);
#6457=ADVANCED_FACE('',(#802),#374,.T.);
#6458=ADVANCED_FACE('',(#803),#375,.T.);
#6459=ADVANCED_FACE('',(#804),#376,.T.);
#6460=ADVANCED_FACE('',(#805),#377,.T.);
#6461=ADVANCED_FACE('',(#806),#6162,.F.);
#6462=ADVANCED_FACE('',(#807),#378,.F.);
#6463=ADVANCED_FACE('',(#808),#379,.T.);
#6464=ADVANCED_FACE('',(#809),#380,.T.);
#6465=ADVANCED_FACE('',(#810),#381,.T.);
#6466=ADVANCED_FACE('',(#811),#382,.T.);
#6467=ADVANCED_FACE('',(#812),#383,.T.);
#6468=ADVANCED_FACE('',(#813),#6163,.F.);
#6469=ADVANCED_FACE('',(#814),#384,.F.);
#6470=ADVANCED_FACE('',(#815),#385,.T.);
#6471=ADVANCED_FACE('',(#816),#386,.T.);
#6472=ADVANCED_FACE('',(#817),#387,.T.);
#6473=ADVANCED_FACE('',(#818),#388,.T.);
#6474=ADVANCED_FACE('',(#819),#389,.T.);
#6475=ADVANCED_FACE('',(#820),#6164,.F.);
#6476=ADVANCED_FACE('',(#821),#390,.F.);
#6477=ADVANCED_FACE('',(#822),#391,.T.);
#6478=ADVANCED_FACE('',(#823),#392,.T.);
#6479=ADVANCED_FACE('',(#824),#393,.T.);
#6480=ADVANCED_FACE('',(#825),#394,.T.);
#6481=ADVANCED_FACE('',(#826),#395,.T.);
#6482=ADVANCED_FACE('',(#827),#6165,.F.);
#6483=ADVANCED_FACE('',(#828),#396,.F.);
#6484=ADVANCED_FACE('',(#829),#397,.T.);
#6485=ADVANCED_FACE('',(#830),#398,.T.);
#6486=ADVANCED_FACE('',(#831),#399,.T.);
#6487=ADVANCED_FACE('',(#832),#400,.T.);
#6488=ADVANCED_FACE('',(#833),#401,.T.);
#6489=ADVANCED_FACE('',(#834),#6166,.F.);
#6490=ADVANCED_FACE('',(#835),#402,.F.);
#6491=ADVANCED_FACE('',(#836),#403,.T.);
#6492=ADVANCED_FACE('',(#837),#404,.T.);
#6493=ADVANCED_FACE('',(#838),#405,.T.);
#6494=ADVANCED_FACE('',(#839),#406,.T.);
#6495=ADVANCED_FACE('',(#840),#407,.T.);
#6496=ADVANCED_FACE('',(#841),#6167,.F.);
#6497=ADVANCED_FACE('',(#842),#408,.F.);
#6498=ADVANCED_FACE('',(#843),#409,.T.);
#6499=ADVANCED_FACE('',(#844),#410,.T.);
#6500=ADVANCED_FACE('',(#845),#411,.T.);
#6501=ADVANCED_FACE('',(#846),#412,.T.);
#6502=ADVANCED_FACE('',(#847),#413,.T.);
#6503=ADVANCED_FACE('',(#848),#6168,.F.);
#6504=ADVANCED_FACE('',(#849),#414,.F.);
#6505=ADVANCED_FACE('',(#850),#415,.T.);
#6506=ADVANCED_FACE('',(#851),#416,.T.);
#6507=ADVANCED_FACE('',(#852),#417,.T.);
#6508=ADVANCED_FACE('',(#853),#418,.T.);
#6509=ADVANCED_FACE('',(#854),#419,.T.);
#6510=ADVANCED_FACE('',(#855),#6169,.F.);
#6511=ADVANCED_FACE('',(#856),#420,.F.);
#6512=ADVANCED_FACE('',(#857),#421,.T.);
#6513=ADVANCED_FACE('',(#858),#422,.T.);
#6514=ADVANCED_FACE('',(#859),#423,.T.);
#6515=ADVANCED_FACE('',(#860),#424,.T.);
#6516=ADVANCED_FACE('',(#861),#425,.T.);
#6517=ADVANCED_FACE('',(#862),#6170,.F.);
#6518=ADVANCED_FACE('',(#863),#426,.F.);
#6519=ADVANCED_FACE('',(#864),#427,.T.);
#6520=ADVANCED_FACE('',(#865),#428,.T.);
#6521=ADVANCED_FACE('',(#866),#429,.T.);
#6522=ADVANCED_FACE('',(#867),#430,.T.);
#6523=ADVANCED_FACE('',(#868),#431,.T.);
#6524=ADVANCED_FACE('',(#869),#6171,.F.);
#6525=ADVANCED_FACE('',(#870),#432,.F.);
#6526=ADVANCED_FACE('',(#871),#433,.T.);
#6527=ADVANCED_FACE('',(#872),#434,.T.);
#6528=ADVANCED_FACE('',(#873),#435,.T.);
#6529=ADVANCED_FACE('',(#874),#436,.T.);
#6530=ADVANCED_FACE('',(#875),#437,.T.);
#6531=ADVANCED_FACE('',(#876),#6172,.F.);
#6532=ADVANCED_FACE('',(#877),#438,.F.);
#6533=ADVANCED_FACE('',(#878),#439,.T.);
#6534=ADVANCED_FACE('',(#879),#440,.T.);
#6535=ADVANCED_FACE('',(#880),#441,.T.);
#6536=ADVANCED_FACE('',(#881),#442,.T.);
#6537=ADVANCED_FACE('',(#882),#443,.T.);
#6538=ADVANCED_FACE('',(#883),#6173,.F.);
#6539=ADVANCED_FACE('',(#884),#444,.F.);
#6540=ADVANCED_FACE('',(#885),#445,.T.);
#6541=ADVANCED_FACE('',(#886),#446,.T.);
#6542=ADVANCED_FACE('',(#887),#447,.T.);
#6543=ADVANCED_FACE('',(#888),#448,.T.);
#6544=ADVANCED_FACE('',(#889),#449,.T.);
#6545=ADVANCED_FACE('',(#890),#6174,.F.);
#6546=ADVANCED_FACE('',(#891),#450,.F.);
#6547=ADVANCED_FACE('',(#892),#451,.T.);
#6548=ADVANCED_FACE('',(#893),#452,.T.);
#6549=ADVANCED_FACE('',(#894),#453,.T.);
#6550=ADVANCED_FACE('',(#895),#454,.T.);
#6551=ADVANCED_FACE('',(#896),#455,.T.);
#6552=ADVANCED_FACE('',(#897),#6175,.F.);
#6553=ADVANCED_FACE('',(#898),#456,.F.);
#6554=ADVANCED_FACE('',(#899),#457,.T.);
#6555=ADVANCED_FACE('',(#900),#458,.T.);
#6556=ADVANCED_FACE('',(#901),#459,.T.);
#6557=ADVANCED_FACE('',(#902),#460,.T.);
#6558=ADVANCED_FACE('',(#903),#461,.T.);
#6559=ADVANCED_FACE('',(#904),#6176,.F.);
#6560=ADVANCED_FACE('',(#905),#462,.F.);
#6561=ADVANCED_FACE('',(#906),#463,.T.);
#6562=ADVANCED_FACE('',(#907),#464,.T.);
#6563=ADVANCED_FACE('',(#908),#465,.T.);
#6564=ADVANCED_FACE('',(#909),#466,.T.);
#6565=ADVANCED_FACE('',(#910),#467,.T.);
#6566=ADVANCED_FACE('',(#911),#6177,.F.);
#6567=ADVANCED_FACE('',(#912),#468,.F.);
#6568=ADVANCED_FACE('',(#913),#469,.T.);
#6569=ADVANCED_FACE('',(#914),#470,.T.);
#6570=ADVANCED_FACE('',(#915),#471,.T.);
#6571=ADVANCED_FACE('',(#916),#472,.T.);
#6572=ADVANCED_FACE('',(#917),#473,.T.);
#6573=ADVANCED_FACE('',(#918),#6178,.F.);
#6574=ADVANCED_FACE('',(#919),#474,.F.);
#6575=ADVANCED_FACE('',(#920),#475,.T.);
#6576=ADVANCED_FACE('',(#921),#476,.T.);
#6577=ADVANCED_FACE('',(#922),#477,.T.);
#6578=ADVANCED_FACE('',(#923),#478,.T.);
#6579=ADVANCED_FACE('',(#924),#479,.T.);
#6580=ADVANCED_FACE('',(#925),#6179,.F.);
#6581=ADVANCED_FACE('',(#926),#480,.F.);
#6582=ADVANCED_FACE('',(#927),#481,.T.);
#6583=ADVANCED_FACE('',(#928),#482,.T.);
#6584=ADVANCED_FACE('',(#929),#483,.T.);
#6585=ADVANCED_FACE('',(#930),#484,.T.);
#6586=ADVANCED_FACE('',(#931),#485,.T.);
#6587=ADVANCED_FACE('',(#932),#486,.T.);
#6588=ADVANCED_FACE('',(#933),#6180,.F.);
#6589=ADVANCED_FACE('',(#934),#487,.F.);
#6590=ADVANCED_FACE('',(#935),#488,.T.);
#6591=ADVANCED_FACE('',(#936),#489,.T.);
#6592=ADVANCED_FACE('',(#937),#490,.T.);
#6593=ADVANCED_FACE('',(#938),#491,.T.);
#6594=ADVANCED_FACE('',(#939),#492,.T.);
#6595=ADVANCED_FACE('',(#940),#6181,.F.);
#6596=ADVANCED_FACE('',(#941),#493,.F.);
#6597=ADVANCED_FACE('',(#942),#494,.T.);
#6598=ADVANCED_FACE('',(#943),#495,.T.);
#6599=ADVANCED_FACE('',(#944),#496,.T.);
#6600=ADVANCED_FACE('',(#945),#497,.T.);
#6601=ADVANCED_FACE('',(#946),#498,.T.);
#6602=ADVANCED_FACE('',(#947),#6182,.F.);
#6603=ADVANCED_FACE('',(#948),#499,.F.);
#6604=ADVANCED_FACE('',(#949),#500,.T.);
#6605=ADVANCED_FACE('',(#950),#501,.T.);
#6606=ADVANCED_FACE('',(#951),#502,.T.);
#6607=ADVANCED_FACE('',(#952),#503,.T.);
#6608=ADVANCED_FACE('',(#953),#504,.T.);
#6609=ADVANCED_FACE('',(#954),#6183,.F.);
#6610=ADVANCED_FACE('',(#955),#505,.F.);
#6611=ADVANCED_FACE('',(#956),#506,.T.);
#6612=ADVANCED_FACE('',(#957),#507,.T.);
#6613=ADVANCED_FACE('',(#958),#508,.T.);
#6614=ADVANCED_FACE('',(#959),#509,.T.);
#6615=ADVANCED_FACE('',(#960),#510,.T.);
#6616=ADVANCED_FACE('',(#961),#6184,.F.);
#6617=ADVANCED_FACE('',(#962),#511,.F.);
#6618=ADVANCED_FACE('',(#963),#512,.T.);
#6619=ADVANCED_FACE('',(#964),#513,.T.);
#6620=ADVANCED_FACE('',(#965),#514,.T.);
#6621=ADVANCED_FACE('',(#966),#515,.T.);
#6622=ADVANCED_FACE('',(#967),#516,.T.);
#6623=ADVANCED_FACE('',(#968),#6185,.F.);
#6624=ADVANCED_FACE('',(#969),#517,.F.);
#6625=ADVANCED_FACE('',(#970),#518,.T.);
#6626=ADVANCED_FACE('',(#971),#519,.T.);
#6627=ADVANCED_FACE('',(#972),#520,.T.);
#6628=ADVANCED_FACE('',(#973),#521,.T.);
#6629=ADVANCED_FACE('',(#974),#522,.T.);
#6630=ADVANCED_FACE('',(#975),#6186,.F.);
#6631=ADVANCED_FACE('',(#976),#523,.F.);
#6632=ADVANCED_FACE('',(#977),#524,.T.);
#6633=ADVANCED_FACE('',(#978),#525,.T.);
#6634=ADVANCED_FACE('',(#979),#526,.T.);
#6635=ADVANCED_FACE('',(#980),#527,.T.);
#6636=ADVANCED_FACE('',(#981),#528,.T.);
#6637=ADVANCED_FACE('',(#982),#529,.T.);
#6638=ADVANCED_FACE('',(#983),#530,.T.);
#6639=ADVANCED_FACE('',(#984,#14,#15,#16,#17,#18,#19,#20,#21,#22,#23,#24,
#25,#26,#27,#28,#29,#30,#31,#32,#33,#34,#35,#36,#37,#38,#39,#40,#41,#42,
#43,#44,#45,#46,#47,#48,#49,#50,#51,#52,#53,#54,#55,#56,#57,#58,#59,#60,
#61,#62,#63,#64,#65,#66,#67,#68,#69,#70,#71,#72,#73,#74,#75,#76,#77),#531,
 .F.);
#6640=CLOSED_SHELL('',(#6187,#6188,#6189,#6190,#6191,#6192,#6193,#6194,
#6195,#6196,#6197,#6198,#6199,#6200,#6201,#6202,#6203,#6204,#6205,#6206,
#6207,#6208,#6209,#6210,#6211,#6212,#6213,#6214,#6215,#6216,#6217,#6218,
#6219,#6220,#6221,#6222,#6223,#6224,#6225,#6226,#6227,#6228,#6229,#6230,
#6231,#6232,#6233,#6234,#6235,#6236,#6237,#6238,#6239,#6240,#6241,#6242,
#6243,#6244,#6245,#6246,#6247,#6248,#6249,#6250,#6251,#6252,#6253,#6254,
#6255,#6256,#6257,#6258,#6259,#6260,#6261,#6262,#6263,#6264,#6265,#6266,
#6267,#6268,#6269,#6270,#6271,#6272,#6273,#6274,#6275,#6276,#6277,#6278,
#6279,#6280,#6281,#6282,#6283,#6284,#6285,#6286,#6287,#6288,#6289,#6290,
#6291,#6292,#6293,#6294,#6295,#6296,#6297,#6298,#6299,#6300,#6301,#6302,
#6303,#6304,#6305,#6306,#6307,#6308,#6309,#6310,#6311,#6312,#6313,#6314,
#6315,#6316,#6317,#6318,#6319,#6320,#6321,#6322,#6323,#6324,#6325,#6326,
#6327,#6328,#6329,#6330,#6331,#6332,#6333,#6334,#6335,#6336,#6337,#6338,
#6339,#6340,#6341,#6342,#6343,#6344,#6345,#6346,#6347,#6348,#6349,#6350,
#6351,#6352,#6353,#6354,#6355,#6356,#6357,#6358,#6359,#6360,#6361,#6362,
#6363,#6364,#6365,#6366,#6367,#6368,#6369,#6370,#6371,#6372,#6373,#6374,
#6375,#6376,#6377,#6378,#6379,#6380,#6381,#6382,#6383,#6384,#6385,#6386,
#6387,#6388,#6389,#6390,#6391,#6392,#6393,#6394,#6395,#6396,#6397,#6398,
#6399,#6400,#6401,#6402,#6403,#6404,#6405,#6406,#6407,#6408,#6409,#6410,
#6411,#6412,#6413,#6414,#6415,#6416,#6417,#6418,#6419,#6420,#6421,#6422,
#6423,#6424,#6425,#6426,#6427,#6428,#6429,#6430,#6431,#6432,#6433,#6434,
#6435,#6436,#6437,#6438,#6439,#6440,#6441,#6442,#6443,#6444,#6445,#6446,
#6447,#6448,#6449,#6450,#6451,#6452,#6453,#6454,#6455,#6456,#6457,#6458,
#6459,#6460,#6461,#6462,#6463,#6464,#6465,#6466,#6467,#6468,#6469,#6470,
#6471,#6472,#6473,#6474,#6475,#6476,#6477,#6478,#6479,#6480,#6481,#6482,
#6483,#6484,#6485,#6486,#6487,#6488,#6489,#6490,#6491,#6492,#6493,#6494,
#6495,#6496,#6497,#6498,#6499,#6500,#6501,#6502,#6503,#6504,#6505,#6506,
#6507,#6508,#6509,#6510,#6511,#6512,#6513,#6514,#6515,#6516,#6517,#6518,
#6519,#6520,#6521,#6522,#6523,#6524,#6525,#6526,#6527,#6528,#6529,#6530,
#6531,#6532,#6533,#6534,#6535,#6536,#6537,#6538,#6539,#6540,#6541,#6542,
#6543,#6544,#6545,#6546,#6547,#6548,#6549,#6550,#6551,#6552,#6553,#6554,
#6555,#6556,#6557,#6558,#6559,#6560,#6561,#6562,#6563,#6564,#6565,#6566,
#6567,#6568,#6569,#6570,#6571,#6572,#6573,#6574,#6575,#6576,#6577,#6578,
#6579,#6580,#6581,#6582,#6583,#6584,#6585,#6586,#6587,#6588,#6589,#6590,
#6591,#6592,#6593,#6594,#6595,#6596,#6597,#6598,#6599,#6600,#6601,#6602,
#6603,#6604,#6605,#6606,#6607,#6608,#6609,#6610,#6611,#6612,#6613,#6614,
#6615,#6616,#6617,#6618,#6619,#6620,#6621,#6622,#6623,#6624,#6625,#6626,
#6627,#6628,#6629,#6630,#6631,#6632,#6633,#6634,#6635,#6636,#6637,#6638,
#6639));
#6641=DERIVED_UNIT_ELEMENT(#6643,1.);
#6642=DERIVED_UNIT_ELEMENT(#10922,-3.);
#6643=(
CONVERSION_BASED_UNIT('gram',#6645)
MASS_UNIT()
NAMED_UNIT(#10919)
);
#6644=(
MASS_UNIT()
NAMED_UNIT(*)
SI_UNIT(.KILO.,.GRAM.)
);
#6645=MASS_MEASURE_WITH_UNIT(MASS_MEASURE(0.001),#6644);
#6646=DERIVED_UNIT((#6641,#6642));
#6647=MEASURE_REPRESENTATION_ITEM('density measure',
POSITIVE_RATIO_MEASURE(1.),#6646);
#6648=PROPERTY_DEFINITION_REPRESENTATION(#6653,#6650);
#6649=PROPERTY_DEFINITION_REPRESENTATION(#6654,#6651);
#6650=REPRESENTATION('material name',(#6652),#10916);
#6651=REPRESENTATION('density',(#6647),#10916);
#6652=DESCRIPTIVE_REPRESENTATION_ITEM('Generic','Generic');
#6653=PROPERTY_DEFINITION('material property','material name',#10930);
#6654=PROPERTY_DEFINITION('material property','density of part',#10930);
#6655=DATE_TIME_ROLE('creation_date');
#6656=APPLIED_DATE_AND_TIME_ASSIGNMENT(#6657,#6655,(#10930));
#6657=DATE_AND_TIME(#6658,#6659);
#6658=CALENDAR_DATE(2025,3,8);
#6659=LOCAL_TIME(0,0,0.,#6660);
#6660=COORDINATED_UNIVERSAL_TIME_OFFSET(0,0,.BEHIND.);
#6661=AXIS2_PLACEMENT_3D('',#9135,#7243,#7244);
#6662=AXIS2_PLACEMENT_3D('',#9136,#7245,#7246);
#6663=AXIS2_PLACEMENT_3D('',#9138,#7247,#7248);
#6664=AXIS2_PLACEMENT_3D('',#9141,#7250,#7251);
#6665=AXIS2_PLACEMENT_3D('',#9142,#7252,#7253);
#6666=AXIS2_PLACEMENT_3D('',#9143,#7254,#7255);
#6667=AXIS2_PLACEMENT_3D('',#9152,#7260,#7261);
#6668=AXIS2_PLACEMENT_3D('',#9158,#7265,#7266);
#6669=AXIS2_PLACEMENT_3D('',#9164,#7270,#7271);
#6670=AXIS2_PLACEMENT_3D('',#9167,#7274,#7275);
#6671=AXIS2_PLACEMENT_3D('',#9168,#7276,#7277);
#6672=AXIS2_PLACEMENT_3D('',#9170,#7278,#7279);
#6673=AXIS2_PLACEMENT_3D('',#9173,#7281,#7282);
#6674=AXIS2_PLACEMENT_3D('',#9174,#7283,#7284);
#6675=AXIS2_PLACEMENT_3D('',#9175,#7285,#7286);
#6676=AXIS2_PLACEMENT_3D('',#9183,#7291,#7292);
#6677=AXIS2_PLACEMENT_3D('',#9187,#7295,#7296);
#6678=AXIS2_PLACEMENT_3D('',#9193,#7300,#7301);
#6679=AXIS2_PLACEMENT_3D('',#9196,#7304,#7305);
#6680=AXIS2_PLACEMENT_3D('',#9197,#7306,#7307);
#6681=AXIS2_PLACEMENT_3D('',#9199,#7308,#7309);
#6682=AXIS2_PLACEMENT_3D('',#9202,#7311,#7312);
#6683=AXIS2_PLACEMENT_3D('',#9203,#7313,#7314);
#6684=AXIS2_PLACEMENT_3D('',#9204,#7315,#7316);
#6685=AXIS2_PLACEMENT_3D('',#9212,#7321,#7322);
#6686=AXIS2_PLACEMENT_3D('',#9216,#7325,#7326);
#6687=AXIS2_PLACEMENT_3D('',#9222,#7330,#7331);
#6688=AXIS2_PLACEMENT_3D('',#9225,#7334,#7335);
#6689=AXIS2_PLACEMENT_3D('',#9226,#7336,#7337);
#6690=AXIS2_PLACEMENT_3D('',#9228,#7338,#7339);
#6691=AXIS2_PLACEMENT_3D('',#9231,#7341,#7342);
#6692=AXIS2_PLACEMENT_3D('',#9232,#7343,#7344);
#6693=AXIS2_PLACEMENT_3D('',#9233,#7345,#7346);
#6694=AXIS2_PLACEMENT_3D('',#9241,#7351,#7352);
#6695=AXIS2_PLACEMENT_3D('',#9245,#7355,#7356);
#6696=AXIS2_PLACEMENT_3D('',#9251,#7360,#7361);
#6697=AXIS2_PLACEMENT_3D('',#9254,#7364,#7365);
#6698=AXIS2_PLACEMENT_3D('',#9255,#7366,#7367);
#6699=AXIS2_PLACEMENT_3D('',#9257,#7368,#7369);
#6700=AXIS2_PLACEMENT_3D('',#9260,#7371,#7372);
#6701=AXIS2_PLACEMENT_3D('',#9261,#7373,#7374);
#6702=AXIS2_PLACEMENT_3D('',#9262,#7375,#7376);
#6703=AXIS2_PLACEMENT_3D('',#9270,#7381,#7382);
#6704=AXIS2_PLACEMENT_3D('',#9274,#7385,#7386);
#6705=AXIS2_PLACEMENT_3D('',#9280,#7390,#7391);
#6706=AXIS2_PLACEMENT_3D('',#9283,#7394,#7395);
#6707=AXIS2_PLACEMENT_3D('',#9284,#7396,#7397);
#6708=AXIS2_PLACEMENT_3D('',#9286,#7398,#7399);
#6709=AXIS2_PLACEMENT_3D('',#9289,#7401,#7402);
#6710=AXIS2_PLACEMENT_3D('',#9290,#7403,#7404);
#6711=AXIS2_PLACEMENT_3D('',#9291,#7405,#7406);
#6712=AXIS2_PLACEMENT_3D('',#9299,#7411,#7412);
#6713=AXIS2_PLACEMENT_3D('',#9303,#7415,#7416);
#6714=AXIS2_PLACEMENT_3D('',#9309,#7420,#7421);
#6715=AXIS2_PLACEMENT_3D('',#9312,#7424,#7425);
#6716=AXIS2_PLACEMENT_3D('',#9313,#7426,#7427);
#6717=AXIS2_PLACEMENT_3D('',#9315,#7428,#7429);
#6718=AXIS2_PLACEMENT_3D('',#9318,#7431,#7432);
#6719=AXIS2_PLACEMENT_3D('',#9319,#7433,#7434);
#6720=AXIS2_PLACEMENT_3D('',#9320,#7435,#7436);
#6721=AXIS2_PLACEMENT_3D('',#9328,#7441,#7442);
#6722=AXIS2_PLACEMENT_3D('',#9332,#7445,#7446);
#6723=AXIS2_PLACEMENT_3D('',#9338,#7450,#7451);
#6724=AXIS2_PLACEMENT_3D('',#9341,#7454,#7455);
#6725=AXIS2_PLACEMENT_3D('',#9342,#7456,#7457);
#6726=AXIS2_PLACEMENT_3D('',#9344,#7458,#7459);
#6727=AXIS2_PLACEMENT_3D('',#9347,#7461,#7462);
#6728=AXIS2_PLACEMENT_3D('',#9348,#7463,#7464);
#6729=AXIS2_PLACEMENT_3D('',#9349,#7465,#7466);
#6730=AXIS2_PLACEMENT_3D('',#9357,#7471,#7472);
#6731=AXIS2_PLACEMENT_3D('',#9361,#7475,#7476);
#6732=AXIS2_PLACEMENT_3D('',#9367,#7480,#7481);
#6733=AXIS2_PLACEMENT_3D('',#9370,#7484,#7485);
#6734=AXIS2_PLACEMENT_3D('',#9376,#7489,#7490);
#6735=AXIS2_PLACEMENT_3D('',#9377,#7491,#7492);
#6736=AXIS2_PLACEMENT_3D('',#9379,#7493,#7494);
#6737=AXIS2_PLACEMENT_3D('',#9382,#7496,#7497);
#6738=AXIS2_PLACEMENT_3D('',#9383,#7498,#7499);
#6739=AXIS2_PLACEMENT_3D('',#9384,#7500,#7501);
#6740=AXIS2_PLACEMENT_3D('',#9390,#7505,#7506);
#6741=AXIS2_PLACEMENT_3D('',#9396,#7510,#7511);
#6742=AXIS2_PLACEMENT_3D('',#9402,#7515,#7516);
#6743=AXIS2_PLACEMENT_3D('',#9405,#7519,#7520);
#6744=AXIS2_PLACEMENT_3D('',#9406,#7521,#7522);
#6745=AXIS2_PLACEMENT_3D('',#9408,#7523,#7524);
#6746=AXIS2_PLACEMENT_3D('',#9411,#7526,#7527);
#6747=AXIS2_PLACEMENT_3D('',#9412,#7528,#7529);
#6748=AXIS2_PLACEMENT_3D('',#9413,#7530,#7531);
#6749=AXIS2_PLACEMENT_3D('',#9419,#7535,#7536);
#6750=AXIS2_PLACEMENT_3D('',#9423,#7539,#7540);
#6751=AXIS2_PLACEMENT_3D('',#9429,#7544,#7545);
#6752=AXIS2_PLACEMENT_3D('',#9432,#7548,#7549);
#6753=AXIS2_PLACEMENT_3D('',#9433,#7550,#7551);
#6754=AXIS2_PLACEMENT_3D('',#9435,#7552,#7553);
#6755=AXIS2_PLACEMENT_3D('',#9438,#7555,#7556);
#6756=AXIS2_PLACEMENT_3D('',#9439,#7557,#7558);
#6757=AXIS2_PLACEMENT_3D('',#9440,#7559,#7560);
#6758=AXIS2_PLACEMENT_3D('',#9446,#7564,#7565);
#6759=AXIS2_PLACEMENT_3D('',#9450,#7568,#7569);
#6760=AXIS2_PLACEMENT_3D('',#9456,#7573,#7574);
#6761=AXIS2_PLACEMENT_3D('',#9459,#7577,#7578);
#6762=AXIS2_PLACEMENT_3D('',#9460,#7579,#7580);
#6763=AXIS2_PLACEMENT_3D('',#9462,#7581,#7582);
#6764=AXIS2_PLACEMENT_3D('',#9465,#7584,#7585);
#6765=AXIS2_PLACEMENT_3D('',#9466,#7586,#7587);
#6766=AXIS2_PLACEMENT_3D('',#9467,#7588,#7589);
#6767=AXIS2_PLACEMENT_3D('',#9473,#7593,#7594);
#6768=AXIS2_PLACEMENT_3D('',#9477,#7597,#7598);
#6769=AXIS2_PLACEMENT_3D('',#9483,#7602,#7603);
#6770=AXIS2_PLACEMENT_3D('',#9486,#7606,#7607);
#6771=AXIS2_PLACEMENT_3D('',#9487,#7608,#7609);
#6772=AXIS2_PLACEMENT_3D('',#9489,#7610,#7611);
#6773=AXIS2_PLACEMENT_3D('',#9492,#7613,#7614);
#6774=AXIS2_PLACEMENT_3D('',#9493,#7615,#7616);
#6775=AXIS2_PLACEMENT_3D('',#9494,#7617,#7618);
#6776=AXIS2_PLACEMENT_3D('',#9500,#7622,#7623);
#6777=AXIS2_PLACEMENT_3D('',#9504,#7626,#7627);
#6778=AXIS2_PLACEMENT_3D('',#9510,#7631,#7632);
#6779=AXIS2_PLACEMENT_3D('',#9513,#7635,#7636);
#6780=AXIS2_PLACEMENT_3D('',#9514,#7637,#7638);
#6781=AXIS2_PLACEMENT_3D('',#9516,#7639,#7640);
#6782=AXIS2_PLACEMENT_3D('',#9519,#7642,#7643);
#6783=AXIS2_PLACEMENT_3D('',#9520,#7644,#7645);
#6784=AXIS2_PLACEMENT_3D('',#9521,#7646,#7647);
#6785=AXIS2_PLACEMENT_3D('',#9527,#7651,#7652);
#6786=AXIS2_PLACEMENT_3D('',#9531,#7655,#7656);
#6787=AXIS2_PLACEMENT_3D('',#9537,#7660,#7661);
#6788=AXIS2_PLACEMENT_3D('',#9540,#7664,#7665);
#6789=AXIS2_PLACEMENT_3D('',#9541,#7666,#7667);
#6790=AXIS2_PLACEMENT_3D('',#9543,#7668,#7669);
#6791=AXIS2_PLACEMENT_3D('',#9546,#7671,#7672);
#6792=AXIS2_PLACEMENT_3D('',#9547,#7673,#7674);
#6793=AXIS2_PLACEMENT_3D('',#9548,#7675,#7676);
#6794=AXIS2_PLACEMENT_3D('',#9554,#7680,#7681);
#6795=AXIS2_PLACEMENT_3D('',#9558,#7684,#7685);
#6796=AXIS2_PLACEMENT_3D('',#9564,#7689,#7690);
#6797=AXIS2_PLACEMENT_3D('',#9567,#7693,#7694);
#6798=AXIS2_PLACEMENT_3D('',#9568,#7695,#7696);
#6799=AXIS2_PLACEMENT_3D('',#9570,#7697,#7698);
#6800=AXIS2_PLACEMENT_3D('',#9573,#7700,#7701);
#6801=AXIS2_PLACEMENT_3D('',#9574,#7702,#7703);
#6802=AXIS2_PLACEMENT_3D('',#9575,#7704,#7705);
#6803=AXIS2_PLACEMENT_3D('',#9581,#7709,#7710);
#6804=AXIS2_PLACEMENT_3D('',#9585,#7713,#7714);
#6805=AXIS2_PLACEMENT_3D('',#9591,#7718,#7719);
#6806=AXIS2_PLACEMENT_3D('',#9594,#7722,#7723);
#6807=AXIS2_PLACEMENT_3D('',#9595,#7724,#7725);
#6808=AXIS2_PLACEMENT_3D('',#9597,#7726,#7727);
#6809=AXIS2_PLACEMENT_3D('',#9600,#7729,#7730);
#6810=AXIS2_PLACEMENT_3D('',#9601,#7731,#7732);
#6811=AXIS2_PLACEMENT_3D('',#9602,#7733,#7734);
#6812=AXIS2_PLACEMENT_3D('',#9608,#7738,#7739);
#6813=AXIS2_PLACEMENT_3D('',#9614,#7743,#7744);
#6814=AXIS2_PLACEMENT_3D('',#9620,#7748,#7749);
#6815=AXIS2_PLACEMENT_3D('',#9623,#7752,#7753);
#6816=AXIS2_PLACEMENT_3D('',#9624,#7754,#7755);
#6817=AXIS2_PLACEMENT_3D('',#9626,#7756,#7757);
#6818=AXIS2_PLACEMENT_3D('',#9629,#7759,#7760);
#6819=AXIS2_PLACEMENT_3D('',#9630,#7761,#7762);
#6820=AXIS2_PLACEMENT_3D('',#9631,#7763,#7764);
#6821=AXIS2_PLACEMENT_3D('',#9637,#7768,#7769);
#6822=AXIS2_PLACEMENT_3D('',#9641,#7772,#7773);
#6823=AXIS2_PLACEMENT_3D('',#9647,#7777,#7778);
#6824=AXIS2_PLACEMENT_3D('',#9650,#7781,#7782);
#6825=AXIS2_PLACEMENT_3D('',#9651,#7783,#7784);
#6826=AXIS2_PLACEMENT_3D('',#9653,#7785,#7786);
#6827=AXIS2_PLACEMENT_3D('',#9656,#7788,#7789);
#6828=AXIS2_PLACEMENT_3D('',#9657,#7790,#7791);
#6829=AXIS2_PLACEMENT_3D('',#9658,#7792,#7793);
#6830=AXIS2_PLACEMENT_3D('',#9664,#7797,#7798);
#6831=AXIS2_PLACEMENT_3D('',#9668,#7801,#7802);
#6832=AXIS2_PLACEMENT_3D('',#9674,#7806,#7807);
#6833=AXIS2_PLACEMENT_3D('',#9677,#7810,#7811);
#6834=AXIS2_PLACEMENT_3D('',#9678,#7812,#7813);
#6835=AXIS2_PLACEMENT_3D('',#9680,#7814,#7815);
#6836=AXIS2_PLACEMENT_3D('',#9683,#7817,#7818);
#6837=AXIS2_PLACEMENT_3D('',#9684,#7819,#7820);
#6838=AXIS2_PLACEMENT_3D('',#9685,#7821,#7822);
#6839=AXIS2_PLACEMENT_3D('',#9691,#7826,#7827);
#6840=AXIS2_PLACEMENT_3D('',#9695,#7830,#7831);
#6841=AXIS2_PLACEMENT_3D('',#9701,#7835,#7836);
#6842=AXIS2_PLACEMENT_3D('',#9704,#7839,#7840);
#6843=AXIS2_PLACEMENT_3D('',#9705,#7841,#7842);
#6844=AXIS2_PLACEMENT_3D('',#9707,#7843,#7844);
#6845=AXIS2_PLACEMENT_3D('',#9710,#7846,#7847);
#6846=AXIS2_PLACEMENT_3D('',#9711,#7848,#7849);
#6847=AXIS2_PLACEMENT_3D('',#9712,#7850,#7851);
#6848=AXIS2_PLACEMENT_3D('',#9718,#7855,#7856);
#6849=AXIS2_PLACEMENT_3D('',#9722,#7859,#7860);
#6850=AXIS2_PLACEMENT_3D('',#9728,#7864,#7865);
#6851=AXIS2_PLACEMENT_3D('',#9731,#7868,#7869);
#6852=AXIS2_PLACEMENT_3D('',#9732,#7870,#7871);
#6853=AXIS2_PLACEMENT_3D('',#9734,#7872,#7873);
#6854=AXIS2_PLACEMENT_3D('',#9737,#7875,#7876);
#6855=AXIS2_PLACEMENT_3D('',#9738,#7877,#7878);
#6856=AXIS2_PLACEMENT_3D('',#9739,#7879,#7880);
#6857=AXIS2_PLACEMENT_3D('',#9745,#7884,#7885);
#6858=AXIS2_PLACEMENT_3D('',#9749,#7888,#7889);
#6859=AXIS2_PLACEMENT_3D('',#9755,#7893,#7894);
#6860=AXIS2_PLACEMENT_3D('',#9758,#7897,#7898);
#6861=AXIS2_PLACEMENT_3D('',#9759,#7899,#7900);
#6862=AXIS2_PLACEMENT_3D('',#9761,#7901,#7902);
#6863=AXIS2_PLACEMENT_3D('',#9764,#7904,#7905);
#6864=AXIS2_PLACEMENT_3D('',#9765,#7906,#7907);
#6865=AXIS2_PLACEMENT_3D('',#9766,#7908,#7909);
#6866=AXIS2_PLACEMENT_3D('',#9772,#7913,#7914);
#6867=AXIS2_PLACEMENT_3D('',#9776,#7917,#7918);
#6868=AXIS2_PLACEMENT_3D('',#9782,#7922,#7923);
#6869=AXIS2_PLACEMENT_3D('',#9785,#7926,#7927);
#6870=AXIS2_PLACEMENT_3D('',#9786,#7928,#7929);
#6871=AXIS2_PLACEMENT_3D('',#9788,#7930,#7931);
#6872=AXIS2_PLACEMENT_3D('',#9791,#7933,#7934);
#6873=AXIS2_PLACEMENT_3D('',#9792,#7935,#7936);
#6874=AXIS2_PLACEMENT_3D('',#9793,#7937,#7938);
#6875=AXIS2_PLACEMENT_3D('',#9799,#7942,#7943);
#6876=AXIS2_PLACEMENT_3D('',#9803,#7946,#7947);
#6877=AXIS2_PLACEMENT_3D('',#9809,#7951,#7952);
#6878=AXIS2_PLACEMENT_3D('',#9812,#7955,#7956);
#6879=AXIS2_PLACEMENT_3D('',#9813,#7957,#7958);
#6880=AXIS2_PLACEMENT_3D('',#9815,#7959,#7960);
#6881=AXIS2_PLACEMENT_3D('',#9818,#7962,#7963);
#6882=AXIS2_PLACEMENT_3D('',#9819,#7964,#7965);
#6883=AXIS2_PLACEMENT_3D('',#9820,#7966,#7967);
#6884=AXIS2_PLACEMENT_3D('',#9826,#7971,#7972);
#6885=AXIS2_PLACEMENT_3D('',#9832,#7976,#7977);
#6886=AXIS2_PLACEMENT_3D('',#9838,#7981,#7982);
#6887=AXIS2_PLACEMENT_3D('',#9841,#7985,#7986);
#6888=AXIS2_PLACEMENT_3D('',#9842,#7987,#7988);
#6889=AXIS2_PLACEMENT_3D('',#9844,#7989,#7990);
#6890=AXIS2_PLACEMENT_3D('',#9847,#7992,#7993);
#6891=AXIS2_PLACEMENT_3D('',#9848,#7994,#7995);
#6892=AXIS2_PLACEMENT_3D('',#9849,#7996,#7997);
#6893=AXIS2_PLACEMENT_3D('',#9855,#8001,#8002);
#6894=AXIS2_PLACEMENT_3D('',#9859,#8005,#8006);
#6895=AXIS2_PLACEMENT_3D('',#9865,#8010,#8011);
#6896=AXIS2_PLACEMENT_3D('',#9868,#8014,#8015);
#6897=AXIS2_PLACEMENT_3D('',#9869,#8016,#8017);
#6898=AXIS2_PLACEMENT_3D('',#9871,#8018,#8019);
#6899=AXIS2_PLACEMENT_3D('',#9874,#8021,#8022);
#6900=AXIS2_PLACEMENT_3D('',#9875,#8023,#8024);
#6901=AXIS2_PLACEMENT_3D('',#9876,#8025,#8026);
#6902=AXIS2_PLACEMENT_3D('',#9882,#8030,#8031);
#6903=AXIS2_PLACEMENT_3D('',#9886,#8034,#8035);
#6904=AXIS2_PLACEMENT_3D('',#9892,#8039,#8040);
#6905=AXIS2_PLACEMENT_3D('',#9895,#8043,#8044);
#6906=AXIS2_PLACEMENT_3D('',#9896,#8045,#8046);
#6907=AXIS2_PLACEMENT_3D('',#9898,#8047,#8048);
#6908=AXIS2_PLACEMENT_3D('',#9901,#8050,#8051);
#6909=AXIS2_PLACEMENT_3D('',#9902,#8052,#8053);
#6910=AXIS2_PLACEMENT_3D('',#9903,#8054,#8055);
#6911=AXIS2_PLACEMENT_3D('',#9909,#8059,#8060);
#6912=AXIS2_PLACEMENT_3D('',#9913,#8063,#8064);
#6913=AXIS2_PLACEMENT_3D('',#9919,#8068,#8069);
#6914=AXIS2_PLACEMENT_3D('',#9922,#8072,#8073);
#6915=AXIS2_PLACEMENT_3D('',#9923,#8074,#8075);
#6916=AXIS2_PLACEMENT_3D('',#9925,#8076,#8077);
#6917=AXIS2_PLACEMENT_3D('',#9928,#8079,#8080);
#6918=AXIS2_PLACEMENT_3D('',#9929,#8081,#8082);
#6919=AXIS2_PLACEMENT_3D('',#9930,#8083,#8084);
#6920=AXIS2_PLACEMENT_3D('',#9936,#8088,#8089);
#6921=AXIS2_PLACEMENT_3D('',#9940,#8092,#8093);
#6922=AXIS2_PLACEMENT_3D('',#9946,#8097,#8098);
#6923=AXIS2_PLACEMENT_3D('',#9949,#8101,#8102);
#6924=AXIS2_PLACEMENT_3D('',#9950,#8103,#8104);
#6925=AXIS2_PLACEMENT_3D('',#9952,#8105,#8106);
#6926=AXIS2_PLACEMENT_3D('',#9955,#8108,#8109);
#6927=AXIS2_PLACEMENT_3D('',#9956,#8110,#8111);
#6928=AXIS2_PLACEMENT_3D('',#9957,#8112,#8113);
#6929=AXIS2_PLACEMENT_3D('',#9963,#8117,#8118);
#6930=AXIS2_PLACEMENT_3D('',#9967,#8121,#8122);
#6931=AXIS2_PLACEMENT_3D('',#9973,#8126,#8127);
#6932=AXIS2_PLACEMENT_3D('',#9976,#8130,#8131);
#6933=AXIS2_PLACEMENT_3D('',#9977,#8132,#8133);
#6934=AXIS2_PLACEMENT_3D('',#9979,#8134,#8135);
#6935=AXIS2_PLACEMENT_3D('',#9982,#8137,#8138);
#6936=AXIS2_PLACEMENT_3D('',#9983,#8139,#8140);
#6937=AXIS2_PLACEMENT_3D('',#9984,#8141,#8142);
#6938=AXIS2_PLACEMENT_3D('',#9990,#8146,#8147);
#6939=AXIS2_PLACEMENT_3D('',#9994,#8150,#8151);
#6940=AXIS2_PLACEMENT_3D('',#10000,#8155,#8156);
#6941=AXIS2_PLACEMENT_3D('',#10003,#8159,#8160);
#6942=AXIS2_PLACEMENT_3D('',#10004,#8161,#8162);
#6943=AXIS2_PLACEMENT_3D('',#10006,#8163,#8164);
#6944=AXIS2_PLACEMENT_3D('',#10009,#8166,#8167);
#6945=AXIS2_PLACEMENT_3D('',#10010,#8168,#8169);
#6946=AXIS2_PLACEMENT_3D('',#10011,#8170,#8171);
#6947=AXIS2_PLACEMENT_3D('',#10017,#8175,#8176);
#6948=AXIS2_PLACEMENT_3D('',#10021,#8179,#8180);
#6949=AXIS2_PLACEMENT_3D('',#10027,#8184,#8185);
#6950=AXIS2_PLACEMENT_3D('',#10030,#8188,#8189);
#6951=AXIS2_PLACEMENT_3D('',#10031,#8190,#8191);
#6952=AXIS2_PLACEMENT_3D('',#10033,#8192,#8193);
#6953=AXIS2_PLACEMENT_3D('',#10036,#8195,#8196);
#6954=AXIS2_PLACEMENT_3D('',#10037,#8197,#8198);
#6955=AXIS2_PLACEMENT_3D('',#10038,#8199,#8200);
#6956=AXIS2_PLACEMENT_3D('',#10044,#8204,#8205);
#6957=AXIS2_PLACEMENT_3D('',#10050,#8209,#8210);
#6958=AXIS2_PLACEMENT_3D('',#10056,#8214,#8215);
#6959=AXIS2_PLACEMENT_3D('',#10059,#8218,#8219);
#6960=AXIS2_PLACEMENT_3D('',#10060,#8220,#8221);
#6961=AXIS2_PLACEMENT_3D('',#10062,#8222,#8223);
#6962=AXIS2_PLACEMENT_3D('',#10065,#8225,#8226);
#6963=AXIS2_PLACEMENT_3D('',#10066,#8227,#8228);
#6964=AXIS2_PLACEMENT_3D('',#10067,#8229,#8230);
#6965=AXIS2_PLACEMENT_3D('',#10073,#8234,#8235);
#6966=AXIS2_PLACEMENT_3D('',#10077,#8238,#8239);
#6967=AXIS2_PLACEMENT_3D('',#10083,#8243,#8244);
#6968=AXIS2_PLACEMENT_3D('',#10086,#8247,#8248);
#6969=AXIS2_PLACEMENT_3D('',#10087,#8249,#8250);
#6970=AXIS2_PLACEMENT_3D('',#10089,#8251,#8252);
#6971=AXIS2_PLACEMENT_3D('',#10092,#8254,#8255);
#6972=AXIS2_PLACEMENT_3D('',#10093,#8256,#8257);
#6973=AXIS2_PLACEMENT_3D('',#10094,#8258,#8259);
#6974=AXIS2_PLACEMENT_3D('',#10100,#8263,#8264);
#6975=AXIS2_PLACEMENT_3D('',#10104,#8267,#8268);
#6976=AXIS2_PLACEMENT_3D('',#10110,#8272,#8273);
#6977=AXIS2_PLACEMENT_3D('',#10113,#8276,#8277);
#6978=AXIS2_PLACEMENT_3D('',#10114,#8278,#8279);
#6979=AXIS2_PLACEMENT_3D('',#10116,#8280,#8281);
#6980=AXIS2_PLACEMENT_3D('',#10119,#8283,#8284);
#6981=AXIS2_PLACEMENT_3D('',#10120,#8285,#8286);
#6982=AXIS2_PLACEMENT_3D('',#10121,#8287,#8288);
#6983=AXIS2_PLACEMENT_3D('',#10127,#8292,#8293);
#6984=AXIS2_PLACEMENT_3D('',#10131,#8296,#8297);
#6985=AXIS2_PLACEMENT_3D('',#10137,#8301,#8302);
#6986=AXIS2_PLACEMENT_3D('',#10140,#8305,#8306);
#6987=AXIS2_PLACEMENT_3D('',#10141,#8307,#8308);
#6988=AXIS2_PLACEMENT_3D('',#10143,#8309,#8310);
#6989=AXIS2_PLACEMENT_3D('',#10146,#8312,#8313);
#6990=AXIS2_PLACEMENT_3D('',#10147,#8314,#8315);
#6991=AXIS2_PLACEMENT_3D('',#10148,#8316,#8317);
#6992=AXIS2_PLACEMENT_3D('',#10154,#8321,#8322);
#6993=AXIS2_PLACEMENT_3D('',#10158,#8325,#8326);
#6994=AXIS2_PLACEMENT_3D('',#10164,#8330,#8331);
#6995=AXIS2_PLACEMENT_3D('',#10167,#8334,#8335);
#6996=AXIS2_PLACEMENT_3D('',#10168,#8336,#8337);
#6997=AXIS2_PLACEMENT_3D('',#10170,#8338,#8339);
#6998=AXIS2_PLACEMENT_3D('',#10173,#8341,#8342);
#6999=AXIS2_PLACEMENT_3D('',#10174,#8343,#8344);
#7000=AXIS2_PLACEMENT_3D('',#10175,#8345,#8346);
#7001=AXIS2_PLACEMENT_3D('',#10181,#8350,#8351);
#7002=AXIS2_PLACEMENT_3D('',#10185,#8354,#8355);
#7003=AXIS2_PLACEMENT_3D('',#10191,#8359,#8360);
#7004=AXIS2_PLACEMENT_3D('',#10194,#8363,#8364);
#7005=AXIS2_PLACEMENT_3D('',#10195,#8365,#8366);
#7006=AXIS2_PLACEMENT_3D('',#10197,#8367,#8368);
#7007=AXIS2_PLACEMENT_3D('',#10200,#8370,#8371);
#7008=AXIS2_PLACEMENT_3D('',#10201,#8372,#8373);
#7009=AXIS2_PLACEMENT_3D('',#10202,#8374,#8375);
#7010=AXIS2_PLACEMENT_3D('',#10208,#8379,#8380);
#7011=AXIS2_PLACEMENT_3D('',#10212,#8383,#8384);
#7012=AXIS2_PLACEMENT_3D('',#10218,#8388,#8389);
#7013=AXIS2_PLACEMENT_3D('',#10221,#8392,#8393);
#7014=AXIS2_PLACEMENT_3D('',#10222,#8394,#8395);
#7015=AXIS2_PLACEMENT_3D('',#10224,#8396,#8397);
#7016=AXIS2_PLACEMENT_3D('',#10227,#8399,#8400);
#7017=AXIS2_PLACEMENT_3D('',#10228,#8401,#8402);
#7018=AXIS2_PLACEMENT_3D('',#10229,#8403,#8404);
#7019=AXIS2_PLACEMENT_3D('',#10235,#8408,#8409);
#7020=AXIS2_PLACEMENT_3D('',#10239,#8412,#8413);
#7021=AXIS2_PLACEMENT_3D('',#10245,#8417,#8418);
#7022=AXIS2_PLACEMENT_3D('',#10248,#8421,#8422);
#7023=AXIS2_PLACEMENT_3D('',#10249,#8423,#8424);
#7024=AXIS2_PLACEMENT_3D('',#10251,#8425,#8426);
#7025=AXIS2_PLACEMENT_3D('',#10254,#8428,#8429);
#7026=AXIS2_PLACEMENT_3D('',#10255,#8430,#8431);
#7027=AXIS2_PLACEMENT_3D('',#10256,#8432,#8433);
#7028=AXIS2_PLACEMENT_3D('',#10262,#8437,#8438);
#7029=AXIS2_PLACEMENT_3D('',#10268,#8442,#8443);
#7030=AXIS2_PLACEMENT_3D('',#10274,#8447,#8448);
#7031=AXIS2_PLACEMENT_3D('',#10277,#8451,#8452);
#7032=AXIS2_PLACEMENT_3D('',#10278,#8453,#8454);
#7033=AXIS2_PLACEMENT_3D('',#10280,#8455,#8456);
#7034=AXIS2_PLACEMENT_3D('',#10283,#8458,#8459);
#7035=AXIS2_PLACEMENT_3D('',#10284,#8460,#8461);
#7036=AXIS2_PLACEMENT_3D('',#10285,#8462,#8463);
#7037=AXIS2_PLACEMENT_3D('',#10291,#8467,#8468);
#7038=AXIS2_PLACEMENT_3D('',#10295,#8471,#8472);
#7039=AXIS2_PLACEMENT_3D('',#10301,#8476,#8477);
#7040=AXIS2_PLACEMENT_3D('',#10304,#8480,#8481);
#7041=AXIS2_PLACEMENT_3D('',#10305,#8482,#8483);
#7042=AXIS2_PLACEMENT_3D('',#10307,#8484,#8485);
#7043=AXIS2_PLACEMENT_3D('',#10310,#8487,#8488);
#7044=AXIS2_PLACEMENT_3D('',#10311,#8489,#8490);
#7045=AXIS2_PLACEMENT_3D('',#10312,#8491,#8492);
#7046=AXIS2_PLACEMENT_3D('',#10318,#8496,#8497);
#7047=AXIS2_PLACEMENT_3D('',#10322,#8500,#8501);
#7048=AXIS2_PLACEMENT_3D('',#10328,#8505,#8506);
#7049=AXIS2_PLACEMENT_3D('',#10331,#8509,#8510);
#7050=AXIS2_PLACEMENT_3D('',#10332,#8511,#8512);
#7051=AXIS2_PLACEMENT_3D('',#10334,#8513,#8514);
#7052=AXIS2_PLACEMENT_3D('',#10337,#8516,#8517);
#7053=AXIS2_PLACEMENT_3D('',#10338,#8518,#8519);
#7054=AXIS2_PLACEMENT_3D('',#10339,#8520,#8521);
#7055=AXIS2_PLACEMENT_3D('',#10345,#8525,#8526);
#7056=AXIS2_PLACEMENT_3D('',#10349,#8529,#8530);
#7057=AXIS2_PLACEMENT_3D('',#10355,#8534,#8535);
#7058=AXIS2_PLACEMENT_3D('',#10358,#8538,#8539);
#7059=AXIS2_PLACEMENT_3D('',#10359,#8540,#8541);
#7060=AXIS2_PLACEMENT_3D('',#10361,#8542,#8543);
#7061=AXIS2_PLACEMENT_3D('',#10364,#8545,#8546);
#7062=AXIS2_PLACEMENT_3D('',#10365,#8547,#8548);
#7063=AXIS2_PLACEMENT_3D('',#10366,#8549,#8550);
#7064=AXIS2_PLACEMENT_3D('',#10372,#8554,#8555);
#7065=AXIS2_PLACEMENT_3D('',#10376,#8558,#8559);
#7066=AXIS2_PLACEMENT_3D('',#10382,#8563,#8564);
#7067=AXIS2_PLACEMENT_3D('',#10385,#8567,#8568);
#7068=AXIS2_PLACEMENT_3D('',#10386,#8569,#8570);
#7069=AXIS2_PLACEMENT_3D('',#10388,#8571,#8572);
#7070=AXIS2_PLACEMENT_3D('',#10391,#8574,#8575);
#7071=AXIS2_PLACEMENT_3D('',#10392,#8576,#8577);
#7072=AXIS2_PLACEMENT_3D('',#10393,#8578,#8579);
#7073=AXIS2_PLACEMENT_3D('',#10399,#8583,#8584);
#7074=AXIS2_PLACEMENT_3D('',#10403,#8587,#8588);
#7075=AXIS2_PLACEMENT_3D('',#10409,#8592,#8593);
#7076=AXIS2_PLACEMENT_3D('',#10412,#8596,#8597);
#7077=AXIS2_PLACEMENT_3D('',#10413,#8598,#8599);
#7078=AXIS2_PLACEMENT_3D('',#10415,#8600,#8601);
#7079=AXIS2_PLACEMENT_3D('',#10418,#8603,#8604);
#7080=AXIS2_PLACEMENT_3D('',#10419,#8605,#8606);
#7081=AXIS2_PLACEMENT_3D('',#10420,#8607,#8608);
#7082=AXIS2_PLACEMENT_3D('',#10426,#8612,#8613);
#7083=AXIS2_PLACEMENT_3D('',#10430,#8616,#8617);
#7084=AXIS2_PLACEMENT_3D('',#10436,#8621,#8622);
#7085=AXIS2_PLACEMENT_3D('',#10439,#8625,#8626);
#7086=AXIS2_PLACEMENT_3D('',#10440,#8627,#8628);
#7087=AXIS2_PLACEMENT_3D('',#10442,#8629,#8630);
#7088=AXIS2_PLACEMENT_3D('',#10445,#8632,#8633);
#7089=AXIS2_PLACEMENT_3D('',#10446,#8634,#8635);
#7090=AXIS2_PLACEMENT_3D('',#10447,#8636,#8637);
#7091=AXIS2_PLACEMENT_3D('',#10453,#8641,#8642);
#7092=AXIS2_PLACEMENT_3D('',#10457,#8645,#8646);
#7093=AXIS2_PLACEMENT_3D('',#10463,#8650,#8651);
#7094=AXIS2_PLACEMENT_3D('',#10466,#8654,#8655);
#7095=AXIS2_PLACEMENT_3D('',#10467,#8656,#8657);
#7096=AXIS2_PLACEMENT_3D('',#10469,#8658,#8659);
#7097=AXIS2_PLACEMENT_3D('',#10472,#8661,#8662);
#7098=AXIS2_PLACEMENT_3D('',#10473,#8663,#8664);
#7099=AXIS2_PLACEMENT_3D('',#10474,#8665,#8666);
#7100=AXIS2_PLACEMENT_3D('',#10480,#8670,#8671);
#7101=AXIS2_PLACEMENT_3D('',#10486,#8675,#8676);
#7102=AXIS2_PLACEMENT_3D('',#10492,#8680,#8681);
#7103=AXIS2_PLACEMENT_3D('',#10495,#8684,#8685);
#7104=AXIS2_PLACEMENT_3D('',#10496,#8686,#8687);
#7105=AXIS2_PLACEMENT_3D('',#10498,#8688,#8689);
#7106=AXIS2_PLACEMENT_3D('',#10501,#8691,#8692);
#7107=AXIS2_PLACEMENT_3D('',#10502,#8693,#8694);
#7108=AXIS2_PLACEMENT_3D('',#10503,#8695,#8696);
#7109=AXIS2_PLACEMENT_3D('',#10509,#8700,#8701);
#7110=AXIS2_PLACEMENT_3D('',#10513,#8704,#8705);
#7111=AXIS2_PLACEMENT_3D('',#10519,#8709,#8710);
#7112=AXIS2_PLACEMENT_3D('',#10522,#8713,#8714);
#7113=AXIS2_PLACEMENT_3D('',#10523,#8715,#8716);
#7114=AXIS2_PLACEMENT_3D('',#10525,#8717,#8718);
#7115=AXIS2_PLACEMENT_3D('',#10528,#8720,#8721);
#7116=AXIS2_PLACEMENT_3D('',#10529,#8722,#8723);
#7117=AXIS2_PLACEMENT_3D('',#10530,#8724,#8725);
#7118=AXIS2_PLACEMENT_3D('',#10536,#8729,#8730);
#7119=AXIS2_PLACEMENT_3D('',#10540,#8733,#8734);
#7120=AXIS2_PLACEMENT_3D('',#10546,#8738,#8739);
#7121=AXIS2_PLACEMENT_3D('',#10549,#8742,#8743);
#7122=AXIS2_PLACEMENT_3D('',#10550,#8744,#8745);
#7123=AXIS2_PLACEMENT_3D('',#10552,#8746,#8747);
#7124=AXIS2_PLACEMENT_3D('',#10555,#8749,#8750);
#7125=AXIS2_PLACEMENT_3D('',#10556,#8751,#8752);
#7126=AXIS2_PLACEMENT_3D('',#10557,#8753,#8754);
#7127=AXIS2_PLACEMENT_3D('',#10563,#8758,#8759);
#7128=AXIS2_PLACEMENT_3D('',#10567,#8762,#8763);
#7129=AXIS2_PLACEMENT_3D('',#10573,#8767,#8768);
#7130=AXIS2_PLACEMENT_3D('',#10576,#8771,#8772);
#7131=AXIS2_PLACEMENT_3D('',#10577,#8773,#8774);
#7132=AXIS2_PLACEMENT_3D('',#10579,#8775,#8776);
#7133=AXIS2_PLACEMENT_3D('',#10582,#8778,#8779);
#7134=AXIS2_PLACEMENT_3D('',#10583,#8780,#8781);
#7135=AXIS2_PLACEMENT_3D('',#10584,#8782,#8783);
#7136=AXIS2_PLACEMENT_3D('',#10590,#8787,#8788);
#7137=AXIS2_PLACEMENT_3D('',#10594,#8791,#8792);
#7138=AXIS2_PLACEMENT_3D('',#10600,#8796,#8797);
#7139=AXIS2_PLACEMENT_3D('',#10603,#8800,#8801);
#7140=AXIS2_PLACEMENT_3D('',#10604,#8802,#8803);
#7141=AXIS2_PLACEMENT_3D('',#10606,#8804,#8805);
#7142=AXIS2_PLACEMENT_3D('',#10609,#8807,#8808);
#7143=AXIS2_PLACEMENT_3D('',#10610,#8809,#8810);
#7144=AXIS2_PLACEMENT_3D('',#10611,#8811,#8812);
#7145=AXIS2_PLACEMENT_3D('',#10617,#8816,#8817);
#7146=AXIS2_PLACEMENT_3D('',#10621,#8820,#8821);
#7147=AXIS2_PLACEMENT_3D('',#10627,#8825,#8826);
#7148=AXIS2_PLACEMENT_3D('',#10630,#8829,#8830);
#7149=AXIS2_PLACEMENT_3D('',#10631,#8831,#8832);
#7150=AXIS2_PLACEMENT_3D('',#10633,#8833,#8834);
#7151=AXIS2_PLACEMENT_3D('',#10636,#8836,#8837);
#7152=AXIS2_PLACEMENT_3D('',#10637,#8838,#8839);
#7153=AXIS2_PLACEMENT_3D('',#10638,#8840,#8841);
#7154=AXIS2_PLACEMENT_3D('',#10644,#8845,#8846);
#7155=AXIS2_PLACEMENT_3D('',#10648,#8849,#8850);
#7156=AXIS2_PLACEMENT_3D('',#10654,#8854,#8855);
#7157=AXIS2_PLACEMENT_3D('',#10657,#8858,#8859);
#7158=AXIS2_PLACEMENT_3D('',#10658,#8860,#8861);
#7159=AXIS2_PLACEMENT_3D('',#10660,#8862,#8863);
#7160=AXIS2_PLACEMENT_3D('',#10663,#8865,#8866);
#7161=AXIS2_PLACEMENT_3D('',#10664,#8867,#8868);
#7162=AXIS2_PLACEMENT_3D('',#10665,#8869,#8870);
#7163=AXIS2_PLACEMENT_3D('',#10671,#8874,#8875);
#7164=AXIS2_PLACEMENT_3D('',#10675,#8878,#8879);
#7165=AXIS2_PLACEMENT_3D('',#10681,#8883,#8884);
#7166=AXIS2_PLACEMENT_3D('',#10684,#8887,#8888);
#7167=AXIS2_PLACEMENT_3D('',#10685,#8889,#8890);
#7168=AXIS2_PLACEMENT_3D('',#10687,#8891,#8892);
#7169=AXIS2_PLACEMENT_3D('',#10690,#8894,#8895);
#7170=AXIS2_PLACEMENT_3D('',#10691,#8896,#8897);
#7171=AXIS2_PLACEMENT_3D('',#10692,#8898,#8899);
#7172=AXIS2_PLACEMENT_3D('',#10698,#8903,#8904);
#7173=AXIS2_PLACEMENT_3D('',#10704,#8908,#8909);
#7174=AXIS2_PLACEMENT_3D('',#10710,#8913,#8914);
#7175=AXIS2_PLACEMENT_3D('',#10713,#8917,#8918);
#7176=AXIS2_PLACEMENT_3D('',#10714,#8919,#8920);
#7177=AXIS2_PLACEMENT_3D('',#10718,#8923,#8924);
#7178=AXIS2_PLACEMENT_3D('',#10720,#8925,#8926);
#7179=AXIS2_PLACEMENT_3D('',#10723,#8928,#8929);
#7180=AXIS2_PLACEMENT_3D('',#10724,#8930,#8931);
#7181=AXIS2_PLACEMENT_3D('',#10725,#8932,#8933);
#7182=AXIS2_PLACEMENT_3D('',#10731,#8937,#8938);
#7183=AXIS2_PLACEMENT_3D('',#10735,#8941,#8942);
#7184=AXIS2_PLACEMENT_3D('',#10741,#8946,#8947);
#7185=AXIS2_PLACEMENT_3D('',#10744,#8950,#8951);
#7186=AXIS2_PLACEMENT_3D('',#10745,#8952,#8953);
#7187=AXIS2_PLACEMENT_3D('',#10747,#8954,#8955);
#7188=AXIS2_PLACEMENT_3D('',#10750,#8957,#8958);
#7189=AXIS2_PLACEMENT_3D('',#10751,#8959,#8960);
#7190=AXIS2_PLACEMENT_3D('',#10752,#8961,#8962);
#7191=AXIS2_PLACEMENT_3D('',#10758,#8966,#8967);
#7192=AXIS2_PLACEMENT_3D('',#10762,#8970,#8971);
#7193=AXIS2_PLACEMENT_3D('',#10768,#8975,#8976);
#7194=AXIS2_PLACEMENT_3D('',#10771,#8979,#8980);
#7195=AXIS2_PLACEMENT_3D('',#10772,#8981,#8982);
#7196=AXIS2_PLACEMENT_3D('',#10774,#8983,#8984);
#7197=AXIS2_PLACEMENT_3D('',#10777,#8986,#8987);
#7198=AXIS2_PLACEMENT_3D('',#10778,#8988,#8989);
#7199=AXIS2_PLACEMENT_3D('',#10779,#8990,#8991);
#7200=AXIS2_PLACEMENT_3D('',#10785,#8995,#8996);
#7201=AXIS2_PLACEMENT_3D('',#10789,#8999,#9000);
#7202=AXIS2_PLACEMENT_3D('',#10795,#9004,#9005);
#7203=AXIS2_PLACEMENT_3D('',#10798,#9008,#9009);
#7204=AXIS2_PLACEMENT_3D('',#10799,#9010,#9011);
#7205=AXIS2_PLACEMENT_3D('',#10801,#9012,#9013);
#7206=AXIS2_PLACEMENT_3D('',#10804,#9015,#9016);
#7207=AXIS2_PLACEMENT_3D('',#10805,#9017,#9018);
#7208=AXIS2_PLACEMENT_3D('',#10806,#9019,#9020);
#7209=AXIS2_PLACEMENT_3D('',#10812,#9024,#9025);
#7210=AXIS2_PLACEMENT_3D('',#10816,#9028,#9029);
#7211=AXIS2_PLACEMENT_3D('',#10822,#9033,#9034);
#7212=AXIS2_PLACEMENT_3D('',#10825,#9037,#9038);
#7213=AXIS2_PLACEMENT_3D('',#10826,#9039,#9040);
#7214=AXIS2_PLACEMENT_3D('',#10828,#9041,#9042);
#7215=AXIS2_PLACEMENT_3D('',#10831,#9044,#9045);
#7216=AXIS2_PLACEMENT_3D('',#10832,#9046,#9047);
#7217=AXIS2_PLACEMENT_3D('',#10833,#9048,#9049);
#7218=AXIS2_PLACEMENT_3D('',#10839,#9053,#9054);
#7219=AXIS2_PLACEMENT_3D('',#10843,#9057,#9058);
#7220=AXIS2_PLACEMENT_3D('',#10849,#9062,#9063);
#7221=AXIS2_PLACEMENT_3D('',#10852,#9066,#9067);
#7222=AXIS2_PLACEMENT_3D('',#10853,#9068,#9069);
#7223=AXIS2_PLACEMENT_3D('',#10855,#9070,#9071);
#7224=AXIS2_PLACEMENT_3D('',#10858,#9073,#9074);
#7225=AXIS2_PLACEMENT_3D('',#10859,#9075,#9076);
#7226=AXIS2_PLACEMENT_3D('',#10860,#9077,#9078);
#7227=AXIS2_PLACEMENT_3D('',#10866,#9082,#9083);
#7228=AXIS2_PLACEMENT_3D('',#10870,#9086,#9087);
#7229=AXIS2_PLACEMENT_3D('',#10876,#9091,#9092);
#7230=AXIS2_PLACEMENT_3D('',#10879,#9095,#9096);
#7231=AXIS2_PLACEMENT_3D('',#10880,#9097,#9098);
#7232=AXIS2_PLACEMENT_3D('',#10882,#9099,#9100);
#7233=AXIS2_PLACEMENT_3D('',#10885,#9102,#9103);
#7234=AXIS2_PLACEMENT_3D('',#10886,#9104,#9105);
#7235=AXIS2_PLACEMENT_3D('',#10887,#9106,#9107);
#7236=AXIS2_PLACEMENT_3D('',#10893,#9111,#9112);
#7237=AXIS2_PLACEMENT_3D('',#10897,#9115,#9116);
#7238=AXIS2_PLACEMENT_3D('',#10903,#9120,#9121);
#7239=AXIS2_PLACEMENT_3D('',#10906,#9124,#9125);
#7240=AXIS2_PLACEMENT_3D('',#10910,#9128,#9129);
#7241=AXIS2_PLACEMENT_3D('',#10911,#9130,#9131);
#7242=AXIS2_PLACEMENT_3D('',#10913,#9133,#9134);
#7243=DIRECTION('axis',(0.,0.,1.));
#7244=DIRECTION('refdir',(1.,0.,0.));
#7245=DIRECTION('center_axis',(0.,1.,0.));
#7246=DIRECTION('ref_axis',(1.,0.,0.));
#7247=DIRECTION('center_axis',(0.,1.,0.));
#7248=DIRECTION('ref_axis',(1.,0.,0.));
#7249=DIRECTION('',(0.,1.,0.));
#7250=DIRECTION('center_axis',(0.,1.,0.));
#7251=DIRECTION('ref_axis',(1.,0.,0.));
#7252=DIRECTION('center_axis',(0.,1.,0.));
#7253=DIRECTION('ref_axis',(0.,0.,1.));
#7254=DIRECTION('center_axis',(9.85156052507467E-16,0.707106781186547,-0.707106781186548));
#7255=DIRECTION('ref_axis',(-1.,0.,-1.39322105051E-15));
#7256=DIRECTION('',(1.,0.,1.39322105051E-15));
#7257=DIRECTION('',(0.577350269189625,-0.577350269189627,-0.577350269189626));
#7258=DIRECTION('',(-1.,0.,-1.39322105051E-15));
#7259=DIRECTION('',(-0.577350269189626,-0.577350269189626,-0.577350269189626));
#7260=DIRECTION('center_axis',(0.707106781186549,0.707106781186546,-2.46289013126867E-16));
#7261=DIRECTION('ref_axis',(-3.483052626275E-16,0.,-1.));
#7262=DIRECTION('',(3.483052626275E-16,0.,1.));
#7263=DIRECTION('',(0.577350269189626,-0.577350269189626,0.577350269189626));
#7264=DIRECTION('',(-3.483052626275E-16,0.,-1.));
#7265=DIRECTION('center_axis',(1.23144506563433E-16,0.707106781186548,0.707106781186548));
#7266=DIRECTION('ref_axis',(1.,0.,-1.7415263131375E-16));
#7267=DIRECTION('',(-1.,0.,1.7415263131375E-16));
#7268=DIRECTION('',(-0.577350269189626,-0.577350269189626,0.577350269189626));
#7269=DIRECTION('',(-1.,0.,-1.39322105051E-15));
#7270=DIRECTION('center_axis',(-0.707106781186548,0.707106781186548,0.));
#7271=DIRECTION('ref_axis',(0.,0.,1.));
#7272=DIRECTION('',(-3.483052626275E-16,0.,-1.));
#7273=DIRECTION('',(0.,0.,-1.));
#7274=DIRECTION('center_axis',(0.,1.,0.));
#7275=DIRECTION('ref_axis',(0.,0.,1.));
#7276=DIRECTION('center_axis',(0.,1.,0.));
#7277=DIRECTION('ref_axis',(1.,0.,0.));
#7278=DIRECTION('center_axis',(0.,1.,0.));
#7279=DIRECTION('ref_axis',(1.,0.,0.));
#7280=DIRECTION('',(0.,1.,0.));
#7281=DIRECTION('center_axis',(0.,1.,0.));
#7282=DIRECTION('ref_axis',(1.,0.,0.));
#7283=DIRECTION('center_axis',(0.,1.,0.));
#7284=DIRECTION('ref_axis',(0.,0.,1.));
#7285=DIRECTION('center_axis',(9.85156052507467E-16,0.707106781186547,-0.707106781186548));
#7286=DIRECTION('ref_axis',(-1.,0.,-1.39322105051E-15));
#7287=DIRECTION('',(1.,0.,1.39322105051E-15));
#7288=DIRECTION('',(0.577350269189625,-0.577350269189627,-0.577350269189626));
#7289=DIRECTION('',(-1.,0.,-1.39322105051E-15));
#7290=DIRECTION('',(-0.577350269189626,-0.577350269189626,-0.577350269189626));
#7291=DIRECTION('center_axis',(0.707106781186549,0.707106781186546,-2.46289013126867E-16));
#7292=DIRECTION('ref_axis',(-3.483052626275E-16,0.,-1.));
#7293=DIRECTION('',(3.483052626275E-16,0.,1.));
#7294=DIRECTION('',(0.577350269189626,-0.577350269189626,0.577350269189626));
#7295=DIRECTION('center_axis',(1.23144506563433E-16,0.707106781186548,0.707106781186548));
#7296=DIRECTION('ref_axis',(1.,0.,-1.7415263131375E-16));
#7297=DIRECTION('',(-1.,0.,1.7415263131375E-16));
#7298=DIRECTION('',(-0.577350269189626,-0.577350269189626,0.577350269189626));
#7299=DIRECTION('',(-1.,0.,-1.39322105051E-15));
#7300=DIRECTION('center_axis',(-0.707106781186548,0.707106781186548,0.));
#7301=DIRECTION('ref_axis',(0.,0.,1.));
#7302=DIRECTION('',(-3.483052626275E-16,0.,-1.));
#7303=DIRECTION('',(0.,0.,-1.));
#7304=DIRECTION('center_axis',(0.,1.,0.));
#7305=DIRECTION('ref_axis',(0.,0.,1.));
#7306=DIRECTION('center_axis',(0.,1.,0.));
#7307=DIRECTION('ref_axis',(1.,0.,0.));
#7308=DIRECTION('center_axis',(0.,1.,0.));
#7309=DIRECTION('ref_axis',(1.,0.,0.));
#7310=DIRECTION('',(0.,1.,0.));
#7311=DIRECTION('center_axis',(0.,1.,0.));
#7312=DIRECTION('ref_axis',(1.,0.,0.));
#7313=DIRECTION('center_axis',(0.,1.,0.));
#7314=DIRECTION('ref_axis',(0.,0.,1.));
#7315=DIRECTION('center_axis',(9.85156052507467E-16,0.707106781186547,-0.707106781186548));
#7316=DIRECTION('ref_axis',(-1.,0.,-1.39322105051E-15));
#7317=DIRECTION('',(1.,0.,1.39322105051E-15));
#7318=DIRECTION('',(0.577350269189625,-0.577350269189627,-0.577350269189626));
#7319=DIRECTION('',(-1.,0.,-1.39322105051E-15));
#7320=DIRECTION('',(-0.577350269189626,-0.577350269189626,-0.577350269189626));
#7321=DIRECTION('center_axis',(0.707106781186549,0.707106781186546,-2.46289013126867E-16));
#7322=DIRECTION('ref_axis',(-3.483052626275E-16,0.,-1.));
#7323=DIRECTION('',(3.483052626275E-16,0.,1.));
#7324=DIRECTION('',(0.577350269189626,-0.577350269189626,0.577350269189626));
#7325=DIRECTION('center_axis',(1.23144506563433E-16,0.707106781186548,0.707106781186548));
#7326=DIRECTION('ref_axis',(1.,0.,-1.7415263131375E-16));
#7327=DIRECTION('',(-1.,0.,1.7415263131375E-16));
#7328=DIRECTION('',(-0.577350269189626,-0.577350269189626,0.577350269189626));
#7329=DIRECTION('',(-1.,0.,-1.39322105051E-15));
#7330=DIRECTION('center_axis',(-0.707106781186548,0.707106781186548,0.));
#7331=DIRECTION('ref_axis',(0.,0.,1.));
#7332=DIRECTION('',(-3.483052626275E-16,0.,-1.));
#7333=DIRECTION('',(0.,0.,-1.));
#7334=DIRECTION('center_axis',(0.,1.,0.));
#7335=DIRECTION('ref_axis',(0.,0.,1.));
#7336=DIRECTION('center_axis',(0.,1.,0.));
#7337=DIRECTION('ref_axis',(1.,0.,0.));
#7338=DIRECTION('center_axis',(0.,1.,0.));
#7339=DIRECTION('ref_axis',(1.,0.,0.));
#7340=DIRECTION('',(0.,1.,0.));
#7341=DIRECTION('center_axis',(0.,1.,0.));
#7342=DIRECTION('ref_axis',(1.,0.,0.));
#7343=DIRECTION('center_axis',(0.,1.,0.));
#7344=DIRECTION('ref_axis',(0.,0.,1.));
#7345=DIRECTION('center_axis',(9.85156052507467E-16,0.707106781186547,-0.707106781186548));
#7346=DIRECTION('ref_axis',(-1.,0.,-1.39322105051E-15));
#7347=DIRECTION('',(1.,0.,1.39322105051E-15));
#7348=DIRECTION('',(0.577350269189625,-0.577350269189627,-0.577350269189626));
#7349=DIRECTION('',(-1.,0.,-1.39322105051E-15));
#7350=DIRECTION('',(-0.577350269189626,-0.577350269189626,-0.577350269189626));
#7351=DIRECTION('center_axis',(0.707106781186549,0.707106781186546,-2.46289013126867E-16));
#7352=DIRECTION('ref_axis',(-3.483052626275E-16,0.,-1.));
#7353=DIRECTION('',(3.483052626275E-16,0.,1.));
#7354=DIRECTION('',(0.577350269189626,-0.577350269189626,0.577350269189626));
#7355=DIRECTION('center_axis',(1.23144506563433E-16,0.707106781186548,0.707106781186548));
#7356=DIRECTION('ref_axis',(1.,0.,-1.7415263131375E-16));
#7357=DIRECTION('',(-1.,0.,1.7415263131375E-16));
#7358=DIRECTION('',(-0.577350269189626,-0.577350269189626,0.577350269189626));
#7359=DIRECTION('',(-1.,0.,-1.39322105051E-15));
#7360=DIRECTION('center_axis',(-0.707106781186548,0.707106781186548,0.));
#7361=DIRECTION('ref_axis',(0.,0.,1.));
#7362=DIRECTION('',(-3.483052626275E-16,0.,-1.));
#7363=DIRECTION('',(0.,0.,-1.));
#7364=DIRECTION('center_axis',(0.,1.,0.));
#7365=DIRECTION('ref_axis',(0.,0.,1.));
#7366=DIRECTION('center_axis',(0.,1.,0.));
#7367=DIRECTION('ref_axis',(1.,0.,0.));
#7368=DIRECTION('center_axis',(0.,1.,0.));
#7369=DIRECTION('ref_axis',(1.,0.,0.));
#7370=DIRECTION('',(0.,1.,0.));
#7371=DIRECTION('center_axis',(0.,1.,0.));
#7372=DIRECTION('ref_axis',(1.,0.,0.));
#7373=DIRECTION('center_axis',(0.,1.,0.));
#7374=DIRECTION('ref_axis',(0.,0.,1.));
#7375=DIRECTION('center_axis',(9.85156052507467E-16,0.707106781186547,-0.707106781186548));
#7376=DIRECTION('ref_axis',(-1.,0.,-1.39322105051E-15));
#7377=DIRECTION('',(1.,0.,1.39322105051E-15));
#7378=DIRECTION('',(0.577350269189625,-0.577350269189627,-0.577350269189626));
#7379=DIRECTION('',(-1.,0.,-1.39322105051E-15));
#7380=DIRECTION('',(-0.577350269189626,-0.577350269189626,-0.577350269189626));
#7381=DIRECTION('center_axis',(0.707106781186549,0.707106781186546,-2.46289013126867E-16));
#7382=DIRECTION('ref_axis',(-3.483052626275E-16,0.,-1.));
#7383=DIRECTION('',(3.483052626275E-16,0.,1.));
#7384=DIRECTION('',(0.577350269189626,-0.577350269189626,0.577350269189626));
#7385=DIRECTION('center_axis',(1.23144506563433E-16,0.707106781186548,0.707106781186548));
#7386=DIRECTION('ref_axis',(1.,0.,-1.7415263131375E-16));
#7387=DIRECTION('',(-1.,0.,1.7415263131375E-16));
#7388=DIRECTION('',(-0.577350269189626,-0.577350269189626,0.577350269189626));
#7389=DIRECTION('',(-1.,0.,-1.39322105051E-15));
#7390=DIRECTION('center_axis',(-0.707106781186548,0.707106781186548,0.));
#7391=DIRECTION('ref_axis',(0.,0.,1.));
#7392=DIRECTION('',(-3.483052626275E-16,0.,-1.));
#7393=DIRECTION('',(0.,0.,-1.));
#7394=DIRECTION('center_axis',(0.,1.,0.));
#7395=DIRECTION('ref_axis',(0.,0.,1.));
#7396=DIRECTION('center_axis',(0.,1.,0.));
#7397=DIRECTION('ref_axis',(1.,0.,0.));
#7398=DIRECTION('center_axis',(0.,1.,0.));
#7399=DIRECTION('ref_axis',(1.,0.,0.));
#7400=DIRECTION('',(0.,1.,0.));
#7401=DIRECTION('center_axis',(0.,1.,0.));
#7402=DIRECTION('ref_axis',(1.,0.,0.));
#7403=DIRECTION('center_axis',(0.,1.,0.));
#7404=DIRECTION('ref_axis',(0.,0.,1.));
#7405=DIRECTION('center_axis',(9.85156052507467E-16,0.707106781186547,-0.707106781186548));
#7406=DIRECTION('ref_axis',(-1.,0.,-1.39322105051E-15));
#7407=DIRECTION('',(1.,0.,1.39322105051E-15));
#7408=DIRECTION('',(0.577350269189625,-0.577350269189627,-0.577350269189626));
#7409=DIRECTION('',(-1.,0.,-1.39322105051E-15));
#7410=DIRECTION('',(-0.577350269189626,-0.577350269189626,-0.577350269189626));
#7411=DIRECTION('center_axis',(0.707106781186549,0.707106781186546,-2.46289013126867E-16));
#7412=DIRECTION('ref_axis',(-3.483052626275E-16,0.,-1.));
#7413=DIRECTION('',(3.483052626275E-16,0.,1.));
#7414=DIRECTION('',(0.577350269189626,-0.577350269189626,0.577350269189626));
#7415=DIRECTION('center_axis',(1.23144506563433E-16,0.707106781186548,0.707106781186548));
#7416=DIRECTION('ref_axis',(1.,0.,-1.7415263131375E-16));
#7417=DIRECTION('',(-1.,0.,1.7415263131375E-16));
#7418=DIRECTION('',(-0.577350269189626,-0.577350269189626,0.577350269189626));
#7419=DIRECTION('',(-1.,0.,-1.39322105051E-15));
#7420=DIRECTION('center_axis',(-0.707106781186548,0.707106781186548,0.));
#7421=DIRECTION('ref_axis',(0.,0.,1.));
#7422=DIRECTION('',(-3.483052626275E-16,0.,-1.));
#7423=DIRECTION('',(0.,0.,-1.));
#7424=DIRECTION('center_axis',(0.,1.,0.));
#7425=DIRECTION('ref_axis',(0.,0.,1.));
#7426=DIRECTION('center_axis',(0.,1.,0.));
#7427=DIRECTION('ref_axis',(1.,0.,0.));
#7428=DIRECTION('center_axis',(0.,1.,0.));
#7429=DIRECTION('ref_axis',(1.,0.,0.));
#7430=DIRECTION('',(0.,1.,0.));
#7431=DIRECTION('center_axis',(0.,1.,0.));
#7432=DIRECTION('ref_axis',(1.,0.,0.));
#7433=DIRECTION('center_axis',(0.,1.,0.));
#7434=DIRECTION('ref_axis',(0.,0.,1.));
#7435=DIRECTION('center_axis',(9.85156052507467E-16,0.707106781186547,-0.707106781186548));
#7436=DIRECTION('ref_axis',(-1.,0.,-1.39322105051E-15));
#7437=DIRECTION('',(1.,0.,1.39322105051E-15));
#7438=DIRECTION('',(0.577350269189625,-0.577350269189627,-0.577350269189626));
#7439=DIRECTION('',(-1.,0.,-1.39322105051E-15));
#7440=DIRECTION('',(-0.577350269189626,-0.577350269189626,-0.577350269189626));
#7441=DIRECTION('center_axis',(0.707106781186549,0.707106781186546,-2.46289013126867E-16));
#7442=DIRECTION('ref_axis',(-3.483052626275E-16,0.,-1.));
#7443=DIRECTION('',(3.483052626275E-16,0.,1.));
#7444=DIRECTION('',(0.577350269189626,-0.577350269189626,0.577350269189626));
#7445=DIRECTION('center_axis',(1.23144506563433E-16,0.707106781186548,0.707106781186548));
#7446=DIRECTION('ref_axis',(1.,0.,-1.7415263131375E-16));
#7447=DIRECTION('',(-1.,0.,1.7415263131375E-16));
#7448=DIRECTION('',(-0.577350269189626,-0.577350269189626,0.577350269189626));
#7449=DIRECTION('',(-1.,0.,-1.39322105051E-15));
#7450=DIRECTION('center_axis',(-0.707106781186548,0.707106781186548,0.));
#7451=DIRECTION('ref_axis',(0.,0.,1.));
#7452=DIRECTION('',(-3.483052626275E-16,0.,-1.));
#7453=DIRECTION('',(0.,0.,-1.));
#7454=DIRECTION('center_axis',(0.,1.,0.));
#7455=DIRECTION('ref_axis',(0.,0.,1.));
#7456=DIRECTION('center_axis',(0.,1.,0.));
#7457=DIRECTION('ref_axis',(1.,0.,0.));
#7458=DIRECTION('center_axis',(0.,1.,0.));
#7459=DIRECTION('ref_axis',(1.,0.,0.));
#7460=DIRECTION('',(0.,1.,0.));
#7461=DIRECTION('center_axis',(0.,1.,0.));
#7462=DIRECTION('ref_axis',(1.,0.,0.));
#7463=DIRECTION('center_axis',(0.,1.,0.));
#7464=DIRECTION('ref_axis',(0.,0.,1.));
#7465=DIRECTION('center_axis',(9.85156052507467E-16,0.707106781186547,-0.707106781186548));
#7466=DIRECTION('ref_axis',(-1.,0.,-1.39322105051E-15));
#7467=DIRECTION('',(1.,0.,1.39322105051E-15));
#7468=DIRECTION('',(0.577350269189625,-0.577350269189627,-0.577350269189626));
#7469=DIRECTION('',(-1.,0.,-1.39322105051E-15));
#7470=DIRECTION('',(-0.577350269189626,-0.577350269189626,-0.577350269189626));
#7471=DIRECTION('center_axis',(0.707106781186549,0.707106781186546,-2.46289013126867E-16));
#7472=DIRECTION('ref_axis',(-3.483052626275E-16,0.,-1.));
#7473=DIRECTION('',(3.483052626275E-16,0.,1.));
#7474=DIRECTION('',(0.577350269189626,-0.577350269189626,0.577350269189626));
#7475=DIRECTION('center_axis',(1.23144506563433E-16,0.707106781186548,0.707106781186548));
#7476=DIRECTION('ref_axis',(1.,0.,-1.7415263131375E-16));
#7477=DIRECTION('',(-1.,0.,1.7415263131375E-16));
#7478=DIRECTION('',(-0.577350269189626,-0.577350269189626,0.577350269189626));
#7479=DIRECTION('',(-1.,0.,-1.39322105051E-15));
#7480=DIRECTION('center_axis',(-0.707106781186548,0.707106781186548,0.));
#7481=DIRECTION('ref_axis',(0.,0.,1.));
#7482=DIRECTION('',(0.,0.,1.));
#7483=DIRECTION('',(0.,0.,-1.));
#7484=DIRECTION('center_axis',(1.39322105051E-15,0.,-1.));
#7485=DIRECTION('ref_axis',(-1.,0.,-1.39322105051E-15));
#7486=DIRECTION('',(0.,1.,0.));
#7487=DIRECTION('',(-1.,0.,-1.39322105051E-15));
#7488=DIRECTION('',(0.,1.,0.));
#7489=DIRECTION('center_axis',(0.,1.,0.));
#7490=DIRECTION('ref_axis',(0.,0.,1.));
#7491=DIRECTION('center_axis',(0.,1.,0.));
#7492=DIRECTION('ref_axis',(1.,0.,0.));
#7493=DIRECTION('center_axis',(0.,1.,0.));
#7494=DIRECTION('ref_axis',(1.,0.,0.));
#7495=DIRECTION('',(0.,1.,0.));
#7496=DIRECTION('center_axis',(0.,1.,0.));
#7497=DIRECTION('ref_axis',(1.,0.,0.));
#7498=DIRECTION('center_axis',(0.,1.,0.));
#7499=DIRECTION('ref_axis',(0.,0.,1.));
#7500=DIRECTION('center_axis',(9.85156052507467E-16,0.707106781186547,-0.707106781186548));
#7501=DIRECTION('ref_axis',(-1.,0.,-1.39322105051E-15));
#7502=DIRECTION('',(1.,0.,1.39322105051E-15));
#7503=DIRECTION('',(0.577350269189625,-0.577350269189627,-0.577350269189626));
#7504=DIRECTION('',(-0.577350269189626,-0.577350269189626,-0.577350269189626));
#7505=DIRECTION('center_axis',(0.707106781186549,0.707106781186546,-2.46289013126867E-16));
#7506=DIRECTION('ref_axis',(-3.483052626275E-16,0.,-1.));
#7507=DIRECTION('',(3.483052626275E-16,0.,1.));
#7508=DIRECTION('',(0.577350269189626,-0.577350269189626,0.577350269189626));
#7509=DIRECTION('',(-3.483052626275E-16,0.,-1.));
#7510=DIRECTION('center_axis',(1.23144506563433E-16,0.707106781186548,0.707106781186548));
#7511=DIRECTION('ref_axis',(1.,0.,-1.7415263131375E-16));
#7512=DIRECTION('',(-1.,0.,1.7415263131375E-16));
#7513=DIRECTION('',(-0.577350269189626,-0.577350269189626,0.577350269189626));
#7514=DIRECTION('',(-1.,0.,-1.39322105051E-15));
#7515=DIRECTION('center_axis',(-0.707106781186548,0.707106781186548,0.));
#7516=DIRECTION('ref_axis',(0.,0.,1.));
#7517=DIRECTION('',(-3.483052626275E-16,0.,-1.));
#7518=DIRECTION('',(0.,0.,-1.));
#7519=DIRECTION('center_axis',(0.,1.,0.));
#7520=DIRECTION('ref_axis',(0.,0.,1.));
#7521=DIRECTION('center_axis',(0.,1.,0.));
#7522=DIRECTION('ref_axis',(1.,0.,0.));
#7523=DIRECTION('center_axis',(0.,1.,0.));
#7524=DIRECTION('ref_axis',(1.,0.,0.));
#7525=DIRECTION('',(0.,1.,0.));
#7526=DIRECTION('center_axis',(0.,1.,0.));
#7527=DIRECTION('ref_axis',(1.,0.,0.));
#7528=DIRECTION('center_axis',(0.,1.,0.));
#7529=DIRECTION('ref_axis',(0.,0.,1.));
#7530=DIRECTION('center_axis',(9.85156052507467E-16,0.707106781186547,-0.707106781186548));
#7531=DIRECTION('ref_axis',(-1.,0.,-1.39322105051E-15));
#7532=DIRECTION('',(1.,0.,1.39322105051E-15));
#7533=DIRECTION('',(0.577350269189625,-0.577350269189627,-0.577350269189626));
#7534=DIRECTION('',(-0.577350269189626,-0.577350269189626,-0.577350269189626));
#7535=DIRECTION('center_axis',(0.707106781186549,0.707106781186546,-2.46289013126867E-16));
#7536=DIRECTION('ref_axis',(-3.483052626275E-16,0.,-1.));
#7537=DIRECTION('',(3.483052626275E-16,0.,1.));
#7538=DIRECTION('',(0.577350269189626,-0.577350269189626,0.577350269189626));
#7539=DIRECTION('center_axis',(1.23144506563433E-16,0.707106781186548,0.707106781186548));
#7540=DIRECTION('ref_axis',(1.,0.,-1.7415263131375E-16));
#7541=DIRECTION('',(-1.,0.,1.7415263131375E-16));
#7542=DIRECTION('',(-0.577350269189626,-0.577350269189626,0.577350269189626));
#7543=DIRECTION('',(-1.,0.,-1.39322105051E-15));
#7544=DIRECTION('center_axis',(-0.707106781186548,0.707106781186548,0.));
#7545=DIRECTION('ref_axis',(0.,0.,1.));
#7546=DIRECTION('',(-3.483052626275E-16,0.,-1.));
#7547=DIRECTION('',(0.,0.,-1.));
#7548=DIRECTION('center_axis',(0.,1.,0.));
#7549=DIRECTION('ref_axis',(0.,0.,1.));
#7550=DIRECTION('center_axis',(0.,1.,0.));
#7551=DIRECTION('ref_axis',(1.,0.,0.));
#7552=DIRECTION('center_axis',(0.,1.,0.));
#7553=DIRECTION('ref_axis',(1.,0.,0.));
#7554=DIRECTION('',(0.,1.,0.));
#7555=DIRECTION('center_axis',(0.,1.,0.));
#7556=DIRECTION('ref_axis',(1.,0.,0.));
#7557=DIRECTION('center_axis',(0.,1.,0.));
#7558=DIRECTION('ref_axis',(0.,0.,1.));
#7559=DIRECTION('center_axis',(9.85156052507467E-16,0.707106781186547,-0.707106781186548));
#7560=DIRECTION('ref_axis',(-1.,0.,-1.39322105051E-15));
#7561=DIRECTION('',(1.,0.,1.39322105051E-15));
#7562=DIRECTION('',(0.577350269189625,-0.577350269189627,-0.577350269189626));
#7563=DIRECTION('',(-0.577350269189626,-0.577350269189626,-0.577350269189626));
#7564=DIRECTION('center_axis',(0.707106781186549,0.707106781186546,-2.46289013126867E-16));
#7565=DIRECTION('ref_axis',(-3.483052626275E-16,0.,-1.));
#7566=DIRECTION('',(3.483052626275E-16,0.,1.));
#7567=DIRECTION('',(0.577350269189626,-0.577350269189626,0.577350269189626));
#7568=DIRECTION('center_axis',(1.23144506563433E-16,0.707106781186548,0.707106781186548));
#7569=DIRECTION('ref_axis',(1.,0.,-1.7415263131375E-16));
#7570=DIRECTION('',(-1.,0.,1.7415263131375E-16));
#7571=DIRECTION('',(-0.577350269189626,-0.577350269189626,0.577350269189626));
#7572=DIRECTION('',(-1.,0.,-1.39322105051E-15));
#7573=DIRECTION('center_axis',(-0.707106781186548,0.707106781186548,0.));
#7574=DIRECTION('ref_axis',(0.,0.,1.));
#7575=DIRECTION('',(-3.483052626275E-16,0.,-1.));
#7576=DIRECTION('',(0.,0.,-1.));
#7577=DIRECTION('center_axis',(0.,1.,0.));
#7578=DIRECTION('ref_axis',(0.,0.,1.));
#7579=DIRECTION('center_axis',(0.,1.,0.));
#7580=DIRECTION('ref_axis',(1.,0.,0.));
#7581=DIRECTION('center_axis',(0.,1.,0.));
#7582=DIRECTION('ref_axis',(1.,0.,0.));
#7583=DIRECTION('',(0.,1.,0.));
#7584=DIRECTION('center_axis',(0.,1.,0.));
#7585=DIRECTION('ref_axis',(1.,0.,0.));
#7586=DIRECTION('center_axis',(0.,1.,0.));
#7587=DIRECTION('ref_axis',(0.,0.,1.));
#7588=DIRECTION('center_axis',(9.85156052507467E-16,0.707106781186547,-0.707106781186548));
#7589=DIRECTION('ref_axis',(-1.,0.,-1.39322105051E-15));
#7590=DIRECTION('',(1.,0.,1.39322105051E-15));
#7591=DIRECTION('',(0.577350269189625,-0.577350269189627,-0.577350269189626));
#7592=DIRECTION('',(-0.577350269189626,-0.577350269189626,-0.577350269189626));
#7593=DIRECTION('center_axis',(0.707106781186549,0.707106781186546,-2.46289013126867E-16));
#7594=DIRECTION('ref_axis',(-3.483052626275E-16,0.,-1.));
#7595=DIRECTION('',(3.483052626275E-16,0.,1.));
#7596=DIRECTION('',(0.577350269189626,-0.577350269189626,0.577350269189626));
#7597=DIRECTION('center_axis',(1.23144506563433E-16,0.707106781186548,0.707106781186548));
#7598=DIRECTION('ref_axis',(1.,0.,-1.7415263131375E-16));
#7599=DIRECTION('',(-1.,0.,1.7415263131375E-16));
#7600=DIRECTION('',(-0.577350269189626,-0.577350269189626,0.577350269189626));
#7601=DIRECTION('',(-1.,0.,-1.39322105051E-15));
#7602=DIRECTION('center_axis',(-0.707106781186548,0.707106781186548,0.));
#7603=DIRECTION('ref_axis',(0.,0.,1.));
#7604=DIRECTION('',(-3.483052626275E-16,0.,-1.));
#7605=DIRECTION('',(0.,0.,-1.));
#7606=DIRECTION('center_axis',(0.,1.,0.));
#7607=DIRECTION('ref_axis',(0.,0.,1.));
#7608=DIRECTION('center_axis',(0.,1.,0.));
#7609=DIRECTION('ref_axis',(1.,0.,0.));
#7610=DIRECTION('center_axis',(0.,1.,0.));
#7611=DIRECTION('ref_axis',(1.,0.,0.));
#7612=DIRECTION('',(0.,1.,0.));
#7613=DIRECTION('center_axis',(0.,1.,0.));
#7614=DIRECTION('ref_axis',(1.,0.,0.));
#7615=DIRECTION('center_axis',(0.,1.,0.));
#7616=DIRECTION('ref_axis',(0.,0.,1.));
#7617=DIRECTION('center_axis',(9.85156052507467E-16,0.707106781186547,-0.707106781186548));
#7618=DIRECTION('ref_axis',(-1.,0.,-1.39322105051E-15));
#7619=DIRECTION('',(1.,0.,1.39322105051E-15));
#7620=DIRECTION('',(0.577350269189625,-0.577350269189627,-0.577350269189626));
#7621=DIRECTION('',(-0.577350269189626,-0.577350269189626,-0.577350269189626));
#7622=DIRECTION('center_axis',(0.707106781186549,0.707106781186546,-2.46289013126867E-16));
#7623=DIRECTION('ref_axis',(-3.483052626275E-16,0.,-1.));
#7624=DIRECTION('',(3.483052626275E-16,0.,1.));
#7625=DIRECTION('',(0.577350269189626,-0.577350269189626,0.577350269189626));
#7626=DIRECTION('center_axis',(1.23144506563433E-16,0.707106781186548,0.707106781186548));
#7627=DIRECTION('ref_axis',(1.,0.,-1.7415263131375E-16));
#7628=DIRECTION('',(-1.,0.,1.7415263131375E-16));
#7629=DIRECTION('',(-0.577350269189626,-0.577350269189626,0.577350269189626));
#7630=DIRECTION('',(-1.,0.,-1.39322105051E-15));
#7631=DIRECTION('center_axis',(-0.707106781186548,0.707106781186548,0.));
#7632=DIRECTION('ref_axis',(0.,0.,1.));
#7633=DIRECTION('',(-3.483052626275E-16,0.,-1.));
#7634=DIRECTION('',(0.,0.,-1.));
#7635=DIRECTION('center_axis',(0.,1.,0.));
#7636=DIRECTION('ref_axis',(0.,0.,1.));
#7637=DIRECTION('center_axis',(0.,1.,0.));
#7638=DIRECTION('ref_axis',(1.,0.,0.));
#7639=DIRECTION('center_axis',(0.,1.,0.));
#7640=DIRECTION('ref_axis',(1.,0.,0.));
#7641=DIRECTION('',(0.,1.,0.));
#7642=DIRECTION('center_axis',(0.,1.,0.));
#7643=DIRECTION('ref_axis',(1.,0.,0.));
#7644=DIRECTION('center_axis',(0.,1.,0.));
#7645=DIRECTION('ref_axis',(0.,0.,1.));
#7646=DIRECTION('center_axis',(9.85156052507467E-16,0.707106781186547,-0.707106781186548));
#7647=DIRECTION('ref_axis',(-1.,0.,-1.39322105051E-15));
#7648=DIRECTION('',(1.,0.,1.39322105051E-15));
#7649=DIRECTION('',(0.577350269189625,-0.577350269189627,-0.577350269189626));
#7650=DIRECTION('',(-0.577350269189626,-0.577350269189626,-0.577350269189626));
#7651=DIRECTION('center_axis',(0.707106781186549,0.707106781186546,-2.46289013126867E-16));
#7652=DIRECTION('ref_axis',(-3.483052626275E-16,0.,-1.));
#7653=DIRECTION('',(3.483052626275E-16,0.,1.));
#7654=DIRECTION('',(0.577350269189626,-0.577350269189626,0.577350269189626));
#7655=DIRECTION('center_axis',(1.23144506563433E-16,0.707106781186548,0.707106781186548));
#7656=DIRECTION('ref_axis',(1.,0.,-1.7415263131375E-16));
#7657=DIRECTION('',(-1.,0.,1.7415263131375E-16));
#7658=DIRECTION('',(-0.577350269189626,-0.577350269189626,0.577350269189626));
#7659=DIRECTION('',(-1.,0.,-1.39322105051E-15));
#7660=DIRECTION('center_axis',(-0.707106781186548,0.707106781186548,0.));
#7661=DIRECTION('ref_axis',(0.,0.,1.));
#7662=DIRECTION('',(-3.483052626275E-16,0.,-1.));
#7663=DIRECTION('',(0.,0.,-1.));
#7664=DIRECTION('center_axis',(0.,1.,0.));
#7665=DIRECTION('ref_axis',(0.,0.,1.));
#7666=DIRECTION('center_axis',(0.,1.,0.));
#7667=DIRECTION('ref_axis',(1.,0.,0.));
#7668=DIRECTION('center_axis',(0.,1.,0.));
#7669=DIRECTION('ref_axis',(1.,0.,0.));
#7670=DIRECTION('',(0.,1.,0.));
#7671=DIRECTION('center_axis',(0.,1.,0.));
#7672=DIRECTION('ref_axis',(1.,0.,0.));
#7673=DIRECTION('center_axis',(0.,1.,0.));
#7674=DIRECTION('ref_axis',(0.,0.,1.));
#7675=DIRECTION('center_axis',(9.85156052507467E-16,0.707106781186547,-0.707106781186548));
#7676=DIRECTION('ref_axis',(-1.,0.,-1.39322105051E-15));
#7677=DIRECTION('',(1.,0.,1.39322105051E-15));
#7678=DIRECTION('',(0.577350269189625,-0.577350269189627,-0.577350269189626));
#7679=DIRECTION('',(-0.577350269189626,-0.577350269189626,-0.577350269189626));
#7680=DIRECTION('center_axis',(0.707106781186549,0.707106781186546,-2.46289013126867E-16));
#7681=DIRECTION('ref_axis',(-3.483052626275E-16,0.,-1.));
#7682=DIRECTION('',(3.483052626275E-16,0.,1.));
#7683=DIRECTION('',(0.577350269189626,-0.577350269189626,0.577350269189626));
#7684=DIRECTION('center_axis',(1.23144506563433E-16,0.707106781186548,0.707106781186548));
#7685=DIRECTION('ref_axis',(1.,0.,-1.7415263131375E-16));
#7686=DIRECTION('',(-1.,0.,1.7415263131375E-16));
#7687=DIRECTION('',(-0.577350269189626,-0.577350269189626,0.577350269189626));
#7688=DIRECTION('',(-1.,0.,-1.39322105051E-15));
#7689=DIRECTION('center_axis',(-0.707106781186548,0.707106781186548,0.));
#7690=DIRECTION('ref_axis',(0.,0.,1.));
#7691=DIRECTION('',(-3.483052626275E-16,0.,-1.));
#7692=DIRECTION('',(0.,0.,-1.));
#7693=DIRECTION('center_axis',(0.,1.,0.));
#7694=DIRECTION('ref_axis',(0.,0.,1.));
#7695=DIRECTION('center_axis',(0.,1.,0.));
#7696=DIRECTION('ref_axis',(1.,0.,0.));
#7697=DIRECTION('center_axis',(0.,1.,0.));
#7698=DIRECTION('ref_axis',(1.,0.,0.));
#7699=DIRECTION('',(0.,1.,0.));
#7700=DIRECTION('center_axis',(0.,1.,0.));
#7701=DIRECTION('ref_axis',(1.,0.,0.));
#7702=DIRECTION('center_axis',(0.,1.,0.));
#7703=DIRECTION('ref_axis',(0.,0.,1.));
#7704=DIRECTION('center_axis',(9.85156052507467E-16,0.707106781186547,-0.707106781186548));
#7705=DIRECTION('ref_axis',(-1.,0.,-1.39322105051E-15));
#7706=DIRECTION('',(1.,0.,1.39322105051E-15));
#7707=DIRECTION('',(0.577350269189625,-0.577350269189627,-0.577350269189626));
#7708=DIRECTION('',(-0.577350269189626,-0.577350269189626,-0.577350269189626));
#7709=DIRECTION('center_axis',(0.707106781186549,0.707106781186546,-2.46289013126867E-16));
#7710=DIRECTION('ref_axis',(-3.483052626275E-16,0.,-1.));
#7711=DIRECTION('',(3.483052626275E-16,0.,1.));
#7712=DIRECTION('',(0.577350269189626,-0.577350269189626,0.577350269189626));
#7713=DIRECTION('center_axis',(1.23144506563433E-16,0.707106781186548,0.707106781186548));
#7714=DIRECTION('ref_axis',(1.,0.,-1.7415263131375E-16));
#7715=DIRECTION('',(-1.,0.,1.7415263131375E-16));
#7716=DIRECTION('',(-0.577350269189626,-0.577350269189626,0.577350269189626));
#7717=DIRECTION('',(-1.,0.,-1.39322105051E-15));
#7718=DIRECTION('center_axis',(-0.707106781186548,0.707106781186548,0.));
#7719=DIRECTION('ref_axis',(0.,0.,1.));
#7720=DIRECTION('',(0.,0.,1.));
#7721=DIRECTION('',(0.,0.,-1.));
#7722=DIRECTION('center_axis',(0.,1.,0.));
#7723=DIRECTION('ref_axis',(0.,0.,1.));
#7724=DIRECTION('center_axis',(0.,1.,0.));
#7725=DIRECTION('ref_axis',(1.,0.,0.));
#7726=DIRECTION('center_axis',(0.,1.,0.));
#7727=DIRECTION('ref_axis',(1.,0.,0.));
#7728=DIRECTION('',(0.,1.,0.));
#7729=DIRECTION('center_axis',(0.,1.,0.));
#7730=DIRECTION('ref_axis',(1.,0.,0.));
#7731=DIRECTION('center_axis',(0.,1.,0.));
#7732=DIRECTION('ref_axis',(0.,0.,1.));
#7733=DIRECTION('center_axis',(9.85156052507467E-16,0.707106781186547,-0.707106781186548));
#7734=DIRECTION('ref_axis',(-1.,0.,-1.39322105051E-15));
#7735=DIRECTION('',(1.,0.,1.39322105051E-15));
#7736=DIRECTION('',(0.577350269189625,-0.577350269189627,-0.577350269189626));
#7737=DIRECTION('',(-0.577350269189626,-0.577350269189626,-0.577350269189626));
#7738=DIRECTION('center_axis',(0.707106781186549,0.707106781186546,-2.46289013126867E-16));
#7739=DIRECTION('ref_axis',(-3.483052626275E-16,0.,-1.));
#7740=DIRECTION('',(3.483052626275E-16,0.,1.));
#7741=DIRECTION('',(0.577350269189626,-0.577350269189626,0.577350269189626));
#7742=DIRECTION('',(-3.483052626275E-16,0.,-1.));
#7743=DIRECTION('center_axis',(1.23144506563433E-16,0.707106781186548,0.707106781186548));
#7744=DIRECTION('ref_axis',(1.,0.,-1.7415263131375E-16));
#7745=DIRECTION('',(-1.,0.,1.7415263131375E-16));
#7746=DIRECTION('',(-0.577350269189626,-0.577350269189626,0.577350269189626));
#7747=DIRECTION('',(-1.,0.,-1.39322105051E-15));
#7748=DIRECTION('center_axis',(-0.707106781186548,0.707106781186548,0.));
#7749=DIRECTION('ref_axis',(0.,0.,1.));
#7750=DIRECTION('',(-3.483052626275E-16,0.,-1.));
#7751=DIRECTION('',(0.,0.,-1.));
#7752=DIRECTION('center_axis',(0.,1.,0.));
#7753=DIRECTION('ref_axis',(0.,0.,1.));
#7754=DIRECTION('center_axis',(0.,1.,0.));
#7755=DIRECTION('ref_axis',(1.,0.,0.));
#7756=DIRECTION('center_axis',(0.,1.,0.));
#7757=DIRECTION('ref_axis',(1.,0.,0.));
#7758=DIRECTION('',(0.,1.,0.));
#7759=DIRECTION('center_axis',(0.,1.,0.));
#7760=DIRECTION('ref_axis',(1.,0.,0.));
#7761=DIRECTION('center_axis',(0.,1.,0.));
#7762=DIRECTION('ref_axis',(0.,0.,1.));
#7763=DIRECTION('center_axis',(9.85156052507467E-16,0.707106781186547,-0.707106781186548));
#7764=DIRECTION('ref_axis',(-1.,0.,-1.39322105051E-15));
#7765=DIRECTION('',(1.,0.,1.39322105051E-15));
#7766=DIRECTION('',(0.577350269189625,-0.577350269189627,-0.577350269189626));
#7767=DIRECTION('',(-0.577350269189626,-0.577350269189626,-0.577350269189626));
#7768=DIRECTION('center_axis',(0.707106781186549,0.707106781186546,-2.46289013126867E-16));
#7769=DIRECTION('ref_axis',(-3.483052626275E-16,0.,-1.));
#7770=DIRECTION('',(3.483052626275E-16,0.,1.));
#7771=DIRECTION('',(0.577350269189626,-0.577350269189626,0.577350269189626));
#7772=DIRECTION('center_axis',(1.23144506563433E-16,0.707106781186548,0.707106781186548));
#7773=DIRECTION('ref_axis',(1.,0.,-1.7415263131375E-16));
#7774=DIRECTION('',(-1.,0.,1.7415263131375E-16));
#7775=DIRECTION('',(-0.577350269189626,-0.577350269189626,0.577350269189626));
#7776=DIRECTION('',(-1.,0.,-1.39322105051E-15));
#7777=DIRECTION('center_axis',(-0.707106781186548,0.707106781186548,0.));
#7778=DIRECTION('ref_axis',(0.,0.,1.));
#7779=DIRECTION('',(-3.483052626275E-16,0.,-1.));
#7780=DIRECTION('',(0.,0.,-1.));
#7781=DIRECTION('center_axis',(0.,1.,0.));
#7782=DIRECTION('ref_axis',(0.,0.,1.));
#7783=DIRECTION('center_axis',(0.,1.,0.));
#7784=DIRECTION('ref_axis',(1.,0.,0.));
#7785=DIRECTION('center_axis',(0.,1.,0.));
#7786=DIRECTION('ref_axis',(1.,0.,0.));
#7787=DIRECTION('',(0.,1.,0.));
#7788=DIRECTION('center_axis',(0.,1.,0.));
#7789=DIRECTION('ref_axis',(1.,0.,0.));
#7790=DIRECTION('center_axis',(0.,1.,0.));
#7791=DIRECTION('ref_axis',(0.,0.,1.));
#7792=DIRECTION('center_axis',(9.85156052507467E-16,0.707106781186547,-0.707106781186548));
#7793=DIRECTION('ref_axis',(-1.,0.,-1.39322105051E-15));
#7794=DIRECTION('',(1.,0.,1.39322105051E-15));
#7795=DIRECTION('',(0.577350269189625,-0.577350269189627,-0.577350269189626));
#7796=DIRECTION('',(-0.577350269189626,-0.577350269189626,-0.577350269189626));
#7797=DIRECTION('center_axis',(0.707106781186549,0.707106781186546,-2.46289013126867E-16));
#7798=DIRECTION('ref_axis',(-3.483052626275E-16,0.,-1.));
#7799=DIRECTION('',(3.483052626275E-16,0.,1.));
#7800=DIRECTION('',(0.577350269189626,-0.577350269189626,0.577350269189626));
#7801=DIRECTION('center_axis',(1.23144506563433E-16,0.707106781186548,0.707106781186548));
#7802=DIRECTION('ref_axis',(1.,0.,-1.7415263131375E-16));
#7803=DIRECTION('',(-1.,0.,1.7415263131375E-16));
#7804=DIRECTION('',(-0.577350269189626,-0.577350269189626,0.577350269189626));
#7805=DIRECTION('',(-1.,0.,-1.39322105051E-15));
#7806=DIRECTION('center_axis',(-0.707106781186548,0.707106781186548,0.));
#7807=DIRECTION('ref_axis',(0.,0.,1.));
#7808=DIRECTION('',(-3.483052626275E-16,0.,-1.));
#7809=DIRECTION('',(0.,0.,-1.));
#7810=DIRECTION('center_axis',(0.,1.,0.));
#7811=DIRECTION('ref_axis',(0.,0.,1.));
#7812=DIRECTION('center_axis',(0.,1.,0.));
#7813=DIRECTION('ref_axis',(1.,0.,0.));
#7814=DIRECTION('center_axis',(0.,1.,0.));
#7815=DIRECTION('ref_axis',(1.,0.,0.));
#7816=DIRECTION('',(0.,1.,0.));
#7817=DIRECTION('center_axis',(0.,1.,0.));
#7818=DIRECTION('ref_axis',(1.,0.,0.));
#7819=DIRECTION('center_axis',(0.,1.,0.));
#7820=DIRECTION('ref_axis',(0.,0.,1.));
#7821=DIRECTION('center_axis',(9.85156052507467E-16,0.707106781186547,-0.707106781186548));
#7822=DIRECTION('ref_axis',(-1.,0.,-1.39322105051E-15));
#7823=DIRECTION('',(1.,0.,1.39322105051E-15));
#7824=DIRECTION('',(0.577350269189625,-0.577350269189627,-0.577350269189626));
#7825=DIRECTION('',(-0.577350269189626,-0.577350269189626,-0.577350269189626));
#7826=DIRECTION('center_axis',(0.707106781186549,0.707106781186546,-2.46289013126867E-16));
#7827=DIRECTION('ref_axis',(-3.483052626275E-16,0.,-1.));
#7828=DIRECTION('',(3.483052626275E-16,0.,1.));
#7829=DIRECTION('',(0.577350269189626,-0.577350269189626,0.577350269189626));
#7830=DIRECTION('center_axis',(1.23144506563433E-16,0.707106781186548,0.707106781186548));
#7831=DIRECTION('ref_axis',(1.,0.,-1.7415263131375E-16));
#7832=DIRECTION('',(-1.,0.,1.7415263131375E-16));
#7833=DIRECTION('',(-0.577350269189626,-0.577350269189626,0.577350269189626));
#7834=DIRECTION('',(-1.,0.,-1.39322105051E-15));
#7835=DIRECTION('center_axis',(-0.707106781186548,0.707106781186548,0.));
#7836=DIRECTION('ref_axis',(0.,0.,1.));
#7837=DIRECTION('',(-3.483052626275E-16,0.,-1.));
#7838=DIRECTION('',(0.,0.,-1.));
#7839=DIRECTION('center_axis',(0.,1.,0.));
#7840=DIRECTION('ref_axis',(0.,0.,1.));
#7841=DIRECTION('center_axis',(0.,1.,0.));
#7842=DIRECTION('ref_axis',(1.,0.,0.));
#7843=DIRECTION('center_axis',(0.,1.,0.));
#7844=DIRECTION('ref_axis',(1.,0.,0.));
#7845=DIRECTION('',(0.,1.,0.));
#7846=DIRECTION('center_axis',(0.,1.,0.));
#7847=DIRECTION('ref_axis',(1.,0.,0.));
#7848=DIRECTION('center_axis',(0.,1.,0.));
#7849=DIRECTION('ref_axis',(0.,0.,1.));
#7850=DIRECTION('center_axis',(9.85156052507467E-16,0.707106781186547,-0.707106781186548));
#7851=DIRECTION('ref_axis',(-1.,0.,-1.39322105051E-15));
#7852=DIRECTION('',(1.,0.,1.39322105051E-15));
#7853=DIRECTION('',(0.577350269189625,-0.577350269189627,-0.577350269189626));
#7854=DIRECTION('',(-0.577350269189626,-0.577350269189626,-0.577350269189626));
#7855=DIRECTION('center_axis',(0.707106781186549,0.707106781186546,-2.46289013126867E-16));
#7856=DIRECTION('ref_axis',(-3.483052626275E-16,0.,-1.));
#7857=DIRECTION('',(3.483052626275E-16,0.,1.));
#7858=DIRECTION('',(0.577350269189626,-0.577350269189626,0.577350269189626));
#7859=DIRECTION('center_axis',(1.23144506563433E-16,0.707106781186548,0.707106781186548));
#7860=DIRECTION('ref_axis',(1.,0.,-1.7415263131375E-16));
#7861=DIRECTION('',(-1.,0.,1.7415263131375E-16));
#7862=DIRECTION('',(-0.577350269189626,-0.577350269189626,0.577350269189626));
#7863=DIRECTION('',(-1.,0.,-1.39322105051E-15));
#7864=DIRECTION('center_axis',(-0.707106781186548,0.707106781186548,0.));
#7865=DIRECTION('ref_axis',(0.,0.,1.));
#7866=DIRECTION('',(-3.483052626275E-16,0.,-1.));
#7867=DIRECTION('',(0.,0.,-1.));
#7868=DIRECTION('center_axis',(0.,1.,0.));
#7869=DIRECTION('ref_axis',(0.,0.,1.));
#7870=DIRECTION('center_axis',(0.,1.,0.));
#7871=DIRECTION('ref_axis',(1.,0.,0.));
#7872=DIRECTION('center_axis',(0.,1.,0.));
#7873=DIRECTION('ref_axis',(1.,0.,0.));
#7874=DIRECTION('',(0.,1.,0.));
#7875=DIRECTION('center_axis',(0.,1.,0.));
#7876=DIRECTION('ref_axis',(1.,0.,0.));
#7877=DIRECTION('center_axis',(0.,1.,0.));
#7878=DIRECTION('ref_axis',(0.,0.,1.));
#7879=DIRECTION('center_axis',(9.85156052507467E-16,0.707106781186547,-0.707106781186548));
#7880=DIRECTION('ref_axis',(-1.,0.,-1.39322105051E-15));
#7881=DIRECTION('',(1.,0.,1.39322105051E-15));
#7882=DIRECTION('',(0.577350269189625,-0.577350269189627,-0.577350269189626));
#7883=DIRECTION('',(-0.577350269189626,-0.577350269189626,-0.577350269189626));
#7884=DIRECTION('center_axis',(0.707106781186549,0.707106781186546,-2.46289013126867E-16));
#7885=DIRECTION('ref_axis',(-3.483052626275E-16,0.,-1.));
#7886=DIRECTION('',(3.483052626275E-16,0.,1.));
#7887=DIRECTION('',(0.577350269189626,-0.577350269189626,0.577350269189626));
#7888=DIRECTION('center_axis',(1.23144506563433E-16,0.707106781186548,0.707106781186548));
#7889=DIRECTION('ref_axis',(1.,0.,-1.7415263131375E-16));
#7890=DIRECTION('',(-1.,0.,1.7415263131375E-16));
#7891=DIRECTION('',(-0.577350269189626,-0.577350269189626,0.577350269189626));
#7892=DIRECTION('',(-1.,0.,-1.39322105051E-15));
#7893=DIRECTION('center_axis',(-0.707106781186548,0.707106781186548,0.));
#7894=DIRECTION('ref_axis',(0.,0.,1.));
#7895=DIRECTION('',(-3.483052626275E-16,0.,-1.));
#7896=DIRECTION('',(0.,0.,-1.));
#7897=DIRECTION('center_axis',(0.,1.,0.));
#7898=DIRECTION('ref_axis',(0.,0.,1.));
#7899=DIRECTION('center_axis',(0.,1.,0.));
#7900=DIRECTION('ref_axis',(1.,0.,0.));
#7901=DIRECTION('center_axis',(0.,1.,0.));
#7902=DIRECTION('ref_axis',(1.,0.,0.));
#7903=DIRECTION('',(0.,1.,0.));
#7904=DIRECTION('center_axis',(0.,1.,0.));
#7905=DIRECTION('ref_axis',(1.,0.,0.));
#7906=DIRECTION('center_axis',(0.,1.,0.));
#7907=DIRECTION('ref_axis',(0.,0.,1.));
#7908=DIRECTION('center_axis',(9.85156052507467E-16,0.707106781186547,-0.707106781186548));
#7909=DIRECTION('ref_axis',(-1.,0.,-1.39322105051E-15));
#7910=DIRECTION('',(1.,0.,1.39322105051E-15));
#7911=DIRECTION('',(0.577350269189625,-0.577350269189627,-0.577350269189626));
#7912=DIRECTION('',(-0.577350269189626,-0.577350269189626,-0.577350269189626));
#7913=DIRECTION('center_axis',(0.707106781186549,0.707106781186546,-2.46289013126867E-16));
#7914=DIRECTION('ref_axis',(-3.483052626275E-16,0.,-1.));
#7915=DIRECTION('',(3.483052626275E-16,0.,1.));
#7916=DIRECTION('',(0.577350269189626,-0.577350269189626,0.577350269189626));
#7917=DIRECTION('center_axis',(1.23144506563433E-16,0.707106781186548,0.707106781186548));
#7918=DIRECTION('ref_axis',(1.,0.,-1.7415263131375E-16));
#7919=DIRECTION('',(-1.,0.,1.7415263131375E-16));
#7920=DIRECTION('',(-0.577350269189626,-0.577350269189626,0.577350269189626));
#7921=DIRECTION('',(-1.,0.,-1.39322105051E-15));
#7922=DIRECTION('center_axis',(-0.707106781186548,0.707106781186548,0.));
#7923=DIRECTION('ref_axis',(0.,0.,1.));
#7924=DIRECTION('',(-3.483052626275E-16,0.,-1.));
#7925=DIRECTION('',(0.,0.,-1.));
#7926=DIRECTION('center_axis',(0.,1.,0.));
#7927=DIRECTION('ref_axis',(0.,0.,1.));
#7928=DIRECTION('center_axis',(0.,1.,0.));
#7929=DIRECTION('ref_axis',(1.,0.,0.));
#7930=DIRECTION('center_axis',(0.,1.,0.));
#7931=DIRECTION('ref_axis',(1.,0.,0.));
#7932=DIRECTION('',(0.,1.,0.));
#7933=DIRECTION('center_axis',(0.,1.,0.));
#7934=DIRECTION('ref_axis',(1.,0.,0.));
#7935=DIRECTION('center_axis',(0.,1.,0.));
#7936=DIRECTION('ref_axis',(0.,0.,1.));
#7937=DIRECTION('center_axis',(9.85156052507467E-16,0.707106781186547,-0.707106781186548));
#7938=DIRECTION('ref_axis',(-1.,0.,-1.39322105051E-15));
#7939=DIRECTION('',(1.,0.,1.39322105051E-15));
#7940=DIRECTION('',(0.577350269189625,-0.577350269189627,-0.577350269189626));
#7941=DIRECTION('',(-0.577350269189626,-0.577350269189626,-0.577350269189626));
#7942=DIRECTION('center_axis',(0.707106781186549,0.707106781186546,-2.46289013126867E-16));
#7943=DIRECTION('ref_axis',(-3.483052626275E-16,0.,-1.));
#7944=DIRECTION('',(3.483052626275E-16,0.,1.));
#7945=DIRECTION('',(0.577350269189626,-0.577350269189626,0.577350269189626));
#7946=DIRECTION('center_axis',(1.23144506563433E-16,0.707106781186548,0.707106781186548));
#7947=DIRECTION('ref_axis',(1.,0.,-1.7415263131375E-16));
#7948=DIRECTION('',(-1.,0.,1.7415263131375E-16));
#7949=DIRECTION('',(-0.577350269189626,-0.577350269189626,0.577350269189626));
#7950=DIRECTION('',(-1.,0.,-1.39322105051E-15));
#7951=DIRECTION('center_axis',(-0.707106781186548,0.707106781186548,0.));
#7952=DIRECTION('ref_axis',(0.,0.,1.));
#7953=DIRECTION('',(0.,0.,1.));
#7954=DIRECTION('',(0.,0.,-1.));
#7955=DIRECTION('center_axis',(0.,1.,0.));
#7956=DIRECTION('ref_axis',(0.,0.,1.));
#7957=DIRECTION('center_axis',(0.,1.,0.));
#7958=DIRECTION('ref_axis',(1.,0.,0.));
#7959=DIRECTION('center_axis',(0.,1.,0.));
#7960=DIRECTION('ref_axis',(1.,0.,0.));
#7961=DIRECTION('',(0.,1.,0.));
#7962=DIRECTION('center_axis',(0.,1.,0.));
#7963=DIRECTION('ref_axis',(1.,0.,0.));
#7964=DIRECTION('center_axis',(0.,1.,0.));
#7965=DIRECTION('ref_axis',(0.,0.,1.));
#7966=DIRECTION('center_axis',(9.85156052507467E-16,0.707106781186547,-0.707106781186548));
#7967=DIRECTION('ref_axis',(-1.,0.,-1.39322105051E-15));
#7968=DIRECTION('',(1.,0.,1.39322105051E-15));
#7969=DIRECTION('',(0.577350269189625,-0.577350269189627,-0.577350269189626));
#7970=DIRECTION('',(-0.577350269189626,-0.577350269189626,-0.577350269189626));
#7971=DIRECTION('center_axis',(0.707106781186549,0.707106781186546,-2.46289013126867E-16));
#7972=DIRECTION('ref_axis',(-3.483052626275E-16,0.,-1.));
#7973=DIRECTION('',(3.483052626275E-16,0.,1.));
#7974=DIRECTION('',(0.577350269189626,-0.577350269189626,0.577350269189626));
#7975=DIRECTION('',(-3.483052626275E-16,0.,-1.));
#7976=DIRECTION('center_axis',(1.23144506563433E-16,0.707106781186548,0.707106781186548));
#7977=DIRECTION('ref_axis',(1.,0.,-1.7415263131375E-16));
#7978=DIRECTION('',(-1.,0.,1.7415263131375E-16));
#7979=DIRECTION('',(-0.577350269189626,-0.577350269189626,0.577350269189626));
#7980=DIRECTION('',(-1.,0.,-1.39322105051E-15));
#7981=DIRECTION('center_axis',(-0.707106781186548,0.707106781186548,0.));
#7982=DIRECTION('ref_axis',(0.,0.,1.));
#7983=DIRECTION('',(-3.483052626275E-16,0.,-1.));
#7984=DIRECTION('',(0.,0.,-1.));
#7985=DIRECTION('center_axis',(0.,1.,0.));
#7986=DIRECTION('ref_axis',(0.,0.,1.));
#7987=DIRECTION('center_axis',(0.,1.,0.));
#7988=DIRECTION('ref_axis',(1.,0.,0.));
#7989=DIRECTION('center_axis',(0.,1.,0.));
#7990=DIRECTION('ref_axis',(1.,0.,0.));
#7991=DIRECTION('',(0.,1.,0.));
#7992=DIRECTION('center_axis',(0.,1.,0.));
#7993=DIRECTION('ref_axis',(1.,0.,0.));
#7994=DIRECTION('center_axis',(0.,1.,0.));
#7995=DIRECTION('ref_axis',(0.,0.,1.));
#7996=DIRECTION('center_axis',(9.85156052507467E-16,0.707106781186547,-0.707106781186548));
#7997=DIRECTION('ref_axis',(-1.,0.,-1.39322105051E-15));
#7998=DIRECTION('',(1.,0.,1.39322105051E-15));
#7999=DIRECTION('',(0.577350269189625,-0.577350269189627,-0.577350269189626));
#8000=DIRECTION('',(-0.577350269189626,-0.577350269189626,-0.577350269189626));
#8001=DIRECTION('center_axis',(0.707106781186549,0.707106781186546,-2.46289013126867E-16));
#8002=DIRECTION('ref_axis',(-3.483052626275E-16,0.,-1.));
#8003=DIRECTION('',(3.483052626275E-16,0.,1.));
#8004=DIRECTION('',(0.577350269189626,-0.577350269189626,0.577350269189626));
#8005=DIRECTION('center_axis',(1.23144506563433E-16,0.707106781186548,0.707106781186548));
#8006=DIRECTION('ref_axis',(1.,0.,-1.7415263131375E-16));
#8007=DIRECTION('',(-1.,0.,1.7415263131375E-16));
#8008=DIRECTION('',(-0.577350269189626,-0.577350269189626,0.577350269189626));
#8009=DIRECTION('',(-1.,0.,-1.39322105051E-15));
#8010=DIRECTION('center_axis',(-0.707106781186548,0.707106781186548,0.));
#8011=DIRECTION('ref_axis',(0.,0.,1.));
#8012=DIRECTION('',(-3.483052626275E-16,0.,-1.));
#8013=DIRECTION('',(0.,0.,-1.));
#8014=DIRECTION('center_axis',(0.,1.,0.));
#8015=DIRECTION('ref_axis',(0.,0.,1.));
#8016=DIRECTION('center_axis',(0.,1.,0.));
#8017=DIRECTION('ref_axis',(1.,0.,0.));
#8018=DIRECTION('center_axis',(0.,1.,0.));
#8019=DIRECTION('ref_axis',(1.,0.,0.));
#8020=DIRECTION('',(0.,1.,0.));
#8021=DIRECTION('center_axis',(0.,1.,0.));
#8022=DIRECTION('ref_axis',(1.,0.,0.));
#8023=DIRECTION('center_axis',(0.,1.,0.));
#8024=DIRECTION('ref_axis',(0.,0.,1.));
#8025=DIRECTION('center_axis',(9.85156052507467E-16,0.707106781186547,-0.707106781186548));
#8026=DIRECTION('ref_axis',(-1.,0.,-1.39322105051E-15));
#8027=DIRECTION('',(1.,0.,1.39322105051E-15));
#8028=DIRECTION('',(0.577350269189625,-0.577350269189627,-0.577350269189626));
#8029=DIRECTION('',(-0.577350269189626,-0.577350269189626,-0.577350269189626));
#8030=DIRECTION('center_axis',(0.707106781186549,0.707106781186546,-2.46289013126867E-16));
#8031=DIRECTION('ref_axis',(-3.483052626275E-16,0.,-1.));
#8032=DIRECTION('',(3.483052626275E-16,0.,1.));
#8033=DIRECTION('',(0.577350269189626,-0.577350269189626,0.577350269189626));
#8034=DIRECTION('center_axis',(1.23144506563433E-16,0.707106781186548,0.707106781186548));
#8035=DIRECTION('ref_axis',(1.,0.,-1.7415263131375E-16));
#8036=DIRECTION('',(-1.,0.,1.7415263131375E-16));
#8037=DIRECTION('',(-0.577350269189626,-0.577350269189626,0.577350269189626));
#8038=DIRECTION('',(-1.,0.,-1.39322105051E-15));
#8039=DIRECTION('center_axis',(-0.707106781186548,0.707106781186548,0.));
#8040=DIRECTION('ref_axis',(0.,0.,1.));
#8041=DIRECTION('',(-3.483052626275E-16,0.,-1.));
#8042=DIRECTION('',(0.,0.,-1.));
#8043=DIRECTION('center_axis',(0.,1.,0.));
#8044=DIRECTION('ref_axis',(0.,0.,1.));
#8045=DIRECTION('center_axis',(0.,1.,0.));
#8046=DIRECTION('ref_axis',(1.,0.,0.));
#8047=DIRECTION('center_axis',(0.,1.,0.));
#8048=DIRECTION('ref_axis',(1.,0.,0.));
#8049=DIRECTION('',(0.,1.,0.));
#8050=DIRECTION('center_axis',(0.,1.,0.));
#8051=DIRECTION('ref_axis',(1.,0.,0.));
#8052=DIRECTION('center_axis',(0.,1.,0.));
#8053=DIRECTION('ref_axis',(0.,0.,1.));
#8054=DIRECTION('center_axis',(9.85156052507467E-16,0.707106781186547,-0.707106781186548));
#8055=DIRECTION('ref_axis',(-1.,0.,-1.39322105051E-15));
#8056=DIRECTION('',(1.,0.,1.39322105051E-15));
#8057=DIRECTION('',(0.577350269189625,-0.577350269189627,-0.577350269189626));
#8058=DIRECTION('',(-0.577350269189626,-0.577350269189626,-0.577350269189626));
#8059=DIRECTION('center_axis',(0.707106781186549,0.707106781186546,-2.46289013126867E-16));
#8060=DIRECTION('ref_axis',(-3.483052626275E-16,0.,-1.));
#8061=DIRECTION('',(3.483052626275E-16,0.,1.));
#8062=DIRECTION('',(0.577350269189626,-0.577350269189626,0.577350269189626));
#8063=DIRECTION('center_axis',(1.23144506563433E-16,0.707106781186548,0.707106781186548));
#8064=DIRECTION('ref_axis',(1.,0.,-1.7415263131375E-16));
#8065=DIRECTION('',(-1.,0.,1.7415263131375E-16));
#8066=DIRECTION('',(-0.577350269189626,-0.577350269189626,0.577350269189626));
#8067=DIRECTION('',(-1.,0.,-1.39322105051E-15));
#8068=DIRECTION('center_axis',(-0.707106781186548,0.707106781186548,0.));
#8069=DIRECTION('ref_axis',(0.,0.,1.));
#8070=DIRECTION('',(-3.483052626275E-16,0.,-1.));
#8071=DIRECTION('',(0.,0.,-1.));
#8072=DIRECTION('center_axis',(0.,1.,0.));
#8073=DIRECTION('ref_axis',(0.,0.,1.));
#8074=DIRECTION('center_axis',(0.,1.,0.));
#8075=DIRECTION('ref_axis',(1.,0.,0.));
#8076=DIRECTION('center_axis',(0.,1.,0.));
#8077=DIRECTION('ref_axis',(1.,0.,0.));
#8078=DIRECTION('',(0.,1.,0.));
#8079=DIRECTION('center_axis',(0.,1.,0.));
#8080=DIRECTION('ref_axis',(1.,0.,0.));
#8081=DIRECTION('center_axis',(0.,1.,0.));
#8082=DIRECTION('ref_axis',(0.,0.,1.));
#8083=DIRECTION('center_axis',(9.85156052507467E-16,0.707106781186547,-0.707106781186548));
#8084=DIRECTION('ref_axis',(-1.,0.,-1.39322105051E-15));
#8085=DIRECTION('',(1.,0.,1.39322105051E-15));
#8086=DIRECTION('',(0.577350269189625,-0.577350269189627,-0.577350269189626));
#8087=DIRECTION('',(-0.577350269189626,-0.577350269189626,-0.577350269189626));
#8088=DIRECTION('center_axis',(0.707106781186549,0.707106781186546,-2.46289013126867E-16));
#8089=DIRECTION('ref_axis',(-3.483052626275E-16,0.,-1.));
#8090=DIRECTION('',(3.483052626275E-16,0.,1.));
#8091=DIRECTION('',(0.577350269189626,-0.577350269189626,0.577350269189626));
#8092=DIRECTION('center_axis',(1.23144506563433E-16,0.707106781186548,0.707106781186548));
#8093=DIRECTION('ref_axis',(1.,0.,-1.7415263131375E-16));
#8094=DIRECTION('',(-1.,0.,1.7415263131375E-16));
#8095=DIRECTION('',(-0.577350269189626,-0.577350269189626,0.577350269189626));
#8096=DIRECTION('',(-1.,0.,-1.39322105051E-15));
#8097=DIRECTION('center_axis',(-0.707106781186548,0.707106781186548,0.));
#8098=DIRECTION('ref_axis',(0.,0.,1.));
#8099=DIRECTION('',(-3.483052626275E-16,0.,-1.));
#8100=DIRECTION('',(0.,0.,-1.));
#8101=DIRECTION('center_axis',(0.,1.,0.));
#8102=DIRECTION('ref_axis',(0.,0.,1.));
#8103=DIRECTION('center_axis',(0.,1.,0.));
#8104=DIRECTION('ref_axis',(1.,0.,0.));
#8105=DIRECTION('center_axis',(0.,1.,0.));
#8106=DIRECTION('ref_axis',(1.,0.,0.));
#8107=DIRECTION('',(0.,1.,0.));
#8108=DIRECTION('center_axis',(0.,1.,0.));
#8109=DIRECTION('ref_axis',(1.,0.,0.));
#8110=DIRECTION('center_axis',(0.,1.,0.));
#8111=DIRECTION('ref_axis',(0.,0.,1.));
#8112=DIRECTION('center_axis',(9.85156052507467E-16,0.707106781186547,-0.707106781186548));
#8113=DIRECTION('ref_axis',(-1.,0.,-1.39322105051E-15));
#8114=DIRECTION('',(1.,0.,1.39322105051E-15));
#8115=DIRECTION('',(0.577350269189625,-0.577350269189627,-0.577350269189626));
#8116=DIRECTION('',(-0.577350269189626,-0.577350269189626,-0.577350269189626));
#8117=DIRECTION('center_axis',(0.707106781186549,0.707106781186546,-2.46289013126867E-16));
#8118=DIRECTION('ref_axis',(-3.483052626275E-16,0.,-1.));
#8119=DIRECTION('',(3.483052626275E-16,0.,1.));
#8120=DIRECTION('',(0.577350269189626,-0.577350269189626,0.577350269189626));
#8121=DIRECTION('center_axis',(1.23144506563433E-16,0.707106781186548,0.707106781186548));
#8122=DIRECTION('ref_axis',(1.,0.,-1.7415263131375E-16));
#8123=DIRECTION('',(-1.,0.,1.7415263131375E-16));
#8124=DIRECTION('',(-0.577350269189626,-0.577350269189626,0.577350269189626));
#8125=DIRECTION('',(-1.,0.,-1.39322105051E-15));
#8126=DIRECTION('center_axis',(-0.707106781186548,0.707106781186548,0.));
#8127=DIRECTION('ref_axis',(0.,0.,1.));
#8128=DIRECTION('',(-3.483052626275E-16,0.,-1.));
#8129=DIRECTION('',(0.,0.,-1.));
#8130=DIRECTION('center_axis',(0.,1.,0.));
#8131=DIRECTION('ref_axis',(0.,0.,1.));
#8132=DIRECTION('center_axis',(0.,1.,0.));
#8133=DIRECTION('ref_axis',(1.,0.,0.));
#8134=DIRECTION('center_axis',(0.,1.,0.));
#8135=DIRECTION('ref_axis',(1.,0.,0.));
#8136=DIRECTION('',(0.,1.,0.));
#8137=DIRECTION('center_axis',(0.,1.,0.));
#8138=DIRECTION('ref_axis',(1.,0.,0.));
#8139=DIRECTION('center_axis',(0.,1.,0.));
#8140=DIRECTION('ref_axis',(0.,0.,1.));
#8141=DIRECTION('center_axis',(9.85156052507467E-16,0.707106781186547,-0.707106781186548));
#8142=DIRECTION('ref_axis',(-1.,0.,-1.39322105051E-15));
#8143=DIRECTION('',(1.,0.,1.39322105051E-15));
#8144=DIRECTION('',(0.577350269189625,-0.577350269189627,-0.577350269189626));
#8145=DIRECTION('',(-0.577350269189626,-0.577350269189626,-0.577350269189626));
#8146=DIRECTION('center_axis',(0.707106781186549,0.707106781186546,-2.46289013126867E-16));
#8147=DIRECTION('ref_axis',(-3.483052626275E-16,0.,-1.));
#8148=DIRECTION('',(3.483052626275E-16,0.,1.));
#8149=DIRECTION('',(0.577350269189626,-0.577350269189626,0.577350269189626));
#8150=DIRECTION('center_axis',(1.23144506563433E-16,0.707106781186548,0.707106781186548));
#8151=DIRECTION('ref_axis',(1.,0.,-1.7415263131375E-16));
#8152=DIRECTION('',(-1.,0.,1.7415263131375E-16));
#8153=DIRECTION('',(-0.577350269189626,-0.577350269189626,0.577350269189626));
#8154=DIRECTION('',(-1.,0.,-1.39322105051E-15));
#8155=DIRECTION('center_axis',(-0.707106781186548,0.707106781186548,0.));
#8156=DIRECTION('ref_axis',(0.,0.,1.));
#8157=DIRECTION('',(-3.483052626275E-16,0.,-1.));
#8158=DIRECTION('',(0.,0.,-1.));
#8159=DIRECTION('center_axis',(0.,1.,0.));
#8160=DIRECTION('ref_axis',(0.,0.,1.));
#8161=DIRECTION('center_axis',(0.,1.,0.));
#8162=DIRECTION('ref_axis',(1.,0.,0.));
#8163=DIRECTION('center_axis',(0.,1.,0.));
#8164=DIRECTION('ref_axis',(1.,0.,0.));
#8165=DIRECTION('',(0.,1.,0.));
#8166=DIRECTION('center_axis',(0.,1.,0.));
#8167=DIRECTION('ref_axis',(1.,0.,0.));
#8168=DIRECTION('center_axis',(0.,1.,0.));
#8169=DIRECTION('ref_axis',(0.,0.,1.));
#8170=DIRECTION('center_axis',(9.85156052507467E-16,0.707106781186547,-0.707106781186548));
#8171=DIRECTION('ref_axis',(-1.,0.,-1.39322105051E-15));
#8172=DIRECTION('',(1.,0.,1.39322105051E-15));
#8173=DIRECTION('',(0.577350269189625,-0.577350269189627,-0.577350269189626));
#8174=DIRECTION('',(-0.577350269189626,-0.577350269189626,-0.577350269189626));
#8175=DIRECTION('center_axis',(0.707106781186549,0.707106781186546,-2.46289013126867E-16));
#8176=DIRECTION('ref_axis',(-3.483052626275E-16,0.,-1.));
#8177=DIRECTION('',(3.483052626275E-16,0.,1.));
#8178=DIRECTION('',(0.577350269189626,-0.577350269189626,0.577350269189626));
#8179=DIRECTION('center_axis',(1.23144506563433E-16,0.707106781186548,0.707106781186548));
#8180=DIRECTION('ref_axis',(1.,0.,-1.7415263131375E-16));
#8181=DIRECTION('',(-1.,0.,1.7415263131375E-16));
#8182=DIRECTION('',(-0.577350269189626,-0.577350269189626,0.577350269189626));
#8183=DIRECTION('',(-1.,0.,-1.39322105051E-15));
#8184=DIRECTION('center_axis',(-0.707106781186548,0.707106781186548,0.));
#8185=DIRECTION('ref_axis',(0.,0.,1.));
#8186=DIRECTION('',(0.,0.,1.));
#8187=DIRECTION('',(0.,0.,-1.));
#8188=DIRECTION('center_axis',(0.,1.,0.));
#8189=DIRECTION('ref_axis',(0.,0.,1.));
#8190=DIRECTION('center_axis',(0.,1.,0.));
#8191=DIRECTION('ref_axis',(1.,0.,0.));
#8192=DIRECTION('center_axis',(0.,1.,0.));
#8193=DIRECTION('ref_axis',(1.,0.,0.));
#8194=DIRECTION('',(0.,1.,0.));
#8195=DIRECTION('center_axis',(0.,1.,0.));
#8196=DIRECTION('ref_axis',(1.,0.,0.));
#8197=DIRECTION('center_axis',(0.,1.,0.));
#8198=DIRECTION('ref_axis',(0.,0.,1.));
#8199=DIRECTION('center_axis',(9.85156052507467E-16,0.707106781186547,-0.707106781186548));
#8200=DIRECTION('ref_axis',(-1.,0.,-1.39322105051E-15));
#8201=DIRECTION('',(1.,0.,1.39322105051E-15));
#8202=DIRECTION('',(0.577350269189625,-0.577350269189627,-0.577350269189626));
#8203=DIRECTION('',(-0.577350269189626,-0.577350269189626,-0.577350269189626));
#8204=DIRECTION('center_axis',(0.707106781186549,0.707106781186546,-2.46289013126867E-16));
#8205=DIRECTION('ref_axis',(-3.483052626275E-16,0.,-1.));
#8206=DIRECTION('',(3.483052626275E-16,0.,1.));
#8207=DIRECTION('',(0.577350269189626,-0.577350269189626,0.577350269189626));
#8208=DIRECTION('',(-3.483052626275E-16,0.,-1.));
#8209=DIRECTION('center_axis',(1.23144506563433E-16,0.707106781186548,0.707106781186548));
#8210=DIRECTION('ref_axis',(1.,0.,-1.7415263131375E-16));
#8211=DIRECTION('',(-1.,0.,1.7415263131375E-16));
#8212=DIRECTION('',(-0.577350269189626,-0.577350269189626,0.577350269189626));
#8213=DIRECTION('',(-1.,0.,-1.39322105051E-15));
#8214=DIRECTION('center_axis',(-0.707106781186548,0.707106781186548,0.));
#8215=DIRECTION('ref_axis',(0.,0.,1.));
#8216=DIRECTION('',(-3.483052626275E-16,0.,-1.));
#8217=DIRECTION('',(0.,0.,-1.));
#8218=DIRECTION('center_axis',(0.,1.,0.));
#8219=DIRECTION('ref_axis',(0.,0.,1.));
#8220=DIRECTION('center_axis',(0.,1.,0.));
#8221=DIRECTION('ref_axis',(1.,0.,0.));
#8222=DIRECTION('center_axis',(0.,1.,0.));
#8223=DIRECTION('ref_axis',(1.,0.,0.));
#8224=DIRECTION('',(0.,1.,0.));
#8225=DIRECTION('center_axis',(0.,1.,0.));
#8226=DIRECTION('ref_axis',(1.,0.,0.));
#8227=DIRECTION('center_axis',(0.,1.,0.));
#8228=DIRECTION('ref_axis',(0.,0.,1.));
#8229=DIRECTION('center_axis',(9.85156052507467E-16,0.707106781186547,-0.707106781186548));
#8230=DIRECTION('ref_axis',(-1.,0.,-1.39322105051E-15));
#8231=DIRECTION('',(1.,0.,1.39322105051E-15));
#8232=DIRECTION('',(0.577350269189625,-0.577350269189627,-0.577350269189626));
#8233=DIRECTION('',(-0.577350269189626,-0.577350269189626,-0.577350269189626));
#8234=DIRECTION('center_axis',(0.707106781186549,0.707106781186546,-2.46289013126867E-16));
#8235=DIRECTION('ref_axis',(-3.483052626275E-16,0.,-1.));
#8236=DIRECTION('',(3.483052626275E-16,0.,1.));
#8237=DIRECTION('',(0.577350269189626,-0.577350269189626,0.577350269189626));
#8238=DIRECTION('center_axis',(1.23144506563433E-16,0.707106781186548,0.707106781186548));
#8239=DIRECTION('ref_axis',(1.,0.,-1.7415263131375E-16));
#8240=DIRECTION('',(-1.,0.,1.7415263131375E-16));
#8241=DIRECTION('',(-0.577350269189626,-0.577350269189626,0.577350269189626));
#8242=DIRECTION('',(-1.,0.,-1.39322105051E-15));
#8243=DIRECTION('center_axis',(-0.707106781186548,0.707106781186548,0.));
#8244=DIRECTION('ref_axis',(0.,0.,1.));
#8245=DIRECTION('',(-3.483052626275E-16,0.,-1.));
#8246=DIRECTION('',(0.,0.,-1.));
#8247=DIRECTION('center_axis',(0.,1.,0.));
#8248=DIRECTION('ref_axis',(0.,0.,1.));
#8249=DIRECTION('center_axis',(0.,1.,0.));
#8250=DIRECTION('ref_axis',(1.,0.,0.));
#8251=DIRECTION('center_axis',(0.,1.,0.));
#8252=DIRECTION('ref_axis',(1.,0.,0.));
#8253=DIRECTION('',(0.,1.,0.));
#8254=DIRECTION('center_axis',(0.,1.,0.));
#8255=DIRECTION('ref_axis',(1.,0.,0.));
#8256=DIRECTION('center_axis',(0.,1.,0.));
#8257=DIRECTION('ref_axis',(0.,0.,1.));
#8258=DIRECTION('center_axis',(9.85156052507467E-16,0.707106781186547,-0.707106781186548));
#8259=DIRECTION('ref_axis',(-1.,0.,-1.39322105051E-15));
#8260=DIRECTION('',(1.,0.,1.39322105051E-15));
#8261=DIRECTION('',(0.577350269189625,-0.577350269189627,-0.577350269189626));
#8262=DIRECTION('',(-0.577350269189626,-0.577350269189626,-0.577350269189626));
#8263=DIRECTION('center_axis',(0.707106781186549,0.707106781186546,-2.46289013126867E-16));
#8264=DIRECTION('ref_axis',(-3.483052626275E-16,0.,-1.));
#8265=DIRECTION('',(3.483052626275E-16,0.,1.));
#8266=DIRECTION('',(0.577350269189626,-0.577350269189626,0.577350269189626));
#8267=DIRECTION('center_axis',(1.23144506563433E-16,0.707106781186548,0.707106781186548));
#8268=DIRECTION('ref_axis',(1.,0.,-1.7415263131375E-16));
#8269=DIRECTION('',(-1.,0.,1.7415263131375E-16));
#8270=DIRECTION('',(-0.577350269189626,-0.577350269189626,0.577350269189626));
#8271=DIRECTION('',(-1.,0.,-1.39322105051E-15));
#8272=DIRECTION('center_axis',(-0.707106781186548,0.707106781186548,0.));
#8273=DIRECTION('ref_axis',(0.,0.,1.));
#8274=DIRECTION('',(-3.483052626275E-16,0.,-1.));
#8275=DIRECTION('',(0.,0.,-1.));
#8276=DIRECTION('center_axis',(0.,1.,0.));
#8277=DIRECTION('ref_axis',(0.,0.,1.));
#8278=DIRECTION('center_axis',(0.,1.,0.));
#8279=DIRECTION('ref_axis',(1.,0.,0.));
#8280=DIRECTION('center_axis',(0.,1.,0.));
#8281=DIRECTION('ref_axis',(1.,0.,0.));
#8282=DIRECTION('',(0.,1.,0.));
#8283=DIRECTION('center_axis',(0.,1.,0.));
#8284=DIRECTION('ref_axis',(1.,0.,0.));
#8285=DIRECTION('center_axis',(0.,1.,0.));
#8286=DIRECTION('ref_axis',(0.,0.,1.));
#8287=DIRECTION('center_axis',(9.85156052507467E-16,0.707106781186547,-0.707106781186548));
#8288=DIRECTION('ref_axis',(-1.,0.,-1.39322105051E-15));
#8289=DIRECTION('',(1.,0.,1.39322105051E-15));
#8290=DIRECTION('',(0.577350269189625,-0.577350269189627,-0.577350269189626));
#8291=DIRECTION('',(-0.577350269189626,-0.577350269189626,-0.577350269189626));
#8292=DIRECTION('center_axis',(0.707106781186549,0.707106781186546,-2.46289013126867E-16));
#8293=DIRECTION('ref_axis',(-3.483052626275E-16,0.,-1.));
#8294=DIRECTION('',(3.483052626275E-16,0.,1.));
#8295=DIRECTION('',(0.577350269189626,-0.577350269189626,0.577350269189626));
#8296=DIRECTION('center_axis',(1.23144506563433E-16,0.707106781186548,0.707106781186548));
#8297=DIRECTION('ref_axis',(1.,0.,-1.7415263131375E-16));
#8298=DIRECTION('',(-1.,0.,1.7415263131375E-16));
#8299=DIRECTION('',(-0.577350269189626,-0.577350269189626,0.577350269189626));
#8300=DIRECTION('',(-1.,0.,-1.39322105051E-15));
#8301=DIRECTION('center_axis',(-0.707106781186548,0.707106781186548,0.));
#8302=DIRECTION('ref_axis',(0.,0.,1.));
#8303=DIRECTION('',(-3.483052626275E-16,0.,-1.));
#8304=DIRECTION('',(0.,0.,-1.));
#8305=DIRECTION('center_axis',(0.,1.,0.));
#8306=DIRECTION('ref_axis',(0.,0.,1.));
#8307=DIRECTION('center_axis',(0.,1.,0.));
#8308=DIRECTION('ref_axis',(1.,0.,0.));
#8309=DIRECTION('center_axis',(0.,1.,0.));
#8310=DIRECTION('ref_axis',(1.,0.,0.));
#8311=DIRECTION('',(0.,1.,0.));
#8312=DIRECTION('center_axis',(0.,1.,0.));
#8313=DIRECTION('ref_axis',(1.,0.,0.));
#8314=DIRECTION('center_axis',(0.,1.,0.));
#8315=DIRECTION('ref_axis',(0.,0.,1.));
#8316=DIRECTION('center_axis',(9.85156052507467E-16,0.707106781186547,-0.707106781186548));
#8317=DIRECTION('ref_axis',(-1.,0.,-1.39322105051E-15));
#8318=DIRECTION('',(1.,0.,1.39322105051E-15));
#8319=DIRECTION('',(0.577350269189625,-0.577350269189627,-0.577350269189626));
#8320=DIRECTION('',(-0.577350269189626,-0.577350269189626,-0.577350269189626));
#8321=DIRECTION('center_axis',(0.707106781186549,0.707106781186546,-2.46289013126867E-16));
#8322=DIRECTION('ref_axis',(-3.483052626275E-16,0.,-1.));
#8323=DIRECTION('',(3.483052626275E-16,0.,1.));
#8324=DIRECTION('',(0.577350269189626,-0.577350269189626,0.577350269189626));
#8325=DIRECTION('center_axis',(1.23144506563433E-16,0.707106781186548,0.707106781186548));
#8326=DIRECTION('ref_axis',(1.,0.,-1.7415263131375E-16));
#8327=DIRECTION('',(-1.,0.,1.7415263131375E-16));
#8328=DIRECTION('',(-0.577350269189626,-0.577350269189626,0.577350269189626));
#8329=DIRECTION('',(-1.,0.,-1.39322105051E-15));
#8330=DIRECTION('center_axis',(-0.707106781186548,0.707106781186548,0.));
#8331=DIRECTION('ref_axis',(0.,0.,1.));
#8332=DIRECTION('',(-3.483052626275E-16,0.,-1.));
#8333=DIRECTION('',(0.,0.,-1.));
#8334=DIRECTION('center_axis',(0.,1.,0.));
#8335=DIRECTION('ref_axis',(0.,0.,1.));
#8336=DIRECTION('center_axis',(0.,1.,0.));
#8337=DIRECTION('ref_axis',(1.,0.,0.));
#8338=DIRECTION('center_axis',(0.,1.,0.));
#8339=DIRECTION('ref_axis',(1.,0.,0.));
#8340=DIRECTION('',(0.,1.,0.));
#8341=DIRECTION('center_axis',(0.,1.,0.));
#8342=DIRECTION('ref_axis',(1.,0.,0.));
#8343=DIRECTION('center_axis',(0.,1.,0.));
#8344=DIRECTION('ref_axis',(0.,0.,1.));
#8345=DIRECTION('center_axis',(9.85156052507467E-16,0.707106781186547,-0.707106781186548));
#8346=DIRECTION('ref_axis',(-1.,0.,-1.39322105051E-15));
#8347=DIRECTION('',(1.,0.,1.39322105051E-15));
#8348=DIRECTION('',(0.577350269189625,-0.577350269189627,-0.577350269189626));
#8349=DIRECTION('',(-0.577350269189626,-0.577350269189626,-0.577350269189626));
#8350=DIRECTION('center_axis',(0.707106781186549,0.707106781186546,-2.46289013126867E-16));
#8351=DIRECTION('ref_axis',(-3.483052626275E-16,0.,-1.));
#8352=DIRECTION('',(3.483052626275E-16,0.,1.));
#8353=DIRECTION('',(0.577350269189626,-0.577350269189626,0.577350269189626));
#8354=DIRECTION('center_axis',(1.23144506563433E-16,0.707106781186548,0.707106781186548));
#8355=DIRECTION('ref_axis',(1.,0.,-1.7415263131375E-16));
#8356=DIRECTION('',(-1.,0.,1.7415263131375E-16));
#8357=DIRECTION('',(-0.577350269189626,-0.577350269189626,0.577350269189626));
#8358=DIRECTION('',(-1.,0.,-1.39322105051E-15));
#8359=DIRECTION('center_axis',(-0.707106781186548,0.707106781186548,0.));
#8360=DIRECTION('ref_axis',(0.,0.,1.));
#8361=DIRECTION('',(-3.483052626275E-16,0.,-1.));
#8362=DIRECTION('',(0.,0.,-1.));
#8363=DIRECTION('center_axis',(0.,1.,0.));
#8364=DIRECTION('ref_axis',(0.,0.,1.));
#8365=DIRECTION('center_axis',(0.,1.,0.));
#8366=DIRECTION('ref_axis',(1.,0.,0.));
#8367=DIRECTION('center_axis',(0.,1.,0.));
#8368=DIRECTION('ref_axis',(1.,0.,0.));
#8369=DIRECTION('',(0.,1.,0.));
#8370=DIRECTION('center_axis',(0.,1.,0.));
#8371=DIRECTION('ref_axis',(1.,0.,0.));
#8372=DIRECTION('center_axis',(0.,1.,0.));
#8373=DIRECTION('ref_axis',(0.,0.,1.));
#8374=DIRECTION('center_axis',(9.85156052507467E-16,0.707106781186547,-0.707106781186548));
#8375=DIRECTION('ref_axis',(-1.,0.,-1.39322105051E-15));
#8376=DIRECTION('',(1.,0.,1.39322105051E-15));
#8377=DIRECTION('',(0.577350269189625,-0.577350269189627,-0.577350269189626));
#8378=DIRECTION('',(-0.577350269189626,-0.577350269189626,-0.577350269189626));
#8379=DIRECTION('center_axis',(0.707106781186549,0.707106781186546,-2.46289013126867E-16));
#8380=DIRECTION('ref_axis',(-3.483052626275E-16,0.,-1.));
#8381=DIRECTION('',(3.483052626275E-16,0.,1.));
#8382=DIRECTION('',(0.577350269189626,-0.577350269189626,0.577350269189626));
#8383=DIRECTION('center_axis',(1.23144506563433E-16,0.707106781186548,0.707106781186548));
#8384=DIRECTION('ref_axis',(1.,0.,-1.7415263131375E-16));
#8385=DIRECTION('',(-1.,0.,1.7415263131375E-16));
#8386=DIRECTION('',(-0.577350269189626,-0.577350269189626,0.577350269189626));
#8387=DIRECTION('',(-1.,0.,-1.39322105051E-15));
#8388=DIRECTION('center_axis',(-0.707106781186548,0.707106781186548,0.));
#8389=DIRECTION('ref_axis',(0.,0.,1.));
#8390=DIRECTION('',(-3.483052626275E-16,0.,-1.));
#8391=DIRECTION('',(0.,0.,-1.));
#8392=DIRECTION('center_axis',(0.,1.,0.));
#8393=DIRECTION('ref_axis',(0.,0.,1.));
#8394=DIRECTION('center_axis',(0.,1.,0.));
#8395=DIRECTION('ref_axis',(1.,0.,0.));
#8396=DIRECTION('center_axis',(0.,1.,0.));
#8397=DIRECTION('ref_axis',(1.,0.,0.));
#8398=DIRECTION('',(0.,1.,0.));
#8399=DIRECTION('center_axis',(0.,1.,0.));
#8400=DIRECTION('ref_axis',(1.,0.,0.));
#8401=DIRECTION('center_axis',(0.,1.,0.));
#8402=DIRECTION('ref_axis',(0.,0.,1.));
#8403=DIRECTION('center_axis',(9.85156052507467E-16,0.707106781186547,-0.707106781186548));
#8404=DIRECTION('ref_axis',(-1.,0.,-1.39322105051E-15));
#8405=DIRECTION('',(1.,0.,1.39322105051E-15));
#8406=DIRECTION('',(0.577350269189625,-0.577350269189627,-0.577350269189626));
#8407=DIRECTION('',(-0.577350269189626,-0.577350269189626,-0.577350269189626));
#8408=DIRECTION('center_axis',(0.707106781186549,0.707106781186546,-2.46289013126867E-16));
#8409=DIRECTION('ref_axis',(-3.483052626275E-16,0.,-1.));
#8410=DIRECTION('',(3.483052626275E-16,0.,1.));
#8411=DIRECTION('',(0.577350269189626,-0.577350269189626,0.577350269189626));
#8412=DIRECTION('center_axis',(1.23144506563433E-16,0.707106781186548,0.707106781186548));
#8413=DIRECTION('ref_axis',(1.,0.,-1.7415263131375E-16));
#8414=DIRECTION('',(-1.,0.,1.7415263131375E-16));
#8415=DIRECTION('',(-0.577350269189626,-0.577350269189626,0.577350269189626));
#8416=DIRECTION('',(-1.,0.,-1.39322105051E-15));
#8417=DIRECTION('center_axis',(-0.707106781186548,0.707106781186548,0.));
#8418=DIRECTION('ref_axis',(0.,0.,1.));
#8419=DIRECTION('',(0.,0.,1.));
#8420=DIRECTION('',(0.,0.,-1.));
#8421=DIRECTION('center_axis',(0.,1.,0.));
#8422=DIRECTION('ref_axis',(0.,0.,1.));
#8423=DIRECTION('center_axis',(0.,1.,0.));
#8424=DIRECTION('ref_axis',(1.,0.,0.));
#8425=DIRECTION('center_axis',(0.,1.,0.));
#8426=DIRECTION('ref_axis',(1.,0.,0.));
#8427=DIRECTION('',(0.,1.,0.));
#8428=DIRECTION('center_axis',(0.,1.,0.));
#8429=DIRECTION('ref_axis',(1.,0.,0.));
#8430=DIRECTION('center_axis',(0.,1.,0.));
#8431=DIRECTION('ref_axis',(0.,0.,1.));
#8432=DIRECTION('center_axis',(9.85156052507467E-16,0.707106781186547,-0.707106781186548));
#8433=DIRECTION('ref_axis',(-1.,0.,-1.39322105051E-15));
#8434=DIRECTION('',(1.,0.,1.39322105051E-15));
#8435=DIRECTION('',(0.577350269189625,-0.577350269189627,-0.577350269189626));
#8436=DIRECTION('',(-0.577350269189626,-0.577350269189626,-0.577350269189626));
#8437=DIRECTION('center_axis',(0.707106781186549,0.707106781186546,-2.46289013126867E-16));
#8438=DIRECTION('ref_axis',(-3.483052626275E-16,0.,-1.));
#8439=DIRECTION('',(3.483052626275E-16,0.,1.));
#8440=DIRECTION('',(0.577350269189626,-0.577350269189626,0.577350269189626));
#8441=DIRECTION('',(-3.483052626275E-16,0.,-1.));
#8442=DIRECTION('center_axis',(1.23144506563433E-16,0.707106781186548,0.707106781186548));
#8443=DIRECTION('ref_axis',(1.,0.,-1.7415263131375E-16));
#8444=DIRECTION('',(-1.,0.,1.7415263131375E-16));
#8445=DIRECTION('',(-0.577350269189626,-0.577350269189626,0.577350269189626));
#8446=DIRECTION('',(-1.,0.,-1.39322105051E-15));
#8447=DIRECTION('center_axis',(-0.707106781186548,0.707106781186548,0.));
#8448=DIRECTION('ref_axis',(0.,0.,1.));
#8449=DIRECTION('',(-3.483052626275E-16,0.,-1.));
#8450=DIRECTION('',(0.,0.,-1.));
#8451=DIRECTION('center_axis',(0.,1.,0.));
#8452=DIRECTION('ref_axis',(0.,0.,1.));
#8453=DIRECTION('center_axis',(0.,1.,0.));
#8454=DIRECTION('ref_axis',(1.,0.,0.));
#8455=DIRECTION('center_axis',(0.,1.,0.));
#8456=DIRECTION('ref_axis',(1.,0.,0.));
#8457=DIRECTION('',(0.,1.,0.));
#8458=DIRECTION('center_axis',(0.,1.,0.));
#8459=DIRECTION('ref_axis',(1.,0.,0.));
#8460=DIRECTION('center_axis',(0.,1.,0.));
#8461=DIRECTION('ref_axis',(0.,0.,1.));
#8462=DIRECTION('center_axis',(9.85156052507467E-16,0.707106781186547,-0.707106781186548));
#8463=DIRECTION('ref_axis',(-1.,0.,-1.39322105051E-15));
#8464=DIRECTION('',(1.,0.,1.39322105051E-15));
#8465=DIRECTION('',(0.577350269189625,-0.577350269189627,-0.577350269189626));
#8466=DIRECTION('',(-0.577350269189626,-0.577350269189626,-0.577350269189626));
#8467=DIRECTION('center_axis',(0.707106781186549,0.707106781186546,-2.46289013126867E-16));
#8468=DIRECTION('ref_axis',(-3.483052626275E-16,0.,-1.));
#8469=DIRECTION('',(3.483052626275E-16,0.,1.));
#8470=DIRECTION('',(0.577350269189626,-0.577350269189626,0.577350269189626));
#8471=DIRECTION('center_axis',(1.23144506563433E-16,0.707106781186548,0.707106781186548));
#8472=DIRECTION('ref_axis',(1.,0.,-1.7415263131375E-16));
#8473=DIRECTION('',(-1.,0.,1.7415263131375E-16));
#8474=DIRECTION('',(-0.577350269189626,-0.577350269189626,0.577350269189626));
#8475=DIRECTION('',(-1.,0.,-1.39322105051E-15));
#8476=DIRECTION('center_axis',(-0.707106781186548,0.707106781186548,0.));
#8477=DIRECTION('ref_axis',(0.,0.,1.));
#8478=DIRECTION('',(-3.483052626275E-16,0.,-1.));
#8479=DIRECTION('',(0.,0.,-1.));
#8480=DIRECTION('center_axis',(0.,1.,0.));
#8481=DIRECTION('ref_axis',(0.,0.,1.));
#8482=DIRECTION('center_axis',(0.,1.,0.));
#8483=DIRECTION('ref_axis',(1.,0.,0.));
#8484=DIRECTION('center_axis',(0.,1.,0.));
#8485=DIRECTION('ref_axis',(1.,0.,0.));
#8486=DIRECTION('',(0.,1.,0.));
#8487=DIRECTION('center_axis',(0.,1.,0.));
#8488=DIRECTION('ref_axis',(1.,0.,0.));
#8489=DIRECTION('center_axis',(0.,1.,0.));
#8490=DIRECTION('ref_axis',(0.,0.,1.));
#8491=DIRECTION('center_axis',(9.85156052507467E-16,0.707106781186547,-0.707106781186548));
#8492=DIRECTION('ref_axis',(-1.,0.,-1.39322105051E-15));
#8493=DIRECTION('',(1.,0.,1.39322105051E-15));
#8494=DIRECTION('',(0.577350269189625,-0.577350269189627,-0.577350269189626));
#8495=DIRECTION('',(-0.577350269189626,-0.577350269189626,-0.577350269189626));
#8496=DIRECTION('center_axis',(0.707106781186549,0.707106781186546,-2.46289013126867E-16));
#8497=DIRECTION('ref_axis',(-3.483052626275E-16,0.,-1.));
#8498=DIRECTION('',(3.483052626275E-16,0.,1.));
#8499=DIRECTION('',(0.577350269189626,-0.577350269189626,0.577350269189626));
#8500=DIRECTION('center_axis',(1.23144506563433E-16,0.707106781186548,0.707106781186548));
#8501=DIRECTION('ref_axis',(1.,0.,-1.7415263131375E-16));
#8502=DIRECTION('',(-1.,0.,1.7415263131375E-16));
#8503=DIRECTION('',(-0.577350269189626,-0.577350269189626,0.577350269189626));
#8504=DIRECTION('',(-1.,0.,-1.39322105051E-15));
#8505=DIRECTION('center_axis',(-0.707106781186548,0.707106781186548,0.));
#8506=DIRECTION('ref_axis',(0.,0.,1.));
#8507=DIRECTION('',(-3.483052626275E-16,0.,-1.));
#8508=DIRECTION('',(0.,0.,-1.));
#8509=DIRECTION('center_axis',(0.,1.,0.));
#8510=DIRECTION('ref_axis',(0.,0.,1.));
#8511=DIRECTION('center_axis',(0.,1.,0.));
#8512=DIRECTION('ref_axis',(1.,0.,0.));
#8513=DIRECTION('center_axis',(0.,1.,0.));
#8514=DIRECTION('ref_axis',(1.,0.,0.));
#8515=DIRECTION('',(0.,1.,0.));
#8516=DIRECTION('center_axis',(0.,1.,0.));
#8517=DIRECTION('ref_axis',(1.,0.,0.));
#8518=DIRECTION('center_axis',(0.,1.,0.));
#8519=DIRECTION('ref_axis',(0.,0.,1.));
#8520=DIRECTION('center_axis',(9.85156052507467E-16,0.707106781186547,-0.707106781186548));
#8521=DIRECTION('ref_axis',(-1.,0.,-1.39322105051E-15));
#8522=DIRECTION('',(1.,0.,1.39322105051E-15));
#8523=DIRECTION('',(0.577350269189625,-0.577350269189627,-0.577350269189626));
#8524=DIRECTION('',(-0.577350269189626,-0.577350269189626,-0.577350269189626));
#8525=DIRECTION('center_axis',(0.707106781186549,0.707106781186546,-2.46289013126867E-16));
#8526=DIRECTION('ref_axis',(-3.483052626275E-16,0.,-1.));
#8527=DIRECTION('',(3.483052626275E-16,0.,1.));
#8528=DIRECTION('',(0.577350269189626,-0.577350269189626,0.577350269189626));
#8529=DIRECTION('center_axis',(1.23144506563433E-16,0.707106781186548,0.707106781186548));
#8530=DIRECTION('ref_axis',(1.,0.,-1.7415263131375E-16));
#8531=DIRECTION('',(-1.,0.,1.7415263131375E-16));
#8532=DIRECTION('',(-0.577350269189626,-0.577350269189626,0.577350269189626));
#8533=DIRECTION('',(-1.,0.,-1.39322105051E-15));
#8534=DIRECTION('center_axis',(-0.707106781186548,0.707106781186548,0.));
#8535=DIRECTION('ref_axis',(0.,0.,1.));
#8536=DIRECTION('',(-3.483052626275E-16,0.,-1.));
#8537=DIRECTION('',(0.,0.,-1.));
#8538=DIRECTION('center_axis',(0.,1.,0.));
#8539=DIRECTION('ref_axis',(0.,0.,1.));
#8540=DIRECTION('center_axis',(0.,1.,0.));
#8541=DIRECTION('ref_axis',(1.,0.,0.));
#8542=DIRECTION('center_axis',(0.,1.,0.));
#8543=DIRECTION('ref_axis',(1.,0.,0.));
#8544=DIRECTION('',(0.,1.,0.));
#8545=DIRECTION('center_axis',(0.,1.,0.));
#8546=DIRECTION('ref_axis',(1.,0.,0.));
#8547=DIRECTION('center_axis',(0.,1.,0.));
#8548=DIRECTION('ref_axis',(0.,0.,1.));
#8549=DIRECTION('center_axis',(9.85156052507467E-16,0.707106781186547,-0.707106781186548));
#8550=DIRECTION('ref_axis',(-1.,0.,-1.39322105051E-15));
#8551=DIRECTION('',(1.,0.,1.39322105051E-15));
#8552=DIRECTION('',(0.577350269189625,-0.577350269189627,-0.577350269189626));
#8553=DIRECTION('',(-0.577350269189626,-0.577350269189626,-0.577350269189626));
#8554=DIRECTION('center_axis',(0.707106781186549,0.707106781186546,-2.46289013126867E-16));
#8555=DIRECTION('ref_axis',(-3.483052626275E-16,0.,-1.));
#8556=DIRECTION('',(3.483052626275E-16,0.,1.));
#8557=DIRECTION('',(0.577350269189626,-0.577350269189626,0.577350269189626));
#8558=DIRECTION('center_axis',(1.23144506563433E-16,0.707106781186548,0.707106781186548));
#8559=DIRECTION('ref_axis',(1.,0.,-1.7415263131375E-16));
#8560=DIRECTION('',(-1.,0.,1.7415263131375E-16));
#8561=DIRECTION('',(-0.577350269189626,-0.577350269189626,0.577350269189626));
#8562=DIRECTION('',(-1.,0.,-1.39322105051E-15));
#8563=DIRECTION('center_axis',(-0.707106781186548,0.707106781186548,0.));
#8564=DIRECTION('ref_axis',(0.,0.,1.));
#8565=DIRECTION('',(-3.483052626275E-16,0.,-1.));
#8566=DIRECTION('',(0.,0.,-1.));
#8567=DIRECTION('center_axis',(0.,1.,0.));
#8568=DIRECTION('ref_axis',(0.,0.,1.));
#8569=DIRECTION('center_axis',(0.,1.,0.));
#8570=DIRECTION('ref_axis',(1.,0.,0.));
#8571=DIRECTION('center_axis',(0.,1.,0.));
#8572=DIRECTION('ref_axis',(1.,0.,0.));
#8573=DIRECTION('',(0.,1.,0.));
#8574=DIRECTION('center_axis',(0.,1.,0.));
#8575=DIRECTION('ref_axis',(1.,0.,0.));
#8576=DIRECTION('center_axis',(0.,1.,0.));
#8577=DIRECTION('ref_axis',(0.,0.,1.));
#8578=DIRECTION('center_axis',(9.85156052507467E-16,0.707106781186547,-0.707106781186548));
#8579=DIRECTION('ref_axis',(-1.,0.,-1.39322105051E-15));
#8580=DIRECTION('',(1.,0.,1.39322105051E-15));
#8581=DIRECTION('',(0.577350269189625,-0.577350269189627,-0.577350269189626));
#8582=DIRECTION('',(-0.577350269189626,-0.577350269189626,-0.577350269189626));
#8583=DIRECTION('center_axis',(0.707106781186549,0.707106781186546,-2.46289013126867E-16));
#8584=DIRECTION('ref_axis',(-3.483052626275E-16,0.,-1.));
#8585=DIRECTION('',(3.483052626275E-16,0.,1.));
#8586=DIRECTION('',(0.577350269189626,-0.577350269189626,0.577350269189626));
#8587=DIRECTION('center_axis',(1.23144506563433E-16,0.707106781186548,0.707106781186548));
#8588=DIRECTION('ref_axis',(1.,0.,-1.7415263131375E-16));
#8589=DIRECTION('',(-1.,0.,1.7415263131375E-16));
#8590=DIRECTION('',(-0.577350269189626,-0.577350269189626,0.577350269189626));
#8591=DIRECTION('',(-1.,0.,-1.39322105051E-15));
#8592=DIRECTION('center_axis',(-0.707106781186548,0.707106781186548,0.));
#8593=DIRECTION('ref_axis',(0.,0.,1.));
#8594=DIRECTION('',(-3.483052626275E-16,0.,-1.));
#8595=DIRECTION('',(0.,0.,-1.));
#8596=DIRECTION('center_axis',(0.,1.,0.));
#8597=DIRECTION('ref_axis',(0.,0.,1.));
#8598=DIRECTION('center_axis',(0.,1.,0.));
#8599=DIRECTION('ref_axis',(1.,0.,0.));
#8600=DIRECTION('center_axis',(0.,1.,0.));
#8601=DIRECTION('ref_axis',(1.,0.,0.));
#8602=DIRECTION('',(0.,1.,0.));
#8603=DIRECTION('center_axis',(0.,1.,0.));
#8604=DIRECTION('ref_axis',(1.,0.,0.));
#8605=DIRECTION('center_axis',(0.,1.,0.));
#8606=DIRECTION('ref_axis',(0.,0.,1.));
#8607=DIRECTION('center_axis',(9.85156052507467E-16,0.707106781186547,-0.707106781186548));
#8608=DIRECTION('ref_axis',(-1.,0.,-1.39322105051E-15));
#8609=DIRECTION('',(1.,0.,1.39322105051E-15));
#8610=DIRECTION('',(0.577350269189625,-0.577350269189627,-0.577350269189626));
#8611=DIRECTION('',(-0.577350269189626,-0.577350269189626,-0.577350269189626));
#8612=DIRECTION('center_axis',(0.707106781186549,0.707106781186546,-2.46289013126867E-16));
#8613=DIRECTION('ref_axis',(-3.483052626275E-16,0.,-1.));
#8614=DIRECTION('',(3.483052626275E-16,0.,1.));
#8615=DIRECTION('',(0.577350269189626,-0.577350269189626,0.577350269189626));
#8616=DIRECTION('center_axis',(1.23144506563433E-16,0.707106781186548,0.707106781186548));
#8617=DIRECTION('ref_axis',(1.,0.,-1.7415263131375E-16));
#8618=DIRECTION('',(-1.,0.,1.7415263131375E-16));
#8619=DIRECTION('',(-0.577350269189626,-0.577350269189626,0.577350269189626));
#8620=DIRECTION('',(-1.,0.,-1.39322105051E-15));
#8621=DIRECTION('center_axis',(-0.707106781186548,0.707106781186548,0.));
#8622=DIRECTION('ref_axis',(0.,0.,1.));
#8623=DIRECTION('',(-3.483052626275E-16,0.,-1.));
#8624=DIRECTION('',(0.,0.,-1.));
#8625=DIRECTION('center_axis',(0.,1.,0.));
#8626=DIRECTION('ref_axis',(0.,0.,1.));
#8627=DIRECTION('center_axis',(0.,1.,0.));
#8628=DIRECTION('ref_axis',(1.,0.,0.));
#8629=DIRECTION('center_axis',(0.,1.,0.));
#8630=DIRECTION('ref_axis',(1.,0.,0.));
#8631=DIRECTION('',(0.,1.,0.));
#8632=DIRECTION('center_axis',(0.,1.,0.));
#8633=DIRECTION('ref_axis',(1.,0.,0.));
#8634=DIRECTION('center_axis',(0.,1.,0.));
#8635=DIRECTION('ref_axis',(0.,0.,1.));
#8636=DIRECTION('center_axis',(9.85156052507467E-16,0.707106781186547,-0.707106781186548));
#8637=DIRECTION('ref_axis',(-1.,0.,-1.39322105051E-15));
#8638=DIRECTION('',(1.,0.,1.39322105051E-15));
#8639=DIRECTION('',(0.577350269189625,-0.577350269189627,-0.577350269189626));
#8640=DIRECTION('',(-0.577350269189626,-0.577350269189626,-0.577350269189626));
#8641=DIRECTION('center_axis',(0.707106781186549,0.707106781186546,-2.46289013126867E-16));
#8642=DIRECTION('ref_axis',(-3.483052626275E-16,0.,-1.));
#8643=DIRECTION('',(3.483052626275E-16,0.,1.));
#8644=DIRECTION('',(0.577350269189626,-0.577350269189626,0.577350269189626));
#8645=DIRECTION('center_axis',(1.23144506563433E-16,0.707106781186548,0.707106781186548));
#8646=DIRECTION('ref_axis',(1.,0.,-1.7415263131375E-16));
#8647=DIRECTION('',(-1.,0.,1.7415263131375E-16));
#8648=DIRECTION('',(-0.577350269189626,-0.577350269189626,0.577350269189626));
#8649=DIRECTION('',(-1.,0.,-1.39322105051E-15));
#8650=DIRECTION('center_axis',(-0.707106781186548,0.707106781186548,0.));
#8651=DIRECTION('ref_axis',(0.,0.,1.));
#8652=DIRECTION('',(0.,0.,1.));
#8653=DIRECTION('',(0.,0.,-1.));
#8654=DIRECTION('center_axis',(0.,1.,0.));
#8655=DIRECTION('ref_axis',(0.,0.,1.));
#8656=DIRECTION('center_axis',(0.,1.,0.));
#8657=DIRECTION('ref_axis',(1.,0.,0.));
#8658=DIRECTION('center_axis',(0.,1.,0.));
#8659=DIRECTION('ref_axis',(1.,0.,0.));
#8660=DIRECTION('',(0.,1.,0.));
#8661=DIRECTION('center_axis',(0.,1.,0.));
#8662=DIRECTION('ref_axis',(1.,0.,0.));
#8663=DIRECTION('center_axis',(0.,1.,0.));
#8664=DIRECTION('ref_axis',(0.,0.,1.));
#8665=DIRECTION('center_axis',(9.85156052507467E-16,0.707106781186547,-0.707106781186548));
#8666=DIRECTION('ref_axis',(-1.,0.,-1.39322105051E-15));
#8667=DIRECTION('',(1.,0.,1.39322105051E-15));
#8668=DIRECTION('',(0.577350269189625,-0.577350269189627,-0.577350269189626));
#8669=DIRECTION('',(-0.577350269189626,-0.577350269189626,-0.577350269189626));
#8670=DIRECTION('center_axis',(0.707106781186549,0.707106781186546,-2.46289013126867E-16));
#8671=DIRECTION('ref_axis',(-3.483052626275E-16,0.,-1.));
#8672=DIRECTION('',(3.483052626275E-16,0.,1.));
#8673=DIRECTION('',(0.577350269189626,-0.577350269189626,0.577350269189626));
#8674=DIRECTION('',(-3.483052626275E-16,0.,-1.));
#8675=DIRECTION('center_axis',(1.23144506563433E-16,0.707106781186548,0.707106781186548));
#8676=DIRECTION('ref_axis',(1.,0.,-1.7415263131375E-16));
#8677=DIRECTION('',(-1.,0.,1.7415263131375E-16));
#8678=DIRECTION('',(-0.577350269189626,-0.577350269189626,0.577350269189626));
#8679=DIRECTION('',(-1.,0.,-1.39322105051E-15));
#8680=DIRECTION('center_axis',(-0.707106781186548,0.707106781186548,0.));
#8681=DIRECTION('ref_axis',(0.,0.,1.));
#8682=DIRECTION('',(-3.483052626275E-16,0.,-1.));
#8683=DIRECTION('',(0.,0.,-1.));
#8684=DIRECTION('center_axis',(0.,1.,0.));
#8685=DIRECTION('ref_axis',(0.,0.,1.));
#8686=DIRECTION('center_axis',(0.,1.,0.));
#8687=DIRECTION('ref_axis',(1.,0.,0.));
#8688=DIRECTION('center_axis',(0.,1.,0.));
#8689=DIRECTION('ref_axis',(1.,0.,0.));
#8690=DIRECTION('',(0.,1.,0.));
#8691=DIRECTION('center_axis',(0.,1.,0.));
#8692=DIRECTION('ref_axis',(1.,0.,0.));
#8693=DIRECTION('center_axis',(0.,1.,0.));
#8694=DIRECTION('ref_axis',(0.,0.,1.));
#8695=DIRECTION('center_axis',(9.85156052507467E-16,0.707106781186547,-0.707106781186548));
#8696=DIRECTION('ref_axis',(-1.,0.,-1.39322105051E-15));
#8697=DIRECTION('',(1.,0.,1.39322105051E-15));
#8698=DIRECTION('',(0.577350269189625,-0.577350269189627,-0.577350269189626));
#8699=DIRECTION('',(-0.577350269189626,-0.577350269189626,-0.577350269189626));
#8700=DIRECTION('center_axis',(0.707106781186549,0.707106781186546,-2.46289013126867E-16));
#8701=DIRECTION('ref_axis',(-3.483052626275E-16,0.,-1.));
#8702=DIRECTION('',(3.483052626275E-16,0.,1.));
#8703=DIRECTION('',(0.577350269189626,-0.577350269189626,0.577350269189626));
#8704=DIRECTION('center_axis',(1.23144506563433E-16,0.707106781186548,0.707106781186548));
#8705=DIRECTION('ref_axis',(1.,0.,-1.7415263131375E-16));
#8706=DIRECTION('',(-1.,0.,1.7415263131375E-16));
#8707=DIRECTION('',(-0.577350269189626,-0.577350269189626,0.577350269189626));
#8708=DIRECTION('',(-1.,0.,-1.39322105051E-15));
#8709=DIRECTION('center_axis',(-0.707106781186548,0.707106781186548,0.));
#8710=DIRECTION('ref_axis',(0.,0.,1.));
#8711=DIRECTION('',(-3.483052626275E-16,0.,-1.));
#8712=DIRECTION('',(0.,0.,-1.));
#8713=DIRECTION('center_axis',(0.,1.,0.));
#8714=DIRECTION('ref_axis',(0.,0.,1.));
#8715=DIRECTION('center_axis',(0.,1.,0.));
#8716=DIRECTION('ref_axis',(1.,0.,0.));
#8717=DIRECTION('center_axis',(0.,1.,0.));
#8718=DIRECTION('ref_axis',(1.,0.,0.));
#8719=DIRECTION('',(0.,1.,0.));
#8720=DIRECTION('center_axis',(0.,1.,0.));
#8721=DIRECTION('ref_axis',(1.,0.,0.));
#8722=DIRECTION('center_axis',(0.,1.,0.));
#8723=DIRECTION('ref_axis',(0.,0.,1.));
#8724=DIRECTION('center_axis',(9.85156052507467E-16,0.707106781186547,-0.707106781186548));
#8725=DIRECTION('ref_axis',(-1.,0.,-1.39322105051E-15));
#8726=DIRECTION('',(1.,0.,1.39322105051E-15));
#8727=DIRECTION('',(0.577350269189625,-0.577350269189627,-0.577350269189626));
#8728=DIRECTION('',(-0.577350269189626,-0.577350269189626,-0.577350269189626));
#8729=DIRECTION('center_axis',(0.707106781186549,0.707106781186546,-2.46289013126867E-16));
#8730=DIRECTION('ref_axis',(-3.483052626275E-16,0.,-1.));
#8731=DIRECTION('',(3.483052626275E-16,0.,1.));
#8732=DIRECTION('',(0.577350269189626,-0.577350269189626,0.577350269189626));
#8733=DIRECTION('center_axis',(1.23144506563433E-16,0.707106781186548,0.707106781186548));
#8734=DIRECTION('ref_axis',(1.,0.,-1.7415263131375E-16));
#8735=DIRECTION('',(-1.,0.,1.7415263131375E-16));
#8736=DIRECTION('',(-0.577350269189626,-0.577350269189626,0.577350269189626));
#8737=DIRECTION('',(-1.,0.,-1.39322105051E-15));
#8738=DIRECTION('center_axis',(-0.707106781186548,0.707106781186548,0.));
#8739=DIRECTION('ref_axis',(0.,0.,1.));
#8740=DIRECTION('',(-3.483052626275E-16,0.,-1.));
#8741=DIRECTION('',(0.,0.,-1.));
#8742=DIRECTION('center_axis',(0.,1.,0.));
#8743=DIRECTION('ref_axis',(0.,0.,1.));
#8744=DIRECTION('center_axis',(0.,1.,0.));
#8745=DIRECTION('ref_axis',(1.,0.,0.));
#8746=DIRECTION('center_axis',(0.,1.,0.));
#8747=DIRECTION('ref_axis',(1.,0.,0.));
#8748=DIRECTION('',(0.,1.,0.));
#8749=DIRECTION('center_axis',(0.,1.,0.));
#8750=DIRECTION('ref_axis',(1.,0.,0.));
#8751=DIRECTION('center_axis',(0.,1.,0.));
#8752=DIRECTION('ref_axis',(0.,0.,1.));
#8753=DIRECTION('center_axis',(9.85156052507467E-16,0.707106781186547,-0.707106781186548));
#8754=DIRECTION('ref_axis',(-1.,0.,-1.39322105051E-15));
#8755=DIRECTION('',(1.,0.,1.39322105051E-15));
#8756=DIRECTION('',(0.577350269189625,-0.577350269189627,-0.577350269189626));
#8757=DIRECTION('',(-0.577350269189626,-0.577350269189626,-0.577350269189626));
#8758=DIRECTION('center_axis',(0.707106781186549,0.707106781186546,-2.46289013126867E-16));
#8759=DIRECTION('ref_axis',(-3.483052626275E-16,0.,-1.));
#8760=DIRECTION('',(3.483052626275E-16,0.,1.));
#8761=DIRECTION('',(0.577350269189626,-0.577350269189626,0.577350269189626));
#8762=DIRECTION('center_axis',(1.23144506563433E-16,0.707106781186548,0.707106781186548));
#8763=DIRECTION('ref_axis',(1.,0.,-1.7415263131375E-16));
#8764=DIRECTION('',(-1.,0.,1.7415263131375E-16));
#8765=DIRECTION('',(-0.577350269189626,-0.577350269189626,0.577350269189626));
#8766=DIRECTION('',(-1.,0.,-1.39322105051E-15));
#8767=DIRECTION('center_axis',(-0.707106781186548,0.707106781186548,0.));
#8768=DIRECTION('ref_axis',(0.,0.,1.));
#8769=DIRECTION('',(-3.483052626275E-16,0.,-1.));
#8770=DIRECTION('',(0.,0.,-1.));
#8771=DIRECTION('center_axis',(0.,1.,0.));
#8772=DIRECTION('ref_axis',(0.,0.,1.));
#8773=DIRECTION('center_axis',(0.,1.,0.));
#8774=DIRECTION('ref_axis',(1.,0.,0.));
#8775=DIRECTION('center_axis',(0.,1.,0.));
#8776=DIRECTION('ref_axis',(1.,0.,0.));
#8777=DIRECTION('',(0.,1.,0.));
#8778=DIRECTION('center_axis',(0.,1.,0.));
#8779=DIRECTION('ref_axis',(1.,0.,0.));
#8780=DIRECTION('center_axis',(0.,1.,0.));
#8781=DIRECTION('ref_axis',(0.,0.,1.));
#8782=DIRECTION('center_axis',(9.85156052507467E-16,0.707106781186547,-0.707106781186548));
#8783=DIRECTION('ref_axis',(-1.,0.,-1.39322105051E-15));
#8784=DIRECTION('',(1.,0.,1.39322105051E-15));
#8785=DIRECTION('',(0.577350269189625,-0.577350269189627,-0.577350269189626));
#8786=DIRECTION('',(-0.577350269189626,-0.577350269189626,-0.577350269189626));
#8787=DIRECTION('center_axis',(0.707106781186549,0.707106781186546,-2.46289013126867E-16));
#8788=DIRECTION('ref_axis',(-3.483052626275E-16,0.,-1.));
#8789=DIRECTION('',(3.483052626275E-16,0.,1.));
#8790=DIRECTION('',(0.577350269189626,-0.577350269189626,0.577350269189626));
#8791=DIRECTION('center_axis',(1.23144506563433E-16,0.707106781186548,0.707106781186548));
#8792=DIRECTION('ref_axis',(1.,0.,-1.7415263131375E-16));
#8793=DIRECTION('',(-1.,0.,1.7415263131375E-16));
#8794=DIRECTION('',(-0.577350269189626,-0.577350269189626,0.577350269189626));
#8795=DIRECTION('',(-1.,0.,-1.39322105051E-15));
#8796=DIRECTION('center_axis',(-0.707106781186548,0.707106781186548,0.));
#8797=DIRECTION('ref_axis',(0.,0.,1.));
#8798=DIRECTION('',(-3.483052626275E-16,0.,-1.));
#8799=DIRECTION('',(0.,0.,-1.));
#8800=DIRECTION('center_axis',(0.,1.,0.));
#8801=DIRECTION('ref_axis',(0.,0.,1.));
#8802=DIRECTION('center_axis',(0.,1.,0.));
#8803=DIRECTION('ref_axis',(1.,0.,0.));
#8804=DIRECTION('center_axis',(0.,1.,0.));
#8805=DIRECTION('ref_axis',(1.,0.,0.));
#8806=DIRECTION('',(0.,1.,0.));
#8807=DIRECTION('center_axis',(0.,1.,0.));
#8808=DIRECTION('ref_axis',(1.,0.,0.));
#8809=DIRECTION('center_axis',(0.,1.,0.));
#8810=DIRECTION('ref_axis',(0.,0.,1.));
#8811=DIRECTION('center_axis',(9.85156052507467E-16,0.707106781186547,-0.707106781186548));
#8812=DIRECTION('ref_axis',(-1.,0.,-1.39322105051E-15));
#8813=DIRECTION('',(1.,0.,1.39322105051E-15));
#8814=DIRECTION('',(0.577350269189625,-0.577350269189627,-0.577350269189626));
#8815=DIRECTION('',(-0.577350269189626,-0.577350269189626,-0.577350269189626));
#8816=DIRECTION('center_axis',(0.707106781186549,0.707106781186546,-2.46289013126867E-16));
#8817=DIRECTION('ref_axis',(-3.483052626275E-16,0.,-1.));
#8818=DIRECTION('',(3.483052626275E-16,0.,1.));
#8819=DIRECTION('',(0.577350269189626,-0.577350269189626,0.577350269189626));
#8820=DIRECTION('center_axis',(1.23144506563433E-16,0.707106781186548,0.707106781186548));
#8821=DIRECTION('ref_axis',(1.,0.,-1.7415263131375E-16));
#8822=DIRECTION('',(-1.,0.,1.7415263131375E-16));
#8823=DIRECTION('',(-0.577350269189626,-0.577350269189626,0.577350269189626));
#8824=DIRECTION('',(-1.,0.,-1.39322105051E-15));
#8825=DIRECTION('center_axis',(-0.707106781186548,0.707106781186548,0.));
#8826=DIRECTION('ref_axis',(0.,0.,1.));
#8827=DIRECTION('',(-3.483052626275E-16,0.,-1.));
#8828=DIRECTION('',(0.,0.,-1.));
#8829=DIRECTION('center_axis',(0.,1.,0.));
#8830=DIRECTION('ref_axis',(0.,0.,1.));
#8831=DIRECTION('center_axis',(0.,1.,0.));
#8832=DIRECTION('ref_axis',(1.,0.,0.));
#8833=DIRECTION('center_axis',(0.,1.,0.));
#8834=DIRECTION('ref_axis',(1.,0.,0.));
#8835=DIRECTION('',(0.,1.,0.));
#8836=DIRECTION('center_axis',(0.,1.,0.));
#8837=DIRECTION('ref_axis',(1.,0.,0.));
#8838=DIRECTION('center_axis',(0.,1.,0.));
#8839=DIRECTION('ref_axis',(0.,0.,1.));
#8840=DIRECTION('center_axis',(9.85156052507467E-16,0.707106781186547,-0.707106781186548));
#8841=DIRECTION('ref_axis',(-1.,0.,-1.39322105051E-15));
#8842=DIRECTION('',(1.,0.,1.39322105051E-15));
#8843=DIRECTION('',(0.577350269189625,-0.577350269189627,-0.577350269189626));
#8844=DIRECTION('',(-0.577350269189626,-0.577350269189626,-0.577350269189626));
#8845=DIRECTION('center_axis',(0.707106781186549,0.707106781186546,-2.46289013126867E-16));
#8846=DIRECTION('ref_axis',(-3.483052626275E-16,0.,-1.));
#8847=DIRECTION('',(3.483052626275E-16,0.,1.));
#8848=DIRECTION('',(0.577350269189626,-0.577350269189626,0.577350269189626));
#8849=DIRECTION('center_axis',(1.23144506563433E-16,0.707106781186548,0.707106781186548));
#8850=DIRECTION('ref_axis',(1.,0.,-1.7415263131375E-16));
#8851=DIRECTION('',(-1.,0.,1.7415263131375E-16));
#8852=DIRECTION('',(-0.577350269189626,-0.577350269189626,0.577350269189626));
#8853=DIRECTION('',(-1.,0.,-1.39322105051E-15));
#8854=DIRECTION('center_axis',(-0.707106781186548,0.707106781186548,0.));
#8855=DIRECTION('ref_axis',(0.,0.,1.));
#8856=DIRECTION('',(-3.483052626275E-16,0.,-1.));
#8857=DIRECTION('',(0.,0.,-1.));
#8858=DIRECTION('center_axis',(0.,1.,0.));
#8859=DIRECTION('ref_axis',(0.,0.,1.));
#8860=DIRECTION('center_axis',(0.,1.,0.));
#8861=DIRECTION('ref_axis',(1.,0.,0.));
#8862=DIRECTION('center_axis',(0.,1.,0.));
#8863=DIRECTION('ref_axis',(1.,0.,0.));
#8864=DIRECTION('',(0.,1.,0.));
#8865=DIRECTION('center_axis',(0.,1.,0.));
#8866=DIRECTION('ref_axis',(1.,0.,0.));
#8867=DIRECTION('center_axis',(0.,1.,0.));
#8868=DIRECTION('ref_axis',(0.,0.,1.));
#8869=DIRECTION('center_axis',(9.85156052507467E-16,0.707106781186547,-0.707106781186548));
#8870=DIRECTION('ref_axis',(-1.,0.,-1.39322105051E-15));
#8871=DIRECTION('',(1.,0.,1.39322105051E-15));
#8872=DIRECTION('',(0.577350269189625,-0.577350269189627,-0.577350269189626));
#8873=DIRECTION('',(-0.577350269189626,-0.577350269189626,-0.577350269189626));
#8874=DIRECTION('center_axis',(0.707106781186549,0.707106781186546,-2.46289013126867E-16));
#8875=DIRECTION('ref_axis',(-3.483052626275E-16,0.,-1.));
#8876=DIRECTION('',(3.483052626275E-16,0.,1.));
#8877=DIRECTION('',(0.577350269189626,-0.577350269189626,0.577350269189626));
#8878=DIRECTION('center_axis',(1.23144506563433E-16,0.707106781186548,0.707106781186548));
#8879=DIRECTION('ref_axis',(1.,0.,-1.7415263131375E-16));
#8880=DIRECTION('',(-1.,0.,1.7415263131375E-16));
#8881=DIRECTION('',(-0.577350269189626,-0.577350269189626,0.577350269189626));
#8882=DIRECTION('',(-1.,0.,-1.39322105051E-15));
#8883=DIRECTION('center_axis',(-0.707106781186548,0.707106781186548,0.));
#8884=DIRECTION('ref_axis',(0.,0.,1.));
#8885=DIRECTION('',(0.,0.,1.));
#8886=DIRECTION('',(0.,0.,-1.));
#8887=DIRECTION('center_axis',(0.,1.,0.));
#8888=DIRECTION('ref_axis',(0.,0.,1.));
#8889=DIRECTION('center_axis',(0.,1.,0.));
#8890=DIRECTION('ref_axis',(1.,0.,0.));
#8891=DIRECTION('center_axis',(0.,1.,0.));
#8892=DIRECTION('ref_axis',(1.,0.,0.));
#8893=DIRECTION('',(0.,1.,0.));
#8894=DIRECTION('center_axis',(0.,1.,0.));
#8895=DIRECTION('ref_axis',(1.,0.,0.));
#8896=DIRECTION('center_axis',(0.,1.,0.));
#8897=DIRECTION('ref_axis',(0.,0.,1.));
#8898=DIRECTION('center_axis',(9.85156052507467E-16,0.707106781186547,-0.707106781186548));
#8899=DIRECTION('ref_axis',(-1.,0.,-1.39322105051E-15));
#8900=DIRECTION('',(1.,0.,1.39322105051E-15));
#8901=DIRECTION('',(0.577350269189625,-0.577350269189627,-0.577350269189626));
#8902=DIRECTION('',(-0.577350269189626,-0.577350269189626,-0.577350269189626));
#8903=DIRECTION('center_axis',(0.707106781186549,0.707106781186546,-2.46289013126867E-16));
#8904=DIRECTION('ref_axis',(-3.483052626275E-16,0.,-1.));
#8905=DIRECTION('',(3.483052626275E-16,0.,1.));
#8906=DIRECTION('',(0.577350269189626,-0.577350269189626,0.577350269189626));
#8907=DIRECTION('',(-3.483052626275E-16,0.,-1.));
#8908=DIRECTION('center_axis',(1.23144506563433E-16,0.707106781186548,0.707106781186548));
#8909=DIRECTION('ref_axis',(1.,0.,-1.7415263131375E-16));
#8910=DIRECTION('',(-1.,0.,1.7415263131375E-16));
#8911=DIRECTION('',(-0.577350269189626,-0.577350269189626,0.577350269189626));
#8912=DIRECTION('',(1.,0.,-1.7415263131375E-16));
#8913=DIRECTION('center_axis',(-0.707106781186548,0.707106781186548,0.));
#8914=DIRECTION('ref_axis',(0.,0.,1.));
#8915=DIRECTION('',(-3.483052626275E-16,0.,-1.));
#8916=DIRECTION('',(0.,0.,-1.));
#8917=DIRECTION('center_axis',(0.,1.,0.));
#8918=DIRECTION('ref_axis',(0.,0.,1.));
#8919=DIRECTION('center_axis',(1.,0.,-3.483052626275E-16));
#8920=DIRECTION('ref_axis',(-3.483052626275E-16,0.,-1.));
#8921=DIRECTION('',(0.,1.,0.));
#8922=DIRECTION('',(-3.483052626275E-16,0.,-1.));
#8923=DIRECTION('center_axis',(0.,1.,0.));
#8924=DIRECTION('ref_axis',(1.,0.,0.));
#8925=DIRECTION('center_axis',(0.,1.,0.));
#8926=DIRECTION('ref_axis',(1.,0.,0.));
#8927=DIRECTION('',(0.,1.,0.));
#8928=DIRECTION('center_axis',(0.,1.,0.));
#8929=DIRECTION('ref_axis',(1.,0.,0.));
#8930=DIRECTION('center_axis',(0.,1.,0.));
#8931=DIRECTION('ref_axis',(0.,0.,1.));
#8932=DIRECTION('center_axis',(9.85156052507467E-16,0.707106781186547,-0.707106781186548));
#8933=DIRECTION('ref_axis',(-1.,0.,-1.39322105051E-15));
#8934=DIRECTION('',(1.,0.,1.39322105051E-15));
#8935=DIRECTION('',(0.577350269189625,-0.577350269189627,-0.577350269189626));
#8936=DIRECTION('',(-0.577350269189626,-0.577350269189626,-0.577350269189626));
#8937=DIRECTION('center_axis',(0.707106781186549,0.707106781186546,-2.46289013126867E-16));
#8938=DIRECTION('ref_axis',(-3.483052626275E-16,0.,-1.));
#8939=DIRECTION('',(3.483052626275E-16,0.,1.));
#8940=DIRECTION('',(0.577350269189626,-0.577350269189626,0.577350269189626));
#8941=DIRECTION('center_axis',(1.23144506563433E-16,0.707106781186548,0.707106781186548));
#8942=DIRECTION('ref_axis',(1.,0.,-1.7415263131375E-16));
#8943=DIRECTION('',(-1.,0.,1.7415263131375E-16));
#8944=DIRECTION('',(-0.577350269189626,-0.577350269189626,0.577350269189626));
#8945=DIRECTION('',(1.,0.,-1.7415263131375E-16));
#8946=DIRECTION('center_axis',(-0.707106781186548,0.707106781186548,0.));
#8947=DIRECTION('ref_axis',(0.,0.,1.));
#8948=DIRECTION('',(-3.483052626275E-16,0.,-1.));
#8949=DIRECTION('',(0.,0.,-1.));
#8950=DIRECTION('center_axis',(0.,1.,0.));
#8951=DIRECTION('ref_axis',(0.,0.,1.));
#8952=DIRECTION('center_axis',(0.,1.,0.));
#8953=DIRECTION('ref_axis',(1.,0.,0.));
#8954=DIRECTION('center_axis',(0.,1.,0.));
#8955=DIRECTION('ref_axis',(1.,0.,0.));
#8956=DIRECTION('',(0.,1.,0.));
#8957=DIRECTION('center_axis',(0.,1.,0.));
#8958=DIRECTION('ref_axis',(1.,0.,0.));
#8959=DIRECTION('center_axis',(0.,1.,0.));
#8960=DIRECTION('ref_axis',(0.,0.,1.));
#8961=DIRECTION('center_axis',(9.85156052507467E-16,0.707106781186547,-0.707106781186548));
#8962=DIRECTION('ref_axis',(-1.,0.,-1.39322105051E-15));
#8963=DIRECTION('',(1.,0.,1.39322105051E-15));
#8964=DIRECTION('',(0.577350269189625,-0.577350269189627,-0.577350269189626));
#8965=DIRECTION('',(-0.577350269189626,-0.577350269189626,-0.577350269189626));
#8966=DIRECTION('center_axis',(0.707106781186549,0.707106781186546,-2.46289013126867E-16));
#8967=DIRECTION('ref_axis',(-3.483052626275E-16,0.,-1.));
#8968=DIRECTION('',(3.483052626275E-16,0.,1.));
#8969=DIRECTION('',(0.577350269189626,-0.577350269189626,0.577350269189626));
#8970=DIRECTION('center_axis',(1.23144506563433E-16,0.707106781186548,0.707106781186548));
#8971=DIRECTION('ref_axis',(1.,0.,-1.7415263131375E-16));
#8972=DIRECTION('',(-1.,0.,1.7415263131375E-16));
#8973=DIRECTION('',(-0.577350269189626,-0.577350269189626,0.577350269189626));
#8974=DIRECTION('',(1.,0.,-1.7415263131375E-16));
#8975=DIRECTION('center_axis',(-0.707106781186548,0.707106781186548,0.));
#8976=DIRECTION('ref_axis',(0.,0.,1.));
#8977=DIRECTION('',(-3.483052626275E-16,0.,-1.));
#8978=DIRECTION('',(0.,0.,-1.));
#8979=DIRECTION('center_axis',(0.,1.,0.));
#8980=DIRECTION('ref_axis',(0.,0.,1.));
#8981=DIRECTION('center_axis',(0.,1.,0.));
#8982=DIRECTION('ref_axis',(1.,0.,0.));
#8983=DIRECTION('center_axis',(0.,1.,0.));
#8984=DIRECTION('ref_axis',(1.,0.,0.));
#8985=DIRECTION('',(0.,1.,0.));
#8986=DIRECTION('center_axis',(0.,1.,0.));
#8987=DIRECTION('ref_axis',(1.,0.,0.));
#8988=DIRECTION('center_axis',(0.,1.,0.));
#8989=DIRECTION('ref_axis',(0.,0.,1.));
#8990=DIRECTION('center_axis',(9.85156052507467E-16,0.707106781186547,-0.707106781186548));
#8991=DIRECTION('ref_axis',(-1.,0.,-1.39322105051E-15));
#8992=DIRECTION('',(1.,0.,1.39322105051E-15));
#8993=DIRECTION('',(0.577350269189625,-0.577350269189627,-0.577350269189626));
#8994=DIRECTION('',(-0.577350269189626,-0.577350269189626,-0.577350269189626));
#8995=DIRECTION('center_axis',(0.707106781186549,0.707106781186546,-2.46289013126867E-16));
#8996=DIRECTION('ref_axis',(-3.483052626275E-16,0.,-1.));
#8997=DIRECTION('',(3.483052626275E-16,0.,1.));
#8998=DIRECTION('',(0.577350269189626,-0.577350269189626,0.577350269189626));
#8999=DIRECTION('center_axis',(1.23144506563433E-16,0.707106781186548,0.707106781186548));
#9000=DIRECTION('ref_axis',(1.,0.,-1.7415263131375E-16));
#9001=DIRECTION('',(-1.,0.,1.7415263131375E-16));
#9002=DIRECTION('',(-0.577350269189626,-0.577350269189626,0.577350269189626));
#9003=DIRECTION('',(1.,0.,-1.7415263131375E-16));
#9004=DIRECTION('center_axis',(-0.707106781186548,0.707106781186548,0.));
#9005=DIRECTION('ref_axis',(0.,0.,1.));
#9006=DIRECTION('',(-3.483052626275E-16,0.,-1.));
#9007=DIRECTION('',(0.,0.,-1.));
#9008=DIRECTION('center_axis',(0.,1.,0.));
#9009=DIRECTION('ref_axis',(0.,0.,1.));
#9010=DIRECTION('center_axis',(0.,1.,0.));
#9011=DIRECTION('ref_axis',(1.,0.,0.));
#9012=DIRECTION('center_axis',(0.,1.,0.));
#9013=DIRECTION('ref_axis',(1.,0.,0.));
#9014=DIRECTION('',(0.,1.,0.));
#9015=DIRECTION('center_axis',(0.,1.,0.));
#9016=DIRECTION('ref_axis',(1.,0.,0.));
#9017=DIRECTION('center_axis',(0.,1.,0.));
#9018=DIRECTION('ref_axis',(0.,0.,1.));
#9019=DIRECTION('center_axis',(9.85156052507467E-16,0.707106781186547,-0.707106781186548));
#9020=DIRECTION('ref_axis',(-1.,0.,-1.39322105051E-15));
#9021=DIRECTION('',(1.,0.,1.39322105051E-15));
#9022=DIRECTION('',(0.577350269189625,-0.577350269189627,-0.577350269189626));
#9023=DIRECTION('',(-0.577350269189626,-0.577350269189626,-0.577350269189626));
#9024=DIRECTION('center_axis',(0.707106781186549,0.707106781186546,-2.46289013126867E-16));
#9025=DIRECTION('ref_axis',(-3.483052626275E-16,0.,-1.));
#9026=DIRECTION('',(3.483052626275E-16,0.,1.));
#9027=DIRECTION('',(0.577350269189626,-0.577350269189626,0.577350269189626));
#9028=DIRECTION('center_axis',(1.23144506563433E-16,0.707106781186548,0.707106781186548));
#9029=DIRECTION('ref_axis',(1.,0.,-1.7415263131375E-16));
#9030=DIRECTION('',(-1.,0.,1.7415263131375E-16));
#9031=DIRECTION('',(-0.577350269189626,-0.577350269189626,0.577350269189626));
#9032=DIRECTION('',(1.,0.,-1.7415263131375E-16));
#9033=DIRECTION('center_axis',(-0.707106781186548,0.707106781186548,0.));
#9034=DIRECTION('ref_axis',(0.,0.,1.));
#9035=DIRECTION('',(-3.483052626275E-16,0.,-1.));
#9036=DIRECTION('',(0.,0.,-1.));
#9037=DIRECTION('center_axis',(0.,1.,0.));
#9038=DIRECTION('ref_axis',(0.,0.,1.));
#9039=DIRECTION('center_axis',(0.,1.,0.));
#9040=DIRECTION('ref_axis',(1.,0.,0.));
#9041=DIRECTION('center_axis',(0.,1.,0.));
#9042=DIRECTION('ref_axis',(1.,0.,0.));
#9043=DIRECTION('',(0.,1.,0.));
#9044=DIRECTION('center_axis',(0.,1.,0.));
#9045=DIRECTION('ref_axis',(1.,0.,0.));
#9046=DIRECTION('center_axis',(0.,1.,0.));
#9047=DIRECTION('ref_axis',(0.,0.,1.));
#9048=DIRECTION('center_axis',(9.85156052507467E-16,0.707106781186547,-0.707106781186548));
#9049=DIRECTION('ref_axis',(-1.,0.,-1.39322105051E-15));
#9050=DIRECTION('',(1.,0.,1.39322105051E-15));
#9051=DIRECTION('',(0.577350269189625,-0.577350269189627,-0.577350269189626));
#9052=DIRECTION('',(-0.577350269189626,-0.577350269189626,-0.577350269189626));
#9053=DIRECTION('center_axis',(0.707106781186549,0.707106781186546,-2.46289013126867E-16));
#9054=DIRECTION('ref_axis',(-3.483052626275E-16,0.,-1.));
#9055=DIRECTION('',(3.483052626275E-16,0.,1.));
#9056=DIRECTION('',(0.577350269189626,-0.577350269189626,0.577350269189626));
#9057=DIRECTION('center_axis',(1.23144506563433E-16,0.707106781186548,0.707106781186548));
#9058=DIRECTION('ref_axis',(1.,0.,-1.7415263131375E-16));
#9059=DIRECTION('',(-1.,0.,1.7415263131375E-16));
#9060=DIRECTION('',(-0.577350269189626,-0.577350269189626,0.577350269189626));
#9061=DIRECTION('',(1.,0.,-1.7415263131375E-16));
#9062=DIRECTION('center_axis',(-0.707106781186548,0.707106781186548,0.));
#9063=DIRECTION('ref_axis',(0.,0.,1.));
#9064=DIRECTION('',(-3.483052626275E-16,0.,-1.));
#9065=DIRECTION('',(0.,0.,-1.));
#9066=DIRECTION('center_axis',(0.,1.,0.));
#9067=DIRECTION('ref_axis',(0.,0.,1.));
#9068=DIRECTION('center_axis',(0.,1.,0.));
#9069=DIRECTION('ref_axis',(1.,0.,0.));
#9070=DIRECTION('center_axis',(0.,1.,0.));
#9071=DIRECTION('ref_axis',(1.,0.,0.));
#9072=DIRECTION('',(0.,1.,0.));
#9073=DIRECTION('center_axis',(0.,1.,0.));
#9074=DIRECTION('ref_axis',(1.,0.,0.));
#9075=DIRECTION('center_axis',(0.,1.,0.));
#9076=DIRECTION('ref_axis',(0.,0.,1.));
#9077=DIRECTION('center_axis',(9.85156052507467E-16,0.707106781186547,-0.707106781186548));
#9078=DIRECTION('ref_axis',(-1.,0.,-1.39322105051E-15));
#9079=DIRECTION('',(1.,0.,1.39322105051E-15));
#9080=DIRECTION('',(0.577350269189625,-0.577350269189627,-0.577350269189626));
#9081=DIRECTION('',(-0.577350269189626,-0.577350269189626,-0.577350269189626));
#9082=DIRECTION('center_axis',(0.707106781186549,0.707106781186546,-2.46289013126867E-16));
#9083=DIRECTION('ref_axis',(-3.483052626275E-16,0.,-1.));
#9084=DIRECTION('',(3.483052626275E-16,0.,1.));
#9085=DIRECTION('',(0.577350269189626,-0.577350269189626,0.577350269189626));
#9086=DIRECTION('center_axis',(1.23144506563433E-16,0.707106781186548,0.707106781186548));
#9087=DIRECTION('ref_axis',(1.,0.,-1.7415263131375E-16));
#9088=DIRECTION('',(-1.,0.,1.7415263131375E-16));
#9089=DIRECTION('',(-0.577350269189626,-0.577350269189626,0.577350269189626));
#9090=DIRECTION('',(1.,0.,-1.7415263131375E-16));
#9091=DIRECTION('center_axis',(-0.707106781186548,0.707106781186548,0.));
#9092=DIRECTION('ref_axis',(0.,0.,1.));
#9093=DIRECTION('',(-3.483052626275E-16,0.,-1.));
#9094=DIRECTION('',(0.,0.,-1.));
#9095=DIRECTION('center_axis',(0.,1.,0.));
#9096=DIRECTION('ref_axis',(0.,0.,1.));
#9097=DIRECTION('center_axis',(0.,1.,0.));
#9098=DIRECTION('ref_axis',(1.,0.,0.));
#9099=DIRECTION('center_axis',(0.,1.,0.));
#9100=DIRECTION('ref_axis',(1.,0.,0.));
#9101=DIRECTION('',(0.,1.,0.));
#9102=DIRECTION('center_axis',(0.,1.,0.));
#9103=DIRECTION('ref_axis',(1.,0.,0.));
#9104=DIRECTION('center_axis',(0.,1.,0.));
#9105=DIRECTION('ref_axis',(0.,0.,1.));
#9106=DIRECTION('center_axis',(9.85156052507467E-16,0.707106781186547,-0.707106781186548));
#9107=DIRECTION('ref_axis',(-1.,0.,-1.39322105051E-15));
#9108=DIRECTION('',(1.,0.,1.39322105051E-15));
#9109=DIRECTION('',(0.577350269189625,-0.577350269189627,-0.577350269189626));
#9110=DIRECTION('',(-0.577350269189626,-0.577350269189626,-0.577350269189626));
#9111=DIRECTION('center_axis',(0.707106781186549,0.707106781186546,-2.46289013126867E-16));
#9112=DIRECTION('ref_axis',(-3.483052626275E-16,0.,-1.));
#9113=DIRECTION('',(3.483052626275E-16,0.,1.));
#9114=DIRECTION('',(0.577350269189626,-0.577350269189626,0.577350269189626));
#9115=DIRECTION('center_axis',(1.23144506563433E-16,0.707106781186548,0.707106781186548));
#9116=DIRECTION('ref_axis',(1.,0.,-1.7415263131375E-16));
#9117=DIRECTION('',(-1.,0.,1.7415263131375E-16));
#9118=DIRECTION('',(-0.577350269189626,-0.577350269189626,0.577350269189626));
#9119=DIRECTION('',(1.,0.,-1.7415263131375E-16));
#9120=DIRECTION('center_axis',(-0.707106781186548,0.707106781186548,0.));
#9121=DIRECTION('ref_axis',(0.,0.,1.));
#9122=DIRECTION('',(0.,0.,1.));
#9123=DIRECTION('',(0.,0.,-1.));
#9124=DIRECTION('center_axis',(-1.,0.,0.));
#9125=DIRECTION('ref_axis',(0.,0.,1.));
#9126=DIRECTION('',(0.,0.,1.));
#9127=DIRECTION('',(0.,1.,0.));
#9128=DIRECTION('center_axis',(0.,1.,0.));
#9129=DIRECTION('ref_axis',(0.,0.,1.));
#9130=DIRECTION('center_axis',(1.7415263131375E-16,0.,1.));
#9131=DIRECTION('ref_axis',(1.,0.,-1.7415263131375E-16));
#9132=DIRECTION('',(1.,0.,-1.7415263131375E-16));
#9133=DIRECTION('center_axis',(0.,1.,0.));
#9134=DIRECTION('ref_axis',(0.,0.,1.));
#9135=CARTESIAN_POINT('',(0.,0.,0.));
#9136=CARTESIAN_POINT('Origin',(7.52952755905512,0.,-7.52952755905512));
#9137=CARTESIAN_POINT('',(7.41141732283464,0.,-7.52952755905512));
#9138=CARTESIAN_POINT('Origin',(7.52952755905512,0.,-7.52952755905512));
#9139=CARTESIAN_POINT('',(7.41141732283464,0.0984251968503937,-7.52952755905512));
#9140=CARTESIAN_POINT('',(7.41141732283464,0.,-7.52952755905512));
#9141=CARTESIAN_POINT('Origin',(7.52952755905512,0.0984251968503937,-7.52952755905512));
#9142=CARTESIAN_POINT('Origin',(7.52952755905512,0.0984251968503937,-7.52952755905512));
#9143=CARTESIAN_POINT('Origin',(7.78051181102362,0.0807086614173228,-8.00196850393701));
#9144=CARTESIAN_POINT('',(7.08661417322835,0.110236220472441,-7.97244094488189));
#9145=CARTESIAN_POINT('',(7.97244094488189,0.110236220472441,-7.97244094488189));
#9146=CARTESIAN_POINT('',(7.78051181102362,0.110236220472441,-7.97244094488189));
#9147=CARTESIAN_POINT('',(8.03149606299213,0.0511811023622047,-8.03149606299213));
#9148=CARTESIAN_POINT('',(7.97244094488189,0.110236220472441,-7.97244094488189));
#9149=CARTESIAN_POINT('',(7.02755905511811,0.0511811023622047,-8.03149606299213));
#9150=CARTESIAN_POINT('',(7.78051181102362,0.0511811023622047,-8.03149606299213));
#9151=CARTESIAN_POINT('',(7.08661417322835,0.110236220472441,-7.97244094488189));
#9152=CARTESIAN_POINT('Origin',(8.00196850393701,0.0807086614173228,-7.27854330708662));
#9153=CARTESIAN_POINT('',(7.97244094488189,0.110236220472441,-7.08661417322835));
#9154=CARTESIAN_POINT('',(7.97244094488189,0.110236220472441,-7.27854330708662));
#9155=CARTESIAN_POINT('',(8.03149606299213,0.0511811023622047,-7.02755905511811));
#9156=CARTESIAN_POINT('',(7.97244094488189,0.110236220472441,-7.08661417322835));
#9157=CARTESIAN_POINT('',(8.03149606299213,0.0511811023622047,-7.27854330708662));
#9158=CARTESIAN_POINT('Origin',(7.27854330708661,0.0807086614173228,-7.05708661417323));
#9159=CARTESIAN_POINT('',(7.08661417322835,0.110236220472441,-7.08661417322835));
#9160=CARTESIAN_POINT('',(7.27854330708661,0.110236220472441,-7.08661417322835));
#9161=CARTESIAN_POINT('',(7.02755905511811,0.0511811023622047,-7.02755905511811));
#9162=CARTESIAN_POINT('',(7.08661417322835,0.110236220472441,-7.08661417322835));
#9163=CARTESIAN_POINT('',(7.78051181102362,0.0511811023622047,-7.02755905511811));
#9164=CARTESIAN_POINT('Origin',(7.05708661417323,0.0807086614173228,-7.78051181102362));
#9165=CARTESIAN_POINT('',(7.02755905511811,0.0511811023622047,-7.27854330708662));
#9166=CARTESIAN_POINT('',(7.08661417322835,0.110236220472441,-7.78051181102362));
#9167=CARTESIAN_POINT('Origin',(7.52952755905512,0.110236220472441,-7.52952755905512));
#9168=CARTESIAN_POINT('Origin',(6.5255905511811,0.,-7.52952755905512));
#9169=CARTESIAN_POINT('',(6.40748031496063,0.,-7.52952755905512));
#9170=CARTESIAN_POINT('Origin',(6.5255905511811,0.,-7.52952755905512));
#9171=CARTESIAN_POINT('',(6.40748031496063,0.0984251968503937,-7.52952755905512));
#9172=CARTESIAN_POINT('',(6.40748031496063,0.,-7.52952755905512));
#9173=CARTESIAN_POINT('Origin',(6.5255905511811,0.0984251968503937,-7.52952755905512));
#9174=CARTESIAN_POINT('Origin',(6.5255905511811,0.0984251968503937,-7.52952755905512));
#9175=CARTESIAN_POINT('Origin',(6.77657480314961,0.0807086614173228,-8.00196850393701));
#9176=CARTESIAN_POINT('',(6.08267716535433,0.110236220472441,-7.97244094488189));
#9177=CARTESIAN_POINT('',(6.96850393700787,0.110236220472441,-7.97244094488189));
#9178=CARTESIAN_POINT('',(6.77657480314961,0.110236220472441,-7.97244094488189));
#9179=CARTESIAN_POINT('',(6.96850393700787,0.110236220472441,-7.97244094488189));
#9180=CARTESIAN_POINT('',(6.02362204724409,0.0511811023622047,-8.03149606299213));
#9181=CARTESIAN_POINT('',(6.77657480314961,0.0511811023622047,-8.03149606299213));
#9182=CARTESIAN_POINT('',(6.08267716535433,0.110236220472441,-7.97244094488189));
#9183=CARTESIAN_POINT('Origin',(6.99803149606299,0.0807086614173228,-7.27854330708662));
#9184=CARTESIAN_POINT('',(6.96850393700787,0.110236220472441,-7.08661417322835));
#9185=CARTESIAN_POINT('',(6.96850393700787,0.110236220472441,-7.27854330708662));
#9186=CARTESIAN_POINT('',(6.96850393700787,0.110236220472441,-7.08661417322835));
#9187=CARTESIAN_POINT('Origin',(6.2746062992126,0.0807086614173228,-7.05708661417323));
#9188=CARTESIAN_POINT('',(6.08267716535433,0.110236220472441,-7.08661417322835));
#9189=CARTESIAN_POINT('',(6.2746062992126,0.110236220472441,-7.08661417322835));
#9190=CARTESIAN_POINT('',(6.02362204724409,0.0511811023622047,-7.02755905511811));
#9191=CARTESIAN_POINT('',(6.08267716535433,0.110236220472441,-7.08661417322835));
#9192=CARTESIAN_POINT('',(6.77657480314961,0.0511811023622047,-7.02755905511811));
#9193=CARTESIAN_POINT('Origin',(6.05314960629921,0.0807086614173228,-7.78051181102362));
#9194=CARTESIAN_POINT('',(6.02362204724409,0.0511811023622047,-7.27854330708662));
#9195=CARTESIAN_POINT('',(6.08267716535433,0.110236220472441,-7.78051181102362));
#9196=CARTESIAN_POINT('Origin',(6.5255905511811,0.110236220472441,-7.52952755905512));
#9197=CARTESIAN_POINT('Origin',(5.52165354330709,0.,-7.52952755905512));
#9198=CARTESIAN_POINT('',(5.40354330708661,0.,-7.52952755905512));
#9199=CARTESIAN_POINT('Origin',(5.52165354330709,0.,-7.52952755905512));
#9200=CARTESIAN_POINT('',(5.40354330708661,0.0984251968503937,-7.52952755905512));
#9201=CARTESIAN_POINT('',(5.40354330708661,0.,-7.52952755905512));
#9202=CARTESIAN_POINT('Origin',(5.52165354330709,0.0984251968503937,-7.52952755905512));
#9203=CARTESIAN_POINT('Origin',(5.52165354330709,0.0984251968503937,-7.52952755905512));
#9204=CARTESIAN_POINT('Origin',(5.77263779527559,0.0807086614173228,-8.00196850393701));
#9205=CARTESIAN_POINT('',(5.07874015748032,0.110236220472441,-7.97244094488189));
#9206=CARTESIAN_POINT('',(5.96456692913386,0.110236220472441,-7.97244094488189));
#9207=CARTESIAN_POINT('',(5.77263779527559,0.110236220472441,-7.97244094488189));
#9208=CARTESIAN_POINT('',(5.96456692913386,0.110236220472441,-7.97244094488189));
#9209=CARTESIAN_POINT('',(5.01968503937008,0.0511811023622047,-8.03149606299213));
#9210=CARTESIAN_POINT('',(5.77263779527559,0.0511811023622047,-8.03149606299213));
#9211=CARTESIAN_POINT('',(5.07874015748032,0.110236220472441,-7.97244094488189));
#9212=CARTESIAN_POINT('Origin',(5.99409448818898,0.0807086614173228,-7.27854330708662));
#9213=CARTESIAN_POINT('',(5.96456692913386,0.110236220472441,-7.08661417322835));
#9214=CARTESIAN_POINT('',(5.96456692913386,0.110236220472441,-7.27854330708662));
#9215=CARTESIAN_POINT('',(5.96456692913386,0.110236220472441,-7.08661417322835));
#9216=CARTESIAN_POINT('Origin',(5.27066929133858,0.0807086614173228,-7.05708661417323));
#9217=CARTESIAN_POINT('',(5.07874015748032,0.110236220472441,-7.08661417322835));
#9218=CARTESIAN_POINT('',(5.27066929133858,0.110236220472441,-7.08661417322835));
#9219=CARTESIAN_POINT('',(5.01968503937008,0.0511811023622047,-7.02755905511811));
#9220=CARTESIAN_POINT('',(5.07874015748032,0.110236220472441,-7.08661417322835));
#9221=CARTESIAN_POINT('',(5.77263779527559,0.0511811023622047,-7.02755905511811));
#9222=CARTESIAN_POINT('Origin',(5.0492125984252,0.0807086614173228,-7.78051181102362));
#9223=CARTESIAN_POINT('',(5.01968503937008,0.0511811023622047,-7.27854330708662));
#9224=CARTESIAN_POINT('',(5.07874015748032,0.110236220472441,-7.78051181102362));
#9225=CARTESIAN_POINT('Origin',(5.52165354330709,0.110236220472441,-7.52952755905512));
#9226=CARTESIAN_POINT('Origin',(4.51771653543307,0.,-7.52952755905512));
#9227=CARTESIAN_POINT('',(4.3996062992126,0.,-7.52952755905512));
#9228=CARTESIAN_POINT('Origin',(4.51771653543307,0.,-7.52952755905512));
#9229=CARTESIAN_POINT('',(4.3996062992126,0.0984251968503937,-7.52952755905512));
#9230=CARTESIAN_POINT('',(4.3996062992126,0.,-7.52952755905512));
#9231=CARTESIAN_POINT('Origin',(4.51771653543307,0.0984251968503937,-7.52952755905512));
#9232=CARTESIAN_POINT('Origin',(4.51771653543307,0.0984251968503937,-7.52952755905512));
#9233=CARTESIAN_POINT('Origin',(4.76870078740157,0.0807086614173228,-8.00196850393701));
#9234=CARTESIAN_POINT('',(4.0748031496063,0.110236220472441,-7.97244094488189));
#9235=CARTESIAN_POINT('',(4.96062992125984,0.110236220472441,-7.97244094488189));
#9236=CARTESIAN_POINT('',(4.76870078740157,0.110236220472441,-7.97244094488189));
#9237=CARTESIAN_POINT('',(4.96062992125984,0.110236220472441,-7.97244094488189));
#9238=CARTESIAN_POINT('',(4.01574803149606,0.0511811023622047,-8.03149606299213));
#9239=CARTESIAN_POINT('',(4.76870078740157,0.0511811023622047,-8.03149606299213));
#9240=CARTESIAN_POINT('',(4.0748031496063,0.110236220472441,-7.97244094488189));
#9241=CARTESIAN_POINT('Origin',(4.99015748031496,0.0807086614173228,-7.27854330708662));
#9242=CARTESIAN_POINT('',(4.96062992125984,0.110236220472441,-7.08661417322835));
#9243=CARTESIAN_POINT('',(4.96062992125984,0.110236220472441,-7.27854330708662));
#9244=CARTESIAN_POINT('',(4.96062992125984,0.110236220472441,-7.08661417322835));
#9245=CARTESIAN_POINT('Origin',(4.26673228346457,0.0807086614173228,-7.05708661417323));
#9246=CARTESIAN_POINT('',(4.0748031496063,0.110236220472441,-7.08661417322835));
#9247=CARTESIAN_POINT('',(4.26673228346457,0.110236220472441,-7.08661417322835));
#9248=CARTESIAN_POINT('',(4.01574803149606,0.0511811023622047,-7.02755905511811));
#9249=CARTESIAN_POINT('',(4.0748031496063,0.110236220472441,-7.08661417322835));
#9250=CARTESIAN_POINT('',(4.76870078740157,0.0511811023622047,-7.02755905511811));
#9251=CARTESIAN_POINT('Origin',(4.04527559055118,0.0807086614173228,-7.78051181102362));
#9252=CARTESIAN_POINT('',(4.01574803149606,0.0511811023622047,-7.27854330708662));
#9253=CARTESIAN_POINT('',(4.0748031496063,0.110236220472441,-7.78051181102362));
#9254=CARTESIAN_POINT('Origin',(4.51771653543307,0.110236220472441,-7.52952755905512));
#9255=CARTESIAN_POINT('Origin',(3.51377952755906,0.,-7.52952755905512));
#9256=CARTESIAN_POINT('',(3.39566929133858,0.,-7.52952755905512));
#9257=CARTESIAN_POINT('Origin',(3.51377952755906,0.,-7.52952755905512));
#9258=CARTESIAN_POINT('',(3.39566929133858,0.0984251968503937,-7.52952755905512));
#9259=CARTESIAN_POINT('',(3.39566929133858,0.,-7.52952755905512));
#9260=CARTESIAN_POINT('Origin',(3.51377952755906,0.0984251968503937,-7.52952755905512));
#9261=CARTESIAN_POINT('Origin',(3.51377952755906,0.0984251968503937,-7.52952755905512));
#9262=CARTESIAN_POINT('Origin',(3.76476377952756,0.0807086614173228,-8.00196850393701));
#9263=CARTESIAN_POINT('',(3.07086614173228,0.110236220472441,-7.97244094488189));
#9264=CARTESIAN_POINT('',(3.95669291338583,0.110236220472441,-7.97244094488189));
#9265=CARTESIAN_POINT('',(3.76476377952756,0.110236220472441,-7.97244094488189));
#9266=CARTESIAN_POINT('',(3.95669291338583,0.110236220472441,-7.97244094488189));
#9267=CARTESIAN_POINT('',(3.01181102362205,0.0511811023622047,-8.03149606299213));
#9268=CARTESIAN_POINT('',(3.76476377952756,0.0511811023622047,-8.03149606299213));
#9269=CARTESIAN_POINT('',(3.07086614173228,0.110236220472441,-7.97244094488189));
#9270=CARTESIAN_POINT('Origin',(3.98622047244094,0.0807086614173228,-7.27854330708662));
#9271=CARTESIAN_POINT('',(3.95669291338583,0.110236220472441,-7.08661417322835));
#9272=CARTESIAN_POINT('',(3.95669291338583,0.110236220472441,-7.27854330708662));
#9273=CARTESIAN_POINT('',(3.95669291338583,0.110236220472441,-7.08661417322835));
#9274=CARTESIAN_POINT('Origin',(3.26279527559055,0.0807086614173228,-7.05708661417323));
#9275=CARTESIAN_POINT('',(3.07086614173228,0.110236220472441,-7.08661417322835));
#9276=CARTESIAN_POINT('',(3.26279527559055,0.110236220472441,-7.08661417322835));
#9277=CARTESIAN_POINT('',(3.01181102362205,0.0511811023622047,-7.02755905511811));
#9278=CARTESIAN_POINT('',(3.07086614173228,0.110236220472441,-7.08661417322835));
#9279=CARTESIAN_POINT('',(3.76476377952756,0.0511811023622047,-7.02755905511811));
#9280=CARTESIAN_POINT('Origin',(3.04133858267716,0.0807086614173228,-7.78051181102362));
#9281=CARTESIAN_POINT('',(3.01181102362205,0.0511811023622047,-7.27854330708662));
#9282=CARTESIAN_POINT('',(3.07086614173228,0.110236220472441,-7.78051181102362));
#9283=CARTESIAN_POINT('Origin',(3.51377952755906,0.110236220472441,-7.52952755905512));
#9284=CARTESIAN_POINT('Origin',(2.50984251968504,0.,-7.52952755905512));
#9285=CARTESIAN_POINT('',(2.39173228346457,0.,-7.52952755905512));
#9286=CARTESIAN_POINT('Origin',(2.50984251968504,0.,-7.52952755905512));
#9287=CARTESIAN_POINT('',(2.39173228346457,0.0984251968503937,-7.52952755905512));
#9288=CARTESIAN_POINT('',(2.39173228346457,0.,-7.52952755905512));
#9289=CARTESIAN_POINT('Origin',(2.50984251968504,0.0984251968503937,-7.52952755905512));
#9290=CARTESIAN_POINT('Origin',(2.50984251968504,0.0984251968503937,-7.52952755905512));
#9291=CARTESIAN_POINT('Origin',(2.76082677165354,0.0807086614173228,-8.00196850393701));
#9292=CARTESIAN_POINT('',(2.06692913385827,0.110236220472441,-7.97244094488189));
#9293=CARTESIAN_POINT('',(2.95275590551181,0.110236220472441,-7.97244094488189));
#9294=CARTESIAN_POINT('',(2.76082677165354,0.110236220472441,-7.97244094488189));
#9295=CARTESIAN_POINT('',(2.95275590551181,0.110236220472441,-7.97244094488189));
#9296=CARTESIAN_POINT('',(2.00787401574803,0.0511811023622047,-8.03149606299213));
#9297=CARTESIAN_POINT('',(2.76082677165354,0.0511811023622047,-8.03149606299213));
#9298=CARTESIAN_POINT('',(2.06692913385827,0.110236220472441,-7.97244094488189));
#9299=CARTESIAN_POINT('Origin',(2.98228346456693,0.0807086614173228,-7.27854330708662));
#9300=CARTESIAN_POINT('',(2.95275590551181,0.110236220472441,-7.08661417322835));
#9301=CARTESIAN_POINT('',(2.95275590551181,0.110236220472441,-7.27854330708662));
#9302=CARTESIAN_POINT('',(2.95275590551181,0.110236220472441,-7.08661417322835));
#9303=CARTESIAN_POINT('Origin',(2.25885826771654,0.0807086614173228,-7.05708661417323));
#9304=CARTESIAN_POINT('',(2.06692913385827,0.110236220472441,-7.08661417322835));
#9305=CARTESIAN_POINT('',(2.25885826771654,0.110236220472441,-7.08661417322835));
#9306=CARTESIAN_POINT('',(2.00787401574803,0.0511811023622047,-7.02755905511811));
#9307=CARTESIAN_POINT('',(2.06692913385827,0.110236220472441,-7.08661417322835));
#9308=CARTESIAN_POINT('',(2.76082677165354,0.0511811023622047,-7.02755905511811));
#9309=CARTESIAN_POINT('Origin',(2.03740157480315,0.0807086614173228,-7.78051181102362));
#9310=CARTESIAN_POINT('',(2.00787401574803,0.0511811023622047,-7.27854330708662));
#9311=CARTESIAN_POINT('',(2.06692913385827,0.110236220472441,-7.78051181102362));
#9312=CARTESIAN_POINT('Origin',(2.50984251968504,0.110236220472441,-7.52952755905512));
#9313=CARTESIAN_POINT('Origin',(1.50590551181102,0.,-7.52952755905512));
#9314=CARTESIAN_POINT('',(1.38779527559055,0.,-7.52952755905512));
#9315=CARTESIAN_POINT('Origin',(1.50590551181102,0.,-7.52952755905512));
#9316=CARTESIAN_POINT('',(1.38779527559055,0.0984251968503937,-7.52952755905512));
#9317=CARTESIAN_POINT('',(1.38779527559055,0.,-7.52952755905512));
#9318=CARTESIAN_POINT('Origin',(1.50590551181102,0.0984251968503937,-7.52952755905512));
#9319=CARTESIAN_POINT('Origin',(1.50590551181102,0.0984251968503937,-7.52952755905512));
#9320=CARTESIAN_POINT('Origin',(1.75688976377953,0.0807086614173228,-8.00196850393701));
#9321=CARTESIAN_POINT('',(1.06299212598425,0.110236220472441,-7.97244094488189));
#9322=CARTESIAN_POINT('',(1.9488188976378,0.110236220472441,-7.97244094488189));
#9323=CARTESIAN_POINT('',(1.75688976377953,0.110236220472441,-7.97244094488189));
#9324=CARTESIAN_POINT('',(1.9488188976378,0.110236220472441,-7.97244094488189));
#9325=CARTESIAN_POINT('',(1.00393700787402,0.0511811023622047,-8.03149606299213));
#9326=CARTESIAN_POINT('',(1.75688976377953,0.0511811023622047,-8.03149606299213));
#9327=CARTESIAN_POINT('',(1.06299212598425,0.110236220472441,-7.97244094488189));
#9328=CARTESIAN_POINT('Origin',(1.97834645669291,0.0807086614173228,-7.27854330708662));
#9329=CARTESIAN_POINT('',(1.9488188976378,0.110236220472441,-7.08661417322835));
#9330=CARTESIAN_POINT('',(1.9488188976378,0.110236220472441,-7.27854330708662));
#9331=CARTESIAN_POINT('',(1.9488188976378,0.110236220472441,-7.08661417322835));
#9332=CARTESIAN_POINT('Origin',(1.25492125984252,0.0807086614173228,-7.05708661417323));
#9333=CARTESIAN_POINT('',(1.06299212598425,0.110236220472441,-7.08661417322835));
#9334=CARTESIAN_POINT('',(1.25492125984252,0.110236220472441,-7.08661417322835));
#9335=CARTESIAN_POINT('',(1.00393700787402,0.0511811023622047,-7.02755905511811));
#9336=CARTESIAN_POINT('',(1.06299212598425,0.110236220472441,-7.08661417322835));
#9337=CARTESIAN_POINT('',(1.75688976377953,0.0511811023622047,-7.02755905511811));
#9338=CARTESIAN_POINT('Origin',(1.03346456692913,0.0807086614173228,-7.78051181102362));
#9339=CARTESIAN_POINT('',(1.00393700787402,0.0511811023622047,-7.27854330708662));
#9340=CARTESIAN_POINT('',(1.06299212598425,0.110236220472441,-7.78051181102362));
#9341=CARTESIAN_POINT('Origin',(1.50590551181102,0.110236220472441,-7.52952755905512));
#9342=CARTESIAN_POINT('Origin',(0.501968503937008,0.,-7.52952755905512));
#9343=CARTESIAN_POINT('',(0.383858267716535,0.,-7.52952755905512));
#9344=CARTESIAN_POINT('Origin',(0.501968503937008,0.,-7.52952755905512));
#9345=CARTESIAN_POINT('',(0.383858267716535,0.0984251968503937,-7.52952755905512));
#9346=CARTESIAN_POINT('',(0.383858267716535,0.,-7.52952755905512));
#9347=CARTESIAN_POINT('Origin',(0.501968503937008,0.0984251968503937,-7.52952755905512));
#9348=CARTESIAN_POINT('Origin',(0.501968503937008,0.0984251968503937,-7.52952755905512));
#9349=CARTESIAN_POINT('Origin',(0.752952755905512,0.0807086614173228,-8.00196850393701));
#9350=CARTESIAN_POINT('',(0.0590551181102362,0.110236220472441,-7.97244094488189));
#9351=CARTESIAN_POINT('',(0.944881889763779,0.110236220472441,-7.97244094488189));
#9352=CARTESIAN_POINT('',(0.752952755905512,0.110236220472441,-7.97244094488189));
#9353=CARTESIAN_POINT('',(0.944881889763779,0.110236220472441,-7.97244094488189));
#9354=CARTESIAN_POINT('',(0.,0.0511811023622047,-8.03149606299213));
#9355=CARTESIAN_POINT('',(0.752952755905512,0.0511811023622047,-8.03149606299213));
#9356=CARTESIAN_POINT('',(0.0590551181102362,0.110236220472441,-7.97244094488189));
#9357=CARTESIAN_POINT('Origin',(0.974409448818898,0.0807086614173228,-7.27854330708662));
#9358=CARTESIAN_POINT('',(0.94488188976378,0.110236220472441,-7.08661417322835));
#9359=CARTESIAN_POINT('',(0.94488188976378,0.110236220472441,-7.27854330708662));
#9360=CARTESIAN_POINT('',(0.94488188976378,0.110236220472441,-7.08661417322835));
#9361=CARTESIAN_POINT('Origin',(0.250984251968504,0.0807086614173228,-7.05708661417323));
#9362=CARTESIAN_POINT('',(0.0590551181102362,0.110236220472441,-7.08661417322835));
#9363=CARTESIAN_POINT('',(0.250984251968504,0.110236220472441,-7.08661417322835));
#9364=CARTESIAN_POINT('',(0.,0.0511811023622047,-7.02755905511811));
#9365=CARTESIAN_POINT('',(0.0590551181102362,0.110236220472441,-7.08661417322835));
#9366=CARTESIAN_POINT('',(0.752952755905512,0.0511811023622047,-7.02755905511811));
#9367=CARTESIAN_POINT('Origin',(0.0295275590551182,0.0807086614173228,-7.78051181102362));
#9368=CARTESIAN_POINT('',(0.,0.0511811023622047,-7.78051181102362));
#9369=CARTESIAN_POINT('',(0.0590551181102362,0.110236220472441,-7.78051181102362));
#9370=CARTESIAN_POINT('Origin',(1.00393700787402,0.,-8.03149606299213));
#9371=CARTESIAN_POINT('',(8.03149606299213,0.,-8.03149606299213));
#9372=CARTESIAN_POINT('',(8.03149606299213,0.,-8.03149606299213));
#9373=CARTESIAN_POINT('',(0.,0.,-8.03149606299213));
#9374=CARTESIAN_POINT('',(8.03149606299213,0.,-8.03149606299213));
#9375=CARTESIAN_POINT('',(0.,0.,-8.03149606299213));
#9376=CARTESIAN_POINT('Origin',(0.501968503937008,0.110236220472441,-7.52952755905512));
#9377=CARTESIAN_POINT('Origin',(7.52952755905512,0.,-6.5255905511811));
#9378=CARTESIAN_POINT('',(7.41141732283464,0.,-6.5255905511811));
#9379=CARTESIAN_POINT('Origin',(7.52952755905512,0.,-6.5255905511811));
#9380=CARTESIAN_POINT('',(7.41141732283464,0.0984251968503937,-6.5255905511811));
#9381=CARTESIAN_POINT('',(7.41141732283464,0.,-6.5255905511811));
#9382=CARTESIAN_POINT('Origin',(7.52952755905512,0.0984251968503937,-6.5255905511811));
#9383=CARTESIAN_POINT('Origin',(7.52952755905512,0.0984251968503937,-6.5255905511811));
#9384=CARTESIAN_POINT('Origin',(7.78051181102362,0.0807086614173228,-6.99803149606299));
#9385=CARTESIAN_POINT('',(7.08661417322835,0.110236220472441,-6.96850393700788));
#9386=CARTESIAN_POINT('',(7.97244094488189,0.110236220472441,-6.96850393700788));
#9387=CARTESIAN_POINT('',(7.78051181102362,0.110236220472441,-6.96850393700788));
#9388=CARTESIAN_POINT('',(7.97244094488189,0.110236220472441,-6.96850393700788));
#9389=CARTESIAN_POINT('',(7.08661417322835,0.110236220472441,-6.96850393700788));
#9390=CARTESIAN_POINT('Origin',(8.00196850393701,0.0807086614173228,-6.2746062992126));
#9391=CARTESIAN_POINT('',(7.97244094488189,0.110236220472441,-6.08267716535433));
#9392=CARTESIAN_POINT('',(7.97244094488189,0.110236220472441,-6.2746062992126));
#9393=CARTESIAN_POINT('',(8.03149606299213,0.0511811023622047,-6.0236220472441));
#9394=CARTESIAN_POINT('',(7.97244094488189,0.110236220472441,-6.08267716535433));
#9395=CARTESIAN_POINT('',(8.03149606299213,0.0511811023622047,-6.2746062992126));
#9396=CARTESIAN_POINT('Origin',(7.27854330708661,0.0807086614173228,-6.05314960629921));
#9397=CARTESIAN_POINT('',(7.08661417322835,0.110236220472441,-6.08267716535433));
#9398=CARTESIAN_POINT('',(7.27854330708661,0.110236220472441,-6.08267716535433));
#9399=CARTESIAN_POINT('',(7.02755905511811,0.0511811023622047,-6.0236220472441));
#9400=CARTESIAN_POINT('',(7.08661417322835,0.110236220472441,-6.08267716535433));
#9401=CARTESIAN_POINT('',(7.78051181102362,0.0511811023622047,-6.0236220472441));
#9402=CARTESIAN_POINT('Origin',(7.05708661417323,0.0807086614173228,-6.77657480314961));
#9403=CARTESIAN_POINT('',(7.02755905511811,0.0511811023622047,-6.2746062992126));
#9404=CARTESIAN_POINT('',(7.08661417322835,0.110236220472441,-6.77657480314961));
#9405=CARTESIAN_POINT('Origin',(7.52952755905512,0.110236220472441,-6.5255905511811));
#9406=CARTESIAN_POINT('Origin',(6.5255905511811,0.,-6.5255905511811));
#9407=CARTESIAN_POINT('',(6.40748031496063,0.,-6.5255905511811));
#9408=CARTESIAN_POINT('Origin',(6.5255905511811,0.,-6.5255905511811));
#9409=CARTESIAN_POINT('',(6.40748031496063,0.0984251968503937,-6.5255905511811));
#9410=CARTESIAN_POINT('',(6.40748031496063,0.,-6.5255905511811));
#9411=CARTESIAN_POINT('Origin',(6.5255905511811,0.0984251968503937,-6.5255905511811));
#9412=CARTESIAN_POINT('Origin',(6.5255905511811,0.0984251968503937,-6.5255905511811));
#9413=CARTESIAN_POINT('Origin',(6.77657480314961,0.0807086614173228,-6.99803149606299));
#9414=CARTESIAN_POINT('',(6.08267716535433,0.110236220472441,-6.96850393700788));
#9415=CARTESIAN_POINT('',(6.96850393700787,0.110236220472441,-6.96850393700788));
#9416=CARTESIAN_POINT('',(6.77657480314961,0.110236220472441,-6.96850393700788));
#9417=CARTESIAN_POINT('',(6.96850393700787,0.110236220472441,-6.96850393700788));
#9418=CARTESIAN_POINT('',(6.08267716535433,0.110236220472441,-6.96850393700788));
#9419=CARTESIAN_POINT('Origin',(6.99803149606299,0.0807086614173228,-6.2746062992126));
#9420=CARTESIAN_POINT('',(6.96850393700787,0.110236220472441,-6.08267716535433));
#9421=CARTESIAN_POINT('',(6.96850393700787,0.110236220472441,-6.2746062992126));
#9422=CARTESIAN_POINT('',(6.96850393700787,0.110236220472441,-6.08267716535433));
#9423=CARTESIAN_POINT('Origin',(6.2746062992126,0.0807086614173228,-6.05314960629921));
#9424=CARTESIAN_POINT('',(6.08267716535433,0.110236220472441,-6.08267716535433));
#9425=CARTESIAN_POINT('',(6.2746062992126,0.110236220472441,-6.08267716535433));
#9426=CARTESIAN_POINT('',(6.02362204724409,0.0511811023622047,-6.0236220472441));
#9427=CARTESIAN_POINT('',(6.08267716535433,0.110236220472441,-6.08267716535433));
#9428=CARTESIAN_POINT('',(6.77657480314961,0.0511811023622047,-6.0236220472441));
#9429=CARTESIAN_POINT('Origin',(6.05314960629921,0.0807086614173228,-6.77657480314961));
#9430=CARTESIAN_POINT('',(6.02362204724409,0.0511811023622047,-6.2746062992126));
#9431=CARTESIAN_POINT('',(6.08267716535433,0.110236220472441,-6.77657480314961));
#9432=CARTESIAN_POINT('Origin',(6.5255905511811,0.110236220472441,-6.5255905511811));
#9433=CARTESIAN_POINT('Origin',(5.52165354330709,0.,-6.5255905511811));
#9434=CARTESIAN_POINT('',(5.40354330708661,0.,-6.5255905511811));
#9435=CARTESIAN_POINT('Origin',(5.52165354330709,0.,-6.5255905511811));
#9436=CARTESIAN_POINT('',(5.40354330708661,0.0984251968503937,-6.5255905511811));
#9437=CARTESIAN_POINT('',(5.40354330708661,0.,-6.5255905511811));
#9438=CARTESIAN_POINT('Origin',(5.52165354330709,0.0984251968503937,-6.5255905511811));
#9439=CARTESIAN_POINT('Origin',(5.52165354330709,0.0984251968503937,-6.5255905511811));
#9440=CARTESIAN_POINT('Origin',(5.77263779527559,0.0807086614173228,-6.99803149606299));
#9441=CARTESIAN_POINT('',(5.07874015748032,0.110236220472441,-6.96850393700788));
#9442=CARTESIAN_POINT('',(5.96456692913386,0.110236220472441,-6.96850393700787));
#9443=CARTESIAN_POINT('',(5.77263779527559,0.110236220472441,-6.96850393700787));
#9444=CARTESIAN_POINT('',(5.96456692913386,0.110236220472441,-6.96850393700787));
#9445=CARTESIAN_POINT('',(5.07874015748032,0.110236220472441,-6.96850393700788));
#9446=CARTESIAN_POINT('Origin',(5.99409448818898,0.0807086614173228,-6.2746062992126));
#9447=CARTESIAN_POINT('',(5.96456692913386,0.110236220472441,-6.08267716535433));
#9448=CARTESIAN_POINT('',(5.96456692913386,0.110236220472441,-6.2746062992126));
#9449=CARTESIAN_POINT('',(5.96456692913386,0.110236220472441,-6.08267716535433));
#9450=CARTESIAN_POINT('Origin',(5.27066929133858,0.0807086614173228,-6.05314960629921));
#9451=CARTESIAN_POINT('',(5.07874015748032,0.110236220472441,-6.08267716535433));
#9452=CARTESIAN_POINT('',(5.27066929133858,0.110236220472441,-6.08267716535433));
#9453=CARTESIAN_POINT('',(5.01968503937008,0.0511811023622047,-6.0236220472441));
#9454=CARTESIAN_POINT('',(5.07874015748032,0.110236220472441,-6.08267716535433));
#9455=CARTESIAN_POINT('',(5.77263779527559,0.0511811023622047,-6.0236220472441));
#9456=CARTESIAN_POINT('Origin',(5.0492125984252,0.0807086614173228,-6.77657480314961));
#9457=CARTESIAN_POINT('',(5.01968503937008,0.0511811023622047,-6.2746062992126));
#9458=CARTESIAN_POINT('',(5.07874015748032,0.110236220472441,-6.77657480314961));
#9459=CARTESIAN_POINT('Origin',(5.52165354330709,0.110236220472441,-6.5255905511811));
#9460=CARTESIAN_POINT('Origin',(4.51771653543307,0.,-6.5255905511811));
#9461=CARTESIAN_POINT('',(4.3996062992126,0.,-6.5255905511811));
#9462=CARTESIAN_POINT('Origin',(4.51771653543307,0.,-6.5255905511811));
#9463=CARTESIAN_POINT('',(4.3996062992126,0.0984251968503937,-6.5255905511811));
#9464=CARTESIAN_POINT('',(4.3996062992126,0.,-6.5255905511811));
#9465=CARTESIAN_POINT('Origin',(4.51771653543307,0.0984251968503937,-6.5255905511811));
#9466=CARTESIAN_POINT('Origin',(4.51771653543307,0.0984251968503937,-6.5255905511811));
#9467=CARTESIAN_POINT('Origin',(4.76870078740157,0.0807086614173228,-6.99803149606299));
#9468=CARTESIAN_POINT('',(4.0748031496063,0.110236220472441,-6.96850393700788));
#9469=CARTESIAN_POINT('',(4.96062992125984,0.110236220472441,-6.96850393700787));
#9470=CARTESIAN_POINT('',(4.76870078740157,0.110236220472441,-6.96850393700787));
#9471=CARTESIAN_POINT('',(4.96062992125984,0.110236220472441,-6.96850393700787));
#9472=CARTESIAN_POINT('',(4.0748031496063,0.110236220472441,-6.96850393700788));
#9473=CARTESIAN_POINT('Origin',(4.99015748031496,0.0807086614173228,-6.2746062992126));
#9474=CARTESIAN_POINT('',(4.96062992125984,0.110236220472441,-6.08267716535433));
#9475=CARTESIAN_POINT('',(4.96062992125984,0.110236220472441,-6.2746062992126));
#9476=CARTESIAN_POINT('',(4.96062992125984,0.110236220472441,-6.08267716535433));
#9477=CARTESIAN_POINT('Origin',(4.26673228346457,0.0807086614173228,-6.05314960629921));
#9478=CARTESIAN_POINT('',(4.0748031496063,0.110236220472441,-6.08267716535433));
#9479=CARTESIAN_POINT('',(4.26673228346457,0.110236220472441,-6.08267716535433));
#9480=CARTESIAN_POINT('',(4.01574803149606,0.0511811023622047,-6.0236220472441));
#9481=CARTESIAN_POINT('',(4.0748031496063,0.110236220472441,-6.08267716535433));
#9482=CARTESIAN_POINT('',(4.76870078740157,0.0511811023622047,-6.0236220472441));
#9483=CARTESIAN_POINT('Origin',(4.04527559055118,0.0807086614173228,-6.77657480314961));
#9484=CARTESIAN_POINT('',(4.01574803149606,0.0511811023622047,-6.2746062992126));
#9485=CARTESIAN_POINT('',(4.0748031496063,0.110236220472441,-6.77657480314961));
#9486=CARTESIAN_POINT('Origin',(4.51771653543307,0.110236220472441,-6.5255905511811));
#9487=CARTESIAN_POINT('Origin',(3.51377952755906,0.,-6.5255905511811));
#9488=CARTESIAN_POINT('',(3.39566929133858,0.,-6.5255905511811));
#9489=CARTESIAN_POINT('Origin',(3.51377952755906,0.,-6.5255905511811));
#9490=CARTESIAN_POINT('',(3.39566929133858,0.0984251968503937,-6.5255905511811));
#9491=CARTESIAN_POINT('',(3.39566929133858,0.,-6.5255905511811));
#9492=CARTESIAN_POINT('Origin',(3.51377952755906,0.0984251968503937,-6.5255905511811));
#9493=CARTESIAN_POINT('Origin',(3.51377952755906,0.0984251968503937,-6.5255905511811));
#9494=CARTESIAN_POINT('Origin',(3.76476377952756,0.0807086614173228,-6.99803149606299));
#9495=CARTESIAN_POINT('',(3.07086614173228,0.110236220472441,-6.96850393700788));
#9496=CARTESIAN_POINT('',(3.95669291338583,0.110236220472441,-6.96850393700787));
#9497=CARTESIAN_POINT('',(3.76476377952756,0.110236220472441,-6.96850393700787));
#9498=CARTESIAN_POINT('',(3.95669291338583,0.110236220472441,-6.96850393700787));
#9499=CARTESIAN_POINT('',(3.07086614173228,0.110236220472441,-6.96850393700788));
#9500=CARTESIAN_POINT('Origin',(3.98622047244094,0.0807086614173228,-6.2746062992126));
#9501=CARTESIAN_POINT('',(3.95669291338583,0.110236220472441,-6.08267716535433));
#9502=CARTESIAN_POINT('',(3.95669291338583,0.110236220472441,-6.2746062992126));
#9503=CARTESIAN_POINT('',(3.95669291338583,0.110236220472441,-6.08267716535433));
#9504=CARTESIAN_POINT('Origin',(3.26279527559055,0.0807086614173228,-6.05314960629921));
#9505=CARTESIAN_POINT('',(3.07086614173228,0.110236220472441,-6.08267716535433));
#9506=CARTESIAN_POINT('',(3.26279527559055,0.110236220472441,-6.08267716535433));
#9507=CARTESIAN_POINT('',(3.01181102362205,0.0511811023622047,-6.0236220472441));
#9508=CARTESIAN_POINT('',(3.07086614173228,0.110236220472441,-6.08267716535433));
#9509=CARTESIAN_POINT('',(3.76476377952756,0.0511811023622047,-6.0236220472441));
#9510=CARTESIAN_POINT('Origin',(3.04133858267716,0.0807086614173228,-6.77657480314961));
#9511=CARTESIAN_POINT('',(3.01181102362205,0.0511811023622047,-6.2746062992126));
#9512=CARTESIAN_POINT('',(3.07086614173228,0.110236220472441,-6.77657480314961));
#9513=CARTESIAN_POINT('Origin',(3.51377952755906,0.110236220472441,-6.5255905511811));
#9514=CARTESIAN_POINT('Origin',(2.50984251968504,0.,-6.5255905511811));
#9515=CARTESIAN_POINT('',(2.39173228346457,0.,-6.5255905511811));
#9516=CARTESIAN_POINT('Origin',(2.50984251968504,0.,-6.5255905511811));
#9517=CARTESIAN_POINT('',(2.39173228346457,0.0984251968503937,-6.5255905511811));
#9518=CARTESIAN_POINT('',(2.39173228346457,0.,-6.5255905511811));
#9519=CARTESIAN_POINT('Origin',(2.50984251968504,0.0984251968503937,-6.5255905511811));
#9520=CARTESIAN_POINT('Origin',(2.50984251968504,0.0984251968503937,-6.5255905511811));
#9521=CARTESIAN_POINT('Origin',(2.76082677165354,0.0807086614173228,-6.99803149606299));
#9522=CARTESIAN_POINT('',(2.06692913385827,0.110236220472441,-6.96850393700788));
#9523=CARTESIAN_POINT('',(2.95275590551181,0.110236220472441,-6.96850393700787));
#9524=CARTESIAN_POINT('',(2.76082677165354,0.110236220472441,-6.96850393700787));
#9525=CARTESIAN_POINT('',(2.95275590551181,0.110236220472441,-6.96850393700787));
#9526=CARTESIAN_POINT('',(2.06692913385827,0.110236220472441,-6.96850393700788));
#9527=CARTESIAN_POINT('Origin',(2.98228346456693,0.0807086614173228,-6.2746062992126));
#9528=CARTESIAN_POINT('',(2.95275590551181,0.110236220472441,-6.08267716535433));
#9529=CARTESIAN_POINT('',(2.95275590551181,0.110236220472441,-6.2746062992126));
#9530=CARTESIAN_POINT('',(2.95275590551181,0.110236220472441,-6.08267716535433));
#9531=CARTESIAN_POINT('Origin',(2.25885826771654,0.0807086614173228,-6.05314960629921));
#9532=CARTESIAN_POINT('',(2.06692913385827,0.110236220472441,-6.08267716535433));
#9533=CARTESIAN_POINT('',(2.25885826771654,0.110236220472441,-6.08267716535433));
#9534=CARTESIAN_POINT('',(2.00787401574803,0.0511811023622047,-6.0236220472441));
#9535=CARTESIAN_POINT('',(2.06692913385827,0.110236220472441,-6.08267716535433));
#9536=CARTESIAN_POINT('',(2.76082677165354,0.0511811023622047,-6.0236220472441));
#9537=CARTESIAN_POINT('Origin',(2.03740157480315,0.0807086614173228,-6.77657480314961));
#9538=CARTESIAN_POINT('',(2.00787401574803,0.0511811023622047,-6.2746062992126));
#9539=CARTESIAN_POINT('',(2.06692913385827,0.110236220472441,-6.77657480314961));
#9540=CARTESIAN_POINT('Origin',(2.50984251968504,0.110236220472441,-6.5255905511811));
#9541=CARTESIAN_POINT('Origin',(1.50590551181102,0.,-6.5255905511811));
#9542=CARTESIAN_POINT('',(1.38779527559055,0.,-6.5255905511811));
#9543=CARTESIAN_POINT('Origin',(1.50590551181102,0.,-6.5255905511811));
#9544=CARTESIAN_POINT('',(1.38779527559055,0.0984251968503937,-6.5255905511811));
#9545=CARTESIAN_POINT('',(1.38779527559055,0.,-6.5255905511811));
#9546=CARTESIAN_POINT('Origin',(1.50590551181102,0.0984251968503937,-6.5255905511811));
#9547=CARTESIAN_POINT('Origin',(1.50590551181102,0.0984251968503937,-6.5255905511811));
#9548=CARTESIAN_POINT('Origin',(1.75688976377953,0.0807086614173228,-6.99803149606299));
#9549=CARTESIAN_POINT('',(1.06299212598425,0.110236220472441,-6.96850393700788));
#9550=CARTESIAN_POINT('',(1.9488188976378,0.110236220472441,-6.96850393700787));
#9551=CARTESIAN_POINT('',(1.75688976377953,0.110236220472441,-6.96850393700787));
#9552=CARTESIAN_POINT('',(1.9488188976378,0.110236220472441,-6.96850393700787));
#9553=CARTESIAN_POINT('',(1.06299212598425,0.110236220472441,-6.96850393700788));
#9554=CARTESIAN_POINT('Origin',(1.97834645669291,0.0807086614173228,-6.2746062992126));
#9555=CARTESIAN_POINT('',(1.9488188976378,0.110236220472441,-6.08267716535433));
#9556=CARTESIAN_POINT('',(1.9488188976378,0.110236220472441,-6.2746062992126));
#9557=CARTESIAN_POINT('',(1.9488188976378,0.110236220472441,-6.08267716535433));
#9558=CARTESIAN_POINT('Origin',(1.25492125984252,0.0807086614173228,-6.05314960629921));
#9559=CARTESIAN_POINT('',(1.06299212598425,0.110236220472441,-6.08267716535433));
#9560=CARTESIAN_POINT('',(1.25492125984252,0.110236220472441,-6.08267716535433));
#9561=CARTESIAN_POINT('',(1.00393700787402,0.0511811023622047,-6.0236220472441));
#9562=CARTESIAN_POINT('',(1.06299212598425,0.110236220472441,-6.08267716535433));
#9563=CARTESIAN_POINT('',(1.75688976377953,0.0511811023622047,-6.0236220472441));
#9564=CARTESIAN_POINT('Origin',(1.03346456692913,0.0807086614173228,-6.77657480314961));
#9565=CARTESIAN_POINT('',(1.00393700787402,0.0511811023622047,-6.2746062992126));
#9566=CARTESIAN_POINT('',(1.06299212598425,0.110236220472441,-6.77657480314961));
#9567=CARTESIAN_POINT('Origin',(1.50590551181102,0.110236220472441,-6.5255905511811));
#9568=CARTESIAN_POINT('Origin',(0.501968503937008,0.,-6.5255905511811));
#9569=CARTESIAN_POINT('',(0.383858267716535,0.,-6.5255905511811));
#9570=CARTESIAN_POINT('Origin',(0.501968503937008,0.,-6.5255905511811));
#9571=CARTESIAN_POINT('',(0.383858267716535,0.0984251968503937,-6.5255905511811));
#9572=CARTESIAN_POINT('',(0.383858267716535,0.,-6.5255905511811));
#9573=CARTESIAN_POINT('Origin',(0.501968503937008,0.0984251968503937,-6.5255905511811));
#9574=CARTESIAN_POINT('Origin',(0.501968503937008,0.0984251968503937,-6.5255905511811));
#9575=CARTESIAN_POINT('Origin',(0.752952755905512,0.0807086614173228,-6.99803149606299));
#9576=CARTESIAN_POINT('',(0.0590551181102362,0.110236220472441,-6.96850393700788));
#9577=CARTESIAN_POINT('',(0.944881889763779,0.110236220472441,-6.96850393700787));
#9578=CARTESIAN_POINT('',(0.752952755905512,0.110236220472441,-6.96850393700787));
#9579=CARTESIAN_POINT('',(0.944881889763779,0.110236220472441,-6.96850393700787));
#9580=CARTESIAN_POINT('',(0.0590551181102362,0.110236220472441,-6.96850393700788));
#9581=CARTESIAN_POINT('Origin',(0.974409448818898,0.0807086614173228,-6.2746062992126));
#9582=CARTESIAN_POINT('',(0.94488188976378,0.110236220472441,-6.08267716535433));
#9583=CARTESIAN_POINT('',(0.94488188976378,0.110236220472441,-6.2746062992126));
#9584=CARTESIAN_POINT('',(0.94488188976378,0.110236220472441,-6.08267716535433));
#9585=CARTESIAN_POINT('Origin',(0.250984251968504,0.0807086614173228,-6.05314960629921));
#9586=CARTESIAN_POINT('',(0.0590551181102362,0.110236220472441,-6.08267716535433));
#9587=CARTESIAN_POINT('',(0.250984251968504,0.110236220472441,-6.08267716535433));
#9588=CARTESIAN_POINT('',(0.,0.0511811023622047,-6.0236220472441));
#9589=CARTESIAN_POINT('',(0.0590551181102362,0.110236220472441,-6.08267716535433));
#9590=CARTESIAN_POINT('',(0.752952755905512,0.0511811023622047,-6.0236220472441));
#9591=CARTESIAN_POINT('Origin',(0.0295275590551182,0.0807086614173228,-6.77657480314961));
#9592=CARTESIAN_POINT('',(0.,0.0511811023622047,-6.77657480314961));
#9593=CARTESIAN_POINT('',(0.0590551181102362,0.110236220472441,-6.77657480314961));
#9594=CARTESIAN_POINT('Origin',(0.501968503937008,0.110236220472441,-6.5255905511811));
#9595=CARTESIAN_POINT('Origin',(7.52952755905512,0.,-5.52165354330709));
#9596=CARTESIAN_POINT('',(7.41141732283464,0.,-5.52165354330709));
#9597=CARTESIAN_POINT('Origin',(7.52952755905512,0.,-5.52165354330709));
#9598=CARTESIAN_POINT('',(7.41141732283464,0.0984251968503937,-5.52165354330709));
#9599=CARTESIAN_POINT('',(7.41141732283464,0.,-5.52165354330709));
#9600=CARTESIAN_POINT('Origin',(7.52952755905512,0.0984251968503937,-5.52165354330709));
#9601=CARTESIAN_POINT('Origin',(7.52952755905512,0.0984251968503937,-5.52165354330709));
#9602=CARTESIAN_POINT('Origin',(7.78051181102362,0.0807086614173228,-5.99409448818898));
#9603=CARTESIAN_POINT('',(7.08661417322835,0.110236220472441,-5.96456692913386));
#9604=CARTESIAN_POINT('',(7.97244094488189,0.110236220472441,-5.96456692913386));
#9605=CARTESIAN_POINT('',(7.78051181102362,0.110236220472441,-5.96456692913386));
#9606=CARTESIAN_POINT('',(7.97244094488189,0.110236220472441,-5.96456692913386));
#9607=CARTESIAN_POINT('',(7.08661417322835,0.110236220472441,-5.96456692913386));
#9608=CARTESIAN_POINT('Origin',(8.00196850393701,0.0807086614173228,-5.27066929133859));
#9609=CARTESIAN_POINT('',(7.97244094488189,0.110236220472441,-5.07874015748032));
#9610=CARTESIAN_POINT('',(7.97244094488189,0.110236220472441,-5.27066929133859));
#9611=CARTESIAN_POINT('',(8.03149606299213,0.0511811023622047,-5.01968503937008));
#9612=CARTESIAN_POINT('',(7.97244094488189,0.110236220472441,-5.07874015748032));
#9613=CARTESIAN_POINT('',(8.03149606299213,0.0511811023622047,-5.27066929133859));
#9614=CARTESIAN_POINT('Origin',(7.27854330708661,0.0807086614173228,-5.0492125984252));
#9615=CARTESIAN_POINT('',(7.08661417322835,0.110236220472441,-5.07874015748032));
#9616=CARTESIAN_POINT('',(7.27854330708661,0.110236220472441,-5.07874015748032));
#9617=CARTESIAN_POINT('',(7.02755905511811,0.0511811023622047,-5.01968503937008));
#9618=CARTESIAN_POINT('',(7.08661417322835,0.110236220472441,-5.07874015748032));
#9619=CARTESIAN_POINT('',(7.78051181102362,0.0511811023622047,-5.01968503937008));
#9620=CARTESIAN_POINT('Origin',(7.05708661417323,0.0807086614173228,-5.77263779527559));
#9621=CARTESIAN_POINT('',(7.02755905511811,0.0511811023622047,-5.27066929133858));
#9622=CARTESIAN_POINT('',(7.08661417322835,0.110236220472441,-5.77263779527559));
#9623=CARTESIAN_POINT('Origin',(7.52952755905512,0.110236220472441,-5.52165354330709));
#9624=CARTESIAN_POINT('Origin',(6.5255905511811,0.,-5.52165354330709));
#9625=CARTESIAN_POINT('',(6.40748031496063,0.,-5.52165354330709));
#9626=CARTESIAN_POINT('Origin',(6.5255905511811,0.,-5.52165354330709));
#9627=CARTESIAN_POINT('',(6.40748031496063,0.0984251968503937,-5.52165354330709));
#9628=CARTESIAN_POINT('',(6.40748031496063,0.,-5.52165354330709));
#9629=CARTESIAN_POINT('Origin',(6.5255905511811,0.0984251968503937,-5.52165354330709));
#9630=CARTESIAN_POINT('Origin',(6.5255905511811,0.0984251968503937,-5.52165354330709));
#9631=CARTESIAN_POINT('Origin',(6.77657480314961,0.0807086614173228,-5.99409448818898));
#9632=CARTESIAN_POINT('',(6.08267716535433,0.110236220472441,-5.96456692913386));
#9633=CARTESIAN_POINT('',(6.96850393700787,0.110236220472441,-5.96456692913386));
#9634=CARTESIAN_POINT('',(6.77657480314961,0.110236220472441,-5.96456692913386));
#9635=CARTESIAN_POINT('',(6.96850393700787,0.110236220472441,-5.96456692913386));
#9636=CARTESIAN_POINT('',(6.08267716535433,0.110236220472441,-5.96456692913386));
#9637=CARTESIAN_POINT('Origin',(6.99803149606299,0.0807086614173228,-5.27066929133858));
#9638=CARTESIAN_POINT('',(6.96850393700787,0.110236220472441,-5.07874015748032));
#9639=CARTESIAN_POINT('',(6.96850393700787,0.110236220472441,-5.27066929133858));
#9640=CARTESIAN_POINT('',(6.96850393700787,0.110236220472441,-5.07874015748032));
#9641=CARTESIAN_POINT('Origin',(6.2746062992126,0.0807086614173228,-5.0492125984252));
#9642=CARTESIAN_POINT('',(6.08267716535433,0.110236220472441,-5.07874015748032));
#9643=CARTESIAN_POINT('',(6.2746062992126,0.110236220472441,-5.07874015748032));
#9644=CARTESIAN_POINT('',(6.02362204724409,0.0511811023622047,-5.01968503937008));
#9645=CARTESIAN_POINT('',(6.08267716535433,0.110236220472441,-5.07874015748032));
#9646=CARTESIAN_POINT('',(6.77657480314961,0.0511811023622047,-5.01968503937008));
#9647=CARTESIAN_POINT('Origin',(6.05314960629921,0.0807086614173228,-5.77263779527559));
#9648=CARTESIAN_POINT('',(6.02362204724409,0.0511811023622047,-5.27066929133858));
#9649=CARTESIAN_POINT('',(6.08267716535433,0.110236220472441,-5.77263779527559));
#9650=CARTESIAN_POINT('Origin',(6.5255905511811,0.110236220472441,-5.52165354330709));
#9651=CARTESIAN_POINT('Origin',(5.52165354330709,0.,-5.52165354330709));
#9652=CARTESIAN_POINT('',(5.40354330708661,0.,-5.52165354330709));
#9653=CARTESIAN_POINT('Origin',(5.52165354330709,0.,-5.52165354330709));
#9654=CARTESIAN_POINT('',(5.40354330708661,0.0984251968503937,-5.52165354330709));
#9655=CARTESIAN_POINT('',(5.40354330708661,0.,-5.52165354330709));
#9656=CARTESIAN_POINT('Origin',(5.52165354330709,0.0984251968503937,-5.52165354330709));
#9657=CARTESIAN_POINT('Origin',(5.52165354330709,0.0984251968503937,-5.52165354330709));
#9658=CARTESIAN_POINT('Origin',(5.77263779527559,0.0807086614173228,-5.99409448818898));
#9659=CARTESIAN_POINT('',(5.07874015748032,0.110236220472441,-5.96456692913386));
#9660=CARTESIAN_POINT('',(5.96456692913386,0.110236220472441,-5.96456692913386));
#9661=CARTESIAN_POINT('',(5.77263779527559,0.110236220472441,-5.96456692913386));
#9662=CARTESIAN_POINT('',(5.96456692913386,0.110236220472441,-5.96456692913386));
#9663=CARTESIAN_POINT('',(5.07874015748032,0.110236220472441,-5.96456692913386));
#9664=CARTESIAN_POINT('Origin',(5.99409448818898,0.0807086614173228,-5.27066929133858));
#9665=CARTESIAN_POINT('',(5.96456692913386,0.110236220472441,-5.07874015748032));
#9666=CARTESIAN_POINT('',(5.96456692913386,0.110236220472441,-5.27066929133858));
#9667=CARTESIAN_POINT('',(5.96456692913386,0.110236220472441,-5.07874015748032));
#9668=CARTESIAN_POINT('Origin',(5.27066929133858,0.0807086614173228,-5.0492125984252));
#9669=CARTESIAN_POINT('',(5.07874015748032,0.110236220472441,-5.07874015748032));
#9670=CARTESIAN_POINT('',(5.27066929133858,0.110236220472441,-5.07874015748032));
#9671=CARTESIAN_POINT('',(5.01968503937008,0.0511811023622047,-5.01968503937008));
#9672=CARTESIAN_POINT('',(5.07874015748032,0.110236220472441,-5.07874015748032));
#9673=CARTESIAN_POINT('',(5.77263779527559,0.0511811023622047,-5.01968503937008));
#9674=CARTESIAN_POINT('Origin',(5.0492125984252,0.0807086614173228,-5.77263779527559));
#9675=CARTESIAN_POINT('',(5.01968503937008,0.0511811023622047,-5.27066929133858));
#9676=CARTESIAN_POINT('',(5.07874015748032,0.110236220472441,-5.77263779527559));
#9677=CARTESIAN_POINT('Origin',(5.52165354330709,0.110236220472441,-5.52165354330709));
#9678=CARTESIAN_POINT('Origin',(4.51771653543307,0.,-5.52165354330709));
#9679=CARTESIAN_POINT('',(4.3996062992126,0.,-5.52165354330709));
#9680=CARTESIAN_POINT('Origin',(4.51771653543307,0.,-5.52165354330709));
#9681=CARTESIAN_POINT('',(4.3996062992126,0.0984251968503937,-5.52165354330709));
#9682=CARTESIAN_POINT('',(4.3996062992126,0.,-5.52165354330709));
#9683=CARTESIAN_POINT('Origin',(4.51771653543307,0.0984251968503937,-5.52165354330709));
#9684=CARTESIAN_POINT('Origin',(4.51771653543307,0.0984251968503937,-5.52165354330709));
#9685=CARTESIAN_POINT('Origin',(4.76870078740157,0.0807086614173228,-5.99409448818898));
#9686=CARTESIAN_POINT('',(4.0748031496063,0.110236220472441,-5.96456692913386));
#9687=CARTESIAN_POINT('',(4.96062992125984,0.110236220472441,-5.96456692913386));
#9688=CARTESIAN_POINT('',(4.76870078740157,0.110236220472441,-5.96456692913386));
#9689=CARTESIAN_POINT('',(4.96062992125984,0.110236220472441,-5.96456692913386));
#9690=CARTESIAN_POINT('',(4.0748031496063,0.110236220472441,-5.96456692913386));
#9691=CARTESIAN_POINT('Origin',(4.99015748031496,0.0807086614173228,-5.27066929133858));
#9692=CARTESIAN_POINT('',(4.96062992125984,0.110236220472441,-5.07874015748032));
#9693=CARTESIAN_POINT('',(4.96062992125984,0.110236220472441,-5.27066929133858));
#9694=CARTESIAN_POINT('',(4.96062992125984,0.110236220472441,-5.07874015748032));
#9695=CARTESIAN_POINT('Origin',(4.26673228346457,0.0807086614173228,-5.0492125984252));
#9696=CARTESIAN_POINT('',(4.0748031496063,0.110236220472441,-5.07874015748032));
#9697=CARTESIAN_POINT('',(4.26673228346457,0.110236220472441,-5.07874015748032));
#9698=CARTESIAN_POINT('',(4.01574803149606,0.0511811023622047,-5.01968503937008));
#9699=CARTESIAN_POINT('',(4.0748031496063,0.110236220472441,-5.07874015748032));
#9700=CARTESIAN_POINT('',(4.76870078740157,0.0511811023622047,-5.01968503937008));
#9701=CARTESIAN_POINT('Origin',(4.04527559055118,0.0807086614173228,-5.77263779527559));
#9702=CARTESIAN_POINT('',(4.01574803149606,0.0511811023622047,-5.27066929133858));
#9703=CARTESIAN_POINT('',(4.0748031496063,0.110236220472441,-5.77263779527559));
#9704=CARTESIAN_POINT('Origin',(4.51771653543307,0.110236220472441,-5.52165354330709));
#9705=CARTESIAN_POINT('Origin',(3.51377952755906,0.,-5.52165354330709));
#9706=CARTESIAN_POINT('',(3.39566929133858,0.,-5.52165354330709));
#9707=CARTESIAN_POINT('Origin',(3.51377952755906,0.,-5.52165354330709));
#9708=CARTESIAN_POINT('',(3.39566929133858,0.0984251968503937,-5.52165354330709));
#9709=CARTESIAN_POINT('',(3.39566929133858,0.,-5.52165354330709));
#9710=CARTESIAN_POINT('Origin',(3.51377952755906,0.0984251968503937,-5.52165354330709));
#9711=CARTESIAN_POINT('Origin',(3.51377952755906,0.0984251968503937,-5.52165354330709));
#9712=CARTESIAN_POINT('Origin',(3.76476377952756,0.0807086614173228,-5.99409448818898));
#9713=CARTESIAN_POINT('',(3.07086614173228,0.110236220472441,-5.96456692913386));
#9714=CARTESIAN_POINT('',(3.95669291338583,0.110236220472441,-5.96456692913386));
#9715=CARTESIAN_POINT('',(3.76476377952756,0.110236220472441,-5.96456692913386));
#9716=CARTESIAN_POINT('',(3.95669291338583,0.110236220472441,-5.96456692913386));
#9717=CARTESIAN_POINT('',(3.07086614173228,0.110236220472441,-5.96456692913386));
#9718=CARTESIAN_POINT('Origin',(3.98622047244094,0.0807086614173228,-5.27066929133858));
#9719=CARTESIAN_POINT('',(3.95669291338583,0.110236220472441,-5.07874015748032));
#9720=CARTESIAN_POINT('',(3.95669291338583,0.110236220472441,-5.27066929133858));
#9721=CARTESIAN_POINT('',(3.95669291338583,0.110236220472441,-5.07874015748032));
#9722=CARTESIAN_POINT('Origin',(3.26279527559055,0.0807086614173228,-5.0492125984252));
#9723=CARTESIAN_POINT('',(3.07086614173228,0.110236220472441,-5.07874015748032));
#9724=CARTESIAN_POINT('',(3.26279527559055,0.110236220472441,-5.07874015748032));
#9725=CARTESIAN_POINT('',(3.01181102362205,0.0511811023622047,-5.01968503937008));
#9726=CARTESIAN_POINT('',(3.07086614173228,0.110236220472441,-5.07874015748032));
#9727=CARTESIAN_POINT('',(3.76476377952756,0.0511811023622047,-5.01968503937008));
#9728=CARTESIAN_POINT('Origin',(3.04133858267716,0.0807086614173228,-5.77263779527559));
#9729=CARTESIAN_POINT('',(3.01181102362205,0.0511811023622047,-5.27066929133858));
#9730=CARTESIAN_POINT('',(3.07086614173228,0.110236220472441,-5.77263779527559));
#9731=CARTESIAN_POINT('Origin',(3.51377952755906,0.110236220472441,-5.52165354330709));
#9732=CARTESIAN_POINT('Origin',(2.50984251968504,0.,-5.52165354330709));
#9733=CARTESIAN_POINT('',(2.39173228346457,0.,-5.52165354330709));
#9734=CARTESIAN_POINT('Origin',(2.50984251968504,0.,-5.52165354330709));
#9735=CARTESIAN_POINT('',(2.39173228346457,0.0984251968503937,-5.52165354330709));
#9736=CARTESIAN_POINT('',(2.39173228346457,0.,-5.52165354330709));
#9737=CARTESIAN_POINT('Origin',(2.50984251968504,0.0984251968503937,-5.52165354330709));
#9738=CARTESIAN_POINT('Origin',(2.50984251968504,0.0984251968503937,-5.52165354330709));
#9739=CARTESIAN_POINT('Origin',(2.76082677165354,0.0807086614173228,-5.99409448818898));
#9740=CARTESIAN_POINT('',(2.06692913385827,0.110236220472441,-5.96456692913386));
#9741=CARTESIAN_POINT('',(2.95275590551181,0.110236220472441,-5.96456692913386));
#9742=CARTESIAN_POINT('',(2.76082677165354,0.110236220472441,-5.96456692913386));
#9743=CARTESIAN_POINT('',(2.95275590551181,0.110236220472441,-5.96456692913386));
#9744=CARTESIAN_POINT('',(2.06692913385827,0.110236220472441,-5.96456692913386));
#9745=CARTESIAN_POINT('Origin',(2.98228346456693,0.0807086614173228,-5.27066929133858));
#9746=CARTESIAN_POINT('',(2.95275590551181,0.110236220472441,-5.07874015748032));
#9747=CARTESIAN_POINT('',(2.95275590551181,0.110236220472441,-5.27066929133858));
#9748=CARTESIAN_POINT('',(2.95275590551181,0.110236220472441,-5.07874015748032));
#9749=CARTESIAN_POINT('Origin',(2.25885826771654,0.0807086614173228,-5.0492125984252));
#9750=CARTESIAN_POINT('',(2.06692913385827,0.110236220472441,-5.07874015748032));
#9751=CARTESIAN_POINT('',(2.25885826771654,0.110236220472441,-5.07874015748032));
#9752=CARTESIAN_POINT('',(2.00787401574803,0.0511811023622047,-5.01968503937008));
#9753=CARTESIAN_POINT('',(2.06692913385827,0.110236220472441,-5.07874015748032));
#9754=CARTESIAN_POINT('',(2.76082677165354,0.0511811023622047,-5.01968503937008));
#9755=CARTESIAN_POINT('Origin',(2.03740157480315,0.0807086614173228,-5.77263779527559));
#9756=CARTESIAN_POINT('',(2.00787401574803,0.0511811023622047,-5.27066929133858));
#9757=CARTESIAN_POINT('',(2.06692913385827,0.110236220472441,-5.77263779527559));
#9758=CARTESIAN_POINT('Origin',(2.50984251968504,0.110236220472441,-5.52165354330709));
#9759=CARTESIAN_POINT('Origin',(1.50590551181102,0.,-5.52165354330709));
#9760=CARTESIAN_POINT('',(1.38779527559055,0.,-5.52165354330709));
#9761=CARTESIAN_POINT('Origin',(1.50590551181102,0.,-5.52165354330709));
#9762=CARTESIAN_POINT('',(1.38779527559055,0.0984251968503937,-5.52165354330709));
#9763=CARTESIAN_POINT('',(1.38779527559055,0.,-5.52165354330709));
#9764=CARTESIAN_POINT('Origin',(1.50590551181102,0.0984251968503937,-5.52165354330709));
#9765=CARTESIAN_POINT('Origin',(1.50590551181102,0.0984251968503937,-5.52165354330709));
#9766=CARTESIAN_POINT('Origin',(1.75688976377953,0.0807086614173228,-5.99409448818898));
#9767=CARTESIAN_POINT('',(1.06299212598425,0.110236220472441,-5.96456692913386));
#9768=CARTESIAN_POINT('',(1.9488188976378,0.110236220472441,-5.96456692913386));
#9769=CARTESIAN_POINT('',(1.75688976377953,0.110236220472441,-5.96456692913386));
#9770=CARTESIAN_POINT('',(1.9488188976378,0.110236220472441,-5.96456692913386));
#9771=CARTESIAN_POINT('',(1.06299212598425,0.110236220472441,-5.96456692913386));
#9772=CARTESIAN_POINT('Origin',(1.97834645669291,0.0807086614173228,-5.27066929133858));
#9773=CARTESIAN_POINT('',(1.9488188976378,0.110236220472441,-5.07874015748032));
#9774=CARTESIAN_POINT('',(1.9488188976378,0.110236220472441,-5.27066929133858));
#9775=CARTESIAN_POINT('',(1.9488188976378,0.110236220472441,-5.07874015748032));
#9776=CARTESIAN_POINT('Origin',(1.25492125984252,0.0807086614173228,-5.0492125984252));
#9777=CARTESIAN_POINT('',(1.06299212598425,0.110236220472441,-5.07874015748032));
#9778=CARTESIAN_POINT('',(1.25492125984252,0.110236220472441,-5.07874015748032));
#9779=CARTESIAN_POINT('',(1.00393700787402,0.0511811023622047,-5.01968503937008));
#9780=CARTESIAN_POINT('',(1.06299212598425,0.110236220472441,-5.07874015748032));
#9781=CARTESIAN_POINT('',(1.75688976377953,0.0511811023622047,-5.01968503937008));
#9782=CARTESIAN_POINT('Origin',(1.03346456692913,0.0807086614173228,-5.77263779527559));
#9783=CARTESIAN_POINT('',(1.00393700787402,0.0511811023622047,-5.27066929133858));
#9784=CARTESIAN_POINT('',(1.06299212598425,0.110236220472441,-5.77263779527559));
#9785=CARTESIAN_POINT('Origin',(1.50590551181102,0.110236220472441,-5.52165354330709));
#9786=CARTESIAN_POINT('Origin',(0.501968503937008,0.,-5.52165354330709));
#9787=CARTESIAN_POINT('',(0.383858267716535,0.,-5.52165354330709));
#9788=CARTESIAN_POINT('Origin',(0.501968503937008,0.,-5.52165354330709));
#9789=CARTESIAN_POINT('',(0.383858267716535,0.0984251968503937,-5.52165354330709));
#9790=CARTESIAN_POINT('',(0.383858267716535,0.,-5.52165354330709));
#9791=CARTESIAN_POINT('Origin',(0.501968503937008,0.0984251968503937,-5.52165354330709));
#9792=CARTESIAN_POINT('Origin',(0.501968503937008,0.0984251968503937,-5.52165354330709));
#9793=CARTESIAN_POINT('Origin',(0.752952755905512,0.0807086614173228,-5.99409448818898));
#9794=CARTESIAN_POINT('',(0.0590551181102362,0.110236220472441,-5.96456692913386));
#9795=CARTESIAN_POINT('',(0.944881889763779,0.110236220472441,-5.96456692913386));
#9796=CARTESIAN_POINT('',(0.752952755905512,0.110236220472441,-5.96456692913386));
#9797=CARTESIAN_POINT('',(0.944881889763779,0.110236220472441,-5.96456692913386));
#9798=CARTESIAN_POINT('',(0.0590551181102362,0.110236220472441,-5.96456692913386));
#9799=CARTESIAN_POINT('Origin',(0.974409448818898,0.0807086614173228,-5.27066929133858));
#9800=CARTESIAN_POINT('',(0.94488188976378,0.110236220472441,-5.07874015748032));
#9801=CARTESIAN_POINT('',(0.94488188976378,0.110236220472441,-5.27066929133858));
#9802=CARTESIAN_POINT('',(0.94488188976378,0.110236220472441,-5.07874015748032));
#9803=CARTESIAN_POINT('Origin',(0.250984251968504,0.0807086614173228,-5.0492125984252));
#9804=CARTESIAN_POINT('',(0.0590551181102362,0.110236220472441,-5.07874015748032));
#9805=CARTESIAN_POINT('',(0.250984251968504,0.110236220472441,-5.07874015748032));
#9806=CARTESIAN_POINT('',(0.,0.0511811023622047,-5.01968503937008));
#9807=CARTESIAN_POINT('',(0.0590551181102362,0.110236220472441,-5.07874015748032));
#9808=CARTESIAN_POINT('',(0.752952755905512,0.0511811023622047,-5.01968503937008));
#9809=CARTESIAN_POINT('Origin',(0.0295275590551182,0.0807086614173228,-5.77263779527559));
#9810=CARTESIAN_POINT('',(0.,0.0511811023622047,-5.77263779527559));
#9811=CARTESIAN_POINT('',(0.0590551181102362,0.110236220472441,-5.77263779527559));
#9812=CARTESIAN_POINT('Origin',(0.501968503937008,0.110236220472441,-5.52165354330709));
#9813=CARTESIAN_POINT('Origin',(7.52952755905512,0.,-4.51771653543307));
#9814=CARTESIAN_POINT('',(7.41141732283464,0.,-4.51771653543307));
#9815=CARTESIAN_POINT('Origin',(7.52952755905512,0.,-4.51771653543307));
#9816=CARTESIAN_POINT('',(7.41141732283464,0.0984251968503937,-4.51771653543307));
#9817=CARTESIAN_POINT('',(7.41141732283464,0.,-4.51771653543307));
#9818=CARTESIAN_POINT('Origin',(7.52952755905512,0.0984251968503937,-4.51771653543307));
#9819=CARTESIAN_POINT('Origin',(7.52952755905512,0.0984251968503937,-4.51771653543307));
#9820=CARTESIAN_POINT('Origin',(7.78051181102362,0.0807086614173228,-4.99015748031496));
#9821=CARTESIAN_POINT('',(7.08661417322835,0.110236220472441,-4.96062992125985));
#9822=CARTESIAN_POINT('',(7.97244094488189,0.110236220472441,-4.96062992125984));
#9823=CARTESIAN_POINT('',(7.78051181102362,0.110236220472441,-4.96062992125984));
#9824=CARTESIAN_POINT('',(7.97244094488189,0.110236220472441,-4.96062992125984));
#9825=CARTESIAN_POINT('',(7.08661417322835,0.110236220472441,-4.96062992125985));
#9826=CARTESIAN_POINT('Origin',(8.00196850393701,0.0807086614173228,-4.26673228346457));
#9827=CARTESIAN_POINT('',(7.97244094488189,0.110236220472441,-4.0748031496063));
#9828=CARTESIAN_POINT('',(7.97244094488189,0.110236220472441,-4.26673228346457));
#9829=CARTESIAN_POINT('',(8.03149606299213,0.0511811023622047,-4.01574803149606));
#9830=CARTESIAN_POINT('',(7.97244094488189,0.110236220472441,-4.0748031496063));
#9831=CARTESIAN_POINT('',(8.03149606299213,0.0511811023622047,-4.26673228346457));
#9832=CARTESIAN_POINT('Origin',(7.27854330708661,0.0807086614173228,-4.04527559055118));
#9833=CARTESIAN_POINT('',(7.08661417322835,0.110236220472441,-4.0748031496063));
#9834=CARTESIAN_POINT('',(7.27854330708661,0.110236220472441,-4.0748031496063));
#9835=CARTESIAN_POINT('',(7.02755905511811,0.0511811023622047,-4.01574803149606));
#9836=CARTESIAN_POINT('',(7.08661417322835,0.110236220472441,-4.0748031496063));
#9837=CARTESIAN_POINT('',(7.78051181102362,0.0511811023622047,-4.01574803149606));
#9838=CARTESIAN_POINT('Origin',(7.05708661417323,0.0807086614173228,-4.76870078740158));
#9839=CARTESIAN_POINT('',(7.02755905511811,0.0511811023622047,-4.26673228346457));
#9840=CARTESIAN_POINT('',(7.08661417322835,0.110236220472441,-4.76870078740158));
#9841=CARTESIAN_POINT('Origin',(7.52952755905512,0.110236220472441,-4.51771653543307));
#9842=CARTESIAN_POINT('Origin',(6.5255905511811,0.,-4.51771653543307));
#9843=CARTESIAN_POINT('',(6.40748031496063,0.,-4.51771653543307));
#9844=CARTESIAN_POINT('Origin',(6.5255905511811,0.,-4.51771653543307));
#9845=CARTESIAN_POINT('',(6.40748031496063,0.0984251968503937,-4.51771653543307));
#9846=CARTESIAN_POINT('',(6.40748031496063,0.,-4.51771653543307));
#9847=CARTESIAN_POINT('Origin',(6.5255905511811,0.0984251968503937,-4.51771653543307));
#9848=CARTESIAN_POINT('Origin',(6.5255905511811,0.0984251968503937,-4.51771653543307));
#9849=CARTESIAN_POINT('Origin',(6.77657480314961,0.0807086614173228,-4.99015748031496));
#9850=CARTESIAN_POINT('',(6.08267716535433,0.110236220472441,-4.96062992125984));
#9851=CARTESIAN_POINT('',(6.96850393700787,0.110236220472441,-4.96062992125984));
#9852=CARTESIAN_POINT('',(6.77657480314961,0.110236220472441,-4.96062992125984));
#9853=CARTESIAN_POINT('',(6.96850393700787,0.110236220472441,-4.96062992125984));
#9854=CARTESIAN_POINT('',(6.08267716535433,0.110236220472441,-4.96062992125984));
#9855=CARTESIAN_POINT('Origin',(6.99803149606299,0.0807086614173228,-4.26673228346457));
#9856=CARTESIAN_POINT('',(6.96850393700787,0.110236220472441,-4.0748031496063));
#9857=CARTESIAN_POINT('',(6.96850393700787,0.110236220472441,-4.26673228346457));
#9858=CARTESIAN_POINT('',(6.96850393700787,0.110236220472441,-4.0748031496063));
#9859=CARTESIAN_POINT('Origin',(6.2746062992126,0.0807086614173228,-4.04527559055118));
#9860=CARTESIAN_POINT('',(6.08267716535433,0.110236220472441,-4.0748031496063));
#9861=CARTESIAN_POINT('',(6.2746062992126,0.110236220472441,-4.0748031496063));
#9862=CARTESIAN_POINT('',(6.02362204724409,0.0511811023622047,-4.01574803149606));
#9863=CARTESIAN_POINT('',(6.08267716535433,0.110236220472441,-4.0748031496063));
#9864=CARTESIAN_POINT('',(6.77657480314961,0.0511811023622047,-4.01574803149606));
#9865=CARTESIAN_POINT('Origin',(6.05314960629921,0.0807086614173228,-4.76870078740158));
#9866=CARTESIAN_POINT('',(6.02362204724409,0.0511811023622047,-4.26673228346457));
#9867=CARTESIAN_POINT('',(6.08267716535433,0.110236220472441,-4.76870078740158));
#9868=CARTESIAN_POINT('Origin',(6.5255905511811,0.110236220472441,-4.51771653543307));
#9869=CARTESIAN_POINT('Origin',(5.52165354330709,0.,-4.51771653543307));
#9870=CARTESIAN_POINT('',(5.40354330708661,0.,-4.51771653543307));
#9871=CARTESIAN_POINT('Origin',(5.52165354330709,0.,-4.51771653543307));
#9872=CARTESIAN_POINT('',(5.40354330708661,0.0984251968503937,-4.51771653543307));
#9873=CARTESIAN_POINT('',(5.40354330708661,0.,-4.51771653543307));
#9874=CARTESIAN_POINT('Origin',(5.52165354330709,0.0984251968503937,-4.51771653543307));
#9875=CARTESIAN_POINT('Origin',(5.52165354330709,0.0984251968503937,-4.51771653543307));
#9876=CARTESIAN_POINT('Origin',(5.77263779527559,0.0807086614173228,-4.99015748031496));
#9877=CARTESIAN_POINT('',(5.07874015748032,0.110236220472441,-4.96062992125984));
#9878=CARTESIAN_POINT('',(5.96456692913386,0.110236220472441,-4.96062992125984));
#9879=CARTESIAN_POINT('',(5.77263779527559,0.110236220472441,-4.96062992125984));
#9880=CARTESIAN_POINT('',(5.96456692913386,0.110236220472441,-4.96062992125984));
#9881=CARTESIAN_POINT('',(5.07874015748032,0.110236220472441,-4.96062992125984));
#9882=CARTESIAN_POINT('Origin',(5.99409448818898,0.0807086614173228,-4.26673228346457));
#9883=CARTESIAN_POINT('',(5.96456692913386,0.110236220472441,-4.0748031496063));
#9884=CARTESIAN_POINT('',(5.96456692913386,0.110236220472441,-4.26673228346457));
#9885=CARTESIAN_POINT('',(5.96456692913386,0.110236220472441,-4.0748031496063));
#9886=CARTESIAN_POINT('Origin',(5.27066929133858,0.0807086614173228,-4.04527559055118));
#9887=CARTESIAN_POINT('',(5.07874015748032,0.110236220472441,-4.0748031496063));
#9888=CARTESIAN_POINT('',(5.27066929133858,0.110236220472441,-4.0748031496063));
#9889=CARTESIAN_POINT('',(5.01968503937008,0.0511811023622047,-4.01574803149606));
#9890=CARTESIAN_POINT('',(5.07874015748032,0.110236220472441,-4.0748031496063));
#9891=CARTESIAN_POINT('',(5.77263779527559,0.0511811023622047,-4.01574803149606));
#9892=CARTESIAN_POINT('Origin',(5.0492125984252,0.0807086614173228,-4.76870078740158));
#9893=CARTESIAN_POINT('',(5.01968503937008,0.0511811023622047,-4.26673228346457));
#9894=CARTESIAN_POINT('',(5.07874015748032,0.110236220472441,-4.76870078740158));
#9895=CARTESIAN_POINT('Origin',(5.52165354330709,0.110236220472441,-4.51771653543307));
#9896=CARTESIAN_POINT('Origin',(4.51771653543307,0.,-4.51771653543307));
#9897=CARTESIAN_POINT('',(4.3996062992126,0.,-4.51771653543307));
#9898=CARTESIAN_POINT('Origin',(4.51771653543307,0.,-4.51771653543307));
#9899=CARTESIAN_POINT('',(4.3996062992126,0.0984251968503937,-4.51771653543307));
#9900=CARTESIAN_POINT('',(4.3996062992126,0.,-4.51771653543307));
#9901=CARTESIAN_POINT('Origin',(4.51771653543307,0.0984251968503937,-4.51771653543307));
#9902=CARTESIAN_POINT('Origin',(4.51771653543307,0.0984251968503937,-4.51771653543307));
#9903=CARTESIAN_POINT('Origin',(4.76870078740157,0.0807086614173228,-4.99015748031496));
#9904=CARTESIAN_POINT('',(4.0748031496063,0.110236220472441,-4.96062992125984));
#9905=CARTESIAN_POINT('',(4.96062992125984,0.110236220472441,-4.96062992125984));
#9906=CARTESIAN_POINT('',(4.76870078740157,0.110236220472441,-4.96062992125984));
#9907=CARTESIAN_POINT('',(4.96062992125984,0.110236220472441,-4.96062992125984));
#9908=CARTESIAN_POINT('',(4.0748031496063,0.110236220472441,-4.96062992125984));
#9909=CARTESIAN_POINT('Origin',(4.99015748031496,0.0807086614173228,-4.26673228346457));
#9910=CARTESIAN_POINT('',(4.96062992125984,0.110236220472441,-4.0748031496063));
#9911=CARTESIAN_POINT('',(4.96062992125984,0.110236220472441,-4.26673228346457));
#9912=CARTESIAN_POINT('',(4.96062992125984,0.110236220472441,-4.0748031496063));
#9913=CARTESIAN_POINT('Origin',(4.26673228346457,0.0807086614173228,-4.04527559055118));
#9914=CARTESIAN_POINT('',(4.0748031496063,0.110236220472441,-4.0748031496063));
#9915=CARTESIAN_POINT('',(4.26673228346457,0.110236220472441,-4.0748031496063));
#9916=CARTESIAN_POINT('',(4.01574803149606,0.0511811023622047,-4.01574803149606));
#9917=CARTESIAN_POINT('',(4.0748031496063,0.110236220472441,-4.0748031496063));
#9918=CARTESIAN_POINT('',(4.76870078740157,0.0511811023622047,-4.01574803149606));
#9919=CARTESIAN_POINT('Origin',(4.04527559055118,0.0807086614173228,-4.76870078740158));
#9920=CARTESIAN_POINT('',(4.01574803149606,0.0511811023622047,-4.26673228346457));
#9921=CARTESIAN_POINT('',(4.0748031496063,0.110236220472441,-4.76870078740158));
#9922=CARTESIAN_POINT('Origin',(4.51771653543307,0.110236220472441,-4.51771653543307));
#9923=CARTESIAN_POINT('Origin',(3.51377952755906,0.,-4.51771653543307));
#9924=CARTESIAN_POINT('',(3.39566929133858,0.,-4.51771653543307));
#9925=CARTESIAN_POINT('Origin',(3.51377952755906,0.,-4.51771653543307));
#9926=CARTESIAN_POINT('',(3.39566929133858,0.0984251968503937,-4.51771653543307));
#9927=CARTESIAN_POINT('',(3.39566929133858,0.,-4.51771653543307));
#9928=CARTESIAN_POINT('Origin',(3.51377952755906,0.0984251968503937,-4.51771653543307));
#9929=CARTESIAN_POINT('Origin',(3.51377952755906,0.0984251968503937,-4.51771653543307));
#9930=CARTESIAN_POINT('Origin',(3.76476377952756,0.0807086614173228,-4.99015748031496));
#9931=CARTESIAN_POINT('',(3.07086614173228,0.110236220472441,-4.96062992125984));
#9932=CARTESIAN_POINT('',(3.95669291338583,0.110236220472441,-4.96062992125984));
#9933=CARTESIAN_POINT('',(3.76476377952756,0.110236220472441,-4.96062992125984));
#9934=CARTESIAN_POINT('',(3.95669291338583,0.110236220472441,-4.96062992125984));
#9935=CARTESIAN_POINT('',(3.07086614173228,0.110236220472441,-4.96062992125984));
#9936=CARTESIAN_POINT('Origin',(3.98622047244094,0.0807086614173228,-4.26673228346457));
#9937=CARTESIAN_POINT('',(3.95669291338583,0.110236220472441,-4.0748031496063));
#9938=CARTESIAN_POINT('',(3.95669291338583,0.110236220472441,-4.26673228346457));
#9939=CARTESIAN_POINT('',(3.95669291338583,0.110236220472441,-4.0748031496063));
#9940=CARTESIAN_POINT('Origin',(3.26279527559055,0.0807086614173228,-4.04527559055118));
#9941=CARTESIAN_POINT('',(3.07086614173228,0.110236220472441,-4.0748031496063));
#9942=CARTESIAN_POINT('',(3.26279527559055,0.110236220472441,-4.0748031496063));
#9943=CARTESIAN_POINT('',(3.01181102362205,0.0511811023622047,-4.01574803149606));
#9944=CARTESIAN_POINT('',(3.07086614173228,0.110236220472441,-4.0748031496063));
#9945=CARTESIAN_POINT('',(3.76476377952756,0.0511811023622047,-4.01574803149606));
#9946=CARTESIAN_POINT('Origin',(3.04133858267716,0.0807086614173228,-4.76870078740158));
#9947=CARTESIAN_POINT('',(3.01181102362205,0.0511811023622047,-4.26673228346457));
#9948=CARTESIAN_POINT('',(3.07086614173228,0.110236220472441,-4.76870078740158));
#9949=CARTESIAN_POINT('Origin',(3.51377952755906,0.110236220472441,-4.51771653543307));
#9950=CARTESIAN_POINT('Origin',(2.50984251968504,0.,-4.51771653543307));
#9951=CARTESIAN_POINT('',(2.39173228346457,0.,-4.51771653543307));
#9952=CARTESIAN_POINT('Origin',(2.50984251968504,0.,-4.51771653543307));
#9953=CARTESIAN_POINT('',(2.39173228346457,0.0984251968503937,-4.51771653543307));
#9954=CARTESIAN_POINT('',(2.39173228346457,0.,-4.51771653543307));
#9955=CARTESIAN_POINT('Origin',(2.50984251968504,0.0984251968503937,-4.51771653543307));
#9956=CARTESIAN_POINT('Origin',(2.50984251968504,0.0984251968503937,-4.51771653543307));
#9957=CARTESIAN_POINT('Origin',(2.76082677165354,0.0807086614173228,-4.99015748031496));
#9958=CARTESIAN_POINT('',(2.06692913385827,0.110236220472441,-4.96062992125984));
#9959=CARTESIAN_POINT('',(2.95275590551181,0.110236220472441,-4.96062992125984));
#9960=CARTESIAN_POINT('',(2.76082677165354,0.110236220472441,-4.96062992125984));
#9961=CARTESIAN_POINT('',(2.95275590551181,0.110236220472441,-4.96062992125984));
#9962=CARTESIAN_POINT('',(2.06692913385827,0.110236220472441,-4.96062992125984));
#9963=CARTESIAN_POINT('Origin',(2.98228346456693,0.0807086614173228,-4.26673228346457));
#9964=CARTESIAN_POINT('',(2.95275590551181,0.110236220472441,-4.0748031496063));
#9965=CARTESIAN_POINT('',(2.95275590551181,0.110236220472441,-4.26673228346457));
#9966=CARTESIAN_POINT('',(2.95275590551181,0.110236220472441,-4.0748031496063));
#9967=CARTESIAN_POINT('Origin',(2.25885826771654,0.0807086614173228,-4.04527559055118));
#9968=CARTESIAN_POINT('',(2.06692913385827,0.110236220472441,-4.0748031496063));
#9969=CARTESIAN_POINT('',(2.25885826771654,0.110236220472441,-4.0748031496063));
#9970=CARTESIAN_POINT('',(2.00787401574803,0.0511811023622047,-4.01574803149606));
#9971=CARTESIAN_POINT('',(2.06692913385827,0.110236220472441,-4.0748031496063));
#9972=CARTESIAN_POINT('',(2.76082677165354,0.0511811023622047,-4.01574803149606));
#9973=CARTESIAN_POINT('Origin',(2.03740157480315,0.0807086614173228,-4.76870078740158));
#9974=CARTESIAN_POINT('',(2.00787401574803,0.0511811023622047,-4.26673228346457));
#9975=CARTESIAN_POINT('',(2.06692913385827,0.110236220472441,-4.76870078740158));
#9976=CARTESIAN_POINT('Origin',(2.50984251968504,0.110236220472441,-4.51771653543307));
#9977=CARTESIAN_POINT('Origin',(1.50590551181102,0.,-4.51771653543307));
#9978=CARTESIAN_POINT('',(1.38779527559055,0.,-4.51771653543307));
#9979=CARTESIAN_POINT('Origin',(1.50590551181102,0.,-4.51771653543307));
#9980=CARTESIAN_POINT('',(1.38779527559055,0.0984251968503937,-4.51771653543307));
#9981=CARTESIAN_POINT('',(1.38779527559055,0.,-4.51771653543307));
#9982=CARTESIAN_POINT('Origin',(1.50590551181102,0.0984251968503937,-4.51771653543307));
#9983=CARTESIAN_POINT('Origin',(1.50590551181102,0.0984251968503937,-4.51771653543307));
#9984=CARTESIAN_POINT('Origin',(1.75688976377953,0.0807086614173228,-4.99015748031496));
#9985=CARTESIAN_POINT('',(1.06299212598425,0.110236220472441,-4.96062992125984));
#9986=CARTESIAN_POINT('',(1.9488188976378,0.110236220472441,-4.96062992125984));
#9987=CARTESIAN_POINT('',(1.75688976377953,0.110236220472441,-4.96062992125984));
#9988=CARTESIAN_POINT('',(1.9488188976378,0.110236220472441,-4.96062992125984));
#9989=CARTESIAN_POINT('',(1.06299212598425,0.110236220472441,-4.96062992125984));
#9990=CARTESIAN_POINT('Origin',(1.97834645669291,0.0807086614173228,-4.26673228346457));
#9991=CARTESIAN_POINT('',(1.9488188976378,0.110236220472441,-4.0748031496063));
#9992=CARTESIAN_POINT('',(1.9488188976378,0.110236220472441,-4.26673228346457));
#9993=CARTESIAN_POINT('',(1.9488188976378,0.110236220472441,-4.0748031496063));
#9994=CARTESIAN_POINT('Origin',(1.25492125984252,0.0807086614173228,-4.04527559055118));
#9995=CARTESIAN_POINT('',(1.06299212598425,0.110236220472441,-4.0748031496063));
#9996=CARTESIAN_POINT('',(1.25492125984252,0.110236220472441,-4.0748031496063));
#9997=CARTESIAN_POINT('',(1.00393700787402,0.0511811023622047,-4.01574803149606));
#9998=CARTESIAN_POINT('',(1.06299212598425,0.110236220472441,-4.0748031496063));
#9999=CARTESIAN_POINT('',(1.75688976377953,0.0511811023622047,-4.01574803149606));
#10000=CARTESIAN_POINT('Origin',(1.03346456692913,0.0807086614173228,-4.76870078740158));
#10001=CARTESIAN_POINT('',(1.00393700787402,0.0511811023622047,-4.26673228346457));
#10002=CARTESIAN_POINT('',(1.06299212598425,0.110236220472441,-4.76870078740158));
#10003=CARTESIAN_POINT('Origin',(1.50590551181102,0.110236220472441,-4.51771653543307));
#10004=CARTESIAN_POINT('Origin',(0.501968503937008,0.,-4.51771653543307));
#10005=CARTESIAN_POINT('',(0.383858267716535,0.,-4.51771653543307));
#10006=CARTESIAN_POINT('Origin',(0.501968503937008,0.,-4.51771653543307));
#10007=CARTESIAN_POINT('',(0.383858267716535,0.0984251968503937,-4.51771653543307));
#10008=CARTESIAN_POINT('',(0.383858267716535,0.,-4.51771653543307));
#10009=CARTESIAN_POINT('Origin',(0.501968503937008,0.0984251968503937,-4.51771653543307));
#10010=CARTESIAN_POINT('Origin',(0.501968503937008,0.0984251968503937,-4.51771653543307));
#10011=CARTESIAN_POINT('Origin',(0.752952755905512,0.0807086614173228,-4.99015748031496));
#10012=CARTESIAN_POINT('',(0.0590551181102362,0.110236220472441,-4.96062992125984));
#10013=CARTESIAN_POINT('',(0.944881889763779,0.110236220472441,-4.96062992125984));
#10014=CARTESIAN_POINT('',(0.752952755905512,0.110236220472441,-4.96062992125984));
#10015=CARTESIAN_POINT('',(0.944881889763779,0.110236220472441,-4.96062992125984));
#10016=CARTESIAN_POINT('',(0.0590551181102362,0.110236220472441,-4.96062992125984));
#10017=CARTESIAN_POINT('Origin',(0.974409448818898,0.0807086614173228,-4.26673228346457));
#10018=CARTESIAN_POINT('',(0.94488188976378,0.110236220472441,-4.0748031496063));
#10019=CARTESIAN_POINT('',(0.94488188976378,0.110236220472441,-4.26673228346457));
#10020=CARTESIAN_POINT('',(0.94488188976378,0.110236220472441,-4.0748031496063));
#10021=CARTESIAN_POINT('Origin',(0.250984251968504,0.0807086614173228,-4.04527559055118));
#10022=CARTESIAN_POINT('',(0.0590551181102362,0.110236220472441,-4.0748031496063));
#10023=CARTESIAN_POINT('',(0.250984251968504,0.110236220472441,-4.0748031496063));
#10024=CARTESIAN_POINT('',(0.,0.0511811023622047,-4.01574803149606));
#10025=CARTESIAN_POINT('',(0.0590551181102362,0.110236220472441,-4.0748031496063));
#10026=CARTESIAN_POINT('',(0.752952755905512,0.0511811023622047,-4.01574803149606));
#10027=CARTESIAN_POINT('Origin',(0.0295275590551182,0.0807086614173228,
-4.76870078740158));
#10028=CARTESIAN_POINT('',(0.,0.0511811023622047,-4.76870078740158));
#10029=CARTESIAN_POINT('',(0.0590551181102362,0.110236220472441,-4.76870078740158));
#10030=CARTESIAN_POINT('Origin',(0.501968503937008,0.110236220472441,-4.51771653543307));
#10031=CARTESIAN_POINT('Origin',(7.52952755905512,0.,-3.51377952755906));
#10032=CARTESIAN_POINT('',(7.41141732283464,0.,-3.51377952755906));
#10033=CARTESIAN_POINT('Origin',(7.52952755905512,0.,-3.51377952755906));
#10034=CARTESIAN_POINT('',(7.41141732283464,0.0984251968503937,-3.51377952755906));
#10035=CARTESIAN_POINT('',(7.41141732283464,0.,-3.51377952755906));
#10036=CARTESIAN_POINT('Origin',(7.52952755905512,0.0984251968503937,-3.51377952755906));
#10037=CARTESIAN_POINT('Origin',(7.52952755905512,0.0984251968503937,-3.51377952755906));
#10038=CARTESIAN_POINT('Origin',(7.78051181102362,0.0807086614173228,-3.98622047244095));
#10039=CARTESIAN_POINT('',(7.08661417322835,0.110236220472441,-3.95669291338583));
#10040=CARTESIAN_POINT('',(7.97244094488189,0.110236220472441,-3.95669291338583));
#10041=CARTESIAN_POINT('',(7.78051181102362,0.110236220472441,-3.95669291338583));
#10042=CARTESIAN_POINT('',(7.97244094488189,0.110236220472441,-3.95669291338583));
#10043=CARTESIAN_POINT('',(7.08661417322835,0.110236220472441,-3.95669291338583));
#10044=CARTESIAN_POINT('Origin',(8.00196850393701,0.0807086614173228,-3.26279527559055));
#10045=CARTESIAN_POINT('',(7.97244094488189,0.110236220472441,-3.07086614173228));
#10046=CARTESIAN_POINT('',(7.97244094488189,0.110236220472441,-3.26279527559055));
#10047=CARTESIAN_POINT('',(8.03149606299213,0.0511811023622047,-3.01181102362205));
#10048=CARTESIAN_POINT('',(7.97244094488189,0.110236220472441,-3.07086614173228));
#10049=CARTESIAN_POINT('',(8.03149606299213,0.0511811023622047,-3.26279527559055));
#10050=CARTESIAN_POINT('Origin',(7.27854330708661,0.0807086614173228,-3.04133858267717));
#10051=CARTESIAN_POINT('',(7.08661417322835,0.110236220472441,-3.07086614173228));
#10052=CARTESIAN_POINT('',(7.27854330708661,0.110236220472441,-3.07086614173228));
#10053=CARTESIAN_POINT('',(7.02755905511811,0.0511811023622047,-3.01181102362205));
#10054=CARTESIAN_POINT('',(7.08661417322835,0.110236220472441,-3.07086614173228));
#10055=CARTESIAN_POINT('',(7.78051181102362,0.0511811023622047,-3.01181102362205));
#10056=CARTESIAN_POINT('Origin',(7.05708661417323,0.0807086614173228,-3.76476377952756));
#10057=CARTESIAN_POINT('',(7.02755905511811,0.0511811023622047,-3.26279527559055));
#10058=CARTESIAN_POINT('',(7.08661417322835,0.110236220472441,-3.76476377952756));
#10059=CARTESIAN_POINT('Origin',(7.52952755905512,0.110236220472441,-3.51377952755906));
#10060=CARTESIAN_POINT('Origin',(6.5255905511811,0.,-3.51377952755906));
#10061=CARTESIAN_POINT('',(6.40748031496063,0.,-3.51377952755906));
#10062=CARTESIAN_POINT('Origin',(6.5255905511811,0.,-3.51377952755906));
#10063=CARTESIAN_POINT('',(6.40748031496063,0.0984251968503937,-3.51377952755906));
#10064=CARTESIAN_POINT('',(6.40748031496063,0.,-3.51377952755906));
#10065=CARTESIAN_POINT('Origin',(6.5255905511811,0.0984251968503937,-3.51377952755906));
#10066=CARTESIAN_POINT('Origin',(6.5255905511811,0.0984251968503937,-3.51377952755906));
#10067=CARTESIAN_POINT('Origin',(6.77657480314961,0.0807086614173228,-3.98622047244095));
#10068=CARTESIAN_POINT('',(6.08267716535433,0.110236220472441,-3.95669291338583));
#10069=CARTESIAN_POINT('',(6.96850393700787,0.110236220472441,-3.95669291338583));
#10070=CARTESIAN_POINT('',(6.77657480314961,0.110236220472441,-3.95669291338583));
#10071=CARTESIAN_POINT('',(6.96850393700787,0.110236220472441,-3.95669291338583));
#10072=CARTESIAN_POINT('',(6.08267716535433,0.110236220472441,-3.95669291338583));
#10073=CARTESIAN_POINT('Origin',(6.99803149606299,0.0807086614173228,-3.26279527559055));
#10074=CARTESIAN_POINT('',(6.96850393700787,0.110236220472441,-3.07086614173228));
#10075=CARTESIAN_POINT('',(6.96850393700787,0.110236220472441,-3.26279527559055));
#10076=CARTESIAN_POINT('',(6.96850393700787,0.110236220472441,-3.07086614173228));
#10077=CARTESIAN_POINT('Origin',(6.2746062992126,0.0807086614173228,-3.04133858267717));
#10078=CARTESIAN_POINT('',(6.08267716535433,0.110236220472441,-3.07086614173228));
#10079=CARTESIAN_POINT('',(6.2746062992126,0.110236220472441,-3.07086614173228));
#10080=CARTESIAN_POINT('',(6.02362204724409,0.0511811023622047,-3.01181102362205));
#10081=CARTESIAN_POINT('',(6.08267716535433,0.110236220472441,-3.07086614173228));
#10082=CARTESIAN_POINT('',(6.77657480314961,0.0511811023622047,-3.01181102362205));
#10083=CARTESIAN_POINT('Origin',(6.05314960629921,0.0807086614173228,-3.76476377952756));
#10084=CARTESIAN_POINT('',(6.02362204724409,0.0511811023622047,-3.26279527559055));
#10085=CARTESIAN_POINT('',(6.08267716535433,0.110236220472441,-3.76476377952756));
#10086=CARTESIAN_POINT('Origin',(6.5255905511811,0.110236220472441,-3.51377952755906));
#10087=CARTESIAN_POINT('Origin',(5.52165354330709,0.,-3.51377952755906));
#10088=CARTESIAN_POINT('',(5.40354330708661,0.,-3.51377952755906));
#10089=CARTESIAN_POINT('Origin',(5.52165354330709,0.,-3.51377952755906));
#10090=CARTESIAN_POINT('',(5.40354330708661,0.0984251968503937,-3.51377952755906));
#10091=CARTESIAN_POINT('',(5.40354330708661,0.,-3.51377952755906));
#10092=CARTESIAN_POINT('Origin',(5.52165354330709,0.0984251968503937,-3.51377952755906));
#10093=CARTESIAN_POINT('Origin',(5.52165354330709,0.0984251968503937,-3.51377952755906));
#10094=CARTESIAN_POINT('Origin',(5.77263779527559,0.0807086614173228,-3.98622047244095));
#10095=CARTESIAN_POINT('',(5.07874015748032,0.110236220472441,-3.95669291338583));
#10096=CARTESIAN_POINT('',(5.96456692913386,0.110236220472441,-3.95669291338583));
#10097=CARTESIAN_POINT('',(5.77263779527559,0.110236220472441,-3.95669291338583));
#10098=CARTESIAN_POINT('',(5.96456692913386,0.110236220472441,-3.95669291338583));
#10099=CARTESIAN_POINT('',(5.07874015748032,0.110236220472441,-3.95669291338583));
#10100=CARTESIAN_POINT('Origin',(5.99409448818898,0.0807086614173228,-3.26279527559055));
#10101=CARTESIAN_POINT('',(5.96456692913386,0.110236220472441,-3.07086614173228));
#10102=CARTESIAN_POINT('',(5.96456692913386,0.110236220472441,-3.26279527559055));
#10103=CARTESIAN_POINT('',(5.96456692913386,0.110236220472441,-3.07086614173228));
#10104=CARTESIAN_POINT('Origin',(5.27066929133858,0.0807086614173228,-3.04133858267717));
#10105=CARTESIAN_POINT('',(5.07874015748032,0.110236220472441,-3.07086614173228));
#10106=CARTESIAN_POINT('',(5.27066929133858,0.110236220472441,-3.07086614173228));
#10107=CARTESIAN_POINT('',(5.01968503937008,0.0511811023622047,-3.01181102362205));
#10108=CARTESIAN_POINT('',(5.07874015748032,0.110236220472441,-3.07086614173228));
#10109=CARTESIAN_POINT('',(5.77263779527559,0.0511811023622047,-3.01181102362205));
#10110=CARTESIAN_POINT('Origin',(5.0492125984252,0.0807086614173228,-3.76476377952756));
#10111=CARTESIAN_POINT('',(5.01968503937008,0.0511811023622047,-3.26279527559055));
#10112=CARTESIAN_POINT('',(5.07874015748032,0.110236220472441,-3.76476377952756));
#10113=CARTESIAN_POINT('Origin',(5.52165354330709,0.110236220472441,-3.51377952755906));
#10114=CARTESIAN_POINT('Origin',(4.51771653543307,0.,-3.51377952755906));
#10115=CARTESIAN_POINT('',(4.3996062992126,0.,-3.51377952755906));
#10116=CARTESIAN_POINT('Origin',(4.51771653543307,0.,-3.51377952755906));
#10117=CARTESIAN_POINT('',(4.3996062992126,0.0984251968503937,-3.51377952755906));
#10118=CARTESIAN_POINT('',(4.3996062992126,0.,-3.51377952755906));
#10119=CARTESIAN_POINT('Origin',(4.51771653543307,0.0984251968503937,-3.51377952755906));
#10120=CARTESIAN_POINT('Origin',(4.51771653543307,0.0984251968503937,-3.51377952755906));
#10121=CARTESIAN_POINT('Origin',(4.76870078740157,0.0807086614173228,-3.98622047244095));
#10122=CARTESIAN_POINT('',(4.0748031496063,0.110236220472441,-3.95669291338583));
#10123=CARTESIAN_POINT('',(4.96062992125984,0.110236220472441,-3.95669291338583));
#10124=CARTESIAN_POINT('',(4.76870078740157,0.110236220472441,-3.95669291338583));
#10125=CARTESIAN_POINT('',(4.96062992125984,0.110236220472441,-3.95669291338583));
#10126=CARTESIAN_POINT('',(4.0748031496063,0.110236220472441,-3.95669291338583));
#10127=CARTESIAN_POINT('Origin',(4.99015748031496,0.0807086614173228,-3.26279527559055));
#10128=CARTESIAN_POINT('',(4.96062992125984,0.110236220472441,-3.07086614173228));
#10129=CARTESIAN_POINT('',(4.96062992125984,0.110236220472441,-3.26279527559055));
#10130=CARTESIAN_POINT('',(4.96062992125984,0.110236220472441,-3.07086614173228));
#10131=CARTESIAN_POINT('Origin',(4.26673228346457,0.0807086614173228,-3.04133858267717));
#10132=CARTESIAN_POINT('',(4.0748031496063,0.110236220472441,-3.07086614173228));
#10133=CARTESIAN_POINT('',(4.26673228346457,0.110236220472441,-3.07086614173228));
#10134=CARTESIAN_POINT('',(4.01574803149606,0.0511811023622047,-3.01181102362205));
#10135=CARTESIAN_POINT('',(4.0748031496063,0.110236220472441,-3.07086614173228));
#10136=CARTESIAN_POINT('',(4.76870078740157,0.0511811023622047,-3.01181102362205));
#10137=CARTESIAN_POINT('Origin',(4.04527559055118,0.0807086614173228,-3.76476377952756));
#10138=CARTESIAN_POINT('',(4.01574803149606,0.0511811023622047,-3.26279527559055));
#10139=CARTESIAN_POINT('',(4.0748031496063,0.110236220472441,-3.76476377952756));
#10140=CARTESIAN_POINT('Origin',(4.51771653543307,0.110236220472441,-3.51377952755906));
#10141=CARTESIAN_POINT('Origin',(3.51377952755906,0.,-3.51377952755906));
#10142=CARTESIAN_POINT('',(3.39566929133858,0.,-3.51377952755906));
#10143=CARTESIAN_POINT('Origin',(3.51377952755906,0.,-3.51377952755906));
#10144=CARTESIAN_POINT('',(3.39566929133858,0.0984251968503937,-3.51377952755906));
#10145=CARTESIAN_POINT('',(3.39566929133858,0.,-3.51377952755906));
#10146=CARTESIAN_POINT('Origin',(3.51377952755906,0.0984251968503937,-3.51377952755906));
#10147=CARTESIAN_POINT('Origin',(3.51377952755906,0.0984251968503937,-3.51377952755906));
#10148=CARTESIAN_POINT('Origin',(3.76476377952756,0.0807086614173228,-3.98622047244095));
#10149=CARTESIAN_POINT('',(3.07086614173228,0.110236220472441,-3.95669291338583));
#10150=CARTESIAN_POINT('',(3.95669291338583,0.110236220472441,-3.95669291338583));
#10151=CARTESIAN_POINT('',(3.76476377952756,0.110236220472441,-3.95669291338583));
#10152=CARTESIAN_POINT('',(3.95669291338583,0.110236220472441,-3.95669291338583));
#10153=CARTESIAN_POINT('',(3.07086614173228,0.110236220472441,-3.95669291338583));
#10154=CARTESIAN_POINT('Origin',(3.98622047244094,0.0807086614173228,-3.26279527559055));
#10155=CARTESIAN_POINT('',(3.95669291338583,0.110236220472441,-3.07086614173228));
#10156=CARTESIAN_POINT('',(3.95669291338583,0.110236220472441,-3.26279527559055));
#10157=CARTESIAN_POINT('',(3.95669291338583,0.110236220472441,-3.07086614173228));
#10158=CARTESIAN_POINT('Origin',(3.26279527559055,0.0807086614173228,-3.04133858267717));
#10159=CARTESIAN_POINT('',(3.07086614173228,0.110236220472441,-3.07086614173228));
#10160=CARTESIAN_POINT('',(3.26279527559055,0.110236220472441,-3.07086614173228));
#10161=CARTESIAN_POINT('',(3.01181102362205,0.0511811023622047,-3.01181102362205));
#10162=CARTESIAN_POINT('',(3.07086614173228,0.110236220472441,-3.07086614173228));
#10163=CARTESIAN_POINT('',(3.76476377952756,0.0511811023622047,-3.01181102362205));
#10164=CARTESIAN_POINT('Origin',(3.04133858267716,0.0807086614173228,-3.76476377952756));
#10165=CARTESIAN_POINT('',(3.01181102362205,0.0511811023622047,-3.26279527559055));
#10166=CARTESIAN_POINT('',(3.07086614173228,0.110236220472441,-3.76476377952756));
#10167=CARTESIAN_POINT('Origin',(3.51377952755906,0.110236220472441,-3.51377952755906));
#10168=CARTESIAN_POINT('Origin',(2.50984251968504,0.,-3.51377952755906));
#10169=CARTESIAN_POINT('',(2.39173228346457,0.,-3.51377952755906));
#10170=CARTESIAN_POINT('Origin',(2.50984251968504,0.,-3.51377952755906));
#10171=CARTESIAN_POINT('',(2.39173228346457,0.0984251968503937,-3.51377952755906));
#10172=CARTESIAN_POINT('',(2.39173228346457,0.,-3.51377952755906));
#10173=CARTESIAN_POINT('Origin',(2.50984251968504,0.0984251968503937,-3.51377952755906));
#10174=CARTESIAN_POINT('Origin',(2.50984251968504,0.0984251968503937,-3.51377952755906));
#10175=CARTESIAN_POINT('Origin',(2.76082677165354,0.0807086614173228,-3.98622047244095));
#10176=CARTESIAN_POINT('',(2.06692913385827,0.110236220472441,-3.95669291338583));
#10177=CARTESIAN_POINT('',(2.95275590551181,0.110236220472441,-3.95669291338583));
#10178=CARTESIAN_POINT('',(2.76082677165354,0.110236220472441,-3.95669291338583));
#10179=CARTESIAN_POINT('',(2.95275590551181,0.110236220472441,-3.95669291338583));
#10180=CARTESIAN_POINT('',(2.06692913385827,0.110236220472441,-3.95669291338583));
#10181=CARTESIAN_POINT('Origin',(2.98228346456693,0.0807086614173228,-3.26279527559055));
#10182=CARTESIAN_POINT('',(2.95275590551181,0.110236220472441,-3.07086614173228));
#10183=CARTESIAN_POINT('',(2.95275590551181,0.110236220472441,-3.26279527559055));
#10184=CARTESIAN_POINT('',(2.95275590551181,0.110236220472441,-3.07086614173228));
#10185=CARTESIAN_POINT('Origin',(2.25885826771654,0.0807086614173228,-3.04133858267717));
#10186=CARTESIAN_POINT('',(2.06692913385827,0.110236220472441,-3.07086614173228));
#10187=CARTESIAN_POINT('',(2.25885826771654,0.110236220472441,-3.07086614173228));
#10188=CARTESIAN_POINT('',(2.00787401574803,0.0511811023622047,-3.01181102362205));
#10189=CARTESIAN_POINT('',(2.06692913385827,0.110236220472441,-3.07086614173228));
#10190=CARTESIAN_POINT('',(2.76082677165354,0.0511811023622047,-3.01181102362205));
#10191=CARTESIAN_POINT('Origin',(2.03740157480315,0.0807086614173228,-3.76476377952756));
#10192=CARTESIAN_POINT('',(2.00787401574803,0.0511811023622047,-3.26279527559055));
#10193=CARTESIAN_POINT('',(2.06692913385827,0.110236220472441,-3.76476377952756));
#10194=CARTESIAN_POINT('Origin',(2.50984251968504,0.110236220472441,-3.51377952755906));
#10195=CARTESIAN_POINT('Origin',(1.50590551181102,0.,-3.51377952755906));
#10196=CARTESIAN_POINT('',(1.38779527559055,0.,-3.51377952755906));
#10197=CARTESIAN_POINT('Origin',(1.50590551181102,0.,-3.51377952755906));
#10198=CARTESIAN_POINT('',(1.38779527559055,0.0984251968503937,-3.51377952755906));
#10199=CARTESIAN_POINT('',(1.38779527559055,0.,-3.51377952755906));
#10200=CARTESIAN_POINT('Origin',(1.50590551181102,0.0984251968503937,-3.51377952755906));
#10201=CARTESIAN_POINT('Origin',(1.50590551181102,0.0984251968503937,-3.51377952755906));
#10202=CARTESIAN_POINT('Origin',(1.75688976377953,0.0807086614173228,-3.98622047244095));
#10203=CARTESIAN_POINT('',(1.06299212598425,0.110236220472441,-3.95669291338583));
#10204=CARTESIAN_POINT('',(1.9488188976378,0.110236220472441,-3.95669291338583));
#10205=CARTESIAN_POINT('',(1.75688976377953,0.110236220472441,-3.95669291338583));
#10206=CARTESIAN_POINT('',(1.9488188976378,0.110236220472441,-3.95669291338583));
#10207=CARTESIAN_POINT('',(1.06299212598425,0.110236220472441,-3.95669291338583));
#10208=CARTESIAN_POINT('Origin',(1.97834645669291,0.0807086614173228,-3.26279527559055));
#10209=CARTESIAN_POINT('',(1.9488188976378,0.110236220472441,-3.07086614173228));
#10210=CARTESIAN_POINT('',(1.9488188976378,0.110236220472441,-3.26279527559055));
#10211=CARTESIAN_POINT('',(1.9488188976378,0.110236220472441,-3.07086614173228));
#10212=CARTESIAN_POINT('Origin',(1.25492125984252,0.0807086614173228,-3.04133858267717));
#10213=CARTESIAN_POINT('',(1.06299212598425,0.110236220472441,-3.07086614173228));
#10214=CARTESIAN_POINT('',(1.25492125984252,0.110236220472441,-3.07086614173228));
#10215=CARTESIAN_POINT('',(1.00393700787402,0.0511811023622047,-3.01181102362205));
#10216=CARTESIAN_POINT('',(1.06299212598425,0.110236220472441,-3.07086614173228));
#10217=CARTESIAN_POINT('',(1.75688976377953,0.0511811023622047,-3.01181102362205));
#10218=CARTESIAN_POINT('Origin',(1.03346456692913,0.0807086614173228,-3.76476377952756));
#10219=CARTESIAN_POINT('',(1.00393700787402,0.0511811023622047,-3.26279527559055));
#10220=CARTESIAN_POINT('',(1.06299212598425,0.110236220472441,-3.76476377952756));
#10221=CARTESIAN_POINT('Origin',(1.50590551181102,0.110236220472441,-3.51377952755906));
#10222=CARTESIAN_POINT('Origin',(0.501968503937008,0.,-3.51377952755906));
#10223=CARTESIAN_POINT('',(0.383858267716535,0.,-3.51377952755906));
#10224=CARTESIAN_POINT('Origin',(0.501968503937008,0.,-3.51377952755906));
#10225=CARTESIAN_POINT('',(0.383858267716535,0.0984251968503937,-3.51377952755906));
#10226=CARTESIAN_POINT('',(0.383858267716535,0.,-3.51377952755906));
#10227=CARTESIAN_POINT('Origin',(0.501968503937008,0.0984251968503937,-3.51377952755906));
#10228=CARTESIAN_POINT('Origin',(0.501968503937008,0.0984251968503937,-3.51377952755906));
#10229=CARTESIAN_POINT('Origin',(0.752952755905512,0.0807086614173228,-3.98622047244095));
#10230=CARTESIAN_POINT('',(0.0590551181102362,0.110236220472441,-3.95669291338583));
#10231=CARTESIAN_POINT('',(0.944881889763779,0.110236220472441,-3.95669291338583));
#10232=CARTESIAN_POINT('',(0.752952755905512,0.110236220472441,-3.95669291338583));
#10233=CARTESIAN_POINT('',(0.944881889763779,0.110236220472441,-3.95669291338583));
#10234=CARTESIAN_POINT('',(0.0590551181102362,0.110236220472441,-3.95669291338583));
#10235=CARTESIAN_POINT('Origin',(0.974409448818898,0.0807086614173228,-3.26279527559055));
#10236=CARTESIAN_POINT('',(0.94488188976378,0.110236220472441,-3.07086614173228));
#10237=CARTESIAN_POINT('',(0.94488188976378,0.110236220472441,-3.26279527559055));
#10238=CARTESIAN_POINT('',(0.94488188976378,0.110236220472441,-3.07086614173228));
#10239=CARTESIAN_POINT('Origin',(0.250984251968504,0.0807086614173228,-3.04133858267717));
#10240=CARTESIAN_POINT('',(0.0590551181102362,0.110236220472441,-3.07086614173228));
#10241=CARTESIAN_POINT('',(0.250984251968504,0.110236220472441,-3.07086614173228));
#10242=CARTESIAN_POINT('',(0.,0.0511811023622047,-3.01181102362205));
#10243=CARTESIAN_POINT('',(0.0590551181102362,0.110236220472441,-3.07086614173228));
#10244=CARTESIAN_POINT('',(0.752952755905512,0.0511811023622047,-3.01181102362205));
#10245=CARTESIAN_POINT('Origin',(0.0295275590551182,0.0807086614173228,
-3.76476377952756));
#10246=CARTESIAN_POINT('',(0.,0.0511811023622047,-3.76476377952756));
#10247=CARTESIAN_POINT('',(0.0590551181102362,0.110236220472441,-3.76476377952756));
#10248=CARTESIAN_POINT('Origin',(0.501968503937008,0.110236220472441,-3.51377952755906));
#10249=CARTESIAN_POINT('Origin',(7.52952755905512,0.,-2.50984251968504));
#10250=CARTESIAN_POINT('',(7.41141732283464,0.,-2.50984251968504));
#10251=CARTESIAN_POINT('Origin',(7.52952755905512,0.,-2.50984251968504));
#10252=CARTESIAN_POINT('',(7.41141732283464,0.0984251968503937,-2.50984251968504));
#10253=CARTESIAN_POINT('',(7.41141732283464,0.,-2.50984251968504));
#10254=CARTESIAN_POINT('Origin',(7.52952755905512,0.0984251968503937,-2.50984251968504));
#10255=CARTESIAN_POINT('Origin',(7.52952755905512,0.0984251968503937,-2.50984251968504));
#10256=CARTESIAN_POINT('Origin',(7.78051181102362,0.0807086614173228,-2.98228346456693));
#10257=CARTESIAN_POINT('',(7.08661417322835,0.110236220472441,-2.95275590551181));
#10258=CARTESIAN_POINT('',(7.97244094488189,0.110236220472441,-2.95275590551181));
#10259=CARTESIAN_POINT('',(7.78051181102362,0.110236220472441,-2.95275590551181));
#10260=CARTESIAN_POINT('',(7.97244094488189,0.110236220472441,-2.95275590551181));
#10261=CARTESIAN_POINT('',(7.08661417322835,0.110236220472441,-2.95275590551181));
#10262=CARTESIAN_POINT('Origin',(8.00196850393701,0.0807086614173228,-2.25885826771654));
#10263=CARTESIAN_POINT('',(7.97244094488189,0.110236220472441,-2.06692913385827));
#10264=CARTESIAN_POINT('',(7.97244094488189,0.110236220472441,-2.25885826771654));
#10265=CARTESIAN_POINT('',(8.03149606299213,0.0511811023622047,-2.00787401574803));
#10266=CARTESIAN_POINT('',(7.97244094488189,0.110236220472441,-2.06692913385827));
#10267=CARTESIAN_POINT('',(8.03149606299213,0.0511811023622047,-2.25885826771654));
#10268=CARTESIAN_POINT('Origin',(7.27854330708661,0.0807086614173228,-2.03740157480315));
#10269=CARTESIAN_POINT('',(7.08661417322835,0.110236220472441,-2.06692913385827));
#10270=CARTESIAN_POINT('',(7.27854330708661,0.110236220472441,-2.06692913385827));
#10271=CARTESIAN_POINT('',(7.02755905511811,0.0511811023622047,-2.00787401574803));
#10272=CARTESIAN_POINT('',(7.08661417322835,0.110236220472441,-2.06692913385827));
#10273=CARTESIAN_POINT('',(7.78051181102362,0.0511811023622047,-2.00787401574803));
#10274=CARTESIAN_POINT('Origin',(7.05708661417323,0.0807086614173228,-2.76082677165355));
#10275=CARTESIAN_POINT('',(7.02755905511811,0.0511811023622047,-2.25885826771654));
#10276=CARTESIAN_POINT('',(7.08661417322835,0.110236220472441,-2.76082677165355));
#10277=CARTESIAN_POINT('Origin',(7.52952755905512,0.110236220472441,-2.50984251968504));
#10278=CARTESIAN_POINT('Origin',(6.5255905511811,0.,-2.50984251968504));
#10279=CARTESIAN_POINT('',(6.40748031496063,0.,-2.50984251968504));
#10280=CARTESIAN_POINT('Origin',(6.5255905511811,0.,-2.50984251968504));
#10281=CARTESIAN_POINT('',(6.40748031496063,0.0984251968503937,-2.50984251968504));
#10282=CARTESIAN_POINT('',(6.40748031496063,0.,-2.50984251968504));
#10283=CARTESIAN_POINT('Origin',(6.5255905511811,0.0984251968503937,-2.50984251968504));
#10284=CARTESIAN_POINT('Origin',(6.5255905511811,0.0984251968503937,-2.50984251968504));
#10285=CARTESIAN_POINT('Origin',(6.77657480314961,0.0807086614173228,-2.98228346456693));
#10286=CARTESIAN_POINT('',(6.08267716535433,0.110236220472441,-2.95275590551181));
#10287=CARTESIAN_POINT('',(6.96850393700787,0.110236220472441,-2.95275590551181));
#10288=CARTESIAN_POINT('',(6.77657480314961,0.110236220472441,-2.95275590551181));
#10289=CARTESIAN_POINT('',(6.96850393700787,0.110236220472441,-2.95275590551181));
#10290=CARTESIAN_POINT('',(6.08267716535433,0.110236220472441,-2.95275590551181));
#10291=CARTESIAN_POINT('Origin',(6.99803149606299,0.0807086614173228,-2.25885826771654));
#10292=CARTESIAN_POINT('',(6.96850393700787,0.110236220472441,-2.06692913385827));
#10293=CARTESIAN_POINT('',(6.96850393700787,0.110236220472441,-2.25885826771654));
#10294=CARTESIAN_POINT('',(6.96850393700787,0.110236220472441,-2.06692913385827));
#10295=CARTESIAN_POINT('Origin',(6.2746062992126,0.0807086614173228,-2.03740157480315));
#10296=CARTESIAN_POINT('',(6.08267716535433,0.110236220472441,-2.06692913385827));
#10297=CARTESIAN_POINT('',(6.2746062992126,0.110236220472441,-2.06692913385827));
#10298=CARTESIAN_POINT('',(6.02362204724409,0.0511811023622047,-2.00787401574803));
#10299=CARTESIAN_POINT('',(6.08267716535433,0.110236220472441,-2.06692913385827));
#10300=CARTESIAN_POINT('',(6.77657480314961,0.0511811023622047,-2.00787401574803));
#10301=CARTESIAN_POINT('Origin',(6.05314960629921,0.0807086614173228,-2.76082677165355));
#10302=CARTESIAN_POINT('',(6.02362204724409,0.0511811023622047,-2.25885826771654));
#10303=CARTESIAN_POINT('',(6.08267716535433,0.110236220472441,-2.76082677165355));
#10304=CARTESIAN_POINT('Origin',(6.5255905511811,0.110236220472441,-2.50984251968504));
#10305=CARTESIAN_POINT('Origin',(5.52165354330709,0.,-2.50984251968504));
#10306=CARTESIAN_POINT('',(5.40354330708661,0.,-2.50984251968504));
#10307=CARTESIAN_POINT('Origin',(5.52165354330709,0.,-2.50984251968504));
#10308=CARTESIAN_POINT('',(5.40354330708661,0.0984251968503937,-2.50984251968504));
#10309=CARTESIAN_POINT('',(5.40354330708661,0.,-2.50984251968504));
#10310=CARTESIAN_POINT('Origin',(5.52165354330709,0.0984251968503937,-2.50984251968504));
#10311=CARTESIAN_POINT('Origin',(5.52165354330709,0.0984251968503937,-2.50984251968504));
#10312=CARTESIAN_POINT('Origin',(5.77263779527559,0.0807086614173228,-2.98228346456693));
#10313=CARTESIAN_POINT('',(5.07874015748032,0.110236220472441,-2.95275590551181));
#10314=CARTESIAN_POINT('',(5.96456692913386,0.110236220472441,-2.95275590551181));
#10315=CARTESIAN_POINT('',(5.77263779527559,0.110236220472441,-2.95275590551181));
#10316=CARTESIAN_POINT('',(5.96456692913386,0.110236220472441,-2.95275590551181));
#10317=CARTESIAN_POINT('',(5.07874015748032,0.110236220472441,-2.95275590551181));
#10318=CARTESIAN_POINT('Origin',(5.99409448818898,0.0807086614173228,-2.25885826771654));
#10319=CARTESIAN_POINT('',(5.96456692913386,0.110236220472441,-2.06692913385827));
#10320=CARTESIAN_POINT('',(5.96456692913386,0.110236220472441,-2.25885826771654));
#10321=CARTESIAN_POINT('',(5.96456692913386,0.110236220472441,-2.06692913385827));
#10322=CARTESIAN_POINT('Origin',(5.27066929133858,0.0807086614173228,-2.03740157480315));
#10323=CARTESIAN_POINT('',(5.07874015748032,0.110236220472441,-2.06692913385827));
#10324=CARTESIAN_POINT('',(5.27066929133858,0.110236220472441,-2.06692913385827));
#10325=CARTESIAN_POINT('',(5.01968503937008,0.0511811023622047,-2.00787401574803));
#10326=CARTESIAN_POINT('',(5.07874015748032,0.110236220472441,-2.06692913385827));
#10327=CARTESIAN_POINT('',(5.77263779527559,0.0511811023622047,-2.00787401574803));
#10328=CARTESIAN_POINT('Origin',(5.0492125984252,0.0807086614173228,-2.76082677165355));
#10329=CARTESIAN_POINT('',(5.01968503937008,0.0511811023622047,-2.25885826771654));
#10330=CARTESIAN_POINT('',(5.07874015748032,0.110236220472441,-2.76082677165355));
#10331=CARTESIAN_POINT('Origin',(5.52165354330709,0.110236220472441,-2.50984251968504));
#10332=CARTESIAN_POINT('Origin',(4.51771653543307,0.,-2.50984251968504));
#10333=CARTESIAN_POINT('',(4.3996062992126,0.,-2.50984251968504));
#10334=CARTESIAN_POINT('Origin',(4.51771653543307,0.,-2.50984251968504));
#10335=CARTESIAN_POINT('',(4.3996062992126,0.0984251968503937,-2.50984251968504));
#10336=CARTESIAN_POINT('',(4.3996062992126,0.,-2.50984251968504));
#10337=CARTESIAN_POINT('Origin',(4.51771653543307,0.0984251968503937,-2.50984251968504));
#10338=CARTESIAN_POINT('Origin',(4.51771653543307,0.0984251968503937,-2.50984251968504));
#10339=CARTESIAN_POINT('Origin',(4.76870078740157,0.0807086614173228,-2.98228346456693));
#10340=CARTESIAN_POINT('',(4.0748031496063,0.110236220472441,-2.95275590551181));
#10341=CARTESIAN_POINT('',(4.96062992125984,0.110236220472441,-2.95275590551181));
#10342=CARTESIAN_POINT('',(4.76870078740157,0.110236220472441,-2.95275590551181));
#10343=CARTESIAN_POINT('',(4.96062992125984,0.110236220472441,-2.95275590551181));
#10344=CARTESIAN_POINT('',(4.0748031496063,0.110236220472441,-2.95275590551181));
#10345=CARTESIAN_POINT('Origin',(4.99015748031496,0.0807086614173228,-2.25885826771654));
#10346=CARTESIAN_POINT('',(4.96062992125984,0.110236220472441,-2.06692913385827));
#10347=CARTESIAN_POINT('',(4.96062992125984,0.110236220472441,-2.25885826771654));
#10348=CARTESIAN_POINT('',(4.96062992125984,0.110236220472441,-2.06692913385827));
#10349=CARTESIAN_POINT('Origin',(4.26673228346457,0.0807086614173228,-2.03740157480315));
#10350=CARTESIAN_POINT('',(4.0748031496063,0.110236220472441,-2.06692913385827));
#10351=CARTESIAN_POINT('',(4.26673228346457,0.110236220472441,-2.06692913385827));
#10352=CARTESIAN_POINT('',(4.01574803149606,0.0511811023622047,-2.00787401574803));
#10353=CARTESIAN_POINT('',(4.0748031496063,0.110236220472441,-2.06692913385827));
#10354=CARTESIAN_POINT('',(4.76870078740157,0.0511811023622047,-2.00787401574803));
#10355=CARTESIAN_POINT('Origin',(4.04527559055118,0.0807086614173228,-2.76082677165354));
#10356=CARTESIAN_POINT('',(4.01574803149606,0.0511811023622047,-2.25885826771654));
#10357=CARTESIAN_POINT('',(4.0748031496063,0.110236220472441,-2.76082677165354));
#10358=CARTESIAN_POINT('Origin',(4.51771653543307,0.110236220472441,-2.50984251968504));
#10359=CARTESIAN_POINT('Origin',(3.51377952755906,0.,-2.50984251968504));
#10360=CARTESIAN_POINT('',(3.39566929133858,0.,-2.50984251968504));
#10361=CARTESIAN_POINT('Origin',(3.51377952755906,0.,-2.50984251968504));
#10362=CARTESIAN_POINT('',(3.39566929133858,0.0984251968503937,-2.50984251968504));
#10363=CARTESIAN_POINT('',(3.39566929133858,0.,-2.50984251968504));
#10364=CARTESIAN_POINT('Origin',(3.51377952755906,0.0984251968503937,-2.50984251968504));
#10365=CARTESIAN_POINT('Origin',(3.51377952755906,0.0984251968503937,-2.50984251968504));
#10366=CARTESIAN_POINT('Origin',(3.76476377952756,0.0807086614173228,-2.98228346456693));
#10367=CARTESIAN_POINT('',(3.07086614173228,0.110236220472441,-2.95275590551181));
#10368=CARTESIAN_POINT('',(3.95669291338583,0.110236220472441,-2.95275590551181));
#10369=CARTESIAN_POINT('',(3.76476377952756,0.110236220472441,-2.95275590551181));
#10370=CARTESIAN_POINT('',(3.95669291338583,0.110236220472441,-2.95275590551181));
#10371=CARTESIAN_POINT('',(3.07086614173228,0.110236220472441,-2.95275590551181));
#10372=CARTESIAN_POINT('Origin',(3.98622047244094,0.0807086614173228,-2.25885826771654));
#10373=CARTESIAN_POINT('',(3.95669291338583,0.110236220472441,-2.06692913385827));
#10374=CARTESIAN_POINT('',(3.95669291338583,0.110236220472441,-2.25885826771654));
#10375=CARTESIAN_POINT('',(3.95669291338583,0.110236220472441,-2.06692913385827));
#10376=CARTESIAN_POINT('Origin',(3.26279527559055,0.0807086614173228,-2.03740157480315));
#10377=CARTESIAN_POINT('',(3.07086614173228,0.110236220472441,-2.06692913385827));
#10378=CARTESIAN_POINT('',(3.26279527559055,0.110236220472441,-2.06692913385827));
#10379=CARTESIAN_POINT('',(3.01181102362205,0.0511811023622047,-2.00787401574803));
#10380=CARTESIAN_POINT('',(3.07086614173228,0.110236220472441,-2.06692913385827));
#10381=CARTESIAN_POINT('',(3.76476377952756,0.0511811023622047,-2.00787401574803));
#10382=CARTESIAN_POINT('Origin',(3.04133858267716,0.0807086614173228,-2.76082677165354));
#10383=CARTESIAN_POINT('',(3.01181102362205,0.0511811023622047,-2.25885826771654));
#10384=CARTESIAN_POINT('',(3.07086614173228,0.110236220472441,-2.76082677165354));
#10385=CARTESIAN_POINT('Origin',(3.51377952755906,0.110236220472441,-2.50984251968504));
#10386=CARTESIAN_POINT('Origin',(2.50984251968504,0.,-2.50984251968504));
#10387=CARTESIAN_POINT('',(2.39173228346457,0.,-2.50984251968504));
#10388=CARTESIAN_POINT('Origin',(2.50984251968504,0.,-2.50984251968504));
#10389=CARTESIAN_POINT('',(2.39173228346457,0.0984251968503937,-2.50984251968504));
#10390=CARTESIAN_POINT('',(2.39173228346457,0.,-2.50984251968504));
#10391=CARTESIAN_POINT('Origin',(2.50984251968504,0.0984251968503937,-2.50984251968504));
#10392=CARTESIAN_POINT('Origin',(2.50984251968504,0.0984251968503937,-2.50984251968504));
#10393=CARTESIAN_POINT('Origin',(2.76082677165354,0.0807086614173228,-2.98228346456693));
#10394=CARTESIAN_POINT('',(2.06692913385827,0.110236220472441,-2.95275590551181));
#10395=CARTESIAN_POINT('',(2.95275590551181,0.110236220472441,-2.95275590551181));
#10396=CARTESIAN_POINT('',(2.76082677165354,0.110236220472441,-2.95275590551181));
#10397=CARTESIAN_POINT('',(2.95275590551181,0.110236220472441,-2.95275590551181));
#10398=CARTESIAN_POINT('',(2.06692913385827,0.110236220472441,-2.95275590551181));
#10399=CARTESIAN_POINT('Origin',(2.98228346456693,0.0807086614173228,-2.25885826771654));
#10400=CARTESIAN_POINT('',(2.95275590551181,0.110236220472441,-2.06692913385827));
#10401=CARTESIAN_POINT('',(2.95275590551181,0.110236220472441,-2.25885826771654));
#10402=CARTESIAN_POINT('',(2.95275590551181,0.110236220472441,-2.06692913385827));
#10403=CARTESIAN_POINT('Origin',(2.25885826771654,0.0807086614173228,-2.03740157480315));
#10404=CARTESIAN_POINT('',(2.06692913385827,0.110236220472441,-2.06692913385827));
#10405=CARTESIAN_POINT('',(2.25885826771654,0.110236220472441,-2.06692913385827));
#10406=CARTESIAN_POINT('',(2.00787401574803,0.0511811023622047,-2.00787401574803));
#10407=CARTESIAN_POINT('',(2.06692913385827,0.110236220472441,-2.06692913385827));
#10408=CARTESIAN_POINT('',(2.76082677165354,0.0511811023622047,-2.00787401574803));
#10409=CARTESIAN_POINT('Origin',(2.03740157480315,0.0807086614173228,-2.76082677165354));
#10410=CARTESIAN_POINT('',(2.00787401574803,0.0511811023622047,-2.25885826771654));
#10411=CARTESIAN_POINT('',(2.06692913385827,0.110236220472441,-2.76082677165354));
#10412=CARTESIAN_POINT('Origin',(2.50984251968504,0.110236220472441,-2.50984251968504));
#10413=CARTESIAN_POINT('Origin',(1.50590551181102,0.,-2.50984251968504));
#10414=CARTESIAN_POINT('',(1.38779527559055,0.,-2.50984251968504));
#10415=CARTESIAN_POINT('Origin',(1.50590551181102,0.,-2.50984251968504));
#10416=CARTESIAN_POINT('',(1.38779527559055,0.0984251968503937,-2.50984251968504));
#10417=CARTESIAN_POINT('',(1.38779527559055,0.,-2.50984251968504));
#10418=CARTESIAN_POINT('Origin',(1.50590551181102,0.0984251968503937,-2.50984251968504));
#10419=CARTESIAN_POINT('Origin',(1.50590551181102,0.0984251968503937,-2.50984251968504));
#10420=CARTESIAN_POINT('Origin',(1.75688976377953,0.0807086614173228,-2.98228346456693));
#10421=CARTESIAN_POINT('',(1.06299212598425,0.110236220472441,-2.95275590551181));
#10422=CARTESIAN_POINT('',(1.9488188976378,0.110236220472441,-2.95275590551181));
#10423=CARTESIAN_POINT('',(1.75688976377953,0.110236220472441,-2.95275590551181));
#10424=CARTESIAN_POINT('',(1.9488188976378,0.110236220472441,-2.95275590551181));
#10425=CARTESIAN_POINT('',(1.06299212598425,0.110236220472441,-2.95275590551181));
#10426=CARTESIAN_POINT('Origin',(1.97834645669291,0.0807086614173228,-2.25885826771654));
#10427=CARTESIAN_POINT('',(1.9488188976378,0.110236220472441,-2.06692913385827));
#10428=CARTESIAN_POINT('',(1.9488188976378,0.110236220472441,-2.25885826771654));
#10429=CARTESIAN_POINT('',(1.9488188976378,0.110236220472441,-2.06692913385827));
#10430=CARTESIAN_POINT('Origin',(1.25492125984252,0.0807086614173228,-2.03740157480315));
#10431=CARTESIAN_POINT('',(1.06299212598425,0.110236220472441,-2.06692913385827));
#10432=CARTESIAN_POINT('',(1.25492125984252,0.110236220472441,-2.06692913385827));
#10433=CARTESIAN_POINT('',(1.00393700787402,0.0511811023622047,-2.00787401574803));
#10434=CARTESIAN_POINT('',(1.06299212598425,0.110236220472441,-2.06692913385827));
#10435=CARTESIAN_POINT('',(1.75688976377953,0.0511811023622047,-2.00787401574803));
#10436=CARTESIAN_POINT('Origin',(1.03346456692913,0.0807086614173228,-2.76082677165354));
#10437=CARTESIAN_POINT('',(1.00393700787402,0.0511811023622047,-2.25885826771654));
#10438=CARTESIAN_POINT('',(1.06299212598425,0.110236220472441,-2.76082677165354));
#10439=CARTESIAN_POINT('Origin',(1.50590551181102,0.110236220472441,-2.50984251968504));
#10440=CARTESIAN_POINT('Origin',(0.501968503937008,0.,-2.50984251968504));
#10441=CARTESIAN_POINT('',(0.383858267716535,0.,-2.50984251968504));
#10442=CARTESIAN_POINT('Origin',(0.501968503937008,0.,-2.50984251968504));
#10443=CARTESIAN_POINT('',(0.383858267716535,0.0984251968503937,-2.50984251968504));
#10444=CARTESIAN_POINT('',(0.383858267716535,0.,-2.50984251968504));
#10445=CARTESIAN_POINT('Origin',(0.501968503937008,0.0984251968503937,-2.50984251968504));
#10446=CARTESIAN_POINT('Origin',(0.501968503937008,0.0984251968503937,-2.50984251968504));
#10447=CARTESIAN_POINT('Origin',(0.752952755905512,0.0807086614173228,-2.98228346456693));
#10448=CARTESIAN_POINT('',(0.0590551181102362,0.110236220472441,-2.95275590551181));
#10449=CARTESIAN_POINT('',(0.944881889763779,0.110236220472441,-2.95275590551181));
#10450=CARTESIAN_POINT('',(0.752952755905512,0.110236220472441,-2.95275590551181));
#10451=CARTESIAN_POINT('',(0.944881889763779,0.110236220472441,-2.95275590551181));
#10452=CARTESIAN_POINT('',(0.0590551181102362,0.110236220472441,-2.95275590551181));
#10453=CARTESIAN_POINT('Origin',(0.974409448818898,0.0807086614173228,-2.25885826771654));
#10454=CARTESIAN_POINT('',(0.94488188976378,0.110236220472441,-2.06692913385827));
#10455=CARTESIAN_POINT('',(0.94488188976378,0.110236220472441,-2.25885826771654));
#10456=CARTESIAN_POINT('',(0.94488188976378,0.110236220472441,-2.06692913385827));
#10457=CARTESIAN_POINT('Origin',(0.250984251968504,0.0807086614173228,-2.03740157480315));
#10458=CARTESIAN_POINT('',(0.0590551181102362,0.110236220472441,-2.06692913385827));
#10459=CARTESIAN_POINT('',(0.250984251968504,0.110236220472441,-2.06692913385827));
#10460=CARTESIAN_POINT('',(0.,0.0511811023622047,-2.00787401574803));
#10461=CARTESIAN_POINT('',(0.0590551181102362,0.110236220472441,-2.06692913385827));
#10462=CARTESIAN_POINT('',(0.752952755905512,0.0511811023622047,-2.00787401574803));
#10463=CARTESIAN_POINT('Origin',(0.0295275590551182,0.0807086614173228,
-2.76082677165354));
#10464=CARTESIAN_POINT('',(0.,0.0511811023622047,-2.76082677165354));
#10465=CARTESIAN_POINT('',(0.0590551181102362,0.110236220472441,-2.76082677165354));
#10466=CARTESIAN_POINT('Origin',(0.501968503937008,0.110236220472441,-2.50984251968504));
#10467=CARTESIAN_POINT('Origin',(7.52952755905512,0.,-1.50590551181103));
#10468=CARTESIAN_POINT('',(7.41141732283464,0.,-1.50590551181103));
#10469=CARTESIAN_POINT('Origin',(7.52952755905512,0.,-1.50590551181103));
#10470=CARTESIAN_POINT('',(7.41141732283464,0.0984251968503937,-1.50590551181103));
#10471=CARTESIAN_POINT('',(7.41141732283464,0.,-1.50590551181103));
#10472=CARTESIAN_POINT('Origin',(7.52952755905512,0.0984251968503937,-1.50590551181103));
#10473=CARTESIAN_POINT('Origin',(7.52952755905512,0.0984251968503937,-1.50590551181103));
#10474=CARTESIAN_POINT('Origin',(7.78051181102362,0.0807086614173228,-1.97834645669291));
#10475=CARTESIAN_POINT('',(7.08661417322835,0.110236220472441,-1.9488188976378));
#10476=CARTESIAN_POINT('',(7.97244094488189,0.110236220472441,-1.9488188976378));
#10477=CARTESIAN_POINT('',(7.78051181102362,0.110236220472441,-1.9488188976378));
#10478=CARTESIAN_POINT('',(7.97244094488189,0.110236220472441,-1.9488188976378));
#10479=CARTESIAN_POINT('',(7.08661417322835,0.110236220472441,-1.9488188976378));
#10480=CARTESIAN_POINT('Origin',(8.00196850393701,0.0807086614173228,-1.25492125984252));
#10481=CARTESIAN_POINT('',(7.97244094488189,0.110236220472441,-1.06299212598425));
#10482=CARTESIAN_POINT('',(7.97244094488189,0.110236220472441,-1.25492125984252));
#10483=CARTESIAN_POINT('',(8.03149606299213,0.0511811023622047,-1.00393700787402));
#10484=CARTESIAN_POINT('',(7.97244094488189,0.110236220472441,-1.06299212598425));
#10485=CARTESIAN_POINT('',(8.03149606299213,0.0511811023622047,-1.25492125984252));
#10486=CARTESIAN_POINT('Origin',(7.27854330708661,0.0807086614173228,-1.03346456692914));
#10487=CARTESIAN_POINT('',(7.08661417322835,0.110236220472441,-1.06299212598425));
#10488=CARTESIAN_POINT('',(7.27854330708661,0.110236220472441,-1.06299212598425));
#10489=CARTESIAN_POINT('',(7.02755905511811,0.0511811023622047,-1.00393700787402));
#10490=CARTESIAN_POINT('',(7.08661417322835,0.110236220472441,-1.06299212598425));
#10491=CARTESIAN_POINT('',(7.78051181102362,0.0511811023622047,-1.00393700787402));
#10492=CARTESIAN_POINT('Origin',(7.05708661417323,0.0807086614173228,-1.75688976377953));
#10493=CARTESIAN_POINT('',(7.02755905511811,0.0511811023622047,-1.25492125984252));
#10494=CARTESIAN_POINT('',(7.08661417322835,0.110236220472441,-1.75688976377953));
#10495=CARTESIAN_POINT('Origin',(7.52952755905512,0.110236220472441,-1.50590551181103));
#10496=CARTESIAN_POINT('Origin',(6.5255905511811,0.,-1.50590551181103));
#10497=CARTESIAN_POINT('',(6.40748031496063,0.,-1.50590551181103));
#10498=CARTESIAN_POINT('Origin',(6.5255905511811,0.,-1.50590551181103));
#10499=CARTESIAN_POINT('',(6.40748031496063,0.0984251968503937,-1.50590551181103));
#10500=CARTESIAN_POINT('',(6.40748031496063,0.,-1.50590551181103));
#10501=CARTESIAN_POINT('Origin',(6.5255905511811,0.0984251968503937,-1.50590551181103));
#10502=CARTESIAN_POINT('Origin',(6.5255905511811,0.0984251968503937,-1.50590551181103));
#10503=CARTESIAN_POINT('Origin',(6.77657480314961,0.0807086614173228,-1.97834645669291));
#10504=CARTESIAN_POINT('',(6.08267716535433,0.110236220472441,-1.9488188976378));
#10505=CARTESIAN_POINT('',(6.96850393700787,0.110236220472441,-1.9488188976378));
#10506=CARTESIAN_POINT('',(6.77657480314961,0.110236220472441,-1.9488188976378));
#10507=CARTESIAN_POINT('',(6.96850393700787,0.110236220472441,-1.9488188976378));
#10508=CARTESIAN_POINT('',(6.08267716535433,0.110236220472441,-1.9488188976378));
#10509=CARTESIAN_POINT('Origin',(6.99803149606299,0.0807086614173228,-1.25492125984252));
#10510=CARTESIAN_POINT('',(6.96850393700787,0.110236220472441,-1.06299212598425));
#10511=CARTESIAN_POINT('',(6.96850393700787,0.110236220472441,-1.25492125984252));
#10512=CARTESIAN_POINT('',(6.96850393700787,0.110236220472441,-1.06299212598425));
#10513=CARTESIAN_POINT('Origin',(6.2746062992126,0.0807086614173228,-1.03346456692913));
#10514=CARTESIAN_POINT('',(6.08267716535433,0.110236220472441,-1.06299212598425));
#10515=CARTESIAN_POINT('',(6.2746062992126,0.110236220472441,-1.06299212598425));
#10516=CARTESIAN_POINT('',(6.02362204724409,0.0511811023622047,-1.00393700787402));
#10517=CARTESIAN_POINT('',(6.08267716535433,0.110236220472441,-1.06299212598425));
#10518=CARTESIAN_POINT('',(6.77657480314961,0.0511811023622047,-1.00393700787402));
#10519=CARTESIAN_POINT('Origin',(6.05314960629921,0.0807086614173228,-1.75688976377953));
#10520=CARTESIAN_POINT('',(6.02362204724409,0.0511811023622047,-1.25492125984252));
#10521=CARTESIAN_POINT('',(6.08267716535433,0.110236220472441,-1.75688976377953));
#10522=CARTESIAN_POINT('Origin',(6.5255905511811,0.110236220472441,-1.50590551181103));
#10523=CARTESIAN_POINT('Origin',(5.52165354330709,0.,-1.50590551181103));
#10524=CARTESIAN_POINT('',(5.40354330708661,0.,-1.50590551181103));
#10525=CARTESIAN_POINT('Origin',(5.52165354330709,0.,-1.50590551181103));
#10526=CARTESIAN_POINT('',(5.40354330708661,0.0984251968503937,-1.50590551181103));
#10527=CARTESIAN_POINT('',(5.40354330708661,0.,-1.50590551181103));
#10528=CARTESIAN_POINT('Origin',(5.52165354330709,0.0984251968503937,-1.50590551181103));
#10529=CARTESIAN_POINT('Origin',(5.52165354330709,0.0984251968503937,-1.50590551181103));
#10530=CARTESIAN_POINT('Origin',(5.77263779527559,0.0807086614173228,-1.97834645669291));
#10531=CARTESIAN_POINT('',(5.07874015748032,0.110236220472441,-1.9488188976378));
#10532=CARTESIAN_POINT('',(5.96456692913386,0.110236220472441,-1.9488188976378));
#10533=CARTESIAN_POINT('',(5.77263779527559,0.110236220472441,-1.9488188976378));
#10534=CARTESIAN_POINT('',(5.96456692913386,0.110236220472441,-1.9488188976378));
#10535=CARTESIAN_POINT('',(5.07874015748032,0.110236220472441,-1.9488188976378));
#10536=CARTESIAN_POINT('Origin',(5.99409448818898,0.0807086614173228,-1.25492125984252));
#10537=CARTESIAN_POINT('',(5.96456692913386,0.110236220472441,-1.06299212598425));
#10538=CARTESIAN_POINT('',(5.96456692913386,0.110236220472441,-1.25492125984252));
#10539=CARTESIAN_POINT('',(5.96456692913386,0.110236220472441,-1.06299212598425));
#10540=CARTESIAN_POINT('Origin',(5.27066929133858,0.0807086614173228,-1.03346456692913));
#10541=CARTESIAN_POINT('',(5.07874015748032,0.110236220472441,-1.06299212598425));
#10542=CARTESIAN_POINT('',(5.27066929133858,0.110236220472441,-1.06299212598425));
#10543=CARTESIAN_POINT('',(5.01968503937008,0.0511811023622047,-1.00393700787402));
#10544=CARTESIAN_POINT('',(5.07874015748032,0.110236220472441,-1.06299212598425));
#10545=CARTESIAN_POINT('',(5.77263779527559,0.0511811023622047,-1.00393700787402));
#10546=CARTESIAN_POINT('Origin',(5.0492125984252,0.0807086614173228,-1.75688976377953));
#10547=CARTESIAN_POINT('',(5.01968503937008,0.0511811023622047,-1.25492125984252));
#10548=CARTESIAN_POINT('',(5.07874015748032,0.110236220472441,-1.75688976377953));
#10549=CARTESIAN_POINT('Origin',(5.52165354330709,0.110236220472441,-1.50590551181103));
#10550=CARTESIAN_POINT('Origin',(4.51771653543307,0.,-1.50590551181103));
#10551=CARTESIAN_POINT('',(4.3996062992126,0.,-1.50590551181103));
#10552=CARTESIAN_POINT('Origin',(4.51771653543307,0.,-1.50590551181103));
#10553=CARTESIAN_POINT('',(4.3996062992126,0.0984251968503937,-1.50590551181103));
#10554=CARTESIAN_POINT('',(4.3996062992126,0.,-1.50590551181103));
#10555=CARTESIAN_POINT('Origin',(4.51771653543307,0.0984251968503937,-1.50590551181103));
#10556=CARTESIAN_POINT('Origin',(4.51771653543307,0.0984251968503937,-1.50590551181103));
#10557=CARTESIAN_POINT('Origin',(4.76870078740157,0.0807086614173228,-1.97834645669291));
#10558=CARTESIAN_POINT('',(4.0748031496063,0.110236220472441,-1.9488188976378));
#10559=CARTESIAN_POINT('',(4.96062992125984,0.110236220472441,-1.9488188976378));
#10560=CARTESIAN_POINT('',(4.76870078740157,0.110236220472441,-1.9488188976378));
#10561=CARTESIAN_POINT('',(4.96062992125984,0.110236220472441,-1.9488188976378));
#10562=CARTESIAN_POINT('',(4.0748031496063,0.110236220472441,-1.9488188976378));
#10563=CARTESIAN_POINT('Origin',(4.99015748031496,0.0807086614173228,-1.25492125984252));
#10564=CARTESIAN_POINT('',(4.96062992125984,0.110236220472441,-1.06299212598425));
#10565=CARTESIAN_POINT('',(4.96062992125984,0.110236220472441,-1.25492125984252));
#10566=CARTESIAN_POINT('',(4.96062992125984,0.110236220472441,-1.06299212598425));
#10567=CARTESIAN_POINT('Origin',(4.26673228346457,0.0807086614173228,-1.03346456692913));
#10568=CARTESIAN_POINT('',(4.0748031496063,0.110236220472441,-1.06299212598425));
#10569=CARTESIAN_POINT('',(4.26673228346457,0.110236220472441,-1.06299212598425));
#10570=CARTESIAN_POINT('',(4.01574803149606,0.0511811023622047,-1.00393700787402));
#10571=CARTESIAN_POINT('',(4.0748031496063,0.110236220472441,-1.06299212598425));
#10572=CARTESIAN_POINT('',(4.76870078740157,0.0511811023622047,-1.00393700787402));
#10573=CARTESIAN_POINT('Origin',(4.04527559055118,0.0807086614173228,-1.75688976377953));
#10574=CARTESIAN_POINT('',(4.01574803149606,0.0511811023622047,-1.25492125984252));
#10575=CARTESIAN_POINT('',(4.0748031496063,0.110236220472441,-1.75688976377953));
#10576=CARTESIAN_POINT('Origin',(4.51771653543307,0.110236220472441,-1.50590551181103));
#10577=CARTESIAN_POINT('Origin',(3.51377952755906,0.,-1.50590551181103));
#10578=CARTESIAN_POINT('',(3.39566929133858,0.,-1.50590551181103));
#10579=CARTESIAN_POINT('Origin',(3.51377952755906,0.,-1.50590551181103));
#10580=CARTESIAN_POINT('',(3.39566929133858,0.0984251968503937,-1.50590551181103));
#10581=CARTESIAN_POINT('',(3.39566929133858,0.,-1.50590551181103));
#10582=CARTESIAN_POINT('Origin',(3.51377952755906,0.0984251968503937,-1.50590551181103));
#10583=CARTESIAN_POINT('Origin',(3.51377952755906,0.0984251968503937,-1.50590551181103));
#10584=CARTESIAN_POINT('Origin',(3.76476377952756,0.0807086614173228,-1.97834645669291));
#10585=CARTESIAN_POINT('',(3.07086614173228,0.110236220472441,-1.9488188976378));
#10586=CARTESIAN_POINT('',(3.95669291338583,0.110236220472441,-1.9488188976378));
#10587=CARTESIAN_POINT('',(3.76476377952756,0.110236220472441,-1.9488188976378));
#10588=CARTESIAN_POINT('',(3.95669291338583,0.110236220472441,-1.9488188976378));
#10589=CARTESIAN_POINT('',(3.07086614173228,0.110236220472441,-1.9488188976378));
#10590=CARTESIAN_POINT('Origin',(3.98622047244094,0.0807086614173228,-1.25492125984252));
#10591=CARTESIAN_POINT('',(3.95669291338583,0.110236220472441,-1.06299212598425));
#10592=CARTESIAN_POINT('',(3.95669291338583,0.110236220472441,-1.25492125984252));
#10593=CARTESIAN_POINT('',(3.95669291338583,0.110236220472441,-1.06299212598425));
#10594=CARTESIAN_POINT('Origin',(3.26279527559055,0.0807086614173228,-1.03346456692913));
#10595=CARTESIAN_POINT('',(3.07086614173228,0.110236220472441,-1.06299212598425));
#10596=CARTESIAN_POINT('',(3.26279527559055,0.110236220472441,-1.06299212598425));
#10597=CARTESIAN_POINT('',(3.01181102362205,0.0511811023622047,-1.00393700787402));
#10598=CARTESIAN_POINT('',(3.07086614173228,0.110236220472441,-1.06299212598425));
#10599=CARTESIAN_POINT('',(3.76476377952756,0.0511811023622047,-1.00393700787402));
#10600=CARTESIAN_POINT('Origin',(3.04133858267716,0.0807086614173228,-1.75688976377953));
#10601=CARTESIAN_POINT('',(3.01181102362205,0.0511811023622047,-1.25492125984252));
#10602=CARTESIAN_POINT('',(3.07086614173228,0.110236220472441,-1.75688976377953));
#10603=CARTESIAN_POINT('Origin',(3.51377952755906,0.110236220472441,-1.50590551181102));
#10604=CARTESIAN_POINT('Origin',(2.50984251968504,0.,-1.50590551181102));
#10605=CARTESIAN_POINT('',(2.39173228346457,0.,-1.50590551181102));
#10606=CARTESIAN_POINT('Origin',(2.50984251968504,0.,-1.50590551181102));
#10607=CARTESIAN_POINT('',(2.39173228346457,0.0984251968503937,-1.50590551181102));
#10608=CARTESIAN_POINT('',(2.39173228346457,0.,-1.50590551181102));
#10609=CARTESIAN_POINT('Origin',(2.50984251968504,0.0984251968503937,-1.50590551181102));
#10610=CARTESIAN_POINT('Origin',(2.50984251968504,0.0984251968503937,-1.50590551181102));
#10611=CARTESIAN_POINT('Origin',(2.76082677165354,0.0807086614173228,-1.97834645669291));
#10612=CARTESIAN_POINT('',(2.06692913385827,0.110236220472441,-1.9488188976378));
#10613=CARTESIAN_POINT('',(2.95275590551181,0.110236220472441,-1.9488188976378));
#10614=CARTESIAN_POINT('',(2.76082677165354,0.110236220472441,-1.9488188976378));
#10615=CARTESIAN_POINT('',(2.95275590551181,0.110236220472441,-1.9488188976378));
#10616=CARTESIAN_POINT('',(2.06692913385827,0.110236220472441,-1.9488188976378));
#10617=CARTESIAN_POINT('Origin',(2.98228346456693,0.0807086614173228,-1.25492125984252));
#10618=CARTESIAN_POINT('',(2.95275590551181,0.110236220472441,-1.06299212598425));
#10619=CARTESIAN_POINT('',(2.95275590551181,0.110236220472441,-1.25492125984252));
#10620=CARTESIAN_POINT('',(2.95275590551181,0.110236220472441,-1.06299212598425));
#10621=CARTESIAN_POINT('Origin',(2.25885826771654,0.0807086614173228,-1.03346456692913));
#10622=CARTESIAN_POINT('',(2.06692913385827,0.110236220472441,-1.06299212598425));
#10623=CARTESIAN_POINT('',(2.25885826771654,0.110236220472441,-1.06299212598425));
#10624=CARTESIAN_POINT('',(2.00787401574803,0.0511811023622047,-1.00393700787402));
#10625=CARTESIAN_POINT('',(2.06692913385827,0.110236220472441,-1.06299212598425));
#10626=CARTESIAN_POINT('',(2.76082677165354,0.0511811023622047,-1.00393700787402));
#10627=CARTESIAN_POINT('Origin',(2.03740157480315,0.0807086614173228,-1.75688976377953));
#10628=CARTESIAN_POINT('',(2.00787401574803,0.0511811023622047,-1.25492125984252));
#10629=CARTESIAN_POINT('',(2.06692913385827,0.110236220472441,-1.75688976377953));
#10630=CARTESIAN_POINT('Origin',(2.50984251968504,0.110236220472441,-1.50590551181102));
#10631=CARTESIAN_POINT('Origin',(1.50590551181102,0.,-1.50590551181102));
#10632=CARTESIAN_POINT('',(1.38779527559055,0.,-1.50590551181102));
#10633=CARTESIAN_POINT('Origin',(1.50590551181102,0.,-1.50590551181102));
#10634=CARTESIAN_POINT('',(1.38779527559055,0.0984251968503937,-1.50590551181102));
#10635=CARTESIAN_POINT('',(1.38779527559055,0.,-1.50590551181102));
#10636=CARTESIAN_POINT('Origin',(1.50590551181102,0.0984251968503937,-1.50590551181102));
#10637=CARTESIAN_POINT('Origin',(1.50590551181102,0.0984251968503937,-1.50590551181102));
#10638=CARTESIAN_POINT('Origin',(1.75688976377953,0.0807086614173228,-1.97834645669291));
#10639=CARTESIAN_POINT('',(1.06299212598425,0.110236220472441,-1.9488188976378));
#10640=CARTESIAN_POINT('',(1.9488188976378,0.110236220472441,-1.9488188976378));
#10641=CARTESIAN_POINT('',(1.75688976377953,0.110236220472441,-1.9488188976378));
#10642=CARTESIAN_POINT('',(1.9488188976378,0.110236220472441,-1.9488188976378));
#10643=CARTESIAN_POINT('',(1.06299212598425,0.110236220472441,-1.9488188976378));
#10644=CARTESIAN_POINT('Origin',(1.97834645669291,0.0807086614173228,-1.25492125984252));
#10645=CARTESIAN_POINT('',(1.9488188976378,0.110236220472441,-1.06299212598425));
#10646=CARTESIAN_POINT('',(1.9488188976378,0.110236220472441,-1.25492125984252));
#10647=CARTESIAN_POINT('',(1.9488188976378,0.110236220472441,-1.06299212598425));
#10648=CARTESIAN_POINT('Origin',(1.25492125984252,0.0807086614173228,-1.03346456692913));
#10649=CARTESIAN_POINT('',(1.06299212598425,0.110236220472441,-1.06299212598425));
#10650=CARTESIAN_POINT('',(1.25492125984252,0.110236220472441,-1.06299212598425));
#10651=CARTESIAN_POINT('',(1.00393700787402,0.0511811023622047,-1.00393700787402));
#10652=CARTESIAN_POINT('',(1.06299212598425,0.110236220472441,-1.06299212598425));
#10653=CARTESIAN_POINT('',(1.75688976377953,0.0511811023622047,-1.00393700787402));
#10654=CARTESIAN_POINT('Origin',(1.03346456692913,0.0807086614173228,-1.75688976377953));
#10655=CARTESIAN_POINT('',(1.00393700787402,0.0511811023622047,-1.25492125984252));
#10656=CARTESIAN_POINT('',(1.06299212598425,0.110236220472441,-1.75688976377953));
#10657=CARTESIAN_POINT('Origin',(1.50590551181102,0.110236220472441,-1.50590551181102));
#10658=CARTESIAN_POINT('Origin',(0.501968503937008,0.,-1.50590551181102));
#10659=CARTESIAN_POINT('',(0.383858267716535,0.,-1.50590551181102));
#10660=CARTESIAN_POINT('Origin',(0.501968503937008,0.,-1.50590551181102));
#10661=CARTESIAN_POINT('',(0.383858267716535,0.0984251968503937,-1.50590551181102));
#10662=CARTESIAN_POINT('',(0.383858267716535,0.,-1.50590551181102));
#10663=CARTESIAN_POINT('Origin',(0.501968503937008,0.0984251968503937,-1.50590551181102));
#10664=CARTESIAN_POINT('Origin',(0.501968503937008,0.0984251968503937,-1.50590551181102));
#10665=CARTESIAN_POINT('Origin',(0.752952755905512,0.0807086614173228,-1.97834645669291));
#10666=CARTESIAN_POINT('',(0.0590551181102362,0.110236220472441,-1.9488188976378));
#10667=CARTESIAN_POINT('',(0.944881889763779,0.110236220472441,-1.9488188976378));
#10668=CARTESIAN_POINT('',(0.752952755905512,0.110236220472441,-1.9488188976378));
#10669=CARTESIAN_POINT('',(0.944881889763779,0.110236220472441,-1.9488188976378));
#10670=CARTESIAN_POINT('',(0.0590551181102362,0.110236220472441,-1.9488188976378));
#10671=CARTESIAN_POINT('Origin',(0.974409448818898,0.0807086614173228,-1.25492125984252));
#10672=CARTESIAN_POINT('',(0.94488188976378,0.110236220472441,-1.06299212598425));
#10673=CARTESIAN_POINT('',(0.94488188976378,0.110236220472441,-1.25492125984252));
#10674=CARTESIAN_POINT('',(0.94488188976378,0.110236220472441,-1.06299212598425));
#10675=CARTESIAN_POINT('Origin',(0.250984251968504,0.0807086614173228,-1.03346456692913));
#10676=CARTESIAN_POINT('',(0.0590551181102362,0.110236220472441,-1.06299212598425));
#10677=CARTESIAN_POINT('',(0.250984251968504,0.110236220472441,-1.06299212598425));
#10678=CARTESIAN_POINT('',(0.,0.0511811023622047,-1.00393700787402));
#10679=CARTESIAN_POINT('',(0.0590551181102362,0.110236220472441,-1.06299212598425));
#10680=CARTESIAN_POINT('',(0.752952755905512,0.0511811023622047,-1.00393700787402));
#10681=CARTESIAN_POINT('Origin',(0.0295275590551182,0.0807086614173228,
-1.75688976377953));
#10682=CARTESIAN_POINT('',(0.,0.0511811023622047,-1.75688976377953));
#10683=CARTESIAN_POINT('',(0.0590551181102362,0.110236220472441,-1.75688976377953));
#10684=CARTESIAN_POINT('Origin',(0.501968503937008,0.110236220472441,-1.50590551181102));
#10685=CARTESIAN_POINT('Origin',(7.52952755905512,0.,-0.50196850393701));
#10686=CARTESIAN_POINT('',(7.41141732283464,0.,-0.50196850393701));
#10687=CARTESIAN_POINT('Origin',(7.52952755905512,0.,-0.50196850393701));
#10688=CARTESIAN_POINT('',(7.41141732283464,0.0984251968503937,-0.50196850393701));
#10689=CARTESIAN_POINT('',(7.41141732283464,0.,-0.50196850393701));
#10690=CARTESIAN_POINT('Origin',(7.52952755905512,0.0984251968503937,-0.50196850393701));
#10691=CARTESIAN_POINT('Origin',(7.52952755905512,0.0984251968503937,-0.50196850393701));
#10692=CARTESIAN_POINT('Origin',(7.78051181102362,0.0807086614173228,-0.974409448818899));
#10693=CARTESIAN_POINT('',(7.08661417322835,0.110236220472441,-0.944881889763782));
#10694=CARTESIAN_POINT('',(7.97244094488189,0.110236220472441,-0.944881889763781));
#10695=CARTESIAN_POINT('',(7.78051181102362,0.110236220472441,-0.944881889763781));
#10696=CARTESIAN_POINT('',(7.97244094488189,0.110236220472441,-0.944881889763781));
#10697=CARTESIAN_POINT('',(7.08661417322835,0.110236220472441,-0.944881889763782));
#10698=CARTESIAN_POINT('Origin',(8.00196850393701,0.0807086614173228,-0.250984251968506));
#10699=CARTESIAN_POINT('',(7.97244094488189,0.110236220472441,-0.0590551181102376));
#10700=CARTESIAN_POINT('',(7.97244094488189,0.110236220472441,-0.250984251968506));
#10701=CARTESIAN_POINT('',(8.03149606299213,0.0511811023622047,-1.3987061727561E-15));
#10702=CARTESIAN_POINT('',(7.97244094488189,0.110236220472441,-0.0590551181102376));
#10703=CARTESIAN_POINT('',(8.03149606299213,0.0511811023622047,-0.250984251968506));
#10704=CARTESIAN_POINT('Origin',(7.27854330708661,0.0807086614173228,-0.0295275590551194));
#10705=CARTESIAN_POINT('',(7.08661417322835,0.110236220472441,-0.0590551181102375));
#10706=CARTESIAN_POINT('',(7.27854330708661,0.110236220472441,-0.0590551181102375));
#10707=CARTESIAN_POINT('',(7.02755905511811,0.0511811023622047,-1.22386790116159E-15));
#10708=CARTESIAN_POINT('',(7.08661417322835,0.110236220472441,-0.0590551181102375));
#10709=CARTESIAN_POINT('',(7.27854330708661,0.0511811023622047,-1.26757746906022E-15));
#10710=CARTESIAN_POINT('Origin',(7.05708661417323,0.0807086614173228,-0.752952755905514));
#10711=CARTESIAN_POINT('',(7.02755905511811,0.0511811023622047,-0.250984251968506));
#10712=CARTESIAN_POINT('',(7.08661417322835,0.110236220472441,-0.752952755905514));
#10713=CARTESIAN_POINT('Origin',(7.52952755905512,0.110236220472441,-0.50196850393701));
#10714=CARTESIAN_POINT('Origin',(8.03149606299213,0.,-1.3987061727561E-15));
#10715=CARTESIAN_POINT('',(8.03149606299213,0.,-1.3987061727561E-15));
#10716=CARTESIAN_POINT('',(8.03149606299213,0.,-1.3987061727561E-15));
#10717=CARTESIAN_POINT('',(8.03149606299213,0.,-1.3987061727561E-15));
#10718=CARTESIAN_POINT('Origin',(6.5255905511811,0.,-0.50196850393701));
#10719=CARTESIAN_POINT('',(6.40748031496063,0.,-0.50196850393701));
#10720=CARTESIAN_POINT('Origin',(6.5255905511811,0.,-0.50196850393701));
#10721=CARTESIAN_POINT('',(6.40748031496063,0.0984251968503937,-0.50196850393701));
#10722=CARTESIAN_POINT('',(6.40748031496063,0.,-0.50196850393701));
#10723=CARTESIAN_POINT('Origin',(6.5255905511811,0.0984251968503937,-0.50196850393701));
#10724=CARTESIAN_POINT('Origin',(6.5255905511811,0.0984251968503937,-0.50196850393701));
#10725=CARTESIAN_POINT('Origin',(6.77657480314961,0.0807086614173228,-0.974409448818899));
#10726=CARTESIAN_POINT('',(6.08267716535433,0.110236220472441,-0.944881889763782));
#10727=CARTESIAN_POINT('',(6.96850393700787,0.110236220472441,-0.944881889763781));
#10728=CARTESIAN_POINT('',(6.77657480314961,0.110236220472441,-0.944881889763781));
#10729=CARTESIAN_POINT('',(6.96850393700787,0.110236220472441,-0.944881889763781));
#10730=CARTESIAN_POINT('',(6.08267716535433,0.110236220472441,-0.944881889763782));
#10731=CARTESIAN_POINT('Origin',(6.99803149606299,0.0807086614173228,-0.250984251968506));
#10732=CARTESIAN_POINT('',(6.96850393700787,0.110236220472441,-0.0590551181102374));
#10733=CARTESIAN_POINT('',(6.96850393700787,0.110236220472441,-0.250984251968506));
#10734=CARTESIAN_POINT('',(6.96850393700787,0.110236220472441,-0.0590551181102374));
#10735=CARTESIAN_POINT('Origin',(6.2746062992126,0.0807086614173228,-0.0295275590551192));
#10736=CARTESIAN_POINT('',(6.08267716535433,0.110236220472441,-0.0590551181102373));
#10737=CARTESIAN_POINT('',(6.2746062992126,0.110236220472441,-0.0590551181102373));
#10738=CARTESIAN_POINT('',(6.0236220472441,0.0511811023622047,-1.04902962956708E-15));
#10739=CARTESIAN_POINT('',(6.08267716535433,0.110236220472441,-0.0590551181102373));
#10740=CARTESIAN_POINT('',(6.2746062992126,0.0511811023622047,-1.09273919746571E-15));
#10741=CARTESIAN_POINT('Origin',(6.05314960629921,0.0807086614173228,-0.752952755905514));
#10742=CARTESIAN_POINT('',(6.02362204724409,0.0511811023622047,-0.250984251968505));
#10743=CARTESIAN_POINT('',(6.08267716535433,0.110236220472441,-0.752952755905514));
#10744=CARTESIAN_POINT('Origin',(6.5255905511811,0.110236220472441,-0.50196850393701));
#10745=CARTESIAN_POINT('Origin',(5.52165354330709,0.,-0.50196850393701));
#10746=CARTESIAN_POINT('',(5.40354330708661,0.,-0.50196850393701));
#10747=CARTESIAN_POINT('Origin',(5.52165354330709,0.,-0.50196850393701));
#10748=CARTESIAN_POINT('',(5.40354330708661,0.0984251968503937,-0.50196850393701));
#10749=CARTESIAN_POINT('',(5.40354330708661,0.,-0.50196850393701));
#10750=CARTESIAN_POINT('Origin',(5.52165354330709,0.0984251968503937,-0.50196850393701));
#10751=CARTESIAN_POINT('Origin',(5.52165354330709,0.0984251968503937,-0.50196850393701));
#10752=CARTESIAN_POINT('Origin',(5.77263779527559,0.0807086614173228,-0.974409448818899));
#10753=CARTESIAN_POINT('',(5.07874015748032,0.110236220472441,-0.944881889763782));
#10754=CARTESIAN_POINT('',(5.96456692913386,0.110236220472441,-0.944881889763781));
#10755=CARTESIAN_POINT('',(5.77263779527559,0.110236220472441,-0.944881889763781));
#10756=CARTESIAN_POINT('',(5.96456692913386,0.110236220472441,-0.944881889763781));
#10757=CARTESIAN_POINT('',(5.07874015748032,0.110236220472441,-0.944881889763782));
#10758=CARTESIAN_POINT('Origin',(5.99409448818898,0.0807086614173228,-0.250984251968505));
#10759=CARTESIAN_POINT('',(5.96456692913386,0.110236220472441,-0.0590551181102373));
#10760=CARTESIAN_POINT('',(5.96456692913386,0.110236220472441,-0.250984251968505));
#10761=CARTESIAN_POINT('',(5.96456692913386,0.110236220472441,-0.0590551181102373));
#10762=CARTESIAN_POINT('Origin',(5.27066929133858,0.0807086614173228,-0.029527559055119));
#10763=CARTESIAN_POINT('',(5.07874015748032,0.110236220472441,-0.0590551181102371));
#10764=CARTESIAN_POINT('',(5.27066929133858,0.110236220472441,-0.0590551181102371));
#10765=CARTESIAN_POINT('',(5.01968503937008,0.0511811023622047,-8.74191357972564E-16));
#10766=CARTESIAN_POINT('',(5.07874015748032,0.110236220472441,-0.0590551181102371));
#10767=CARTESIAN_POINT('',(5.27066929133858,0.0511811023622047,-9.17900925871192E-16));
#10768=CARTESIAN_POINT('Origin',(5.0492125984252,0.0807086614173228,-0.752952755905514));
#10769=CARTESIAN_POINT('',(5.01968503937008,0.0511811023622047,-0.250984251968505));
#10770=CARTESIAN_POINT('',(5.07874015748032,0.110236220472441,-0.752952755905514));
#10771=CARTESIAN_POINT('Origin',(5.52165354330709,0.110236220472441,-0.50196850393701));
#10772=CARTESIAN_POINT('Origin',(4.51771653543307,0.,-0.501968503937009));
#10773=CARTESIAN_POINT('',(4.3996062992126,0.,-0.501968503937009));
#10774=CARTESIAN_POINT('Origin',(4.51771653543307,0.,-0.501968503937009));
#10775=CARTESIAN_POINT('',(4.3996062992126,0.0984251968503937,-0.501968503937009));
#10776=CARTESIAN_POINT('',(4.3996062992126,0.,-0.501968503937009));
#10777=CARTESIAN_POINT('Origin',(4.51771653543307,0.0984251968503937,-0.501968503937009));
#10778=CARTESIAN_POINT('Origin',(4.51771653543307,0.0984251968503937,-0.501968503937009));
#10779=CARTESIAN_POINT('Origin',(4.76870078740157,0.0807086614173228,-0.974409448818899));
#10780=CARTESIAN_POINT('',(4.0748031496063,0.110236220472441,-0.944881889763782));
#10781=CARTESIAN_POINT('',(4.96062992125984,0.110236220472441,-0.944881889763781));
#10782=CARTESIAN_POINT('',(4.76870078740157,0.110236220472441,-0.944881889763781));
#10783=CARTESIAN_POINT('',(4.96062992125984,0.110236220472441,-0.944881889763781));
#10784=CARTESIAN_POINT('',(4.0748031496063,0.110236220472441,-0.944881889763782));
#10785=CARTESIAN_POINT('Origin',(4.99015748031496,0.0807086614173228,-0.250984251968505));
#10786=CARTESIAN_POINT('',(4.96062992125984,0.110236220472441,-0.0590551181102371));
#10787=CARTESIAN_POINT('',(4.96062992125984,0.110236220472441,-0.250984251968505));
#10788=CARTESIAN_POINT('',(4.96062992125984,0.110236220472441,-0.0590551181102371));
#10789=CARTESIAN_POINT('Origin',(4.26673228346457,0.0807086614173228,-0.0295275590551189));
#10790=CARTESIAN_POINT('',(4.0748031496063,0.110236220472441,-0.059055118110237));
#10791=CARTESIAN_POINT('',(4.26673228346457,0.110236220472441,-0.059055118110237));
#10792=CARTESIAN_POINT('',(4.01574803149606,0.0511811023622047,-6.99353086378051E-16));
#10793=CARTESIAN_POINT('',(4.0748031496063,0.110236220472441,-0.059055118110237));
#10794=CARTESIAN_POINT('',(4.26673228346457,0.0511811023622047,-7.4306265427668E-16));
#10795=CARTESIAN_POINT('Origin',(4.04527559055118,0.0807086614173228,-0.752952755905514));
#10796=CARTESIAN_POINT('',(4.01574803149606,0.0511811023622047,-0.250984251968505));
#10797=CARTESIAN_POINT('',(4.0748031496063,0.110236220472441,-0.752952755905514));
#10798=CARTESIAN_POINT('Origin',(4.51771653543307,0.110236220472441,-0.501968503937009));
#10799=CARTESIAN_POINT('Origin',(3.51377952755906,0.,-0.501968503937009));
#10800=CARTESIAN_POINT('',(3.39566929133858,0.,-0.501968503937009));
#10801=CARTESIAN_POINT('Origin',(3.51377952755906,0.,-0.501968503937009));
#10802=CARTESIAN_POINT('',(3.39566929133858,0.0984251968503937,-0.501968503937009));
#10803=CARTESIAN_POINT('',(3.39566929133858,0.,-0.501968503937009));
#10804=CARTESIAN_POINT('Origin',(3.51377952755906,0.0984251968503937,-0.501968503937009));
#10805=CARTESIAN_POINT('Origin',(3.51377952755906,0.0984251968503937,-0.501968503937009));
#10806=CARTESIAN_POINT('Origin',(3.76476377952756,0.0807086614173228,-0.974409448818899));
#10807=CARTESIAN_POINT('',(3.07086614173228,0.110236220472441,-0.944881889763782));
#10808=CARTESIAN_POINT('',(3.95669291338583,0.110236220472441,-0.94488188976378));
#10809=CARTESIAN_POINT('',(3.76476377952756,0.110236220472441,-0.944881889763781));
#10810=CARTESIAN_POINT('',(3.95669291338583,0.110236220472441,-0.94488188976378));
#10811=CARTESIAN_POINT('',(3.07086614173228,0.110236220472441,-0.944881889763782));
#10812=CARTESIAN_POINT('Origin',(3.98622047244094,0.0807086614173228,-0.250984251968505));
#10813=CARTESIAN_POINT('',(3.95669291338583,0.110236220472441,-0.0590551181102369));
#10814=CARTESIAN_POINT('',(3.95669291338583,0.110236220472441,-0.250984251968505));
#10815=CARTESIAN_POINT('',(3.95669291338583,0.110236220472441,-0.0590551181102369));
#10816=CARTESIAN_POINT('Origin',(3.26279527559055,0.0807086614173228,-0.0295275590551187));
#10817=CARTESIAN_POINT('',(3.07086614173228,0.110236220472441,-0.0590551181102368));
#10818=CARTESIAN_POINT('',(3.26279527559055,0.110236220472441,-0.0590551181102368));
#10819=CARTESIAN_POINT('',(3.01181102362205,0.0511811023622047,-5.24514814783538E-16));
#10820=CARTESIAN_POINT('',(3.07086614173228,0.110236220472441,-0.0590551181102368));
#10821=CARTESIAN_POINT('',(3.26279527559055,0.0511811023622047,-5.68224382682167E-16));
#10822=CARTESIAN_POINT('Origin',(3.04133858267716,0.0807086614173228,-0.752952755905514));
#10823=CARTESIAN_POINT('',(3.01181102362205,0.0511811023622047,-0.250984251968505));
#10824=CARTESIAN_POINT('',(3.07086614173228,0.110236220472441,-0.752952755905514));
#10825=CARTESIAN_POINT('Origin',(3.51377952755906,0.110236220472441,-0.501968503937009));
#10826=CARTESIAN_POINT('Origin',(2.50984251968504,0.,-0.501968503937009));
#10827=CARTESIAN_POINT('',(2.39173228346457,0.,-0.501968503937009));
#10828=CARTESIAN_POINT('Origin',(2.50984251968504,0.,-0.501968503937009));
#10829=CARTESIAN_POINT('',(2.39173228346457,0.0984251968503937,-0.501968503937009));
#10830=CARTESIAN_POINT('',(2.39173228346457,0.,-0.501968503937009));
#10831=CARTESIAN_POINT('Origin',(2.50984251968504,0.0984251968503937,-0.501968503937009));
#10832=CARTESIAN_POINT('Origin',(2.50984251968504,0.0984251968503937,-0.501968503937009));
#10833=CARTESIAN_POINT('Origin',(2.76082677165354,0.0807086614173228,-0.974409448818898));
#10834=CARTESIAN_POINT('',(2.06692913385827,0.110236220472441,-0.944881889763782));
#10835=CARTESIAN_POINT('',(2.95275590551181,0.110236220472441,-0.94488188976378));
#10836=CARTESIAN_POINT('',(2.76082677165354,0.110236220472441,-0.944881889763781));
#10837=CARTESIAN_POINT('',(2.95275590551181,0.110236220472441,-0.94488188976378));
#10838=CARTESIAN_POINT('',(2.06692913385827,0.110236220472441,-0.944881889763782));
#10839=CARTESIAN_POINT('Origin',(2.98228346456693,0.0807086614173228,-0.250984251968505));
#10840=CARTESIAN_POINT('',(2.95275590551181,0.110236220472441,-0.0590551181102367));
#10841=CARTESIAN_POINT('',(2.95275590551181,0.110236220472441,-0.250984251968505));
#10842=CARTESIAN_POINT('',(2.95275590551181,0.110236220472441,-0.0590551181102367));
#10843=CARTESIAN_POINT('Origin',(2.25885826771654,0.0807086614173228,-0.0295275590551185));
#10844=CARTESIAN_POINT('',(2.06692913385827,0.110236220472441,-0.0590551181102366));
#10845=CARTESIAN_POINT('',(2.25885826771654,0.110236220472441,-0.0590551181102366));
#10846=CARTESIAN_POINT('',(2.00787401574803,0.0511811023622047,-3.49676543189026E-16));
#10847=CARTESIAN_POINT('',(2.06692913385827,0.110236220472441,-0.0590551181102366));
#10848=CARTESIAN_POINT('',(2.25885826771654,0.0511811023622047,-3.93386111087654E-16));
#10849=CARTESIAN_POINT('Origin',(2.03740157480315,0.0807086614173228,-0.752952755905513));
#10850=CARTESIAN_POINT('',(2.00787401574803,0.0511811023622047,-0.250984251968505));
#10851=CARTESIAN_POINT('',(2.06692913385827,0.110236220472441,-0.752952755905513));
#10852=CARTESIAN_POINT('Origin',(2.50984251968504,0.110236220472441,-0.501968503937009));
#10853=CARTESIAN_POINT('Origin',(1.50590551181102,0.,-0.501968503937009));
#10854=CARTESIAN_POINT('',(1.38779527559055,0.,-0.501968503937009));
#10855=CARTESIAN_POINT('Origin',(1.50590551181102,0.,-0.501968503937009));
#10856=CARTESIAN_POINT('',(1.38779527559055,0.0984251968503937,-0.501968503937009));
#10857=CARTESIAN_POINT('',(1.38779527559055,0.,-0.501968503937009));
#10858=CARTESIAN_POINT('Origin',(1.50590551181102,0.0984251968503937,-0.501968503937009));
#10859=CARTESIAN_POINT('Origin',(1.50590551181102,0.0984251968503937,-0.501968503937009));
#10860=CARTESIAN_POINT('Origin',(1.75688976377953,0.0807086614173228,-0.974409448818898));
#10861=CARTESIAN_POINT('',(1.06299212598425,0.110236220472441,-0.944881889763781));
#10862=CARTESIAN_POINT('',(1.9488188976378,0.110236220472441,-0.94488188976378));
#10863=CARTESIAN_POINT('',(1.75688976377953,0.110236220472441,-0.94488188976378));
#10864=CARTESIAN_POINT('',(1.9488188976378,0.110236220472441,-0.94488188976378));
#10865=CARTESIAN_POINT('',(1.06299212598425,0.110236220472441,-0.944881889763781));
#10866=CARTESIAN_POINT('Origin',(1.97834645669291,0.0807086614173228,-0.250984251968505));
#10867=CARTESIAN_POINT('',(1.9488188976378,0.110236220472441,-0.0590551181102366));
#10868=CARTESIAN_POINT('',(1.9488188976378,0.110236220472441,-0.250984251968505));
#10869=CARTESIAN_POINT('',(1.9488188976378,0.110236220472441,-0.0590551181102366));
#10870=CARTESIAN_POINT('Origin',(1.25492125984252,0.0807086614173228,-0.0295275590551183));
#10871=CARTESIAN_POINT('',(1.06299212598425,0.110236220472441,-0.0590551181102364));
#10872=CARTESIAN_POINT('',(1.25492125984252,0.110236220472441,-0.0590551181102364));
#10873=CARTESIAN_POINT('',(1.00393700787402,0.0511811023622047,-1.74838271594513E-16));
#10874=CARTESIAN_POINT('',(1.06299212598425,0.110236220472441,-0.0590551181102364));
#10875=CARTESIAN_POINT('',(1.25492125984252,0.0511811023622047,-2.18547839493141E-16));
#10876=CARTESIAN_POINT('Origin',(1.03346456692913,0.0807086614173228,-0.752952755905513));
#10877=CARTESIAN_POINT('',(1.00393700787402,0.0511811023622047,-0.250984251968504));
#10878=CARTESIAN_POINT('',(1.06299212598425,0.110236220472441,-0.752952755905513));
#10879=CARTESIAN_POINT('Origin',(1.50590551181102,0.110236220472441,-0.501968503937009));
#10880=CARTESIAN_POINT('Origin',(0.501968503937008,0.,-0.501968503937009));
#10881=CARTESIAN_POINT('',(0.383858267716535,0.,-0.501968503937009));
#10882=CARTESIAN_POINT('Origin',(0.501968503937008,0.,-0.501968503937009));
#10883=CARTESIAN_POINT('',(0.383858267716535,0.0984251968503937,-0.501968503937009));
#10884=CARTESIAN_POINT('',(0.383858267716535,0.,-0.501968503937009));
#10885=CARTESIAN_POINT('Origin',(0.501968503937008,0.0984251968503937,-0.501968503937009));
#10886=CARTESIAN_POINT('Origin',(0.501968503937008,0.0984251968503937,-0.501968503937009));
#10887=CARTESIAN_POINT('Origin',(0.752952755905512,0.0807086614173228,-0.974409448818898));
#10888=CARTESIAN_POINT('',(0.0590551181102362,0.110236220472441,-0.944881889763781));
#10889=CARTESIAN_POINT('',(0.944881889763779,0.110236220472441,-0.94488188976378));
#10890=CARTESIAN_POINT('',(0.752952755905512,0.110236220472441,-0.94488188976378));
#10891=CARTESIAN_POINT('',(0.944881889763779,0.110236220472441,-0.94488188976378));
#10892=CARTESIAN_POINT('',(0.0590551181102362,0.110236220472441,-0.944881889763781));
#10893=CARTESIAN_POINT('Origin',(0.974409448818898,0.0807086614173228,-0.250984251968504));
#10894=CARTESIAN_POINT('',(0.94488188976378,0.110236220472441,-0.0590551181102364));
#10895=CARTESIAN_POINT('',(0.94488188976378,0.110236220472441,-0.250984251968504));
#10896=CARTESIAN_POINT('',(0.94488188976378,0.110236220472441,-0.0590551181102364));
#10897=CARTESIAN_POINT('Origin',(0.250984251968504,0.0807086614173228,-0.0295275590551182));
#10898=CARTESIAN_POINT('',(0.0590551181102362,0.110236220472441,-0.0590551181102363));
#10899=CARTESIAN_POINT('',(0.250984251968504,0.110236220472441,-0.0590551181102363));
#10900=CARTESIAN_POINT('',(0.,0.0511811023622047,0.));
#10901=CARTESIAN_POINT('',(0.0590551181102362,0.110236220472441,-0.0590551181102363));
#10902=CARTESIAN_POINT('',(0.250984251968504,0.0511811023622047,-4.37095678986282E-17));
#10903=CARTESIAN_POINT('Origin',(0.0295275590551181,0.0807086614173228,
-0.752952755905513));
#10904=CARTESIAN_POINT('',(0.,0.0511811023622047,-0.752952755905513));
#10905=CARTESIAN_POINT('',(0.0590551181102362,0.110236220472441,-0.752952755905513));
#10906=CARTESIAN_POINT('Origin',(0.,0.,-1.00393700787402));
#10907=CARTESIAN_POINT('',(0.,0.,0.));
#10908=CARTESIAN_POINT('',(0.,0.,-8.03149606299213));
#10909=CARTESIAN_POINT('',(0.,0.,0.));
#10910=CARTESIAN_POINT('Origin',(0.501968503937008,0.110236220472441,-0.501968503937009));
#10911=CARTESIAN_POINT('Origin',(0.,0.,0.));
#10912=CARTESIAN_POINT('',(0.,0.,0.));
#10913=CARTESIAN_POINT('Origin',(0.501968503937008,0.,-0.501968503937009));
#10914=UNCERTAINTY_MEASURE_WITH_UNIT(LENGTH_MEASURE(0.000393700787401575),
#10920,'DISTANCE_ACCURACY_VALUE',
'Maximum model space distance between geometric entities at asserted c
onnectivities');
#10915=UNCERTAINTY_MEASURE_WITH_UNIT(LENGTH_MEASURE(0.000393700787401575),
#10920,'DISTANCE_ACCURACY_VALUE',
'Maximum model space distance between geometric entities at asserted c
onnectivities');
#10916=(
GEOMETRIC_REPRESENTATION_CONTEXT(3)
GLOBAL_UNCERTAINTY_ASSIGNED_CONTEXT((#10914))
GLOBAL_UNIT_ASSIGNED_CONTEXT((#10920,#10924,#10925))
REPRESENTATION_CONTEXT('','3D')
);
#10917=(
GEOMETRIC_REPRESENTATION_CONTEXT(3)
GLOBAL_UNCERTAINTY_ASSIGNED_CONTEXT((#10915))
GLOBAL_UNIT_ASSIGNED_CONTEXT((#10920,#10924,#10925))
REPRESENTATION_CONTEXT('','3D')
);
#10918=DIMENSIONAL_EXPONENTS(1.,0.,0.,0.,0.,0.,0.);
#10919=DIMENSIONAL_EXPONENTS(0.,1.,0.,0.,0.,0.,0.);
#10920=(
CONVERSION_BASED_UNIT('inch',#10923)
LENGTH_UNIT()
NAMED_UNIT(#10918)
);
#10921=(
LENGTH_UNIT()
NAMED_UNIT(*)
SI_UNIT(.MILLI.,.METRE.)
);
#10922=(
LENGTH_UNIT()
NAMED_UNIT(*)
SI_UNIT(.CENTI.,.METRE.)
);
#10923=LENGTH_MEASURE_WITH_UNIT(LENGTH_MEASURE(25.4),#10921);
#10924=(
NAMED_UNIT(*)
PLANE_ANGLE_UNIT()
SI_UNIT($,.RADIAN.)
);
#10925=(
NAMED_UNIT(*)
SI_UNIT($,.STERADIAN.)
SOLID_ANGLE_UNIT()
);
#10926=SHAPE_DEFINITION_REPRESENTATION(#10927,#10928);
#10927=PRODUCT_DEFINITION_SHAPE('',$,#10930);
#10928=SHAPE_REPRESENTATION('',(#6661),#10916);
#10929=PRODUCT_DEFINITION_CONTEXT('part definition',#10934,'design');
#10930=PRODUCT_DEFINITION('chess-board-top-plate',
'chess-board-top-plate',#10931,#10929);
#10931=PRODUCT_DEFINITION_FORMATION('',$,#10936);
#10932=PRODUCT_RELATED_PRODUCT_CATEGORY('chess-board-top-plate',
'chess-board-top-plate',(#10936));
#10933=APPLICATION_PROTOCOL_DEFINITION('international standard',
'automotive_design',2009,#10934);
#10934=APPLICATION_CONTEXT(
'Core Data for Automotive Mechanical Design Process');
#10935=PRODUCT_CONTEXT('part definition',#10934,'mechanical');
#10936=PRODUCT('chess-board-top-plate','chess-board-top-plate',$,(#10935));
#10937=PRESENTATION_STYLE_ASSIGNMENT((#10940));
#10938=PRESENTATION_STYLE_ASSIGNMENT((#10941));
#10939=PRESENTATION_STYLE_ASSIGNMENT((#10942));
#10940=SURFACE_STYLE_USAGE(.BOTH.,#10949);
#10941=SURFACE_STYLE_USAGE(.BOTH.,#10950);
#10942=SURFACE_STYLE_USAGE(.BOTH.,#10951);
#10943=SURFACE_STYLE_RENDERING_WITH_PROPERTIES($,#10961,(#10946));
#10944=SURFACE_STYLE_RENDERING_WITH_PROPERTIES($,#10962,(#10947));
#10945=SURFACE_STYLE_RENDERING_WITH_PROPERTIES($,#10963,(#10948));
#10946=SURFACE_STYLE_TRANSPARENT(0.);
#10947=SURFACE_STYLE_TRANSPARENT(0.);
#10948=SURFACE_STYLE_TRANSPARENT(0.);
#10949=SURFACE_SIDE_STYLE('',(#10952,#10943));
#10950=SURFACE_SIDE_STYLE('',(#10953,#10944));
#10951=SURFACE_SIDE_STYLE('',(#10954,#10945));
#10952=SURFACE_STYLE_FILL_AREA(#10955);
#10953=SURFACE_STYLE_FILL_AREA(#10956);
#10954=SURFACE_STYLE_FILL_AREA(#10957);
#10955=FILL_AREA_STYLE('',(#10958));
#10956=FILL_AREA_STYLE('',(#10959));
#10957=FILL_AREA_STYLE('',(#10960));
#10958=FILL_AREA_STYLE_COLOUR('',#10961);
#10959=FILL_AREA_STYLE_COLOUR('',#10962);
#10960=FILL_AREA_STYLE_COLOUR('',#10963);
#10961=COLOUR_RGB('',0.749019607843137,0.749019607843137,0.749019607843137);
#10962=COLOUR_RGB('',0.811764705882353,0.309803921568627,0.);
#10963=COLOUR_RGB('',0.0392156862745098,0.0392156862745098,0.0392156862745098);
ENDSEC;
END-ISO-10303-21;
