ISO-10303-21;
HEADER;
/* Generated by software containing ST-Developer
 * from STEP Tools, Inc. (www.steptools.com) 
 */

FILE_DESCRIPTION(
/* description */ (''),
/* implementation_level */ '2;1');

FILE_NAME(
/* name */ 'rook-white.stp',
/* time_stamp */ '2025-08-10T17:47:37+01:00',
/* author */ ('iwheard'),
/* organization */ (''),
/* preprocessor_version */ 'ST-DEVELOPER v20',
/* originating_system */ 'Autodesk Inventor 2024',
/* authorisation */ '');

FILE_SCHEMA (('AUTOMOTIVE_DESIGN { 1 0 10303 214 3 1 1 }'));
ENDSEC;

DATA;
#10=MECHANICAL_DESIGN_GEOMETRIC_PRESENTATION_REPRESENTATION('',(#13),#3228);
#11=SHAPE_REPRESENTATION_RELATIONSHIP('SRR','None',#3235,#12);
#12=ADVANCED_BREP_SHAPE_REPRESENTATION('',(#14),#3227);
#13=STYLED_ITEM('',(#3244),#14);
#14=MANIFOLD_SOLID_BREP('Solid1',#1490);
#15=FACE_BOUND('',#482,.T.);
#16=(
BOUNDED_SURFACE()
B_SPLINE_SURFACE(4,2,((#3050,#3051,#3052,#3053,#3054,#3055,#3056,#3057,
#3058),(#3059,#3060,#3061,#3062,#3063,#3064,#3065,#3066,#3067),(#3068,#3069,
#3070,#3071,#3072,#3073,#3074,#3075,#3076),(#3077,#3078,#3079,#3080,#3081,
#3082,#3083,#3084,#3085),(#3086,#3087,#3088,#3089,#3090,#3091,#3092,#3093,
#3094),(#3095,#3096,#3097,#3098,#3099,#3100,#3101,#3102,#3103),(#3104,#3105,
#3106,#3107,#3108,#3109,#3110,#3111,#3112),(#3113,#3114,#3115,#3116,#3117,
#3118,#3119,#3120,#3121),(#3122,#3123,#3124,#3125,#3126,#3127,#3128,#3129,
#3130),(#3131,#3132,#3133,#3134,#3135,#3136,#3137,#3138,#3139),(#3140,#3141,
#3142,#3143,#3144,#3145,#3146,#3147,#3148),(#3149,#3150,#3151,#3152,#3153,
#3154,#3155,#3156,#3157),(#3158,#3159,#3160,#3161,#3162,#3163,#3164,#3165,
#3166),(#3167,#3168,#3169,#3170,#3171,#3172,#3173,#3174,#3175),(#3176,#3177,
#3178,#3179,#3180,#3181,#3182,#3183,#3184),(#3185,#3186,#3187,#3188,#3189,
#3190,#3191,#3192,#3193)),.UNSPECIFIED.,.F.,.T.,.F.)
B_SPLINE_SURFACE_WITH_KNOTS((5,1,1,1,1,1,1,1,1,1,1,1,5),(3,2,2,2,3),(-11.,
-10.9241796110413,-10.5058134422237,-10.,-9.,-8.,-7.,-6.,-5.,-4.,-3.,-2.,
-1.),(0.,1.5707963267949,3.14159265358979,4.71238898038469,6.28318530717959),
 .UNSPECIFIED.)
GEOMETRIC_REPRESENTATION_ITEM()
RATIONAL_B_SPLINE_SURFACE(((1.,0.707106781186548,1.,0.707106781186548,1.,
0.707106781186548,1.,0.707106781186548,1.),(1.,0.707106781186548,1.,0.707106781186548,
1.,0.707106781186548,1.,0.707106781186548,1.),(1.,0.707106781186548,1.,
0.707106781186548,1.,0.707106781186548,1.,0.707106781186548,1.),(1.,0.707106781186548,
1.,0.707106781186548,1.,0.707106781186548,1.,0.707106781186548,1.),(1.,
0.707106781186548,1.,0.707106781186548,1.,0.707106781186548,1.,0.707106781186548,
1.),(1.,0.707106781186548,1.,0.707106781186548,1.,0.707106781186548,1.,
0.707106781186548,1.),(1.,0.707106781186548,1.,0.707106781186548,1.,0.707106781186548,
1.,0.707106781186548,1.),(1.,0.707106781186548,1.,0.707106781186548,1.,
0.707106781186548,1.,0.707106781186548,1.),(1.,0.707106781186548,1.,0.707106781186548,
1.,0.707106781186548,1.,0.707106781186548,1.),(1.,0.707106781186548,1.,
0.707106781186548,1.,0.707106781186548,1.,0.707106781186548,1.),(1.,0.707106781186548,
1.,0.707106781186548,1.,0.707106781186548,1.,0.707106781186548,1.),(1.,
0.707106781186548,1.,0.707106781186548,1.,0.707106781186548,1.,0.707106781186548,
1.),(1.,0.707106781186548,1.,0.707106781186548,1.,0.707106781186548,1.,
0.707106781186548,1.),(1.,0.707106781186548,1.,0.707106781186548,1.,0.707106781186548,
1.,0.707106781186548,1.),(1.,0.707106781186548,1.,0.707106781186548,1.,
0.707106781186548,1.,0.707106781186548,1.),(1.,0.707106781186548,1.,0.707106781186548,
1.,0.707106781186548,1.,0.707106781186548,1.)))
REPRESENTATION_ITEM('')
SURFACE()
);
#17=TOROIDAL_SURFACE('',#1631,6.94674959667901,0.5);
#18=TOROIDAL_SURFACE('',#1638,7.5,0.5);
#19=CYLINDRICAL_SURFACE('',#1556,5.75);
#20=CYLINDRICAL_SURFACE('',#1571,8.);
#21=CYLINDRICAL_SURFACE('',#1646,7.15);
#22=CYLINDRICAL_SURFACE('',#1648,3.);
#23=LINE('',#2080,#113);
#24=LINE('',#2082,#114);
#25=LINE('',#2088,#115);
#26=LINE('',#2093,#116);
#27=LINE('',#2096,#117);
#28=LINE('',#2098,#118);
#29=LINE('',#2101,#119);
#30=LINE('',#2104,#120);
#31=LINE('',#2110,#121);
#32=LINE('',#2115,#122);
#33=LINE('',#2139,#123);
#34=LINE('',#2141,#124);
#35=LINE('',#2147,#125);
#36=LINE('',#2152,#126);
#37=LINE('',#2155,#127);
#38=LINE('',#2157,#128);
#39=LINE('',#2160,#129);
#40=LINE('',#2163,#130);
#41=LINE('',#2169,#131);
#42=LINE('',#2174,#132);
#43=LINE('',#2198,#133);
#44=LINE('',#2200,#134);
#45=LINE('',#2206,#135);
#46=LINE('',#2211,#136);
#47=LINE('',#2214,#137);
#48=LINE('',#2216,#138);
#49=LINE('',#2219,#139);
#50=LINE('',#2222,#140);
#51=LINE('',#2228,#141);
#52=LINE('',#2233,#142);
#53=LINE('',#2257,#143);
#54=LINE('',#2263,#144);
#55=LINE('',#2266,#145);
#56=LINE('',#2268,#146);
#57=LINE('',#2274,#147);
#58=LINE('',#2280,#148);
#59=LINE('',#2282,#149);
#60=LINE('',#2285,#150);
#61=LINE('',#2309,#151);
#62=LINE('',#2311,#152);
#63=LINE('',#2317,#153);
#64=LINE('',#2322,#154);
#65=LINE('',#2325,#155);
#66=LINE('',#2327,#156);
#67=LINE('',#2330,#157);
#68=LINE('',#2333,#158);
#69=LINE('',#2339,#159);
#70=LINE('',#2344,#160);
#71=LINE('',#2370,#161);
#72=LINE('',#2376,#162);
#73=LINE('',#2382,#163);
#74=LINE('',#2383,#164);
#75=LINE('',#2386,#165);
#76=LINE('',#2393,#166);
#77=LINE('',#2396,#167);
#78=LINE('',#2398,#168);
#79=LINE('',#2401,#169);
#80=LINE('',#2403,#170);
#81=LINE('',#2406,#171);
#82=LINE('',#2409,#172);
#83=LINE('',#2412,#173);
#84=LINE('',#2415,#174);
#85=LINE('',#2417,#175);
#86=LINE('',#2420,#176);
#87=LINE('',#2424,#177);
#88=LINE('',#2425,#178);
#89=LINE('',#2432,#179);
#90=LINE('',#2444,#180);
#91=LINE('',#2445,#181);
#92=LINE('',#2448,#182);
#93=LINE('',#2451,#183);
#94=LINE('',#2453,#184);
#95=LINE('',#2456,#185);
#96=LINE('',#2458,#186);
#97=LINE('',#2461,#187);
#98=LINE('',#2463,#188);
#99=LINE('',#2467,#189);
#100=LINE('',#2473,#190);
#101=LINE('',#2475,#191);
#102=LINE('',#2478,#192);
#103=LINE('',#2486,#193);
#104=LINE('',#2499,#194);
#105=LINE('',#2503,#195);
#106=LINE('',#2552,#196);
#107=LINE('',#2556,#197);
#108=LINE('',#2607,#198);
#109=LINE('',#3042,#199);
#110=LINE('',#3215,#200);
#111=LINE('',#3219,#201);
#112=LINE('',#3222,#202);
#113=VECTOR('',#1665,10.);
#114=VECTOR('',#1666,10.);
#115=VECTOR('',#1667,10.);
#116=VECTOR('',#1668,10.);
#117=VECTOR('',#1671,10.);
#118=VECTOR('',#1672,10.);
#119=VECTOR('',#1675,10.);
#120=VECTOR('',#1678,10.);
#121=VECTOR('',#1679,10.);
#122=VECTOR('',#1680,10.);
#123=VECTOR('',#1689,10.);
#124=VECTOR('',#1690,10.);
#125=VECTOR('',#1691,10.);
#126=VECTOR('',#1692,10.);
#127=VECTOR('',#1695,10.);
#128=VECTOR('',#1696,10.);
#129=VECTOR('',#1699,10.);
#130=VECTOR('',#1702,10.);
#131=VECTOR('',#1703,10.);
#132=VECTOR('',#1704,10.);
#133=VECTOR('',#1713,10.);
#134=VECTOR('',#1714,10.);
#135=VECTOR('',#1715,10.);
#136=VECTOR('',#1716,10.);
#137=VECTOR('',#1719,10.);
#138=VECTOR('',#1720,10.);
#139=VECTOR('',#1723,10.);
#140=VECTOR('',#1726,10.);
#141=VECTOR('',#1727,10.);
#142=VECTOR('',#1728,10.);
#143=VECTOR('',#1737,10.);
#144=VECTOR('',#1738,10.);
#145=VECTOR('',#1741,10.);
#146=VECTOR('',#1742,10.);
#147=VECTOR('',#1743,10.);
#148=VECTOR('',#1746,10.);
#149=VECTOR('',#1747,10.);
#150=VECTOR('',#1750,10.);
#151=VECTOR('',#1759,10.);
#152=VECTOR('',#1760,10.);
#153=VECTOR('',#1761,10.);
#154=VECTOR('',#1762,10.);
#155=VECTOR('',#1765,10.);
#156=VECTOR('',#1766,10.);
#157=VECTOR('',#1769,10.);
#158=VECTOR('',#1772,10.);
#159=VECTOR('',#1773,10.);
#160=VECTOR('',#1774,10.);
#161=VECTOR('',#1785,10.);
#162=VECTOR('',#1786,10.);
#163=VECTOR('',#1787,10.);
#164=VECTOR('',#1788,10.);
#165=VECTOR('',#1791,10.);
#166=VECTOR('',#1794,10.);
#167=VECTOR('',#1797,10.);
#168=VECTOR('',#1798,10.);
#169=VECTOR('',#1801,10.);
#170=VECTOR('',#1802,10.);
#171=VECTOR('',#1805,10.);
#172=VECTOR('',#1808,5.75);
#173=VECTOR('',#1811,10.);
#174=VECTOR('',#1814,10.);
#175=VECTOR('',#1815,10.);
#176=VECTOR('',#1818,10.);
#177=VECTOR('',#1821,10.);
#178=VECTOR('',#1822,10.);
#179=VECTOR('',#1825,10.);
#180=VECTOR('',#1836,10.);
#181=VECTOR('',#1837,10.);
#182=VECTOR('',#1840,10.);
#183=VECTOR('',#1843,10.);
#184=VECTOR('',#1844,10.);
#185=VECTOR('',#1847,10.);
#186=VECTOR('',#1848,10.);
#187=VECTOR('',#1851,10.);
#188=VECTOR('',#1852,10.);
#189=VECTOR('',#1855,8.);
#190=VECTOR('',#1862,10.);
#191=VECTOR('',#1863,10.);
#192=VECTOR('',#1866,10.);
#193=VECTOR('',#1871,10.);
#194=VECTOR('',#1878,10.);
#195=VECTOR('',#1883,10.);
#196=VECTOR('',#1916,10.);
#197=VECTOR('',#1921,10.);
#198=VECTOR('',#1950,10.);
#199=VECTOR('',#1987,7.58263972396811);
#200=VECTOR('',#2006,6.52263972396811);
#201=VECTOR('',#2011,7.15);
#202=VECTOR('',#2014,3.);
#203=PLANE('',#1518);
#204=PLANE('',#1519);
#205=PLANE('',#1521);
#206=PLANE('',#1525);
#207=PLANE('',#1526);
#208=PLANE('',#1528);
#209=PLANE('',#1532);
#210=PLANE('',#1533);
#211=PLANE('',#1535);
#212=PLANE('',#1539);
#213=PLANE('',#1540);
#214=PLANE('',#1541);
#215=PLANE('',#1546);
#216=PLANE('',#1547);
#217=PLANE('',#1549);
#218=PLANE('',#1554);
#219=PLANE('',#1555);
#220=PLANE('',#1564);
#221=PLANE('',#1565);
#222=PLANE('',#1569);
#223=PLANE('',#1580);
#224=PLANE('',#1581);
#225=PLANE('',#1584);
#226=PLANE('',#1586);
#227=PLANE('',#1589);
#228=PLANE('',#1590);
#229=PLANE('',#1591);
#230=PLANE('',#1593);
#231=PLANE('',#1594);
#232=PLANE('',#1597);
#233=PLANE('',#1601);
#234=PLANE('',#1602);
#235=PLANE('',#1603);
#236=PLANE('',#1605);
#237=PLANE('',#1606);
#238=PLANE('',#1609);
#239=PLANE('',#1611);
#240=PLANE('',#1612);
#241=PLANE('',#1614);
#242=PLANE('',#1615);
#243=PLANE('',#1618);
#244=PLANE('',#1619);
#245=PLANE('',#1620);
#246=PLANE('',#1622);
#247=PLANE('',#1623);
#248=PLANE('',#1626);
#249=PLANE('',#1627);
#250=PLANE('',#1628);
#251=PLANE('',#1640);
#252=PLANE('',#1641);
#253=PLANE('',#1650);
#254=(
BOUNDED_CURVE()
B_SPLINE_CURVE(2,(#2060,#2061,#2062),.UNSPECIFIED.,.F.,.F.)
B_SPLINE_CURVE_WITH_KNOTS((3,3),(0.645826412173896,0.676636460841028),
 .UNSPECIFIED.)
CURVE()
GEOMETRIC_REPRESENTATION_ITEM()
RATIONAL_B_SPLINE_CURVE((1.01958687711212,1.01026064818522,1.))
REPRESENTATION_ITEM('')
);
#255=(
BOUNDED_CURVE()
B_SPLINE_CURVE(2,(#2066,#2067,#2068),.UNSPECIFIED.,.F.,.F.)
B_SPLINE_CURVE_WITH_KNOTS((3,3),(0.,0.0308100486671556),.UNSPECIFIED.)
CURVE()
GEOMETRIC_REPRESENTATION_ITEM()
RATIONAL_B_SPLINE_CURVE((1.,1.01026064818518,1.01958687711206))
REPRESENTATION_ITEM('')
);
#256=(
BOUNDED_CURVE()
B_SPLINE_CURVE(2,(#2070,#2071,#2072),.UNSPECIFIED.,.F.,.F.)
B_SPLINE_CURVE_WITH_KNOTS((3,3),(0.0449703344448019,0.0980254310459325),
 .UNSPECIFIED.)
CURVE()
GEOMETRIC_REPRESENTATION_ITEM()
RATIONAL_B_SPLINE_CURVE((1.03783289163928,1.05913810503969,1.0780553752006))
REPRESENTATION_ITEM('')
);
#257=(
BOUNDED_CURVE()
B_SPLINE_CURVE(2,(#2075,#2076,#2077),.UNSPECIFIED.,.F.,.F.)
B_SPLINE_CURVE_WITH_KNOTS((3,3),(0.938629662512664,0.991684759109603),
 .UNSPECIFIED.)
CURVE()
GEOMETRIC_REPRESENTATION_ITEM()
RATIONAL_B_SPLINE_CURVE((1.0780553752006,1.05913810504119,1.03783289164265))
REPRESENTATION_ITEM('')
);
#258=(
BOUNDED_CURVE()
B_SPLINE_CURVE(2,(#2084,#2085,#2086),.UNSPECIFIED.,.F.,.F.)
B_SPLINE_CURVE_WITH_KNOTS((3,3),(-2.93309076957008,-2.9326549216637),
 .UNSPECIFIED.)
CURVE()
GEOMETRIC_REPRESENTATION_ITEM()
RATIONAL_B_SPLINE_CURVE((1.43260334833905,1.43262496682972,1.4326465693432))
REPRESENTATION_ITEM('')
);
#259=(
BOUNDED_CURVE()
B_SPLINE_CURVE(2,(#2090,#2091,#2092),.UNSPECIFIED.,.F.,.F.)
B_SPLINE_CURVE_WITH_KNOTS((3,3),(-0.0725045487840181,-0.0724306504051186),
 .UNSPECIFIED.)
CURVE()
GEOMETRIC_REPRESENTATION_ITEM()
RATIONAL_B_SPLINE_CURVE((1.69119786443905,1.69085441563507,1.69051094890511))
REPRESENTATION_ITEM('')
);
#260=(
BOUNDED_CURVE()
B_SPLINE_CURVE(2,(#2106,#2107,#2108),.UNSPECIFIED.,.F.,.F.)
B_SPLINE_CURVE_WITH_KNOTS((3,3),(-2.90425744208963,-2.90418354371073),
 .UNSPECIFIED.)
CURVE()
GEOMETRIC_REPRESENTATION_ITEM()
RATIONAL_B_SPLINE_CURVE((1.69051094890511,1.69085441563507,1.69119786443905))
REPRESENTATION_ITEM('')
);
#261=(
BOUNDED_CURVE()
B_SPLINE_CURVE(2,(#2112,#2113,#2114),.UNSPECIFIED.,.F.,.F.)
B_SPLINE_CURVE_WITH_KNOTS((3,3),(-1.75404880820471,-1.75361296029833),
 .UNSPECIFIED.)
CURVE()
GEOMETRIC_REPRESENTATION_ITEM()
RATIONAL_B_SPLINE_CURVE((1.43264656934031,1.43262496682683,1.43260334833615))
REPRESENTATION_ITEM('')
);
#262=(
BOUNDED_CURVE()
B_SPLINE_CURVE(2,(#2119,#2120,#2121),.UNSPECIFIED.,.F.,.F.)
B_SPLINE_CURVE_WITH_KNOTS((3,3),(0.645826412173886,0.676636460841025),
 .UNSPECIFIED.)
CURVE()
GEOMETRIC_REPRESENTATION_ITEM()
RATIONAL_B_SPLINE_CURVE((1.0195868771121,1.0102606481852,1.))
REPRESENTATION_ITEM('')
);
#263=(
BOUNDED_CURVE()
B_SPLINE_CURVE(2,(#2125,#2126,#2127),.UNSPECIFIED.,.F.,.F.)
B_SPLINE_CURVE_WITH_KNOTS((3,3),(0.,0.030810048667148),.UNSPECIFIED.)
CURVE()
GEOMETRIC_REPRESENTATION_ITEM()
RATIONAL_B_SPLINE_CURVE((1.,1.0102606481852,1.01958687711208))
REPRESENTATION_ITEM('')
);
#264=(
BOUNDED_CURVE()
B_SPLINE_CURVE(2,(#2129,#2130,#2131),.UNSPECIFIED.,.F.,.F.)
B_SPLINE_CURVE_WITH_KNOTS((3,3),(0.0449703344448019,0.0980254310459325),
 .UNSPECIFIED.)
CURVE()
GEOMETRIC_REPRESENTATION_ITEM()
RATIONAL_B_SPLINE_CURVE((1.03783289163928,1.05913810503969,1.0780553752006))
REPRESENTATION_ITEM('')
);
#265=(
BOUNDED_CURVE()
B_SPLINE_CURVE(2,(#2134,#2135,#2136),.UNSPECIFIED.,.F.,.F.)
B_SPLINE_CURVE_WITH_KNOTS((3,3),(0.938629662512675,0.991684759109614),
 .UNSPECIFIED.)
CURVE()
GEOMETRIC_REPRESENTATION_ITEM()
RATIONAL_B_SPLINE_CURVE((1.0780553752006,1.05913810504119,1.03783289164265))
REPRESENTATION_ITEM('')
);
#266=(
BOUNDED_CURVE()
B_SPLINE_CURVE(2,(#2143,#2144,#2145),.UNSPECIFIED.,.F.,.F.)
B_SPLINE_CURVE_WITH_KNOTS((3,3),(-2.93309076957731,-2.93265492167093),
 .UNSPECIFIED.)
CURVE()
GEOMETRIC_REPRESENTATION_ITEM()
RATIONAL_B_SPLINE_CURVE((1.43260334832907,1.43262496681975,1.43264656933323))
REPRESENTATION_ITEM('')
);
#267=(
BOUNDED_CURVE()
B_SPLINE_CURVE(2,(#2149,#2150,#2151),.UNSPECIFIED.,.F.,.F.)
B_SPLINE_CURVE_WITH_KNOTS((3,3),(-0.0725045487840177,-0.0724306504051181),
 .UNSPECIFIED.)
CURVE()
GEOMETRIC_REPRESENTATION_ITEM()
RATIONAL_B_SPLINE_CURVE((1.69119786443905,1.69085441563507,1.69051094890511))
REPRESENTATION_ITEM('')
);
#268=(
BOUNDED_CURVE()
B_SPLINE_CURVE(2,(#2165,#2166,#2167),.UNSPECIFIED.,.F.,.F.)
B_SPLINE_CURVE_WITH_KNOTS((3,3),(-2.90425744208963,-2.90418354371073),
 .UNSPECIFIED.)
CURVE()
GEOMETRIC_REPRESENTATION_ITEM()
RATIONAL_B_SPLINE_CURVE((1.69051094890511,1.69085441563507,1.69119786443904))
REPRESENTATION_ITEM('')
);
#269=(
BOUNDED_CURVE()
B_SPLINE_CURVE(2,(#2171,#2172,#2173),.UNSPECIFIED.,.F.,.F.)
B_SPLINE_CURVE_WITH_KNOTS((3,3),(-1.75404880819535,-1.75361296028897),
 .UNSPECIFIED.)
CURVE()
GEOMETRIC_REPRESENTATION_ITEM()
RATIONAL_B_SPLINE_CURVE((1.43264656932716,1.43262496681368,1.432603348323))
REPRESENTATION_ITEM('')
);
#270=(
BOUNDED_CURVE()
B_SPLINE_CURVE(2,(#2178,#2179,#2180),.UNSPECIFIED.,.F.,.F.)
B_SPLINE_CURVE_WITH_KNOTS((3,3),(0.645826412173875,0.676636460841027),
 .UNSPECIFIED.)
CURVE()
GEOMETRIC_REPRESENTATION_ITEM()
RATIONAL_B_SPLINE_CURVE((1.01958687711207,1.01026064818519,1.))
REPRESENTATION_ITEM('')
);
#271=(
BOUNDED_CURVE()
B_SPLINE_CURVE(2,(#2184,#2185,#2186),.UNSPECIFIED.,.F.,.F.)
B_SPLINE_CURVE_WITH_KNOTS((3,3),(0.,0.030810048667149),.UNSPECIFIED.)
CURVE()
GEOMETRIC_REPRESENTATION_ITEM()
RATIONAL_B_SPLINE_CURVE((1.,1.01026064818519,1.01958687711207))
REPRESENTATION_ITEM('')
);
#272=(
BOUNDED_CURVE()
B_SPLINE_CURVE(2,(#2188,#2189,#2190),.UNSPECIFIED.,.F.,.F.)
B_SPLINE_CURVE_WITH_KNOTS((3,3),(0.0449703344448024,0.0980254310459332),
 .UNSPECIFIED.)
CURVE()
GEOMETRIC_REPRESENTATION_ITEM()
RATIONAL_B_SPLINE_CURVE((1.03783289163928,1.05913810503969,1.0780553752006))
REPRESENTATION_ITEM('')
);
#273=(
BOUNDED_CURVE()
B_SPLINE_CURVE(2,(#2193,#2194,#2195),.UNSPECIFIED.,.F.,.F.)
B_SPLINE_CURVE_WITH_KNOTS((3,3),(0.938629662512663,0.991684759109604),
 .UNSPECIFIED.)
CURVE()
GEOMETRIC_REPRESENTATION_ITEM()
RATIONAL_B_SPLINE_CURVE((1.0780553752006,1.05913810504119,1.03783289164265))
REPRESENTATION_ITEM('')
);
#274=(
BOUNDED_CURVE()
B_SPLINE_CURVE(2,(#2202,#2203,#2204),.UNSPECIFIED.,.F.,.F.)
B_SPLINE_CURVE_WITH_KNOTS((3,3),(-2.93309076957695,-2.93265492167057),
 .UNSPECIFIED.)
CURVE()
GEOMETRIC_REPRESENTATION_ITEM()
RATIONAL_B_SPLINE_CURVE((1.43260334832968,1.43262496682035,1.43264656933383))
REPRESENTATION_ITEM('')
);
#275=(
BOUNDED_CURVE()
B_SPLINE_CURVE(2,(#2208,#2209,#2210),.UNSPECIFIED.,.F.,.F.)
B_SPLINE_CURVE_WITH_KNOTS((3,3),(-0.0725045487840175,-0.0724306504051178),
 .UNSPECIFIED.)
CURVE()
GEOMETRIC_REPRESENTATION_ITEM()
RATIONAL_B_SPLINE_CURVE((1.69119786443905,1.69085441563507,1.69051094890511))
REPRESENTATION_ITEM('')
);
#276=(
BOUNDED_CURVE()
B_SPLINE_CURVE(2,(#2224,#2225,#2226),.UNSPECIFIED.,.F.,.F.)
B_SPLINE_CURVE_WITH_KNOTS((3,3),(-2.90425744208963,-2.90418354371073),
 .UNSPECIFIED.)
CURVE()
GEOMETRIC_REPRESENTATION_ITEM()
RATIONAL_B_SPLINE_CURVE((1.69051094890511,1.69085441563507,1.69119786443905))
REPRESENTATION_ITEM('')
);
#277=(
BOUNDED_CURVE()
B_SPLINE_CURVE(2,(#2230,#2231,#2232),.UNSPECIFIED.,.F.,.F.)
B_SPLINE_CURVE_WITH_KNOTS((3,3),(-1.75404880820105,-1.75361296029467),
 .UNSPECIFIED.)
CURVE()
GEOMETRIC_REPRESENTATION_ITEM()
RATIONAL_B_SPLINE_CURVE((1.43264656933563,1.43262496682215,1.43260334833147))
REPRESENTATION_ITEM('')
);
#278=(
BOUNDED_CURVE()
B_SPLINE_CURVE(2,(#2237,#2238,#2239),.UNSPECIFIED.,.F.,.F.)
B_SPLINE_CURVE_WITH_KNOTS((3,3),(0.645826412173875,0.676636460841029),
 .UNSPECIFIED.)
CURVE()
GEOMETRIC_REPRESENTATION_ITEM()
RATIONAL_B_SPLINE_CURVE((1.01958687711206,1.01026064818519,1.))
REPRESENTATION_ITEM('')
);
#279=(
BOUNDED_CURVE()
B_SPLINE_CURVE(2,(#2243,#2244,#2245),.UNSPECIFIED.,.F.,.F.)
B_SPLINE_CURVE_WITH_KNOTS((3,3),(0.,0.0308100486671485),.UNSPECIFIED.)
CURVE()
GEOMETRIC_REPRESENTATION_ITEM()
RATIONAL_B_SPLINE_CURVE((1.,1.01026064818519,1.01958687711207))
REPRESENTATION_ITEM('')
);
#280=(
BOUNDED_CURVE()
B_SPLINE_CURVE(2,(#2247,#2248,#2249),.UNSPECIFIED.,.F.,.F.)
B_SPLINE_CURVE_WITH_KNOTS((3,3),(0.0449703344448017,0.0980254310459312),
 .UNSPECIFIED.)
CURVE()
GEOMETRIC_REPRESENTATION_ITEM()
RATIONAL_B_SPLINE_CURVE((1.03783289163928,1.05913810503969,1.0780553752006))
REPRESENTATION_ITEM('')
);
#281=(
BOUNDED_CURVE()
B_SPLINE_CURVE(2,(#2252,#2253,#2254),.UNSPECIFIED.,.F.,.F.)
B_SPLINE_CURVE_WITH_KNOTS((3,3),(0.938629662512669,0.991684759109609),
 .UNSPECIFIED.)
CURVE()
GEOMETRIC_REPRESENTATION_ITEM()
RATIONAL_B_SPLINE_CURVE((1.0780553752006,1.05913810504119,1.03783289164265))
REPRESENTATION_ITEM('')
);
#282=(
BOUNDED_CURVE()
B_SPLINE_CURVE(2,(#2270,#2271,#2272),.UNSPECIFIED.,.F.,.F.)
B_SPLINE_CURVE_WITH_KNOTS((3,3),(-2.93309076957008,-2.9326549216637),
 .UNSPECIFIED.)
CURVE()
GEOMETRIC_REPRESENTATION_ITEM()
RATIONAL_B_SPLINE_CURVE((1.43260334833905,1.43262496682972,1.4326465693432))
REPRESENTATION_ITEM('')
);
#283=(
BOUNDED_CURVE()
B_SPLINE_CURVE(2,(#2275,#2276,#2277),.UNSPECIFIED.,.F.,.F.)
B_SPLINE_CURVE_WITH_KNOTS((3,3),(-0.0725045487840175,-0.072430650405118),
 .UNSPECIFIED.)
CURVE()
GEOMETRIC_REPRESENTATION_ITEM()
RATIONAL_B_SPLINE_CURVE((1.69119786443905,1.69085441563507,1.69051094890511))
REPRESENTATION_ITEM('')
);
#284=(
BOUNDED_CURVE()
B_SPLINE_CURVE(2,(#2289,#2290,#2291),.UNSPECIFIED.,.F.,.F.)
B_SPLINE_CURVE_WITH_KNOTS((3,3),(0.64582641217388,0.676636460841028),
 .UNSPECIFIED.)
CURVE()
GEOMETRIC_REPRESENTATION_ITEM()
RATIONAL_B_SPLINE_CURVE((1.01958687711207,1.01026064818519,1.))
REPRESENTATION_ITEM('')
);
#285=(
BOUNDED_CURVE()
B_SPLINE_CURVE(2,(#2295,#2296,#2297),.UNSPECIFIED.,.F.,.F.)
B_SPLINE_CURVE_WITH_KNOTS((3,3),(0.,0.0308100486671364),.UNSPECIFIED.)
CURVE()
GEOMETRIC_REPRESENTATION_ITEM()
RATIONAL_B_SPLINE_CURVE((1.,1.01026064818521,1.0195868771121))
REPRESENTATION_ITEM('')
);
#286=(
BOUNDED_CURVE()
B_SPLINE_CURVE(2,(#2299,#2300,#2301),.UNSPECIFIED.,.F.,.F.)
B_SPLINE_CURVE_WITH_KNOTS((3,3),(0.0449703344448013,0.0980254310459318),
 .UNSPECIFIED.)
CURVE()
GEOMETRIC_REPRESENTATION_ITEM()
RATIONAL_B_SPLINE_CURVE((1.03783289163928,1.05913810503969,1.0780553752006))
REPRESENTATION_ITEM('')
);
#287=(
BOUNDED_CURVE()
B_SPLINE_CURVE(2,(#2304,#2305,#2306),.UNSPECIFIED.,.F.,.F.)
B_SPLINE_CURVE_WITH_KNOTS((3,3),(0.938629662512662,0.991684759109601),
 .UNSPECIFIED.)
CURVE()
GEOMETRIC_REPRESENTATION_ITEM()
RATIONAL_B_SPLINE_CURVE((1.0780553752006,1.05913810504119,1.03783289164265))
REPRESENTATION_ITEM('')
);
#288=(
BOUNDED_CURVE()
B_SPLINE_CURVE(2,(#2313,#2314,#2315),.UNSPECIFIED.,.F.,.F.)
B_SPLINE_CURVE_WITH_KNOTS((3,3),(-2.93309076957661,-2.93265492167023),
 .UNSPECIFIED.)
CURVE()
GEOMETRIC_REPRESENTATION_ITEM()
RATIONAL_B_SPLINE_CURVE((1.43260334832976,1.43262496682043,1.43264656933391))
REPRESENTATION_ITEM('')
);
#289=(
BOUNDED_CURVE()
B_SPLINE_CURVE(2,(#2319,#2320,#2321),.UNSPECIFIED.,.F.,.F.)
B_SPLINE_CURVE_WITH_KNOTS((3,3),(-0.0725045487840175,-0.072430650405118),
 .UNSPECIFIED.)
CURVE()
GEOMETRIC_REPRESENTATION_ITEM()
RATIONAL_B_SPLINE_CURVE((1.69119786443905,1.69085441563507,1.69051094890511))
REPRESENTATION_ITEM('')
);
#290=(
BOUNDED_CURVE()
B_SPLINE_CURVE(2,(#2335,#2336,#2337),.UNSPECIFIED.,.F.,.F.)
B_SPLINE_CURVE_WITH_KNOTS((3,3),(-2.90425744208963,-2.90418354371073),
 .UNSPECIFIED.)
CURVE()
GEOMETRIC_REPRESENTATION_ITEM()
RATIONAL_B_SPLINE_CURVE((1.69051094890511,1.69085441563507,1.69119786443905))
REPRESENTATION_ITEM('')
);
#291=(
BOUNDED_CURVE()
B_SPLINE_CURVE(2,(#2341,#2342,#2343),.UNSPECIFIED.,.F.,.F.)
B_SPLINE_CURVE_WITH_KNOTS((3,3),(-1.75404880820659,-1.75361296030021),
 .UNSPECIFIED.)
CURVE()
GEOMETRIC_REPRESENTATION_ITEM()
RATIONAL_B_SPLINE_CURVE((1.43264656934395,1.43262496683047,1.4326033483398))
REPRESENTATION_ITEM('')
);
#292=(
BOUNDED_CURVE()
B_SPLINE_CURVE(2,(#2348,#2349,#2350),.UNSPECIFIED.,.F.,.F.)
B_SPLINE_CURVE_WITH_KNOTS((3,3),(0.645826412173883,0.676636460841027),
 .UNSPECIFIED.)
CURVE()
GEOMETRIC_REPRESENTATION_ITEM()
RATIONAL_B_SPLINE_CURVE((1.01958687711209,1.0102606481852,1.))
REPRESENTATION_ITEM('')
);
#293=(
BOUNDED_CURVE()
B_SPLINE_CURVE(2,(#2354,#2355,#2356),.UNSPECIFIED.,.F.,.F.)
B_SPLINE_CURVE_WITH_KNOTS((3,3),(0.,0.030810048667149),.UNSPECIFIED.)
CURVE()
GEOMETRIC_REPRESENTATION_ITEM()
RATIONAL_B_SPLINE_CURVE((1.,1.01026064818519,1.01958687711207))
REPRESENTATION_ITEM('')
);
#294=(
BOUNDED_CURVE()
B_SPLINE_CURVE(2,(#2358,#2359,#2360),.UNSPECIFIED.,.F.,.F.)
B_SPLINE_CURVE_WITH_KNOTS((3,3),(0.0449703344448022,0.0980254310459329),
 .UNSPECIFIED.)
CURVE()
GEOMETRIC_REPRESENTATION_ITEM()
RATIONAL_B_SPLINE_CURVE((1.03783289163928,1.05913810503969,1.0780553752006))
REPRESENTATION_ITEM('')
);
#295=(
BOUNDED_CURVE()
B_SPLINE_CURVE(2,(#2365,#2366,#2367),.UNSPECIFIED.,.F.,.F.)
B_SPLINE_CURVE_WITH_KNOTS((3,3),(0.938629662512664,0.991684759109604),
 .UNSPECIFIED.)
CURVE()
GEOMETRIC_REPRESENTATION_ITEM()
RATIONAL_B_SPLINE_CURVE((1.0780553752006,1.05913810504119,1.03783289164265))
REPRESENTATION_ITEM('')
);
#296=(
BOUNDED_CURVE()
B_SPLINE_CURVE(2,(#2372,#2373,#2374),.UNSPECIFIED.,.F.,.F.)
B_SPLINE_CURVE_WITH_KNOTS((3,3),(-2.90425744208963,-2.90418354371073),
 .UNSPECIFIED.)
CURVE()
GEOMETRIC_REPRESENTATION_ITEM()
RATIONAL_B_SPLINE_CURVE((1.69051094890511,1.69085441563507,1.69119786443905))
REPRESENTATION_ITEM('')
);
#297=(
BOUNDED_CURVE()
B_SPLINE_CURVE(2,(#2378,#2379,#2380),.UNSPECIFIED.,.F.,.F.)
B_SPLINE_CURVE_WITH_KNOTS((3,3),(-1.75404880819587,-1.75361296028949),
 .UNSPECIFIED.)
CURVE()
GEOMETRIC_REPRESENTATION_ITEM()
RATIONAL_B_SPLINE_CURVE((1.43264656932806,1.43262496681458,1.4326033483239))
REPRESENTATION_ITEM('')
);
#298=(
BOUNDED_CURVE()
B_SPLINE_CURVE(2,(#2493,#2494,#2495),.UNSPECIFIED.,.F.,.F.)
B_SPLINE_CURVE_WITH_KNOTS((3,3),(-1.75404880820496,-1.75361296029858),
 .UNSPECIFIED.)
CURVE()
GEOMETRIC_REPRESENTATION_ITEM()
RATIONAL_B_SPLINE_CURVE((1.43264656934083,1.43262496682735,1.43260334833667))
REPRESENTATION_ITEM('')
);
#299=(
BOUNDED_CURVE()
B_SPLINE_CURVE(2,(#2504,#2505,#2506),.UNSPECIFIED.,.F.,.F.)
B_SPLINE_CURVE_WITH_KNOTS((3,3),(-2.90425744208963,-2.90418354371073),
 .UNSPECIFIED.)
CURVE()
GEOMETRIC_REPRESENTATION_ITEM()
RATIONAL_B_SPLINE_CURVE((1.69051094890511,1.69085441563507,1.69119786443905))
REPRESENTATION_ITEM('')
);
#300=(
BOUNDED_CURVE()
B_SPLINE_CURVE(2,(#2543,#2544,#2545),.UNSPECIFIED.,.F.,.F.)
B_SPLINE_CURVE_WITH_KNOTS((3,3),(-2.93309076957146,-2.93265492166507),
 .UNSPECIFIED.)
CURVE()
GEOMETRIC_REPRESENTATION_ITEM()
RATIONAL_B_SPLINE_CURVE((1.43260334833682,1.43262496682749,1.43264656934097))
REPRESENTATION_ITEM('')
);
#301=(
BOUNDED_CURVE()
B_SPLINE_CURVE(2,(#2599,#2600,#2601),.UNSPECIFIED.,.F.,.F.)
B_SPLINE_CURVE_WITH_KNOTS((3,3),(-0.0725045487840175,-0.072430650405118),
 .UNSPECIFIED.)
CURVE()
GEOMETRIC_REPRESENTATION_ITEM()
RATIONAL_B_SPLINE_CURVE((1.69119786443905,1.69085441563507,1.69051094890511))
REPRESENTATION_ITEM('')
);
#302=CONICAL_SURFACE('',#1515,6.15,0.785398163397448);
#303=CONICAL_SURFACE('',#1522,6.15,0.785398163397448);
#304=CONICAL_SURFACE('',#1529,6.15,0.785398163397448);
#305=CONICAL_SURFACE('',#1536,6.15,0.785398163397449);
#306=CONICAL_SURFACE('',#1543,6.15,0.785398163397448);
#307=CONICAL_SURFACE('',#1550,6.15,0.785398163397448);
#308=CONICAL_SURFACE('',#1566,7.8,0.785398163397447);
#309=CONICAL_SURFACE('',#1582,7.8,0.785398163397448);
#310=CONICAL_SURFACE('',#1587,7.8,0.785398163397447);
#311=CONICAL_SURFACE('',#1595,7.8,0.785398163397447);
#312=CONICAL_SURFACE('',#1599,7.8,0.785398163397445);
#313=CONICAL_SURFACE('',#1607,7.8,0.785398163397448);
#314=CONICAL_SURFACE('',#1613,5.95,0.785398163397448);
#315=CONICAL_SURFACE('',#1616,5.95,0.785398163397448);
#316=CONICAL_SURFACE('',#1617,5.95,0.785398163397448);
#317=CONICAL_SURFACE('',#1621,5.95,0.785398163397448);
#318=CONICAL_SURFACE('',#1624,5.95,0.785398163397448);
#319=CONICAL_SURFACE('',#1629,5.95,0.785398163397448);
#320=CONICAL_SURFACE('',#1635,7.58263972396811,0.747784808358824);
#321=CONICAL_SURFACE('',#1645,6.52263972396811,0.457083763502676);
#322=FACE_OUTER_BOUND('',#402,.T.);
#323=FACE_OUTER_BOUND('',#403,.T.);
#324=FACE_OUTER_BOUND('',#404,.T.);
#325=FACE_OUTER_BOUND('',#405,.T.);
#326=FACE_OUTER_BOUND('',#406,.T.);
#327=FACE_OUTER_BOUND('',#407,.T.);
#328=FACE_OUTER_BOUND('',#408,.T.);
#329=FACE_OUTER_BOUND('',#409,.T.);
#330=FACE_OUTER_BOUND('',#410,.T.);
#331=FACE_OUTER_BOUND('',#411,.T.);
#332=FACE_OUTER_BOUND('',#412,.T.);
#333=FACE_OUTER_BOUND('',#413,.T.);
#334=FACE_OUTER_BOUND('',#414,.T.);
#335=FACE_OUTER_BOUND('',#415,.T.);
#336=FACE_OUTER_BOUND('',#416,.T.);
#337=FACE_OUTER_BOUND('',#417,.T.);
#338=FACE_OUTER_BOUND('',#418,.T.);
#339=FACE_OUTER_BOUND('',#419,.T.);
#340=FACE_OUTER_BOUND('',#420,.T.);
#341=FACE_OUTER_BOUND('',#421,.T.);
#342=FACE_OUTER_BOUND('',#422,.T.);
#343=FACE_OUTER_BOUND('',#423,.T.);
#344=FACE_OUTER_BOUND('',#424,.T.);
#345=FACE_OUTER_BOUND('',#425,.T.);
#346=FACE_OUTER_BOUND('',#426,.T.);
#347=FACE_OUTER_BOUND('',#427,.T.);
#348=FACE_OUTER_BOUND('',#428,.T.);
#349=FACE_OUTER_BOUND('',#429,.T.);
#350=FACE_OUTER_BOUND('',#430,.T.);
#351=FACE_OUTER_BOUND('',#431,.T.);
#352=FACE_OUTER_BOUND('',#432,.T.);
#353=FACE_OUTER_BOUND('',#433,.T.);
#354=FACE_OUTER_BOUND('',#434,.T.);
#355=FACE_OUTER_BOUND('',#435,.T.);
#356=FACE_OUTER_BOUND('',#436,.T.);
#357=FACE_OUTER_BOUND('',#437,.T.);
#358=FACE_OUTER_BOUND('',#438,.T.);
#359=FACE_OUTER_BOUND('',#439,.T.);
#360=FACE_OUTER_BOUND('',#440,.T.);
#361=FACE_OUTER_BOUND('',#441,.T.);
#362=FACE_OUTER_BOUND('',#442,.T.);
#363=FACE_OUTER_BOUND('',#443,.T.);
#364=FACE_OUTER_BOUND('',#444,.T.);
#365=FACE_OUTER_BOUND('',#445,.T.);
#366=FACE_OUTER_BOUND('',#446,.T.);
#367=FACE_OUTER_BOUND('',#447,.T.);
#368=FACE_OUTER_BOUND('',#448,.T.);
#369=FACE_OUTER_BOUND('',#449,.T.);
#370=FACE_OUTER_BOUND('',#450,.T.);
#371=FACE_OUTER_BOUND('',#451,.T.);
#372=FACE_OUTER_BOUND('',#452,.T.);
#373=FACE_OUTER_BOUND('',#453,.T.);
#374=FACE_OUTER_BOUND('',#454,.T.);
#375=FACE_OUTER_BOUND('',#455,.T.);
#376=FACE_OUTER_BOUND('',#456,.T.);
#377=FACE_OUTER_BOUND('',#457,.T.);
#378=FACE_OUTER_BOUND('',#458,.T.);
#379=FACE_OUTER_BOUND('',#459,.T.);
#380=FACE_OUTER_BOUND('',#460,.T.);
#381=FACE_OUTER_BOUND('',#461,.T.);
#382=FACE_OUTER_BOUND('',#462,.T.);
#383=FACE_OUTER_BOUND('',#463,.T.);
#384=FACE_OUTER_BOUND('',#464,.T.);
#385=FACE_OUTER_BOUND('',#465,.T.);
#386=FACE_OUTER_BOUND('',#466,.T.);
#387=FACE_OUTER_BOUND('',#467,.T.);
#388=FACE_OUTER_BOUND('',#468,.T.);
#389=FACE_OUTER_BOUND('',#469,.T.);
#390=FACE_OUTER_BOUND('',#470,.T.);
#391=FACE_OUTER_BOUND('',#471,.T.);
#392=FACE_OUTER_BOUND('',#472,.T.);
#393=FACE_OUTER_BOUND('',#473,.T.);
#394=FACE_OUTER_BOUND('',#474,.T.);
#395=FACE_OUTER_BOUND('',#475,.T.);
#396=FACE_OUTER_BOUND('',#476,.T.);
#397=FACE_OUTER_BOUND('',#477,.T.);
#398=FACE_OUTER_BOUND('',#478,.T.);
#399=FACE_OUTER_BOUND('',#479,.T.);
#400=FACE_OUTER_BOUND('',#480,.T.);
#401=FACE_OUTER_BOUND('',#481,.T.);
#402=EDGE_LOOP('',(#952,#953,#954,#955));
#403=EDGE_LOOP('',(#956,#957,#958,#959,#960,#961));
#404=EDGE_LOOP('',(#962,#963,#964,#965,#966,#967,#968));
#405=EDGE_LOOP('',(#969,#970,#971,#972,#973,#974));
#406=EDGE_LOOP('',(#975,#976,#977,#978,#979,#980,#981));
#407=EDGE_LOOP('',(#982,#983,#984,#985,#986,#987));
#408=EDGE_LOOP('',(#988,#989,#990,#991,#992,#993,#994));
#409=EDGE_LOOP('',(#995,#996,#997,#998,#999,#1000));
#410=EDGE_LOOP('',(#1001,#1002,#1003,#1004,#1005,#1006,#1007));
#411=EDGE_LOOP('',(#1008,#1009,#1010,#1011,#1012,#1013));
#412=EDGE_LOOP('',(#1014,#1015,#1016,#1017,#1018,#1019,#1020));
#413=EDGE_LOOP('',(#1021,#1022,#1023,#1024,#1025,#1026));
#414=EDGE_LOOP('',(#1027,#1028,#1029,#1030,#1031,#1032,#1033));
#415=EDGE_LOOP('',(#1034,#1035,#1036,#1037,#1038,#1039));
#416=EDGE_LOOP('',(#1040,#1041,#1042,#1043));
#417=EDGE_LOOP('',(#1044,#1045,#1046,#1047,#1048,#1049,#1050));
#418=EDGE_LOOP('',(#1051,#1052,#1053,#1054,#1055,#1056));
#419=EDGE_LOOP('',(#1057,#1058,#1059,#1060,#1061,#1062));
#420=EDGE_LOOP('',(#1063,#1064,#1065,#1066,#1067,#1068,#1069));
#421=EDGE_LOOP('',(#1070,#1071,#1072,#1073,#1074,#1075));
#422=EDGE_LOOP('',(#1076,#1077,#1078,#1079,#1080,#1081,#1082));
#423=EDGE_LOOP('',(#1083,#1084,#1085,#1086,#1087,#1088,#1089));
#424=EDGE_LOOP('',(#1090,#1091,#1092,#1093,#1094,#1095,#1096));
#425=EDGE_LOOP('',(#1097,#1098,#1099,#1100));
#426=EDGE_LOOP('',(#1101,#1102,#1103,#1104,#1105,#1106,#1107,#1108,#1109,
#1110,#1111,#1112,#1113,#1114,#1115,#1116,#1117,#1118,#1119,#1120,#1121,
#1122,#1123,#1124,#1125,#1126,#1127,#1128));
#427=EDGE_LOOP('',(#1129,#1130,#1131,#1132));
#428=EDGE_LOOP('',(#1133,#1134,#1135,#1136));
#429=EDGE_LOOP('',(#1137,#1138,#1139,#1140,#1141,#1142));
#430=EDGE_LOOP('',(#1143,#1144,#1145,#1146,#1147,#1148));
#431=EDGE_LOOP('',(#1149,#1150,#1151,#1152,#1153,#1154,#1155,#1156,#1157,
#1158,#1159,#1160,#1161,#1162,#1163,#1164,#1165,#1166,#1167,#1168,#1169,
#1170,#1171,#1172,#1173,#1174,#1175,#1176,#1177));
#432=EDGE_LOOP('',(#1178,#1179,#1180,#1181));
#433=EDGE_LOOP('',(#1182,#1183,#1184,#1185));
#434=EDGE_LOOP('',(#1186,#1187,#1188,#1189,#1190,#1191));
#435=EDGE_LOOP('',(#1192,#1193,#1194,#1195));
#436=EDGE_LOOP('',(#1196,#1197,#1198,#1199,#1200,#1201,#1202));
#437=EDGE_LOOP('',(#1203,#1204,#1205,#1206,#1207,#1208));
#438=EDGE_LOOP('',(#1209,#1210,#1211,#1212));
#439=EDGE_LOOP('',(#1213,#1214,#1215,#1216));
#440=EDGE_LOOP('',(#1217,#1218,#1219,#1220));
#441=EDGE_LOOP('',(#1221,#1222,#1223,#1224));
#442=EDGE_LOOP('',(#1225,#1226,#1227,#1228));
#443=EDGE_LOOP('',(#1229,#1230,#1231,#1232,#1233,#1234));
#444=EDGE_LOOP('',(#1235,#1236,#1237,#1238));
#445=EDGE_LOOP('',(#1239,#1240,#1241,#1242,#1243,#1244));
#446=EDGE_LOOP('',(#1245,#1246,#1247,#1248));
#447=EDGE_LOOP('',(#1249,#1250,#1251,#1252));
#448=EDGE_LOOP('',(#1253,#1254,#1255,#1256));
#449=EDGE_LOOP('',(#1257,#1258,#1259,#1260));
#450=EDGE_LOOP('',(#1261,#1262,#1263,#1264));
#451=EDGE_LOOP('',(#1265,#1266,#1267,#1268,#1269,#1270,#1271));
#452=EDGE_LOOP('',(#1272,#1273,#1274,#1275));
#453=EDGE_LOOP('',(#1276,#1277,#1278,#1279));
#454=EDGE_LOOP('',(#1280,#1281,#1282,#1283));
#455=EDGE_LOOP('',(#1284,#1285,#1286,#1287,#1288,#1289));
#456=EDGE_LOOP('',(#1290,#1291,#1292,#1293));
#457=EDGE_LOOP('',(#1294,#1295,#1296,#1297));
#458=EDGE_LOOP('',(#1298,#1299,#1300,#1301,#1302,#1303));
#459=EDGE_LOOP('',(#1304,#1305,#1306,#1307,#1308,#1309));
#460=EDGE_LOOP('',(#1310,#1311,#1312,#1313));
#461=EDGE_LOOP('',(#1314,#1315,#1316,#1317));
#462=EDGE_LOOP('',(#1318,#1319,#1320,#1321,#1322,#1323,#1324));
#463=EDGE_LOOP('',(#1325,#1326,#1327,#1328,#1329,#1330));
#464=EDGE_LOOP('',(#1331,#1332,#1333,#1334));
#465=EDGE_LOOP('',(#1335,#1336,#1337,#1338));
#466=EDGE_LOOP('',(#1339,#1340,#1341,#1342,#1343,#1344));
#467=EDGE_LOOP('',(#1345,#1346,#1347,#1348));
#468=EDGE_LOOP('',(#1349,#1350,#1351,#1352));
#469=EDGE_LOOP('',(#1353,#1354,#1355,#1356));
#470=EDGE_LOOP('',(#1357,#1358,#1359,#1360,#1361,#1362));
#471=EDGE_LOOP('',(#1363,#1364,#1365,#1366,#1367));
#472=EDGE_LOOP('',(#1368,#1369,#1370,#1371));
#473=EDGE_LOOP('',(#1372,#1373,#1374,#1375,#1376));
#474=EDGE_LOOP('',(#1377,#1378,#1379,#1380,#1381,#1382));
#475=EDGE_LOOP('',(#1383));
#476=EDGE_LOOP('',(#1384));
#477=EDGE_LOOP('',(#1385,#1386,#1387,#1388,#1389,#1390,#1391));
#478=EDGE_LOOP('',(#1392,#1393,#1394,#1395,#1396));
#479=EDGE_LOOP('',(#1397,#1398,#1399,#1400,#1401));
#480=EDGE_LOOP('',(#1402,#1403,#1404,#1405));
#481=EDGE_LOOP('',(#1406));
#482=EDGE_LOOP('',(#1407));
#483=CIRCLE('',#1513,0.199999999999998);
#484=CIRCLE('',#1514,6.08);
#485=CIRCLE('',#1516,6.55);
#486=CIRCLE('',#1517,5.75);
#487=CIRCLE('',#1520,7.99999999999999);
#488=CIRCLE('',#1523,6.55);
#489=CIRCLE('',#1524,5.75);
#490=CIRCLE('',#1527,7.99999999999999);
#491=CIRCLE('',#1530,6.55);
#492=CIRCLE('',#1531,5.75);
#493=CIRCLE('',#1534,7.99999999999999);
#494=CIRCLE('',#1537,6.55);
#495=CIRCLE('',#1538,5.75);
#496=CIRCLE('',#1542,7.99999999999999);
#497=CIRCLE('',#1544,6.55);
#498=CIRCLE('',#1545,5.75);
#499=CIRCLE('',#1548,7.99999999999999);
#500=CIRCLE('',#1551,6.55);
#501=CIRCLE('',#1552,5.75);
#502=CIRCLE('',#1553,5.75);
#503=CIRCLE('',#1557,5.75);
#504=CIRCLE('',#1558,5.75);
#505=CIRCLE('',#1559,5.75);
#506=CIRCLE('',#1560,5.75);
#507=CIRCLE('',#1561,5.75);
#508=CIRCLE('',#1562,5.75);
#509=CIRCLE('',#1563,5.75);
#510=CIRCLE('',#1567,7.6);
#511=CIRCLE('',#1568,8.);
#512=CIRCLE('',#1570,7.99999999999999);
#513=CIRCLE('',#1572,8.);
#514=CIRCLE('',#1573,8.);
#515=CIRCLE('',#1574,8.);
#516=CIRCLE('',#1575,8.);
#517=CIRCLE('',#1576,8.);
#518=CIRCLE('',#1577,8.);
#519=CIRCLE('',#1578,8.);
#520=CIRCLE('',#1579,8.);
#521=CIRCLE('',#1583,7.6);
#522=CIRCLE('',#1585,6.15);
#523=CIRCLE('',#1588,7.6);
#524=CIRCLE('',#1592,6.15);
#525=CIRCLE('',#1596,7.6);
#526=CIRCLE('',#1598,6.15);
#527=CIRCLE('',#1600,7.6);
#528=CIRCLE('',#1604,6.15);
#529=CIRCLE('',#1608,7.6);
#530=CIRCLE('',#1610,6.15);
#531=CIRCLE('',#1625,6.15);
#532=CIRCLE('',#1630,6.08);
#533=CIRCLE('',#1632,7.31334811312772);
#534=CIRCLE('',#1633,0.5);
#535=CIRCLE('',#1634,6.96527944793621);
#536=CIRCLE('',#1636,7.86659851644871);
#537=CIRCLE('',#1637,7.86659851644871);
#538=CIRCLE('',#1639,0.5);
#539=CIRCLE('',#1642,3.);
#540=CIRCLE('',#1643,7.15);
#541=CIRCLE('',#1644,7.15);
#542=CIRCLE('',#1647,7.15);
#543=CIRCLE('',#1649,3.);
#544=B_SPLINE_CURVE_WITH_KNOTS('',3,(#2042,#2043,#2044,#2045,#2046,#2047,
#2048),.UNSPECIFIED.,.F.,.F.,(4,3,4),(-1.,-0.571428571428571,0.),
 .UNSPECIFIED.);
#545=B_SPLINE_CURVE_WITH_KNOTS('',3,(#2050,#2051,#2052,#2053),
 .UNSPECIFIED.,.F.,.F.,(4,4),(-3.73203672827749,-3.73155275559887),
 .UNSPECIFIED.);
#546=B_SPLINE_CURVE_WITH_KNOTS('',3,(#2259,#2260,#2261,#2262),
 .UNSPECIFIED.,.F.,.F.,(4,4),(-0.0725184492001255,0.),.UNSPECIFIED.);
#547=B_SPLINE_CURVE_WITH_KNOTS('',3,(#2387,#2388,#2389,#2390),
 .UNSPECIFIED.,.F.,.F.,(4,4),(-0.0724937696717213,0.),.UNSPECIFIED.);
#548=B_SPLINE_CURVE_WITH_KNOTS('',3,(#2426,#2427,#2428,#2429),
 .UNSPECIFIED.,.F.,.F.,(4,4),(-0.066467672689213,0.),.UNSPECIFIED.);
#549=B_SPLINE_CURVE_WITH_KNOTS('',3,(#2433,#2434,#2435,#2436),
 .UNSPECIFIED.,.F.,.F.,(4,4),(-0.0664749465983164,0.),.UNSPECIFIED.);
#550=B_SPLINE_CURVE_WITH_KNOTS('',3,(#2480,#2481,#2482,#2483),
 .UNSPECIFIED.,.F.,.F.,(4,4),(-0.066474946598347,0.),.UNSPECIFIED.);
#551=B_SPLINE_CURVE_WITH_KNOTS('',3,(#2487,#2488,#2489,#2490),
 .UNSPECIFIED.,.F.,.F.,(4,4),(-0.0664676726891801,0.),.UNSPECIFIED.);
#552=B_SPLINE_CURVE_WITH_KNOTS('',3,(#2509,#2510,#2511,#2512),
 .UNSPECIFIED.,.F.,.F.,(4,4),(-0.0664676726891214,0.),.UNSPECIFIED.);
#553=B_SPLINE_CURVE_WITH_KNOTS('',3,(#2513,#2514,#2515,#2516),
 .UNSPECIFIED.,.F.,.F.,(4,4),(-0.0664749465983444,0.),.UNSPECIFIED.);
#554=B_SPLINE_CURVE_WITH_KNOTS('',3,(#2522,#2523,#2524,#2525),
 .UNSPECIFIED.,.F.,.F.,(4,4),(-0.0664749465982948,0.),.UNSPECIFIED.);
#555=B_SPLINE_CURVE_WITH_KNOTS('',3,(#2527,#2528,#2529,#2530),
 .UNSPECIFIED.,.F.,.F.,(4,4),(-0.0664676726892064,0.),.UNSPECIFIED.);
#556=B_SPLINE_CURVE_WITH_KNOTS('',3,(#2536,#2537,#2538,#2539),
 .UNSPECIFIED.,.F.,.F.,(4,4),(-0.0664749465983524,0.),.UNSPECIFIED.);
#557=B_SPLINE_CURVE_WITH_KNOTS('',3,(#2546,#2547,#2548,#2549),
 .UNSPECIFIED.,.F.,.F.,(4,4),(-0.0664676726890977,0.),.UNSPECIFIED.);
#558=B_SPLINE_CURVE_WITH_KNOTS('',3,(#2558,#2559,#2560,#2561),
 .UNSPECIFIED.,.F.,.F.,(4,4),(-0.0664749465983227,0.),.UNSPECIFIED.);
#559=B_SPLINE_CURVE_WITH_KNOTS('',3,(#2563,#2564,#2565,#2566),
 .UNSPECIFIED.,.F.,.F.,(4,4),(-0.0664676726892368,0.),.UNSPECIFIED.);
#560=B_SPLINE_CURVE_WITH_KNOTS('',3,(#2572,#2573,#2574,#2575),
 .UNSPECIFIED.,.F.,.F.,(4,4),(-0.072518449200127,0.),.UNSPECIFIED.);
#561=B_SPLINE_CURVE_WITH_KNOTS('',3,(#2577,#2578,#2579,#2580),
 .UNSPECIFIED.,.F.,.F.,(4,4),(-0.0724937696717367,0.),.UNSPECIFIED.);
#562=B_SPLINE_CURVE_WITH_KNOTS('',3,(#2583,#2584,#2585,#2586),
 .UNSPECIFIED.,.F.,.F.,(4,4),(-0.0724937696717269,0.),.UNSPECIFIED.);
#563=B_SPLINE_CURVE_WITH_KNOTS('',3,(#2588,#2589,#2590,#2591),
 .UNSPECIFIED.,.F.,.F.,(4,4),(-0.0725184492001318,0.),.UNSPECIFIED.);
#564=B_SPLINE_CURVE_WITH_KNOTS('',3,(#2595,#2596,#2597,#2598),
 .UNSPECIFIED.,.F.,.F.,(4,4),(-0.0724937696716722,0.),.UNSPECIFIED.);
#565=B_SPLINE_CURVE_WITH_KNOTS('',3,(#2602,#2603,#2604,#2605),
 .UNSPECIFIED.,.F.,.F.,(4,4),(-0.0725184492001388,0.),.UNSPECIFIED.);
#566=B_SPLINE_CURVE_WITH_KNOTS('',3,(#2611,#2612,#2613,#2614),
 .UNSPECIFIED.,.F.,.F.,(4,4),(-0.0724937696716822,0.),.UNSPECIFIED.);
#567=B_SPLINE_CURVE_WITH_KNOTS('',3,(#2615,#2616,#2617,#2618),
 .UNSPECIFIED.,.F.,.F.,(4,4),(-0.072518449200138,0.),.UNSPECIFIED.);
#568=B_SPLINE_CURVE_WITH_KNOTS('',3,(#2625,#2626,#2627,#2628),
 .UNSPECIFIED.,.F.,.F.,(4,4),(-0.072518449200131,0.),.UNSPECIFIED.);
#569=B_SPLINE_CURVE_WITH_KNOTS('',3,(#2630,#2631,#2632,#2633),
 .UNSPECIFIED.,.F.,.F.,(4,4),(-0.0724937696717069,0.),.UNSPECIFIED.);
#570=B_SPLINE_CURVE_WITH_KNOTS('',3,(#2727,#2728,#2729,#2730,#2731,#2732,
#2733,#2734,#2735,#2736,#2737,#2738,#2739,#2740,#2741,#2742,#2743,#2744,
#2745,#2746,#2747,#2748,#2749,#2750,#2751,#2752,#2753,#2754,#2755,#2756,
#2757,#2758,#2759,#2760,#2761,#2762,#2763,#2764,#2765,#2766,#2767,#2768,
#2769,#2770,#2771,#2772,#2773,#2774,#2775,#2776,#2777,#2778,#2779,#2780,
#2781,#2782,#2783,#2784,#2785,#2786,#2787,#2788,#2789,#2790,#2791,#2792,
#2793,#2794,#2795,#2796,#2797,#2798,#2799,#2800,#2801,#2802,#2803,#2804,
#2805,#2806,#2807,#2808,#2809,#2810,#2811,#2812,#2813,#2814,#2815,#2816,
#2817,#2818,#2819,#2820,#2821,#2822,#2823,#2824,#2825,#2826,#2827,#2828,
#2829,#2830,#2831,#2832,#2833,#2834,#2835,#2836,#2837,#2838,#2839,#2840,
#2841,#2842,#2843,#2844,#2845,#2846,#2847,#2848,#2849,#2850,#2851,#2852,
#2853,#2854,#2855,#2856,#2857,#2858,#2859,#2860,#2861,#2862,#2863,#2864,
#2865,#2866,#2867,#2868,#2869,#2870,#2871,#2872,#2873,#2874,#2875,#2876,
#2877,#2878,#2879,#2880),.UNSPECIFIED.,.F.,.F.,(4,3,3,3,3,3,3,3,3,3,3,3,
3,3,3,3,3,3,3,3,3,3,3,3,3,3,3,3,3,3,3,3,3,3,3,3,3,3,3,3,3,3,3,3,3,3,3,3,
3,3,3,4),(-3.73155275559887,-3.69048404741401,-3.64923727666835,-3.60792952758713,
-3.60027098913717,-3.55886547890524,-3.51756298414,-3.47658016424441,-3.46850524999684,
-3.46511598384047,-3.42102892943147,-3.39841019435627,-3.35411960214218,
-3.30982222259132,-3.26591929868093,-3.23727156666372,-3.19824966100707,
-3.15731558864966,-3.11598589689208,-3.07459710038834,-3.03335647187252,
-3.00603788333059,-2.96347665868965,-2.93190906982988,-2.88952168355968,
-2.8470016364597,-2.80461383320023,-2.77480419999747,-2.73298958938503,
-2.69120925389952,-2.66531459809689,-2.62365908174948,-2.58183012495473,
-2.54357051666435,-2.5016680522095,-2.45969552295166,-2.41787213193578,
-2.39899463761902,-2.35566573547512,-2.31233683333123,-2.27057904275548,
-2.22864355065856,-2.18681888694325,-2.14539989604038,-2.13254468800291,
-2.09039254496762,-2.0811031499981,-2.03861450829165,-1.99534447908377,
-1.95218719355831,-1.90886079250922,-1.86553439146012),.UNSPECIFIED.);
#571=B_SPLINE_CURVE_WITH_KNOTS('',3,(#2881,#2882,#2883,#2884,#2885,#2886,
#2887,#2888,#2889,#2890,#2891,#2892,#2893,#2894,#2895,#2896,#2897,#2898,
#2899,#2900,#2901,#2902,#2903,#2904,#2905,#2906,#2907,#2908,#2909,#2910,
#2911,#2912,#2913,#2914,#2915,#2916,#2917,#2918,#2919,#2920,#2921,#2922,
#2923,#2924,#2925,#2926,#2927,#2928,#2929,#2930,#2931,#2932,#2933,#2934,
#2935,#2936,#2937,#2938,#2939,#2940,#2941,#2942,#2943,#2944,#2945,#2946,
#2947,#2948,#2949,#2950,#2951,#2952,#2953,#2954,#2955,#2956,#2957,#2958,
#2959,#2960,#2961,#2962,#2963,#2964,#2965,#2966,#2967,#2968,#2969,#2970,
#2971,#2972,#2973,#2974,#2975,#2976,#2977,#2978,#2979,#2980,#2981,#2982,
#2983,#2984,#2985,#2986,#2987,#2988,#2989,#2990,#2991,#2992,#2993,#2994,
#2995,#2996,#2997,#2998,#2999,#3000,#3001,#3002,#3003,#3004,#3005,#3006,
#3007,#3008,#3009,#3010,#3011,#3012,#3013,#3014,#3015,#3016,#3017,#3018,
#3019,#3020,#3021,#3022,#3023,#3024,#3025,#3026,#3027,#3028,#3029,#3030,
#3031),.UNSPECIFIED.,.F.,.F.,(4,3,3,3,3,3,3,3,3,3,3,3,3,3,3,3,3,3,3,3,3,
3,3,3,3,3,3,3,3,3,3,3,3,3,3,3,3,3,3,3,3,3,3,3,3,3,3,3,3,3,4),(-1.86553439146012,
-1.84986946666498,-1.80752169543231,-1.77674208295494,-1.73484885720649,
-1.69282250517476,-1.65091423539567,-1.61863578333186,-1.59902649003266,
-1.55741259339222,-1.51490997004385,-1.47283283827825,-1.43011746913849,
-1.38740209999874,-1.34477541935073,-1.33256851719062,-1.28846849205937,
-1.2460033885293,-1.20353721345418,-1.16132644218754,-1.15616841666561,
-1.11437341220409,-1.07262363670468,-1.06608917934387,-1.0245062069495,
-0.982785267206244,-0.941110106811213,-0.92493473333249,-0.883122987576384,
-0.841348447033394,-0.799788520401934,-0.757969928661676,-0.716074769401341,
-0.693701049999368,-0.651397133703461,-0.609001150531896,-0.56678807008322,
-0.533195631482474,-0.490784835940482,-0.462467366666245,-0.421032514149953,
-0.379382112538938,-0.33780046671844,-0.296576569539382,-0.266598651133782,
-0.231233683333122,-0.186170693876944,-0.139628020407708,-0.0935100243450558,
-0.0467550121725279,0.),.UNSPECIFIED.);
#572=B_SPLINE_CURVE_WITH_KNOTS('',4,(#3195,#3196,#3197,#3198,#3199,#3200,
#3201,#3202,#3203,#3204,#3205,#3206,#3207,#3208,#3209,#3210),
 .UNSPECIFIED.,.F.,.F.,(5,1,1,1,1,1,1,1,1,1,1,1,5),(1.,2.,3.,4.,5.,6.,7.,
8.,9.,10.,10.5058134422237,10.9241796110413,10.9453196699626),
 .UNSPECIFIED.);
#573=VERTEX_POINT('',#2040);
#574=VERTEX_POINT('',#2041);
#575=VERTEX_POINT('',#2049);
#576=VERTEX_POINT('',#2054);
#577=VERTEX_POINT('',#2058);
#578=VERTEX_POINT('',#2059);
#579=VERTEX_POINT('',#2063);
#580=VERTEX_POINT('',#2065);
#581=VERTEX_POINT('',#2069);
#582=VERTEX_POINT('',#2073);
#583=VERTEX_POINT('',#2079);
#584=VERTEX_POINT('',#2081);
#585=VERTEX_POINT('',#2083);
#586=VERTEX_POINT('',#2087);
#587=VERTEX_POINT('',#2089);
#588=VERTEX_POINT('',#2095);
#589=VERTEX_POINT('',#2097);
#590=VERTEX_POINT('',#2099);
#591=VERTEX_POINT('',#2103);
#592=VERTEX_POINT('',#2105);
#593=VERTEX_POINT('',#2109);
#594=VERTEX_POINT('',#2111);
#595=VERTEX_POINT('',#2117);
#596=VERTEX_POINT('',#2118);
#597=VERTEX_POINT('',#2122);
#598=VERTEX_POINT('',#2124);
#599=VERTEX_POINT('',#2128);
#600=VERTEX_POINT('',#2132);
#601=VERTEX_POINT('',#2138);
#602=VERTEX_POINT('',#2140);
#603=VERTEX_POINT('',#2142);
#604=VERTEX_POINT('',#2146);
#605=VERTEX_POINT('',#2148);
#606=VERTEX_POINT('',#2154);
#607=VERTEX_POINT('',#2156);
#608=VERTEX_POINT('',#2158);
#609=VERTEX_POINT('',#2162);
#610=VERTEX_POINT('',#2164);
#611=VERTEX_POINT('',#2168);
#612=VERTEX_POINT('',#2170);
#613=VERTEX_POINT('',#2176);
#614=VERTEX_POINT('',#2177);
#615=VERTEX_POINT('',#2181);
#616=VERTEX_POINT('',#2183);
#617=VERTEX_POINT('',#2187);
#618=VERTEX_POINT('',#2191);
#619=VERTEX_POINT('',#2197);
#620=VERTEX_POINT('',#2199);
#621=VERTEX_POINT('',#2201);
#622=VERTEX_POINT('',#2205);
#623=VERTEX_POINT('',#2207);
#624=VERTEX_POINT('',#2213);
#625=VERTEX_POINT('',#2215);
#626=VERTEX_POINT('',#2217);
#627=VERTEX_POINT('',#2221);
#628=VERTEX_POINT('',#2223);
#629=VERTEX_POINT('',#2227);
#630=VERTEX_POINT('',#2229);
#631=VERTEX_POINT('',#2235);
#632=VERTEX_POINT('',#2236);
#633=VERTEX_POINT('',#2240);
#634=VERTEX_POINT('',#2242);
#635=VERTEX_POINT('',#2246);
#636=VERTEX_POINT('',#2250);
#637=VERTEX_POINT('',#2256);
#638=VERTEX_POINT('',#2258);
#639=VERTEX_POINT('',#2265);
#640=VERTEX_POINT('',#2267);
#641=VERTEX_POINT('',#2269);
#642=VERTEX_POINT('',#2273);
#643=VERTEX_POINT('',#2279);
#644=VERTEX_POINT('',#2281);
#645=VERTEX_POINT('',#2283);
#646=VERTEX_POINT('',#2287);
#647=VERTEX_POINT('',#2288);
#648=VERTEX_POINT('',#2292);
#649=VERTEX_POINT('',#2294);
#650=VERTEX_POINT('',#2298);
#651=VERTEX_POINT('',#2302);
#652=VERTEX_POINT('',#2308);
#653=VERTEX_POINT('',#2310);
#654=VERTEX_POINT('',#2312);
#655=VERTEX_POINT('',#2316);
#656=VERTEX_POINT('',#2318);
#657=VERTEX_POINT('',#2324);
#658=VERTEX_POINT('',#2326);
#659=VERTEX_POINT('',#2328);
#660=VERTEX_POINT('',#2332);
#661=VERTEX_POINT('',#2334);
#662=VERTEX_POINT('',#2338);
#663=VERTEX_POINT('',#2340);
#664=VERTEX_POINT('',#2346);
#665=VERTEX_POINT('',#2347);
#666=VERTEX_POINT('',#2351);
#667=VERTEX_POINT('',#2353);
#668=VERTEX_POINT('',#2357);
#669=VERTEX_POINT('',#2361);
#670=VERTEX_POINT('',#2363);
#671=VERTEX_POINT('',#2369);
#672=VERTEX_POINT('',#2371);
#673=VERTEX_POINT('',#2375);
#674=VERTEX_POINT('',#2377);
#675=VERTEX_POINT('',#2381);
#676=VERTEX_POINT('',#2385);
#677=VERTEX_POINT('',#2392);
#678=VERTEX_POINT('',#2394);
#679=VERTEX_POINT('',#2397);
#680=VERTEX_POINT('',#2399);
#681=VERTEX_POINT('',#2402);
#682=VERTEX_POINT('',#2404);
#683=VERTEX_POINT('',#2408);
#684=VERTEX_POINT('',#2411);
#685=VERTEX_POINT('',#2413);
#686=VERTEX_POINT('',#2416);
#687=VERTEX_POINT('',#2418);
#688=VERTEX_POINT('',#2422);
#689=VERTEX_POINT('',#2423);
#690=VERTEX_POINT('',#2431);
#691=VERTEX_POINT('',#2441);
#692=VERTEX_POINT('',#2443);
#693=VERTEX_POINT('',#2447);
#694=VERTEX_POINT('',#2449);
#695=VERTEX_POINT('',#2452);
#696=VERTEX_POINT('',#2454);
#697=VERTEX_POINT('',#2457);
#698=VERTEX_POINT('',#2459);
#699=VERTEX_POINT('',#2462);
#700=VERTEX_POINT('',#2464);
#701=VERTEX_POINT('',#2466);
#702=VERTEX_POINT('',#2468);
#703=VERTEX_POINT('',#2471);
#704=VERTEX_POINT('',#2474);
#705=VERTEX_POINT('',#2476);
#706=VERTEX_POINT('',#2485);
#707=VERTEX_POINT('',#2492);
#708=VERTEX_POINT('',#2498);
#709=VERTEX_POINT('',#2502);
#710=VERTEX_POINT('',#2540);
#711=VERTEX_POINT('',#2542);
#712=VERTEX_POINT('',#2554);
#713=VERTEX_POINT('',#2594);
#714=VERTEX_POINT('',#2726);
#715=VERTEX_POINT('',#3033);
#716=VERTEX_POINT('',#3035);
#717=VERTEX_POINT('',#3039);
#718=VERTEX_POINT('',#3040);
#719=VERTEX_POINT('',#3048);
#720=VERTEX_POINT('',#3194);
#721=VERTEX_POINT('',#3211);
#722=VERTEX_POINT('',#3217);
#723=VERTEX_POINT('',#3221);
#724=EDGE_CURVE('',#573,#574,#544,.T.);
#725=EDGE_CURVE('',#573,#575,#545,.T.);
#726=EDGE_CURVE('',#576,#575,#483,.T.);
#727=EDGE_CURVE('',#574,#576,#484,.T.);
#728=EDGE_CURVE('',#577,#578,#254,.T.);
#729=EDGE_CURVE('',#578,#579,#485,.T.);
#730=EDGE_CURVE('',#579,#580,#255,.T.);
#731=EDGE_CURVE('',#580,#581,#256,.T.);
#732=EDGE_CURVE('',#581,#582,#486,.T.);
#733=EDGE_CURVE('',#582,#577,#257,.T.);
#734=EDGE_CURVE('',#583,#579,#23,.T.);
#735=EDGE_CURVE('',#584,#583,#24,.T.);
#736=EDGE_CURVE('',#585,#584,#258,.T.);
#737=EDGE_CURVE('',#585,#586,#25,.T.);
#738=EDGE_CURVE('',#587,#586,#259,.T.);
#739=EDGE_CURVE('',#580,#587,#26,.T.);
#740=EDGE_CURVE('',#578,#588,#27,.T.);
#741=EDGE_CURVE('',#589,#588,#28,.T.);
#742=EDGE_CURVE('',#589,#590,#487,.T.);
#743=EDGE_CURVE('',#583,#590,#29,.T.);
#744=EDGE_CURVE('',#591,#577,#30,.T.);
#745=EDGE_CURVE('',#592,#591,#260,.T.);
#746=EDGE_CURVE('',#592,#593,#31,.T.);
#747=EDGE_CURVE('',#594,#593,#261,.T.);
#748=EDGE_CURVE('',#588,#594,#32,.T.);
#749=EDGE_CURVE('',#595,#596,#262,.T.);
#750=EDGE_CURVE('',#596,#597,#488,.T.);
#751=EDGE_CURVE('',#597,#598,#263,.T.);
#752=EDGE_CURVE('',#598,#599,#264,.T.);
#753=EDGE_CURVE('',#599,#600,#489,.T.);
#754=EDGE_CURVE('',#600,#595,#265,.T.);
#755=EDGE_CURVE('',#601,#597,#33,.T.);
#756=EDGE_CURVE('',#601,#602,#34,.T.);
#757=EDGE_CURVE('',#603,#602,#266,.T.);
#758=EDGE_CURVE('',#603,#604,#35,.T.);
#759=EDGE_CURVE('',#605,#604,#267,.T.);
#760=EDGE_CURVE('',#598,#605,#36,.T.);
#761=EDGE_CURVE('',#596,#606,#37,.T.);
#762=EDGE_CURVE('',#607,#606,#38,.T.);
#763=EDGE_CURVE('',#607,#608,#490,.T.);
#764=EDGE_CURVE('',#601,#608,#39,.T.);
#765=EDGE_CURVE('',#609,#595,#40,.T.);
#766=EDGE_CURVE('',#610,#609,#268,.T.);
#767=EDGE_CURVE('',#610,#611,#41,.T.);
#768=EDGE_CURVE('',#612,#611,#269,.T.);
#769=EDGE_CURVE('',#606,#612,#42,.T.);
#770=EDGE_CURVE('',#613,#614,#270,.T.);
#771=EDGE_CURVE('',#614,#615,#491,.T.);
#772=EDGE_CURVE('',#615,#616,#271,.T.);
#773=EDGE_CURVE('',#616,#617,#272,.T.);
#774=EDGE_CURVE('',#617,#618,#492,.T.);
#775=EDGE_CURVE('',#618,#613,#273,.T.);
#776=EDGE_CURVE('',#619,#615,#43,.T.);
#777=EDGE_CURVE('',#620,#619,#44,.T.);
#778=EDGE_CURVE('',#621,#620,#274,.T.);
#779=EDGE_CURVE('',#621,#622,#45,.T.);
#780=EDGE_CURVE('',#623,#622,#275,.T.);
#781=EDGE_CURVE('',#616,#623,#46,.T.);
#782=EDGE_CURVE('',#614,#624,#47,.T.);
#783=EDGE_CURVE('',#625,#624,#48,.T.);
#784=EDGE_CURVE('',#625,#626,#493,.T.);
#785=EDGE_CURVE('',#619,#626,#49,.T.);
#786=EDGE_CURVE('',#613,#627,#50,.T.);
#787=EDGE_CURVE('',#628,#627,#276,.T.);
#788=EDGE_CURVE('',#628,#629,#51,.T.);
#789=EDGE_CURVE('',#630,#629,#277,.T.);
#790=EDGE_CURVE('',#624,#630,#52,.T.);
#791=EDGE_CURVE('',#631,#632,#278,.T.);
#792=EDGE_CURVE('',#632,#633,#494,.T.);
#793=EDGE_CURVE('',#633,#634,#279,.T.);
#794=EDGE_CURVE('',#634,#635,#280,.T.);
#795=EDGE_CURVE('',#635,#636,#495,.T.);
#796=EDGE_CURVE('',#636,#631,#281,.T.);
#797=EDGE_CURVE('',#634,#637,#53,.T.);
#798=EDGE_CURVE('',#637,#638,#546,.T.);
#799=EDGE_CURVE('',#638,#635,#54,.T.);
#800=EDGE_CURVE('',#639,#633,#55,.T.);
#801=EDGE_CURVE('',#640,#639,#56,.T.);
#802=EDGE_CURVE('',#641,#640,#282,.T.);
#803=EDGE_CURVE('',#641,#642,#57,.T.);
#804=EDGE_CURVE('',#637,#642,#283,.T.);
#805=EDGE_CURVE('',#632,#643,#58,.T.);
#806=EDGE_CURVE('',#644,#643,#59,.T.);
#807=EDGE_CURVE('',#644,#645,#496,.T.);
#808=EDGE_CURVE('',#639,#645,#60,.T.);
#809=EDGE_CURVE('',#646,#647,#284,.T.);
#810=EDGE_CURVE('',#647,#648,#497,.T.);
#811=EDGE_CURVE('',#648,#649,#285,.T.);
#812=EDGE_CURVE('',#649,#650,#286,.T.);
#813=EDGE_CURVE('',#650,#651,#498,.T.);
#814=EDGE_CURVE('',#651,#646,#287,.T.);
#815=EDGE_CURVE('',#652,#648,#61,.T.);
#816=EDGE_CURVE('',#653,#652,#62,.T.);
#817=EDGE_CURVE('',#654,#653,#288,.T.);
#818=EDGE_CURVE('',#654,#655,#63,.T.);
#819=EDGE_CURVE('',#656,#655,#289,.T.);
#820=EDGE_CURVE('',#649,#656,#64,.T.);
#821=EDGE_CURVE('',#647,#657,#65,.T.);
#822=EDGE_CURVE('',#658,#657,#66,.T.);
#823=EDGE_CURVE('',#658,#659,#499,.T.);
#824=EDGE_CURVE('',#652,#659,#67,.T.);
#825=EDGE_CURVE('',#646,#660,#68,.T.);
#826=EDGE_CURVE('',#661,#660,#290,.T.);
#827=EDGE_CURVE('',#661,#662,#69,.T.);
#828=EDGE_CURVE('',#663,#662,#291,.T.);
#829=EDGE_CURVE('',#657,#663,#70,.T.);
#830=EDGE_CURVE('',#664,#665,#292,.T.);
#831=EDGE_CURVE('',#665,#666,#500,.T.);
#832=EDGE_CURVE('',#666,#667,#293,.T.);
#833=EDGE_CURVE('',#667,#668,#294,.T.);
#834=EDGE_CURVE('',#668,#669,#501,.T.);
#835=EDGE_CURVE('',#669,#670,#502,.T.);
#836=EDGE_CURVE('',#670,#664,#295,.T.);
#837=EDGE_CURVE('',#671,#664,#71,.T.);
#838=EDGE_CURVE('',#672,#671,#296,.T.);
#839=EDGE_CURVE('',#672,#673,#72,.T.);
#840=EDGE_CURVE('',#674,#673,#297,.T.);
#841=EDGE_CURVE('',#675,#674,#73,.T.);
#842=EDGE_CURVE('',#665,#675,#74,.T.);
#843=EDGE_CURVE('',#670,#676,#75,.T.);
#844=EDGE_CURVE('',#676,#671,#547,.T.);
#845=EDGE_CURVE('',#677,#581,#76,.T.);
#846=EDGE_CURVE('',#678,#677,#503,.T.);
#847=EDGE_CURVE('',#600,#678,#77,.T.);
#848=EDGE_CURVE('',#679,#599,#78,.T.);
#849=EDGE_CURVE('',#680,#679,#504,.T.);
#850=EDGE_CURVE('',#618,#680,#79,.T.);
#851=EDGE_CURVE('',#681,#617,#80,.T.);
#852=EDGE_CURVE('',#682,#681,#505,.T.);
#853=EDGE_CURVE('',#636,#682,#81,.T.);
#854=EDGE_CURVE('',#676,#638,#506,.T.);
#855=EDGE_CURVE('',#669,#683,#82,.T.);
#856=EDGE_CURVE('',#683,#683,#507,.T.);
#857=EDGE_CURVE('',#684,#668,#83,.T.);
#858=EDGE_CURVE('',#685,#684,#508,.T.);
#859=EDGE_CURVE('',#651,#685,#84,.T.);
#860=EDGE_CURVE('',#686,#650,#85,.T.);
#861=EDGE_CURVE('',#687,#686,#509,.T.);
#862=EDGE_CURVE('',#582,#687,#86,.T.);
#863=EDGE_CURVE('',#688,#689,#87,.T.);
#864=EDGE_CURVE('',#689,#675,#88,.T.);
#865=EDGE_CURVE('',#674,#688,#548,.T.);
#866=EDGE_CURVE('',#645,#690,#89,.T.);
#867=EDGE_CURVE('',#690,#640,#549,.T.);
#868=EDGE_CURVE('',#673,#641,#510,.T.);
#869=EDGE_CURVE('',#690,#688,#511,.T.);
#870=EDGE_CURVE('',#689,#691,#512,.T.);
#871=EDGE_CURVE('',#692,#691,#90,.T.);
#872=EDGE_CURVE('',#692,#666,#91,.T.);
#873=EDGE_CURVE('',#693,#644,#92,.T.);
#874=EDGE_CURVE('',#694,#693,#513,.T.);
#875=EDGE_CURVE('',#626,#694,#93,.T.);
#876=EDGE_CURVE('',#695,#625,#94,.T.);
#877=EDGE_CURVE('',#696,#695,#514,.T.);
#878=EDGE_CURVE('',#608,#696,#95,.T.);
#879=EDGE_CURVE('',#697,#607,#96,.T.);
#880=EDGE_CURVE('',#698,#697,#515,.T.);
#881=EDGE_CURVE('',#590,#698,#97,.T.);
#882=EDGE_CURVE('',#699,#589,#98,.T.);
#883=EDGE_CURVE('',#700,#699,#516,.T.);
#884=EDGE_CURVE('',#700,#701,#99,.T.);
#885=EDGE_CURVE('',#702,#701,#517,.T.);
#886=EDGE_CURVE('',#701,#702,#518,.T.);
#887=EDGE_CURVE('',#703,#700,#519,.T.);
#888=EDGE_CURVE('',#659,#703,#100,.T.);
#889=EDGE_CURVE('',#704,#658,#101,.T.);
#890=EDGE_CURVE('',#705,#704,#520,.T.);
#891=EDGE_CURVE('',#691,#705,#102,.T.);
#892=EDGE_CURVE('',#694,#620,#550,.T.);
#893=EDGE_CURVE('',#643,#706,#103,.T.);
#894=EDGE_CURVE('',#706,#693,#551,.T.);
#895=EDGE_CURVE('',#706,#707,#298,.T.);
#896=EDGE_CURVE('',#707,#621,#521,.T.);
#897=EDGE_CURVE('',#708,#707,#104,.T.);
#898=EDGE_CURVE('',#622,#708,#522,.T.);
#899=EDGE_CURVE('',#709,#631,#105,.T.);
#900=EDGE_CURVE('',#708,#709,#299,.T.);
#901=EDGE_CURVE('',#629,#603,#523,.T.);
#902=EDGE_CURVE('',#602,#696,#552,.T.);
#903=EDGE_CURVE('',#695,#630,#553,.T.);
#904=EDGE_CURVE('',#604,#628,#524,.T.);
#905=EDGE_CURVE('',#698,#584,#554,.T.);
#906=EDGE_CURVE('',#612,#697,#555,.T.);
#907=EDGE_CURVE('',#611,#585,#525,.T.);
#908=EDGE_CURVE('',#586,#610,#526,.T.);
#909=EDGE_CURVE('',#704,#663,#556,.T.);
#910=EDGE_CURVE('',#662,#710,#527,.T.);
#911=EDGE_CURVE('',#710,#711,#300,.T.);
#912=EDGE_CURVE('',#711,#705,#557,.T.);
#913=EDGE_CURVE('',#692,#711,#106,.T.);
#914=EDGE_CURVE('',#712,#661,#528,.T.);
#915=EDGE_CURVE('',#710,#712,#107,.T.);
#916=EDGE_CURVE('',#703,#653,#558,.T.);
#917=EDGE_CURVE('',#594,#699,#559,.T.);
#918=EDGE_CURVE('',#593,#654,#529,.T.);
#919=EDGE_CURVE('',#655,#592,#530,.T.);
#920=EDGE_CURVE('',#587,#677,#560,.T.);
#921=EDGE_CURVE('',#678,#609,#561,.T.);
#922=EDGE_CURVE('',#687,#591,#562,.T.);
#923=EDGE_CURVE('',#656,#686,#563,.T.);
#924=EDGE_CURVE('',#684,#713,#564,.T.);
#925=EDGE_CURVE('',#713,#712,#301,.T.);
#926=EDGE_CURVE('',#660,#685,#565,.T.);
#927=EDGE_CURVE('',#667,#713,#108,.T.);
#928=EDGE_CURVE('',#679,#605,#566,.T.);
#929=EDGE_CURVE('',#627,#680,#567,.T.);
#930=EDGE_CURVE('',#642,#672,#531,.T.);
#931=EDGE_CURVE('',#623,#681,#568,.T.);
#932=EDGE_CURVE('',#682,#709,#569,.T.);
#933=EDGE_CURVE('',#576,#574,#532,.T.);
#934=EDGE_CURVE('',#575,#714,#570,.T.);
#935=EDGE_CURVE('',#714,#573,#571,.T.);
#936=EDGE_CURVE('',#715,#715,#533,.T.);
#937=EDGE_CURVE('',#715,#716,#534,.T.);
#938=EDGE_CURVE('',#716,#716,#535,.T.);
#939=EDGE_CURVE('',#717,#718,#536,.T.);
#940=EDGE_CURVE('',#717,#715,#109,.T.);
#941=EDGE_CURVE('',#718,#717,#537,.T.);
#942=EDGE_CURVE('',#702,#718,#538,.T.);
#943=EDGE_CURVE('',#719,#719,#539,.T.);
#944=EDGE_CURVE('',#720,#714,#572,.T.);
#945=EDGE_CURVE('',#721,#720,#540,.T.);
#946=EDGE_CURVE('',#720,#721,#541,.T.);
#947=EDGE_CURVE('',#716,#574,#110,.T.);
#948=EDGE_CURVE('',#722,#722,#542,.T.);
#949=EDGE_CURVE('',#722,#721,#111,.T.);
#950=EDGE_CURVE('',#719,#723,#112,.T.);
#951=EDGE_CURVE('',#723,#723,#543,.T.);
#952=ORIENTED_EDGE('',*,*,#724,.F.);
#953=ORIENTED_EDGE('',*,*,#725,.T.);
#954=ORIENTED_EDGE('',*,*,#726,.F.);
#955=ORIENTED_EDGE('',*,*,#727,.F.);
#956=ORIENTED_EDGE('',*,*,#728,.T.);
#957=ORIENTED_EDGE('',*,*,#729,.T.);
#958=ORIENTED_EDGE('',*,*,#730,.T.);
#959=ORIENTED_EDGE('',*,*,#731,.T.);
#960=ORIENTED_EDGE('',*,*,#732,.T.);
#961=ORIENTED_EDGE('',*,*,#733,.T.);
#962=ORIENTED_EDGE('',*,*,#730,.F.);
#963=ORIENTED_EDGE('',*,*,#734,.F.);
#964=ORIENTED_EDGE('',*,*,#735,.F.);
#965=ORIENTED_EDGE('',*,*,#736,.F.);
#966=ORIENTED_EDGE('',*,*,#737,.T.);
#967=ORIENTED_EDGE('',*,*,#738,.F.);
#968=ORIENTED_EDGE('',*,*,#739,.F.);
#969=ORIENTED_EDGE('',*,*,#729,.F.);
#970=ORIENTED_EDGE('',*,*,#740,.T.);
#971=ORIENTED_EDGE('',*,*,#741,.F.);
#972=ORIENTED_EDGE('',*,*,#742,.T.);
#973=ORIENTED_EDGE('',*,*,#743,.F.);
#974=ORIENTED_EDGE('',*,*,#734,.T.);
#975=ORIENTED_EDGE('',*,*,#728,.F.);
#976=ORIENTED_EDGE('',*,*,#744,.F.);
#977=ORIENTED_EDGE('',*,*,#745,.F.);
#978=ORIENTED_EDGE('',*,*,#746,.T.);
#979=ORIENTED_EDGE('',*,*,#747,.F.);
#980=ORIENTED_EDGE('',*,*,#748,.F.);
#981=ORIENTED_EDGE('',*,*,#740,.F.);
#982=ORIENTED_EDGE('',*,*,#749,.T.);
#983=ORIENTED_EDGE('',*,*,#750,.T.);
#984=ORIENTED_EDGE('',*,*,#751,.T.);
#985=ORIENTED_EDGE('',*,*,#752,.T.);
#986=ORIENTED_EDGE('',*,*,#753,.T.);
#987=ORIENTED_EDGE('',*,*,#754,.T.);
#988=ORIENTED_EDGE('',*,*,#751,.F.);
#989=ORIENTED_EDGE('',*,*,#755,.F.);
#990=ORIENTED_EDGE('',*,*,#756,.T.);
#991=ORIENTED_EDGE('',*,*,#757,.F.);
#992=ORIENTED_EDGE('',*,*,#758,.T.);
#993=ORIENTED_EDGE('',*,*,#759,.F.);
#994=ORIENTED_EDGE('',*,*,#760,.F.);
#995=ORIENTED_EDGE('',*,*,#750,.F.);
#996=ORIENTED_EDGE('',*,*,#761,.T.);
#997=ORIENTED_EDGE('',*,*,#762,.F.);
#998=ORIENTED_EDGE('',*,*,#763,.T.);
#999=ORIENTED_EDGE('',*,*,#764,.F.);
#1000=ORIENTED_EDGE('',*,*,#755,.T.);
#1001=ORIENTED_EDGE('',*,*,#749,.F.);
#1002=ORIENTED_EDGE('',*,*,#765,.F.);
#1003=ORIENTED_EDGE('',*,*,#766,.F.);
#1004=ORIENTED_EDGE('',*,*,#767,.T.);
#1005=ORIENTED_EDGE('',*,*,#768,.F.);
#1006=ORIENTED_EDGE('',*,*,#769,.F.);
#1007=ORIENTED_EDGE('',*,*,#761,.F.);
#1008=ORIENTED_EDGE('',*,*,#770,.T.);
#1009=ORIENTED_EDGE('',*,*,#771,.T.);
#1010=ORIENTED_EDGE('',*,*,#772,.T.);
#1011=ORIENTED_EDGE('',*,*,#773,.T.);
#1012=ORIENTED_EDGE('',*,*,#774,.T.);
#1013=ORIENTED_EDGE('',*,*,#775,.T.);
#1014=ORIENTED_EDGE('',*,*,#772,.F.);
#1015=ORIENTED_EDGE('',*,*,#776,.F.);
#1016=ORIENTED_EDGE('',*,*,#777,.F.);
#1017=ORIENTED_EDGE('',*,*,#778,.F.);
#1018=ORIENTED_EDGE('',*,*,#779,.T.);
#1019=ORIENTED_EDGE('',*,*,#780,.F.);
#1020=ORIENTED_EDGE('',*,*,#781,.F.);
#1021=ORIENTED_EDGE('',*,*,#771,.F.);
#1022=ORIENTED_EDGE('',*,*,#782,.T.);
#1023=ORIENTED_EDGE('',*,*,#783,.F.);
#1024=ORIENTED_EDGE('',*,*,#784,.T.);
#1025=ORIENTED_EDGE('',*,*,#785,.F.);
#1026=ORIENTED_EDGE('',*,*,#776,.T.);
#1027=ORIENTED_EDGE('',*,*,#770,.F.);
#1028=ORIENTED_EDGE('',*,*,#786,.T.);
#1029=ORIENTED_EDGE('',*,*,#787,.F.);
#1030=ORIENTED_EDGE('',*,*,#788,.T.);
#1031=ORIENTED_EDGE('',*,*,#789,.F.);
#1032=ORIENTED_EDGE('',*,*,#790,.F.);
#1033=ORIENTED_EDGE('',*,*,#782,.F.);
#1034=ORIENTED_EDGE('',*,*,#791,.T.);
#1035=ORIENTED_EDGE('',*,*,#792,.T.);
#1036=ORIENTED_EDGE('',*,*,#793,.T.);
#1037=ORIENTED_EDGE('',*,*,#794,.T.);
#1038=ORIENTED_EDGE('',*,*,#795,.T.);
#1039=ORIENTED_EDGE('',*,*,#796,.T.);
#1040=ORIENTED_EDGE('',*,*,#794,.F.);
#1041=ORIENTED_EDGE('',*,*,#797,.T.);
#1042=ORIENTED_EDGE('',*,*,#798,.T.);
#1043=ORIENTED_EDGE('',*,*,#799,.T.);
#1044=ORIENTED_EDGE('',*,*,#793,.F.);
#1045=ORIENTED_EDGE('',*,*,#800,.F.);
#1046=ORIENTED_EDGE('',*,*,#801,.F.);
#1047=ORIENTED_EDGE('',*,*,#802,.F.);
#1048=ORIENTED_EDGE('',*,*,#803,.T.);
#1049=ORIENTED_EDGE('',*,*,#804,.F.);
#1050=ORIENTED_EDGE('',*,*,#797,.F.);
#1051=ORIENTED_EDGE('',*,*,#792,.F.);
#1052=ORIENTED_EDGE('',*,*,#805,.T.);
#1053=ORIENTED_EDGE('',*,*,#806,.F.);
#1054=ORIENTED_EDGE('',*,*,#807,.T.);
#1055=ORIENTED_EDGE('',*,*,#808,.F.);
#1056=ORIENTED_EDGE('',*,*,#800,.T.);
#1057=ORIENTED_EDGE('',*,*,#809,.T.);
#1058=ORIENTED_EDGE('',*,*,#810,.T.);
#1059=ORIENTED_EDGE('',*,*,#811,.T.);
#1060=ORIENTED_EDGE('',*,*,#812,.T.);
#1061=ORIENTED_EDGE('',*,*,#813,.T.);
#1062=ORIENTED_EDGE('',*,*,#814,.T.);
#1063=ORIENTED_EDGE('',*,*,#811,.F.);
#1064=ORIENTED_EDGE('',*,*,#815,.F.);
#1065=ORIENTED_EDGE('',*,*,#816,.F.);
#1066=ORIENTED_EDGE('',*,*,#817,.F.);
#1067=ORIENTED_EDGE('',*,*,#818,.T.);
#1068=ORIENTED_EDGE('',*,*,#819,.F.);
#1069=ORIENTED_EDGE('',*,*,#820,.F.);
#1070=ORIENTED_EDGE('',*,*,#810,.F.);
#1071=ORIENTED_EDGE('',*,*,#821,.T.);
#1072=ORIENTED_EDGE('',*,*,#822,.F.);
#1073=ORIENTED_EDGE('',*,*,#823,.T.);
#1074=ORIENTED_EDGE('',*,*,#824,.F.);
#1075=ORIENTED_EDGE('',*,*,#815,.T.);
#1076=ORIENTED_EDGE('',*,*,#809,.F.);
#1077=ORIENTED_EDGE('',*,*,#825,.T.);
#1078=ORIENTED_EDGE('',*,*,#826,.F.);
#1079=ORIENTED_EDGE('',*,*,#827,.T.);
#1080=ORIENTED_EDGE('',*,*,#828,.F.);
#1081=ORIENTED_EDGE('',*,*,#829,.F.);
#1082=ORIENTED_EDGE('',*,*,#821,.F.);
#1083=ORIENTED_EDGE('',*,*,#830,.T.);
#1084=ORIENTED_EDGE('',*,*,#831,.T.);
#1085=ORIENTED_EDGE('',*,*,#832,.T.);
#1086=ORIENTED_EDGE('',*,*,#833,.T.);
#1087=ORIENTED_EDGE('',*,*,#834,.T.);
#1088=ORIENTED_EDGE('',*,*,#835,.T.);
#1089=ORIENTED_EDGE('',*,*,#836,.T.);
#1090=ORIENTED_EDGE('',*,*,#830,.F.);
#1091=ORIENTED_EDGE('',*,*,#837,.F.);
#1092=ORIENTED_EDGE('',*,*,#838,.F.);
#1093=ORIENTED_EDGE('',*,*,#839,.T.);
#1094=ORIENTED_EDGE('',*,*,#840,.F.);
#1095=ORIENTED_EDGE('',*,*,#841,.F.);
#1096=ORIENTED_EDGE('',*,*,#842,.F.);
#1097=ORIENTED_EDGE('',*,*,#836,.F.);
#1098=ORIENTED_EDGE('',*,*,#843,.T.);
#1099=ORIENTED_EDGE('',*,*,#844,.T.);
#1100=ORIENTED_EDGE('',*,*,#837,.T.);
#1101=ORIENTED_EDGE('',*,*,#732,.F.);
#1102=ORIENTED_EDGE('',*,*,#845,.F.);
#1103=ORIENTED_EDGE('',*,*,#846,.F.);
#1104=ORIENTED_EDGE('',*,*,#847,.F.);
#1105=ORIENTED_EDGE('',*,*,#753,.F.);
#1106=ORIENTED_EDGE('',*,*,#848,.F.);
#1107=ORIENTED_EDGE('',*,*,#849,.F.);
#1108=ORIENTED_EDGE('',*,*,#850,.F.);
#1109=ORIENTED_EDGE('',*,*,#774,.F.);
#1110=ORIENTED_EDGE('',*,*,#851,.F.);
#1111=ORIENTED_EDGE('',*,*,#852,.F.);
#1112=ORIENTED_EDGE('',*,*,#853,.F.);
#1113=ORIENTED_EDGE('',*,*,#795,.F.);
#1114=ORIENTED_EDGE('',*,*,#799,.F.);
#1115=ORIENTED_EDGE('',*,*,#854,.F.);
#1116=ORIENTED_EDGE('',*,*,#843,.F.);
#1117=ORIENTED_EDGE('',*,*,#835,.F.);
#1118=ORIENTED_EDGE('',*,*,#855,.T.);
#1119=ORIENTED_EDGE('',*,*,#856,.T.);
#1120=ORIENTED_EDGE('',*,*,#855,.F.);
#1121=ORIENTED_EDGE('',*,*,#834,.F.);
#1122=ORIENTED_EDGE('',*,*,#857,.F.);
#1123=ORIENTED_EDGE('',*,*,#858,.F.);
#1124=ORIENTED_EDGE('',*,*,#859,.F.);
#1125=ORIENTED_EDGE('',*,*,#813,.F.);
#1126=ORIENTED_EDGE('',*,*,#860,.F.);
#1127=ORIENTED_EDGE('',*,*,#861,.F.);
#1128=ORIENTED_EDGE('',*,*,#862,.F.);
#1129=ORIENTED_EDGE('',*,*,#863,.T.);
#1130=ORIENTED_EDGE('',*,*,#864,.T.);
#1131=ORIENTED_EDGE('',*,*,#841,.T.);
#1132=ORIENTED_EDGE('',*,*,#865,.T.);
#1133=ORIENTED_EDGE('',*,*,#801,.T.);
#1134=ORIENTED_EDGE('',*,*,#808,.T.);
#1135=ORIENTED_EDGE('',*,*,#866,.T.);
#1136=ORIENTED_EDGE('',*,*,#867,.T.);
#1137=ORIENTED_EDGE('',*,*,#868,.T.);
#1138=ORIENTED_EDGE('',*,*,#802,.T.);
#1139=ORIENTED_EDGE('',*,*,#867,.F.);
#1140=ORIENTED_EDGE('',*,*,#869,.T.);
#1141=ORIENTED_EDGE('',*,*,#865,.F.);
#1142=ORIENTED_EDGE('',*,*,#840,.T.);
#1143=ORIENTED_EDGE('',*,*,#831,.F.);
#1144=ORIENTED_EDGE('',*,*,#842,.T.);
#1145=ORIENTED_EDGE('',*,*,#864,.F.);
#1146=ORIENTED_EDGE('',*,*,#870,.T.);
#1147=ORIENTED_EDGE('',*,*,#871,.F.);
#1148=ORIENTED_EDGE('',*,*,#872,.T.);
#1149=ORIENTED_EDGE('',*,*,#863,.F.);
#1150=ORIENTED_EDGE('',*,*,#869,.F.);
#1151=ORIENTED_EDGE('',*,*,#866,.F.);
#1152=ORIENTED_EDGE('',*,*,#807,.F.);
#1153=ORIENTED_EDGE('',*,*,#873,.F.);
#1154=ORIENTED_EDGE('',*,*,#874,.F.);
#1155=ORIENTED_EDGE('',*,*,#875,.F.);
#1156=ORIENTED_EDGE('',*,*,#784,.F.);
#1157=ORIENTED_EDGE('',*,*,#876,.F.);
#1158=ORIENTED_EDGE('',*,*,#877,.F.);
#1159=ORIENTED_EDGE('',*,*,#878,.F.);
#1160=ORIENTED_EDGE('',*,*,#763,.F.);
#1161=ORIENTED_EDGE('',*,*,#879,.F.);
#1162=ORIENTED_EDGE('',*,*,#880,.F.);
#1163=ORIENTED_EDGE('',*,*,#881,.F.);
#1164=ORIENTED_EDGE('',*,*,#742,.F.);
#1165=ORIENTED_EDGE('',*,*,#882,.F.);
#1166=ORIENTED_EDGE('',*,*,#883,.F.);
#1167=ORIENTED_EDGE('',*,*,#884,.T.);
#1168=ORIENTED_EDGE('',*,*,#885,.F.);
#1169=ORIENTED_EDGE('',*,*,#886,.F.);
#1170=ORIENTED_EDGE('',*,*,#884,.F.);
#1171=ORIENTED_EDGE('',*,*,#887,.F.);
#1172=ORIENTED_EDGE('',*,*,#888,.F.);
#1173=ORIENTED_EDGE('',*,*,#823,.F.);
#1174=ORIENTED_EDGE('',*,*,#889,.F.);
#1175=ORIENTED_EDGE('',*,*,#890,.F.);
#1176=ORIENTED_EDGE('',*,*,#891,.F.);
#1177=ORIENTED_EDGE('',*,*,#870,.F.);
#1178=ORIENTED_EDGE('',*,*,#777,.T.);
#1179=ORIENTED_EDGE('',*,*,#785,.T.);
#1180=ORIENTED_EDGE('',*,*,#875,.T.);
#1181=ORIENTED_EDGE('',*,*,#892,.T.);
#1182=ORIENTED_EDGE('',*,*,#873,.T.);
#1183=ORIENTED_EDGE('',*,*,#806,.T.);
#1184=ORIENTED_EDGE('',*,*,#893,.T.);
#1185=ORIENTED_EDGE('',*,*,#894,.T.);
#1186=ORIENTED_EDGE('',*,*,#874,.T.);
#1187=ORIENTED_EDGE('',*,*,#894,.F.);
#1188=ORIENTED_EDGE('',*,*,#895,.T.);
#1189=ORIENTED_EDGE('',*,*,#896,.T.);
#1190=ORIENTED_EDGE('',*,*,#778,.T.);
#1191=ORIENTED_EDGE('',*,*,#892,.F.);
#1192=ORIENTED_EDGE('',*,*,#896,.F.);
#1193=ORIENTED_EDGE('',*,*,#897,.F.);
#1194=ORIENTED_EDGE('',*,*,#898,.F.);
#1195=ORIENTED_EDGE('',*,*,#779,.F.);
#1196=ORIENTED_EDGE('',*,*,#791,.F.);
#1197=ORIENTED_EDGE('',*,*,#899,.F.);
#1198=ORIENTED_EDGE('',*,*,#900,.F.);
#1199=ORIENTED_EDGE('',*,*,#897,.T.);
#1200=ORIENTED_EDGE('',*,*,#895,.F.);
#1201=ORIENTED_EDGE('',*,*,#893,.F.);
#1202=ORIENTED_EDGE('',*,*,#805,.F.);
#1203=ORIENTED_EDGE('',*,*,#901,.T.);
#1204=ORIENTED_EDGE('',*,*,#757,.T.);
#1205=ORIENTED_EDGE('',*,*,#902,.T.);
#1206=ORIENTED_EDGE('',*,*,#877,.T.);
#1207=ORIENTED_EDGE('',*,*,#903,.T.);
#1208=ORIENTED_EDGE('',*,*,#789,.T.);
#1209=ORIENTED_EDGE('',*,*,#756,.F.);
#1210=ORIENTED_EDGE('',*,*,#764,.T.);
#1211=ORIENTED_EDGE('',*,*,#878,.T.);
#1212=ORIENTED_EDGE('',*,*,#902,.F.);
#1213=ORIENTED_EDGE('',*,*,#876,.T.);
#1214=ORIENTED_EDGE('',*,*,#783,.T.);
#1215=ORIENTED_EDGE('',*,*,#790,.T.);
#1216=ORIENTED_EDGE('',*,*,#903,.F.);
#1217=ORIENTED_EDGE('',*,*,#901,.F.);
#1218=ORIENTED_EDGE('',*,*,#788,.F.);
#1219=ORIENTED_EDGE('',*,*,#904,.F.);
#1220=ORIENTED_EDGE('',*,*,#758,.F.);
#1221=ORIENTED_EDGE('',*,*,#735,.T.);
#1222=ORIENTED_EDGE('',*,*,#743,.T.);
#1223=ORIENTED_EDGE('',*,*,#881,.T.);
#1224=ORIENTED_EDGE('',*,*,#905,.T.);
#1225=ORIENTED_EDGE('',*,*,#879,.T.);
#1226=ORIENTED_EDGE('',*,*,#762,.T.);
#1227=ORIENTED_EDGE('',*,*,#769,.T.);
#1228=ORIENTED_EDGE('',*,*,#906,.T.);
#1229=ORIENTED_EDGE('',*,*,#880,.T.);
#1230=ORIENTED_EDGE('',*,*,#906,.F.);
#1231=ORIENTED_EDGE('',*,*,#768,.T.);
#1232=ORIENTED_EDGE('',*,*,#907,.T.);
#1233=ORIENTED_EDGE('',*,*,#736,.T.);
#1234=ORIENTED_EDGE('',*,*,#905,.F.);
#1235=ORIENTED_EDGE('',*,*,#907,.F.);
#1236=ORIENTED_EDGE('',*,*,#767,.F.);
#1237=ORIENTED_EDGE('',*,*,#908,.F.);
#1238=ORIENTED_EDGE('',*,*,#737,.F.);
#1239=ORIENTED_EDGE('',*,*,#890,.T.);
#1240=ORIENTED_EDGE('',*,*,#909,.T.);
#1241=ORIENTED_EDGE('',*,*,#828,.T.);
#1242=ORIENTED_EDGE('',*,*,#910,.T.);
#1243=ORIENTED_EDGE('',*,*,#911,.T.);
#1244=ORIENTED_EDGE('',*,*,#912,.T.);
#1245=ORIENTED_EDGE('',*,*,#889,.T.);
#1246=ORIENTED_EDGE('',*,*,#822,.T.);
#1247=ORIENTED_EDGE('',*,*,#829,.T.);
#1248=ORIENTED_EDGE('',*,*,#909,.F.);
#1249=ORIENTED_EDGE('',*,*,#913,.F.);
#1250=ORIENTED_EDGE('',*,*,#871,.T.);
#1251=ORIENTED_EDGE('',*,*,#891,.T.);
#1252=ORIENTED_EDGE('',*,*,#912,.F.);
#1253=ORIENTED_EDGE('',*,*,#910,.F.);
#1254=ORIENTED_EDGE('',*,*,#827,.F.);
#1255=ORIENTED_EDGE('',*,*,#914,.F.);
#1256=ORIENTED_EDGE('',*,*,#915,.F.);
#1257=ORIENTED_EDGE('',*,*,#816,.T.);
#1258=ORIENTED_EDGE('',*,*,#824,.T.);
#1259=ORIENTED_EDGE('',*,*,#888,.T.);
#1260=ORIENTED_EDGE('',*,*,#916,.T.);
#1261=ORIENTED_EDGE('',*,*,#882,.T.);
#1262=ORIENTED_EDGE('',*,*,#741,.T.);
#1263=ORIENTED_EDGE('',*,*,#748,.T.);
#1264=ORIENTED_EDGE('',*,*,#917,.T.);
#1265=ORIENTED_EDGE('',*,*,#887,.T.);
#1266=ORIENTED_EDGE('',*,*,#883,.T.);
#1267=ORIENTED_EDGE('',*,*,#917,.F.);
#1268=ORIENTED_EDGE('',*,*,#747,.T.);
#1269=ORIENTED_EDGE('',*,*,#918,.T.);
#1270=ORIENTED_EDGE('',*,*,#817,.T.);
#1271=ORIENTED_EDGE('',*,*,#916,.F.);
#1272=ORIENTED_EDGE('',*,*,#918,.F.);
#1273=ORIENTED_EDGE('',*,*,#746,.F.);
#1274=ORIENTED_EDGE('',*,*,#919,.F.);
#1275=ORIENTED_EDGE('',*,*,#818,.F.);
#1276=ORIENTED_EDGE('',*,*,#731,.F.);
#1277=ORIENTED_EDGE('',*,*,#739,.T.);
#1278=ORIENTED_EDGE('',*,*,#920,.T.);
#1279=ORIENTED_EDGE('',*,*,#845,.T.);
#1280=ORIENTED_EDGE('',*,*,#754,.F.);
#1281=ORIENTED_EDGE('',*,*,#847,.T.);
#1282=ORIENTED_EDGE('',*,*,#921,.T.);
#1283=ORIENTED_EDGE('',*,*,#765,.T.);
#1284=ORIENTED_EDGE('',*,*,#908,.T.);
#1285=ORIENTED_EDGE('',*,*,#766,.T.);
#1286=ORIENTED_EDGE('',*,*,#921,.F.);
#1287=ORIENTED_EDGE('',*,*,#846,.T.);
#1288=ORIENTED_EDGE('',*,*,#920,.F.);
#1289=ORIENTED_EDGE('',*,*,#738,.T.);
#1290=ORIENTED_EDGE('',*,*,#733,.F.);
#1291=ORIENTED_EDGE('',*,*,#862,.T.);
#1292=ORIENTED_EDGE('',*,*,#922,.T.);
#1293=ORIENTED_EDGE('',*,*,#744,.T.);
#1294=ORIENTED_EDGE('',*,*,#812,.F.);
#1295=ORIENTED_EDGE('',*,*,#820,.T.);
#1296=ORIENTED_EDGE('',*,*,#923,.T.);
#1297=ORIENTED_EDGE('',*,*,#860,.T.);
#1298=ORIENTED_EDGE('',*,*,#861,.T.);
#1299=ORIENTED_EDGE('',*,*,#923,.F.);
#1300=ORIENTED_EDGE('',*,*,#819,.T.);
#1301=ORIENTED_EDGE('',*,*,#919,.T.);
#1302=ORIENTED_EDGE('',*,*,#745,.T.);
#1303=ORIENTED_EDGE('',*,*,#922,.F.);
#1304=ORIENTED_EDGE('',*,*,#858,.T.);
#1305=ORIENTED_EDGE('',*,*,#924,.T.);
#1306=ORIENTED_EDGE('',*,*,#925,.T.);
#1307=ORIENTED_EDGE('',*,*,#914,.T.);
#1308=ORIENTED_EDGE('',*,*,#826,.T.);
#1309=ORIENTED_EDGE('',*,*,#926,.T.);
#1310=ORIENTED_EDGE('',*,*,#833,.F.);
#1311=ORIENTED_EDGE('',*,*,#927,.T.);
#1312=ORIENTED_EDGE('',*,*,#924,.F.);
#1313=ORIENTED_EDGE('',*,*,#857,.T.);
#1314=ORIENTED_EDGE('',*,*,#814,.F.);
#1315=ORIENTED_EDGE('',*,*,#859,.T.);
#1316=ORIENTED_EDGE('',*,*,#926,.F.);
#1317=ORIENTED_EDGE('',*,*,#825,.F.);
#1318=ORIENTED_EDGE('',*,*,#832,.F.);
#1319=ORIENTED_EDGE('',*,*,#872,.F.);
#1320=ORIENTED_EDGE('',*,*,#913,.T.);
#1321=ORIENTED_EDGE('',*,*,#911,.F.);
#1322=ORIENTED_EDGE('',*,*,#915,.T.);
#1323=ORIENTED_EDGE('',*,*,#925,.F.);
#1324=ORIENTED_EDGE('',*,*,#927,.F.);
#1325=ORIENTED_EDGE('',*,*,#849,.T.);
#1326=ORIENTED_EDGE('',*,*,#928,.T.);
#1327=ORIENTED_EDGE('',*,*,#759,.T.);
#1328=ORIENTED_EDGE('',*,*,#904,.T.);
#1329=ORIENTED_EDGE('',*,*,#787,.T.);
#1330=ORIENTED_EDGE('',*,*,#929,.T.);
#1331=ORIENTED_EDGE('',*,*,#752,.F.);
#1332=ORIENTED_EDGE('',*,*,#760,.T.);
#1333=ORIENTED_EDGE('',*,*,#928,.F.);
#1334=ORIENTED_EDGE('',*,*,#848,.T.);
#1335=ORIENTED_EDGE('',*,*,#775,.F.);
#1336=ORIENTED_EDGE('',*,*,#850,.T.);
#1337=ORIENTED_EDGE('',*,*,#929,.F.);
#1338=ORIENTED_EDGE('',*,*,#786,.F.);
#1339=ORIENTED_EDGE('',*,*,#854,.T.);
#1340=ORIENTED_EDGE('',*,*,#798,.F.);
#1341=ORIENTED_EDGE('',*,*,#804,.T.);
#1342=ORIENTED_EDGE('',*,*,#930,.T.);
#1343=ORIENTED_EDGE('',*,*,#838,.T.);
#1344=ORIENTED_EDGE('',*,*,#844,.F.);
#1345=ORIENTED_EDGE('',*,*,#868,.F.);
#1346=ORIENTED_EDGE('',*,*,#839,.F.);
#1347=ORIENTED_EDGE('',*,*,#930,.F.);
#1348=ORIENTED_EDGE('',*,*,#803,.F.);
#1349=ORIENTED_EDGE('',*,*,#773,.F.);
#1350=ORIENTED_EDGE('',*,*,#781,.T.);
#1351=ORIENTED_EDGE('',*,*,#931,.T.);
#1352=ORIENTED_EDGE('',*,*,#851,.T.);
#1353=ORIENTED_EDGE('',*,*,#796,.F.);
#1354=ORIENTED_EDGE('',*,*,#853,.T.);
#1355=ORIENTED_EDGE('',*,*,#932,.T.);
#1356=ORIENTED_EDGE('',*,*,#899,.T.);
#1357=ORIENTED_EDGE('',*,*,#898,.T.);
#1358=ORIENTED_EDGE('',*,*,#900,.T.);
#1359=ORIENTED_EDGE('',*,*,#932,.F.);
#1360=ORIENTED_EDGE('',*,*,#852,.T.);
#1361=ORIENTED_EDGE('',*,*,#931,.F.);
#1362=ORIENTED_EDGE('',*,*,#780,.T.);
#1363=ORIENTED_EDGE('',*,*,#724,.T.);
#1364=ORIENTED_EDGE('',*,*,#933,.F.);
#1365=ORIENTED_EDGE('',*,*,#726,.T.);
#1366=ORIENTED_EDGE('',*,*,#934,.T.);
#1367=ORIENTED_EDGE('',*,*,#935,.T.);
#1368=ORIENTED_EDGE('',*,*,#936,.T.);
#1369=ORIENTED_EDGE('',*,*,#937,.T.);
#1370=ORIENTED_EDGE('',*,*,#938,.T.);
#1371=ORIENTED_EDGE('',*,*,#937,.F.);
#1372=ORIENTED_EDGE('',*,*,#939,.F.);
#1373=ORIENTED_EDGE('',*,*,#940,.T.);
#1374=ORIENTED_EDGE('',*,*,#936,.F.);
#1375=ORIENTED_EDGE('',*,*,#940,.F.);
#1376=ORIENTED_EDGE('',*,*,#941,.F.);
#1377=ORIENTED_EDGE('',*,*,#885,.T.);
#1378=ORIENTED_EDGE('',*,*,#886,.T.);
#1379=ORIENTED_EDGE('',*,*,#942,.T.);
#1380=ORIENTED_EDGE('',*,*,#941,.T.);
#1381=ORIENTED_EDGE('',*,*,#939,.T.);
#1382=ORIENTED_EDGE('',*,*,#942,.F.);
#1383=ORIENTED_EDGE('',*,*,#856,.F.);
#1384=ORIENTED_EDGE('',*,*,#943,.T.);
#1385=ORIENTED_EDGE('',*,*,#935,.F.);
#1386=ORIENTED_EDGE('',*,*,#944,.F.);
#1387=ORIENTED_EDGE('',*,*,#945,.F.);
#1388=ORIENTED_EDGE('',*,*,#946,.F.);
#1389=ORIENTED_EDGE('',*,*,#944,.T.);
#1390=ORIENTED_EDGE('',*,*,#934,.F.);
#1391=ORIENTED_EDGE('',*,*,#725,.F.);
#1392=ORIENTED_EDGE('',*,*,#938,.F.);
#1393=ORIENTED_EDGE('',*,*,#947,.T.);
#1394=ORIENTED_EDGE('',*,*,#727,.T.);
#1395=ORIENTED_EDGE('',*,*,#933,.T.);
#1396=ORIENTED_EDGE('',*,*,#947,.F.);
#1397=ORIENTED_EDGE('',*,*,#948,.F.);
#1398=ORIENTED_EDGE('',*,*,#949,.T.);
#1399=ORIENTED_EDGE('',*,*,#945,.T.);
#1400=ORIENTED_EDGE('',*,*,#946,.T.);
#1401=ORIENTED_EDGE('',*,*,#949,.F.);
#1402=ORIENTED_EDGE('',*,*,#943,.F.);
#1403=ORIENTED_EDGE('',*,*,#950,.T.);
#1404=ORIENTED_EDGE('',*,*,#951,.T.);
#1405=ORIENTED_EDGE('',*,*,#950,.F.);
#1406=ORIENTED_EDGE('',*,*,#948,.T.);
#1407=ORIENTED_EDGE('',*,*,#951,.F.);
#1408=B_SPLINE_SURFACE_WITH_KNOTS('',3,3,((#2020,#2021,#2022,#2023),(#2024,
#2025,#2026,#2027),(#2028,#2029,#2030,#2031),(#2032,#2033,#2034,#2035),
(#2036,#2037,#2038,#2039)),.UNSPECIFIED.,.F.,.F.,.F.,(4,1,4),(4,4),(0.,
0.571428571428571,1.),(3.73155275559887,3.73203672827749),.UNSPECIFIED.);
#1409=B_SPLINE_SURFACE_WITH_KNOTS('',3,3,((#2635,#2636,#2637,#2638,#2639,
#2640,#2641,#2642,#2643,#2644,#2645,#2646,#2647,#2648,#2649,#2650,#2651,
#2652),(#2653,#2654,#2655,#2656,#2657,#2658,#2659,#2660,#2661,#2662,#2663,
#2664,#2665,#2666,#2667,#2668,#2669,#2670),(#2671,#2672,#2673,#2674,#2675,
#2676,#2677,#2678,#2679,#2680,#2681,#2682,#2683,#2684,#2685,#2686,#2687,
#2688),(#2689,#2690,#2691,#2692,#2693,#2694,#2695,#2696,#2697,#2698,#2699,
#2700,#2701,#2702,#2703,#2704,#2705,#2706),(#2707,#2708,#2709,#2710,#2711,
#2712,#2713,#2714,#2715,#2716,#2717,#2718,#2719,#2720,#2721,#2722,#2723,
#2724)),.UNSPECIFIED.,.F.,.F.,.F.,(4,1,4),(4,1,1,1,1,1,1,1,1,1,1,1,1,1,
1,4),(0.,0.571428571428571,1.),(-1.14974696430181E-12,0.266539482541709,
0.533078965084567,0.799618447627426,1.06615793017028,1.33269741271314,1.599236895256,
1.77692988361791,2.13231586034172,2.39885534288458,2.66539482542744,2.93193430797029,
3.19847379051315,3.3983784024203,3.46501327305601,3.73155275559887),
 .UNSPECIFIED.);
#1410=ADVANCED_FACE('',(#322),#1408,.F.);
#1411=ADVANCED_FACE('',(#323),#302,.F.);
#1412=ADVANCED_FACE('',(#324),#203,.F.);
#1413=ADVANCED_FACE('',(#325),#204,.T.);
#1414=ADVANCED_FACE('',(#326),#205,.F.);
#1415=ADVANCED_FACE('',(#327),#303,.F.);
#1416=ADVANCED_FACE('',(#328),#206,.F.);
#1417=ADVANCED_FACE('',(#329),#207,.T.);
#1418=ADVANCED_FACE('',(#330),#208,.F.);
#1419=ADVANCED_FACE('',(#331),#304,.F.);
#1420=ADVANCED_FACE('',(#332),#209,.F.);
#1421=ADVANCED_FACE('',(#333),#210,.T.);
#1422=ADVANCED_FACE('',(#334),#211,.F.);
#1423=ADVANCED_FACE('',(#335),#305,.F.);
#1424=ADVANCED_FACE('',(#336),#212,.T.);
#1425=ADVANCED_FACE('',(#337),#213,.F.);
#1426=ADVANCED_FACE('',(#338),#214,.T.);
#1427=ADVANCED_FACE('',(#339),#306,.F.);
#1428=ADVANCED_FACE('',(#340),#215,.F.);
#1429=ADVANCED_FACE('',(#341),#216,.T.);
#1430=ADVANCED_FACE('',(#342),#217,.F.);
#1431=ADVANCED_FACE('',(#343),#307,.F.);
#1432=ADVANCED_FACE('',(#344),#218,.F.);
#1433=ADVANCED_FACE('',(#345),#219,.T.);
#1434=ADVANCED_FACE('',(#346),#19,.F.);
#1435=ADVANCED_FACE('',(#347),#220,.T.);
#1436=ADVANCED_FACE('',(#348),#221,.T.);
#1437=ADVANCED_FACE('',(#349),#308,.T.);
#1438=ADVANCED_FACE('',(#350),#222,.T.);
#1439=ADVANCED_FACE('',(#351),#20,.T.);
#1440=ADVANCED_FACE('',(#352),#223,.T.);
#1441=ADVANCED_FACE('',(#353),#224,.T.);
#1442=ADVANCED_FACE('',(#354),#309,.T.);
#1443=ADVANCED_FACE('',(#355),#225,.F.);
#1444=ADVANCED_FACE('',(#356),#226,.F.);
#1445=ADVANCED_FACE('',(#357),#310,.T.);
#1446=ADVANCED_FACE('',(#358),#227,.T.);
#1447=ADVANCED_FACE('',(#359),#228,.T.);
#1448=ADVANCED_FACE('',(#360),#229,.F.);
#1449=ADVANCED_FACE('',(#361),#230,.T.);
#1450=ADVANCED_FACE('',(#362),#231,.T.);
#1451=ADVANCED_FACE('',(#363),#311,.T.);
#1452=ADVANCED_FACE('',(#364),#232,.F.);
#1453=ADVANCED_FACE('',(#365),#312,.T.);
#1454=ADVANCED_FACE('',(#366),#233,.T.);
#1455=ADVANCED_FACE('',(#367),#234,.T.);
#1456=ADVANCED_FACE('',(#368),#235,.F.);
#1457=ADVANCED_FACE('',(#369),#236,.T.);
#1458=ADVANCED_FACE('',(#370),#237,.T.);
#1459=ADVANCED_FACE('',(#371),#313,.T.);
#1460=ADVANCED_FACE('',(#372),#238,.F.);
#1461=ADVANCED_FACE('',(#373),#239,.T.);
#1462=ADVANCED_FACE('',(#374),#240,.T.);
#1463=ADVANCED_FACE('',(#375),#314,.F.);
#1464=ADVANCED_FACE('',(#376),#241,.T.);
#1465=ADVANCED_FACE('',(#377),#242,.T.);
#1466=ADVANCED_FACE('',(#378),#315,.F.);
#1467=ADVANCED_FACE('',(#379),#316,.F.);
#1468=ADVANCED_FACE('',(#380),#243,.T.);
#1469=ADVANCED_FACE('',(#381),#244,.T.);
#1470=ADVANCED_FACE('',(#382),#245,.F.);
#1471=ADVANCED_FACE('',(#383),#317,.F.);
#1472=ADVANCED_FACE('',(#384),#246,.T.);
#1473=ADVANCED_FACE('',(#385),#247,.T.);
#1474=ADVANCED_FACE('',(#386),#318,.F.);
#1475=ADVANCED_FACE('',(#387),#248,.F.);
#1476=ADVANCED_FACE('',(#388),#249,.T.);
#1477=ADVANCED_FACE('',(#389),#250,.T.);
#1478=ADVANCED_FACE('',(#390),#319,.F.);
#1479=ADVANCED_FACE('',(#391),#1409,.F.);
#1480=ADVANCED_FACE('',(#392),#17,.T.);
#1481=ADVANCED_FACE('',(#393),#320,.T.);
#1482=ADVANCED_FACE('',(#394),#18,.T.);
#1483=ADVANCED_FACE('',(#395),#251,.T.);
#1484=ADVANCED_FACE('',(#396),#252,.T.);
#1485=ADVANCED_FACE('',(#397),#16,.T.);
#1486=ADVANCED_FACE('',(#398),#321,.T.);
#1487=ADVANCED_FACE('',(#399),#21,.T.);
#1488=ADVANCED_FACE('',(#400),#22,.F.);
#1489=ADVANCED_FACE('',(#401,#15),#253,.F.);
#1490=CLOSED_SHELL('',(#1410,#1411,#1412,#1413,#1414,#1415,#1416,#1417,
#1418,#1419,#1420,#1421,#1422,#1423,#1424,#1425,#1426,#1427,#1428,#1429,
#1430,#1431,#1432,#1433,#1434,#1435,#1436,#1437,#1438,#1439,#1440,#1441,
#1442,#1443,#1444,#1445,#1446,#1447,#1448,#1449,#1450,#1451,#1452,#1453,
#1454,#1455,#1456,#1457,#1458,#1459,#1460,#1461,#1462,#1463,#1464,#1465,
#1466,#1467,#1468,#1469,#1470,#1471,#1472,#1473,#1474,#1475,#1476,#1477,
#1478,#1479,#1480,#1481,#1482,#1483,#1484,#1485,#1486,#1487,#1488,#1489));
#1491=DERIVED_UNIT_ELEMENT(#1494,1.);
#1492=DERIVED_UNIT_ELEMENT(#3230,-3.);
#1493=DIMENSIONAL_EXPONENTS(0.,1.,0.,0.,0.,0.,0.);
#1494=(
CONVERSION_BASED_UNIT('gram',#1496)
MASS_UNIT()
NAMED_UNIT(#1493)
);
#1495=(
MASS_UNIT()
NAMED_UNIT(*)
SI_UNIT(.KILO.,.GRAM.)
);
#1496=MASS_MEASURE_WITH_UNIT(MASS_MEASURE(0.001),#1495);
#1497=DERIVED_UNIT((#1491,#1492));
#1498=MEASURE_REPRESENTATION_ITEM('density measure',
POSITIVE_RATIO_MEASURE(1.),#1497);
#1499=PROPERTY_DEFINITION_REPRESENTATION(#1504,#1501);
#1500=PROPERTY_DEFINITION_REPRESENTATION(#1505,#1502);
#1501=REPRESENTATION('material name',(#1503),#3227);
#1502=REPRESENTATION('density',(#1498),#3227);
#1503=DESCRIPTIVE_REPRESENTATION_ITEM('Generic','Generic');
#1504=PROPERTY_DEFINITION('material property','material name',#3237);
#1505=PROPERTY_DEFINITION('material property','density of part',#3237);
#1506=DATE_TIME_ROLE('creation_date');
#1507=APPLIED_DATE_AND_TIME_ASSIGNMENT(#1508,#1506,(#3237));
#1508=DATE_AND_TIME(#1509,#1510);
#1509=CALENDAR_DATE(2025,3,8);
#1510=LOCAL_TIME(0,0,0.,#1511);
#1511=COORDINATED_UNIVERSAL_TIME_OFFSET(0,0,.BEHIND.);
#1512=AXIS2_PLACEMENT_3D('',#2019,#1651,#1652);
#1513=AXIS2_PLACEMENT_3D('',#2055,#1653,#1654);
#1514=AXIS2_PLACEMENT_3D('',#2056,#1655,#1656);
#1515=AXIS2_PLACEMENT_3D('',#2057,#1657,#1658);
#1516=AXIS2_PLACEMENT_3D('',#2064,#1659,#1660);
#1517=AXIS2_PLACEMENT_3D('',#2074,#1661,#1662);
#1518=AXIS2_PLACEMENT_3D('',#2078,#1663,#1664);
#1519=AXIS2_PLACEMENT_3D('',#2094,#1669,#1670);
#1520=AXIS2_PLACEMENT_3D('',#2100,#1673,#1674);
#1521=AXIS2_PLACEMENT_3D('',#2102,#1676,#1677);
#1522=AXIS2_PLACEMENT_3D('',#2116,#1681,#1682);
#1523=AXIS2_PLACEMENT_3D('',#2123,#1683,#1684);
#1524=AXIS2_PLACEMENT_3D('',#2133,#1685,#1686);
#1525=AXIS2_PLACEMENT_3D('',#2137,#1687,#1688);
#1526=AXIS2_PLACEMENT_3D('',#2153,#1693,#1694);
#1527=AXIS2_PLACEMENT_3D('',#2159,#1697,#1698);
#1528=AXIS2_PLACEMENT_3D('',#2161,#1700,#1701);
#1529=AXIS2_PLACEMENT_3D('',#2175,#1705,#1706);
#1530=AXIS2_PLACEMENT_3D('',#2182,#1707,#1708);
#1531=AXIS2_PLACEMENT_3D('',#2192,#1709,#1710);
#1532=AXIS2_PLACEMENT_3D('',#2196,#1711,#1712);
#1533=AXIS2_PLACEMENT_3D('',#2212,#1717,#1718);
#1534=AXIS2_PLACEMENT_3D('',#2218,#1721,#1722);
#1535=AXIS2_PLACEMENT_3D('',#2220,#1724,#1725);
#1536=AXIS2_PLACEMENT_3D('',#2234,#1729,#1730);
#1537=AXIS2_PLACEMENT_3D('',#2241,#1731,#1732);
#1538=AXIS2_PLACEMENT_3D('',#2251,#1733,#1734);
#1539=AXIS2_PLACEMENT_3D('',#2255,#1735,#1736);
#1540=AXIS2_PLACEMENT_3D('',#2264,#1739,#1740);
#1541=AXIS2_PLACEMENT_3D('',#2278,#1744,#1745);
#1542=AXIS2_PLACEMENT_3D('',#2284,#1748,#1749);
#1543=AXIS2_PLACEMENT_3D('',#2286,#1751,#1752);
#1544=AXIS2_PLACEMENT_3D('',#2293,#1753,#1754);
#1545=AXIS2_PLACEMENT_3D('',#2303,#1755,#1756);
#1546=AXIS2_PLACEMENT_3D('',#2307,#1757,#1758);
#1547=AXIS2_PLACEMENT_3D('',#2323,#1763,#1764);
#1548=AXIS2_PLACEMENT_3D('',#2329,#1767,#1768);
#1549=AXIS2_PLACEMENT_3D('',#2331,#1770,#1771);
#1550=AXIS2_PLACEMENT_3D('',#2345,#1775,#1776);
#1551=AXIS2_PLACEMENT_3D('',#2352,#1777,#1778);
#1552=AXIS2_PLACEMENT_3D('',#2362,#1779,#1780);
#1553=AXIS2_PLACEMENT_3D('',#2364,#1781,#1782);
#1554=AXIS2_PLACEMENT_3D('',#2368,#1783,#1784);
#1555=AXIS2_PLACEMENT_3D('',#2384,#1789,#1790);
#1556=AXIS2_PLACEMENT_3D('',#2391,#1792,#1793);
#1557=AXIS2_PLACEMENT_3D('',#2395,#1795,#1796);
#1558=AXIS2_PLACEMENT_3D('',#2400,#1799,#1800);
#1559=AXIS2_PLACEMENT_3D('',#2405,#1803,#1804);
#1560=AXIS2_PLACEMENT_3D('',#2407,#1806,#1807);
#1561=AXIS2_PLACEMENT_3D('',#2410,#1809,#1810);
#1562=AXIS2_PLACEMENT_3D('',#2414,#1812,#1813);
#1563=AXIS2_PLACEMENT_3D('',#2419,#1816,#1817);
#1564=AXIS2_PLACEMENT_3D('',#2421,#1819,#1820);
#1565=AXIS2_PLACEMENT_3D('',#2430,#1823,#1824);
#1566=AXIS2_PLACEMENT_3D('',#2437,#1826,#1827);
#1567=AXIS2_PLACEMENT_3D('',#2438,#1828,#1829);
#1568=AXIS2_PLACEMENT_3D('',#2439,#1830,#1831);
#1569=AXIS2_PLACEMENT_3D('',#2440,#1832,#1833);
#1570=AXIS2_PLACEMENT_3D('',#2442,#1834,#1835);
#1571=AXIS2_PLACEMENT_3D('',#2446,#1838,#1839);
#1572=AXIS2_PLACEMENT_3D('',#2450,#1841,#1842);
#1573=AXIS2_PLACEMENT_3D('',#2455,#1845,#1846);
#1574=AXIS2_PLACEMENT_3D('',#2460,#1849,#1850);
#1575=AXIS2_PLACEMENT_3D('',#2465,#1853,#1854);
#1576=AXIS2_PLACEMENT_3D('',#2469,#1856,#1857);
#1577=AXIS2_PLACEMENT_3D('',#2470,#1858,#1859);
#1578=AXIS2_PLACEMENT_3D('',#2472,#1860,#1861);
#1579=AXIS2_PLACEMENT_3D('',#2477,#1864,#1865);
#1580=AXIS2_PLACEMENT_3D('',#2479,#1867,#1868);
#1581=AXIS2_PLACEMENT_3D('',#2484,#1869,#1870);
#1582=AXIS2_PLACEMENT_3D('',#2491,#1872,#1873);
#1583=AXIS2_PLACEMENT_3D('',#2496,#1874,#1875);
#1584=AXIS2_PLACEMENT_3D('',#2497,#1876,#1877);
#1585=AXIS2_PLACEMENT_3D('',#2500,#1879,#1880);
#1586=AXIS2_PLACEMENT_3D('',#2501,#1881,#1882);
#1587=AXIS2_PLACEMENT_3D('',#2507,#1884,#1885);
#1588=AXIS2_PLACEMENT_3D('',#2508,#1886,#1887);
#1589=AXIS2_PLACEMENT_3D('',#2517,#1888,#1889);
#1590=AXIS2_PLACEMENT_3D('',#2518,#1890,#1891);
#1591=AXIS2_PLACEMENT_3D('',#2519,#1892,#1893);
#1592=AXIS2_PLACEMENT_3D('',#2520,#1894,#1895);
#1593=AXIS2_PLACEMENT_3D('',#2521,#1896,#1897);
#1594=AXIS2_PLACEMENT_3D('',#2526,#1898,#1899);
#1595=AXIS2_PLACEMENT_3D('',#2531,#1900,#1901);
#1596=AXIS2_PLACEMENT_3D('',#2532,#1902,#1903);
#1597=AXIS2_PLACEMENT_3D('',#2533,#1904,#1905);
#1598=AXIS2_PLACEMENT_3D('',#2534,#1906,#1907);
#1599=AXIS2_PLACEMENT_3D('',#2535,#1908,#1909);
#1600=AXIS2_PLACEMENT_3D('',#2541,#1910,#1911);
#1601=AXIS2_PLACEMENT_3D('',#2550,#1912,#1913);
#1602=AXIS2_PLACEMENT_3D('',#2551,#1914,#1915);
#1603=AXIS2_PLACEMENT_3D('',#2553,#1917,#1918);
#1604=AXIS2_PLACEMENT_3D('',#2555,#1919,#1920);
#1605=AXIS2_PLACEMENT_3D('',#2557,#1922,#1923);
#1606=AXIS2_PLACEMENT_3D('',#2562,#1924,#1925);
#1607=AXIS2_PLACEMENT_3D('',#2567,#1926,#1927);
#1608=AXIS2_PLACEMENT_3D('',#2568,#1928,#1929);
#1609=AXIS2_PLACEMENT_3D('',#2569,#1930,#1931);
#1610=AXIS2_PLACEMENT_3D('',#2570,#1932,#1933);
#1611=AXIS2_PLACEMENT_3D('',#2571,#1934,#1935);
#1612=AXIS2_PLACEMENT_3D('',#2576,#1936,#1937);
#1613=AXIS2_PLACEMENT_3D('',#2581,#1938,#1939);
#1614=AXIS2_PLACEMENT_3D('',#2582,#1940,#1941);
#1615=AXIS2_PLACEMENT_3D('',#2587,#1942,#1943);
#1616=AXIS2_PLACEMENT_3D('',#2592,#1944,#1945);
#1617=AXIS2_PLACEMENT_3D('',#2593,#1946,#1947);
#1618=AXIS2_PLACEMENT_3D('',#2606,#1948,#1949);
#1619=AXIS2_PLACEMENT_3D('',#2608,#1951,#1952);
#1620=AXIS2_PLACEMENT_3D('',#2609,#1953,#1954);
#1621=AXIS2_PLACEMENT_3D('',#2610,#1955,#1956);
#1622=AXIS2_PLACEMENT_3D('',#2619,#1957,#1958);
#1623=AXIS2_PLACEMENT_3D('',#2620,#1959,#1960);
#1624=AXIS2_PLACEMENT_3D('',#2621,#1961,#1962);
#1625=AXIS2_PLACEMENT_3D('',#2622,#1963,#1964);
#1626=AXIS2_PLACEMENT_3D('',#2623,#1965,#1966);
#1627=AXIS2_PLACEMENT_3D('',#2624,#1967,#1968);
#1628=AXIS2_PLACEMENT_3D('',#2629,#1969,#1970);
#1629=AXIS2_PLACEMENT_3D('',#2634,#1971,#1972);
#1630=AXIS2_PLACEMENT_3D('',#2725,#1973,#1974);
#1631=AXIS2_PLACEMENT_3D('',#3032,#1975,#1976);
#1632=AXIS2_PLACEMENT_3D('',#3034,#1977,#1978);
#1633=AXIS2_PLACEMENT_3D('',#3036,#1979,#1980);
#1634=AXIS2_PLACEMENT_3D('',#3037,#1981,#1982);
#1635=AXIS2_PLACEMENT_3D('',#3038,#1983,#1984);
#1636=AXIS2_PLACEMENT_3D('',#3041,#1985,#1986);
#1637=AXIS2_PLACEMENT_3D('',#3043,#1988,#1989);
#1638=AXIS2_PLACEMENT_3D('',#3044,#1990,#1991);
#1639=AXIS2_PLACEMENT_3D('',#3045,#1992,#1993);
#1640=AXIS2_PLACEMENT_3D('',#3046,#1994,#1995);
#1641=AXIS2_PLACEMENT_3D('',#3047,#1996,#1997);
#1642=AXIS2_PLACEMENT_3D('',#3049,#1998,#1999);
#1643=AXIS2_PLACEMENT_3D('',#3212,#2000,#2001);
#1644=AXIS2_PLACEMENT_3D('',#3213,#2002,#2003);
#1645=AXIS2_PLACEMENT_3D('',#3214,#2004,#2005);
#1646=AXIS2_PLACEMENT_3D('',#3216,#2007,#2008);
#1647=AXIS2_PLACEMENT_3D('',#3218,#2009,#2010);
#1648=AXIS2_PLACEMENT_3D('',#3220,#2012,#2013);
#1649=AXIS2_PLACEMENT_3D('',#3223,#2015,#2016);
#1650=AXIS2_PLACEMENT_3D('',#3224,#2017,#2018);
#1651=DIRECTION('axis',(0.,0.,1.));
#1652=DIRECTION('refdir',(1.,0.,0.));
#1653=DIRECTION('center_axis',(0.999999672005753,0.000809931099250199,-3.04036251147379E-15));
#1654=DIRECTION('ref_axis',(0.000422740094001114,-0.521945577510924,0.852978684028857));
#1655=DIRECTION('center_axis',(0.,0.,1.));
#1656=DIRECTION('ref_axis',(1.,0.,0.));
#1657=DIRECTION('center_axis',(0.,0.,1.));
#1658=DIRECTION('ref_axis',(1.,0.,0.));
#1659=DIRECTION('center_axis',(0.,0.,1.));
#1660=DIRECTION('ref_axis',(1.,0.,0.));
#1661=DIRECTION('center_axis',(0.,0.,-1.));
#1662=DIRECTION('ref_axis',(1.,0.,0.));
#1663=DIRECTION('center_axis',(-0.508884640251227,-0.860834724506615,0.));
#1664=DIRECTION('ref_axis',(-0.860834724506615,0.508884640251227,0.));
#1665=DIRECTION('',(-0.860834724506615,0.508884640251227,0.));
#1666=DIRECTION('',(0.,0.,1.));
#1667=DIRECTION('',(-0.860834724506615,0.508884640251227,0.));
#1668=DIRECTION('',(0.,0.,-1.));
#1669=DIRECTION('center_axis',(0.,0.,1.));
#1670=DIRECTION('ref_axis',(1.,0.,0.));
#1671=DIRECTION('',(-0.0102896637999599,-0.999947060008121,0.));
#1672=DIRECTION('',(-0.738886012834876,0.673830438639409,0.));
#1673=DIRECTION('center_axis',(0.,0.,1.));
#1674=DIRECTION('ref_axis',(1.,0.,0.));
#1675=DIRECTION('',(0.193964918382944,-0.981008466037219,0.));
#1676=DIRECTION('center_axis',(0.999947060008121,-0.0102896637999599,0.));
#1677=DIRECTION('ref_axis',(-0.0102896637999599,-0.999947060008121,0.));
#1678=DIRECTION('',(0.,0.,1.));
#1679=DIRECTION('',(-0.0102896637999599,-0.999947060008121,0.));
#1680=DIRECTION('',(0.,0.,-1.));
#1681=DIRECTION('center_axis',(0.,0.,1.));
#1682=DIRECTION('ref_axis',(1.,0.,0.));
#1683=DIRECTION('center_axis',(0.,0.,1.));
#1684=DIRECTION('ref_axis',(1.,0.,0.));
#1685=DIRECTION('center_axis',(0.,0.,-1.));
#1686=DIRECTION('ref_axis',(1.,0.,0.));
#1687=DIRECTION('center_axis',(0.491062419756894,-0.871124388306575,0.));
#1688=DIRECTION('ref_axis',(-0.871124388306575,-0.491062419756894,0.));
#1689=DIRECTION('',(-0.871124388306575,-0.491062419756894,0.));
#1690=DIRECTION('',(0.,0.,-1.));
#1691=DIRECTION('',(-0.871124388306575,-0.491062419756894,0.));
#1692=DIRECTION('',(0.,0.,-1.));
#1693=DIRECTION('center_axis',(0.,0.,1.));
#1694=DIRECTION('ref_axis',(1.,0.,0.));
#1695=DIRECTION('',(0.860834724506615,-0.508884640251227,0.));
#1696=DIRECTION('',(-0.952997284122376,-0.302978838296298,0.));
#1697=DIRECTION('center_axis',(0.,0.,1.));
#1698=DIRECTION('ref_axis',(1.,0.,0.));
#1699=DIRECTION('',(0.946560712107309,-0.322525686256,0.));
#1700=DIRECTION('center_axis',(0.508884640251227,0.860834724506615,0.));
#1701=DIRECTION('ref_axis',(0.860834724506615,-0.508884640251227,0.));
#1702=DIRECTION('',(0.,0.,1.));
#1703=DIRECTION('',(0.860834724506615,-0.508884640251227,0.));
#1704=DIRECTION('',(0.,0.,-1.));
#1705=DIRECTION('center_axis',(0.,0.,1.));
#1706=DIRECTION('ref_axis',(1.,0.,0.));
#1707=DIRECTION('center_axis',(0.,0.,1.));
#1708=DIRECTION('ref_axis',(1.,0.,0.));
#1709=DIRECTION('center_axis',(0.,0.,-1.));
#1710=DIRECTION('ref_axis',(1.,0.,0.));
#1711=DIRECTION('center_axis',(0.999947060008121,-0.0102896637999599,0.));
#1712=DIRECTION('ref_axis',(-0.0102896637999599,-0.999947060008121,0.));
#1713=DIRECTION('',(-0.0102896637999599,-0.999947060008121,0.));
#1714=DIRECTION('',(0.,0.,1.));
#1715=DIRECTION('',(-0.0102896637999599,-0.999947060008121,0.));
#1716=DIRECTION('',(0.,0.,-1.));
#1717=DIRECTION('center_axis',(0.,0.,1.));
#1718=DIRECTION('ref_axis',(1.,0.,0.));
#1719=DIRECTION('',(0.871124388306575,0.491062419756894,0.));
#1720=DIRECTION('',(-0.214111271287489,-0.976809276935705,0.));
#1721=DIRECTION('center_axis',(0.,0.,1.));
#1722=DIRECTION('ref_axis',(1.,0.,0.));
#1723=DIRECTION('',(0.752595793724355,0.658482779781225,0.));
#1724=DIRECTION('center_axis',(-0.491062419756894,0.871124388306575,0.));
#1725=DIRECTION('ref_axis',(0.871124388306575,0.491062419756894,0.));
#1726=DIRECTION('',(0.,0.,-1.));
#1727=DIRECTION('',(0.871124388306575,0.491062419756894,0.));
#1728=DIRECTION('',(0.,0.,-1.));
#1729=DIRECTION('center_axis',(0.,0.,1.));
#1730=DIRECTION('ref_axis',(-1.,0.,0.));
#1731=DIRECTION('center_axis',(0.,0.,1.));
#1732=DIRECTION('ref_axis',(-1.,0.,0.));
#1733=DIRECTION('center_axis',(0.,0.,-1.));
#1734=DIRECTION('ref_axis',(-1.,0.,0.));
#1735=DIRECTION('center_axis',(0.172230737156374,-0.985056634503099,0.));
#1736=DIRECTION('ref_axis',(0.,0.,-1.));
#1737=DIRECTION('',(0.,0.,-1.));
#1738=DIRECTION('',(0.,0.,1.));
#1739=DIRECTION('center_axis',(0.508884640251227,0.860834724506615,0.));
#1740=DIRECTION('ref_axis',(0.860834724506615,-0.508884640251227,0.));
#1741=DIRECTION('',(0.860834724506615,-0.508884640251227,0.));
#1742=DIRECTION('',(0.,0.,1.));
#1743=DIRECTION('',(0.860834724506615,-0.508884640251227,0.));
#1744=DIRECTION('center_axis',(0.,0.,1.));
#1745=DIRECTION('ref_axis',(1.,0.,0.));
#1746=DIRECTION('',(0.0102896637999599,0.999947060008121,0.));
#1747=DIRECTION('',(0.738886012834879,-0.673830438639407,0.));
#1748=DIRECTION('center_axis',(0.,0.,1.));
#1749=DIRECTION('ref_axis',(1.,0.,0.));
#1750=DIRECTION('',(-0.193964918382958,0.981008466037216,0.));
#1751=DIRECTION('center_axis',(0.,0.,1.));
#1752=DIRECTION('ref_axis',(-1.,0.,0.));
#1753=DIRECTION('center_axis',(0.,0.,1.));
#1754=DIRECTION('ref_axis',(-1.,0.,0.));
#1755=DIRECTION('center_axis',(0.,0.,-1.));
#1756=DIRECTION('ref_axis',(-1.,0.,0.));
#1757=DIRECTION('center_axis',(-0.999947060008121,0.0102896637999599,0.));
#1758=DIRECTION('ref_axis',(0.0102896637999599,0.999947060008121,0.));
#1759=DIRECTION('',(0.0102896637999599,0.999947060008121,0.));
#1760=DIRECTION('',(0.,0.,1.));
#1761=DIRECTION('',(0.0102896637999599,0.999947060008121,0.));
#1762=DIRECTION('',(0.,0.,-1.));
#1763=DIRECTION('center_axis',(0.,0.,1.));
#1764=DIRECTION('ref_axis',(1.,0.,0.));
#1765=DIRECTION('',(-0.871124388306575,-0.491062419756894,0.));
#1766=DIRECTION('',(0.214111271287491,0.976809276935705,0.));
#1767=DIRECTION('center_axis',(0.,0.,1.));
#1768=DIRECTION('ref_axis',(1.,0.,0.));
#1769=DIRECTION('',(-0.752595793724361,-0.658482779781218,0.));
#1770=DIRECTION('center_axis',(0.491062419756894,-0.871124388306575,0.));
#1771=DIRECTION('ref_axis',(-0.871124388306575,-0.491062419756894,0.));
#1772=DIRECTION('',(0.,0.,-1.));
#1773=DIRECTION('',(-0.871124388306575,-0.491062419756894,0.));
#1774=DIRECTION('',(0.,0.,-1.));
#1775=DIRECTION('center_axis',(0.,0.,1.));
#1776=DIRECTION('ref_axis',(-1.,0.,0.));
#1777=DIRECTION('center_axis',(0.,0.,1.));
#1778=DIRECTION('ref_axis',(-1.,0.,0.));
#1779=DIRECTION('center_axis',(0.,0.,-1.));
#1780=DIRECTION('ref_axis',(-1.,0.,0.));
#1781=DIRECTION('center_axis',(0.,0.,-1.));
#1782=DIRECTION('ref_axis',(-1.,0.,0.));
#1783=DIRECTION('center_axis',(-0.508884640251227,-0.860834724506615,0.));
#1784=DIRECTION('ref_axis',(-0.860834724506615,0.508884640251227,0.));
#1785=DIRECTION('',(0.,0.,1.));
#1786=DIRECTION('',(-0.860834724506615,0.508884640251227,0.));
#1787=DIRECTION('',(0.,0.,-1.));
#1788=DIRECTION('',(-0.860834724506615,0.508884640251227,0.));
#1789=DIRECTION('center_axis',(0.946066551972247,0.32397234332477,0.));
#1790=DIRECTION('ref_axis',(0.,0.,-1.));
#1791=DIRECTION('',(0.,0.,-1.));
#1792=DIRECTION('center_axis',(0.,0.,-1.));
#1793=DIRECTION('ref_axis',(1.,0.,0.));
#1794=DIRECTION('',(0.,0.,1.));
#1795=DIRECTION('center_axis',(0.,0.,-1.));
#1796=DIRECTION('ref_axis',(1.,0.,0.));
#1797=DIRECTION('',(0.,0.,-1.));
#1798=DIRECTION('',(0.,0.,1.));
#1799=DIRECTION('center_axis',(0.,0.,-1.));
#1800=DIRECTION('ref_axis',(1.,0.,0.));
#1801=DIRECTION('',(0.,0.,-1.));
#1802=DIRECTION('',(0.,0.,1.));
#1803=DIRECTION('center_axis',(0.,0.,-1.));
#1804=DIRECTION('ref_axis',(1.,0.,0.));
#1805=DIRECTION('',(0.,0.,-1.));
#1806=DIRECTION('center_axis',(0.,0.,-1.));
#1807=DIRECTION('ref_axis',(-1.,0.,0.));
#1808=DIRECTION('',(0.,0.,-1.));
#1809=DIRECTION('center_axis',(0.,0.,-1.));
#1810=DIRECTION('ref_axis',(1.,0.,0.));
#1811=DIRECTION('',(0.,0.,1.));
#1812=DIRECTION('center_axis',(0.,0.,-1.));
#1813=DIRECTION('ref_axis',(-1.,0.,0.));
#1814=DIRECTION('',(0.,0.,-1.));
#1815=DIRECTION('',(0.,0.,1.));
#1816=DIRECTION('center_axis',(0.,0.,-1.));
#1817=DIRECTION('ref_axis',(-1.,0.,0.));
#1818=DIRECTION('',(0.,0.,-1.));
#1819=DIRECTION('center_axis',(-0.302978838296298,0.952997284122377,0.));
#1820=DIRECTION('ref_axis',(0.,0.,1.));
#1821=DIRECTION('',(0.,0.,1.));
#1822=DIRECTION('',(0.952997284122377,0.302978838296298,0.));
#1823=DIRECTION('center_axis',(-0.981008466037216,-0.193964918382958,0.));
#1824=DIRECTION('ref_axis',(0.,0.,1.));
#1825=DIRECTION('',(0.,0.,-1.));
#1826=DIRECTION('center_axis',(0.,0.,-1.));
#1827=DIRECTION('ref_axis',(0.,1.,0.));
#1828=DIRECTION('center_axis',(0.,0.,-1.));
#1829=DIRECTION('ref_axis',(0.,1.,0.));
#1830=DIRECTION('center_axis',(0.,0.,1.));
#1831=DIRECTION('ref_axis',(0.,1.,0.));
#1832=DIRECTION('center_axis',(0.,0.,1.));
#1833=DIRECTION('ref_axis',(1.,0.,0.));
#1834=DIRECTION('center_axis',(0.,0.,1.));
#1835=DIRECTION('ref_axis',(1.,0.,0.));
#1836=DIRECTION('',(-0.946560712107306,0.322525686256009,0.));
#1837=DIRECTION('',(0.871124388306575,0.491062419756894,0.));
#1838=DIRECTION('center_axis',(0.,0.,1.));
#1839=DIRECTION('ref_axis',(0.,1.,0.));
#1840=DIRECTION('',(0.,0.,1.));
#1841=DIRECTION('center_axis',(0.,0.,1.));
#1842=DIRECTION('ref_axis',(0.,1.,0.));
#1843=DIRECTION('',(0.,0.,-1.));
#1844=DIRECTION('',(0.,0.,1.));
#1845=DIRECTION('center_axis',(0.,0.,1.));
#1846=DIRECTION('ref_axis',(0.,1.,0.));
#1847=DIRECTION('',(0.,0.,-1.));
#1848=DIRECTION('',(0.,0.,1.));
#1849=DIRECTION('center_axis',(0.,0.,1.));
#1850=DIRECTION('ref_axis',(0.,-1.,0.));
#1851=DIRECTION('',(0.,0.,-1.));
#1852=DIRECTION('',(0.,0.,1.));
#1853=DIRECTION('center_axis',(0.,0.,1.));
#1854=DIRECTION('ref_axis',(0.,-1.,0.));
#1855=DIRECTION('',(0.,0.,-1.));
#1856=DIRECTION('center_axis',(0.,0.,-1.));
#1857=DIRECTION('ref_axis',(-1.83697019872103E-16,-1.,0.));
#1858=DIRECTION('center_axis',(0.,0.,-1.));
#1859=DIRECTION('ref_axis',(-1.83697019872103E-16,-1.,0.));
#1860=DIRECTION('center_axis',(0.,0.,1.));
#1861=DIRECTION('ref_axis',(0.,-1.,0.));
#1862=DIRECTION('',(0.,0.,-1.));
#1863=DIRECTION('',(0.,0.,1.));
#1864=DIRECTION('center_axis',(0.,0.,1.));
#1865=DIRECTION('ref_axis',(0.,-1.,0.));
#1866=DIRECTION('',(0.,0.,-1.));
#1867=DIRECTION('center_axis',(-0.658482779781225,0.752595793724355,0.));
#1868=DIRECTION('ref_axis',(0.,0.,1.));
#1869=DIRECTION('center_axis',(0.673830438639407,0.738886012834879,0.));
#1870=DIRECTION('ref_axis',(0.,0.,-1.));
#1871=DIRECTION('',(0.,0.,-1.));
#1872=DIRECTION('center_axis',(0.,0.,-1.));
#1873=DIRECTION('ref_axis',(0.,1.,0.));
#1874=DIRECTION('center_axis',(0.,0.,-1.));
#1875=DIRECTION('ref_axis',(0.,1.,0.));
#1876=DIRECTION('center_axis',(0.,0.,-1.));
#1877=DIRECTION('ref_axis',(-1.,0.,0.));
#1878=DIRECTION('',(0.0102896637999599,0.999947060008121,0.));
#1879=DIRECTION('center_axis',(0.,0.,1.));
#1880=DIRECTION('ref_axis',(1.,0.,0.));
#1881=DIRECTION('center_axis',(-0.999947060008121,0.0102896637999599,0.));
#1882=DIRECTION('ref_axis',(0.0102896637999599,0.999947060008121,0.));
#1883=DIRECTION('',(0.,0.,1.));
#1884=DIRECTION('center_axis',(0.,0.,-1.));
#1885=DIRECTION('ref_axis',(0.,1.,0.));
#1886=DIRECTION('center_axis',(0.,0.,-1.));
#1887=DIRECTION('ref_axis',(0.,1.,0.));
#1888=DIRECTION('center_axis',(0.322525686256,0.946560712107309,0.));
#1889=DIRECTION('ref_axis',(0.,0.,1.));
#1890=DIRECTION('center_axis',(0.976809276935705,-0.214111271287489,0.));
#1891=DIRECTION('ref_axis',(0.,0.,-1.));
#1892=DIRECTION('center_axis',(0.,0.,-1.));
#1893=DIRECTION('ref_axis',(0.5,-0.866025403784439,0.));
#1894=DIRECTION('center_axis',(0.,0.,1.));
#1895=DIRECTION('ref_axis',(1.,0.,0.));
#1896=DIRECTION('center_axis',(0.981008466037219,0.193964918382944,0.));
#1897=DIRECTION('ref_axis',(0.,0.,-1.));
#1898=DIRECTION('center_axis',(0.302978838296298,-0.952997284122376,0.));
#1899=DIRECTION('ref_axis',(0.,0.,-1.));
#1900=DIRECTION('center_axis',(0.,0.,-1.));
#1901=DIRECTION('ref_axis',(0.,-1.,0.));
#1902=DIRECTION('center_axis',(0.,0.,-1.));
#1903=DIRECTION('ref_axis',(0.,-1.,0.));
#1904=DIRECTION('center_axis',(0.,0.,-1.));
#1905=DIRECTION('ref_axis',(0.5,-0.866025403784439,0.));
#1906=DIRECTION('center_axis',(0.,0.,1.));
#1907=DIRECTION('ref_axis',(1.,0.,0.));
#1908=DIRECTION('center_axis',(0.,0.,-1.));
#1909=DIRECTION('ref_axis',(0.,-1.,0.));
#1910=DIRECTION('center_axis',(0.,0.,-1.));
#1911=DIRECTION('ref_axis',(0.,-1.,0.));
#1912=DIRECTION('center_axis',(-0.976809276935705,0.214111271287491,0.));
#1913=DIRECTION('ref_axis',(0.,0.,1.));
#1914=DIRECTION('center_axis',(-0.322525686256009,-0.946560712107306,0.));
#1915=DIRECTION('ref_axis',(0.,0.,-1.));
#1916=DIRECTION('',(0.,0.,-1.));
#1917=DIRECTION('center_axis',(0.,0.,-1.));
#1918=DIRECTION('ref_axis',(0.5,-0.866025403784439,0.));
#1919=DIRECTION('center_axis',(0.,0.,1.));
#1920=DIRECTION('ref_axis',(-1.,0.,0.));
#1921=DIRECTION('',(0.871124388306575,0.491062419756894,0.));
#1922=DIRECTION('center_axis',(0.658482779781218,-0.752595793724361,0.));
#1923=DIRECTION('ref_axis',(0.,0.,-1.));
#1924=DIRECTION('center_axis',(-0.673830438639409,-0.738886012834877,0.));
#1925=DIRECTION('ref_axis',(0.,0.,1.));
#1926=DIRECTION('center_axis',(0.,0.,-1.));
#1927=DIRECTION('ref_axis',(0.,-1.,0.));
#1928=DIRECTION('center_axis',(0.,0.,-1.));
#1929=DIRECTION('ref_axis',(0.,-1.,0.));
#1930=DIRECTION('center_axis',(0.,0.,-1.));
#1931=DIRECTION('ref_axis',(-1.,0.,0.));
#1932=DIRECTION('center_axis',(0.,0.,1.));
#1933=DIRECTION('ref_axis',(-1.,0.,0.));
#1934=DIRECTION('center_axis',(-0.172230737156387,0.985056634503097,0.));
#1935=DIRECTION('ref_axis',(0.,0.,1.));
#1936=DIRECTION('center_axis',(-0.946066551972245,-0.323972343324778,0.));
#1937=DIRECTION('ref_axis',(0.,0.,1.));
#1938=DIRECTION('center_axis',(0.,0.,1.));
#1939=DIRECTION('ref_axis',(1.,0.,0.));
#1940=DIRECTION('center_axis',(-0.753601555428948,0.657331496016333,0.));
#1941=DIRECTION('ref_axis',(0.,0.,1.));
#1942=DIRECTION('center_axis',(0.766968701067894,0.641684510941497,0.));
#1943=DIRECTION('ref_axis',(0.,0.,-1.));
#1944=DIRECTION('center_axis',(0.,0.,1.));
#1945=DIRECTION('ref_axis',(-1.,0.,0.));
#1946=DIRECTION('center_axis',(0.,0.,1.));
#1947=DIRECTION('ref_axis',(-1.,0.,0.));
#1948=DIRECTION('center_axis',(0.939199438224278,-0.343372123561597,0.));
#1949=DIRECTION('ref_axis',(0.,0.,-1.));
#1950=DIRECTION('',(0.,0.,-1.));
#1951=DIRECTION('center_axis',(0.192464996543301,0.981303839341102,0.));
#1952=DIRECTION('ref_axis',(0.,0.,1.));
#1953=DIRECTION('center_axis',(-0.491062419756894,0.871124388306575,0.));
#1954=DIRECTION('ref_axis',(0.871124388306575,0.491062419756894,0.));
#1955=DIRECTION('center_axis',(0.,0.,1.));
#1956=DIRECTION('ref_axis',(1.,0.,0.));
#1957=DIRECTION('center_axis',(-0.939199438224277,0.343372123561599,0.));
#1958=DIRECTION('ref_axis',(0.,0.,1.));
#1959=DIRECTION('center_axis',(-0.1924649965433,-0.981303839341102,0.));
#1960=DIRECTION('ref_axis',(0.,0.,-1.));
#1961=DIRECTION('center_axis',(0.,0.,1.));
#1962=DIRECTION('ref_axis',(-1.,0.,0.));
#1963=DIRECTION('center_axis',(0.,0.,1.));
#1964=DIRECTION('ref_axis',(-1.,0.,0.));
#1965=DIRECTION('center_axis',(0.,0.,-1.));
#1966=DIRECTION('ref_axis',(0.5,-0.866025403784439,0.));
#1967=DIRECTION('center_axis',(-0.76696870106789,-0.641684510941501,0.));
#1968=DIRECTION('ref_axis',(0.,0.,1.));
#1969=DIRECTION('center_axis',(0.753601555428951,-0.657331496016329,0.));
#1970=DIRECTION('ref_axis',(0.,0.,-1.));
#1971=DIRECTION('center_axis',(0.,0.,1.));
#1972=DIRECTION('ref_axis',(1.,0.,0.));
#1973=DIRECTION('center_axis',(0.,0.,1.));
#1974=DIRECTION('ref_axis',(1.,0.,0.));
#1975=DIRECTION('center_axis',(0.,0.,1.));
#1976=DIRECTION('ref_axis',(-1.22464679914735E-16,1.,0.));
#1977=DIRECTION('center_axis',(0.,0.,-1.));
#1978=DIRECTION('ref_axis',(-1.22464679914735E-16,1.,0.));
#1979=DIRECTION('center_axis',(1.,0.,0.));
#1980=DIRECTION('ref_axis',(0.,-1.,0.));
#1981=DIRECTION('center_axis',(0.,0.,1.));
#1982=DIRECTION('ref_axis',(1.,0.,0.));
#1983=DIRECTION('center_axis',(0.,0.,1.));
#1984=DIRECTION('ref_axis',(0.,1.,0.));
#1985=DIRECTION('center_axis',(0.,0.,1.));
#1986=DIRECTION('ref_axis',(-3.06161699786838E-17,-1.,0.));
#1987=DIRECTION('',(-8.32779733553246E-17,0.680016257857416,-0.733197032897431));
#1988=DIRECTION('center_axis',(0.,0.,1.));
#1989=DIRECTION('ref_axis',(-3.06161699786838E-17,-1.,0.));
#1990=DIRECTION('center_axis',(0.,0.,1.));
#1991=DIRECTION('ref_axis',(1.,0.,0.));
#1992=DIRECTION('center_axis',(0.,-1.,0.));
#1993=DIRECTION('ref_axis',(-1.,0.,0.));
#1994=DIRECTION('center_axis',(0.,0.,1.));
#1995=DIRECTION('ref_axis',(1.,0.,0.));
#1996=DIRECTION('center_axis',(0.,0.,-1.));
#1997=DIRECTION('ref_axis',(-1.,0.,0.));
#1998=DIRECTION('center_axis',(0.,0.,-1.));
#1999=DIRECTION('ref_axis',(-1.,0.,0.));
#2000=DIRECTION('center_axis',(0.,0.,-1.));
#2001=DIRECTION('ref_axis',(0.,1.,0.));
#2002=DIRECTION('center_axis',(0.,0.,-1.));
#2003=DIRECTION('ref_axis',(0.,1.,0.));
#2004=DIRECTION('center_axis',(0.,0.,1.));
#2005=DIRECTION('ref_axis',(0.,1.,0.));
#2006=DIRECTION('',(-5.40477195104669E-17,0.441333121909901,-0.897343343155373));
#2007=DIRECTION('center_axis',(0.,0.,-1.));
#2008=DIRECTION('ref_axis',(1.,0.,0.));
#2009=DIRECTION('center_axis',(0.,0.,-1.));
#2010=DIRECTION('ref_axis',(1.,0.,0.));
#2011=DIRECTION('',(0.,0.,1.));
#2012=DIRECTION('center_axis',(0.,0.,1.));
#2013=DIRECTION('ref_axis',(-1.,0.,0.));
#2014=DIRECTION('',(0.,0.,-1.));
#2015=DIRECTION('center_axis',(0.,0.,-1.));
#2016=DIRECTION('ref_axis',(-1.,0.,0.));
#2017=DIRECTION('center_axis',(0.,0.,1.));
#2018=DIRECTION('ref_axis',(1.,0.,0.));
#2019=CARTESIAN_POINT('',(0.,0.,0.));
#2020=CARTESIAN_POINT('Ctrl Pts',(0.00492438108346607,19.420001994205,22.));
#2021=CARTESIAN_POINT('Ctrl Pts',(0.00328288493910797,19.4200006647058,
22.));
#2022=CARTESIAN_POINT('Ctrl Pts',(0.00164142431614434,19.42,22.));
#2023=CARTESIAN_POINT('Ctrl Pts',(-6.93889390390723E-16,19.42,22.));
#2024=CARTESIAN_POINT('Ctrl Pts',(0.00495541601953054,19.3816840114609,
21.9765528551573));
#2025=CARTESIAN_POINT('Ctrl Pts',(0.00330353097820146,19.3816826735474,
21.9765528551573));
#2026=CARTESIAN_POINT('Ctrl Pts',(0.00165181275852035,19.3816820046878,
21.9765528551573));
#2027=CARTESIAN_POINT('Ctrl Pts',(-6.87299506161257E-16,19.3816820046878,
21.9765528551573));
#2028=CARTESIAN_POINT('Ctrl Pts',(0.00499789922292854,19.329231167629,21.9121697533613));
#2029=CARTESIAN_POINT('Ctrl Pts',(0.00333191123628273,19.3292298182931,
21.9121697533613));
#2030=CARTESIAN_POINT('Ctrl Pts',(0.0016659150867236,19.3292291436516,21.9121697533613));
#2031=CARTESIAN_POINT('Ctrl Pts',(-6.94916266648554E-16,19.3292291436516,
21.9121697533613));
#2032=CARTESIAN_POINT('Ctrl Pts',(0.00500409451354458,19.3215820125468,
21.8312987672343));
#2033=CARTESIAN_POINT('Ctrl Pts',(0.00333601708329691,19.3215806615186,
21.8312987672343));
#2034=CARTESIAN_POINT('Ctrl Pts',(0.00166800443889604,19.3215799860606,
21.8312987672343));
#2035=CARTESIAN_POINT('Ctrl Pts',(-7.32862171296212E-16,19.3215799860606,
21.8312987672343));
#2036=CARTESIAN_POINT('Ctrl Pts',(0.00499981298671683,19.3268682960682,
21.7980241341546));
#2037=CARTESIAN_POINT('Ctrl Pts',(0.00333317232647966,19.3268669462036,
21.7980241341546));
#2038=CARTESIAN_POINT('Ctrl Pts',(0.00166656773175537,19.3268662713158,
21.7980241341546));
#2039=CARTESIAN_POINT('Ctrl Pts',(-7.52584808052425E-16,19.3268662713158,
21.7980241341546));
#2040=CARTESIAN_POINT('',(7.55990846154164E-16,19.3268662713158,21.7980241341546));
#2041=CARTESIAN_POINT('',(-2.32776976894759E-15,19.42,22.));
#2042=CARTESIAN_POINT('Ctrl Pts',(-7.5249414417337E-16,19.3268662713158,
21.7980241341546));
#2043=CARTESIAN_POINT('Ctrl Pts',(-7.32771026112853E-16,19.3215799860606,
21.8312987672343));
#2044=CARTESIAN_POINT('Ctrl Pts',(-7.1650799352557E-16,19.3248581964568,
21.8659577612887));
#2045=CARTESIAN_POINT('Ctrl Pts',(-7.05815614288063E-16,19.3363656585061,
21.8975883684252));
#2046=CARTESIAN_POINT('Ctrl Pts',(-6.91651811688393E-16,19.3517089412385,
21.9397625112739));
#2047=CARTESIAN_POINT('Ctrl Pts',(-6.87299474061084E-16,19.3816820046878,
21.9765528551573));
#2048=CARTESIAN_POINT('Ctrl Pts',(-6.93889390390723E-16,19.42,22.));
#2049=CARTESIAN_POINT('',(0.00499981298671587,19.3268682960682,21.7980241341546));
#2050=CARTESIAN_POINT('Ctrl Pts',(-7.52584808052425E-16,19.3268662713158,
21.7980241341546));
#2051=CARTESIAN_POINT('Ctrl Pts',(0.00166656773175537,19.3268662713158,
21.7980241341546));
#2052=CARTESIAN_POINT('Ctrl Pts',(0.00333317232647966,19.3268669462036,
21.7980241341546));
#2053=CARTESIAN_POINT('Ctrl Pts',(0.00499981298671683,19.3268682960682,
21.7980241341546));
#2054=CARTESIAN_POINT('',(0.00492438108346604,19.420001994205,22.));
#2055=CARTESIAN_POINT('Origin',(0.00483983306466582,19.5243911097072,21.8294042631942));
#2056=CARTESIAN_POINT('Origin',(0.,25.5,22.));
#2057=CARTESIAN_POINT('Origin',(0.,25.5,32.7));
#2058=CARTESIAN_POINT('',(0.637121575364743,19.3858882982621,32.6972177286251));
#2059=CARTESIAN_POINT('',(0.632951629945025,18.9806540025743,33.1));
#2060=CARTESIAN_POINT('Ctrl Pts',(0.637121575364743,19.3858882982621,32.6972177286251));
#2061=CARTESIAN_POINT('Ctrl Pts',(0.635102742344837,19.1896985896236,32.8921416119445));
#2062=CARTESIAN_POINT('Ctrl Pts',(0.632951629945026,18.9806540025743,33.1));
#2063=CARTESIAN_POINT('',(5.24995656845181,21.5833105778771,33.1));
#2064=CARTESIAN_POINT('Origin',(0.,25.5,33.1));
#2065=CARTESIAN_POINT('',(4.90109834661134,21.7895390043868,32.6972177286251));
#2066=CARTESIAN_POINT('Ctrl Pts',(5.24995656845181,21.5833105778771,33.1));
#2067=CARTESIAN_POINT('Ctrl Pts',(5.06999420174342,21.6896957893863,32.8921416119445));
#2068=CARTESIAN_POINT('Ctrl Pts',(4.90109834661134,21.7895390043868,32.6972177286251));
#2069=CARTESIAN_POINT('',(4.30192749875541,21.6847778838642,32.3));
#2070=CARTESIAN_POINT('Ctrl Pts',(4.90109834661134,21.7895390043868,32.6972177286251));
#2071=CARTESIAN_POINT('Ctrl Pts',(4.59151053016301,21.735409590936,32.4830598256326));
#2072=CARTESIAN_POINT('Ctrl Pts',(4.30192749875541,21.6847778838642,32.3));
#2073=CARTESIAN_POINT('',(1.03695023089092,19.8442742093826,32.3));
#2074=CARTESIAN_POINT('Origin',(0.,25.5,32.3));
#2075=CARTESIAN_POINT('Ctrl Pts',(1.03695023089092,19.8442742093826,32.3));
#2076=CARTESIAN_POINT('Ctrl Pts',(0.843710532170821,19.6227334215021,32.4830598256524));
#2077=CARTESIAN_POINT('Ctrl Pts',(0.637121575364743,19.3858882982621,32.6972177286251));
#2078=CARTESIAN_POINT('Origin',(8.88739613153074,19.4330289142814,33.1));
#2079=CARTESIAN_POINT('',(6.15971093998666,21.045506963669,33.1));
#2080=CARTESIAN_POINT('',(4.26558844167744,22.1652223035634,33.1));
#2081=CARTESIAN_POINT('',(6.15971093998666,21.045506963669,28.3683852324054));
#2082=CARTESIAN_POINT('',(6.15971093998666,21.045506963669,28.9));
#2083=CARTESIAN_POINT('',(6.15831495930368,21.0463322012058,28.37));
#2084=CARTESIAN_POINT('Ctrl Pts',(6.15831495930368,21.0463322012058,28.37));
#2085=CARTESIAN_POINT('Ctrl Pts',(6.15901287550225,21.0459196262671,28.3691927026994));
#2086=CARTESIAN_POINT('Ctrl Pts',(6.15971093998667,21.045506963669,28.3683852324054));
#2087=CARTESIAN_POINT('',(4.90350909638013,21.78811388352,28.37));
#2088=CARTESIAN_POINT('',(-10.9518415884636,31.1610448302104,28.37));
#2089=CARTESIAN_POINT('',(4.90109834661134,21.7895390043868,28.3672177286251));
#2090=CARTESIAN_POINT('Ctrl Pts',(4.90109834661133,21.7895390043868,28.3672177286251));
#2091=CARTESIAN_POINT('Ctrl Pts',(4.90230344877712,21.7888266051717,28.3686085454321));
#2092=CARTESIAN_POINT('Ctrl Pts',(4.90350909638012,21.78811388352,28.37));
#2093=CARTESIAN_POINT('',(4.90109834661134,21.7895390043868,33.1));
#2094=CARTESIAN_POINT('Origin',(0.,25.5,33.1));
#2095=CARTESIAN_POINT('',(0.622077223561149,17.9238817985172,33.1));
#2096=CARTESIAN_POINT('',(0.755207980249138,30.8614968008002,33.1));
#2097=CARTESIAN_POINT('',(1.01586911162291,17.5647615065425,33.1));
#2098=CARTESIAN_POINT('',(-1.33530071053038,19.7089214514558,33.1));
#2099=CARTESIAN_POINT('',(6.26308522248892,20.522675066279,33.1));
#2100=CARTESIAN_POINT('Origin',(0.,25.5,33.1));
#2101=CARTESIAN_POINT('',(5.6458797879068,23.6442898492875,33.1));
#2102=CARTESIAN_POINT('Origin',(0.81045301849259,36.2301963662605,33.1));
#2103=CARTESIAN_POINT('',(0.637121575364743,19.3858882982621,28.3672177286251));
#2104=CARTESIAN_POINT('',(0.637121575364743,19.3858882982621,33.1));
#2105=CARTESIAN_POINT('',(0.63709275937496,19.3830879672868,28.37));
#2106=CARTESIAN_POINT('Ctrl Pts',(0.637092759374959,19.3830879672868,28.37));
#2107=CARTESIAN_POINT('Ctrl Pts',(0.63710717062969,19.3844884495648,28.3686085454321));
#2108=CARTESIAN_POINT('Ctrl Pts',(0.637121575364743,19.3858882982621,28.3672177286251));
#2109=CARTESIAN_POINT('',(0.622093909890696,17.9255033720202,28.37));
#2110=CARTESIAN_POINT('',(0.573312159307074,13.1849045510624,28.37));
#2111=CARTESIAN_POINT('',(0.622077223561149,17.9238817985172,28.3683852324054));
#2112=CARTESIAN_POINT('Ctrl Pts',(0.622077223561149,17.9238817985172,28.3683852324054));
#2113=CARTESIAN_POINT('Ctrl Pts',(0.622085567612162,17.9246926713932,28.3691927026994));
#2114=CARTESIAN_POINT('Ctrl Pts',(0.622093909890697,17.9255033720202,28.37));
#2115=CARTESIAN_POINT('',(0.622077223561149,17.9238817985172,28.9));
#2116=CARTESIAN_POINT('Origin',(0.,25.5,32.7));
#2117=CARTESIAN_POINT('',(5.61353684296307,22.9947076186961,32.6972177286251));
#2118=CARTESIAN_POINT('',(5.96239506480353,22.7884791921863,33.1));
#2119=CARTESIAN_POINT('Ctrl Pts',(5.61353684296307,22.9947076186961,32.6972177286251));
#2120=CARTESIAN_POINT('Ctrl Pts',(5.78243269809514,22.8948644036956,32.8921416119445));
#2121=CARTESIAN_POINT('Ctrl Pts',(5.96239506480353,22.7884791921863,33.1));
#2122=CARTESIAN_POINT('',(6.01693082251816,28.0882510459828,33.1));
#2123=CARTESIAN_POINT('Origin',(0.,25.5,33.1));
#2124=CARTESIAN_POINT('',(5.66390265525797,27.8892451768047,32.6972177286251));
#2125=CARTESIAN_POINT('Ctrl Pts',(6.01693082251816,28.0882510459828,33.1));
#2126=CARTESIAN_POINT('Ctrl Pts',(5.83481734340996,27.9855916704428,32.8921416119445));
#2127=CARTESIAN_POINT('Ctrl Pts',(5.66390265525797,27.8892451768047,32.6972177286251));
#2128=CARTESIAN_POINT('',(5.45504302303157,27.3179674410931,32.3));
#2129=CARTESIAN_POINT('Ctrl Pts',(5.66390265525797,27.8892451768047,32.6972177286251));
#2130=CARTESIAN_POINT('Ctrl Pts',(5.5559861941742,27.5940695563329,32.4830598256326));
#2131=CARTESIAN_POINT('Ctrl Pts',(5.45504302303157,27.3179674410931,32.3));
#2132=CARTESIAN_POINT('',(5.41647732695899,23.570162347103,32.3));
#2133=CARTESIAN_POINT('Origin',(0.,25.5,32.3));
#2134=CARTESIAN_POINT('Ctrl Pts',(5.41647732695899,23.570162347103,32.3));
#2135=CARTESIAN_POINT('Ctrl Pts',(5.51171742787783,23.2920414650515,32.4830598256524));
#2136=CARTESIAN_POINT('Ctrl Pts',(5.61353684296307,22.9947076186961,32.6972177286251));
#2137=CARTESIAN_POINT('Origin',(11.0785664891128,30.9415508637018,33.1));
#2138=CARTESIAN_POINT('',(6.93755960043688,28.6072196358319,33.1));
#2139=CARTESIAN_POINT('',(5.71115509147134,27.9158818959436,33.1));
#2140=CARTESIAN_POINT('',(6.93755960043688,28.6072196358319,28.3683852324054));
#2141=CARTESIAN_POINT('',(6.93755960043688,28.6072196358319,28.9));
#2142=CARTESIAN_POINT('',(6.93614693342435,28.6064232998656,28.37));
#2143=CARTESIAN_POINT('Ctrl Pts',(6.93614693342433,28.6064232998656,28.37));
#2144=CARTESIAN_POINT('Ctrl Pts',(6.93685319190143,28.6068214255539,28.3691927026994));
#2145=CARTESIAN_POINT('Ctrl Pts',(6.93755960043687,28.6072196358318,28.3683852324054));
#2146=CARTESIAN_POINT('',(5.66634222101655,27.8906203869133,28.37));
#2147=CARTESIAN_POINT('',(-8.99781209006706,19.6242749644327,28.37));
#2148=CARTESIAN_POINT('',(5.66390265525797,27.8892451768047,28.3672177286251));
#2149=CARTESIAN_POINT('Ctrl Pts',(5.66390265525795,27.8892451768047,28.3672177286251));
#2150=CARTESIAN_POINT('Ctrl Pts',(5.6651221621588,27.8899326262869,28.3686085454321));
#2151=CARTESIAN_POINT('Ctrl Pts',(5.66634222101654,27.8906203869132,28.37));
#2152=CARTESIAN_POINT('',(5.66390265525797,27.8892451768047,33.1));
#2153=CARTESIAN_POINT('Origin',(0.,25.5,33.1));
#2154=CARTESIAN_POINT('',(6.87214943633838,22.2506755779782,33.1));
#2155=CARTESIAN_POINT('',(-4.94779264016576,29.2380644461952,33.1));
#2156=CARTESIAN_POINT('',(7.38005267623384,22.4121492108566,33.1));
#2157=CARTESIAN_POINT('',(4.34757078308519,21.4480563887172,33.1));
#2158=CARTESIAN_POINT('',(7.44203244673655,28.4353284418818,33.1));
#2159=CARTESIAN_POINT('Origin',(0.,25.5,33.1));
#2160=CARTESIAN_POINT('',(4.43003202653103,29.4616202476841,33.1));
#2161=CARTESIAN_POINT('Origin',(-10.2518045285074,32.3735445852358,33.1));
#2162=CARTESIAN_POINT('',(5.61353684296307,22.9947076186961,28.3672177286251));
#2163=CARTESIAN_POINT('',(5.61353684296307,22.9947076186961,33.1));
#2164=CARTESIAN_POINT('',(5.61594759273185,22.9932824978292,28.37));
#2165=CARTESIAN_POINT('Ctrl Pts',(5.61594759273186,22.9932824978292,28.37));
#2166=CARTESIAN_POINT('Ctrl Pts',(5.61474194512886,22.993995219481,28.3686085454321));
#2167=CARTESIAN_POINT('Ctrl Pts',(5.61353684296307,22.9947076186961,28.3672177286251));
#2168=CARTESIAN_POINT('',(6.8707534556554,22.251500815515,28.37));
#2169=CARTESIAN_POINT('',(9.58743319148701,20.6455286693068,28.37));
#2170=CARTESIAN_POINT('',(6.87214943633838,22.2506755779782,28.3683852324054));
#2171=CARTESIAN_POINT('Ctrl Pts',(6.87214943633835,22.2506755779782,28.3683852324053));
#2172=CARTESIAN_POINT('Ctrl Pts',(6.87145137185393,22.2510882405764,28.3691927026993));
#2173=CARTESIAN_POINT('Ctrl Pts',(6.87075345565536,22.2515008155151,28.37));
#2174=CARTESIAN_POINT('',(6.87214943633838,22.2506755779782,28.9));
#2175=CARTESIAN_POINT('Origin',(0.,25.5,32.7));
#2176=CARTESIAN_POINT('',(4.97641526759832,29.108819320434,32.6972177286251));
#2177=CARTESIAN_POINT('',(5.32944343485851,29.307825189612,33.1));
#2178=CARTESIAN_POINT('Ctrl Pts',(4.97641526759832,29.108819320434,32.6972177286251));
#2179=CARTESIAN_POINT('Ctrl Pts',(5.1473299557503,29.205165814072,32.8921416119445));
#2180=CARTESIAN_POINT('Ctrl Pts',(5.3294434348585,29.307825189612,33.1));
#2181=CARTESIAN_POINT('',(0.766974254066344,32.0049404681057,33.1));
#2182=CARTESIAN_POINT('Origin',(0.,25.5,33.1));
#2183=CARTESIAN_POINT('',(0.762804308646627,31.5997061724179,32.6972177286251));
#2184=CARTESIAN_POINT('Ctrl Pts',(0.766974254066344,32.0049404681057,33.1));
#2185=CARTESIAN_POINT('Ctrl Pts',(0.764823141666533,31.7958958810564,32.8921416119445));
#2186=CARTESIAN_POINT('Ctrl Pts',(0.762804308646627,31.5997061724179,32.6972177286251));
#2187=CARTESIAN_POINT('',(1.15311552427616,31.133189557229,32.3));
#2188=CARTESIAN_POINT('Ctrl Pts',(0.762804308646627,31.5997061724179,32.6972177286251));
#2189=CARTESIAN_POINT('Ctrl Pts',(0.964475664011185,31.3586599653969,32.4830598256326));
#2190=CARTESIAN_POINT('Ctrl Pts',(1.15311552427616,31.1331895572289,32.3));
#2191=CARTESIAN_POINT('',(4.37952709606807,29.2258881377204,32.3));
#2192=CARTESIAN_POINT('Origin',(0.,25.5,32.3));
#2193=CARTESIAN_POINT('Ctrl Pts',(4.37952709606807,29.2258881377204,32.3));
#2194=CARTESIAN_POINT('Ctrl Pts',(4.668006895707,29.1693080435494,32.4830598256524));
#2195=CARTESIAN_POINT('Ctrl Pts',(4.97641526759832,29.108819320434,32.6972177286251));
#2196=CARTESIAN_POINT('Origin',(0.81045301849259,36.2301963662605,33.1));
#2197=CARTESIAN_POINT('',(0.777848660450221,33.0617126721629,33.1));
#2198=CARTESIAN_POINT('',(0.755207980249138,30.8614968008002,33.1));
#2199=CARTESIAN_POINT('',(0.777848660450221,33.0617126721629,28.3683852324054));
#2200=CARTESIAN_POINT('',(0.777848660450221,33.0617126721629,28.9));
#2201=CARTESIAN_POINT('',(0.777831974120674,33.0600910986598,28.37));
#2202=CARTESIAN_POINT('Ctrl Pts',(0.777831974120674,33.0600910986598,28.37));
#2203=CARTESIAN_POINT('Ctrl Pts',(0.777840316399208,33.0609017992868,28.3691927026994));
#2204=CARTESIAN_POINT('Ctrl Pts',(0.777848660450221,33.0617126721629,28.3683852324054));
#2205=CARTESIAN_POINT('',(0.76283312463641,31.6025065033933,28.37));
#2206=CARTESIAN_POINT('',(0.573312159307074,13.1849045510624,28.37));
#2207=CARTESIAN_POINT('',(0.762804308646627,31.5997061724179,28.3672177286251));
#2208=CARTESIAN_POINT('Ctrl Pts',(0.762804308646627,31.5997061724179,28.3672177286251));
#2209=CARTESIAN_POINT('Ctrl Pts',(0.762818713381679,31.6011060211152,28.3686085454321));
#2210=CARTESIAN_POINT('Ctrl Pts',(0.76283312463641,31.6025065033933,28.37));
#2211=CARTESIAN_POINT('',(0.762804308646627,31.5997061724179,33.1));
#2212=CARTESIAN_POINT('Origin',(0.,25.5,33.1));
#2213=CARTESIAN_POINT('',(6.25007221277723,29.8267937794611,33.1));
#2214=CARTESIAN_POINT('',(-5.02079642192658,23.4732808956364,33.1));
#2215=CARTESIAN_POINT('',(6.36418356461093,30.3473877043141,33.1));
#2216=CARTESIAN_POINT('',(5.6828714936156,27.2391349372614,33.1));
#2217=CARTESIAN_POINT('',(1.17894722424762,33.4126533756028,33.1));
#2218=CARTESIAN_POINT('Origin',(0.,25.5,33.1));
#2219=CARTESIAN_POINT('',(-1.21584776137576,31.3173303983966,33.1));
#2220=CARTESIAN_POINT('Origin',(-9.69784915002334,20.8367747194581,33.1));
#2221=CARTESIAN_POINT('',(4.97641526759832,29.108819320434,28.3672177286251));
#2222=CARTESIAN_POINT('',(4.97641526759832,29.108819320434,33.1));
#2223=CARTESIAN_POINT('',(4.97885483335689,29.1101945305425,28.37));
#2224=CARTESIAN_POINT('Ctrl Pts',(4.97885483335689,29.1101945305425,28.37));
#2225=CARTESIAN_POINT('Ctrl Pts',(4.97763477449916,29.1095067699161,28.3686085454321));
#2226=CARTESIAN_POINT('Ctrl Pts',(4.97641526759832,29.108819320434,28.3672177286251));
#2227=CARTESIAN_POINT('',(6.2486595457647,29.8259974434948,28.37));
#2228=CARTESIAN_POINT('',(10.3785294291566,32.1540506187272,28.37));
#2229=CARTESIAN_POINT('',(6.25007221277723,29.8267937794611,28.3683852324054));
#2230=CARTESIAN_POINT('Ctrl Pts',(6.25007221277724,29.8267937794611,28.3683852324054));
#2231=CARTESIAN_POINT('Ctrl Pts',(6.24936580424181,29.8263955691832,28.3691927026994));
#2232=CARTESIAN_POINT('Ctrl Pts',(6.2486595457647,29.8259974434948,28.37));
#2233=CARTESIAN_POINT('',(6.25007221277723,29.8267937794611,28.9));
#2234=CARTESIAN_POINT('Origin',(0.,25.5,32.7));
#2235=CARTESIAN_POINT('',(-0.637121575364742,31.6141117017379,32.6972177286251));
#2236=CARTESIAN_POINT('',(-0.632951629945025,32.0193459974257,33.1));
#2237=CARTESIAN_POINT('Ctrl Pts',(-0.637121575364742,31.6141117017379,32.6972177286251));
#2238=CARTESIAN_POINT('Ctrl Pts',(-0.635102742344836,31.8103014103764,32.8921416119445));
#2239=CARTESIAN_POINT('Ctrl Pts',(-0.632951629945025,32.0193459974257,33.1));
#2240=CARTESIAN_POINT('',(-5.24995656845181,29.4166894221229,33.1));
#2241=CARTESIAN_POINT('Origin',(0.,25.5,33.1));
#2242=CARTESIAN_POINT('',(-4.90109834661134,29.2104609956132,32.6972177286251));
#2243=CARTESIAN_POINT('Ctrl Pts',(-5.24995656845181,29.4166894221229,33.1));
#2244=CARTESIAN_POINT('Ctrl Pts',(-5.06999420174342,29.3103042106137,32.8921416119445));
#2245=CARTESIAN_POINT('Ctrl Pts',(-4.90109834661134,29.2104609956132,32.6972177286251));
#2246=CARTESIAN_POINT('',(-4.30192749875541,29.3152221161358,32.3));
#2247=CARTESIAN_POINT('Ctrl Pts',(-4.90109834661134,29.2104609956132,32.6972177286251));
#2248=CARTESIAN_POINT('Ctrl Pts',(-4.59151053016302,29.264590409064,32.4830598256326));
#2249=CARTESIAN_POINT('Ctrl Pts',(-4.30192749875541,29.3152221161358,32.3));
#2250=CARTESIAN_POINT('',(-1.03695023089092,31.1557257906174,32.3));
#2251=CARTESIAN_POINT('Origin',(0.,25.5,32.3));
#2252=CARTESIAN_POINT('Ctrl Pts',(-1.03695023089092,31.1557257906174,32.3));
#2253=CARTESIAN_POINT('Ctrl Pts',(-0.843710532170824,31.3772665784979,32.4830598256524));
#2254=CARTESIAN_POINT('Ctrl Pts',(-0.637121575364742,31.6141117017379,32.6972177286251));
#2255=CARTESIAN_POINT('Origin',(-4.60151292268338,29.2628415558745,33.1));
#2256=CARTESIAN_POINT('',(-4.90109834661134,29.2104609956132,28.3672177286251));
#2257=CARTESIAN_POINT('',(-4.90109834661134,29.2104609956132,33.1));
#2258=CARTESIAN_POINT('',(-4.30192749875541,29.3152221161358,27.97));
#2259=CARTESIAN_POINT('Ctrl Pts',(-4.90109834661134,29.2104609956132,28.3672177286251));
#2260=CARTESIAN_POINT('Ctrl Pts',(-4.70439046546287,29.2448540875309,28.2311447144731));
#2261=CARTESIAN_POINT('Ctrl Pts',(-4.50405777713783,29.2798809533762,28.0977765942842));
#2262=CARTESIAN_POINT('Ctrl Pts',(-4.30192749875541,29.3152221161358,27.97));
#2263=CARTESIAN_POINT('',(-4.30192749875541,29.3152221161358,33.1));
#2264=CARTESIAN_POINT('Origin',(-10.2518045285074,32.3735445852358,33.1));
#2265=CARTESIAN_POINT('',(-6.15971093998666,29.954493036331,33.1));
#2266=CARTESIAN_POINT('',(-4.94779264016576,29.2380644461952,33.1));
#2267=CARTESIAN_POINT('',(-6.15971093998666,29.954493036331,28.3683852324054));
#2268=CARTESIAN_POINT('',(-6.15971093998666,29.954493036331,28.9));
#2269=CARTESIAN_POINT('',(-6.15831495930368,29.9536677987942,28.37));
#2270=CARTESIAN_POINT('Ctrl Pts',(-6.15831495930368,29.9536677987942,28.3700000000001));
#2271=CARTESIAN_POINT('Ctrl Pts',(-6.15901287550224,29.9540803737328,28.3691927026994));
#2272=CARTESIAN_POINT('Ctrl Pts',(-6.15971093998666,29.954493036331,28.3683852324054));
#2273=CARTESIAN_POINT('',(-4.90350909638013,29.21188611648,28.37));
#2274=CARTESIAN_POINT('',(9.58743319148701,20.6455286693068,28.37));
#2275=CARTESIAN_POINT('Ctrl Pts',(-4.90109834661133,29.2104609956132,28.3672177286251));
#2276=CARTESIAN_POINT('Ctrl Pts',(-4.90230344877713,29.2111733948283,28.3686085454321));
#2277=CARTESIAN_POINT('Ctrl Pts',(-4.90350909638013,29.21188611648,28.37));
#2278=CARTESIAN_POINT('Origin',(0.,25.5,33.1));
#2279=CARTESIAN_POINT('',(-0.622077223561148,33.0761182014828,33.1));
#2280=CARTESIAN_POINT('',(-0.763362451305574,19.3460536578612,33.1));
#2281=CARTESIAN_POINT('',(-1.01586911162291,33.4352384934575,33.1));
#2282=CARTESIAN_POINT('',(1.33530071053039,31.2910785485442,33.1));
#2283=CARTESIAN_POINT('',(-6.26308522248893,30.477324933721,33.1));
#2284=CARTESIAN_POINT('Origin',(0.,25.5,33.1));
#2285=CARTESIAN_POINT('',(-5.64587978790676,27.3557101507124,33.1));
#2286=CARTESIAN_POINT('Origin',(0.,25.5,32.7));
#2287=CARTESIAN_POINT('',(-4.97641526759832,21.891180679566,32.6972177286251));
#2288=CARTESIAN_POINT('',(-5.32944343485851,21.692174810388,33.1));
#2289=CARTESIAN_POINT('Ctrl Pts',(-4.97641526759832,21.891180679566,32.6972177286251));
#2290=CARTESIAN_POINT('Ctrl Pts',(-5.1473299557503,21.794834185928,32.8921416119445));
#2291=CARTESIAN_POINT('Ctrl Pts',(-5.32944343485851,21.692174810388,33.1));
#2292=CARTESIAN_POINT('',(-0.766974254066343,18.9950595318943,33.1));
#2293=CARTESIAN_POINT('Origin',(0.,25.5,33.1));
#2294=CARTESIAN_POINT('',(-0.762804308646626,19.4002938275821,32.6972177286251));
#2295=CARTESIAN_POINT('Ctrl Pts',(-0.766974254066343,18.9950595318943,33.1));
#2296=CARTESIAN_POINT('Ctrl Pts',(-0.764823141666532,19.2041041189436,32.8921416119445));
#2297=CARTESIAN_POINT('Ctrl Pts',(-0.762804308646626,19.4002938275821,32.6972177286251));
#2298=CARTESIAN_POINT('',(-1.15311552427616,19.866810442771,32.3));
#2299=CARTESIAN_POINT('Ctrl Pts',(-0.762804308646626,19.4002938275821,32.6972177286251));
#2300=CARTESIAN_POINT('Ctrl Pts',(-0.964475664011184,19.6413400346031,32.4830598256326));
#2301=CARTESIAN_POINT('Ctrl Pts',(-1.15311552427616,19.866810442771,32.3));
#2302=CARTESIAN_POINT('',(-4.37952709606807,21.7741118622796,32.3));
#2303=CARTESIAN_POINT('Origin',(0.,25.5,32.3));
#2304=CARTESIAN_POINT('Ctrl Pts',(-4.37952709606807,21.7741118622796,32.3));
#2305=CARTESIAN_POINT('Ctrl Pts',(-4.66800689570701,21.8306919564506,32.4830598256524));
#2306=CARTESIAN_POINT('Ctrl Pts',(-4.97641526759832,21.891180679566,32.6972177286251));
#2307=CARTESIAN_POINT('Origin',(-0.826761960605465,13.1849045510624,33.1));
#2308=CARTESIAN_POINT('',(-0.77784866045022,17.9382873278371,33.1));
#2309=CARTESIAN_POINT('',(-0.763362451305574,19.3460536578612,33.1));
#2310=CARTESIAN_POINT('',(-0.77784866045022,17.9382873278371,28.3683852324054));
#2311=CARTESIAN_POINT('',(-0.77784866045022,17.9382873278371,28.9));
#2312=CARTESIAN_POINT('',(-0.777831974120672,17.9399089013402,28.37));
#2313=CARTESIAN_POINT('Ctrl Pts',(-0.777831974120672,17.9399089013402,28.37));
#2314=CARTESIAN_POINT('Ctrl Pts',(-0.777840316399206,17.9390982007132,28.3691927026994));
#2315=CARTESIAN_POINT('Ctrl Pts',(-0.77784866045022,17.9382873278371,28.3683852324054));
#2316=CARTESIAN_POINT('',(-0.762833124636409,19.3974934966067,28.37));
#2317=CARTESIAN_POINT('',(-0.58962110141995,36.2301963662605,28.37));
#2318=CARTESIAN_POINT('',(-0.762804308646626,19.4002938275821,28.3672177286251));
#2319=CARTESIAN_POINT('Ctrl Pts',(-0.762804308646625,19.4002938275821,28.3672177286251));
#2320=CARTESIAN_POINT('Ctrl Pts',(-0.762818713381678,19.3988939788848,28.3686085454321));
#2321=CARTESIAN_POINT('Ctrl Pts',(-0.762833124636409,19.3974934966067,28.37));
#2322=CARTESIAN_POINT('',(-0.762804308646626,19.4002938275821,33.1));
#2323=CARTESIAN_POINT('Origin',(0.,25.5,33.1));
#2324=CARTESIAN_POINT('',(-6.25007221277723,21.1732062205389,33.1));
#2325=CARTESIAN_POINT('',(5.71115509147134,27.9158818959436,33.1));
#2326=CARTESIAN_POINT('',(-6.36418356461093,20.6526122956858,33.1));
#2327=CARTESIAN_POINT('',(-5.6828714936156,23.7608650627386,33.1));
#2328=CARTESIAN_POINT('',(-1.17894722424762,17.5873466243972,33.1));
#2329=CARTESIAN_POINT('Origin',(0.,25.5,33.1));
#2330=CARTESIAN_POINT('',(1.21584776137576,19.6826696016034,33.1));
#2331=CARTESIAN_POINT('Origin',(11.0785664891128,30.9415508637018,33.1));
#2332=CARTESIAN_POINT('',(-4.97641526759832,21.891180679566,28.3672177286251));
#2333=CARTESIAN_POINT('',(-4.97641526759832,21.891180679566,33.1));
#2334=CARTESIAN_POINT('',(-4.9788548333569,21.8898054694575,28.37));
#2335=CARTESIAN_POINT('Ctrl Pts',(-4.9788548333569,21.8898054694575,28.37));
#2336=CARTESIAN_POINT('Ctrl Pts',(-4.97763477449917,21.8904932300839,28.3686085454321));
#2337=CARTESIAN_POINT('Ctrl Pts',(-4.97641526759831,21.891180679566,28.3672177286251));
#2338=CARTESIAN_POINT('',(-6.2486595457647,21.1740025565052,28.37));
#2339=CARTESIAN_POINT('',(-8.99781209006706,19.6242749644327,28.37));
#2340=CARTESIAN_POINT('',(-6.25007221277723,21.1732062205389,28.3683852324054));
#2341=CARTESIAN_POINT('Ctrl Pts',(-6.25007221277727,21.1732062205389,28.3683852324054));
#2342=CARTESIAN_POINT('Ctrl Pts',(-6.24936580424184,21.1736044308168,28.3691927026994));
#2343=CARTESIAN_POINT('Ctrl Pts',(-6.24865954576473,21.1740025565052,28.37));
#2344=CARTESIAN_POINT('',(-6.25007221277723,21.1732062205389,28.9));
#2345=CARTESIAN_POINT('Origin',(0.,25.5,32.7));
#2346=CARTESIAN_POINT('',(-5.61353684296306,28.0052923813039,32.6972177286251));
#2347=CARTESIAN_POINT('',(-5.96239506480353,28.2115208078137,33.1));
#2348=CARTESIAN_POINT('Ctrl Pts',(-5.61353684296306,28.0052923813039,32.6972177286251));
#2349=CARTESIAN_POINT('Ctrl Pts',(-5.78243269809514,28.1051355963044,32.8921416119445));
#2350=CARTESIAN_POINT('Ctrl Pts',(-5.96239506480353,28.2115208078137,33.1));
#2351=CARTESIAN_POINT('',(-6.01693082251816,22.9117489540172,33.1));
#2352=CARTESIAN_POINT('Origin',(0.,25.5,33.1));
#2353=CARTESIAN_POINT('',(-5.66390265525797,23.1107548231953,32.6972177286251));
#2354=CARTESIAN_POINT('Ctrl Pts',(-6.01693082251816,22.9117489540172,33.1));
#2355=CARTESIAN_POINT('Ctrl Pts',(-5.83481734340995,23.0144083295572,32.8921416119445));
#2356=CARTESIAN_POINT('Ctrl Pts',(-5.66390265525797,23.1107548231953,32.6972177286251));
#2357=CARTESIAN_POINT('',(-5.45504302303157,23.6820325589069,32.3));
#2358=CARTESIAN_POINT('Ctrl Pts',(-5.66390265525797,23.1107548231953,32.6972177286251));
#2359=CARTESIAN_POINT('Ctrl Pts',(-5.5559861941742,23.4059304436671,32.4830598256326));
#2360=CARTESIAN_POINT('Ctrl Pts',(-5.45504302303157,23.6820325589069,32.3));
#2361=CARTESIAN_POINT('',(-5.75,25.5,32.3));
#2362=CARTESIAN_POINT('Origin',(0.,25.5,32.3));
#2363=CARTESIAN_POINT('',(-5.41647732695899,27.429837652897,32.3));
#2364=CARTESIAN_POINT('Origin',(0.,25.5,32.3));
#2365=CARTESIAN_POINT('Ctrl Pts',(-5.41647732695899,27.429837652897,32.3));
#2366=CARTESIAN_POINT('Ctrl Pts',(-5.51171742787783,27.7079585349485,32.4830598256524));
#2367=CARTESIAN_POINT('Ctrl Pts',(-5.61353684296306,28.0052923813039,32.6972177286251));
#2368=CARTESIAN_POINT('Origin',(8.88739613153074,19.4330289142814,33.1));
#2369=CARTESIAN_POINT('',(-5.61353684296306,28.0052923813039,28.3672177286251));
#2370=CARTESIAN_POINT('',(-5.61353684296306,28.0052923813039,33.1));
#2371=CARTESIAN_POINT('',(-5.61594759273185,28.0067175021708,28.37));
#2372=CARTESIAN_POINT('Ctrl Pts',(-5.61594759273186,28.0067175021708,28.37));
#2373=CARTESIAN_POINT('Ctrl Pts',(-5.61474194512886,28.006004780519,28.3686085454321));
#2374=CARTESIAN_POINT('Ctrl Pts',(-5.61353684296306,28.0052923813039,28.3672177286251));
#2375=CARTESIAN_POINT('',(-6.8707534556554,28.748499184485,28.37));
#2376=CARTESIAN_POINT('',(-10.9518415884636,31.1610448302104,28.37));
#2377=CARTESIAN_POINT('',(-6.87214943633838,28.7493244220218,28.3683852324054));
#2378=CARTESIAN_POINT('Ctrl Pts',(-6.87214943633836,28.7493244220218,28.3683852324053));
#2379=CARTESIAN_POINT('Ctrl Pts',(-6.87145137185394,28.7489117594236,28.3691927026994));
#2380=CARTESIAN_POINT('Ctrl Pts',(-6.87075345565537,28.7484991844849,28.37));
#2381=CARTESIAN_POINT('',(-6.87214943633838,28.7493244220218,33.1));
#2382=CARTESIAN_POINT('',(-6.87214943633838,28.7493244220218,28.9));
#2383=CARTESIAN_POINT('',(4.26558844167744,22.1652223035634,33.1));
#2384=CARTESIAN_POINT('Origin',(-5.51500708496103,27.7175650171005,33.1));
#2385=CARTESIAN_POINT('',(-5.41647732695899,27.429837652897,27.97));
#2386=CARTESIAN_POINT('',(-5.41647732695899,27.429837652897,33.1));
#2387=CARTESIAN_POINT('Ctrl Pts',(-5.41647732695899,27.429837652897,27.97));
#2388=CARTESIAN_POINT('Ctrl Pts',(-5.48295535233413,27.623967298666,28.0977765942842));
#2389=CARTESIAN_POINT('Ctrl Pts',(-5.54884217366798,27.8163705058041,28.2311447144732));
#2390=CARTESIAN_POINT('Ctrl Pts',(-5.61353684296306,28.0052923813039,28.3672177286251));
#2391=CARTESIAN_POINT('Origin',(0.,25.5,33.1));
#2392=CARTESIAN_POINT('',(4.30192749875541,21.6847778838642,27.97));
#2393=CARTESIAN_POINT('',(4.30192749875541,21.6847778838642,33.1));
#2394=CARTESIAN_POINT('',(5.41647732695899,23.570162347103,27.97));
#2395=CARTESIAN_POINT('Origin',(0.,25.5,27.97));
#2396=CARTESIAN_POINT('',(5.41647732695899,23.570162347103,33.1));
#2397=CARTESIAN_POINT('',(5.45504302303157,27.3179674410931,27.97));
#2398=CARTESIAN_POINT('',(5.45504302303157,27.3179674410931,33.1));
#2399=CARTESIAN_POINT('',(4.37952709606807,29.2258881377204,27.97));
#2400=CARTESIAN_POINT('Origin',(0.,25.5,27.97));
#2401=CARTESIAN_POINT('',(4.37952709606807,29.2258881377204,33.1));
#2402=CARTESIAN_POINT('',(1.15311552427616,31.133189557229,27.97));
#2403=CARTESIAN_POINT('',(1.15311552427616,31.133189557229,33.1));
#2404=CARTESIAN_POINT('',(-1.03695023089092,31.1557257906174,27.97));
#2405=CARTESIAN_POINT('Origin',(0.,25.5,27.97));
#2406=CARTESIAN_POINT('',(-1.03695023089092,31.1557257906174,33.1));
#2407=CARTESIAN_POINT('Origin',(0.,25.5,27.97));
#2408=CARTESIAN_POINT('',(-5.75,25.5,25.45));
#2409=CARTESIAN_POINT('',(-5.75,25.5,33.1));
#2410=CARTESIAN_POINT('Origin',(0.,25.5,25.45));
#2411=CARTESIAN_POINT('',(-5.45504302303157,23.6820325589069,27.97));
#2412=CARTESIAN_POINT('',(-5.45504302303157,23.6820325589069,33.1));
#2413=CARTESIAN_POINT('',(-4.37952709606807,21.7741118622796,27.97));
#2414=CARTESIAN_POINT('Origin',(0.,25.5,27.97));
#2415=CARTESIAN_POINT('',(-4.37952709606807,21.7741118622796,33.1));
#2416=CARTESIAN_POINT('',(-1.15311552427616,19.866810442771,27.97));
#2417=CARTESIAN_POINT('',(-1.15311552427616,19.866810442771,33.1));
#2418=CARTESIAN_POINT('',(1.03695023089092,19.8442742093826,27.97));
#2419=CARTESIAN_POINT('Origin',(0.,25.5,27.97));
#2420=CARTESIAN_POINT('',(1.03695023089092,19.8442742093826,33.1));
#2421=CARTESIAN_POINT('Origin',(-7.12610105628611,28.6685876055826,28.9));
#2422=CARTESIAN_POINT('',(-7.38005267623385,28.5878507891434,27.97));
#2423=CARTESIAN_POINT('',(-7.38005267623384,28.5878507891434,33.1));
#2424=CARTESIAN_POINT('',(-7.38005267623385,28.5878507891434,28.9));
#2425=CARTESIAN_POINT('',(-4.34757078308519,29.5519436112828,33.1));
#2426=CARTESIAN_POINT('Ctrl Pts',(-6.87214943633838,28.7493244220218,28.3683852324054));
#2427=CARTESIAN_POINT('Ctrl Pts',(-7.04254175912454,28.6951529475879,28.2374997770705));
#2428=CARTESIAN_POINT('Ctrl Pts',(-7.21212528729202,28.6412386067872,28.1043074201664));
#2429=CARTESIAN_POINT('Ctrl Pts',(-7.38005267623385,28.5878507891434,27.97));
#2430=CARTESIAN_POINT('Origin',(-6.2113980812378,30.215908985026,28.9));
#2431=CARTESIAN_POINT('',(-6.26308522248893,30.477324933721,27.97));
#2432=CARTESIAN_POINT('',(-6.26308522248893,30.477324933721,28.9));
#2433=CARTESIAN_POINT('Ctrl Pts',(-6.26308522248893,30.477324933721,27.97));
#2434=CARTESIAN_POINT('Ctrl Pts',(-6.22890671764632,30.3044617021293,28.1043074201664));
#2435=CARTESIAN_POINT('Ctrl Pts',(-6.19439113638694,30.1298936528762,28.2374997770706));
#2436=CARTESIAN_POINT('Ctrl Pts',(-6.15971093998666,29.954493036331,28.3683852324054));
#2437=CARTESIAN_POINT('Origin',(0.,25.5,28.17));
#2438=CARTESIAN_POINT('Origin',(0.,25.5,28.37));
#2439=CARTESIAN_POINT('Origin',(0.,25.5,27.97));
#2440=CARTESIAN_POINT('Origin',(0.,25.5,33.1));
#2441=CARTESIAN_POINT('',(-7.44203244673655,22.5646715581182,33.1));
#2442=CARTESIAN_POINT('Origin',(0.,25.5,33.1));
#2443=CARTESIAN_POINT('',(-6.93755960043688,22.3927803641681,33.1));
#2444=CARTESIAN_POINT('',(-4.43003202653106,21.5383797523158,33.1));
#2445=CARTESIAN_POINT('',(-5.02079642192658,23.4732808956364,33.1));
#2446=CARTESIAN_POINT('Origin',(0.,25.5,28.9));
#2447=CARTESIAN_POINT('',(-1.01586911162291,33.4352384934575,27.97));
#2448=CARTESIAN_POINT('',(-1.01586911162291,33.4352384934575,28.9));
#2449=CARTESIAN_POINT('',(1.17894722424762,33.4126533756028,27.97));
#2450=CARTESIAN_POINT('Origin',(0.,25.5,27.97));
#2451=CARTESIAN_POINT('',(1.17894722424762,33.4126533756028,28.9));
#2452=CARTESIAN_POINT('',(6.36418356461094,30.3473877043141,27.97));
#2453=CARTESIAN_POINT('',(6.36418356461094,30.3473877043141,28.9));
#2454=CARTESIAN_POINT('',(7.44203244673655,28.4353284418818,27.97));
#2455=CARTESIAN_POINT('Origin',(0.,25.5,27.97));
#2456=CARTESIAN_POINT('',(7.44203244673655,28.4353284418818,28.9));
#2457=CARTESIAN_POINT('',(7.38005267623385,22.4121492108566,27.97));
#2458=CARTESIAN_POINT('',(7.38005267623385,22.4121492108566,28.9));
#2459=CARTESIAN_POINT('',(6.26308522248893,20.522675066279,27.97));
#2460=CARTESIAN_POINT('Origin',(0.,25.5,27.97));
#2461=CARTESIAN_POINT('',(6.26308522248893,20.522675066279,28.9));
#2462=CARTESIAN_POINT('',(1.01586911162291,17.5647615065424,27.97));
#2463=CARTESIAN_POINT('',(1.01586911162291,17.5647615065424,28.9));
#2464=CARTESIAN_POINT('',(9.79717439317882E-16,17.5,27.97));
#2465=CARTESIAN_POINT('Origin',(0.,25.5,27.97));
#2466=CARTESIAN_POINT('',(9.79717439317882E-16,17.5,24.8961739620338));
#2467=CARTESIAN_POINT('',(9.79717439317882E-16,17.5,28.9));
#2468=CARTESIAN_POINT('',(-8.,25.5,24.8961739620338));
#2469=CARTESIAN_POINT('Origin',(0.,25.5,24.8961739620338));
#2470=CARTESIAN_POINT('Origin',(0.,25.5,24.8961739620338));
#2471=CARTESIAN_POINT('',(-1.17894722424762,17.5873466243972,27.97));
#2472=CARTESIAN_POINT('Origin',(0.,25.5,27.97));
#2473=CARTESIAN_POINT('',(-1.17894722424762,17.5873466243972,28.9));
#2474=CARTESIAN_POINT('',(-6.36418356461094,20.6526122956858,27.97));
#2475=CARTESIAN_POINT('',(-6.36418356461094,20.6526122956858,28.9));
#2476=CARTESIAN_POINT('',(-7.44203244673655,22.5646715581182,27.97));
#2477=CARTESIAN_POINT('Origin',(0.,25.5,27.97));
#2478=CARTESIAN_POINT('',(-7.44203244673655,22.5646715581182,28.9));
#2479=CARTESIAN_POINT('Origin',(0.978397942348921,33.2371830238828,28.9));
#2480=CARTESIAN_POINT('Ctrl Pts',(1.17894722424762,33.4126533756028,27.97));
#2481=CARTESIAN_POINT('Ctrl Pts',(1.04633252673038,33.29662230635,28.1043074201663));
#2482=CARTESIAN_POINT('Ctrl Pts',(0.912409952017723,33.1794469115264,28.2374997770705));
#2483=CARTESIAN_POINT('Ctrl Pts',(0.77784866045022,33.0617126721629,28.3683852324054));
#2484=CARTESIAN_POINT('Origin',(-0.818973167592031,33.2556783474702,28.9));
#2485=CARTESIAN_POINT('',(-0.622077223561148,33.0761182014828,28.3683852324054));
#2486=CARTESIAN_POINT('',(-0.622077223561149,33.0761182014828,28.9));
#2487=CARTESIAN_POINT('Ctrl Pts',(-0.622077223561151,33.0761182014828,28.3683852324054));
#2488=CARTESIAN_POINT('Ctrl Pts',(-0.754187257974429,33.1965965444086,28.2374997770705));
#2489=CARTESIAN_POINT('Ctrl Pts',(-0.885670210819957,33.3165030174647,28.1043074201663));
#2490=CARTESIAN_POINT('Ctrl Pts',(-1.01586911162292,33.4352384934575,27.97));
#2491=CARTESIAN_POINT('Origin',(0.,25.5,28.17));
#2492=CARTESIAN_POINT('',(-0.622093909890696,33.0744966279798,28.37));
#2493=CARTESIAN_POINT('Ctrl Pts',(-0.622077223561148,33.0761182014828,28.3683852324054));
#2494=CARTESIAN_POINT('Ctrl Pts',(-0.622085567612162,33.0753073286068,28.3691927026994));
#2495=CARTESIAN_POINT('Ctrl Pts',(-0.622093909890696,33.0744966279798,28.37));
#2496=CARTESIAN_POINT('Origin',(0.,25.5,28.37));
#2497=CARTESIAN_POINT('Origin',(-0.00815447105643713,24.7075504586614,28.37));
#2498=CARTESIAN_POINT('',(-0.637092759374959,31.6169120327132,28.37));
#2499=CARTESIAN_POINT('',(-0.58962110141995,36.2301963662605,28.37));
#2500=CARTESIAN_POINT('Origin',(0.,25.5,28.37));
#2501=CARTESIAN_POINT('Origin',(-0.826761960605465,13.1849045510624,33.1));
#2502=CARTESIAN_POINT('',(-0.637121575364743,31.6141117017379,28.3672177286251));
#2503=CARTESIAN_POINT('',(-0.637121575364743,31.6141117017379,33.1));
#2504=CARTESIAN_POINT('Ctrl Pts',(-0.637092759374959,31.6169120327132,28.37));
#2505=CARTESIAN_POINT('Ctrl Pts',(-0.63710717062969,31.6155115504352,28.3686085454321));
#2506=CARTESIAN_POINT('Ctrl Pts',(-0.637121575364743,31.6141117017379,28.3672177286251));
#2507=CARTESIAN_POINT('Origin',(0.,25.5,28.17));
#2508=CARTESIAN_POINT('Origin',(0.,25.5,28.37));
#2509=CARTESIAN_POINT('Ctrl Pts',(6.93755960043688,28.6072196358319,28.3683852324054));
#2510=CARTESIAN_POINT('Ctrl Pts',(7.10680108840472,28.5495532586501,28.2374997770705));
#2511=CARTESIAN_POINT('Ctrl Pts',(7.27523924437684,28.4921606042205,28.1043074201662));
#2512=CARTESIAN_POINT('Ctrl Pts',(7.44203244673655,28.4353284418818,27.97));
#2513=CARTESIAN_POINT('Ctrl Pts',(6.36418356461094,30.3473877043142,27.97));
#2514=CARTESIAN_POINT('Ctrl Pts',(6.32645507647216,30.1752644106776,28.1043074201663));
#2515=CARTESIAN_POINT('Ctrl Pts',(6.28835450115015,30.0014435968207,28.2374997770705));
#2516=CARTESIAN_POINT('Ctrl Pts',(6.25007221277723,29.8267937794611,28.3683852324054));
#2517=CARTESIAN_POINT('Origin',(7.18979602358672,28.5212740388568,28.9));
#2518=CARTESIAN_POINT('Origin',(6.30712788869408,30.0870907418876,28.9));
#2519=CARTESIAN_POINT('Origin',(0.690358669544748,25.88916279158,28.37));
#2520=CARTESIAN_POINT('Origin',(0.,25.5,28.37));
#2521=CARTESIAN_POINT('Origin',(6.21139808123779,20.784091014974,28.9));
#2522=CARTESIAN_POINT('Ctrl Pts',(6.26308522248893,20.522675066279,27.97));
#2523=CARTESIAN_POINT('Ctrl Pts',(6.22890671764629,20.6955382978708,28.1043074201665));
#2524=CARTESIAN_POINT('Ctrl Pts',(6.19439113638693,20.8701063471238,28.2374997770706));
#2525=CARTESIAN_POINT('Ctrl Pts',(6.15971093998666,21.045506963669,28.3683852324054));
#2526=CARTESIAN_POINT('Origin',(7.12610105628611,22.3314123944174,28.9));
#2527=CARTESIAN_POINT('Ctrl Pts',(6.87214943633838,22.2506755779782,28.3683852324054));
#2528=CARTESIAN_POINT('Ctrl Pts',(7.04254175912455,22.3048470524121,28.2374997770705));
#2529=CARTESIAN_POINT('Ctrl Pts',(7.21212528729203,22.3587613932128,28.1043074201664));
#2530=CARTESIAN_POINT('Ctrl Pts',(7.38005267623385,22.4121492108566,27.97));
#2531=CARTESIAN_POINT('Origin',(0.,25.5,28.17));
#2532=CARTESIAN_POINT('Origin',(0.,25.5,28.37));
#2533=CARTESIAN_POINT('Origin',(0.690358669544748,25.88916279158,28.37));
#2534=CARTESIAN_POINT('Origin',(0.,25.5,28.37));
#2535=CARTESIAN_POINT('Origin',(0.,25.5,28.17));
#2536=CARTESIAN_POINT('Ctrl Pts',(-6.36418356461094,20.6526122956858,27.97));
#2537=CARTESIAN_POINT('Ctrl Pts',(-6.32645507647217,20.8247355893224,28.1043074201663));
#2538=CARTESIAN_POINT('Ctrl Pts',(-6.28835450115016,20.9985564031793,28.2374997770705));
#2539=CARTESIAN_POINT('Ctrl Pts',(-6.25007221277723,21.1732062205389,28.3683852324054));
#2540=CARTESIAN_POINT('',(-6.93614693342435,22.3935767001344,28.37));
#2541=CARTESIAN_POINT('Origin',(0.,25.5,28.37));
#2542=CARTESIAN_POINT('',(-6.93755960043688,22.3927803641681,28.3683852324054));
#2543=CARTESIAN_POINT('Ctrl Pts',(-6.93614693342435,22.3935767001344,28.37));
#2544=CARTESIAN_POINT('Ctrl Pts',(-6.93685319190145,22.393178574446,28.3691927026994));
#2545=CARTESIAN_POINT('Ctrl Pts',(-6.93755960043688,22.3927803641681,28.3683852324054));
#2546=CARTESIAN_POINT('Ctrl Pts',(-6.93755960043688,22.3927803641681,28.3683852324054));
#2547=CARTESIAN_POINT('Ctrl Pts',(-7.10680108840475,22.4504467413499,28.2374997770705));
#2548=CARTESIAN_POINT('Ctrl Pts',(-7.2752392443769,22.5078393957795,28.1043074201662));
#2549=CARTESIAN_POINT('Ctrl Pts',(-7.44203244673655,22.5646715581182,27.97));
#2550=CARTESIAN_POINT('Origin',(-6.30712788869408,20.9129092581124,28.9));
#2551=CARTESIAN_POINT('Origin',(-7.18979602358672,22.4787259611432,28.9));
#2552=CARTESIAN_POINT('',(-6.93755960043688,22.3927803641681,28.9));
#2553=CARTESIAN_POINT('Origin',(0.690358669544748,25.88916279158,28.37));
#2554=CARTESIAN_POINT('',(-5.66634222101655,23.1093796130867,28.37));
#2555=CARTESIAN_POINT('Origin',(0.,25.5,28.37));
#2556=CARTESIAN_POINT('',(10.3785294291566,32.1540506187272,28.37));
#2557=CARTESIAN_POINT('Origin',(-0.97839794234892,17.7628169761171,28.9));
#2558=CARTESIAN_POINT('Ctrl Pts',(-1.17894722424762,17.5873466243972,27.97));
#2559=CARTESIAN_POINT('Ctrl Pts',(-1.04633252673027,17.7033776936501,28.1043074201664));
#2560=CARTESIAN_POINT('Ctrl Pts',(-0.912409952017678,17.8205530884736,28.2374997770705));
#2561=CARTESIAN_POINT('Ctrl Pts',(-0.777848660450222,17.9382873278371,28.3683852324054));
#2562=CARTESIAN_POINT('Origin',(0.818973167592031,17.7443216525298,28.9));
#2563=CARTESIAN_POINT('Ctrl Pts',(0.622077223561149,17.9238817985172,28.3683852324054));
#2564=CARTESIAN_POINT('Ctrl Pts',(0.754187257974379,17.8034034555915,28.2374997770706));
#2565=CARTESIAN_POINT('Ctrl Pts',(0.885670210819844,17.6834969825354,28.1043074201665));
#2566=CARTESIAN_POINT('Ctrl Pts',(1.01586911162291,17.5647615065424,27.97));
#2567=CARTESIAN_POINT('Origin',(0.,25.5,28.17));
#2568=CARTESIAN_POINT('Origin',(0.,25.5,28.37));
#2569=CARTESIAN_POINT('Origin',(-0.00815447105643713,24.7075504586614,28.37));
#2570=CARTESIAN_POINT('Origin',(0.,25.5,28.37));
#2571=CARTESIAN_POINT('Origin',(4.60151292268337,21.7371584441255,33.1));
#2572=CARTESIAN_POINT('Ctrl Pts',(4.90109834661134,21.7895390043868,28.3672177286251));
#2573=CARTESIAN_POINT('Ctrl Pts',(4.70439046546287,21.7551459124691,28.2311447144731));
#2574=CARTESIAN_POINT('Ctrl Pts',(4.50405777713782,21.7201190466238,28.0977765942842));
#2575=CARTESIAN_POINT('Ctrl Pts',(4.3019274987554,21.6847778838642,27.97));
#2576=CARTESIAN_POINT('Origin',(5.51500708496103,23.2824349828995,33.1));
#2577=CARTESIAN_POINT('Ctrl Pts',(5.41647732695899,23.570162347103,27.97));
#2578=CARTESIAN_POINT('Ctrl Pts',(5.48295535233413,23.376032701334,28.0977765942842));
#2579=CARTESIAN_POINT('Ctrl Pts',(5.54884217366797,23.1836294941959,28.2311447144731));
#2580=CARTESIAN_POINT('Ctrl Pts',(5.61353684296307,22.9947076186961,28.3672177286251));
#2581=CARTESIAN_POINT('Origin',(0.,25.5,28.17));
#2582=CARTESIAN_POINT('Origin',(0.837035903127833,19.6150812538223,33.1));
#2583=CARTESIAN_POINT('Ctrl Pts',(1.03695023089092,19.8442742093826,27.97));
#2584=CARTESIAN_POINT('Ctrl Pts',(0.902068038714887,19.6896377277298,28.0977765942842));
#2585=CARTESIAN_POINT('Ctrl Pts',(0.768385384230638,19.536376463111,28.2311447144731));
#2586=CARTESIAN_POINT('Ctrl Pts',(0.637121575364745,19.3858882982621,28.3672177286251));
#2587=CARTESIAN_POINT('Origin',(-0.957959916461392,19.6335521351766,33.1));
#2588=CARTESIAN_POINT('Ctrl Pts',(-0.762804308646626,19.4002938275821,28.3672177286251));
#2589=CARTESIAN_POINT('Ctrl Pts',(-0.890943540536317,19.5534513038224,28.2311447144731));
#2590=CARTESIAN_POINT('Ctrl Pts',(-1.02144404033582,19.7094310681977,28.0977765942842));
#2591=CARTESIAN_POINT('Ctrl Pts',(-1.15311552427616,19.866810442771,27.97));
#2592=CARTESIAN_POINT('Origin',(0.,25.5,28.17));
#2593=CARTESIAN_POINT('Origin',(0.,25.5,28.17));
#2594=CARTESIAN_POINT('',(-5.66390265525797,23.1107548231953,28.3672177286251));
#2595=CARTESIAN_POINT('Ctrl Pts',(-5.45504302303157,23.6820325589069,27.97));
#2596=CARTESIAN_POINT('Ctrl Pts',(-5.52550181747368,23.4893120215738,28.0977765942842));
#2597=CARTESIAN_POINT('Ctrl Pts',(-5.59533400599928,23.2983053913531,28.2311447144733));
#2598=CARTESIAN_POINT('Ctrl Pts',(-5.66390265525797,23.1107548231953,28.3672177286251));
#2599=CARTESIAN_POINT('Ctrl Pts',(-5.66390265525796,23.1107548231953,28.3672177286251));
#2600=CARTESIAN_POINT('Ctrl Pts',(-5.66512216215881,23.1100673737131,28.3686085454321));
#2601=CARTESIAN_POINT('Ctrl Pts',(-5.66634222101654,23.1093796130867,28.37));
#2602=CARTESIAN_POINT('Ctrl Pts',(-4.97641526759832,21.891180679566,28.3672177286251));
#2603=CARTESIAN_POINT('Ctrl Pts',(-4.78045678943737,21.8527469689151,28.2311447144732));
#2604=CARTESIAN_POINT('Ctrl Pts',(-4.58088731361926,21.8136050263958,28.0977765942842));
#2605=CARTESIAN_POINT('Ctrl Pts',(-4.37952709606807,21.7741118622796,27.97));
#2606=CARTESIAN_POINT('Origin',(-5.55947283914477,23.3963936910511,33.1));
#2607=CARTESIAN_POINT('',(-5.66390265525797,23.1107548231953,33.1));
#2608=CARTESIAN_POINT('Origin',(-4.67797118183319,21.8326462709228,33.1));
#2609=CARTESIAN_POINT('Origin',(-9.69784915002334,20.8367747194581,33.1));
#2610=CARTESIAN_POINT('Origin',(0.,25.5,28.17));
#2611=CARTESIAN_POINT('Ctrl Pts',(5.45504302303157,27.3179674410931,27.97));
#2612=CARTESIAN_POINT('Ctrl Pts',(5.52550181747368,27.5106879784262,28.0977765942842));
#2613=CARTESIAN_POINT('Ctrl Pts',(5.59533400599927,27.7016946086468,28.2311447144732));
#2614=CARTESIAN_POINT('Ctrl Pts',(5.66390265525797,27.8892451768047,28.3672177286251));
#2615=CARTESIAN_POINT('Ctrl Pts',(4.97641526759832,29.108819320434,28.3672177286251));
#2616=CARTESIAN_POINT('Ctrl Pts',(4.78045678943737,29.1472530310849,28.2311447144732));
#2617=CARTESIAN_POINT('Ctrl Pts',(4.58088731361926,29.1863949736042,28.0977765942842));
#2618=CARTESIAN_POINT('Ctrl Pts',(4.37952709606807,29.2258881377204,27.97));
#2619=CARTESIAN_POINT('Origin',(5.55947283914477,27.6036063089489,33.1));
#2620=CARTESIAN_POINT('Origin',(4.67797118183319,29.1673537290772,33.1));
#2621=CARTESIAN_POINT('Origin',(0.,25.5,28.17));
#2622=CARTESIAN_POINT('Origin',(0.,25.5,28.37));
#2623=CARTESIAN_POINT('Origin',(0.690358669544748,25.88916279158,28.37));
#2624=CARTESIAN_POINT('Origin',(0.957959916461393,31.3664478648234,33.1));
#2625=CARTESIAN_POINT('Ctrl Pts',(0.762804308646629,31.5997061724179,28.3672177286251));
#2626=CARTESIAN_POINT('Ctrl Pts',(0.890943540536321,31.4465486961776,28.2311447144731));
#2627=CARTESIAN_POINT('Ctrl Pts',(1.02144404033582,31.2905689318023,28.0977765942842));
#2628=CARTESIAN_POINT('Ctrl Pts',(1.15311552427616,31.1331895572289,27.97));
#2629=CARTESIAN_POINT('Origin',(-0.837035903127833,31.3849187461777,33.1));
#2630=CARTESIAN_POINT('Ctrl Pts',(-1.03695023089092,31.1557257906174,27.97));
#2631=CARTESIAN_POINT('Ctrl Pts',(-0.902068038714873,31.3103622722702,28.0977765942842));
#2632=CARTESIAN_POINT('Ctrl Pts',(-0.7683853842306,31.463623536889,28.2311447144732));
#2633=CARTESIAN_POINT('Ctrl Pts',(-0.637121575364746,31.6141117017379,28.3672177286251));
#2634=CARTESIAN_POINT('Origin',(0.,25.5,28.17));
#2635=CARTESIAN_POINT('Ctrl Pts',(-2.22044604925031E-15,19.42,22.));
#2636=CARTESIAN_POINT('Ctrl Pts',(-0.903985714860902,19.42,22.));
#2637=CARTESIAN_POINT('Ctrl Pts',(-2.73020042461748,19.8346791808678,22.));
#2638=CARTESIAN_POINT('Ctrl Pts',(-4.91498269103125,21.5805583418083,22.));
#2639=CARTESIAN_POINT('Ctrl Pts',(-6.13036378184986,24.1047707556818,22.));
#2640=CARTESIAN_POINT('Ctrl Pts',(-6.13041455970742,26.900363552188,22.));
#2641=CARTESIAN_POINT('Ctrl Pts',(-4.91360524911104,29.4233502220054,22.));
#2642=CARTESIAN_POINT('Ctrl Pts',(-2.97024330950786,30.9702508210921,22.));
#2643=CARTESIAN_POINT('Ctrl Pts',(-0.330767210385496,31.7869953653678,22.));
#2644=CARTESIAN_POINT('Ctrl Pts',(2.49091945800711,31.3610317836895,22.));
#2645=CARTESIAN_POINT('Ctrl Pts',(4.9182428775078,29.4144102243469,22.));
#2646=CARTESIAN_POINT('Ctrl Pts',(6.13058550179893,26.8965961463662,22.));
#2647=CARTESIAN_POINT('Ctrl Pts',(6.12721295011346,24.0929262161849,22.));
#2648=CARTESIAN_POINT('Ctrl Pts',(5.0152485833939,21.7877319351214,22.));
#2649=CARTESIAN_POINT('Ctrl Pts',(3.6334809745266,20.5572284135875,22.));
#2650=CARTESIAN_POINT('Ctrl Pts',(2.03822452040885,19.6778521389141,22.));
#2651=CARTESIAN_POINT('Ctrl Pts',(0.908949654075632,19.4207341926283,22.));
#2652=CARTESIAN_POINT('Ctrl Pts',(0.00492438108345261,19.420001994205,22.));
#2653=CARTESIAN_POINT('Ctrl Pts',(-2.27631989319203E-15,19.3816820046878,
21.9765528551573));
#2654=CARTESIAN_POINT('Ctrl Pts',(-0.909706967686983,19.3816820046878,21.9765528551573));
#2655=CARTESIAN_POINT('Ctrl Pts',(-2.74743611013206,19.798970579493,21.9765528551573));
#2656=CARTESIAN_POINT('Ctrl Pts',(-4.94599235697135,21.5558347397439,21.9765528551573));
#2657=CARTESIAN_POINT('Ctrl Pts',(-6.1690219054311,24.0959621959323,21.9765528551573));
#2658=CARTESIAN_POINT('Ctrl Pts',(-6.16909178300304,26.909174556677,21.9765528551573));
#2659=CARTESIAN_POINT('Ctrl Pts',(-4.94458684273469,29.4480928135758,21.9765528551573));
#2660=CARTESIAN_POINT('Ctrl Pts',(-2.98898232984183,31.0047478548903,21.9765528551573));
#2661=CARTESIAN_POINT('Ctrl Pts',(-0.332847723364582,31.8266438184679,21.9765528551573));
#2662=CARTESIAN_POINT('Ctrl Pts',(2.50664838743686,31.3979924369801,21.9765528551573));
#2663=CARTESIAN_POINT('Ctrl Pts',(4.94926953707694,29.4390881265156,21.9765528551573));
#2664=CARTESIAN_POINT('Ctrl Pts',(6.16926190297558,26.9054063666729,21.9765528551573));
#2665=CARTESIAN_POINT('Ctrl Pts',(6.16585700990331,24.0840675952415,21.9765528551573));
#2666=CARTESIAN_POINT('Ctrl Pts',(5.04688423620165,21.764329082489,21.9765528551573));
#2667=CARTESIAN_POINT('Ctrl Pts',(3.65639588603296,20.5260685086673,21.9765528551573));
#2668=CARTESIAN_POINT('Ctrl Pts',(2.05104780129003,19.6411282306665,21.9765528551573));
#2669=CARTESIAN_POINT('Ctrl Pts',(0.914702192198014,19.382420843909,21.9765528551573));
#2670=CARTESIAN_POINT('Ctrl Pts',(0.00495541601951699,19.3816840114609,
21.9765528551573));
#2671=CARTESIAN_POINT('Ctrl Pts',(-2.39287341636577E-15,19.3292333782488,
21.9121681313552));
#2672=CARTESIAN_POINT('Ctrl Pts',(-0.917473578134146,19.3292333782488,21.9121681313552));
#2673=CARTESIAN_POINT('Ctrl Pts',(-2.77094975768351,19.7501044456649,21.9121681313552));
#2674=CARTESIAN_POINT('Ctrl Pts',(-4.98834652758647,21.5220529678073,21.9121681313552));
#2675=CARTESIAN_POINT('Ctrl Pts',(-6.2218752008677,24.083946560977,21.9121681313552));
#2676=CARTESIAN_POINT('Ctrl Pts',(-6.22192089340695,26.9212737031409,21.9121681313552));
#2677=CARTESIAN_POINT('Ctrl Pts',(-4.9869545558778,29.4819157018403,21.9121681313552));
#2678=CARTESIAN_POINT('Ctrl Pts',(-3.01457912794693,31.0519078652692,21.9121681313552));
#2679=CARTESIAN_POINT('Ctrl Pts',(-0.335706411754547,31.8808441009672,21.9121681313552));
#2680=CARTESIAN_POINT('Ctrl Pts',(2.52809623881223,31.4485224388122,21.9121681313552));
#2681=CARTESIAN_POINT('Ctrl Pts',(4.99165649002001,29.4728448386009,21.9121681313552));
#2682=CARTESIAN_POINT('Ctrl Pts',(6.2220949784648,26.9174429109531,21.9121681313552));
#2683=CARTESIAN_POINT('Ctrl Pts',(6.21867552851446,24.0719175474323,21.9121681313552));
#2684=CARTESIAN_POINT('Ctrl Pts',(5.09011110318355,21.7323147059738,21.9121681313552));
#2685=CARTESIAN_POINT('Ctrl Pts',(3.68771933763183,20.4834419782024,21.9121681313552));
#2686=CARTESIAN_POINT('Ctrl Pts',(2.06865952044256,19.5909445576836,21.9121681313552));
#2687=CARTESIAN_POINT('Ctrl Pts',(0.9225116222833,19.3299785253696,21.9121681313552));
#2688=CARTESIAN_POINT('Ctrl Pts',(0.00499789579318291,19.3292354022248,
21.9121681313552));
#2689=CARTESIAN_POINT('Ctrl Pts',(-2.4985848556583E-15,19.3215799860606,
21.8312987672343));
#2690=CARTESIAN_POINT('Ctrl Pts',(-0.918624252276508,19.3215799860606,21.8312987672343));
#2691=CARTESIAN_POINT('Ctrl Pts',(-2.77440192791902,19.7429709029847,21.8312987672343));
#2692=CARTESIAN_POINT('Ctrl Pts',(-4.99455141793547,21.5171075343483,21.8312987672343));
#2693=CARTESIAN_POINT('Ctrl Pts',(-6.22960403259396,24.0821821075524,21.8312987672343));
#2694=CARTESIAN_POINT('Ctrl Pts',(-6.22965974283951,26.923028764658,21.8312987672343));
#2695=CARTESIAN_POINT('Ctrl Pts',(-4.99314743439303,29.486863064138,21.8312987672343));
#2696=CARTESIAN_POINT('Ctrl Pts',(-3.01832843088698,31.0588053038345,21.8312987672343));
#2697=CARTESIAN_POINT('Ctrl Pts',(-0.336120611948929,31.8887717884427,21.8312987672343));
#2698=CARTESIAN_POINT('Ctrl Pts',(2.53124787694633,31.4559122092396,21.8312987672343));
#2699=CARTESIAN_POINT('Ctrl Pts',(4.99786360101136,29.477776523326,21.8312987672343));
#2700=CARTESIAN_POINT('Ctrl Pts',(6.22983303631338,26.9192053991475,21.8312987672343));
#2701=CARTESIAN_POINT('Ctrl Pts',(6.22640346486265,24.0701512159723,21.8312987672343));
#2702=CARTESIAN_POINT('Ctrl Pts',(5.09643906912328,21.7276380510866,21.8312987672343));
#2703=CARTESIAN_POINT('Ctrl Pts',(3.69230137444692,20.4772153027946,21.8312987672343));
#2704=CARTESIAN_POINT('Ctrl Pts',(2.07121341992419,19.5835993273974,21.8312987672343));
#2705=CARTESIAN_POINT('Ctrl Pts',(0.923668545499146,19.3223260676995,21.8312987672343));
#2706=CARTESIAN_POINT('Ctrl Pts',(0.00500409451353085,19.3215820125468,
21.8312987672343));
#2707=CARTESIAN_POINT('Ctrl Pts',(-2.53618687076765E-15,19.3268662713158,
21.7980241341546));
#2708=CARTESIAN_POINT('Ctrl Pts',(-0.917833010963212,19.3268662713158,21.7980241341546));
#2709=CARTESIAN_POINT('Ctrl Pts',(-2.77202176435429,19.7478975275655,21.7980241341546));
#2710=CARTESIAN_POINT('Ctrl Pts',(-4.9902706292605,21.5205201483893,21.7980241341546));
#2711=CARTESIAN_POINT('Ctrl Pts',(-6.22426898533573,24.0833985678705,21.7980241341546));
#2712=CARTESIAN_POINT('Ctrl Pts',(-6.22432054101092,26.921814387571,21.7980241341546));
#2713=CARTESIAN_POINT('Ctrl Pts',(-4.98887208761957,29.4834482869905,21.7980241341546));
#2714=CARTESIAN_POINT('Ctrl Pts',(-3.01574163755286,31.0540443829023,21.7980241341546));
#2715=CARTESIAN_POINT('Ctrl Pts',(-0.335833918219327,31.883299858887,21.7980241341546));
#2716=CARTESIAN_POINT('Ctrl Pts',(2.52907548053608,31.4508113468394,21.7980241341546));
#2717=CARTESIAN_POINT('Ctrl Pts',(4.9935807554283,29.4743713460233,21.7980241341546));
#2718=CARTESIAN_POINT('Ctrl Pts',(6.22449410160151,26.917989272448,21.7980241341546));
#2719=CARTESIAN_POINT('Ctrl Pts',(6.22106988900918,24.0713725931552,21.7980241341546));
#2720=CARTESIAN_POINT('Ctrl Pts',(5.09207239932309,21.7308672366416,21.7980241341546));
#2721=CARTESIAN_POINT('Ctrl Pts',(3.68913880861552,20.4815148037393,21.7980241341546));
#2722=CARTESIAN_POINT('Ctrl Pts',(2.06944614038931,19.5886682015368,21.7980241341546));
#2723=CARTESIAN_POINT('Ctrl Pts',(0.922872988034551,19.3276117103416,21.7980241341546));
#2724=CARTESIAN_POINT('Ctrl Pts',(0.0049998129867031,19.3268682960682,21.7980241341546));
#2725=CARTESIAN_POINT('Origin',(0.,25.5,22.));
#2726=CARTESIAN_POINT('',(2.86730318097041E-16,31.6731337286842,21.7980241341545));
#2727=CARTESIAN_POINT('Ctrl Pts',(0.00499981298671175,19.3268682960682,
21.7980241341546));
#2728=CARTESIAN_POINT('Ctrl Pts',(0.146426761133818,19.3269828421893,21.7980241341546));
#2729=CARTESIAN_POINT('Ctrl Pts',(0.288107879070545,19.3320409314109,21.7980342672174));
#2730=CARTESIAN_POINT('Ctrl Pts',(0.429542916890145,19.3420071741239,21.7980488757783));
#2731=CARTESIAN_POINT('Ctrl Pts',(0.571591177918753,19.352016627709,21.7980635476778));
#2732=CARTESIAN_POINT('Ctrl Pts',(0.713390661374725,19.3669768213305,21.7980827340543));
#2733=CARTESIAN_POINT('Ctrl Pts',(0.854435612743453,19.3867992932884,21.7981007030071));
#2734=CARTESIAN_POINT('Ctrl Pts',(0.995689081923814,19.4066510703611,21.7981186985247));
#2735=CARTESIAN_POINT('Ctrl Pts',(1.13618522165053,19.4313793963604,21.7981354729931));
#2736=CARTESIAN_POINT('Ctrl Pts',(1.2754255260472,19.4608441814495,21.7981452681523));
#2737=CARTESIAN_POINT('Ctrl Pts',(1.30124095411396,19.4663070109317,21.7981470841942));
#2738=CARTESIAN_POINT('Ctrl Pts',(1.32701325409498,19.4719325123761,21.7981486603287));
#2739=CARTESIAN_POINT('Ctrl Pts',(1.35273930888618,19.4777196051687,21.7981499598577));
#2740=CARTESIAN_POINT('Ctrl Pts',(1.49182595470559,19.5090072367975,21.7981569856967));
#2741=CARTESIAN_POINT('Ctrl Pts',(1.63010635504457,19.5451451240818,21.798156021427));
#2742=CARTESIAN_POINT('Ctrl Pts',(1.76707110004597,19.5860439585237,21.7981508711281));
#2743=CARTESIAN_POINT('Ctrl Pts',(1.90369508153438,19.6268410380906,21.7981457336429));
#2744=CARTESIAN_POINT('Ctrl Pts',(2.03900939030281,19.67237526784,21.7981364309844));
#2745=CARTESIAN_POINT('Ctrl Pts',(2.17252172500181,19.7225079939033,21.7981267390237));
#2746=CARTESIAN_POINT('Ctrl Pts',(2.30500069504728,19.7722527004836,21.7981171220772));
#2747=CARTESIAN_POINT('Ctrl Pts',(2.43570496971398,19.8265248019395,21.7981071218359));
#2748=CARTESIAN_POINT('Ctrl Pts',(2.56417462232528,19.8851420658297,21.798100426867));
#2749=CARTESIAN_POINT('Ctrl Pts',(2.58948721503839,19.8966915243722,21.798099107746));
#2750=CARTESIAN_POINT('Ctrl Pts',(2.61471313583165,19.9084095273784,21.7980979169397));
#2751=CARTESIAN_POINT('Ctrl Pts',(2.63984898995816,19.9202944748294,21.7980968826614));
#2752=CARTESIAN_POINT('Ctrl Pts',(2.65039920722245,19.9252829179175,21.798096448546));
#2753=CARTESIAN_POINT('Ctrl Pts',(2.66093802813634,19.9303028836248,21.798096047653));
#2754=CARTESIAN_POINT('Ctrl Pts',(2.67146519204964,19.935354339323,21.7980956788369));
#2755=CARTESIAN_POINT('Ctrl Pts',(2.80840092586498,20.0010629003898,21.798090881333));
#2756=CARTESIAN_POINT('Ctrl Pts',(2.94336325630411,20.0721039543644,21.7980915113406));
#2757=CARTESIAN_POINT('Ctrl Pts',(3.07576429981986,20.1482474029285,21.7980950478889));
#2758=CARTESIAN_POINT('Ctrl Pts',(3.14369227022088,20.1873125778165,21.7980968623047));
#2759=CARTESIAN_POINT('Ctrl Pts',(3.21094625610255,20.2277199592455,21.7980994417773));
#2760=CARTESIAN_POINT('Ctrl Pts',(3.27744851984596,20.2694334247493,21.7981024458783));
#2761=CARTESIAN_POINT('Ctrl Pts',(3.40766909296737,20.3511141237064,21.7981083283211));
#2762=CARTESIAN_POINT('Ctrl Pts',(3.53500556831062,20.437805490519,21.7981158389299));
#2763=CARTESIAN_POINT('Ctrl Pts',(3.65895086769327,20.5291184049822,21.7981224216443));
#2764=CARTESIAN_POINT('Ctrl Pts',(3.78291516114317,20.6204453127445,21.7981290053675));
#2765=CARTESIAN_POINT('Ctrl Pts',(3.9034866997202,20.7163947273414,21.798134660904));
#2766=CARTESIAN_POINT('Ctrl Pts',(4.02018969173207,20.8165358651049,21.7981368308851));
#2767=CARTESIAN_POINT('Ctrl Pts',(4.13585347659614,20.9157852743501,21.7981389815431));
#2768=CARTESIAN_POINT('Ctrl Pts',(4.24771685660333,21.0191515813158,21.7981377084167));
#2769=CARTESIAN_POINT('Ctrl Pts',(4.35535488270339,21.1261819363228,21.7981305219904));
#2770=CARTESIAN_POINT('Ctrl Pts',(4.42559132829573,21.1960218616591,21.7981258326715));
#2771=CARTESIAN_POINT('Ctrl Pts',(4.49402946344357,21.2674212315419,21.7981186255412));
#2772=CARTESIAN_POINT('Ctrl Pts',(4.56056147449341,21.3402479751614,21.7981082090668));
#2773=CARTESIAN_POINT('Ctrl Pts',(4.65118665406342,21.4394473923123,21.7980940204852));
#2774=CARTESIAN_POINT('Ctrl Pts',(4.73886822714377,21.5419441921577,21.7980856743818));
#2775=CARTESIAN_POINT('Ctrl Pts',(4.82320209414193,21.6474692795192,21.7980814592114));
#2776=CARTESIAN_POINT('Ctrl Pts',(4.91166852231326,21.7581653485319,21.7980770374877));
#2777=CARTESIAN_POINT('Ctrl Pts',(4.99645016562955,21.8721938072147,21.7980771614922));
#2778=CARTESIAN_POINT('Ctrl Pts',(5.07725228886746,21.9891507318198,21.7980798559325));
#2779=CARTESIAN_POINT('Ctrl Pts',(5.15883534802713,22.1072380210745,21.798082576414));
#2780=CARTESIAN_POINT('Ctrl Pts',(5.23636126218942,22.2283102081762,21.7980879172743));
#2781=CARTESIAN_POINT('Ctrl Pts',(5.3095674168963,22.3519175177674,21.7980938454535));
#2782=CARTESIAN_POINT('Ctrl Pts',(5.3828782622265,22.4757015956418,21.7980997821104));
#2783=CARTESIAN_POINT('Ctrl Pts',(5.45185671960287,22.6020275300638,21.7981063077712));
#2784=CARTESIAN_POINT('Ctrl Pts',(5.51628412635059,22.7304170425481,21.7981113805393));
#2785=CARTESIAN_POINT('Ctrl Pts',(5.58048088905857,22.8583469326865,21.7981164351474));
#2786=CARTESIAN_POINT('Ctrl Pts',(5.64015892683303,22.9883251117958,21.7981200472368));
#2787=CARTESIAN_POINT('Ctrl Pts',(5.69515007005613,23.1198600529042,21.7981201967048));
#2788=CARTESIAN_POINT('Ctrl Pts',(5.73157726501477,23.2069913373764,21.7981202957153));
#2789=CARTESIAN_POINT('Ctrl Pts',(5.76594884861109,23.2948053652459,21.7981188753275));
#2790=CARTESIAN_POINT('Ctrl Pts',(5.79822826161179,23.3831565521597,21.7981153483962));
#2791=CARTESIAN_POINT('Ctrl Pts',(5.84851824441569,23.5208040264339,21.7981098535841));
#2792=CARTESIAN_POINT('Ctrl Pts',(5.89407263335686,23.6606927727375,21.7981138460844));
#2793=CARTESIAN_POINT('Ctrl Pts',(5.93460135027671,23.8023483892645,21.7981235802259));
#2794=CARTESIAN_POINT('Ctrl Pts',(5.96466143157214,23.9074141222157,21.7981308000222));
#2795=CARTESIAN_POINT('Ctrl Pts',(5.99195766430468,24.0134511685896,21.7981411784221));
#2796=CARTESIAN_POINT('Ctrl Pts',(6.01638828474629,24.1202577104991,21.7981531872038));
#2797=CARTESIAN_POINT('Ctrl Pts',(6.04919250524216,24.2636722160608,21.7981693119978));
#2798=CARTESIAN_POINT('Ctrl Pts',(6.07682803338903,24.4084743499993,21.7981883763732));
#2799=CARTESIAN_POINT('Ctrl Pts',(6.09924375061875,24.5540937447338,21.7982066801726));
#2800=CARTESIAN_POINT('Ctrl Pts',(6.12172962286178,24.7001688880161,21.7982250412577));
#2801=CARTESIAN_POINT('Ctrl Pts',(6.1389629279311,24.8470657624689,21.7982426369893));
#2802=CARTESIAN_POINT('Ctrl Pts',(6.15094412286759,24.9942010629187,21.7982557317342));
#2803=CARTESIAN_POINT('Ctrl Pts',(6.16288805445796,25.1408787501124,21.7982687857524));
#2804=CARTESIAN_POINT('Ctrl Pts',(6.16961253847233,25.2877927341794,21.7982773666829));
#2805=CARTESIAN_POINT('Ctrl Pts',(6.17116951138301,25.4343674027265,21.7982777735033));
#2806=CARTESIAN_POINT('Ctrl Pts',(6.17226446766301,25.5374474580778,21.7982780596037));
#2807=CARTESIAN_POINT('Ctrl Pts',(6.17080478076867,25.6403597329144,21.7982743029895));
#2808=CARTESIAN_POINT('Ctrl Pts',(6.16682363464292,25.74290728843,21.7982652166539));
#2809=CARTESIAN_POINT('Ctrl Pts',(6.16123919575005,25.8867529397326,21.7982524710564));
#2810=CARTESIAN_POINT('Ctrl Pts',(6.15065216243919,26.0309352325057,21.7982405697972));
#2811=CARTESIAN_POINT('Ctrl Pts',(6.13497934739389,26.1748891985256,21.7982298446777));
#2812=CARTESIAN_POINT('Ctrl Pts',(6.11931937923912,26.3187251665447,21.7982191283495));
#2813=CARTESIAN_POINT('Ctrl Pts',(6.0985819217005,26.4623325420509,21.7982095862323));
#2814=CARTESIAN_POINT('Ctrl Pts',(6.0727355782184,26.6051428037805,21.7982015492977));
#2815=CARTESIAN_POINT('Ctrl Pts',(6.05671650703459,26.6936538827272,21.7981965681588));
#2816=CARTESIAN_POINT('Ctrl Pts',(6.03873598851078,26.7818587066448,21.7981921652031));
#2817=CARTESIAN_POINT('Ctrl Pts',(6.01879659161403,26.8696226221657,21.7981884192277));
#2818=CARTESIAN_POINT('Ctrl Pts',(5.98672102051084,27.010804310216,21.798182393253));
#2819=CARTESIAN_POINT('Ctrl Pts',(5.94957376706141,27.1508441221727,21.7981780673862));
#2820=CARTESIAN_POINT('Ctrl Pts',(5.90756987501393,27.2892527211197,21.798175769667));
#2821=CARTESIAN_POINT('Ctrl Pts',(5.86539109199245,27.4282376098698,21.7981734623808));
#2822=CARTESIAN_POINT('Ctrl Pts',(5.81831539900531,27.565577125979,21.7981732001641));
#2823=CARTESIAN_POINT('Ctrl Pts',(5.7666094632922,27.7007949398433,21.7981753152261));
#2824=CARTESIAN_POINT('Ctrl Pts',(5.71931569843981,27.824474347334,21.7981772498057));
#2825=CARTESIAN_POINT('Ctrl Pts',(5.6681489254986,27.9463786259383,21.7981811732576));
#2826=CARTESIAN_POINT('Ctrl Pts',(5.61334591790543,28.0661629958478,21.7981873398637));
#2827=CARTESIAN_POINT('Ctrl Pts',(5.55332488840971,28.1973525329776,21.7981940936179));
#2828=CARTESIAN_POINT('Ctrl Pts',(5.48852488620883,28.3269068736205,21.7981961236608));
#2829=CARTESIAN_POINT('Ctrl Pts',(5.41911134835622,28.4543095281877,21.7981946518374));
#2830=CARTESIAN_POINT('Ctrl Pts',(5.3495817446369,28.5819252117977,21.7981931775529));
#2831=CARTESIAN_POINT('Ctrl Pts',(5.27542338781544,28.7073814522175,21.7981881896958));
#2832=CARTESIAN_POINT('Ctrl Pts',(5.1968521784863,28.8301757177017,21.7981809164213));
#2833=CARTESIAN_POINT('Ctrl Pts',(5.11856015109437,28.9525336663566,21.7981736689904));
#2834=CARTESIAN_POINT('Ctrl Pts',(5.03588686153711,29.0722479943382,21.7981641523638));
#2835=CARTESIAN_POINT('Ctrl Pts',(4.94909126669228,29.188846035961,21.7981535816459));
#2836=CARTESIAN_POINT('Ctrl Pts',(4.90991502324084,29.2414739748875,21.7981488104244));
#2837=CARTESIAN_POINT('Ctrl Pts',(4.86989954000914,29.2934674204743,21.7981438244542));
#2838=CARTESIAN_POINT('Ctrl Pts',(4.8290714278167,29.3447849928145,21.7981387354639));
#2839=CARTESIAN_POINT('Ctrl Pts',(4.73535998241922,29.4625725568247,21.7981270548692));
#2840=CARTESIAN_POINT('Ctrl Pts',(4.63736477756544,29.5767964566198,21.7981148315494));
#2841=CARTESIAN_POINT('Ctrl Pts',(4.53557213168501,29.6870666388238,21.7981034164201));
#2842=CARTESIAN_POINT('Ctrl Pts',(4.43377948580457,29.7973368210278,21.7980920012909));
#2843=CARTESIAN_POINT('Ctrl Pts',(4.32818998894594,29.9036528349049,21.7980813943485));
#2844=CARTESIAN_POINT('Ctrl Pts',(4.21932492310252,30.0056722427303,21.7980729463706));
#2845=CARTESIAN_POINT('Ctrl Pts',(4.11440731855746,30.1039924136982,21.7980648047175));
#2846=CARTESIAN_POINT('Ctrl Pts',(4.00569186882655,30.1990301214639,21.7980580118203));
#2847=CARTESIAN_POINT('Ctrl Pts',(3.89353300114766,30.2903593322519,21.798053023807));
#2848=CARTESIAN_POINT('Ctrl Pts',(3.78089683806774,30.3820771972158,21.7980480145671));
#2849=CARTESIAN_POINT('Ctrl Pts',(3.66478830326245,30.470054472482,21.7980448256024));
#2850=CARTESIAN_POINT('Ctrl Pts',(3.54560665737722,30.5538930549604,21.7980439189161));
#2851=CARTESIAN_POINT('Ctrl Pts',(3.4267399883355,30.6375100663078,21.798043014626));
#2852=CARTESIAN_POINT('Ctrl Pts',(3.30481691038661,30.7170098211252,21.7980443805635));
#2853=CARTESIAN_POINT('Ctrl Pts',(3.18026672227786,30.7920370047491,21.7980484751522));
#2854=CARTESIAN_POINT('Ctrl Pts',(3.05692459230062,30.8663364720955,21.7980525300259));
#2855=CARTESIAN_POINT('Ctrl Pts',(2.93100657063196,30.9362493860301,21.7980592608714));
#2856=CARTESIAN_POINT('Ctrl Pts',(2.80295480676765,31.0014749863605,21.7980691130283));
#2857=CARTESIAN_POINT('Ctrl Pts',(2.76321139370623,31.0217190493697,21.7980721708413));
#2858=CARTESIAN_POINT('Ctrl Pts',(2.72326259327142,31.0415119288743,21.7980755293297));
#2859=CARTESIAN_POINT('Ctrl Pts',(2.68312200933286,31.0608455862216,21.7980792018116));
#2860=CARTESIAN_POINT('Ctrl Pts',(2.55150129726297,31.1242405221513,21.7980912438558));
#2861=CARTESIAN_POINT('Ctrl Pts',(2.4178177465208,31.1826941580614,21.7981066618755));
#2862=CARTESIAN_POINT('Ctrl Pts',(2.28264044704613,31.2361521566973,21.7981259255597));
#2863=CARTESIAN_POINT('Ctrl Pts',(2.25285037623808,31.247933110828,21.7981301708473));
#2864=CARTESIAN_POINT('Ctrl Pts',(2.2229877974901,31.2594716423306,21.7981346029059));
#2865=CARTESIAN_POINT('Ctrl Pts',(2.19305885431331,31.2707675050037,21.7981392267645));
#2866=CARTESIAN_POINT('Ctrl Pts',(2.05616725400302,31.3224335030004,21.7981603757703));
#2867=CARTESIAN_POINT('Ctrl Pts',(1.91696987650106,31.3693643527624,21.7981840650071));
#2868=CARTESIAN_POINT('Ctrl Pts',(1.7759758941602,31.411374543898,21.7982065592089));
#2869=CARTESIAN_POINT('Ctrl Pts',(1.63238896153535,31.4541573235882,21.7982294670903));
#2870=CARTESIAN_POINT('Ctrl Pts',(1.48693927131319,31.4918365222004,21.798251135564));
#2871=CARTESIAN_POINT('Ctrl Pts',(1.3401892345072,31.5242648990417,21.7982676186554));
#2872=CARTESIAN_POINT('Ctrl Pts',(1.19382156720381,31.5566087810332,21.7982840587987));
#2873=CARTESIAN_POINT('Ctrl Pts',(1.04616096473289,31.5837290825718,21.7982953404793));
#2874=CARTESIAN_POINT('Ctrl Pts',(0.897780689220903,31.6055301555227,21.7982975482962));
#2875=CARTESIAN_POINT('Ctrl Pts',(0.748818972877192,31.6274166578473,21.7982997647645));
#2876=CARTESIAN_POINT('Ctrl Pts',(0.599132577416314,31.6439420402955,21.7982928359965));
#2877=CARTESIAN_POINT('Ctrl Pts',(0.449307233218975,31.655062078743,21.7982728015896));
#2878=CARTESIAN_POINT('Ctrl Pts',(0.299481889021635,31.6661821171905,21.7982527671827));
#2879=CARTESIAN_POINT('Ctrl Pts',(0.149518242854305,31.6718967464341,21.7982196269632));
#2880=CARTESIAN_POINT('Ctrl Pts',(-2.00649703593595E-6,31.6722155488518,
21.7981694239333));
#2881=CARTESIAN_POINT('Ctrl Pts',(-2.00649703593591E-6,31.6722155488518,
21.7981694239333));
#2882=CARTESIAN_POINT('Ctrl Pts',(-0.0540619654302849,31.6723308138121,
21.7981512727213));
#2883=CARTESIAN_POINT('Ctrl Pts',(-0.1080656461292,31.67174145731,21.798132187321));
#2884=CARTESIAN_POINT('Ctrl Pts',(-0.161987656914707,31.6704515970809,21.7981253314241));
#2885=CARTESIAN_POINT('Ctrl Pts',(-0.307757713714363,31.6669646536952,21.7981067975366));
#2886=CARTESIAN_POINT('Ctrl Pts',(-0.453907959300983,31.6583176361461,21.798091658324));
#2887=CARTESIAN_POINT('Ctrl Pts',(-0.599879065732006,31.6443778589126,21.7980793603943));
#2888=CARTESIAN_POINT('Ctrl Pts',(-0.705975182671767,31.6342460165799,21.7980704218954));
#2889=CARTESIAN_POINT('Ctrl Pts',(-0.811976335427549,31.6213191409286,21.7980629843987));
#2890=CARTESIAN_POINT('Ctrl Pts',(-0.917665910940829,31.6055634873892,21.7980568354828));
#2891=CARTESIAN_POINT('Ctrl Pts',(-1.06151688533146,31.5841189305085,21.7980484663742));
#2892=CARTESIAN_POINT('Ctrl Pts',(-1.20479016136659,31.5574319017317,21.7980424843765));
#2893=CARTESIAN_POINT('Ctrl Pts',(-1.34694442460055,31.5256482279779,21.7980383539989));
#2894=CARTESIAN_POINT('Ctrl Pts',(-1.48955041883348,31.4937635535902,21.798034210496));
#2895=CARTESIAN_POINT('Ctrl Pts',(-1.63102966673691,31.4567499874519,21.7980319304032));
#2896=CARTESIAN_POINT('Ctrl Pts',(-1.77084680447879,31.4148061988602,21.7980309731838));
#2897=CARTESIAN_POINT('Ctrl Pts',(-1.9102710953095,31.372980260541,21.7980300186538));
#2898=CARTESIAN_POINT('Ctrl Pts',(-2.04804202053188,31.3262520302067,21.7980303795761));
#2899=CARTESIAN_POINT('Ctrl Pts',(-2.18364869554836,31.2748660510504,21.7980315199896));
#2900=CARTESIAN_POINT('Ctrl Pts',(-2.28809523037612,31.2352877083105,21.7980323983551));
#2901=CARTESIAN_POINT('Ctrl Pts',(-2.39125818819866,31.192947221238,21.7980337391419));
#2902=CARTESIAN_POINT('Ctrl Pts',(-2.49291549038356,31.1479741236662,21.7980352974613));
#2903=CARTESIAN_POINT('Ctrl Pts',(-2.55467272244067,31.1206527806503,21.7980362441468));
#2904=CARTESIAN_POINT('Ctrl Pts',(-2.61607812756942,31.0922701765995,21.798038001798));
#2905=CARTESIAN_POINT('Ctrl Pts',(-2.67707425929777,31.0628381962425,21.7980403814729));
#2906=CARTESIAN_POINT('Ctrl Pts',(-2.80651730869687,31.0003790667976,21.7980454315042));
#2907=CARTESIAN_POINT('Ctrl Pts',(-2.93411607644157,30.9331907590185,21.7980532828426));
#2908=CARTESIAN_POINT('Ctrl Pts',(-3.05940512682262,30.8615029411821,21.798062129732));
#2909=CARTESIAN_POINT('Ctrl Pts',(-3.18736991137604,30.7882841232836,21.7980711655598));
#2910=CARTESIAN_POINT('Ctrl Pts',(-3.31292469494993,30.7103717218005,21.7980812399225));
#2911=CARTESIAN_POINT('Ctrl Pts',(-3.43559436471736,30.6280617088165,21.7980904287368));
#2912=CARTESIAN_POINT('Ctrl Pts',(-3.55703599471135,30.5465756971515,21.7980995255624));
#2913=CARTESIAN_POINT('Ctrl Pts',(-3.67564953826295,30.4607801248732,21.7981077544755));
#2914=CARTESIAN_POINT('Ctrl Pts',(-3.7910016999797,30.371006894318,21.798113248455));
#2915=CARTESIAN_POINT('Ctrl Pts',(-3.90810355464623,30.2798719589951,21.7981188257686));
#2916=CARTESIAN_POINT('Ctrl Pts',(-4.02184374681627,30.1846380797881,21.7981215845329));
#2917=CARTESIAN_POINT('Ctrl Pts',(-4.13180568089418,30.0856934920186,21.7981195714967));
#2918=CARTESIAN_POINT('Ctrl Pts',(-4.24176761497209,29.9867489042491,21.7981175584605));
#2919=CARTESIAN_POINT('Ctrl Pts',(-4.34795080442787,29.8840940285831,21.7981107735927));
#2920=CARTESIAN_POINT('Ctrl Pts',(-4.4499831054764,29.7781522056753,21.7980972640348));
#2921=CARTESIAN_POINT('Ctrl Pts',(-4.55180356027211,29.6724303462297,21.7980837825264));
#2922=CARTESIAN_POINT('Ctrl Pts',(-4.65018448755101,29.5627183267216,21.7980775265189));
#2923=CARTESIAN_POINT('Ctrl Pts',(-4.74464641554586,29.4493201610287,21.7980758530513));
#2924=CARTESIAN_POINT('Ctrl Pts',(-4.77169725542733,29.4168465953486,21.7980753738243));
#2925=CARTESIAN_POINT('Ctrl Pts',(-4.79842690220985,29.38407100789,21.7980752703993));
#2926=CARTESIAN_POINT('Ctrl Pts',(-4.824824580741,29.3510011603477,21.7980754807165));
#2927=CARTESIAN_POINT('Ctrl Pts',(-4.92019179769432,29.2315293165848,21.7980762405321));
#2928=CARTESIAN_POINT('Ctrl Pts',(-5.01122266971891,29.1082135773178,21.7980810952139));
#2929=CARTESIAN_POINT('Ctrl Pts',(-5.09757457950673,28.9815900577335,21.7980871186044));
#2930=CARTESIAN_POINT('Ctrl Pts',(-5.18072516226141,28.8596608558229,21.7980929186896));
#2931=CARTESIAN_POINT('Ctrl Pts',(-5.25953724966893,28.7346654059275,21.7980998024442));
#2932=CARTESIAN_POINT('Ctrl Pts',(-5.33374821260324,28.6071147736886,21.7981051571288));
#2933=CARTESIAN_POINT('Ctrl Pts',(-5.40796104814311,28.4795609228953,21.7981105119485));
#2934=CARTESIAN_POINT('Ctrl Pts',(-5.47757225650551,28.3494523491825,21.7981143376076));
#2935=CARTESIAN_POINT('Ctrl Pts',(-5.54236590626623,28.2173230828159,21.7981140210872));
#2936=CARTESIAN_POINT('Ctrl Pts',(-5.60676986835472,28.0859884799145,21.7981137064705));
#2937=CARTESIAN_POINT('Ctrl Pts',(-5.66641385476227,27.9526580076948,21.7981092993139));
#2938=CARTESIAN_POINT('Ctrl Pts',(-5.72113534044233,27.8178699274818,21.7980982337423));
#2939=CARTESIAN_POINT('Ctrl Pts',(-5.72782213651987,27.8013992415188,21.7980968815637));
#2940=CARTESIAN_POINT('Ctrl Pts',(-5.73443549249301,27.7849068010716,21.7980954299619));
#2941=CARTESIAN_POINT('Ctrl Pts',(-5.74097516498584,27.7683935959213,21.7980938742558));
#2942=CARTESIAN_POINT('Ctrl Pts',(-5.7939655272577,27.6345886195798,21.7980812685127));
#2943=CARTESIAN_POINT('Ctrl Pts',(-5.84249484096916,27.49846168667,21.7980713862642));
#2944=CARTESIAN_POINT('Ctrl Pts',(-5.88625397034319,27.3604885150474,21.7980638600016));
#2945=CARTESIAN_POINT('Ctrl Pts',(-5.92996574525392,27.2226646527366,21.7980563418837));
#2946=CARTESIAN_POINT('Ctrl Pts',(-5.96891734915819,27.0829991016698,21.7980511746583));
#2947=CARTESIAN_POINT('Ctrl Pts',(-6.00284606943877,26.941991008391,21.7980479921195));
#2948=CARTESIAN_POINT('Ctrl Pts',(-6.00815641598143,26.9199211562293,21.7980474940051));
#2949=CARTESIAN_POINT('Ctrl Pts',(-6.01334381340082,26.8978184559063,21.7980470445095));
#2950=CARTESIAN_POINT('Ctrl Pts',(-6.01840736273275,26.8756848626922,21.7980466422288));
#2951=CARTESIAN_POINT('Ctrl Pts',(-6.05062999736958,26.7348345143326,21.7980440822569));
#2952=CARTESIAN_POINT('Ctrl Pts',(-6.07783308362398,26.592732192096,21.7980434342948));
#2953=CARTESIAN_POINT('Ctrl Pts',(-6.09997610397178,26.4499112050832,21.7980443365864));
#2954=CARTESIAN_POINT('Ctrl Pts',(-6.12219259222334,26.3066163550489,21.7980452418717));
#2955=CARTESIAN_POINT('Ctrl Pts',(-6.13931536152373,26.1625986694222,21.7980477077166));
#2956=CARTESIAN_POINT('Ctrl Pts',(-6.15135565386016,26.0184030402522,21.7980513687858));
#2957=CARTESIAN_POINT('Ctrl Pts',(-6.16338273468363,25.8743656333553,21.7980550258379));
#2958=CARTESIAN_POINT('Ctrl Pts',(-6.17033852674188,25.7301512777458,21.7980598754941));
#2959=CARTESIAN_POINT('Ctrl Pts',(-6.17228598627857,25.586300204722,21.7980655536288));
#2960=CARTESIAN_POINT('Ctrl Pts',(-6.17304185344362,25.5304673102732,21.7980677574824));
#2961=CARTESIAN_POINT('Ctrl Pts',(-6.17304379031,25.4746890634477,21.7980700861419));
#2962=CARTESIAN_POINT('Ctrl Pts',(-6.17229755741127,25.4189966371596,21.7980725183167));
#2963=CARTESIAN_POINT('Ctrl Pts',(-6.17036861893715,25.2750372057709,21.7980788052488));
#2964=CARTESIAN_POINT('Ctrl Pts',(-6.16342366172816,25.1306456694004,21.7980867066423));
#2965=CARTESIAN_POINT('Ctrl Pts',(-6.15138826158326,24.9863642665675,21.7980959553531));
#2966=CARTESIAN_POINT('Ctrl Pts',(-6.13936357086031,24.8422112491977,21.7981051958342));
#2967=CARTESIAN_POINT('Ctrl Pts',(-6.12225746452901,24.6981687731659,21.7981157812369));
#2968=CARTESIAN_POINT('Ctrl Pts',(-6.10004733877272,24.5547824474383,21.7981274451321));
#2969=CARTESIAN_POINT('Ctrl Pts',(-6.07795131605389,24.4121327593811,21.7981390491049));
#2970=CARTESIAN_POINT('Ctrl Pts',(-6.05080361318421,24.270133093076,21.7981517205182));
#2971=CARTESIAN_POINT('Ctrl Pts',(-6.01863300906461,24.1293164884518,21.7981651970147));
#2972=CARTESIAN_POINT('Ctrl Pts',(-5.98626217810417,23.9876234544085,21.7981787573876));
#2973=CARTESIAN_POINT('Ctrl Pts',(-5.94880588750853,23.8471288426689,21.7981931328973));
#2974=CARTESIAN_POINT('Ctrl Pts',(-5.90650575587841,23.7083379989484,21.798208056231));
#2975=CARTESIAN_POINT('Ctrl Pts',(-5.8641281750554,23.5692930368974,21.7982230068886));
#2976=CARTESIAN_POINT('Ctrl Pts',(-5.81688928954279,23.4319586543395,21.7982385073786));
#2977=CARTESIAN_POINT('Ctrl Pts',(-5.76507934745872,23.296821049438,21.7982542888823));
#2978=CARTESIAN_POINT('Ctrl Pts',(-5.73741073068086,23.2246520708233,21.7982627168472));
#2979=CARTESIAN_POINT('Ctrl Pts',(-5.7084392280197,23.1531091877919,21.7982712249565));
#2980=CARTESIAN_POINT('Ctrl Pts',(-5.67821410842794,23.0822630548952,21.798279772262));
#2981=CARTESIAN_POINT('Ctrl Pts',(-5.62106487426302,22.9483081758649,21.7982959333879));
#2982=CARTESIAN_POINT('Ctrl Pts',(-5.55901279813072,22.8158696105812,21.7983010766222));
#2983=CARTESIAN_POINT('Ctrl Pts',(-5.49222023484465,22.6854897821021,21.7982987275305));
#2984=CARTESIAN_POINT('Ctrl Pts',(-5.42528230954113,22.5548262053437,21.7982963733263));
#2985=CARTESIAN_POINT('Ctrl Pts',(-5.35358346443223,22.426230926147,21.7982864942367));
#2986=CARTESIAN_POINT('Ctrl Pts',(-5.27733756514242,22.3002354648498,21.7982726396942));
#2987=CARTESIAN_POINT('Ctrl Pts',(-5.20142060226464,22.1747835671457,21.7982588449223));
#2988=CARTESIAN_POINT('Ctrl Pts',(-5.12099603032338,22.0519096653103,21.7982411089706));
#2989=CARTESIAN_POINT('Ctrl Pts',(-5.03632094141649,21.932115516421,21.7982229353252));
#2990=CARTESIAN_POINT('Ctrl Pts',(-4.96893797161461,21.8367854066891,21.7982084730528));
#2991=CARTESIAN_POINT('Ctrl Pts',(-4.89886421889229,21.7434052734616,21.7981937335943));
#2992=CARTESIAN_POINT('Ctrl Pts',(-4.82624827855136,21.6522139878121,21.7981804822479));
#2993=CARTESIAN_POINT('Ctrl Pts',(-4.73456991499188,21.5370840617934,21.7981637522884));
#2994=CARTESIAN_POINT('Ctrl Pts',(-4.63883872775058,21.4254444055718,21.7981493942702));
#2995=CARTESIAN_POINT('Ctrl Pts',(-4.53950287199354,21.3176312146165,21.7981409602003));
#2996=CARTESIAN_POINT('Ctrl Pts',(-4.47317683384024,21.2456449035082,21.7981353288155));
#2997=CARTESIAN_POINT('Ctrl Pts',(-4.40524453598402,21.1753637183406,21.7981323384102));
#2998=CARTESIAN_POINT('Ctrl Pts',(-4.33584699870201,21.1068772756551,21.7981330463461));
#2999=CARTESIAN_POINT('Ctrl Pts',(-4.23430272952927,21.0066661436306,21.7981340822161));
#3000=CARTESIAN_POINT('Ctrl Pts',(-4.12893303781608,20.9096244552595,21.7981312496013));
#3001=CARTESIAN_POINT('Ctrl Pts',(-4.02007796857034,20.8161551080524,21.798126499633));
#3002=CARTESIAN_POINT('Ctrl Pts',(-3.91065662213989,20.7221995220403,21.7981217249548));
#3003=CARTESIAN_POINT('Ctrl Pts',(-3.79771393493051,20.6318539744844,21.7981150129352));
#3004=CARTESIAN_POINT('Ctrl Pts',(-3.6816358069643,20.5454942554428,21.798108345289));
#3005=CARTESIAN_POINT('Ctrl Pts',(-3.56574929884187,20.4592770975897,21.7981016886497));
#3006=CARTESIAN_POINT('Ctrl Pts',(-3.44673815435522,20.37703300324,21.798095076237));
#3007=CARTESIAN_POINT('Ctrl Pts',(-3.32502015236472,20.2990965922192,21.7980904798497));
#3008=CARTESIAN_POINT('Ctrl Pts',(-3.20434935398994,20.2218307088941,21.7980859230076));
#3009=CARTESIAN_POINT('Ctrl Pts',(-3.08101856313947,20.1487990068608,21.7980833476375));
#3010=CARTESIAN_POINT('Ctrl Pts',(-2.95546096910386,20.0802838392498,21.7980846750648));
#3011=CARTESIAN_POINT('Ctrl Pts',(-2.86415579014773,20.0304597749391,21.7980856403667));
#3012=CARTESIAN_POINT('Ctrl Pts',(-2.77167360580696,19.983023239311,21.7980886695282));
#3013=CARTESIAN_POINT('Ctrl Pts',(-2.67818757774083,19.9380667537051,21.7980945014799));
#3014=CARTESIAN_POINT('Ctrl Pts',(-2.56790205598985,19.8850315614556,21.7981013814367));
#3015=CARTESIAN_POINT('Ctrl Pts',(-2.45621969441202,19.8354483692942,21.7981121619981));
#3016=CARTESIAN_POINT('Ctrl Pts',(-2.34350687401939,19.7893558101361,21.7981280566272));
#3017=CARTESIAN_POINT('Ctrl Pts',(-2.19988517851668,19.7306234363629,21.7981483099895));
#3018=CARTESIAN_POINT('Ctrl Pts',(-2.05351554068884,19.6771234073199,21.7981567227225));
#3019=CARTESIAN_POINT('Ctrl Pts',(-1.90500324188203,19.6291013408509,21.798157140116));
#3020=CARTESIAN_POINT('Ctrl Pts',(-1.7516144074317,19.579502426399,21.798157571215));
#3021=CARTESIAN_POINT('Ctrl Pts',(-1.59594044832959,19.5357475631505,21.7981494733934));
#3022=CARTESIAN_POINT('Ctrl Pts',(-1.43867974026301,19.4980599901749,21.7981370844329));
#3023=CARTESIAN_POINT('Ctrl Pts',(-1.28285395341349,19.460716296473,21.7981248085152));
#3024=CARTESIAN_POINT('Ctrl Pts',(-1.1254710317484,19.4293297723483,21.7981083194684));
#3025=CARTESIAN_POINT('Ctrl Pts',(-0.967230297906883,19.4040683249554,21.7980917399473));
#3026=CARTESIAN_POINT('Ctrl Pts',(-0.806803825193306,19.3784579476365,21.7980749314175));
#3027=CARTESIAN_POINT('Ctrl Pts',(-0.64549645556953,19.3591433058559,21.7980580298994));
#3028=CARTESIAN_POINT('Ctrl Pts',(-0.484045706221632,19.3462453513506,21.7980453305987));
#3029=CARTESIAN_POINT('Ctrl Pts',(-0.322594956873733,19.3333473968453,21.798032631298));
#3030=CARTESIAN_POINT('Ctrl Pts',(-0.161001639196309,19.3268662713158,21.7980241341546));
#3031=CARTESIAN_POINT('Ctrl Pts',(-2.53618687076765E-15,19.3268662713158,
21.7980241341546));
#3032=CARTESIAN_POINT('Origin',(0.,25.5,24.2996565266384));
#3033=CARTESIAN_POINT('',(1.23259516440783E-31,18.1866518868723,23.9596483977097));
#3034=CARTESIAN_POINT('Origin',(0.,25.5,23.9596483977097));
#3035=CARTESIAN_POINT('',(0.,18.5347205520638,23.8));
#3036=CARTESIAN_POINT('Origin',(0.,18.553250403321,24.2996565266384));
#3037=CARTESIAN_POINT('Origin',(0.,25.5,23.8));
#3038=CARTESIAN_POINT('Origin',(0.,25.5,24.25));
#3039=CARTESIAN_POINT('',(9.63380469334623E-16,17.6334014835513,24.5561658331051));
#3040=CARTESIAN_POINT('',(-7.86659851644871,25.5,24.5561658331051));
#3041=CARTESIAN_POINT('Origin',(1.20422558666828E-15,25.5,24.5561658331051));
#3042=CARTESIAN_POINT('',(9.28605546704511E-16,17.9173602760319,24.25));
#3043=CARTESIAN_POINT('Origin',(1.20422558666828E-15,25.5,24.5561658331051));
#3044=CARTESIAN_POINT('Origin',(0.,25.5,24.8961739620338));
#3045=CARTESIAN_POINT('Origin',(-7.5,25.5,24.8961739620338));
#3046=CARTESIAN_POINT('Origin',(0.,25.5,25.45));
#3047=CARTESIAN_POINT('Origin',(0.,32.65,3.));
#3048=CARTESIAN_POINT('',(3.,25.5,3.));
#3049=CARTESIAN_POINT('Origin',(0.,25.5,3.));
#3050=CARTESIAN_POINT('Ctrl Pts',(0.,31.7,22.));
#3051=CARTESIAN_POINT('Ctrl Pts',(-6.2,31.7,22.));
#3052=CARTESIAN_POINT('Ctrl Pts',(-6.2,25.5,22.));
#3053=CARTESIAN_POINT('Ctrl Pts',(-6.2,19.3,22.));
#3054=CARTESIAN_POINT('Ctrl Pts',(0.,19.3,22.));
#3055=CARTESIAN_POINT('Ctrl Pts',(6.2,19.3,22.));
#3056=CARTESIAN_POINT('Ctrl Pts',(6.2,25.5,22.));
#3057=CARTESIAN_POINT('Ctrl Pts',(6.2,31.7,22.));
#3058=CARTESIAN_POINT('Ctrl Pts',(0.,31.7,22.));
#3059=CARTESIAN_POINT('Ctrl Pts',(0.,31.6999217784075,21.99926198904));
#3060=CARTESIAN_POINT('Ctrl Pts',(-6.19992177840749,31.6999217784075,21.99926198904));
#3061=CARTESIAN_POINT('Ctrl Pts',(-6.1999217784075,25.5,21.99926198904));
#3062=CARTESIAN_POINT('Ctrl Pts',(-6.19992177840749,19.3000782215925,21.99926198904));
#3063=CARTESIAN_POINT('Ctrl Pts',(0.,19.3000782215925,21.99926198904));
#3064=CARTESIAN_POINT('Ctrl Pts',(6.19992177840749,19.3000782215925,21.99926198904));
#3065=CARTESIAN_POINT('Ctrl Pts',(6.1999217784075,25.5,21.99926198904));
#3066=CARTESIAN_POINT('Ctrl Pts',(6.19992177840749,31.6999217784075,21.99926198904));
#3067=CARTESIAN_POINT('Ctrl Pts',(0.,31.6999217784075,21.99926198904));
#3068=CARTESIAN_POINT('Ctrl Pts',(0.,31.6217784074948,21.2619890399795));
#3069=CARTESIAN_POINT('Ctrl Pts',(-6.12177840749481,31.6217784074948,21.2619890399795));
#3070=CARTESIAN_POINT('Ctrl Pts',(-6.12177840749482,25.5,21.2619890399795));
#3071=CARTESIAN_POINT('Ctrl Pts',(-6.12177840749481,19.3782215925052,21.2619890399795));
#3072=CARTESIAN_POINT('Ctrl Pts',(0.,19.3782215925052,21.2619890399795));
#3073=CARTESIAN_POINT('Ctrl Pts',(6.12177840749481,19.3782215925052,21.2619890399795));
#3074=CARTESIAN_POINT('Ctrl Pts',(6.12177840749482,25.5,21.2619890399795));
#3075=CARTESIAN_POINT('Ctrl Pts',(6.12177840749481,31.6217784074948,21.2619890399795));
#3076=CARTESIAN_POINT('Ctrl Pts',(0.,31.6217784074948,21.2619890399795));
#3077=CARTESIAN_POINT('Ctrl Pts',(0.,31.1715406328241,20.6812411176156));
#3078=CARTESIAN_POINT('Ctrl Pts',(-5.67154063282407,31.1715406328241,20.6812411176156));
#3079=CARTESIAN_POINT('Ctrl Pts',(-5.67154063282407,25.5,20.6812411176156));
#3080=CARTESIAN_POINT('Ctrl Pts',(-5.67154063282407,19.8284593671759,20.6812411176156));
#3081=CARTESIAN_POINT('Ctrl Pts',(0.,19.8284593671759,20.6812411176156));
#3082=CARTESIAN_POINT('Ctrl Pts',(5.67154063282407,19.8284593671759,20.6812411176156));
#3083=CARTESIAN_POINT('Ctrl Pts',(5.67154063282407,25.5,20.6812411176156));
#3084=CARTESIAN_POINT('Ctrl Pts',(5.67154063282407,31.1715406328241,20.6812411176156));
#3085=CARTESIAN_POINT('Ctrl Pts',(0.,31.1715406328241,20.6812411176156));
#3086=CARTESIAN_POINT('Ctrl Pts',(0.,29.5858629753533,19.8436185396084));
#3087=CARTESIAN_POINT('Ctrl Pts',(-4.0858629753533,29.5858629753533,19.8436185396084));
#3088=CARTESIAN_POINT('Ctrl Pts',(-4.0858629753533,25.5,19.8436185396084));
#3089=CARTESIAN_POINT('Ctrl Pts',(-4.0858629753533,21.4141370246467,19.8436185396084));
#3090=CARTESIAN_POINT('Ctrl Pts',(0.,21.4141370246467,19.8436185396084));
#3091=CARTESIAN_POINT('Ctrl Pts',(4.0858629753533,21.4141370246467,19.8436185396084));
#3092=CARTESIAN_POINT('Ctrl Pts',(4.0858629753533,25.5,19.8436185396084));
#3093=CARTESIAN_POINT('Ctrl Pts',(4.0858629753533,29.5858629753533,19.8436185396084));
#3094=CARTESIAN_POINT('Ctrl Pts',(0.,29.5858629753533,19.8436185396084));
#3095=CARTESIAN_POINT('Ctrl Pts',(0.,29.3907747275034,18.4814714031908));
#3096=CARTESIAN_POINT('Ctrl Pts',(-3.89077472750337,29.3907747275034,18.4814714031908));
#3097=CARTESIAN_POINT('Ctrl Pts',(-3.89077472750337,25.5,18.4814714031908));
#3098=CARTESIAN_POINT('Ctrl Pts',(-3.89077472750337,21.6092252724966,18.4814714031908));
#3099=CARTESIAN_POINT('Ctrl Pts',(0.,21.6092252724966,18.4814714031908));
#3100=CARTESIAN_POINT('Ctrl Pts',(3.89077472750337,21.6092252724966,18.4814714031908));
#3101=CARTESIAN_POINT('Ctrl Pts',(3.89077472750337,25.5,18.4814714031908));
#3102=CARTESIAN_POINT('Ctrl Pts',(3.89077472750337,29.3907747275034,18.4814714031908));
#3103=CARTESIAN_POINT('Ctrl Pts',(0.,29.3907747275034,18.4814714031908));
#3104=CARTESIAN_POINT('Ctrl Pts',(0.,29.9032594623143,9.01917831197963));
#3105=CARTESIAN_POINT('Ctrl Pts',(-4.4032594623143,29.9032594623143,9.01917831197963));
#3106=CARTESIAN_POINT('Ctrl Pts',(-4.4032594623143,25.5,9.01917831197963));
#3107=CARTESIAN_POINT('Ctrl Pts',(-4.4032594623143,21.0967405376857,9.01917831197962));
#3108=CARTESIAN_POINT('Ctrl Pts',(0.,21.0967405376857,9.01917831197962));
#3109=CARTESIAN_POINT('Ctrl Pts',(4.4032594623143,21.0967405376857,9.01917831197962));
#3110=CARTESIAN_POINT('Ctrl Pts',(4.4032594623143,25.5,9.01917831197963));
#3111=CARTESIAN_POINT('Ctrl Pts',(4.4032594623143,29.9032594623143,9.01917831197963));
#3112=CARTESIAN_POINT('Ctrl Pts',(0.,29.9032594623143,9.01917831197963));
#3113=CARTESIAN_POINT('Ctrl Pts',(0.,33.459004927407,8.43000268020231));
#3114=CARTESIAN_POINT('Ctrl Pts',(-7.95900492740698,33.459004927407,8.43000268020231));
#3115=CARTESIAN_POINT('Ctrl Pts',(-7.95900492740698,25.5,8.4300026802023));
#3116=CARTESIAN_POINT('Ctrl Pts',(-7.95900492740698,17.540995072593,8.4300026802023));
#3117=CARTESIAN_POINT('Ctrl Pts',(0.,17.540995072593,8.4300026802023));
#3118=CARTESIAN_POINT('Ctrl Pts',(7.95900492740698,17.540995072593,8.4300026802023));
#3119=CARTESIAN_POINT('Ctrl Pts',(7.95900492740698,25.5,8.4300026802023));
#3120=CARTESIAN_POINT('Ctrl Pts',(7.95900492740698,33.459004927407,8.43000268020231));
#3121=CARTESIAN_POINT('Ctrl Pts',(0.,33.459004927407,8.43000268020231));
#3122=CARTESIAN_POINT('Ctrl Pts',(0.,32.6685254341772,6.88718618268326));
#3123=CARTESIAN_POINT('Ctrl Pts',(-7.16852543417723,32.6685254341772,6.88718618268326));
#3124=CARTESIAN_POINT('Ctrl Pts',(-7.16852543417723,25.5,6.88718618268326));
#3125=CARTESIAN_POINT('Ctrl Pts',(-7.16852543417723,18.3314745658228,6.88718618268326));
#3126=CARTESIAN_POINT('Ctrl Pts',(0.,18.3314745658228,6.88718618268326));
#3127=CARTESIAN_POINT('Ctrl Pts',(7.16852543417723,18.3314745658228,6.88718618268326));
#3128=CARTESIAN_POINT('Ctrl Pts',(7.16852543417723,25.5,6.88718618268326));
#3129=CARTESIAN_POINT('Ctrl Pts',(7.16852543417723,32.6685254341772,6.88718618268326));
#3130=CARTESIAN_POINT('Ctrl Pts',(0.,32.6685254341772,6.88718618268326));
#3131=CARTESIAN_POINT('Ctrl Pts',(0.,33.1018202601038,6.06552762622135));
#3132=CARTESIAN_POINT('Ctrl Pts',(-7.60182026010385,33.1018202601038,6.06552762622135));
#3133=CARTESIAN_POINT('Ctrl Pts',(-7.60182026010385,25.5,6.06552762622135));
#3134=CARTESIAN_POINT('Ctrl Pts',(-7.60182026010385,17.8981797398962,6.06552762622135));
#3135=CARTESIAN_POINT('Ctrl Pts',(0.,17.8981797398962,6.06552762622135));
#3136=CARTESIAN_POINT('Ctrl Pts',(7.60182026010385,17.8981797398962,6.06552762622135));
#3137=CARTESIAN_POINT('Ctrl Pts',(7.60182026010385,25.5,6.06552762622135));
#3138=CARTESIAN_POINT('Ctrl Pts',(7.60182026010385,33.1018202601038,6.06552762622135));
#3139=CARTESIAN_POINT('Ctrl Pts',(0.,33.1018202601038,6.06552762622135));
#3140=CARTESIAN_POINT('Ctrl Pts',(0.,33.8161895947101,5.91484545548548));
#3141=CARTESIAN_POINT('Ctrl Pts',(-8.31618959471011,33.8161895947101,5.91484545548548));
#3142=CARTESIAN_POINT('Ctrl Pts',(-8.31618959471011,25.5,5.91484545548548));
#3143=CARTESIAN_POINT('Ctrl Pts',(-8.31618959471011,17.1838104052899,5.91484545548548));
#3144=CARTESIAN_POINT('Ctrl Pts',(0.,17.1838104052899,5.91484545548548));
#3145=CARTESIAN_POINT('Ctrl Pts',(8.31618959471011,17.1838104052899,5.91484545548548));
#3146=CARTESIAN_POINT('Ctrl Pts',(8.31618959471011,25.5,5.91484545548548));
#3147=CARTESIAN_POINT('Ctrl Pts',(8.31618959471011,33.8161895947101,5.91484545548548));
#3148=CARTESIAN_POINT('Ctrl Pts',(0.,33.8161895947101,5.91484545548548));
#3149=CARTESIAN_POINT('Ctrl Pts',(0.,34.2463235573066,5.21490135898318));
#3150=CARTESIAN_POINT('Ctrl Pts',(-8.74632355730664,34.2463235573066,5.21490135898318));
#3151=CARTESIAN_POINT('Ctrl Pts',(-8.74632355730665,25.5,5.21490135898318));
#3152=CARTESIAN_POINT('Ctrl Pts',(-8.74632355730664,16.7536764426934,5.21490135898319));
#3153=CARTESIAN_POINT('Ctrl Pts',(0.,16.7536764426934,5.21490135898319));
#3154=CARTESIAN_POINT('Ctrl Pts',(8.74632355730664,16.7536764426934,5.21490135898319));
#3155=CARTESIAN_POINT('Ctrl Pts',(8.74632355730665,25.5,5.21490135898318));
#3156=CARTESIAN_POINT('Ctrl Pts',(8.74632355730664,34.2463235573066,5.21490135898318));
#3157=CARTESIAN_POINT('Ctrl Pts',(0.,34.2463235573066,5.21490135898318));
#3158=CARTESIAN_POINT('Ctrl Pts',(0.,34.509632872082,4.03653404801948));
#3159=CARTESIAN_POINT('Ctrl Pts',(-9.00963287208202,34.509632872082,4.03653404801948));
#3160=CARTESIAN_POINT('Ctrl Pts',(-9.00963287208202,25.5,4.03653404801948));
#3161=CARTESIAN_POINT('Ctrl Pts',(-9.00963287208202,16.490367127918,4.03653404801948));
#3162=CARTESIAN_POINT('Ctrl Pts',(0.,16.490367127918,4.03653404801948));
#3163=CARTESIAN_POINT('Ctrl Pts',(9.00963287208202,16.490367127918,4.03653404801948));
#3164=CARTESIAN_POINT('Ctrl Pts',(9.00963287208202,25.5,4.03653404801948));
#3165=CARTESIAN_POINT('Ctrl Pts',(9.00963287208202,34.509632872082,4.03653404801948));
#3166=CARTESIAN_POINT('Ctrl Pts',(0.,34.509632872082,4.03653404801948));
#3167=CARTESIAN_POINT('Ctrl Pts',(0.,34.0972641033898,2.25538448287181));
#3168=CARTESIAN_POINT('Ctrl Pts',(-8.59726410338975,34.0972641033898,2.25538448287181));
#3169=CARTESIAN_POINT('Ctrl Pts',(-8.59726410338975,25.5,2.25538448287181));
#3170=CARTESIAN_POINT('Ctrl Pts',(-8.59726410338975,16.9027358966102,2.25538448287181));
#3171=CARTESIAN_POINT('Ctrl Pts',(0.,16.9027358966102,2.25538448287181));
#3172=CARTESIAN_POINT('Ctrl Pts',(8.59726410338975,16.9027358966102,2.25538448287181));
#3173=CARTESIAN_POINT('Ctrl Pts',(8.59726410338975,25.5,2.25538448287181));
#3174=CARTESIAN_POINT('Ctrl Pts',(8.59726410338975,34.0972641033898,2.25538448287181));
#3175=CARTESIAN_POINT('Ctrl Pts',(0.,34.0972641033898,2.25538448287181));
#3176=CARTESIAN_POINT('Ctrl Pts',(0.,33.5351150860305,1.20265045532431));
#3177=CARTESIAN_POINT('Ctrl Pts',(-8.03511508603047,33.5351150860305,1.20265045532431));
#3178=CARTESIAN_POINT('Ctrl Pts',(-8.03511508603047,25.5,1.20265045532431));
#3179=CARTESIAN_POINT('Ctrl Pts',(-8.03511508603047,17.4648849139695,1.20265045532431));
#3180=CARTESIAN_POINT('Ctrl Pts',(0.,17.4648849139695,1.20265045532431));
#3181=CARTESIAN_POINT('Ctrl Pts',(8.03511508603047,17.4648849139695,1.20265045532431));
#3182=CARTESIAN_POINT('Ctrl Pts',(8.03511508603047,25.5,1.20265045532431));
#3183=CARTESIAN_POINT('Ctrl Pts',(8.03511508603047,33.5351150860305,1.20265045532431));
#3184=CARTESIAN_POINT('Ctrl Pts',(0.,33.5351150860305,1.20265045532431));
#3185=CARTESIAN_POINT('Ctrl Pts',(0.,32.65,0.8));
#3186=CARTESIAN_POINT('Ctrl Pts',(-7.15,32.65,0.8));
#3187=CARTESIAN_POINT('Ctrl Pts',(-7.15,25.5,0.800000000000001));
#3188=CARTESIAN_POINT('Ctrl Pts',(-7.15,18.35,0.800000000000001));
#3189=CARTESIAN_POINT('Ctrl Pts',(0.,18.35,0.800000000000001));
#3190=CARTESIAN_POINT('Ctrl Pts',(7.15,18.35,0.800000000000001));
#3191=CARTESIAN_POINT('Ctrl Pts',(7.15,25.5,0.800000000000001));
#3192=CARTESIAN_POINT('Ctrl Pts',(7.15,32.65,0.8));
#3193=CARTESIAN_POINT('Ctrl Pts',(0.,32.65,0.8));
#3194=CARTESIAN_POINT('',(0.,32.65,0.8));
#3195=CARTESIAN_POINT('Ctrl Pts',(0.,32.65,0.8));
#3196=CARTESIAN_POINT('Ctrl Pts',(0.,33.5351150860305,1.20265045532431));
#3197=CARTESIAN_POINT('Ctrl Pts',(0.,34.0972641033898,2.25538448287181));
#3198=CARTESIAN_POINT('Ctrl Pts',(0.,34.509632872082,4.03653404801948));
#3199=CARTESIAN_POINT('Ctrl Pts',(0.,34.2463235573066,5.21490135898318));
#3200=CARTESIAN_POINT('Ctrl Pts',(0.,33.8161895947101,5.91484545548548));
#3201=CARTESIAN_POINT('Ctrl Pts',(0.,33.1018202601038,6.06552762622135));
#3202=CARTESIAN_POINT('Ctrl Pts',(0.,32.6685254341772,6.88718618268326));
#3203=CARTESIAN_POINT('Ctrl Pts',(0.,33.459004927407,8.43000268020231));
#3204=CARTESIAN_POINT('Ctrl Pts',(0.,29.9032594623143,9.01917831197963));
#3205=CARTESIAN_POINT('Ctrl Pts',(0.,29.3907747275034,18.4814714031908));
#3206=CARTESIAN_POINT('Ctrl Pts',(0.,29.5858629753533,19.8436185396084));
#3207=CARTESIAN_POINT('Ctrl Pts',(0.,31.1281879440024,20.6583403781095));
#3208=CARTESIAN_POINT('Ctrl Pts',(0.,31.5715157511869,21.1989622444263));
#3209=CARTESIAN_POINT('Ctrl Pts',(0.,31.6687629290667,21.770512044565));
#3210=CARTESIAN_POINT('Ctrl Pts',(0.,31.6731337286842,21.7980241341545));
#3211=CARTESIAN_POINT('',(-7.15,25.5,0.800000000000001));
#3212=CARTESIAN_POINT('Origin',(0.,25.5,0.800000000000001));
#3213=CARTESIAN_POINT('Origin',(0.,25.5,0.800000000000001));
#3214=CARTESIAN_POINT('Origin',(0.,25.5,22.9));
#3215=CARTESIAN_POINT('',(7.98792985994892E-16,18.9773602760319,22.9));
#3216=CARTESIAN_POINT('Origin',(0.,25.5,3.));
#3217=CARTESIAN_POINT('',(-7.15,25.5,0.));
#3218=CARTESIAN_POINT('Origin',(0.,25.5,0.));
#3219=CARTESIAN_POINT('',(-7.15,25.5,3.));
#3220=CARTESIAN_POINT('Origin',(0.,25.5,0.));
#3221=CARTESIAN_POINT('',(3.,25.5,0.));
#3222=CARTESIAN_POINT('',(3.,25.5,0.));
#3223=CARTESIAN_POINT('Origin',(0.,25.5,0.));
#3224=CARTESIAN_POINT('Origin',(0.,25.5,0.));
#3225=UNCERTAINTY_MEASURE_WITH_UNIT(LENGTH_MEASURE(0.01),#3229,
'DISTANCE_ACCURACY_VALUE',
'Maximum model space distance between geometric entities at asserted c
onnectivities');
#3226=UNCERTAINTY_MEASURE_WITH_UNIT(LENGTH_MEASURE(0.01),#3229,
'DISTANCE_ACCURACY_VALUE',
'Maximum model space distance between geometric entities at asserted c
onnectivities');
#3227=(
GEOMETRIC_REPRESENTATION_CONTEXT(3)
GLOBAL_UNCERTAINTY_ASSIGNED_CONTEXT((#3225))
GLOBAL_UNIT_ASSIGNED_CONTEXT((#3229,#3231,#3232))
REPRESENTATION_CONTEXT('','3D')
);
#3228=(
GEOMETRIC_REPRESENTATION_CONTEXT(3)
GLOBAL_UNCERTAINTY_ASSIGNED_CONTEXT((#3226))
GLOBAL_UNIT_ASSIGNED_CONTEXT((#3229,#3231,#3232))
REPRESENTATION_CONTEXT('','3D')
);
#3229=(
LENGTH_UNIT()
NAMED_UNIT(*)
SI_UNIT(.MILLI.,.METRE.)
);
#3230=(
LENGTH_UNIT()
NAMED_UNIT(*)
SI_UNIT(.CENTI.,.METRE.)
);
#3231=(
NAMED_UNIT(*)
PLANE_ANGLE_UNIT()
SI_UNIT($,.RADIAN.)
);
#3232=(
NAMED_UNIT(*)
SI_UNIT($,.STERADIAN.)
SOLID_ANGLE_UNIT()
);
#3233=SHAPE_DEFINITION_REPRESENTATION(#3234,#3235);
#3234=PRODUCT_DEFINITION_SHAPE('',$,#3237);
#3235=SHAPE_REPRESENTATION('',(#1512),#3227);
#3236=PRODUCT_DEFINITION_CONTEXT('part definition',#3241,'design');
#3237=PRODUCT_DEFINITION('rook-white','rook-white',#3238,#3236);
#3238=PRODUCT_DEFINITION_FORMATION('',$,#3243);
#3239=PRODUCT_RELATED_PRODUCT_CATEGORY('rook-white','rook-white',(#3243));
#3240=APPLICATION_PROTOCOL_DEFINITION('international standard',
'automotive_design',2009,#3241);
#3241=APPLICATION_CONTEXT(
'Core Data for Automotive Mechanical Design Process');
#3242=PRODUCT_CONTEXT('part definition',#3241,'mechanical');
#3243=PRODUCT('rook-white','rook-white',$,(#3242));
#3244=PRESENTATION_STYLE_ASSIGNMENT((#3245));
#3245=SURFACE_STYLE_USAGE(.BOTH.,#3248);
#3246=SURFACE_STYLE_RENDERING_WITH_PROPERTIES($,#3252,(#3247));
#3247=SURFACE_STYLE_TRANSPARENT(0.);
#3248=SURFACE_SIDE_STYLE('',(#3249,#3246));
#3249=SURFACE_STYLE_FILL_AREA(#3250);
#3250=FILL_AREA_STYLE('',(#3251));
#3251=FILL_AREA_STYLE_COLOUR('',#3252);
#3252=COLOUR_RGB('',0.749019607843137,0.749019607843137,0.749019607843137);
ENDSEC;
END-ISO-10303-21;
