ISO-10303-21;
HEADER;
/* Generated by software containing ST-Developer
 * from STEP Tools, Inc. (www.steptools.com) 
 */

FILE_DESCRIPTION(
/* description */ (''),
/* implementation_level */ '2;1');

FILE_NAME(
/* name */ 'V6-pen-case-body-Y26.stp',
/* time_stamp */ '2026-02-12T22:56:46Z',
/* author */ ('iwheard'),
/* organization */ (''),
/* preprocessor_version */ 'ST-DEVELOPER v20',
/* originating_system */ 'Autodesk Inventor 2024',
/* authorisation */ '');

FILE_SCHEMA (('AUTOMOTIVE_DESIGN { 1 0 10303 214 3 1 1 }'));
ENDSEC;

DATA;
#10=MECHANICAL_DESIGN_GEOMETRIC_PRESENTATION_REPRESENTATION('',(#68,#69,
#70,#71,#72,#73,#74,#75,#76,#77,#78,#79,#80,#81,#82,#83,#84,#85,#86,#87,
#88,#89,#90,#91,#92,#93,#94,#95,#96,#97,#98,#99,#100,#101,#102,#103,#104,
#105,#106,#107,#108,#109,#110,#111,#112,#113,#114,#115,#116,#117,#118,#119,
#120,#121,#122,#123,#124,#125,#126,#127,#128,#129,#130,#131,#132,#133,#134,
#135,#136,#137,#138,#139,#140,#141,#142,#143,#144,#145,#146,#147,#148,#149,
#150,#151,#152,#153,#154,#155,#156,#157,#158,#159,#160,#161,#162,#163,#164,
#165,#166,#167,#168,#169,#170,#171,#172,#173,#174,#175,#176,#177,#178,#179,
#180,#181,#182,#183,#184,#185,#186,#187,#188,#189,#190,#191,#192,#193,#194,
#195,#196,#197,#198),#6940);
#11=SHAPE_REPRESENTATION_RELATIONSHIP('SRR','None',#6947,#12);
#12=ADVANCED_BREP_SHAPE_REPRESENTATION('',(#13),#6939);
#13=MANIFOLD_SOLID_BREP('case',#3354);
#14=ELLIPSE('',#3516,41.1021093530128,3.);
#15=FACE_BOUND('',#649,.T.);
#16=FACE_BOUND('',#650,.T.);
#17=FACE_BOUND('',#668,.T.);
#18=FACE_BOUND('',#697,.T.);
#19=FACE_BOUND('',#698,.T.);
#20=CONICAL_SURFACE('',#3462,25.,0.174532925199433);
#21=CONICAL_SURFACE('',#3464,25.,0.174532925199433);
#22=CONICAL_SURFACE('',#3513,25.,0.174532925199433);
#23=CONICAL_SURFACE('',#3539,40.,0.10471975511966);
#24=CONICAL_SURFACE('',#3541,40.,0.10471975511966);
#25=CONICAL_SURFACE('',#3543,40.,0.10471975511966);
#26=CONICAL_SURFACE('',#3545,40.,0.10471975511966);
#27=CONICAL_SURFACE('',#3547,40.,0.10471975511966);
#28=CONICAL_SURFACE('',#3549,40.,0.10471975511966);
#29=CONICAL_SURFACE('',#3568,40.,0.10471975511966);
#30=CONICAL_SURFACE('',#3570,40.,0.10471975511966);
#31=CONICAL_SURFACE('',#3571,40.,0.10471975511966);
#32=CONICAL_SURFACE('',#3572,40.,0.10471975511966);
#33=CONICAL_SURFACE('',#3573,40.,0.10471975511966);
#34=CONICAL_SURFACE('',#3574,40.,0.10471975511966);
#35=CONICAL_SURFACE('',#3575,40.,0.10471975511966);
#36=CONICAL_SURFACE('',#3576,40.,0.10471975511966);
#37=CONICAL_SURFACE('',#3581,25.,0.174532925199433);
#38=CONICAL_SURFACE('',#3625,16.,0.174532925199433);
#39=CONICAL_SURFACE('',#3659,16.,0.174532925199433);
#40=CONICAL_SURFACE('',#3680,3.2,0.785398163397449);
#41=CONICAL_SURFACE('',#3683,3.2,0.785398163397448);
#42=CONICAL_SURFACE('',#3686,3.2,0.785398163397449);
#43=CONICAL_SURFACE('',#3689,3.20000000000001,0.785398163397448);
#44=CONICAL_SURFACE('',#3706,6.,0.785398163397449);
#45=CONICAL_SURFACE('',#3709,6.,0.785398163397448);
#46=CONICAL_SURFACE('',#3712,6.,0.785398163397448);
#47=CONICAL_SURFACE('',#3713,6.,0.785398163397449);
#48=(
BOUNDED_CURVE()
B_SPLINE_CURVE(2,(#5265,#5266,#5267),.UNSPECIFIED.,.F.,.F.)
B_SPLINE_CURVE_WITH_KNOTS((3,3),(1.66649517161286,1.69514420148446),
 .UNSPECIFIED.)
CURVE()
GEOMETRIC_REPRESENTATION_ITEM()
RATIONAL_B_SPLINE_CURVE((1.00143383138975,1.00139259408957,1.00134951520304))
REPRESENTATION_ITEM('')
);
#49=(
BOUNDED_CURVE()
B_SPLINE_CURVE(2,(#5560,#5561,#5562),.UNSPECIFIED.,.F.,.F.)
B_SPLINE_CURVE_WITH_KNOTS((3,3),(1.91144059036912,2.2269036527709),
 .UNSPECIFIED.)
CURVE()
GEOMETRIC_REPRESENTATION_ITEM()
RATIONAL_B_SPLINE_CURVE((1.,1.,1.))
REPRESENTATION_ITEM('')
);
#50=(
BOUNDED_CURVE()
B_SPLINE_CURVE(2,(#6155,#6156,#6157),.UNSPECIFIED.,.F.,.F.)
B_SPLINE_CURVE_WITH_KNOTS((3,3),(0.,2.60402097509049),.UNSPECIFIED.)
CURVE()
GEOMETRIC_REPRESENTATION_ITEM()
RATIONAL_B_SPLINE_CURVE((1.,1.02564102564102,1.))
REPRESENTATION_ITEM('')
);
#51=(
BOUNDED_CURVE()
B_SPLINE_CURVE(2,(#6162,#6163,#6164),.UNSPECIFIED.,.F.,.F.)
B_SPLINE_CURVE_WITH_KNOTS((3,3),(0.,2.60402097509048),.UNSPECIFIED.)
CURVE()
GEOMETRIC_REPRESENTATION_ITEM()
RATIONAL_B_SPLINE_CURVE((1.,1.02564102564102,1.))
REPRESENTATION_ITEM('')
);
#52=(
BOUNDED_CURVE()
B_SPLINE_CURVE(2,(#6169,#6170,#6171),.UNSPECIFIED.,.F.,.F.)
B_SPLINE_CURVE_WITH_KNOTS((3,3),(0.,2.60402097509046),.UNSPECIFIED.)
CURVE()
GEOMETRIC_REPRESENTATION_ITEM()
RATIONAL_B_SPLINE_CURVE((1.,1.02564102564102,1.))
REPRESENTATION_ITEM('')
);
#53=(
BOUNDED_CURVE()
B_SPLINE_CURVE(2,(#6176,#6177,#6178),.UNSPECIFIED.,.F.,.F.)
B_SPLINE_CURVE_WITH_KNOTS((3,3),(0.,2.60402097509043),.UNSPECIFIED.)
CURVE()
GEOMETRIC_REPRESENTATION_ITEM()
RATIONAL_B_SPLINE_CURVE((1.,1.02564102564102,1.))
REPRESENTATION_ITEM('')
);
#54=(
BOUNDED_CURVE()
B_SPLINE_CURVE(2,(#6183,#6184,#6185),.UNSPECIFIED.,.F.,.F.)
B_SPLINE_CURVE_WITH_KNOTS((3,3),(0.,2.60402097509042),.UNSPECIFIED.)
CURVE()
GEOMETRIC_REPRESENTATION_ITEM()
RATIONAL_B_SPLINE_CURVE((1.,1.02564102564103,1.))
REPRESENTATION_ITEM('')
);
#55=(
BOUNDED_CURVE()
B_SPLINE_CURVE(2,(#6190,#6191,#6192),.UNSPECIFIED.,.F.,.F.)
B_SPLINE_CURVE_WITH_KNOTS((3,3),(0.,2.6040209750904),.UNSPECIFIED.)
CURVE()
GEOMETRIC_REPRESENTATION_ITEM()
RATIONAL_B_SPLINE_CURVE((1.,1.02564102564103,1.))
REPRESENTATION_ITEM('')
);
#56=(
BOUNDED_CURVE()
B_SPLINE_CURVE(2,(#6266,#6267,#6268),.UNSPECIFIED.,.F.,.F.)
B_SPLINE_CURVE_WITH_KNOTS((3,3),(0.,2.6040209750904),.UNSPECIFIED.)
CURVE()
GEOMETRIC_REPRESENTATION_ITEM()
RATIONAL_B_SPLINE_CURVE((1.,1.02564102564102,1.))
REPRESENTATION_ITEM('')
);
#57=(
BOUNDED_CURVE()
B_SPLINE_CURVE(2,(#6276,#6277,#6278),.UNSPECIFIED.,.F.,.F.)
B_SPLINE_CURVE_WITH_KNOTS((3,3),(0.,2.60402097509043),.UNSPECIFIED.)
CURVE()
GEOMETRIC_REPRESENTATION_ITEM()
RATIONAL_B_SPLINE_CURVE((1.,1.02564102564102,1.))
REPRESENTATION_ITEM('')
);
#58=(
BOUNDED_CURVE()
B_SPLINE_CURVE(2,(#6280,#6281,#6282),.UNSPECIFIED.,.F.,.F.)
B_SPLINE_CURVE_WITH_KNOTS((3,3),(0.,2.60402097509044),.UNSPECIFIED.)
CURVE()
GEOMETRIC_REPRESENTATION_ITEM()
RATIONAL_B_SPLINE_CURVE((1.,1.02564102564103,1.))
REPRESENTATION_ITEM('')
);
#59=(
BOUNDED_CURVE()
B_SPLINE_CURVE(2,(#6284,#6285,#6286),.UNSPECIFIED.,.F.,.F.)
B_SPLINE_CURVE_WITH_KNOTS((3,3),(0.,2.60402097509044),.UNSPECIFIED.)
CURVE()
GEOMETRIC_REPRESENTATION_ITEM()
RATIONAL_B_SPLINE_CURVE((1.,1.02564102564103,1.))
REPRESENTATION_ITEM('')
);
#60=(
BOUNDED_CURVE()
B_SPLINE_CURVE(2,(#6288,#6289,#6290),.UNSPECIFIED.,.F.,.F.)
B_SPLINE_CURVE_WITH_KNOTS((3,3),(0.,2.60402097509043),.UNSPECIFIED.)
CURVE()
GEOMETRIC_REPRESENTATION_ITEM()
RATIONAL_B_SPLINE_CURVE((1.,1.02564102564102,1.))
REPRESENTATION_ITEM('')
);
#61=(
BOUNDED_CURVE()
B_SPLINE_CURVE(2,(#6292,#6293,#6294),.UNSPECIFIED.,.F.,.F.)
B_SPLINE_CURVE_WITH_KNOTS((3,3),(0.,2.60402097509043),.UNSPECIFIED.)
CURVE()
GEOMETRIC_REPRESENTATION_ITEM()
RATIONAL_B_SPLINE_CURVE((1.,1.02564102564102,1.))
REPRESENTATION_ITEM('')
);
#62=(
BOUNDED_CURVE()
B_SPLINE_CURVE(2,(#6296,#6297,#6298),.UNSPECIFIED.,.F.,.F.)
B_SPLINE_CURVE_WITH_KNOTS((3,3),(0.,2.60402097509043),.UNSPECIFIED.)
CURVE()
GEOMETRIC_REPRESENTATION_ITEM()
RATIONAL_B_SPLINE_CURVE((1.,1.02564102564102,1.))
REPRESENTATION_ITEM('')
);
#63=(
BOUNDED_CURVE()
B_SPLINE_CURVE(2,(#6300,#6301,#6302),.UNSPECIFIED.,.F.,.F.)
B_SPLINE_CURVE_WITH_KNOTS((3,3),(0.,2.60402097509043),.UNSPECIFIED.)
CURVE()
GEOMETRIC_REPRESENTATION_ITEM()
RATIONAL_B_SPLINE_CURVE((1.,1.02564102564102,1.))
REPRESENTATION_ITEM('')
);
#64=(
BOUNDED_CURVE()
B_SPLINE_CURVE(2,(#6533,#6534,#6535),.UNSPECIFIED.,.F.,.F.)
B_SPLINE_CURVE_WITH_KNOTS((3,3),(0.186798176627149,2.20123679849653),
 .UNSPECIFIED.)
CURVE()
GEOMETRIC_REPRESENTATION_ITEM()
RATIONAL_B_SPLINE_CURVE((1.00791654789041,1.04664445030484,1.))
REPRESENTATION_ITEM('')
);
#65=(
BOUNDED_CURVE()
B_SPLINE_CURVE(2,(#6537,#6538,#6539),.UNSPECIFIED.,.F.,.F.)
B_SPLINE_CURVE_WITH_KNOTS((3,3),(0.,2.01443862186938),.UNSPECIFIED.)
CURVE()
GEOMETRIC_REPRESENTATION_ITEM()
RATIONAL_B_SPLINE_CURVE((1.,1.04664445030484,1.00791654789041))
REPRESENTATION_ITEM('')
);
#66=(
BOUNDED_CURVE()
B_SPLINE_CURVE(2,(#6805,#6806,#6807),.UNSPECIFIED.,.F.,.F.)
B_SPLINE_CURVE_WITH_KNOTS((3,3),(0.,2.01443862186938),.UNSPECIFIED.)
CURVE()
GEOMETRIC_REPRESENTATION_ITEM()
RATIONAL_B_SPLINE_CURVE((1.,1.04664445030484,1.00791654789041))
REPRESENTATION_ITEM('')
);
#67=(
BOUNDED_CURVE()
B_SPLINE_CURVE(2,(#6809,#6810,#6811),.UNSPECIFIED.,.F.,.F.)
B_SPLINE_CURVE_WITH_KNOTS((3,3),(0.186798176627149,2.20123679849653),
 .UNSPECIFIED.)
CURVE()
GEOMETRIC_REPRESENTATION_ITEM()
RATIONAL_B_SPLINE_CURVE((1.00791654789041,1.04664445030484,1.))
REPRESENTATION_ITEM('')
);
#68=STYLED_ITEM('',(#6957),#3198);
#69=STYLED_ITEM('',(#6957),#3203);
#70=STYLED_ITEM('',(#6957),#3211);
#71=STYLED_ITEM('',(#6957),#3212);
#72=STYLED_ITEM('',(#6957),#3213);
#73=STYLED_ITEM('',(#6957),#3214);
#74=STYLED_ITEM('',(#6957),#3216);
#75=STYLED_ITEM('',(#6957),#3224);
#76=STYLED_ITEM('',(#6957),#3225);
#77=STYLED_ITEM('',(#6957),#3233);
#78=STYLED_ITEM('',(#6957),#3234);
#79=STYLED_ITEM('',(#6957),#3235);
#80=STYLED_ITEM('',(#6957),#3236);
#81=STYLED_ITEM('',(#6957),#3237);
#82=STYLED_ITEM('',(#6957),#3238);
#83=STYLED_ITEM('',(#6957),#3239);
#84=STYLED_ITEM('',(#6957),#3240);
#85=STYLED_ITEM('',(#6957),#3241);
#86=STYLED_ITEM('',(#6957),#3242);
#87=STYLED_ITEM('',(#6957),#3243);
#88=STYLED_ITEM('',(#6957),#3244);
#89=STYLED_ITEM('',(#6957),#3245);
#90=STYLED_ITEM('',(#6957),#3246);
#91=STYLED_ITEM('',(#6957),#3247);
#92=STYLED_ITEM('',(#6957),#3248);
#93=STYLED_ITEM('',(#6957),#3249);
#94=STYLED_ITEM('',(#6957),#3250);
#95=STYLED_ITEM('',(#6957),#3251);
#96=STYLED_ITEM('',(#6957),#3252);
#97=STYLED_ITEM('',(#6957),#3253);
#98=STYLED_ITEM('',(#6957),#3254);
#99=STYLED_ITEM('',(#6957),#3255);
#100=STYLED_ITEM('',(#6957),#3256);
#101=STYLED_ITEM('',(#6957),#3257);
#102=STYLED_ITEM('',(#6957),#3258);
#103=STYLED_ITEM('',(#6957),#3259);
#104=STYLED_ITEM('',(#6957),#3260);
#105=STYLED_ITEM('',(#6957),#3261);
#106=STYLED_ITEM('',(#6957),#3262);
#107=STYLED_ITEM('',(#6957),#3263);
#108=STYLED_ITEM('',(#6957),#3264);
#109=STYLED_ITEM('',(#6957),#3265);
#110=STYLED_ITEM('',(#6957),#3266);
#111=STYLED_ITEM('',(#6957),#3267);
#112=STYLED_ITEM('',(#6957),#3268);
#113=STYLED_ITEM('',(#6957),#3269);
#114=STYLED_ITEM('',(#6957),#3270);
#115=STYLED_ITEM('',(#6957),#3271);
#116=STYLED_ITEM('',(#6957),#3272);
#117=STYLED_ITEM('',(#6957),#3273);
#118=STYLED_ITEM('',(#6957),#3274);
#119=STYLED_ITEM('',(#6957),#3275);
#120=STYLED_ITEM('',(#6957),#3276);
#121=STYLED_ITEM('',(#6957),#3277);
#122=STYLED_ITEM('',(#6957),#3278);
#123=STYLED_ITEM('',(#6957),#3279);
#124=STYLED_ITEM('',(#6957),#3280);
#125=STYLED_ITEM('',(#6957),#3281);
#126=STYLED_ITEM('',(#6957),#3282);
#127=STYLED_ITEM('',(#6957),#3283);
#128=STYLED_ITEM('',(#6957),#3284);
#129=STYLED_ITEM('',(#6957),#3285);
#130=STYLED_ITEM('',(#6957),#3286);
#131=STYLED_ITEM('',(#6957),#3287);
#132=STYLED_ITEM('',(#6957),#3288);
#133=STYLED_ITEM('',(#6957),#3289);
#134=STYLED_ITEM('',(#6957),#3290);
#135=STYLED_ITEM('',(#6957),#3291);
#136=STYLED_ITEM('',(#6957),#3292);
#137=STYLED_ITEM('',(#6957),#3293);
#138=STYLED_ITEM('',(#6957),#3294);
#139=STYLED_ITEM('',(#6957),#3295);
#140=STYLED_ITEM('',(#6957),#3296);
#141=STYLED_ITEM('',(#6957),#3297);
#142=STYLED_ITEM('',(#6957),#3298);
#143=STYLED_ITEM('',(#6957),#3299);
#144=STYLED_ITEM('',(#6957),#3300);
#145=STYLED_ITEM('',(#6957),#3301);
#146=STYLED_ITEM('',(#6957),#3302);
#147=STYLED_ITEM('',(#6957),#3303);
#148=STYLED_ITEM('',(#6957),#3304);
#149=STYLED_ITEM('',(#6957),#3305);
#150=STYLED_ITEM('',(#6957),#3306);
#151=STYLED_ITEM('',(#6957),#3307);
#152=STYLED_ITEM('',(#6957),#3308);
#153=STYLED_ITEM('',(#6957),#3309);
#154=STYLED_ITEM('',(#6957),#3310);
#155=STYLED_ITEM('',(#6957),#3311);
#156=STYLED_ITEM('',(#6957),#3312);
#157=STYLED_ITEM('',(#6957),#3313);
#158=STYLED_ITEM('',(#6957),#3314);
#159=STYLED_ITEM('',(#6957),#3315);
#160=STYLED_ITEM('',(#6957),#3316);
#161=STYLED_ITEM('',(#6957),#3317);
#162=STYLED_ITEM('',(#6957),#3318);
#163=STYLED_ITEM('',(#6957),#3319);
#164=STYLED_ITEM('',(#6957),#3320);
#165=STYLED_ITEM('',(#6957),#3321);
#166=STYLED_ITEM('',(#6957),#3322);
#167=STYLED_ITEM('',(#6957),#3323);
#168=STYLED_ITEM('',(#6957),#3324);
#169=STYLED_ITEM('',(#6957),#3325);
#170=STYLED_ITEM('',(#6957),#3326);
#171=STYLED_ITEM('',(#6957),#3327);
#172=STYLED_ITEM('',(#6957),#3328);
#173=STYLED_ITEM('',(#6957),#3329);
#174=STYLED_ITEM('',(#6957),#3330);
#175=STYLED_ITEM('',(#6957),#3331);
#176=STYLED_ITEM('',(#6957),#3332);
#177=STYLED_ITEM('',(#6957),#3333);
#178=STYLED_ITEM('',(#6957),#3334);
#179=STYLED_ITEM('',(#6957),#3335);
#180=STYLED_ITEM('',(#6957),#3336);
#181=STYLED_ITEM('',(#6957),#3337);
#182=STYLED_ITEM('',(#6957),#3338);
#183=STYLED_ITEM('',(#6957),#3339);
#184=STYLED_ITEM('',(#6957),#3340);
#185=STYLED_ITEM('',(#6957),#3341);
#186=STYLED_ITEM('',(#6957),#3342);
#187=STYLED_ITEM('',(#6957),#3343);
#188=STYLED_ITEM('',(#6957),#3344);
#189=STYLED_ITEM('',(#6957),#3345);
#190=STYLED_ITEM('',(#6957),#3346);
#191=STYLED_ITEM('',(#6957),#3347);
#192=STYLED_ITEM('',(#6957),#3348);
#193=STYLED_ITEM('',(#6957),#3349);
#194=STYLED_ITEM('',(#6957),#3350);
#195=STYLED_ITEM('',(#6957),#3351);
#196=STYLED_ITEM('',(#6957),#3352);
#197=STYLED_ITEM('',(#6957),#3353);
#198=STYLED_ITEM('',(#6956),#13);
#199=SPHERICAL_SURFACE('',#3439,0.5);
#200=SPHERICAL_SURFACE('',#3448,0.5);
#201=TOROIDAL_SURFACE('',#3412,1.,0.5);
#202=TOROIDAL_SURFACE('',#3425,2.5,0.5);
#203=TOROIDAL_SURFACE('',#3435,2.5,0.5);
#204=TOROIDAL_SURFACE('',#3457,23.0531333359835,1.);
#205=TOROIDAL_SURFACE('',#3459,23.0531333359835,1.);
#206=TOROIDAL_SURFACE('',#3476,22.6335835203949,0.5);
#207=TOROIDAL_SURFACE('',#3496,5.,3.);
#208=TOROIDAL_SURFACE('',#3520,5.,3.);
#209=TOROIDAL_SURFACE('',#3584,5.,3.);
#210=TOROIDAL_SURFACE('',#3590,5.,3.);
#211=TOROIDAL_SURFACE('',#3593,5.,3.);
#212=TOROIDAL_SURFACE('',#3601,18.5172988935318,3.);
#213=TOROIDAL_SURFACE('',#3604,5.,3.);
#214=TOROIDAL_SURFACE('',#3609,5.,3.);
#215=TOROIDAL_SURFACE('',#3627,5.,3.);
#216=TOROIDAL_SURFACE('',#3632,5.,3.);
#217=TOROIDAL_SURFACE('',#3636,5.,3.);
#218=TOROIDAL_SURFACE('',#3643,18.5172988935318,3.);
#219=TOROIDAL_SURFACE('',#3645,5.,3.);
#220=TOROIDAL_SURFACE('',#3651,5.,3.);
#221=B_SPLINE_CURVE_WITH_KNOTS('',3,(#4742,#4743,#4744,#4745,#4746,#4747,
#4748),.UNSPECIFIED.,.F.,.F.,(4,3,4),(0.,0.0086257468698842,0.010897539133258),
 .UNSPECIFIED.);
#222=B_SPLINE_CURVE_WITH_KNOTS('',3,(#4750,#4751,#4752,#4753,#4754),
 .UNSPECIFIED.,.F.,.F.,(4,1,4),(0.0863023304606502,0.116600001476927,0.158411924503441),
 .UNSPECIFIED.);
#223=B_SPLINE_CURVE_WITH_KNOTS('',3,(#4758,#4759,#4760,#4761,#4762,#4763),
 .UNSPECIFIED.,.F.,.F.,(4,1,1,4),(-0.158411924503441,-0.116600001476927,
-0.0747880784504115,-0.0120701939106391),.UNSPECIFIED.);
#224=B_SPLINE_CURVE_WITH_KNOTS('',3,(#4764,#4765,#4766,#4767,#4768,#4769,
#4770,#4771,#4772,#4773),.UNSPECIFIED.,.F.,.F.,(4,2,2,2,4),(-0.000164449014696,
0.,0.0147806754267613,0.0344278566060508,0.0531587620572996),
 .UNSPECIFIED.);
#225=B_SPLINE_CURVE_WITH_KNOTS('',3,(#4827,#4828,#4829,#4830,#4831,#4832,
#4833,#4834),.UNSPECIFIED.,.F.,.F.,(4,1,1,2,4),(-0.226384513991872,-0.135830708395123,
-0.0905538055967488,0.,0.000618775783279553),.UNSPECIFIED.);
#226=B_SPLINE_CURVE_WITH_KNOTS('',3,(#4835,#4836,#4837,#4838,#4839,#4840,
#4841,#4842),.UNSPECIFIED.,.F.,.F.,(4,2,1,1,4),(-0.000618775783279553,0.,
0.0905538055967488,0.135830708395123,0.226384513991872),.UNSPECIFIED.);
#227=B_SPLINE_CURVE_WITH_KNOTS('',3,(#4845,#4846,#4847,#4848,#4849,#4850,
#4851,#4852,#4853),.UNSPECIFIED.,.F.,.F.,(4,1,1,1,1,1,4),(0.,0.0846206369993112,
0.169241273998622,0.253861910997934,0.338482547997245,0.465413503496212,
0.55635962124899),.UNSPECIFIED.);
#228=B_SPLINE_CURVE_WITH_KNOTS('',3,(#4907,#4908,#4909,#4910,#4911,#4912,
#4913,#4914,#4915,#4916,#4917,#4918,#4919,#4920,#4921,#4922,#4923,#4924),
 .UNSPECIFIED.,.F.,.F.,(4,2,2,2,2,2,2,2,4),(0.0107938525655475,0.0278760209498962,
0.061612141976183,0.120368711748364,0.236805658401715,0.278700316769615,
0.295849080693051,0.302969816473208,0.309453601532315),.UNSPECIFIED.);
#229=B_SPLINE_CURVE_WITH_KNOTS('',3,(#4926,#4927,#4928,#4929,#4930,#4931,
#4932,#4933),.UNSPECIFIED.,.F.,.F.,(4,1,1,1,1,4),(-0.397865702141243,-0.338482547997245,
-0.253861910997934,-0.169241273998622,-0.0846206369993112,0.),
 .UNSPECIFIED.);
#230=B_SPLINE_CURVE_WITH_KNOTS('',3,(#4963,#4964,#4965,#4966,#4967,#4968),
 .UNSPECIFIED.,.F.,.F.,(4,2,4),(-0.12435139438748,0.,0.000619819842097827),
 .UNSPECIFIED.);
#231=B_SPLINE_CURVE_WITH_KNOTS('',3,(#4969,#4970,#4971,#4972,#4973,#4974),
 .UNSPECIFIED.,.F.,.F.,(4,2,4),(-0.000619819842097827,0.,0.12435139438748),
 .UNSPECIFIED.);
#232=B_SPLINE_CURVE_WITH_KNOTS('',3,(#4999,#5000,#5001,#5002),
 .UNSPECIFIED.,.F.,.F.,(4,4),(-0.0328669860483294,0.),.UNSPECIFIED.);
#233=B_SPLINE_CURVE_WITH_KNOTS('',3,(#5005,#5006,#5007,#5008),
 .UNSPECIFIED.,.F.,.F.,(4,4),(0.,0.0328669860483294),.UNSPECIFIED.);
#234=B_SPLINE_CURVE_WITH_KNOTS('',3,(#5032,#5033,#5034,#5035),
 .UNSPECIFIED.,.F.,.F.,(4,4),(-0.0233497683839999,-2.38775314553238E-16),
 .UNSPECIFIED.);
#235=B_SPLINE_CURVE_WITH_KNOTS('',3,(#5036,#5037,#5038,#5039),
 .UNSPECIFIED.,.F.,.F.,(4,4),(2.38775314553238E-16,0.0233497683839999),
 .UNSPECIFIED.);
#236=B_SPLINE_CURVE_WITH_KNOTS('',3,(#5082,#5083,#5084,#5085,#5086,#5087,
#5088,#5089),.UNSPECIFIED.,.F.,.F.,(4,2,2,4),(-0.000698575447150077,0.,
0.0609818944007566,0.0788801775692461),.UNSPECIFIED.);
#237=B_SPLINE_CURVE_WITH_KNOTS('',3,(#5090,#5091,#5092,#5093,#5094,#5095),
 .UNSPECIFIED.,.F.,.F.,(4,1,1,4),(0.148671866325988,0.188660652114978,0.212586333882121,
0.236512015649265),.UNSPECIFIED.);
#238=B_SPLINE_CURVE_WITH_KNOTS('',3,(#5096,#5097,#5098,#5099,#5100,#5101,
#5102,#5103),.UNSPECIFIED.,.F.,.F.,(4,1,1,1,1,4),(-0.236512015649265,-0.212586333882121,
-0.188660652114978,-0.140809288580692,-0.104920765929977,-0.069032243279262),
 .UNSPECIFIED.);
#239=B_SPLINE_CURVE_WITH_KNOTS('',3,(#5124,#5125,#5126,#5127),
 .UNSPECIFIED.,.F.,.F.,(4,4),(-0.0572277742394073,-1.45445924157431E-14),
 .UNSPECIFIED.);
#240=B_SPLINE_CURVE_WITH_KNOTS('',3,(#5128,#5129,#5130,#5131),
 .UNSPECIFIED.,.F.,.F.,(4,4),(1.45445924157431E-14,0.0572277742394073),
 .UNSPECIFIED.);
#241=B_SPLINE_CURVE_WITH_KNOTS('',3,(#5140,#5141,#5142,#5143,#5144,#5145),
 .UNSPECIFIED.,.F.,.F.,(4,1,1,4),(0.,0.13456753266603,0.22427922111005,
0.291977926120217),.UNSPECIFIED.);
#242=B_SPLINE_CURVE_WITH_KNOTS('',3,(#5186,#5187,#5188,#5189,#5190,#5191),
 .UNSPECIFIED.,.F.,.F.,(4,1,1,4),(-0.31399090955407,-0.22427922111005,-0.13456753266603,
0.),.UNSPECIFIED.);
#243=B_SPLINE_CURVE_WITH_KNOTS('',3,(#5208,#5209,#5210,#5211),
 .UNSPECIFIED.,.F.,.F.,(4,4),(1.57697940309221,1.57750181946773),
 .UNSPECIFIED.);
#244=B_SPLINE_CURVE_WITH_KNOTS('',3,(#5222,#5223,#5224,#5225),
 .UNSPECIFIED.,.F.,.F.,(4,4),(1.57750181946773,2.00134488443952),
 .UNSPECIFIED.);
#245=B_SPLINE_CURVE_WITH_KNOTS('',3,(#5251,#5252,#5253,#5254,#5255,#5256,
#5257,#5258),.UNSPECIFIED.,.F.,.F.,(4,1,1,1,1,4),(0.331305736503277,0.355026851044049,
0.378747965584821,0.426190194666366,0.521074652829455,0.650808775174819),
 .UNSPECIFIED.);
#246=B_SPLINE_CURVE_WITH_KNOTS('',3,(#5260,#5261,#5262,#5263),
 .UNSPECIFIED.,.F.,.F.,(4,4),(0.331031102323731,0.331305736503277),
 .UNSPECIFIED.);
#247=B_SPLINE_CURVE_WITH_KNOTS('',3,(#5269,#5270,#5271,#5272,#5273,#5274),
 .UNSPECIFIED.,.F.,.F.,(4,2,4),(0.282509773172747,0.304785901785264,0.322154379754589),
 .UNSPECIFIED.);
#248=B_SPLINE_CURVE_WITH_KNOTS('',3,(#5275,#5276,#5277,#5278),
 .UNSPECIFIED.,.F.,.F.,(4,4),(0.266945977892519,0.282509773172747),
 .UNSPECIFIED.);
#249=B_SPLINE_CURVE_WITH_KNOTS('',3,(#5317,#5318,#5319,#5320),
 .UNSPECIFIED.,.F.,.F.,(4,4),(-0.0413538550561555,0.),.UNSPECIFIED.);
#250=B_SPLINE_CURVE_WITH_KNOTS('',3,(#5323,#5324,#5325,#5326),
 .UNSPECIFIED.,.F.,.F.,(4,4),(0.,0.0413538550561555),.UNSPECIFIED.);
#251=B_SPLINE_CURVE_WITH_KNOTS('',3,(#5383,#5384,#5385,#5386,#5387,#5388,
#5389,#5390,#5391,#5392,#5393),.UNSPECIFIED.,.F.,.F.,(4,1,1,1,1,1,2,4),
(-0.246449338098047,-0.221804404288242,-0.197159470478437,-0.147869602858828,
-0.0985797352392187,-0.0492898676196093,0.,0.000887854351030853),
 .UNSPECIFIED.);
#252=B_SPLINE_CURVE_WITH_KNOTS('',3,(#5394,#5395,#5396,#5397,#5398,#5399,
#5400,#5401,#5402,#5403,#5404),.UNSPECIFIED.,.F.,.F.,(4,2,1,1,1,1,1,4),
(-0.000887854351030853,0.,0.0492898676196093,0.0985797352392187,0.147869602858828,
0.197159470478437,0.221804404288242,0.246449338098047),.UNSPECIFIED.);
#253=B_SPLINE_CURVE_WITH_KNOTS('',3,(#5435,#5436,#5437,#5438),
 .UNSPECIFIED.,.F.,.F.,(4,4),(-2.64405543940606,-2.27985417828936),
 .UNSPECIFIED.);
#254=B_SPLINE_CURVE_WITH_KNOTS('',3,(#5439,#5440,#5441,#5442),
 .UNSPECIFIED.,.F.,.F.,(4,4),(2.27985417828936,2.39572310316534),
 .UNSPECIFIED.);
#255=B_SPLINE_CURVE_WITH_KNOTS('',3,(#5460,#5461,#5462,#5463),
 .UNSPECIFIED.,.F.,.F.,(4,4),(1.43809749460735,1.7970190223691),
 .UNSPECIFIED.);
#256=B_SPLINE_CURVE_WITH_KNOTS('',3,(#5465,#5466,#5467,#5468,#5469,#5470,
#5471,#5472,#5473,#5474,#5475,#5476,#5477,#5478,#5479,#5480,#5481,#5482,
#5483,#5484,#5485,#5486,#5487,#5488,#5489,#5490,#5491,#5492,#5493,#5494,
#5495),.UNSPECIFIED.,.F.,.F.,(4,3,3,3,3,3,3,3,3,3,4),(0.,0.030832435106019,
0.0619843448439019,0.0932424253776816,0.123329740424076,0.154440916087057,
0.185072491222034,0.192233382019684,0.222804158938441,0.252546026506748,
0.260661798047353),.UNSPECIFIED.);
#257=B_SPLINE_CURVE_WITH_KNOTS('',3,(#5496,#5497,#5498,#5499),
 .UNSPECIFIED.,.F.,.F.,(4,4),(-1.74347485888515,-1.25367253448034),
 .UNSPECIFIED.);
#258=B_SPLINE_CURVE_WITH_KNOTS('',3,(#5502,#5503,#5504,#5505),
 .UNSPECIFIED.,.F.,.F.,(4,4),(-1.29294964785492,-0.932982622964194),
 .UNSPECIFIED.);
#259=B_SPLINE_CURVE_WITH_KNOTS('',3,(#5532,#5533,#5534,#5535),
 .UNSPECIFIED.,.F.,.F.,(4,4),(0.932982622964194,1.29294964788483),
 .UNSPECIFIED.);
#260=B_SPLINE_CURVE_WITH_KNOTS('',3,(#5536,#5537,#5538,#5539,#5540,#5541,
#5542,#5543,#5544,#5545,#5546,#5547,#5548,#5549),.UNSPECIFIED.,.F.,.F.,
(4,2,2,2,2,2,4),(0.,0.10515926155331,0.2025656462883,0.295208351341887,
0.38682665631477,0.468059922189521,0.550269342487126),.UNSPECIFIED.);
#261=B_SPLINE_CURVE_WITH_KNOTS('',3,(#5552,#5553,#5554,#5555,#5556,#5557,
#5558),.UNSPECIFIED.,.F.,.F.,(4,3,4),(-3.74953619929567E-5,0.0069445920352389,
0.0139280179378928),.UNSPECIFIED.);
#262=B_SPLINE_CURVE_WITH_KNOTS('',3,(#5634,#5635,#5636,#5637,#5638,#5639),
 .UNSPECIFIED.,.F.,.F.,(4,1,1,4),(-0.251818954375047,-0.14389654535717,
-0.0719482726785848,0.),.UNSPECIFIED.);
#263=B_SPLINE_CURVE_WITH_KNOTS('',3,(#5640,#5641,#5642,#5643,#5644,#5645),
 .UNSPECIFIED.,.F.,.F.,(4,1,1,4),(0.,0.0719482726785848,0.14389654535717,
0.251818954375047),.UNSPECIFIED.);
#264=B_SPLINE_CURVE_WITH_KNOTS('',3,(#5672,#5673,#5674,#5675),
 .UNSPECIFIED.,.F.,.F.,(4,4),(0.455160040012395,0.619650902926733),
 .UNSPECIFIED.);
#265=B_SPLINE_CURVE_WITH_KNOTS('',3,(#5676,#5677,#5678,#5679),
 .UNSPECIFIED.,.F.,.F.,(4,4),(-0.619650902926733,-0.455160040012395),
 .UNSPECIFIED.);
#266=B_SPLINE_CURVE_WITH_KNOTS('',3,(#5690,#5691,#5692,#5693,#5694,#5695,
#5696,#5697),.UNSPECIFIED.,.F.,.F.,(4,2,2,4),(1.02774460803027,1.14866615057783,
1.27479036094121,1.39502563631615),.UNSPECIFIED.);
#267=B_SPLINE_CURVE_WITH_KNOTS('',3,(#5703,#5704,#5705,#5706),
 .UNSPECIFIED.,.F.,.F.,(4,4),(0.309496772746529,0.799299097429848),
 .UNSPECIFIED.);
#268=B_SPLINE_CURVE_WITH_KNOTS('',3,(#5731,#5732,#5733,#5734),
 .UNSPECIFIED.,.F.,.F.,(4,4),(-0.674059320704703,-0.255952609255742),
 .UNSPECIFIED.);
#269=B_SPLINE_CURVE_WITH_KNOTS('',3,(#5735,#5736,#5737,#5738,#5739,#5740,
#5741,#5742,#5743,#5744,#5745,#5746,#5747,#5748,#5749,#5750,#5751,#5752,
#5753,#5754,#5755,#5756,#5757,#5758,#5759,#5760,#5761,#5762,#5763,#5764,
#5765),.UNSPECIFIED.,.F.,.F.,(4,3,3,3,3,3,3,3,3,3,4),(0.,0.0308324350806727,
0.0619843448182743,0.0932424253522748,0.123329740322691,0.154440915985989,
0.185072491121067,0.192233382094749,0.222804159012488,0.252546026580095,
0.260661798046741),.UNSPECIFIED.);
#270=B_SPLINE_CURVE_WITH_KNOTS('',3,(#5773,#5774,#5775,#5776,#5777,#5778,
#5779,#5780),.UNSPECIFIED.,.F.,.F.,(4,2,2,4),(1.02774460803029,1.14866615057784,
1.27479036094121,1.39502563631616),.UNSPECIFIED.);
#271=B_SPLINE_CURVE_WITH_KNOTS('',3,(#5796,#5797,#5798,#5799,#5800,#5801),
 .UNSPECIFIED.,.F.,.F.,(4,2,4),(0.929649020396292,1.0307142940445,1.03512429834247),
 .UNSPECIFIED.);
#272=B_SPLINE_CURVE_WITH_KNOTS('',3,(#5804,#5805,#5806,#5807,#5808,#5809),
 .UNSPECIFIED.,.F.,.F.,(4,2,4),(0.929649020396293,1.0307142940445,1.03512429834248),
 .UNSPECIFIED.);
#273=B_SPLINE_CURVE_WITH_KNOTS('',3,(#5867,#5868,#5869,#5870),
 .UNSPECIFIED.,.F.,.F.,(4,4),(0.270064937046022,0.673881103385533),
 .UNSPECIFIED.);
#274=B_SPLINE_CURVE_WITH_KNOTS('',3,(#5897,#5898,#5899,#5900,#5901,#5902,
#5903,#5904,#5905,#5906,#5907,#5908,#5909),.UNSPECIFIED.,.F.,.F.,(4,3,3,
3,4),(-1.16979241196591,-1.16667680188443,-1.0505149177954,-0.929011685782598,
-0.863653155951158),.UNSPECIFIED.);
#275=B_SPLINE_CURVE_WITH_KNOTS('',3,(#5911,#5912,#5913,#5914),
 .UNSPECIFIED.,.F.,.F.,(4,4),(-0.356308029636613,-0.270064937084113),
 .UNSPECIFIED.);
#276=B_SPLINE_CURVE_WITH_KNOTS('',3,(#5915,#5916,#5917,#5918,#5919,#5920,
#5921,#5922,#5923,#5924,#5925,#5926,#5927,#5928),.UNSPECIFIED.,.F.,.F.,
(4,2,2,2,2,2,4),(0.,0.105159261534537,0.202565646235426,0.29520835179957,
0.386826656352394,0.468059922742575,0.55026934248894),.UNSPECIFIED.);
#277=B_SPLINE_CURVE_WITH_KNOTS('',3,(#5940,#5941,#5942,#5943,#5944,#5945,
#5946,#5947,#5948,#5949),.UNSPECIFIED.,.F.,.F.,(4,2,2,2,4),(0.797904487847163,
0.898130298772623,0.957322966816403,0.973640229132023,0.983925856130262),
 .UNSPECIFIED.);
#278=B_SPLINE_CURVE_WITH_KNOTS('',3,(#5950,#5951,#5952,#5953,#5954,#5955,
#5956,#5957),.UNSPECIFIED.,.F.,.F.,(4,2,2,4),(-0.0981248347448319,-0.0675841131278444,
-0.0417748239972618,-1.68990256510515E-9),.UNSPECIFIED.);
#279=B_SPLINE_CURVE_WITH_KNOTS('',3,(#5985,#5986,#5987,#5988,#5989,#5990,
#5991,#5992,#5993,#5994,#5995,#5996,#5997,#5998,#5999,#6000,#6001,#6002,
#6003,#6004,#6005,#6006,#6007,#6008,#6009,#6010,#6011,#6012,#6013,#6014,
#6015,#6016,#6017,#6018),.UNSPECIFIED.,.F.,.F.,(4,3,3,3,3,3,3,3,3,3,3,4),
(0.,0.100702079302926,0.201404621067355,0.305483816759097,0.406213318982722,
0.50694525392337,0.607681456597196,0.708423488870917,0.809190102022357,
0.90995660892436,1.01073688057264,1.0340381866013),.UNSPECIFIED.);
#280=B_SPLINE_CURVE_WITH_KNOTS('',3,(#6019,#6020,#6021,#6022,#6023,#6024,
#6025,#6026,#6027,#6028,#6029,#6030,#6031,#6032,#6033,#6034,#6035,#6036,
#6037,#6038,#6039,#6040,#6041,#6042,#6043,#6044,#6045,#6046),
 .UNSPECIFIED.,.F.,.F.,(4,3,3,3,3,3,3,3,3,4),(0.72416463813737,0.830516660424125,
0.931855289346366,1.03318838041026,1.13451674324863,1.23584118709085,1.33717610750149,
1.43850181900971,1.53983035846075,1.57498081643141),.UNSPECIFIED.);
#281=B_SPLINE_CURVE_WITH_KNOTS('',3,(#6050,#6051,#6052,#6053,#6054,#6055,
#6056,#6057,#6058,#6059,#6060,#6061),.UNSPECIFIED.,.F.,.F.,(4,2,2,2,2,4),
(-0.431051973150523,-0.430223089044597,-0.329717325080024,-0.229789973944759,
-0.112410287550081,0.),.UNSPECIFIED.);
#282=B_SPLINE_CURVE_WITH_KNOTS('',3,(#6084,#6085,#6086,#6087,#6088,#6089,
#6090,#6091,#6092,#6093,#6094,#6095,#6096),.UNSPECIFIED.,.F.,.F.,(4,3,3,
3,4),(0.,0.0307778215573497,0.0472285459397671,0.0780438536538464,0.0936750094999489),
 .UNSPECIFIED.);
#283=B_SPLINE_CURVE_WITH_KNOTS('',3,(#6120,#6121,#6122,#6123,#6124,#6125,
#6126,#6127,#6128,#6129,#6130,#6131,#6132,#6133,#6134,#6135,#6136,#6137,
#6138,#6139,#6140,#6141,#6142,#6143,#6144),.UNSPECIFIED.,.F.,.F.,(4,3,3,
3,3,3,3,3,4),(0.,0.0299383839395663,0.060366852892652,0.0914270998374939,
0.119753535758265,0.151173535284107,0.182511843120409,0.213972688491021,
0.245433533861634),.UNSPECIFIED.);
#284=B_SPLINE_CURVE_WITH_KNOTS('',3,(#6325,#6326,#6327,#6328),
 .UNSPECIFIED.,.F.,.F.,(4,4),(-2.05504264446137,-1.97207029881343),
 .UNSPECIFIED.);
#285=B_SPLINE_CURVE_WITH_KNOTS('',3,(#6412,#6413,#6414,#6415,#6416,#6417),
 .UNSPECIFIED.,.F.,.F.,(4,2,4),(0.406626443790549,0.43106782485641,0.479256457998685),
 .UNSPECIFIED.);
#286=B_SPLINE_CURVE_WITH_KNOTS('',3,(#6423,#6424,#6425,#6426,#6427,#6428),
 .UNSPECIFIED.,.F.,.F.,(4,2,4),(3.30525701476149,3.31549498025445,3.35788098836006),
 .UNSPECIFIED.);
#287=B_SPLINE_CURVE_WITH_KNOTS('',3,(#6432,#6433,#6434,#6435,#6436,#6437,
#6438,#6439,#6440,#6441,#6442,#6443,#6444,#6445,#6446),.UNSPECIFIED.,.F.,
 .F.,(4,2,2,3,2,2,4),(-0.742306361597276,-0.539075709736953,-0.269537854868476,
0.,0.269537854868476,0.539075709736953,0.742306361597277),.UNSPECIFIED.);
#288=B_SPLINE_CURVE_WITH_KNOTS('',3,(#6448,#6449,#6450,#6451,#6452,#6453,
#6454,#6455,#6456,#6457,#6458,#6459),.UNSPECIFIED.,.F.,.F.,(4,2,2,2,2,4),
(-0.000830172067225957,0.,0.100661934147631,0.200744556785252,0.318306632886506,
0.430891588473216),.UNSPECIFIED.);
#289=B_SPLINE_CURVE_WITH_KNOTS('',3,(#6471,#6472,#6473,#6474,#6475,#6476),
 .UNSPECIFIED.,.F.,.F.,(4,2,4),(1.05416206682655,1.09654807493216,1.10678604042512),
 .UNSPECIFIED.);
#290=B_SPLINE_CURVE_WITH_KNOTS('',3,(#6478,#6479,#6480,#6481,#6482,#6483,
#6484,#6485,#6486,#6487,#6488,#6489,#6490,#6491,#6492,#6493,#6494,#6495,
#6496,#6497),.UNSPECIFIED.,.F.,.F.,(4,2,2,2,2,2,2,2,2,4),(0.368053241536338,
0.385585581564788,0.453848499958591,0.523890731993355,0.607793593785644,
0.682565710220993,0.748583416616209,0.825976230904147,0.892829179285614,
0.908531788644073),.UNSPECIFIED.);
#291=B_SPLINE_CURVE_WITH_KNOTS('',3,(#6544,#6545,#6546,#6547,#6548,#6549,
#6550,#6551,#6552,#6553,#6554,#6555,#6556,#6557,#6558,#6559,#6560,#6561,
#6562,#6563,#6564,#6565,#6566,#6567,#6568,#6569,#6570,#6571,#6572,#6573,
#6574,#6575,#6576,#6577,#6578,#6579,#6580,#6581,#6582,#6583,#6584,#6585,
#6586,#6587,#6588,#6589,#6590,#6591,#6592),.UNSPECIFIED.,.F.,.F.,(4,3,3,
3,3,3,3,3,3,3,3,3,3,3,3,3,4),(0.,0.100716758870187,0.201433606961042,0.302152656732393,
0.402875843665546,0.503604865481909,0.604341129309245,0.705085708649097,
0.805839311721587,0.906625440528499,1.00741555643253,1.10820976236033,1.20900787958707,
1.30982836112521,1.41064270763984,1.51146654798982,1.5726816553161),
 .UNSPECIFIED.);
#292=B_SPLINE_CURVE_WITH_KNOTS('',3,(#6616,#6617,#6618,#6619,#6620,#6621),
 .UNSPECIFIED.,.F.,.F.,(4,2,4),(0.406626443790541,0.43106782485641,0.479256457998687),
 .UNSPECIFIED.);
#293=B_SPLINE_CURVE_WITH_KNOTS('',3,(#6626,#6627,#6628,#6629,#6630,#6631,
#6632,#6633,#6634,#6635,#6636,#6637,#6638,#6639,#6640),.UNSPECIFIED.,.F.,
 .F.,(4,2,2,3,2,2,4),(-0.742306361597278,-0.539075709736953,-0.269537854868476,
0.,0.269537854868476,0.539075709736953,0.742306361597277),.UNSPECIFIED.);
#294=B_SPLINE_CURVE_WITH_KNOTS('',3,(#6642,#6643,#6644,#6645,#6646,#6647,
#6648,#6649,#6650,#6651,#6652,#6653),.UNSPECIFIED.,.F.,.F.,(4,2,2,2,2,4),
(-0.000830172067305253,0.,0.100661934150862,0.200744556792318,0.31830663289808,
0.430891588489106),.UNSPECIFIED.);
#295=B_SPLINE_CURVE_WITH_KNOTS('',3,(#6656,#6657,#6658,#6659,#6660,#6661,
#6662,#6663,#6664,#6665,#6666,#6667),.UNSPECIFIED.,.F.,.F.,(4,2,2,2,2,4),
(0.,0.11241028755008,0.229789973944758,0.32971732508002,0.43022308896176,
0.431051973072514),.UNSPECIFIED.);
#296=B_SPLINE_CURVE_WITH_KNOTS('',3,(#6677,#6678,#6679,#6680,#6681,#6682),
 .UNSPECIFIED.,.F.,.F.,(4,2,4),(1.05416206682655,1.09654807493216,1.10678604042512),
 .UNSPECIFIED.);
#297=B_SPLINE_CURVE_WITH_KNOTS('',3,(#6685,#6686,#6687,#6688,#6689,#6690,
#6691,#6692,#6693,#6694,#6695,#6696,#6697,#6698,#6699,#6700,#6701,#6702,
#6703,#6704,#6705,#6706,#6707,#6708,#6709,#6710,#6711,#6712,#6713,#6714,
#6715,#6716,#6717,#6718,#6719,#6720,#6721,#6722,#6723,#6724,#6725,#6726,
#6727,#6728,#6729,#6730,#6731,#6732,#6733),.UNSPECIFIED.,.F.,.F.,(4,3,3,
3,3,3,3,3,3,3,3,3,3,3,3,3,4),(0.,0.101341225028791,0.202679407977998,0.304014751354028,
0.405347457603546,0.506677729117705,0.608005768236366,0.709331777252288,
0.810655958415432,0.911995767548832,1.01332988010184,1.11465910579429,1.21598425392931,
1.3173213581732,1.41864861905556,1.51998082114052,1.57498081643141),
 .UNSPECIFIED.);
#298=B_SPLINE_CURVE_WITH_KNOTS('',3,(#6735,#6736,#6737,#6738,#6739,#6740),
 .UNSPECIFIED.,.F.,.F.,(4,2,4),(3.30525701476149,3.31549498025445,3.35788098836005),
 .UNSPECIFIED.);
#299=B_SPLINE_CURVE_WITH_KNOTS('',3,(#6743,#6744,#6745,#6746,#6747,#6748,
#6749,#6750,#6751,#6752,#6753,#6754,#6755,#6756,#6757,#6758,#6759,#6760,
#6761,#6762),.UNSPECIFIED.,.F.,.F.,(4,2,2,2,2,2,2,2,2,4),(0.368053241536585,
0.38558558156505,0.453848499958907,0.523890731993719,0.607793593786097,
0.682565710221867,0.748583416618184,0.825976230907843,0.892829179290822,
0.908531788649631),.UNSPECIFIED.);
#300=B_SPLINE_CURVE_WITH_KNOTS('',3,(#6789,#6790,#6791,#6792,#6793),
 .UNSPECIFIED.,.F.,.F.,(4,1,4),(0.,0.571428571428571,1.),.UNSPECIFIED.);
#301=B_SPLINE_SURFACE_WITH_KNOTS('',3,3,((#4710,#4711,#4712,#4713,#4714,
#4715),(#4716,#4717,#4718,#4719,#4720,#4721),(#4722,#4723,#4724,#4725,#4726,
#4727),(#4728,#4729,#4730,#4731,#4732,#4733),(#4734,#4735,#4736,#4737,#4738,
#4739)),.UNSPECIFIED.,.F.,.F.,.F.,(4,1,4),(4,1,1,4),(0.,0.5,1.),(0.0120701939106391,
0.0747880784504115,0.116600001476927,0.158411924503441),.UNSPECIFIED.);
#302=B_SPLINE_SURFACE_WITH_KNOTS('',3,3,((#4786,#4787,#4788,#4789,#4790,
#4791,#4792,#4793),(#4794,#4795,#4796,#4797,#4798,#4799,#4800,#4801),(#4802,
#4803,#4804,#4805,#4806,#4807,#4808,#4809),(#4810,#4811,#4812,#4813,#4814,
#4815,#4816,#4817),(#4818,#4819,#4820,#4821,#4822,#4823,#4824,#4825)),
 .UNSPECIFIED.,.F.,.F.,.F.,(4,1,4),(4,1,1,2,4),(0.,0.5,1.),(-0.226384513991872,
-0.135830708395123,-0.0905538055967488,0.,0.000618775783279553),
 .UNSPECIFIED.);
#303=B_SPLINE_SURFACE_WITH_KNOTS('',3,3,((#4861,#4862,#4863,#4864,#4865,
#4866,#4867,#4868,#4869),(#4870,#4871,#4872,#4873,#4874,#4875,#4876,#4877,
#4878),(#4879,#4880,#4881,#4882,#4883,#4884,#4885,#4886,#4887),(#4888,#4889,
#4890,#4891,#4892,#4893,#4894,#4895,#4896),(#4897,#4898,#4899,#4900,#4901,
#4902,#4903,#4904,#4905)),.UNSPECIFIED.,.F.,.F.,.F.,(4,1,4),(4,1,1,1,1,
1,4),(0.,0.571428571428571,1.),(-0.592344458995179,-0.465413503496212,-0.338482547997245,
-0.253861910997934,-0.169241273998622,-0.0846206369993112,0.),
 .UNSPECIFIED.);
#304=B_SPLINE_SURFACE_WITH_KNOTS('',3,3,((#4935,#4936,#4937,#4938,#4939,
#4940),(#4941,#4942,#4943,#4944,#4945,#4946),(#4947,#4948,#4949,#4950,#4951,
#4952),(#4953,#4954,#4955,#4956,#4957,#4958)),.UNSPECIFIED.,.F.,.F.,.F.,
(4,4),(4,2,4),(0.,1.),(-0.000619819842097827,0.,0.12435139438748),
 .UNSPECIFIED.);
#305=B_SPLINE_SURFACE_WITH_KNOTS('',3,3,((#4975,#4976,#4977,#4978),(#4979,
#4980,#4981,#4982),(#4983,#4984,#4985,#4986),(#4987,#4988,#4989,#4990),
(#4991,#4992,#4993,#4994)),.UNSPECIFIED.,.F.,.F.,.F.,(4,1,4),(4,4),(0.,
0.571428571428571,1.),(0.,0.0328669860483294),.UNSPECIFIED.);
#306=B_SPLINE_SURFACE_WITH_KNOTS('',3,3,((#5009,#5010,#5011,#5012),(#5013,
#5014,#5015,#5016),(#5017,#5018,#5019,#5020),(#5021,#5022,#5023,#5024),
(#5025,#5026,#5027,#5028)),.UNSPECIFIED.,.F.,.F.,.F.,(4,1,4),(4,4),(0.,
0.571428571428571,1.),(2.38775314553238E-16,0.0233497683839999),
 .UNSPECIFIED.);
#307=B_SPLINE_SURFACE_WITH_KNOTS('',3,3,((#5040,#5041,#5042,#5043,#5044,
#5045,#5046,#5047),(#5048,#5049,#5050,#5051,#5052,#5053,#5054,#5055),(#5056,
#5057,#5058,#5059,#5060,#5061,#5062,#5063),(#5064,#5065,#5066,#5067,#5068,
#5069,#5070,#5071),(#5072,#5073,#5074,#5075,#5076,#5077,#5078,#5079)),
 .UNSPECIFIED.,.F.,.F.,.F.,(4,1,4),(4,1,1,1,1,4),(0.,0.5,1.),(0.069032243279262,
0.104920765929977,0.140809288580692,0.188660652114978,0.212586333882121,
0.236512015649265),.UNSPECIFIED.);
#308=B_SPLINE_SURFACE_WITH_KNOTS('',3,3,((#5104,#5105,#5106,#5107),(#5108,
#5109,#5110,#5111),(#5112,#5113,#5114,#5115),(#5116,#5117,#5118,#5119),
(#5120,#5121,#5122,#5123)),.UNSPECIFIED.,.F.,.F.,.F.,(4,1,4),(4,4),(0.,
0.571428571428571,1.),(1.45445924157431E-14,0.0572277742394073),
 .UNSPECIFIED.);
#309=B_SPLINE_SURFACE_WITH_KNOTS('',3,3,((#5153,#5154,#5155,#5156,#5157,
#5158),(#5159,#5160,#5161,#5162,#5163,#5164),(#5165,#5166,#5167,#5168,#5169,
#5170),(#5171,#5172,#5173,#5174,#5175,#5176),(#5177,#5178,#5179,#5180,#5181,
#5182)),.UNSPECIFIED.,.F.,.F.,.F.,(4,1,4),(4,1,1,4),(0.,0.571428571428571,
1.),(0.,0.13456753266603,0.22427922111005,0.31399090955407),
 .UNSPECIFIED.);
#310=B_SPLINE_SURFACE_WITH_KNOTS('',3,3,((#5285,#5286,#5287,#5288),(#5289,
#5290,#5291,#5292),(#5293,#5294,#5295,#5296),(#5297,#5298,#5299,#5300),
(#5301,#5302,#5303,#5304),(#5305,#5306,#5307,#5308),(#5309,#5310,#5311,
#5312)),.UNSPECIFIED.,.F.,.F.,.F.,(4,1,1,1,4),(4,4),(0.,0.285714285714286,
0.571428571428571,0.785714285714286,1.),(0.,0.0413538550561555),
 .UNSPECIFIED.);
#311=B_SPLINE_SURFACE_WITH_KNOTS('',3,3,((#5327,#5328,#5329,#5330,#5331,
#5332,#5333,#5334,#5335,#5336,#5337),(#5338,#5339,#5340,#5341,#5342,#5343,
#5344,#5345,#5346,#5347,#5348),(#5349,#5350,#5351,#5352,#5353,#5354,#5355,
#5356,#5357,#5358,#5359),(#5360,#5361,#5362,#5363,#5364,#5365,#5366,#5367,
#5368,#5369,#5370),(#5371,#5372,#5373,#5374,#5375,#5376,#5377,#5378,#5379,
#5380,#5381)),.UNSPECIFIED.,.F.,.F.,.F.,(4,1,4),(4,2,1,1,1,1,1,4),(0.,0.571428571428571,
1.),(-0.000887854351030853,0.,0.0492898676196093,0.0985797352392187,0.147869602858828,
0.197159470478437,0.221804404288242,0.246449338098047),.UNSPECIFIED.);
#312=B_SPLINE_SURFACE_WITH_KNOTS('',3,3,((#5411,#5412,#5413,#5414),(#5415,
#5416,#5417,#5418),(#5419,#5420,#5421,#5422),(#5423,#5424,#5425,#5426),
(#5427,#5428,#5429,#5430),(#5431,#5432,#5433,#5434)),.UNSPECIFIED.,.F.,
 .F.,.F.,(4,1,1,4),(4,4),(0.,0.285714285714286,0.571428571428571,1.),(2.27985417828936,
2.64405543940606),.UNSPECIFIED.);
#313=B_SPLINE_SURFACE_WITH_KNOTS('',3,3,((#5443,#5444,#5445,#5446),(#5447,
#5448,#5449,#5450),(#5451,#5452,#5453,#5454),(#5455,#5456,#5457,#5458)),
 .UNSPECIFIED.,.F.,.F.,.F.,(4,4),(4,4),(0.,1.),(1.25367253448034,1.7970190223691),
 .UNSPECIFIED.);
#314=B_SPLINE_SURFACE_WITH_KNOTS('',3,3,((#5507,#5508,#5509,#5510),(#5511,
#5512,#5513,#5514),(#5515,#5516,#5517,#5518),(#5519,#5520,#5521,#5522),
(#5523,#5524,#5525,#5526),(#5527,#5528,#5529,#5530)),.UNSPECIFIED.,.F.,
 .F.,.F.,(4,1,1,4),(4,4),(0.,0.285714285714286,0.571428571428571,1.),(0.932982622964194,
1.34545021842449),.UNSPECIFIED.);
#315=B_SPLINE_SURFACE_WITH_KNOTS('',3,3,((#5589,#5590,#5591,#5592,#5593,
#5594),(#5595,#5596,#5597,#5598,#5599,#5600),(#5601,#5602,#5603,#5604,#5605,
#5606),(#5607,#5608,#5609,#5610,#5611,#5612),(#5613,#5614,#5615,#5616,#5617,
#5618),(#5619,#5620,#5621,#5622,#5623,#5624),(#5625,#5626,#5627,#5628,#5629,
#5630)),.UNSPECIFIED.,.F.,.F.,.F.,(4,1,1,1,4),(4,1,1,4),(0.,0.285714285714286,
0.571428571428571,0.785714285714286,1.),(-0.251818954375047,-0.14389654535717,
-0.0719482726785848,0.),.UNSPECIFIED.);
#316=B_SPLINE_SURFACE_WITH_KNOTS('',3,3,((#5646,#5647,#5648,#5649),(#5650,
#5651,#5652,#5653),(#5654,#5655,#5656,#5657),(#5658,#5659,#5660,#5661),
(#5662,#5663,#5664,#5665),(#5666,#5667,#5668,#5669)),.UNSPECIFIED.,.F.,
 .F.,.F.,(4,1,1,4),(4,4),(0.,0.285714285714286,0.571428571428571,1.),(0.455160040012395,
0.619650902926733),.UNSPECIFIED.);
#317=B_SPLINE_SURFACE_WITH_KNOTS('',3,3,((#5714,#5715,#5716,#5717),(#5718,
#5719,#5720,#5721),(#5722,#5723,#5724,#5725),(#5726,#5727,#5728,#5729)),
 .UNSPECIFIED.,.F.,.F.,.F.,(4,4),(4,4),(0.,1.),(0.255952609255742,0.799299097429848),
 .UNSPECIFIED.);
#318=B_SPLINE_SURFACE_WITH_KNOTS('',3,3,((#5872,#5873,#5874,#5875),(#5876,
#5877,#5878,#5879),(#5880,#5881,#5882,#5883),(#5884,#5885,#5886,#5887),
(#5888,#5889,#5890,#5891),(#5892,#5893,#5894,#5895)),.UNSPECIFIED.,.F.,
 .F.,.F.,(4,1,1,4),(4,4),(0.,0.285714285714286,0.571428571428571,1.),(0.217564088404928,
0.673881103385533),.UNSPECIFIED.);
#319=B_SPLINE_SURFACE_WITH_KNOTS('',3,3,((#5964,#5965,#5966,#5967),(#5968,
#5969,#5970,#5971),(#5972,#5973,#5974,#5975),(#5976,#5977,#5978,#5979),
(#5980,#5981,#5982,#5983)),.UNSPECIFIED.,.F.,.F.,.F.,(4,1,4),(4,4),(0.342499999825945,
0.624285714186254,1.),(0.,1.),.UNSPECIFIED.);
#320=B_SPLINE_SURFACE_WITH_KNOTS('',3,3,((#6309,#6310,#6311,#6312),(#6313,
#6314,#6315,#6316),(#6317,#6318,#6319,#6320),(#6321,#6322,#6323,#6324)),
 .UNSPECIFIED.,.F.,.F.,.F.,(4,4),(4,4),(0.,1.),(1.57697940309221,2.05504264504837),
 .UNSPECIFIED.);
#321=B_SPLINE_SURFACE_WITH_KNOTS('',3,3,((#6329,#6330,#6331,#6332,#6333,
#6334,#6335,#6336),(#6337,#6338,#6339,#6340,#6341,#6342,#6343,#6344),(#6345,
#6346,#6347,#6348,#6349,#6350,#6351,#6352),(#6353,#6354,#6355,#6356,#6357,
#6358,#6359,#6360)),.UNSPECIFIED.,.F.,.F.,.F.,(4,4),(4,1,1,1,1,4),(0.,1.),
(-0.663401340074089,-0.521074652829455,-0.426190194666366,-0.378747965584821,
-0.355026851044049,-0.331305736503277),.UNSPECIFIED.);
#322=B_SPLINE_SURFACE_WITH_KNOTS('',3,3,((#6362,#6363,#6364,#6365),(#6366,
#6367,#6368,#6369),(#6370,#6371,#6372,#6373),(#6374,#6375,#6376,#6377)),
 .UNSPECIFIED.,.F.,.F.,.F.,(4,4),(4,4),(0.,1.),(-0.331305736503277,-0.331031102323731),
 .UNSPECIFIED.);
#323=B_SPLINE_SURFACE_WITH_KNOTS('',3,3,((#6764,#6765,#6766,#6767,#6768),
(#6769,#6770,#6771,#6772,#6773),(#6774,#6775,#6776,#6777,#6778),(#6779,
#6780,#6781,#6782,#6783),(#6784,#6785,#6786,#6787,#6788)),.UNSPECIFIED.,
 .F.,.F.,.F.,(4,1,4),(4,1,4),(0.,0.571428571428571,1.),(0.,0.571428571428571,
1.),.UNSPECIFIED.);
#324=PLANE('',#3380);
#325=PLANE('',#3384);
#326=PLANE('',#3388);
#327=PLANE('',#3392);
#328=PLANE('',#3396);
#329=PLANE('',#3400);
#330=PLANE('',#3403);
#331=PLANE('',#3406);
#332=PLANE('',#3409);
#333=PLANE('',#3410);
#334=PLANE('',#3418);
#335=PLANE('',#3429);
#336=PLANE('',#3441);
#337=PLANE('',#3450);
#338=PLANE('',#3468);
#339=PLANE('',#3480);
#340=PLANE('',#3482);
#341=PLANE('',#3483);
#342=PLANE('',#3484);
#343=PLANE('',#3486);
#344=PLANE('',#3487);
#345=PLANE('',#3489);
#346=PLANE('',#3491);
#347=PLANE('',#3492);
#348=PLANE('',#3499);
#349=PLANE('',#3515);
#350=PLANE('',#3517);
#351=PLANE('',#3526);
#352=PLANE('',#3551);
#353=PLANE('',#3569);
#354=PLANE('',#3577);
#355=PLANE('',#3611);
#356=PLANE('',#3621);
#357=PLANE('',#3623);
#358=PLANE('',#3624);
#359=PLANE('',#3626);
#360=PLANE('',#3653);
#361=PLANE('',#3655);
#362=PLANE('',#3658);
#363=PLANE('',#3660);
#364=PLANE('',#3662);
#365=PLANE('',#3666);
#366=PLANE('',#3669);
#367=PLANE('',#3672);
#368=PLANE('',#3675);
#369=PLANE('',#3678);
#370=PLANE('',#3679);
#371=PLANE('',#3682);
#372=PLANE('',#3685);
#373=PLANE('',#3688);
#374=PLANE('',#3692);
#375=PLANE('',#3694);
#376=PLANE('',#3696);
#377=PLANE('',#3698);
#378=PLANE('',#3701);
#379=PLANE('',#3704);
#380=PLANE('',#3705);
#381=PLANE('',#3708);
#382=PLANE('',#3711);
#383=PLANE('',#3715);
#384=PLANE('',#3716);
#385=FACE_OUTER_BOUND('',#576,.T.);
#386=FACE_OUTER_BOUND('',#577,.T.);
#387=FACE_OUTER_BOUND('',#578,.T.);
#388=FACE_OUTER_BOUND('',#579,.T.);
#389=FACE_OUTER_BOUND('',#580,.T.);
#390=FACE_OUTER_BOUND('',#581,.T.);
#391=FACE_OUTER_BOUND('',#582,.T.);
#392=FACE_OUTER_BOUND('',#583,.T.);
#393=FACE_OUTER_BOUND('',#584,.T.);
#394=FACE_OUTER_BOUND('',#585,.T.);
#395=FACE_OUTER_BOUND('',#586,.T.);
#396=FACE_OUTER_BOUND('',#587,.T.);
#397=FACE_OUTER_BOUND('',#588,.T.);
#398=FACE_OUTER_BOUND('',#589,.T.);
#399=FACE_OUTER_BOUND('',#590,.T.);
#400=FACE_OUTER_BOUND('',#591,.T.);
#401=FACE_OUTER_BOUND('',#592,.T.);
#402=FACE_OUTER_BOUND('',#593,.T.);
#403=FACE_OUTER_BOUND('',#594,.T.);
#404=FACE_OUTER_BOUND('',#595,.T.);
#405=FACE_OUTER_BOUND('',#596,.T.);
#406=FACE_OUTER_BOUND('',#597,.T.);
#407=FACE_OUTER_BOUND('',#598,.T.);
#408=FACE_OUTER_BOUND('',#599,.T.);
#409=FACE_OUTER_BOUND('',#600,.T.);
#410=FACE_OUTER_BOUND('',#601,.T.);
#411=FACE_OUTER_BOUND('',#602,.T.);
#412=FACE_OUTER_BOUND('',#603,.T.);
#413=FACE_OUTER_BOUND('',#604,.T.);
#414=FACE_OUTER_BOUND('',#605,.T.);
#415=FACE_OUTER_BOUND('',#606,.T.);
#416=FACE_OUTER_BOUND('',#607,.T.);
#417=FACE_OUTER_BOUND('',#608,.T.);
#418=FACE_OUTER_BOUND('',#609,.T.);
#419=FACE_OUTER_BOUND('',#610,.T.);
#420=FACE_OUTER_BOUND('',#611,.T.);
#421=FACE_OUTER_BOUND('',#612,.T.);
#422=FACE_OUTER_BOUND('',#613,.T.);
#423=FACE_OUTER_BOUND('',#614,.T.);
#424=FACE_OUTER_BOUND('',#615,.T.);
#425=FACE_OUTER_BOUND('',#616,.T.);
#426=FACE_OUTER_BOUND('',#617,.T.);
#427=FACE_OUTER_BOUND('',#618,.T.);
#428=FACE_OUTER_BOUND('',#619,.T.);
#429=FACE_OUTER_BOUND('',#620,.T.);
#430=FACE_OUTER_BOUND('',#621,.T.);
#431=FACE_OUTER_BOUND('',#622,.T.);
#432=FACE_OUTER_BOUND('',#623,.T.);
#433=FACE_OUTER_BOUND('',#624,.T.);
#434=FACE_OUTER_BOUND('',#625,.T.);
#435=FACE_OUTER_BOUND('',#626,.T.);
#436=FACE_OUTER_BOUND('',#627,.T.);
#437=FACE_OUTER_BOUND('',#628,.T.);
#438=FACE_OUTER_BOUND('',#629,.T.);
#439=FACE_OUTER_BOUND('',#630,.T.);
#440=FACE_OUTER_BOUND('',#631,.T.);
#441=FACE_OUTER_BOUND('',#632,.T.);
#442=FACE_OUTER_BOUND('',#633,.T.);
#443=FACE_OUTER_BOUND('',#634,.T.);
#444=FACE_OUTER_BOUND('',#635,.T.);
#445=FACE_OUTER_BOUND('',#636,.T.);
#446=FACE_OUTER_BOUND('',#637,.T.);
#447=FACE_OUTER_BOUND('',#638,.T.);
#448=FACE_OUTER_BOUND('',#639,.T.);
#449=FACE_OUTER_BOUND('',#640,.T.);
#450=FACE_OUTER_BOUND('',#641,.T.);
#451=FACE_OUTER_BOUND('',#642,.T.);
#452=FACE_OUTER_BOUND('',#643,.T.);
#453=FACE_OUTER_BOUND('',#644,.T.);
#454=FACE_OUTER_BOUND('',#645,.T.);
#455=FACE_OUTER_BOUND('',#646,.T.);
#456=FACE_OUTER_BOUND('',#647,.T.);
#457=FACE_OUTER_BOUND('',#648,.T.);
#458=FACE_OUTER_BOUND('',#651,.T.);
#459=FACE_OUTER_BOUND('',#652,.T.);
#460=FACE_OUTER_BOUND('',#653,.T.);
#461=FACE_OUTER_BOUND('',#654,.T.);
#462=FACE_OUTER_BOUND('',#655,.T.);
#463=FACE_OUTER_BOUND('',#656,.T.);
#464=FACE_OUTER_BOUND('',#657,.T.);
#465=FACE_OUTER_BOUND('',#658,.T.);
#466=FACE_OUTER_BOUND('',#659,.T.);
#467=FACE_OUTER_BOUND('',#660,.T.);
#468=FACE_OUTER_BOUND('',#661,.T.);
#469=FACE_OUTER_BOUND('',#662,.T.);
#470=FACE_OUTER_BOUND('',#663,.T.);
#471=FACE_OUTER_BOUND('',#664,.T.);
#472=FACE_OUTER_BOUND('',#665,.T.);
#473=FACE_OUTER_BOUND('',#666,.T.);
#474=FACE_OUTER_BOUND('',#667,.T.);
#475=FACE_OUTER_BOUND('',#669,.T.);
#476=FACE_OUTER_BOUND('',#670,.T.);
#477=FACE_OUTER_BOUND('',#671,.T.);
#478=FACE_OUTER_BOUND('',#672,.T.);
#479=FACE_OUTER_BOUND('',#673,.T.);
#480=FACE_OUTER_BOUND('',#674,.T.);
#481=FACE_OUTER_BOUND('',#675,.T.);
#482=FACE_OUTER_BOUND('',#676,.T.);
#483=FACE_OUTER_BOUND('',#677,.T.);
#484=FACE_OUTER_BOUND('',#678,.T.);
#485=FACE_OUTER_BOUND('',#679,.T.);
#486=FACE_OUTER_BOUND('',#680,.T.);
#487=FACE_OUTER_BOUND('',#681,.T.);
#488=FACE_OUTER_BOUND('',#682,.T.);
#489=FACE_OUTER_BOUND('',#683,.T.);
#490=FACE_OUTER_BOUND('',#684,.T.);
#491=FACE_OUTER_BOUND('',#685,.T.);
#492=FACE_OUTER_BOUND('',#686,.T.);
#493=FACE_OUTER_BOUND('',#687,.T.);
#494=FACE_OUTER_BOUND('',#688,.T.);
#495=FACE_OUTER_BOUND('',#689,.T.);
#496=FACE_OUTER_BOUND('',#690,.T.);
#497=FACE_OUTER_BOUND('',#691,.T.);
#498=FACE_OUTER_BOUND('',#692,.T.);
#499=FACE_OUTER_BOUND('',#693,.T.);
#500=FACE_OUTER_BOUND('',#694,.T.);
#501=FACE_OUTER_BOUND('',#695,.T.);
#502=FACE_OUTER_BOUND('',#696,.T.);
#503=FACE_OUTER_BOUND('',#699,.T.);
#504=FACE_OUTER_BOUND('',#700,.T.);
#505=FACE_OUTER_BOUND('',#701,.T.);
#506=FACE_OUTER_BOUND('',#702,.T.);
#507=FACE_OUTER_BOUND('',#703,.T.);
#508=FACE_OUTER_BOUND('',#704,.T.);
#509=FACE_OUTER_BOUND('',#705,.T.);
#510=FACE_OUTER_BOUND('',#706,.T.);
#511=FACE_OUTER_BOUND('',#707,.T.);
#512=FACE_OUTER_BOUND('',#708,.T.);
#513=FACE_OUTER_BOUND('',#709,.T.);
#514=FACE_OUTER_BOUND('',#710,.T.);
#515=FACE_OUTER_BOUND('',#711,.T.);
#516=FACE_OUTER_BOUND('',#712,.T.);
#517=FACE_OUTER_BOUND('',#713,.T.);
#518=FACE_OUTER_BOUND('',#714,.T.);
#519=FACE_OUTER_BOUND('',#715,.T.);
#520=FACE_OUTER_BOUND('',#716,.T.);
#521=FACE_OUTER_BOUND('',#717,.T.);
#522=FACE_OUTER_BOUND('',#718,.T.);
#523=FACE_OUTER_BOUND('',#719,.T.);
#524=FACE_OUTER_BOUND('',#720,.T.);
#525=FACE_OUTER_BOUND('',#721,.T.);
#526=FACE_OUTER_BOUND('',#722,.T.);
#527=FACE_OUTER_BOUND('',#723,.T.);
#528=FACE_OUTER_BOUND('',#724,.T.);
#529=FACE_OUTER_BOUND('',#725,.T.);
#530=FACE_OUTER_BOUND('',#726,.T.);
#531=FACE_OUTER_BOUND('',#727,.T.);
#532=FACE_OUTER_BOUND('',#728,.T.);
#533=FACE_OUTER_BOUND('',#729,.T.);
#534=FACE_OUTER_BOUND('',#730,.T.);
#535=FACE_OUTER_BOUND('',#731,.T.);
#536=FACE_OUTER_BOUND('',#732,.T.);
#537=FACE_OUTER_BOUND('',#733,.T.);
#538=FACE_OUTER_BOUND('',#734,.T.);
#539=FACE_OUTER_BOUND('',#735,.T.);
#540=FACE_OUTER_BOUND('',#736,.T.);
#541=FACE_OUTER_BOUND('',#737,.T.);
#542=FACE_OUTER_BOUND('',#738,.T.);
#543=FACE_OUTER_BOUND('',#739,.T.);
#544=FACE_OUTER_BOUND('',#740,.T.);
#545=FACE_OUTER_BOUND('',#741,.T.);
#546=FACE_OUTER_BOUND('',#742,.T.);
#547=FACE_OUTER_BOUND('',#743,.T.);
#548=FACE_OUTER_BOUND('',#744,.T.);
#549=FACE_OUTER_BOUND('',#745,.T.);
#550=FACE_OUTER_BOUND('',#746,.T.);
#551=FACE_OUTER_BOUND('',#747,.T.);
#552=FACE_OUTER_BOUND('',#748,.T.);
#553=FACE_OUTER_BOUND('',#749,.T.);
#554=FACE_OUTER_BOUND('',#750,.T.);
#555=FACE_OUTER_BOUND('',#751,.T.);
#556=FACE_OUTER_BOUND('',#752,.T.);
#557=FACE_OUTER_BOUND('',#753,.T.);
#558=FACE_OUTER_BOUND('',#754,.T.);
#559=FACE_OUTER_BOUND('',#755,.T.);
#560=FACE_OUTER_BOUND('',#756,.T.);
#561=FACE_OUTER_BOUND('',#757,.T.);
#562=FACE_OUTER_BOUND('',#758,.T.);
#563=FACE_OUTER_BOUND('',#759,.T.);
#564=FACE_OUTER_BOUND('',#760,.T.);
#565=FACE_OUTER_BOUND('',#761,.T.);
#566=FACE_OUTER_BOUND('',#762,.T.);
#567=FACE_OUTER_BOUND('',#763,.T.);
#568=FACE_OUTER_BOUND('',#764,.T.);
#569=FACE_OUTER_BOUND('',#765,.T.);
#570=FACE_OUTER_BOUND('',#766,.T.);
#571=FACE_OUTER_BOUND('',#767,.T.);
#572=FACE_OUTER_BOUND('',#768,.T.);
#573=FACE_OUTER_BOUND('',#769,.T.);
#574=FACE_OUTER_BOUND('',#770,.T.);
#575=FACE_OUTER_BOUND('',#771,.T.);
#576=EDGE_LOOP('',(#2142,#2143,#2144,#2145));
#577=EDGE_LOOP('',(#2146,#2147,#2148,#2149));
#578=EDGE_LOOP('',(#2150,#2151,#2152,#2153));
#579=EDGE_LOOP('',(#2154,#2155,#2156,#2157));
#580=EDGE_LOOP('',(#2158,#2159,#2160,#2161));
#581=EDGE_LOOP('',(#2162,#2163,#2164,#2165));
#582=EDGE_LOOP('',(#2166,#2167,#2168,#2169));
#583=EDGE_LOOP('',(#2170,#2171,#2172,#2173));
#584=EDGE_LOOP('',(#2174,#2175,#2176,#2177));
#585=EDGE_LOOP('',(#2178,#2179,#2180,#2181));
#586=EDGE_LOOP('',(#2182,#2183,#2184,#2185));
#587=EDGE_LOOP('',(#2186,#2187,#2188,#2189,#2190,#2191,#2192,#2193));
#588=EDGE_LOOP('',(#2194,#2195,#2196,#2197));
#589=EDGE_LOOP('',(#2198,#2199,#2200,#2201));
#590=EDGE_LOOP('',(#2202,#2203,#2204,#2205));
#591=EDGE_LOOP('',(#2206,#2207,#2208,#2209));
#592=EDGE_LOOP('',(#2210,#2211,#2212,#2213));
#593=EDGE_LOOP('',(#2214,#2215,#2216,#2217,#2218,#2219,#2220,#2221));
#594=EDGE_LOOP('',(#2222,#2223,#2224,#2225,#2226));
#595=EDGE_LOOP('',(#2227,#2228,#2229,#2230));
#596=EDGE_LOOP('',(#2231,#2232,#2233,#2234));
#597=EDGE_LOOP('',(#2235,#2236,#2237));
#598=EDGE_LOOP('',(#2238,#2239,#2240,#2241,#2242,#2243,#2244,#2245));
#599=EDGE_LOOP('',(#2246,#2247,#2248,#2249,#2250));
#600=EDGE_LOOP('',(#2251,#2252,#2253));
#601=EDGE_LOOP('',(#2254,#2255,#2256,#2257));
#602=EDGE_LOOP('',(#2258,#2259,#2260,#2261));
#603=EDGE_LOOP('',(#2262,#2263,#2264,#2265));
#604=EDGE_LOOP('',(#2266,#2267,#2268,#2269));
#605=EDGE_LOOP('',(#2270,#2271,#2272,#2273,#2274,#2275));
#606=EDGE_LOOP('',(#2276,#2277,#2278,#2279,#2280,#2281));
#607=EDGE_LOOP('',(#2282,#2283,#2284,#2285,#2286));
#608=EDGE_LOOP('',(#2287,#2288,#2289,#2290,#2291));
#609=EDGE_LOOP('',(#2292,#2293,#2294,#2295));
#610=EDGE_LOOP('',(#2296,#2297,#2298));
#611=EDGE_LOOP('',(#2299,#2300,#2301,#2302,#2303,#2304,#2305,#2306,#2307));
#612=EDGE_LOOP('',(#2308,#2309,#2310,#2311));
#613=EDGE_LOOP('',(#2312,#2313,#2314,#2315));
#614=EDGE_LOOP('',(#2316,#2317,#2318,#2319));
#615=EDGE_LOOP('',(#2320,#2321,#2322));
#616=EDGE_LOOP('',(#2323,#2324,#2325,#2326,#2327,#2328,#2329,#2330,#2331,
#2332,#2333,#2334));
#617=EDGE_LOOP('',(#2335,#2336,#2337,#2338));
#618=EDGE_LOOP('',(#2339,#2340,#2341,#2342));
#619=EDGE_LOOP('',(#2343,#2344,#2345,#2346));
#620=EDGE_LOOP('',(#2347,#2348,#2349));
#621=EDGE_LOOP('',(#2350,#2351,#2352,#2353,#2354,#2355,#2356));
#622=EDGE_LOOP('',(#2357,#2358,#2359,#2360));
#623=EDGE_LOOP('',(#2361,#2362,#2363,#2364));
#624=EDGE_LOOP('',(#2365,#2366,#2367,#2368,#2369));
#625=EDGE_LOOP('',(#2370,#2371,#2372,#2373,#2374));
#626=EDGE_LOOP('',(#2375,#2376,#2377,#2378));
#627=EDGE_LOOP('',(#2379,#2380,#2381,#2382,#2383,#2384));
#628=EDGE_LOOP('',(#2385,#2386,#2387,#2388));
#629=EDGE_LOOP('',(#2389,#2390,#2391,#2392,#2393,#2394));
#630=EDGE_LOOP('',(#2395,#2396,#2397,#2398,#2399));
#631=EDGE_LOOP('',(#2400,#2401,#2402,#2403));
#632=EDGE_LOOP('',(#2404,#2405,#2406,#2407));
#633=EDGE_LOOP('',(#2408,#2409,#2410,#2411));
#634=EDGE_LOOP('',(#2412,#2413,#2414,#2415));
#635=EDGE_LOOP('',(#2416,#2417,#2418,#2419,#2420));
#636=EDGE_LOOP('',(#2421,#2422,#2423,#2424,#2425,#2426,#2427,#2428,#2429,
#2430,#2431,#2432));
#637=EDGE_LOOP('',(#2433,#2434,#2435,#2436,#2437,#2438));
#638=EDGE_LOOP('',(#2439,#2440,#2441,#2442));
#639=EDGE_LOOP('',(#2443,#2444,#2445));
#640=EDGE_LOOP('',(#2446,#2447,#2448,#2449,#2450,#2451,#2452,#2453,#2454,
#2455,#2456,#2457));
#641=EDGE_LOOP('',(#2458,#2459,#2460));
#642=EDGE_LOOP('',(#2461,#2462,#2463,#2464));
#643=EDGE_LOOP('',(#2465,#2466,#2467,#2468));
#644=EDGE_LOOP('',(#2469,#2470,#2471,#2472));
#645=EDGE_LOOP('',(#2473,#2474,#2475,#2476));
#646=EDGE_LOOP('',(#2477,#2478,#2479,#2480,#2481,#2482));
#647=EDGE_LOOP('',(#2483,#2484,#2485,#2486,#2487));
#648=EDGE_LOOP('',(#2488,#2489,#2490,#2491,#2492,#2493,#2494,#2495,#2496,
#2497,#2498,#2499,#2500,#2501,#2502,#2503,#2504,#2505,#2506,#2507,#2508));
#649=EDGE_LOOP('',(#2509,#2510,#2511,#2512,#2513,#2514,#2515,#2516));
#650=EDGE_LOOP('',(#2517));
#651=EDGE_LOOP('',(#2518,#2519,#2520,#2521));
#652=EDGE_LOOP('',(#2522,#2523,#2524,#2525,#2526));
#653=EDGE_LOOP('',(#2527,#2528,#2529,#2530,#2531));
#654=EDGE_LOOP('',(#2532,#2533,#2534,#2535,#2536,#2537));
#655=EDGE_LOOP('',(#2538,#2539,#2540,#2541));
#656=EDGE_LOOP('',(#2542,#2543,#2544));
#657=EDGE_LOOP('',(#2545,#2546,#2547,#2548));
#658=EDGE_LOOP('',(#2549,#2550,#2551,#2552,#2553));
#659=EDGE_LOOP('',(#2554,#2555,#2556,#2557));
#660=EDGE_LOOP('',(#2558,#2559,#2560,#2561,#2562,#2563,#2564,#2565,#2566,
#2567,#2568,#2569,#2570,#2571,#2572,#2573,#2574,#2575,#2576,#2577,#2578,
#2579,#2580,#2581,#2582,#2583,#2584,#2585,#2586,#2587,#2588,#2589,#2590,
#2591,#2592,#2593,#2594,#2595,#2596));
#661=EDGE_LOOP('',(#2597,#2598));
#662=EDGE_LOOP('',(#2599,#2600));
#663=EDGE_LOOP('',(#2601,#2602));
#664=EDGE_LOOP('',(#2603,#2604));
#665=EDGE_LOOP('',(#2605,#2606));
#666=EDGE_LOOP('',(#2607,#2608));
#667=EDGE_LOOP('',(#2609,#2610,#2611,#2612,#2613,#2614,#2615,#2616,#2617,
#2618,#2619,#2620,#2621,#2622,#2623,#2624,#2625,#2626,#2627,#2628,#2629,
#2630,#2631,#2632,#2633,#2634,#2635,#2636,#2637,#2638,#2639,#2640,#2641,
#2642,#2643,#2644));
#668=EDGE_LOOP('',(#2645,#2646,#2647,#2648,#2649,#2650,#2651,#2652));
#669=EDGE_LOOP('',(#2653,#2654));
#670=EDGE_LOOP('',(#2655,#2656,#2657,#2658,#2659,#2660,#2661,#2662,#2663,
#2664,#2665,#2666,#2667,#2668,#2669,#2670,#2671,#2672));
#671=EDGE_LOOP('',(#2673,#2674));
#672=EDGE_LOOP('',(#2675,#2676));
#673=EDGE_LOOP('',(#2677,#2678));
#674=EDGE_LOOP('',(#2679,#2680));
#675=EDGE_LOOP('',(#2681,#2682));
#676=EDGE_LOOP('',(#2683,#2684));
#677=EDGE_LOOP('',(#2685,#2686));
#678=EDGE_LOOP('',(#2687,#2688,#2689,#2690,#2691,#2692,#2693,#2694,#2695,
#2696,#2697,#2698,#2699,#2700,#2701,#2702,#2703,#2704));
#679=EDGE_LOOP('',(#2705,#2706,#2707,#2708,#2709,#2710,#2711));
#680=EDGE_LOOP('',(#2712,#2713,#2714,#2715));
#681=EDGE_LOOP('',(#2716,#2717,#2718));
#682=EDGE_LOOP('',(#2719,#2720,#2721,#2722));
#683=EDGE_LOOP('',(#2723,#2724,#2725));
#684=EDGE_LOOP('',(#2726,#2727,#2728,#2729));
#685=EDGE_LOOP('',(#2730,#2731,#2732,#2733));
#686=EDGE_LOOP('',(#2734,#2735,#2736,#2737));
#687=EDGE_LOOP('',(#2738,#2739,#2740,#2741,#2742));
#688=EDGE_LOOP('',(#2743,#2744,#2745,#2746));
#689=EDGE_LOOP('',(#2747,#2748,#2749,#2750));
#690=EDGE_LOOP('',(#2751,#2752,#2753,#2754));
#691=EDGE_LOOP('',(#2755,#2756,#2757));
#692=EDGE_LOOP('',(#2758,#2759,#2760,#2761,#2762,#2763));
#693=EDGE_LOOP('',(#2764,#2765,#2766,#2767));
#694=EDGE_LOOP('',(#2768,#2769,#2770,#2771,#2772));
#695=EDGE_LOOP('',(#2773,#2774,#2775,#2776));
#696=EDGE_LOOP('',(#2777,#2778,#2779,#2780,#2781,#2782,#2783,#2784,#2785,
#2786,#2787,#2788,#2789,#2790,#2791,#2792,#2793,#2794,#2795,#2796,#2797));
#697=EDGE_LOOP('',(#2798,#2799,#2800,#2801,#2802,#2803,#2804,#2805));
#698=EDGE_LOOP('',(#2806));
#699=EDGE_LOOP('',(#2807,#2808,#2809,#2810,#2811,#2812));
#700=EDGE_LOOP('',(#2813,#2814,#2815,#2816));
#701=EDGE_LOOP('',(#2817,#2818,#2819,#2820));
#702=EDGE_LOOP('',(#2821,#2822,#2823,#2824));
#703=EDGE_LOOP('',(#2825,#2826,#2827,#2828));
#704=EDGE_LOOP('',(#2829,#2830,#2831,#2832,#2833,#2834));
#705=EDGE_LOOP('',(#2835,#2836,#2837,#2838));
#706=EDGE_LOOP('',(#2839,#2840,#2841,#2842));
#707=EDGE_LOOP('',(#2843,#2844,#2845,#2846));
#708=EDGE_LOOP('',(#2847,#2848,#2849,#2850));
#709=EDGE_LOOP('',(#2851,#2852,#2853,#2854));
#710=EDGE_LOOP('',(#2855,#2856,#2857,#2858));
#711=EDGE_LOOP('',(#2859,#2860,#2861,#2862));
#712=EDGE_LOOP('',(#2863,#2864,#2865,#2866));
#713=EDGE_LOOP('',(#2867,#2868,#2869,#2870,#2871,#2872));
#714=EDGE_LOOP('',(#2873,#2874,#2875,#2876));
#715=EDGE_LOOP('',(#2877,#2878,#2879,#2880,#2881));
#716=EDGE_LOOP('',(#2882,#2883,#2884,#2885,#2886));
#717=EDGE_LOOP('',(#2887,#2888,#2889,#2890));
#718=EDGE_LOOP('',(#2891,#2892,#2893));
#719=EDGE_LOOP('',(#2894,#2895,#2896,#2897));
#720=EDGE_LOOP('',(#2898,#2899,#2900,#2901));
#721=EDGE_LOOP('',(#2902,#2903,#2904,#2905));
#722=EDGE_LOOP('',(#2906,#2907,#2908,#2909));
#723=EDGE_LOOP('',(#2910,#2911,#2912,#2913));
#724=EDGE_LOOP('',(#2914,#2915,#2916,#2917));
#725=EDGE_LOOP('',(#2918,#2919,#2920,#2921,#2922,#2923));
#726=EDGE_LOOP('',(#2924,#2925,#2926,#2927));
#727=EDGE_LOOP('',(#2928,#2929,#2930,#2931));
#728=EDGE_LOOP('',(#2932,#2933,#2934,#2935,#2936));
#729=EDGE_LOOP('',(#2937,#2938,#2939,#2940,#2941));
#730=EDGE_LOOP('',(#2942,#2943,#2944,#2945));
#731=EDGE_LOOP('',(#2946,#2947,#2948,#2949,#2950));
#732=EDGE_LOOP('',(#2951,#2952,#2953,#2954,#2955));
#733=EDGE_LOOP('',(#2956,#2957,#2958,#2959,#2960,#2961,#2962));
#734=EDGE_LOOP('',(#2963));
#735=EDGE_LOOP('',(#2964,#2965,#2966,#2967));
#736=EDGE_LOOP('',(#2968));
#737=EDGE_LOOP('',(#2969,#2970,#2971,#2972,#2973,#2974,#2975));
#738=EDGE_LOOP('',(#2976));
#739=EDGE_LOOP('',(#2977,#2978,#2979,#2980));
#740=EDGE_LOOP('',(#2981));
#741=EDGE_LOOP('',(#2982,#2983,#2984,#2985,#2986,#2987));
#742=EDGE_LOOP('',(#2988,#2989,#2990,#2991));
#743=EDGE_LOOP('',(#2992,#2993,#2994,#2995));
#744=EDGE_LOOP('',(#2996,#2997,#2998,#2999));
#745=EDGE_LOOP('',(#3000,#3001,#3002,#3003,#3004,#3005));
#746=EDGE_LOOP('',(#3006,#3007,#3008,#3009));
#747=EDGE_LOOP('',(#3010,#3011,#3012,#3013));
#748=EDGE_LOOP('',(#3014,#3015,#3016,#3017));
#749=EDGE_LOOP('',(#3018,#3019,#3020,#3021));
#750=EDGE_LOOP('',(#3022,#3023,#3024,#3025));
#751=EDGE_LOOP('',(#3026,#3027,#3028,#3029));
#752=EDGE_LOOP('',(#3030,#3031,#3032,#3033));
#753=EDGE_LOOP('',(#3034,#3035,#3036,#3037));
#754=EDGE_LOOP('',(#3038,#3039,#3040,#3041));
#755=EDGE_LOOP('',(#3042,#3043,#3044,#3045));
#756=EDGE_LOOP('',(#3046,#3047,#3048,#3049));
#757=EDGE_LOOP('',(#3050,#3051,#3052,#3053));
#758=EDGE_LOOP('',(#3054,#3055,#3056,#3057));
#759=EDGE_LOOP('',(#3058,#3059,#3060,#3061));
#760=EDGE_LOOP('',(#3062,#3063,#3064,#3065));
#761=EDGE_LOOP('',(#3066,#3067,#3068,#3069));
#762=EDGE_LOOP('',(#3070,#3071,#3072));
#763=EDGE_LOOP('',(#3073,#3074,#3075,#3076));
#764=EDGE_LOOP('',(#3077,#3078,#3079));
#765=EDGE_LOOP('',(#3080,#3081,#3082,#3083));
#766=EDGE_LOOP('',(#3084,#3085,#3086));
#767=EDGE_LOOP('',(#3087,#3088,#3089));
#768=EDGE_LOOP('',(#3090,#3091,#3092,#3093));
#769=EDGE_LOOP('',(#3094,#3095,#3096,#3097));
#770=EDGE_LOOP('',(#3098,#3099,#3100,#3101));
#771=EDGE_LOOP('',(#3102,#3103,#3104,#3105));
#772=LINE('',#4617,#981);
#773=LINE('',#4620,#982);
#774=LINE('',#4623,#983);
#775=LINE('',#4625,#984);
#776=LINE('',#4626,#985);
#777=LINE('',#4632,#986);
#778=LINE('',#4635,#987);
#779=LINE('',#4637,#988);
#780=LINE('',#4638,#989);
#781=LINE('',#4644,#990);
#782=LINE('',#4647,#991);
#783=LINE('',#4649,#992);
#784=LINE('',#4650,#993);
#785=LINE('',#4656,#994);
#786=LINE('',#4658,#995);
#787=LINE('',#4659,#996);
#788=LINE('',#4665,#997);
#789=LINE('',#4668,#998);
#790=LINE('',#4671,#999);
#791=LINE('',#4673,#1000);
#792=LINE('',#4674,#1001);
#793=LINE('',#4680,#1002);
#794=LINE('',#4683,#1003);
#795=LINE('',#4685,#1004);
#796=LINE('',#4687,#1005);
#797=LINE('',#4691,#1006);
#798=LINE('',#4695,#1007);
#799=LINE('',#4696,#1008);
#800=LINE('',#4700,#1009);
#801=LINE('',#4703,#1010);
#802=LINE('',#4704,#1011);
#803=LINE('',#4708,#1012);
#804=LINE('',#4784,#1013);
#805=LINE('',#4785,#1014);
#806=LINE('',#4857,#1015);
#807=LINE('',#4859,#1016);
#808=LINE('',#4860,#1017);
#809=LINE('',#5149,#1018);
#810=LINE('',#5151,#1019);
#811=LINE('',#5152,#1020);
#812=LINE('',#5195,#1021);
#813=LINE('',#5198,#1022);
#814=LINE('',#5213,#1023);
#815=LINE('',#5215,#1024);
#816=LINE('',#5217,#1025);
#817=LINE('',#5219,#1026);
#818=LINE('',#5221,#1027);
#819=LINE('',#5228,#1028);
#820=LINE('',#5233,#1029);
#821=LINE('',#5236,#1030);
#822=LINE('',#5241,#1031);
#823=LINE('',#5243,#1032);
#824=LINE('',#5245,#1033);
#825=LINE('',#5247,#1034);
#826=LINE('',#5249,#1035);
#827=LINE('',#5281,#1036);
#828=LINE('',#5566,#1037);
#829=LINE('',#5569,#1038);
#830=LINE('',#5572,#1039);
#831=LINE('',#5574,#1040);
#832=LINE('',#5576,#1041);
#833=LINE('',#5577,#1042);
#834=LINE('',#5585,#1043);
#835=LINE('',#5588,#1044);
#836=LINE('',#5688,#1045);
#837=LINE('',#5699,#1046);
#838=LINE('',#5700,#1047);
#839=LINE('',#5708,#1048);
#840=LINE('',#5710,#1049);
#841=LINE('',#5712,#1050);
#842=LINE('',#5713,#1051);
#843=LINE('',#5771,#1052);
#844=LINE('',#5782,#1053);
#845=LINE('',#5783,#1054);
#846=LINE('',#5787,#1055);
#847=LINE('',#5791,#1056);
#848=LINE('',#5795,#1057);
#849=LINE('',#5810,#1058);
#850=LINE('',#5815,#1059);
#851=LINE('',#5823,#1060);
#852=LINE('',#5827,#1061);
#853=LINE('',#5835,#1062);
#854=LINE('',#5839,#1063);
#855=LINE('',#5843,#1064);
#856=LINE('',#5847,#1065);
#857=LINE('',#5851,#1066);
#858=LINE('',#5855,#1067);
#859=LINE('',#5858,#1068);
#860=LINE('',#5864,#1069);
#861=LINE('',#5934,#1070);
#862=LINE('',#5936,#1071);
#863=LINE('',#5938,#1072);
#864=LINE('',#5962,#1073);
#865=LINE('',#5963,#1074);
#866=LINE('',#6049,#1075);
#867=LINE('',#6071,#1076);
#868=LINE('',#6074,#1077);
#869=LINE('',#6078,#1078);
#870=LINE('',#6082,#1079);
#871=LINE('',#6098,#1080);
#872=LINE('',#6102,#1081);
#873=LINE('',#6108,#1082);
#874=LINE('',#6112,#1083);
#875=LINE('',#6116,#1084);
#876=LINE('',#6148,#1085);
#877=LINE('',#6151,#1086);
#878=LINE('',#6195,#1087);
#879=LINE('',#6196,#1088);
#880=LINE('',#6197,#1089);
#881=LINE('',#6198,#1090);
#882=LINE('',#6199,#1091);
#883=LINE('',#6201,#1092);
#884=LINE('',#6205,#1093);
#885=LINE('',#6209,#1094);
#886=LINE('',#6213,#1095);
#887=LINE('',#6217,#1096);
#888=LINE('',#6221,#1097);
#889=LINE('',#6225,#1098);
#890=LINE('',#6229,#1099);
#891=LINE('',#6233,#1100);
#892=LINE('',#6237,#1101);
#893=LINE('',#6241,#1102);
#894=LINE('',#6245,#1103);
#895=LINE('',#6248,#1104);
#896=LINE('',#6251,#1105);
#897=LINE('',#6255,#1106);
#898=LINE('',#6259,#1107);
#899=LINE('',#6263,#1108);
#900=LINE('',#6271,#1109);
#901=LINE('',#6273,#1110);
#902=LINE('',#6274,#1111);
#903=LINE('',#6305,#1112);
#904=LINE('',#6307,#1113);
#905=LINE('',#6308,#1114);
#906=LINE('',#6385,#1115);
#907=LINE('',#6386,#1116);
#908=LINE('',#6397,#1117);
#909=LINE('',#6398,#1118);
#910=LINE('',#6409,#1119);
#911=LINE('',#6419,#1120);
#912=LINE('',#6429,#1121);
#913=LINE('',#6470,#1122);
#914=LINE('',#6503,#1123);
#915=LINE('',#6511,#1124);
#916=LINE('',#6515,#1125);
#917=LINE('',#6519,#1126);
#918=LINE('',#6522,#1127);
#919=LINE('',#6526,#1128);
#920=LINE('',#6528,#1129);
#921=LINE('',#6530,#1130);
#922=LINE('',#6541,#1131);
#923=LINE('',#6599,#1132);
#924=LINE('',#6605,#1133);
#925=LINE('',#6613,#1134);
#926=LINE('',#6623,#1135);
#927=LINE('',#6676,#1136);
#928=LINE('',#6741,#1137);
#929=LINE('',#6795,#1138);
#930=LINE('',#6797,#1139);
#931=LINE('',#6799,#1140);
#932=LINE('',#6801,#1141);
#933=LINE('',#6803,#1142);
#934=LINE('',#6813,#1143);
#935=LINE('',#6815,#1144);
#936=LINE('',#6817,#1145);
#937=LINE('',#6820,#1146);
#938=LINE('',#6822,#1147);
#939=LINE('',#6826,#1148);
#940=LINE('',#6831,#1149);
#941=LINE('',#6836,#1150);
#942=LINE('',#6841,#1151);
#943=LINE('',#6846,#1152);
#944=LINE('',#6848,#1153);
#945=LINE('',#6849,#1154);
#946=LINE('',#6852,#1155);
#947=LINE('',#6856,#1156);
#948=LINE('',#6857,#1157);
#949=LINE('',#6860,#1158);
#950=LINE('',#6864,#1159);
#951=LINE('',#6865,#1160);
#952=LINE('',#6868,#1161);
#953=LINE('',#6872,#1162);
#954=LINE('',#6873,#1163);
#955=LINE('',#6877,#1164);
#956=LINE('',#6878,#1165);
#957=LINE('',#6880,#1166);
#958=LINE('',#6882,#1167);
#959=LINE('',#6884,#1168);
#960=LINE('',#6886,#1169);
#961=LINE('',#6887,#1170);
#962=LINE('',#6890,#1171);
#963=LINE('',#6894,#1172);
#964=LINE('',#6898,#1173);
#965=LINE('',#6899,#1174);
#966=LINE('',#6904,#1175);
#967=LINE('',#6906,#1176);
#968=LINE('',#6907,#1177);
#969=LINE('',#6911,#1178);
#970=LINE('',#6913,#1179);
#971=LINE('',#6914,#1180);
#972=LINE('',#6915,#1181);
#973=LINE('',#6920,#1182);
#974=LINE('',#6921,#1183);
#975=LINE('',#6922,#1184);
#976=LINE('',#6926,#1185);
#977=LINE('',#6927,#1186);
#978=LINE('',#6928,#1187);
#979=LINE('',#6932,#1188);
#980=LINE('',#6935,#1189);
#981=VECTOR('',#3724,10.);
#982=VECTOR('',#3727,10.);
#983=VECTOR('',#3730,10.);
#984=VECTOR('',#3731,10.);
#985=VECTOR('',#3732,10.);
#986=VECTOR('',#3737,10.);
#987=VECTOR('',#3740,10.);
#988=VECTOR('',#3743,10.);
#989=VECTOR('',#3744,10.);
#990=VECTOR('',#3749,10.);
#991=VECTOR('',#3752,10.);
#992=VECTOR('',#3755,10.);
#993=VECTOR('',#3756,10.);
#994=VECTOR('',#3763,10.);
#995=VECTOR('',#3766,10.);
#996=VECTOR('',#3767,10.);
#997=VECTOR('',#3772,10.);
#998=VECTOR('',#3775,10.);
#999=VECTOR('',#3778,10.);
#1000=VECTOR('',#3779,10.);
#1001=VECTOR('',#3780,10.);
#1002=VECTOR('',#3785,10.);
#1003=VECTOR('',#3788,10.);
#1004=VECTOR('',#3791,10.);
#1005=VECTOR('',#3792,10.);
#1006=VECTOR('',#3795,10.);
#1007=VECTOR('',#3800,10.);
#1008=VECTOR('',#3801,10.);
#1009=VECTOR('',#3806,10.);
#1010=VECTOR('',#3809,10.);
#1011=VECTOR('',#3810,10.);
#1012=VECTOR('',#3817,10.);
#1013=VECTOR('',#3834,10.);
#1014=VECTOR('',#3835,10.);
#1015=VECTOR('',#3840,10.);
#1016=VECTOR('',#3841,10.);
#1017=VECTOR('',#3842,10.);
#1018=VECTOR('',#3865,10.);
#1019=VECTOR('',#3866,10.);
#1020=VECTOR('',#3867,10.);
#1021=VECTOR('',#3874,10.);
#1022=VECTOR('',#3877,10.);
#1023=VECTOR('',#3892,0.5);
#1024=VECTOR('',#3893,10.);
#1025=VECTOR('',#3894,10.);
#1026=VECTOR('',#3895,10.);
#1027=VECTOR('',#3896,10.);
#1028=VECTOR('',#3899,0.5);
#1029=VECTOR('',#3908,10.);
#1030=VECTOR('',#3911,10.);
#1031=VECTOR('',#3918,0.5);
#1032=VECTOR('',#3919,10.);
#1033=VECTOR('',#3920,10.);
#1034=VECTOR('',#3921,10.);
#1035=VECTOR('',#3922,10.);
#1036=VECTOR('',#3925,0.5);
#1037=VECTOR('',#3956,0.5);
#1038=VECTOR('',#3959,0.5);
#1039=VECTOR('',#3962,10.);
#1040=VECTOR('',#3963,10.);
#1041=VECTOR('',#3964,10.);
#1042=VECTOR('',#3965,10.);
#1043=VECTOR('',#3974,0.5);
#1044=VECTOR('',#3977,0.5);
#1045=VECTOR('',#3994,10.);
#1046=VECTOR('',#3995,10.);
#1047=VECTOR('',#3996,10.);
#1048=VECTOR('',#3999,10.);
#1049=VECTOR('',#4000,10.);
#1050=VECTOR('',#4001,10.);
#1051=VECTOR('',#4002,10.);
#1052=VECTOR('',#4009,10.);
#1053=VECTOR('',#4010,10.);
#1054=VECTOR('',#4011,10.);
#1055=VECTOR('',#4016,10.);
#1056=VECTOR('',#4021,10.);
#1057=VECTOR('',#4026,10.);
#1058=VECTOR('',#4029,10.);
#1059=VECTOR('',#4034,10.);
#1060=VECTOR('',#4045,10.);
#1061=VECTOR('',#4048,10.);
#1062=VECTOR('',#4055,10.);
#1063=VECTOR('',#4058,10.);
#1064=VECTOR('',#4061,10.);
#1065=VECTOR('',#4064,10.);
#1066=VECTOR('',#4067,10.);
#1067=VECTOR('',#4070,10.);
#1068=VECTOR('',#4073,10.);
#1069=VECTOR('',#4080,10.);
#1070=VECTOR('',#4089,10.);
#1071=VECTOR('',#4090,10.);
#1072=VECTOR('',#4091,10.);
#1073=VECTOR('',#4096,10.);
#1074=VECTOR('',#4097,10.);
#1075=VECTOR('',#4100,10.);
#1076=VECTOR('',#4113,2.);
#1077=VECTOR('',#4116,10.);
#1078=VECTOR('',#4119,10.);
#1079=VECTOR('',#4122,10.);
#1080=VECTOR('',#4125,10.);
#1081=VECTOR('',#4128,10.);
#1082=VECTOR('',#4133,10.);
#1083=VECTOR('',#4136,10.);
#1084=VECTOR('',#4139,10.);
#1085=VECTOR('',#4146,10.);
#1086=VECTOR('',#4149,10.);
#1087=VECTOR('',#4176,10.);
#1088=VECTOR('',#4177,10.);
#1089=VECTOR('',#4178,10.);
#1090=VECTOR('',#4179,10.);
#1091=VECTOR('',#4180,10.);
#1092=VECTOR('',#4181,10.);
#1093=VECTOR('',#4184,10.);
#1094=VECTOR('',#4187,10.);
#1095=VECTOR('',#4190,10.);
#1096=VECTOR('',#4193,10.);
#1097=VECTOR('',#4196,10.);
#1098=VECTOR('',#4199,10.);
#1099=VECTOR('',#4202,10.);
#1100=VECTOR('',#4205,10.);
#1101=VECTOR('',#4208,10.);
#1102=VECTOR('',#4211,10.);
#1103=VECTOR('',#4214,10.);
#1104=VECTOR('',#4217,10.);
#1105=VECTOR('',#4218,10.);
#1106=VECTOR('',#4221,10.);
#1107=VECTOR('',#4224,10.);
#1108=VECTOR('',#4227,10.);
#1109=VECTOR('',#4234,10.);
#1110=VECTOR('',#4235,10.);
#1111=VECTOR('',#4236,10.);
#1112=VECTOR('',#4253,10.);
#1113=VECTOR('',#4254,10.);
#1114=VECTOR('',#4255,10.);
#1115=VECTOR('',#4268,10.);
#1116=VECTOR('',#4269,10.);
#1117=VECTOR('',#4282,10.);
#1118=VECTOR('',#4283,10.);
#1119=VECTOR('',#4300,10.);
#1120=VECTOR('',#4303,10.);
#1121=VECTOR('',#4308,10.);
#1122=VECTOR('',#4325,10.);
#1123=VECTOR('',#4334,10.);
#1124=VECTOR('',#4341,10.);
#1125=VECTOR('',#4344,10.);
#1126=VECTOR('',#4347,10.);
#1127=VECTOR('',#4350,10.);
#1128=VECTOR('',#4355,10.);
#1129=VECTOR('',#4358,10.);
#1130=VECTOR('',#4361,10.);
#1131=VECTOR('',#4370,10.);
#1132=VECTOR('',#4381,10.);
#1133=VECTOR('',#4390,10.);
#1134=VECTOR('',#4401,10.);
#1135=VECTOR('',#4404,10.);
#1136=VECTOR('',#4421,10.);
#1137=VECTOR('',#4424,10.);
#1138=VECTOR('',#4431,10.);
#1139=VECTOR('',#4434,10.);
#1140=VECTOR('',#4437,2.);
#1141=VECTOR('',#4440,10.);
#1142=VECTOR('',#4443,10.);
#1143=VECTOR('',#4450,10.);
#1144=VECTOR('',#4453,10.);
#1145=VECTOR('',#4456,10.);
#1146=VECTOR('',#4461,10.);
#1147=VECTOR('',#4464,10.);
#1148=VECTOR('',#4469,3.);
#1149=VECTOR('',#4476,3.);
#1150=VECTOR('',#4483,3.);
#1151=VECTOR('',#4490,3.);
#1152=VECTOR('',#4497,10.);
#1153=VECTOR('',#4498,10.);
#1154=VECTOR('',#4499,10.);
#1155=VECTOR('',#4502,10.);
#1156=VECTOR('',#4507,10.);
#1157=VECTOR('',#4508,10.);
#1158=VECTOR('',#4511,10.);
#1159=VECTOR('',#4516,10.);
#1160=VECTOR('',#4517,10.);
#1161=VECTOR('',#4520,10.);
#1162=VECTOR('',#4525,10.);
#1163=VECTOR('',#4526,10.);
#1164=VECTOR('',#4533,10.);
#1165=VECTOR('',#4534,10.);
#1166=VECTOR('',#4537,10.);
#1167=VECTOR('',#4540,10.);
#1168=VECTOR('',#4543,10.);
#1169=VECTOR('',#4546,10.);
#1170=VECTOR('',#4547,10.);
#1171=VECTOR('',#4552,10.);
#1172=VECTOR('',#4557,10.);
#1173=VECTOR('',#4562,10.);
#1174=VECTOR('',#4563,10.);
#1175=VECTOR('',#4570,10.);
#1176=VECTOR('',#4571,10.);
#1177=VECTOR('',#4572,10.);
#1178=VECTOR('',#4575,10.);
#1179=VECTOR('',#4576,10.);
#1180=VECTOR('',#4577,10.);
#1181=VECTOR('',#4578,10.);
#1182=VECTOR('',#4585,10.);
#1183=VECTOR('',#4586,10.);
#1184=VECTOR('',#4587,10.);
#1185=VECTOR('',#4594,10.);
#1186=VECTOR('',#4595,10.);
#1187=VECTOR('',#4596,10.);
#1188=VECTOR('',#4603,10.);
#1189=VECTOR('',#4608,10.);
#1190=CIRCLE('',#3378,2.);
#1191=CIRCLE('',#3379,2.);
#1192=CIRCLE('',#3382,2.);
#1193=CIRCLE('',#3383,2.);
#1194=CIRCLE('',#3386,2.);
#1195=CIRCLE('',#3387,2.);
#1196=CIRCLE('',#3390,2.);
#1197=CIRCLE('',#3391,2.);
#1198=CIRCLE('',#3394,2.);
#1199=CIRCLE('',#3395,2.);
#1200=CIRCLE('',#3398,2.);
#1201=CIRCLE('',#3399,2.);
#1202=CIRCLE('',#3401,2.);
#1203=CIRCLE('',#3402,2.);
#1204=CIRCLE('',#3405,2.);
#1205=CIRCLE('',#3408,2.);
#1206=CIRCLE('',#3411,0.5);
#1207=CIRCLE('',#3413,0.5);
#1208=CIRCLE('',#3414,0.5);
#1209=CIRCLE('',#3415,1.);
#1210=CIRCLE('',#3417,0.5);
#1211=CIRCLE('',#3419,22.6335835203949);
#1212=CIRCLE('',#3420,0.5);
#1213=CIRCLE('',#3421,0.5);
#1214=CIRCLE('',#3422,0.5);
#1215=CIRCLE('',#3423,0.5);
#1216=CIRCLE('',#3424,0.5);
#1217=CIRCLE('',#3426,2.);
#1218=CIRCLE('',#3427,0.499999999999989);
#1219=CIRCLE('',#3428,2.5);
#1220=CIRCLE('',#3430,23.0531333359835);
#1221=CIRCLE('',#3431,0.999999999999997);
#1222=CIRCLE('',#3432,1.);
#1223=CIRCLE('',#3434,0.500000000000003);
#1224=CIRCLE('',#3436,2.);
#1225=CIRCLE('',#3437,0.500000000000003);
#1226=CIRCLE('',#3438,2.5);
#1227=CIRCLE('',#3440,0.5);
#1228=CIRCLE('',#3443,0.5);
#1229=CIRCLE('',#3445,2.);
#1230=CIRCLE('',#3447,0.499999999999998);
#1231=CIRCLE('',#3449,0.5);
#1232=CIRCLE('',#3452,0.5);
#1233=CIRCLE('',#3454,2.);
#1234=CIRCLE('',#3455,0.5);
#1235=CIRCLE('',#3456,0.5);
#1236=CIRCLE('',#3458,22.0683255829713);
#1237=CIRCLE('',#3460,1.);
#1238=CIRCLE('',#3461,22.0683255829713);
#1239=CIRCLE('',#3463,21.4734603858307);
#1240=CIRCLE('',#3465,21.4734603858307);
#1241=CIRCLE('',#3467,0.5);
#1242=CIRCLE('',#3470,2.);
#1243=CIRCLE('',#3472,0.5);
#1244=CIRCLE('',#3473,0.500000000000001);
#1245=CIRCLE('',#3474,0.500000000000001);
#1246=CIRCLE('',#3475,0.5);
#1247=CIRCLE('',#3477,22.1411796438888);
#1248=CIRCLE('',#3479,2.);
#1249=CIRCLE('',#3481,3.);
#1250=CIRCLE('',#3485,3.);
#1251=CIRCLE('',#3488,2.);
#1252=CIRCLE('',#3490,2.);
#1253=CIRCLE('',#3494,2.);
#1254=CIRCLE('',#3495,2.);
#1255=CIRCLE('',#3497,5.);
#1256=CIRCLE('',#3498,3.);
#1257=CIRCLE('',#3500,5.);
#1258=CIRCLE('',#3501,3.);
#1259=CIRCLE('',#3502,3.);
#1260=CIRCLE('',#3503,5.);
#1261=CIRCLE('',#3504,18.5172988935318);
#1262=CIRCLE('',#3505,1.7);
#1263=CIRCLE('',#3506,1.7);
#1264=CIRCLE('',#3507,18.5172988935318);
#1265=CIRCLE('',#3508,5.);
#1266=CIRCLE('',#3509,5.);
#1267=CIRCLE('',#3510,3.);
#1268=CIRCLE('',#3512,3.);
#1269=CIRCLE('',#3514,21.4734603858307);
#1270=CIRCLE('',#3518,3.);
#1271=CIRCLE('',#3521,2.);
#1272=CIRCLE('',#3522,3.);
#1273=CIRCLE('',#3523,5.);
#1274=CIRCLE('',#3525,2.);
#1275=CIRCLE('',#3527,12.4734603858307);
#1276=CIRCLE('',#3528,2.);
#1277=CIRCLE('',#3529,2.);
#1278=CIRCLE('',#3530,2.);
#1279=CIRCLE('',#3531,2.);
#1280=CIRCLE('',#3532,2.);
#1281=CIRCLE('',#3533,12.4734603858307);
#1282=CIRCLE('',#3534,2.);
#1283=CIRCLE('',#3535,2.);
#1284=CIRCLE('',#3536,21.4734603858307);
#1285=CIRCLE('',#3537,2.);
#1286=CIRCLE('',#3538,2.);
#1287=CIRCLE('',#3540,40.);
#1288=CIRCLE('',#3542,40.);
#1289=CIRCLE('',#3544,40.);
#1290=CIRCLE('',#3546,40.);
#1291=CIRCLE('',#3548,40.);
#1292=CIRCLE('',#3550,40.);
#1293=CIRCLE('',#3552,40.);
#1294=CIRCLE('',#3553,6.);
#1295=CIRCLE('',#3554,6.);
#1296=CIRCLE('',#3555,40.);
#1297=CIRCLE('',#3556,40.);
#1298=CIRCLE('',#3557,40.);
#1299=CIRCLE('',#3558,40.);
#1300=CIRCLE('',#3559,40.);
#1301=CIRCLE('',#3560,40.);
#1302=CIRCLE('',#3561,40.);
#1303=CIRCLE('',#3562,6.);
#1304=CIRCLE('',#3563,6.);
#1305=CIRCLE('',#3564,4.7);
#1306=CIRCLE('',#3565,4.7);
#1307=CIRCLE('',#3566,4.7);
#1308=CIRCLE('',#3567,4.7);
#1309=CIRCLE('',#3578,3.);
#1310=CIRCLE('',#3580,3.);
#1311=CIRCLE('',#3583,3.);
#1312=CIRCLE('',#3585,3.);
#1313=CIRCLE('',#3586,5.);
#1314=CIRCLE('',#3587,2.);
#1315=CIRCLE('',#3589,3.);
#1316=CIRCLE('',#3591,5.);
#1317=CIRCLE('',#3592,2.);
#1318=CIRCLE('',#3594,3.);
#1319=CIRCLE('',#3595,2.);
#1320=CIRCLE('',#3597,3.);
#1321=CIRCLE('',#3599,3.);
#1322=CIRCLE('',#3602,15.5628756344952);
#1323=CIRCLE('',#3603,18.5172988935318);
#1324=CIRCLE('',#3605,3.);
#1325=CIRCLE('',#3606,2.);
#1326=CIRCLE('',#3607,3.);
#1327=CIRCLE('',#3610,2.);
#1328=CIRCLE('',#3612,5.);
#1329=CIRCLE('',#3613,3.);
#1330=CIRCLE('',#3614,3.);
#1331=CIRCLE('',#3615,5.);
#1332=CIRCLE('',#3616,18.5172988935318);
#1333=CIRCLE('',#3617,1.7);
#1334=CIRCLE('',#3618,1.70000000000001);
#1335=CIRCLE('',#3619,3.);
#1336=CIRCLE('',#3628,2.);
#1337=CIRCLE('',#3629,3.);
#1338=CIRCLE('',#3631,3.);
#1339=CIRCLE('',#3633,3.);
#1340=CIRCLE('',#3634,2.);
#1341=CIRCLE('',#3637,3.);
#1342=CIRCLE('',#3638,2.);
#1343=CIRCLE('',#3640,3.);
#1344=CIRCLE('',#3642,3.);
#1345=CIRCLE('',#3644,15.5628756344952);
#1346=CIRCLE('',#3646,3.);
#1347=CIRCLE('',#3647,2.);
#1348=CIRCLE('',#3648,3.);
#1349=CIRCLE('',#3652,2.);
#1350=CIRCLE('',#3668,3.);
#1351=CIRCLE('',#3671,3.);
#1352=CIRCLE('',#3674,3.);
#1353=CIRCLE('',#3677,3.);
#1354=CIRCLE('',#3681,4.7);
#1355=CIRCLE('',#3684,4.7);
#1356=CIRCLE('',#3687,4.7);
#1357=CIRCLE('',#3690,4.7);
#1358=CIRCLE('',#3700,6.);
#1359=CIRCLE('',#3703,6.);
#1360=CIRCLE('',#3707,6.);
#1361=CIRCLE('',#3710,6.);
#1362=VERTEX_POINT('',#4613);
#1363=VERTEX_POINT('',#4614);
#1364=VERTEX_POINT('',#4616);
#1365=VERTEX_POINT('',#4618);
#1366=VERTEX_POINT('',#4622);
#1367=VERTEX_POINT('',#4624);
#1368=VERTEX_POINT('',#4628);
#1369=VERTEX_POINT('',#4629);
#1370=VERTEX_POINT('',#4631);
#1371=VERTEX_POINT('',#4633);
#1372=VERTEX_POINT('',#4640);
#1373=VERTEX_POINT('',#4641);
#1374=VERTEX_POINT('',#4643);
#1375=VERTEX_POINT('',#4645);
#1376=VERTEX_POINT('',#4652);
#1377=VERTEX_POINT('',#4654);
#1378=VERTEX_POINT('',#4661);
#1379=VERTEX_POINT('',#4662);
#1380=VERTEX_POINT('',#4664);
#1381=VERTEX_POINT('',#4666);
#1382=VERTEX_POINT('',#4670);
#1383=VERTEX_POINT('',#4672);
#1384=VERTEX_POINT('',#4676);
#1385=VERTEX_POINT('',#4677);
#1386=VERTEX_POINT('',#4679);
#1387=VERTEX_POINT('',#4681);
#1388=VERTEX_POINT('',#4686);
#1389=VERTEX_POINT('',#4688);
#1390=VERTEX_POINT('',#4690);
#1391=VERTEX_POINT('',#4694);
#1392=VERTEX_POINT('',#4698);
#1393=VERTEX_POINT('',#4702);
#1394=VERTEX_POINT('',#4740);
#1395=VERTEX_POINT('',#4741);
#1396=VERTEX_POINT('',#4749);
#1397=VERTEX_POINT('',#4755);
#1398=VERTEX_POINT('',#4757);
#1399=VERTEX_POINT('',#4775);
#1400=VERTEX_POINT('',#4776);
#1401=VERTEX_POINT('',#4781);
#1402=VERTEX_POINT('',#4782);
#1403=VERTEX_POINT('',#4826);
#1404=VERTEX_POINT('',#4844);
#1405=VERTEX_POINT('',#4854);
#1406=VERTEX_POINT('',#4856);
#1407=VERTEX_POINT('',#4858);
#1408=VERTEX_POINT('',#4906);
#1409=VERTEX_POINT('',#4925);
#1410=VERTEX_POINT('',#4959);
#1411=VERTEX_POINT('',#4960);
#1412=VERTEX_POINT('',#4962);
#1413=VERTEX_POINT('',#4995);
#1414=VERTEX_POINT('',#4996);
#1415=VERTEX_POINT('',#4998);
#1416=VERTEX_POINT('',#5003);
#1417=VERTEX_POINT('',#5029);
#1418=VERTEX_POINT('',#5030);
#1419=VERTEX_POINT('',#5080);
#1420=VERTEX_POINT('',#5081);
#1421=VERTEX_POINT('',#5133);
#1422=VERTEX_POINT('',#5135);
#1423=VERTEX_POINT('',#5139);
#1424=VERTEX_POINT('',#5146);
#1425=VERTEX_POINT('',#5148);
#1426=VERTEX_POINT('',#5150);
#1427=VERTEX_POINT('',#5183);
#1428=VERTEX_POINT('',#5185);
#1429=VERTEX_POINT('',#5194);
#1430=VERTEX_POINT('',#5196);
#1431=VERTEX_POINT('',#5200);
#1432=VERTEX_POINT('',#5207);
#1433=VERTEX_POINT('',#5212);
#1434=VERTEX_POINT('',#5214);
#1435=VERTEX_POINT('',#5216);
#1436=VERTEX_POINT('',#5218);
#1437=VERTEX_POINT('',#5220);
#1438=VERTEX_POINT('',#5227);
#1439=VERTEX_POINT('',#5234);
#1440=VERTEX_POINT('',#5240);
#1441=VERTEX_POINT('',#5242);
#1442=VERTEX_POINT('',#5244);
#1443=VERTEX_POINT('',#5246);
#1444=VERTEX_POINT('',#5248);
#1445=VERTEX_POINT('',#5250);
#1446=VERTEX_POINT('',#5259);
#1447=VERTEX_POINT('',#5264);
#1448=VERTEX_POINT('',#5268);
#1449=VERTEX_POINT('',#5280);
#1450=VERTEX_POINT('',#5313);
#1451=VERTEX_POINT('',#5314);
#1452=VERTEX_POINT('',#5316);
#1453=VERTEX_POINT('',#5321);
#1454=VERTEX_POINT('',#5382);
#1455=VERTEX_POINT('',#5408);
#1456=VERTEX_POINT('',#5459);
#1457=VERTEX_POINT('',#5464);
#1458=VERTEX_POINT('',#5501);
#1459=VERTEX_POINT('',#5531);
#1460=VERTEX_POINT('',#5551);
#1461=VERTEX_POINT('',#5559);
#1462=VERTEX_POINT('',#5565);
#1463=VERTEX_POINT('',#5567);
#1464=VERTEX_POINT('',#5571);
#1465=VERTEX_POINT('',#5573);
#1466=VERTEX_POINT('',#5575);
#1467=VERTEX_POINT('',#5581);
#1468=VERTEX_POINT('',#5582);
#1469=VERTEX_POINT('',#5584);
#1470=VERTEX_POINT('',#5586);
#1471=VERTEX_POINT('',#5631);
#1472=VERTEX_POINT('',#5632);
#1473=VERTEX_POINT('',#5670);
#1474=VERTEX_POINT('',#5685);
#1475=VERTEX_POINT('',#5687);
#1476=VERTEX_POINT('',#5689);
#1477=VERTEX_POINT('',#5698);
#1478=VERTEX_POINT('',#5702);
#1479=VERTEX_POINT('',#5707);
#1480=VERTEX_POINT('',#5709);
#1481=VERTEX_POINT('',#5711);
#1482=VERTEX_POINT('',#5730);
#1483=VERTEX_POINT('',#5768);
#1484=VERTEX_POINT('',#5770);
#1485=VERTEX_POINT('',#5772);
#1486=VERTEX_POINT('',#5781);
#1487=VERTEX_POINT('',#5786);
#1488=VERTEX_POINT('',#5790);
#1489=VERTEX_POINT('',#5794);
#1490=VERTEX_POINT('',#5803);
#1491=VERTEX_POINT('',#5812);
#1492=VERTEX_POINT('',#5814);
#1493=VERTEX_POINT('',#5818);
#1494=VERTEX_POINT('',#5822);
#1495=VERTEX_POINT('',#5824);
#1496=VERTEX_POINT('',#5826);
#1497=VERTEX_POINT('',#5828);
#1498=VERTEX_POINT('',#5830);
#1499=VERTEX_POINT('',#5832);
#1500=VERTEX_POINT('',#5834);
#1501=VERTEX_POINT('',#5836);
#1502=VERTEX_POINT('',#5838);
#1503=VERTEX_POINT('',#5840);
#1504=VERTEX_POINT('',#5842);
#1505=VERTEX_POINT('',#5844);
#1506=VERTEX_POINT('',#5846);
#1507=VERTEX_POINT('',#5848);
#1508=VERTEX_POINT('',#5850);
#1509=VERTEX_POINT('',#5852);
#1510=VERTEX_POINT('',#5854);
#1511=VERTEX_POINT('',#5856);
#1512=VERTEX_POINT('',#5859);
#1513=VERTEX_POINT('',#5862);
#1514=VERTEX_POINT('',#5866);
#1515=VERTEX_POINT('',#5896);
#1516=VERTEX_POINT('',#5910);
#1517=VERTEX_POINT('',#5930);
#1518=VERTEX_POINT('',#5931);
#1519=VERTEX_POINT('',#5933);
#1520=VERTEX_POINT('',#5935);
#1521=VERTEX_POINT('',#5937);
#1522=VERTEX_POINT('',#5939);
#1523=VERTEX_POINT('',#5959);
#1524=VERTEX_POINT('',#5961);
#1525=VERTEX_POINT('',#5984);
#1526=VERTEX_POINT('',#6048);
#1527=VERTEX_POINT('',#6063);
#1528=VERTEX_POINT('',#6065);
#1529=VERTEX_POINT('',#6069);
#1530=VERTEX_POINT('',#6073);
#1531=VERTEX_POINT('',#6075);
#1532=VERTEX_POINT('',#6077);
#1533=VERTEX_POINT('',#6079);
#1534=VERTEX_POINT('',#6081);
#1535=VERTEX_POINT('',#6097);
#1536=VERTEX_POINT('',#6099);
#1537=VERTEX_POINT('',#6101);
#1538=VERTEX_POINT('',#6103);
#1539=VERTEX_POINT('',#6105);
#1540=VERTEX_POINT('',#6107);
#1541=VERTEX_POINT('',#6109);
#1542=VERTEX_POINT('',#6111);
#1543=VERTEX_POINT('',#6113);
#1544=VERTEX_POINT('',#6115);
#1545=VERTEX_POINT('',#6118);
#1546=VERTEX_POINT('',#6145);
#1547=VERTEX_POINT('',#6147);
#1548=VERTEX_POINT('',#6149);
#1549=VERTEX_POINT('',#6153);
#1550=VERTEX_POINT('',#6154);
#1551=VERTEX_POINT('',#6160);
#1552=VERTEX_POINT('',#6161);
#1553=VERTEX_POINT('',#6167);
#1554=VERTEX_POINT('',#6168);
#1555=VERTEX_POINT('',#6174);
#1556=VERTEX_POINT('',#6175);
#1557=VERTEX_POINT('',#6181);
#1558=VERTEX_POINT('',#6182);
#1559=VERTEX_POINT('',#6188);
#1560=VERTEX_POINT('',#6189);
#1561=VERTEX_POINT('',#6200);
#1562=VERTEX_POINT('',#6202);
#1563=VERTEX_POINT('',#6204);
#1564=VERTEX_POINT('',#6206);
#1565=VERTEX_POINT('',#6208);
#1566=VERTEX_POINT('',#6210);
#1567=VERTEX_POINT('',#6212);
#1568=VERTEX_POINT('',#6214);
#1569=VERTEX_POINT('',#6216);
#1570=VERTEX_POINT('',#6218);
#1571=VERTEX_POINT('',#6220);
#1572=VERTEX_POINT('',#6222);
#1573=VERTEX_POINT('',#6224);
#1574=VERTEX_POINT('',#6226);
#1575=VERTEX_POINT('',#6228);
#1576=VERTEX_POINT('',#6230);
#1577=VERTEX_POINT('',#6232);
#1578=VERTEX_POINT('',#6234);
#1579=VERTEX_POINT('',#6236);
#1580=VERTEX_POINT('',#6238);
#1581=VERTEX_POINT('',#6240);
#1582=VERTEX_POINT('',#6242);
#1583=VERTEX_POINT('',#6244);
#1584=VERTEX_POINT('',#6246);
#1585=VERTEX_POINT('',#6249);
#1586=VERTEX_POINT('',#6250);
#1587=VERTEX_POINT('',#6252);
#1588=VERTEX_POINT('',#6254);
#1589=VERTEX_POINT('',#6256);
#1590=VERTEX_POINT('',#6258);
#1591=VERTEX_POINT('',#6260);
#1592=VERTEX_POINT('',#6262);
#1593=VERTEX_POINT('',#6270);
#1594=VERTEX_POINT('',#6272);
#1595=VERTEX_POINT('',#6304);
#1596=VERTEX_POINT('',#6306);
#1597=VERTEX_POINT('',#6382);
#1598=VERTEX_POINT('',#6383);
#1599=VERTEX_POINT('',#6388);
#1600=VERTEX_POINT('',#6389);
#1601=VERTEX_POINT('',#6394);
#1602=VERTEX_POINT('',#6395);
#1603=VERTEX_POINT('',#6403);
#1604=VERTEX_POINT('',#6407);
#1605=VERTEX_POINT('',#6411);
#1606=VERTEX_POINT('',#6418);
#1607=VERTEX_POINT('',#6422);
#1608=VERTEX_POINT('',#6431);
#1609=VERTEX_POINT('',#6447);
#1610=VERTEX_POINT('',#6463);
#1611=VERTEX_POINT('',#6465);
#1612=VERTEX_POINT('',#6469);
#1613=VERTEX_POINT('',#6500);
#1614=VERTEX_POINT('',#6502);
#1615=VERTEX_POINT('',#6504);
#1616=VERTEX_POINT('',#6506);
#1617=VERTEX_POINT('',#6508);
#1618=VERTEX_POINT('',#6510);
#1619=VERTEX_POINT('',#6512);
#1620=VERTEX_POINT('',#6514);
#1621=VERTEX_POINT('',#6516);
#1622=VERTEX_POINT('',#6518);
#1623=VERTEX_POINT('',#6520);
#1624=VERTEX_POINT('',#6523);
#1625=VERTEX_POINT('',#6543);
#1626=VERTEX_POINT('',#6593);
#1627=VERTEX_POINT('',#6597);
#1628=VERTEX_POINT('',#6601);
#1629=VERTEX_POINT('',#6607);
#1630=VERTEX_POINT('',#6611);
#1631=VERTEX_POINT('',#6615);
#1632=VERTEX_POINT('',#6622);
#1633=VERTEX_POINT('',#6641);
#1634=VERTEX_POINT('',#6654);
#1635=VERTEX_POINT('',#6669);
#1636=VERTEX_POINT('',#6671);
#1637=VERTEX_POINT('',#6675);
#1638=VERTEX_POINT('',#6684);
#1639=VERTEX_POINT('',#6734);
#1640=VERTEX_POINT('',#6825);
#1641=VERTEX_POINT('',#6830);
#1642=VERTEX_POINT('',#6835);
#1643=VERTEX_POINT('',#6840);
#1644=VERTEX_POINT('',#6845);
#1645=VERTEX_POINT('',#6847);
#1646=VERTEX_POINT('',#6851);
#1647=VERTEX_POINT('',#6855);
#1648=VERTEX_POINT('',#6859);
#1649=VERTEX_POINT('',#6863);
#1650=VERTEX_POINT('',#6867);
#1651=VERTEX_POINT('',#6871);
#1652=VERTEX_POINT('',#6893);
#1653=VERTEX_POINT('',#6897);
#1654=VERTEX_POINT('',#6903);
#1655=VERTEX_POINT('',#6905);
#1656=VERTEX_POINT('',#6909);
#1657=VERTEX_POINT('',#6910);
#1658=VERTEX_POINT('',#6912);
#1659=VERTEX_POINT('',#6919);
#1660=EDGE_CURVE('',#1362,#1363,#1190,.T.);
#1661=EDGE_CURVE('',#1362,#1364,#772,.T.);
#1662=EDGE_CURVE('',#1364,#1365,#1191,.T.);
#1663=EDGE_CURVE('',#1365,#1363,#773,.T.);
#1664=EDGE_CURVE('',#1366,#1365,#774,.T.);
#1665=EDGE_CURVE('',#1367,#1366,#775,.T.);
#1666=EDGE_CURVE('',#1367,#1363,#776,.T.);
#1667=EDGE_CURVE('',#1368,#1369,#1192,.T.);
#1668=EDGE_CURVE('',#1368,#1370,#777,.T.);
#1669=EDGE_CURVE('',#1370,#1371,#1193,.T.);
#1670=EDGE_CURVE('',#1371,#1369,#778,.T.);
#1671=EDGE_CURVE('',#1362,#1369,#779,.T.);
#1672=EDGE_CURVE('',#1364,#1371,#780,.T.);
#1673=EDGE_CURVE('',#1372,#1373,#1194,.T.);
#1674=EDGE_CURVE('',#1372,#1374,#781,.T.);
#1675=EDGE_CURVE('',#1374,#1375,#1195,.T.);
#1676=EDGE_CURVE('',#1375,#1373,#782,.T.);
#1677=EDGE_CURVE('',#1368,#1373,#783,.T.);
#1678=EDGE_CURVE('',#1370,#1375,#784,.T.);
#1679=EDGE_CURVE('',#1367,#1376,#1196,.T.);
#1680=EDGE_CURVE('',#1366,#1377,#1197,.T.);
#1681=EDGE_CURVE('',#1377,#1376,#785,.T.);
#1682=EDGE_CURVE('',#1372,#1376,#786,.T.);
#1683=EDGE_CURVE('',#1374,#1377,#787,.T.);
#1684=EDGE_CURVE('',#1378,#1379,#1198,.T.);
#1685=EDGE_CURVE('',#1378,#1380,#788,.T.);
#1686=EDGE_CURVE('',#1380,#1381,#1199,.T.);
#1687=EDGE_CURVE('',#1381,#1379,#789,.T.);
#1688=EDGE_CURVE('',#1378,#1382,#790,.T.);
#1689=EDGE_CURVE('',#1383,#1382,#791,.T.);
#1690=EDGE_CURVE('',#1380,#1383,#792,.T.);
#1691=EDGE_CURVE('',#1384,#1385,#1200,.T.);
#1692=EDGE_CURVE('',#1384,#1386,#793,.T.);
#1693=EDGE_CURVE('',#1386,#1387,#1201,.T.);
#1694=EDGE_CURVE('',#1387,#1385,#794,.T.);
#1695=EDGE_CURVE('',#1384,#1379,#795,.T.);
#1696=EDGE_CURVE('',#1388,#1385,#796,.T.);
#1697=EDGE_CURVE('',#1388,#1389,#1202,.T.);
#1698=EDGE_CURVE('',#1390,#1389,#797,.T.);
#1699=EDGE_CURVE('',#1390,#1382,#1203,.T.);
#1700=EDGE_CURVE('',#1391,#1387,#798,.T.);
#1701=EDGE_CURVE('',#1388,#1391,#799,.T.);
#1702=EDGE_CURVE('',#1391,#1392,#1204,.T.);
#1703=EDGE_CURVE('',#1392,#1389,#800,.T.);
#1704=EDGE_CURVE('',#1393,#1392,#801,.T.);
#1705=EDGE_CURVE('',#1390,#1393,#802,.T.);
#1706=EDGE_CURVE('',#1393,#1383,#1205,.T.);
#1707=EDGE_CURVE('',#1386,#1381,#803,.T.);
#1708=EDGE_CURVE('',#1394,#1395,#221,.F.);
#1709=EDGE_CURVE('',#1394,#1396,#222,.T.);
#1710=EDGE_CURVE('',#1396,#1397,#1206,.T.);
#1711=EDGE_CURVE('',#1397,#1398,#223,.T.);
#1712=EDGE_CURVE('',#1398,#1395,#224,.T.);
#1713=EDGE_CURVE('',#1399,#1400,#1207,.T.);
#1714=EDGE_CURVE('',#1400,#1397,#1208,.T.);
#1715=EDGE_CURVE('',#1396,#1399,#1209,.T.);
#1716=EDGE_CURVE('',#1401,#1402,#1210,.T.);
#1717=EDGE_CURVE('',#1402,#1400,#804,.T.);
#1718=EDGE_CURVE('',#1399,#1401,#805,.T.);
#1719=EDGE_CURVE('',#1401,#1403,#225,.T.);
#1720=EDGE_CURVE('',#1403,#1402,#226,.T.);
#1721=EDGE_CURVE('',#1404,#1396,#227,.T.);
#1722=EDGE_CURVE('',#1405,#1404,#1211,.T.);
#1723=EDGE_CURVE('',#1406,#1405,#806,.T.);
#1724=EDGE_CURVE('',#1407,#1406,#807,.T.);
#1725=EDGE_CURVE('',#1403,#1407,#808,.T.);
#1726=EDGE_CURVE('',#1394,#1408,#228,.T.);
#1727=EDGE_CURVE('',#1408,#1409,#229,.T.);
#1728=EDGE_CURVE('',#1404,#1409,#1212,.T.);
#1729=EDGE_CURVE('',#1410,#1411,#1213,.T.);
#1730=EDGE_CURVE('',#1411,#1412,#230,.T.);
#1731=EDGE_CURVE('',#1412,#1410,#231,.T.);
#1732=EDGE_CURVE('',#1413,#1414,#1214,.T.);
#1733=EDGE_CURVE('',#1414,#1415,#232,.T.);
#1734=EDGE_CURVE('',#1415,#1416,#1215,.T.);
#1735=EDGE_CURVE('',#1416,#1413,#233,.T.);
#1736=EDGE_CURVE('',#1417,#1418,#1216,.T.);
#1737=EDGE_CURVE('',#1418,#1416,#234,.T.);
#1738=EDGE_CURVE('',#1415,#1417,#235,.T.);
#1739=EDGE_CURVE('',#1419,#1420,#236,.T.);
#1740=EDGE_CURVE('',#1420,#1418,#237,.T.);
#1741=EDGE_CURVE('',#1417,#1419,#238,.T.);
#1742=EDGE_CURVE('',#1413,#1411,#239,.T.);
#1743=EDGE_CURVE('',#1410,#1414,#240,.T.);
#1744=EDGE_CURVE('',#1412,#1421,#1217,.T.);
#1745=EDGE_CURVE('',#1421,#1422,#1218,.T.);
#1746=EDGE_CURVE('',#1422,#1415,#1219,.T.);
#1747=EDGE_CURVE('',#1423,#1411,#241,.T.);
#1748=EDGE_CURVE('',#1424,#1423,#1220,.T.);
#1749=EDGE_CURVE('',#1425,#1424,#809,.T.);
#1750=EDGE_CURVE('',#1426,#1425,#810,.T.);
#1751=EDGE_CURVE('',#1412,#1426,#811,.T.);
#1752=EDGE_CURVE('',#1427,#1413,#1221,.T.);
#1753=EDGE_CURVE('',#1427,#1428,#242,.T.);
#1754=EDGE_CURVE('',#1428,#1423,#1222,.T.);
#1755=EDGE_CURVE('',#1400,#1429,#812,.T.);
#1756=EDGE_CURVE('',#1429,#1430,#1223,.T.);
#1757=EDGE_CURVE('',#1430,#1398,#813,.T.);
#1758=EDGE_CURVE('',#1403,#1431,#1224,.T.);
#1759=EDGE_CURVE('',#1431,#1429,#1225,.T.);
#1760=EDGE_CURVE('',#1429,#1402,#1226,.T.);
#1761=EDGE_CURVE('',#1431,#1430,#1227,.T.);
#1762=EDGE_CURVE('',#1395,#1432,#243,.T.);
#1763=EDGE_CURVE('',#1433,#1430,#814,.T.);
#1764=EDGE_CURVE('',#1434,#1433,#815,.T.);
#1765=EDGE_CURVE('',#1435,#1434,#816,.T.);
#1766=EDGE_CURVE('',#1436,#1435,#817,.T.);
#1767=EDGE_CURVE('',#1436,#1437,#818,.T.);
#1768=EDGE_CURVE('',#1432,#1437,#244,.T.);
#1769=EDGE_CURVE('',#1431,#1438,#819,.T.);
#1770=EDGE_CURVE('',#1438,#1433,#1228,.F.);
#1771=EDGE_CURVE('',#1438,#1407,#1229,.T.);
#1772=EDGE_CURVE('',#1417,#1422,#820,.T.);
#1773=EDGE_CURVE('',#1422,#1439,#1230,.T.);
#1774=EDGE_CURVE('',#1439,#1419,#821,.T.);
#1775=EDGE_CURVE('',#1421,#1439,#1231,.T.);
#1776=EDGE_CURVE('',#1440,#1439,#822,.T.);
#1777=EDGE_CURVE('',#1441,#1440,#823,.T.);
#1778=EDGE_CURVE('',#1442,#1441,#824,.T.);
#1779=EDGE_CURVE('',#1443,#1442,#825,.T.);
#1780=EDGE_CURVE('',#1443,#1444,#826,.T.);
#1781=EDGE_CURVE('',#1445,#1444,#245,.T.);
#1782=EDGE_CURVE('',#1446,#1445,#246,.T.);
#1783=EDGE_CURVE('',#1447,#1446,#48,.T.);
#1784=EDGE_CURVE('',#1448,#1447,#247,.T.);
#1785=EDGE_CURVE('',#1420,#1448,#248,.T.);
#1786=EDGE_CURVE('',#1421,#1449,#827,.T.);
#1787=EDGE_CURVE('',#1440,#1449,#1232,.T.);
#1788=EDGE_CURVE('',#1449,#1426,#1233,.T.);
#1789=EDGE_CURVE('',#1450,#1451,#1234,.T.);
#1790=EDGE_CURVE('',#1451,#1452,#249,.T.);
#1791=EDGE_CURVE('',#1453,#1452,#1235,.T.);
#1792=EDGE_CURVE('',#1453,#1450,#250,.T.);
#1793=EDGE_CURVE('',#1452,#1454,#251,.T.);
#1794=EDGE_CURVE('',#1454,#1453,#252,.T.);
#1795=EDGE_CURVE('',#1447,#1427,#1236,.T.);
#1796=EDGE_CURVE('',#1455,#1424,#1237,.T.);
#1797=EDGE_CURVE('',#1428,#1455,#1238,.T.);
#1798=EDGE_CURVE('',#1452,#1424,#253,.T.);
#1799=EDGE_CURVE('',#1455,#1454,#254,.T.);
#1800=EDGE_CURVE('',#1454,#1456,#255,.T.);
#1801=EDGE_CURVE('',#1456,#1457,#256,.F.);
#1802=EDGE_CURVE('',#1457,#1450,#257,.T.);
#1803=EDGE_CURVE('',#1458,#1428,#258,.T.);
#1804=EDGE_CURVE('',#1456,#1458,#1239,.T.);
#1805=EDGE_CURVE('',#1427,#1459,#259,.T.);
#1806=EDGE_CURVE('',#1459,#1458,#260,.F.);
#1807=EDGE_CURVE('',#1460,#1446,#261,.T.);
#1808=EDGE_CURVE('',#1460,#1461,#49,.T.);
#1809=EDGE_CURVE('',#1459,#1461,#1240,.T.);
#1810=EDGE_CURVE('',#1450,#1462,#828,.T.);
#1811=EDGE_CURVE('',#1462,#1463,#1241,.F.);
#1812=EDGE_CURVE('',#1463,#1451,#829,.T.);
#1813=EDGE_CURVE('',#1464,#1462,#830,.T.);
#1814=EDGE_CURVE('',#1457,#1465,#831,.T.);
#1815=EDGE_CURVE('',#1466,#1465,#832,.T.);
#1816=EDGE_CURVE('',#1464,#1466,#833,.T.);
#1817=EDGE_CURVE('',#1425,#1463,#1242,.T.);
#1818=EDGE_CURVE('',#1467,#1468,#1243,.F.);
#1819=EDGE_CURVE('',#1468,#1469,#834,.T.);
#1820=EDGE_CURVE('',#1469,#1470,#1244,.T.);
#1821=EDGE_CURVE('',#1470,#1467,#835,.T.);
#1822=EDGE_CURVE('',#1471,#1472,#1245,.T.);
#1823=EDGE_CURVE('',#1472,#1470,#262,.T.);
#1824=EDGE_CURVE('',#1469,#1471,#263,.T.);
#1825=EDGE_CURVE('',#1405,#1473,#1246,.T.);
#1826=EDGE_CURVE('',#1473,#1472,#264,.T.);
#1827=EDGE_CURVE('',#1471,#1405,#265,.T.);
#1828=EDGE_CURVE('',#1409,#1473,#1247,.T.);
#1829=EDGE_CURVE('',#1406,#1468,#1248,.T.);
#1830=EDGE_CURVE('',#1474,#1464,#1249,.T.);
#1831=EDGE_CURVE('',#1475,#1474,#836,.T.);
#1832=EDGE_CURVE('',#1476,#1475,#266,.T.);
#1833=EDGE_CURVE('',#1476,#1477,#837,.T.);
#1834=EDGE_CURVE('',#1477,#1441,#838,.T.);
#1835=EDGE_CURVE('',#1478,#1470,#267,.T.);
#1836=EDGE_CURVE('',#1478,#1479,#839,.T.);
#1837=EDGE_CURVE('',#1480,#1479,#840,.T.);
#1838=EDGE_CURVE('',#1481,#1480,#841,.T.);
#1839=EDGE_CURVE('',#1481,#1467,#842,.T.);
#1840=EDGE_CURVE('',#1472,#1482,#268,.T.);
#1841=EDGE_CURVE('',#1482,#1478,#269,.F.);
#1842=EDGE_CURVE('',#1483,#1481,#1250,.T.);
#1843=EDGE_CURVE('',#1484,#1483,#843,.T.);
#1844=EDGE_CURVE('',#1485,#1484,#270,.T.);
#1845=EDGE_CURVE('',#1485,#1486,#844,.T.);
#1846=EDGE_CURVE('',#1486,#1434,#845,.T.);
#1847=EDGE_CURVE('',#1487,#1486,#846,.T.);
#1848=EDGE_CURVE('',#1435,#1487,#1251,.T.);
#1849=EDGE_CURVE('',#1488,#1477,#847,.T.);
#1850=EDGE_CURVE('',#1442,#1488,#1252,.T.);
#1851=EDGE_CURVE('',#1488,#1489,#848,.T.);
#1852=EDGE_CURVE('',#1489,#1476,#271,.T.);
#1853=EDGE_CURVE('',#1490,#1485,#272,.T.);
#1854=EDGE_CURVE('',#1487,#1490,#849,.T.);
#1855=EDGE_CURVE('',#1491,#1489,#1253,.T.);
#1856=EDGE_CURVE('',#1491,#1492,#850,.T.);
#1857=EDGE_CURVE('',#1443,#1492,#1254,.T.);
#1858=EDGE_CURVE('',#1475,#1493,#1255,.T.);
#1859=EDGE_CURVE('',#1491,#1493,#1256,.T.);
#1860=EDGE_CURVE('',#1494,#1474,#851,.T.);
#1861=EDGE_CURVE('',#1495,#1494,#1257,.T.);
#1862=EDGE_CURVE('',#1496,#1495,#852,.T.);
#1863=EDGE_CURVE('',#1496,#1497,#1258,.T.);
#1864=EDGE_CURVE('',#1497,#1498,#1259,.T.);
#1865=EDGE_CURVE('',#1499,#1498,#1260,.T.);
#1866=EDGE_CURVE('',#1500,#1499,#853,.T.);
#1867=EDGE_CURVE('',#1501,#1500,#1261,.T.);
#1868=EDGE_CURVE('',#1502,#1501,#854,.T.);
#1869=EDGE_CURVE('',#1503,#1502,#1262,.T.);
#1870=EDGE_CURVE('',#1504,#1503,#855,.T.);
#1871=EDGE_CURVE('',#1505,#1504,#1263,.T.);
#1872=EDGE_CURVE('',#1506,#1505,#856,.T.);
#1873=EDGE_CURVE('',#1507,#1506,#1264,.T.);
#1874=EDGE_CURVE('',#1508,#1507,#857,.T.);
#1875=EDGE_CURVE('',#1509,#1508,#1265,.T.);
#1876=EDGE_CURVE('',#1510,#1509,#858,.T.);
#1877=EDGE_CURVE('',#1511,#1510,#1266,.T.);
#1878=EDGE_CURVE('',#1493,#1511,#859,.T.);
#1879=EDGE_CURVE('',#1512,#1512,#1267,.T.);
#1880=EDGE_CURVE('',#1480,#1513,#1268,.T.);
#1881=EDGE_CURVE('',#1513,#1483,#860,.T.);
#1882=EDGE_CURVE('',#1514,#1409,#273,.T.);
#1883=EDGE_CURVE('',#1482,#1514,#1269,.T.);
#1884=EDGE_CURVE('',#1515,#1408,#274,.T.);
#1885=EDGE_CURVE('',#1515,#1516,#275,.T.);
#1886=EDGE_CURVE('',#1516,#1514,#276,.F.);
#1887=EDGE_CURVE('',#1517,#1518,#14,.T.);
#1888=EDGE_CURVE('',#1517,#1519,#861,.T.);
#1889=EDGE_CURVE('',#1520,#1519,#862,.T.);
#1890=EDGE_CURVE('',#1521,#1520,#863,.T.);
#1891=EDGE_CURVE('',#1522,#1521,#277,.T.);
#1892=EDGE_CURVE('',#1518,#1522,#278,.T.);
#1893=EDGE_CURVE('',#1523,#1517,#1270,.T.);
#1894=EDGE_CURVE('',#1524,#1523,#864,.T.);
#1895=EDGE_CURVE('',#1519,#1524,#865,.T.);
#1896=EDGE_CURVE('',#1525,#1522,#279,.T.);
#1897=EDGE_CURVE('',#1518,#1525,#280,.T.);
#1898=EDGE_CURVE('',#1525,#1526,#866,.T.);
#1899=EDGE_CURVE('',#1526,#1517,#281,.T.);
#1900=EDGE_CURVE('',#1521,#1527,#1271,.T.);
#1901=EDGE_CURVE('',#1527,#1528,#1272,.T.);
#1902=EDGE_CURVE('',#1528,#1525,#1273,.T.);
#1903=EDGE_CURVE('',#1529,#1520,#1274,.T.);
#1904=EDGE_CURVE('',#1529,#1527,#867,.T.);
#1905=EDGE_CURVE('',#1530,#1524,#868,.T.);
#1906=EDGE_CURVE('',#1530,#1531,#1275,.T.);
#1907=EDGE_CURVE('',#1532,#1531,#869,.T.);
#1908=EDGE_CURVE('',#1532,#1533,#1276,.T.);
#1909=EDGE_CURVE('',#1534,#1533,#870,.T.);
#1910=EDGE_CURVE('',#1534,#1465,#1277,.T.);
#1911=EDGE_CURVE('',#1461,#1444,#282,.T.);
#1912=EDGE_CURVE('',#1535,#1492,#871,.T.);
#1913=EDGE_CURVE('',#1535,#1536,#1278,.T.);
#1914=EDGE_CURVE('',#1537,#1536,#872,.T.);
#1915=EDGE_CURVE('',#1537,#1538,#1279,.T.);
#1916=EDGE_CURVE('',#1539,#1538,#1280,.F.);
#1917=EDGE_CURVE('',#1540,#1539,#873,.T.);
#1918=EDGE_CURVE('',#1540,#1541,#1281,.T.);
#1919=EDGE_CURVE('',#1542,#1541,#874,.T.);
#1920=EDGE_CURVE('',#1542,#1543,#1282,.T.);
#1921=EDGE_CURVE('',#1544,#1543,#875,.T.);
#1922=EDGE_CURVE('',#1544,#1479,#1283,.T.);
#1923=EDGE_CURVE('',#1516,#1545,#1284,.T.);
#1924=EDGE_CURVE('',#1545,#1437,#283,.T.);
#1925=EDGE_CURVE('',#1436,#1546,#1285,.T.);
#1926=EDGE_CURVE('',#1547,#1546,#876,.T.);
#1927=EDGE_CURVE('',#1547,#1548,#1286,.T.);
#1928=EDGE_CURVE('',#1529,#1548,#877,.T.);
#1929=EDGE_CURVE('',#1549,#1550,#50,.T.);
#1930=EDGE_CURVE('',#1550,#1549,#1287,.T.);
#1931=EDGE_CURVE('',#1551,#1552,#51,.T.);
#1932=EDGE_CURVE('',#1552,#1551,#1288,.T.);
#1933=EDGE_CURVE('',#1553,#1554,#52,.T.);
#1934=EDGE_CURVE('',#1554,#1553,#1289,.T.);
#1935=EDGE_CURVE('',#1555,#1556,#53,.T.);
#1936=EDGE_CURVE('',#1556,#1555,#1290,.T.);
#1937=EDGE_CURVE('',#1557,#1558,#54,.T.);
#1938=EDGE_CURVE('',#1558,#1557,#1291,.T.);
#1939=EDGE_CURVE('',#1559,#1560,#55,.T.);
#1940=EDGE_CURVE('',#1560,#1559,#1292,.T.);
#1941=EDGE_CURVE('',#1552,#1549,#878,.T.);
#1942=EDGE_CURVE('',#1554,#1551,#879,.T.);
#1943=EDGE_CURVE('',#1556,#1553,#880,.T.);
#1944=EDGE_CURVE('',#1558,#1555,#881,.T.);
#1945=EDGE_CURVE('',#1560,#1557,#882,.T.);
#1946=EDGE_CURVE('',#1561,#1559,#883,.T.);
#1947=EDGE_CURVE('',#1561,#1562,#1293,.T.);
#1948=EDGE_CURVE('',#1563,#1562,#884,.T.);
#1949=EDGE_CURVE('',#1564,#1563,#1294,.T.);
#1950=EDGE_CURVE('',#1565,#1564,#885,.T.);
#1951=EDGE_CURVE('',#1566,#1565,#1295,.T.);
#1952=EDGE_CURVE('',#1567,#1566,#886,.T.);
#1953=EDGE_CURVE('',#1567,#1568,#1296,.T.);
#1954=EDGE_CURVE('',#1569,#1568,#887,.T.);
#1955=EDGE_CURVE('',#1569,#1570,#1297,.T.);
#1956=EDGE_CURVE('',#1571,#1570,#888,.T.);
#1957=EDGE_CURVE('',#1571,#1572,#1298,.T.);
#1958=EDGE_CURVE('',#1573,#1572,#889,.T.);
#1959=EDGE_CURVE('',#1573,#1574,#1299,.T.);
#1960=EDGE_CURVE('',#1575,#1574,#890,.T.);
#1961=EDGE_CURVE('',#1575,#1576,#1300,.T.);
#1962=EDGE_CURVE('',#1577,#1576,#891,.T.);
#1963=EDGE_CURVE('',#1577,#1578,#1301,.T.);
#1964=EDGE_CURVE('',#1579,#1578,#892,.T.);
#1965=EDGE_CURVE('',#1579,#1580,#1302,.T.);
#1966=EDGE_CURVE('',#1581,#1580,#893,.T.);
#1967=EDGE_CURVE('',#1582,#1581,#1303,.T.);
#1968=EDGE_CURVE('',#1583,#1582,#894,.T.);
#1969=EDGE_CURVE('',#1584,#1583,#1304,.T.);
#1970=EDGE_CURVE('',#1550,#1584,#895,.T.);
#1971=EDGE_CURVE('',#1585,#1586,#896,.T.);
#1972=EDGE_CURVE('',#1587,#1585,#1305,.T.);
#1973=EDGE_CURVE('',#1588,#1587,#897,.T.);
#1974=EDGE_CURVE('',#1589,#1588,#1306,.T.);
#1975=EDGE_CURVE('',#1590,#1589,#898,.T.);
#1976=EDGE_CURVE('',#1591,#1590,#1307,.T.);
#1977=EDGE_CURVE('',#1592,#1591,#899,.T.);
#1978=EDGE_CURVE('',#1586,#1592,#1308,.T.);
#1979=EDGE_CURVE('',#1562,#1561,#56,.T.);
#1980=EDGE_CURVE('',#1593,#1584,#900,.T.);
#1981=EDGE_CURVE('',#1594,#1593,#901,.T.);
#1982=EDGE_CURVE('',#1563,#1594,#902,.T.);
#1983=EDGE_CURVE('',#1580,#1579,#57,.T.);
#1984=EDGE_CURVE('',#1578,#1577,#58,.T.);
#1985=EDGE_CURVE('',#1576,#1575,#59,.T.);
#1986=EDGE_CURVE('',#1574,#1573,#60,.T.);
#1987=EDGE_CURVE('',#1572,#1571,#61,.T.);
#1988=EDGE_CURVE('',#1570,#1569,#62,.T.);
#1989=EDGE_CURVE('',#1568,#1567,#63,.T.);
#1990=EDGE_CURVE('',#1595,#1566,#903,.T.);
#1991=EDGE_CURVE('',#1596,#1595,#904,.T.);
#1992=EDGE_CURVE('',#1581,#1596,#905,.T.);
#1993=EDGE_CURVE('',#1545,#1515,#284,.T.);
#1994=EDGE_CURVE('',#1460,#1445,#1309,.T.);
#1995=EDGE_CURVE('',#1466,#1494,#1310,.T.);
#1996=EDGE_CURVE('',#1597,#1598,#1311,.T.);
#1997=EDGE_CURVE('',#1598,#1528,#906,.T.);
#1998=EDGE_CURVE('',#1527,#1597,#907,.T.);
#1999=EDGE_CURVE('',#1599,#1600,#1312,.T.);
#2000=EDGE_CURVE('',#1600,#1598,#1313,.T.);
#2001=EDGE_CURVE('',#1597,#1599,#1314,.T.);
#2002=EDGE_CURVE('',#1601,#1602,#1315,.T.);
#2003=EDGE_CURVE('',#1602,#1600,#908,.T.);
#2004=EDGE_CURVE('',#1599,#1601,#909,.T.);
#2005=EDGE_CURVE('',#1484,#1602,#1316,.T.);
#2006=EDGE_CURVE('',#1601,#1490,#1317,.T.);
#2007=EDGE_CURVE('',#1603,#1495,#1318,.T.);
#2008=EDGE_CURVE('',#1466,#1603,#1319,.T.);
#2009=EDGE_CURVE('',#1604,#1496,#1320,.T.);
#2010=EDGE_CURVE('',#1603,#1604,#910,.T.);
#2011=EDGE_CURVE('',#1605,#1496,#285,.T.);
#2012=EDGE_CURVE('',#1604,#1606,#911,.T.);
#2013=EDGE_CURVE('',#1606,#1605,#1321,.T.);
#2014=EDGE_CURVE('',#1517,#1607,#286,.T.);
#2015=EDGE_CURVE('',#1607,#1523,#912,.T.);
#2016=EDGE_CURVE('',#1608,#1501,#287,.T.);
#2017=EDGE_CURVE('',#1500,#1609,#288,.T.);
#2018=EDGE_CURVE('',#1609,#1517,#1322,.T.);
#2019=EDGE_CURVE('',#1526,#1608,#1323,.T.);
#2020=EDGE_CURVE('',#1498,#1610,#1324,.T.);
#2021=EDGE_CURVE('',#1610,#1611,#1325,.T.);
#2022=EDGE_CURVE('',#1611,#1499,#1326,.T.);
#2023=EDGE_CURVE('',#1611,#1612,#913,.T.);
#2024=EDGE_CURVE('',#1612,#1609,#289,.T.);
#2025=EDGE_CURVE('',#1498,#1605,#290,.T.);
#2026=EDGE_CURVE('',#1606,#1610,#1327,.T.);
#2027=EDGE_CURVE('',#1613,#1513,#1328,.T.);
#2028=EDGE_CURVE('',#1614,#1613,#914,.T.);
#2029=EDGE_CURVE('',#1614,#1615,#1329,.T.);
#2030=EDGE_CURVE('',#1615,#1616,#1330,.T.);
#2031=EDGE_CURVE('',#1617,#1616,#1331,.T.);
#2032=EDGE_CURVE('',#1618,#1617,#915,.T.);
#2033=EDGE_CURVE('',#1619,#1618,#1332,.T.);
#2034=EDGE_CURVE('',#1620,#1619,#916,.T.);
#2035=EDGE_CURVE('',#1621,#1620,#1333,.T.);
#2036=EDGE_CURVE('',#1622,#1621,#917,.T.);
#2037=EDGE_CURVE('',#1623,#1622,#1334,.T.);
#2038=EDGE_CURVE('',#1608,#1623,#918,.T.);
#2039=EDGE_CURVE('',#1624,#1624,#1335,.T.);
#2040=EDGE_CURVE('',#1601,#1546,#919,.T.);
#2041=EDGE_CURVE('',#1547,#1599,#920,.T.);
#2042=EDGE_CURVE('',#1597,#1548,#921,.T.);
#2043=EDGE_CURVE('',#1607,#1530,#64,.T.);
#2044=EDGE_CURVE('',#1531,#1612,#65,.T.);
#2045=EDGE_CURVE('',#1532,#1611,#922,.T.);
#2046=EDGE_CURVE('',#1508,#1625,#291,.T.);
#2047=EDGE_CURVE('',#1625,#1626,#1336,.T.);
#2048=EDGE_CURVE('',#1626,#1509,#1337,.T.);
#2049=EDGE_CURVE('',#1627,#1510,#1338,.T.);
#2050=EDGE_CURVE('',#1626,#1627,#923,.T.);
#2051=EDGE_CURVE('',#1628,#1511,#1339,.T.);
#2052=EDGE_CURVE('',#1627,#1628,#1340,.T.);
#2053=EDGE_CURVE('',#1628,#1491,#924,.T.);
#2054=EDGE_CURVE('',#1629,#1613,#1341,.T.);
#2055=EDGE_CURVE('',#1480,#1629,#1342,.T.);
#2056=EDGE_CURVE('',#1630,#1614,#1343,.T.);
#2057=EDGE_CURVE('',#1629,#1630,#925,.T.);
#2058=EDGE_CURVE('',#1631,#1614,#292,.T.);
#2059=EDGE_CURVE('',#1630,#1632,#926,.T.);
#2060=EDGE_CURVE('',#1632,#1631,#1344,.T.);
#2061=EDGE_CURVE('',#1506,#1619,#293,.T.);
#2062=EDGE_CURVE('',#1618,#1633,#294,.T.);
#2063=EDGE_CURVE('',#1633,#1634,#1345,.T.);
#2064=EDGE_CURVE('',#1634,#1507,#295,.T.);
#2065=EDGE_CURVE('',#1616,#1635,#1346,.T.);
#2066=EDGE_CURVE('',#1635,#1636,#1347,.T.);
#2067=EDGE_CURVE('',#1636,#1617,#1348,.T.);
#2068=EDGE_CURVE('',#1636,#1637,#927,.T.);
#2069=EDGE_CURVE('',#1637,#1633,#296,.T.);
#2070=EDGE_CURVE('',#1638,#1508,#297,.T.);
#2071=EDGE_CURVE('',#1634,#1639,#298,.T.);
#2072=EDGE_CURVE('',#1639,#1638,#928,.T.);
#2073=EDGE_CURVE('',#1616,#1631,#299,.T.);
#2074=EDGE_CURVE('',#1632,#1635,#1349,.T.);
#2075=EDGE_CURVE('',#1638,#1625,#300,.T.);
#2076=EDGE_CURVE('',#1535,#1628,#929,.T.);
#2077=EDGE_CURVE('',#1627,#1536,#930,.T.);
#2078=EDGE_CURVE('',#1537,#1626,#931,.T.);
#2079=EDGE_CURVE('',#1538,#1625,#932,.T.);
#2080=EDGE_CURVE('',#1638,#1539,#933,.T.);
#2081=EDGE_CURVE('',#1540,#1639,#66,.T.);
#2082=EDGE_CURVE('',#1637,#1541,#67,.T.);
#2083=EDGE_CURVE('',#1542,#1636,#934,.T.);
#2084=EDGE_CURVE('',#1534,#1603,#935,.T.);
#2085=EDGE_CURVE('',#1606,#1533,#936,.T.);
#2086=EDGE_CURVE('',#1544,#1629,#937,.T.);
#2087=EDGE_CURVE('',#1632,#1543,#938,.T.);
#2088=EDGE_CURVE('',#1497,#1640,#939,.T.);
#2089=EDGE_CURVE('',#1640,#1640,#1350,.T.);
#2090=EDGE_CURVE('',#1512,#1641,#940,.T.);
#2091=EDGE_CURVE('',#1641,#1641,#1351,.T.);
#2092=EDGE_CURVE('',#1615,#1642,#941,.T.);
#2093=EDGE_CURVE('',#1642,#1642,#1352,.T.);
#2094=EDGE_CURVE('',#1624,#1643,#942,.T.);
#2095=EDGE_CURVE('',#1643,#1643,#1353,.T.);
#2096=EDGE_CURVE('',#1623,#1644,#943,.T.);
#2097=EDGE_CURVE('',#1644,#1645,#944,.T.);
#2098=EDGE_CURVE('',#1645,#1502,#945,.T.);
#2099=EDGE_CURVE('',#1646,#1503,#946,.T.);
#2100=EDGE_CURVE('',#1645,#1646,#1354,.T.);
#2101=EDGE_CURVE('',#1647,#1504,#947,.T.);
#2102=EDGE_CURVE('',#1646,#1647,#948,.T.);
#2103=EDGE_CURVE('',#1648,#1505,#949,.T.);
#2104=EDGE_CURVE('',#1647,#1648,#1355,.T.);
#2105=EDGE_CURVE('',#1648,#1649,#950,.T.);
#2106=EDGE_CURVE('',#1649,#1620,#951,.T.);
#2107=EDGE_CURVE('',#1650,#1621,#952,.T.);
#2108=EDGE_CURVE('',#1649,#1650,#1356,.T.);
#2109=EDGE_CURVE('',#1651,#1622,#953,.T.);
#2110=EDGE_CURVE('',#1650,#1651,#954,.T.);
#2111=EDGE_CURVE('',#1651,#1644,#1357,.T.);
#2112=EDGE_CURVE('',#1647,#1589,#955,.T.);
#2113=EDGE_CURVE('',#1648,#1588,#956,.T.);
#2114=EDGE_CURVE('',#1646,#1590,#957,.T.);
#2115=EDGE_CURVE('',#1645,#1591,#958,.T.);
#2116=EDGE_CURVE('',#1644,#1592,#959,.T.);
#2117=EDGE_CURVE('',#1649,#1587,#960,.T.);
#2118=EDGE_CURVE('',#1650,#1585,#961,.T.);
#2119=EDGE_CURVE('',#1651,#1586,#962,.T.);
#2120=EDGE_CURVE('',#1583,#1652,#963,.T.);
#2121=EDGE_CURVE('',#1593,#1652,#1358,.T.);
#2122=EDGE_CURVE('',#1653,#1582,#964,.T.);
#2123=EDGE_CURVE('',#1652,#1653,#965,.T.);
#2124=EDGE_CURVE('',#1653,#1596,#1359,.T.);
#2125=EDGE_CURVE('',#1654,#1594,#966,.T.);
#2126=EDGE_CURVE('',#1593,#1655,#967,.T.);
#2127=EDGE_CURVE('',#1655,#1654,#968,.T.);
#2128=EDGE_CURVE('',#1656,#1657,#969,.T.);
#2129=EDGE_CURVE('',#1657,#1658,#970,.T.);
#2130=EDGE_CURVE('',#1658,#1654,#971,.T.);
#2131=EDGE_CURVE('',#1654,#1656,#972,.T.);
#2132=EDGE_CURVE('',#1658,#1594,#1360,.T.);
#2133=EDGE_CURVE('',#1659,#1596,#973,.T.);
#2134=EDGE_CURVE('',#1595,#1656,#974,.T.);
#2135=EDGE_CURVE('',#1656,#1659,#975,.T.);
#2136=EDGE_CURVE('',#1595,#1657,#1361,.T.);
#2137=EDGE_CURVE('',#1655,#1652,#976,.T.);
#2138=EDGE_CURVE('',#1653,#1659,#977,.T.);
#2139=EDGE_CURVE('',#1659,#1655,#978,.T.);
#2140=EDGE_CURVE('',#1565,#1657,#979,.T.);
#2141=EDGE_CURVE('',#1658,#1564,#980,.T.);
#2142=ORIENTED_EDGE('',*,*,#1660,.F.);
#2143=ORIENTED_EDGE('',*,*,#1661,.T.);
#2144=ORIENTED_EDGE('',*,*,#1662,.T.);
#2145=ORIENTED_EDGE('',*,*,#1663,.T.);
#2146=ORIENTED_EDGE('',*,*,#1663,.F.);
#2147=ORIENTED_EDGE('',*,*,#1664,.F.);
#2148=ORIENTED_EDGE('',*,*,#1665,.F.);
#2149=ORIENTED_EDGE('',*,*,#1666,.T.);
#2150=ORIENTED_EDGE('',*,*,#1667,.F.);
#2151=ORIENTED_EDGE('',*,*,#1668,.T.);
#2152=ORIENTED_EDGE('',*,*,#1669,.T.);
#2153=ORIENTED_EDGE('',*,*,#1670,.T.);
#2154=ORIENTED_EDGE('',*,*,#1661,.F.);
#2155=ORIENTED_EDGE('',*,*,#1671,.T.);
#2156=ORIENTED_EDGE('',*,*,#1670,.F.);
#2157=ORIENTED_EDGE('',*,*,#1672,.F.);
#2158=ORIENTED_EDGE('',*,*,#1673,.F.);
#2159=ORIENTED_EDGE('',*,*,#1674,.T.);
#2160=ORIENTED_EDGE('',*,*,#1675,.T.);
#2161=ORIENTED_EDGE('',*,*,#1676,.T.);
#2162=ORIENTED_EDGE('',*,*,#1668,.F.);
#2163=ORIENTED_EDGE('',*,*,#1677,.T.);
#2164=ORIENTED_EDGE('',*,*,#1676,.F.);
#2165=ORIENTED_EDGE('',*,*,#1678,.F.);
#2166=ORIENTED_EDGE('',*,*,#1679,.F.);
#2167=ORIENTED_EDGE('',*,*,#1665,.T.);
#2168=ORIENTED_EDGE('',*,*,#1680,.T.);
#2169=ORIENTED_EDGE('',*,*,#1681,.T.);
#2170=ORIENTED_EDGE('',*,*,#1674,.F.);
#2171=ORIENTED_EDGE('',*,*,#1682,.T.);
#2172=ORIENTED_EDGE('',*,*,#1681,.F.);
#2173=ORIENTED_EDGE('',*,*,#1683,.F.);
#2174=ORIENTED_EDGE('',*,*,#1684,.F.);
#2175=ORIENTED_EDGE('',*,*,#1685,.T.);
#2176=ORIENTED_EDGE('',*,*,#1686,.T.);
#2177=ORIENTED_EDGE('',*,*,#1687,.T.);
#2178=ORIENTED_EDGE('',*,*,#1685,.F.);
#2179=ORIENTED_EDGE('',*,*,#1688,.T.);
#2180=ORIENTED_EDGE('',*,*,#1689,.F.);
#2181=ORIENTED_EDGE('',*,*,#1690,.F.);
#2182=ORIENTED_EDGE('',*,*,#1691,.F.);
#2183=ORIENTED_EDGE('',*,*,#1692,.T.);
#2184=ORIENTED_EDGE('',*,*,#1693,.T.);
#2185=ORIENTED_EDGE('',*,*,#1694,.T.);
#2186=ORIENTED_EDGE('',*,*,#1684,.T.);
#2187=ORIENTED_EDGE('',*,*,#1695,.F.);
#2188=ORIENTED_EDGE('',*,*,#1691,.T.);
#2189=ORIENTED_EDGE('',*,*,#1696,.F.);
#2190=ORIENTED_EDGE('',*,*,#1697,.T.);
#2191=ORIENTED_EDGE('',*,*,#1698,.F.);
#2192=ORIENTED_EDGE('',*,*,#1699,.T.);
#2193=ORIENTED_EDGE('',*,*,#1688,.F.);
#2194=ORIENTED_EDGE('',*,*,#1694,.F.);
#2195=ORIENTED_EDGE('',*,*,#1700,.F.);
#2196=ORIENTED_EDGE('',*,*,#1701,.F.);
#2197=ORIENTED_EDGE('',*,*,#1696,.T.);
#2198=ORIENTED_EDGE('',*,*,#1697,.F.);
#2199=ORIENTED_EDGE('',*,*,#1701,.T.);
#2200=ORIENTED_EDGE('',*,*,#1702,.T.);
#2201=ORIENTED_EDGE('',*,*,#1703,.T.);
#2202=ORIENTED_EDGE('',*,*,#1703,.F.);
#2203=ORIENTED_EDGE('',*,*,#1704,.F.);
#2204=ORIENTED_EDGE('',*,*,#1705,.F.);
#2205=ORIENTED_EDGE('',*,*,#1698,.T.);
#2206=ORIENTED_EDGE('',*,*,#1699,.F.);
#2207=ORIENTED_EDGE('',*,*,#1705,.T.);
#2208=ORIENTED_EDGE('',*,*,#1706,.T.);
#2209=ORIENTED_EDGE('',*,*,#1689,.T.);
#2210=ORIENTED_EDGE('',*,*,#1687,.F.);
#2211=ORIENTED_EDGE('',*,*,#1707,.F.);
#2212=ORIENTED_EDGE('',*,*,#1692,.F.);
#2213=ORIENTED_EDGE('',*,*,#1695,.T.);
#2214=ORIENTED_EDGE('',*,*,#1660,.T.);
#2215=ORIENTED_EDGE('',*,*,#1666,.F.);
#2216=ORIENTED_EDGE('',*,*,#1679,.T.);
#2217=ORIENTED_EDGE('',*,*,#1682,.F.);
#2218=ORIENTED_EDGE('',*,*,#1673,.T.);
#2219=ORIENTED_EDGE('',*,*,#1677,.F.);
#2220=ORIENTED_EDGE('',*,*,#1667,.T.);
#2221=ORIENTED_EDGE('',*,*,#1671,.F.);
#2222=ORIENTED_EDGE('',*,*,#1708,.F.);
#2223=ORIENTED_EDGE('',*,*,#1709,.T.);
#2224=ORIENTED_EDGE('',*,*,#1710,.T.);
#2225=ORIENTED_EDGE('',*,*,#1711,.T.);
#2226=ORIENTED_EDGE('',*,*,#1712,.T.);
#2227=ORIENTED_EDGE('',*,*,#1713,.T.);
#2228=ORIENTED_EDGE('',*,*,#1714,.T.);
#2229=ORIENTED_EDGE('',*,*,#1710,.F.);
#2230=ORIENTED_EDGE('',*,*,#1715,.T.);
#2231=ORIENTED_EDGE('',*,*,#1716,.T.);
#2232=ORIENTED_EDGE('',*,*,#1717,.T.);
#2233=ORIENTED_EDGE('',*,*,#1713,.F.);
#2234=ORIENTED_EDGE('',*,*,#1718,.T.);
#2235=ORIENTED_EDGE('',*,*,#1719,.T.);
#2236=ORIENTED_EDGE('',*,*,#1720,.T.);
#2237=ORIENTED_EDGE('',*,*,#1716,.F.);
#2238=ORIENTED_EDGE('',*,*,#1719,.F.);
#2239=ORIENTED_EDGE('',*,*,#1718,.F.);
#2240=ORIENTED_EDGE('',*,*,#1715,.F.);
#2241=ORIENTED_EDGE('',*,*,#1721,.F.);
#2242=ORIENTED_EDGE('',*,*,#1722,.F.);
#2243=ORIENTED_EDGE('',*,*,#1723,.F.);
#2244=ORIENTED_EDGE('',*,*,#1724,.F.);
#2245=ORIENTED_EDGE('',*,*,#1725,.F.);
#2246=ORIENTED_EDGE('',*,*,#1709,.F.);
#2247=ORIENTED_EDGE('',*,*,#1726,.T.);
#2248=ORIENTED_EDGE('',*,*,#1727,.T.);
#2249=ORIENTED_EDGE('',*,*,#1728,.F.);
#2250=ORIENTED_EDGE('',*,*,#1721,.T.);
#2251=ORIENTED_EDGE('',*,*,#1729,.T.);
#2252=ORIENTED_EDGE('',*,*,#1730,.T.);
#2253=ORIENTED_EDGE('',*,*,#1731,.T.);
#2254=ORIENTED_EDGE('',*,*,#1732,.T.);
#2255=ORIENTED_EDGE('',*,*,#1733,.T.);
#2256=ORIENTED_EDGE('',*,*,#1734,.T.);
#2257=ORIENTED_EDGE('',*,*,#1735,.T.);
#2258=ORIENTED_EDGE('',*,*,#1736,.T.);
#2259=ORIENTED_EDGE('',*,*,#1737,.T.);
#2260=ORIENTED_EDGE('',*,*,#1734,.F.);
#2261=ORIENTED_EDGE('',*,*,#1738,.T.);
#2262=ORIENTED_EDGE('',*,*,#1739,.T.);
#2263=ORIENTED_EDGE('',*,*,#1740,.T.);
#2264=ORIENTED_EDGE('',*,*,#1736,.F.);
#2265=ORIENTED_EDGE('',*,*,#1741,.T.);
#2266=ORIENTED_EDGE('',*,*,#1732,.F.);
#2267=ORIENTED_EDGE('',*,*,#1742,.T.);
#2268=ORIENTED_EDGE('',*,*,#1729,.F.);
#2269=ORIENTED_EDGE('',*,*,#1743,.T.);
#2270=ORIENTED_EDGE('',*,*,#1733,.F.);
#2271=ORIENTED_EDGE('',*,*,#1743,.F.);
#2272=ORIENTED_EDGE('',*,*,#1731,.F.);
#2273=ORIENTED_EDGE('',*,*,#1744,.T.);
#2274=ORIENTED_EDGE('',*,*,#1745,.T.);
#2275=ORIENTED_EDGE('',*,*,#1746,.T.);
#2276=ORIENTED_EDGE('',*,*,#1730,.F.);
#2277=ORIENTED_EDGE('',*,*,#1747,.F.);
#2278=ORIENTED_EDGE('',*,*,#1748,.F.);
#2279=ORIENTED_EDGE('',*,*,#1749,.F.);
#2280=ORIENTED_EDGE('',*,*,#1750,.F.);
#2281=ORIENTED_EDGE('',*,*,#1751,.F.);
#2282=ORIENTED_EDGE('',*,*,#1742,.F.);
#2283=ORIENTED_EDGE('',*,*,#1752,.F.);
#2284=ORIENTED_EDGE('',*,*,#1753,.T.);
#2285=ORIENTED_EDGE('',*,*,#1754,.T.);
#2286=ORIENTED_EDGE('',*,*,#1747,.T.);
#2287=ORIENTED_EDGE('',*,*,#1714,.F.);
#2288=ORIENTED_EDGE('',*,*,#1755,.T.);
#2289=ORIENTED_EDGE('',*,*,#1756,.T.);
#2290=ORIENTED_EDGE('',*,*,#1757,.T.);
#2291=ORIENTED_EDGE('',*,*,#1711,.F.);
#2292=ORIENTED_EDGE('',*,*,#1720,.F.);
#2293=ORIENTED_EDGE('',*,*,#1758,.T.);
#2294=ORIENTED_EDGE('',*,*,#1759,.T.);
#2295=ORIENTED_EDGE('',*,*,#1760,.T.);
#2296=ORIENTED_EDGE('',*,*,#1759,.F.);
#2297=ORIENTED_EDGE('',*,*,#1761,.T.);
#2298=ORIENTED_EDGE('',*,*,#1756,.F.);
#2299=ORIENTED_EDGE('',*,*,#1762,.F.);
#2300=ORIENTED_EDGE('',*,*,#1712,.F.);
#2301=ORIENTED_EDGE('',*,*,#1757,.F.);
#2302=ORIENTED_EDGE('',*,*,#1763,.F.);
#2303=ORIENTED_EDGE('',*,*,#1764,.F.);
#2304=ORIENTED_EDGE('',*,*,#1765,.F.);
#2305=ORIENTED_EDGE('',*,*,#1766,.F.);
#2306=ORIENTED_EDGE('',*,*,#1767,.T.);
#2307=ORIENTED_EDGE('',*,*,#1768,.F.);
#2308=ORIENTED_EDGE('',*,*,#1761,.F.);
#2309=ORIENTED_EDGE('',*,*,#1769,.T.);
#2310=ORIENTED_EDGE('',*,*,#1770,.T.);
#2311=ORIENTED_EDGE('',*,*,#1763,.T.);
#2312=ORIENTED_EDGE('',*,*,#1758,.F.);
#2313=ORIENTED_EDGE('',*,*,#1725,.T.);
#2314=ORIENTED_EDGE('',*,*,#1771,.F.);
#2315=ORIENTED_EDGE('',*,*,#1769,.F.);
#2316=ORIENTED_EDGE('',*,*,#1741,.F.);
#2317=ORIENTED_EDGE('',*,*,#1772,.T.);
#2318=ORIENTED_EDGE('',*,*,#1773,.T.);
#2319=ORIENTED_EDGE('',*,*,#1774,.T.);
#2320=ORIENTED_EDGE('',*,*,#1745,.F.);
#2321=ORIENTED_EDGE('',*,*,#1775,.T.);
#2322=ORIENTED_EDGE('',*,*,#1773,.F.);
#2323=ORIENTED_EDGE('',*,*,#1774,.F.);
#2324=ORIENTED_EDGE('',*,*,#1776,.F.);
#2325=ORIENTED_EDGE('',*,*,#1777,.F.);
#2326=ORIENTED_EDGE('',*,*,#1778,.F.);
#2327=ORIENTED_EDGE('',*,*,#1779,.F.);
#2328=ORIENTED_EDGE('',*,*,#1780,.T.);
#2329=ORIENTED_EDGE('',*,*,#1781,.F.);
#2330=ORIENTED_EDGE('',*,*,#1782,.F.);
#2331=ORIENTED_EDGE('',*,*,#1783,.F.);
#2332=ORIENTED_EDGE('',*,*,#1784,.F.);
#2333=ORIENTED_EDGE('',*,*,#1785,.F.);
#2334=ORIENTED_EDGE('',*,*,#1739,.F.);
#2335=ORIENTED_EDGE('',*,*,#1775,.F.);
#2336=ORIENTED_EDGE('',*,*,#1786,.T.);
#2337=ORIENTED_EDGE('',*,*,#1787,.F.);
#2338=ORIENTED_EDGE('',*,*,#1776,.T.);
#2339=ORIENTED_EDGE('',*,*,#1744,.F.);
#2340=ORIENTED_EDGE('',*,*,#1751,.T.);
#2341=ORIENTED_EDGE('',*,*,#1788,.F.);
#2342=ORIENTED_EDGE('',*,*,#1786,.F.);
#2343=ORIENTED_EDGE('',*,*,#1789,.T.);
#2344=ORIENTED_EDGE('',*,*,#1790,.T.);
#2345=ORIENTED_EDGE('',*,*,#1791,.F.);
#2346=ORIENTED_EDGE('',*,*,#1792,.T.);
#2347=ORIENTED_EDGE('',*,*,#1791,.T.);
#2348=ORIENTED_EDGE('',*,*,#1793,.T.);
#2349=ORIENTED_EDGE('',*,*,#1794,.T.);
#2350=ORIENTED_EDGE('',*,*,#1740,.F.);
#2351=ORIENTED_EDGE('',*,*,#1785,.T.);
#2352=ORIENTED_EDGE('',*,*,#1784,.T.);
#2353=ORIENTED_EDGE('',*,*,#1795,.T.);
#2354=ORIENTED_EDGE('',*,*,#1752,.T.);
#2355=ORIENTED_EDGE('',*,*,#1735,.F.);
#2356=ORIENTED_EDGE('',*,*,#1737,.F.);
#2357=ORIENTED_EDGE('',*,*,#1796,.T.);
#2358=ORIENTED_EDGE('',*,*,#1748,.T.);
#2359=ORIENTED_EDGE('',*,*,#1754,.F.);
#2360=ORIENTED_EDGE('',*,*,#1797,.T.);
#2361=ORIENTED_EDGE('',*,*,#1793,.F.);
#2362=ORIENTED_EDGE('',*,*,#1798,.T.);
#2363=ORIENTED_EDGE('',*,*,#1796,.F.);
#2364=ORIENTED_EDGE('',*,*,#1799,.T.);
#2365=ORIENTED_EDGE('',*,*,#1792,.F.);
#2366=ORIENTED_EDGE('',*,*,#1794,.F.);
#2367=ORIENTED_EDGE('',*,*,#1800,.T.);
#2368=ORIENTED_EDGE('',*,*,#1801,.T.);
#2369=ORIENTED_EDGE('',*,*,#1802,.T.);
#2370=ORIENTED_EDGE('',*,*,#1799,.F.);
#2371=ORIENTED_EDGE('',*,*,#1797,.F.);
#2372=ORIENTED_EDGE('',*,*,#1803,.F.);
#2373=ORIENTED_EDGE('',*,*,#1804,.F.);
#2374=ORIENTED_EDGE('',*,*,#1800,.F.);
#2375=ORIENTED_EDGE('',*,*,#1753,.F.);
#2376=ORIENTED_EDGE('',*,*,#1805,.T.);
#2377=ORIENTED_EDGE('',*,*,#1806,.T.);
#2378=ORIENTED_EDGE('',*,*,#1803,.T.);
#2379=ORIENTED_EDGE('',*,*,#1795,.F.);
#2380=ORIENTED_EDGE('',*,*,#1783,.T.);
#2381=ORIENTED_EDGE('',*,*,#1807,.F.);
#2382=ORIENTED_EDGE('',*,*,#1808,.T.);
#2383=ORIENTED_EDGE('',*,*,#1809,.F.);
#2384=ORIENTED_EDGE('',*,*,#1805,.F.);
#2385=ORIENTED_EDGE('',*,*,#1789,.F.);
#2386=ORIENTED_EDGE('',*,*,#1810,.T.);
#2387=ORIENTED_EDGE('',*,*,#1811,.T.);
#2388=ORIENTED_EDGE('',*,*,#1812,.T.);
#2389=ORIENTED_EDGE('',*,*,#1813,.T.);
#2390=ORIENTED_EDGE('',*,*,#1810,.F.);
#2391=ORIENTED_EDGE('',*,*,#1802,.F.);
#2392=ORIENTED_EDGE('',*,*,#1814,.T.);
#2393=ORIENTED_EDGE('',*,*,#1815,.F.);
#2394=ORIENTED_EDGE('',*,*,#1816,.F.);
#2395=ORIENTED_EDGE('',*,*,#1790,.F.);
#2396=ORIENTED_EDGE('',*,*,#1812,.F.);
#2397=ORIENTED_EDGE('',*,*,#1817,.F.);
#2398=ORIENTED_EDGE('',*,*,#1749,.T.);
#2399=ORIENTED_EDGE('',*,*,#1798,.F.);
#2400=ORIENTED_EDGE('',*,*,#1818,.T.);
#2401=ORIENTED_EDGE('',*,*,#1819,.T.);
#2402=ORIENTED_EDGE('',*,*,#1820,.T.);
#2403=ORIENTED_EDGE('',*,*,#1821,.T.);
#2404=ORIENTED_EDGE('',*,*,#1822,.T.);
#2405=ORIENTED_EDGE('',*,*,#1823,.T.);
#2406=ORIENTED_EDGE('',*,*,#1820,.F.);
#2407=ORIENTED_EDGE('',*,*,#1824,.T.);
#2408=ORIENTED_EDGE('',*,*,#1825,.T.);
#2409=ORIENTED_EDGE('',*,*,#1826,.T.);
#2410=ORIENTED_EDGE('',*,*,#1822,.F.);
#2411=ORIENTED_EDGE('',*,*,#1827,.T.);
#2412=ORIENTED_EDGE('',*,*,#1728,.T.);
#2413=ORIENTED_EDGE('',*,*,#1828,.T.);
#2414=ORIENTED_EDGE('',*,*,#1825,.F.);
#2415=ORIENTED_EDGE('',*,*,#1722,.T.);
#2416=ORIENTED_EDGE('',*,*,#1827,.F.);
#2417=ORIENTED_EDGE('',*,*,#1824,.F.);
#2418=ORIENTED_EDGE('',*,*,#1819,.F.);
#2419=ORIENTED_EDGE('',*,*,#1829,.F.);
#2420=ORIENTED_EDGE('',*,*,#1723,.T.);
#2421=ORIENTED_EDGE('',*,*,#1813,.F.);
#2422=ORIENTED_EDGE('',*,*,#1830,.F.);
#2423=ORIENTED_EDGE('',*,*,#1831,.F.);
#2424=ORIENTED_EDGE('',*,*,#1832,.F.);
#2425=ORIENTED_EDGE('',*,*,#1833,.T.);
#2426=ORIENTED_EDGE('',*,*,#1834,.T.);
#2427=ORIENTED_EDGE('',*,*,#1777,.T.);
#2428=ORIENTED_EDGE('',*,*,#1787,.T.);
#2429=ORIENTED_EDGE('',*,*,#1788,.T.);
#2430=ORIENTED_EDGE('',*,*,#1750,.T.);
#2431=ORIENTED_EDGE('',*,*,#1817,.T.);
#2432=ORIENTED_EDGE('',*,*,#1811,.F.);
#2433=ORIENTED_EDGE('',*,*,#1821,.F.);
#2434=ORIENTED_EDGE('',*,*,#1835,.F.);
#2435=ORIENTED_EDGE('',*,*,#1836,.T.);
#2436=ORIENTED_EDGE('',*,*,#1837,.F.);
#2437=ORIENTED_EDGE('',*,*,#1838,.F.);
#2438=ORIENTED_EDGE('',*,*,#1839,.T.);
#2439=ORIENTED_EDGE('',*,*,#1823,.F.);
#2440=ORIENTED_EDGE('',*,*,#1840,.T.);
#2441=ORIENTED_EDGE('',*,*,#1841,.T.);
#2442=ORIENTED_EDGE('',*,*,#1835,.T.);
#2443=ORIENTED_EDGE('',*,*,#1717,.F.);
#2444=ORIENTED_EDGE('',*,*,#1760,.F.);
#2445=ORIENTED_EDGE('',*,*,#1755,.F.);
#2446=ORIENTED_EDGE('',*,*,#1842,.F.);
#2447=ORIENTED_EDGE('',*,*,#1843,.F.);
#2448=ORIENTED_EDGE('',*,*,#1844,.F.);
#2449=ORIENTED_EDGE('',*,*,#1845,.T.);
#2450=ORIENTED_EDGE('',*,*,#1846,.T.);
#2451=ORIENTED_EDGE('',*,*,#1764,.T.);
#2452=ORIENTED_EDGE('',*,*,#1770,.F.);
#2453=ORIENTED_EDGE('',*,*,#1771,.T.);
#2454=ORIENTED_EDGE('',*,*,#1724,.T.);
#2455=ORIENTED_EDGE('',*,*,#1829,.T.);
#2456=ORIENTED_EDGE('',*,*,#1818,.F.);
#2457=ORIENTED_EDGE('',*,*,#1839,.F.);
#2458=ORIENTED_EDGE('',*,*,#1738,.F.);
#2459=ORIENTED_EDGE('',*,*,#1746,.F.);
#2460=ORIENTED_EDGE('',*,*,#1772,.F.);
#2461=ORIENTED_EDGE('',*,*,#1765,.T.);
#2462=ORIENTED_EDGE('',*,*,#1846,.F.);
#2463=ORIENTED_EDGE('',*,*,#1847,.F.);
#2464=ORIENTED_EDGE('',*,*,#1848,.F.);
#2465=ORIENTED_EDGE('',*,*,#1778,.T.);
#2466=ORIENTED_EDGE('',*,*,#1834,.F.);
#2467=ORIENTED_EDGE('',*,*,#1849,.F.);
#2468=ORIENTED_EDGE('',*,*,#1850,.F.);
#2469=ORIENTED_EDGE('',*,*,#1851,.F.);
#2470=ORIENTED_EDGE('',*,*,#1849,.T.);
#2471=ORIENTED_EDGE('',*,*,#1833,.F.);
#2472=ORIENTED_EDGE('',*,*,#1852,.F.);
#2473=ORIENTED_EDGE('',*,*,#1853,.F.);
#2474=ORIENTED_EDGE('',*,*,#1854,.F.);
#2475=ORIENTED_EDGE('',*,*,#1847,.T.);
#2476=ORIENTED_EDGE('',*,*,#1845,.F.);
#2477=ORIENTED_EDGE('',*,*,#1850,.T.);
#2478=ORIENTED_EDGE('',*,*,#1851,.T.);
#2479=ORIENTED_EDGE('',*,*,#1855,.F.);
#2480=ORIENTED_EDGE('',*,*,#1856,.T.);
#2481=ORIENTED_EDGE('',*,*,#1857,.F.);
#2482=ORIENTED_EDGE('',*,*,#1779,.T.);
#2483=ORIENTED_EDGE('',*,*,#1852,.T.);
#2484=ORIENTED_EDGE('',*,*,#1832,.T.);
#2485=ORIENTED_EDGE('',*,*,#1858,.T.);
#2486=ORIENTED_EDGE('',*,*,#1859,.F.);
#2487=ORIENTED_EDGE('',*,*,#1855,.T.);
#2488=ORIENTED_EDGE('',*,*,#1831,.T.);
#2489=ORIENTED_EDGE('',*,*,#1860,.F.);
#2490=ORIENTED_EDGE('',*,*,#1861,.F.);
#2491=ORIENTED_EDGE('',*,*,#1862,.F.);
#2492=ORIENTED_EDGE('',*,*,#1863,.T.);
#2493=ORIENTED_EDGE('',*,*,#1864,.T.);
#2494=ORIENTED_EDGE('',*,*,#1865,.F.);
#2495=ORIENTED_EDGE('',*,*,#1866,.F.);
#2496=ORIENTED_EDGE('',*,*,#1867,.F.);
#2497=ORIENTED_EDGE('',*,*,#1868,.F.);
#2498=ORIENTED_EDGE('',*,*,#1869,.F.);
#2499=ORIENTED_EDGE('',*,*,#1870,.F.);
#2500=ORIENTED_EDGE('',*,*,#1871,.F.);
#2501=ORIENTED_EDGE('',*,*,#1872,.F.);
#2502=ORIENTED_EDGE('',*,*,#1873,.F.);
#2503=ORIENTED_EDGE('',*,*,#1874,.F.);
#2504=ORIENTED_EDGE('',*,*,#1875,.F.);
#2505=ORIENTED_EDGE('',*,*,#1876,.F.);
#2506=ORIENTED_EDGE('',*,*,#1877,.F.);
#2507=ORIENTED_EDGE('',*,*,#1878,.F.);
#2508=ORIENTED_EDGE('',*,*,#1858,.F.);
#2509=ORIENTED_EDGE('',*,*,#1672,.T.);
#2510=ORIENTED_EDGE('',*,*,#1669,.F.);
#2511=ORIENTED_EDGE('',*,*,#1678,.T.);
#2512=ORIENTED_EDGE('',*,*,#1675,.F.);
#2513=ORIENTED_EDGE('',*,*,#1683,.T.);
#2514=ORIENTED_EDGE('',*,*,#1680,.F.);
#2515=ORIENTED_EDGE('',*,*,#1664,.T.);
#2516=ORIENTED_EDGE('',*,*,#1662,.F.);
#2517=ORIENTED_EDGE('',*,*,#1879,.T.);
#2518=ORIENTED_EDGE('',*,*,#1842,.T.);
#2519=ORIENTED_EDGE('',*,*,#1838,.T.);
#2520=ORIENTED_EDGE('',*,*,#1880,.T.);
#2521=ORIENTED_EDGE('',*,*,#1881,.T.);
#2522=ORIENTED_EDGE('',*,*,#1828,.F.);
#2523=ORIENTED_EDGE('',*,*,#1882,.F.);
#2524=ORIENTED_EDGE('',*,*,#1883,.F.);
#2525=ORIENTED_EDGE('',*,*,#1840,.F.);
#2526=ORIENTED_EDGE('',*,*,#1826,.F.);
#2527=ORIENTED_EDGE('',*,*,#1727,.F.);
#2528=ORIENTED_EDGE('',*,*,#1884,.F.);
#2529=ORIENTED_EDGE('',*,*,#1885,.T.);
#2530=ORIENTED_EDGE('',*,*,#1886,.T.);
#2531=ORIENTED_EDGE('',*,*,#1882,.T.);
#2532=ORIENTED_EDGE('',*,*,#1887,.F.);
#2533=ORIENTED_EDGE('',*,*,#1888,.T.);
#2534=ORIENTED_EDGE('',*,*,#1889,.F.);
#2535=ORIENTED_EDGE('',*,*,#1890,.F.);
#2536=ORIENTED_EDGE('',*,*,#1891,.F.);
#2537=ORIENTED_EDGE('',*,*,#1892,.F.);
#2538=ORIENTED_EDGE('',*,*,#1893,.F.);
#2539=ORIENTED_EDGE('',*,*,#1894,.F.);
#2540=ORIENTED_EDGE('',*,*,#1895,.F.);
#2541=ORIENTED_EDGE('',*,*,#1888,.F.);
#2542=ORIENTED_EDGE('',*,*,#1892,.T.);
#2543=ORIENTED_EDGE('',*,*,#1896,.F.);
#2544=ORIENTED_EDGE('',*,*,#1897,.F.);
#2545=ORIENTED_EDGE('',*,*,#1887,.T.);
#2546=ORIENTED_EDGE('',*,*,#1897,.T.);
#2547=ORIENTED_EDGE('',*,*,#1898,.T.);
#2548=ORIENTED_EDGE('',*,*,#1899,.T.);
#2549=ORIENTED_EDGE('',*,*,#1891,.T.);
#2550=ORIENTED_EDGE('',*,*,#1900,.T.);
#2551=ORIENTED_EDGE('',*,*,#1901,.T.);
#2552=ORIENTED_EDGE('',*,*,#1902,.T.);
#2553=ORIENTED_EDGE('',*,*,#1896,.T.);
#2554=ORIENTED_EDGE('',*,*,#1890,.T.);
#2555=ORIENTED_EDGE('',*,*,#1903,.F.);
#2556=ORIENTED_EDGE('',*,*,#1904,.T.);
#2557=ORIENTED_EDGE('',*,*,#1900,.F.);
#2558=ORIENTED_EDGE('',*,*,#1903,.T.);
#2559=ORIENTED_EDGE('',*,*,#1889,.T.);
#2560=ORIENTED_EDGE('',*,*,#1895,.T.);
#2561=ORIENTED_EDGE('',*,*,#1905,.F.);
#2562=ORIENTED_EDGE('',*,*,#1906,.T.);
#2563=ORIENTED_EDGE('',*,*,#1907,.F.);
#2564=ORIENTED_EDGE('',*,*,#1908,.T.);
#2565=ORIENTED_EDGE('',*,*,#1909,.F.);
#2566=ORIENTED_EDGE('',*,*,#1910,.T.);
#2567=ORIENTED_EDGE('',*,*,#1814,.F.);
#2568=ORIENTED_EDGE('',*,*,#1801,.F.);
#2569=ORIENTED_EDGE('',*,*,#1804,.T.);
#2570=ORIENTED_EDGE('',*,*,#1806,.F.);
#2571=ORIENTED_EDGE('',*,*,#1809,.T.);
#2572=ORIENTED_EDGE('',*,*,#1911,.T.);
#2573=ORIENTED_EDGE('',*,*,#1780,.F.);
#2574=ORIENTED_EDGE('',*,*,#1857,.T.);
#2575=ORIENTED_EDGE('',*,*,#1912,.F.);
#2576=ORIENTED_EDGE('',*,*,#1913,.T.);
#2577=ORIENTED_EDGE('',*,*,#1914,.F.);
#2578=ORIENTED_EDGE('',*,*,#1915,.T.);
#2579=ORIENTED_EDGE('',*,*,#1916,.F.);
#2580=ORIENTED_EDGE('',*,*,#1917,.F.);
#2581=ORIENTED_EDGE('',*,*,#1918,.T.);
#2582=ORIENTED_EDGE('',*,*,#1919,.F.);
#2583=ORIENTED_EDGE('',*,*,#1920,.T.);
#2584=ORIENTED_EDGE('',*,*,#1921,.F.);
#2585=ORIENTED_EDGE('',*,*,#1922,.T.);
#2586=ORIENTED_EDGE('',*,*,#1836,.F.);
#2587=ORIENTED_EDGE('',*,*,#1841,.F.);
#2588=ORIENTED_EDGE('',*,*,#1883,.T.);
#2589=ORIENTED_EDGE('',*,*,#1886,.F.);
#2590=ORIENTED_EDGE('',*,*,#1923,.T.);
#2591=ORIENTED_EDGE('',*,*,#1924,.T.);
#2592=ORIENTED_EDGE('',*,*,#1767,.F.);
#2593=ORIENTED_EDGE('',*,*,#1925,.T.);
#2594=ORIENTED_EDGE('',*,*,#1926,.F.);
#2595=ORIENTED_EDGE('',*,*,#1927,.T.);
#2596=ORIENTED_EDGE('',*,*,#1928,.F.);
#2597=ORIENTED_EDGE('',*,*,#1929,.F.);
#2598=ORIENTED_EDGE('',*,*,#1930,.F.);
#2599=ORIENTED_EDGE('',*,*,#1931,.F.);
#2600=ORIENTED_EDGE('',*,*,#1932,.F.);
#2601=ORIENTED_EDGE('',*,*,#1933,.F.);
#2602=ORIENTED_EDGE('',*,*,#1934,.F.);
#2603=ORIENTED_EDGE('',*,*,#1935,.F.);
#2604=ORIENTED_EDGE('',*,*,#1936,.F.);
#2605=ORIENTED_EDGE('',*,*,#1937,.F.);
#2606=ORIENTED_EDGE('',*,*,#1938,.F.);
#2607=ORIENTED_EDGE('',*,*,#1939,.F.);
#2608=ORIENTED_EDGE('',*,*,#1940,.F.);
#2609=ORIENTED_EDGE('',*,*,#1930,.T.);
#2610=ORIENTED_EDGE('',*,*,#1941,.F.);
#2611=ORIENTED_EDGE('',*,*,#1932,.T.);
#2612=ORIENTED_EDGE('',*,*,#1942,.F.);
#2613=ORIENTED_EDGE('',*,*,#1934,.T.);
#2614=ORIENTED_EDGE('',*,*,#1943,.F.);
#2615=ORIENTED_EDGE('',*,*,#1936,.T.);
#2616=ORIENTED_EDGE('',*,*,#1944,.F.);
#2617=ORIENTED_EDGE('',*,*,#1938,.T.);
#2618=ORIENTED_EDGE('',*,*,#1945,.F.);
#2619=ORIENTED_EDGE('',*,*,#1940,.T.);
#2620=ORIENTED_EDGE('',*,*,#1946,.F.);
#2621=ORIENTED_EDGE('',*,*,#1947,.T.);
#2622=ORIENTED_EDGE('',*,*,#1948,.F.);
#2623=ORIENTED_EDGE('',*,*,#1949,.F.);
#2624=ORIENTED_EDGE('',*,*,#1950,.F.);
#2625=ORIENTED_EDGE('',*,*,#1951,.F.);
#2626=ORIENTED_EDGE('',*,*,#1952,.F.);
#2627=ORIENTED_EDGE('',*,*,#1953,.T.);
#2628=ORIENTED_EDGE('',*,*,#1954,.F.);
#2629=ORIENTED_EDGE('',*,*,#1955,.T.);
#2630=ORIENTED_EDGE('',*,*,#1956,.F.);
#2631=ORIENTED_EDGE('',*,*,#1957,.T.);
#2632=ORIENTED_EDGE('',*,*,#1958,.F.);
#2633=ORIENTED_EDGE('',*,*,#1959,.T.);
#2634=ORIENTED_EDGE('',*,*,#1960,.F.);
#2635=ORIENTED_EDGE('',*,*,#1961,.T.);
#2636=ORIENTED_EDGE('',*,*,#1962,.F.);
#2637=ORIENTED_EDGE('',*,*,#1963,.T.);
#2638=ORIENTED_EDGE('',*,*,#1964,.F.);
#2639=ORIENTED_EDGE('',*,*,#1965,.T.);
#2640=ORIENTED_EDGE('',*,*,#1966,.F.);
#2641=ORIENTED_EDGE('',*,*,#1967,.F.);
#2642=ORIENTED_EDGE('',*,*,#1968,.F.);
#2643=ORIENTED_EDGE('',*,*,#1969,.F.);
#2644=ORIENTED_EDGE('',*,*,#1970,.F.);
#2645=ORIENTED_EDGE('',*,*,#1971,.F.);
#2646=ORIENTED_EDGE('',*,*,#1972,.F.);
#2647=ORIENTED_EDGE('',*,*,#1973,.F.);
#2648=ORIENTED_EDGE('',*,*,#1974,.F.);
#2649=ORIENTED_EDGE('',*,*,#1975,.F.);
#2650=ORIENTED_EDGE('',*,*,#1976,.F.);
#2651=ORIENTED_EDGE('',*,*,#1977,.F.);
#2652=ORIENTED_EDGE('',*,*,#1978,.F.);
#2653=ORIENTED_EDGE('',*,*,#1979,.F.);
#2654=ORIENTED_EDGE('',*,*,#1947,.F.);
#2655=ORIENTED_EDGE('',*,*,#1929,.T.);
#2656=ORIENTED_EDGE('',*,*,#1970,.T.);
#2657=ORIENTED_EDGE('',*,*,#1980,.F.);
#2658=ORIENTED_EDGE('',*,*,#1981,.F.);
#2659=ORIENTED_EDGE('',*,*,#1982,.F.);
#2660=ORIENTED_EDGE('',*,*,#1948,.T.);
#2661=ORIENTED_EDGE('',*,*,#1979,.T.);
#2662=ORIENTED_EDGE('',*,*,#1946,.T.);
#2663=ORIENTED_EDGE('',*,*,#1939,.T.);
#2664=ORIENTED_EDGE('',*,*,#1945,.T.);
#2665=ORIENTED_EDGE('',*,*,#1937,.T.);
#2666=ORIENTED_EDGE('',*,*,#1944,.T.);
#2667=ORIENTED_EDGE('',*,*,#1935,.T.);
#2668=ORIENTED_EDGE('',*,*,#1943,.T.);
#2669=ORIENTED_EDGE('',*,*,#1933,.T.);
#2670=ORIENTED_EDGE('',*,*,#1942,.T.);
#2671=ORIENTED_EDGE('',*,*,#1931,.T.);
#2672=ORIENTED_EDGE('',*,*,#1941,.T.);
#2673=ORIENTED_EDGE('',*,*,#1983,.F.);
#2674=ORIENTED_EDGE('',*,*,#1965,.F.);
#2675=ORIENTED_EDGE('',*,*,#1984,.F.);
#2676=ORIENTED_EDGE('',*,*,#1963,.F.);
#2677=ORIENTED_EDGE('',*,*,#1985,.F.);
#2678=ORIENTED_EDGE('',*,*,#1961,.F.);
#2679=ORIENTED_EDGE('',*,*,#1986,.F.);
#2680=ORIENTED_EDGE('',*,*,#1959,.F.);
#2681=ORIENTED_EDGE('',*,*,#1987,.F.);
#2682=ORIENTED_EDGE('',*,*,#1957,.F.);
#2683=ORIENTED_EDGE('',*,*,#1988,.F.);
#2684=ORIENTED_EDGE('',*,*,#1955,.F.);
#2685=ORIENTED_EDGE('',*,*,#1989,.F.);
#2686=ORIENTED_EDGE('',*,*,#1953,.F.);
#2687=ORIENTED_EDGE('',*,*,#1983,.T.);
#2688=ORIENTED_EDGE('',*,*,#1964,.T.);
#2689=ORIENTED_EDGE('',*,*,#1984,.T.);
#2690=ORIENTED_EDGE('',*,*,#1962,.T.);
#2691=ORIENTED_EDGE('',*,*,#1985,.T.);
#2692=ORIENTED_EDGE('',*,*,#1960,.T.);
#2693=ORIENTED_EDGE('',*,*,#1986,.T.);
#2694=ORIENTED_EDGE('',*,*,#1958,.T.);
#2695=ORIENTED_EDGE('',*,*,#1987,.T.);
#2696=ORIENTED_EDGE('',*,*,#1956,.T.);
#2697=ORIENTED_EDGE('',*,*,#1988,.T.);
#2698=ORIENTED_EDGE('',*,*,#1954,.T.);
#2699=ORIENTED_EDGE('',*,*,#1989,.T.);
#2700=ORIENTED_EDGE('',*,*,#1952,.T.);
#2701=ORIENTED_EDGE('',*,*,#1990,.F.);
#2702=ORIENTED_EDGE('',*,*,#1991,.F.);
#2703=ORIENTED_EDGE('',*,*,#1992,.F.);
#2704=ORIENTED_EDGE('',*,*,#1966,.T.);
#2705=ORIENTED_EDGE('',*,*,#1768,.T.);
#2706=ORIENTED_EDGE('',*,*,#1924,.F.);
#2707=ORIENTED_EDGE('',*,*,#1993,.T.);
#2708=ORIENTED_EDGE('',*,*,#1884,.T.);
#2709=ORIENTED_EDGE('',*,*,#1726,.F.);
#2710=ORIENTED_EDGE('',*,*,#1708,.T.);
#2711=ORIENTED_EDGE('',*,*,#1762,.T.);
#2712=ORIENTED_EDGE('',*,*,#1808,.F.);
#2713=ORIENTED_EDGE('',*,*,#1994,.T.);
#2714=ORIENTED_EDGE('',*,*,#1781,.T.);
#2715=ORIENTED_EDGE('',*,*,#1911,.F.);
#2716=ORIENTED_EDGE('',*,*,#1807,.T.);
#2717=ORIENTED_EDGE('',*,*,#1782,.T.);
#2718=ORIENTED_EDGE('',*,*,#1994,.F.);
#2719=ORIENTED_EDGE('',*,*,#1830,.T.);
#2720=ORIENTED_EDGE('',*,*,#1816,.T.);
#2721=ORIENTED_EDGE('',*,*,#1995,.T.);
#2722=ORIENTED_EDGE('',*,*,#1860,.T.);
#2723=ORIENTED_EDGE('',*,*,#1993,.F.);
#2724=ORIENTED_EDGE('',*,*,#1923,.F.);
#2725=ORIENTED_EDGE('',*,*,#1885,.F.);
#2726=ORIENTED_EDGE('',*,*,#1996,.T.);
#2727=ORIENTED_EDGE('',*,*,#1997,.T.);
#2728=ORIENTED_EDGE('',*,*,#1901,.F.);
#2729=ORIENTED_EDGE('',*,*,#1998,.T.);
#2730=ORIENTED_EDGE('',*,*,#1999,.T.);
#2731=ORIENTED_EDGE('',*,*,#2000,.T.);
#2732=ORIENTED_EDGE('',*,*,#1996,.F.);
#2733=ORIENTED_EDGE('',*,*,#2001,.T.);
#2734=ORIENTED_EDGE('',*,*,#2002,.T.);
#2735=ORIENTED_EDGE('',*,*,#2003,.T.);
#2736=ORIENTED_EDGE('',*,*,#1999,.F.);
#2737=ORIENTED_EDGE('',*,*,#2004,.T.);
#2738=ORIENTED_EDGE('',*,*,#1844,.T.);
#2739=ORIENTED_EDGE('',*,*,#2005,.T.);
#2740=ORIENTED_EDGE('',*,*,#2002,.F.);
#2741=ORIENTED_EDGE('',*,*,#2006,.T.);
#2742=ORIENTED_EDGE('',*,*,#1853,.T.);
#2743=ORIENTED_EDGE('',*,*,#2007,.T.);
#2744=ORIENTED_EDGE('',*,*,#1861,.T.);
#2745=ORIENTED_EDGE('',*,*,#1995,.F.);
#2746=ORIENTED_EDGE('',*,*,#2008,.T.);
#2747=ORIENTED_EDGE('',*,*,#2009,.T.);
#2748=ORIENTED_EDGE('',*,*,#1862,.T.);
#2749=ORIENTED_EDGE('',*,*,#2007,.F.);
#2750=ORIENTED_EDGE('',*,*,#2010,.T.);
#2751=ORIENTED_EDGE('',*,*,#2011,.T.);
#2752=ORIENTED_EDGE('',*,*,#2009,.F.);
#2753=ORIENTED_EDGE('',*,*,#2012,.T.);
#2754=ORIENTED_EDGE('',*,*,#2013,.T.);
#2755=ORIENTED_EDGE('',*,*,#1893,.T.);
#2756=ORIENTED_EDGE('',*,*,#2014,.T.);
#2757=ORIENTED_EDGE('',*,*,#2015,.T.);
#2758=ORIENTED_EDGE('',*,*,#2016,.T.);
#2759=ORIENTED_EDGE('',*,*,#1867,.T.);
#2760=ORIENTED_EDGE('',*,*,#2017,.T.);
#2761=ORIENTED_EDGE('',*,*,#2018,.T.);
#2762=ORIENTED_EDGE('',*,*,#1899,.F.);
#2763=ORIENTED_EDGE('',*,*,#2019,.T.);
#2764=ORIENTED_EDGE('',*,*,#2020,.T.);
#2765=ORIENTED_EDGE('',*,*,#2021,.T.);
#2766=ORIENTED_EDGE('',*,*,#2022,.T.);
#2767=ORIENTED_EDGE('',*,*,#1865,.T.);
#2768=ORIENTED_EDGE('',*,*,#1866,.T.);
#2769=ORIENTED_EDGE('',*,*,#2022,.F.);
#2770=ORIENTED_EDGE('',*,*,#2023,.T.);
#2771=ORIENTED_EDGE('',*,*,#2024,.T.);
#2772=ORIENTED_EDGE('',*,*,#2017,.F.);
#2773=ORIENTED_EDGE('',*,*,#2025,.T.);
#2774=ORIENTED_EDGE('',*,*,#2013,.F.);
#2775=ORIENTED_EDGE('',*,*,#2026,.T.);
#2776=ORIENTED_EDGE('',*,*,#2020,.F.);
#2777=ORIENTED_EDGE('',*,*,#1843,.T.);
#2778=ORIENTED_EDGE('',*,*,#1881,.F.);
#2779=ORIENTED_EDGE('',*,*,#2027,.F.);
#2780=ORIENTED_EDGE('',*,*,#2028,.F.);
#2781=ORIENTED_EDGE('',*,*,#2029,.T.);
#2782=ORIENTED_EDGE('',*,*,#2030,.T.);
#2783=ORIENTED_EDGE('',*,*,#2031,.F.);
#2784=ORIENTED_EDGE('',*,*,#2032,.F.);
#2785=ORIENTED_EDGE('',*,*,#2033,.F.);
#2786=ORIENTED_EDGE('',*,*,#2034,.F.);
#2787=ORIENTED_EDGE('',*,*,#2035,.F.);
#2788=ORIENTED_EDGE('',*,*,#2036,.F.);
#2789=ORIENTED_EDGE('',*,*,#2037,.F.);
#2790=ORIENTED_EDGE('',*,*,#2038,.F.);
#2791=ORIENTED_EDGE('',*,*,#2019,.F.);
#2792=ORIENTED_EDGE('',*,*,#1898,.F.);
#2793=ORIENTED_EDGE('',*,*,#1902,.F.);
#2794=ORIENTED_EDGE('',*,*,#1997,.F.);
#2795=ORIENTED_EDGE('',*,*,#2000,.F.);
#2796=ORIENTED_EDGE('',*,*,#2003,.F.);
#2797=ORIENTED_EDGE('',*,*,#2005,.F.);
#2798=ORIENTED_EDGE('',*,*,#1700,.T.);
#2799=ORIENTED_EDGE('',*,*,#1693,.F.);
#2800=ORIENTED_EDGE('',*,*,#1707,.T.);
#2801=ORIENTED_EDGE('',*,*,#1686,.F.);
#2802=ORIENTED_EDGE('',*,*,#1690,.T.);
#2803=ORIENTED_EDGE('',*,*,#1706,.F.);
#2804=ORIENTED_EDGE('',*,*,#1704,.T.);
#2805=ORIENTED_EDGE('',*,*,#1702,.F.);
#2806=ORIENTED_EDGE('',*,*,#2039,.T.);
#2807=ORIENTED_EDGE('',*,*,#1854,.T.);
#2808=ORIENTED_EDGE('',*,*,#2006,.F.);
#2809=ORIENTED_EDGE('',*,*,#2040,.T.);
#2810=ORIENTED_EDGE('',*,*,#1925,.F.);
#2811=ORIENTED_EDGE('',*,*,#1766,.T.);
#2812=ORIENTED_EDGE('',*,*,#1848,.T.);
#2813=ORIENTED_EDGE('',*,*,#2004,.F.);
#2814=ORIENTED_EDGE('',*,*,#2041,.F.);
#2815=ORIENTED_EDGE('',*,*,#1926,.T.);
#2816=ORIENTED_EDGE('',*,*,#2040,.F.);
#2817=ORIENTED_EDGE('',*,*,#2001,.F.);
#2818=ORIENTED_EDGE('',*,*,#2042,.T.);
#2819=ORIENTED_EDGE('',*,*,#1927,.F.);
#2820=ORIENTED_EDGE('',*,*,#2041,.T.);
#2821=ORIENTED_EDGE('',*,*,#1998,.F.);
#2822=ORIENTED_EDGE('',*,*,#1904,.F.);
#2823=ORIENTED_EDGE('',*,*,#1928,.T.);
#2824=ORIENTED_EDGE('',*,*,#2042,.F.);
#2825=ORIENTED_EDGE('',*,*,#1894,.T.);
#2826=ORIENTED_EDGE('',*,*,#2015,.F.);
#2827=ORIENTED_EDGE('',*,*,#2043,.T.);
#2828=ORIENTED_EDGE('',*,*,#1905,.T.);
#2829=ORIENTED_EDGE('',*,*,#2014,.F.);
#2830=ORIENTED_EDGE('',*,*,#2018,.F.);
#2831=ORIENTED_EDGE('',*,*,#2024,.F.);
#2832=ORIENTED_EDGE('',*,*,#2044,.F.);
#2833=ORIENTED_EDGE('',*,*,#1906,.F.);
#2834=ORIENTED_EDGE('',*,*,#2043,.F.);
#2835=ORIENTED_EDGE('',*,*,#2023,.F.);
#2836=ORIENTED_EDGE('',*,*,#2045,.F.);
#2837=ORIENTED_EDGE('',*,*,#1907,.T.);
#2838=ORIENTED_EDGE('',*,*,#2044,.T.);
#2839=ORIENTED_EDGE('',*,*,#2046,.T.);
#2840=ORIENTED_EDGE('',*,*,#2047,.T.);
#2841=ORIENTED_EDGE('',*,*,#2048,.T.);
#2842=ORIENTED_EDGE('',*,*,#1875,.T.);
#2843=ORIENTED_EDGE('',*,*,#2049,.T.);
#2844=ORIENTED_EDGE('',*,*,#1876,.T.);
#2845=ORIENTED_EDGE('',*,*,#2048,.F.);
#2846=ORIENTED_EDGE('',*,*,#2050,.T.);
#2847=ORIENTED_EDGE('',*,*,#2051,.T.);
#2848=ORIENTED_EDGE('',*,*,#1877,.T.);
#2849=ORIENTED_EDGE('',*,*,#2049,.F.);
#2850=ORIENTED_EDGE('',*,*,#2052,.T.);
#2851=ORIENTED_EDGE('',*,*,#1859,.T.);
#2852=ORIENTED_EDGE('',*,*,#1878,.T.);
#2853=ORIENTED_EDGE('',*,*,#2051,.F.);
#2854=ORIENTED_EDGE('',*,*,#2053,.T.);
#2855=ORIENTED_EDGE('',*,*,#2054,.T.);
#2856=ORIENTED_EDGE('',*,*,#2027,.T.);
#2857=ORIENTED_EDGE('',*,*,#1880,.F.);
#2858=ORIENTED_EDGE('',*,*,#2055,.T.);
#2859=ORIENTED_EDGE('',*,*,#2056,.T.);
#2860=ORIENTED_EDGE('',*,*,#2028,.T.);
#2861=ORIENTED_EDGE('',*,*,#2054,.F.);
#2862=ORIENTED_EDGE('',*,*,#2057,.T.);
#2863=ORIENTED_EDGE('',*,*,#2058,.T.);
#2864=ORIENTED_EDGE('',*,*,#2056,.F.);
#2865=ORIENTED_EDGE('',*,*,#2059,.T.);
#2866=ORIENTED_EDGE('',*,*,#2060,.T.);
#2867=ORIENTED_EDGE('',*,*,#2061,.T.);
#2868=ORIENTED_EDGE('',*,*,#2033,.T.);
#2869=ORIENTED_EDGE('',*,*,#2062,.T.);
#2870=ORIENTED_EDGE('',*,*,#2063,.T.);
#2871=ORIENTED_EDGE('',*,*,#2064,.T.);
#2872=ORIENTED_EDGE('',*,*,#1873,.T.);
#2873=ORIENTED_EDGE('',*,*,#2065,.T.);
#2874=ORIENTED_EDGE('',*,*,#2066,.T.);
#2875=ORIENTED_EDGE('',*,*,#2067,.T.);
#2876=ORIENTED_EDGE('',*,*,#2031,.T.);
#2877=ORIENTED_EDGE('',*,*,#2032,.T.);
#2878=ORIENTED_EDGE('',*,*,#2067,.F.);
#2879=ORIENTED_EDGE('',*,*,#2068,.T.);
#2880=ORIENTED_EDGE('',*,*,#2069,.T.);
#2881=ORIENTED_EDGE('',*,*,#2062,.F.);
#2882=ORIENTED_EDGE('',*,*,#2070,.T.);
#2883=ORIENTED_EDGE('',*,*,#1874,.T.);
#2884=ORIENTED_EDGE('',*,*,#2064,.F.);
#2885=ORIENTED_EDGE('',*,*,#2071,.T.);
#2886=ORIENTED_EDGE('',*,*,#2072,.T.);
#2887=ORIENTED_EDGE('',*,*,#2073,.T.);
#2888=ORIENTED_EDGE('',*,*,#2060,.F.);
#2889=ORIENTED_EDGE('',*,*,#2074,.T.);
#2890=ORIENTED_EDGE('',*,*,#2065,.F.);
#2891=ORIENTED_EDGE('',*,*,#2070,.F.);
#2892=ORIENTED_EDGE('',*,*,#2075,.T.);
#2893=ORIENTED_EDGE('',*,*,#2046,.F.);
#2894=ORIENTED_EDGE('',*,*,#2053,.F.);
#2895=ORIENTED_EDGE('',*,*,#2076,.F.);
#2896=ORIENTED_EDGE('',*,*,#1912,.T.);
#2897=ORIENTED_EDGE('',*,*,#1856,.F.);
#2898=ORIENTED_EDGE('',*,*,#2052,.F.);
#2899=ORIENTED_EDGE('',*,*,#2077,.T.);
#2900=ORIENTED_EDGE('',*,*,#1913,.F.);
#2901=ORIENTED_EDGE('',*,*,#2076,.T.);
#2902=ORIENTED_EDGE('',*,*,#2050,.F.);
#2903=ORIENTED_EDGE('',*,*,#2078,.F.);
#2904=ORIENTED_EDGE('',*,*,#1914,.T.);
#2905=ORIENTED_EDGE('',*,*,#2077,.F.);
#2906=ORIENTED_EDGE('',*,*,#2047,.F.);
#2907=ORIENTED_EDGE('',*,*,#2079,.F.);
#2908=ORIENTED_EDGE('',*,*,#1915,.F.);
#2909=ORIENTED_EDGE('',*,*,#2078,.T.);
#2910=ORIENTED_EDGE('',*,*,#2075,.F.);
#2911=ORIENTED_EDGE('',*,*,#2080,.T.);
#2912=ORIENTED_EDGE('',*,*,#1916,.T.);
#2913=ORIENTED_EDGE('',*,*,#2079,.T.);
#2914=ORIENTED_EDGE('',*,*,#2072,.F.);
#2915=ORIENTED_EDGE('',*,*,#2081,.F.);
#2916=ORIENTED_EDGE('',*,*,#1917,.T.);
#2917=ORIENTED_EDGE('',*,*,#2080,.F.);
#2918=ORIENTED_EDGE('',*,*,#2071,.F.);
#2919=ORIENTED_EDGE('',*,*,#2063,.F.);
#2920=ORIENTED_EDGE('',*,*,#2069,.F.);
#2921=ORIENTED_EDGE('',*,*,#2082,.T.);
#2922=ORIENTED_EDGE('',*,*,#1918,.F.);
#2923=ORIENTED_EDGE('',*,*,#2081,.T.);
#2924=ORIENTED_EDGE('',*,*,#2068,.F.);
#2925=ORIENTED_EDGE('',*,*,#2083,.F.);
#2926=ORIENTED_EDGE('',*,*,#1919,.T.);
#2927=ORIENTED_EDGE('',*,*,#2082,.F.);
#2928=ORIENTED_EDGE('',*,*,#2008,.F.);
#2929=ORIENTED_EDGE('',*,*,#1815,.T.);
#2930=ORIENTED_EDGE('',*,*,#1910,.F.);
#2931=ORIENTED_EDGE('',*,*,#2084,.T.);
#2932=ORIENTED_EDGE('',*,*,#2010,.F.);
#2933=ORIENTED_EDGE('',*,*,#2084,.F.);
#2934=ORIENTED_EDGE('',*,*,#1909,.T.);
#2935=ORIENTED_EDGE('',*,*,#2085,.F.);
#2936=ORIENTED_EDGE('',*,*,#2012,.F.);
#2937=ORIENTED_EDGE('',*,*,#2026,.F.);
#2938=ORIENTED_EDGE('',*,*,#2085,.T.);
#2939=ORIENTED_EDGE('',*,*,#1908,.F.);
#2940=ORIENTED_EDGE('',*,*,#2045,.T.);
#2941=ORIENTED_EDGE('',*,*,#2021,.F.);
#2942=ORIENTED_EDGE('',*,*,#2055,.F.);
#2943=ORIENTED_EDGE('',*,*,#1837,.T.);
#2944=ORIENTED_EDGE('',*,*,#1922,.F.);
#2945=ORIENTED_EDGE('',*,*,#2086,.T.);
#2946=ORIENTED_EDGE('',*,*,#2074,.F.);
#2947=ORIENTED_EDGE('',*,*,#2087,.T.);
#2948=ORIENTED_EDGE('',*,*,#1920,.F.);
#2949=ORIENTED_EDGE('',*,*,#2083,.T.);
#2950=ORIENTED_EDGE('',*,*,#2066,.F.);
#2951=ORIENTED_EDGE('',*,*,#2057,.F.);
#2952=ORIENTED_EDGE('',*,*,#2086,.F.);
#2953=ORIENTED_EDGE('',*,*,#1921,.T.);
#2954=ORIENTED_EDGE('',*,*,#2087,.F.);
#2955=ORIENTED_EDGE('',*,*,#2059,.F.);
#2956=ORIENTED_EDGE('',*,*,#2025,.F.);
#2957=ORIENTED_EDGE('',*,*,#1864,.F.);
#2958=ORIENTED_EDGE('',*,*,#2088,.T.);
#2959=ORIENTED_EDGE('',*,*,#2089,.T.);
#2960=ORIENTED_EDGE('',*,*,#2088,.F.);
#2961=ORIENTED_EDGE('',*,*,#1863,.F.);
#2962=ORIENTED_EDGE('',*,*,#2011,.F.);
#2963=ORIENTED_EDGE('',*,*,#2089,.F.);
#2964=ORIENTED_EDGE('',*,*,#1879,.F.);
#2965=ORIENTED_EDGE('',*,*,#2090,.T.);
#2966=ORIENTED_EDGE('',*,*,#2091,.T.);
#2967=ORIENTED_EDGE('',*,*,#2090,.F.);
#2968=ORIENTED_EDGE('',*,*,#2091,.F.);
#2969=ORIENTED_EDGE('',*,*,#2073,.F.);
#2970=ORIENTED_EDGE('',*,*,#2030,.F.);
#2971=ORIENTED_EDGE('',*,*,#2092,.T.);
#2972=ORIENTED_EDGE('',*,*,#2093,.T.);
#2973=ORIENTED_EDGE('',*,*,#2092,.F.);
#2974=ORIENTED_EDGE('',*,*,#2029,.F.);
#2975=ORIENTED_EDGE('',*,*,#2058,.F.);
#2976=ORIENTED_EDGE('',*,*,#2093,.F.);
#2977=ORIENTED_EDGE('',*,*,#2039,.F.);
#2978=ORIENTED_EDGE('',*,*,#2094,.T.);
#2979=ORIENTED_EDGE('',*,*,#2095,.T.);
#2980=ORIENTED_EDGE('',*,*,#2094,.F.);
#2981=ORIENTED_EDGE('',*,*,#2095,.F.);
#2982=ORIENTED_EDGE('',*,*,#2016,.F.);
#2983=ORIENTED_EDGE('',*,*,#2038,.T.);
#2984=ORIENTED_EDGE('',*,*,#2096,.T.);
#2985=ORIENTED_EDGE('',*,*,#2097,.T.);
#2986=ORIENTED_EDGE('',*,*,#2098,.T.);
#2987=ORIENTED_EDGE('',*,*,#1868,.T.);
#2988=ORIENTED_EDGE('',*,*,#2099,.T.);
#2989=ORIENTED_EDGE('',*,*,#1869,.T.);
#2990=ORIENTED_EDGE('',*,*,#2098,.F.);
#2991=ORIENTED_EDGE('',*,*,#2100,.T.);
#2992=ORIENTED_EDGE('',*,*,#2101,.T.);
#2993=ORIENTED_EDGE('',*,*,#1870,.T.);
#2994=ORIENTED_EDGE('',*,*,#2099,.F.);
#2995=ORIENTED_EDGE('',*,*,#2102,.T.);
#2996=ORIENTED_EDGE('',*,*,#2103,.T.);
#2997=ORIENTED_EDGE('',*,*,#1871,.T.);
#2998=ORIENTED_EDGE('',*,*,#2101,.F.);
#2999=ORIENTED_EDGE('',*,*,#2104,.T.);
#3000=ORIENTED_EDGE('',*,*,#2061,.F.);
#3001=ORIENTED_EDGE('',*,*,#1872,.T.);
#3002=ORIENTED_EDGE('',*,*,#2103,.F.);
#3003=ORIENTED_EDGE('',*,*,#2105,.T.);
#3004=ORIENTED_EDGE('',*,*,#2106,.T.);
#3005=ORIENTED_EDGE('',*,*,#2034,.T.);
#3006=ORIENTED_EDGE('',*,*,#2107,.T.);
#3007=ORIENTED_EDGE('',*,*,#2035,.T.);
#3008=ORIENTED_EDGE('',*,*,#2106,.F.);
#3009=ORIENTED_EDGE('',*,*,#2108,.T.);
#3010=ORIENTED_EDGE('',*,*,#2109,.T.);
#3011=ORIENTED_EDGE('',*,*,#2036,.T.);
#3012=ORIENTED_EDGE('',*,*,#2107,.F.);
#3013=ORIENTED_EDGE('',*,*,#2110,.T.);
#3014=ORIENTED_EDGE('',*,*,#2096,.F.);
#3015=ORIENTED_EDGE('',*,*,#2037,.T.);
#3016=ORIENTED_EDGE('',*,*,#2109,.F.);
#3017=ORIENTED_EDGE('',*,*,#2111,.T.);
#3018=ORIENTED_EDGE('',*,*,#2104,.F.);
#3019=ORIENTED_EDGE('',*,*,#2112,.T.);
#3020=ORIENTED_EDGE('',*,*,#1974,.T.);
#3021=ORIENTED_EDGE('',*,*,#2113,.F.);
#3022=ORIENTED_EDGE('',*,*,#2102,.F.);
#3023=ORIENTED_EDGE('',*,*,#2114,.T.);
#3024=ORIENTED_EDGE('',*,*,#1975,.T.);
#3025=ORIENTED_EDGE('',*,*,#2112,.F.);
#3026=ORIENTED_EDGE('',*,*,#2100,.F.);
#3027=ORIENTED_EDGE('',*,*,#2115,.T.);
#3028=ORIENTED_EDGE('',*,*,#1976,.T.);
#3029=ORIENTED_EDGE('',*,*,#2114,.F.);
#3030=ORIENTED_EDGE('',*,*,#2097,.F.);
#3031=ORIENTED_EDGE('',*,*,#2116,.T.);
#3032=ORIENTED_EDGE('',*,*,#1977,.T.);
#3033=ORIENTED_EDGE('',*,*,#2115,.F.);
#3034=ORIENTED_EDGE('',*,*,#2108,.F.);
#3035=ORIENTED_EDGE('',*,*,#2117,.T.);
#3036=ORIENTED_EDGE('',*,*,#1972,.T.);
#3037=ORIENTED_EDGE('',*,*,#2118,.F.);
#3038=ORIENTED_EDGE('',*,*,#2105,.F.);
#3039=ORIENTED_EDGE('',*,*,#2113,.T.);
#3040=ORIENTED_EDGE('',*,*,#1973,.T.);
#3041=ORIENTED_EDGE('',*,*,#2117,.F.);
#3042=ORIENTED_EDGE('',*,*,#2111,.F.);
#3043=ORIENTED_EDGE('',*,*,#2119,.T.);
#3044=ORIENTED_EDGE('',*,*,#1978,.T.);
#3045=ORIENTED_EDGE('',*,*,#2116,.F.);
#3046=ORIENTED_EDGE('',*,*,#2110,.F.);
#3047=ORIENTED_EDGE('',*,*,#2118,.T.);
#3048=ORIENTED_EDGE('',*,*,#1971,.T.);
#3049=ORIENTED_EDGE('',*,*,#2119,.F.);
#3050=ORIENTED_EDGE('',*,*,#1969,.T.);
#3051=ORIENTED_EDGE('',*,*,#2120,.T.);
#3052=ORIENTED_EDGE('',*,*,#2121,.F.);
#3053=ORIENTED_EDGE('',*,*,#1980,.T.);
#3054=ORIENTED_EDGE('',*,*,#1968,.T.);
#3055=ORIENTED_EDGE('',*,*,#2122,.F.);
#3056=ORIENTED_EDGE('',*,*,#2123,.F.);
#3057=ORIENTED_EDGE('',*,*,#2120,.F.);
#3058=ORIENTED_EDGE('',*,*,#1967,.T.);
#3059=ORIENTED_EDGE('',*,*,#1992,.T.);
#3060=ORIENTED_EDGE('',*,*,#2124,.F.);
#3061=ORIENTED_EDGE('',*,*,#2122,.T.);
#3062=ORIENTED_EDGE('',*,*,#2125,.T.);
#3063=ORIENTED_EDGE('',*,*,#1981,.T.);
#3064=ORIENTED_EDGE('',*,*,#2126,.T.);
#3065=ORIENTED_EDGE('',*,*,#2127,.T.);
#3066=ORIENTED_EDGE('',*,*,#2128,.T.);
#3067=ORIENTED_EDGE('',*,*,#2129,.T.);
#3068=ORIENTED_EDGE('',*,*,#2130,.T.);
#3069=ORIENTED_EDGE('',*,*,#2131,.T.);
#3070=ORIENTED_EDGE('',*,*,#2130,.F.);
#3071=ORIENTED_EDGE('',*,*,#2132,.T.);
#3072=ORIENTED_EDGE('',*,*,#2125,.F.);
#3073=ORIENTED_EDGE('',*,*,#2133,.T.);
#3074=ORIENTED_EDGE('',*,*,#1991,.T.);
#3075=ORIENTED_EDGE('',*,*,#2134,.T.);
#3076=ORIENTED_EDGE('',*,*,#2135,.T.);
#3077=ORIENTED_EDGE('',*,*,#2134,.F.);
#3078=ORIENTED_EDGE('',*,*,#2136,.T.);
#3079=ORIENTED_EDGE('',*,*,#2128,.F.);
#3080=ORIENTED_EDGE('',*,*,#2137,.T.);
#3081=ORIENTED_EDGE('',*,*,#2123,.T.);
#3082=ORIENTED_EDGE('',*,*,#2138,.T.);
#3083=ORIENTED_EDGE('',*,*,#2139,.T.);
#3084=ORIENTED_EDGE('',*,*,#2138,.F.);
#3085=ORIENTED_EDGE('',*,*,#2124,.T.);
#3086=ORIENTED_EDGE('',*,*,#2133,.F.);
#3087=ORIENTED_EDGE('',*,*,#2126,.F.);
#3088=ORIENTED_EDGE('',*,*,#2121,.T.);
#3089=ORIENTED_EDGE('',*,*,#2137,.F.);
#3090=ORIENTED_EDGE('',*,*,#1951,.T.);
#3091=ORIENTED_EDGE('',*,*,#2140,.T.);
#3092=ORIENTED_EDGE('',*,*,#2136,.F.);
#3093=ORIENTED_EDGE('',*,*,#1990,.T.);
#3094=ORIENTED_EDGE('',*,*,#2127,.F.);
#3095=ORIENTED_EDGE('',*,*,#2139,.F.);
#3096=ORIENTED_EDGE('',*,*,#2135,.F.);
#3097=ORIENTED_EDGE('',*,*,#2131,.F.);
#3098=ORIENTED_EDGE('',*,*,#1950,.T.);
#3099=ORIENTED_EDGE('',*,*,#2141,.F.);
#3100=ORIENTED_EDGE('',*,*,#2129,.F.);
#3101=ORIENTED_EDGE('',*,*,#2140,.F.);
#3102=ORIENTED_EDGE('',*,*,#1949,.T.);
#3103=ORIENTED_EDGE('',*,*,#1982,.T.);
#3104=ORIENTED_EDGE('',*,*,#2132,.F.);
#3105=ORIENTED_EDGE('',*,*,#2141,.T.);
#3106=CYLINDRICAL_SURFACE('',#3377,2.);
#3107=CYLINDRICAL_SURFACE('',#3381,2.);
#3108=CYLINDRICAL_SURFACE('',#3385,2.);
#3109=CYLINDRICAL_SURFACE('',#3389,2.);
#3110=CYLINDRICAL_SURFACE('',#3393,2.);
#3111=CYLINDRICAL_SURFACE('',#3397,2.);
#3112=CYLINDRICAL_SURFACE('',#3404,2.);
#3113=CYLINDRICAL_SURFACE('',#3407,2.);
#3114=CYLINDRICAL_SURFACE('',#3416,0.5);
#3115=CYLINDRICAL_SURFACE('',#3433,0.5);
#3116=CYLINDRICAL_SURFACE('',#3442,0.5);
#3117=CYLINDRICAL_SURFACE('',#3444,2.);
#3118=CYLINDRICAL_SURFACE('',#3446,0.5);
#3119=CYLINDRICAL_SURFACE('',#3451,0.5);
#3120=CYLINDRICAL_SURFACE('',#3453,2.);
#3121=CYLINDRICAL_SURFACE('',#3466,0.5);
#3122=CYLINDRICAL_SURFACE('',#3469,2.);
#3123=CYLINDRICAL_SURFACE('',#3471,0.5);
#3124=CYLINDRICAL_SURFACE('',#3478,2.);
#3125=CYLINDRICAL_SURFACE('',#3493,2.);
#3126=CYLINDRICAL_SURFACE('',#3511,3.);
#3127=CYLINDRICAL_SURFACE('',#3519,3.);
#3128=CYLINDRICAL_SURFACE('',#3524,2.);
#3129=CYLINDRICAL_SURFACE('',#3579,3.);
#3130=CYLINDRICAL_SURFACE('',#3582,3.);
#3131=CYLINDRICAL_SURFACE('',#3588,3.);
#3132=CYLINDRICAL_SURFACE('',#3596,3.);
#3133=CYLINDRICAL_SURFACE('',#3598,3.);
#3134=CYLINDRICAL_SURFACE('',#3600,3.);
#3135=CYLINDRICAL_SURFACE('',#3608,3.);
#3136=CYLINDRICAL_SURFACE('',#3620,2.);
#3137=CYLINDRICAL_SURFACE('',#3622,2.);
#3138=CYLINDRICAL_SURFACE('',#3630,3.);
#3139=CYLINDRICAL_SURFACE('',#3635,3.);
#3140=CYLINDRICAL_SURFACE('',#3639,3.);
#3141=CYLINDRICAL_SURFACE('',#3641,3.);
#3142=CYLINDRICAL_SURFACE('',#3649,3.);
#3143=CYLINDRICAL_SURFACE('',#3650,3.);
#3144=CYLINDRICAL_SURFACE('',#3654,2.);
#3145=CYLINDRICAL_SURFACE('',#3656,2.);
#3146=CYLINDRICAL_SURFACE('',#3657,2.);
#3147=CYLINDRICAL_SURFACE('',#3661,2.);
#3148=CYLINDRICAL_SURFACE('',#3663,2.);
#3149=CYLINDRICAL_SURFACE('',#3664,2.);
#3150=CYLINDRICAL_SURFACE('',#3665,2.);
#3151=CYLINDRICAL_SURFACE('',#3667,3.);
#3152=CYLINDRICAL_SURFACE('',#3670,3.);
#3153=CYLINDRICAL_SURFACE('',#3673,3.);
#3154=CYLINDRICAL_SURFACE('',#3676,3.);
#3155=CYLINDRICAL_SURFACE('',#3691,4.7);
#3156=CYLINDRICAL_SURFACE('',#3693,4.7);
#3157=CYLINDRICAL_SURFACE('',#3695,4.7);
#3158=CYLINDRICAL_SURFACE('',#3697,4.7);
#3159=CYLINDRICAL_SURFACE('',#3699,6.);
#3160=CYLINDRICAL_SURFACE('',#3702,6.);
#3161=CYLINDRICAL_SURFACE('',#3714,6.);
#3162=CYLINDRICAL_SURFACE('',#3717,6.);
#3163=ADVANCED_FACE('',(#385),#3106,.F.);
#3164=ADVANCED_FACE('',(#386),#324,.F.);
#3165=ADVANCED_FACE('',(#387),#3107,.F.);
#3166=ADVANCED_FACE('',(#388),#325,.F.);
#3167=ADVANCED_FACE('',(#389),#3108,.F.);
#3168=ADVANCED_FACE('',(#390),#326,.F.);
#3169=ADVANCED_FACE('',(#391),#3109,.F.);
#3170=ADVANCED_FACE('',(#392),#327,.F.);
#3171=ADVANCED_FACE('',(#393),#3110,.F.);
#3172=ADVANCED_FACE('',(#394),#328,.F.);
#3173=ADVANCED_FACE('',(#395),#3111,.F.);
#3174=ADVANCED_FACE('',(#396),#329,.F.);
#3175=ADVANCED_FACE('',(#397),#330,.F.);
#3176=ADVANCED_FACE('',(#398),#3112,.F.);
#3177=ADVANCED_FACE('',(#399),#331,.F.);
#3178=ADVANCED_FACE('',(#400),#3113,.F.);
#3179=ADVANCED_FACE('',(#401),#332,.F.);
#3180=ADVANCED_FACE('',(#402),#333,.F.);
#3181=ADVANCED_FACE('',(#403),#301,.T.);
#3182=ADVANCED_FACE('',(#404),#201,.F.);
#3183=ADVANCED_FACE('',(#405),#3114,.F.);
#3184=ADVANCED_FACE('',(#406),#302,.T.);
#3185=ADVANCED_FACE('',(#407),#334,.F.);
#3186=ADVANCED_FACE('',(#408),#303,.F.);
#3187=ADVANCED_FACE('',(#409),#304,.T.);
#3188=ADVANCED_FACE('',(#410),#305,.T.);
#3189=ADVANCED_FACE('',(#411),#306,.T.);
#3190=ADVANCED_FACE('',(#412),#307,.T.);
#3191=ADVANCED_FACE('',(#413),#308,.T.);
#3192=ADVANCED_FACE('',(#414),#202,.T.);
#3193=ADVANCED_FACE('',(#415),#335,.F.);
#3194=ADVANCED_FACE('',(#416),#309,.F.);
#3195=ADVANCED_FACE('',(#417),#3115,.T.);
#3196=ADVANCED_FACE('',(#418),#203,.T.);
#3197=ADVANCED_FACE('',(#419),#199,.T.);
#3198=ADVANCED_FACE('',(#420),#336,.F.);
#3199=ADVANCED_FACE('',(#421),#3116,.T.);
#3200=ADVANCED_FACE('',(#422),#3117,.F.);
#3201=ADVANCED_FACE('',(#423),#3118,.T.);
#3202=ADVANCED_FACE('',(#424),#200,.T.);
#3203=ADVANCED_FACE('',(#425),#337,.F.);
#3204=ADVANCED_FACE('',(#426),#3119,.T.);
#3205=ADVANCED_FACE('',(#427),#3120,.F.);
#3206=ADVANCED_FACE('',(#428),#310,.F.);
#3207=ADVANCED_FACE('',(#429),#311,.F.);
#3208=ADVANCED_FACE('',(#430),#204,.T.);
#3209=ADVANCED_FACE('',(#431),#205,.T.);
#3210=ADVANCED_FACE('',(#432),#312,.F.);
#3211=ADVANCED_FACE('',(#433),#313,.F.);
#3212=ADVANCED_FACE('',(#434),#20,.F.);
#3213=ADVANCED_FACE('',(#435),#314,.F.);
#3214=ADVANCED_FACE('',(#436),#21,.F.);
#3215=ADVANCED_FACE('',(#437),#3121,.T.);
#3216=ADVANCED_FACE('',(#438),#338,.F.);
#3217=ADVANCED_FACE('',(#439),#3122,.F.);
#3218=ADVANCED_FACE('',(#440),#3123,.T.);
#3219=ADVANCED_FACE('',(#441),#315,.F.);
#3220=ADVANCED_FACE('',(#442),#316,.F.);
#3221=ADVANCED_FACE('',(#443),#206,.T.);
#3222=ADVANCED_FACE('',(#444),#3124,.F.);
#3223=ADVANCED_FACE('',(#445),#339,.F.);
#3224=ADVANCED_FACE('',(#446),#340,.F.);
#3225=ADVANCED_FACE('',(#447),#317,.F.);
#3226=ADVANCED_FACE('',(#448),#341,.T.);
#3227=ADVANCED_FACE('',(#449),#342,.F.);
#3228=ADVANCED_FACE('',(#450),#343,.T.);
#3229=ADVANCED_FACE('',(#451),#344,.F.);
#3230=ADVANCED_FACE('',(#452),#345,.F.);
#3231=ADVANCED_FACE('',(#453),#346,.F.);
#3232=ADVANCED_FACE('',(#454),#347,.F.);
#3233=ADVANCED_FACE('',(#455),#3125,.F.);
#3234=ADVANCED_FACE('',(#456),#207,.T.);
#3235=ADVANCED_FACE('',(#457,#15,#16),#348,.T.);
#3236=ADVANCED_FACE('',(#458),#3126,.T.);
#3237=ADVANCED_FACE('',(#459),#22,.F.);
#3238=ADVANCED_FACE('',(#460),#318,.F.);
#3239=ADVANCED_FACE('',(#461),#349,.F.);
#3240=ADVANCED_FACE('',(#462),#350,.F.);
#3241=ADVANCED_FACE('',(#463),#319,.F.);
#3242=ADVANCED_FACE('',(#464),#3127,.T.);
#3243=ADVANCED_FACE('',(#465),#208,.T.);
#3244=ADVANCED_FACE('',(#466),#3128,.F.);
#3245=ADVANCED_FACE('',(#467),#351,.F.);
#3246=ADVANCED_FACE('',(#468),#23,.F.);
#3247=ADVANCED_FACE('',(#469),#24,.F.);
#3248=ADVANCED_FACE('',(#470),#25,.F.);
#3249=ADVANCED_FACE('',(#471),#26,.F.);
#3250=ADVANCED_FACE('',(#472),#27,.F.);
#3251=ADVANCED_FACE('',(#473),#28,.F.);
#3252=ADVANCED_FACE('',(#474,#17),#352,.T.);
#3253=ADVANCED_FACE('',(#475),#29,.F.);
#3254=ADVANCED_FACE('',(#476),#353,.T.);
#3255=ADVANCED_FACE('',(#477),#30,.F.);
#3256=ADVANCED_FACE('',(#478),#31,.F.);
#3257=ADVANCED_FACE('',(#479),#32,.F.);
#3258=ADVANCED_FACE('',(#480),#33,.F.);
#3259=ADVANCED_FACE('',(#481),#34,.F.);
#3260=ADVANCED_FACE('',(#482),#35,.F.);
#3261=ADVANCED_FACE('',(#483),#36,.F.);
#3262=ADVANCED_FACE('',(#484),#354,.T.);
#3263=ADVANCED_FACE('',(#485),#320,.F.);
#3264=ADVANCED_FACE('',(#486),#321,.F.);
#3265=ADVANCED_FACE('',(#487),#322,.F.);
#3266=ADVANCED_FACE('',(#488),#3129,.T.);
#3267=ADVANCED_FACE('',(#489),#37,.F.);
#3268=ADVANCED_FACE('',(#490),#3130,.T.);
#3269=ADVANCED_FACE('',(#491),#209,.T.);
#3270=ADVANCED_FACE('',(#492),#3131,.T.);
#3271=ADVANCED_FACE('',(#493),#210,.T.);
#3272=ADVANCED_FACE('',(#494),#211,.T.);
#3273=ADVANCED_FACE('',(#495),#3132,.T.);
#3274=ADVANCED_FACE('',(#496),#3133,.T.);
#3275=ADVANCED_FACE('',(#497),#3134,.T.);
#3276=ADVANCED_FACE('',(#498),#212,.T.);
#3277=ADVANCED_FACE('',(#499),#213,.T.);
#3278=ADVANCED_FACE('',(#500),#3135,.T.);
#3279=ADVANCED_FACE('',(#501),#214,.T.);
#3280=ADVANCED_FACE('',(#502,#18,#19),#355,.T.);
#3281=ADVANCED_FACE('',(#503),#3136,.F.);
#3282=ADVANCED_FACE('',(#504),#356,.F.);
#3283=ADVANCED_FACE('',(#505),#3137,.F.);
#3284=ADVANCED_FACE('',(#506),#357,.F.);
#3285=ADVANCED_FACE('',(#507),#358,.F.);
#3286=ADVANCED_FACE('',(#508),#38,.F.);
#3287=ADVANCED_FACE('',(#509),#359,.F.);
#3288=ADVANCED_FACE('',(#510),#215,.T.);
#3289=ADVANCED_FACE('',(#511),#3138,.T.);
#3290=ADVANCED_FACE('',(#512),#216,.T.);
#3291=ADVANCED_FACE('',(#513),#3139,.T.);
#3292=ADVANCED_FACE('',(#514),#217,.T.);
#3293=ADVANCED_FACE('',(#515),#3140,.T.);
#3294=ADVANCED_FACE('',(#516),#3141,.T.);
#3295=ADVANCED_FACE('',(#517),#218,.T.);
#3296=ADVANCED_FACE('',(#518),#219,.T.);
#3297=ADVANCED_FACE('',(#519),#3142,.T.);
#3298=ADVANCED_FACE('',(#520),#3143,.T.);
#3299=ADVANCED_FACE('',(#521),#220,.T.);
#3300=ADVANCED_FACE('',(#522),#323,.F.);
#3301=ADVANCED_FACE('',(#523),#360,.F.);
#3302=ADVANCED_FACE('',(#524),#3144,.F.);
#3303=ADVANCED_FACE('',(#525),#361,.F.);
#3304=ADVANCED_FACE('',(#526),#3145,.F.);
#3305=ADVANCED_FACE('',(#527),#3146,.T.);
#3306=ADVANCED_FACE('',(#528),#362,.F.);
#3307=ADVANCED_FACE('',(#529),#39,.F.);
#3308=ADVANCED_FACE('',(#530),#363,.F.);
#3309=ADVANCED_FACE('',(#531),#3147,.F.);
#3310=ADVANCED_FACE('',(#532),#364,.F.);
#3311=ADVANCED_FACE('',(#533),#3148,.F.);
#3312=ADVANCED_FACE('',(#534),#3149,.F.);
#3313=ADVANCED_FACE('',(#535),#3150,.F.);
#3314=ADVANCED_FACE('',(#536),#365,.F.);
#3315=ADVANCED_FACE('',(#537),#3151,.F.);
#3316=ADVANCED_FACE('',(#538),#366,.T.);
#3317=ADVANCED_FACE('',(#539),#3152,.F.);
#3318=ADVANCED_FACE('',(#540),#367,.T.);
#3319=ADVANCED_FACE('',(#541),#3153,.F.);
#3320=ADVANCED_FACE('',(#542),#368,.T.);
#3321=ADVANCED_FACE('',(#543),#3154,.F.);
#3322=ADVANCED_FACE('',(#544),#369,.T.);
#3323=ADVANCED_FACE('',(#545),#370,.T.);
#3324=ADVANCED_FACE('',(#546),#40,.T.);
#3325=ADVANCED_FACE('',(#547),#371,.T.);
#3326=ADVANCED_FACE('',(#548),#41,.T.);
#3327=ADVANCED_FACE('',(#549),#372,.T.);
#3328=ADVANCED_FACE('',(#550),#42,.T.);
#3329=ADVANCED_FACE('',(#551),#373,.T.);
#3330=ADVANCED_FACE('',(#552),#43,.T.);
#3331=ADVANCED_FACE('',(#553),#3155,.T.);
#3332=ADVANCED_FACE('',(#554),#374,.F.);
#3333=ADVANCED_FACE('',(#555),#3156,.T.);
#3334=ADVANCED_FACE('',(#556),#375,.F.);
#3335=ADVANCED_FACE('',(#557),#3157,.T.);
#3336=ADVANCED_FACE('',(#558),#376,.F.);
#3337=ADVANCED_FACE('',(#559),#3158,.T.);
#3338=ADVANCED_FACE('',(#560),#377,.F.);
#3339=ADVANCED_FACE('',(#561),#3159,.T.);
#3340=ADVANCED_FACE('',(#562),#378,.T.);
#3341=ADVANCED_FACE('',(#563),#3160,.T.);
#3342=ADVANCED_FACE('',(#564),#379,.T.);
#3343=ADVANCED_FACE('',(#565),#380,.T.);
#3344=ADVANCED_FACE('',(#566),#44,.T.);
#3345=ADVANCED_FACE('',(#567),#381,.T.);
#3346=ADVANCED_FACE('',(#568),#45,.T.);
#3347=ADVANCED_FACE('',(#569),#382,.T.);
#3348=ADVANCED_FACE('',(#570),#46,.T.);
#3349=ADVANCED_FACE('',(#571),#47,.T.);
#3350=ADVANCED_FACE('',(#572),#3161,.T.);
#3351=ADVANCED_FACE('',(#573),#383,.F.);
#3352=ADVANCED_FACE('',(#574),#384,.T.);
#3353=ADVANCED_FACE('',(#575),#3162,.T.);
#3354=CLOSED_SHELL('',(#3163,#3164,#3165,#3166,#3167,#3168,#3169,#3170,
#3171,#3172,#3173,#3174,#3175,#3176,#3177,#3178,#3179,#3180,#3181,#3182,
#3183,#3184,#3185,#3186,#3187,#3188,#3189,#3190,#3191,#3192,#3193,#3194,
#3195,#3196,#3197,#3198,#3199,#3200,#3201,#3202,#3203,#3204,#3205,#3206,
#3207,#3208,#3209,#3210,#3211,#3212,#3213,#3214,#3215,#3216,#3217,#3218,
#3219,#3220,#3221,#3222,#3223,#3224,#3225,#3226,#3227,#3228,#3229,#3230,
#3231,#3232,#3233,#3234,#3235,#3236,#3237,#3238,#3239,#3240,#3241,#3242,
#3243,#3244,#3245,#3246,#3247,#3248,#3249,#3250,#3251,#3252,#3253,#3254,
#3255,#3256,#3257,#3258,#3259,#3260,#3261,#3262,#3263,#3264,#3265,#3266,
#3267,#3268,#3269,#3270,#3271,#3272,#3273,#3274,#3275,#3276,#3277,#3278,
#3279,#3280,#3281,#3282,#3283,#3284,#3285,#3286,#3287,#3288,#3289,#3290,
#3291,#3292,#3293,#3294,#3295,#3296,#3297,#3298,#3299,#3300,#3301,#3302,
#3303,#3304,#3305,#3306,#3307,#3308,#3309,#3310,#3311,#3312,#3313,#3314,
#3315,#3316,#3317,#3318,#3319,#3320,#3321,#3322,#3323,#3324,#3325,#3326,
#3327,#3328,#3329,#3330,#3331,#3332,#3333,#3334,#3335,#3336,#3337,#3338,
#3339,#3340,#3341,#3342,#3343,#3344,#3345,#3346,#3347,#3348,#3349,#3350,
#3351,#3352,#3353));
#3355=DERIVED_UNIT_ELEMENT(#3358,1.);
#3356=DERIVED_UNIT_ELEMENT(#6942,-3.);
#3357=DIMENSIONAL_EXPONENTS(0.,1.,0.,0.,0.,0.,0.);
#3358=(
CONVERSION_BASED_UNIT('gram',#3360)
MASS_UNIT()
NAMED_UNIT(#3357)
);
#3359=(
MASS_UNIT()
NAMED_UNIT(*)
SI_UNIT(.KILO.,.GRAM.)
);
#3360=MASS_MEASURE_WITH_UNIT(MASS_MEASURE(0.001),#3359);
#3361=DERIVED_UNIT((#3355,#3356));
#3362=MEASURE_REPRESENTATION_ITEM('density measure',
POSITIVE_RATIO_MEASURE(1.),#3361);
#3363=PROPERTY_DEFINITION_REPRESENTATION(#3368,#3365);
#3364=PROPERTY_DEFINITION_REPRESENTATION(#3369,#3366);
#3365=REPRESENTATION('material name',(#3367),#6939);
#3366=REPRESENTATION('density',(#3362),#6939);
#3367=DESCRIPTIVE_REPRESENTATION_ITEM('Generic','Generic');
#3368=PROPERTY_DEFINITION('material property','material name',#6949);
#3369=PROPERTY_DEFINITION('material property','density of part',#6949);
#3370=DATE_TIME_ROLE('creation_date');
#3371=APPLIED_DATE_AND_TIME_ASSIGNMENT(#3372,#3370,(#6949));
#3372=DATE_AND_TIME(#3373,#3374);
#3373=CALENDAR_DATE(2024,19,3);
#3374=LOCAL_TIME(0,0,0.,#3375);
#3375=COORDINATED_UNIVERSAL_TIME_OFFSET(0,0,.BEHIND.);
#3376=AXIS2_PLACEMENT_3D('',#4611,#3718,#3719);
#3377=AXIS2_PLACEMENT_3D('',#4612,#3720,#3721);
#3378=AXIS2_PLACEMENT_3D('',#4615,#3722,#3723);
#3379=AXIS2_PLACEMENT_3D('',#4619,#3725,#3726);
#3380=AXIS2_PLACEMENT_3D('',#4621,#3728,#3729);
#3381=AXIS2_PLACEMENT_3D('',#4627,#3733,#3734);
#3382=AXIS2_PLACEMENT_3D('',#4630,#3735,#3736);
#3383=AXIS2_PLACEMENT_3D('',#4634,#3738,#3739);
#3384=AXIS2_PLACEMENT_3D('',#4636,#3741,#3742);
#3385=AXIS2_PLACEMENT_3D('',#4639,#3745,#3746);
#3386=AXIS2_PLACEMENT_3D('',#4642,#3747,#3748);
#3387=AXIS2_PLACEMENT_3D('',#4646,#3750,#3751);
#3388=AXIS2_PLACEMENT_3D('',#4648,#3753,#3754);
#3389=AXIS2_PLACEMENT_3D('',#4651,#3757,#3758);
#3390=AXIS2_PLACEMENT_3D('',#4653,#3759,#3760);
#3391=AXIS2_PLACEMENT_3D('',#4655,#3761,#3762);
#3392=AXIS2_PLACEMENT_3D('',#4657,#3764,#3765);
#3393=AXIS2_PLACEMENT_3D('',#4660,#3768,#3769);
#3394=AXIS2_PLACEMENT_3D('',#4663,#3770,#3771);
#3395=AXIS2_PLACEMENT_3D('',#4667,#3773,#3774);
#3396=AXIS2_PLACEMENT_3D('',#4669,#3776,#3777);
#3397=AXIS2_PLACEMENT_3D('',#4675,#3781,#3782);
#3398=AXIS2_PLACEMENT_3D('',#4678,#3783,#3784);
#3399=AXIS2_PLACEMENT_3D('',#4682,#3786,#3787);
#3400=AXIS2_PLACEMENT_3D('',#4684,#3789,#3790);
#3401=AXIS2_PLACEMENT_3D('',#4689,#3793,#3794);
#3402=AXIS2_PLACEMENT_3D('',#4692,#3796,#3797);
#3403=AXIS2_PLACEMENT_3D('',#4693,#3798,#3799);
#3404=AXIS2_PLACEMENT_3D('',#4697,#3802,#3803);
#3405=AXIS2_PLACEMENT_3D('',#4699,#3804,#3805);
#3406=AXIS2_PLACEMENT_3D('',#4701,#3807,#3808);
#3407=AXIS2_PLACEMENT_3D('',#4705,#3811,#3812);
#3408=AXIS2_PLACEMENT_3D('',#4706,#3813,#3814);
#3409=AXIS2_PLACEMENT_3D('',#4707,#3815,#3816);
#3410=AXIS2_PLACEMENT_3D('',#4709,#3818,#3819);
#3411=AXIS2_PLACEMENT_3D('',#4756,#3820,#3821);
#3412=AXIS2_PLACEMENT_3D('',#4774,#3822,#3823);
#3413=AXIS2_PLACEMENT_3D('',#4777,#3824,#3825);
#3414=AXIS2_PLACEMENT_3D('',#4778,#3826,#3827);
#3415=AXIS2_PLACEMENT_3D('',#4779,#3828,#3829);
#3416=AXIS2_PLACEMENT_3D('',#4780,#3830,#3831);
#3417=AXIS2_PLACEMENT_3D('',#4783,#3832,#3833);
#3418=AXIS2_PLACEMENT_3D('',#4843,#3836,#3837);
#3419=AXIS2_PLACEMENT_3D('',#4855,#3838,#3839);
#3420=AXIS2_PLACEMENT_3D('',#4934,#3843,#3844);
#3421=AXIS2_PLACEMENT_3D('',#4961,#3845,#3846);
#3422=AXIS2_PLACEMENT_3D('',#4997,#3847,#3848);
#3423=AXIS2_PLACEMENT_3D('',#5004,#3849,#3850);
#3424=AXIS2_PLACEMENT_3D('',#5031,#3851,#3852);
#3425=AXIS2_PLACEMENT_3D('',#5132,#3853,#3854);
#3426=AXIS2_PLACEMENT_3D('',#5134,#3855,#3856);
#3427=AXIS2_PLACEMENT_3D('',#5136,#3857,#3858);
#3428=AXIS2_PLACEMENT_3D('',#5137,#3859,#3860);
#3429=AXIS2_PLACEMENT_3D('',#5138,#3861,#3862);
#3430=AXIS2_PLACEMENT_3D('',#5147,#3863,#3864);
#3431=AXIS2_PLACEMENT_3D('',#5184,#3868,#3869);
#3432=AXIS2_PLACEMENT_3D('',#5192,#3870,#3871);
#3433=AXIS2_PLACEMENT_3D('',#5193,#3872,#3873);
#3434=AXIS2_PLACEMENT_3D('',#5197,#3875,#3876);
#3435=AXIS2_PLACEMENT_3D('',#5199,#3878,#3879);
#3436=AXIS2_PLACEMENT_3D('',#5201,#3880,#3881);
#3437=AXIS2_PLACEMENT_3D('',#5202,#3882,#3883);
#3438=AXIS2_PLACEMENT_3D('',#5203,#3884,#3885);
#3439=AXIS2_PLACEMENT_3D('',#5204,#3886,#3887);
#3440=AXIS2_PLACEMENT_3D('',#5205,#3888,#3889);
#3441=AXIS2_PLACEMENT_3D('',#5206,#3890,#3891);
#3442=AXIS2_PLACEMENT_3D('',#5226,#3897,#3898);
#3443=AXIS2_PLACEMENT_3D('',#5229,#3900,#3901);
#3444=AXIS2_PLACEMENT_3D('',#5230,#3902,#3903);
#3445=AXIS2_PLACEMENT_3D('',#5231,#3904,#3905);
#3446=AXIS2_PLACEMENT_3D('',#5232,#3906,#3907);
#3447=AXIS2_PLACEMENT_3D('',#5235,#3909,#3910);
#3448=AXIS2_PLACEMENT_3D('',#5237,#3912,#3913);
#3449=AXIS2_PLACEMENT_3D('',#5238,#3914,#3915);
#3450=AXIS2_PLACEMENT_3D('',#5239,#3916,#3917);
#3451=AXIS2_PLACEMENT_3D('',#5279,#3923,#3924);
#3452=AXIS2_PLACEMENT_3D('',#5282,#3926,#3927);
#3453=AXIS2_PLACEMENT_3D('',#5283,#3928,#3929);
#3454=AXIS2_PLACEMENT_3D('',#5284,#3930,#3931);
#3455=AXIS2_PLACEMENT_3D('',#5315,#3932,#3933);
#3456=AXIS2_PLACEMENT_3D('',#5322,#3934,#3935);
#3457=AXIS2_PLACEMENT_3D('',#5405,#3936,#3937);
#3458=AXIS2_PLACEMENT_3D('',#5406,#3938,#3939);
#3459=AXIS2_PLACEMENT_3D('',#5407,#3940,#3941);
#3460=AXIS2_PLACEMENT_3D('',#5409,#3942,#3943);
#3461=AXIS2_PLACEMENT_3D('',#5410,#3944,#3945);
#3462=AXIS2_PLACEMENT_3D('',#5500,#3946,#3947);
#3463=AXIS2_PLACEMENT_3D('',#5506,#3948,#3949);
#3464=AXIS2_PLACEMENT_3D('',#5550,#3950,#3951);
#3465=AXIS2_PLACEMENT_3D('',#5563,#3952,#3953);
#3466=AXIS2_PLACEMENT_3D('',#5564,#3954,#3955);
#3467=AXIS2_PLACEMENT_3D('',#5568,#3957,#3958);
#3468=AXIS2_PLACEMENT_3D('',#5570,#3960,#3961);
#3469=AXIS2_PLACEMENT_3D('',#5578,#3966,#3967);
#3470=AXIS2_PLACEMENT_3D('',#5579,#3968,#3969);
#3471=AXIS2_PLACEMENT_3D('',#5580,#3970,#3971);
#3472=AXIS2_PLACEMENT_3D('',#5583,#3972,#3973);
#3473=AXIS2_PLACEMENT_3D('',#5587,#3975,#3976);
#3474=AXIS2_PLACEMENT_3D('',#5633,#3978,#3979);
#3475=AXIS2_PLACEMENT_3D('',#5671,#3980,#3981);
#3476=AXIS2_PLACEMENT_3D('',#5680,#3982,#3983);
#3477=AXIS2_PLACEMENT_3D('',#5681,#3984,#3985);
#3478=AXIS2_PLACEMENT_3D('',#5682,#3986,#3987);
#3479=AXIS2_PLACEMENT_3D('',#5683,#3988,#3989);
#3480=AXIS2_PLACEMENT_3D('',#5684,#3990,#3991);
#3481=AXIS2_PLACEMENT_3D('',#5686,#3992,#3993);
#3482=AXIS2_PLACEMENT_3D('',#5701,#3997,#3998);
#3483=AXIS2_PLACEMENT_3D('',#5766,#4003,#4004);
#3484=AXIS2_PLACEMENT_3D('',#5767,#4005,#4006);
#3485=AXIS2_PLACEMENT_3D('',#5769,#4007,#4008);
#3486=AXIS2_PLACEMENT_3D('',#5784,#4012,#4013);
#3487=AXIS2_PLACEMENT_3D('',#5785,#4014,#4015);
#3488=AXIS2_PLACEMENT_3D('',#5788,#4017,#4018);
#3489=AXIS2_PLACEMENT_3D('',#5789,#4019,#4020);
#3490=AXIS2_PLACEMENT_3D('',#5792,#4022,#4023);
#3491=AXIS2_PLACEMENT_3D('',#5793,#4024,#4025);
#3492=AXIS2_PLACEMENT_3D('',#5802,#4027,#4028);
#3493=AXIS2_PLACEMENT_3D('',#5811,#4030,#4031);
#3494=AXIS2_PLACEMENT_3D('',#5813,#4032,#4033);
#3495=AXIS2_PLACEMENT_3D('',#5816,#4035,#4036);
#3496=AXIS2_PLACEMENT_3D('',#5817,#4037,#4038);
#3497=AXIS2_PLACEMENT_3D('',#5819,#4039,#4040);
#3498=AXIS2_PLACEMENT_3D('',#5820,#4041,#4042);
#3499=AXIS2_PLACEMENT_3D('',#5821,#4043,#4044);
#3500=AXIS2_PLACEMENT_3D('',#5825,#4046,#4047);
#3501=AXIS2_PLACEMENT_3D('',#5829,#4049,#4050);
#3502=AXIS2_PLACEMENT_3D('',#5831,#4051,#4052);
#3503=AXIS2_PLACEMENT_3D('',#5833,#4053,#4054);
#3504=AXIS2_PLACEMENT_3D('',#5837,#4056,#4057);
#3505=AXIS2_PLACEMENT_3D('',#5841,#4059,#4060);
#3506=AXIS2_PLACEMENT_3D('',#5845,#4062,#4063);
#3507=AXIS2_PLACEMENT_3D('',#5849,#4065,#4066);
#3508=AXIS2_PLACEMENT_3D('',#5853,#4068,#4069);
#3509=AXIS2_PLACEMENT_3D('',#5857,#4071,#4072);
#3510=AXIS2_PLACEMENT_3D('',#5860,#4074,#4075);
#3511=AXIS2_PLACEMENT_3D('',#5861,#4076,#4077);
#3512=AXIS2_PLACEMENT_3D('',#5863,#4078,#4079);
#3513=AXIS2_PLACEMENT_3D('',#5865,#4081,#4082);
#3514=AXIS2_PLACEMENT_3D('',#5871,#4083,#4084);
#3515=AXIS2_PLACEMENT_3D('',#5929,#4085,#4086);
#3516=AXIS2_PLACEMENT_3D('',#5932,#4087,#4088);
#3517=AXIS2_PLACEMENT_3D('',#5958,#4092,#4093);
#3518=AXIS2_PLACEMENT_3D('',#5960,#4094,#4095);
#3519=AXIS2_PLACEMENT_3D('',#6047,#4098,#4099);
#3520=AXIS2_PLACEMENT_3D('',#6062,#4101,#4102);
#3521=AXIS2_PLACEMENT_3D('',#6064,#4103,#4104);
#3522=AXIS2_PLACEMENT_3D('',#6066,#4105,#4106);
#3523=AXIS2_PLACEMENT_3D('',#6067,#4107,#4108);
#3524=AXIS2_PLACEMENT_3D('',#6068,#4109,#4110);
#3525=AXIS2_PLACEMENT_3D('',#6070,#4111,#4112);
#3526=AXIS2_PLACEMENT_3D('',#6072,#4114,#4115);
#3527=AXIS2_PLACEMENT_3D('',#6076,#4117,#4118);
#3528=AXIS2_PLACEMENT_3D('',#6080,#4120,#4121);
#3529=AXIS2_PLACEMENT_3D('',#6083,#4123,#4124);
#3530=AXIS2_PLACEMENT_3D('',#6100,#4126,#4127);
#3531=AXIS2_PLACEMENT_3D('',#6104,#4129,#4130);
#3532=AXIS2_PLACEMENT_3D('',#6106,#4131,#4132);
#3533=AXIS2_PLACEMENT_3D('',#6110,#4134,#4135);
#3534=AXIS2_PLACEMENT_3D('',#6114,#4137,#4138);
#3535=AXIS2_PLACEMENT_3D('',#6117,#4140,#4141);
#3536=AXIS2_PLACEMENT_3D('',#6119,#4142,#4143);
#3537=AXIS2_PLACEMENT_3D('',#6146,#4144,#4145);
#3538=AXIS2_PLACEMENT_3D('',#6150,#4147,#4148);
#3539=AXIS2_PLACEMENT_3D('',#6152,#4150,#4151);
#3540=AXIS2_PLACEMENT_3D('',#6158,#4152,#4153);
#3541=AXIS2_PLACEMENT_3D('',#6159,#4154,#4155);
#3542=AXIS2_PLACEMENT_3D('',#6165,#4156,#4157);
#3543=AXIS2_PLACEMENT_3D('',#6166,#4158,#4159);
#3544=AXIS2_PLACEMENT_3D('',#6172,#4160,#4161);
#3545=AXIS2_PLACEMENT_3D('',#6173,#4162,#4163);
#3546=AXIS2_PLACEMENT_3D('',#6179,#4164,#4165);
#3547=AXIS2_PLACEMENT_3D('',#6180,#4166,#4167);
#3548=AXIS2_PLACEMENT_3D('',#6186,#4168,#4169);
#3549=AXIS2_PLACEMENT_3D('',#6187,#4170,#4171);
#3550=AXIS2_PLACEMENT_3D('',#6193,#4172,#4173);
#3551=AXIS2_PLACEMENT_3D('',#6194,#4174,#4175);
#3552=AXIS2_PLACEMENT_3D('',#6203,#4182,#4183);
#3553=AXIS2_PLACEMENT_3D('',#6207,#4185,#4186);
#3554=AXIS2_PLACEMENT_3D('',#6211,#4188,#4189);
#3555=AXIS2_PLACEMENT_3D('',#6215,#4191,#4192);
#3556=AXIS2_PLACEMENT_3D('',#6219,#4194,#4195);
#3557=AXIS2_PLACEMENT_3D('',#6223,#4197,#4198);
#3558=AXIS2_PLACEMENT_3D('',#6227,#4200,#4201);
#3559=AXIS2_PLACEMENT_3D('',#6231,#4203,#4204);
#3560=AXIS2_PLACEMENT_3D('',#6235,#4206,#4207);
#3561=AXIS2_PLACEMENT_3D('',#6239,#4209,#4210);
#3562=AXIS2_PLACEMENT_3D('',#6243,#4212,#4213);
#3563=AXIS2_PLACEMENT_3D('',#6247,#4215,#4216);
#3564=AXIS2_PLACEMENT_3D('',#6253,#4219,#4220);
#3565=AXIS2_PLACEMENT_3D('',#6257,#4222,#4223);
#3566=AXIS2_PLACEMENT_3D('',#6261,#4225,#4226);
#3567=AXIS2_PLACEMENT_3D('',#6264,#4228,#4229);
#3568=AXIS2_PLACEMENT_3D('',#6265,#4230,#4231);
#3569=AXIS2_PLACEMENT_3D('',#6269,#4232,#4233);
#3570=AXIS2_PLACEMENT_3D('',#6275,#4237,#4238);
#3571=AXIS2_PLACEMENT_3D('',#6279,#4239,#4240);
#3572=AXIS2_PLACEMENT_3D('',#6283,#4241,#4242);
#3573=AXIS2_PLACEMENT_3D('',#6287,#4243,#4244);
#3574=AXIS2_PLACEMENT_3D('',#6291,#4245,#4246);
#3575=AXIS2_PLACEMENT_3D('',#6295,#4247,#4248);
#3576=AXIS2_PLACEMENT_3D('',#6299,#4249,#4250);
#3577=AXIS2_PLACEMENT_3D('',#6303,#4251,#4252);
#3578=AXIS2_PLACEMENT_3D('',#6361,#4256,#4257);
#3579=AXIS2_PLACEMENT_3D('',#6378,#4258,#4259);
#3580=AXIS2_PLACEMENT_3D('',#6379,#4260,#4261);
#3581=AXIS2_PLACEMENT_3D('',#6380,#4262,#4263);
#3582=AXIS2_PLACEMENT_3D('',#6381,#4264,#4265);
#3583=AXIS2_PLACEMENT_3D('',#6384,#4266,#4267);
#3584=AXIS2_PLACEMENT_3D('',#6387,#4270,#4271);
#3585=AXIS2_PLACEMENT_3D('',#6390,#4272,#4273);
#3586=AXIS2_PLACEMENT_3D('',#6391,#4274,#4275);
#3587=AXIS2_PLACEMENT_3D('',#6392,#4276,#4277);
#3588=AXIS2_PLACEMENT_3D('',#6393,#4278,#4279);
#3589=AXIS2_PLACEMENT_3D('',#6396,#4280,#4281);
#3590=AXIS2_PLACEMENT_3D('',#6399,#4284,#4285);
#3591=AXIS2_PLACEMENT_3D('',#6400,#4286,#4287);
#3592=AXIS2_PLACEMENT_3D('',#6401,#4288,#4289);
#3593=AXIS2_PLACEMENT_3D('',#6402,#4290,#4291);
#3594=AXIS2_PLACEMENT_3D('',#6404,#4292,#4293);
#3595=AXIS2_PLACEMENT_3D('',#6405,#4294,#4295);
#3596=AXIS2_PLACEMENT_3D('',#6406,#4296,#4297);
#3597=AXIS2_PLACEMENT_3D('',#6408,#4298,#4299);
#3598=AXIS2_PLACEMENT_3D('',#6410,#4301,#4302);
#3599=AXIS2_PLACEMENT_3D('',#6420,#4304,#4305);
#3600=AXIS2_PLACEMENT_3D('',#6421,#4306,#4307);
#3601=AXIS2_PLACEMENT_3D('',#6430,#4309,#4310);
#3602=AXIS2_PLACEMENT_3D('',#6460,#4311,#4312);
#3603=AXIS2_PLACEMENT_3D('',#6461,#4313,#4314);
#3604=AXIS2_PLACEMENT_3D('',#6462,#4315,#4316);
#3605=AXIS2_PLACEMENT_3D('',#6464,#4317,#4318);
#3606=AXIS2_PLACEMENT_3D('',#6466,#4319,#4320);
#3607=AXIS2_PLACEMENT_3D('',#6467,#4321,#4322);
#3608=AXIS2_PLACEMENT_3D('',#6468,#4323,#4324);
#3609=AXIS2_PLACEMENT_3D('',#6477,#4326,#4327);
#3610=AXIS2_PLACEMENT_3D('',#6498,#4328,#4329);
#3611=AXIS2_PLACEMENT_3D('',#6499,#4330,#4331);
#3612=AXIS2_PLACEMENT_3D('',#6501,#4332,#4333);
#3613=AXIS2_PLACEMENT_3D('',#6505,#4335,#4336);
#3614=AXIS2_PLACEMENT_3D('',#6507,#4337,#4338);
#3615=AXIS2_PLACEMENT_3D('',#6509,#4339,#4340);
#3616=AXIS2_PLACEMENT_3D('',#6513,#4342,#4343);
#3617=AXIS2_PLACEMENT_3D('',#6517,#4345,#4346);
#3618=AXIS2_PLACEMENT_3D('',#6521,#4348,#4349);
#3619=AXIS2_PLACEMENT_3D('',#6524,#4351,#4352);
#3620=AXIS2_PLACEMENT_3D('',#6525,#4353,#4354);
#3621=AXIS2_PLACEMENT_3D('',#6527,#4356,#4357);
#3622=AXIS2_PLACEMENT_3D('',#6529,#4359,#4360);
#3623=AXIS2_PLACEMENT_3D('',#6531,#4362,#4363);
#3624=AXIS2_PLACEMENT_3D('',#6532,#4364,#4365);
#3625=AXIS2_PLACEMENT_3D('',#6536,#4366,#4367);
#3626=AXIS2_PLACEMENT_3D('',#6540,#4368,#4369);
#3627=AXIS2_PLACEMENT_3D('',#6542,#4371,#4372);
#3628=AXIS2_PLACEMENT_3D('',#6594,#4373,#4374);
#3629=AXIS2_PLACEMENT_3D('',#6595,#4375,#4376);
#3630=AXIS2_PLACEMENT_3D('',#6596,#4377,#4378);
#3631=AXIS2_PLACEMENT_3D('',#6598,#4379,#4380);
#3632=AXIS2_PLACEMENT_3D('',#6600,#4382,#4383);
#3633=AXIS2_PLACEMENT_3D('',#6602,#4384,#4385);
#3634=AXIS2_PLACEMENT_3D('',#6603,#4386,#4387);
#3635=AXIS2_PLACEMENT_3D('',#6604,#4388,#4389);
#3636=AXIS2_PLACEMENT_3D('',#6606,#4391,#4392);
#3637=AXIS2_PLACEMENT_3D('',#6608,#4393,#4394);
#3638=AXIS2_PLACEMENT_3D('',#6609,#4395,#4396);
#3639=AXIS2_PLACEMENT_3D('',#6610,#4397,#4398);
#3640=AXIS2_PLACEMENT_3D('',#6612,#4399,#4400);
#3641=AXIS2_PLACEMENT_3D('',#6614,#4402,#4403);
#3642=AXIS2_PLACEMENT_3D('',#6624,#4405,#4406);
#3643=AXIS2_PLACEMENT_3D('',#6625,#4407,#4408);
#3644=AXIS2_PLACEMENT_3D('',#6655,#4409,#4410);
#3645=AXIS2_PLACEMENT_3D('',#6668,#4411,#4412);
#3646=AXIS2_PLACEMENT_3D('',#6670,#4413,#4414);
#3647=AXIS2_PLACEMENT_3D('',#6672,#4415,#4416);
#3648=AXIS2_PLACEMENT_3D('',#6673,#4417,#4418);
#3649=AXIS2_PLACEMENT_3D('',#6674,#4419,#4420);
#3650=AXIS2_PLACEMENT_3D('',#6683,#4422,#4423);
#3651=AXIS2_PLACEMENT_3D('',#6742,#4425,#4426);
#3652=AXIS2_PLACEMENT_3D('',#6763,#4427,#4428);
#3653=AXIS2_PLACEMENT_3D('',#6794,#4429,#4430);
#3654=AXIS2_PLACEMENT_3D('',#6796,#4432,#4433);
#3655=AXIS2_PLACEMENT_3D('',#6798,#4435,#4436);
#3656=AXIS2_PLACEMENT_3D('',#6800,#4438,#4439);
#3657=AXIS2_PLACEMENT_3D('',#6802,#4441,#4442);
#3658=AXIS2_PLACEMENT_3D('',#6804,#4444,#4445);
#3659=AXIS2_PLACEMENT_3D('',#6808,#4446,#4447);
#3660=AXIS2_PLACEMENT_3D('',#6812,#4448,#4449);
#3661=AXIS2_PLACEMENT_3D('',#6814,#4451,#4452);
#3662=AXIS2_PLACEMENT_3D('',#6816,#4454,#4455);
#3663=AXIS2_PLACEMENT_3D('',#6818,#4457,#4458);
#3664=AXIS2_PLACEMENT_3D('',#6819,#4459,#4460);
#3665=AXIS2_PLACEMENT_3D('',#6821,#4462,#4463);
#3666=AXIS2_PLACEMENT_3D('',#6823,#4465,#4466);
#3667=AXIS2_PLACEMENT_3D('',#6824,#4467,#4468);
#3668=AXIS2_PLACEMENT_3D('',#6827,#4470,#4471);
#3669=AXIS2_PLACEMENT_3D('',#6828,#4472,#4473);
#3670=AXIS2_PLACEMENT_3D('',#6829,#4474,#4475);
#3671=AXIS2_PLACEMENT_3D('',#6832,#4477,#4478);
#3672=AXIS2_PLACEMENT_3D('',#6833,#4479,#4480);
#3673=AXIS2_PLACEMENT_3D('',#6834,#4481,#4482);
#3674=AXIS2_PLACEMENT_3D('',#6837,#4484,#4485);
#3675=AXIS2_PLACEMENT_3D('',#6838,#4486,#4487);
#3676=AXIS2_PLACEMENT_3D('',#6839,#4488,#4489);
#3677=AXIS2_PLACEMENT_3D('',#6842,#4491,#4492);
#3678=AXIS2_PLACEMENT_3D('',#6843,#4493,#4494);
#3679=AXIS2_PLACEMENT_3D('',#6844,#4495,#4496);
#3680=AXIS2_PLACEMENT_3D('',#6850,#4500,#4501);
#3681=AXIS2_PLACEMENT_3D('',#6853,#4503,#4504);
#3682=AXIS2_PLACEMENT_3D('',#6854,#4505,#4506);
#3683=AXIS2_PLACEMENT_3D('',#6858,#4509,#4510);
#3684=AXIS2_PLACEMENT_3D('',#6861,#4512,#4513);
#3685=AXIS2_PLACEMENT_3D('',#6862,#4514,#4515);
#3686=AXIS2_PLACEMENT_3D('',#6866,#4518,#4519);
#3687=AXIS2_PLACEMENT_3D('',#6869,#4521,#4522);
#3688=AXIS2_PLACEMENT_3D('',#6870,#4523,#4524);
#3689=AXIS2_PLACEMENT_3D('',#6874,#4527,#4528);
#3690=AXIS2_PLACEMENT_3D('',#6875,#4529,#4530);
#3691=AXIS2_PLACEMENT_3D('',#6876,#4531,#4532);
#3692=AXIS2_PLACEMENT_3D('',#6879,#4535,#4536);
#3693=AXIS2_PLACEMENT_3D('',#6881,#4538,#4539);
#3694=AXIS2_PLACEMENT_3D('',#6883,#4541,#4542);
#3695=AXIS2_PLACEMENT_3D('',#6885,#4544,#4545);
#3696=AXIS2_PLACEMENT_3D('',#6888,#4548,#4549);
#3697=AXIS2_PLACEMENT_3D('',#6889,#4550,#4551);
#3698=AXIS2_PLACEMENT_3D('',#6891,#4553,#4554);
#3699=AXIS2_PLACEMENT_3D('',#6892,#4555,#4556);
#3700=AXIS2_PLACEMENT_3D('',#6895,#4558,#4559);
#3701=AXIS2_PLACEMENT_3D('',#6896,#4560,#4561);
#3702=AXIS2_PLACEMENT_3D('',#6900,#4564,#4565);
#3703=AXIS2_PLACEMENT_3D('',#6901,#4566,#4567);
#3704=AXIS2_PLACEMENT_3D('',#6902,#4568,#4569);
#3705=AXIS2_PLACEMENT_3D('',#6908,#4573,#4574);
#3706=AXIS2_PLACEMENT_3D('',#6916,#4579,#4580);
#3707=AXIS2_PLACEMENT_3D('',#6917,#4581,#4582);
#3708=AXIS2_PLACEMENT_3D('',#6918,#4583,#4584);
#3709=AXIS2_PLACEMENT_3D('',#6923,#4588,#4589);
#3710=AXIS2_PLACEMENT_3D('',#6924,#4590,#4591);
#3711=AXIS2_PLACEMENT_3D('',#6925,#4592,#4593);
#3712=AXIS2_PLACEMENT_3D('',#6929,#4597,#4598);
#3713=AXIS2_PLACEMENT_3D('',#6930,#4599,#4600);
#3714=AXIS2_PLACEMENT_3D('',#6931,#4601,#4602);
#3715=AXIS2_PLACEMENT_3D('',#6933,#4604,#4605);
#3716=AXIS2_PLACEMENT_3D('',#6934,#4606,#4607);
#3717=AXIS2_PLACEMENT_3D('',#6936,#4609,#4610);
#3718=DIRECTION('axis',(0.,0.,1.));
#3719=DIRECTION('refdir',(1.,0.,0.));
#3720=DIRECTION('center_axis',(0.,-1.,0.));
#3721=DIRECTION('ref_axis',(-0.707106781186549,0.,-0.707106781186546));
#3722=DIRECTION('center_axis',(0.,1.,0.));
#3723=DIRECTION('ref_axis',(-0.707106781186549,0.,-0.707106781186546));
#3724=DIRECTION('',(0.,1.,0.));
#3725=DIRECTION('center_axis',(0.,1.,0.));
#3726=DIRECTION('ref_axis',(-0.707106781186549,0.,-0.707106781186546));
#3727=DIRECTION('',(0.,-1.,0.));
#3728=DIRECTION('center_axis',(-1.,0.,2.03932351699785E-16));
#3729=DIRECTION('ref_axis',(-2.03932351699785E-16,0.,-1.));
#3730=DIRECTION('',(-2.03932351699785E-16,0.,-1.));
#3731=DIRECTION('',(0.,1.,0.));
#3732=DIRECTION('',(-2.03932351699785E-16,0.,-1.));
#3733=DIRECTION('center_axis',(0.,-1.,0.));
#3734=DIRECTION('ref_axis',(0.707106781186549,0.,-0.707106781186546));
#3735=DIRECTION('center_axis',(0.,1.,0.));
#3736=DIRECTION('ref_axis',(0.707106781186549,0.,-0.707106781186546));
#3737=DIRECTION('',(0.,1.,0.));
#3738=DIRECTION('center_axis',(0.,1.,0.));
#3739=DIRECTION('ref_axis',(0.707106781186549,0.,-0.707106781186546));
#3740=DIRECTION('',(0.,-1.,0.));
#3741=DIRECTION('center_axis',(-2.03932351699785E-16,0.,-1.));
#3742=DIRECTION('ref_axis',(1.,0.,-2.03932351699785E-16));
#3743=DIRECTION('',(1.,0.,-2.03932351699785E-16));
#3744=DIRECTION('',(1.,0.,-2.03932351699785E-16));
#3745=DIRECTION('center_axis',(0.,-1.,0.));
#3746=DIRECTION('ref_axis',(0.707106781186549,0.,0.707106781186546));
#3747=DIRECTION('center_axis',(0.,1.,0.));
#3748=DIRECTION('ref_axis',(0.707106781186549,0.,0.707106781186546));
#3749=DIRECTION('',(0.,1.,0.));
#3750=DIRECTION('center_axis',(0.,1.,0.));
#3751=DIRECTION('ref_axis',(0.707106781186549,0.,0.707106781186546));
#3752=DIRECTION('',(0.,-1.,0.));
#3753=DIRECTION('center_axis',(1.,0.,-2.03932351699785E-16));
#3754=DIRECTION('ref_axis',(2.03932351699785E-16,0.,1.));
#3755=DIRECTION('',(2.03932351699785E-16,0.,1.));
#3756=DIRECTION('',(2.03932351699785E-16,0.,1.));
#3757=DIRECTION('center_axis',(0.,-1.,0.));
#3758=DIRECTION('ref_axis',(-0.707106781186549,0.,0.707106781186546));
#3759=DIRECTION('center_axis',(0.,1.,0.));
#3760=DIRECTION('ref_axis',(-0.707106781186549,0.,0.707106781186546));
#3761=DIRECTION('center_axis',(0.,1.,0.));
#3762=DIRECTION('ref_axis',(-0.707106781186549,0.,0.707106781186546));
#3763=DIRECTION('',(0.,-1.,0.));
#3764=DIRECTION('center_axis',(2.03932351699785E-16,0.,1.));
#3765=DIRECTION('ref_axis',(-1.,0.,2.03932351699785E-16));
#3766=DIRECTION('',(-1.,0.,2.03932351699785E-16));
#3767=DIRECTION('',(-1.,0.,2.03932351699785E-16));
#3768=DIRECTION('center_axis',(0.,-1.,0.));
#3769=DIRECTION('ref_axis',(0.707106781186549,0.,0.707106781186546));
#3770=DIRECTION('center_axis',(0.,1.,0.));
#3771=DIRECTION('ref_axis',(0.707106781186549,0.,0.707106781186546));
#3772=DIRECTION('',(0.,1.,0.));
#3773=DIRECTION('center_axis',(0.,1.,0.));
#3774=DIRECTION('ref_axis',(0.707106781186549,0.,0.707106781186546));
#3775=DIRECTION('',(0.,-1.,0.));
#3776=DIRECTION('center_axis',(2.03932351699785E-16,0.,1.));
#3777=DIRECTION('ref_axis',(-1.,0.,2.03932351699785E-16));
#3778=DIRECTION('',(-1.,0.,2.03932351699785E-16));
#3779=DIRECTION('',(0.,-1.,0.));
#3780=DIRECTION('',(-1.,0.,2.03932351699785E-16));
#3781=DIRECTION('center_axis',(0.,-1.,0.));
#3782=DIRECTION('ref_axis',(0.707106781186549,0.,-0.707106781186546));
#3783=DIRECTION('center_axis',(0.,1.,0.));
#3784=DIRECTION('ref_axis',(0.707106781186549,0.,-0.707106781186546));
#3785=DIRECTION('',(0.,1.,0.));
#3786=DIRECTION('center_axis',(0.,1.,0.));
#3787=DIRECTION('ref_axis',(0.707106781186549,0.,-0.707106781186546));
#3788=DIRECTION('',(0.,-1.,0.));
#3789=DIRECTION('center_axis',(0.,-1.,0.));
#3790=DIRECTION('ref_axis',(0.,0.,-1.));
#3791=DIRECTION('',(2.03932351699785E-16,0.,1.));
#3792=DIRECTION('',(1.,0.,-2.03932351699785E-16));
#3793=DIRECTION('center_axis',(0.,1.,0.));
#3794=DIRECTION('ref_axis',(-0.707106781186549,0.,-0.707106781186546));
#3795=DIRECTION('',(-2.03932351699785E-16,0.,-1.));
#3796=DIRECTION('center_axis',(0.,1.,0.));
#3797=DIRECTION('ref_axis',(-0.707106781186549,0.,0.707106781186546));
#3798=DIRECTION('center_axis',(-2.03932351699785E-16,0.,-1.));
#3799=DIRECTION('ref_axis',(1.,0.,-2.03932351699785E-16));
#3800=DIRECTION('',(1.,0.,-2.03932351699785E-16));
#3801=DIRECTION('',(0.,1.,0.));
#3802=DIRECTION('center_axis',(0.,-1.,0.));
#3803=DIRECTION('ref_axis',(-0.707106781186549,0.,-0.707106781186546));
#3804=DIRECTION('center_axis',(0.,1.,0.));
#3805=DIRECTION('ref_axis',(-0.707106781186549,0.,-0.707106781186546));
#3806=DIRECTION('',(0.,-1.,0.));
#3807=DIRECTION('center_axis',(-1.,0.,2.03932351699785E-16));
#3808=DIRECTION('ref_axis',(-2.03932351699785E-16,0.,-1.));
#3809=DIRECTION('',(-2.03932351699785E-16,0.,-1.));
#3810=DIRECTION('',(0.,1.,0.));
#3811=DIRECTION('center_axis',(0.,-1.,0.));
#3812=DIRECTION('ref_axis',(-0.707106781186549,0.,0.707106781186546));
#3813=DIRECTION('center_axis',(0.,1.,0.));
#3814=DIRECTION('ref_axis',(-0.707106781186549,0.,0.707106781186546));
#3815=DIRECTION('center_axis',(1.,0.,-2.03932351699785E-16));
#3816=DIRECTION('ref_axis',(2.03932351699785E-16,0.,1.));
#3817=DIRECTION('',(2.03932351699785E-16,0.,1.));
#3818=DIRECTION('center_axis',(0.,-1.,0.));
#3819=DIRECTION('ref_axis',(0.,0.,-1.));
#3820=DIRECTION('center_axis',(0.186539042344966,5.49786839642694E-14,-0.982447548564819));
#3821=DIRECTION('ref_axis',(-4.44089209850062E-14,-1.,-6.4392935428259E-14));
#3822=DIRECTION('center_axis',(0.,1.,0.));
#3823=DIRECTION('ref_axis',(0.,0.,1.));
#3824=DIRECTION('center_axis',(0.,0.,-1.));
#3825=DIRECTION('ref_axis',(0.,-1.,0.));
#3826=DIRECTION('center_axis',(0.,-1.,0.));
#3827=DIRECTION('ref_axis',(0.974430717921867,0.,0.224688174967609));
#3828=DIRECTION('center_axis',(0.,1.,0.));
#3829=DIRECTION('ref_axis',(0.974430717921867,0.,0.224688174967609));
#3830=DIRECTION('center_axis',(3.56881615474624E-16,0.,1.));
#3831=DIRECTION('ref_axis',(-0.707106781186546,-0.707106781186549,0.));
#3832=DIRECTION('center_axis',(0.,0.,-1.));
#3833=DIRECTION('ref_axis',(0.,-1.,0.));
#3834=DIRECTION('',(3.56881615474624E-16,0.,1.));
#3835=DIRECTION('',(-3.56881615474624E-16,0.,-1.));
#3836=DIRECTION('center_axis',(0.,-1.,0.));
#3837=DIRECTION('ref_axis',(0.,0.,-1.));
#3838=DIRECTION('center_axis',(0.,1.,0.));
#3839=DIRECTION('ref_axis',(0.709500408929631,0.,-0.704705023203812));
#3840=DIRECTION('',(1.,0.,-2.28160105373157E-16));
#3841=DIRECTION('',(-3.56881615474624E-16,0.,-1.));
#3842=DIRECTION('',(-1.,0.,3.56881615474624E-16));
#3843=DIRECTION('center_axis',(-0.976508336210913,-5.29348992381251E-15,
-0.215479626207663));
#3844=DIRECTION('ref_axis',(-4.44089209850062E-15,1.,-4.44089209850062E-15));
#3845=DIRECTION('center_axis',(-0.469368948150126,-7.78919358944522E-17,
-0.883002146380429));
#3846=DIRECTION('ref_axis',(0.726041916069691,-0.56913726552543,-0.385935109960324));
#3847=DIRECTION('center_axis',(0.262234593868811,0.291305171457603,0.919986040579158));
#3848=DIRECTION('ref_axis',(0.245249609869616,-0.942165666928998,0.228421726022368));
#3849=DIRECTION('center_axis',(-4.46444888704664E-15,-0.359103802780469,
-0.93329762607038));
#3850=DIRECTION('ref_axis',(1.,-6.66133814775093E-15,-2.22044604925031E-15));
#3851=DIRECTION('center_axis',(-1.25574417811666E-13,-0.44065279831089,
-0.897677621053785));
#3852=DIRECTION('ref_axis',(1.,0.,-1.3988810110277E-13));
#3853=DIRECTION('center_axis',(-1.,0.,3.56881615474624E-16));
#3854=DIRECTION('ref_axis',(5.9211894646675E-16,0.,1.));
#3855=DIRECTION('center_axis',(1.,0.,-3.56881615474624E-16));
#3856=DIRECTION('ref_axis',(-1.73472347597681E-16,-0.886668912517568,-0.462404843805634));
#3857=DIRECTION('center_axis',(0.,-0.819999999999994,0.572363520850176));
#3858=DIRECTION('ref_axis',(0.,0.572363520850176,0.819999999999994));
#3859=DIRECTION('center_axis',(-1.,0.,3.56881615474624E-16));
#3860=DIRECTION('ref_axis',(-1.65023787660646E-16,-0.886668912517568,-0.462404843805634));
#3861=DIRECTION('center_axis',(0.,-1.,0.));
#3862=DIRECTION('ref_axis',(0.,0.,-1.));
#3863=DIRECTION('center_axis',(0.,1.,0.));
#3864=DIRECTION('ref_axis',(0.475976416514682,0.,-0.8794580438667));
#3865=DIRECTION('',(-1.,0.,1.31618972797057E-16));
#3866=DIRECTION('',(3.56881615474624E-16,0.,1.));
#3867=DIRECTION('',(1.,0.,-2.8113379651041E-16));
#3868=DIRECTION('center_axis',(0.681555782335161,0.,-0.731766161806835));
#3869=DIRECTION('ref_axis',(-0.720648989539352,0.17364817766697,-0.671201418553962));
#3870=DIRECTION('center_axis',(-0.977613709868815,0.,-0.210407780931532));
#3871=DIRECTION('ref_axis',(-0.207211213955467,0.173648177666935,0.962761560929836));
#3872=DIRECTION('center_axis',(0.,-1.,0.));
#3873=DIRECTION('ref_axis',(0.707106781186549,0.,0.707106781186546));
#3874=DIRECTION('',(0.,1.,0.));
#3875=DIRECTION('center_axis',(0.,-1.,0.));
#3876=DIRECTION('ref_axis',(1.,0.,0.));
#3877=DIRECTION('',(0.,-1.,0.));
#3878=DIRECTION('center_axis',(1.,0.,-3.56881615474624E-16));
#3879=DIRECTION('ref_axis',(-5.9211894646675E-16,0.,-1.));
#3880=DIRECTION('center_axis',(-1.,0.,3.56881615474624E-16));
#3881=DIRECTION('ref_axis',(1.73472347597681E-16,-0.886668912517567,0.462404843805637));
#3882=DIRECTION('center_axis',(0.,-0.819999999999999,-0.572363520850169));
#3883=DIRECTION('ref_axis',(0.,0.572363520850169,-0.819999999999999));
#3884=DIRECTION('center_axis',(1.,0.,-3.56881615474624E-16));
#3885=DIRECTION('ref_axis',(1.65023787660647E-16,-0.886668912517567,0.462404843805637));
#3886=DIRECTION('center_axis',(0.133958238793696,0.0766728092028472,-0.988016432347274));
#3887=DIRECTION('ref_axis',(0.857492925712544,0.490797670064942,0.154348726628258));
#3888=DIRECTION('center_axis',(1.,0.,0.));
#3889=DIRECTION('ref_axis',(0.,0.,-1.));
#3890=DIRECTION('center_axis',(0.,0.,-1.));
#3891=DIRECTION('ref_axis',(1.,0.,0.));
#3892=DIRECTION('',(1.,0.,0.));
#3893=DIRECTION('',(0.,1.,0.));
#3894=DIRECTION('',(-1.,0.,2.0115736448162E-16));
#3895=DIRECTION('',(0.,1.,0.));
#3896=DIRECTION('',(1.,0.,0.));
#3897=DIRECTION('center_axis',(-1.,0.,0.));
#3898=DIRECTION('ref_axis',(0.,0.,-1.));
#3899=DIRECTION('',(-1.,0.,0.));
#3900=DIRECTION('center_axis',(-1.,0.,3.56881615474624E-16));
#3901=DIRECTION('ref_axis',(0.,0.,-1.));
#3902=DIRECTION('center_axis',(1.,0.,-3.56881615474624E-16));
#3903=DIRECTION('ref_axis',(7.85046229341888E-16,-0.707106781186547,0.707106781186548));
#3904=DIRECTION('center_axis',(1.,0.,-3.56881615474624E-16));
#3905=DIRECTION('ref_axis',(7.85046229341888E-16,-0.707106781186547,0.707106781186548));
#3906=DIRECTION('center_axis',(0.,-1.,0.));
#3907=DIRECTION('ref_axis',(-0.707106781186546,0.,-0.707106781186549));
#3908=DIRECTION('',(0.,1.,0.));
#3909=DIRECTION('center_axis',(0.,-1.,0.));
#3910=DIRECTION('ref_axis',(-1.,0.,0.));
#3911=DIRECTION('',(0.,-1.,0.));
#3912=DIRECTION('center_axis',(0.133958238793692,-0.0766728092028437,-0.988016432347275));
#3913=DIRECTION('ref_axis',(-0.857492925712546,0.49079767006494,-0.154348726628255));
#3914=DIRECTION('center_axis',(-1.,3.87943320698032E-15,0.));
#3915=DIRECTION('ref_axis',(0.,0.,1.));
#3916=DIRECTION('center_axis',(-1.22464679914735E-16,0.,1.));
#3917=DIRECTION('ref_axis',(-1.,0.,-1.22464679914735E-16));
#3918=DIRECTION('',(-1.,3.87943320698032E-15,0.));
#3919=DIRECTION('',(0.,1.,0.));
#3920=DIRECTION('',(1.,0.,-3.56881615474624E-16));
#3921=DIRECTION('',(0.,1.,0.));
#3922=DIRECTION('',(-1.,0.,-1.22464679914735E-16));
#3923=DIRECTION('center_axis',(1.,-3.87943320698032E-15,0.));
#3924=DIRECTION('ref_axis',(0.,0.,1.));
#3925=DIRECTION('',(1.,-3.87943320698032E-15,0.));
#3926=DIRECTION('center_axis',(1.,0.,-3.56881615474624E-16));
#3927=DIRECTION('ref_axis',(0.,0.,1.));
#3928=DIRECTION('center_axis',(-1.,0.,2.8113379651041E-16));
#3929=DIRECTION('ref_axis',(0.,-0.707106781186547,-0.707106781186548));
#3930=DIRECTION('center_axis',(-1.,0.,3.56881615474624E-16));
#3931=DIRECTION('ref_axis',(0.,-0.707106781186547,-0.707106781186548));
#3932=DIRECTION('center_axis',(-1.,0.,0.));
#3933=DIRECTION('ref_axis',(0.,6.66133814775093E-15,1.));
#3934=DIRECTION('center_axis',(-0.970527698238993,-0.194675654365271,-0.142047092713567));
#3935=DIRECTION('ref_axis',(-0.151612395040779,0.0350706509715182,0.987817660861777));
#3936=DIRECTION('center_axis',(0.,1.,0.));
#3937=DIRECTION('ref_axis',(0.,0.,1.));
#3938=DIRECTION('center_axis',(0.,-1.,0.));
#3939=DIRECTION('ref_axis',(0.751179497828991,0.,0.660097994271597));
#3940=DIRECTION('center_axis',(0.,1.,0.));
#3941=DIRECTION('ref_axis',(0.,0.,1.));
#3942=DIRECTION('center_axis',(-0.691879917907028,-2.67176656015522E-15,
-0.722012589361823));
#3943=DIRECTION('ref_axis',(-0.711043595775943,0.173648177666927,0.681368707308292));
#3944=DIRECTION('center_axis',(0.,-1.,0.));
#3945=DIRECTION('ref_axis',(0.475976416514682,0.,-0.8794580438667));
#3946=DIRECTION('center_axis',(0.,1.,0.));
#3947=DIRECTION('ref_axis',(0.844217981329467,0.,-0.536));
#3948=DIRECTION('center_axis',(0.,1.,0.));
#3949=DIRECTION('ref_axis',(0.844217981329467,0.,-0.536));
#3950=DIRECTION('center_axis',(0.,1.,0.));
#3951=DIRECTION('ref_axis',(-0.844217981329467,0.,0.536));
#3952=DIRECTION('center_axis',(0.,1.,0.));
#3953=DIRECTION('ref_axis',(-0.844217981329467,0.,0.536));
#3954=DIRECTION('center_axis',(-1.,0.,0.));
#3955=DIRECTION('ref_axis',(0.,0.,-1.));
#3956=DIRECTION('',(1.,0.,0.));
#3957=DIRECTION('center_axis',(1.,0.,-3.56881615474624E-16));
#3958=DIRECTION('ref_axis',(0.,0.,-1.));
#3959=DIRECTION('',(-1.,0.,0.));
#3960=DIRECTION('center_axis',(0.,0.,-1.));
#3961=DIRECTION('ref_axis',(1.,0.,0.));
#3962=DIRECTION('',(0.,-1.,0.));
#3963=DIRECTION('',(1.,0.,0.));
#3964=DIRECTION('',(0.,-1.,0.));
#3965=DIRECTION('',(1.,0.,0.));
#3966=DIRECTION('center_axis',(-1.,0.,1.31618972797057E-16));
#3967=DIRECTION('ref_axis',(0.,-0.707106781186547,0.707106781186548));
#3968=DIRECTION('center_axis',(-1.,0.,3.56881615474624E-16));
#3969=DIRECTION('ref_axis',(0.,-0.707106781186547,0.707106781186548));
#3970=DIRECTION('center_axis',(1.,0.,0.));
#3971=DIRECTION('ref_axis',(0.,0.,1.));
#3972=DIRECTION('center_axis',(-1.,0.,3.56881615474624E-16));
#3973=DIRECTION('ref_axis',(0.,0.,1.));
#3974=DIRECTION('',(1.,0.,0.));
#3975=DIRECTION('center_axis',(-1.,0.,0.));
#3976=DIRECTION('ref_axis',(0.,0.572363520850158,0.820000000000007));
#3977=DIRECTION('',(-1.,0.,0.));
#3978=DIRECTION('center_axis',(-0.65655937337845,0.348697113307625,-0.668834891733249));
#3979=DIRECTION('ref_axis',(0.,0.886726288870135,0.462294807051299));
#3980=DIRECTION('center_axis',(-0.704705023207262,2.76021272346336E-11,
-0.709500408926205));
#3981=DIRECTION('ref_axis',(-3.63442609341291E-11,1.,7.5002226651577E-11));
#3982=DIRECTION('center_axis',(0.,1.,0.));
#3983=DIRECTION('ref_axis',(0.709500408929631,0.,-0.704705023203813));
#3984=DIRECTION('center_axis',(0.,-1.,0.));
#3985=DIRECTION('ref_axis',(0.709500408929631,0.,-0.704705023203812));
#3986=DIRECTION('center_axis',(1.,0.,-2.28160105373157E-16));
#3987=DIRECTION('ref_axis',(0.,-0.707106781186547,-0.707106781186548));
#3988=DIRECTION('center_axis',(1.,0.,-3.56881615474624E-16));
#3989=DIRECTION('ref_axis',(0.,-0.707106781186547,-0.707106781186548));
#3990=DIRECTION('center_axis',(1.,0.,-3.56881615474624E-16));
#3991=DIRECTION('ref_axis',(3.56881615474624E-16,0.,1.));
#3992=DIRECTION('center_axis',(1.,0.,-3.56881615474624E-16));
#3993=DIRECTION('ref_axis',(0.,0.707106781186547,0.707106781186548));
#3994=DIRECTION('',(3.56881615474624E-16,0.,1.));
#3995=DIRECTION('',(0.,-1.,0.));
#3996=DIRECTION('',(3.56881615474624E-16,0.,1.));
#3997=DIRECTION('center_axis',(-1.22464679914735E-16,0.,1.));
#3998=DIRECTION('ref_axis',(-1.,0.,-1.22464679914735E-16));
#3999=DIRECTION('',(-1.,0.,-1.22464679914735E-16));
#4000=DIRECTION('',(0.,-1.,0.));
#4001=DIRECTION('',(-1.,0.,-1.22464679914735E-16));
#4002=DIRECTION('',(0.,-1.,0.));
#4003=DIRECTION('center_axis',(1.,0.,-3.56881615474624E-16));
#4004=DIRECTION('ref_axis',(-3.56881615474624E-16,0.,-1.));
#4005=DIRECTION('center_axis',(-1.,0.,3.56881615474624E-16));
#4006=DIRECTION('ref_axis',(-3.56881615474624E-16,0.,-1.));
#4007=DIRECTION('center_axis',(-1.,0.,3.56881615474625E-16));
#4008=DIRECTION('ref_axis',(0.,0.707106781186547,-0.707106781186548));
#4009=DIRECTION('',(-3.56881615474624E-16,0.,-1.));
#4010=DIRECTION('',(0.,-1.,0.));
#4011=DIRECTION('',(-3.56881615474624E-16,0.,-1.));
#4012=DIRECTION('center_axis',(-1.,0.,3.56881615474624E-16));
#4013=DIRECTION('ref_axis',(3.56881615474624E-16,0.,1.));
#4014=DIRECTION('center_axis',(0.,-1.,0.));
#4015=DIRECTION('ref_axis',(0.,0.,-1.));
#4016=DIRECTION('',(-1.,0.,1.31618972797057E-16));
#4017=DIRECTION('center_axis',(0.,1.,0.));
#4018=DIRECTION('ref_axis',(-0.707106781186546,0.,-0.707106781186549));
#4019=DIRECTION('center_axis',(0.,-1.,0.));
#4020=DIRECTION('ref_axis',(0.,0.,-1.));
#4021=DIRECTION('',(1.,0.,-2.28160105373157E-16));
#4022=DIRECTION('center_axis',(0.,1.,0.));
#4023=DIRECTION('ref_axis',(0.707106781186546,0.,0.707106781186549));
#4024=DIRECTION('center_axis',(-2.28160105373157E-16,0.,-1.));
#4025=DIRECTION('ref_axis',(1.,0.,-2.28160105373157E-16));
#4026=DIRECTION('',(0.,1.,0.));
#4027=DIRECTION('center_axis',(1.31618972797057E-16,0.,1.));
#4028=DIRECTION('ref_axis',(-1.,0.,1.31618972797057E-16));
#4029=DIRECTION('',(0.,1.,0.));
#4030=DIRECTION('center_axis',(0.,-1.,0.));
#4031=DIRECTION('ref_axis',(0.707106781186546,0.,0.707106781186549));
#4032=DIRECTION('center_axis',(0.,-1.,0.));
#4033=DIRECTION('ref_axis',(0.707106781186547,0.,0.707106781186548));
#4034=DIRECTION('',(0.,-1.,0.));
#4035=DIRECTION('center_axis',(0.,1.,0.));
#4036=DIRECTION('ref_axis',(0.707106781186546,0.,0.707106781186549));
#4037=DIRECTION('center_axis',(0.,1.,0.));
#4038=DIRECTION('ref_axis',(0.,0.,1.));
#4039=DIRECTION('center_axis',(0.,1.,0.));
#4040=DIRECTION('ref_axis',(0.707106781186547,0.,0.707106781186548));
#4041=DIRECTION('center_axis',(0.,0.,-1.));
#4042=DIRECTION('ref_axis',(-1.,0.,0.));
#4043=DIRECTION('center_axis',(0.,1.,0.));
#4044=DIRECTION('ref_axis',(0.,0.,1.));
#4045=DIRECTION('',(-1.,0.,0.));
#4046=DIRECTION('center_axis',(0.,1.,0.));
#4047=DIRECTION('ref_axis',(0.707106781186549,0.,-0.707106781186546));
#4048=DIRECTION('',(0.,0.,-1.));
#4049=DIRECTION('center_axis',(0.,-1.,0.));
#4050=DIRECTION('ref_axis',(-1.,0.,-1.22464679914735E-16));
#4051=DIRECTION('center_axis',(0.,-1.,0.));
#4052=DIRECTION('ref_axis',(-1.,0.,-1.22464679914735E-16));
#4053=DIRECTION('center_axis',(0.,1.,0.));
#4054=DIRECTION('ref_axis',(0.707106781186549,0.,0.707106781186546));
#4055=DIRECTION('',(1.,0.,-1.1842378929335E-16));
#4056=DIRECTION('center_axis',(0.,1.,0.));
#4057=DIRECTION('ref_axis',(2.77555756156289E-16,0.,1.));
#4058=DIRECTION('',(-1.,0.,4.01112834703282E-16));
#4059=DIRECTION('center_axis',(0.,-1.,0.));
#4060=DIRECTION('ref_axis',(0.,0.,1.));
#4061=DIRECTION('',(4.03717463500057E-16,0.,1.));
#4062=DIRECTION('center_axis',(0.,-1.,0.));
#4063=DIRECTION('ref_axis',(1.,0.,0.));
#4064=DIRECTION('',(1.,0.,-2.86509167645202E-16));
#4065=DIRECTION('center_axis',(0.,1.,0.));
#4066=DIRECTION('ref_axis',(0.,0.,-1.));
#4067=DIRECTION('',(-1.,0.,-4.04089062138529E-18));
#4068=DIRECTION('center_axis',(0.,1.,0.));
#4069=DIRECTION('ref_axis',(-0.344601218802254,0.,-0.93874916777593));
#4070=DIRECTION('',(-1.,0.,1.00992633240894E-17));
#4071=DIRECTION('center_axis',(0.,1.,0.));
#4072=DIRECTION('ref_axis',(0.707106781186547,0.,-0.707106781186548));
#4073=DIRECTION('',(1.22464679914735E-16,0.,-1.));
#4074=DIRECTION('center_axis',(0.,-1.,0.));
#4075=DIRECTION('ref_axis',(-1.,0.,-1.22464679914735E-16));
#4076=DIRECTION('center_axis',(-1.,0.,-1.22464679914735E-16));
#4077=DIRECTION('ref_axis',(0.,0.707106781186547,-0.707106781186548));
#4078=DIRECTION('center_axis',(1.,0.,0.));
#4079=DIRECTION('ref_axis',(0.,0.,-1.));
#4080=DIRECTION('',(1.,0.,1.22464679914735E-16));
#4081=DIRECTION('center_axis',(0.,1.,0.));
#4082=DIRECTION('ref_axis',(-0.844217981329467,0.,0.536));
#4083=DIRECTION('center_axis',(0.,1.,0.));
#4084=DIRECTION('ref_axis',(-0.844217981329467,0.,0.536));
#4085=DIRECTION('center_axis',(0.0729889547573817,0.,0.997332749128106));
#4086=DIRECTION('ref_axis',(-0.997332749128106,0.,0.0729889547573817));
#4087=DIRECTION('center_axis',(0.0729889547573817,0.,0.997332749128106));
#4088=DIRECTION('ref_axis',(0.997332749128106,0.,-0.0729889547573817));
#4089=DIRECTION('',(0.,-1.,0.));
#4090=DIRECTION('',(0.997332749128106,0.,-0.0729889547573817));
#4091=DIRECTION('',(0.,-1.,0.));
#4092=DIRECTION('center_axis',(1.,0.,0.));
#4093=DIRECTION('ref_axis',(0.,0.,1.));
#4094=DIRECTION('center_axis',(1.,0.,0.));
#4095=DIRECTION('ref_axis',(0.,0.707106781186547,-0.707106781186547));
#4096=DIRECTION('',(0.,1.,0.));
#4097=DIRECTION('',(0.,0.,-1.));
#4098=DIRECTION('center_axis',(-1.,0.,1.1842378929335E-16));
#4099=DIRECTION('ref_axis',(0.,0.707106781186547,-0.707106781186547));
#4100=DIRECTION('',(1.,0.,-1.1842378929335E-16));
#4101=DIRECTION('center_axis',(0.,-1.,0.));
#4102=DIRECTION('ref_axis',(0.,0.,-1.));
#4103=DIRECTION('center_axis',(0.,-1.,0.));
#4104=DIRECTION('ref_axis',(0.344601218802254,0.,0.93874916777593));
#4105=DIRECTION('center_axis',(1.,0.,1.85037170770859E-16));
#4106=DIRECTION('ref_axis',(1.85037170770859E-16,0.,-1.));
#4107=DIRECTION('center_axis',(0.,1.,0.));
#4108=DIRECTION('ref_axis',(0.344601218802254,0.,0.93874916777593));
#4109=DIRECTION('center_axis',(0.,-1.,0.));
#4110=DIRECTION('ref_axis',(0.851102226527458,0.,0.525000000000003));
#4111=DIRECTION('center_axis',(0.,1.,0.));
#4112=DIRECTION('ref_axis',(0.851102226527458,0.,0.525000000000003));
#4113=DIRECTION('',(0.,1.,0.));
#4114=DIRECTION('center_axis',(0.,-1.,0.));
#4115=DIRECTION('ref_axis',(0.,0.,-1.));
#4116=DIRECTION('',(-1.,0.,1.1842378929335E-16));
#4117=DIRECTION('center_axis',(0.,1.,0.));
#4118=DIRECTION('ref_axis',(-0.631961232988227,0.,0.775));
#4119=DIRECTION('',(-1.,0.,1.1842378929335E-16));
#4120=DIRECTION('center_axis',(0.,1.,0.));
#4121=DIRECTION('ref_axis',(0.707106781186549,0.,0.707106781186546));
#4122=DIRECTION('',(0.,0.,1.));
#4123=DIRECTION('center_axis',(0.,1.,0.));
#4124=DIRECTION('ref_axis',(0.707106781186549,0.,-0.707106781186546));
#4125=DIRECTION('',(-1.22464679914735E-16,0.,1.));
#4126=DIRECTION('center_axis',(0.,1.,0.));
#4127=DIRECTION('ref_axis',(0.707106781186547,0.,-0.707106781186548));
#4128=DIRECTION('',(1.,0.,-1.00992633240894E-17));
#4129=DIRECTION('center_axis',(0.,1.,0.));
#4130=DIRECTION('ref_axis',(-0.851102226527458,0.,-0.525000000000003));
#4131=DIRECTION('center_axis',(0.,-1.,0.));
#4132=DIRECTION('ref_axis',(0.344601218802254,0.,0.93874916777593));
#4133=DIRECTION('',(1.,0.,4.04089062138529E-18));
#4134=DIRECTION('center_axis',(0.,1.,0.));
#4135=DIRECTION('ref_axis',(0.631961232988227,0.,-0.775));
#4136=DIRECTION('',(1.,0.,4.04089062138529E-18));
#4137=DIRECTION('center_axis',(0.,1.,0.));
#4138=DIRECTION('ref_axis',(-0.707106781186549,0.,-0.707106781186546));
#4139=DIRECTION('',(1.22464679914735E-16,0.,-1.));
#4140=DIRECTION('center_axis',(0.,1.,0.));
#4141=DIRECTION('ref_axis',(-0.707106781186549,0.,0.707106781186546));
#4142=DIRECTION('center_axis',(0.,1.,0.));
#4143=DIRECTION('ref_axis',(0.844217981329467,0.,-0.536));
#4144=DIRECTION('center_axis',(0.,1.,0.));
#4145=DIRECTION('ref_axis',(-0.707106781186546,0.,-0.707106781186549));
#4146=DIRECTION('',(0.,0.,-1.));
#4147=DIRECTION('center_axis',(0.,1.,0.));
#4148=DIRECTION('ref_axis',(-0.707106781186547,0.,0.707106781186548));
#4149=DIRECTION('',(-1.,0.,1.32563943238825E-16));
#4150=DIRECTION('center_axis',(0.,1.,0.));
#4151=DIRECTION('ref_axis',(1.,0.,0.));
#4152=DIRECTION('center_axis',(0.,-1.,0.));
#4153=DIRECTION('ref_axis',(1.,0.,0.));
#4154=DIRECTION('center_axis',(0.,1.,0.));
#4155=DIRECTION('ref_axis',(1.,0.,0.));
#4156=DIRECTION('center_axis',(0.,-1.,0.));
#4157=DIRECTION('ref_axis',(1.,0.,0.));
#4158=DIRECTION('center_axis',(0.,1.,0.));
#4159=DIRECTION('ref_axis',(1.,0.,0.));
#4160=DIRECTION('center_axis',(0.,-1.,0.));
#4161=DIRECTION('ref_axis',(1.,0.,0.));
#4162=DIRECTION('center_axis',(0.,1.,0.));
#4163=DIRECTION('ref_axis',(1.,0.,0.));
#4164=DIRECTION('center_axis',(0.,-1.,0.));
#4165=DIRECTION('ref_axis',(1.,0.,0.));
#4166=DIRECTION('center_axis',(0.,1.,0.));
#4167=DIRECTION('ref_axis',(1.,0.,0.));
#4168=DIRECTION('center_axis',(0.,-1.,0.));
#4169=DIRECTION('ref_axis',(1.,0.,0.));
#4170=DIRECTION('center_axis',(0.,1.,0.));
#4171=DIRECTION('ref_axis',(1.,0.,0.));
#4172=DIRECTION('center_axis',(0.,-1.,0.));
#4173=DIRECTION('ref_axis',(1.,0.,0.));
#4174=DIRECTION('center_axis',(0.,1.,0.));
#4175=DIRECTION('ref_axis',(0.,0.,1.));
#4176=DIRECTION('',(-1.,0.,2.65921682544948E-16));
#4177=DIRECTION('',(-1.,0.,2.65921682544948E-16));
#4178=DIRECTION('',(-1.,0.,2.65921682544948E-16));
#4179=DIRECTION('',(-1.,0.,2.65921682544948E-16));
#4180=DIRECTION('',(-1.,0.,2.65921682544948E-16));
#4181=DIRECTION('',(-1.,0.,2.65921682544948E-16));
#4182=DIRECTION('center_axis',(0.,-1.,0.));
#4183=DIRECTION('ref_axis',(1.,0.,0.));
#4184=DIRECTION('',(-1.,0.,2.65921682544948E-16));
#4185=DIRECTION('center_axis',(0.,-1.,0.));
#4186=DIRECTION('ref_axis',(0.707106781186547,0.,0.707106781186548));
#4187=DIRECTION('',(0.,0.,1.));
#4188=DIRECTION('center_axis',(0.,-1.,0.));
#4189=DIRECTION('ref_axis',(0.707106781186547,0.,-0.707106781186547));
#4190=DIRECTION('',(1.,0.,-1.06368673017979E-16));
#4191=DIRECTION('center_axis',(0.,-1.,0.));
#4192=DIRECTION('ref_axis',(1.,0.,0.));
#4193=DIRECTION('',(1.,0.,-1.06368673017979E-16));
#4194=DIRECTION('center_axis',(0.,-1.,0.));
#4195=DIRECTION('ref_axis',(1.,0.,0.));
#4196=DIRECTION('',(1.,0.,-1.06368673017979E-16));
#4197=DIRECTION('center_axis',(0.,-1.,0.));
#4198=DIRECTION('ref_axis',(1.,0.,0.));
#4199=DIRECTION('',(1.,0.,-1.06368673017979E-16));
#4200=DIRECTION('center_axis',(0.,-1.,0.));
#4201=DIRECTION('ref_axis',(1.,0.,0.));
#4202=DIRECTION('',(1.,0.,-1.06368673017979E-16));
#4203=DIRECTION('center_axis',(0.,-1.,0.));
#4204=DIRECTION('ref_axis',(1.,0.,0.));
#4205=DIRECTION('',(1.,0.,-1.06368673017979E-16));
#4206=DIRECTION('center_axis',(0.,-1.,0.));
#4207=DIRECTION('ref_axis',(1.,0.,0.));
#4208=DIRECTION('',(1.,0.,-1.06368673017979E-16));
#4209=DIRECTION('center_axis',(0.,-1.,0.));
#4210=DIRECTION('ref_axis',(1.,0.,0.));
#4211=DIRECTION('',(1.,0.,-1.06368673017979E-16));
#4212=DIRECTION('center_axis',(0.,-1.,0.));
#4213=DIRECTION('ref_axis',(-0.707106781186547,0.,-0.707106781186548));
#4214=DIRECTION('',(-3.1720657846433E-16,0.,-1.));
#4215=DIRECTION('center_axis',(0.,-1.,0.));
#4216=DIRECTION('ref_axis',(-0.707106781186548,0.,0.707106781186547));
#4217=DIRECTION('',(-1.,0.,2.65921682544948E-16));
#4218=DIRECTION('',(1.21115239050017E-15,0.,1.));
#4219=DIRECTION('center_axis',(0.,1.,0.));
#4220=DIRECTION('ref_axis',(0.,0.,1.));
#4221=DIRECTION('',(-1.,0.,2.86509167645202E-16));
#4222=DIRECTION('center_axis',(0.,1.,0.));
#4223=DIRECTION('ref_axis',(-1.,0.,0.));
#4224=DIRECTION('',(-4.03717463500057E-16,0.,-1.));
#4225=DIRECTION('center_axis',(0.,1.,0.));
#4226=DIRECTION('ref_axis',(0.,0.,-1.));
#4227=DIRECTION('',(1.,0.,-4.01112834703282E-16));
#4228=DIRECTION('center_axis',(0.,1.,0.));
#4229=DIRECTION('ref_axis',(1.,0.,-9.44870659255458E-16));
#4230=DIRECTION('center_axis',(0.,1.,0.));
#4231=DIRECTION('ref_axis',(1.,0.,0.));
#4232=DIRECTION('center_axis',(2.65921682544948E-16,0.,1.));
#4233=DIRECTION('ref_axis',(1.,0.,-2.65921682544948E-16));
#4234=DIRECTION('',(0.,1.,0.));
#4235=DIRECTION('',(-1.,0.,2.65921682544948E-16));
#4236=DIRECTION('',(0.,-1.,0.));
#4237=DIRECTION('center_axis',(0.,1.,0.));
#4238=DIRECTION('ref_axis',(1.,0.,0.));
#4239=DIRECTION('center_axis',(0.,1.,0.));
#4240=DIRECTION('ref_axis',(1.,0.,0.));
#4241=DIRECTION('center_axis',(0.,1.,0.));
#4242=DIRECTION('ref_axis',(1.,0.,0.));
#4243=DIRECTION('center_axis',(0.,1.,0.));
#4244=DIRECTION('ref_axis',(1.,0.,0.));
#4245=DIRECTION('center_axis',(0.,1.,0.));
#4246=DIRECTION('ref_axis',(1.,0.,0.));
#4247=DIRECTION('center_axis',(0.,1.,0.));
#4248=DIRECTION('ref_axis',(1.,0.,0.));
#4249=DIRECTION('center_axis',(0.,1.,0.));
#4250=DIRECTION('ref_axis',(1.,0.,0.));
#4251=DIRECTION('center_axis',(-1.06368673017979E-16,0.,-1.));
#4252=DIRECTION('ref_axis',(-1.,0.,1.06368673017979E-16));
#4253=DIRECTION('',(0.,1.,0.));
#4254=DIRECTION('',(1.,0.,-1.06368673017979E-16));
#4255=DIRECTION('',(0.,-1.,0.));
#4256=DIRECTION('center_axis',(0.964388217630701,-0.264490766748255,-6.15909422912322E-16));
#4257=DIRECTION('ref_axis',(-0.0123070884046646,-0.0448741980550656,-0.998916834338032));
#4258=DIRECTION('center_axis',(1.,0.,0.));
#4259=DIRECTION('ref_axis',(0.,0.707106781186547,0.707106781186548));
#4260=DIRECTION('center_axis',(-1.,0.,0.));
#4261=DIRECTION('ref_axis',(0.,0.,1.));
#4262=DIRECTION('center_axis',(0.,1.,0.));
#4263=DIRECTION('ref_axis',(0.844217981329467,0.,-0.536));
#4264=DIRECTION('center_axis',(-1.,0.,1.32563943238825E-16));
#4265=DIRECTION('ref_axis',(-1.30841038223648E-16,0.707106781186546,-0.707106781186549));
#4266=DIRECTION('center_axis',(1.,0.,0.));
#4267=DIRECTION('ref_axis',(0.,0.,-1.));
#4268=DIRECTION('',(1.,0.,-1.32563943238825E-16));
#4269=DIRECTION('',(-1.,0.,1.32563943238825E-16));
#4270=DIRECTION('center_axis',(0.,1.,0.));
#4271=DIRECTION('ref_axis',(0.,0.,1.));
#4272=DIRECTION('center_axis',(7.40148683083438E-16,0.,1.));
#4273=DIRECTION('ref_axis',(1.,0.,-7.40148683083438E-16));
#4274=DIRECTION('center_axis',(0.,1.,0.));
#4275=DIRECTION('ref_axis',(-0.707106781186547,0.,0.707106781186548));
#4276=DIRECTION('center_axis',(0.,-1.,0.));
#4277=DIRECTION('ref_axis',(-0.707106781186547,0.,0.707106781186548));
#4278=DIRECTION('center_axis',(0.,0.,-1.));
#4279=DIRECTION('ref_axis',(0.707106781186549,0.707106781186546,0.));
#4280=DIRECTION('center_axis',(0.,0.,1.));
#4281=DIRECTION('ref_axis',(1.,0.,0.));
#4282=DIRECTION('',(0.,0.,1.));
#4283=DIRECTION('',(0.,0.,-1.));
#4284=DIRECTION('center_axis',(0.,1.,0.));
#4285=DIRECTION('ref_axis',(0.,0.,1.));
#4286=DIRECTION('center_axis',(0.,1.,0.));
#4287=DIRECTION('ref_axis',(-0.707106781186547,0.,-0.707106781186548));
#4288=DIRECTION('center_axis',(0.,-1.,0.));
#4289=DIRECTION('ref_axis',(-0.707106781186547,0.,-0.707106781186548));
#4290=DIRECTION('center_axis',(0.,1.,0.));
#4291=DIRECTION('ref_axis',(0.,0.,1.));
#4292=DIRECTION('center_axis',(0.,0.,-1.));
#4293=DIRECTION('ref_axis',(-1.,0.,0.));
#4294=DIRECTION('center_axis',(0.,-1.,0.));
#4295=DIRECTION('ref_axis',(0.707106781186549,0.,-0.707106781186546));
#4296=DIRECTION('center_axis',(0.,0.,1.));
#4297=DIRECTION('ref_axis',(-0.707106781186547,0.707106781186548,0.));
#4298=DIRECTION('center_axis',(0.,0.,-1.));
#4299=DIRECTION('ref_axis',(-1.,0.,0.));
#4300=DIRECTION('',(0.,0.,1.));
#4301=DIRECTION('center_axis',(0.,0.,1.));
#4302=DIRECTION('ref_axis',(-0.707106781186547,0.707106781186548,0.));
#4303=DIRECTION('',(0.,0.,1.));
#4304=DIRECTION('center_axis',(0.,0.,-1.));
#4305=DIRECTION('ref_axis',(-1.,0.,0.));
#4306=DIRECTION('center_axis',(-1.,0.,1.1842378929335E-16));
#4307=DIRECTION('ref_axis',(0.,0.707106781186547,-0.707106781186547));
#4308=DIRECTION('',(-1.,0.,1.1842378929335E-16));
#4309=DIRECTION('center_axis',(0.,-1.,0.));
#4310=DIRECTION('ref_axis',(-1.65109649514069E-16,0.,1.));
#4311=DIRECTION('center_axis',(0.,-1.,0.));
#4312=DIRECTION('ref_axis',(2.8535164084055E-16,0.,1.));
#4313=DIRECTION('center_axis',(0.,1.,0.));
#4314=DIRECTION('ref_axis',(2.77555756156289E-16,0.,1.));
#4315=DIRECTION('center_axis',(0.,1.,0.));
#4316=DIRECTION('ref_axis',(0.,0.,1.));
#4317=DIRECTION('center_axis',(-0.858004860648429,-7.60342258428659E-16,
0.513641566760002));
#4318=DIRECTION('ref_axis',(0.,1.,1.48029736616688E-15));
#4319=DIRECTION('center_axis',(0.,-1.,0.));
#4320=DIRECTION('ref_axis',(0.707106781186549,0.,0.707106781186546));
#4321=DIRECTION('center_axis',(1.,0.,0.));
#4322=DIRECTION('ref_axis',(0.,0.,-1.));
#4323=DIRECTION('center_axis',(-1.,0.,1.1842378929335E-16));
#4324=DIRECTION('ref_axis',(0.,0.707106781186547,-0.707106781186547));
#4325=DIRECTION('',(-1.,0.,1.1842378929335E-16));
#4326=DIRECTION('center_axis',(0.,-1.,0.));
#4327=DIRECTION('ref_axis',(0.,0.,-1.));
#4328=DIRECTION('center_axis',(0.,-1.,0.));
#4329=DIRECTION('ref_axis',(1.,0.,0.));
#4330=DIRECTION('center_axis',(0.,1.,0.));
#4331=DIRECTION('ref_axis',(0.,0.,1.));
#4332=DIRECTION('center_axis',(0.,1.,0.));
#4333=DIRECTION('ref_axis',(-0.707106781186549,0.,0.707106781186546));
#4334=DIRECTION('',(-1.22464679914735E-16,0.,1.));
#4335=DIRECTION('center_axis',(0.,-1.,0.));
#4336=DIRECTION('ref_axis',(1.,0.,0.));
#4337=DIRECTION('center_axis',(0.,-1.,0.));
#4338=DIRECTION('ref_axis',(1.,0.,0.));
#4339=DIRECTION('center_axis',(0.,1.,0.));
#4340=DIRECTION('ref_axis',(-0.707106781186549,0.,-0.707106781186546));
#4341=DIRECTION('',(-1.,0.,-4.04089062138529E-18));
#4342=DIRECTION('center_axis',(0.,1.,0.));
#4343=DIRECTION('ref_axis',(0.,0.,-1.));
#4344=DIRECTION('',(1.,0.,-2.86509167645202E-16));
#4345=DIRECTION('center_axis',(0.,-1.,0.));
#4346=DIRECTION('ref_axis',(0.,0.,-1.));
#4347=DIRECTION('',(-1.21115239050017E-15,0.,-1.));
#4348=DIRECTION('center_axis',(0.,-1.,0.));
#4349=DIRECTION('ref_axis',(-1.,0.,9.44870659255458E-16));
#4350=DIRECTION('',(-1.,0.,4.01112834703282E-16));
#4351=DIRECTION('center_axis',(0.,-1.,0.));
#4352=DIRECTION('ref_axis',(1.,0.,0.));
#4353=DIRECTION('center_axis',(0.,-1.,0.));
#4354=DIRECTION('ref_axis',(-0.707106781186546,0.,-0.707106781186549));
#4355=DIRECTION('',(0.,-1.,0.));
#4356=DIRECTION('center_axis',(-1.,0.,0.));
#4357=DIRECTION('ref_axis',(0.,0.,-1.));
#4358=DIRECTION('',(0.,1.,0.));
#4359=DIRECTION('center_axis',(0.,-1.,0.));
#4360=DIRECTION('ref_axis',(-0.707106781186547,0.,0.707106781186548));
#4361=DIRECTION('',(0.,-1.,0.));
#4362=DIRECTION('center_axis',(1.32563943238825E-16,0.,1.));
#4363=DIRECTION('ref_axis',(-1.,0.,1.32563943238825E-16));
#4364=DIRECTION('center_axis',(1.1842378929335E-16,0.,1.));
#4365=DIRECTION('ref_axis',(-1.,0.,1.1842378929335E-16));
#4366=DIRECTION('center_axis',(0.,1.,0.));
#4367=DIRECTION('ref_axis',(-0.631961232988227,0.,0.775));
#4368=DIRECTION('center_axis',(1.1842378929335E-16,0.,1.));
#4369=DIRECTION('ref_axis',(-1.,0.,1.1842378929335E-16));
#4370=DIRECTION('',(0.,1.,0.));
#4371=DIRECTION('center_axis',(0.,-1.,0.));
#4372=DIRECTION('ref_axis',(0.,0.,-1.));
#4373=DIRECTION('center_axis',(0.,-1.,0.));
#4374=DIRECTION('ref_axis',(-0.344601218802254,0.,-0.93874916777593));
#4375=DIRECTION('center_axis',(-1.,0.,0.));
#4376=DIRECTION('ref_axis',(0.,0.,1.));
#4377=DIRECTION('center_axis',(1.,0.,-1.00992633240894E-17));
#4378=DIRECTION('ref_axis',(0.,0.707106781186546,0.707106781186549));
#4379=DIRECTION('center_axis',(-1.,0.,0.));
#4380=DIRECTION('ref_axis',(0.,0.,1.));
#4381=DIRECTION('',(1.,0.,-1.00992633240894E-17));
#4382=DIRECTION('center_axis',(0.,1.,0.));
#4383=DIRECTION('ref_axis',(0.,0.,1.));
#4384=DIRECTION('center_axis',(-7.40148683083438E-16,0.,-1.));
#4385=DIRECTION('ref_axis',(-1.,0.,7.40148683083438E-16));
#4386=DIRECTION('center_axis',(0.,-1.,0.));
#4387=DIRECTION('ref_axis',(0.707106781186547,0.,-0.707106781186548));
#4388=DIRECTION('center_axis',(-1.22464679914735E-16,0.,1.));
#4389=DIRECTION('ref_axis',(-0.707106781186549,0.707106781186546,0.));
#4390=DIRECTION('',(-1.22464679914735E-16,0.,1.));
#4391=DIRECTION('center_axis',(0.,1.,0.));
#4392=DIRECTION('ref_axis',(0.,0.,1.));
#4393=DIRECTION('center_axis',(0.,0.,1.));
#4394=DIRECTION('ref_axis',(1.,0.,0.));
#4395=DIRECTION('center_axis',(0.,-1.,0.));
#4396=DIRECTION('ref_axis',(-0.707106781186549,0.,0.707106781186546));
#4397=DIRECTION('center_axis',(1.22464679914735E-16,0.,-1.));
#4398=DIRECTION('ref_axis',(0.707106781186547,0.707106781186548,0.));
#4399=DIRECTION('center_axis',(0.,0.,1.));
#4400=DIRECTION('ref_axis',(1.,0.,0.));
#4401=DIRECTION('',(1.22464679914735E-16,0.,-1.));
#4402=DIRECTION('center_axis',(1.22464679914735E-16,0.,-1.));
#4403=DIRECTION('ref_axis',(0.707106781186547,0.707106781186548,0.));
#4404=DIRECTION('',(1.22464679914735E-16,0.,-1.));
#4405=DIRECTION('center_axis',(0.,0.,1.));
#4406=DIRECTION('ref_axis',(1.,0.,0.));
#4407=DIRECTION('center_axis',(0.,-1.,0.));
#4408=DIRECTION('ref_axis',(0.,0.,-1.));
#4409=DIRECTION('center_axis',(0.,-1.,0.));
#4410=DIRECTION('ref_axis',(0.,0.,-1.));
#4411=DIRECTION('center_axis',(0.,1.,0.));
#4412=DIRECTION('ref_axis',(0.,0.,1.));
#4413=DIRECTION('center_axis',(0.85800486064843,1.77986241232384E-15,-0.513641566760001));
#4414=DIRECTION('ref_axis',(-2.96059473233375E-15,1.,-1.48029736616688E-15));
#4415=DIRECTION('center_axis',(0.,-1.,0.));
#4416=DIRECTION('ref_axis',(-0.707106781186549,0.,-0.707106781186546));
#4417=DIRECTION('center_axis',(-1.,0.,0.));
#4418=DIRECTION('ref_axis',(0.,0.,1.));
#4419=DIRECTION('center_axis',(1.,0.,4.04089062138529E-18));
#4420=DIRECTION('ref_axis',(0.,0.707106781186547,0.707106781186547));
#4421=DIRECTION('',(1.,0.,4.04089062138529E-18));
#4422=DIRECTION('center_axis',(1.,0.,4.04089062138529E-18));
#4423=DIRECTION('ref_axis',(0.,0.707106781186547,0.707106781186547));
#4424=DIRECTION('',(1.,0.,4.04089062138529E-18));
#4425=DIRECTION('center_axis',(0.,-1.,0.));
#4426=DIRECTION('ref_axis',(0.,0.,-1.));
#4427=DIRECTION('center_axis',(0.,-1.,0.));
#4428=DIRECTION('ref_axis',(-1.,0.,0.));
#4429=DIRECTION('center_axis',(1.,0.,1.22464679914735E-16));
#4430=DIRECTION('ref_axis',(-1.22464679914735E-16,0.,1.));
#4431=DIRECTION('',(0.,1.,0.));
#4432=DIRECTION('center_axis',(0.,-1.,0.));
#4433=DIRECTION('ref_axis',(0.707106781186547,0.,-0.707106781186548));
#4434=DIRECTION('',(0.,-1.,0.));
#4435=DIRECTION('center_axis',(-1.00992633240894E-17,0.,-1.));
#4436=DIRECTION('ref_axis',(1.,0.,-1.00992633240894E-17));
#4437=DIRECTION('',(0.,1.,0.));
#4438=DIRECTION('center_axis',(0.,-1.,0.));
#4439=DIRECTION('ref_axis',(-0.851102226527458,0.,-0.525000000000003));
#4440=DIRECTION('',(0.,1.,0.));
#4441=DIRECTION('center_axis',(0.,-1.,0.));
#4442=DIRECTION('ref_axis',(0.344601218802254,0.,0.93874916777593));
#4443=DIRECTION('',(0.,-1.,0.));
#4444=DIRECTION('center_axis',(4.04089062138529E-18,0.,-1.));
#4445=DIRECTION('ref_axis',(1.,0.,4.04089062138529E-18));
#4446=DIRECTION('center_axis',(0.,1.,0.));
#4447=DIRECTION('ref_axis',(0.631961232988227,0.,-0.775));
#4448=DIRECTION('center_axis',(4.04089062138529E-18,0.,-1.));
#4449=DIRECTION('ref_axis',(1.,0.,4.04089062138529E-18));
#4450=DIRECTION('',(0.,1.,0.));
#4451=DIRECTION('center_axis',(0.,-1.,0.));
#4452=DIRECTION('ref_axis',(0.707106781186549,0.,-0.707106781186546));
#4453=DIRECTION('',(0.,1.,0.));
#4454=DIRECTION('center_axis',(1.,0.,0.));
#4455=DIRECTION('ref_axis',(0.,0.,1.));
#4456=DIRECTION('',(0.,-1.,0.));
#4457=DIRECTION('center_axis',(0.,-1.,0.));
#4458=DIRECTION('ref_axis',(0.707106781186549,0.,0.707106781186546));
#4459=DIRECTION('center_axis',(0.,-1.,0.));
#4460=DIRECTION('ref_axis',(-0.707106781186549,0.,0.707106781186546));
#4461=DIRECTION('',(0.,1.,0.));
#4462=DIRECTION('center_axis',(0.,-1.,0.));
#4463=DIRECTION('ref_axis',(-0.707106781186549,0.,-0.707106781186546));
#4464=DIRECTION('',(0.,-1.,0.));
#4465=DIRECTION('center_axis',(-1.,0.,-1.22464679914735E-16));
#4466=DIRECTION('ref_axis',(1.22464679914735E-16,0.,-1.));
#4467=DIRECTION('center_axis',(0.,-1.,0.));
#4468=DIRECTION('ref_axis',(-1.,0.,-1.22464679914735E-16));
#4469=DIRECTION('',(0.,-1.,0.));
#4470=DIRECTION('center_axis',(0.,-1.,0.));
#4471=DIRECTION('ref_axis',(-1.,0.,-1.22464679914735E-16));
#4472=DIRECTION('center_axis',(0.,1.,0.));
#4473=DIRECTION('ref_axis',(1.22464679914735E-16,0.,-1.));
#4474=DIRECTION('center_axis',(0.,-1.,0.));
#4475=DIRECTION('ref_axis',(-1.,0.,-1.22464679914735E-16));
#4476=DIRECTION('',(0.,-1.,0.));
#4477=DIRECTION('center_axis',(0.,-1.,0.));
#4478=DIRECTION('ref_axis',(-1.,0.,-1.22464679914735E-16));
#4479=DIRECTION('center_axis',(0.,1.,0.));
#4480=DIRECTION('ref_axis',(1.22464679914735E-16,0.,-1.));
#4481=DIRECTION('center_axis',(0.,-1.,0.));
#4482=DIRECTION('ref_axis',(1.,0.,0.));
#4483=DIRECTION('',(0.,-1.,0.));
#4484=DIRECTION('center_axis',(0.,-1.,0.));
#4485=DIRECTION('ref_axis',(1.,0.,0.));
#4486=DIRECTION('center_axis',(0.,1.,0.));
#4487=DIRECTION('ref_axis',(0.,0.,1.));
#4488=DIRECTION('center_axis',(0.,-1.,0.));
#4489=DIRECTION('ref_axis',(1.,0.,0.));
#4490=DIRECTION('',(0.,-1.,0.));
#4491=DIRECTION('center_axis',(0.,-1.,0.));
#4492=DIRECTION('ref_axis',(1.,0.,0.));
#4493=DIRECTION('center_axis',(0.,1.,0.));
#4494=DIRECTION('ref_axis',(0.,0.,1.));
#4495=DIRECTION('center_axis',(2.8362960543965E-16,0.707106781186548,0.707106781186548));
#4496=DIRECTION('ref_axis',(1.,0.,-4.01112834703282E-16));
#4497=DIRECTION('',(0.,-0.707106781186548,0.707106781186547));
#4498=DIRECTION('',(1.,0.,-4.01112834703282E-16));
#4499=DIRECTION('',(-2.09345661157837E-15,0.707106781186548,-0.707106781186547));
#4500=DIRECTION('center_axis',(0.,-1.,0.));
#4501=DIRECTION('ref_axis',(0.,0.,1.));
#4502=DIRECTION('',(-0.707106781186547,0.707106781186547,0.));
#4503=DIRECTION('center_axis',(0.,1.,0.));
#4504=DIRECTION('ref_axis',(0.,0.,1.));
#4505=DIRECTION('center_axis',(0.707106781186546,0.707106781186549,-2.85471356124322E-16));
#4506=DIRECTION('ref_axis',(-4.03717463500057E-16,0.,-1.));
#4507=DIRECTION('',(-0.707106781186547,0.707106781186547,0.));
#4508=DIRECTION('',(-4.03717463500057E-16,0.,-1.));
#4509=DIRECTION('center_axis',(0.,-1.,0.));
#4510=DIRECTION('ref_axis',(1.,0.,0.));
#4511=DIRECTION('',(0.,0.707106781186547,0.707106781186548));
#4512=DIRECTION('center_axis',(0.,1.,0.));
#4513=DIRECTION('ref_axis',(1.,0.,0.));
#4514=DIRECTION('center_axis',(-2.02592575314035E-16,0.707106781186548,
-0.707106781186548));
#4515=DIRECTION('ref_axis',(-1.,0.,2.86509167645202E-16));
#4516=DIRECTION('',(-1.,0.,2.86509167645202E-16));
#4517=DIRECTION('',(0.,0.707106781186547,0.707106781186547));
#4518=DIRECTION('center_axis',(0.,-1.,0.));
#4519=DIRECTION('ref_axis',(0.,0.,-1.));
#4520=DIRECTION('',(0.707106781186549,0.707106781186546,-1.04672830578918E-15));
#4521=DIRECTION('center_axis',(0.,1.,0.));
#4522=DIRECTION('ref_axis',(0.,0.,-1.));
#4523=DIRECTION('center_axis',(-0.707106781186549,0.707106781186547,8.56414068372969E-16));
#4524=DIRECTION('ref_axis',(1.21115239050017E-15,0.,1.));
#4525=DIRECTION('',(0.707106781186547,0.707106781186549,0.));
#4526=DIRECTION('',(1.21115239050017E-15,0.,1.));
#4527=DIRECTION('center_axis',(0.,-1.,0.));
#4528=DIRECTION('ref_axis',(-1.,0.,9.44870659255458E-16));
#4529=DIRECTION('center_axis',(0.,1.,0.));
#4530=DIRECTION('ref_axis',(-1.,0.,9.44870659255458E-16));
#4531=DIRECTION('center_axis',(0.,-1.,0.));
#4532=DIRECTION('ref_axis',(-1.,0.,0.));
#4533=DIRECTION('',(0.,-1.,0.));
#4534=DIRECTION('',(0.,-1.,0.));
#4535=DIRECTION('center_axis',(-1.,0.,4.03717463500057E-16));
#4536=DIRECTION('ref_axis',(-4.03717463500057E-16,0.,-1.));
#4537=DIRECTION('',(0.,-1.,0.));
#4538=DIRECTION('center_axis',(0.,-1.,0.));
#4539=DIRECTION('ref_axis',(0.,0.,-1.));
#4540=DIRECTION('',(0.,-1.,0.));
#4541=DIRECTION('center_axis',(-4.01112834703282E-16,0.,-1.));
#4542=DIRECTION('ref_axis',(1.,0.,-4.01112834703282E-16));
#4543=DIRECTION('',(0.,-1.,0.));
#4544=DIRECTION('center_axis',(0.,-1.,0.));
#4545=DIRECTION('ref_axis',(0.,0.,1.));
#4546=DIRECTION('',(0.,-1.,0.));
#4547=DIRECTION('',(0.,-1.,0.));
#4548=DIRECTION('center_axis',(2.86509167645202E-16,0.,1.));
#4549=DIRECTION('ref_axis',(-1.,0.,2.86509167645202E-16));
#4550=DIRECTION('center_axis',(0.,-1.,0.));
#4551=DIRECTION('ref_axis',(1.,0.,-9.44870659255458E-16));
#4552=DIRECTION('',(0.,-1.,0.));
#4553=DIRECTION('center_axis',(1.,0.,-1.21115239050017E-15));
#4554=DIRECTION('ref_axis',(1.21115239050017E-15,0.,1.));
#4555=DIRECTION('center_axis',(0.,1.,0.));
#4556=DIRECTION('ref_axis',(-0.707106781186548,0.,0.707106781186547));
#4557=DIRECTION('',(0.,-1.,0.));
#4558=DIRECTION('center_axis',(0.,-1.,0.));
#4559=DIRECTION('ref_axis',(-0.707106781186549,0.,0.707106781186546));
#4560=DIRECTION('center_axis',(-1.,0.,3.1720657846433E-16));
#4561=DIRECTION('ref_axis',(3.1720657846433E-16,0.,1.));
#4562=DIRECTION('',(0.,1.,0.));
#4563=DIRECTION('',(-3.1720657846433E-16,0.,-1.));
#4564=DIRECTION('center_axis',(0.,1.,0.));
#4565=DIRECTION('ref_axis',(-0.707106781186547,0.,-0.707106781186548));
#4566=DIRECTION('center_axis',(0.,-1.,0.));
#4567=DIRECTION('ref_axis',(-0.707106781186546,0.,-0.707106781186549));
#4568=DIRECTION('center_axis',(1.88035024992069E-16,-0.707106781186548,
0.707106781186547));
#4569=DIRECTION('ref_axis',(1.,0.,-2.65921682544948E-16));
#4570=DIRECTION('',(1.04672830578918E-15,0.707106781186548,0.707106781186548));
#4571=DIRECTION('',(0.,-0.707106781186547,-0.707106781186548));
#4572=DIRECTION('',(1.,0.,-2.65921682544948E-16));
#4573=DIRECTION('center_axis',(0.707106781186548,-0.707106781186547,0.));
#4574=DIRECTION('ref_axis',(0.,0.,-1.));
#4575=DIRECTION('',(0.707106781186547,0.707106781186548,0.));
#4576=DIRECTION('',(0.,0.,1.));
#4577=DIRECTION('',(-0.707106781186547,-0.707106781186548,0.));
#4578=DIRECTION('',(0.,0.,-1.));
#4579=DIRECTION('center_axis',(0.,1.,0.));
#4580=DIRECTION('ref_axis',(0.707106781186547,0.,0.707106781186548));
#4581=DIRECTION('center_axis',(0.,-1.,0.));
#4582=DIRECTION('ref_axis',(0.707106781186547,0.,0.707106781186548));
#4583=DIRECTION('center_axis',(-7.52140099968275E-17,-0.707106781186548,
-0.707106781186548));
#4584=DIRECTION('ref_axis',(-1.,0.,1.06368673017979E-16));
#4585=DIRECTION('',(0.,0.707106781186548,-0.707106781186548));
#4586=DIRECTION('',(0.,-0.707106781186548,0.707106781186548));
#4587=DIRECTION('',(-1.,0.,1.06368673017979E-16));
#4588=DIRECTION('center_axis',(0.,1.,0.));
#4589=DIRECTION('ref_axis',(0.707106781186547,0.,-0.707106781186547));
#4590=DIRECTION('center_axis',(0.,-1.,0.));
#4591=DIRECTION('ref_axis',(0.707106781186547,0.,-0.707106781186547));
#4592=DIRECTION('center_axis',(-0.707106781186549,-0.707106781186546,2.24298922669111E-16));
#4593=DIRECTION('ref_axis',(3.1720657846433E-16,0.,1.));
#4594=DIRECTION('',(-0.707106781186546,0.707106781186549,0.));
#4595=DIRECTION('',(0.707106781186546,-0.707106781186549,0.));
#4596=DIRECTION('',(3.1720657846433E-16,0.,1.));
#4597=DIRECTION('center_axis',(0.,1.,0.));
#4598=DIRECTION('ref_axis',(-0.707106781186546,0.,-0.707106781186549));
#4599=DIRECTION('center_axis',(0.,1.,0.));
#4600=DIRECTION('ref_axis',(-0.707106781186549,0.,0.707106781186546));
#4601=DIRECTION('center_axis',(0.,1.,0.));
#4602=DIRECTION('ref_axis',(0.707106781186547,0.,-0.707106781186547));
#4603=DIRECTION('',(0.,-1.,0.));
#4604=DIRECTION('center_axis',(0.,1.,0.));
#4605=DIRECTION('ref_axis',(0.,0.,1.));
#4606=DIRECTION('center_axis',(1.,0.,0.));
#4607=DIRECTION('ref_axis',(0.,0.,-1.));
#4608=DIRECTION('',(0.,1.,0.));
#4609=DIRECTION('center_axis',(0.,1.,0.));
#4610=DIRECTION('ref_axis',(0.707106781186547,0.,0.707106781186548));
#4611=CARTESIAN_POINT('',(0.,0.,0.));
#4612=CARTESIAN_POINT('Origin',(75.6428869415287,24.,-8.69944219377278));
#4613=CARTESIAN_POINT('',(75.6428869415287,10.,-10.6994421937728));
#4614=CARTESIAN_POINT('',(73.6428869415286,10.,-8.69944219377278));
#4615=CARTESIAN_POINT('Origin',(75.6428869415287,10.,-8.69944219377278));
#4616=CARTESIAN_POINT('',(75.6428869415287,24.,-10.6994421937728));
#4617=CARTESIAN_POINT('',(75.6428869415287,24.,-10.6994421937728));
#4618=CARTESIAN_POINT('',(73.6428869415286,24.,-8.69944219377278));
#4619=CARTESIAN_POINT('Origin',(75.6428869415287,24.,-8.69944219377278));
#4620=CARTESIAN_POINT('',(73.6428869415286,24.,-8.69944219377278));
#4621=CARTESIAN_POINT('Origin',(73.6428869415286,24.,2.06734102832975));
#4622=CARTESIAN_POINT('',(73.6428869415286,24.,0.0673410283297456));
#4623=CARTESIAN_POINT('',(73.6428869415286,24.,1.03367051416487));
#4624=CARTESIAN_POINT('',(73.6428869415286,10.,0.067341028329746));
#4625=CARTESIAN_POINT('',(73.6428869415286,24.,0.0673410283297455));
#4626=CARTESIAN_POINT('',(73.6428869415286,10.,-10.6994421937728));
#4627=CARTESIAN_POINT('Origin',(76.0656655759658,24.,-8.69944219377278));
#4628=CARTESIAN_POINT('',(78.0656655759658,10.,-8.69944219377278));
#4629=CARTESIAN_POINT('',(76.0656655759658,10.,-10.6994421937728));
#4630=CARTESIAN_POINT('Origin',(76.0656655759658,10.,-8.69944219377278));
#4631=CARTESIAN_POINT('',(78.0656655759658,24.,-8.69944219377278));
#4632=CARTESIAN_POINT('',(78.0656655759658,24.,-8.69944219377278));
#4633=CARTESIAN_POINT('',(76.0656655759658,24.,-10.6994421937728));
#4634=CARTESIAN_POINT('Origin',(76.0656655759658,24.,-8.69944219377278));
#4635=CARTESIAN_POINT('',(76.0656655759658,24.,-10.6994421937728));
#4636=CARTESIAN_POINT('Origin',(73.6428869415286,24.,-10.6994421937728));
#4637=CARTESIAN_POINT('',(78.0656655759658,10.,-10.6994421937728));
#4638=CARTESIAN_POINT('',(36.8214434707643,24.,-10.6994421937728));
#4639=CARTESIAN_POINT('Origin',(76.0656655759658,24.,0.067341028329744));
#4640=CARTESIAN_POINT('',(76.0656655759658,10.,2.06734102832975));
#4641=CARTESIAN_POINT('',(78.0656655759658,10.,0.0673410283297435));
#4642=CARTESIAN_POINT('Origin',(76.0656655759658,10.,0.067341028329744));
#4643=CARTESIAN_POINT('',(76.0656655759658,24.,2.06734102832975));
#4644=CARTESIAN_POINT('',(76.0656655759658,24.,2.06734102832975));
#4645=CARTESIAN_POINT('',(78.0656655759658,24.,0.0673410283297438));
#4646=CARTESIAN_POINT('Origin',(76.0656655759658,24.,0.067341028329744));
#4647=CARTESIAN_POINT('',(78.0656655759658,24.,0.0673410283297436));
#4648=CARTESIAN_POINT('Origin',(78.0656655759658,24.,-10.6994421937728));
#4649=CARTESIAN_POINT('',(78.0656655759658,10.,2.06734102832975));
#4650=CARTESIAN_POINT('',(78.0656655759658,24.,-5.34972109688639));
#4651=CARTESIAN_POINT('Origin',(75.6428869415287,24.,0.0673410283297451));
#4652=CARTESIAN_POINT('',(75.6428869415287,10.,2.06734102832975));
#4653=CARTESIAN_POINT('Origin',(75.6428869415287,10.,0.0673410283297451));
#4654=CARTESIAN_POINT('',(75.6428869415287,24.,2.06734102832975));
#4655=CARTESIAN_POINT('Origin',(75.6428869415287,24.,0.0673410283297451));
#4656=CARTESIAN_POINT('',(75.6428869415287,24.,2.06734102832975));
#4657=CARTESIAN_POINT('Origin',(78.0656655759658,24.,2.06734102832974));
#4658=CARTESIAN_POINT('',(73.6428869415286,10.,2.06734102832975));
#4659=CARTESIAN_POINT('',(39.0328327879829,24.,2.06734102832975));
#4660=CARTESIAN_POINT('Origin',(-76.1467039282567,24.,8.96308504674703));
#4661=CARTESIAN_POINT('',(-76.1467039282567,10.,10.963085046747));
#4662=CARTESIAN_POINT('',(-74.1467039282567,10.,8.96308504674703));
#4663=CARTESIAN_POINT('Origin',(-76.1467039282567,10.,8.96308504674703));
#4664=CARTESIAN_POINT('',(-76.1467039282567,24.,10.963085046747));
#4665=CARTESIAN_POINT('',(-76.1467039282567,24.,10.963085046747));
#4666=CARTESIAN_POINT('',(-74.1467039282567,24.,8.96308504674703));
#4667=CARTESIAN_POINT('Origin',(-76.1467039282567,24.,8.96308504674703));
#4668=CARTESIAN_POINT('',(-74.1467039282567,24.,8.96308504674703));
#4669=CARTESIAN_POINT('Origin',(-74.1467039282567,24.,10.963085046747));
#4670=CARTESIAN_POINT('',(-76.181217933557,10.,10.963085046747));
#4671=CARTESIAN_POINT('',(-78.181217933557,10.,10.963085046747));
#4672=CARTESIAN_POINT('',(-76.181217933557,24.,10.963085046747));
#4673=CARTESIAN_POINT('',(-76.181217933557,24.,10.963085046747));
#4674=CARTESIAN_POINT('',(-37.0733519641284,24.,10.963085046747));
#4675=CARTESIAN_POINT('Origin',(-76.1467039282567,24.,0.785147328043528));
#4676=CARTESIAN_POINT('',(-74.1467039282567,10.,0.785147328043527));
#4677=CARTESIAN_POINT('',(-76.1467039282567,10.,-1.21485267195647));
#4678=CARTESIAN_POINT('Origin',(-76.1467039282567,10.,0.785147328043528));
#4679=CARTESIAN_POINT('',(-74.1467039282567,24.,0.785147328043528));
#4680=CARTESIAN_POINT('',(-74.1467039282567,24.,0.785147328043528));
#4681=CARTESIAN_POINT('',(-76.1467039282567,24.,-1.21485267195647));
#4682=CARTESIAN_POINT('Origin',(-76.1467039282567,24.,0.785147328043528));
#4683=CARTESIAN_POINT('',(-76.1467039282567,24.,-1.21485267195647));
#4684=CARTESIAN_POINT('Origin',(-76.1639609309069,10.,4.87411618739528));
#4685=CARTESIAN_POINT('',(-74.1467039282567,10.,10.963085046747));
#4686=CARTESIAN_POINT('',(-76.181217933557,10.,-1.21485267195647));
#4687=CARTESIAN_POINT('',(-74.1467039282567,10.,-1.21485267195647));
#4688=CARTESIAN_POINT('',(-78.181217933557,10.,0.78514732804353));
#4689=CARTESIAN_POINT('Origin',(-76.181217933557,10.,0.785147328043529));
#4690=CARTESIAN_POINT('',(-78.181217933557,10.,8.96308504674703));
#4691=CARTESIAN_POINT('',(-78.181217933557,10.,-1.21485267195647));
#4692=CARTESIAN_POINT('Origin',(-76.181217933557,10.,8.96308504674703));
#4693=CARTESIAN_POINT('Origin',(-78.181217933557,24.,-1.21485267195647));
#4694=CARTESIAN_POINT('',(-76.181217933557,24.,-1.21485267195647));
#4695=CARTESIAN_POINT('',(-39.0906089667785,24.,-1.21485267195648));
#4696=CARTESIAN_POINT('',(-76.181217933557,24.,-1.21485267195647));
#4697=CARTESIAN_POINT('Origin',(-76.181217933557,24.,0.785147328043529));
#4698=CARTESIAN_POINT('',(-78.181217933557,24.,0.785147328043529));
#4699=CARTESIAN_POINT('Origin',(-76.181217933557,24.,0.785147328043529));
#4700=CARTESIAN_POINT('',(-78.181217933557,24.,0.78514732804353));
#4701=CARTESIAN_POINT('Origin',(-78.181217933557,24.,10.963085046747));
#4702=CARTESIAN_POINT('',(-78.181217933557,24.,8.96308504674703));
#4703=CARTESIAN_POINT('',(-78.181217933557,24.,5.48154252337353));
#4704=CARTESIAN_POINT('',(-78.181217933557,24.,8.96308504674703));
#4705=CARTESIAN_POINT('Origin',(-76.181217933557,24.,8.96308504674703));
#4706=CARTESIAN_POINT('Origin',(-76.181217933557,24.,8.96308504674703));
#4707=CARTESIAN_POINT('Origin',(-74.1467039282567,24.,-1.21485267195647));
#4708=CARTESIAN_POINT('',(-74.1467039282567,24.,-0.607426335978224));
#4709=CARTESIAN_POINT('Origin',(75.8542762587472,10.,-4.31605058272152));
#4710=CARTESIAN_POINT('Ctrl Pts',(-12.4646690203125,8.25233320284955,6.));
#4711=CARTESIAN_POINT('Ctrl Pts',(-12.3642617735692,8.31085989258316,6.00000000006618));
#4712=CARTESIAN_POINT('Ctrl Pts',(-12.208732175253,8.46775153564338,5.95160768532488));
#4713=CARTESIAN_POINT('Ctrl Pts',(-12.0419545735642,8.64764742139531,5.79171911729301));
#4714=CARTESIAN_POINT('Ctrl Pts',(-11.9864445058338,8.7,5.66173288996945));
#4715=CARTESIAN_POINT('Ctrl Pts',(-11.9734452457006,8.7,5.59326952117249));
#4716=CARTESIAN_POINT('Ctrl Pts',(-12.4503759434008,8.20329135521635,6.00000000000942));
#4717=CARTESIAN_POINT('Ctrl Pts',(-12.3405357833993,8.25555224099046,5.99711361069807));
#4718=CARTESIAN_POINT('Ctrl Pts',(-12.1740355254761,8.39457478124204,5.93436181732212));
#4719=CARTESIAN_POINT('Ctrl Pts',(-12.0220130395517,8.54022582386066,5.76006178738791));
#4720=CARTESIAN_POINT('Ctrl Pts',(-11.9833251808281,8.573041922497,5.64598650692275));
#4721=CARTESIAN_POINT('Ctrl Pts',(-11.9734452457006,8.56910030610043,5.59326952117248));
#4722=CARTESIAN_POINT('Ctrl Pts',(-12.4217919888674,8.10521520603263,6.0157801404554));
#4723=CARTESIAN_POINT('Ctrl Pts',(-12.2899064993834,8.14495941733631,6.0125714485367));
#4724=CARTESIAN_POINT('Ctrl Pts',(-12.0922761907145,8.24755485084612,5.93761712225818));
#4725=CARTESIAN_POINT('Ctrl Pts',(-11.9202550407266,8.32540718995365,5.74727945265994));
#4726=CARTESIAN_POINT('Ctrl Pts',(-11.8807175193558,8.31981017806459,5.6489685973727));
#4727=CARTESIAN_POINT('Ctrl Pts',(-11.8670069566747,8.30833992021392,5.6134791461369));
#4728=CARTESIAN_POINT('Ctrl Pts',(-12.3958720029317,8.01627956185699,6.06164507098105));
#4729=CARTESIAN_POINT('Ctrl Pts',(-12.23856061166,8.04772735362102,6.06837251522448));
#4730=CARTESIAN_POINT('Ctrl Pts',(-11.9964125334954,8.13021865722692,6.01364047132944));
#4731=CARTESIAN_POINT('Ctrl Pts',(-11.7362363502301,8.20057322548068,5.83780527294466));
#4732=CARTESIAN_POINT('Ctrl Pts',(-11.6412613356492,8.20626983202787,5.71774572484431));
#4733=CARTESIAN_POINT('Ctrl Pts',(-11.6108235547977,8.2,5.66212113880167));
#4734=CARTESIAN_POINT('Ctrl Pts',(-12.3841812193391,7.97616660142478,6.09103334842691));
#4735=CARTESIAN_POINT('Ctrl Pts',(-12.2141038259967,8.00542994629159,6.10474497239845));
#4736=CARTESIAN_POINT('Ctrl Pts',(-11.949627225576,8.0838757678217,6.06626674016944));
#4737=CARTESIAN_POINT('Ctrl Pts',(-11.6424754030821,8.17382371069766,5.89985251979938));
#4738=CARTESIAN_POINT('Ctrl Pts',(-11.5199165541808,8.2,5.75951958756908));
#4739=CARTESIAN_POINT('Ctrl Pts',(-11.4822214714182,8.2,5.68653904234495));
#4740=CARTESIAN_POINT('',(-11.8363124772227,8.11715568326501,5.99815501187745));
#4741=CARTESIAN_POINT('',(-11.9454458258534,8.12078363266716,6.));
#4742=CARTESIAN_POINT('Ctrl Pts',(-11.945441012537,8.12061913355525,6.00012450935129));
#4743=CARTESIAN_POINT('Ctrl Pts',(-11.9167762938234,8.11838714050558,6.00005199288051));
#4744=CARTESIAN_POINT('Ctrl Pts',(-11.8878625109959,8.11718653708301,5.99960895892002));
#4745=CARTESIAN_POINT('Ctrl Pts',(-11.8590272166904,8.11694995643998,5.99879764586543));
#4746=CARTESIAN_POINT('Ctrl Pts',(-11.8514327672469,8.11688764739213,5.9985839675894));
#4747=CARTESIAN_POINT('Ctrl Pts',(-11.8438437107569,8.1168920917299,5.99834497554623));
#4748=CARTESIAN_POINT('Ctrl Pts',(-11.8362658308134,8.11696180999488,5.99808130388113));
#4749=CARTESIAN_POINT('',(-11.4822214714182,8.2,5.68653904234494));
#4750=CARTESIAN_POINT('Ctrl Pts',(-11.8362686721802,8.11696098107069,5.9980826109809));
#4751=CARTESIAN_POINT('Ctrl Pts',(-11.7706609561735,8.13610100916882,5.96790154620869));
#4752=CARTESIAN_POINT('Ctrl Pts',(-11.6256001511182,8.17742795046832,5.88052993631033));
#4753=CARTESIAN_POINT('Ctrl Pts',(-11.5199165541808,8.2,5.75951958756908));
#4754=CARTESIAN_POINT('Ctrl Pts',(-11.4822214714182,8.2,5.68653904234495));
#4755=CARTESIAN_POINT('',(-11.9734452457006,8.7,5.59326952117249));
#4756=CARTESIAN_POINT('Origin',(-11.4822214714181,8.7,5.68653904234497));
#4757=CARTESIAN_POINT('',(-12.4646690202458,8.25233320273519,6.));
#4758=CARTESIAN_POINT('Ctrl Pts',(-11.9734452457006,8.7,5.59326952117249));
#4759=CARTESIAN_POINT('Ctrl Pts',(-11.9864445058338,8.7,5.66173288996945));
#4760=CARTESIAN_POINT('Ctrl Pts',(-12.0419545735642,8.64764742139531,5.79171911729301));
#4761=CARTESIAN_POINT('Ctrl Pts',(-12.208732175253,8.46775153564338,5.95160768532488));
#4762=CARTESIAN_POINT('Ctrl Pts',(-12.3642617735692,8.31085989258316,6.00000000006618));
#4763=CARTESIAN_POINT('Ctrl Pts',(-12.4646690203125,8.25233320284955,6.));
#4764=CARTESIAN_POINT('Ctrl Pts',(-12.464669019983,8.25233320304162,6.));
#4765=CARTESIAN_POINT('Ctrl Pts',(-12.464178476423,8.25208856022134,6.));
#4766=CARTESIAN_POINT('Ctrl Pts',(-12.4636876937525,8.25184439366567,6.));
#4767=CARTESIAN_POINT('Ctrl Pts',(-12.4190640755551,8.2296977391708,6.));
#4768=CARTESIAN_POINT('Ctrl Pts',(-12.3721559882258,8.21119942808577,6.));
#4769=CARTESIAN_POINT('Ctrl Pts',(-12.2632709337216,8.17511319038313,6.));
#4770=CARTESIAN_POINT('Ctrl Pts',(-12.1980570420473,8.15871051318086,6.));
#4771=CARTESIAN_POINT('Ctrl Pts',(-12.0723763395523,8.1345194322777,6.));
#4772=CARTESIAN_POINT('Ctrl Pts',(-12.0088948472862,8.12579451074511,6.));
#4773=CARTESIAN_POINT('Ctrl Pts',(-11.9454458258534,8.12078363266716,6.));
#4774=CARTESIAN_POINT('Origin',(-12.464669019983,8.7,5.5));
#4775=CARTESIAN_POINT('',(-11.464669019983,8.2,5.5));
#4776=CARTESIAN_POINT('',(-11.964669019983,8.7,5.5));
#4777=CARTESIAN_POINT('Origin',(-11.464669019983,8.7,5.5));
#4778=CARTESIAN_POINT('Origin',(-12.464669019983,8.7,5.5));
#4779=CARTESIAN_POINT('Origin',(-12.464669019983,8.2,5.5));
#4780=CARTESIAN_POINT('Origin',(-11.464669019983,8.7,3.00000000000001));
#4781=CARTESIAN_POINT('',(-11.464669019983,8.2,5.45000000000001));
#4782=CARTESIAN_POINT('',(-11.964669019983,8.7,5.45000000000001));
#4783=CARTESIAN_POINT('Origin',(-11.464669019983,8.7,5.45000000000001));
#4784=CARTESIAN_POINT('',(-11.964669019983,8.7,3.00000000000001));
#4785=CARTESIAN_POINT('',(-11.464669019983,8.2,3.00000000000001));
#4786=CARTESIAN_POINT('Ctrl Pts',(-11.964669019983,8.7,5.45000000000001));
#4787=CARTESIAN_POINT('Ctrl Pts',(-11.964669019983,8.6275569555226,5.24474470731404));
#4788=CARTESIAN_POINT('Ctrl Pts',(-12.0305065965548,8.49344223166204,4.90267328731469));
#4789=CARTESIAN_POINT('Ctrl Pts',(-12.220495379467,8.2787762319625,4.24172758152192));
#4790=CARTESIAN_POINT('Ctrl Pts',(-12.3672645522932,8.20041211268844,3.76837085486934));
#4791=CARTESIAN_POINT('Ctrl Pts',(-12.4633645070232,8.20000314906091,3.45425935029622));
#4792=CARTESIAN_POINT('Ctrl Pts',(-12.4640167730377,8.2,3.45213022960349));
#4793=CARTESIAN_POINT('Ctrl Pts',(-12.464669019983,8.2,3.45000000000001));
#4794=CARTESIAN_POINT('Ctrl Pts',(-11.964669019983,8.56910030610043,5.45000000000001));
#4795=CARTESIAN_POINT('Ctrl Pts',(-11.9452748637717,8.50869728601724,5.24494787991423));
#4796=CARTESIAN_POINT('Ctrl Pts',(-11.9876448001725,8.40422344690952,4.88558976218538));
#4797=CARTESIAN_POINT('Ctrl Pts',(-12.1806963586431,8.25204121466482,4.21186219300709));
#4798=CARTESIAN_POINT('Ctrl Pts',(-12.3509466798697,8.20031709818114,3.75500989213349));
#4799=CARTESIAN_POINT('Ctrl Pts',(-12.4631474837615,8.20000190201289,3.45408233190694));
#4800=CARTESIAN_POINT('Ctrl Pts',(-12.4639080652135,8.2,3.45204147003671));
#4801=CARTESIAN_POINT('Ctrl Pts',(-12.464669019983,8.2,3.45000000000001));
#4802=CARTESIAN_POINT('Ctrl Pts',(-11.8563321255534,8.30833689442953,5.45000000000001));
#4803=CARTESIAN_POINT('Ctrl Pts',(-11.8208517535833,8.28714893665384,5.22371175433867));
#4804=CARTESIAN_POINT('Ctrl Pts',(-11.8605756911237,8.25435066634072,4.82802833756935));
#4805=CARTESIAN_POINT('Ctrl Pts',(-12.1006082077883,8.21247131926465,4.14904344406003));
#4806=CARTESIAN_POINT('Ctrl Pts',(-12.3186326724239,8.20004100324394,3.72842173720362));
#4807=CARTESIAN_POINT('Ctrl Pts',(-12.4627119314982,8.20000065349911,3.45372766422062));
#4808=CARTESIAN_POINT('Ctrl Pts',(-12.463690649565,8.2,3.45186395090316));
#4809=CARTESIAN_POINT('Ctrl Pts',(-12.464669019983,8.2,3.45000000000001));
#4810=CARTESIAN_POINT('Ctrl Pts',(-11.5955687138825,8.2,5.45000000000001));
#4811=CARTESIAN_POINT('Ctrl Pts',(-11.5833763100382,8.20039364074637,5.17348800196399));
#4812=CARTESIAN_POINT('Ctrl Pts',(-11.6842675905318,8.20036347850897,4.74440762673142));
#4813=CARTESIAN_POINT('Ctrl Pts',(-12.017552860754,8.20050073059144,4.08328175658739));
#4814=CARTESIAN_POINT('Ctrl Pts',(-12.2860843512638,8.2000857075954,3.70194102389815));
#4815=CARTESIAN_POINT('Ctrl Pts',(-12.4622774613486,8.19999960111988,3.45337248790808));
#4816=CARTESIAN_POINT('Ctrl Pts',(-12.4634732339166,8.2,3.4516864317696));
#4817=CARTESIAN_POINT('Ctrl Pts',(-12.464669019983,8.2,3.45000000000001));
#4818=CARTESIAN_POINT('Ctrl Pts',(-11.464669019983,8.2,5.45000000000001));
#4819=CARTESIAN_POINT('Ctrl Pts',(-11.464669019983,8.2,5.14815398134418));
#4820=CARTESIAN_POINT('Ctrl Pts',(-11.5963441731266,8.20000000000005,4.70253062007323));
#4821=CARTESIAN_POINT('Ctrl Pts',(-11.976321738951,8.20000000000003,4.05040168908159));
#4822=CARTESIAN_POINT('Ctrl Pts',(-12.2698600846032,8.20000000000013,3.68869998813626));
#4823=CARTESIAN_POINT('Ctrl Pts',(-12.4620599940634,8.2,3.45319490288822));
#4824=CARTESIAN_POINT('Ctrl Pts',(-12.4633645260924,8.2,3.45159767220282));
#4825=CARTESIAN_POINT('Ctrl Pts',(-12.464669019983,8.2,3.45000000000001));
#4826=CARTESIAN_POINT('',(-12.464669019983,8.2,3.45000000000001));
#4827=CARTESIAN_POINT('Ctrl Pts',(-11.464669019983,8.2,5.45000000000001));
#4828=CARTESIAN_POINT('Ctrl Pts',(-11.464669019983,8.2,5.14815398134418));
#4829=CARTESIAN_POINT('Ctrl Pts',(-11.5963441731266,8.20000000000005,4.70253062007323));
#4830=CARTESIAN_POINT('Ctrl Pts',(-11.976321738951,8.20000000000003,4.05040168908159));
#4831=CARTESIAN_POINT('Ctrl Pts',(-12.2698600846032,8.20000000000013,3.68869998813626));
#4832=CARTESIAN_POINT('Ctrl Pts',(-12.4620599940634,8.2,3.45319490288822));
#4833=CARTESIAN_POINT('Ctrl Pts',(-12.4633645260924,8.2,3.45159767220282));
#4834=CARTESIAN_POINT('Ctrl Pts',(-12.464669019983,8.2,3.45000000000001));
#4835=CARTESIAN_POINT('Ctrl Pts',(-12.464669019983,8.2,3.45000000000001));
#4836=CARTESIAN_POINT('Ctrl Pts',(-12.4640167730377,8.2,3.45213022960349));
#4837=CARTESIAN_POINT('Ctrl Pts',(-12.4633645070232,8.20000314906091,3.45425935029622));
#4838=CARTESIAN_POINT('Ctrl Pts',(-12.3672645522932,8.20041211268844,3.76837085486934));
#4839=CARTESIAN_POINT('Ctrl Pts',(-12.220495379467,8.2787762319625,4.24172758152192));
#4840=CARTESIAN_POINT('Ctrl Pts',(-12.0305065965548,8.49344223166204,4.90267328731469));
#4841=CARTESIAN_POINT('Ctrl Pts',(-11.964669019983,8.6275569555226,5.24474470731404));
#4842=CARTESIAN_POINT('Ctrl Pts',(-11.964669019983,8.7,5.45000000000001));
#4843=CARTESIAN_POINT('Origin',(-1.77635683940025E-14,8.2,-1.11022302462516E-15));
#4844=CARTESIAN_POINT('',(-11.2716265834778,8.2,1.7518829859916));
#4845=CARTESIAN_POINT('Ctrl Pts',(-11.2716265834777,8.2,1.75188298599159));
#4846=CARTESIAN_POINT('Ctrl Pts',(-10.9961840586601,8.2,1.81266306342515));
#4847=CARTESIAN_POINT('Ctrl Pts',(-10.4647435356235,8.2,2.04563056875722));
#4848=CARTESIAN_POINT('Ctrl Pts',(-9.881826794531,8.2,2.69622600450429));
#4849=CARTESIAN_POINT('Ctrl Pts',(-9.64033781623106,8.2,3.53516411491981));
#4850=CARTESIAN_POINT('Ctrl Pts',(-9.81334311761825,8.2,4.54085390579044));
#4851=CARTESIAN_POINT('Ctrl Pts',(-10.4900439104607,8.2,5.35318920686716));
#4852=CARTESIAN_POINT('Ctrl Pts',(-11.1825751718318,8.2,5.63119866627116));
#4853=CARTESIAN_POINT('Ctrl Pts',(-11.4822693962507,8.2,5.68627598922869));
#4854=CARTESIAN_POINT('',(-22.4530872300446,8.2,-4.40000000003719));
#4855=CARTESIAN_POINT('Origin',(-6.39455046676331,8.2,-20.35));
#4856=CARTESIAN_POINT('',(-69.,8.2,-4.39999999999998));
#4857=CARTESIAN_POINT('',(-34.5,8.2,-4.39999999999999));
#4858=CARTESIAN_POINT('',(-69.,8.2,3.45000000000003));
#4859=CARTESIAN_POINT('',(-69.,8.2,-6.39999999999998));
#4860=CARTESIAN_POINT('',(-5.98233450999149,8.2,3.45000000000001));
#4861=CARTESIAN_POINT('Ctrl Pts',(-11.8321823447735,7.65092458131946,6.2200555945726));
#4862=CARTESIAN_POINT('Ctrl Pts',(-11.3120934579433,7.68254678673192,6.21349476686574));
#4863=CARTESIAN_POINT('Ctrl Pts',(-10.277334101338,7.75185894072848,5.88975343262185));
#4864=CARTESIAN_POINT('Ctrl Pts',(-9.35754087323031,7.83083542634936,4.76193323442866));
#4865=CARTESIAN_POINT('Ctrl Pts',(-9.15397377026971,7.86817775214134,3.50880840616803));
#4866=CARTESIAN_POINT('Ctrl Pts',(-9.45641134569244,7.8698715359769,2.46031687455914));
#4867=CARTESIAN_POINT('Ctrl Pts',(-10.1752289812833,7.84095688313123,1.64398425057007));
#4868=CARTESIAN_POINT('Ctrl Pts',(-10.8277547324319,7.8061804101234,1.34907485862399));
#4869=CARTESIAN_POINT('Ctrl Pts',(-11.165523580225,7.78682408883347,1.27104649580081));
#4870=CARTESIAN_POINT('Ctrl Pts',(-11.8318919967946,7.80911946219538,6.23565518768203));
#4871=CARTESIAN_POINT('Ctrl Pts',(-11.3086106405961,7.83570560248407,6.2180327809237));
#4872=CARTESIAN_POINT('Ctrl Pts',(-10.2819222805961,7.89171079522758,5.87252835348005));
#4873=CARTESIAN_POINT('Ctrl Pts',(-9.38774705125638,7.95101560787846,4.74468861731717));
#4874=CARTESIAN_POINT('Ctrl Pts',(-9.19459627612243,7.97820342608936,3.51042602359451));
#4875=CARTESIAN_POINT('Ctrl Pts',(-9.49203071389259,7.97940349721989,2.48061124927208));
#4876=CARTESIAN_POINT('Ctrl Pts',(-10.1950779344317,7.95844188870433,1.67380820690081));
#4877=CARTESIAN_POINT('Ctrl Pts',(-10.8365633584564,7.93251060444893,1.37550810480057));
#4878=CARTESIAN_POINT('Ctrl Pts',(-11.1704992837937,7.91778132913237,1.29359533765112));
#4879=CARTESIAN_POINT('Ctrl Pts',(-11.8340359822505,8.09625455316318,6.12046478451728));
#4880=CARTESIAN_POINT('Ctrl Pts',(-11.3335312988053,8.10457577272165,6.09605455802508));
#4881=CARTESIAN_POINT('Ctrl Pts',(-10.359329759104,8.12128597681341,5.75239159998997));
#4882=CARTESIAN_POINT('Ctrl Pts',(-9.51921133465462,8.13778983716708,4.68025585089353));
#4883=CARTESIAN_POINT('Ctrl Pts',(-9.3384169876765,8.14511653724307,3.51814867234021));
#4884=CARTESIAN_POINT('Ctrl Pts',(-9.61791679737775,8.14544580300124,2.55051603282071));
#4885=CARTESIAN_POINT('Ctrl Pts',(-10.2787074752859,8.13977677154645,1.79071795784062));
#4886=CARTESIAN_POINT('Ctrl Pts',(-10.8839236808511,8.13261935287621,1.50626831682934));
#4887=CARTESIAN_POINT('Ctrl Pts',(-11.1999274082662,8.12844324228324,1.42695740705972));
#4888=CARTESIAN_POINT('Ctrl Pts',(-11.8392234378193,8.2,5.84175715768612));
#4889=CARTESIAN_POINT('Ctrl Pts',(-11.3919648969918,8.19989495306967,5.8289386347308));
#4890=CARTESIAN_POINT('Ctrl Pts',(-10.507272072721,8.19990967761502,5.54051337562243));
#4891=CARTESIAN_POINT('Ctrl Pts',(-9.7251837732166,8.19988918064974,4.58265222203869));
#4892=CARTESIAN_POINT('Ctrl Pts',(-9.54982330917174,8.19990634685082,3.53006784797719));
#4893=CARTESIAN_POINT('Ctrl Pts',(-9.80270876793967,8.19990197243313,2.65253716903336));
#4894=CARTESIAN_POINT('Ctrl Pts',(-10.4089776195596,8.1999487592197,1.9692090284148));
#4895=CARTESIAN_POINT('Ctrl Pts',(-10.9625398436566,8.19996861451647,1.72081257006406));
#4896=CARTESIAN_POINT('Ctrl Pts',(-11.2501361323447,8.2,1.65449278233415));
#4897=CARTESIAN_POINT('Ctrl Pts',(-11.8414420738494,8.2,5.72255598583027));
#4898=CARTESIAN_POINT('Ctrl Pts',(-11.4169293503308,8.2,5.71465472773889));
#4899=CARTESIAN_POINT('Ctrl Pts',(-10.5705435883358,8.2,5.44982383587142));
#4900=CARTESIAN_POINT('Ctrl Pts',(-9.81334311761825,8.2,4.54085390579044));
#4901=CARTESIAN_POINT('Ctrl Pts',(-9.64033781623106,8.2,3.53516411491981));
#4902=CARTESIAN_POINT('Ctrl Pts',(-9.881826794531,8.2,2.69622600450429));
#4903=CARTESIAN_POINT('Ctrl Pts',(-10.4647435356235,8.2,2.04563056875722));
#4904=CARTESIAN_POINT('Ctrl Pts',(-10.9961840586601,8.2,1.81266306342515));
#4905=CARTESIAN_POINT('Ctrl Pts',(-11.2716265834777,8.2,1.75188298599159));
#4906=CARTESIAN_POINT('',(-9.75814814651764,7.79767743289917,5.19136873738781));
#4907=CARTESIAN_POINT('Ctrl Pts',(-11.8363124772227,8.11715568326501,5.99815501187745));
#4908=CARTESIAN_POINT('Ctrl Pts',(-11.7794136153761,8.11774096019611,5.99621008552714));
#4909=CARTESIAN_POINT('Ctrl Pts',(-11.7225653080232,8.11804643249933,5.99272992790594));
#4910=CARTESIAN_POINT('Ctrl Pts',(-11.5538191551234,8.11813961627207,5.97785020617652));
#4911=CARTESIAN_POINT('Ctrl Pts',(-11.4423688957452,8.11714338692904,5.9620431630471));
#4912=CARTESIAN_POINT('Ctrl Pts',(-11.1398315972432,8.11129353825677,5.90286080519743));
#4913=CARTESIAN_POINT('Ctrl Pts',(-10.9514275720578,8.10429834746752,5.84776132983314));
#4914=CARTESIAN_POINT('Ctrl Pts',(-10.4091661310255,8.06763392408975,5.63576431248343));
#4915=CARTESIAN_POINT('Ctrl Pts',(-10.1424205861123,8.02608181109988,5.45894473750474));
#4916=CARTESIAN_POINT('Ctrl Pts',(-9.90870297426988,7.93935035663653,5.29263131551638));
#4917=CARTESIAN_POINT('Ctrl Pts',(-9.8591411314727,7.91355487922496,5.25568868133164));
#4918=CARTESIAN_POINT('Ctrl Pts',(-9.8078806879062,7.87296953631984,5.21952519038639));
#4919=CARTESIAN_POINT('Ctrl Pts',(-9.7928550967341,7.85879268918068,5.2092227872851));
#4920=CARTESIAN_POINT('Ctrl Pts',(-9.77563720660468,7.83554093054082,5.19884198460973));
#4921=CARTESIAN_POINT('Ctrl Pts',(-9.77096536505311,7.82818094673314,5.19624189647689));
#4922=CARTESIAN_POINT('Ctrl Pts',(-9.76336954449023,7.81312753269117,5.19268830838188));
#4923=CARTESIAN_POINT('Ctrl Pts',(-9.76035652978602,7.8055828727082,5.19162276338799));
#4924=CARTESIAN_POINT('Ctrl Pts',(-9.75814814651764,7.79767743289917,5.19136873738781));
#4925=CARTESIAN_POINT('',(-11.165523580225,7.78682408883347,1.27104649580081));
#4926=CARTESIAN_POINT('Ctrl Pts',(-9.75880033896298,7.79765182795858,5.19086258571017));
#4927=CARTESIAN_POINT('Ctrl Pts',(-9.60908684012878,7.81068334702497,4.99729260422937));
#4928=CARTESIAN_POINT('Ctrl Pts',(-9.31111346085436,7.83935206549885,4.4761338969421));
#4929=CARTESIAN_POINT('Ctrl Pts',(-9.15397377026971,7.86817775214134,3.50880840616803));
#4930=CARTESIAN_POINT('Ctrl Pts',(-9.45641134569244,7.8698715359769,2.46031687455914));
#4931=CARTESIAN_POINT('Ctrl Pts',(-10.1752289812833,7.84095688313123,1.64398425057007));
#4932=CARTESIAN_POINT('Ctrl Pts',(-10.8277547324319,7.8061804101234,1.34907485862399));
#4933=CARTESIAN_POINT('Ctrl Pts',(-11.165523580225,7.78682408883347,1.27104649580081));
#4934=CARTESIAN_POINT('Origin',(-11.2716265834778,7.7,1.7518829859916));
#4935=CARTESIAN_POINT('Ctrl Pts',(11.0624773812491,8.2,-3.45));
#4936=CARTESIAN_POINT('Ctrl Pts',(11.0611706862891,8.2,-3.45160036795064));
#4937=CARTESIAN_POINT('Ctrl Pts',(11.0598639327309,8.20000000000001,-3.45320068723327));
#4938=CARTESIAN_POINT('Ctrl Pts',(10.7964196703682,8.19999999999991,-3.77589010441531));
#4939=CARTESIAN_POINT('Ctrl Pts',(10.5309910757949,8.2,-4.10114975604318));
#4940=CARTESIAN_POINT('Ctrl Pts',(10.3364354651794,8.2,-4.46715824987499));
#4941=CARTESIAN_POINT('Ctrl Pts',(11.0624773812491,8.2,-3.45));
#4942=CARTESIAN_POINT('Ctrl Pts',(11.0613787262342,8.2,-3.45177927587775));
#4943=CARTESIAN_POINT('Ctrl Pts',(11.060308945735,8.20000000000001,-3.45355526228025));
#4944=CARTESIAN_POINT('Ctrl Pts',(10.8404387024716,8.19999999999991,-3.81213815852777));
#4945=CARTESIAN_POINT('Ctrl Pts',(10.6206186371175,8.2,-4.17321967517852));
#4946=CARTESIAN_POINT('Ctrl Pts',(10.4785016950526,8.2,-4.54267502767286));
#4947=CARTESIAN_POINT('Ctrl Pts',(11.0624773812491,8.2,-3.45));
#4948=CARTESIAN_POINT('Ctrl Pts',(11.061580447546,8.20003272402855,-3.45186890506643));
#4949=CARTESIAN_POINT('Ctrl Pts',(11.0607601466746,8.19997048471748,-3.45399212388845));
#4950=CARTESIAN_POINT('Ctrl Pts',(10.8842167605567,8.20133522771034,-3.84649248990068));
#4951=CARTESIAN_POINT('Ctrl Pts',(10.7110803099773,8.23154125695952,-4.24217878541778));
#4952=CARTESIAN_POINT('Ctrl Pts',(10.6186012376207,8.28314075354806,-4.61714639243799));
#4953=CARTESIAN_POINT('Ctrl Pts',(11.0624773812491,8.2,-3.45));
#4954=CARTESIAN_POINT('Ctrl Pts',(11.0618240337691,8.2,-3.45213382393423));
#4955=CARTESIAN_POINT('Ctrl Pts',(11.06117065699,8.20000466559646,-3.4542629815057));
#4956=CARTESIAN_POINT('Ctrl Pts',(10.9294485258088,8.20013753942625,-3.88583019702097));
#4957=CARTESIAN_POINT('Ctrl Pts',(10.796734228522,8.29816996958319,-4.304196551921));
#4958=CARTESIAN_POINT('Ctrl Pts',(10.6994564232143,8.41543136723729,-4.66012580485516));
#4959=CARTESIAN_POINT('',(10.6994564232143,8.41543136723729,-4.66012580485516));
#4960=CARTESIAN_POINT('',(10.3364354651795,8.2,-4.46715824987507));
#4961=CARTESIAN_POINT('Origin',(10.3364354651794,8.7,-4.46715824987499));
#4962=CARTESIAN_POINT('',(11.0624773812491,8.2,-3.45));
#4963=CARTESIAN_POINT('Ctrl Pts',(10.3364354651794,8.2,-4.46715824987499));
#4964=CARTESIAN_POINT('Ctrl Pts',(10.5309910757949,8.2,-4.10114975604318));
#4965=CARTESIAN_POINT('Ctrl Pts',(10.7964196703682,8.19999999999991,-3.77589010441531));
#4966=CARTESIAN_POINT('Ctrl Pts',(11.0598639327309,8.20000000000001,-3.45320068723327));
#4967=CARTESIAN_POINT('Ctrl Pts',(11.0611706862891,8.2,-3.45160036795064));
#4968=CARTESIAN_POINT('Ctrl Pts',(11.0624773812491,8.2,-3.45));
#4969=CARTESIAN_POINT('Ctrl Pts',(11.0624773812491,8.2,-3.45));
#4970=CARTESIAN_POINT('Ctrl Pts',(11.0618240337691,8.2,-3.45213382393423));
#4971=CARTESIAN_POINT('Ctrl Pts',(11.06117065699,8.20000466559646,-3.4542629815057));
#4972=CARTESIAN_POINT('Ctrl Pts',(10.9294485258088,8.20013753942625,-3.88583019702097));
#4973=CARTESIAN_POINT('Ctrl Pts',(10.796734228522,8.29816996958319,-4.304196551921));
#4974=CARTESIAN_POINT('Ctrl Pts',(10.6994564232143,8.41543136723729,-4.66012580485516));
#4975=CARTESIAN_POINT('Ctrl Pts',(10.5624773812491,8.50324369658957,-5.28603323685519));
#4976=CARTESIAN_POINT('Ctrl Pts',(10.5624773812491,8.50804176093007,-5.22116396658081));
#4977=CARTESIAN_POINT('Ctrl Pts',(10.5704129313904,8.51085139462544,-5.15410547418483));
#4978=CARTESIAN_POINT('Ctrl Pts',(10.5847776992872,8.50697597416134,-5.08315047670431));
#4979=CARTESIAN_POINT('Ctrl Pts',(10.5624773812491,8.39685357239955,-5.2450976369911));
#4980=CARTESIAN_POINT('Ctrl Pts',(10.5581812202026,8.40148879881948,-5.18058020654587));
#4981=CARTESIAN_POINT('Ctrl Pts',(10.5611838142337,8.40463813412248,-5.11483130463747));
#4982=CARTESIAN_POINT('Ctrl Pts',(10.5696103047259,8.40281095273881,-5.04584423132212));
#4983=CARTESIAN_POINT('Ctrl Pts',(10.491484684549,8.21133139891698,-5.17371449389002));
#4984=CARTESIAN_POINT('Ctrl Pts',(10.4797109144814,8.22070618066293,-5.10437418661678));
#4985=CARTESIAN_POINT('Ctrl Pts',(10.4758338419347,8.22942324640939,-5.03608350796908));
#4986=CARTESIAN_POINT('Ctrl Pts',(10.4781537306742,8.23557835943788,-4.966822600981));
#4987=CARTESIAN_POINT('Ctrl Pts',(10.3246735564013,8.09797042633907,-5.13009672909293));
#4988=CARTESIAN_POINT('Ctrl Pts',(10.3083086567083,8.11873176910998,-5.04863084863186));
#4989=CARTESIAN_POINT('Ctrl Pts',(10.3033689111333,8.13915710784345,-4.9696541422663));
#4990=CARTESIAN_POINT('Ctrl Pts',(10.307876849418,8.15604674091358,-4.89310359049566));
#4991=CARTESIAN_POINT('Ctrl Pts',(10.2450838997972,8.06882913105971,-5.11888406802914));
#4992=CARTESIAN_POINT('Ctrl Pts',(10.2275437876541,8.09505726367281,-5.0315559541671));
#4993=CARTESIAN_POINT('Ctrl Pts',(10.2231317864395,8.12088939358221,-4.9471280135525));
#4994=CARTESIAN_POINT('Ctrl Pts',(10.229702822261,8.142165666929,-4.86642539993942));
#4995=CARTESIAN_POINT('',(10.2297028222601,8.142165666929,-4.86642539993845));
#4996=CARTESIAN_POINT('',(10.5847776992872,8.50697597416134,-5.08315047670431));
#4997=CARTESIAN_POINT('Origin',(10.1070780173253,8.6132485003935,-4.98063626294964));
#4998=CARTESIAN_POINT('',(10.5624773812491,8.50324369658956,-5.28603323685519));
#4999=CARTESIAN_POINT('Ctrl Pts',(10.5847776992872,8.50697597416134,-5.08315047670431));
#5000=CARTESIAN_POINT('Ctrl Pts',(10.5704129313904,8.51085139462544,-5.15410547418483));
#5001=CARTESIAN_POINT('Ctrl Pts',(10.5624773812491,8.50804176093007,-5.22116396658081));
#5002=CARTESIAN_POINT('Ctrl Pts',(10.5624773812491,8.50324369658957,-5.28603323685519));
#5003=CARTESIAN_POINT('',(10.2450838997972,8.06882913105971,-5.11888406802913));
#5004=CARTESIAN_POINT('Origin',(10.0624773812491,8.50324369658957,-5.28603323685519));
#5005=CARTESIAN_POINT('Ctrl Pts',(10.2450838997972,8.06882913105971,-5.11888406802914));
#5006=CARTESIAN_POINT('Ctrl Pts',(10.2275437876541,8.09505726367281,-5.0315559541671));
#5007=CARTESIAN_POINT('Ctrl Pts',(10.2231317864395,8.12088939358221,-4.9471280135525));
#5008=CARTESIAN_POINT('Ctrl Pts',(10.229702822261,8.142165666929,-4.86642539993942));
#5009=CARTESIAN_POINT('Ctrl Pts',(10.2450838997972,8.06882913105971,-5.11888406802913));
#5010=CARTESIAN_POINT('Ctrl Pts',(10.2575449619515,8.05019581856919,-5.1809247805268));
#5011=CARTESIAN_POINT('Ctrl Pts',(10.2698362042615,8.02949920695886,-5.24208971605036));
#5012=CARTESIAN_POINT('Ctrl Pts',(10.2818830552451,8.00663444967371,-5.30201927778615));
#5013=CARTESIAN_POINT('Ctrl Pts',(10.3512034419359,8.1076841914322,-5.13383428278085));
#5014=CARTESIAN_POINT('Ctrl Pts',(10.3601535109091,8.09045757424426,-5.19767110972072));
#5015=CARTESIAN_POINT('Ctrl Pts',(10.3689540750823,8.07069270125016,-5.26070710467798));
#5016=CARTESIAN_POINT('Ctrl Pts',(10.3774337662486,8.04852111668699,-5.32258064257728));
#5017=CARTESIAN_POINT('Ctrl Pts',(10.5103260802925,8.23711996140068,-5.1836371279967));
#5018=CARTESIAN_POINT('Ctrl Pts',(10.5127204352364,8.21803022959572,-5.25100177493218));
#5019=CARTESIAN_POINT('Ctrl Pts',(10.5150019058905,8.19613495610826,-5.31753888492376));
#5020=CARTESIAN_POINT('Ctrl Pts',(10.5172248000938,8.17120926961969,-5.38280591347788));
#5021=CARTESIAN_POINT('Ctrl Pts',(10.5624773812491,8.42345110344705,-5.25533153695712));
#5022=CARTESIAN_POINT('Ctrl Pts',(10.5624658493822,8.39815176080437,-5.32638897544771));
#5023=CARTESIAN_POINT('Ctrl Pts',(10.5624861638729,8.36985219869593,-5.39637023148865));
#5024=CARTESIAN_POINT('Ctrl Pts',(10.5624773812491,8.33836054450966,-5.4648572816907));
#5025=CARTESIAN_POINT('Ctrl Pts',(10.5624773812491,8.50324369658957,-5.28603323685519));
#5026=CARTESIAN_POINT('Ctrl Pts',(10.5624773812491,8.47529372785378,-5.35867418152879));
#5027=CARTESIAN_POINT('Ctrl Pts',(10.5624773812491,8.44424881043829,-5.4301314515495));
#5028=CARTESIAN_POINT('Ctrl Pts',(10.5624773812491,8.40995167451056,-5.49999999999986));
#5029=CARTESIAN_POINT('',(10.5624773812491,8.40995167451056,-5.49999999999993));
#5030=CARTESIAN_POINT('',(10.2818830552451,8.00663444967371,-5.30201927778615));
#5031=CARTESIAN_POINT('Origin',(10.0624773812491,8.40995167451056,-5.49999999999986));
#5032=CARTESIAN_POINT('Ctrl Pts',(10.2818830552451,8.00663444967371,-5.30201927778615));
#5033=CARTESIAN_POINT('Ctrl Pts',(10.2698362042615,8.02949920695886,-5.24208971605036));
#5034=CARTESIAN_POINT('Ctrl Pts',(10.2575449619515,8.05019581856919,-5.1809247805268));
#5035=CARTESIAN_POINT('Ctrl Pts',(10.2450838997972,8.06882913105971,-5.11888406802913));
#5036=CARTESIAN_POINT('Ctrl Pts',(10.5624773812491,8.50324369658957,-5.28603323685519));
#5037=CARTESIAN_POINT('Ctrl Pts',(10.5624773812491,8.47529372785378,-5.35867418152879));
#5038=CARTESIAN_POINT('Ctrl Pts',(10.5624773812491,8.44424881043829,-5.4301314515495));
#5039=CARTESIAN_POINT('Ctrl Pts',(10.5624773812491,8.40995167451056,-5.49999999999986));
#5040=CARTESIAN_POINT('Ctrl Pts',(11.0624773879243,8.48771707440727,-6.));
#5041=CARTESIAN_POINT('Ctrl Pts',(11.0083087720959,8.43701577509365,-6.00000000072317));
#5042=CARTESIAN_POINT('Ctrl Pts',(10.9028871425099,8.33115328523138,-5.98250806821546));
#5043=CARTESIAN_POINT('Ctrl Pts',(10.7350775067686,8.16768251552476,-5.89689174281961));
#5044=CARTESIAN_POINT('Ctrl Pts',(10.6163588799027,8.1808047907149,-5.74915936709248));
#5045=CARTESIAN_POINT('Ctrl Pts',(10.5706346198205,8.30676096496506,-5.60713969142164));
#5046=CARTESIAN_POINT('Ctrl Pts',(10.5624773812491,8.3748086124366,-5.5357959151513));
#5047=CARTESIAN_POINT('Ctrl Pts',(10.5624773812491,8.40995167451055,-5.49999999999993));
#5048=CARTESIAN_POINT('Ctrl Pts',(11.1065031999142,8.39364385228096,-5.99999999941224));
#5049=CARTESIAN_POINT('Ctrl Pts',(11.0516083156846,8.35036311884663,-6.00488435297144));
#5050=CARTESIAN_POINT('Ctrl Pts',(10.9378324405699,8.25785847827061,-5.9958820746458));
#5051=CARTESIAN_POINT('Ctrl Pts',(10.7430266391459,8.10962289623789,-5.90923856856817));
#5052=CARTESIAN_POINT('Ctrl Pts',(10.6060560592464,8.12160511403855,-5.73746088259829));
#5053=CARTESIAN_POINT('Ctrl Pts',(10.5629221274405,8.23558108349866,-5.57501171174053));
#5054=CARTESIAN_POINT('Ctrl Pts',(10.5594852981044,8.29572800758438,-5.49691119130454));
#5055=CARTESIAN_POINT('Ctrl Pts',(10.5624773812491,8.3264286895095,-5.45900016197257));
#5056=CARTESIAN_POINT('Ctrl Pts',(11.1944037898234,8.20582013565381,-6.06696440747045));
#5057=CARTESIAN_POINT('Ctrl Pts',(11.1307348812001,8.17716466459778,-6.07184551878536));
#5058=CARTESIAN_POINT('Ctrl Pts',(10.9923926764332,8.11116538907201,-6.05967927499879));
#5059=CARTESIAN_POINT('Ctrl Pts',(10.7451011075996,7.99330595809103,-5.94746604110996));
#5060=CARTESIAN_POINT('Ctrl Pts',(10.568101423703,8.00306151778544,-5.7258328994942));
#5061=CARTESIAN_POINT('Ctrl Pts',(10.5115457259759,8.0931741567313,-5.51971868617297));
#5062=CARTESIAN_POINT('Ctrl Pts',(10.5061217679074,8.13765602129492,-5.42307120793771));
#5063=CARTESIAN_POINT('Ctrl Pts',(10.5090997684241,8.15956373866777,-5.37708934476616));
#5064=CARTESIAN_POINT('Ctrl Pts',(11.2493259527364,8.08846387627324,-6.24217730250325));
#5065=CARTESIAN_POINT('Ctrl Pts',(11.170039545332,8.05992897045531,-6.23195941908234));
#5066=CARTESIAN_POINT('Ctrl Pts',(11.0056244507853,7.99699864740987,-6.18488536311262));
#5067=CARTESIAN_POINT('Ctrl Pts',(10.7196411682429,7.8906445252687,-6.01166325754989));
#5068=CARTESIAN_POINT('Ctrl Pts',(10.4976801195282,7.89927911304786,-5.73852079079851));
#5069=CARTESIAN_POINT('Ctrl Pts',(10.3983487763833,7.98081508351324,-5.49358652631121));
#5070=CARTESIAN_POINT('Ctrl Pts',(10.3722654628709,8.02238957772848,-5.3766861506538));
#5071=CARTESIAN_POINT('Ctrl Pts',(10.3654899273731,8.04328528331033,-5.3200104719784));
#5072=CARTESIAN_POINT('Ctrl Pts',(11.2633591755927,8.05847804960485,-6.34062506579868));
#5073=CARTESIAN_POINT('Ctrl Pts',(11.1767027425873,8.02467718339577,-6.32243495477459));
#5074=CARTESIAN_POINT('Ctrl Pts',(11.0016787380306,7.95410219015425,-6.25604684543767));
#5075=CARTESIAN_POINT('Ctrl Pts',(10.7013343751636,7.84512167701651,-6.04839010523685));
#5076=CARTESIAN_POINT('Ctrl Pts',(10.4565440713715,7.85386986047661,-5.75000161008166));
#5077=CARTESIAN_POINT('Ctrl Pts',(10.3322847113471,7.93784064331004,-5.48891535940062));
#5078=CARTESIAN_POINT('Ctrl Pts',(10.2942270373433,7.98320574162441,-5.36342697995064));
#5079=CARTESIAN_POINT('Ctrl Pts',(10.2818830552451,8.0066344496737,-5.30201927778615));
#5080=CARTESIAN_POINT('',(11.0624773857994,8.48771707667747,-6.));
#5081=CARTESIAN_POINT('',(10.6785975507725,7.8610595508525,-6.));
#5082=CARTESIAN_POINT('Ctrl Pts',(11.0624773812491,8.48771706815934,-6.));
#5083=CARTESIAN_POINT('Ctrl Pts',(11.0614897492449,8.48560830304535,-6.));
#5084=CARTESIAN_POINT('Ctrl Pts',(11.0605032641576,8.48349898897939,-6.));
#5085=CARTESIAN_POINT('Ctrl Pts',(10.9734967491842,8.29721460863715,-6.));
#5086=CARTESIAN_POINT('Ctrl Pts',(10.9009745837819,8.12077862912521,-6.));
#5087=CARTESIAN_POINT('Ctrl Pts',(10.7551971265741,7.93505280413842,-6.));
#5088=CARTESIAN_POINT('Ctrl Pts',(10.7189566447988,7.89612741729051,-6.));
#5089=CARTESIAN_POINT('Ctrl Pts',(10.6785975507725,7.8610595508525,-6.));
#5090=CARTESIAN_POINT('Ctrl Pts',(10.6788243877369,7.86201350559215,-5.99965225183676));
#5091=CARTESIAN_POINT('Ctrl Pts',(10.5848245654903,7.85000117511964,-5.90538330267402));
#5092=CARTESIAN_POINT('Ctrl Pts',(10.4463353875785,7.8607685856079,-5.72855174123167));
#5093=CARTESIAN_POINT('Ctrl Pts',(10.3322847113471,7.93784064331004,-5.48891535940062));
#5094=CARTESIAN_POINT('Ctrl Pts',(10.2942270373433,7.98320574162441,-5.36342697995064));
#5095=CARTESIAN_POINT('Ctrl Pts',(10.2818830552451,8.0066344496737,-5.30201927778615));
#5096=CARTESIAN_POINT('Ctrl Pts',(10.5624773812491,8.40995167451055,-5.49999999999993));
#5097=CARTESIAN_POINT('Ctrl Pts',(10.5624773812491,8.3748086124366,-5.5357959151513));
#5098=CARTESIAN_POINT('Ctrl Pts',(10.5706346198205,8.30676096496506,-5.60713969142164));
#5099=CARTESIAN_POINT('Ctrl Pts',(10.6163588799027,8.1808047907149,-5.74915936709248));
#5100=CARTESIAN_POINT('Ctrl Pts',(10.7350775067686,8.16768251552476,-5.89689174281961));
#5101=CARTESIAN_POINT('Ctrl Pts',(10.9028871425099,8.33115328523138,-5.98250806821546));
#5102=CARTESIAN_POINT('Ctrl Pts',(11.0083087720959,8.43701577509365,-6.00000000072317));
#5103=CARTESIAN_POINT('Ctrl Pts',(11.0624773879243,8.48771707440727,-6.));
#5104=CARTESIAN_POINT('Ctrl Pts',(10.3364354651794,8.2,-4.46715824987499));
#5105=CARTESIAN_POINT('Ctrl Pts',(10.2932947479871,8.19999999999999,-4.60302471645429));
#5106=CARTESIAN_POINT('Ctrl Pts',(10.2467065029885,8.17921177045545,-4.73187856279416));
#5107=CARTESIAN_POINT('Ctrl Pts',(10.2297028222609,8.14216566692907,-4.86642539993899));
#5108=CARTESIAN_POINT('Ctrl Pts',(10.4176161679641,8.20000000000001,-4.51031069433092));
#5109=CARTESIAN_POINT('Ctrl Pts',(10.3808540791319,8.20464671702469,-4.65046692540468));
#5110=CARTESIAN_POINT('Ctrl Pts',(10.3445173352925,8.1889352864345,-4.77672805972657));
#5111=CARTESIAN_POINT('Ctrl Pts',(10.3339348584703,8.16067376557513,-4.90199632068068));
#5112=CARTESIAN_POINT('Ctrl Pts',(10.5594693530959,8.24556004312345,-4.58571422598707));
#5113=CARTESIAN_POINT('Ctrl Pts',(10.529419708303,8.26629143752189,-4.7363074098902));
#5114=CARTESIAN_POINT('Ctrl Pts',(10.5046696420556,8.26712656226083,-4.86347711465517));
#5115=CARTESIAN_POINT('Ctrl Pts',(10.4990595841749,8.25705686978219,-4.979582619745));
#5116=CARTESIAN_POINT('Ctrl Pts',(10.664804200817,8.35873538994191,-4.64170605667639));
#5117=CARTESIAN_POINT('Ctrl Pts',(10.6266084671302,8.40286170494238,-4.80211696378072));
#5118=CARTESIAN_POINT('Ctrl Pts',(10.5906541846193,8.42551523772278,-4.93516933827331));
#5119=CARTESIAN_POINT('Ctrl Pts',(10.5734021533663,8.42885220809442,-5.0551707926674));
#5120=CARTESIAN_POINT('Ctrl Pts',(10.6994564232142,8.4154313672373,-4.66012580485518));
#5121=CARTESIAN_POINT('Ctrl Pts',(10.654688189548,8.46939625299509,-4.82392806081252));
#5122=CARTESIAN_POINT('Ctrl Pts',(10.6097895361801,8.50022811821025,-4.95960411407118));
#5123=CARTESIAN_POINT('Ctrl Pts',(10.5847776992873,8.50697597416133,-5.08315047670407));
#5124=CARTESIAN_POINT('Ctrl Pts',(10.2297028222609,8.14216566692907,-4.86642539993899));
#5125=CARTESIAN_POINT('Ctrl Pts',(10.2467065029885,8.17921177045545,-4.73187856279416));
#5126=CARTESIAN_POINT('Ctrl Pts',(10.2932947479871,8.19999999999999,-4.60302471645429));
#5127=CARTESIAN_POINT('Ctrl Pts',(10.3364354651794,8.2,-4.46715824987499));
#5128=CARTESIAN_POINT('Ctrl Pts',(10.6994564232142,8.4154313672373,-4.66012580485518));
#5129=CARTESIAN_POINT('Ctrl Pts',(10.654688189548,8.46939625299509,-4.82392806081252));
#5130=CARTESIAN_POINT('Ctrl Pts',(10.6097895361801,8.50022811821025,-4.95960411407118));
#5131=CARTESIAN_POINT('Ctrl Pts',(10.5847776992873,8.50697597416133,-5.08315047670407));
#5132=CARTESIAN_POINT('Origin',(11.0624773812491,10.2,-3.45));
#5133=CARTESIAN_POINT('',(11.0624773812491,9.05527295829964,-5.09));
#5134=CARTESIAN_POINT('Origin',(11.0624773812491,10.2,-3.45));
#5135=CARTESIAN_POINT('',(10.5624773812491,8.76909119787456,-5.5));
#5136=CARTESIAN_POINT('Origin',(11.0624773812491,8.76909119787456,-5.49999999999999));
#5137=CARTESIAN_POINT('Origin',(10.5624773812491,10.2,-3.45));
#5138=CARTESIAN_POINT('Origin',(-1.77635683940025E-14,8.2,-1.11022302462516E-15));
#5139=CARTESIAN_POINT('',(11.2451090955064,8.2,-2.1870592046913));
#5140=CARTESIAN_POINT('Ctrl Pts',(11.2451090955064,8.2,-2.1870592046913));
#5141=CARTESIAN_POINT('Ctrl Pts',(10.8065922127146,8.2,-2.28143939113694));
#5142=CARTESIAN_POINT('Ctrl Pts',(10.142476059298,8.2,-2.77195217666321));
#5143=CARTESIAN_POINT('Ctrl Pts',(9.99659448180237,8.2,-3.78924678718808));
#5144=CARTESIAN_POINT('Ctrl Pts',(10.2067226966267,8.2,-4.28234516586453));
#5145=CARTESIAN_POINT('Ctrl Pts',(10.3364309565605,8.2,-4.46706986696554));
#5146=CARTESIAN_POINT('',(23.0392029595802,8.2,4.4));
#5147=CARTESIAN_POINT('Origin',(6.39455046676331,8.2,20.35));
#5148=CARTESIAN_POINT('',(69.,8.2,4.39999999999999));
#5149=CARTESIAN_POINT('',(34.5,8.2,4.4));
#5150=CARTESIAN_POINT('',(69.,8.2,-3.45000000000002));
#5151=CARTESIAN_POINT('',(69.,8.2,6.39999999999999));
#5152=CARTESIAN_POINT('',(5.28123869062454,8.2,-3.45));
#5153=CARTESIAN_POINT('Ctrl Pts',(11.2451090955064,8.2,-2.1870592046913));
#5154=CARTESIAN_POINT('Ctrl Pts',(10.8065922127146,8.2,-2.28143939113694));
#5155=CARTESIAN_POINT('Ctrl Pts',(10.142476059298,8.2,-2.77195217666321));
#5156=CARTESIAN_POINT('Ctrl Pts',(9.98559608616546,8.2,-3.86594330225139));
#5157=CARTESIAN_POINT('Ctrl Pts',(10.2711406987903,8.2,-4.41917708084404));
#5158=CARTESIAN_POINT('Ctrl Pts',(10.4749524321306,8.2,-4.63800367391701));
#5159=CARTESIAN_POINT('Ctrl Pts',(11.189150108092,8.2,-1.92705801536029));
#5160=CARTESIAN_POINT('Ctrl Pts',(10.6816888712654,8.19952564891492,-2.05287601406819));
#5161=CARTESIAN_POINT('Ctrl Pts',(9.92687769925808,8.1992288780132,-2.63722128476988));
#5162=CARTESIAN_POINT('Ctrl Pts',(9.73672954175856,8.19933478087473,-3.90637679805775));
#5163=CARTESIAN_POINT('Ctrl Pts',(10.0508098656519,8.19968376594328,-4.55695873103409));
#5164=CARTESIAN_POINT('Ctrl Pts',(10.2803356111293,8.2,-4.81926679677803));
#5165=CARTESIAN_POINT('Ctrl Pts',(11.0918641552065,8.0041865645376,-1.47504012468401));
#5166=CARTESIAN_POINT('Ctrl Pts',(10.4648732616653,8.02907627057147,-1.65397571593899));
#5167=CARTESIAN_POINT('Ctrl Pts',(9.55076995133665,8.05698659276401,-2.40282861052492));
#5168=CARTESIAN_POINT('Ctrl Pts',(9.30310165855105,8.04693044696555,-3.9769763020177));
#5169=CARTESIAN_POINT('Ctrl Pts',(9.66735476300443,8.02077970189351,-4.79746258921098));
#5170=CARTESIAN_POINT('Ctrl Pts',(9.94198990915197,8.0041865645376,-5.13439679546709));
#5171=CARTESIAN_POINT('Ctrl Pts',(11.0451857636924,7.57008403811528,-1.25815919330039));
#5172=CARTESIAN_POINT('Ctrl Pts',(10.3548511363581,7.63821786644665,-1.43655654692963));
#5173=CARTESIAN_POINT('Ctrl Pts',(9.32234509569902,7.72087004114703,-2.25722417410811));
#5174=CARTESIAN_POINT('Ctrl Pts',(9.04996476374184,7.69071002184303,-4.0244952069313));
#5175=CARTESIAN_POINT('Ctrl Pts',(9.47016999079834,7.61550659033619,-4.92480397832112));
#5176=CARTESIAN_POINT('Ctrl Pts',(9.77964958482389,7.57008403811528,-5.2855980842487));
#5177=CARTESIAN_POINT('Ctrl Pts',(11.0378978815509,7.37364817766693,-1.22429764376147));
#5178=CARTESIAN_POINT('Ctrl Pts',(10.3352365570961,7.45642875597188,-1.390459245035));
#5179=CARTESIAN_POINT('Ctrl Pts',(9.26410077577237,7.56069380011652,-2.21920620310326));
#5180=CARTESIAN_POINT('Ctrl Pts',(8.98950717864181,7.52242025373227,-4.03839987569298));
#5181=CARTESIAN_POINT('Ctrl Pts',(9.43341731826761,7.42883522987023,-4.95040163103645));
#5182=CARTESIAN_POINT('Ctrl Pts',(9.75430344259123,7.37364817766693,-5.30920509247098));
#5183=CARTESIAN_POINT('',(9.75430344259125,7.37364817766697,-5.30920509247098));
#5184=CARTESIAN_POINT('Origin',(10.4749524321306,7.2,-4.63800367391702));
#5185=CARTESIAN_POINT('',(11.0378978815509,7.37364817766694,-1.22429764376147));
#5186=CARTESIAN_POINT('Ctrl Pts',(9.75430344259123,7.37364817766693,-5.30920509247098));
#5187=CARTESIAN_POINT('Ctrl Pts',(9.43341731826761,7.42883522987023,-4.95040163103645));
#5188=CARTESIAN_POINT('Ctrl Pts',(8.98950717864181,7.52242025373227,-4.03839987569298));
#5189=CARTESIAN_POINT('Ctrl Pts',(9.26410077577237,7.56069380011652,-2.21920620310326));
#5190=CARTESIAN_POINT('Ctrl Pts',(10.3352365570961,7.45642875597188,-1.390459245035));
#5191=CARTESIAN_POINT('Ctrl Pts',(11.0378978815509,7.37364817766693,-1.22429764376147));
#5192=CARTESIAN_POINT('Origin',(11.2451090955064,7.2,-2.1870592046913));
#5193=CARTESIAN_POINT('Origin',(-12.464669019983,16.1,5.5));
#5194=CARTESIAN_POINT('',(-11.964669019983,8.76909119787458,5.5));
#5195=CARTESIAN_POINT('',(-11.964669019983,16.1,5.5));
#5196=CARTESIAN_POINT('',(-12.464669019983,8.76909119787458,6.));
#5197=CARTESIAN_POINT('Origin',(-12.464669019983,8.76909119787458,5.5));
#5198=CARTESIAN_POINT('',(-12.464669019983,16.1,6.));
#5199=CARTESIAN_POINT('Origin',(-12.464669019983,10.2,3.45000000000001));
#5200=CARTESIAN_POINT('',(-12.464669019983,9.05527295829966,5.09));
#5201=CARTESIAN_POINT('Origin',(-12.464669019983,10.2,3.45000000000001));
#5202=CARTESIAN_POINT('Origin',(-12.464669019983,8.76909119787458,5.50000000000001));
#5203=CARTESIAN_POINT('Origin',(-11.964669019983,10.2,3.45000000000001));
#5204=CARTESIAN_POINT('Origin',(-12.464669019983,8.76909119787458,5.5));
#5205=CARTESIAN_POINT('Origin',(-12.464669019983,8.76909119787458,5.5));
#5206=CARTESIAN_POINT('Origin',(-69.5,24.,6.));
#5207=CARTESIAN_POINT('',(-11.9442135281183,8.11570682501547,6.));
#5208=CARTESIAN_POINT('Ctrl Pts',(-11.9454458258534,8.12078363266716,6.));
#5209=CARTESIAN_POINT('Ctrl Pts',(-11.9450350660935,8.11909136194244,6.));
#5210=CARTESIAN_POINT('Ctrl Pts',(-11.9446243002106,8.11739909271821,6.));
#5211=CARTESIAN_POINT('Ctrl Pts',(-11.9442135282032,8.11570682499487,6.));
#5212=CARTESIAN_POINT('',(-69.,8.76909119787458,6.00000000000002));
#5213=CARTESIAN_POINT('',(-5.98233450999149,8.76909119787458,6.));
#5214=CARTESIAN_POINT('',(-69.,8.2,6.00000000000002));
#5215=CARTESIAN_POINT('',(-69.,16.1,6.00000000000002));
#5216=CARTESIAN_POINT('',(-67.5,8.2,6.));
#5217=CARTESIAN_POINT('',(-34.5,8.2,6.00000000000001));
#5218=CARTESIAN_POINT('',(-67.5,4.,6.));
#5219=CARTESIAN_POINT('',(-67.5,24.,6.));
#5220=CARTESIAN_POINT('',(-10.9315904922565,4.00000000014856,6.));
#5221=CARTESIAN_POINT('',(-2.50000000000002,4.,6.));
#5222=CARTESIAN_POINT('Ctrl Pts',(-11.9442135282059,8.11570682500609,6.));
#5223=CARTESIAN_POINT('Ctrl Pts',(-11.6109489630114,6.74274845189092,6.));
#5224=CARTESIAN_POINT('Ctrl Pts',(-11.2736530970233,5.370778000327,6.));
#5225=CARTESIAN_POINT('Ctrl Pts',(-10.9315912479386,3.99999981157957,6.));
#5226=CARTESIAN_POINT('Origin',(-5.98233450999149,8.76909119787458,5.5));
#5227=CARTESIAN_POINT('',(-69.,9.05527295829965,5.09000000000002));
#5228=CARTESIAN_POINT('',(-5.98233450999149,9.05527295829966,5.09));
#5229=CARTESIAN_POINT('Origin',(-69.,8.76909119787458,5.5));
#5230=CARTESIAN_POINT('Origin',(-5.98233450999149,10.2,3.45000000000001));
#5231=CARTESIAN_POINT('Origin',(-69.,10.2,3.45000000000003));
#5232=CARTESIAN_POINT('Origin',(11.0624773812491,16.1,-5.5));
#5233=CARTESIAN_POINT('',(10.5624773812491,16.1,-5.5));
#5234=CARTESIAN_POINT('',(11.0624773812491,8.76909119787456,-6.));
#5235=CARTESIAN_POINT('Origin',(11.0624773812491,8.76909119787456,-5.5));
#5236=CARTESIAN_POINT('',(11.0624773812491,16.1,-6.));
#5237=CARTESIAN_POINT('Origin',(11.0624773812491,8.76909119787456,-5.5));
#5238=CARTESIAN_POINT('Origin',(11.0624773812491,8.76909119787456,-5.5));
#5239=CARTESIAN_POINT('Origin',(69.5,24.,-5.99999999999999));
#5240=CARTESIAN_POINT('',(69.,8.76909119787434,-6.00000000000003));
#5241=CARTESIAN_POINT('',(5.28123869062454,8.76909119787458,-6.));
#5242=CARTESIAN_POINT('',(69.,8.2,-6.00000000000003));
#5243=CARTESIAN_POINT('',(69.,16.1,-6.00000000000003));
#5244=CARTESIAN_POINT('',(67.5,8.2,-5.99999999999999));
#5245=CARTESIAN_POINT('',(34.5949018378015,8.2,-6.00000000000001));
#5246=CARTESIAN_POINT('',(67.5,4.,-6.));
#5247=CARTESIAN_POINT('',(67.5,24.,-5.99999999999999));
#5248=CARTESIAN_POINT('',(10.3726737056461,4.,-6.));
#5249=CARTESIAN_POINT('',(2.50000000000002,4.,-6.));
#5250=CARTESIAN_POINT('',(10.3139784152469,7.11539853696534,-6.));
#5251=CARTESIAN_POINT('Ctrl Pts',(10.3139784152469,7.11539853696534,-6.));
#5252=CARTESIAN_POINT('Ctrl Pts',(10.3902509385132,7.09448022026285,-6.));
#5253=CARTESIAN_POINT('Ctrl Pts',(10.4730940739595,6.94331084448933,-6.));
#5254=CARTESIAN_POINT('Ctrl Pts',(10.5373527463208,6.63767056424076,-6.));
#5255=CARTESIAN_POINT('Ctrl Pts',(10.565726771089,6.07903910290114,-6.));
#5256=CARTESIAN_POINT('Ctrl Pts',(10.5153214995522,5.17517109756417,-6.));
#5257=CARTESIAN_POINT('Ctrl Pts',(10.4301934770787,4.42884340418067,-6.));
#5258=CARTESIAN_POINT('Ctrl Pts',(10.3726617055241,4.00000160989175,-6.));
#5259=CARTESIAN_POINT('',(10.3113222806403,7.1160989794044,-6.));
#5260=CARTESIAN_POINT('Ctrl Pts',(10.3113222806403,7.1160989794044,-6.));
#5261=CARTESIAN_POINT('Ctrl Pts',(10.3122098960807,7.11587422282147,-6.));
#5262=CARTESIAN_POINT('Ctrl Pts',(10.3130953605399,7.11564072140128,-6.));
#5263=CARTESIAN_POINT('Ctrl Pts',(10.3139784152469,7.11539853696533,-6.));
#5264=CARTESIAN_POINT('',(10.3711434954927,7.37364817766693,-6.));
#5265=CARTESIAN_POINT('Ctrl Pts',(10.3711434954927,7.37364817766693,-6.));
#5266=CARTESIAN_POINT('Ctrl Pts',(10.3412020808891,7.24464342937566,-6.));
#5267=CARTESIAN_POINT('Ctrl Pts',(10.3113222806403,7.1160989794044,-6.));
#5268=CARTESIAN_POINT('',(10.5624773812491,7.74397776513214,-6.));
#5269=CARTESIAN_POINT('Ctrl Pts',(10.5624773812491,7.74397776513214,-6.));
#5270=CARTESIAN_POINT('Ctrl Pts',(10.5101857934239,7.68240530333133,-6.));
#5271=CARTESIAN_POINT('Ctrl Pts',(10.4651858719588,7.61349247207247,-6.));
#5272=CARTESIAN_POINT('Ctrl Pts',(10.4074430844387,7.49462680676189,-6.));
#5273=CARTESIAN_POINT('Ctrl Pts',(10.385373587148,7.43495955578502,-6.));
#5274=CARTESIAN_POINT('Ctrl Pts',(10.3711434954927,7.37364817766693,-6.));
#5275=CARTESIAN_POINT('Ctrl Pts',(10.6785975507725,7.86105955085251,-6.));
#5276=CARTESIAN_POINT('Ctrl Pts',(10.6389274713791,7.82659036666209,-6.));
#5277=CARTESIAN_POINT('Ctrl Pts',(10.599012255955,7.78699696326287,-6.));
#5278=CARTESIAN_POINT('Ctrl Pts',(10.5624773812491,7.74397776513214,-6.));
#5279=CARTESIAN_POINT('Origin',(5.28123869062454,8.76909119787458,-5.5));
#5280=CARTESIAN_POINT('',(69.,9.05527295829949,-5.0899999999999));
#5281=CARTESIAN_POINT('',(5.28123869062454,9.05527295829967,-5.09));
#5282=CARTESIAN_POINT('Origin',(68.9999999999999,8.76909119787434,-5.5));
#5283=CARTESIAN_POINT('Origin',(5.28123869062454,10.2,-3.45));
#5284=CARTESIAN_POINT('Origin',(69.,10.2,-3.45000000000002));
#5285=CARTESIAN_POINT('Ctrl Pts',(25.2538999430134,8.74395417146038,6.91345298258534));
#5286=CARTESIAN_POINT('Ctrl Pts',(25.41190170936,8.76518253192386,6.93694976211824));
#5287=CARTESIAN_POINT('Ctrl Pts',(25.5748624214711,8.77514100259127,6.95));
#5288=CARTESIAN_POINT('Ctrl Pts',(25.7388793270895,8.76909119787459,6.95));
#5289=CARTESIAN_POINT('Ctrl Pts',(25.2319460593759,8.85883680081616,6.90600475629109));
#5290=CARTESIAN_POINT('Ctrl Pts',(25.395175556497,8.8828772969731,6.93267207961765));
#5291=CARTESIAN_POINT('Ctrl Pts',(25.5658018128651,8.89515579990049,6.94853045474686));
#5292=CARTESIAN_POINT('Ctrl Pts',(25.7388793270895,8.88967250004407,6.95));
#5293=CARTESIAN_POINT('Ctrl Pts',(25.2011147667618,9.08530998646408,6.80627591364457));
#5294=CARTESIAN_POINT('Ctrl Pts',(25.3709474728176,9.11586092772667,6.83609598277964));
#5295=CARTESIAN_POINT('Ctrl Pts',(25.5525478163123,9.13372817568247,6.85538292929));
#5296=CARTESIAN_POINT('Ctrl Pts',(25.7388793270895,9.13049974954437,6.85884094798081));
#5297=CARTESIAN_POINT('Ctrl Pts',(25.2146848715745,9.24036049924872,6.50106218630519));
#5298=CARTESIAN_POINT('Ctrl Pts',(25.3794209562738,9.27417418722303,6.52647151451067));
#5299=CARTESIAN_POINT('Ctrl Pts',(25.55651835703,9.29554336622558,6.54294415324151));
#5300=CARTESIAN_POINT('Ctrl Pts',(25.7388793270895,9.29536750946643,6.54586594554472));
#5301=CARTESIAN_POINT('Ctrl Pts',(25.2662418571267,9.19953459911441,6.20475430074182));
#5302=CARTESIAN_POINT('Ctrl Pts',(25.4168065609273,9.22905983261873,6.22372351888817));
#5303=CARTESIAN_POINT('Ctrl Pts',(25.5762816448868,9.24775724479187,6.23531547212217));
#5304=CARTESIAN_POINT('Ctrl Pts',(25.7388793270895,9.24852900006923,6.23645104381968));
#5305=CARTESIAN_POINT('Ctrl Pts',(25.3085234419055,9.09004857018613,6.0659187607033));
#5306=CARTESIAN_POINT('Ctrl Pts',(25.4479309253217,9.11432752185665,6.08222382048783));
#5307=CARTESIAN_POINT('Ctrl Pts',(25.5927237002214,9.12906921780444,6.09150988001381));
#5308=CARTESIAN_POINT('Ctrl Pts',(25.7388793270895,9.1294304591339,6.09176225399382));
#5309=CARTESIAN_POINT('Ctrl Pts',(25.3297061405338,9.0211350767797,6.01563532172356));
#5310=CARTESIAN_POINT('Ctrl Pts',(25.463489679737,9.04260331356259,6.03129984141216));
#5311=CARTESIAN_POINT('Ctrl Pts',(25.601033143569,9.05527295829967,6.04));
#5312=CARTESIAN_POINT('Ctrl Pts',(25.7388793270895,9.05527295829967,6.04));
#5313=CARTESIAN_POINT('',(25.7388793270895,8.76909119787459,6.95));
#5314=CARTESIAN_POINT('',(25.7388793270895,9.05527295829967,6.04));
#5315=CARTESIAN_POINT('Origin',(25.7388793270895,8.76909119787459,6.45));
#5316=CARTESIAN_POINT('',(25.3297061405338,9.02113507677969,6.01563532172355));
#5317=CARTESIAN_POINT('Ctrl Pts',(25.7388793270895,9.05527295829967,6.04));
#5318=CARTESIAN_POINT('Ctrl Pts',(25.601033143569,9.05527295829967,6.04));
#5319=CARTESIAN_POINT('Ctrl Pts',(25.463489679737,9.04260331356259,6.03129984141216));
#5320=CARTESIAN_POINT('Ctrl Pts',(25.3297061405338,9.0211350767797,6.01563532172356));
#5321=CARTESIAN_POINT('',(25.2538999430134,8.74395417146038,6.91345298258533));
#5322=CARTESIAN_POINT('Origin',(25.3297061405338,8.72641884597462,6.41954415215444));
#5323=CARTESIAN_POINT('Ctrl Pts',(25.2538999430134,8.74395417146038,6.91345298258534));
#5324=CARTESIAN_POINT('Ctrl Pts',(25.41190170936,8.76518253192386,6.93694976211824));
#5325=CARTESIAN_POINT('Ctrl Pts',(25.5748624214711,8.77514100259127,6.95));
#5326=CARTESIAN_POINT('Ctrl Pts',(25.7388793270895,8.76909119787459,6.95));
#5327=CARTESIAN_POINT('Ctrl Pts',(23.0888643926828,7.49359072190414,5.88470447561585));
#5328=CARTESIAN_POINT('Ctrl Pts',(23.0909747447117,7.49512389086638,5.88672719485612));
#5329=CARTESIAN_POINT('Ctrl Pts',(23.0930870495572,7.49665776600087,5.88874653325358));
#5330=CARTESIAN_POINT('Ctrl Pts',(23.2125875149574,7.58342199500945,6.0026887176311));
#5331=CARTESIAN_POINT('Ctrl Pts',(23.4599813637236,7.75943526568356,6.20639072897195));
#5332=CARTESIAN_POINT('Ctrl Pts',(23.8587550939085,8.03139221547756,6.45651487678151));
#5333=CARTESIAN_POINT('Ctrl Pts',(24.2821881587878,8.30324342056985,6.65689513440472));
#5334=CARTESIAN_POINT('Ctrl Pts',(24.6589449980387,8.52322532420777,6.78586017597351));
#5335=CARTESIAN_POINT('Ctrl Pts',(24.9822649730734,8.67403204389042,6.86638239535774));
#5336=CARTESIAN_POINT('Ctrl Pts',(25.1597383934273,8.73130307671232,6.89945001779413));
#5337=CARTESIAN_POINT('Ctrl Pts',(25.2538999430134,8.74395417146038,6.91345298258533));
#5338=CARTESIAN_POINT('Ctrl Pts',(23.0888643926828,7.49359072190414,5.88470447561585));
#5339=CARTESIAN_POINT('Ctrl Pts',(23.0909117425545,7.4953288818735,5.88660007762683));
#5340=CARTESIAN_POINT('Ctrl Pts',(23.0929633167474,7.49706791625868,5.88849309640457));
#5341=CARTESIAN_POINT('Ctrl Pts',(23.2088548399248,7.59540460142934,5.9952606238289));
#5342=CARTESIAN_POINT('Ctrl Pts',(23.4462130451326,7.79364536159543,6.1857317158679));
#5343=CARTESIAN_POINT('Ctrl Pts',(23.822737873581,8.09909574896495,6.42132472961948));
#5344=CARTESIAN_POINT('Ctrl Pts',(24.2201698595142,8.40712973899378,6.61446109191674));
#5345=CARTESIAN_POINT('Ctrl Pts',(24.5749721344236,8.66335496550604,6.74526439923263));
#5346=CARTESIAN_POINT('Ctrl Pts',(24.8932906326927,8.85524530393978,6.83504093227245));
#5347=CARTESIAN_POINT('Ctrl Pts',(25.0866304230184,8.94339896768864,6.87748405958215));
#5348=CARTESIAN_POINT('Ctrl Pts',(25.2099921757385,8.97371943017194,6.89855652999685));
#5349=CARTESIAN_POINT('Ctrl Pts',(23.0888643926828,7.49359072190415,5.88470447561586));
#5350=CARTESIAN_POINT('Ctrl Pts',(23.0908026237441,7.49568742938281,5.88637832685486));
#5351=CARTESIAN_POINT('Ctrl Pts',(23.0927464818644,7.49778559321234,5.88804817831553));
#5352=CARTESIAN_POINT('Ctrl Pts',(23.2024285902361,7.61635685097905,5.98221892066276));
#5353=CARTESIAN_POINT('Ctrl Pts',(23.4267108042635,7.85250186667807,6.14539756771225));
#5354=CARTESIAN_POINT('Ctrl Pts',(23.7795533599663,8.2130277244897,6.33193725157544));
#5355=CARTESIAN_POINT('Ctrl Pts',(24.1512740058058,8.57931526061024,6.46430789355949));
#5356=CARTESIAN_POINT('Ctrl Pts',(24.4826243659085,8.89335849035452,6.52788734913797));
#5357=CARTESIAN_POINT('Ctrl Pts',(24.8014383830511,9.14818560471203,6.54714578586015));
#5358=CARTESIAN_POINT('Ctrl Pts',(25.0191891897657,9.28338497986542,6.54565881612425));
#5359=CARTESIAN_POINT('Ctrl Pts',(25.1885138843453,9.33841439439963,6.54549084495681));
#5360=CARTESIAN_POINT('Ctrl Pts',(23.0888643926828,7.49359072190414,5.88470447561585));
#5361=CARTESIAN_POINT('Ctrl Pts',(23.0906944761101,7.49604660748463,5.88615618252095));
#5362=CARTESIAN_POINT('Ctrl Pts',(23.0925292483634,7.49850244385385,5.88760252409692));
#5363=CARTESIAN_POINT('Ctrl Pts',(23.1962417762154,7.6372879249704,5.96904498011081));
#5364=CARTESIAN_POINT('Ctrl Pts',(23.4153250822117,7.90903475123888,6.09779511510348));
#5365=CARTESIAN_POINT('Ctrl Pts',(23.7788711115686,8.29974285758124,6.20818994873002));
#5366=CARTESIAN_POINT('Ctrl Pts',(24.1794452052855,8.66100251113608,6.2451654321449));
#5367=CARTESIAN_POINT('Ctrl Pts',(24.5559317989681,8.92669820670336,6.21877884733995));
#5368=CARTESIAN_POINT('Ctrl Pts',(24.9154553309216,9.09342266069941,6.16719600808312));
#5369=CARTESIAN_POINT('Ctrl Pts',(25.1424930168745,9.15177731814604,6.13217455329831));
#5370=CARTESIAN_POINT('Ctrl Pts',(25.2873407432772,9.15896206359255,6.11620219968305));
#5371=CARTESIAN_POINT('Ctrl Pts',(23.0888643926828,7.49359072190414,5.88470447561585));
#5372=CARTESIAN_POINT('Ctrl Pts',(23.0906485931687,7.49620050858035,5.8860608918184));
#5373=CARTESIAN_POINT('Ctrl Pts',(23.0924359386993,7.49880954897514,5.88741133140374));
#5374=CARTESIAN_POINT('Ctrl Pts',(23.1936286040024,7.64626493760319,5.96338943826835));
#5375=CARTESIAN_POINT('Ctrl Pts',(23.4119514496304,7.93285444691836,6.07599112702615));
#5376=CARTESIAN_POINT('Ctrl Pts',(23.7863594710043,8.3297629257946,6.15146442340314));
#5377=CARTESIAN_POINT('Ctrl Pts',(24.2079063475458,8.67384492120386,6.15182287842307));
#5378=CARTESIAN_POINT('Ctrl Pts',(24.6090885418629,8.90018590679495,6.10441558357298));
#5379=CARTESIAN_POINT('Ctrl Pts',(24.9828915637845,9.01431955363847,6.05247344070864));
#5380=CARTESIAN_POINT('Ctrl Pts',(25.2040118242272,9.03490306714761,6.02568127744743));
#5381=CARTESIAN_POINT('Ctrl Pts',(25.3297061405338,9.02113507677969,6.01563532172356));
#5382=CARTESIAN_POINT('',(23.0888643926828,7.49359072190414,5.88470447561585));
#5383=CARTESIAN_POINT('Ctrl Pts',(25.3297061405338,9.02113507677969,6.01563532172356));
#5384=CARTESIAN_POINT('Ctrl Pts',(25.2040118242272,9.03490306714761,6.02568127744743));
#5385=CARTESIAN_POINT('Ctrl Pts',(24.9828915637845,9.01431955363847,6.05247344070864));
#5386=CARTESIAN_POINT('Ctrl Pts',(24.6090885418629,8.90018590679495,6.10441558357298));
#5387=CARTESIAN_POINT('Ctrl Pts',(24.2079063475458,8.67384492120386,6.15182287842307));
#5388=CARTESIAN_POINT('Ctrl Pts',(23.7863594710043,8.3297629257946,6.15146442340314));
#5389=CARTESIAN_POINT('Ctrl Pts',(23.4119514496304,7.93285444691836,6.07599112702615));
#5390=CARTESIAN_POINT('Ctrl Pts',(23.1936286040024,7.64626493760319,5.96338943826835));
#5391=CARTESIAN_POINT('Ctrl Pts',(23.0924359386993,7.49880954897514,5.88741133140374));
#5392=CARTESIAN_POINT('Ctrl Pts',(23.0906485931687,7.49620050858035,5.8860608918184));
#5393=CARTESIAN_POINT('Ctrl Pts',(23.0888643926828,7.49359072190414,5.88470447561585));
#5394=CARTESIAN_POINT('Ctrl Pts',(23.0888643926828,7.49359072190414,5.88470447561585));
#5395=CARTESIAN_POINT('Ctrl Pts',(23.0909747447117,7.49512389086638,5.88672719485612));
#5396=CARTESIAN_POINT('Ctrl Pts',(23.0930870495572,7.49665776600087,5.88874653325358));
#5397=CARTESIAN_POINT('Ctrl Pts',(23.2125875149574,7.58342199500945,6.0026887176311));
#5398=CARTESIAN_POINT('Ctrl Pts',(23.4599813637236,7.75943526568356,6.20639072897195));
#5399=CARTESIAN_POINT('Ctrl Pts',(23.8587550939085,8.03139221547756,6.45651487678151));
#5400=CARTESIAN_POINT('Ctrl Pts',(24.2821881587878,8.30324342056985,6.65689513440472));
#5401=CARTESIAN_POINT('Ctrl Pts',(24.6589449980387,8.52322532420777,6.78586017597351));
#5402=CARTESIAN_POINT('Ctrl Pts',(24.9822649730734,8.67403204389042,6.86638239535774));
#5403=CARTESIAN_POINT('Ctrl Pts',(25.1597383934273,8.73130307671232,6.89945001779413));
#5404=CARTESIAN_POINT('Ctrl Pts',(25.2538999430134,8.74395417146038,6.91345298258533));
#5405=CARTESIAN_POINT('Origin',(-6.39455046676331,7.2,-20.35));
#5406=CARTESIAN_POINT('Origin',(-6.39455046676331,7.37364817766693,-20.35));
#5407=CARTESIAN_POINT('Origin',(6.39455046676331,7.2,20.35));
#5408=CARTESIAN_POINT('',(22.3281593638043,7.37364817766693,5.08136870730829));
#5409=CARTESIAN_POINT('Origin',(23.0392029595802,7.2,4.4));
#5410=CARTESIAN_POINT('Origin',(6.39455046676331,7.37364817766693,20.35));
#5411=CARTESIAN_POINT('Ctrl Pts',(22.3281593638042,7.37364817766693,5.08136870730829));
#5412=CARTESIAN_POINT('Ctrl Pts',(23.1322228420422,7.37364817766693,5.9204506620065));
#5413=CARTESIAN_POINT('Ctrl Pts',(23.9279024650287,7.76292918643547,6.81088716113278));
#5414=CARTESIAN_POINT('Ctrl Pts',(24.528363850168,8.60535079283647,7.39590109732093));
#5415=CARTESIAN_POINT('Ctrl Pts',(22.3448315693428,7.50460541796583,5.06539230416889));
#5416=CARTESIAN_POINT('Ctrl Pts',(23.1323971367237,7.5235975137995,5.88249717972688));
#5417=CARTESIAN_POINT('Ctrl Pts',(23.9027732301521,7.92496760514793,6.73471482960874));
#5418=CARTESIAN_POINT('Ctrl Pts',(24.471243112548,8.73441258317349,7.27679055148266));
#5419=CARTESIAN_POINT('Ctrl Pts',(22.4164498630596,7.75691069337981,4.99676294796725));
#5420=CARTESIAN_POINT('Ctrl Pts',(23.1843139207141,7.81096598796849,5.76112971764172));
#5421=CARTESIAN_POINT('Ctrl Pts',(23.9208424149401,8.23298263631183,6.52925147486742));
#5422=CARTESIAN_POINT('Ctrl Pts',(24.4415119629054,8.97352738582222,6.97915195619588));
#5423=CARTESIAN_POINT('Ctrl Pts',(22.6557130939738,8.09722651558921,4.76748519436266));
#5424=CARTESIAN_POINT('Ctrl Pts',(23.4347482854011,8.17388905923304,5.42886493124121));
#5425=CARTESIAN_POINT('Ctrl Pts',(24.179249683907,8.57843991134384,6.06489206998813));
#5426=CARTESIAN_POINT('Ctrl Pts',(24.6985161952576,9.20496224945181,6.40205048505944));
#5427=CARTESIAN_POINT('Ctrl Pts',(22.8951858518635,8.2,4.53800665823892));
#5428=CARTESIAN_POINT('Ctrl Pts',(23.7120681242712,8.24075736805531,5.13997758729773));
#5429=CARTESIAN_POINT('Ctrl Pts',(24.509393801635,8.56364538556414,5.74403853555616));
#5430=CARTESIAN_POINT('Ctrl Pts',(25.0917558287612,9.13572139600314,6.09924440763369));
#5431=CARTESIAN_POINT('Ctrl Pts',(23.0392029595802,8.2,4.4));
#5432=CARTESIAN_POINT('Ctrl Pts',(23.8791480883904,8.2,4.98435087908377));
#5433=CARTESIAN_POINT('Ctrl Pts',(24.7080513271337,8.45952067251235,5.60584759756081));
#5434=CARTESIAN_POINT('Ctrl Pts',(25.3297061405338,9.02113507677969,6.01563532172355));
#5435=CARTESIAN_POINT('Ctrl Pts',(25.3297061405338,9.02113507677969,6.01563532172355));
#5436=CARTESIAN_POINT('Ctrl Pts',(24.7080513271337,8.45952067251235,5.60584759756081));
#5437=CARTESIAN_POINT('Ctrl Pts',(23.8791480883904,8.2,4.98435087908377));
#5438=CARTESIAN_POINT('Ctrl Pts',(23.0392029595802,8.2,4.4));
#5439=CARTESIAN_POINT('Ctrl Pts',(22.3281593638042,7.37364817766693,5.08136870730829));
#5440=CARTESIAN_POINT('Ctrl Pts',(22.5839683922239,7.37364817766693,5.34831869994593));
#5441=CARTESIAN_POINT('Ctrl Pts',(22.8389288366503,7.41304981605659,5.62046661681732));
#5442=CARTESIAN_POINT('Ctrl Pts',(23.0870243428749,7.49390946972371,5.88632368684307));
#5443=CARTESIAN_POINT('Ctrl Pts',(23.4853364046257,9.29003573087538,5.86053947620819));
#5444=CARTESIAN_POINT('Ctrl Pts',(23.097287416956,7.52541621378449,5.88397989242597));
#5445=CARTESIAN_POINT('Ctrl Pts',(22.7054811540692,5.76197353309147,5.90826636407864));
#5446=CARTESIAN_POINT('Ctrl Pts',(22.3091297272528,4.,5.93349321425482));
#5447=CARTESIAN_POINT('Ctrl Pts',(24.0316071118566,9.16375602453666,6.53931592905045));
#5448=CARTESIAN_POINT('Ctrl Pts',(23.6438734315848,7.39795526844474,6.54906177630181));
#5449=CARTESIAN_POINT('Ctrl Pts',(23.2516323563732,5.63338456411883,6.55968754283117));
#5450=CARTESIAN_POINT('Ctrl Pts',(22.8548467431034,3.87016459394628,6.57001766398075));
#5451=CARTESIAN_POINT('Ctrl Pts',(24.8811047863899,8.96738027995524,6.95));
#5452=CARTESIAN_POINT('Ctrl Pts',(24.4835486496871,7.20211703901206,6.94977850653465));
#5453=CARTESIAN_POINT('Ctrl Pts',(24.0810823060154,5.43807805045042,6.95022121913916));
#5454=CARTESIAN_POINT('Ctrl Pts',(23.6733472750919,3.67542932669375,6.95));
#5455=CARTESIAN_POINT('Ctrl Pts',(25.7388793270895,8.76909119787459,6.95));
#5456=CARTESIAN_POINT('Ctrl Pts',(25.3309577023929,7.0044716807837,6.95));
#5457=CARTESIAN_POINT('Ctrl Pts',(24.9179386695047,5.24102900009068,6.95));
#5458=CARTESIAN_POINT('Ctrl Pts',(24.4987350484333,3.47905546699921,6.95));
#5459=CARTESIAN_POINT('',(22.3091297272528,4.,5.93349321425482));
#5460=CARTESIAN_POINT('Ctrl Pts',(23.0888673011726,7.49359007552193,5.88470431905405));
#5461=CARTESIAN_POINT('Ctrl Pts',(22.8307867004166,6.3284751448686,5.9005750659098));
#5462=CARTESIAN_POINT('Ctrl Pts',(22.5709498785089,5.16391703354941,5.91682896812887));
#5463=CARTESIAN_POINT('Ctrl Pts',(22.3091297272528,4.,5.93349321425482));
#5464=CARTESIAN_POINT('',(24.6224867330896,4.00000000000001,6.95));
#5465=CARTESIAN_POINT('Ctrl Pts',(24.6224873565183,3.99999980516857,6.95));
#5466=CARTESIAN_POINT('Ctrl Pts',(24.519709941498,4.00000033773376,6.9500055568232));
#5467=CARTESIAN_POINT('Ctrl Pts',(24.4172365527067,3.99997760056066,6.94473373188408));
#5468=CARTESIAN_POINT('Ctrl Pts',(24.3153969876007,3.99994364690835,6.93442407562959));
#5469=CARTESIAN_POINT('Ctrl Pts',(24.2125021974545,3.99990934144047,6.92400759441544));
#5470=CARTESIAN_POINT('Ctrl Pts',(24.1102536865402,3.99986376335116,6.90844809024503));
#5471=CARTESIAN_POINT('Ctrl Pts',(24.0089925879992,3.99981884840799,6.88793792083209));
#5472=CARTESIAN_POINT('Ctrl Pts',(23.9073863750971,3.99977378038736,6.86735784941221));
#5473=CARTESIAN_POINT('Ctrl Pts',(23.8067735367298,3.99972956502387,6.84179300655497));
#5474=CARTESIAN_POINT('Ctrl Pts',(23.7075112065944,3.99969502942276,6.8113871898676));
#5475=CARTESIAN_POINT('Ctrl Pts',(23.611966728238,3.99966178734605,6.78212021728663));
#5476=CARTESIAN_POINT('Ctrl Pts',(23.5176729259837,3.99963764490442,6.74836757690099));
#5477=CARTESIAN_POINT('Ctrl Pts',(23.4249694369028,3.99962522606243,6.71021742924631));
#5478=CARTESIAN_POINT('Ctrl Pts',(23.3291112811012,3.99961238461167,6.67076904565266));
#5479=CARTESIAN_POINT('Ctrl Pts',(23.2352700651979,3.99961345527091,6.62674927372732));
#5480=CARTESIAN_POINT('Ctrl Pts',(23.1438078403683,3.99962991548586,6.57830189796853));
#5481=CARTESIAN_POINT('Ctrl Pts',(23.0537555696915,3.99964612195509,6.53060137238493));
#5482=CARTESIAN_POINT('Ctrl Pts',(22.966008822569,3.99967740834556,6.47860827471356));
#5483=CARTESIAN_POINT('Ctrl Pts',(22.8809409469641,3.99971839822661,6.42241851963035));
#5484=CARTESIAN_POINT('Ctrl Pts',(22.8610542201173,3.99972798062846,6.40928277005415));
#5485=CARTESIAN_POINT('Ctrl Pts',(22.8413140417866,3.99973805779697,6.39591750528676));
#5486=CARTESIAN_POINT('Ctrl Pts',(22.8217254677345,3.99974849177394,6.38232365562286));
#5487=CARTESIAN_POINT('Ctrl Pts',(22.7380992898713,3.99979303578268,6.32428973815567));
#5488=CARTESIAN_POINT('Ctrl Pts',(22.6574519091223,3.99984482880889,6.26224428235795));
#5489=CARTESIAN_POINT('Ctrl Pts',(22.5801503039771,3.99989144481441,6.19629786549885));
#5490=CARTESIAN_POINT('Ctrl Pts',(22.5049446881972,3.99993679685327,6.1321395484878));
#5491=CARTESIAN_POINT('Ctrl Pts',(22.4329053412955,3.99997737244888,6.06428850370388));
#5492=CARTESIAN_POINT('Ctrl Pts',(22.3644055665155,3.99999323746107,5.99281334239487));
#5493=CARTESIAN_POINT('Ctrl Pts',(22.3457137839157,3.99999756660463,5.97330965525487));
#5494=CARTESIAN_POINT('Ctrl Pts',(22.3272857910261,4.00000000000001,5.95353594168338));
#5495=CARTESIAN_POINT('Ctrl Pts',(22.3091297272528,4.00000000000001,5.93349321425482));
#5496=CARTESIAN_POINT('Ctrl Pts',(24.6224873670638,3.99999984962803,6.95));
#5497=CARTESIAN_POINT('Ctrl Pts',(24.9992912164666,5.58859789063648,6.95));
#5498=CARTESIAN_POINT('Ctrl Pts',(25.3711564018383,7.17836638336512,6.95));
#5499=CARTESIAN_POINT('Ctrl Pts',(25.7388793270895,8.76909119787459,6.95));
#5500=CARTESIAN_POINT('Origin',(6.39455046676331,24.,20.35));
#5501=CARTESIAN_POINT('',(9.95081613272109,4.00000000011422,-0.826932626249251));
#5502=CARTESIAN_POINT('Ctrl Pts',(9.95082670159768,3.9999957065398,-0.826935842209704));
#5503=CARTESIAN_POINT('Ctrl Pts',(10.3262850390476,5.11834576251044,-0.963863416278304));
#5504=CARTESIAN_POINT('Ctrl Pts',(10.6873769617115,6.24364313728879,-1.0959258269847));
#5505=CARTESIAN_POINT('Ctrl Pts',(11.037897881551,7.37364817766698,-1.22429764376147));
#5506=CARTESIAN_POINT('Origin',(6.39455046676331,4.,20.35));
#5507=CARTESIAN_POINT('Ctrl Pts',(9.75430344259124,7.37364817766697,-5.30920509247098));
#5508=CARTESIAN_POINT('Ctrl Pts',(9.34071288208081,6.07883384848142,-5.2001298300967));
#5509=CARTESIAN_POINT('Ctrl Pts',(8.91296590196053,4.79020053487896,-5.08709054896842));
#5510=CARTESIAN_POINT('Ctrl Pts',(8.4653679861849,3.51111771098217,-4.96827070323379));
#5511=CARTESIAN_POINT('Ctrl Pts',(9.45338389513258,7.51464991662282,-4.94963782077744));
#5512=CARTESIAN_POINT('Ctrl Pts',(9.03102068488915,6.22689757391264,-4.84062934671015));
#5513=CARTESIAN_POINT('Ctrl Pts',(8.59418370937281,4.94624528529864,-4.72806224317711));
#5514=CARTESIAN_POINT('Ctrl Pts',(8.13704924263646,3.67689396643555,-4.61044637428365));
#5515=CARTESIAN_POINT('Ctrl Pts',(9.06796854826623,7.74372727877511,-4.03618316067623));
#5516=CARTESIAN_POINT('Ctrl Pts',(8.6315736076955,6.46838628353507,-3.91779182973228));
#5517=CARTESIAN_POINT('Ctrl Pts',(8.17999045958489,5.20180706467485,-3.79626559014423));
#5518=CARTESIAN_POINT('Ctrl Pts',(7.707131338051,3.94983571016436,-3.66920298687527));
#5519=CARTESIAN_POINT('Ctrl Pts',(9.35845531611475,7.83421716638176,-2.26639864811377));
#5520=CARTESIAN_POINT('Ctrl Pts',(8.923885548356,6.56396602767128,-2.11871059323824));
#5521=CARTESIAN_POINT('Ctrl Pts',(8.47386218556528,5.30362911939135,-1.96514748662493));
#5522=CARTESIAN_POINT('Ctrl Pts',(8.00324858057124,4.0588574419464,-1.80438629246224));
#5523=CARTESIAN_POINT('Ctrl Pts',(10.35914813408,7.58515078610075,-1.4085297619408));
#5524=CARTESIAN_POINT('Ctrl Pts',(9.94664548174891,6.30105604287817,-1.2534370617394));
#5525=CARTESIAN_POINT('Ctrl Pts',(9.52060755203973,5.02407785084788,-1.09403066220136));
#5526=CARTESIAN_POINT('Ctrl Pts',(9.0746519130665,3.75978209416224,-0.925289685601175));
#5527=CARTESIAN_POINT('Ctrl Pts',(11.037897881551,7.37364817766698,-1.22429764376147));
#5528=CARTESIAN_POINT('Ctrl Pts',(10.6362540892936,6.07883384848142,-1.07720301861669));
#5529=CARTESIAN_POINT('Ctrl Pts',(10.2207309056901,4.79020053487897,-0.925262760725451));
#5530=CARTESIAN_POINT('Ctrl Pts',(9.78561827601231,3.51111771098217,-0.766709774497116));
#5531=CARTESIAN_POINT('',(8.63532069715229,4.00000000011422,-5.01336171973569));
#5532=CARTESIAN_POINT('Ctrl Pts',(9.75430344259124,7.37364817766697,-5.30920509247098));
#5533=CARTESIAN_POINT('Ctrl Pts',(9.39335638822675,6.24364313719489,-5.21401337772429));
#5534=CARTESIAN_POINT('Ctrl Pts',(9.02162733716136,5.11834576232343,-5.11580253537997));
#5535=CARTESIAN_POINT('Ctrl Pts',(8.63533120582776,3.99999570626102,-5.01336512694804));
#5536=CARTESIAN_POINT('Ctrl Pts',(9.95081613264441,4.,-0.826932626221286));
#5537=CARTESIAN_POINT('Ctrl Pts',(9.60512575377297,4.,-0.884984793034328));
#5538=CARTESIAN_POINT('Ctrl Pts',(9.27322896455363,4.00000000000005,-1.00863029778672));
#5539=CARTESIAN_POINT('Ctrl Pts',(8.70259093626881,4.00000000000005,-1.36812060034242));
#5540=CARTESIAN_POINT('Ctrl Pts',(8.46434511750154,4.00000000000007,-1.5916284261724));
#5541=CARTESIAN_POINT('Ctrl Pts',(8.10075104650597,4.00000000000007,-2.10881848181167));
#5542=CARTESIAN_POINT('Ctrl Pts',(7.97504870840939,3.9999999999989,-2.39211219425618));
#5543=CARTESIAN_POINT('Ctrl Pts',(7.84184193931141,3.9999999999989,-2.99028617605131));
#5544=CARTESIAN_POINT('Ctrl Pts',(7.83480056941263,4.00000000000055,-3.29680946177369));
#5545=CARTESIAN_POINT('Ctrl Pts',(7.92953042122726,4.00000000000055,-3.86410526098435));
#5546=CARTESIAN_POINT('Ctrl Pts',(8.01820267820153,4.00000000000278,-4.12120480858135));
#5547=CARTESIAN_POINT('Ctrl Pts',(8.27363608923708,4.00000000000278,-4.6016790856333));
#5548=CARTESIAN_POINT('Ctrl Pts',(8.43973211476217,4.,-4.82168534712704));
#5549=CARTESIAN_POINT('Ctrl Pts',(8.63532069707339,4.,-5.01336171971477));
#5550=CARTESIAN_POINT('Origin',(-6.39455046676331,24.,-20.35));
#5551=CARTESIAN_POINT('',(10.2770571500329,6.98077594280014,-5.9967505030141));
#5552=CARTESIAN_POINT('Ctrl Pts',(10.2770561684461,6.98077206622663,-5.99675040992637));
#5553=CARTESIAN_POINT('Ctrl Pts',(10.2832056504633,7.00319450243371,-5.99783340752921));
#5554=CARTESIAN_POINT('Ctrl Pts',(10.2891367510132,7.02568861062576,-5.9986457735648));
#5555=CARTESIAN_POINT('Ctrl Pts',(10.2948478079477,7.04824427883106,-5.99918739851257));
#5556=CARTESIAN_POINT('Ctrl Pts',(10.3005599597239,7.07080427108482,-5.99972912729288));
#5557=CARTESIAN_POINT('Ctrl Pts',(10.306051863101,7.09342536987315,-6.));
#5558=CARTESIAN_POINT('Ctrl Pts',(10.3113222806403,7.1160989794044,-6.));
#5559=CARTESIAN_POINT('',(9.45095083603421,4.,-5.8576023583093));
#5560=CARTESIAN_POINT('Ctrl Pts',(10.2770571500329,6.98077594280035,-5.99675050301411));
#5561=CARTESIAN_POINT('Ctrl Pts',(9.86202888255004,5.46749676082731,-5.92365635063535));
#5562=CARTESIAN_POINT('Ctrl Pts',(9.45095083603421,4.,-5.8576023583093));
#5563=CARTESIAN_POINT('Origin',(-6.39455046676331,4.,-20.35));
#5564=CARTESIAN_POINT('Origin',(34.5,8.76909119787459,6.45));
#5565=CARTESIAN_POINT('',(69.,8.76909119787459,6.95));
#5566=CARTESIAN_POINT('',(34.5,8.76909119787459,6.95));
#5567=CARTESIAN_POINT('',(69.,9.05527295829968,6.04));
#5568=CARTESIAN_POINT('Origin',(69.,8.76909119787459,6.45));
#5569=CARTESIAN_POINT('',(34.5,9.05527295829967,6.04));
#5570=CARTESIAN_POINT('Origin',(-2.50000000000002,24.,6.95));
#5571=CARTESIAN_POINT('',(69.,21.,6.95));
#5572=CARTESIAN_POINT('',(69.,24.,6.95));
#5573=CARTESIAN_POINT('',(70.5,4.,6.95));
#5574=CARTESIAN_POINT('',(72.5,4.,6.95));
#5575=CARTESIAN_POINT('',(70.5,21.,6.95));
#5576=CARTESIAN_POINT('',(70.5,24.,6.95));
#5577=CARTESIAN_POINT('',(-1.25000000000002,21.,6.95));
#5578=CARTESIAN_POINT('Origin',(34.5,10.2,4.4));
#5579=CARTESIAN_POINT('Origin',(69.,10.2,4.39999999999999));
#5580=CARTESIAN_POINT('Origin',(-34.5,8.76909119787461,-6.45000000000001));
#5581=CARTESIAN_POINT('',(-69.,8.76909119787461,-6.95000000000001));
#5582=CARTESIAN_POINT('',(-69.,9.05527295829969,-6.04));
#5583=CARTESIAN_POINT('Origin',(-69.,8.76909119787461,-6.45000000000001));
#5584=CARTESIAN_POINT('',(-25.7388793270895,9.05527295829969,-6.04));
#5585=CARTESIAN_POINT('',(-34.5,9.05527295829969,-6.04));
#5586=CARTESIAN_POINT('',(-25.7388793270895,8.76909119787461,-6.95000000000001));
#5587=CARTESIAN_POINT('Origin',(-25.7388793270895,8.76909119787461,-6.45000000000001));
#5588=CARTESIAN_POINT('',(-34.5,8.76909119787461,-6.95000000000001));
#5589=CARTESIAN_POINT('Ctrl Pts',(-23.2163936204899,8.07000836665813,-5.87688442115389));
#5590=CARTESIAN_POINT('Ctrl Pts',(-23.4918455810068,8.18623957958119,-6.16561351215814));
#5591=CARTESIAN_POINT('Ctrl Pts',(-24.0277675949333,8.41565293937032,-6.54620161739036));
#5592=CARTESIAN_POINT('Ctrl Pts',(-24.8915093131699,8.70042974962354,-6.87047769282607));
#5593=CARTESIAN_POINT('Ctrl Pts',(-25.4535194003474,8.77961677037121,-6.95000000000001));
#5594=CARTESIAN_POINT('Ctrl Pts',(-25.7388793270895,8.7690911978746,-6.95000000000001));
#5595=CARTESIAN_POINT('Ctrl Pts',(-23.2075918703611,8.14519067881361,-5.84632832438948));
#5596=CARTESIAN_POINT('Ctrl Pts',(-23.475017962813,8.2662052778795,-6.1322956431427));
#5597=CARTESIAN_POINT('Ctrl Pts',(-23.9976372759905,8.5051758676141,-6.51435121556307));
#5598=CARTESIAN_POINT('Ctrl Pts',(-24.8562320603152,8.80812798976068,-6.85494978036407));
#5599=CARTESIAN_POINT('Ctrl Pts',(-25.4377555704037,8.89921245593726,-6.94744325547297));
#5600=CARTESIAN_POINT('Ctrl Pts',(-25.7388793270895,8.88967250004408,-6.95000000000001));
#5601=CARTESIAN_POINT('Ctrl Pts',(-23.2204295095988,8.28843956490487,-5.75904348599418));
#5602=CARTESIAN_POINT('Ctrl Pts',(-23.4734629616968,8.41864566212381,-6.03132340333572));
#5603=CARTESIAN_POINT('Ctrl Pts',(-23.97044377365,8.67637078870491,-6.40018259352502));
#5604=CARTESIAN_POINT('Ctrl Pts',(-24.8083777968884,9.01807023958133,-6.7460114297903));
#5605=CARTESIAN_POINT('Ctrl Pts',(-25.4146959993729,9.13611663057739,-6.85282461718515));
#5606=CARTESIAN_POINT('Ctrl Pts',(-25.7388793270895,9.13049974954439,-6.85884094798081));
#5607=CARTESIAN_POINT('Ctrl Pts',(-23.3177098977927,8.41952984381571,-5.59520461647955));
#5608=CARTESIAN_POINT('Ctrl Pts',(-23.5593595673951,8.55136433538036,-5.83526898200147));
#5609=CARTESIAN_POINT('Ctrl Pts',(-24.0335598780964,8.81207640079208,-6.1558245158593));
#5610=CARTESIAN_POINT('Ctrl Pts',(-24.8334451423274,9.16490689951175,-6.44983140341307));
#5611=CARTESIAN_POINT('Ctrl Pts',(-25.4216040263475,9.29567346860962,-6.54078255225391));
#5612=CARTESIAN_POINT('Ctrl Pts',(-25.7388793270895,9.29536750946645,-6.54586594554472));
#5613=CARTESIAN_POINT('Ctrl Pts',(-23.451168267013,8.46205516178231,-5.44202510962192));
#5614=CARTESIAN_POINT('Ctrl Pts',(-23.6885728186794,8.58261211019447,-5.65269723919372));
#5615=CARTESIAN_POINT('Ctrl Pts',(-24.1527022322291,8.82023067899554,-5.92910841210054));
#5616=CARTESIAN_POINT('Ctrl Pts',(-24.9191137510207,9.13463521232293,-6.16815406142473));
#5617=CARTESIAN_POINT('Ctrl Pts',(-25.4559885939244,9.24718628464256,-6.23447535323346));
#5618=CARTESIAN_POINT('Ctrl Pts',(-25.7388793270895,9.24852900006923,-6.23645104381968));
#5619=CARTESIAN_POINT('Ctrl Pts',(-23.5434786984415,8.4451300158987,-5.36023283146894));
#5620=CARTESIAN_POINT('Ctrl Pts',(-23.7800513544846,8.55292707776781,-5.55751028363176));
#5621=CARTESIAN_POINT('Ctrl Pts',(-24.2410967559961,8.76489545700321,-5.81604663661218));
#5622=CARTESIAN_POINT('Ctrl Pts',(-24.9882254643576,9.03814857764468,-6.03569157272768));
#5623=CARTESIAN_POINT('Ctrl Pts',(-25.4845948140462,9.12880196416918,-6.09132316864359));
#5624=CARTESIAN_POINT('Ctrl Pts',(-25.7388793270895,9.12943045913391,-6.09176225399382));
#5625=CARTESIAN_POINT('Ctrl Pts',(-23.5896574987409,8.42654742225973,-5.32458961410259));
#5626=CARTESIAN_POINT('Ctrl Pts',(-23.8258490628685,8.52690004222169,-5.51707567477208));
#5627=CARTESIAN_POINT('Ctrl Pts',(-24.2854800231069,8.72471179522146,-5.77080107826024));
#5628=CARTESIAN_POINT('Ctrl Pts',(-25.0230554907232,8.97599874786815,-5.98698512855071));
#5629=CARTESIAN_POINT('Ctrl Pts',(-25.4990517514942,9.05527295829968,-6.04));
#5630=CARTESIAN_POINT('Ctrl Pts',(-25.7388793270895,9.05527295829968,-6.04));
#5631=CARTESIAN_POINT('',(-23.5896574987409,8.42654742225973,-5.32458961410259));
#5632=CARTESIAN_POINT('',(-23.2163936204899,8.07000836665813,-5.87688442115389));
#5633=CARTESIAN_POINT('Origin',(-23.5896574987409,7.98318427782466,-5.55573701762824));
#5634=CARTESIAN_POINT('Ctrl Pts',(-23.2163936204899,8.07000836665813,-5.87688442115389));
#5635=CARTESIAN_POINT('Ctrl Pts',(-23.4918455810068,8.18623957958119,-6.16561351215814));
#5636=CARTESIAN_POINT('Ctrl Pts',(-24.0277675949333,8.41565293937032,-6.54620161739036));
#5637=CARTESIAN_POINT('Ctrl Pts',(-24.8915093131699,8.70042974962354,-6.87047769282607));
#5638=CARTESIAN_POINT('Ctrl Pts',(-25.4535194003474,8.77961677037121,-6.95000000000001));
#5639=CARTESIAN_POINT('Ctrl Pts',(-25.7388793270895,8.7690911978746,-6.95000000000001));
#5640=CARTESIAN_POINT('Ctrl Pts',(-25.7388793270895,9.05527295829968,-6.04));
#5641=CARTESIAN_POINT('Ctrl Pts',(-25.4990517514942,9.05527295829968,-6.04));
#5642=CARTESIAN_POINT('Ctrl Pts',(-25.0230554907232,8.97599874786815,-5.98698512855071));
#5643=CARTESIAN_POINT('Ctrl Pts',(-24.2854800231069,8.72471179522146,-5.77080107826024));
#5644=CARTESIAN_POINT('Ctrl Pts',(-23.8258490628685,8.52690004222169,-5.51707567477208));
#5645=CARTESIAN_POINT('Ctrl Pts',(-23.5896574987409,8.42654742225973,-5.32458961410259));
#5646=CARTESIAN_POINT('Ctrl Pts',(-22.1037264782844,7.78682408883347,-4.7469994852911));
#5647=CARTESIAN_POINT('Ctrl Pts',(-22.4820463877625,7.78682408884471,-5.12789379090934));
#5648=CARTESIAN_POINT('Ctrl Pts',(-22.8636600622124,7.87881673644577,-5.51859830206034));
#5649=CARTESIAN_POINT('Ctrl Pts',(-23.2163936204899,8.07000836665813,-5.87688442115389));
#5650=CARTESIAN_POINT('Ctrl Pts',(-22.1119181198294,7.85230270898387,-4.73886320957678));
#5651=CARTESIAN_POINT('Ctrl Pts',(-22.4858097988683,7.85745902821458,-5.11403031971451));
#5652=CARTESIAN_POINT('Ctrl Pts',(-22.8618348452579,7.95335649339945,-5.49729513212091));
#5653=CARTESIAN_POINT('Ctrl Pts',(-23.2075918703611,8.14519067881361,-5.84632832438949));
#5654=CARTESIAN_POINT('Ctrl Pts',(-22.1471091440035,7.97842770406317,-4.70391003520531));
#5655=CARTESIAN_POINT('Ctrl Pts',(-22.5156270319424,7.99310133718527,-5.06509369353424));
#5656=CARTESIAN_POINT('Ctrl Pts',(-22.8844089190712,8.09589315418021,-5.43101721561045));
#5657=CARTESIAN_POINT('Ctrl Pts',(-23.2205323378073,8.28809994139482,-5.75911960779052));
#5658=CARTESIAN_POINT('Ctrl Pts',(-22.2646620165251,8.14861801478296,-4.58715168141229));
#5659=CARTESIAN_POINT('Ctrl Pts',(-22.6357739848387,8.16943030877537,-4.92038259818596));
#5660=CARTESIAN_POINT('Ctrl Pts',(-23.0067622124807,8.27255036451814,-5.25488935190355));
#5661=CARTESIAN_POINT('Ctrl Pts',(-23.3441634378653,8.45559158930523,-5.55043580041319));
#5662=CARTESIAN_POINT('Ctrl Pts',(-22.3823265547085,8.20000000000203,-4.47028241668902));
#5663=CARTESIAN_POINT('Ctrl Pts',(-22.7631408619501,8.21106382996176,-4.78692943099398));
#5664=CARTESIAN_POINT('Ctrl Pts',(-23.1459286964802,8.29830978331591,-5.10783377260002));
#5665=CARTESIAN_POINT('Ctrl Pts',(-23.4972998981422,8.46371260953767,-5.3958760488353));
#5666=CARTESIAN_POINT('Ctrl Pts',(-22.4530872300239,8.2,-4.40000000005773));
#5667=CARTESIAN_POINT('Ctrl Pts',(-22.8398207016059,8.20000000000899,-4.71149209640711));
#5668=CARTESIAN_POINT('Ctrl Pts',(-23.2296641058025,8.27359411808984,-5.03121033813348));
#5669=CARTESIAN_POINT('Ctrl Pts',(-23.5896574987409,8.42654742225973,-5.3245896141026));
#5670=CARTESIAN_POINT('',(-22.1037264782868,7.78682408883347,-4.74699948529357));
#5671=CARTESIAN_POINT('Origin',(-22.4530872300264,7.7,-4.40000000007469));
#5672=CARTESIAN_POINT('Ctrl Pts',(-22.1037264782844,7.78682408883347,-4.7469994852911));
#5673=CARTESIAN_POINT('Ctrl Pts',(-22.4820463877625,7.78682408884471,-5.12789379090934));
#5674=CARTESIAN_POINT('Ctrl Pts',(-22.8636600622124,7.87881673644577,-5.51859830206034));
#5675=CARTESIAN_POINT('Ctrl Pts',(-23.2163936204899,8.07000836665813,-5.87688442115389));
#5676=CARTESIAN_POINT('Ctrl Pts',(-23.5896574987409,8.42654742225973,-5.3245896141026));
#5677=CARTESIAN_POINT('Ctrl Pts',(-23.2296641058025,8.27359411808984,-5.03121033813348));
#5678=CARTESIAN_POINT('Ctrl Pts',(-22.8398207016059,8.20000000000899,-4.71149209640711));
#5679=CARTESIAN_POINT('Ctrl Pts',(-22.4530872300239,8.2,-4.40000000005773));
#5680=CARTESIAN_POINT('Origin',(-6.39455046676331,7.7,-20.35));
#5681=CARTESIAN_POINT('Origin',(-6.39455046676331,7.78682408883346,-20.35));
#5682=CARTESIAN_POINT('Origin',(-34.5,10.2,-4.39999999999999));
#5683=CARTESIAN_POINT('Origin',(-69.,10.2,-4.39999999999998));
#5684=CARTESIAN_POINT('Origin',(69.,24.,-6.40000000000001));
#5685=CARTESIAN_POINT('',(69.,24.,3.95));
#5686=CARTESIAN_POINT('Origin',(69.,21.,3.95));
#5687=CARTESIAN_POINT('',(69.,24.,-3.23030399291525));
#5688=CARTESIAN_POINT('',(69.,24.,-3.20000000000002));
#5689=CARTESIAN_POINT('',(69.,22.0591091537047,-6.40000000000001));
#5690=CARTESIAN_POINT('Ctrl Pts',(69.,22.0591091537047,-6.40000000000001));
#5691=CARTESIAN_POINT('Ctrl Pts',(69.,22.4189816296332,-6.21386588101438));
#5692=CARTESIAN_POINT('Ctrl Pts',(69.,22.7940929165586,-5.91041513545955));
#5693=CARTESIAN_POINT('Ctrl Pts',(69.,23.3430782312743,-5.29662033431833));
#5694=CARTESIAN_POINT('Ctrl Pts',(69.,23.6095041999523,-4.8682113401894));
#5695=CARTESIAN_POINT('Ctrl Pts',(69.,23.9078151209871,-4.10311185712657));
#5696=CARTESIAN_POINT('Ctrl Pts',(69.,24.,-3.63108824416508));
#5697=CARTESIAN_POINT('Ctrl Pts',(69.,24.,-3.23030399291525));
#5698=CARTESIAN_POINT('',(69.,8.2,-6.40000000000001));
#5699=CARTESIAN_POINT('',(69.,24.,-6.40000000000001));
#5700=CARTESIAN_POINT('',(69.,8.2,6.39999999999999));
#5701=CARTESIAN_POINT('Origin',(2.50000000000002,24.,-6.95));
#5702=CARTESIAN_POINT('',(-24.6224867330896,4.00000000000001,-6.95000000000001));
#5703=CARTESIAN_POINT('Ctrl Pts',(-24.6224873670639,3.99999984962801,-6.95000000000001));
#5704=CARTESIAN_POINT('Ctrl Pts',(-24.9992912166033,5.588597891209,-6.95000000000001));
#5705=CARTESIAN_POINT('Ctrl Pts',(-25.3711564018468,7.17836638340157,-6.95000000000001));
#5706=CARTESIAN_POINT('Ctrl Pts',(-25.7388793270895,8.76909119787461,-6.95000000000001));
#5707=CARTESIAN_POINT('',(-70.5,4.,-6.95000000000001));
#5708=CARTESIAN_POINT('',(-72.5,4.,-6.95000000000001));
#5709=CARTESIAN_POINT('',(-70.5,21.,-6.95000000000001));
#5710=CARTESIAN_POINT('',(-70.5,24.,-6.95000000000001));
#5711=CARTESIAN_POINT('',(-69.,21.,-6.95000000000001));
#5712=CARTESIAN_POINT('',(1.25,21.,-6.95));
#5713=CARTESIAN_POINT('',(-69.,24.,-6.95000000000001));
#5714=CARTESIAN_POINT('Ctrl Pts',(-24.4987350484333,3.47905546699921,-6.95000000000001));
#5715=CARTESIAN_POINT('Ctrl Pts',(-24.9179386697067,5.2410290009396,-6.95000000000001));
#5716=CARTESIAN_POINT('Ctrl Pts',(-25.3309577024199,7.0044716809008,-6.95000000000001));
#5717=CARTESIAN_POINT('Ctrl Pts',(-25.7388793270895,8.76909119787461,-6.95000000000001));
#5718=CARTESIAN_POINT('Ctrl Pts',(-23.6733472750919,3.67542932669375,-6.95000000000001));
#5719=CARTESIAN_POINT('Ctrl Pts',(-24.0810823062118,5.43807805129966,-6.95022121913927));
#5720=CARTESIAN_POINT('Ctrl Pts',(-24.4835486497135,7.20211703912919,-6.94977850653467));
#5721=CARTESIAN_POINT('Ctrl Pts',(-24.8811047863899,8.96738027995526,-6.95000000000001));
#5722=CARTESIAN_POINT('Ctrl Pts',(-22.8548467431034,3.87016459394628,-6.57001766398075));
#5723=CARTESIAN_POINT('Ctrl Pts',(-23.2516323565643,5.63338456496835,-6.5596875428262));
#5724=CARTESIAN_POINT('Ctrl Pts',(-23.6438734316106,7.39795526856191,-6.54906177630116));
#5725=CARTESIAN_POINT('Ctrl Pts',(-24.0316071118566,9.16375602453668,-6.53931592905046));
#5726=CARTESIAN_POINT('Ctrl Pts',(-22.3091297272528,4.,-5.93349321425482));
#5727=CARTESIAN_POINT('Ctrl Pts',(-22.7054811542602,5.76197353394039,-5.90826636406649));
#5728=CARTESIAN_POINT('Ctrl Pts',(-23.0972874169818,7.52541621390159,-5.88397989242441));
#5729=CARTESIAN_POINT('Ctrl Pts',(-23.4853364046257,9.2900357308754,-5.86053947620819));
#5730=CARTESIAN_POINT('',(-22.3091297272528,4.00000000000001,-5.93349321425482));
#5731=CARTESIAN_POINT('Ctrl Pts',(-23.2163954255171,8.07000796646271,-5.87688432346909));
#5732=CARTESIAN_POINT('Ctrl Pts',(-22.9164255416399,6.7125575055168,-5.89522577509893));
#5733=CARTESIAN_POINT('Ctrl Pts',(-22.6141233093059,5.35584378655238,-5.91408107926909));
#5734=CARTESIAN_POINT('Ctrl Pts',(-22.3091297272528,4.,-5.93349321425482));
#5735=CARTESIAN_POINT('Ctrl Pts',(-24.6224873565165,3.99999980516052,-6.95000000000001));
#5736=CARTESIAN_POINT('Ctrl Pts',(-24.5197099415809,4.00000033772635,-6.9500055568232));
#5737=CARTESIAN_POINT('Ctrl Pts',(-24.4172365528736,3.99997760055391,-6.94473373189275));
#5738=CARTESIAN_POINT('Ctrl Pts',(-24.31539698785,3.99994364690223,-6.93442407565497));
#5739=CARTESIAN_POINT('Ctrl Pts',(-24.2125021977035,3.99990934143496,-6.92400759444924));
#5740=CARTESIAN_POINT('Ctrl Pts',(-24.1102536867883,3.99986376334622,-6.90844809028711));
#5741=CARTESIAN_POINT('Ctrl Pts',(-24.008992588246,3.99981884840356,-6.88793792088229));
#5742=CARTESIAN_POINT('Ctrl Pts',(-23.907386375341,3.99977378038344,-6.86735784947023));
#5743=CARTESIAN_POINT('Ctrl Pts',(-23.8067735369703,3.9997295650204,-6.84179300662051));
#5744=CARTESIAN_POINT('Ctrl Pts',(-23.7075112068311,3.9996950294197,-6.81138718994033));
#5745=CARTESIAN_POINT('Ctrl Pts',(-23.611966728713,3.99966178734346,-6.7821202174404));
#5746=CARTESIAN_POINT('Ctrl Pts',(-23.5176729266903,3.9996376449022,-6.7483675771582));
#5747=CARTESIAN_POINT('Ctrl Pts',(-23.4249694378316,3.99962522606048,-6.71021742962875));
#5748=CARTESIAN_POINT('Ctrl Pts',(-23.3291112820168,3.99961238460997,-6.67076904606457));
#5749=CARTESIAN_POINT('Ctrl Pts',(-23.2352700660991,3.99961345526942,-6.62674927416811));
#5750=CARTESIAN_POINT('Ctrl Pts',(-23.143807841254,3.99962991548452,-6.57830189843778));
#5751=CARTESIAN_POINT('Ctrl Pts',(-23.0537555705624,3.99964612195389,-6.53060137288253));
#5752=CARTESIAN_POINT('Ctrl Pts',(-22.9660088234239,3.99967740834448,-6.47860827523914));
#5753=CARTESIAN_POINT('Ctrl Pts',(-22.8809409478016,3.99971839822564,-6.42241852018366));
#5754=CARTESIAN_POINT('Ctrl Pts',(-22.861054220462,3.99972798062774,-6.40928277029108));
#5755=CARTESIAN_POINT('Ctrl Pts',(-22.8413140416456,3.99973805779655,-6.39591750519602));
#5756=CARTESIAN_POINT('Ctrl Pts',(-22.8217254671153,3.99974849177382,-6.38232365519321));
#5757=CARTESIAN_POINT('Ctrl Pts',(-22.738099289269,3.99979303578274,-6.32428973770774));
#5758=CARTESIAN_POINT('Ctrl Pts',(-22.6574519085378,3.99984482880906,-6.26224428189237));
#5759=CARTESIAN_POINT('Ctrl Pts',(-22.5801503034113,3.99989144481463,-6.19629786501616));
#5760=CARTESIAN_POINT('Ctrl Pts',(-22.5049446876488,3.99993679685353,-6.13213954798785));
#5761=CARTESIAN_POINT('Ctrl Pts',(-22.4329053407654,3.99997737244911,-6.06428850318711));
#5762=CARTESIAN_POINT('Ctrl Pts',(-22.3644055660045,3.99999323746118,-5.99281334186169));
#5763=CARTESIAN_POINT('Ctrl Pts',(-22.3457137835799,3.99999756660466,-5.97330965489448));
#5764=CARTESIAN_POINT('Ctrl Pts',(-22.3272857908607,4.,-5.95353594150073));
#5765=CARTESIAN_POINT('Ctrl Pts',(-22.3091297272528,4.,-5.93349321425482));
#5766=CARTESIAN_POINT('Origin',(-11.964669019983,8.2,6.00000000000001));
#5767=CARTESIAN_POINT('Origin',(-69.,24.,6.40000000000001));
#5768=CARTESIAN_POINT('',(-69.,24.,-3.95000000000001));
#5769=CARTESIAN_POINT('Origin',(-69.,21.,-3.95000000000001));
#5770=CARTESIAN_POINT('',(-69.,24.,3.23030399291528));
#5771=CARTESIAN_POINT('',(-69.,24.,3.20000000000002));
#5772=CARTESIAN_POINT('',(-69.,22.0591091537048,6.40000000000001));
#5773=CARTESIAN_POINT('Ctrl Pts',(-69.,22.0591091537048,6.40000000000001));
#5774=CARTESIAN_POINT('Ctrl Pts',(-69.,22.4189816296333,6.21386588101436));
#5775=CARTESIAN_POINT('Ctrl Pts',(-69.,22.7940929165587,5.91041513545957));
#5776=CARTESIAN_POINT('Ctrl Pts',(-69.,23.3430782312743,5.29662033431838));
#5777=CARTESIAN_POINT('Ctrl Pts',(-69.,23.6095041999523,4.86821134018944));
#5778=CARTESIAN_POINT('Ctrl Pts',(-69.,23.9078151209871,4.1031118571266));
#5779=CARTESIAN_POINT('Ctrl Pts',(-69.,24.,3.63108824416511));
#5780=CARTESIAN_POINT('Ctrl Pts',(-69.,24.,3.23030399291528));
#5781=CARTESIAN_POINT('',(-69.,8.2,6.40000000000001));
#5782=CARTESIAN_POINT('',(-69.,24.,6.40000000000001));
#5783=CARTESIAN_POINT('',(-69.,8.2,-6.39999999999998));
#5784=CARTESIAN_POINT('Origin',(10.5624773812491,8.2,-6.00000000000001));
#5785=CARTESIAN_POINT('Origin',(-1.77635683940025E-14,8.2,-1.11022302462516E-15));
#5786=CARTESIAN_POINT('',(-68.7,8.2,6.40000000000001));
#5787=CARTESIAN_POINT('',(-69.,8.2,6.40000000000001));
#5788=CARTESIAN_POINT('Origin',(-67.5,8.2,8.));
#5789=CARTESIAN_POINT('Origin',(-1.77635683940025E-14,8.2,-1.11022302462516E-15));
#5790=CARTESIAN_POINT('',(68.7,8.2,-6.40000000000001));
#5791=CARTESIAN_POINT('',(69.,8.2,-6.40000000000001));
#5792=CARTESIAN_POINT('Origin',(67.5,8.2,-7.99999999999999));
#5793=CARTESIAN_POINT('Origin',(-69.,24.,-6.39999999999998));
#5794=CARTESIAN_POINT('',(68.7,21.,-6.40000000000001));
#5795=CARTESIAN_POINT('',(68.7,24.,-6.40000000000001));
#5796=CARTESIAN_POINT('Ctrl Pts',(68.7,21.,-6.40000000000001));
#5797=CARTESIAN_POINT('Ctrl Pts',(68.7,21.336884245494,-6.40000000000001));
#5798=CARTESIAN_POINT('Ctrl Pts',(68.8204635681872,21.7227800362731,-6.40000000000001));
#5799=CARTESIAN_POINT('Ctrl Pts',(68.985764501589,22.0330816527209,-6.40000000000001));
#5800=CARTESIAN_POINT('Ctrl Pts',(68.9928142956396,22.0460845875669,-6.40000000000001));
#5801=CARTESIAN_POINT('Ctrl Pts',(69.,22.0591091537047,-6.40000000000001));
#5802=CARTESIAN_POINT('Origin',(69.,24.,6.39999999999999));
#5803=CARTESIAN_POINT('',(-68.7,21.,6.40000000000001));
#5804=CARTESIAN_POINT('Ctrl Pts',(-68.7,21.,6.40000000000001));
#5805=CARTESIAN_POINT('Ctrl Pts',(-68.7,21.336884245494,6.40000000000001));
#5806=CARTESIAN_POINT('Ctrl Pts',(-68.8204635681872,21.7227800362731,6.40000000000001));
#5807=CARTESIAN_POINT('Ctrl Pts',(-68.985764501589,22.0330816527209,6.40000000000001));
#5808=CARTESIAN_POINT('Ctrl Pts',(-68.9928142956397,22.046084587567,6.40000000000001));
#5809=CARTESIAN_POINT('Ctrl Pts',(-69.,22.0591091537048,6.40000000000001));
#5810=CARTESIAN_POINT('',(-68.7,24.,6.40000000000001));
#5811=CARTESIAN_POINT('Origin',(67.5,24.,-7.99999999999999));
#5812=CARTESIAN_POINT('',(69.5,21.,-7.99999999999999));
#5813=CARTESIAN_POINT('Origin',(67.5,21.,-7.99999999999999));
#5814=CARTESIAN_POINT('',(69.5,4.,-7.99999999999999));
#5815=CARTESIAN_POINT('',(69.5,24.,-7.99999999999999));
#5816=CARTESIAN_POINT('Origin',(67.5,4.,-7.99999999999999));
#5817=CARTESIAN_POINT('Origin',(67.5,21.,-7.99999999999999));
#5818=CARTESIAN_POINT('',(72.5,24.,-7.99999999999999));
#5819=CARTESIAN_POINT('Origin',(67.5,24.,-7.99999999999999));
#5820=CARTESIAN_POINT('Origin',(72.5,21.,-7.99999999999999));
#5821=CARTESIAN_POINT('Origin',(-1.77635683940025E-14,24.,8.88178419700125E-15));
#5822=CARTESIAN_POINT('',(70.5,24.,3.95));
#5823=CARTESIAN_POINT('',(-1.25000000000002,24.,3.95));
#5824=CARTESIAN_POINT('',(75.5,24.,8.95));
#5825=CARTESIAN_POINT('Origin',(70.5,24.,8.95));
#5826=CARTESIAN_POINT('',(75.5,24.,17.2066740905808));
#5827=CARTESIAN_POINT('',(75.5,24.,3.47500000000001));
#5828=CARTESIAN_POINT('',(78.7,24.,20.2));
#5829=CARTESIAN_POINT('Origin',(75.7,24.,20.2));
#5830=CARTESIAN_POINT('',(73.0682078338,24.,21.6400243032421));
#5831=CARTESIAN_POINT('Origin',(75.7,24.,20.2));
#5832=CARTESIAN_POINT('',(70.5,24.,22.35));
#5833=CARTESIAN_POINT('Origin',(70.5,24.,17.35));
#5834=CARTESIAN_POINT('',(27.7825268447204,24.,22.35));
#5835=CARTESIAN_POINT('',(36.25,24.,22.35));
#5836=CARTESIAN_POINT('',(25.3947994472561,24.,23.7));
#5837=CARTESIAN_POINT('Origin',(17.5,24.,6.95));
#5838=CARTESIAN_POINT('',(77.5,24.,23.7));
#5839=CARTESIAN_POINT('',(-38.75,24.,23.7));
#5840=CARTESIAN_POINT('',(79.2,24.,22.));
#5841=CARTESIAN_POINT('Origin',(77.5,24.,22.));
#5842=CARTESIAN_POINT('',(79.2,24.,-22.));
#5843=CARTESIAN_POINT('',(79.2,24.,11.));
#5844=CARTESIAN_POINT('',(77.5,24.,-23.7));
#5845=CARTESIAN_POINT('Origin',(77.5,24.,-22.));
#5846=CARTESIAN_POINT('',(-9.60520055274383,24.,-23.7));
#5847=CARTESIAN_POINT('',(38.75,24.,-23.7));
#5848=CARTESIAN_POINT('',(-7.21747315527958,24.,-22.35));
#5849=CARTESIAN_POINT('Origin',(-17.5,24.,-6.95));
#5850=CARTESIAN_POINT('',(1.2700550707758,24.,-22.35));
#5851=CARTESIAN_POINT('',(-36.25,24.,-22.35));
#5852=CARTESIAN_POINT('',(4.20220445305494,24.,-23.3));
#5853=CARTESIAN_POINT('Origin',(4.20220445305494,24.,-18.3));
#5854=CARTESIAN_POINT('',(67.5,24.,-23.3));
#5855=CARTESIAN_POINT('',(1.25,24.,-23.3));
#5856=CARTESIAN_POINT('',(72.5,24.,-18.3));
#5857=CARTESIAN_POINT('Origin',(67.5,24.,-18.3));
#5858=CARTESIAN_POINT('',(72.5,24.,-10.15));
#5859=CARTESIAN_POINT('',(78.7,24.,-20.2));
#5860=CARTESIAN_POINT('Origin',(75.7,24.,-20.2));
#5861=CARTESIAN_POINT('Origin',(1.25,21.,-3.95));
#5862=CARTESIAN_POINT('',(-70.5,24.,-3.95000000000001));
#5863=CARTESIAN_POINT('Origin',(-70.5,21.,-3.95000000000001));
#5864=CARTESIAN_POINT('',(1.25,24.,-3.95));
#5865=CARTESIAN_POINT('Origin',(-6.39455046676331,24.,-20.35));
#5866=CARTESIAN_POINT('',(-9.9508161326774,4.00000000004914,0.826932626233317));
#5867=CARTESIAN_POINT('Ctrl Pts',(-9.95082904853168,3.99999475258642,0.826936556612061));
#5868=CARTESIAN_POINT('Ctrl Pts',(-10.3720328011311,5.25456537106704,0.980546554251566));
#5869=CARTESIAN_POINT('Ctrl Pts',(-10.7751925984908,6.5178712304319,1.12804489820686));
#5870=CARTESIAN_POINT('Ctrl Pts',(-11.165523580225,7.78682408883347,1.27104649580081));
#5871=CARTESIAN_POINT('Origin',(-6.39455046676331,4.,-20.35));
#5872=CARTESIAN_POINT('Ctrl Pts',(-9.78561827601632,3.51111771099398,0.76670977449858));
#5873=CARTESIAN_POINT('Ctrl Pts',(-10.2669849290195,4.92617159786732,0.942117508263766));
#5874=CARTESIAN_POINT('Ctrl Pts',(-10.724444982372,6.35289244180259,1.10945300947994));
#5875=CARTESIAN_POINT('Ctrl Pts',(-11.165523580225,7.78682408883347,1.27104649580081));
#5876=CARTESIAN_POINT('Ctrl Pts',(-9.31164070071918,3.67689396644727,0.872429715234679));
#5877=CARTESIAN_POINT('Ctrl Pts',(-9.8008995826589,5.08118185461765,1.0549645879042));
#5878=CARTESIAN_POINT('Ctrl Pts',(-10.2663204180509,6.49925883939659,1.22839179708541));
#5879=CARTESIAN_POINT('Ctrl Pts',(-10.7152943050754,7.92561538966597,1.39545699229773));
#5880=CARTESIAN_POINT('Ctrl Pts',(-8.42063741737264,3.94982956334325,1.39859519170235));
#5881=CARTESIAN_POINT('Ctrl Pts',(-8.93014360987662,5.3348899350062,1.58250778631868));
#5882=CARTESIAN_POINT('Ctrl Pts',(-9.41453946379277,6.73774402482194,1.75707066414651));
#5883=CARTESIAN_POINT('Ctrl Pts',(-9.88200213747563,8.15080869101413,1.92440646019488));
#5884=CARTESIAN_POINT('Ctrl Pts',(-7.59691478826986,4.05884538020818,3.0976039038916));
#5885=CARTESIAN_POINT('Ctrl Pts',(-8.12570716568174,5.43594072347306,3.24951528300532));
#5886=CARTESIAN_POINT('Ctrl Pts',(-8.62880809412124,6.83204654307089,3.39428405411175));
#5887=CARTESIAN_POINT('Ctrl Pts',(-9.11292087744287,8.23966578705166,3.53426483028357));
#5888=CARTESIAN_POINT('Ctrl Pts',(-7.9728898708665,3.75978209417392,4.43153420980966));
#5889=CARTESIAN_POINT('Ctrl Pts',(-8.48435548337958,5.15847699588878,4.56060106200633));
#5890=CARTESIAN_POINT('Ctrl Pts',(-8.96952013345573,6.57257666790323,4.68498674390188));
#5891=CARTESIAN_POINT('Ctrl Pts',(-9.43850783380414,7.99501104008222,4.80449982153973));
#5892=CARTESIAN_POINT('Ctrl Pts',(-8.46536798618904,3.51111771099398,4.96827070323489));
#5893=CARTESIAN_POINT('Ctrl Pts',(-8.96054715570121,4.92617159786732,5.09972152205848));
#5894=CARTESIAN_POINT('Ctrl Pts',(-9.43149936127171,6.35289244180258,5.22411963478062));
#5895=CARTESIAN_POINT('Ctrl Pts',(-9.88573007249171,7.78682408883347,5.34385787132118));
#5896=CARTESIAN_POINT('',(-8.91048611687496,4.80499809992006,5.08626802810973));
#5897=CARTESIAN_POINT('Ctrl Pts',(-8.9105350466837,4.80496218147941,5.08628417274796));
#5898=CARTESIAN_POINT('Ctrl Pts',(-8.91340249177401,4.81493522305337,5.0866684786411));
#5899=CARTESIAN_POINT('Ctrl Pts',(-8.91626954377213,4.82490843522599,5.08705239306024));
#5900=CARTESIAN_POINT('Ctrl Pts',(-8.9191361813098,4.83488174264602,5.08743591493201));
#5901=CARTESIAN_POINT('Ctrl Pts',(-9.02601963455863,5.20673954585901,5.10173564467173));
#5902=CARTESIAN_POINT('Ctrl Pts',(-9.13316932029763,5.58167669825605,5.11560379395411));
#5903=CARTESIAN_POINT('Ctrl Pts',(-9.24043523176179,5.95911955961064,5.12908145851996));
#5904=CARTESIAN_POINT('Ctrl Pts',(-9.35263343713615,6.35391797317283,5.14317885214934));
#5905=CARTESIAN_POINT('Ctrl Pts',(-9.46495900356898,6.75145788910612,5.1568489994076));
#5906=CARTESIAN_POINT('Ctrl Pts',(-9.57728576364063,7.1510508640297,5.17012218986715));
#5907=CARTESIAN_POINT('Ctrl Pts',(-9.6377081225968,7.36599830978344,5.17726205108927));
#5908=CARTESIAN_POINT('Ctrl Pts',(-9.69813157622839,7.58153926947366,5.18428677080935));
#5909=CARTESIAN_POINT('Ctrl Pts',(-9.75854113489191,7.79756300950905,5.191199289698));
#5910=CARTESIAN_POINT('',(-8.63532069710733,4.00000000004914,5.01336171972377));
#5911=CARTESIAN_POINT('Ctrl Pts',(-8.91053992622741,4.80497660018736,5.08628546462035));
#5912=CARTESIAN_POINT('Ctrl Pts',(-8.8196052333677,4.53627093990462,5.06221025907953));
#5913=CARTESIAN_POINT('Ctrl Pts',(-8.72788666121772,4.26793362954511,5.03790911673279));
#5914=CARTESIAN_POINT('Ctrl Pts',(-8.63533353978439,3.99999475294143,5.0133658834043));
#5915=CARTESIAN_POINT('Ctrl Pts',(-9.95081613264441,4.,0.826932626221285));
#5916=CARTESIAN_POINT('Ctrl Pts',(-9.60512575383468,4.,0.884984793023964));
#5917=CARTESIAN_POINT('Ctrl Pts',(-9.2732289646715,4.00000000000005,1.00863029774268));
#5918=CARTESIAN_POINT('Ctrl Pts',(-8.70259093650899,4.00000000000005,1.36812060016312));
#5919=CARTESIAN_POINT('Ctrl Pts',(-8.46434511779402,4.00000000000007,1.59162842588004));
#5920=CARTESIAN_POINT('Ctrl Pts',(-8.10075104577288,4.00000000000007,2.10881848273681));
#5921=CARTESIAN_POINT('Ctrl Pts',(-7.9750487072173,3.99999999999892,2.3921121968674));
#5922=CARTESIAN_POINT('Ctrl Pts',(-7.84184193921107,3.99999999999892,2.9902861792136));
#5923=CARTESIAN_POINT('Ctrl Pts',(-7.83480056965799,4.00000000000054,3.29680946352145));
#5924=CARTESIAN_POINT('Ctrl Pts',(-7.92953042160974,4.00000000000054,3.86410526302806));
#5925=CARTESIAN_POINT('Ctrl Pts',(-8.01820267946105,4.00000000000271,4.12120481216991));
#5926=CARTESIAN_POINT('Ctrl Pts',(-8.27363609145913,4.00000000000271,4.60167908857904));
#5927=CARTESIAN_POINT('Ctrl Pts',(-8.43973211607471,4.,4.82168534841333));
#5928=CARTESIAN_POINT('Ctrl Pts',(-8.63532069707339,4.,5.01336171971477));
#5929=CARTESIAN_POINT('Origin',(8.15597958052548,24.,19.3955767409634));
#5930=CARTESIAN_POINT('',(8.15597958052547,21.5209445330008,19.3955767409634));
#5931=CARTESIAN_POINT('',(-1.45599255492728,22.9832026251876,20.0990208023011));
#5932=CARTESIAN_POINT('Origin',(-32.2137322589913,21.,22.35));
#5933=CARTESIAN_POINT('',(8.15597958052547,4.,19.3955767409634));
#5934=CARTESIAN_POINT('',(8.15597958052547,24.,19.3955767409634));
#5935=CARTESIAN_POINT('',(-3.91102735343823,4.,20.2786904499337));
#5936=CARTESIAN_POINT('',(5.10366014103519,4.,19.618958160724));
#5937=CARTESIAN_POINT('',(-3.91102735343826,21.,20.2786904499337));
#5938=CARTESIAN_POINT('',(-3.91102735343826,24.,20.2786904499337));
#5939=CARTESIAN_POINT('',(-2.68330954689266,22.5372528306092,20.1888409641934));
#5940=CARTESIAN_POINT('Ctrl Pts',(-2.68330954062828,22.5372528236417,20.1888409589064));
#5941=CARTESIAN_POINT('Ctrl Pts',(-2.94656480872483,22.2859455656023,20.2081070733196));
#5942=CARTESIAN_POINT('Ctrl Pts',(-3.19933422317074,22.0084550116085,20.2266057893912));
#5943=CARTESIAN_POINT('Ctrl Pts',(-3.54116758851245,21.6023704363363,20.2516225754732));
#5944=CARTESIAN_POINT('Ctrl Pts',(-3.6916468644383,21.4199010986749,20.2626352741659));
#5945=CARTESIAN_POINT('Ctrl Pts',(-3.83206379122372,21.21126203811,20.2729115683368));
#5946=CARTESIAN_POINT('Ctrl Pts',(-3.86661262083719,21.1559444620484,20.2754399952472));
#5947=CARTESIAN_POINT('Ctrl Pts',(-3.90059705178848,21.0740765290479,20.2779271171184));
#5948=CARTESIAN_POINT('Ctrl Pts',(-3.91102735343826,21.0342854233275,20.2786904499337));
#5949=CARTESIAN_POINT('Ctrl Pts',(-3.91102735343826,21.,20.2786904499337));
#5950=CARTESIAN_POINT('Ctrl Pts',(-1.45599255496076,22.9832026246727,20.0990208020749));
#5951=CARTESIAN_POINT('Ctrl Pts',(-1.53111301854425,22.9894425546573,20.104518429745));
#5952=CARTESIAN_POINT('Ctrl Pts',(-1.65998719154744,22.9969058596864,20.1139499772309));
#5953=CARTESIAN_POINT('Ctrl Pts',(-1.96073354145639,22.9505415046527,20.1359598447964));
#5954=CARTESIAN_POINT('Ctrl Pts',(-2.09595917070058,22.9099241129625,20.145856218242));
#5955=CARTESIAN_POINT('Ctrl Pts',(-2.42924693986432,22.7586889695852,20.1702476020865));
#5956=CARTESIAN_POINT('Ctrl Pts',(-2.58272700376988,22.633270355696,20.1814799109126));
#5957=CARTESIAN_POINT('Ctrl Pts',(-2.68330954062828,22.5372528236417,20.1888409589064));
#5958=CARTESIAN_POINT('Origin',(8.15597958052547,24.,17.35));
#5959=CARTESIAN_POINT('',(8.15597958052548,21.,19.35));
#5960=CARTESIAN_POINT('Origin',(8.15597958052548,21.,22.35));
#5961=CARTESIAN_POINT('',(8.15597958052547,4.,19.35));
#5962=CARTESIAN_POINT('',(8.15597958052548,24.,19.35));
#5963=CARTESIAN_POINT('',(8.15597958052547,4.,18.0875));
#5964=CARTESIAN_POINT('Ctrl Pts',(-1.49636428494335,22.5372528235189,19.77379081661));
#5965=CARTESIAN_POINT('Ctrl Pts',(-1.9084269958313,22.5420565444605,19.7766572506047));
#5966=CARTESIAN_POINT('Ctrl Pts',(-2.36315284868239,22.5419847607326,19.9350130498947));
#5967=CARTESIAN_POINT('Ctrl Pts',(-2.68330954893771,22.5372528235189,20.1888409654943));
#5968=CARTESIAN_POINT('Ctrl Pts',(-1.46403439720513,22.9173535663236,20.0006011796292));
#5969=CARTESIAN_POINT('Ctrl Pts',(-1.83793558740088,22.9256001367658,20.0057529344458));
#5970=CARTESIAN_POINT('Ctrl Pts',(-2.2614315069739,22.9253903587471,20.1509450876413));
#5971=CARTESIAN_POINT('Ctrl Pts',(-2.55483451439108,22.9173535663236,20.3765755636932));
#5972=CARTESIAN_POINT('Ctrl Pts',(-1.38859799248261,23.6857844236598,20.7291667507987));
#5973=CARTESIAN_POINT('Ctrl Pts',(-1.63793506608824,23.7068848581155,20.7551340646244));
#5974=CARTESIAN_POINT('Ctrl Pts',(-1.92707223582457,23.7069997174614,20.8491115880222));
#5975=CARTESIAN_POINT('Ctrl Pts',(-2.13954719361625,23.6857844236598,20.9770295667397));
#5976=CARTESIAN_POINT('Ctrl Pts',(-1.31316158776008,24.,21.7598293799194));
#5977=CARTESIAN_POINT('Ctrl Pts',(-1.39950118105814,24.0016318833752,21.7889795434198));
#5978=CARTESIAN_POINT('Ctrl Pts',(-1.48971511664313,24.0017956895954,21.8176224190713));
#5979=CARTESIAN_POINT('Ctrl Pts',(-1.57710152669404,24.,21.8436920927528));
#5980=CARTESIAN_POINT('Ctrl Pts',(-1.27005507077579,24.,22.35));
#5981=CARTESIAN_POINT('Ctrl Pts',(-1.27005507077579,24.,22.35));
#5982=CARTESIAN_POINT('Ctrl Pts',(-1.27005507077578,24.,22.35));
#5983=CARTESIAN_POINT('Ctrl Pts',(-1.27005507077578,24.,22.35));
#5984=CARTESIAN_POINT('',(-1.27005507077578,24.,22.35));
#5985=CARTESIAN_POINT('Ctrl Pts',(-1.27005507077578,24.,22.35));
#5986=CARTESIAN_POINT('Ctrl Pts',(-1.32238425896533,24.,22.2637111624332));
#5987=CARTESIAN_POINT('Ctrl Pts',(-1.37512750153688,23.9949374351371,22.1776973125938));
#5988=CARTESIAN_POINT('Ctrl Pts',(-1.4279807656503,23.9848378746066,22.0923699976992));
#5989=CARTESIAN_POINT('Ctrl Pts',(-1.48083427248561,23.9747382676952,22.0070422909498));
#5990=CARTESIAN_POINT('Ctrl Pts',(-1.53379758871713,23.9596016532525,21.9224014024895));
#5991=CARTESIAN_POINT('Ctrl Pts',(-1.58656168546427,23.939504481578,21.8388487802269));
#5992=CARTESIAN_POINT('Ctrl Pts',(-1.64109501356725,23.9187334322388,21.7524945574767));
#5993=CARTESIAN_POINT('Ctrl Pts',(-1.6954153036539,23.892663357093,21.6673031914064));
#5994=CARTESIAN_POINT('Ctrl Pts',(-1.74917945372577,23.8614348916037,21.5837019134358));
#5995=CARTESIAN_POINT('Ctrl Pts',(-1.80121325393167,23.8312114856382,21.5027912659306));
#5996=CARTESIAN_POINT('Ctrl Pts',(-1.85272591259885,23.7961567655457,21.4233701665226));
#5997=CARTESIAN_POINT('Ctrl Pts',(-1.90340804574308,23.7564478764099,21.3458074072112));
#5998=CARTESIAN_POINT('Ctrl Pts',(-1.95409140291092,23.7167380282652,21.2682427746824));
#5999=CARTESIAN_POINT('Ctrl Pts',(-2.00394397310005,23.6723739216414,21.1925368099433));
#6000=CARTESIAN_POINT('Ctrl Pts',(-2.05266132229548,23.6235797563722,21.1190364037807));
#6001=CARTESIAN_POINT('Ctrl Pts',(-2.1013807355101,23.5747835238293,21.0455328836095));
#6002=CARTESIAN_POINT('Ctrl Pts',(-2.14896461232301,23.5215570235431,20.9742353288568));
#6003=CARTESIAN_POINT('Ctrl Pts',(-2.19511675940852,23.4641692653747,20.9054653082895));
#6004=CARTESIAN_POINT('Ctrl Pts',(-2.24127157731687,23.4067781861791,20.836691308004));
#6005=CARTESIAN_POINT('Ctrl Pts',(-2.28599428506703,23.3452255630491,20.7704453342501));
#6006=CARTESIAN_POINT('Ctrl Pts',(-2.32900017511813,23.2798225225121,20.7070204926484));
#6007=CARTESIAN_POINT('Ctrl Pts',(-2.37201655853034,23.214403523749,20.6435801754975));
#6008=CARTESIAN_POINT('Ctrl Pts',(-2.4133150779235,23.1451324503395,20.5829625460747));
#6009=CARTESIAN_POINT('Ctrl Pts',(-2.45262553685048,23.0723596134496,20.5254295499339));
#6010=CARTESIAN_POINT('Ctrl Pts',(-2.49193595432808,22.9995868532923,20.4678966144565));
#6011=CARTESIAN_POINT('Ctrl Pts',(-2.52925811696166,22.923312585828,20.4134484592387));
#6012=CARTESIAN_POINT('Ctrl Pts',(-2.56433960093713,22.8439225373058,20.3623131669151));
#6013=CARTESIAN_POINT('Ctrl Pts',(-2.59942587705775,22.7645216440703,20.3111708894895));
#6014=CARTESIAN_POINT('Ctrl Pts',(-2.63227067476039,22.6820043893019,20.2633425090102));
#6015=CARTESIAN_POINT('Ctrl Pts',(-2.66264214248476,22.5967881844731,20.219020209561));
#6016=CARTESIAN_POINT('Ctrl Pts',(-2.66966429922646,22.5770854308007,20.2087724949392));
#6017=CARTESIAN_POINT('Ctrl Pts',(-2.676554331547,22.557238520701,20.1987120507748));
#6018=CARTESIAN_POINT('Ctrl Pts',(-2.68330954716107,22.5372528287752,20.1888409680904));
#6019=CARTESIAN_POINT('Ctrl Pts',(-1.45599255492164,22.9832026250744,20.0990208024289));
#6020=CARTESIAN_POINT('Ctrl Pts',(-1.44824515974889,23.0627893416539,20.1691398801226));
#6021=CARTESIAN_POINT('Ctrl Pts',(-1.44049776457615,23.1386536614124,20.2434836228883));
#6022=CARTESIAN_POINT('Ctrl Pts',(-1.43275036940341,23.2103695388334,20.3216345245993));
#6023=CARTESIAN_POINT('Ctrl Pts',(-1.42536818345486,23.2787047574173,20.3961014229069));
#6024=CARTESIAN_POINT('Ctrl Pts',(-1.41798599750632,23.3432734951978,20.474024427732));
#6025=CARTESIAN_POINT('Ctrl Pts',(-1.41060381155777,23.403746471205,20.5550061553951));
#6026=CARTESIAN_POINT('Ctrl Pts',(-1.403222029024,23.4642161425417,20.6359834576446));
#6027=CARTESIAN_POINT('Ctrl Pts',(-1.39584024649023,23.5205902899197,20.7200188666755));
#6028=CARTESIAN_POINT('Ctrl Pts',(-1.38845846395646,23.5725814536656,20.8066838741672));
#6029=CARTESIAN_POINT('Ctrl Pts',(-1.38107702585837,23.6245701914918,20.8933448378495));
#6030=CARTESIAN_POINT('Ctrl Pts',(-1.37369558776028,23.6721761743658,20.9826348532162));
#6031=CARTESIAN_POINT('Ctrl Pts',(-1.36631414966219,23.7151566753315,21.0740986603961));
#6032=CARTESIAN_POINT('Ctrl Pts',(-1.35893299705009,23.7581355139747,21.1655589301034));
#6033=CARTESIAN_POINT('Ctrl Pts',(-1.35155184443799,23.7964890794562,21.2591925055316));
#6034=CARTESIAN_POINT('Ctrl Pts',(-1.34417069182589,23.8300218348992,21.3545220173234));
#6035=CARTESIAN_POINT('Ctrl Pts',(-1.33678877603022,23.8635580575036,21.44986138583));
#6036=CARTESIAN_POINT('Ctrl Pts',(-1.32940686023455,23.8922723557099,21.5468967103726));
#6037=CARTESIAN_POINT('Ctrl Pts',(-1.32202494443889,23.9160183060111,21.6451331764028));
#6038=CARTESIAN_POINT('Ctrl Pts',(-1.31464369948148,23.9397620983777,21.7433607151054));
#6039=CARTESIAN_POINT('Ctrl Pts',(-1.30726245452409,23.9585383640556,21.8427888354473));
#6040=CARTESIAN_POINT('Ctrl Pts',(-1.29988120956668,23.9722513741593,21.9429106132452));
#6041=CARTESIAN_POINT('Ctrl Pts',(-1.29249975860295,23.9859647669853,22.0430351853849));
#6042=CARTESIAN_POINT('Ctrl Pts',(-1.2851183076392,23.9946145737141,22.1438531058002));
#6043=CARTESIAN_POINT('Ctrl Pts',(-1.27773685667546,23.9981566917259,22.2448503359055));
#6044=CARTESIAN_POINT('Ctrl Pts',(-1.27517626137557,23.9993854380493,22.2798858640124));
#6045=CARTESIAN_POINT('Ctrl Pts',(-1.27261566607568,24.,22.314942931565));
#6046=CARTESIAN_POINT('Ctrl Pts',(-1.27005507077578,24.,22.35));
#6047=CARTESIAN_POINT('Origin',(36.25,21.,22.35));
#6048=CARTESIAN_POINT('',(7.21747315527959,24.,22.35));
#6049=CARTESIAN_POINT('',(36.25,24.,22.35));
#6050=CARTESIAN_POINT('Ctrl Pts',(7.21747315527959,24.,22.35));
#6051=CARTESIAN_POINT('Ctrl Pts',(7.21827600130869,24.,22.3473517823833));
#6052=CARTESIAN_POINT('Ctrl Pts',(7.21907893323476,23.9999964934716,22.3447035915962));
#6053=CARTESIAN_POINT('Ctrl Pts',(7.31725106101472,23.9991391432449,22.0209550200699));
#6054=CARTESIAN_POINT('Ctrl Pts',(7.41546245281925,23.9467414354294,21.7017589315104));
#6055=CARTESIAN_POINT('Ctrl Pts',(7.60529906419419,23.7428717130995,21.093429884123));
#6056=CARTESIAN_POINT('Ctrl Pts',(7.69611453044069,23.5928675515748,20.8068293228778));
#6057=CARTESIAN_POINT('Ctrl Pts',(7.87623644562985,23.1710597472849,20.2451329472412));
#6058=CARTESIAN_POINT('Ctrl Pts',(7.96111137702247,22.8857509819291,19.9850842693448));
#6059=CARTESIAN_POINT('Ctrl Pts',(8.09002372909049,22.2399015223954,19.5933375296));
#6060=CARTESIAN_POINT('Ctrl Pts',(8.13430891937282,21.88933528893,19.4605339706773));
#6061=CARTESIAN_POINT('Ctrl Pts',(8.15597958052549,21.5209445330008,19.3955767409634));
#6062=CARTESIAN_POINT('Origin',(-4.20220445305493,21.,18.3));
#6063=CARTESIAN_POINT('',(-4.20220445305493,21.,20.3));
#6064=CARTESIAN_POINT('Origin',(-4.20220445305493,21.,18.3));
#6065=CARTESIAN_POINT('',(-4.20220445305493,24.,23.3));
#6066=CARTESIAN_POINT('Origin',(-4.20220445305493,21.,23.3));
#6067=CARTESIAN_POINT('Origin',(-4.20220445305493,24.,18.3));
#6068=CARTESIAN_POINT('Origin',(-4.20220445305493,24.,18.3));
#6069=CARTESIAN_POINT('',(-4.20220445305493,4.,20.3));
#6070=CARTESIAN_POINT('Origin',(-4.20220445305493,4.,18.3));
#6071=CARTESIAN_POINT('',(-4.20220445305493,24.,20.3));
#6072=CARTESIAN_POINT('Origin',(1.49999999999998,4.,13.15));
#6073=CARTESIAN_POINT('',(16.1482552027517,4.,19.35));
#6074=CARTESIAN_POINT('',(-2.50000000000002,4.,19.35));
#6075=CARTESIAN_POINT('',(18.8517447972483,4.,19.35));
#6076=CARTESIAN_POINT('Origin',(17.5,4.,6.95));
#6077=CARTESIAN_POINT('',(70.5,4.,19.35));
#6078=CARTESIAN_POINT('',(-2.50000000000002,4.,19.35));
#6079=CARTESIAN_POINT('',(72.5,4.,17.35));
#6080=CARTESIAN_POINT('Origin',(70.5,4.,17.35));
#6081=CARTESIAN_POINT('',(72.5,4.,8.95));
#6082=CARTESIAN_POINT('',(72.5,4.,19.35));
#6083=CARTESIAN_POINT('Origin',(70.5,4.,8.95));
#6084=CARTESIAN_POINT('Ctrl Pts',(9.45095083603421,4.,-5.8576023583093));
#6085=CARTESIAN_POINT('Ctrl Pts',(9.54875860045802,4.,-5.88856864992413));
#6086=CARTESIAN_POINT('Ctrl Pts',(9.64804558301383,3.99999955655735,-5.91453711871746));
#6087=CARTESIAN_POINT('Ctrl Pts',(9.7484111941121,4.00000127508199,-5.93547309750042));
#6088=CARTESIAN_POINT('Ctrl Pts',(9.80205654398113,4.00000219363223,-5.94666336371185));
#6089=CARTESIAN_POINT('Ctrl Pts',(9.85601044533176,4.00000361898801,-5.95641511327911));
#6090=CARTESIAN_POINT('Ctrl Pts',(9.91021376285694,4.00000526734746,-5.9647173310712));
#6091=CARTESIAN_POINT('Ctrl Pts',(10.0117467938551,4.00000835503543,-5.98026894995588));
#6092=CARTESIAN_POINT('Ctrl Pts',(10.1139690342642,4.00001248868695,-5.99070891419994));
#6093=CARTESIAN_POINT('Ctrl Pts',(10.2164846848665,4.00001834064576,-5.99598101347169));
#6094=CARTESIAN_POINT('Ctrl Pts',(10.2684860513983,4.00002130906915,-5.99865530139759));
#6095=CARTESIAN_POINT('Ctrl Pts',(10.3205631511814,4.00002462851025,-5.99999909290185));
#6096=CARTESIAN_POINT('Ctrl Pts',(10.3726652313276,4.00002789130976,-6.));
#6097=CARTESIAN_POINT('',(69.5,4.,-18.3));
#6098=CARTESIAN_POINT('',(69.5,4.,-5.99999999999999));
#6099=CARTESIAN_POINT('',(67.5,4.,-20.3));
#6100=CARTESIAN_POINT('Origin',(67.5,4.,-18.3));
#6101=CARTESIAN_POINT('',(4.20220445305493,4.,-20.3));
#6102=CARTESIAN_POINT('',(69.5,4.,-20.3));
#6103=CARTESIAN_POINT('',(2.90822802359419,4.,-19.825));
#6104=CARTESIAN_POINT('Origin',(4.20220445305494,4.,-18.3));
#6105=CARTESIAN_POINT('',(1.61425159413344,4.,-19.35));
#6106=CARTESIAN_POINT('Origin',(1.61425159413344,4.,-21.35));
#6107=CARTESIAN_POINT('',(-16.1482552027517,4.,-19.35));
#6108=CARTESIAN_POINT('',(2.50000000000002,4.,-19.35));
#6109=CARTESIAN_POINT('',(-18.8517447972483,4.,-19.35));
#6110=CARTESIAN_POINT('Origin',(-17.5,4.,-6.95));
#6111=CARTESIAN_POINT('',(-70.5,4.,-19.35));
#6112=CARTESIAN_POINT('',(2.50000000000002,4.,-19.35));
#6113=CARTESIAN_POINT('',(-72.5,4.,-17.35));
#6114=CARTESIAN_POINT('Origin',(-70.5,4.,-17.35));
#6115=CARTESIAN_POINT('',(-72.5,4.,-8.95000000000001));
#6116=CARTESIAN_POINT('',(-72.5,4.,-19.35));
#6117=CARTESIAN_POINT('Origin',(-70.5,4.,-8.95000000000001));
#6118=CARTESIAN_POINT('',(-8.72159700484302,4.00000000540942,5.09839068686791));
#6119=CARTESIAN_POINT('Origin',(6.39455046676331,4.,20.35));
#6120=CARTESIAN_POINT('Ctrl Pts',(-8.72159700229842,4.00000000000001,5.09839068703178));
#6121=CARTESIAN_POINT('Ctrl Pts',(-8.79247651699604,4.00000000000001,5.16864066358958));
#6122=CARTESIAN_POINT('Ctrl Pts',(-8.86676274825887,3.99997004609466,5.23503150225056));
#6123=CARTESIAN_POINT('Ctrl Pts',(-8.94404770641138,3.99993360920194,5.29753259811203));
#6124=CARTESIAN_POINT('Ctrl Pts',(-9.02259780298409,3.999896575845,5.3610568236946));
#6125=CARTESIAN_POINT('Ctrl Pts',(-9.10424623920585,3.99985268993625,5.42056326696717));
#6126=CARTESIAN_POINT('Ctrl Pts',(-9.1886081882457,3.99981553366658,5.47598605163597));
#6127=CARTESIAN_POINT('Ctrl Pts',(-9.2747217213967,3.99977760593142,5.53255956444852));
#6128=CARTESIAN_POINT('Ctrl Pts',(-9.36366328508599,3.99974652577891,5.58487851778542));
#6129=CARTESIAN_POINT('Ctrl Pts',(-9.45505865027121,3.99972774866874,5.63283191177676));
#6130=CARTESIAN_POINT('Ctrl Pts',(-9.53840972471605,3.99971062425216,5.67656462080805));
#6131=CARTESIAN_POINT('Ctrl Pts',(-9.62380251098634,3.99970351815251,5.71666613058617));
#6132=CARTESIAN_POINT('Ctrl Pts',(-9.71097043706199,3.99970606458681,5.75301896478609));
#6133=CARTESIAN_POINT('Ctrl Pts',(-9.80765807555015,3.9997088891202,5.79334193505029));
#6134=CARTESIAN_POINT('Ctrl Pts',(-9.90611065610214,3.99972311596159,5.82887886345288));
#6135=CARTESIAN_POINT('Ctrl Pts',(-10.0059350619833,3.99974763193887,5.85954456290805));
#6136=CARTESIAN_POINT('Ctrl Pts',(-10.1054999253916,3.99977208417485,5.89013053184644));
#6137=CARTESIAN_POINT('Ctrl Pts',(-10.2064303147645,3.99980656620757,5.91587084373718));
#6138=CARTESIAN_POINT('Ctrl Pts',(-10.3083609122223,3.99984343198275,5.93663475157221));
#6139=CARTESIAN_POINT('Ctrl Pts',(-10.410690073768,3.9998804419087,5.95747984943454));
#6140=CARTESIAN_POINT('Ctrl Pts',(-10.5140280712242,3.99991965735929,5.97330989729516));
#6141=CARTESIAN_POINT('Ctrl Pts',(-10.6180181662466,3.99994975372691,5.98394122291244));
#6142=CARTESIAN_POINT('Ctrl Pts',(-10.7220082612689,3.99997985009454,5.99457254852972));
#6143=CARTESIAN_POINT('Ctrl Pts',(-10.8266512494606,4.00000062912623,6.00000548940957));
#6144=CARTESIAN_POINT('Ctrl Pts',(-10.9315913332652,4.00000015351747,6.));
#6145=CARTESIAN_POINT('',(-69.5,4.,8.));
#6146=CARTESIAN_POINT('Origin',(-67.5,4.,8.));
#6147=CARTESIAN_POINT('',(-69.5,4.,18.3));
#6148=CARTESIAN_POINT('',(-69.5,4.,6.));
#6149=CARTESIAN_POINT('',(-67.5,4.,20.3));
#6150=CARTESIAN_POINT('Origin',(-67.5,4.,18.3));
#6151=CARTESIAN_POINT('',(-69.5,4.,20.3));
#6152=CARTESIAN_POINT('Origin',(-60.5,19.,67.));
#6153=CARTESIAN_POINT('',(-51.6118055826844,19.,28.));
#6154=CARTESIAN_POINT('',(-69.3881944173156,19.,28.));
#6155=CARTESIAN_POINT('Ctrl Pts',(-51.6118055826843,19.,28.));
#6156=CARTESIAN_POINT('Ctrl Pts',(-60.5,0.209130202909955,28.));
#6157=CARTESIAN_POINT('Ctrl Pts',(-69.3881944173157,19.,28.));
#6158=CARTESIAN_POINT('Origin',(-60.5,19.,67.));
#6159=CARTESIAN_POINT('Origin',(-39.8333333333333,19.,67.));
#6160=CARTESIAN_POINT('',(-30.9451389160178,19.,28.));
#6161=CARTESIAN_POINT('',(-48.7215277506489,19.,28.));
#6162=CARTESIAN_POINT('Ctrl Pts',(-30.9451389160177,19.,28.));
#6163=CARTESIAN_POINT('Ctrl Pts',(-39.8333333333334,0.209130202910037,28.));
#6164=CARTESIAN_POINT('Ctrl Pts',(-48.721527750649,19.,28.));
#6165=CARTESIAN_POINT('Origin',(-39.8333333333333,19.,67.));
#6166=CARTESIAN_POINT('Origin',(-19.1666666666667,19.,67.));
#6167=CARTESIAN_POINT('',(-10.2784722493511,19.,28.));
#6168=CARTESIAN_POINT('',(-28.0548610839823,19.,28.));
#6169=CARTESIAN_POINT('Ctrl Pts',(-10.2784722493511,19.,28.));
#6170=CARTESIAN_POINT('Ctrl Pts',(-19.1666666666667,0.209130202910208,28.));
#6171=CARTESIAN_POINT('Ctrl Pts',(-28.0548610839823,19.,28.));
#6172=CARTESIAN_POINT('Origin',(-19.1666666666667,19.,67.));
#6173=CARTESIAN_POINT('Origin',(1.49999999999998,19.,67.));
#6174=CARTESIAN_POINT('',(10.3881944173156,19.,28.));
#6175=CARTESIAN_POINT('',(-7.3881944173156,19.,28.));
#6176=CARTESIAN_POINT('Ctrl Pts',(10.3881944173155,19.,28.));
#6177=CARTESIAN_POINT('Ctrl Pts',(1.49999999999997,0.209130202910544,28.));
#6178=CARTESIAN_POINT('Ctrl Pts',(-7.38819441731558,19.,28.));
#6179=CARTESIAN_POINT('Origin',(1.49999999999998,19.,67.));
#6180=CARTESIAN_POINT('Origin',(22.1666666666667,19.,67.));
#6181=CARTESIAN_POINT('',(31.0548610839822,19.,28.));
#6182=CARTESIAN_POINT('',(13.2784722493511,19.,28.));
#6183=CARTESIAN_POINT('Ctrl Pts',(31.0548610839822,19.,28.));
#6184=CARTESIAN_POINT('Ctrl Pts',(22.1666666666667,0.209130202910641,28.));
#6185=CARTESIAN_POINT('Ctrl Pts',(13.2784722493511,19.,28.));
#6186=CARTESIAN_POINT('Origin',(22.1666666666667,19.,67.));
#6187=CARTESIAN_POINT('Origin',(42.8333333333333,19.,67.));
#6188=CARTESIAN_POINT('',(51.7215277506489,19.,28.));
#6189=CARTESIAN_POINT('',(33.9451389160177,19.,28.));
#6190=CARTESIAN_POINT('Ctrl Pts',(51.7215277506488,19.,28.));
#6191=CARTESIAN_POINT('Ctrl Pts',(42.8333333333333,0.209130202910797,28.));
#6192=CARTESIAN_POINT('Ctrl Pts',(33.9451389160178,19.,28.));
#6193=CARTESIAN_POINT('Origin',(42.8333333333333,19.,67.));
#6194=CARTESIAN_POINT('Origin',(0.,19.,6.66133814775094E-15));
#6195=CARTESIAN_POINT('',(-41.75,19.,28.));
#6196=CARTESIAN_POINT('',(-41.75,19.,28.));
#6197=CARTESIAN_POINT('',(-41.75,19.,28.));
#6198=CARTESIAN_POINT('',(-41.75,19.,28.));
#6199=CARTESIAN_POINT('',(-41.75,19.,28.));
#6200=CARTESIAN_POINT('',(54.6118055826844,19.,28.));
#6201=CARTESIAN_POINT('',(-41.75,19.,28.));
#6202=CARTESIAN_POINT('',(72.3881944173156,19.,28.));
#6203=CARTESIAN_POINT('Origin',(63.5,19.,67.));
#6204=CARTESIAN_POINT('',(77.5,19.,28.));
#6205=CARTESIAN_POINT('',(-41.75,19.,28.));
#6206=CARTESIAN_POINT('',(83.5,19.,22.));
#6207=CARTESIAN_POINT('Origin',(77.5,19.,22.));
#6208=CARTESIAN_POINT('',(83.5,19.,-22.));
#6209=CARTESIAN_POINT('',(83.5,19.,14.));
#6210=CARTESIAN_POINT('',(77.5,19.,-28.));
#6211=CARTESIAN_POINT('Origin',(77.5,19.,-22.));
#6212=CARTESIAN_POINT('',(72.3881944173156,19.,-28.));
#6213=CARTESIAN_POINT('',(41.75,19.,-28.));
#6214=CARTESIAN_POINT('',(54.6118055826844,19.,-28.));
#6215=CARTESIAN_POINT('Origin',(63.5,19.,-67.));
#6216=CARTESIAN_POINT('',(51.7215277506489,19.,-28.));
#6217=CARTESIAN_POINT('',(41.75,19.,-28.));
#6218=CARTESIAN_POINT('',(33.9451389160177,19.,-28.));
#6219=CARTESIAN_POINT('Origin',(42.8333333333333,19.,-67.));
#6220=CARTESIAN_POINT('',(31.0548610839822,19.,-28.));
#6221=CARTESIAN_POINT('',(41.75,19.,-28.));
#6222=CARTESIAN_POINT('',(13.2784722493511,19.,-28.));
#6223=CARTESIAN_POINT('Origin',(22.1666666666667,19.,-67.));
#6224=CARTESIAN_POINT('',(10.3881944173156,19.,-28.));
#6225=CARTESIAN_POINT('',(41.75,19.,-28.));
#6226=CARTESIAN_POINT('',(-7.3881944173156,19.,-28.));
#6227=CARTESIAN_POINT('Origin',(1.49999999999998,19.,-67.));
#6228=CARTESIAN_POINT('',(-10.2784722493511,19.,-28.));
#6229=CARTESIAN_POINT('',(41.75,19.,-28.));
#6230=CARTESIAN_POINT('',(-28.0548610839823,19.,-28.));
#6231=CARTESIAN_POINT('Origin',(-19.1666666666667,19.,-67.));
#6232=CARTESIAN_POINT('',(-30.9451389160178,19.,-28.));
#6233=CARTESIAN_POINT('',(41.75,19.,-28.));
#6234=CARTESIAN_POINT('',(-48.7215277506489,19.,-28.));
#6235=CARTESIAN_POINT('Origin',(-39.8333333333333,19.,-67.));
#6236=CARTESIAN_POINT('',(-51.6118055826844,19.,-28.));
#6237=CARTESIAN_POINT('',(41.75,19.,-28.));
#6238=CARTESIAN_POINT('',(-69.3881944173156,19.,-28.));
#6239=CARTESIAN_POINT('Origin',(-60.5,19.,-67.));
#6240=CARTESIAN_POINT('',(-77.5,19.,-28.));
#6241=CARTESIAN_POINT('',(41.75,19.,-28.));
#6242=CARTESIAN_POINT('',(-83.5,19.,-22.));
#6243=CARTESIAN_POINT('Origin',(-77.5,19.,-22.));
#6244=CARTESIAN_POINT('',(-83.5,19.,22.));
#6245=CARTESIAN_POINT('',(-83.5,19.,-14.));
#6246=CARTESIAN_POINT('',(-77.5,19.,28.));
#6247=CARTESIAN_POINT('Origin',(-77.5,19.,22.));
#6248=CARTESIAN_POINT('',(-41.75,19.,28.));
#6249=CARTESIAN_POINT('',(-82.2,19.,-22.));
#6250=CARTESIAN_POINT('',(-82.2,19.,22.));
#6251=CARTESIAN_POINT('',(-82.2,19.,22.));
#6252=CARTESIAN_POINT('',(-77.5,19.,-26.7));
#6253=CARTESIAN_POINT('Origin',(-77.5,19.,-22.));
#6254=CARTESIAN_POINT('',(77.5,19.,-26.7));
#6255=CARTESIAN_POINT('',(-77.5,19.,-26.7));
#6256=CARTESIAN_POINT('',(82.2,19.,-22.));
#6257=CARTESIAN_POINT('Origin',(77.5,19.,-22.));
#6258=CARTESIAN_POINT('',(82.2,19.,22.));
#6259=CARTESIAN_POINT('',(82.2,19.,-22.));
#6260=CARTESIAN_POINT('',(77.5,19.,26.7));
#6261=CARTESIAN_POINT('Origin',(77.5,19.,22.));
#6262=CARTESIAN_POINT('',(-77.5,19.,26.7));
#6263=CARTESIAN_POINT('',(77.5,19.,26.7));
#6264=CARTESIAN_POINT('Origin',(-77.5,19.,22.));
#6265=CARTESIAN_POINT('Origin',(63.5,19.,67.));
#6266=CARTESIAN_POINT('Ctrl Pts',(72.3881944173155,19.,28.));
#6267=CARTESIAN_POINT('Ctrl Pts',(63.5,0.209130202910788,28.));
#6268=CARTESIAN_POINT('Ctrl Pts',(54.6118055826845,19.,28.));
#6269=CARTESIAN_POINT('Origin',(-83.5,0.,28.));
#6270=CARTESIAN_POINT('',(-77.5,6.,28.));
#6271=CARTESIAN_POINT('',(-77.5,0.,28.));
#6272=CARTESIAN_POINT('',(77.5,6.,28.));
#6273=CARTESIAN_POINT('',(-41.75,6.,28.));
#6274=CARTESIAN_POINT('',(77.5,0.,28.));
#6275=CARTESIAN_POINT('Origin',(-60.5,19.,-67.));
#6276=CARTESIAN_POINT('Ctrl Pts',(-69.3881944173156,19.,-28.));
#6277=CARTESIAN_POINT('Ctrl Pts',(-60.5,0.209130202910444,-28.));
#6278=CARTESIAN_POINT('Ctrl Pts',(-51.6118055826844,19.,-28.));
#6279=CARTESIAN_POINT('Origin',(-39.8333333333333,19.,-67.));
#6280=CARTESIAN_POINT('Ctrl Pts',(-48.7215277506489,19.,-28.));
#6281=CARTESIAN_POINT('Ctrl Pts',(-39.8333333333333,0.209130202910377,-28.));
#6282=CARTESIAN_POINT('Ctrl Pts',(-30.9451389160177,19.,-28.));
#6283=CARTESIAN_POINT('Origin',(-19.1666666666667,19.,-67.));
#6284=CARTESIAN_POINT('Ctrl Pts',(-28.0548610839823,19.,-28.));
#6285=CARTESIAN_POINT('Ctrl Pts',(-19.1666666666667,0.209130202910381,-28.));
#6286=CARTESIAN_POINT('Ctrl Pts',(-10.2784722493511,19.,-28.));
#6287=CARTESIAN_POINT('Origin',(1.49999999999998,19.,-67.));
#6288=CARTESIAN_POINT('Ctrl Pts',(-7.38819441731559,19.,-28.));
#6289=CARTESIAN_POINT('Ctrl Pts',(1.49999999999999,0.209130202910459,-28.));
#6290=CARTESIAN_POINT('Ctrl Pts',(10.3881944173156,19.,-28.));
#6291=CARTESIAN_POINT('Origin',(22.1666666666667,19.,-67.));
#6292=CARTESIAN_POINT('Ctrl Pts',(13.2784722493511,19.,-28.));
#6293=CARTESIAN_POINT('Ctrl Pts',(22.1666666666667,0.209130202910459,-28.));
#6294=CARTESIAN_POINT('Ctrl Pts',(31.0548610839822,19.,-28.));
#6295=CARTESIAN_POINT('Origin',(42.8333333333333,19.,-67.));
#6296=CARTESIAN_POINT('Ctrl Pts',(33.9451389160178,19.,-28.));
#6297=CARTESIAN_POINT('Ctrl Pts',(42.8333333333333,0.20913020291045,-28.));
#6298=CARTESIAN_POINT('Ctrl Pts',(51.7215277506489,19.,-28.));
#6299=CARTESIAN_POINT('Origin',(63.5,19.,-67.));
#6300=CARTESIAN_POINT('Ctrl Pts',(54.6118055826844,19.,-28.));
#6301=CARTESIAN_POINT('Ctrl Pts',(63.5,0.209130202910444,-28.));
#6302=CARTESIAN_POINT('Ctrl Pts',(72.3881944173156,19.,-28.));
#6303=CARTESIAN_POINT('Origin',(83.5,0.,-28.));
#6304=CARTESIAN_POINT('',(77.5,6.,-28.));
#6305=CARTESIAN_POINT('',(77.5,0.,-28.));
#6306=CARTESIAN_POINT('',(-77.5,6.,-28.));
#6307=CARTESIAN_POINT('',(41.75,6.,-28.));
#6308=CARTESIAN_POINT('',(-77.5,0.,-28.));
#6309=CARTESIAN_POINT('Ctrl Pts',(-11.9454458258534,8.12078363266716,6.));
#6310=CARTESIAN_POINT('Ctrl Pts',(-11.569559557312,6.57218664175891,6.));
#6311=CARTESIAN_POINT('Ctrl Pts',(-11.1885457591314,5.02484617912667,6.));
#6312=CARTESIAN_POINT('Ctrl Pts',(-10.8013501891249,3.47905546699921,6.));
#6313=CARTESIAN_POINT('Ctrl Pts',(-11.141386924481,8.31595042034575,6.));
#6314=CARTESIAN_POINT('Ctrl Pts',(-10.7756820215638,6.76677464102633,5.99981115562848));
#6315=CARTESIAN_POINT('Ctrl Pts',(-10.4050630842861,5.21889523929597,6.00018629961657));
#6316=CARTESIAN_POINT('Ctrl Pts',(-10.0290595108074,3.67250179000779,6.));
#6317=CARTESIAN_POINT('Ctrl Pts',(-10.3434069152253,8.50964169690817,5.63948129877768));
#6318=CARTESIAN_POINT('Ctrl Pts',(-9.98746412148838,6.95997246873355,5.6483811138676));
#6319=CARTESIAN_POINT('Ctrl Pts',(-9.62699322514728,5.41160488716927,5.65801704867084));
#6320=CARTESIAN_POINT('Ctrl Pts',(-9.26178619131935,3.86469134578609,5.66737362162762));
#6321=CARTESIAN_POINT('Ctrl Pts',(-9.79922979256832,8.64172816566795,5.03036290647923));
#6322=CARTESIAN_POINT('Ctrl Pts',(-9.444118119023,7.0931311747597,5.05232290620302));
#6323=CARTESIAN_POINT('Ctrl Pts',(-9.08516905698658,5.54579071212746,5.07497699120713));
#6324=CARTESIAN_POINT('Ctrl Pts',(-8.72159700229842,4.,5.09839068703178));
#6325=CARTESIAN_POINT('Ctrl Pts',(-8.72159700363768,4.0000000056941,5.09839068694553));
#6326=CARTESIAN_POINT('Ctrl Pts',(-8.78469833321311,4.26828643729992,5.09432702111179));
#6327=CARTESIAN_POINT('Ctrl Pts',(-8.84766040508336,4.5366195518047,5.09028623691938));
#6328=CARTESIAN_POINT('Ctrl Pts',(-8.91048732646706,4.80499781621276,5.08626799179409));
#6329=CARTESIAN_POINT('Ctrl Pts',(9.45095083603421,4.,-5.8576023583093));
#6330=CARTESIAN_POINT('Ctrl Pts',(9.5768985761946,4.44961754169417,-5.8778402453299));
#6331=CARTESIAN_POINT('Ctrl Pts',(9.78604331270716,5.20000566622469,-5.91220842646626));
#6332=CARTESIAN_POINT('Ctrl Pts',(10.031211487529,6.08660749935925,-5.95390459722648));
#6333=CARTESIAN_POINT('Ctrl Pts',(10.1713267204984,6.59566410766631,-5.97821095129402));
#6334=CARTESIAN_POINT('Ctrl Pts',(10.2444677843588,6.86195293247512,-5.9910118389591));
#6335=CARTESIAN_POINT('Ctrl Pts',(10.2770571500329,6.98077594280014,-5.9967505030141));
#6336=CARTESIAN_POINT('Ctrl Pts',(10.2770570488015,6.98077994151677,-5.99675049883008));
#6337=CARTESIAN_POINT('Ctrl Pts',(9.74284514365435,3.95973243010689,-5.95177588851415));
#6338=CARTESIAN_POINT('Ctrl Pts',(9.85047664293623,4.41572330110403,-5.95871556670331));
#6339=CARTESIAN_POINT('Ctrl Pts',(10.0238489324472,5.17813834194728,-5.97048088512659));
#6340=CARTESIAN_POINT('Ctrl Pts',(10.2076988221738,6.08406678887892,-5.98455606306129));
#6341=CARTESIAN_POINT('Ctrl Pts',(10.2927840905863,6.60958657029064,-5.99271910357871));
#6342=CARTESIAN_POINT('Ctrl Pts',(10.3205542912938,6.88900960124663,-5.9969987894829));
#6343=CARTESIAN_POINT('Ctrl Pts',(10.3147611572456,7.01864999087796,-5.99891644317067));
#6344=CARTESIAN_POINT('Ctrl Pts',(10.2893553484715,7.02561772619419,-5.99891644317067));
#6345=CARTESIAN_POINT('Ctrl Pts',(10.0492383280366,3.9174647029029,-6.));
#6346=CARTESIAN_POINT('Ctrl Pts',(10.1354804166424,4.38044417081484,-5.99997688751103));
#6347=CARTESIAN_POINT('Ctrl Pts',(10.2684136136254,5.15573680677297,-5.99999787340704));
#6348=CARTESIAN_POINT('Ctrl Pts',(10.386712453192,6.08155279434328,-5.99998726639188));
#6349=CARTESIAN_POINT('Ctrl Pts',(10.415068421604,6.62362851017344,-5.99999705789801));
#6350=CARTESIAN_POINT('Ctrl Pts',(10.3968243141386,6.91616019586773,-5.99999671237404));
#6351=CARTESIAN_POINT('Ctrl Pts',(10.3525060462624,7.05656510412577,-6.));
#6352=CARTESIAN_POINT('Ctrl Pts',(10.3016668813776,7.07050812982372,-6.));
#6353=CARTESIAN_POINT('Ctrl Pts',(10.3556780677415,3.87519055327251,-6.));
#6354=CARTESIAN_POINT('Ctrl Pts',(10.4205118267881,4.34516192868857,-6.));
#6355=CARTESIAN_POINT('Ctrl Pts',(10.5129884488858,5.13333480172011,-6.));
#6356=CARTESIAN_POINT('Ctrl Pts',(10.565726771089,6.07903910290114,-6.));
#6357=CARTESIAN_POINT('Ctrl Pts',(10.5373527463208,6.63767056424076,-6.));
#6358=CARTESIAN_POINT('Ctrl Pts',(10.4730940739595,6.94331084448933,-6.));
#6359=CARTESIAN_POINT('Ctrl Pts',(10.3902509385132,7.09448022026285,-6.));
#6360=CARTESIAN_POINT('Ctrl Pts',(10.3139784152469,7.11539853696534,-6.));
#6361=CARTESIAN_POINT('Origin',(10.3139784152469,7.11539853696534,-3.));
#6362=CARTESIAN_POINT('Ctrl Pts',(10.2770561684461,6.98077206622663,-5.99675040992637));
#6363=CARTESIAN_POINT('Ctrl Pts',(10.2770571500329,6.98077594280013,-5.9967505030141));
#6364=CARTESIAN_POINT('Ctrl Pts',(10.2770547789311,6.98076729727024,-5.99675008541907));
#6365=CARTESIAN_POINT('Ctrl Pts',(10.2770489813387,6.98074615804832,-5.99674915752717));
#6366=CARTESIAN_POINT('Ctrl Pts',(10.2893553484715,7.02561772619418,-5.99891644317067));
#6367=CARTESIAN_POINT('Ctrl Pts',(10.2890612095331,7.02569839602394,-5.99891644317067));
#6368=CARTESIAN_POINT('Ctrl Pts',(10.2887646854546,7.02577040367701,-5.99891630385023));
#6369=CARTESIAN_POINT('Ctrl Pts',(10.2884658642458,7.02583373405001,-5.99891602540864));
#6370=CARTESIAN_POINT('Ctrl Pts',(10.3016668813776,7.07050812982372,-6.));
#6371=CARTESIAN_POINT('Ctrl Pts',(10.301078284568,7.07066955695297,-6.));
#6372=CARTESIAN_POINT('Ctrl Pts',(10.3004872903074,7.07082231148701,-5.99999999997843));
#6373=CARTESIAN_POINT('Ctrl Pts',(10.2998940719957,7.07096635496033,-6.));
#6374=CARTESIAN_POINT('Ctrl Pts',(10.3139784152469,7.11539853696533,-6.));
#6375=CARTESIAN_POINT('Ctrl Pts',(10.3130953605399,7.11564072140128,-6.));
#6376=CARTESIAN_POINT('Ctrl Pts',(10.3122098960807,7.11587422282147,-6.));
#6377=CARTESIAN_POINT('Ctrl Pts',(10.3113222806403,7.1160989794044,-6.));
#6378=CARTESIAN_POINT('Origin',(-1.25000000000002,21.,3.95));
#6379=CARTESIAN_POINT('Origin',(70.5,21.,3.95));
#6380=CARTESIAN_POINT('Origin',(6.39455046676331,24.,20.35));
#6381=CARTESIAN_POINT('Origin',(-1.25000000000002,21.,23.3));
#6382=CARTESIAN_POINT('',(-67.5,21.,20.3));
#6383=CARTESIAN_POINT('',(-67.5,24.,23.3));
#6384=CARTESIAN_POINT('Origin',(-67.5,21.,23.3));
#6385=CARTESIAN_POINT('',(-1.25000000000002,24.,23.3));
#6386=CARTESIAN_POINT('',(-1.25000000000002,21.,20.3));
#6387=CARTESIAN_POINT('Origin',(-67.5,21.,18.3));
#6388=CARTESIAN_POINT('',(-69.5,21.,18.3));
#6389=CARTESIAN_POINT('',(-72.5,24.,18.3));
#6390=CARTESIAN_POINT('Origin',(-72.5,21.,18.3));
#6391=CARTESIAN_POINT('Origin',(-67.5,24.,18.3));
#6392=CARTESIAN_POINT('Origin',(-67.5,21.,18.3));
#6393=CARTESIAN_POINT('Origin',(-72.5,21.,10.15));
#6394=CARTESIAN_POINT('',(-69.5,21.,8.));
#6395=CARTESIAN_POINT('',(-72.5,24.,8.));
#6396=CARTESIAN_POINT('Origin',(-72.5,21.,8.));
#6397=CARTESIAN_POINT('',(-72.5,24.,10.15));
#6398=CARTESIAN_POINT('',(-69.5,21.,10.15));
#6399=CARTESIAN_POINT('Origin',(-67.5,21.,8.));
#6400=CARTESIAN_POINT('Origin',(-67.5,24.,8.));
#6401=CARTESIAN_POINT('Origin',(-67.5,21.,8.));
#6402=CARTESIAN_POINT('Origin',(70.5,21.,8.95));
#6403=CARTESIAN_POINT('',(72.5,21.,8.95));
#6404=CARTESIAN_POINT('Origin',(75.5,21.,8.95));
#6405=CARTESIAN_POINT('Origin',(70.5,21.,8.95));
#6406=CARTESIAN_POINT('Origin',(75.5,21.,3.47500000000001));
#6407=CARTESIAN_POINT('',(72.5,21.,17.2066740905808));
#6408=CARTESIAN_POINT('Origin',(75.5,21.,17.2066740905808));
#6409=CARTESIAN_POINT('',(72.5,21.,3.47500000000001));
#6410=CARTESIAN_POINT('Origin',(75.5,21.,3.47500000000001));
#6411=CARTESIAN_POINT('',(74.7632503002402,23.9081265240536,17.35));
#6412=CARTESIAN_POINT('Ctrl Pts',(74.7632503002402,23.9081265240536,17.35));
#6413=CARTESIAN_POINT('Ctrl Pts',(74.8423566638714,23.9281674642164,17.3239989956559));
#6414=CARTESIAN_POINT('Ctrl Pts',(74.9232656779463,23.945216873774,17.3010688034491));
#6415=CARTESIAN_POINT('Ctrl Pts',(75.1671661975662,23.9859906801729,17.2430152876315));
#6416=CARTESIAN_POINT('Ctrl Pts',(75.3339613598036,24.,17.2177680138769));
#6417=CARTESIAN_POINT('Ctrl Pts',(75.5,24.,17.2066740905808));
#6418=CARTESIAN_POINT('',(72.5,21.,17.35));
#6419=CARTESIAN_POINT('',(72.5,21.,3.47500000000001));
#6420=CARTESIAN_POINT('Origin',(75.5,21.,17.35));
#6421=CARTESIAN_POINT('Origin',(36.25,21.,22.35));
#6422=CARTESIAN_POINT('',(8.24838226637527,21.,19.35));
#6423=CARTESIAN_POINT('Ctrl Pts',(8.15597958052549,21.5209445330008,19.3955767409634));
#6424=CARTESIAN_POINT('Ctrl Pts',(8.15800436924679,21.4865241042754,19.3895074906915));
#6425=CARTESIAN_POINT('Ctrl Pts',(8.16083860538672,21.4524290395773,19.3841173455817));
#6426=CARTESIAN_POINT('Ctrl Pts',(8.17913173080109,21.2796807155967,19.3597619609375));
#6427=CARTESIAN_POINT('Ctrl Pts',(8.20741586455371,21.1389337660643,19.35));
#6428=CARTESIAN_POINT('Ctrl Pts',(8.24838226637527,21.,19.35));
#6429=CARTESIAN_POINT('',(36.25,21.,19.35));
#6430=CARTESIAN_POINT('Origin',(17.5,21.,6.95));
#6431=CARTESIAN_POINT('',(9.60520055274386,24.,23.7));
#6432=CARTESIAN_POINT('Ctrl Pts',(9.60520055274386,24.,23.7));
#6433=CARTESIAN_POINT('Ctrl Pts',(10.2826360589449,24.,23.7));
#6434=CARTESIAN_POINT('Ctrl Pts',(11.0929728820957,23.9541884363124,23.7458115636877));
#6435=CARTESIAN_POINT('Ctrl Pts',(12.6622077130626,23.8518479091541,23.848152090846));
#6436=CARTESIAN_POINT('Ctrl Pts',(13.6452246029807,23.7776180662452,23.9223819337548));
#6437=CARTESIAN_POINT('Ctrl Pts',(15.6148162722779,23.6740593554699,24.0259406445301));
#6438=CARTESIAN_POINT('Ctrl Pts',(16.6015404837717,23.6461564541832,24.0538435458168));
#6439=CARTESIAN_POINT('Ctrl Pts',(17.5,23.6461564541832,24.0538435458168));
#6440=CARTESIAN_POINT('Ctrl Pts',(18.3984595162282,23.6461564541832,24.0538435458168));
#6441=CARTESIAN_POINT('Ctrl Pts',(19.3851837277221,23.6740593554699,24.0259406445301));
#6442=CARTESIAN_POINT('Ctrl Pts',(21.3547753970193,23.7776180662452,23.9223819337548));
#6443=CARTESIAN_POINT('Ctrl Pts',(22.3377922869374,23.8518479091541,23.8481520908459));
#6444=CARTESIAN_POINT('Ctrl Pts',(23.9070271179042,23.9541884363124,23.7458115636877));
#6445=CARTESIAN_POINT('Ctrl Pts',(24.7173639410551,24.,23.7));
#6446=CARTESIAN_POINT('Ctrl Pts',(25.3947994472561,24.,23.7));
#6447=CARTESIAN_POINT('',(26.8440204194745,21.5209445330008,19.3955767409634));
#6448=CARTESIAN_POINT('Ctrl Pts',(27.7825268447204,24.,22.35));
#6449=CARTESIAN_POINT('Ctrl Pts',(27.7817239986826,24.,22.3473517823546));
#6450=CARTESIAN_POINT('Ctrl Pts',(27.7809210667773,23.9999964934717,22.3447035916229));
#6451=CARTESIAN_POINT('Ctrl Pts',(27.6827489384652,23.9991391432412,22.0209550187472));
#6452=CARTESIAN_POINT('Ctrl Pts',(27.5845375471027,23.9467414353455,21.7017589312603));
#6453=CARTESIAN_POINT('Ctrl Pts',(27.3947009358058,23.7428717130995,21.093429884123));
#6454=CARTESIAN_POINT('Ctrl Pts',(27.3038854695593,23.5928675515748,20.8068293228778));
#6455=CARTESIAN_POINT('Ctrl Pts',(27.1237635543701,23.1710597472849,20.2451329472412));
#6456=CARTESIAN_POINT('Ctrl Pts',(27.0388886229775,22.8857509819291,19.9850842693448));
#6457=CARTESIAN_POINT('Ctrl Pts',(26.9099762709095,22.2399015223953,19.5933375296));
#6458=CARTESIAN_POINT('Ctrl Pts',(26.8656910806272,21.88933528893,19.4605339706773));
#6459=CARTESIAN_POINT('Ctrl Pts',(26.8440204194745,21.5209445330008,19.3955767409634));
#6460=CARTESIAN_POINT('Origin',(17.5,21.5209445330008,6.95));
#6461=CARTESIAN_POINT('Origin',(17.5,24.,6.95));
#6462=CARTESIAN_POINT('Origin',(70.5,21.,17.35));
#6463=CARTESIAN_POINT('',(71.52728313352,21.,19.0660097212969));
#6464=CARTESIAN_POINT('Origin',(73.0682078338,21.,21.6400243032421));
#6465=CARTESIAN_POINT('',(70.5,21.,19.35));
#6466=CARTESIAN_POINT('Origin',(70.5,21.,17.35));
#6467=CARTESIAN_POINT('Origin',(70.5,21.,22.35));
#6468=CARTESIAN_POINT('Origin',(36.25,21.,22.35));
#6469=CARTESIAN_POINT('',(26.7516177336247,21.,19.35));
#6470=CARTESIAN_POINT('',(36.25,21.,19.35));
#6471=CARTESIAN_POINT('Ctrl Pts',(26.7516177336247,21.,19.35));
#6472=CARTESIAN_POINT('Ctrl Pts',(26.7925841354463,21.1389337660643,19.35));
#6473=CARTESIAN_POINT('Ctrl Pts',(26.8208682691989,21.2796807155967,19.3597619609375));
#6474=CARTESIAN_POINT('Ctrl Pts',(26.8391613946132,21.4524290395773,19.3841173455817));
#6475=CARTESIAN_POINT('Ctrl Pts',(26.8419956307532,21.4865241042754,19.3895074906915));
#6476=CARTESIAN_POINT('Ctrl Pts',(26.8440204194745,21.5209445330008,19.3955767409634));
#6477=CARTESIAN_POINT('Origin',(70.5,21.,17.35));
#6478=CARTESIAN_POINT('Ctrl Pts',(73.0682078338,24.,21.6400243032421));
#6479=CARTESIAN_POINT('Ctrl Pts',(73.0379208309185,24.,21.5846716979134));
#6480=CARTESIAN_POINT('Ctrl Pts',(73.0092915237745,23.9980119309128,21.5282016267586));
#6481=CARTESIAN_POINT('Ctrl Pts',(72.8776837003248,23.9784688795395,21.2467327526509));
#6482=CARTESIAN_POINT('Ctrl Pts',(72.8032961282352,23.9330461171854,21.016053309038));
#6483=CARTESIAN_POINT('Ctrl Pts',(72.7095606841063,23.7936819284317,20.5422142349572));
#6484=CARTESIAN_POINT('Ctrl Pts',(72.6928425434406,23.6997633699026,20.304903388645));
#6485=CARTESIAN_POINT('Ctrl Pts',(72.7145097607225,23.4790110320195,19.794616534499));
#6486=CARTESIAN_POINT('Ctrl Pts',(72.7642387294062,23.3527624119786,19.5306187897915));
#6487=CARTESIAN_POINT('Ctrl Pts',(72.9133531437814,23.1961024850138,19.0652648262859));
#6488=CARTESIAN_POINT('Ctrl Pts',(72.9966880707444,23.1672353349174,18.8861511275136));
#6489=CARTESIAN_POINT('Ctrl Pts',(73.1675869670253,23.1756183957967,18.583379373556));
#6490=CARTESIAN_POINT('Ctrl Pts',(73.2661799777579,23.206070467556,18.4330972738719));
#6491=CARTESIAN_POINT('Ctrl Pts',(73.5640456051142,23.3579686896046,18.0786498553709));
#6492=CARTESIAN_POINT('Ctrl Pts',(73.7537784206902,23.4795117383916,17.9011596337979));
#6493=CARTESIAN_POINT('Ctrl Pts',(74.1640851561404,23.6966714035009,17.6125258489292));
#6494=CARTESIAN_POINT('Ctrl Pts',(74.3729758929774,23.7910609198693,17.4983516456321));
#6495=CARTESIAN_POINT('Ctrl Pts',(74.6541772607121,23.8788681490597,17.3876061261704));
#6496=CARTESIAN_POINT('Ctrl Pts',(74.708372677511,23.8942237341526,17.3680374023211));
#6497=CARTESIAN_POINT('Ctrl Pts',(74.7632503002402,23.9081265240536,17.35));
#6498=CARTESIAN_POINT('Origin',(70.5,21.,17.35));
#6499=CARTESIAN_POINT('Origin',(-1.77635683940025E-14,24.,8.88178419700125E-15));
#6500=CARTESIAN_POINT('',(-75.5,24.,-8.95000000000001));
#6501=CARTESIAN_POINT('Origin',(-70.5,24.,-8.95000000000001));
#6502=CARTESIAN_POINT('',(-75.5,24.,-17.2066740905808));
#6503=CARTESIAN_POINT('',(-75.5,24.,-3.47500000000001));
#6504=CARTESIAN_POINT('',(-78.7,24.,-20.2));
#6505=CARTESIAN_POINT('Origin',(-75.7,24.,-20.2));
#6506=CARTESIAN_POINT('',(-73.0682078338,24.,-21.6400243032422));
#6507=CARTESIAN_POINT('Origin',(-75.7,24.,-20.2));
#6508=CARTESIAN_POINT('',(-70.5,24.,-22.35));
#6509=CARTESIAN_POINT('Origin',(-70.5,24.,-17.35));
#6510=CARTESIAN_POINT('',(-27.7825268447204,24.,-22.35));
#6511=CARTESIAN_POINT('',(-36.25,24.,-22.35));
#6512=CARTESIAN_POINT('',(-25.3947994472561,24.,-23.7));
#6513=CARTESIAN_POINT('Origin',(-17.5,24.,-6.95));
#6514=CARTESIAN_POINT('',(-77.5,24.,-23.7));
#6515=CARTESIAN_POINT('',(38.75,24.,-23.7));
#6516=CARTESIAN_POINT('',(-79.2,24.,-22.));
#6517=CARTESIAN_POINT('Origin',(-77.5,24.,-22.));
#6518=CARTESIAN_POINT('',(-79.2,24.,22.));
#6519=CARTESIAN_POINT('',(-79.2,24.,-10.9999999999999));
#6520=CARTESIAN_POINT('',(-77.5,24.,23.7));
#6521=CARTESIAN_POINT('Origin',(-77.5,24.,22.));
#6522=CARTESIAN_POINT('',(-38.75,24.,23.7));
#6523=CARTESIAN_POINT('',(-78.7,24.,20.2));
#6524=CARTESIAN_POINT('Origin',(-75.7,24.,20.2));
#6525=CARTESIAN_POINT('Origin',(-67.5,24.,8.));
#6526=CARTESIAN_POINT('',(-69.5,24.,8.));
#6527=CARTESIAN_POINT('Origin',(-69.5,24.,20.3));
#6528=CARTESIAN_POINT('',(-69.5,24.,18.3));
#6529=CARTESIAN_POINT('Origin',(-67.5,24.,18.3));
#6530=CARTESIAN_POINT('',(-67.5,24.,20.3));
#6531=CARTESIAN_POINT('Origin',(-2.50000000000002,24.,20.3));
#6532=CARTESIAN_POINT('Origin',(72.5,24.,19.35));
#6533=CARTESIAN_POINT('Ctrl Pts',(8.24838226637527,21.,19.35));
#6534=CARTESIAN_POINT('Ctrl Pts',(12.622021968617,6.16720511878307,19.35));
#6535=CARTESIAN_POINT('Ctrl Pts',(16.1482552027517,4.,19.35));
#6536=CARTESIAN_POINT('Origin',(17.5,24.,6.95));
#6537=CARTESIAN_POINT('Ctrl Pts',(18.8517447972483,4.,19.35));
#6538=CARTESIAN_POINT('Ctrl Pts',(22.377978031383,6.16720511878308,19.35));
#6539=CARTESIAN_POINT('Ctrl Pts',(26.7516177336247,21.,19.35));
#6540=CARTESIAN_POINT('Origin',(72.5,24.,19.35));
#6541=CARTESIAN_POINT('',(70.5,24.,19.35));
#6542=CARTESIAN_POINT('Origin',(4.20220445305494,21.,-18.3));
#6543=CARTESIAN_POINT('',(2.90822802359419,21.,-19.825));
#6544=CARTESIAN_POINT('Ctrl Pts',(1.2700550707758,24.,-22.35));
#6545=CARTESIAN_POINT('Ctrl Pts',(1.32239188710811,24.,-22.2636985839164));
#6546=CARTESIAN_POINT('Ctrl Pts',(1.37514287869882,23.9949359578256,-22.1776722359424));
#6547=CARTESIAN_POINT('Ctrl Pts',(1.42800387927274,23.9848334575792,-22.0923326826825));
#6548=CARTESIAN_POINT('Ctrl Pts',(1.48086492667397,23.9747309483836,-22.0069930538241));
#6549=CARTESIAN_POINT('Ctrl Pts',(1.53383576994055,23.9595900066504,-21.9223404981262));
#6550=CARTESIAN_POINT('Ctrl Pts',(1.58660724775519,23.9394871262315,-21.838776631948));
#6551=CARTESIAN_POINT('Ctrl Pts',(1.63937987915967,23.9193838063617,-21.7552109390552));
#6552=CARTESIAN_POINT('Ctrl Pts',(1.69195291811056,23.8943183992784,-21.6727342502609));
#6553=CARTESIAN_POINT('Ctrl Pts',(1.74401542778198,23.8644175439498,-21.5917340120809));
#6554=CARTESIAN_POINT('Ctrl Pts',(1.79608007598656,23.8345154604059,-21.5107304467141));
#6555=CARTESIAN_POINT('Ctrl Pts',(1.84763393198392,23.799777633072,-21.4312037073049));
#6556=CARTESIAN_POINT('Ctrl Pts',(1.89836756219885,23.7603795836724,-21.3535231804127));
#6557=CARTESIAN_POINT('Ctrl Pts',(1.94910413140743,23.7209792519481,-21.275838153496));
#6558=CARTESIAN_POINT('Ctrl Pts',(1.99902015844479,23.6769182922387,-21.1999997915705));
#6559=CARTESIAN_POINT('Ctrl Pts',(2.04781101775094,23.6284193595258,-21.1263557386385));
#6560=CARTESIAN_POINT('Ctrl Pts',(2.09660538492336,23.579916939935,-21.0527063909957));
#6561=CARTESIAN_POINT('Ctrl Pts',(2.14427420321301,23.5269760742306,-20.981251888584));
#6562=CARTESIAN_POINT('Ctrl Pts',(2.19052095164784,23.4698643289842,-20.912314694019));
#6563=CARTESIAN_POINT('Ctrl Pts',(2.23677151762961,23.4127478693141,-20.8433718088707));
#6564=CARTESIAN_POINT('Ctrl Pts',(2.28159956399673,23.3514600359692,-20.7769468478214));
#6565=CARTESIAN_POINT('Ctrl Pts',(2.32471992782097,23.2863106327004,-20.7133339312253));
#6566=CARTESIAN_POINT('Ctrl Pts',(2.36784415395359,23.2211553939733,-20.6497153167946));
#6567=CARTESIAN_POINT('Ctrl Pts',(2.40926018339407,23.1521381155412,-20.5889094291827));
#6568=CARTESIAN_POINT('Ctrl Pts',(2.44869738624054,23.0796077351181,-20.5311791953291));
#6569=CARTESIAN_POINT('Ctrl Pts',(2.48814732038343,23.0070539401091,-20.47343032474));
#6570=CARTESIAN_POINT('Ctrl Pts',(2.52561695013144,22.9309850207083,-20.4187592502252));
#6571=CARTESIAN_POINT('Ctrl Pts',(2.56085306726143,22.8517858143051,-20.3673953470312));
#6572=CARTESIAN_POINT('Ctrl Pts',(2.59609057833146,22.772583474783,-20.3160294118824));
#6573=CARTESIAN_POINT('Ctrl Pts',(2.62909421229975,22.6902508713769,-20.2679710389985));
#6574=CARTESIAN_POINT('Ctrl Pts',(2.65963132270193,22.6052045627487,-20.2234136868191));
#6575=CARTESIAN_POINT('Ctrl Pts',(2.69016967228819,22.5201548029744,-20.1788545265197));
#6576=CARTESIAN_POINT('Ctrl Pts',(2.71824112396589,22.4323914086003,-20.1377967737608));
#6577=CARTESIAN_POINT('Ctrl Pts',(2.74363631260699,22.3423584511516,-20.1003962234381));
#6578=CARTESIAN_POINT('Ctrl Pts',(2.7690324867033,22.2523219999919,-20.0629942217945));
#6579=CARTESIAN_POINT('Ctrl Pts',(2.79175203155033,22.1600161176344,-20.0292497816086));
#6580=CARTESIAN_POINT('Ctrl Pts',(2.81161136561556,22.0659078962044,-19.9992796918321));
#6581=CARTESIAN_POINT('Ctrl Pts',(2.83147510591718,21.9717787947658,-19.9693029525226));
#6582=CARTESIAN_POINT('Ctrl Pts',(2.84847722417127,21.8758468760877,-19.9431022869808));
#6583=CARTESIAN_POINT('Ctrl Pts',(2.86246209214554,21.778597796105,-19.9207545924948));
#6584=CARTESIAN_POINT('Ctrl Pts',(2.87644610912711,21.6813546338226,-19.8984082578876));
#6585=CARTESIAN_POINT('Ctrl Pts',(2.88741312171975,21.5827948037659,-19.8799144434371));
#6586=CARTESIAN_POINT('Ctrl Pts',(2.89523757295337,21.4834172050569,-19.8653095774888));
#6587=CARTESIAN_POINT('Ctrl Pts',(2.90306276102708,21.3840302478132,-19.8507033361789));
#6588=CARTESIAN_POINT('Ctrl Pts',(2.90774469450922,21.2838257082509,-19.839986766474));
#6589=CARTESIAN_POINT('Ctrl Pts',(2.90918950271461,21.183310906224,-19.8331557772215));
#6590=CARTESIAN_POINT('Ctrl Pts',(2.9100667167649,21.1222834312478,-19.8290083480145));
#6591=CARTESIAN_POINT('Ctrl Pts',(2.90975125229258,21.0611417227431,-19.8262924734639));
#6592=CARTESIAN_POINT('Ctrl Pts',(2.90822802359419,21.,-19.825));
#6593=CARTESIAN_POINT('',(4.20220445305494,21.,-20.3));
#6594=CARTESIAN_POINT('Origin',(4.20220445305494,21.,-18.3));
#6595=CARTESIAN_POINT('Origin',(4.20220445305494,21.,-23.3));
#6596=CARTESIAN_POINT('Origin',(1.25,21.,-23.3));
#6597=CARTESIAN_POINT('',(67.5,21.,-20.3));
#6598=CARTESIAN_POINT('Origin',(67.5,21.,-23.3));
#6599=CARTESIAN_POINT('',(1.25,21.,-20.3));
#6600=CARTESIAN_POINT('Origin',(67.5,21.,-18.3));
#6601=CARTESIAN_POINT('',(69.5,21.,-18.3));
#6602=CARTESIAN_POINT('Origin',(72.5,21.,-18.3));
#6603=CARTESIAN_POINT('Origin',(67.5,21.,-18.3));
#6604=CARTESIAN_POINT('Origin',(72.5,21.,-10.15));
#6605=CARTESIAN_POINT('',(69.5,21.,-10.15));
#6606=CARTESIAN_POINT('Origin',(-70.5,21.,-8.95000000000001));
#6607=CARTESIAN_POINT('',(-72.5,21.,-8.95000000000001));
#6608=CARTESIAN_POINT('Origin',(-75.5,21.,-8.95000000000001));
#6609=CARTESIAN_POINT('Origin',(-70.5,21.,-8.95000000000001));
#6610=CARTESIAN_POINT('Origin',(-75.5,21.,-3.47500000000001));
#6611=CARTESIAN_POINT('',(-72.5,21.,-17.2066740905808));
#6612=CARTESIAN_POINT('Origin',(-75.5,21.,-17.2066740905808));
#6613=CARTESIAN_POINT('',(-72.5,21.,-3.47500000000001));
#6614=CARTESIAN_POINT('Origin',(-75.5,21.,-3.47500000000001));
#6615=CARTESIAN_POINT('',(-74.7632503002402,23.9081265240536,-17.35));
#6616=CARTESIAN_POINT('Ctrl Pts',(-74.7632503002402,23.9081265240536,-17.35));
#6617=CARTESIAN_POINT('Ctrl Pts',(-74.8423566638714,23.9281674642164,-17.3239989956559));
#6618=CARTESIAN_POINT('Ctrl Pts',(-74.9232656779462,23.945216873774,-17.3010688034491));
#6619=CARTESIAN_POINT('Ctrl Pts',(-75.1671661975662,23.9859906801729,-17.2430152876315));
#6620=CARTESIAN_POINT('Ctrl Pts',(-75.3339613598036,24.,-17.2177680138769));
#6621=CARTESIAN_POINT('Ctrl Pts',(-75.5,24.,-17.2066740905808));
#6622=CARTESIAN_POINT('',(-72.5,21.,-17.35));
#6623=CARTESIAN_POINT('',(-72.5,21.,-3.47500000000001));
#6624=CARTESIAN_POINT('Origin',(-75.5,21.,-17.35));
#6625=CARTESIAN_POINT('Origin',(-17.5,21.,-6.95));
#6626=CARTESIAN_POINT('Ctrl Pts',(-9.60520055274385,24.,-23.7));
#6627=CARTESIAN_POINT('Ctrl Pts',(-10.2826360589449,24.,-23.7));
#6628=CARTESIAN_POINT('Ctrl Pts',(-11.0929728820957,23.9541884363124,-23.7458115636877));
#6629=CARTESIAN_POINT('Ctrl Pts',(-12.6622077130626,23.8518479091541,-23.8481520908459));
#6630=CARTESIAN_POINT('Ctrl Pts',(-13.6452246029807,23.7776180662452,-23.9223819337548));
#6631=CARTESIAN_POINT('Ctrl Pts',(-15.6148162722779,23.6740593554699,-24.02594064453));
#6632=CARTESIAN_POINT('Ctrl Pts',(-16.6015404837717,23.6461564541832,-24.0538435458168));
#6633=CARTESIAN_POINT('Ctrl Pts',(-17.5,23.6461564541832,-24.0538435458168));
#6634=CARTESIAN_POINT('Ctrl Pts',(-18.3984595162282,23.6461564541832,-24.0538435458168));
#6635=CARTESIAN_POINT('Ctrl Pts',(-19.3851837277221,23.6740593554699,-24.02594064453));
#6636=CARTESIAN_POINT('Ctrl Pts',(-21.3547753970193,23.7776180662452,-23.9223819337548));
#6637=CARTESIAN_POINT('Ctrl Pts',(-22.3377922869374,23.8518479091541,-23.8481520908459));
#6638=CARTESIAN_POINT('Ctrl Pts',(-23.9070271179042,23.9541884363124,-23.7458115636877));
#6639=CARTESIAN_POINT('Ctrl Pts',(-24.717363941055,24.,-23.7));
#6640=CARTESIAN_POINT('Ctrl Pts',(-25.3947994472561,24.,-23.7));
#6641=CARTESIAN_POINT('',(-26.8440204194745,21.5209445330008,-19.3955767409634));
#6642=CARTESIAN_POINT('Ctrl Pts',(-27.7825268447204,24.,-22.35));
#6643=CARTESIAN_POINT('Ctrl Pts',(-27.7817239986825,24.,-22.3473517823544));
#6644=CARTESIAN_POINT('Ctrl Pts',(-27.7809210667774,23.9999964934717,-22.3447035916232));
#6645=CARTESIAN_POINT('Ctrl Pts',(-27.6827489384613,23.9991391432412,-22.0209550187371));
#6646=CARTESIAN_POINT('Ctrl Pts',(-27.5845375471021,23.9467414353449,-21.7017589312584));
#6647=CARTESIAN_POINT('Ctrl Pts',(-27.3947009358058,23.7428717130995,-21.093429884123));
#6648=CARTESIAN_POINT('Ctrl Pts',(-27.3038854695593,23.5928675515748,-20.8068293228778));
#6649=CARTESIAN_POINT('Ctrl Pts',(-27.1237635543701,23.1710597472849,-20.2451329472412));
#6650=CARTESIAN_POINT('Ctrl Pts',(-27.0388886229775,22.8857509819291,-19.9850842693448));
#6651=CARTESIAN_POINT('Ctrl Pts',(-26.9099762709095,22.2399015223954,-19.5933375296));
#6652=CARTESIAN_POINT('Ctrl Pts',(-26.8656910806272,21.88933528893,-19.4605339706773));
#6653=CARTESIAN_POINT('Ctrl Pts',(-26.8440204194745,21.5209445330008,-19.3955767409634));
#6654=CARTESIAN_POINT('',(-8.15597958052547,21.5209445330008,-19.3955767409634));
#6655=CARTESIAN_POINT('Origin',(-17.5,21.5209445330008,-6.95));
#6656=CARTESIAN_POINT('Ctrl Pts',(-8.15597958052548,21.5209445330008,-19.3955767409634));
#6657=CARTESIAN_POINT('Ctrl Pts',(-8.13430891937281,21.88933528893,-19.4605339706773));
#6658=CARTESIAN_POINT('Ctrl Pts',(-8.09002372909048,22.2399015223954,-19.5933375296));
#6659=CARTESIAN_POINT('Ctrl Pts',(-7.96111137702247,22.8857509819291,-19.9850842693448));
#6660=CARTESIAN_POINT('Ctrl Pts',(-7.87623644562985,23.1710597472849,-20.2451329472412));
#6661=CARTESIAN_POINT('Ctrl Pts',(-7.69611453044071,23.5928675515748,-20.8068293228778));
#6662=CARTESIAN_POINT('Ctrl Pts',(-7.60529906419418,23.7428717130995,-21.093429884123));
#6663=CARTESIAN_POINT('Ctrl Pts',(-7.41546245289766,23.9467414353451,-21.701758931259));
#6664=CARTESIAN_POINT('Ctrl Pts',(-7.31725106153739,23.9991391432412,-22.0209550187404));
#6665=CARTESIAN_POINT('Ctrl Pts',(-7.21907893322256,23.9999964934717,-22.3447035916231));
#6666=CARTESIAN_POINT('Ctrl Pts',(-7.21827600131743,24.,-22.3473517823545));
#6667=CARTESIAN_POINT('Ctrl Pts',(-7.21747315527959,24.,-22.35));
#6668=CARTESIAN_POINT('Origin',(-70.5,21.,-17.35));
#6669=CARTESIAN_POINT('',(-71.52728313352,21.,-19.0660097212969));
#6670=CARTESIAN_POINT('Origin',(-73.0682078338,21.,-21.6400243032421));
#6671=CARTESIAN_POINT('',(-70.5,21.,-19.35));
#6672=CARTESIAN_POINT('Origin',(-70.5,21.,-17.35));
#6673=CARTESIAN_POINT('Origin',(-70.5,21.,-22.35));
#6674=CARTESIAN_POINT('Origin',(-36.25,21.,-22.35));
#6675=CARTESIAN_POINT('',(-26.7516177336247,21.,-19.35));
#6676=CARTESIAN_POINT('',(-36.25,21.,-19.35));
#6677=CARTESIAN_POINT('Ctrl Pts',(-26.7516177336247,21.,-19.35));
#6678=CARTESIAN_POINT('Ctrl Pts',(-26.7925841354463,21.1389337660643,-19.35));
#6679=CARTESIAN_POINT('Ctrl Pts',(-26.8208682691989,21.2796807155967,-19.3597619609375));
#6680=CARTESIAN_POINT('Ctrl Pts',(-26.8391613946132,21.4524290395773,-19.3841173455817));
#6681=CARTESIAN_POINT('Ctrl Pts',(-26.8419956307532,21.4865241042754,-19.3895074906915));
#6682=CARTESIAN_POINT('Ctrl Pts',(-26.8440204194745,21.5209445330008,-19.3955767409634));
#6683=CARTESIAN_POINT('Origin',(-36.25,21.,-22.35));
#6684=CARTESIAN_POINT('',(1.61425159413344,21.,-19.35));
#6685=CARTESIAN_POINT('Ctrl Pts',(1.61425159413344,21.,-19.35));
#6686=CARTESIAN_POINT('Ctrl Pts',(1.60686921906707,21.1010719764758,-19.35));
#6687=CARTESIAN_POINT('Ctrl Pts',(1.5994868440007,21.2021437772436,-19.3551121159966));
#6688=CARTESIAN_POINT('Ctrl Pts',(1.59210446893432,21.3026999404201,-19.3653102764157));
#6689=CARTESIAN_POINT('Ctrl Pts',(1.58472231547345,21.4032530850832,-19.3755081307046));
#6690=CARTESIAN_POINT('Ctrl Pts',(1.57734016201257,21.5032902735521,-19.3907916883596));
#6691=CARTESIAN_POINT('Ctrl Pts',(1.56995800855169,21.6023013510045,-19.4110830085594));
#6692=CARTESIAN_POINT('Ctrl Pts',(1.56257606194439,21.7013096540909,-19.4313737601809));
#6693=CARTESIAN_POINT('Ctrl Pts',(1.55519411533708,21.7992915595384,-19.4566719229351));
#6694=CARTESIAN_POINT('Ctrl Pts',(1.54781216872978,21.8957474217115,-19.486848492221));
#6695=CARTESIAN_POINT('Ctrl Pts',(1.54043041422847,21.9922007737406,-19.5170242761992));
#6696=CARTESIAN_POINT('Ctrl Pts',(1.53304865972716,22.0871278267306,-19.5520781077013));
#6697=CARTESIAN_POINT('Ctrl Pts',(1.52566690522585,22.1800445380138,-19.5918312436865));
#6698=CARTESIAN_POINT('Ctrl Pts',(1.518285328087,22.2729590167739,-19.6315834245175));
#6699=CARTESIAN_POINT('Ctrl Pts',(1.51090375094816,22.3638629275883,-19.6760345456618));
#6700=CARTESIAN_POINT('Ctrl Pts',(1.50352217380932,22.4522927644392,-19.724957957221));
#6701=CARTESIAN_POINT('Ctrl Pts',(1.49614075929315,22.5407206531027,-19.7738802909542));
#6702=CARTESIAN_POINT('Ctrl Pts',(1.48875934477698,22.626674269602,-19.8272745478657));
#6703=CARTESIAN_POINT('Ctrl Pts',(1.48137793026081,22.709715368042,-19.8848684902665));
#6704=CARTESIAN_POINT('Ctrl Pts',(1.47399666363095,22.7927548027572,-19.9424612787752));
#6705=CARTESIAN_POINT('Ctrl Pts',(1.46661539700109,22.8728815476612,-20.0042533842215));
#6706=CARTESIAN_POINT('Ctrl Pts',(1.45923413037123,22.9496870822798,-20.0699297639785));
#6707=CARTESIAN_POINT('Ctrl Pts',(1.45185299689443,23.0264912313785,-20.1356049589779));
#6708=CARTESIAN_POINT('Ctrl Pts',(1.44447186341764,23.0999740232502,-20.2051640598331));
#6709=CARTESIAN_POINT('Ctrl Pts',(1.43709072994085,23.1697608246357,-20.2782524372221));
#6710=CARTESIAN_POINT('Ctrl Pts',(1.4297084580178,23.2395583897505,-20.3513520875666));
#6711=CARTESIAN_POINT('Ctrl Pts',(1.42232618609475,23.3056585805956,-20.4279818500591));
#6712=CARTESIAN_POINT('Ctrl Pts',(1.4149439141717,23.3677242984154,-20.5077509270749));
#6713=CARTESIAN_POINT('Ctrl Pts',(1.40756205722581,23.429786527356,-20.5875155200586));
#6714=CARTESIAN_POINT('Ctrl Pts',(1.4001802002799,23.4878145214796,-20.6704187970597));
#6715=CARTESIAN_POINT('Ctrl Pts',(1.39279834333401,23.5415123819603,-20.7560380141475));
#6716=CARTESIAN_POINT('Ctrl Pts',(1.38541684237984,23.5952076528494,-20.8416531022292));
#6717=CARTESIAN_POINT('Ctrl Pts',(1.37803534142567,23.644573021466,-20.9299835706735));
#6718=CARTESIAN_POINT('Ctrl Pts',(1.3706538404715,23.6893567860554,-21.0205790443589));
#6719=CARTESIAN_POINT('Ctrl Pts',(1.36327263655399,23.7341387485155,-21.1111708724205));
#6720=CARTESIAN_POINT('Ctrl Pts',(1.35589143263647,23.7743393203753,-21.2040272084848));
#6721=CARTESIAN_POINT('Ctrl Pts',(1.34851022871895,23.8097535453736,-21.2986746392005));
#6722=CARTESIAN_POINT('Ctrl Pts',(1.34112815383821,23.8451719491602,-21.3933332380714));
#6723=CARTESIAN_POINT('Ctrl Pts',(1.33374607895748,23.8758027524026,-21.489783025661));
#6724=CARTESIAN_POINT('Ctrl Pts',(1.32636400407674,23.9014897519921,-21.5875321520975));
#6725=CARTESIAN_POINT('Ctrl Pts',(1.31898264625252,23.9271742564794,-21.6852717836899));
#6726=CARTESIAN_POINT('Ctrl Pts',(1.31160128842831,23.9479158292473,-21.7843101618133));
#6727=CARTESIAN_POINT('Ctrl Pts',(1.30421993060409,23.9636087182624,-21.884142333927));
#6728=CARTESIAN_POINT('Ctrl Pts',(1.29683821282951,23.979302372538,-21.9839793743357));
#6729=CARTESIAN_POINT('Ctrl Pts',(1.28945649505494,23.9899467956932,-22.0846099392477));
#6730=CARTESIAN_POINT('Ctrl Pts',(1.28207477728036,23.9954877112744,-22.1855209083076));
#6731=CARTESIAN_POINT('Ctrl Pts',(1.27806820844551,23.9984951494294,-22.2402922712988));
#6732=CARTESIAN_POINT('Ctrl Pts',(1.27406163961065,24.,-22.2951461315114));
#6733=CARTESIAN_POINT('Ctrl Pts',(1.2700550707758,24.,-22.35));
#6734=CARTESIAN_POINT('',(-8.24838226637527,21.,-19.35));
#6735=CARTESIAN_POINT('Ctrl Pts',(-8.15597958052548,21.5209445330008,-19.3955767409634));
#6736=CARTESIAN_POINT('Ctrl Pts',(-8.15800436924678,21.4865241042754,-19.3895074906915));
#6737=CARTESIAN_POINT('Ctrl Pts',(-8.16083860538672,21.4524290395773,-19.3841173455817));
#6738=CARTESIAN_POINT('Ctrl Pts',(-8.1791317308011,21.2796807155967,-19.3597619609375));
#6739=CARTESIAN_POINT('Ctrl Pts',(-8.20741586455371,21.1389337660643,-19.35));
#6740=CARTESIAN_POINT('Ctrl Pts',(-8.24838226637527,21.,-19.35));
#6741=CARTESIAN_POINT('',(-36.25,21.,-19.35));
#6742=CARTESIAN_POINT('Origin',(-70.5,21.,-17.35));
#6743=CARTESIAN_POINT('Ctrl Pts',(-73.0682078338,24.,-21.6400243032422));
#6744=CARTESIAN_POINT('Ctrl Pts',(-73.0379208309185,24.,-21.5846716979134));
#6745=CARTESIAN_POINT('Ctrl Pts',(-73.0092915237745,23.9980119309128,-21.5282016267586));
#6746=CARTESIAN_POINT('Ctrl Pts',(-72.8776837003248,23.9784688795395,-21.2467327526509));
#6747=CARTESIAN_POINT('Ctrl Pts',(-72.8032961282352,23.9330461171854,-21.016053309038));
#6748=CARTESIAN_POINT('Ctrl Pts',(-72.7095606841063,23.7936819284317,-20.5422142349573));
#6749=CARTESIAN_POINT('Ctrl Pts',(-72.6928425434406,23.6997633699026,-20.304903388645));
#6750=CARTESIAN_POINT('Ctrl Pts',(-72.7145097607225,23.4790110320195,-19.7946165344988));
#6751=CARTESIAN_POINT('Ctrl Pts',(-72.7642387294062,23.3527624119786,-19.5306187897913));
#6752=CARTESIAN_POINT('Ctrl Pts',(-72.9133531437816,23.1961024850135,-19.065264826285));
#6753=CARTESIAN_POINT('Ctrl Pts',(-72.9966880707448,23.1672353349174,-18.8861511275129));
#6754=CARTESIAN_POINT('Ctrl Pts',(-73.1675869670258,23.1756183957967,-18.5833793735551));
#6755=CARTESIAN_POINT('Ctrl Pts',(-73.2661799777586,23.2060704675564,-18.433097273871));
#6756=CARTESIAN_POINT('Ctrl Pts',(-73.5640456051142,23.3579686896046,-18.0786498553709));
#6757=CARTESIAN_POINT('Ctrl Pts',(-73.7537784206903,23.4795117383917,-17.9011596337979));
#6758=CARTESIAN_POINT('Ctrl Pts',(-74.1640851561403,23.6966714035009,-17.6125258489292));
#6759=CARTESIAN_POINT('Ctrl Pts',(-74.3729758929773,23.7910609198693,-17.4983516456321));
#6760=CARTESIAN_POINT('Ctrl Pts',(-74.6541772607121,23.8788681490597,-17.3876061261704));
#6761=CARTESIAN_POINT('Ctrl Pts',(-74.7083726775109,23.8942237341526,-17.3680374023211));
#6762=CARTESIAN_POINT('Ctrl Pts',(-74.7632503002402,23.9081265240536,-17.35));
#6763=CARTESIAN_POINT('Origin',(-70.5,21.,-17.35));
#6764=CARTESIAN_POINT('Ctrl Pts',(1.61425159413344,21.,-19.35));
#6765=CARTESIAN_POINT('Ctrl Pts',(1.8823003189872,21.,-19.35));
#6766=CARTESIAN_POINT('Ctrl Pts',(2.35118101331351,21.,-19.4456678256047));
#6767=CARTESIAN_POINT('Ctrl Pts',(2.75493765906844,21.,-19.6949317255346));
#6768=CARTESIAN_POINT('Ctrl Pts',(2.90822802359419,21.,-19.825));
#6769=CARTESIAN_POINT('Ctrl Pts',(1.54869035158913,21.8975979010257,-19.35));
#6770=CARTESIAN_POINT('Ctrl Pts',(1.82937643794001,21.8936609849766,-19.3475403891491));
#6771=CARTESIAN_POINT('Ctrl Pts',(2.34372032981233,21.8929178319186,-19.4267934013796));
#6772=CARTESIAN_POINT('Ctrl Pts',(2.77020349414561,21.89468058932,-19.7096793065665));
#6773=CARTESIAN_POINT('Ctrl Pts',(2.93058995291383,21.8975979010257,-19.8439743012832));
#6774=CARTESIAN_POINT('Ctrl Pts',(1.43395817713658,23.4518731526517,-20.1032427131933));
#6775=CARTESIAN_POINT('Ctrl Pts',(1.63335134934575,23.466175416705,-20.1088257452682));
#6776=CARTESIAN_POINT('Ctrl Pts',(2.02953866148368,23.4763429613604,-20.1807797471604));
#6777=CARTESIAN_POINT('Ctrl Pts',(2.36592610034103,23.4624535293508,-20.3674558544965));
#6778=CARTESIAN_POINT('Ctrl Pts',(2.48580593817461,23.4518731526517,-20.453783611821));
#6779=CARTESIAN_POINT('Ctrl Pts',(1.31922600268403,24.,-21.6768015742308));
#6780=CARTESIAN_POINT('Ctrl Pts',(1.37550384729579,24.0028795840523,-21.6972550717113));
#6781=CARTESIAN_POINT('Ctrl Pts',(1.47624070478038,24.0035723944124,-21.7296548306224));
#6782=CARTESIAN_POINT('Ctrl Pts',(1.57692060281956,24.0022922547184,-21.760458512544));
#6783=CARTESIAN_POINT('Ctrl Pts',(1.62029817629325,24.,-21.772462463369));
#6784=CARTESIAN_POINT('Ctrl Pts',(1.2700550707758,24.,-22.35));
#6785=CARTESIAN_POINT('Ctrl Pts',(1.2700550707758,24.,-22.35));
#6786=CARTESIAN_POINT('Ctrl Pts',(1.2700550707758,24.,-22.35));
#6787=CARTESIAN_POINT('Ctrl Pts',(1.2700550707758,24.,-22.35));
#6788=CARTESIAN_POINT('Ctrl Pts',(1.2700550707758,24.,-22.35));
#6789=CARTESIAN_POINT('Ctrl Pts',(1.61425159413344,21.,-19.35));
#6790=CARTESIAN_POINT('Ctrl Pts',(1.8823003189872,21.,-19.35));
#6791=CARTESIAN_POINT('Ctrl Pts',(2.35118101331351,21.,-19.4456678256047));
#6792=CARTESIAN_POINT('Ctrl Pts',(2.75493765906844,21.,-19.6949317255346));
#6793=CARTESIAN_POINT('Ctrl Pts',(2.90822802359419,21.,-19.825));
#6794=CARTESIAN_POINT('Origin',(69.5,24.,-20.3));
#6795=CARTESIAN_POINT('',(69.5,24.,-18.3));
#6796=CARTESIAN_POINT('Origin',(67.5,24.,-18.3));
#6797=CARTESIAN_POINT('',(67.5,24.,-20.3));
#6798=CARTESIAN_POINT('Origin',(2.50000000000002,24.,-20.3));
#6799=CARTESIAN_POINT('',(4.20220445305494,24.,-20.3));
#6800=CARTESIAN_POINT('Origin',(4.20220445305494,24.,-18.3));
#6801=CARTESIAN_POINT('',(2.90822802359419,24.,-19.825));
#6802=CARTESIAN_POINT('Origin',(1.61425159413344,24.,-21.35));
#6803=CARTESIAN_POINT('',(1.61425159413344,24.,-19.35));
#6804=CARTESIAN_POINT('Origin',(-72.5,24.,-19.35));
#6805=CARTESIAN_POINT('Ctrl Pts',(-16.1482552027517,4.,-19.35));
#6806=CARTESIAN_POINT('Ctrl Pts',(-12.622021968617,6.16720511878307,-19.35));
#6807=CARTESIAN_POINT('Ctrl Pts',(-8.24838226637527,21.,-19.35));
#6808=CARTESIAN_POINT('Origin',(-17.5,24.,-6.95));
#6809=CARTESIAN_POINT('Ctrl Pts',(-26.7516177336247,21.,-19.35));
#6810=CARTESIAN_POINT('Ctrl Pts',(-22.377978031383,6.16720511878309,-19.35));
#6811=CARTESIAN_POINT('Ctrl Pts',(-18.8517447972483,4.,-19.35));
#6812=CARTESIAN_POINT('Origin',(-72.5,24.,-19.35));
#6813=CARTESIAN_POINT('',(-70.5,24.,-19.35));
#6814=CARTESIAN_POINT('Origin',(70.5,24.,8.95));
#6815=CARTESIAN_POINT('',(72.5,24.,8.95));
#6816=CARTESIAN_POINT('Origin',(72.5,24.,6.95));
#6817=CARTESIAN_POINT('',(72.5,24.,17.35));
#6818=CARTESIAN_POINT('Origin',(70.5,24.,17.35));
#6819=CARTESIAN_POINT('Origin',(-70.5,24.,-8.95000000000001));
#6820=CARTESIAN_POINT('',(-72.5,24.,-8.95000000000001));
#6821=CARTESIAN_POINT('Origin',(-70.5,24.,-17.35));
#6822=CARTESIAN_POINT('',(-72.5,24.,-17.35));
#6823=CARTESIAN_POINT('Origin',(-72.5,24.,-6.95000000000001));
#6824=CARTESIAN_POINT('Origin',(75.7,24.,20.2));
#6825=CARTESIAN_POINT('',(78.7,22.,20.2));
#6826=CARTESIAN_POINT('',(78.7,24.,20.2));
#6827=CARTESIAN_POINT('Origin',(75.7,22.,20.2));
#6828=CARTESIAN_POINT('Origin',(75.7,22.,20.2));
#6829=CARTESIAN_POINT('Origin',(75.7,24.,-20.2));
#6830=CARTESIAN_POINT('',(78.7,22.,-20.2));
#6831=CARTESIAN_POINT('',(78.7,24.,-20.2));
#6832=CARTESIAN_POINT('Origin',(75.7,22.,-20.2));
#6833=CARTESIAN_POINT('Origin',(75.7,22.,-20.2));
#6834=CARTESIAN_POINT('Origin',(-75.7,24.,-20.2));
#6835=CARTESIAN_POINT('',(-78.7,22.,-20.2));
#6836=CARTESIAN_POINT('',(-78.7,24.,-20.2));
#6837=CARTESIAN_POINT('Origin',(-75.7,22.,-20.2));
#6838=CARTESIAN_POINT('Origin',(-75.7,22.,-20.2));
#6839=CARTESIAN_POINT('Origin',(-75.7,24.,20.2));
#6840=CARTESIAN_POINT('',(-78.7,22.,20.2));
#6841=CARTESIAN_POINT('',(-78.7,24.,20.2));
#6842=CARTESIAN_POINT('Origin',(-75.7,22.,20.2));
#6843=CARTESIAN_POINT('Origin',(-75.7,22.,20.2));
#6844=CARTESIAN_POINT('Origin',(-38.75,22.5,25.2));
#6845=CARTESIAN_POINT('',(-77.5,21.,26.7));
#6846=CARTESIAN_POINT('',(-77.5,24.,23.7));
#6847=CARTESIAN_POINT('',(77.5,21.,26.7));
#6848=CARTESIAN_POINT('',(-38.75,21.,26.7));
#6849=CARTESIAN_POINT('',(77.5,21.,26.7));
#6850=CARTESIAN_POINT('Origin',(77.5,22.5,22.));
#6851=CARTESIAN_POINT('',(82.2,21.,22.));
#6852=CARTESIAN_POINT('',(82.2,21.,22.));
#6853=CARTESIAN_POINT('Origin',(77.5,21.,22.));
#6854=CARTESIAN_POINT('Origin',(80.7,22.5,11.));
#6855=CARTESIAN_POINT('',(82.2,21.,-22.));
#6856=CARTESIAN_POINT('',(82.2,21.,-22.));
#6857=CARTESIAN_POINT('',(82.2,21.,11.));
#6858=CARTESIAN_POINT('Origin',(77.5,22.5,-22.));
#6859=CARTESIAN_POINT('',(77.5,21.,-26.7));
#6860=CARTESIAN_POINT('',(77.5,21.,-26.7));
#6861=CARTESIAN_POINT('Origin',(77.5,21.,-22.));
#6862=CARTESIAN_POINT('Origin',(38.75,22.5,-25.2));
#6863=CARTESIAN_POINT('',(-77.5,21.,-26.7));
#6864=CARTESIAN_POINT('',(38.75,21.,-26.7));
#6865=CARTESIAN_POINT('',(-77.5,21.,-26.7));
#6866=CARTESIAN_POINT('Origin',(-77.5,22.5,-22.));
#6867=CARTESIAN_POINT('',(-82.2,21.,-22.));
#6868=CARTESIAN_POINT('',(-82.2,21.,-22.));
#6869=CARTESIAN_POINT('Origin',(-77.5,21.,-22.));
#6870=CARTESIAN_POINT('Origin',(-80.7,22.5,-10.9999999999999));
#6871=CARTESIAN_POINT('',(-82.2,21.,22.));
#6872=CARTESIAN_POINT('',(-82.2,21.,22.));
#6873=CARTESIAN_POINT('',(-82.2,21.,-10.9999999999999));
#6874=CARTESIAN_POINT('Origin',(-77.5,22.5,22.));
#6875=CARTESIAN_POINT('Origin',(-77.5,21.,22.));
#6876=CARTESIAN_POINT('Origin',(77.5,24.,-22.));
#6877=CARTESIAN_POINT('',(82.2,24.,-22.));
#6878=CARTESIAN_POINT('',(77.5,24.,-26.7));
#6879=CARTESIAN_POINT('Origin',(82.2,24.,22.));
#6880=CARTESIAN_POINT('',(82.2,24.,22.));
#6881=CARTESIAN_POINT('Origin',(77.5,24.,22.));
#6882=CARTESIAN_POINT('',(77.5,24.,26.7));
#6883=CARTESIAN_POINT('Origin',(-77.5,24.,26.7));
#6884=CARTESIAN_POINT('',(-77.5,24.,26.7));
#6885=CARTESIAN_POINT('Origin',(-77.5,24.,-22.));
#6886=CARTESIAN_POINT('',(-77.5,24.,-26.7));
#6887=CARTESIAN_POINT('',(-82.2,24.,-22.));
#6888=CARTESIAN_POINT('Origin',(77.5,24.,-26.7));
#6889=CARTESIAN_POINT('Origin',(-77.5,24.,22.));
#6890=CARTESIAN_POINT('',(-82.2,24.,22.));
#6891=CARTESIAN_POINT('Origin',(-82.2,24.,-22.));
#6892=CARTESIAN_POINT('Origin',(-77.5,0.,22.));
#6893=CARTESIAN_POINT('',(-83.5,6.,22.));
#6894=CARTESIAN_POINT('',(-83.5,0.,22.));
#6895=CARTESIAN_POINT('Origin',(-77.5,6.,22.));
#6896=CARTESIAN_POINT('Origin',(-83.5,0.,-28.));
#6897=CARTESIAN_POINT('',(-83.5,6.,-22.));
#6898=CARTESIAN_POINT('',(-83.5,0.,-22.));
#6899=CARTESIAN_POINT('',(-83.5,6.,-14.));
#6900=CARTESIAN_POINT('Origin',(-77.5,0.,-22.));
#6901=CARTESIAN_POINT('Origin',(-77.5,6.,-22.));
#6902=CARTESIAN_POINT('Origin',(-41.75,3.,25.));
#6903=CARTESIAN_POINT('',(77.5,0.,22.));
#6904=CARTESIAN_POINT('',(77.5,0.,22.));
#6905=CARTESIAN_POINT('',(-77.5,0.,22.));
#6906=CARTESIAN_POINT('',(-77.5,6.,28.));
#6907=CARTESIAN_POINT('',(-41.75,0.,22.));
#6908=CARTESIAN_POINT('Origin',(80.5,3.,14.));
#6909=CARTESIAN_POINT('',(77.5,0.,-22.));
#6910=CARTESIAN_POINT('',(83.5,6.,-22.));
#6911=CARTESIAN_POINT('',(77.5,0.,-22.));
#6912=CARTESIAN_POINT('',(83.5,6.,22.));
#6913=CARTESIAN_POINT('',(83.5,6.,14.));
#6914=CARTESIAN_POINT('',(83.5,6.,22.));
#6915=CARTESIAN_POINT('',(77.5,0.,14.));
#6916=CARTESIAN_POINT('Origin',(77.5,6.,22.));
#6917=CARTESIAN_POINT('Origin',(77.5,6.,22.));
#6918=CARTESIAN_POINT('Origin',(41.75,3.,-25.));
#6919=CARTESIAN_POINT('',(-77.5,0.,-22.));
#6920=CARTESIAN_POINT('',(-77.5,0.,-22.));
#6921=CARTESIAN_POINT('',(77.5,6.,-28.));
#6922=CARTESIAN_POINT('',(41.75,0.,-22.));
#6923=CARTESIAN_POINT('Origin',(77.5,6.,-22.));
#6924=CARTESIAN_POINT('Origin',(77.5,6.,-22.));
#6925=CARTESIAN_POINT('Origin',(-80.5,3.,-14.));
#6926=CARTESIAN_POINT('',(-77.5,0.,22.));
#6927=CARTESIAN_POINT('',(-83.5,6.,-22.));
#6928=CARTESIAN_POINT('',(-77.5,0.,-14.));
#6929=CARTESIAN_POINT('Origin',(-77.5,6.,-22.));
#6930=CARTESIAN_POINT('Origin',(-77.5,6.,22.));
#6931=CARTESIAN_POINT('Origin',(77.5,0.,-22.));
#6932=CARTESIAN_POINT('',(83.5,0.,-22.));
#6933=CARTESIAN_POINT('Origin',(-8.88178419700125E-15,0.,6.66133814775094E-15));
#6934=CARTESIAN_POINT('Origin',(83.5,0.,28.));
#6935=CARTESIAN_POINT('',(83.5,0.,22.));
#6936=CARTESIAN_POINT('Origin',(77.5,0.,22.));
#6937=UNCERTAINTY_MEASURE_WITH_UNIT(LENGTH_MEASURE(0.01),#6941,
'DISTANCE_ACCURACY_VALUE',
'Maximum model space distance between geometric entities at asserted c
onnectivities');
#6938=UNCERTAINTY_MEASURE_WITH_UNIT(LENGTH_MEASURE(0.01),#6941,
'DISTANCE_ACCURACY_VALUE',
'Maximum model space distance between geometric entities at asserted c
onnectivities');
#6939=(
GEOMETRIC_REPRESENTATION_CONTEXT(3)
GLOBAL_UNCERTAINTY_ASSIGNED_CONTEXT((#6937))
GLOBAL_UNIT_ASSIGNED_CONTEXT((#6941,#6943,#6944))
REPRESENTATION_CONTEXT('','3D')
);
#6940=(
GEOMETRIC_REPRESENTATION_CONTEXT(3)
GLOBAL_UNCERTAINTY_ASSIGNED_CONTEXT((#6938))
GLOBAL_UNIT_ASSIGNED_CONTEXT((#6941,#6943,#6944))
REPRESENTATION_CONTEXT('','3D')
);
#6941=(
LENGTH_UNIT()
NAMED_UNIT(*)
SI_UNIT(.MILLI.,.METRE.)
);
#6942=(
LENGTH_UNIT()
NAMED_UNIT(*)
SI_UNIT(.CENTI.,.METRE.)
);
#6943=(
NAMED_UNIT(*)
PLANE_ANGLE_UNIT()
SI_UNIT($,.RADIAN.)
);
#6944=(
NAMED_UNIT(*)
SI_UNIT($,.STERADIAN.)
SOLID_ANGLE_UNIT()
);
#6945=SHAPE_DEFINITION_REPRESENTATION(#6946,#6947);
#6946=PRODUCT_DEFINITION_SHAPE('',$,#6949);
#6947=SHAPE_REPRESENTATION('',(#3376),#6939);
#6948=PRODUCT_DEFINITION_CONTEXT('part definition',#6953,'design');
#6949=PRODUCT_DEFINITION('V6-pen-case-body-2026ipt',
'V6-pen-case-body-2026ipt',#6950,#6948);
#6950=PRODUCT_DEFINITION_FORMATION('',$,#6955);
#6951=PRODUCT_RELATED_PRODUCT_CATEGORY('V6-pen-case-body-2026ipt',
'V6-pen-case-body-2026ipt',(#6955));
#6952=APPLICATION_PROTOCOL_DEFINITION('international standard',
'automotive_design',2009,#6953);
#6953=APPLICATION_CONTEXT(
'Core Data for Automotive Mechanical Design Process');
#6954=PRODUCT_CONTEXT('part definition',#6953,'mechanical');
#6955=PRODUCT('V6-pen-case-body-2026ipt','V6-pen-case-body-2026ipt',$,(#6954));
#6956=PRESENTATION_STYLE_ASSIGNMENT((#6958));
#6957=PRESENTATION_STYLE_ASSIGNMENT((#6959));
#6958=SURFACE_STYLE_USAGE(.BOTH.,#6964);
#6959=SURFACE_STYLE_USAGE(.BOTH.,#6965);
#6960=SURFACE_STYLE_RENDERING_WITH_PROPERTIES($,#6972,(#6962));
#6961=SURFACE_STYLE_RENDERING_WITH_PROPERTIES($,#6973,(#6963));
#6962=SURFACE_STYLE_TRANSPARENT(0.);
#6963=SURFACE_STYLE_TRANSPARENT(0.);
#6964=SURFACE_SIDE_STYLE('',(#6966,#6960));
#6965=SURFACE_SIDE_STYLE('',(#6967,#6961));
#6966=SURFACE_STYLE_FILL_AREA(#6968);
#6967=SURFACE_STYLE_FILL_AREA(#6969);
#6968=FILL_AREA_STYLE('',(#6970));
#6969=FILL_AREA_STYLE('',(#6971));
#6970=FILL_AREA_STYLE_COLOUR('',#6972);
#6971=FILL_AREA_STYLE_COLOUR('',#6973);
#6972=COLOUR_RGB('',0.749019607843137,0.749019607843137,0.749019607843137);
#6973=COLOUR_RGB('',0.270588235294118,0.270588235294118,0.270588235294118);
ENDSEC;
END-ISO-10303-21;
